Name,Symbol,Platform,ContractAddress,Image
Tether USDt,USDT,ETH,0xdac17f958d2ee523a2206206994597c13d831ec7,USDT.png
Tether USDt,USDT,ETH,0x2ad7868ca212135c6119fd7ad1ce51cfc5702892,USDT.png
Ethereum,ETH,ETH,,ETH.png
Ethereum,ETH,ETH,,ETH.png
Ethereum Classic,ETC,ETH,0x1953cab0E5bFa6D4a9BaD6E05fD46C1CC6527a5a,ETC.png
BNB,BNB,ETH,0xb8c77482e45f1f44de1745f52c74426c631bdd52,BNB.png
TRON,TRX,ETH,0x50327c6c5a14dcade707abad2e27eb517df87ab5,TRX.png
Chainlink,LINK,ETH,0x514910771af9ca656af840dff83e8264ecf986ca,LINK.png
USDC,USDC,ETH,0xa0b86991c6218b36c1d19d4a2e9eb0ce3606eb48,USDC.png
USDC,USDC,ETH,0x25de68ef588cb0c2c8f3537861e828ae699cd0db,USDC.png
Cronos,CRO,ETH,0xa0b73e1ff0b80914ab6fe0444e65848c4c34450b,CRO.png
OKB,OKB,ETH,0x75231f58b43240c9718dd58b4967c5114342a86c,OKB.png
UNUS SED LEO,LEO,ETH,0x2af5d2ad76741191d15dfe7bf6ac92d4bd912ca3,LEO.png
GateToken,GT,ETH,0xe66747a101bff2dba3697199dcce5b743b454759,GT.png
Dai,DAI,ETH,0x6b175474e89094c44da98b954eedeac495271d0f,DAI.png
Render,RENDER,ETH,0x6de037ef9ad2725eb40118bb1702ebb27e4aeb24,RENDER.png
Shiba Inu,SHIB,ETH,0x95ad61b0a150d79219dcf64e1e6cc01f0b64c4ce,SHIB.png
MANTRA,OM,ETH,0x3593d125a4f7849a1b059e64f4517a86dd60c95d,OM.png
Uniswap,UNI,ETH,0x1f9840a85d5af5bf1d1762f925bdaddc4201f984,UNI.png
Aave,AAVE,ETH,0x7Fc66500c84A76Ad7e9c93437bFc5Ac33E2DDaE9,AAVE.png
Bitget Token,BGB,ETH,0x54D2252757e1672EEaD234D27B1270728fF90581,BGB.png
Toncoin,TON,ETH,0x582d872a1b094fc48f5de31d3b73f2d9be47def1,TON.png
Arbitrum,ARB,ETH,0xB50721BCf8d664c30412Cfbc6cf7a15145234ad1,ARB.png
Ondo,ONDO,ETH,0xfAbA6f8e4a5E8Ab82F62fe7C39859FA577269BE3,ONDO.png
Pepe,PEPE,ETH,0x6982508145454ce325ddbe47a25d4ec3d2311933,PEPE.png
First Digital USD,FDUSD,ETH,0xc5f0f7b66764F6ec8C8Dff7BA683102295E16409,FDUSD.png
Mantle,MNT,ETH,0x3c3a81e81dc49a522a592e7622a7e711c06bf354,MNT.png
POL (prev. MATIC),POL,ETH,0x455e53cbb86018ac2b8092fdcd39d8444affc3f6,POL.png
Ethena USDe,USDe,ETH,0x4c9edd5852cd905f086c759e8383e09bff1e68b3,USDe.png
Maker,MKR,ETH,0x9f8f72aa9304c8b593d555f12ef6589cc3a579a2,MKR.png
KuCoin Token,KCS,ETH,0xf34960d9d60be18cc1d5afc1a6f012a723a28811,KCS.png
Nexo,NEXO,ETH,0xb62132e35a6c13ee1ee0f84dc5d40bad8d815206,NEXO.png
Quant,QNT,ETH,0x4a220e6096b25eadb88358cb44068a3248254675,QNT.png
Artificial Superintelligence Alliance,FET,ETH,0xaea46A60368A7bD060eec7DF8CBa43b7EF41Ad85,FET.png
Cosmos,ATOM,ETH,0x8D983cb9388EaC77af0474fA441C4815500Cb7BB,ATOM.png
FTX Token,FTT,ETH,0x50d1c9771902476076ecfc8b2a83ad6b9355a4c9,FTT.png
Flow,FLOW,ETH,0x5c147e74D63B1D31AA3Fd78Eb229B65161983B2b,FLOW.png
Tether Gold,XAUt,ETH,0x68749665FF8D2d112Fa859AA293F07A622782F38,XAUt.png
The Sandbox,SAND,ETH,0x3845badAde8e6dFF049820680d1F14bD3903a5d0,SAND.png
The Graph,GRT,ETH,0xc944e90c64b2c07662a292be6244bdf05cda44a7,GRT.png
Axie Infinity,AXS,ETH,0xbb0e17ef65f82ab018d8edd776e8dd940327b28b,AXS.png
Gala,GALA,ETH,0xd1d2Eb1B1e90B638588728b4130137D262C87cae,GALA.png
PancakeSwap,CAKE,ETH,0x152649eA73beAb28c5b49B26eb48f7EAD6d4c898,CAKE.png
Injective,INJ,ETH,0xe28b3b32b6c345a34ff64674606124dd5aceca30,INJ.png
DeXe,DEXE,ETH,0xde4EE8057785A7e8e800Db58F9784845A5C2Cbd6,DEXE.png
Lido DAO,LDO,ETH,0x5a98fcbea516cf06857215779fd812ca3bef1b32,LDO.png
JasmyCoin,JASMY,ETH,0x7420B4b9a0110cdC71fB720908340C03F9Bc03EC,JASMY.png
Immutable,IMX,ETH,0xf57e7e7c23978c3caec3c3548e3d615c346e79ff,IMX.png
FLOKI,FLOKI,ETH,0xcf0c122c6b73ff809c693db761e7baebe62b6a2e,FLOKI.png
Worldcoin,WLD,ETH,0x163f8c2467924be0ae7b5347228cabf260318753,WLD.png
Ethereum Name Service,ENS,ETH,0xC18360217D8F7Ab5e7c516566761Ea12Ce7F9D72,ENS.png
BitTorrent [New],BTT,ETH,0xc669928185dbce49d2230cc9b0979be6dc797957,BTT.png
Onyxcoin,XCN,ETH,0xA2cd3D43c775978A96BdBf12d733D5A1ED94fb18,XCN.png
Bonk,BONK,ETH,0x1151CB3d861920e07a38e03eEAd12C32178567F6,BONK.png
SPX6900,SPX,ETH,0xe0f63a424a4439cbe457d80e4f4b51ad25b2c56c,SPX.png
Virtuals Protocol,VIRTUAL,ETH,0x44ff8620b8cA30902395A7bD3F2407e1A091BF73,VIRTUAL.png
Ethena,ENA,ETH,0x57e114B691Db790C35207b2e685D4A43181e6061,ENA.png
Movement,MOVE,ETH,0x3073f7aAA4DB83f95e9FFf17424F71D4751a3073,MOVE.png
Gnosis,GNO,ETH,0x6810e776880c02933d47db1b9fc05908e5386b96,GNO.png
Decentraland,MANA,ETH,0x0f5d2fb29fb7d3cfee444a200298f468908cc942,MANA.png
TrueUSD,TUSD,ETH,0x0000000000085d4780B73119b644AE5ecd22b376,TUSD.png
Synthetix,SNX,ETH,0xc011a73ee8576fb46f5e1c5751ca3b9fe0af2a6f,SNX.png
Polygon,MATIC,ETH,0x7D1AfA7B718fb893dB30A3aBc0Cfc608AaCfeBB0,MATIC.png
Reserve Rights,RSR,ETH,0x320623b8e4ff03373931769a31fc52a4e78b5d70,RSR.png
Chiliz,CHZ,ETH,0x3506424f91fd33084466f402d5d97f05f8e3b4af,CHZ.png
Terra Classic,LUNC,ETH,0xbd31ea8212119f94a611fa969881cba3ea06fa3d,LUNC.png
PAX Gold,PAXG,ETH,0x45804880de22913dafe09f4980848ece6ecbaf78,PAXG.png
Kava,KAVA,ETH,0x0C356B7fD36a5357E5A017EF11887ba100C9AB76,KAVA.png
Compound,COMP,ETH,0xc00e94cb662c3520282e6f5717214004a7f26888,COMP.png
Curve DAO Token,CRV,ETH,0xD533a949740bb3306d119CC777fa900bA034cd52,CRV.png
Amp,AMP,ETH,0xff20817765cb7f73d4bde2e66e067e58d11095c2,AMP.png
1inch Network,1INCH,ETH,0x111111111117dc0aa78b770fa6a738034120c302,1INCH.png
SuperVerse,SUPER,ETH,0xe53ec727dbdeb9e2d5456c3be40cff031ab40a55,SUPER.png
AIOZ Network,AIOZ,ETH,0x626E8036dEB333b408Be468F951bdB42433cBF18,AIOZ.png
Pendle,PENDLE,ETH,0x808507121b80c02388fad14726482e061b8da827,PENDLE.png
APENFT,NFT,ETH,0x198d14f2ad9ce69e76ea330b374de4957c3f850a,NFT.png
Axelar,AXL,ETH,0x467719aD09025FcC6cF6F8311755809d45a5E5f3,AXL.png
ApeCoin,APE,ETH,0x4d224452801aced8b2f0aebe155379bb5d594381,APE.png
Starknet,STRK,ETH,0xCa14007Eff0dB1f8135f4C25B34De49AB0d42766,STRK.png
LayerZero,ZRO,ETH,0x6985884C4392D348587B19cb9eAAf157F13271cd,ZRO.png
PayPal USD,PYUSD,ETH,0x6c3ea9036406852006290770bedfcaba0e23a0e8,PYUSD.png
Beam,BEAM,ETH,0x62D0A8458eD7719FDAF978fe5929C6D342B0bFcE,BEAM.png
Wormhole,W,ETH,0xB0fFa8000886e57F86dd5264b9582b2Ad87b2b91,W.png
EigenLayer,EIGEN,ETH,0xec53bF9167f50cDEB3Ae105f56099aaaB9061F83,EIGEN.png
Morpho,MORPHO,ETH,0x58D97B57BB95320F9a05dC918Aef65434969c2B2,MORPHO.png
Golem,GLM,ETH,0x7DD9c5Cba05E151C895FDe1CF355C9A1D5DA6429,GLM.png
Basic Attention Token,BAT,ETH,0x0d8775f648430679a709e98d2b0cb6250d2887ef,BAT.png
0x Protocol,ZRX,ETH,0xe41d2489571d322189246dafa5ebde1f4699f498,ZRX.png
OriginTrail,TRAC,ETH,0xaa7a9ca87d3694b5755f213b5d04094b8d0f0a6f,TRAC.png
Zilliqa,ZIL,ETH,0x05f4a42e251f2d52b8ed15e9fedaacfcef1fad27,ZIL.png
Holo,HOT,ETH,0x6c6ee5e31d828de241282b9606c8e98ea48526e2,HOT.png
XYO,XYO,ETH,0x55296f69f40ea6d20e478533c15a6b08b654e758,XYO.png
Livepeer,LPT,ETH,0x58b6a8a3302369daec383334672404ee733ab239,LPT.png
Ankr,ANKR,ETH,0x8290333cef9e6d528dd5618fb97a76f268f3edd4,ANKR.png
MX Token,MX,ETH,0x11eef04c884e24d9b7b4760e7476d06ddf797f36,MX.png
Creditcoin,CTC,ETH,0xa3ee21c306a700e682abcdfe9baa6a08f3820419,CTC.png
SushiSwap,SUSHI,ETH,0x6b3595068778dd592e39a122f4f5a5cf09c90fe2,SUSHI.png
WOO,WOO,ETH,0x4691937a7508860f876c9c0a2a617e7d9e945d4b,WOO.png
Oasis,ROSE,ETH,0x26B80FBfC01b71495f477d5237071242e0d959d7,ROSE.png
SafePal,SFP,ETH,0x12e2b8033420270db2f3b328e32370cb5b2ca134,SFP.png
Mask Network,MASK,ETH,0x69af81e73a73b40adf4f3d4223cd9b1ece623074,MASK.png
Convex Finance,CVX,ETH,0x4e3fbd56cd56c3e72c1403e103b45db9da5b9d2b,CVX.png
Baby Doge Coin,BabyDoge,ETH,0xac57de9c1a09fec648e93eb98875b212db0d460b,BabyDoge.png
Safe,SAFE,ETH,0x5afe3855358e112b5647b952709e6165e1c1eeee,SAFE.png
SPACE ID,ID,ETH,0x2dfF88A56767223A5529eA5960Da7A3F5f766406,ID.png
Blur,BLUR,ETH,0x5283d291dbcf85356a21ba090e6db59121208b44,BLUR.png
Echelon Prime,PRIME,ETH,0xb23d80f5fefcddaa212212f028021b41ded428cf,PRIME.png
Turbo,TURBO,ETH,0xa35923162c49cf95e6bf26623385eb431ad920d3,TURBO.png
Mog Coin,MOG,ETH,0xaaeE1A9723aaDB7afA2810263653A34bA2C21C7a,MOG.png
Polyhedra Network,ZKJ,ETH,0xC71B5F631354BE6853eFe9C3Ab6b9590F8302e81,ZKJ.png
ether.fi,ETHFI,ETH,0xFe0c30065B384F05761f15d0CC899D4F9F9Cc0eB,ETHFI.png
Aethir,ATH,ETH,0xbe0ed4138121ecfc5c0e56b40517da27e6c5226b,ATH.png
Moca Network,MOCA,ETH,0xf944e35f95e819e752f3ccb5faf40957d311e8c5,MOCA.png
aelf,ELF,ETH,0xbf2179859fc6D5BEE9Bf9158632Dc51678a4100e,ELF.png
SwftCoin,SWFTC,ETH,0x0bb217E40F8a5Cb79Adf04E1aAb60E5abd0dfC1e,SWFTC.png
Telcoin,TEL,ETH,0x467bccd9d29f223bce8043b84e8c8b282827790f,TEL.png
Polymath,POLY,ETH,0x9992ec3cf6a55b00978cddf2b27bc6882d88d1ec,POLY.png
SwissBorg,BORG,ETH,0x64d0f55cd8c7133a9d7102b13987235f486f2224,BORG.png
SKALE,SKL,ETH,0x00c83aecc790e8a4453e5dd3b0b4b3680501a7a7,SKL.png
yearn.finance,YFI,ETH,0x0bc529c00c6401aef6d220be8c6ea1667f6ad93e,YFI.png
Frax,FRAX,ETH,0x853d955acef822db058eb8505911ed77f175b99e,FRAX.png
Alchemy Pay,ACH,ETH,0xed04915c23f00a313a544955524eb7dbd823143d,ACH.png
Chintai,CHEX,ETH,0x9Ce84F6A69986a83d92C324df10bC8E64771030f,CHEX.png
Tribe,TRIBE,ETH,0xc7283b66Eb1EB5FB86327f08e1B5816b0720212B,TRIBE.png
Threshold,T,ETH,0xCdF7028ceAB81fA0C6971208e83fa7872994beE5,T.png
GMT,GMT,ETH,0xe3c408bd53c31c085a1746af401a4042954ff740,GMT.png
Fellaz,FLZ,ETH,0x8e964e35a76103af4c7d7318e1b1a82c682ae296,FLZ.png
ZetaChain,ZETA,ETH,0xf091867ec603a6628ed83d274e835539d82e9cc8,ZETA.png
Bazaars,BZR,ETH,0x8d96B4ab6C741a4C8679AE323a100d74f085BA8F,BZR.png
Zeebu,ZBU,ETH,0xe77f6aCD24185e149e329C1C0F479201b9Ec2f4B,ZBU.png
Ondo US Dollar Yield,USDY,ETH,0x96f6ef951840721adbf46ac996b59e0235cb985c,USDY.png
Destra Network,DSYNC,ETH,0xf94e7d0710709388bce3161c32b4eea56d3f91cc,DSYNC.png
Elixir deUSD,DEUSD,ETH,0x15700b564ca08d9439c58ca5053166e8317aa138,DEUSD.png
Usual USD,USD0,ETH,0x73a15fed60bf67631dc6cd7bc5b6e8da8190acf5,USD0.png
Waves,WAVES,ETH,0x7296eaA225804451a91616b29D040cAB05435f0d,WAVES.png
Loopring,LRC,ETH,0xbbbbca6a901c926f240b89eacb641d8aec7aeafd,LRC.png
Ontology,ONT,ETH,0xcb46C550539ac3DB72dc7aF7c89B11c306C727c2,ONT.png
IoTeX,IOTX,ETH,0x6fb3e0a217407efff7ca062d46c26e5d60a14d69,IOTX.png
Rocket Pool,RPL,ETH,0xd33526068d116ce69f19a9ee46f0bd304f21a51f,RPL.png
Flux,FLUX,ETH,0x720cd16b011b987da3518fbf38c3071d4f0d1495,FLUX.png
COTI,COTI,ETH,0xDDB3422497E61e13543BeA06989C0789117555c5,COTI.png
STP,STPT,ETH,0xde7d85157d9714eadf595045cc12ca4a5f3e2adb,STPT.png
Band Protocol,BAND,ETH,0xba11d00c5f74255f56a5e366f4f77f5a186d7f55,BAND.png
Frax Share,FXS,ETH,0x3432b6a60d23ca0dfca7761b7ab56459d9c964d0,FXS.png
Biconomy,BICO,ETH,0xf17e65822b568b3903685a7c9f496cf7656cc6c2,BICO.png
GoМining,GOMINING,ETH,0x7Ddc52c4De30e94Be3A6A0A2b259b2850f421989,GOMINING.png
dYdX (ethDYDX),ETHDYDX,ETH,0x92d6c1e31e14520e676a687f0a93788b716beff5,ETHDYDX.png
Clearpool,CPOOL,ETH,0x66761fa41377003622aee3c7675fc7b5c1c2fac5,CPOOL.png
Rollbit Coin,RLB,ETH,0x046eee2cc3188071c02bfc1745a6b17c656e3f3d,RLB.png
Orbler,ORBR,ETH,0xdA30f261a962d5AAe94C9ecd170544600d193766,ORBR.png
USDD,USDD,ETH,0x3D7975EcCFc61a2102b08925CbBa0a4D4dBB6555,USDD.png
Arkham,ARKM,ETH,0x6e2a43be0b1d33b726f0ca3b8de60b3482b8b050,ARKM.png
Memecoin,MEME,ETH,0xb131f4a55907b10d1f0a50d8ab8fa09ec342cd74,MEME.png
UPCX,UPC,ETH,0x487d62468282Bd04ddf976631C23128A425555EE,UPC.png
Aevo,AEVO,ETH,0xB528edBef013aff855ac3c50b381f253aF13b997,AEVO.png
Gravity,G,ETH,0x9C7BEBa8F6eF6643aBd725e45a4E8387eF260649,G.png
Avail,AVAIL,ETH,0xEeB4d8400AEefafC1B2953e0094134A887C76Bd8,AVAIL.png
Neiro (First Neiro On Ethereum),NEIRO,ETH,0x812ba41e071c7b7fa4ebcfb62df5f45f6fa853ee,NEIRO.png
Usual,USUAL,ETH,0xC4441c2BE5d8fA8126822B9929CA0b81Ea0DE38E,USUAL.png
Vana,VANA,ETH,0x7ff7fa94b8b66ef313f7970d4eebd2cb3103a2c0,VANA.png
Bio Protocol,BIO,ETH,0xcb1592591996765ec0efc1f92599a19767ee5ffa,BIO.png
Animecoin,ANIME,ETH,0x4dc26fc5854e7648a064a4abd590bbe71724c277,ANIME.png
Lisk,LSK,ETH,0x6033F7f88332B8db6ad452B7C6D5bB643990aE3f,LSK.png
Aragon,ANT,ETH,0xa117000000f279d81a1d3cc75430faa017fa5a2e,ANT.png
Status,SNT,ETH,0x744d70fdbe2ba4cf95131626614a1763df805b9e,SNT.png
Storj,STORJ,ETH,0xb64ef51c888972c908cfacf59b47c1afbc0ab8ac,STORJ.png
Civic,CVC,ETH,0x41e5560054824ea6b0732e656e3ad64e20e94e45,CVC.png
Powerledger,POWR,ETH,0x595832f8fc6bf59c85c527fec3740a1b7a361269,POWR.png
WAX,WAXP,ETH,0x2a79324c19ef2b89ea98b23bc669b7e7c9f8a517,WAXP.png
IQ,IQ,ETH,0x579cea1889991f68acc35ff5c3dd0621ff29b0c9,IQ.png
STASIS EURO,EURS,ETH,0xdb25f211ab05b1c97d595516f45794528a807ad8,EURS.png
LCX,LCX,ETH,0x037a54aab062628c9bbae1fdb1583c195585fe41,LCX.png
Keep Network,KEEP,ETH,0x85eee30c52b0b379b046fb0f85f4f3dc3009afec,KEEP.png
UMA,UMA,ETH,0x04Fa0d235C4abf4BcF4787aF4CF447DE572eF828,UMA.png
Balancer,BAL,ETH,0xba100000625a3754423978a60c9317c58a424e3D,BAL.png
Phala Network,PHA,ETH,0x6c5bA91642F10282b576d91922Ae6448C9d52f4E,PHA.png
Venus,XVS,ETH,0xd3CC9d8f3689B83c91b7B59cAB4946B063EB894A,XVS.png
Audius,AUDIO,ETH,0x18aaa7115705e8be94bffebde57af9bfc265b998,AUDIO.png
ZIGChain,ZIG,ETH,0xb2617246d0c6c0087f18703d576831899ca94f01,ZIG.png
Metis,METIS,ETH,0x9E32b13ce7f2E80A01932B42553652E053D6ed8e,METIS.png
Spell Token,SPELL,ETH,0x090185f2135308bad17527004364ebcc2d37e5f6,SPELL.png
ssv.network,SSV,ETH,0x9D65fF81a3c488d585bBfb0Bfe3c7707c7917f54,SSV.png
World Mobile Token,WMTX,ETH,0xDBB5Cf12408a3Ac17d668037Ce289f9eA75439D7,WMTX.png
Humans.ai,HEART,ETH,0x8FAc8031e079F409135766C7d5De29cf22EF897C,HEART.png
Bitkub Coin,KUB,ETH,0x0649Cef6D11ed6F88535462E147304d3FE5ae14D,KUB.png
CoW Protocol,COW,ETH,0xDEf1CA1fb7FBcDC777520aa7f396b4E015F497aB,COW.png
Across Protocol,ACX,ETH,0x44108f0223A3C3028F5Fe7AEC7f9bb2E66beF82F,ACX.png
ChainGPT,CGPT,ETH,0x25931894a86d47441213199621f1f2994e1c39aa,CGPT.png
Open Campus,EDU,ETH,0xf8173a39c56a554837c4c7f104153a005d284d11,EDU.png
PAAL AI,PAAL,ETH,0x14fee680690900ba0cccfc76ad70fd1b95d10e16,PAAL.png
APF coin,APFC,ETH,0x8eD955a2b7d2C3a17a9d05dACa95E01818f8C11e,APFC.png
Altlayer,ALT,ETH,0x8457CA5040ad67fdebbCC8EdCE889A335Bc0fbFB,ALT.png
Zentry,ZENT,ETH,0xdBB7a34Bf10169d6d2D0d02A6cbb436cF4381BFa,ZENT.png
Taiko,TAIKO,ETH,0x10dea67478c5f8c5e2d90e5e9b26dbe60c54d800,TAIKO.png
MyShell,SHELL,ETH,0xf2c88757f8d03634671208935974B60a2a28Bdb3,SHELL.png
iExec RLC,RLC,ETH,0x607f4c5bb672230e8672085532f7e901544a7375,RLC.png
Dent,DENT,ETH,0x3597bfd533a99c9aa083587b074434e61eb0a258,DENT.png
Propy,PRO,ETH,0x226bb599a12c826476e3a771454697ea52e9e220,PRO.png
BLOCKv,VEE,ETH,0x340d2bde5eb28c1eed91b2f790723e3b160613b7,VEE.png
BitMart Token,BMX,ETH,0x986EE2B944c42D017F52Af21c4c69B84DBeA35d8,BMX.png
MVL,MVL,ETH,0xa849eaae994fb86afa73382e9bd88c2b6b18dc71,MVL.png
Celer Network,CELR,ETH,0x4f9254c83eb525f9fcf346490bbb3ed28a81c667,CELR.png
Orbs,ORBS,ETH,0xff56cc6b1e6ded347aa0b7676c85ab0b3d08b0fa,ORBS.png
Chromia,CHR,ETH,0x8a2279d4a90b6fe1c4b30fa660cc9f926797baa2,CHR.png
Prom,PROM,ETH,0xfc82bb4ba86045af6f327323a46e80412b91b27d,PROM.png
Tellor,TRB,ETH,0x88dF592F8eb5D7Bd38bFeF7dEb0fBc02cf3778a0,TRB.png
Orchid,OXT,ETH,0x4575f41308EC1483f3d399aa9a2826d74Da13Deb,OXT.png
XPR Network,XPR,ETH,0xd7efb00d12c2c13131fd319336fdf952525da2af,XPR.png
Cartesi,CTSI,ETH,0x491604c0fdf08347dd1fa4ee062a822a5dd06b5d,CTSI.png
Smooth Love Potion,SLP,ETH,0xCC8Fa225D80b9c7D42F96e9570156c65D6cAAa25,SLP.png
TerraClassicUSD,USTC,ETH,0xa47c8bf37f92aBed4A126BDA807A7b7498661acD,USTC.png
Marlin,POND,ETH,0x57b946008913b82e4df85f501cbaed910e58d26c,POND.png
CUDOS,CUDOS,ETH,0x817bbDbC3e8A1204f3691d14bB44992841e3dB35,CUDOS.png
Illuvium,ILV,ETH,0x767fe9edc9e0df98e07454847909b5e959d7ca0e,ILV.png
Pundi X (New),PUNDIX,ETH,0x0fd10b9899882a6f2fcb5c371e17e70fdee00c38,PUNDIX.png
Dogelon Mars,ELON,ETH,0x761d38e5ddf6ccf6cf7c55759d5210750b5d60f3,ELON.png
Wilder World,WILD,ETH,0x2a3bff78b79a009976eea096a51a948a3dc00e34,WILD.png
Yield Guild Games,YGG,ETH,0x25f8087ead173b73d6e8b84329989a8eea16cf73,YGG.png
VVS Finance,VVS,ETH,0x839e71613f9aA06E5701CF6de63E303616B0DDE3,VVS.png
ConstitutionDAO,PEOPLE,ETH,0x7a58c0be72be218b41c608b7fe7c5bb630736c71,PEOPLE.png
EURC,EURC,ETH,0x1abaea1f7c830bd89acc67ec4af516284b1bc33c,EURC.png
Mythos,MYTH,ETH,0xba41ddf06b7ffd89d1267b5a93bfef2424eb2003,MYTH.png
ArchLoot,AL,ETH,0x046BAd07658f3B6cAd9A396CFcbC1243AF452ec1,AL.png
0x0.ai,0x0,ETH,0x5a3e6a77ba2f983ec0d371ea3b475f8bc0811ad5,0x0.png
Delysium,AGI,ETH,0x7dA2641000Cbb407C329310C461b2cB9c70C3046,AGI.png
HarryPotterObamaSonic10Inu (ERC-20),BITCOIN,ETH,0x72e4f9f808c49a2a61de9c5896298920dc4eeea9,BITCOIN.png
Big Time,BIGTIME,ETH,0x64Bc2cA1Be492bE7185FAA2c8835d9b824c8a194,BIGTIME.png
Maple Finance,SYRUP,ETH,0x643C4E15d7d62Ad0aBeC4a9BD4b001aA3Ef52d66,SYRUP.png
Numeraire,NMR,ETH,0x1776e1F26f98b1A5dF9cD347953a26dd3Cb46671,NMR.png
Arcblock,ABT,ETH,0xb98d4c97425d9908e66e53a6fdf673acca0be986,ABT.png
Pax Dollar,USDP,ETH,0x8e870d67f660d95d5be530380d0ec0bd388289e1,USDP.png
Stronghold SHx,SHX,ETH,0xee7527841a932d2912224e20a405e1a1ff747084,SHX.png
dForce,DF,ETH,0x431ad2ff6a9c365805ebad47ee021148d6f7dbe0,DF.png
Paycoin,PCI,ETH,0x3C2A309d9005433c1BC2C92EF1bE06489e5bf258,PCI.png
dKargo,DKA,ETH,0x5dc60C4D5e75D22588FA17fFEB90A63E535efCE0,DKA.png
Liquity,LQTY,ETH,0x6DEA81C8171D0bA574754EF6F8b412F2Ed88c54D,LQTY.png
Vanar Chain,VANRY,ETH,0x8DE5B80a0C1B02Fe4976851D030B36122dbb8624,VANRY.png
Tokenlon Network Token,LON,ETH,0x0000000000095413afc295d19edeb1ad7b71c952,LON.png
Vulcan Forged (PYR),PYR,ETH,0x430ef9263e76dae63c84292c3409d61c598e9682,PYR.png
Kyber Network Crystal v2,KNC,ETH,0xdeFA4e8a7bcBA345F687a2f1456F5Edd9CE97202,KNC.png
Coin98,C98,ETH,0xae12c5930881c53715b369cec7606b70d8eb229f,C98.png
Adventure Gold,AGLD,ETH,0x32353a6c91143bfd6c7d363b546e62a9a2489a20,AGLD.png
Braintrust,BTRST,ETH,0x799ebfabe77a6e34311eeee9825190b9ece32824,BTRST.png
Synapse,SYN,ETH,0x0f2D719407FdBeFF09D87557AbB7232601FD9F29,SYN.png
Treasure,MAGIC,ETH,0xb0c7a3ba49c7a6eaba6cd4a96c55a1391070ac9a,MAGIC.png
Artificial Liquid Intelligence,ALI,ETH,0x6b0b3a982b4634ac68dd83a4dbf02311ce324181,ALI.png
MESSIER,M87,ETH,0x80122c6a83c8202ea365233363d3f4837d13e888,M87.png
Non-Playable Coin,NPC,ETH,0x8ed97a637a790be1feff5e888d43629dc05408f6,NPC.png
Banana Gun,BANANA,ETH,0x38e68a37e401f7271568cecaac63c6b1e19130b4,BANANA.png
Autonolas,OLAS,ETH,0x0001a500a6b18995b03f44bb040a5ffc28e45cb0,OLAS.png
Pixels,PIXEL,ETH,0x3429d03c6F7521AeC737a0BBF2E5ddcef2C3Ae31,PIXEL.png
Devve,DEVVE,ETH,0x8248270620aa532e4d64316017be5e873e37cc09,DEVVE.png
Zircuit,ZRC,ETH,0xfd418e42783382e86ae91e445406600ba144d162,ZRC.png
Apu Apustaja,APU,ETH,0x594DaaD7D77592a2b97b725A7AD59D7E188b5bFa,APU.png
Omni Network,OMNI,ETH,0x36e66fbbce51e4cd5bd3c62b637eb411b18949d4,OMNI.png
BounceBit,BB,ETH,0xd459ECeddafcc1d876a3be7290A2E16e801073a3,BB.png
GameBuild,GAME,ETH,0x825459139C897D769339f295E962396C4F9E4A4D,GAME.png
CARV,CARV,ETH,0xc08Cd26474722cE93F4D0c34D16201461c10AA8C,CARV.png
Global Dollar,USDG,ETH,0xe343167631d89B6Ffc58B88d6b7fB0228795491D,USDG.png
PinLink,PIN,ETH,0x2e44f3f609ff5aa4819b323fd74690f07c3607c4,PIN.png
WhiteRock,WHITE,ETH,0x9cdf242Ef7975D8c68D5C1F5B6905801699b1940,WHITE.png
Hey Anon,ANON,ETH,0x79bbf4508b1391af3a0f4b30bb5fc4aa9ab0e07c,ANON.png
Request,REQ,ETH,0x8f8221afbb33998d8584a2b05749ba73c37a938a,REQ.png
QuarkChain,QKC,ETH,0xea26c4ac16d4a5a106820bc8aee85fd0b7b2b664,QKC.png
Pundi AI,FX,ETH,0x8c15ef5b4b21951d50e53e4fbda8298ffad25057,FX.png
inSure DeFi,SURE,ETH,0xcb86c6a22cb56b6cf40cafedb06ba0df188a416e,SURE.png
Tokamak Network,TOKAMAK,ETH,0x2be5e8c109e2197D077D13A82dAead6a9b3433C5,TOKAMAK.png
Bella Protocol,BEL,ETH,0xa91ac63d040deb1b7a5e4d4134ad23eb0ba07e14,BEL.png
DODO,DODO,ETH,0x43dfc4159d86f3a37a5a4b3d4580b888ad7d4ddd,DODO.png
API3,API3,ETH,0x0b38210ea11411557c13457D4dA7dC6ea731B88a,API3.png
Badger DAO,BADGER,ETH,0x3472a5a71965499acd81997a54bba8d852c6e53d,BADGER.png
Bounce Token,AUCTION,ETH,0xa9b1eb5908cfc3cdf91f9b8b3a74108598009096,AUCTION.png
Seedify.fund,SFUND,ETH,0x560363BdA52BC6A44CA6C8c9B4a5FadbDa32fa60,SFUND.png
Highstreet,HIGH,ETH,0x71Ab77b7dbB4fa7e017BC15090b2163221420282,HIGH.png
Bone ShibaSwap,BONE,ETH,0x9813037ee2218799597d83D4a5B6F3b6778218d9,BONE.png
Euler,EUL,ETH,0xd9fcd98c322942075a5c3860693e9f4f03aae07b,EUL.png
Aurora,AURORA,ETH,0xaaaaaa20d9e0e2461697782ef11675f668207961,AURORA.png
ECOMI,OMI,ETH,0xeD35af169aF46a02eE13b9d79Eb57d6D68C1749e,OMI.png
ApeX Protocol,APEX,ETH,0x52A8845DF664D76C69d2EEa607CD793565aF42B8,APEX.png
Fuel Network,FUEL,ETH,0x675B68AA4d9c2d3BB3F0397048e62E6B7192079c,FUEL.png
SmarDex,SDEX,ETH,0x5de8ab7e27f6e7a1fff3e5b337584aa43961beef,SDEX.png
PepeCoin,PEPECOIN,ETH,0xA9E8aCf069C58aEc8825542845Fd754e41a9489A,PEPECOIN.png
Portal,PORTAL,ETH,0x1bbe973bef3a977fc51cbed703e8ffdefe001fed,PORTAL.png
ANDY (ETH),ANDY,ETH,0x68bbed6a47194eff1cf514b50ea91895597fc91e,ANDY.png
GameStop (gamestop-coin.vip),GME,ETH,0xc56C7A0eAA804f854B536A5F3D5f49D2EC4B12b8,GME.png
Bitget Wallet Token,BWB,ETH,0xac6DB8954b73EbF10e84278AC8b9B22a781615D9,BWB.png
ANyONe Protocol,ANYONE,ETH,0xFeAc2Eae96899709a43E252B6B92971D32F9C0F9,ANYONE.png
Lift Dollar,USDL,ETH,0xbdC7c08592Ee4aa51D06C27Ee23D5087D65aDbcD,USDL.png
Lumia,LUMIA,ETH,0xd9343a049d5dbd89cd19dc6bca8c48fb3a0a42a7,LUMIA.png
Ethena Labs (USDTb),USDTb,ETH,0xC139190F447e929f090Edeb554D95AbB8b18aC1C,USDTb.png
Bancor,BNT,ETH,0x1f573d6fb3f13d689ff844b4ce37794d79a7ff1c,BNT.png
StormX,STMX,ETH,0xa62cc35625b0c8dc1faea39d33625bb4c15bd71c,STMX.png
Loom Network,LOOM,ETH,0x42476F744292107e34519F9c357927074Ea3F75D,LOOM.png
Hippocrat,HPO,ETH,0xfE39C384D702914127a005523f9915ADDB9bd59b,HPO.png
ARPA,ARPA,ETH,0xba50933c268f567bdc86e1ac131be072c6b0b71a,ARPA.png
Dusk,DUSK,ETH,0x940a2db1b7008b6c776d4faaca729d6d4a4aa551,DUSK.png
BUSD,BUSD,ETH,0x4Fabb145d64652a948d72533023f6E7A623C7C53,BUSD.png
Origin Protocol,OGN,ETH,0x8207c1ffc5b6804f6024322ccf34f29c3541ae26,OGN.png
PARSIQ,PRQ,ETH,0x362bc847A3a9637d3af6624EeC853618a43ed7D2,PRQ.png
DIA,DIA,ETH,0x84ca8bc7997272c7cfb4d0cd3d55cd942b3c9419,DIA.png
DeFi Pulse Index,DPI,ETH,0x1494ca1f11d487c2bbe4543e90080aeba4ba3c2b,DPI.png
TrueFi,TRU,ETH,0x4c19596f5aaff459fa38b0f7ed92f11ae6543784,TRU.png
Tornado Cash,TORN,ETH,0x77777feddddffc19ff86db637967013e6c6a116c,TORN.png
Cobak Token,CBK,ETH,0xD85a6Ae55a7f33B0ee113C234d2EE308EdeAF7fD,CBK.png
CLV,CLV,ETH,0x80C62FE4487E1351b47Ba49809EBD60ED085bf52,CLV.png
Maple,MPL,ETH,0x33349b282065b0284d756f0577fb39c158f935e6,MPL.png
Liquity USD,LUSD,ETH,0x5f98805A4E8be255a32880FDeC7F6728C6568bA0,LUSD.png
Altura,ALU,ETH,0x786a6743efe9500011c92c7d8540608a62382b6f,ALU.png
SuperRare,RARE,ETH,0xba5BDe662c17e2aDFF1075610382B9B691296350,RARE.png
Victoria VR,VR,ETH,0x7d5121505149065b562c789a0145ed750e6e8cdd,VR.png
Stargate Finance,STG,ETH,0xaf5191b0de278c7286d6c7cc6ab6bb8a73ba2cd6,STG.png
Hashflow,HFT,ETH,0xb3999F658C0391d94A37f7FF328F3feC942BcADC,HFT.png
Hifi Finance,HIFI,ETH,0x4b9278b94a1112cAD404048903b8d343a810B07e,HIFI.png
Cyber,CYBER,ETH,0x14778860e937f509e651192a90589de711fb88a9,CYBER.png
Osaka Protocol,OSAK,ETH,0xa21af1050f7b26e0cff45ee51548254c41ed6b5c,OSAK.png
Anchored Coins AEUR,AEUR,ETH,0xA40640458FBc27b6EefEdeA1E9C9E17d4ceE7a21,AEUR.png
AI Analysis Token,AIAT,ETH,0x0501b9188436E35bB10F35998c40ADC079003866,AIAT.png
NetMind Token,NMT,ETH,0x03AA6298F1370642642415EDC0db8b957783e8D6,NMT.png
NeuralAI,NEURAL,ETH,0x32B053F2CBA79F80ada5078cb6b305da92BDe6e1,NEURAL.png
Covalent X Token,CXT,ETH,0x7abc8a5768e6be61a6c693a6e4eacb5b60602c4d,CXT.png
Morphware,XMW,ETH,0x391cF4b21F557c935C7f670218Ef42C21bd8d686,XMW.png
Pepe Unchained,PEPU,ETH,0xadd39272E83895E7d3f244f696B7a25635F34234,PEPU.png
PolySwarm,NCT,ETH,0x9e46a38f5daabe8683e10793b06749eef7d733d1,NCT.png
CoinEx Token,CET,ETH,0x081f67afa0ccf8c7b17540767bbe95df2ba8d97f,CET.png
Gemini Dollar,GUSD,ETH,0x056Fd409E1d7A124BD7017459dFEa2F387b6d5Cd,GUSD.png
smARTOFGIVING,AOG,ETH,0x8578530205cecbe5db83f7f29ecfeec860c297c2,AOG.png
Realio Network,RIO,ETH,0x94a8b4EE5CD64C79D0Ee816f467EA73009f51aA0,RIO.png
Oraichain,ORAI,ETH,0x4c11249814f11b9346808179cf06e71ac328c1b5,ORAI.png
DAO Maker,DAO,ETH,0x0f51bb10119727a7e5ea3538074fb341f56b09ad,DAO.png
MyNeighborAlice,ALICE,ETH,0xAC51066d7bEC65Dc4589368da368b212745d63E8,ALICE.png
Strike,STRK,ETH,0x74232704659ef37c08995e386a2e26cc27a8d7b1,STRK.png
Ampleforth Governance Token,FORTH,ETH,0x77fba179c79de5b7653f68b5039af940ada60ce0,FORTH.png
RACA,RACA,ETH,0x12BB890508c125661E03b09EC06E404bc9289040,RACA.png
DAR Open Network,D,ETH,0x33b481CbBF3c24f2B3184Ee7Cb02dAAD1C4F49A8,D.png
Stader,SD,ETH,0x30D20208d987713f46DFD34EF128Bb16C404D10f,SD.png
Alephium,ALPH,ETH,0x590F820444fA3638e022776752c5eEF34E2F89A6,ALPH.png
NYM,NYM,ETH,0x525A8F6F3Ba4752868cde25164382BfbaE3990e1,NYM.png
RSS3,RSS3,ETH,0xc98d64da73a6616c42117b582e832812e7b8d57f,RSS3.png
Maverick Protocol,MAV,ETH,0x7448c7456a97769F6cD04F1E83A4a23cCdC46aBD,MAV.png
LeverFi,LEVER,ETH,0x4B5f49487ea7B3609b1aD05459BE420548789f1f,LEVER.png
Sweat Economy,SWEAT,ETH,0xb4b9dc1c77bdbb135ea907fd5a08094d98883a35,SWEAT.png
Islamic Coin,ISLM,ETH,0xf10c41ca085fc8d9326a65408d14dae28a3e69a5,ISLM.png
ViciCoin,VCNT,ETH,0x3bE775B699fee916E7De117994358fF8F48e4569,VCNT.png
Node AI,GPU,ETH,0x1258d60b224c0c5cd888d37bbf31aa5fcfb7e870,GPU.png
OX Coin,OX,ETH,0xba0Dda8762C24dA9487f5FA026a9B64b695A07Ea,OX.png
HashAI,HASHAI,ETH,0x292fcdd1b104de5a00250febba9bc6a5092a0076,HASHAI.png
Merlin Chain,MERL,ETH,0x0f3a12b78fee11ee088e454a0547bdbc5a253a6d,MERL.png
Landwolf 0x67,WOLF,ETH,0x67466be17df832165f8c80a5a120ccc652bd7e69,WOLF.png
Ripple USD,RLUSD,ETH,0x8292bb45bf1ee4d140127049757c2e0ff06317ed,RLUSD.png
Heima,HEI,ETH,0xf8f173e20e15f3b6cb686fb64724d370689de083,HEI.png
Uquid Coin,UQC,ETH,0x8806926ab68eb5a7b909dcaf6fdbe5d93271d6e2,UQC.png
xMoney,UTK,ETH,0xdc9Ac3C20D1ed0B540dF9b1feDC10039Df13F99c,UTK.png
Metadium,META,ETH,0xde2f7766c8bf14ca67193128535e5c7454f8387c,META.png
Aergo,AERGO,ETH,0x91af0fbb28aba7e31403cb457106ce79397fd4e6,AERGO.png
Locus Chain,LOCUS,ETH,0xc64500dd7b0f1794807e67802f8abbf5f8ffb054,LOCUS.png
MAP Protocol,MAPO,ETH,0x66D79B8f60ec93Bfce0b56F5Ac14A2714E509a99,MAPO.png
DEAPcoin,DEP,ETH,0x1a3496c18d558bd9c6c8f609e1b129f67ab08163,DEP.png
Assemble AI,ASM,ETH,0x2565ae0385659badcada1031db704442e1b69982,ASM.png
Radworks,RAD,ETH,0x31c8eacbffdd875c74b94b077895bd78cf1e64a3,RAD.png
Stella,ALPHA,ETH,0xa1faa113cbe53436df28ff0aee54275c13b40975,ALPHA.png
Alpha Quark Token,AQT,ETH,0x2a9bDCFF37aB68B95A53435ADFd8892e86084F93,AQT.png
Bifrost,BFC,ETH,0x0c7D5ae016f806603CB1782bEa29AC69471CAb9c,BFC.png
Whiteheart,WHITE,ETH,0x5f0e628b693018f639d10e4a4f59bd4d8b2b6b44,WHITE.png
Alien Worlds,TLM,ETH,0x888888848B652B3E3a0f34c96E00EEC0F3a23F72,TLM.png
Gitcoin,GTC,ETH,0xde30da39c46104798bb5aa3fe8b9e0e1f348163f,GTC.png
Automata Network,ATA,ETH,0xa2120b9e674d3fc3875f415a7df52e382f141225,ATA.png
Gods Unchained,GODS,ETH,0xccc8cb5229b0ac8069c51fd58367fd1e622afd97,GODS.png
Alkimi,ADS,ETH,0x3106a0a076BeDAE847652F42ef07FD58589E001f,ADS.png
Kujira,KUJI,ETH,0x96543ef8d2C75C26387c1a319ae69c0BEE6f3fe7,KUJI.png
Gearbox Protocol,GEAR,ETH,0xba3335588d9403515223f109edc4eb7269a9ab5d,GEAR.png
Ancient8,A8,ETH,0x3E5A19c91266aD8cE2477B91585d1856B84062dF,A8.png
Radiant Capital,RDNT,ETH,0x137dDB47Ee24EaA998a535Ab00378d6BFa84F893,RDNT.png
Myria,MYRIA,ETH,0xa0ef786bf476fe0810408caba05e536ac800ff86,MYRIA.png
LimeWire,LMWR,ETH,0x628a3b2e302c7e896acc432d2d0dd22b6cb9bc88,LMWR.png
ResearchCoin,RSC,ETH,0xd101dcc414f310268c37eeb4cd376ccfa507f571,RSC.png
Shuffle,SHFL,ETH,0x8881562783028F5c1BCB985d2283D5E170D88888,SHFL.png
BasedAI,BASEDAI,ETH,0x44971ABF0251958492FeE97dA3e5C5adA88B9185,BASEDAI.png
Puffer,PUFFER,ETH,0x4d1C297d39C5c1277964D0E3f8Aa901493664530,PUFFER.png
Department Of Government Efficiency (dogegov.com),DOGE,ETH,0x1121AcC14c63f3C872BFcA497d10926A6098AAc5,DOGE.png
EUR CoinVertible,EURCV,ETH,0x5F7827FDeb7c20b443265Fc2F40845B715385Ff2,EURCV.png
Orderly Network,ORDER,ETH,0xABD4C63d2616A5201454168269031355f4764337,ORDER.png
Spectral,SPEC,ETH,0xadf7c35560035944e805d98ff17d58cde2449389,SPEC.png
SynFutures,F,ETH,0x6e15A54B5EcAc17e58daDedDbe8506a7560252F9,F.png
Enzyme,MLN,ETH,0xec67005c4e498ec7f55e092bd1d35cbc47c91892,MLN.png
OMG Network,OMG,ETH,0xd26114cd6ee289accf82350c8d8487fedb8a0c07,OMG.png
district0x,DNT,ETH,0x0abdace70d3790235af448c88547603b945604ea,DNT.png
Elastos,ELA,ETH,0xe6fd75ff38adca4b97fbcd938c86b98772431867,ELA.png
Viction,VIC,ETH,0x05d3606d5c81eb9b7b18530995ec9b29da05faba,VIC.png
AVA (Travala),AVA,ETH,0xa6C0c097741D55ECd9a3A7DeF3A8253fD022ceB9,AVA.png
Moss Coin,MOC,ETH,0xBeE20B9Df360B8442534Ed8059f3e5bAEeB74EaF,MOC.png
LTO Network,LTO,ETH,0xd01409314acb3b245cea9500ece3f6fd4d70ea30,LTO.png
ZEON,ZEON,ETH,0xe5b826ca2ca02f09c1725e9bd98d9a8874c30532,ZEON.png
IDEX,IDEX,ETH,0xb705268213d593b8fd88d3fdeff93aff5cbdcfae,IDEX.png
ThunderCore,TT,ETH,0x1E053D89E08c24aA2CE5C5B4206744Dc2D7BD8F5,TT.png
Telos,TLOS,ETH,0x193f4A4a6ea24102F49b931DEeeb931f6E32405d,TLOS.png
FirmaChain,FCT,ETH,0xe1bad922f84b198a08292fb600319300ae32471b,FCT.png
Hunt Town,HUNT,ETH,0x9aab071b4129b083b01cb5a0cb513ce7eca26fa5,HUNT.png
Sperax,SPA,ETH,0xB4A3B0Faf0Ab53df58001804DdA5Bfc6a3D59008,SPA.png
Dego Finance,DEGO,ETH,0x3da932456d082cba208feb0b096d49b202bf89c8,DEGO.png
Ethernity Chain,ERN,ETH,0xbbc2ae13b23d715c30720f079fcd9b4a74093505,ERN.png
Taraxa,TARA,ETH,0x2f42b7d686ca3effc69778b6ed8493a7787b4d6e,TARA.png
Unizen,ZCX,ETH,0xc52c326331e9ce41f04484d3b5e5648158028804,ZCX.png
Tether EURt,EURt,ETH,0xc581b735a1688071a1746c968e0798d642ede491,EURt.png
Bitgert,BRISE,ETH,0xF2B2f7b47715256Ce4eA43363a867fdce9353e3A,BRISE.png
Forta,FORT,ETH,0x41545f8b9472d758bb669ed8eaeeecd7a9c4ec29,FORT.png
Houdini Swap,LOCK,ETH,0x922D8563631B03C2c4cf817f4d18f6883AbA0109,LOCK.png
Wojak,WOJAK,ETH,0x5026F006B85729a8b14553FAE6af249aD16c9aaB,WOJAK.png
Milady Meme Coin,LADYS,ETH,0x12970e6868f88f6557b76120662c1b3e50a646bf,LADYS.png
Ice Open Network,ICE,ETH,0x79F05c263055BA20EE0e814ACD117C20CAA10e0c,ICE.png
PaLM AI,PALM,ETH,0xf1df7305E4BAB3885caB5B1e4dFC338452a67891,PALM.png
Renzo,REZ,ETH,0x3b50805453023a91a8bf641e279401a0b23fa6f9,REZ.png
Vertical AI,VERTAI,ETH,0xcDbddbdEFB0eE3eF03a89AFcd714aa4ef310D567,VERTAI.png
tao.bot,TAOBOT,ETH,0x49fb8ad7578148E17c3eF0C344CE23A66ed372C4,TAOBOT.png
FUNToken,FUN,ETH,0x419d0d8bdd9af5e606ae2232ed285aff190e711b,FUN.png
NULS,NULS,ETH,0xa2791bdf2d5055cda4d46ec17f9f429568275047,NULS.png
Streamr,DATA,ETH,0x8f693ca8d21b157107184d29d398a8d082b38b76,DATA.png
Ampleforth,AMPL,ETH,0xd46ba6d942050d489dbd938a2c909a5d5039a161,AMPL.png
Ultra,UOS,ETH,0xd13c7342e1ef687c5ad21b27c2b65d772cab5c8c,UOS.png
DEXTools,DEXT,ETH,0xfb7b4564402e5500db5bb6d63ae671302777c75a,DEXT.png
RARI,RARI,ETH,0xfca59cd816ab1ead66534d82bc21e7515ce441cf,RARI.png
Reserve Dollar,RSV,ETH,0x196f4727526eA7FB1e17b2071B3d8eAA38486988,RSV.png
Perpetual Protocol,PERP,ETH,0xbc396689893d065f41bc2c6ecbee5e0085233447,PERP.png
Aavegotchi,GHST,ETH,0x3F382DbD960E3a9bbCeaE22651E88158d2791550,GHST.png
Polkastarter,POLS,ETH,0x83e6f1e41cdd28eaceb20cb649155049fac3d5aa,POLS.png
Shapeshift FOX Token,FOX,ETH,0xc770eefad204b5180df6a14ee197d99d808ee52d,FOX.png
XSGD,XSGD,ETH,0x70e8de73ce538da2beed35d14187f6959a8eca96,XSGD.png
Alchemix,ALCX,ETH,0xdbdb4d16eda451d0503b854cf79d55697f90c8df,ALCX.png
Star Atlas,ATLAS,ETH,0xb9F747162AB1E95d07361f9048BcDF6eDdA9eEA7,ATLAS.png
SideShift Token,XAI,ETH,0x35e78b3982e87ecfd5b3f3265b601c046cdbe232,XAI.png
Pocket Network,POKT,ETH,0x764A726d9ceD0433A8D7643335919dEb03a9a935,POKT.png
Goldfinch,GFI,ETH,0xdab396ccf3d84cf2d07c4454e10c8a6f5b008d2b,GFI.png
Boba Network,BOBA,ETH,0x42bbfa2e77757c645eeaad1655e0911a7553efbc,BOBA.png
Swell Network,SWELL,ETH,0x0a6E7Ba5042B38349e437ec6Db6214AEC7B35676,SWELL.png
Entangle,NGL,ETH,0x12652c6d93fdb6f4f37d48a8687783c782bb0d10,NGL.png
ChainSwap,CSWAP,ETH,0xae41b275aaaf484b541a5881a2dded9515184cca,CSWAP.png
KARRAT,KARRAT,ETH,0xAcd2c239012D17BEB128B0944D49015104113650,KARRAT.png
Eurite,EURI,ETH,0x9d1a7a3191102e9f900faa10540837ba84dcbae7,EURI.png
Open Loot,OL,ETH,0x1F57da732A77636D913C9a75d685B26CC85DCC3A,OL.png
Shiro Neko,SHIRO,ETH,0xb0AC2b5a73da0e67A8e5489Ba922B3f8d582e058,SHIRO.png
Measurable Data Token,MDT,ETH,0x814e0908b12a99fecf5bc101bb5d0b8b5cdf7d26,MDT.png
Ren,REN,ETH,0x408e41876cccdc0f92210600ef50372656052a38,REN.png
Verasity,VRA,ETH,0xf411903cbc70a74d22900a5de66a2dda66507255,VRA.png
Wirex Token,WXT,ETH,0xa02120696c7B8fE16C09C749E4598819b2B0E915,WXT.png
ELYSIA,EL,ETH,0x2781246fe707bb15cee3e5ea354e2154a2877b16,EL.png
StaFi,FIS,ETH,0xef3a930e1ffffacd2fc13434ac81bd278b0ecc8d,FIS.png
HOPR,HOPR,ETH,0xf5581dfefd8fb0e4aec526be659cfab1f8c781da,HOPR.png
GamerCoin,GHX,ETH,0x728f30fa2f100742c7949d1961804fa8e0b1387d,GHX.png
Hegic,HEGIC,ETH,0x584bC13c7D411c00c01A62e8019472dE68768430,HEGIC.png
Gelato,GEL,ETH,0x15b7c0c907e4C6b9AdaAaabC300C08991D6CEA05,GEL.png
Persistence One,XPRT,ETH,0xD454b59f16D42667Be2fA55292d16647E27f40C4,XPRT.png
RAMP,RAMP,ETH,0x33D0568941C0C64ff7e0FB4fbA0B11BD37deEd9f,RAMP.png
Boson Protocol,BOSON,ETH,0xC477D038d5420C6A9e0b031712f61c5120090de9,BOSON.png
Impossible Finance Launchpad,IDIA,ETH,0x0b15ddf19d47e6a86a56148fb4afffc6929bcb89,IDIA.png
Beta Finance,BETA,ETH,0xbe1a001fe942f96eea22ba08783140b9dcc09d28,BETA.png
zkLink,ZKL,ETH,0xfc385a1df85660a7e041423db512f779070fcede,ZKL.png
League of Kingdoms Arena,LOKA,ETH,0x61e90a50137e1f645c9ef4a0d3a4f01477738406,LOKA.png
Vertex Protocol,VRTX,ETH,0xbbEE07B3e8121227AfCFe1E2B82772246226128e,VRTX.png
DIMO,DIMO,ETH,0x5fab9761d60419c9eeebe3915a8fa1ed7e8d2e1b,DIMO.png
Electronic USD,eUSD,ETH,0xA0d69E286B938e21CBf7E51D71F6A4c8918f482F,eUSD.png
OctaSpace,OCTA,ETH,0xfA704148D516b209D52C2D75f239274C8f8EAF1A,OCTA.png
Amaterasu Omikami,OMIKAMI,ETH,0x9e18d5bab2fa94a6a95f509ecb38f8f68322abd3,OMIKAMI.png
TokenFi,TOKEN,ETH,0x4507cEf57C46789eF8d1a19EA45f4216bae2B528,TOKEN.png
Masa,MASA,ETH,0x944824290CC12F31ae18Ef51216A223Ba4063092,MASA.png
MOO DENG (moodeng.vip),MOODENG,ETH,0x28561b8a2360f463011c16b6cc0b0cbef8dbbcad,MOODENG.png
Seraph,SERAPH,ETH,0xd6B48CCF41a62EB3891e58D0F006B19B01d50cCa,SERAPH.png
Rekt (rektcoin.com),REKT,ETH,0xdd3B11eF34cd511a2DA159034a05fcb94D806686,REKT.png
Reploy,RAI,ETH,0xc575BD129848Ce06A460A19466c30E1D0328F52C,RAI.png
Agoras: Tau Net,AGRS,ETH,0x738865301a9b7dd80dc3666dd48cf034ec42bdda,AGRS.png
AdEx,ADX,ETH,0xade00c28244d5ce17d72e40330b1c318cd12b7c3,ADX.png
Adshares,ADS,ETH,0xcfcecfe2bd2fed07a9145222e8a7ad9cf1ccd22a,ADS.png
COMBO,COMBO,ETH,0xc03fbf20a586fa89c2a5f6f941458e1fbc40c661,COMBO.png
Isiklar Coin,ISIKC,ETH,0x4339befb55cfa65344ef6f4bb7f05fae3458670a,ISIKC.png
Hacken Token,HAI,ETH,0x05Fb86775Fd5c16290f1E838F5caaa7342bD9a63,HAI.png
MATH,MATH,ETH,0x08d967bb0134f2d07f7cfb6e246680c53927dd30,MATH.png
Aleph.im,ALEPH,ETH,0x27702a26126e0b3702af63ee09ac4d1a084ef628,ALEPH.png
Suku,SUKU,ETH,0x0763fdCCF1aE541A5961815C0872A8c5Bc6DE4d7,SUKU.png
Harvest Finance,FARM,ETH,0xa0246c9032bC3A600820415aE600c6388619A14D,FARM.png
Linear Finance,LINA,ETH,0x3e9bc21c9b189c09df3ef1b824798658d5011937,LINA.png
Everscale,EVER,ETH,0x1ffefd8036409cb6d652bd610de465933b226917,EVER.png
QuickSwap [Old],QUICK,ETH,0x6c28aef8977c9b773996d0e8376d2ee379446f2f,QUICK.png
Inverse Finance,INV,ETH,0x41d5d79431a913c4ae7d69a668ecdfe5ff9dfb68,INV.png
StrikeX,STRX,ETH,0x4ed257678Fc4E76df9642a416b223729fdEDBEFd,STRX.png
Kishu Inu,KISHU,ETH,0xA2b4C0Af19cC16a6CfAcCe81F192B024d625817D,KISHU.png
Quidax Token,QDX,ETH,0x1780933e83b09371cf716f3630fe5a422a66a39e,QDX.png
Tokemak,TOKE,ETH,0x2e9d63788249371f1DFC918a52f8d799F4a38C94,TOKE.png
Numbers Protocol,NUM,ETH,0x3496b523e5c00a4b4150d6721320cddb234c3079,NUM.png
Botto,BOTTO,ETH,0x9dfad1b7102d46b1b197b90095b5c4e9f5845bba,BOTTO.png
SIDUS,SIDUS,ETH,0x549020a9Cb845220D66d3E9c6D9F9eF61C981102,SIDUS.png
NEOPIN,NPT,ETH,0x306ee01a6bA3b4a8e993fA2C1ADC7ea24462000c,NPT.png
ROGin AI,ROG,ETH,0x5d43b66da68706d39f6c97f7f1415615672b446b,ROG.png
FractonX,FT,ETH,0xee9e7bb7e55bbc86414047b61d65c9c0d91ffbd0,FT.png
Nexera,NXRA,ETH,0x644192291cc835a93d6330b24ea5f5fedd0eef9e,NXRA.png
BOBO,BOBO,ETH,0xb90b2a35c65dbc466b04240097ca756ad2005295,BOBO.png
Bad Idea AI,BAD,ETH,0x32b86b99441480a7e5bd3a26c124ec2373e3f015,BAD.png
Pikaboss,PIKA,ETH,0xa9d54f37ebb99f83b603cc95fc1a5f3907aaccfd,PIKA.png
The Root Network,ROOT,ETH,0xa3d4BEe77B05d4a0C943877558Ce21A763C4fa29,ROOT.png
ORA,ORA,ETH,0x33333333FEde34409Fb7f67c6585047E1F653333,ORA.png
Bluzelle,BLZ,ETH,0x5732046a883704404f284ce41ffadd5b007fd668,BLZ.png
CEEK VR,CEEK,ETH,0xb056c38f6b7dc4064367403e26424cd2c60655e1,CEEK.png
SIX,SIX,ETH,0x61c6ebf443ad613c9648762585b3cfd3ba1f3fa8,SIX.png
SHPING,SHPING,ETH,0x7c84e62859d0715eb77d1b1c4154ecd6abb21bec,SHPING.png
ASD,ASD,ETH,0xff742d05420b6aca4481f635ad8341f81a6300c2,ASD.png
Wing Finance,WING,ETH,0xDb0f18081b505A7DE20B18ac41856BCB4Ba86A1a,WING.png
Beefy,BIFI,ETH,0xB1F1ee126e9c96231Cc3d3fAD7C08b4cf873b1f1,BIFI.png
Prosper,PROS,ETH,0x915424Ac489433130d92B04096F3b96c82e92a9D,PROS.png
ZUSD,ZUSD,ETH,0xc56c2b7e71B54d38Aab6d52E94a04Cbfa8F604fA,ZUSD.png
Doge Killer,LEASH,ETH,0x27c70cd1946795b66be9d954418546998b546634,LEASH.png
Cryptex Finance,CTX,ETH,0x321c2fe4446c7c963dc41dd58879af648838f98d,CTX.png
cheqd,CHEQ,ETH,0x70edf1c215d0ce69e7f16fd4e6276ba0d99d4de7,CHEQ.png
Ribbon Finance,RBN,ETH,0x6123b0049f904d730db3c36a31167d9d4121fa6b,RBN.png
Oobit,OBT,ETH,0x07f9702ce093db82dfdc92c2c6e578d6ea8d5e22,OBT.png
Cornucopias,COPI,ETH,0x42Baf1f659D765C65ADE5BB7E08eb2C680360d9d,COPI.png
LooksRare,LOOKS,ETH,0xf4d2888d29d722226fafa5d9b24f9164c092421e,LOOKS.png
Quickswap [New],QUICK,ETH,0xd2ba23de8a19316a638dc1e7a9adda1d74233368,QUICK.png
Dione Protocol,DIONE,ETH,0x65278f702019078E9Ab196C0Da0A6eE55E7248B7,DIONE.png
Aura Finance,AURA,ETH,0xc0c293ce456ff0ed870add98a0828dd4d2903dbf,AURA.png
Tectum,TET,ETH,0x68A47Fe1CF42eBa4a030a10CD4D6a1031Ca3CA0a,TET.png
MAGA (magamemecoin.com),TRUMP,ETH,0x576e2BeD8F7b46D34016198911Cdf9886f78bea7,TRUMP.png
Dora Factory,DORA,ETH,0x70b790d0948a760e80bc3f892b142F7779b538B2,DORA.png
Grok,GROK,ETH,0x8390a1da07e376ef7add4be859ba74fb83aa02d5,GROK.png
SPECTRE AI,SPECTRE,ETH,0x9Cf0ED013e67DB12cA3AF8e7506fE401aA14dAd6,SPECTRE.png
PepeFork,PORK,ETH,0xb9f599ce614Feb2e1BBe58F180F370D05b39344E,PORK.png
OORT,OORT,ETH,0x5651fa7a726b9ec0cad00ee140179912b6e73599,OORT.png
Hoppy,HOPPY,ETH,0x6e79b51959cf968d87826592f46f819f92466615,HOPPY.png
Neiro Ethereum,NEIRO,ETH,0xee2a03aa6dacf51c18679c516ad5283d8e7c2637,NEIRO.png
Dragonchain,DRGN,ETH,0x419c4db4b9e25d6db2ad9691ccb832c8d9fda05e,DRGN.png
sUSD,SUSD,ETH,0x57Ab1ec28D129707052df4dF418D58a2D46d5f51,SUSD.png
Kryll,KRL,ETH,0x464eBE77c293E473B48cFe96dDCf88fcF7bFDAC0,KRL.png
Rupiah Token,IDRT,ETH,0x998FFE1E43fAcffb941dc337dD0468d52bA5b48A,IDRT.png
Cere Network,CERE,ETH,0x2da719db753dfa10a62e140f436e1d67f2ddb0d6,CERE.png
Quiztok,QTCON,ETH,0xa00a4d5786a6e955e9539d01d78bf68f3271c050,QTCON.png
Velas,VLX,ETH,0x8c543aed163909142695f2d2acd0d55791a9edb9,VLX.png
Reef,REEF,ETH,0xfe3e6a25e6b192a42a44ecddcd13796471735acf,REEF.png
Hermez Network,HEZ,ETH,0xeef9f339514298c6a857efcfc1a762af84438dee,HEZ.png
PlayDapp,PDA,ETH,0x0D3CbED3f69EE050668ADF3D9Ea57241cBa33A2B,PDA.png
Kava Lend,HARD,ETH,0x1C700F95Df53fc31e83D89AC89e5DD778D4cD310,HARD.png
e-Radix,EXRD,ETH,0x6468e79A80C0eaB0F9A2B574c8d5bC374Af59414,EXRD.png
Opulous,OPUL,ETH,0x80d55c03180349fff4a229102f62328220a96444,OPUL.png
Polytrade,TRADE,ETH,0x6e5970DBd6fc7eb1f29C6D2eDF2bC4c36124C0C1,TRADE.png
Guild of Guardians,GOG,ETH,0x9AB7bb7FdC60f4357ECFef43986818A2A3569c62,GOG.png
ParaSwap,PSP,ETH,0xcafe001067cdef266afb7eb5a286dcfd277f3de5,PSP.png
Propchain,PROPC,ETH,0x9ff58067Bd8D239000010c154C6983A325Df138E,PROPC.png
CrossFi,XFI,ETH,0xc8ceed65e236f7d6fb378b8715f9e6912e486a54,XFI.png
Book of Ethereum,BOOE,ETH,0x289ff00235d2b98b0145ff5d4435d3e92f9540a6,BOOE.png
Ultiverse,ULTI,ETH,0x0E7779e698052f8fe56C415C3818FCf89de9aC6D,ULTI.png
Pirate Nation,PIRATE,ETH,0x7613c48e0cd50e42dd9bf0f6c235063145f6f8dc,PIRATE.png
Matr1x,MAX,ETH,0xb7109df1a93f8fe2b8162c6207c9b846c1c68090,MAX.png
MNEE,MNEE,ETH,0x8ccedbAe4916b79da7F3F612EfB2EB93A2bFD6cF,MNEE.png
Super Champs,CHAMP,ETH,0x4aF1Bc87e43dDb22188bb3791ae00341586fE8fc,CHAMP.png
Kekius Maximus (kekiusmaximus.vip),KEKIUS,ETH,0x26E550AC11B26f78A04489d5F20f24E3559f7Dd9,KEKIUS.png
Aventus,AVT,ETH,0x0d88ed6e74bbfd96b831231638b66c05571e824f,AVT.png
AirSwap,AST,ETH,0x27054b13b1b798b345b591a4d22e6562d47ea75a,AST.png
AirDAO,AMB,ETH,0xf4fb9bf10e489ea3edb03e094939341399587b0c,AMB.png
AVINOC,AVINOC,ETH,0xf1ca9cb74685755965c7458528a36934df52a3ef,AVINOC.png
Kleros,PNK,ETH,0x93ed3fbe21207ec2e8f2d3c3de6e058cb73bc04d,PNK.png
MixMarvel,MIX,ETH,0x5d285f735998f36631f678ff41fb56a10a4d0429,MIX.png
TROY,TROY,ETH,0x4574562e9310a94f9ca962bd23168d8a06875b1a,TROY.png
TrustSwap,SWAP,ETH,0xcc4304a31d09258b0029ea7fe63d032f52e44efe,SWAP.png
UniLend,UFT,ETH,0x0202Be363B8a4820f3F4DE7FaF5224fF05943AB1,UFT.png
VAIOT,VAI,ETH,0xD13cfD3133239a3c73a9E535A5c4DadEE36b395c,VAI.png
Cook Finance,COOK,ETH,0xff75ced57419bcaebe5f05254983b013b0646ef5,COOK.png
Swarm,BZZ,ETH,0x19062190b1925b5b6689d7073fdfc8c2976ef8cb,BZZ.png
Dimitra,DMTR,ETH,0x51cb253744189f11241becb29bedd3f1b5384fdb,DMTR.png
Galeon,GALEON,ETH,0xa2437A33049E878c35E16d10789a7D296baDE29e,GALEON.png
Volt Inu,VOLT,ETH,0x7f792db54b0e580cdc755178443f0430cf799aca,VOLT.png
Brickken,BKN,ETH,0x0a638f07acc6969abf392bb009f216d22adea36d,BKN.png
VIDT DAO,VIDT,ETH,0x3be7bf1a5f23bd8336787d0289b70602f1940875,VIDT.png
PAW,PAW,ETH,0xc11158c5dA9db1D553ED28f0C2BA1CbEDD42CFcb,PAW.png
Heroes of Mavia,MAVIA,ETH,0x24fcFC492C1393274B6bcd568ac9e225BEc93584,MAVIA.png
zKML,ZKML,ETH,0xE92344b4eDF545F3209094B192E46600A19E7C2D,ZKML.png
PeiPei (ETH),PEIPEI,ETH,0x3ffeea07a27fab7ad1df5297fa75e77a43cb5790,PEIPEI.png
Gems,GEMS,ETH,0x3010ccb5419F1EF26D40a7cd3F0d707a0fa127Dc,GEMS.png
Synternet,SYNT,ETH,0xDA987c655ebC38C801DB64A8608bc1AA56Cd9a31,SYNT.png
Strawberry AI,BERRY,ETH,0xCb76314C2540199f4B844D4ebbC7998C604880cA,BERRY.png
GATSBY (gatsby.fi),GATSBY,ETH,0xca7af58da871736994ce360f51ec6cd28351a3df,GATSBY.png
Peercoin,PPC,ETH,0x044d078F1c86508e13328842Cc75AC021B272958,PPC.png
Chrono.tech,TIME,ETH,0x485d17A6f1B8780392d53D64751824253011A260,TIME.png
ColossusXT,COLX,ETH,0x95bf7e307bc1ab0ba38ae10fc27084bc36fcd605,COLX.png
Viberate,VIB,ETH,0x2c974b2d0ba1716e644c1fc59982a89ddd2ff724,VIB.png
SpaceChain,SPC,ETH,0x86ed939b500e121c0c5f493f399084db596dad20,SPC.png
Cream Finance,CREAM,ETH,0x2ba592f78db6436527729929aaf6c908497cb200,CREAM.png
MileVerse,MVC,ETH,0x581911b360B6eB3a14eF295a83a91DC2bCE2D6f7,MVC.png
BioPassport Token,BIOT,ETH,0xc07A150ECAdF2cc352f5586396e344A6b17625EB,BIOT.png
Skey Network,SKEY,ETH,0x06a01a4d579479dd5d884ebf61a31727a3d8d442,SKEY.png
Koinos,KOIN,ETH,0xed11c9BCF69fdD2EEFd9Fe751BfcA32f171D53Ae,KOIN.png
Sovryn,SOV,ETH,0xbdab72602e9ad40fc6a6852caf43258113b8f7a5,SOV.png
GYEN,GYEN,ETH,0xC08512927D12348F6620a698105e1BAac6EcD911,GYEN.png
Cellframe,CELL,ETH,0x26c8afbbfe1ebaca03c2bb082e69d0476bffe099,CELL.png
Graphlinq Chain,GLQ,ETH,0x9f9c8ec3534c3ce16f928381372bfbfbfb9f4d24,GLQ.png
DACXI,DXI,ETH,0xefab7248d36585e2340e5d25f8a8d243e6e3193f,DXI.png
Nine Chronicles,WNCG,ETH,0xf203Ca1769ca8e9e8FE1DA9D147DB68B6c919817,WNCG.png
Partisia Blockchain,MPC,ETH,0x36a0e44c73e5a6a7727817377c0127f320a9456e,MPC.png
SquidGrow,SQGROW,ETH,0xb72E76cCf005313868DB7b48070901a44629da98,SQGROW.png
bitsCrunch,BCUT,ETH,0xBEF26Bd568e421D6708CCA55Ad6e35f8bfA0C406,BCUT.png
TG Casino,TGC,ETH,0x25B4f5D4C314bCD5d7962734936C957B947cb7CF,TGC.png
AstraAI,ASTRA,ETH,0x0aA8A7D1fB4c64B3b1DcEa9A7ADe81C59C25b95b,ASTRA.png
Fluence,FLT,ETH,0x236501327e701692a281934230af0b6be8df3353,FLT.png
MON,MON,ETH,0xc555D625828c4527d477e595fF1Dd5801B4a600e,MON.png
Ethervista,VISTA,ETH,0xC9bCa88B04581699fAb5aa276CCafF7Df957cbbf,VISTA.png
Pluton,PLU,ETH,0xd8912c10681d8b21fd3742244f44658dba12264e,PLU.png
Phantasma,SOUL,ETH,0x75858677e27C930FB622759FeafFeE2b754Af07F,SOUL.png
PIBBLE,PIB,ETH,0x1864ce27e9f7517047933caae530674e8c70b8a7,PIB.png
Vectorspace AI,VXV,ETH,0x7D29A64504629172a429e64183D6673b9dAcbFCe,VXV.png
DFI.Money,YFII,ETH,0xa1d0E215a23d7030842FC67cE582a6aFa3CCaB83,YFII.png
Dvision Network,DVI,ETH,0x10633216e7e8281e33c86f02bf8e565a635d9770,DVI.png
Stratos,STOS,ETH,0x08c32b0726C5684024ea6e141C50aDe9690bBdcc,STOS.png
Galxe,GAL,ETH,0x5fAa989Af96Af85384b8a938c2EdE4A7378D9875,GAL.png
Cratos,CRTS,ETH,0x678e840c640f619e17848045d23072844224dd37,CRTS.png
Coinweb,CWEB,ETH,0x505b5eda5e25a67e1c24a2bf1a527ed9eb88bf04,CWEB.png
ARC,ARC,ETH,0xc82e3db60a52cf7529253b4ec688f631aad9e7c2,ARC.png
NuNet,NTX,ETH,0xf0d33beda4d734c72684b5f9abbebf715d0a7935,NTX.png
pSTAKE Finance,PSTAKE,ETH,0xfB5c6815cA3AC72Ce9F5006869AE67f18bF77006,PSTAKE.png
ParagonsDAO,PDT,ETH,0x375abb85c329753b1ba849a601438ae77eec9893,PDT.png
ALTAVA,TAVA,ETH,0xdebe620609674F21B1089042527F420372eA98A5,TAVA.png
LeisureMeta,LM,ETH,0xc064F4F215B6A1E4e7F39bD8530C4dE0fC43ee9D,LM.png
WAGMI Games,WAGMIGAMES,ETH,0x3b604747ad1720c01ded0455728b62c0d2f100f0,WAGMIGAMES.png
Farcana,FAR,ETH,0xf9Fa60EF4F23F00CCE403cc4d2c11Baf4880A0d6,FAR.png
LayerAI,LAI,ETH,0x168e209d7b2f58f1f24b8ae7b7d35e662bbf11cc,LAI.png
HyperCycle,HYPC,ETH,0xeA7B7DC089c9a4A916B5a7a37617f59fD54e37E4,HYPC.png
Vector Smart Gas,VSG,ETH,0x58aea10748a00d1781d6651f9d78a414ea32ca46,VSG.png
Smog,SMOG,ETH,0x89e8e084cc60e6988527f0904b4be71656e8bfa9,SMOG.png
Zero1 Labs,DEAI,ETH,0x1495bc9e44Af1F8BCB62278D2bEC4540cF0C05ea,DEAI.png
XSwap,XSWAP,ETH,0x8fe815417913a93ea99049fc0718ee1647a2a07c,XSWAP.png
Kendu Inu,KENDU,ETH,0xaa95f26e30001251fb905d264Aa7b00eE9dF6C18,KENDU.png
Sentinel,DVPN,ETH,0xc81978862b6cE566400579a5F8975732D42BD410,DVPN.png
Morpheus.Network,MNW,ETH,0xd3E4Ba569045546D09CF021ECC5dFe42b1d7f6E4,MNW.png
VITE,VITE,ETH,0xadd5e881984783dd432f80381fb52f45b53f3e70,VITE.png
ChangeNOW Token,NOW,ETH,0xe9a95d175a5f4c9369f3b74222402eb1b837693b,NOW.png
DeFiChain,DFI,ETH,0x8fc8f8269ebca376d046ce292dc7eac40c8d358a,DFI.png
Electric Vehicle Zone,EVZ,ETH,0x7a939bb714fd2a48ebeb1e495aa9aaa74ba9fa68,EVZ.png
Origin Dollar,OUSD,ETH,0x2A8e1E676Ec238d8A992307B495b45B3fEAa5e86,OUSD.png
UNCX Network,UNCX,ETH,0xaDB2437e6F65682B85F814fBc12FeC0508A7B1D0,UNCX.png
Polaris Share,POLA,ETH,0xc691bc298a304d591Ad9b352c7A8D216dE9f2CED,POLA.png
Rally,RLY,ETH,0xf1f955016EcbCd7321c7266BccFB96c68ea5E49b,RLY.png
Trias Token (New),TRIAS,ETH,0x3A856d4effa670C54585a5D523e96513e148e95d,TRIAS.png
SingularityDAO,SDAO,ETH,0x993864e43caa7f7f12953ad6feb1d1ca635b875f,SDAO.png
UFO Gaming,UFO,ETH,0x249e38ea4102d0cf8264d3701f1a0e39c4f2dc3b,UFO.png
HI,HI,ETH,0xC4f6E93AEDdc11dc22268488465bAbcAF09399aC,HI.png
Decimal,DEL,ETH,0xec6432B90e7fD4d9f872cc5C781f05B617DB861E,DEL.png
Katana Inu,KATA,ETH,0x2e85ae1C47602f7927bCabc2Ff99C40aA222aE15,KATA.png
Multichain,MULTI,ETH,0x65ef703f5594d2573eb71aaf55bc0cb548492df4,MULTI.png
Ambire Wallet,WALLET,ETH,0x88800092ff476844f74dc2fc427974bbee2794ae,WALLET.png
DMAIL Network,DMAIL,ETH,0xcC6f1e1B87cfCbe9221808d2d85C501aab0B5192,DMAIL.png
HELLO Labs,HELLO,ETH,0x411099C0b413f4fedDb10Edf6a8be63BD321311C,HELLO.png
Dynex,DNX,ETH,0x9928a8600D14ac22c0be1E8D58909834d7ceAf13,DNX.png
VNX Swiss Franc,VCHF,ETH,0x79d4f0232A66c4c91b89c76362016A1707CFBF4f,VCHF.png
Moon Tropica,CAH,ETH,0x8e0e57dcb1ce8d9091df38ec1bfc3b224529754a,CAH.png
Rake Coin,RAKE,ETH,0x6553565eac5daa9bfc5e2892b36291634c9b2ad6,RAKE.png
BLOCKLORDS,LRDS,ETH,0xd0a6053f087E87a25dC60701ba6E663b1a548E85,LRDS.png
Pandora,PANDORA,ETH,0x9e9fbde7c7a83c43913bddc8779158f1368f0413,PANDORA.png
Worldwide USD,WUSD,ETH,0x7Cd017ca5ddb86861FA983a34b5F495C6F898c41,WUSD.png
MSTR2100,MSTR,ETH,0x42069026EAC8Eee0Fd9b5f7aDFa4f6E6D69a2B39,MSTR.png
Divi,DIVI,ETH,0x246908BfF0b1ba6ECaDCF57fb94F6AE2FcD43a77,DIVI.png
Moonchain,MXC,ETH,0x5ca381bbfb58f0092df149bd3d243b08b9a8386e,MXC.png
Nestree,EGG,ETH,0x65ccd72c0813ce6f2703593b633202a0f3ca6a0c,EGG.png
MUX Protocol,MCB,ETH,0x4e352cf164e64adcbad318c3a1e222e9eba4ce42,MCB.png
Keep3rV1,KP3R,ETH,0x1ceb5cb57c4d4e2b2433641b95dd330a33185a44,KP3R.png
OVR,OVR,ETH,0x21bfbda47a0b4b5b1248c767ee49f7caa9b23697,OVR.png
Arianee,ARIA20,ETH,0xedf6568618a00c6f0908bf7758a16f76b6e04af9,ARIA20.png
Stake DAO,SDT,ETH,0x73968b9a57c6e53d41345fd57a6e6ae27d6cdb2f,SDT.png
Efinity Token,EFI,ETH,0x656C00e1BcD96f256F224AD9112FF426Ef053733,EFI.png
zkRace,ZERC,ETH,0xf8428A5a99cb452Ea50B6Ea70b052DaA3dF4934F,ZERC.png
Splintershards,SPS,ETH,0x00813e3421e1367353bfe7615c7f7f133c89df74,SPS.png
Tarot,TAROT,ETH,0xa10bf0aBa0C7953F279c4Cb8192d3B5dE5eA56E8,TAROT.png
Swarm Markets,SMT,ETH,0xb17548c7b510427baac4e267bea62e800b247173,SMT.png
Sipher,SIPHER,ETH,0x9F52c8ecbEe10e00D9faaAc5Ee9Ba0fF6550F511,SIPHER.png
DexCheck AI,DCK,ETH,0x672f4fa517894496b8a958b4b3fca068ce513a39,DCK.png
Shrapnel,SHRAP,ETH,0x31e4efe290973ebe91b3a875a7994f650942d28f,SHRAP.png
Multibit,MUBI,ETH,0x38e382f74dfb84608f3c1f10187f6bef5951de93,MUBI.png
AIT Protocol,AIT,ETH,0x89d584A1EDB3A70B3B07963F9A3eA5399E38b136,AIT.png
Eesee,ESE,ETH,0x908dDb096BFb3AcB19e2280aAD858186ea4935C4,ESE.png
Commune AI,COMAI,ETH,0xc78b628b060258300218740b1a7a5b3c82b3bd9f,COMAI.png
LinqAI,LNQ,ETH,0xD4F4D0a10BcaE123bB6655E8Fe93a30d01eEbD04,LNQ.png
OpenGPU,oGPU,ETH,0x067def80d66fb69c276e53b641f37ff7525162f6,oGPU.png
RyuJin,RYU,ETH,0xca530408c3e552b020a2300debc7bd18820fb42f,RYU.png
Router Protocol (New),ROUTE,ETH,0x60f67e1015b3f069dd4358a78c38f83fe3a667a9,ROUTE.png
Sentio Protocol,SEN,ETH,0x421b05cf5ce28Cb7347E73e2278E84472F0E4a88,SEN.png
Augur,REP,ETH,0x1985365e9f78359a9B6AD760e32412f4a445E862,REP.png
LATOKEN,LA,ETH,0xe50365f5d679cb98a1dd62d6f6e58e59321bcddf,LA.png
KAN,KAN,ETH,0x1410434b0346f5be678d0fb554e5c7ab620f8f4a,KAN.png
Blocksquare Token,BST,ETH,0x509a38b7a1cc0dcd83aa9d06214663d9ec7c7f4a,BST.png
Numerico,NWC,ETH,0x968f6f898a6df937fc1859b323ac2f14643e3fed,NWC.png
KardiaChain,KAI,ETH,0xD9Ec3ff1f8be459Bb9369b4E79e9Ebcf7141C093,KAI.png
dHedge DAO,DHT,ETH,0xca1207647ff814039530d7d35df0e1dd2e91fa84,DHT.png
Adappter Token,ADP,ETH,0xc314b0e758d5ff74f63e307a86ebfe183c95767b,ADP.png
GAMEE,GMEE,ETH,0xd9016a907dc0ecfa3ca425ab20b6b785b42f2373,GMEE.png
CateCoin,CATE,ETH,0x051fb509e4a775fabd257611eea1efaed8f91359,CATE.png
TRVL (Dtravel),TRVL,ETH,0xd47bdf574b4f76210ed503e0efe81b58aa061f3d,TRVL.png
NFT Worlds,WRLD,ETH,0xd5d86fc8d5c0ea1ac1ac5dfab6e529c9967a45e9,WRLD.png
Origin DeFi Governance,OGV,ETH,0x9c354503c38481a7a7a51629142963f98ecc12d0,OGV.png
Atlas Navi,NAVI,ETH,0xfc1c93a2507975e98b9d0e9260ded61a00152bf1,NAVI.png
BOB (ETH),BOB,ETH,0x7D8146cf21e8D7cbe46054e01588207b51198729,BOB.png
Jesus Coin,JESUS,ETH,0xba386A4Ca26B85FD057ab1Ef86e3DC7BdeB5ce70,JESUS.png
Aviator,AVI,ETH,0xd2bdaaf2b9cc6981fd273dcb7c04023bfbe0a7fe,AVI.png
Shido ETH,SHIDO,ETH,0xe2512A2f19F0388aD3D7A5263eaA82AcD564827b,SHIDO.png
Verified USD,USDV,ETH,0x0e573ce2736dd9637a0b21058352e1667925c7a8,USDV.png
Blendr Network,BLENDR,ETH,0x84018071282d4b2996272659d9c01cb08dd7327f,BLENDR.png
MAGA (maga-hat.vip),MAGA,ETH,0xd29da236dd4aac627346e1bba06a619e8c22d7c5,MAGA.png
Brett (ETH),BRETT,ETH,0x240D6FAF8c3B1A7394e371792A3bf9D28DD65515,BRETT.png
Patriot,PATRIOT,ETH,0xE9732d4b1E7d3789004fF029f032bA3034db059c,PATRIOT.png
BOSagora,BOA,ETH,0x746dda2ea243400d5a63e0700f190ab79f06489e,BOA.png
Emirex Token,EMRX,ETH,0xbdbC2a5B32F3a5141ACd18C39883066E4daB9774,EMRX.png
Chainge,XCHNG,ETH,0xb712d62fE84258292d1961B5150a19bC4Ab49026,XCHNG.png
RocketX exchange,RVF,ETH,0x2fb652314C3d850E9049057bBE9813F1eEe882d3,RVF.png
Open Custody Protocol,OPEN,ETH,0x4123a133ae3c521fd134d7b13a2dec35b56c2463,OPEN.png
Buying.com,BUY,ETH,0x396ec402b42066864c406d1ac3bc86b575003ed8,BUY.png
LORDS,LORDS,ETH,0x686f2404e77ab0d9070a46cdfb0b7fecdd2318b0,LORDS.png
Cult DAO,CULT,ETH,0xf0f9d895aca5c8678f706fb8216fa22957685a13,CULT.png
QORPO WORLD,QORPO,ETH,0x22514fFb0d7232a56F0c24090E7B68f179FAA940,QORPO.png
KOMPETE,KOMPETE,ETH,0x1E0b2992079B620AA13A7c2E7c88D2e1E18E46E9,KOMPETE.png
Dogechain,DC,ETH,0x7B4328c127B85369D9f82ca0503B000D09CF9180,DC.png
imgnAI,IMGNAI,ETH,0xA735A3AF76CC30791C61c10d585833829d36CBe0,IMGNAI.png
tomi,TOMI,ETH,0x4385328cc4d643ca98dfea734360c0f596c83449,TOMI.png
Winnerz,WNZ,ETH,0x02795795196f563fdafce8dd97fca4871ded51c3,WNZ.png
Pepe 2.0,PEPE2.0,ETH,0x0305f515fa978cf87226cf8A9776D25bcfb2Cc0B,PEPE2.0.png
Soil,SOIL,ETH,0x54991328ab43c7d5d31c19d1b9fa048e77b5cd16,SOIL.png
Coupon Assets,CA,ETH,0x9ee8c380E1926730aD89e91665FF27063b13c90A,CA.png
GameGPT,DUEL,ETH,0x943Af2ece93118B973c95c2F698EE9D15002e604,DUEL.png
Troll,TROLL,ETH,0xf8ebf4849f1fa4faf0dff2106a173d3a6cb2eb3a,TROLL.png
Zypto,ZYPTO,ETH,0x7a65cb87f596caf31a4932f074c59c0592be77d7,ZYPTO.png
Micro GPT,$MICRO,ETH,0x8CEDb0680531d26e62ABdBd0F4c5428b7fDC26d5,$MICRO.png
Shrub,SHRUB,ETH,0x3b991130eae3cca364406d718da22fa1c3e7c256,SHRUB.png
TERMINUS,TERMINUS,ETH,0xcbde0453d4e7d748077c1b0ac2216c011dd2f406,TERMINUS.png
CryptoAutos,AUTOS,ETH,0xf477AC7719e2e659001455cDDA0cc8f3aD10b604,AUTOS.png
Cryptify AI,CRAI,ETH,0xDdbcDD8637d5CEDd15EeEe398108FCa05A71b32b,CRAI.png
Mysterium,MYST,ETH,0x4Cf89ca06ad997bC732Dc876ed2A7F26a9E7f361,MYST.png
BigONE Token,ONE,ETH,0x946551dd05c5abd7cc808927480225ce36d8c475,ONE.png
TOKPIE,TKP,ETH,0xd31695a1d35e489252ce57b129fd4b1b05e6acac,TKP.png
Bitrue Coin,BTR,ETH,0xd433138d12beB9929FF6fd583DC83663eea6Aaa5,BTR.png
ShareToken,SHR,ETH,0xd98f75b1a3261dab9eed4956c93f33749027a964,SHR.png
Project WITH,WIKEN,ETH,0xb7e77aebbe0687d2eff24cc90c41a3b6ea74bdab,WIKEN.png
apM Coin,APM,ETH,0xc8c424b91d8ce0137bab4b832b7f7d154156ba6c,APM.png
BTSE Token,BTSE,ETH,0x666d875c600aa06ac1cf15641361dec3b00432ef,BTSE.png
Serum,SRM,ETH,0x476c5e26a75bd202a9683ffd34359c0cc15be0ff,SRM.png
Hydra,HYDRA,ETH,0x96c3530bfd0a906a123a4e26cebb635636b41f9d,HYDRA.png
Saito,SAITO,ETH,0xFa14Fa6958401314851A17d6C5360cA29f74B57B,SAITO.png
SpookySwap,BOO,ETH,0x55af5865807b196bd0197e0902746f31fbccfa58,BOO.png
XCAD Network,XCAD,ETH,0x7659ce147d0e714454073a5dd7003544234b6aa0,XCAD.png
Starlink,STARL,ETH,0x8e6cd950ad6ba651f6dd608dc70e5886b1aa6b24,STARL.png
Forward Protocol,FORWARD,ETH,0x01824357d7d7eaf4677bc17786abd26cbdec9ad7,FORWARD.png
fanC,FANC,ETH,0xbB126042235E6bD38B17744cb31a8bF4A206c045,FANC.png
Shina Inu,SHI,ETH,0x243cacb4d5ff6814ad668c3e225246efa886ad5a,SHI.png
AIPAD,AIPAD,ETH,0xE55d97A97ae6A17706ee281486E98A84095d8AAf,AIPAD.png
RENEC,RENEC,ETH,0x2270f71bFd8F3396d9B28ecF2eAE7F0E6D48cAFF,RENEC.png
THE BALKAN DWARF,KEKEC,ETH,0x8c7ac134ed985367eadc6f727d79e8295e11435c,KEKEC.png
Mystiko Network,XZK,ETH,0xe8fC52b1bb3a40fd8889C0f8f75879676310dDf0,XZK.png
Cross The Ages,CTA,ETH,0x90685e300A4c4532EFCeFE91202DfE1Dfd572F47,CTA.png
Lovely Finance [New],LOVELY,ETH,0x0f6d4d4643A514132F84F4a270946dB3c7Cb701C,LOVELY.png
Obyte,GBYTE,ETH,0x31F69dE127C8A0fF10819C0955490a4Ae46fcc2a,GBYTE.png
Crypterium,CRPT,ETH,0x08389495D7456E1951ddF7c3a1314A4bfb646d8B,CRPT.png
Celsius,CEL,ETH,0xaaaebe6fe48e54f431b0c390cfaf0b017d09d42d,CEL.png
IRISnet,IRIS,ETH,0x76C4A2B59523eaE19594c630aAb43288dBB1463f,IRIS.png
Banano,BAN,ETH,0xe20b9e246db5a0d21bf9209e4858bc9a3ff7a034,BAN.png
Somnium Space Cubes,CUBE,ETH,0xdf801468a808a32656d2ed2d2d80b72a129739f4,CUBE.png
Blocery,BLY,ETH,0xf8aD7dFe656188A23e89da09506Adf7ad9290D5d,BLY.png
TriumphX,TRIX,ETH,0x056354F3Ff20743aa4c0DA365603871c7000b081,TRIX.png
ICHI,ICHI,ETH,0x111111517e4929d3dcbdfa7cce55d30d4b6bc4d6,ICHI.png
Muse,MUSE,ETH,0xb6ca7399b4f9ca56fc27cbff44f4d2e4eef1fc81,MUSE.png
NFTX,NFTX,ETH,0x87d73E916D7057945c9BcD8cdd94e42A6F47f776,NFTX.png
Akita Inu,AKITA,ETH,0x3301ee63fb29f863f2333bd4466acb46cd8323e6,AKITA.png
Hoge Finance,HOGE,ETH,0xfad45e47083e4607302aa43c65fb3106f1cd7607,HOGE.png
Push Protocol,PUSH,ETH,0xf418588522d5dd018b425E472991E52EBBeEEEEE,PUSH.png
EPIK Prime,EPIK,ETH,0x4da0c48376c277cdbd7fc6fdc6936dee3e4adf75,EPIK.png
GameZone,GZONE,ETH,0xb6adb74efb5801160ff749b1985fd3bd5000e938,GZONE.png
Swash,SWASH,ETH,0xa130e3a33a4d84b04c3918c4e5762223ae252f80,SWASH.png
Izumi Finance,IZI,ETH,0x9ad37205d608b8b219e6a2573f922094cec5c200,IZI.png
RAI Finance,SOFI,ETH,0xB49fa25978abf9a248b8212Ab4b87277682301c0,SOFI.png
Choise.ai,CHO,ETH,0xBBa39Fd2935d5769116ce38d46a71bde9cf03099,CHO.png
CatCoin,CAT,ETH,0x59f4f336bf3d0c49dbfba4a74ebd2a6ace40539a,CAT.png
Carbon browser,CSIX,ETH,0x345887cdb19e12833ed376bbf8b8b38269f5f5c8,CSIX.png
Alvara Protocol,ALVA,ETH,0x8e729198d1C59B82bd6bBa579310C40d740A11C2,ALVA.png
Pikamoon,PIKA,ETH,0xD1e64bcc904Cfdc19d0FABA155a9EdC69b4bcdAe,PIKA.png
Data Ownership Protocol,DOP,ETH,0x97A9a15168C22B3C137E6381037E1499C8ad0978,DOP.png
Ledger AI,LEDGER,ETH,0xD1F2586790a5bD6DA1e443441df53aF6EC213D83,LEDGER.png
Philtoken,PHIL,ETH,0xc328a59E7321747aEBBc49FD28d1b32C1af8d3b2,PHIL.png
Nya,NYA,ETH,0x38F9bf9dCe51833Ec7f03C9dC218197999999999,NYA.png
WELF,WELF,ETH,0x2a92525fDA8D3AB481f8E2a913B64B64bD1c9fdD,WELF.png
Ithaca Protocol,ITHACA,ETH,0x1095ae55b62174d9ea3bc6a4136acacad461d7ce,ITHACA.png
VGX Token,VGX,ETH,0x3C4B6E6e1eA3D4863700D7F76b36B7f3D3f13E3d,VGX.png
SelfKey,KEY,ETH,0x4cc19356f2d37338b9802aa8e8fc58b0373296e7,KEY.png
BABB,BAX,ETH,0xf920e4f3fbef5b3ad0a25017514b769bdc4ac135,BAX.png
Nash,NEX,ETH,0xe2dc070524a6e305ddb64d8513dc444b6a1ec845,NEX.png
Zenon,ZNN,ETH,0xb2e96a63479c2edd2fd62b382c89d5ca79f572d3,ZNN.png
Robonomics.network,XRT,ETH,0x7de91b204c1c737bcee6f000aaa6569cf7061cb7,XRT.png
King DAG,KDAG,ETH,0x95e40e065afb3059dcabe4aaf404c1f92756603a,KDAG.png
Fuse,FUSE,ETH,0x970b9bb2c0444f5e81e9d0efb84c8ccdcdcaf84d,FUSE.png
PoolTogether,POOL,ETH,0x0cec1a9154ff802e7934fc916ed7ca50bde6844e,POOL.png
HAPI Protocol,HAPI,ETH,0xd9c2d319cd7e6177336b0a9c93c21cb48d84fb54,HAPI.png
Fei USD,FEI,ETH,0x956F47F50A910163D8BF957Cf5846D573E7f87CA,FEI.png
Big Data Protocol,BDP,ETH,0xf3dcbc6D72a4E1892f7917b7C43b74131Df8480e,BDP.png
Deeper Network,DPR,ETH,0xf3ae5d769e153ef72b4e3591ac004e89f48107a1,DPR.png
Ispolink,ISP,ETH,0xc8807f0f5ba3fa45ffbdc66928d71c5289249014,ISP.png
Netvrk,NETVR,ETH,0x52498F8d9791736f1D6398fE95ba3BD868114d10,NETVR.png
Baanx,BXX,ETH,0x6b1a8f210ec6b7b6643cea3583fb0c079f367898,BXX.png
LABEL AI,LBL,ETH,0x2162f572B25f7358db9376AB58a947a4e45CeDE1,LBL.png
Credefi,CREDI,ETH,0xaE6e307c3Fe9E922E5674DBD7F830Ed49c014c6B,CREDI.png
Symbiosis,SIS,ETH,0xd38BB40815d2B0c2d2c866e0c72c5728ffC76dd9,SIS.png
Creo Engine,CREO,ETH,0xe636f94a71eC52Cc61eF21787aE351AD832347B7,CREO.png
GensoKishi Metaverse,MV,ETH,0xAE788F80F2756A86aa2F410C651F2aF83639B95b,MV.png
Lumerin,LMR,ETH,0x4b1d0b9f081468d780ca1d5d79132b64301085d1,LMR.png
SOVRUN,SOVRN,ETH,0x031B8d752d73d7Fe9678ACEf26e818280D0646b4,SOVRN.png
STAT,STAT,ETH,0x4fc15c91a9c4a9efb404174464687e8e128730c2,STAT.png
ISKRA Token,ISK,ETH,0x17d2628D30F8e9E966c9Ba831c9B9b01ea8Ea75C,ISK.png
Verse,VERSE,ETH,0x249cA82617eC3DfB2589c4c17ab7EC9765350a18,VERSE.png
IMPT,IMPT,ETH,0x04c17b9d3b29a78f7bd062a57cf44fc633e71f85,IMPT.png
BobaCat,PSPS,ETH,0x03049b395147713ae53c0617093675b4b86dde78,PSPS.png
Port3 Network,PORT3,ETH,0xb4357054c3da8d46ed642383f03139ac7f090343,PORT3.png
Smart Layer Network,SLN,ETH,0xdb82c0d91e057e05600c8f8dc836beb41da6df14,SLN.png
Undeads Games,UDS,ETH,0x712bd4Beb54C6B958267d9dB0259abdBb0BFF606,UDS.png
MetaCene,MAK,ETH,0xc283c54DF1d858570071a053057806ae73CB6A64,MAK.png
LogX Network,LOGX,ETH,0xa3F4341C3fEf5963AB04135D2014AC7d68222E19,LOGX.png
CatSlap,SLAP,ETH,0xF107edABF59ba696E38DE62Ad5327415Bd4D4236,SLAP.png
VestChain,VEST,ETH,0x37f04d2c3ae075fad5483bb918491f656b12bdb6,VEST.png
Valor Token,VALOR,ETH,0x297e4e5e59ad72b1b0a2fd446929e76117be0e0a,VALOR.png
BitForex Token,BF,ETH,0x5b71bee9d961b1b848f8485eec8d8787f80217f5,BF.png
WOM Protocol,WOM,ETH,0xBd356a39BFf2cAda8E9248532DD879147221Cf76,WOM.png
PowerPool,CVP,ETH,0x38e4adb44ef08f22f5b5b76a8f0c2d0dcbe7dca1,CVP.png
WHALE,WHALE,ETH,0x9355372396e3F6daF13359B7b607a3374cc638e0,WHALE.png
Ternoa,CAPS,ETH,0x03be5c903c727ee2c8c4e9bc0acc860cca4715e2,CAPS.png
Gracy,GRACY,ETH,0x7c95e7ad2b349dc2f82d0f1117a44b561fa2699a,GRACY.png
Pintu Token,PTU,ETH,0xC229c69eB3BB51828D0cAA3509A05a51083898dd,PTU.png
KiboShib,KIBSHI,ETH,0x02e7f808990638e9e67e1f00313037ede2362361,KIBSHI.png
POOH,POOH,ETH,0xb69753c06bb5c366be51e73bfc0cc2e3dc07e371,POOH.png
0xGasless,0XGAS,ETH,0x5FC111f3Fa4C6b32eAf65659CFEbdeed57234069,0XGAS.png
UniBot,UNIBOT,ETH,0xf819d9cb1c2a819fd991781a822de3ca8607c3c9,UNIBOT.png
Bitrock,BROCK,ETH,0xde67d97b8770dc98c746a3fc0093c538666eb493,BROCK.png
Crypto Asset Governance Alliance,CAGA,ETH,0xbddc20ed7978b7d59ef190962f441cd18c14e19f,CAGA.png
Byte,BYTE,ETH,0xdE342A3E269056fc3305f9e315F4C40D917BA521,BYTE.png
Alphakek AI,AIKEK,ETH,0x8dce83eca4af45dbe618da1779f9aaca43201084,AIKEK.png
GAM3S.GG,G3,ETH,0xCF67815ccE72E682Eb4429eCa46843bed81Ca739,G3.png
HotKeySwap,HOTKEY,ETH,0x018DD3A0Dd7F213cc822076b3800816d3CE1ED86,HOTKEY.png
Everyworld,EVERY,ETH,0x9aFa9999e45484Adf5d8EED8D9Dfe0693BACd838,EVERY.png
Skillful AI,SKAI,ETH,0xCF078DA6e85389de507ceeDE0E3d217e457B9d49,SKAI.png
Azuro Protocol,AZUR,ETH,0x9E6be44cC1236eEf7e1f197418592D363BedCd5A,AZUR.png
Upland (SPARKLET),SPARKLET,ETH,0x0bc37BEA9068a86C221B8bd71eA6228260DAD5A2,SPARKLET.png
BytomDAO,BTM,ETH,0x4951beC6F4DFc23935C0Ec8Af92f231F4C20ea03,BTM.png
QuadrantProtocol,EQUAD,ETH,0xc28e931814725bbeb9e670676fabbcb694fe7df2,EQUAD.png
TOP AI Network,TOP,ETH,0xdcD85914b8aE28c1E62f1C488E1D968D5aaFfE2b,TOP.png
botXcoin,BOTX,ETH,0xEF19F4E48830093Ce5bC8b3Ff7f903A0AE3E9Fa1,BOTX.png
Bepro,BEPRO,ETH,0xcf3c8be2e2c42331da80ef210e9b1b307c03d36a,BEPRO.png
Sylo,SYLO,ETH,0xf293d23bf2cdc05411ca0eddd588eb1977e8dcd4,SYLO.png
Meter Governance,MTRG,ETH,0xBd2949F67DcdC549c6Ebe98696449Fa79D988A9F,MTRG.png
KIRA,KEX,ETH,0x16980b3b4a3f9d89e33311b5aa8f80303e5ca4f8,KEX.png
Unifi Protocol DAO,UNFI,ETH,0x441761326490cacf7af299725b6292597ee822c2,UNFI.png
Kylin,KYL,ETH,0x5d07F52aE5f779422447C2A32F58c93A15E7d6F2,KYL.png
Ctrl Wallet,CTRL,ETH,0xe50e009ddb1a4d8ec668eac9d8b2df1f96348707,CTRL.png
Mintlayer,ML,ETH,0x059956483753947536204e89bfad909e1a434cc6,ML.png
DappRadar,RADAR,ETH,0x44709a920fccf795fbc57baa433cc3dd53c44dbe,RADAR.png
EverRise,RISE,ETH,0xC17c30e98541188614dF99239cABD40280810cA3,RISE.png
Neighbourhoods,NHT,ETH,0x84342e932797FC62814189f01F0Fb05F52519708,NHT.png
Arcana Network,XAR,ETH,0x5027Fc44a7Ba114B8f494B1e4970900C6652FEDF,XAR.png
Perion,PERC,ETH,0x60be1e1fe41c1370adaf5d8e66f07cf1c2df2268,PERC.png
VNX Euro,VEUR,ETH,0x6ba75d640bebfe5da1197bb5a2aff3327789b5d3,VEUR.png
Real Smurf Cat,SMURFCAT,ETH,0xfF836A5821E69066c87E268bC51b849FaB94240C,SMURFCAT.png
Bitcoin Virtual Machine,BVM,ETH,0x069d89974f4edabde69450f9cf5cf7d8cbd2568d,BVM.png
Apeiron,APRS,ETH,0x95b4B8CaD3567B5d7EF7399C2aE1d7070692aB0D,APRS.png
Saakuru Protocol,SKR,ETH,0xe2dCA969624795985F2f083BcD0b674337ba130a,SKR.png
Sharpe AI,SAI,ETH,0x3567aa22cd3ab9aef23d7e18ee0d7cf16974d7e6,SAI.png
Seedworld,SWORLD,ETH,0x968bE3F7bfeF0F8eDc3c1aD90232EbB0DA0867aA,SWORLD.png
Muhdo Hub,DNA,ETH,0x7d3e4165fd7D8590fB2a415A550F7bdecE5c4F52,DNA.png
Presearch,PRE,ETH,0xEC213F83defB583af3A000B1c0ada660b1902A0F,PRE.png
Energi,NRG,ETH,0x1416946162b1c2c871a73b07e932d2fb6c932069,NRG.png
NEST Protocol,NEST,ETH,0xcd6926193308d3B371FdD6A6219067E550000000,NEST.png
Crust Network,CRU,ETH,0x32a7C02e79c4ea1008dD6564b35F131428673c41,CRU.png
Nuco.cloud,NCDT,ETH,0xe0c8b298db4cffe05d1bea0bb1ba414522b33c1b,NCDT.png
Rubic,RBC,ETH,0x3330bfb7332ca23cd071631837dc289b09c33333,RBC.png
Mettalex,MTLX,ETH,0x2e1e15c44ffe4df6a0cb7371cd00d5028e571d14,MTLX.png
Lattice Token,LTX,ETH,0xa393473d64d2F9F026B60b6Df7859A689715d092,LTX.png
MASQ,MASQ,ETH,0x06f3c323f0238c72bf35011071f2b5b7f43a054c,MASQ.png
Rai Reflex Index,RAI,ETH,0x03ab458634910aad20ef5f1c8ee96f1d6ac54919,RAI.png
UnMarshal,MARSH,ETH,0x5a666c7d92E5fA7Edcb6390E4efD6d0CDd69cF37,MARSH.png
Witch Token,WITCH,ETH,0xdc524e3c6910257744c1f93cf15e9f472b5bd236,WITCH.png
ShibaDoge,SHIBDOGE,ETH,0x6adb2e268de2aa1abf6578e4a8119b960e02928f,SHIBDOGE.png
5ire,5IRE,ETH,0x3bd7d4F524D09F4e331577247A048D56e4b67a7F,5IRE.png
Dejitaru Tsuka,TSUKA,ETH,0xc5fb36dd2fb59d3b98deff88425a3f425ee469ed,TSUKA.png
Orbofi AI,OBI,ETH,0xbb3a8fd6ec4bf0fdc6cd2739b1e41192d12b1873,OBI.png
PLAYA3ULL GAMES,3ULL,ETH,0x0339f586230176a243dc9abc757ba1faa5242bd3,3ULL.png
Warped Games,WARPED,ETH,0x6af53c6ec427525f7240e211941223288a0e7c66,WARPED.png
Inspect,INSP,ETH,0x186eF81fd8E77EEC8BfFC3039e7eC41D5FC0b457,INSP.png
TypeAI,TYPE,ETH,0x443459d45c30a03f90037d011cbe22e2183d3b12,TYPE.png
Unibright,UBT,ETH,0x8400d94a5cb0fa0d041a3788e395285d61c9ee5e,UBT.png
BaaSid,BAAS,ETH,0x5d929AA919E489505CcAAd8A199619c6DCA0c2de,BAAS.png
AmonD,AMON,ETH,0x00059ae69c1622a7542edc15e8d17b060fe307b6,AMON.png
Darwinia Network,RING,ETH,0x9469d013805bffb7d3debe5e7839237e535ec483,RING.png
Etherisc DIP Token,DIP,ETH,0xc719d010b63e5bbf2c0551872cd5316ed26acd83,DIP.png
Onooks,OOKS,ETH,0x69d9905b2e5f6f5433212b7f3c954433f23c1572,OOKS.png
Paribus,PBX,ETH,0xd528cf2e081f72908e086f8800977df826b5a483,PBX.png
Gamium,GMM,ETH,0x4B19C70Da4c6fA4bAa0660825e889d2F7eaBc279,GMM.png
Cosplay Token,COT,ETH,0x5cac718a3ae330d361e39244bf9e67ab17514ce8,COT.png
Mancium,MANC,ETH,0xe0c05ec44775e4ad62cdc2eecdf337aa7a143363,MANC.png
Optimus AI,OPTI,ETH,0x562e362876c8aee4744fc2c6aac8394c312d215d,OPTI.png
Sabai Protocol,SABAI,ETH,0xb5d730d442e1d5b119fb4e5c843c48a64202ef92,SABAI.png
WeFi,WEFI,ETH,0xffa188493c15dfaf2c206c97d8633377847b6a52,WEFI.png
MongCoin,$MONG,ETH,0x1ce270557C1f68Cfb577b856766310Bf8B47FD9C,$MONG.png
Meta Monopoly,MONOPOLY,ETH,0x7d4A7be025652995364E0E232063abd9e8d65e6E,MONOPOLY.png
Bubble,BUBBLE,ETH,0xe9689028eDE16c2FDFE3D11855D28f8E3fC452a3,BUBBLE.png
Trog,TROG,ETH,0x2077D81d0c5258230D5a195233941547cB5f0989,TROG.png
Mars,MARS,ETH,0xb8d6196d71cdd7d90a053a7769a077772aaac464,MARS.png
Sage,SAGE,ETH,0xa71261c2b51cb8030700f5601ca597c522dc232e,SAGE.png
UNIT0,UNIT0,ETH,0x48b847cf774a5710f36f594b11fc10e2e59bba72,UNIT0.png
Ondo DeFAI,ONDOAI,ETH,0xFA1b1f13080857Bf373de0De93970c96d2C29FD0,ONDOAI.png
Populous,PPT,ETH,0xd4fa1460f537bb9085d22c7bccb5dd450ef28e3a,PPT.png
Carbon Protocol,SWTH,ETH,0xb4371da53140417cbb3362055374b10d97e420bb,SWTH.png
Lambda,LAMB,ETH,0x8971f9fd7196e5cee2c1032b50f656855af7dd26,LAMB.png
SparkPoint,SRK,ETH,0x0488401c3f535193fa8df029d9ffe615a06e74e6,SRK.png
Orbit Chain,ORC,ETH,0x662b67d00a13faf93254714dd601f5ed49ef2f51,ORC.png
BarnBridge,BOND,ETH,0x0391D2021f89DC339F60Fff84546EA23E337750f,BOND.png
Everest,ID,ETH,0xebd9d99a3982d547c5bb4db7e3b1f9f14b67eb83,ID.png
Xend Finance,RWA,ETH,0x4563554284aA7148D6E6D0351519E954Ba3B6E02,RWA.png
Penpie,PNP,ETH,0x7DEdBce5a2E31E4c75f87FeA60bF796C17718715,PNP.png
RepubliK,RPK,ETH,0x313cae7ad4454aac7b208c1f089da2b0e5825e46,RPK.png
Hemule,HEMULE,ETH,0xeAA63125dd63f10874F99CdBbb18410e7Fc79dD3,HEMULE.png
Bag,BAG,ETH,0x808688c820AB080A6Ff1019F03E5EC227D9b522B,BAG.png
Chickencoin,CHKN,ETH,0xD55210Bb6898C021a19de1F58d27b71f095921Ee,CHKN.png
Sekuya Multiverse,SKYA,ETH,0x623cD3a3EdF080057892aaF8D773Bbb7A5C9b6e9,SKYA.png
Mystery,MYSTERY,ETH,0x64c5cbA9A1BfBD2A5faf601D91Beff2dCac2c974,MYSTERY.png
SunContract,SNC,ETH,0xF4134146AF2d511Dd5EA8cDB1C4AC88C57D60404,SNC.png
ABBC Coin,ABBC,ETH,0xe83ce6bfb580583bd6a62b4be7b34fc25f02910d,ABBC.png
MultiVAC,MTV,ETH,0x6226e00bcac68b0fe55583b90a1d727c14fab77f,MTV.png
Kaon,AKRO,ETH,0x8ab7404063ec4dbcfd4598215992dc3f8ec853d7,AKRO.png
Minter Network,BIP,ETH,0xcafe34bae6f1b23a6b575303edcc0578d2188131,BIP.png
Xaya,CHI,ETH,0x6DC02164d75651758aC74435806093E421b64605,CHI.png
Attila,ATT,ETH,0x89Fb927240750c1B15d4743cd58440fc5f14A11C,ATT.png
Frontier,FRONT,ETH,0xf8C3527CC04340b208C854E985240c02F7B7793f,FRONT.png
ASTA,ASTA,ETH,0xf2ddae89449b7d26309a5d54614b1fc99c608af5,ASTA.png
REVV,REVV,ETH,0x557b933a7c2c45672b610f8954a3deb39a51a8ca,REVV.png
saffron.finance,SFI,ETH,0xb753428af26e81097e7fd17f40c88aaa3e04902c,SFI.png
MAHA.xyz,MAHA,ETH,0x745407c86df8db893011912d3ab28e68b62e49b0,MAHA.png
AXIS Token,AXIS,ETH,0xF0c5831EC3Da15f3696B4DAd8B21c7Ce2f007f28,AXIS.png
Anchor Protocol,ANC,ETH,0x0F3ADC247E91c3c50bC08721355A41037E89Bc20,ANC.png
SHOPX,SHOPX,ETH,0x7bef710a5759d197ec0bf621c3df802c2d60d848,SHOPX.png
Gains,GAINS,ETH,0x056C1D42Fb1326f57da7f19eBB7dDA4673f1FF55,GAINS.png
DOGAMÍ,DOGA,ETH,0x4dbe83285fc959011f65dc613aeea638f18d3b92,DOGA.png
SENATE,SENATE,ETH,0x34Be5b8C30eE4fDe069DC878989686aBE9884470,SENATE.png
Pip,PIP,ETH,0x76ff2AB6b34142421F44A68cC8Dd08f45F9Ee2F2,PIP.png
Geojam Token,JAM,ETH,0x23894DC9da6c94ECb439911cAF7d337746575A72,JAM.png
Shiba Predator,QOM,ETH,0xa71d0588EAf47f12B13cF8eC750430d21DF04974,QOM.png
Minted,MTD,ETH,0x809E130E10e787139c54e1d12d3D1971b7A675Bf,MTD.png
Rejuve.AI,RJV,ETH,0xa1f410f13B6007fCa76833ee7eb58478D47Bc5Ef,RJV.png
RabbitX,RBX,ETH,0x3Ba925fdeAe6B46d0BB4d424D829982Cb2F7309e,RBX.png
GameSwift,GSWIFT,ETH,0x580e933d90091b9ce380740e3a4a39c67eb85b4c,GSWIFT.png
Morpheus Infrastructure Node,MIND,ETH,0xc9eb61ffb66d5815d643bbb8195e17c49687ae1e,MIND.png
beoble,BBL,ETH,0xD979c468a68062e7bdff4Ba6DF7842DfD3492E0f,BBL.png
Q Protocol,QGOV,ETH,0xb933e6003Fc9b9152Ac64C26F09779825cE4cb66,QGOV.png
ETHEREUM IS GOOD,EBULL,ETH,0x71297312753ea7a2570a5a3278ed70d9a75f4f44,EBULL.png
Klaus,KLAUS,ETH,0xb612bFC5cE2FB1337Bd29F5Af24ca85DbB181cE2,KLAUS.png
Didi Bam Bam,DDBAM,ETH,0x5832Fbf930DacbDd9a1697dCA7b3C518277FF0b0,DDBAM.png
Circuits of Value,COVAL,ETH,0x3d658390460295fb963f54dc0899cfb1c30776df,COVAL.png
Revain,REV,ETH,0x2ef52Ed7De8c5ce03a4eF0efbe9B7450F2D7Edc9,REV.png
ROOBEE,ROOBEE,ETH,0xa31b1767e09f842ecfd4bc471fe44f830e3891aa,ROOBEE.png
MAX Exchange Token,MAX,ETH,0xe7976c4Efc60d9f4C200Cc1bCEF1A1e3B02c73e7,MAX.png
mStable Governance Token: Meta (MTA),MTA,ETH,0xa3BeD4E1c75D00fa6f4E5E6922DB7261B5E9AcD2,MTA.png
Spheroid Universe,SPH,ETH,0xa0cf46eb152656c7090e769916eb44a138aaa406,SPH.png
Vidya,VIDYA,ETH,0x3d3d35bb9bec23b06ca00fe472b50e7a4c692c30,VIDYA.png
Juggernaut,JGN,ETH,0x73374ea518de7addd4c2b624c0e8b113955ee041,JGN.png
Rari Governance Token,RGT,ETH,0xd291e7a03283640fdc51b121ac401383a46cc623,RGT.png
Handy,HANDY,ETH,0x8bbe1a2961B41340468D0548c2cd5B7DFA9b684c,HANDY.png
Vesper,VSP,ETH,0x1b40183efb4dd766f11bda7a7c3ad8982e998421,VSP.png
Red Kite,PKF,ETH,0x8b39b70e39aa811b69365398e0aace9bee238aeb,PKF.png
B-cube.ai,BCUBE,ETH,0x93C9175E26F57d2888c7Df8B470C9eeA5C0b0A93,BCUBE.png
Gamestarter,GAME,ETH,0xD567B5F02b9073aD3a982a099a23Bf019FF11d1c,GAME.png
Strips Finance,STRP,ETH,0x97872EAfd79940C7b24f7BCc1EADb1457347ADc9,STRP.png
XELS,XELS,ETH,0x397Deb686C72384FAd502A81f4d7fDb89e1f1280,XELS.png
JMPT Rewards,JMPT,ETH,0x420a24c9c65bd44c48bfB1cC8D6cD1ea8B1Ac840,JMPT.png
Bubblefong,BBF,ETH,0xde075d9adbd0240b4462f124af926452ad0bac91,BBF.png
Ferro,FER,ETH,0x2f32b39023dA7d6A6486A85d12B346EB9C2A0D19,FER.png
Astrafer,ASTRAFER,ETH,0xb51b97dd5569fab69495316b5a065cccff4b829d,ASTRAFER.png
Suzuverse,SGT,ETH,0x5b649C07E7Ba0a1C529DEAabEd0b47699919B4a2,SGT.png
Cogito Finance,CGV,ETH,0xaeF420fd77477d9Dc8B46D704D44dD09d6c27866,CGV.png
Dypius [New],DYP,ETH,0x39b46b212bdf15b42b166779b9d1787a68b9d0c3,DYP.png
StablR Euro,EURR,ETH,0x50753cfaf86c094925bf976f218d043f8791e408,EURR.png
Asterix Labs,ASTX,ETH,0x0000000000ca73A6df4C58b84C5B4b847FE8Ff39,ASTX.png
HOME3,HTS,ETH,0xC40629464351c37c1e1f47b3640eA2e7AeC31eA5,HTS.png
XYRO,XYRO,ETH,0x4eddb15a0abfa2c349e8065af9214e942d9a6d36,XYRO.png
Speedy,SPEEDY,ETH,0xc8f69a9b46b235de8d0b77c355fff7994f1b090f,SPEEDY.png
Tomo Cat,$TOMO,ETH,0x6A4402a535d74Bd0C9cDb5Ce2d51822Fc9F6620E,$TOMO.png
OAX,OAX,ETH,0x701c244b988a513c945973defa05de933b23fe1d,OAX.png
Dentacoin,DCN,ETH,0x08d32b0da63e2C3bcF8019c9c5d849d7a9d791e6,DCN.png
Fusion,FSN,ETH,0x9AfC975EdB8a0B57f066e8e0A72A5e2ADbdCb605,FSN.png
SOLVE,SOLVE,ETH,0x446c9033e7516d820cc9a2ce2d0b7328b579406f,SOLVE.png
Jobchain,JOB,ETH,0xdfbc9050f5b01df53512dcc39b4f2b2bbacd517a,JOB.png
TenUp,TUP,ETH,0x7714f320Adca62B149df2579361AfEC729c5FE6A,TUP.png
Neutrino Index,XTN,ETH,0x674C6Ad92Fd080e4004b2312b45f796a192D27a0,XTN.png
NerveNetwork,NVT,ETH,0x7b6f71c8b123b38aa8099e0098bec7fbc35b8a13,NVT.png
Stobox Token,STBU,ETH,0xa6422e3e219ee6d4c1b18895275fe43556fd50ed,STBU.png
Gameswap,GSWAP,ETH,0xaac41ec512808d64625576eddd580e7ea40ef8b2,GSWAP.png
Mirror Protocol,MIR,ETH,0x09a3EcAFa817268f77BE1283176B946C4ff2E608,MIR.png
Forj (Bondly),BONDLY,ETH,0x91dfbee3965baaee32784c2d546b7a0c62f268c9,BONDLY.png
Umbrella Network,UMB,ETH,0x6fc13eace26590b80cccab1ba5d51890577d83b2,UMB.png
TOWER,TOWER,ETH,0x1c9922314ed1415c95b9fd453c3818fd41867d0b,TOWER.png
MILC Platform,MLT,ETH,0x9506d37f70eB4C3d79C398d326C871aBBf10521d,MLT.png
holoride,RIDE,ETH,0xf97e2a78f1f3d1fd438ff7cc3bb7de01e5945b83,RIDE.png
UBXS Token,UBXS,ETH,0xfE6e6b60e441a383983eCe2139e3Ca3B3239E49E,UBXS.png
Dust Protocol,DUST,ETH,0xB5b1b659dA79A2507C27AaD509f15B4874EDc0Cc,DUST.png
Chirpley,CHRP,ETH,0x70Bc0DC6414EB8974BC70685F798838a87d8CCe4,CHRP.png
LightLink,LL,ETH,0x0921799CB1d702148131024d18fCdE022129Dc73,LL.png
Gemach,GMAC,ETH,0xD96e84DDBc7CbE1D73c55B6fe8c64f3a6550deea,GMAC.png
BLOCX.,BLOCX,ETH,0x4ff57e25eeb7affbbb060e0bad2e1759efc8bec4,BLOCX.png
AGIX,AGX,ETH,0xE2432110C32D0717E33c245fe0CFA2B26c07f47a,AGX.png
Quantoz EURQ,EURQ,ETH,0x8dF723295214Ea6f21026eeEb4382d475f146F9f,EURQ.png
Abyss,ABYSS,ETH,0x0e8d6b471e332f140e7d9dbb99e5e3822f728da6,ABYSS.png
Unification,FUND,ETH,0xe9B076B476D8865cDF79D1Cf7DF420EE397a7f75,FUND.png
GNY,GNY,ETH,0xb1f871Ae9462F1b2C6826E88A7827e76f86751d4,GNY.png
ForTube,FOR,ETH,0x1fcdce58959f536621d76f5b7ffb955baa5a672f,FOR.png
Geeq,GEEQ,ETH,0x6b9f031d718dded0d681c20cb754f97b3bb81b78,GEEQ.png
Polkadex,PDEX,ETH,0xF59ae934f6fe444afC309586cC60a84a0F89Aaea,PDEX.png
Hot Cross,HOTCROSS,ETH,0x4297394c20800e8a38a619a243e9bbe7681ff24e,HOTCROSS.png
Lossless,LSS,ETH,0x3b9be07d622accaed78f479bc0edabfd6397e320,LSS.png
RMRK,RMRK,ETH,0x524d524B4c9366be706D3A90dcf70076ca037aE3,RMRK.png
StreamCoin,STRM,ETH,0x94a7f270cd12545a277e656266aef5e27df3eb28,STRM.png
MongolNFT Coin,MNFT,ETH,0x3235B13708F178Af6F110dE7177ED5De10c1093d,MNFT.png
NanoByte Token,NBT,ETH,0x446F2A8A39Cc730ef378Be759A3c57f1a3fE824c,NBT.png
Blockchain Brawlers,BRWL,ETH,0x4086e77c5e993fdb90a406285d00111a974f877a,BRWL.png
XODEX,XODEX,ETH,0xb81408a1cC2f4be70a6a3178D351ca95A77C5A06,XODEX.png
STFX,STFX,ETH,0x9343e24716659A3551eB10Aff9472A2dcAD5Db2d,STFX.png
Prometheum Prodigy,PMPY,ETH,0x1123d17fcf93ed2b41440317503346a0fdfe3ed7,PMPY.png
VoluMint,VMINT,ETH,0xD7B2C1a7F3c67fB0EA57a7ef29bC1F18D7bE3195,VMINT.png
LandX Finance,LNDX,ETH,0x08A1C30BBB26425c1031ee9E43FA0B9960742539,LNDX.png
Neurahub,NEURA,ETH,0x3d1c949a761c11e4cc50c3ae6bdb0f24fd7a39da,NEURA.png
Three Protocol Token,THREE,ETH,0xa059b81568fee88791de88232e838465826cf419,THREE.png
GALAXIS Token,GALAXIS,ETH,0x423071774C43c0Aaf4210b439E7CDA8c797e2F26,GALAXIS.png
Baby Pepe,BABYPEPE,ETH,0x69babE9811CC86dCfC3B8f9a14de6470Dd18EDA4,BABYPEPE.png
Qudefi,QUDEFI,ETH,0x1842f548295b222c56939745d8ddf74981d40030,QUDEFI.png
TenX,PAY,ETH,0xb97048628db6b661d4c2aa833e95dbe1a905b280,PAY.png
FREEdom Coin,FREE,ETH,0x2f141ce366a2462f02cea3d12cf93e4dca49e4fd,FREE.png
Tap,XTP,ETH,0x6368e1E18c4C419DDFC608A0BEd1ccb87b9250fc,XTP.png
ClinTex CTi,CTI,ETH,0xcB8fb2438A805664cD8c3e640b85AC473DA5BE87,CTI.png
Exeedme,XED,ETH,0xef7f7820a001aabAc5E0979b175C9ff8Af3Dd4ec,XED.png
My Crypto Heroes,MCHC,ETH,0xd69f306549e9d96f183b1aeca30b8f4353c2ecc3,MCHC.png
Dotmoovs,MOOV,ETH,0x4116f14b6d462b32a1c10f98049e4b1765e34fa9,MOOV.png
PureFi Protocol,UFI,ETH,0xcDa4e840411C00a614aD9205CAEC807c7458a0E3,UFI.png
Fenerbahçe Token,FB,ETH,0xfb19075d77a0f111796fb259819830f4780f1429,FB.png
Ooki Protocol,OOKI,ETH,0x0De05F6447ab4D22c8827449EE4bA2D5C288379B,OOKI.png
Aether Games,AEG,ETH,0xF0187b76be05C1FCAa24f39C0a3aAB4434099c4f,AEG.png
AssetMantle,MNTL,ETH,0x2c4f1df9c7de0c59778936c9b145ff56813f3295,MNTL.png
OpenLeverage,OLE,ETH,0x1B6e9c73beE68102d9dd4A2627f97bFf4183ab0A,OLE.png
Reality Metaverse,RMV,ETH,0x423352f2c6e0e72422b69af03aba259310146d90,RMV.png
Veloce,VEXT,ETH,0xB2492E97a68a6E4B9E9a11B99F6C42E5aCCD38c7,VEXT.png
ELON Coin,ELON,ETH,0x69420e3a3aa9e17dea102bb3a9b3b73dcddb9528,ELON.png
Pepoclown,HONK,ETH,0xd8e8438cf7beed13cfabc82f300fb6573962c9e3,HONK.png
Lollybomb Meme Coin,BOMB,ETH,0x6B6EE7393F07B3dD1427b6848d3576F31C313127,BOMB.png
KAI KEN,KAI,ETH,0xA045Fe936E26e1e1e1Fb27C1f2Ae3643acde0171,KAI.png
WELL3,$WELL,ETH,0x63696fc66795b51d02c1590b536484a41fbddf9a,$WELL.png
DeBox,BOX,ETH,0x32B77729cD87F1EF2bEa4C650c16f89f08472c69,BOX.png
Moonray,MNRY,ETH,0x06904a21f2dB805487FcBDC3b3Fe9607dAaa5D54,MNRY.png
Humaniq,HMQ,ETH,0xcbcc0f036ed4788f63fc0fee32873d6a7487b908,HMQ.png
Pillar,PLR,ETH,0xe3818504c1b32bf1557b16c238b2e01fd3149c17,PLR.png
SALT,SALT,ETH,0x4156D3342D5c385a87D264F90653733592000581,SALT.png
TrustVerse,TRV,ETH,0x72955ecff76e48f2c8abcce11d54e5734d6f3657,TRV.png
DSLA Protocol,DSLA,ETH,0x3affcca64c2a6f4e3b6bd9c64cd2c969efd1ecbe,DSLA.png
SENSO,SENSO,ETH,0xc19b6a4ac7c7cc24459f08984bbd09664af17bd1,SENSO.png
Hakka.Finance,HAKKA,ETH,0x0e29e5abbb5fd88e28b2d355774e73bd47de3bcd,HAKKA.png
UniLayer,LAYER,ETH,0x0fF6ffcFDa92c53F615a4A75D982f399C989366b,LAYER.png
Pickle Finance,PICKLE,ETH,0x429881672B9AE42b8EbA0E26cD9C73711b891Ca5,PICKLE.png
Efforce,WOZX,ETH,0x34950ff2b487d9e5282c5ab342d08a2f712eb79f,WOZX.png
MAPS,MAPS,ETH,0x2b915b505c017abb1547aa5ab355fbe69865cc6d,MAPS.png
ZKBase,ZKB,ETH,0xBBBbbBBB46A1dA0F0C3F64522c275BAA4C332636,ZKB.png
Govi,GOVI,ETH,0xeeaa40b28a2d1b0b08f6f97bb1dd4b75316c6107,GOVI.png
Polkamarkets,POLK,ETH,0xd478161c952357f05f0292b56012cd8457f1cfbf,POLK.png
Dfyn Network,DFYN,ETH,0x9695e0114e12c0d3a3636fab5a18e6b737529023,DFYN.png
ACENT,ACE,ETH,0xec5483804e637d45cde22fa0869656b64b5ab1ab,ACE.png
Rangers Protocol Gas,RPG,ETH,0x1f16D41f9B3dB03b462BDD6c92245ee708D1C103,RPG.png
MBD Financials,MBD,ETH,0xaAf449Bf8A33a32575C31BA8CBb90612Dd95aCFa,MBD.png
Tamadoge,TAMA,ETH,0x12b6893cE26Ea6341919FE289212ef77e51688c8,TAMA.png
PLANET,PLANET,ETH,0x2ad9addd0d97ec3cdba27f92bf6077893b76ab0b,PLANET.png
BEFE,BEFE,ETH,0x0cc488a3f6c9a569614912e421115995493fdfec,BEFE.png
Morra,MORRA,ETH,0xd9adfb67381d392c6e9671f64cdd9014bfcd74f2,MORRA.png
Super Trump Coin,STRUMP,ETH,0x7039cd6D7966672F194E8139074C3D5c4e6DCf65,STRUMP.png
MindAI,MDAI,ETH,0xb549116ac57b47c1b365a890e1d04fd547dfff97,MDAI.png
bitSmiley,SMILE,ETH,0x6A9B3fdB4a3296eCba1EbFA2cF4A8B16032a769C,SMILE.png
Garlicoin,GRLC,ETH,0x58f7345b5295e43aa454911571f13be186655be9,GRLC.png
RigoBlock,GRG,ETH,0x4fbb350052bca5417566f188eb2ebce5b19bc964,GRG.png
DerivaDAO,DDX,ETH,0x3a880652f47bfaa771908c07dd8673a787daed3a,DDX.png
RFOX,RFOX,ETH,0xa1d6df714f91debf4e0802a542e13067f31b8262,RFOX.png
Polkacity,POLC,ETH,0xaA8330FB2B4D5D07ABFE7A72262752a8505C6B37,POLC.png
Lunos,UNO,ETH,0x474021845c4643113458ea4414bdb7fb74a01a77,UNO.png
SafeBlast,BLAST,ETH,0x614D7f40701132E25fe6fc17801Fbd34212d2Eda,BLAST.png
dAppstore,DAPPX,ETH,0x00d8318e44780edeefcf3020a5448f636788883c,DAPPX.png
Lithium,LITH,ETH,0x188e817b02e635d482ae4d81e25dda98a97c4a42,LITH.png
TRAVA.FINANCE,TRAVA,ETH,0x186d0ba3dfc3386c464eecd96a61fbb1e2da00bf,TRAVA.png
MARS4,MARS4,ETH,0x16CDA4028e9E872a38AcB903176719299beAed87,MARS4.png
CheckDot,CDT,ETH,0xCdB37A4fBC2Da5b78aA4E41a432792f9533e85Cc,CDT.png
Kromatika,KROM,ETH,0x3af33bef05c2dcb3c7288b77fe1c8d2aeba4d789,KROM.png
3space Art,PACE,ETH,0x8Bc2bCb1b1896291942C36F3Cca3C1afA0Aaa7fd,PACE.png
Tribal Finance,TRIBL,ETH,0x6988A804C74Fd04F37DA1EA4781CEa68c9C00F86,TRIBL.png
VNX Gold,VNXAU,ETH,0x6d57B2E05F26C26b549231c866bdd39779e4a488,VNXAU.png
HAVAH,HVH,ETH,0xd076c4ba62c57b3fa10800bcfd8da66742110e0e,HVH.png
K9 Finance,KNINE,ETH,0x91fbB2503AC69702061f1AC6885759Fc853e6EaE,KNINE.png
Ÿ,YAI,ETH,0x477a3d269266994F15E9C43A8D9C0561C4928088,YAI.png
Landwolf (landwolfcoin),WOLF,ETH,0x9c7d4fb43919def524c1a9d92fe836169eaf0615,WOLF.png
Gondola,GONDOLA,ETH,0xd43fba1f38d9b306aeef9d78ad177d51ef802b46,GONDOLA.png
Neos.ai,NEOS,ETH,0xd2a08fF5F31d2F2d70C91960323C2ed31268ae25,NEOS.png
Pentagon Games,PEN,ETH,0x5ee3188a3f8adee1d736edd4ae85000105c88f66,PEN.png
0xBitcoin,0xBTC,ETH,0xb6ed7644c69416d67b522e20bc294a9a9b405b31,0xBTC.png
DxChain Token,DX,ETH,0x973e52691176d36453868D9d86572788d27041A9,DX.png
Tokoin,TOKO,ETH,0xa0f0546eb5e3ee7e8cfc5da12e5949f3ae622675,TOKO.png
CEREAL,CEP,ETH,0x4168BbC34BaEa34e55721809911bcA5baAEF6ba6,CEP.png
Bridge Oracle,BRG,ETH,0xc9c4fd7579133701fa2769b6955e7e56bb386db1,BRG.png
BiFi,BIFI,ETH,0x2791bfd60d232150bff86b39b7146c0eaaa2ba81,BIFI.png
Aurox,URUS,ETH,0xc6dddb5bc6e61e0841c54f3e723ae1f3a807260b,URUS.png
Shyft Network,SHFT,ETH,0xb17C88bDA07D28B3838E0c1dE6a30eAfBCF52D85,SHFT.png
K21,K21,ETH,0xb9d99c33ea2d86ec5ec6b8a4dd816ebba64404af,K21.png
Coldstack,CLS,ETH,0x675bbc7514013e2073db7a919f6e4cbef576de37,CLS.png
Pussy Financial,PUSSY,ETH,0x9196e18bc349b1f64bc08784eae259525329a1ad,PUSSY.png
Nabox,NABOX,ETH,0x03d1e72765545729a035e909edd9371a405f77fb,NABOX.png
FEAR,FEAR,ETH,0x88a9a52f944315d5b4e917b9689e65445c401e83,FEAR.png
Ariva,ARV,ETH,0x79C7EF95aD32DcD5ECadB231568Bb03dF7824815,ARV.png
Decentral Games,DG,ETH,0x4b520c812e8430659fc9f12f6d0c39026c83588d,DG.png
BendDAO,BEND,ETH,0x0d02755a5700414b26ff040e1de35d337df56218,BEND.png
Burn,BURN,ETH,0xa2fe5e51729be71261bcf42854012827bc44c044,BURN.png
Angola,AGLA,ETH,0x1F7e5118521B550bB1A9B435727c003eB033FC51,AGLA.png
DinoLFG,DINO,ETH,0x49642110b712c1fd7261bc074105e9e44676c68f,DINO.png
BeFi Labs,BEFI,ETH,0x8b9b95292f890DF47fFf5aC9Cbe93d5fC242bd51,BEFI.png
DeFrogs,DEFROGS,ETH,0xd555498a524612c67f286df0e0a9a64a73a7cdc7,DEFROGS.png
BlockProtocol,BLOCK,ETH,0x8fc17671D853341D9e8B001F5Fc3C892d09CB53A,BLOCK.png
Zap,ZAP,ETH,0x6781a0f84c7e9e846dcb84a9a5bd49333067b104,ZAP.png
Etho Protocol,ETHO,ETH,0x0b5326Da634f9270FB84481DD6F94d3dC2cA7096,ETHO.png
Safe Haven,SHA,ETH,0x40fEd5691e547885cABd7A2990De719DCc8497FC,SHA.png
Ferrum Network,FRM,ETH,0xe5caef4af8780e59df925470b050fb23c43ca68c,FRM.png
Bware,INFRA,ETH,0x013062189dc3dcc99e9Cee714c513033b8d99e3c,INFRA.png
Bistroo,BIST,ETH,0x6e8908cfa881c9f6f2c64d3436e7b80b1bf0093f,BIST.png
Integral,ITGR,ETH,0xd502f487e1841fdc805130e13eae80c61186bc98,ITGR.png
VelasPad,VLXPAD,ETH,0xb8e3bB633F7276cc17735D86154E0ad5ec9928C0,VLXPAD.png
OpenDAO,SOS,ETH,0x3b484b82567a09e2588a13d54d032153f0c0aee0,SOS.png
BBS Network,BBS,ETH,0xFe459828c90c0BA4bC8b42F5C5D44F316700B430,BBS.png
Grove Coin,GRV,ETH,0xf33893de6eb6ae9a67442e066ae9abd228f5290c,GRV.png
Wecan Group,WECAN,ETH,0xea60cd69f2b9fd6eb067bddbbf86a5bdeffbbc55,WECAN.png
Element,ELMT,ETH,0x600D601D8b9EB5DE5Ac90fEfC68d0d08801bFd3f,ELMT.png
Gorilla,GORILLA,ETH,0x33C04Bed4533e31f2Afb8AC4a61A48Eda38C4fA0,GORILLA.png
Meme Alliance,MMA,ETH,0x9B3A8159e119eb09822115AE08Ee1526849e1116,MMA.png
ApeBond,ABOND,ETH,0xe6828d65bf5023ae1851d90d8783cc821ba7eee1,ABOND.png
USAcoin,USACOIN,ETH,0x5e3f09ab25548616b4b97f6163ff19cf6027930d,USACOIN.png
OrbitAI,ORBIT,ETH,0x6499999951f0B5ba8B9187958884F9F5b50e45Fd,ORBIT.png
Databot,DATA,ETH,0xb551b43AF192965F74e3dfAA476C890B403caD95,DATA.png
DomRaider,DRT,ETH,0x9af4f26941677c706cfecf6d3379ff01bb85d5ab,DRT.png
Linker Coin,LNC,ETH,0x6BEB418Fc6E1958204aC8baddCf109B8E9694966,LNC.png
Aurora,AOA,ETH,0x9ab165d795019b6d8b3e971dda91071421305e5a,AOA.png
DAD,DAD,ETH,0x5b322514ff727253292637d9054301600c2c81e8,DAD.png
EXMO Coin,EXM,ETH,0x83869de76b9ad8125e22b857f519f001588c0f62,EXM.png
STAKE,STAKE,ETH,0x0Ae055097C6d159879521C384F1D2123D1f195e6,STAKE.png
YAM V3,YAM,ETH,0x0aacfbec6a24756c20d41914f2caba817c0d8521,YAM.png
Freeway Token,FWT,ETH,0x20e7125677311Fca903A8897042b9983f22Ea295,FWT.png
Base Protocol,BASE,ETH,0x07150e919b4de5fd6a63de1f9384828396f25fdc,BASE.png
CPUcoin,CPU,ETH,0x6d52dfefb16bb9cdc78bfca09061e44574886626,CPU.png
XMON,XMON,ETH,0x3aaDA3e213aBf8529606924d8D1c55CbDc70Bf74,XMON.png
Tranche Finance,SLICE,ETH,0x0aee8703d34dd9ae107386d3eff22ae75dd616d1,SLICE.png
Konomi Network,KONO,ETH,0x850aAB69f0e0171A9a49dB8BE3E71351c8247Df4,KONO.png
Moss Carbon Credit,MCO2,ETH,0xfc98e825a2264d890f9a1e68ed50e1526abccacd,MCO2.png
DAFI Protocol,DAFI,ETH,0xfc979087305a826c2b2a0056cfaba50aad3e6439,DAFI.png
Standard,STND,ETH,0x9040e237C3bF18347bb00957Dc22167D0f2b999d,STND.png
Etherland,ELAND,ETH,0x33e07f5055173cf8febede8b21b12d1e2b523205,ELAND.png
Reflexer Ungovernance Token,FLX,ETH,0x6243d8cea23066d098a15582d81a598b4e8391f4,FLX.png
SafeMoon Inu,SMI,ETH,0xCd7492db29E2ab436e819b249452EE1bbDf52214,SMI.png
Civilization,CIV,ETH,0x37fe0f067fa808ffbdd12891c0858532cfe7361d,CIV.png
Chainbing,CBG,ETH,0x1900E8B5619a3596745F715d0427Fe617c729BA9,CBG.png
Konnect,KCT,ETH,0x63230728bc219d991D2995ce92E96C16Fcf8beB6,KCT.png
Skeb Coin,SKEB,ETH,0x6D614686550B9E1c1DF4b2cD8f91C9D4df66C810,SKEB.png
ROND,ROND,ETH,0x82197d7446a435105d6f3a430d72a6713960e34d,ROND.png
Prisma mkUSD,MKUSD,ETH,0x4591dbff62656e7859afe5e45f6f47d3669fbb28,MKUSD.png
Nutcoin,NUT,ETH,0x473F4068073Cd5b2aB0E4Cc8E146F9EDC6fb52CC,NUT.png
Amulet,AMU,ETH,0x174c47D6A4E548ED2B7d369dC0fFb2E60A6ac0F8,AMU.png
Pullix,PLX,ETH,0x1cc7047e15825f639e0752eb1b89e4225f5327f2,PLX.png
Draggy,DRAGGY,ETH,0xd12a99dbc40036cec6f1b776dccd2d36f5953b94,DRAGGY.png
Trumpius Maximus,TRUMPIUS,ETH,0x47000A7B27a75D44FfaDfe9D0B97fA04D569B323,TRUMPIUS.png
Jetcoin,JET,ETH,0x8727c112c712c4a03371ac87a74dd6ab104af768,JET.png
Monetha,MTH,ETH,0xaf4dce16da2877f8c9e00544c93b62ac40631f16,MTH.png
Callisto Network,CLO,ETH,0xccbf1c9e8b4f2cdf3bfba1098b8f56f97d219d53,CLO.png
Callisto Network,CLO,ETH,0xccbf1c9e8b4f2cdf3bfba1098b8f56f97d219d53,CLO.png
CONTRACOIN,CTCN,ETH,0xfd6c31bb6f05fc8db64f4b740ab758605c271fd8,CTCN.png
PEAKDEFI,PEAK,ETH,0x630d98424efe0ea27fb1b3ab7741907dffeaad78,PEAK.png
Arcona,ARCONA,ETH,0x0f71b8de197a1c84d31de0f1fa7926c365f052b3,ARCONA.png
Gather,GTH,ETH,0xeb986DA994E4a118d5956b02d8b7c3C7CE373674,GTH.png
ZeroSwap,ZEE,ETH,0x2eDf094dB69d6Dcd487f1B3dB9febE2eeC0dd4c5,ZEE.png
Razor Network,RAZOR,ETH,0x50de6856358cc35f3a9a57eaaa34bd4cb707d2cd,RAZOR.png
Vega Protocol,VEGA,ETH,0xcb84d72e61e383767c4dfeb2d8ff7f4fb89abc6e,VEGA.png
Internet of Energy Network,IOEN,ETH,0x1e4E46b7BF03ECE908c88FF7cC4975560010893A,IOEN.png
Lyra,LYRA,ETH,0x01ba67aac7f75f647d94220cc98fb30fcc5105bf,LYRA.png
Kaizen Finance,KZEN,ETH,0x4550003152F12014558e5CE025707E4DD841100F,KZEN.png
KEK,KEKE,ETH,0xf7168c8abb0ff80116413a8d95396bbdc318a3ff,KEKE.png
Noggles,NOGS,ETH,0x5Fa20D59d2A907E5FEd9Fb80B4A8D9F0d069a48D,NOGS.png
LootBot,LOOT,ETH,0xb478c6245e3d85d6ec3486b62ea872128d562541,LOOT.png
Meme Ai,MEMEAI,ETH,0x695d38EB4e57E0f137e36df7c1f0f2635981246b,MEMEAI.png
Arcade,ARC,ETH,0x2903Bd7dB50f300b0884f7a15904bAffc77f3eC7,ARC.png
Wat,WAT,ETH,0x636bd98fc13908e475f56d8a38a6e03616ec5563,WAT.png
SAITAMA INU,SAITAMA,ETH,0x0000e3705d8735ee724a76f3440c0a7ea721ed00,SAITAMA.png
BOPPY,BOPPY,ETH,0xe79031B5aaEb3eE8D0145e3d75B81B36BFfe341d,BOPPY.png
Zynecoin,ZYN,ETH,0x94ec918ddeecfdfcbf8c8d3e848b7c3e8d8ceaa1,ZYN.png
Ziktalk,ZIK,ETH,0x88303fed02b31db9c7a9eafb711da9ef4a03e5d3,ZIK.png
Rook,ROOK,ETH,0xfa5047c9c78b8877af97bdcb85db743fd7313d4a,ROOK.png
Olyverse,OLY,ETH,0x6595b8fd9c920c81500dca94e53cdc712513fb1f,OLY.png
X World Games,XWG,ETH,0x0a77ef9bf662d62fbf9ba4cf861eaa83f9cc4fec,XWG.png
Crust Shadow,CSM,ETH,0x2620638EDA99F9e7E902Ea24a285456EE9438861,CSM.png
Throne,THN,ETH,0x2e95cea14dd384429eb3c4331b776c4cfbb6fcd9,THN.png
ADAPad,ADAPAD,ETH,0xdb0170e2d0c1cc1b2e7a90313d9b9afa4f250289,ADAPAD.png
Rainmaker Games,RAIN,ETH,0x71fc1f555a39e0b698653ab0b475488ec3c34d57,RAIN.png
Wombat Web 3 Gaming Platform,WOMBAT,ETH,0x0C9c7712C83B3C70e7c5E11100D33D9401BdF9dd,WOMBAT.png
Funex,FUNEX,ETH,0xD6e460F70e1CF60E55B770f66E568B44bf3657d0,FUNEX.png
HarryPotterObamaPacMan8Inu,XRP,ETH,0x07E0EDf8ce600FB51d44F51E3348D77D67F298ae,XRP.png
Niza Global,NIZA,ETH,0xb58E26ac9cc14c0422C2b419b0CA555Ee4DcB7CB,NIZA.png
ZELIX,ZELIX,ETH,0x0257ffd7ea2ebba4aaa090c7adbdd032a08c1f74,ZELIX.png
DeFi,DEFI,ETH,0x6B0FaCA7bA905a86F221CEb5CA404f605e5b3131,DEFI.png
Sheboshis,SHEB,ETH,0x5de869e3e62b0fb2c15573246ba3bb3fd97a2275,SHEB.png
MetaDOS,SECOND,ETH,0x7979871595b80433183950ab6c6457752b585805,SECOND.png
Groyper,GROYPER,ETH,0x6942806D1B2d5886D95cE2f04314ece8eb825833,GROYPER.png
TAIKAI,TKAI,ETH,0x7c5b267ed81009aa7374b5ca7e5137da47045ba8,TKAI.png
Cros,CROS,ETH,0x5A59dD979754B09EA686ce93C98D4CE8bDCb43F2,CROS.png
Internxt,INXT,ETH,0x4a8f5f96d5436e43112c2fbc6a9f70da9e4e16d4,INXT.png
Niftyx Protocol,SHROOM,ETH,0xed0439eacf4c4965ae4613d77a5c2efe10e5f183,SHROOM.png
UBIX.Network,UBX,ETH,0xf5b5efc906513b4344ebabcf47a04901f99f09f3,UBX.png
Unbound,UNB,ETH,0x8dB253a1943DdDf1AF9bcF8706ac9A0Ce939d922,UNB.png
Glitch,GLCH,ETH,0x038a68ff68c393373ec894015816e33ad41bd564,GLCH.png
HollyGold,HGOLD,ETH,0x0c93b616933b0cd03b201b29cd8a22681dd9e0d9,HGOLD.png
O3 Swap,O3,ETH,0xee9801669c6138e84bd50deb500827b776777d28,O3.png
Pleasure Coin,NSFW,ETH,0x8f006d1e1d9dc6c98996f50a4c810f17a47fbf19,NSFW.png
Forest Knight,KNIGHT,ETH,0x4455eF8B4B4A007a93DaA12DE63a47EEAC700D9D,KNIGHT.png
DEEPSPACE,DPS,ETH,0xB7B1570e26315BAAD369b8EA0a943b7F140DB9eB,DPS.png
DOSE,DOSE,ETH,0xb31ef9e52d94d4120eb44fe1ddfde5b4654a6515,DOSE.png
Hillstone Finance,HSF,ETH,0xba6b0dbb2ba8daa8f5d6817946393aef8d3a4487,HSF.png
Football World Community,FWC,ETH,0xad5f5edaa218b45866285252cb5662cd19cab99b,FWC.png
Shopping.io,SHOP,ETH,0x64b78325d7495d6d4be92f234fa3f3b8d8964b8b,SHOP.png
HanChain,HAN,ETH,0x0c90c57aaf95a3a87eadda6ec3974c99d786511f,HAN.png
Epiko,EPIKO,ETH,0xb62e24b747eaa41454857cf6011832117df59cb8,EPIKO.png
Edelcoin,EDLC,ETH,0xc47ef9b19c3e29317a50f5fbe594eba361dada4a,EDLC.png
Syncus,SYNC,ETH,0xa41d2f8Ee4F47D3B860A149765A7dF8c3287b7F0,SYNC.png
MAGA VP,MVP,ETH,0x766d2fcECe1E3eeF32aae8711ab886eE95fd5B2A,MVP.png
MAGA AGAIN,MAGAA,ETH,0x9EBb0895bD9C7C9dFAB0d8d877c66bA613Ac98Ea,MAGAA.png
Living the Dream,LTD,ETH,0x1FdB29Ad49330B07aE5a87483F598AA6b292039E,LTD.png
Cate,CATE,ETH,0xa00453052A36D43A99Ac1ca145DFe4A952cA33B8,CATE.png
Lympo,LYM,ETH,0xc690f7c7fcffa6a82b79fab7508c466fefdfc8c5,LYM.png
TE-FOOD,TONE,ETH,0x2ab6bb8408ca3199b8fa6c92d5b455f820af03c4,TONE.png
Databroker,DTX,ETH,0x765f0c16d1ddc279295c1a7c24b0883f62d33f75,DTX.png
AtromG8,AG8,ETH,0x0a8b16b27d5219c8c6b57d5442ce31d81573eee4,AG8.png
Donut,DONUT,ETH,0xc0f9bd5fa5698b6505f643900ffa515ea5df54a9,DONUT.png
RioDeFi,RFUEL,ETH,0xaf9f549774ecedbd0966c52f250acc548d3f36e5,RFUEL.png
Leverj Gluon,L2,ETH,0xBbff34E47E559ef680067a6B1c980639EEb64D24,L2.png
DIGG,DIGG,ETH,0x798D1bE841a82a273720CE31c822C61a67a601C3,DIGG.png
Oddz,ODDZ,ETH,0xCd2828fc4D8E8a0eDe91bB38CF64B1a81De65Bf6,ODDZ.png
InsurAce,INSUR,ETH,0x544c42fbb96b39b21df61cf322b5edc285ee7429,INSUR.png
Tiger King Coin,TKING,ETH,0x24e89bdf2f65326b94e36978a7edeac63623dafa,TKING.png
EVRYNET,EVRY,ETH,0xd7dcd9b99787c619b4d57979521258d1a7267ad7,EVRY.png
NvirWorld,NVIR,ETH,0x9d71CE49ab8A0E6D2a1e7BFB89374C9392FD6804,NVIR.png
Hourglass,WAIT,ETH,0x2559813bbb508c4c79e9ccce4703bcb1f149edd7,WAIT.png
APED,APED,ETH,0xe0151763455a8a021e64880c238ba1cff3787ff0,APED.png
Elmo,ELMO,ETH,0x335f4e66b9b61cee5ceade4e727fcec20156b2f0,ELMO.png
"Duckies, the canary network for Yellow",DUCKIES,ETH,0x90b7E285ab6cf4e3A2487669dba3E339dB8a3320,DUCKIES.png
EML Protocol,EML,ETH,0x03dDe9e5BB31ee40A471476e2FCcF75C67921062,EML.png
Shezmu,SHEZMU,ETH,0x5fe72ed557d8a02fff49b3b826792c765d5ce162,SHEZMU.png
Earn Network,EARN,ETH,0x12Ed0641242e4C6c220e3ca8F616E9d5470AC99a,EARN.png
Vestate,VES,ETH,0x1f557FB2aa33Dce484902695cA1374F413875519,VES.png
Palette,PLT,ETH,0x553Afe6468949E0685959022217336717dF5Fbe8,PLT.png
Matt Furie,MATT,ETH,0x790814Cd782983FaB4d7B92CF155187a865d9F18,MATT.png
Atsuko Sato,SATO,ETH,0x5de758bba013e58dae2693aea3f0b12b31a3023d,SATO.png
Department Of Government Efficiency (DOGE),DOGE,ETH,0x81FcC294d91bd8FFC8a822d7df0e2fD2f8526c39,DOGE.png
Social DAO,SOCIAL,ETH,0xD3C68968137317a57a9bAbeacC7707Ec433548B4,SOCIAL.png
Cheems,CHEEMS,ETH,0x41b1f9dcd5923c9542b6957b9b72169595acbc5c,CHEEMS.png
Atomic Wallet Coin,AWC,ETH,0xad22f63404f7305e4713ccbd4f296f34770513f4,AWC.png
BOLT,BOLT,ETH,0xd5930c307d7395ff807f2921f12c5eb82131a789,BOLT.png
ALLY,ALY,ETH,0x9d5686eadea7327f5a0c4820dca90457a0e88763,ALY.png
Dawn Protocol,DAWN,ETH,0x580c8520deda0a441522aeae0f9f7a5f29629afa,DAWN.png
pNetwork,PNT,ETH,0x89ab32156e46f46d02ade3fecbe5fc4243b9aaed,PNT.png
Swingby,SWINGBY,ETH,0x8287c7b963b405b7b8d467db9d79eec40625b13a,SWINGBY.png
OctoFi,OCTO,ETH,0x7240aC91f01233BaAf8b064248E80feaA5912BA3,OCTO.png
AurusX,AX,ETH,0xCB0D82f4DFA503C9e3b8Abc7A3Caa01175b2dA39,AX.png
Neutrino System Base Token,NSBT,ETH,0x9d79d5b61de59d882ce90125b18f74af650acb93,NSBT.png
PlotX,PLOT,ETH,0x72f020f8f3e8fd9382705723cd26380f8d0c66bb,PLOT.png
Hyve,HYVE,ETH,0xd794DD1CAda4cf79C9EebaAb8327a1B0507ef7d4,HYVE.png
PolkaBridge,PBR,ETH,0x298d492e8c1d909d3f63bc4a36c66c64acb3d695,PBR.png
Bridge Mutual,BMI,ETH,0x725c263e32c72ddc3a19bea12c5a0479a81ee688,BMI.png
Hord,HORD,ETH,0x43a96962254855f16b925556f9e97be436a43448,HORD.png
Omchain,OMC,ETH,0x1f926b439fae4595e5951029d47616feca401b77,OMC.png
ETHPad,ETHPAD,ETH,0x8dB1D28Ee0d822367aF8d220C0dc7cB6fe9DC442,ETHPAD.png
Spores Network,SPO,ETH,0xcbE771323587EA16dACB6016e269D7F08A7ACC4E,SPO.png
Blockchain Monster Hunt,BCMC,ETH,0x2BA8349123de45E931a8C8264c332E6e9CF593F9,BCMC.png
XY Finance,XY,ETH,0x77777777772cf0455fB38eE0e75f38034dFa50DE,XY.png
Wombat Exchange,WOM,ETH,0xc0B314a8c08637685Fc3daFC477b92028c540CFB,WOM.png
X,X,ETH,0xa62894D5196bC44e4C3978400Ad07E7b30352372,X.png
Unio Coin,UNIO,ETH,0x01aaC2b594F7bdBeC740F0F1AA22910EbB4B74Ab,UNIO.png
ABDS Token,ABDS,ETH,0xB56AaAc80C931161548a49181c9E000a19489C44,ABDS.png
Cryptify AI,CRAI,ETH,0x3F66aE0c8E9Fb57f661aF4Ba8C8445D36ec5d7F7,CRAI.png
VIX777,VIX,ETH,0x283d480dfd6921055e9c335fc177bf8cb9c94184,VIX.png
Flixxo,FLIXX,ETH,0xf04a8ac553fcedb5ba99a64799155826c136b0be,FLIXX.png
PERL.eco,PERL,ETH,0xeca82185adce47f39c684352b0439f030f860318,PERL.png
LINKA,LINKA,ETH,0x578b49c45961f98d8df92854b53f1641af0a5036,LINKA.png
Strong,STRONG,ETH,0x990f341946a3fdb507ae7e52d17851b87168017c,STRONG.png
DuckDaoDime,DDIM,ETH,0xfbeea1c75e4c4465cb2fccc9c6d6afe984558e20,DDIM.png
PowerTrade Fuel,PTF,ETH,0xC57d533c50bC22247d49a368880fb49a1caA39F7,PTF.png
Monavale,MONA,ETH,0x275f5Ad03be0Fa221B4C6649B8AeE09a42D9412A,MONA.png
e-Money,NGM,ETH,0xed0d5747a9ab03a75fbfec3228cd55848245b75d,NGM.png
ChainGuardians,CGG,ETH,0x1fe24f25b1cf609b9c4e7e12d802e3640dfa5e43,CGG.png
Chronicle,XNL,ETH,0x06a00715e6f92210af9d7680b584931faf71a833,XNL.png
Protocol Monsters,PMON,ETH,0x1796ae0b0fa4862485106a0de9b654eFE301D0b2,PMON.png
Drep [new],DREP,ETH,0x3ab6ed69ef663bd986ee59205ccad8a20f98b4c2,DREP.png
Signata,SATA,ETH,0x3ebb4A4e91Ad83BE51F8d596533818b246F4bEe1,SATA.png
LOCGame,LOCG,ETH,0x60eb57d085c59932d5faa6c6026268a4386927d0,LOCG.png
XCarnival,XCV,ETH,0x493CbBd4A5da462E3dbc3E5c8e2A1E37D1D03CAc,XCV.png
Cirus Foundation,CIRUS,ETH,0xa01199c61841fce3b3dafb83fefc1899715c8756,CIRUS.png
Avocado DAO Token,AVG,ETH,0xa41f142b6eb2b164f8164cae0716892ce02f311f,AVG.png
Fringe Finance,FRIN,ETH,0xC9fE6E1C76210bE83DC1B5b20ec7FD010B0b1D15,FRIN.png
Thrupenny,TPY,ETH,0x968Cbe62c830A0Ccf4381614662398505657A2A9,TPY.png
Shib Original Vision,SOV,ETH,0x2C5BC2Ba3614fD27FCc7022eA71d9172E2632c16,SOV.png
Papi,PAPI,ETH,0x693c216aa181ebf776730d16c7ba06842548415e,PAPI.png
WaifuAI,WFAI,ETH,0x8A001303158670E284950565164933372807cD48,WFAI.png
Caitlyn Jenner (ETH),JENNER,ETH,0x482702745260ffd69fc19943f70cffe2cacd70e9,JENNER.png
Hana,HANA,ETH,0xB3912b20b3aBc78C15e85E13EC0bF334fbB924f7,HANA.png
EVA Intelligence,EVAI,ETH,0x84F171f4c7b43966231847cc6e60416E6C3A7360,EVAI.png
Baby Sen by Sentio,BSEN,ETH,0xC04207Ebf4BBBD81C14596b78Ece7CD8c17fB5Cf,BSEN.png
GameCredits,GAME,ETH,0x63f88a2298a5c4aee3c216aa6d926b184a4b2437,GAME.png
Genaro Network,GNX,ETH,0x6ec8a24cabdc339a06a172f8223ea557055adaa5,GNX.png
BonusCloud,BXC,ETH,0xdeCF7Be29F8832E9C2Ddf0388c9778B8Ba76af43,BXC.png
Cat Token,CAT,ETH,0x56015bbe3c01fe05bc30a8a9a9fd9a88917e7db3,CAT.png
Empty Set Dollar,ESD,ETH,0x36f3fd68e7325a35eb768f1aedaae9ea0689d723,ESD.png
CyberFi Token,CFi,ETH,0x63b4f3e3fa4e438698ce330e365e831f7ccd1ef4,CFi.png
88mph,MPH,ETH,0x8888801af4d980682e47f1a9036e589479e835c5,MPH.png
SYNC Network,SYNC,ETH,0xB6ff96B8A8d214544Ca0dBc9B33f7AD6503eFD32,SYNC.png
Yield App,YLD,ETH,0xF94b5C5651c888d928439aB6514B93944eEE6F48,YLD.png
SifChain,erowan,ETH,0x07bac35846e5ed502aa91adf6a9e7aa210f2dcbe,erowan.png
Cyclone Protocol,CYC,ETH,0x8861cff2366c1128fd699b68304ad99a0764ef9a,CYC.png
MurAll,PAINT,ETH,0x4c6ec08cf3fc987c6c4beb03184d335a2dfc4042,PAINT.png
Convergence,CONV,ETH,0xc834fa996fa3bec7aad3693af486ae53d8aa8b50,CONV.png
Brokoli Network,BRKL,ETH,0x4674a4F24C5f63D53F22490Fb3A08eAAAD739ff8,BRKL.png
Rhythm,RHYTHM,ETH,0xd73E883e203646e87F6d073BAF3D7719bDa68Bcb,RHYTHM.png
CropBytes,CBX,ETH,0x37fc4b48ce93469dbea9918468993c735049642a,CBX.png
Shiryo,SHIRYO,ETH,0x1E2F15302B90EddE696593607b6bD444B64e8F02,SHIRYO.png
PUMLx,PUMLX,ETH,0x8c088775e4139af116Ac1FA6f281Bbf71E8c1c73,PUMLX.png
All In,ALLIN,ETH,0x9B2b931d6AB97B6A887b2C5d8529537E6FE73Ebe,ALLIN.png
Gold,GOLD,ETH,0x089453742936dd35134383aee9d78bee63a69b01,GOLD.png
ArkiTech,ARKI,ETH,0xd3210F246Ae54C5a45A7b4A83315bf718F591bfc,ARKI.png
Baby Neiro Token,BABYNEIRO,ETH,0xbAbE3ce7835665464228dF00B03246115C30730A,BABYNEIRO.png
Lemonrocks,LEMON,ETH,0x898843Fb909e3562C82F2B96F4e3d0693Af041Df,LEMON.png
Izzy,IZZY,ETH,0x6969f3a3754ab674b48b7829a8572360e98132ba,IZZY.png
Zapicorn,ZAPI,ETH,0xc434268603cA8854e0Be1a3fF15CaD73BD6eC49A,ZAPI.png
Real Games,RG,ETH,0x1a920b0eaE5B49c51eBf042a61c3Fa58Dae04882,RG.png
henlo,HENLO,ETH,0x960fCE8724aA127184B6d13Af41a711755236c77,HENLO.png
CRYPTO20,C20,ETH,0x26e75307fc0c021472feb8f727839531f112f317,C20.png
Ruff,RUFF,ETH,0xf278c1ca969095ffddded020290cf8b5c424ace2,RUFF.png
Mithril,MITH,ETH,0x3893b9422cd5d70a81edeffe3d5a1c6a978310bb,MITH.png
suterusu,SUTER,ETH,0xAA2ce7Ae64066175E0B90497CE7d9c190c315DB4,SUTER.png
Darwinia Commitment Token,KTON,ETH,0x9f284e1337a815fe77d2ff4ae46544645b20c5ff,KTON.png
Digital Reserve Currency,DRC,ETH,0xa150db9b1fa65b44799d4dd949d922c0a33ee606,DRC.png
Peanut,NUX,ETH,0x89bd2e7e388fab44ae88bef4e1ad12b4f1e0911c,NUX.png
ApeSwap,BANANA,ETH,0x92DF60c51C710a1b1C20E42D85e221f3A1bFc7f2,BANANA.png
Kangal,KANGAL,ETH,0x6e765d26388a17a6e86c49a8e41df3f58abcd337,KANGAL.png
Kattana,KTN,ETH,0x491e136ff7ff03e6ab097e54734697bb5802fc1c,KTN.png
PERI Finance,PERI,ETH,0x5d30aD9C6374Bf925D0A75454fa327AACf778492,PERI.png
Loser Coin,LOWB,ETH,0x69e5C11a7C30f0bf84A9faECBd5161AA7a94decA,LOWB.png
Thorstarter,XRUNE,ETH,0x69fa0fee221ad11012bab0fdb45d444d3d2ce71c,XRUNE.png
Life Crypto,LIFE,ETH,0x6c936D4AE98E6d2172dB18c16C4b601C99918EE6,LIFE.png
TemDAO,TEM,ETH,0xaE0585a259A3BCAB258D6EE02FB583f7B33C2a12,TEM.png
SELF Crypto,SELF,ETH,0x4af8aa621df6dd3e2d653188a357fc2b35c6a037,SELF.png
Castle of Blackwater,COBE,ETH,0xc61edb127f58f42f47a8be8aebe83cf602a53878,COBE.png
Love Power Market,LPM,ETH,0x504624040e0642921C2c266a9aC37CafBd8cDa4e,LPM.png
AMC,AMC,ETH,0x426a688eE72811773eB64F5717A32981B56F10c1,AMC.png
Ducky,DUCKY,ETH,0x699ec925118567b6475fe495327ba0a778234aaa,DUCKY.png
Acid Toad,TOAD,ETH,0xac1d3d7a8878e655cbb063d58e453540641f4117,TOAD.png
Refereum,RFR,ETH,0xd0929d411954c47438dc1d871dd6081f5c5e149c,RFR.png
BidiPass,BDP,ETH,0x593114f03a0a575aece9ed675e52ed68d2172b8c,BDP.png
Zelwin,ZLW,ETH,0x5319e86F0e41a06E49eb37046b8c11D78bcAd68C,ZLW.png
Decentr,DEC,ETH,0x30f271c9e86d2b7d00a6376cd96a1cfbd5f0b9b3,DEC.png
OIN Finance,OIN,ETH,0x9aeB50f542050172359A0e1a25a9933Bc8c01259,OIN.png
Opium,OPIUM,ETH,0x888888888889c00c67689029d7856aac1065ec11,OPIUM.png
Oxygen,OXY,ETH,0x965697b4ef02f0de01384d0d4f9f782b1670c163,OXY.png
Float Protocol (Bank),BANK,ETH,0x24a6a37576377f63f194caa5f518a60f45b42921,BANK.png
disBalancer,DDOS,ETH,0x7fbec0bb6a7152e77c30d005b5d49cbc08a602c3,DDOS.png
Virtue Poker,VPP,ETH,0x5eeaa2dcb23056f4e8654a349e57ebe5e76b5e6e,VPP.png
KamPay,KAMPAY,ETH,0x3907e6ff436e2b2B05D6B929fb05F14c0ee18d90,KAMPAY.png
Spellfire,SPELLFIRE,ETH,0x3a0b022f32b3191d44e5847da12dc0b63fb07c91,SPELLFIRE.png
OrbCity,ORB,ETH,0x3c917054e03485808137eb306eafa8da0ab695cd,ORB.png
Aurigami,PLY,ETH,0x1ab43204a195a0fd37edec621482afd3792ef90b,PLY.png
Acquire.Fi,ACQ,ETH,0x4BDCb66B968060D9390C1D12bd29734496205581,ACQ.png
OpenBlox,OBX,ETH,0x188fb5f5Ae5BBE4154d5778F2bbb2Fb985c94d25,OBX.png
BABYTRUMP,BABYTRUMP,ETH,0x354c8cda7e3b737d360513a0dc5abcee8ee1cea3,BABYTRUMP.png
Fuku-Kun,FUKU,ETH,0x1001271083C249bd771E1bb76C22D935809a61Ee,FUKU.png
Medusa (medusa.cx),MEDUSA,ETH,0xE34ba9cbdF45c9d5Dcc80E96424337365b6Fe889,MEDUSA.png
Noti,NOTI,ETH,0xffB1018eff5FC021E15215290732F02a89b008E7,NOTI.png
CyberVein,CVT,ETH,0xbe428c3867f05dea2a89fc76a102b544eac7f772,CVT.png
Ubex,UBEX,ETH,0x6704b673c70de9bf74c8fba4b4bd748f0e2190e1,UBEX.png
PhoenixDAO,PHNX,ETH,0x38A2fDc11f526Ddd5a607C1F251C065f40fBF2f7,PHNX.png
Hedget,HGET,ETH,0x7968bc6a03017ea2de509aaa816f163db0f35148,HGET.png
TitanSwap,TITAN,ETH,0x3A8cCCB969a61532d1E6005e2CE12C200caeCe87,TITAN.png
SaTT,SATT,ETH,0xDF49C9F599A0A9049D97CFF34D0C30E468987389,SATT.png
Eden,EDEN,ETH,0x1559fa1b8f28238fd5d76d9f434ad86fd20d1559,EDEN.png
Curate,XCUR,ETH,0xE1c7E30C42C24582888C758984f6e382096786bd,XCUR.png
Furucombo,COMBO,ETH,0xfFffFffF2ba8F66D4e51811C5190992176930278,COMBO.png
Unido EP,UDO,ETH,0xea3983fc6d0fbbc41fb6f6091f68f3e08894dc06,UDO.png
Playcent,PCNT,ETH,0x657B83A0336561C8f64389a6f5aDE675C04b0C3b,PCNT.png
bAlpha,BALPHA,ETH,0x7a5ce6abD131EA6B148a022CB76fc180ae3315A6,BALPHA.png
8PAY,8PAY,ETH,0x06DDb3a8BC0aBc14f85e974CF1A93a6f8d4909d9,8PAY.png
Equalizer,EQZ,ETH,0x1Da87b114f35E1DC91F72bF57fc07A768Ad40Bb0,EQZ.png
Shirtum,SHI,ETH,0xaD996A45fd2373ed0B10Efa4A8eCB9de445A4302,SHI.png
Ojamu,OJA,ETH,0x0aa7efe4945db24d95ca6e117bba65ed326e291a,OJA.png
UNIX Corp,UNIX,ETH,0xddd6a0ecc3c6f6c102e5ea3d8af7b801d1a77ac8,UNIX.png
Prime Numbers Labs Ecosystem,PRNT,ETH,0x7cfea0dd176651e7b5a1ced9c4faf8ee295315fd,PRNT.png
Magical Blocks,MBLK,ETH,0xF47245e9A3Ba3dCa8B004E34afc1290B1d435a52,MBLK.png
KING,KING,ETH,0xe28027c99c7746ffb56b0113e5d9708ac86fae8f,KING.png
Scalia Infrastructure,SCALE,ETH,0x8a0a9b663693a22235b896f70a229c4a22597623,SCALE.png
RunesBridge,RB,ETH,0xe91598331a36a78f7fefe277ce7c1915da0afb93,RB.png
MoonBag,$MBAG,ETH,0xa7F4195F10F1a62B102bD683eAB131d657A6c6e4,$MBAG.png
Spike,SPIKE,ETH,0x19848077f45356b21164c412Eff3D3E4ff6Ebc31,SPIKE.png
KOI,KOAI,ETH,0x7e331b55e4fbba7cb9c1fc855ed0dac2983e7798,KOAI.png
Peanut,PEANUT,ETH,0x4947b72fED037AdE3365dA050A9be5c063E605A7,PEANUT.png
Mao,MAO,ETH,0x556c3cbDCA77a7f21AFE15b17e644e0e98e64Df4,MAO.png
Healix AI,HXAI,ETH,0x384efd1e8b05c23dc392a40cb4e515e2229a5243,HXAI.png
CoTrader,COT,ETH,0x5c872500c00565505f3624ab435c222e558e9ff8,COT.png
Eminer,EM,ETH,0x35b08722aa26be119c1608029ccbc976ac5c1082,EM.png
Rapidz,RPZX,ETH,0x68350d30d9f58c81aaaa41929f1bfc52fff4ea49,RPZX.png
DEXA COIN,DEXA,ETH,0x725440512cb7b78bf56b334e50e31707418231cb,DEXA.png
4P FOUR,FOUR,ETH,0x4730fb1463a6f1f44aeb45f6c5c422427f37f4d0,FOUR.png
Swerve,SWRV,ETH,0xb8baa0e4287890a5f79863ab62b7f175cecbd433,SWRV.png
SakeToken,SAKE,ETH,0x066798d9ef0833ccc719076dab77199ecbd178b0,SAKE.png
Centaur,CNTR,ETH,0x03042482d64577a7bdb282260e2ea4c8a89c064b,CNTR.png
Value Liquidity,VALUE,ETH,0x49e833337ece7afe375e44f4e3e8481029218e5c,VALUE.png
Nord Finance,NORD,ETH,0x6e9730ecffbed43fd876a264c982e254ef05a0de,NORD.png
Xeno Token,XNO,ETH,0xc03a652efbbacfabde37cd66c7a4ff4332f7186c,XNO.png
Shadows,DOWS,ETH,0x661ab0ed68000491d98c796146bcf28c20d7c559,DOWS.png
BlockWallet,BLANK,ETH,0x41a3dba3d677e573636ba691a70ff2d606c29666,BLANK.png
Ares Protocol,ARES,ETH,0x358AA737e033F34df7c54306960a38d09AaBd523,ARES.png
Idavoll DAO,IDV,ETH,0x45448E05020576929fcDEabC228E35b420098840,IDV.png
DeHive,DHV,ETH,0x62Dc4817588d53a056cBbD18231d91ffCcd34b2A,DHV.png
Kryptomon,KMON,ETH,0xc4170fd71eced3c80badca77f4e12e8aac1e3436,KMON.png
Orion Money,ORION,ETH,0x727f064a78dc734d33eec18d5370aef32ffd46e4,ORION.png
NFTrade,NFTD,ETH,0x8e0fe2947752be0d5acf73aae77362daf79cb379,NFTD.png
OneArt,1ART,ETH,0xD3c325848D7c6E29b574Cb0789998b2ff901f17E,1ART.png
Mars Battle,SHOOT,ETH,0xbc61e13ca6830fc7f035fd0e90a01cd08be6dcaa,SHOOT.png
Onigiri,ONI,ETH,0x7777cec341e7434126864195adef9b05dcc3489c,ONI.png
Metrix Coin,MRX,ETH,0xd38b1159c8aee064af2d869afa1c2c1632da8b97,MRX.png
EveryCoin ,EVY,ETH,0xeed3ae7b0f8b5b9bb8c035a9941382b1822671cd,EVY.png
Jarvis Network,JRT,ETH,0x8a9c67fee641579deba04928c4bc45f66e26343a,JRT.png
Castweet,CTT,ETH,0x1a4743cf1af4c289351390a2b3fe7c13d2f7c235,CTT.png
Axis DeFi,AXIS,ETH,0xecc0f1f860a82ab3b442382d93853c02d6384389,AXIS.png
Seigniorage Shares,SHARE,ETH,0x39795344cbcc76cc3fb94b9d1b15c23c2070c66d,SHARE.png
YFDAI.FINANCE,YF-DAI,ETH,0xf4CD3d3Fda8d7Fd6C5a500203e38640A70Bf9577,YF-DAI.png
Autobahn Network,TXL,ETH,0x8eEF5a82E6Aa222a60F009ac18c24EE12dBf4b41,TXL.png
SnowSwap,SNOW,ETH,0xfe9a29ab92522d14fc65880d817214261d8479ae,SNOW.png
Misbloc,MSB,ETH,0x84c722e6f1363e8d5c6db3ea600bef9a006da824,MSB.png
Bird.Money,BIRD,ETH,0x70401dfd142a16dc7031c56e862fc88cb9537ce0,BIRD.png
Basis Cash,BAC,ETH,0x3449FC1Cd036255BA1EB19d65fF4BA2b8903A69a,BAC.png
Finxflo,FXF,ETH,0x8a40c222996f9f3431f63bf80244c36822060f12,FXF.png
Modefi,MOD,ETH,0xea1ea0972fa092dd463f2968f9bb51cc4c981d71,MOD.png
KINE,KINE,ETH,0xcbfef8fdd706cde6f208460f2bf39aa9c785f05d,KINE.png
Raze Network,RAZE,ETH,0x5Eaa69B29f99C84Fe5dE8200340b4e9b4Ab38EaC,RAZE.png
DeFine,DFA,ETH,0x62959c699a52ec647622c91e79ce73344e4099f5,DFA.png
PulsePad,PLSPAD,ETH,0x8a74bc8c372bc7f0e9ca3f6ac0df51be15aec47a,PLSPAD.png
Goons of Balatroon,GOB,ETH,0x830eb1204380e9c44434db8700257025358707c6,GOB.png
Traxx,TRAXX,ETH,0xd43be54c1aedf7ee4099104f2dae4ea88b18a249,TRAXX.png
Finblox,FBX,ETH,0x5de597849cf72c72f073e9085bdd0dadd8e6c199,FBX.png
The QWAN,QWAN,ETH,0xeee0fe52299f2de8e2ed5111cd521ab67dcf0faf,QWAN.png
Quantum Network,QSWAP,ETH,0x6a8b188fadbe8b52a2c23ea2d0df74f8956e7730,QSWAP.png
monkey shit inu,MSI,ETH,0x2Be8e422cb4A5A7f217a8F1b0658952a79132F28,MSI.png
Yawn's World,YAWN,ETH,0x88Ce174C655B6d11210A069B2c106632DaBDB068,YAWN.png
Dogecast (dogecast.build),DOGE,ETH,0xf74f23b65e15910676877d45ced8ee0556a9c508,DOGE.png
Rublix,RBLX,ETH,0xFc2C4D8f95002C14eD0a7aA65102Cac9e5953b5E,RBLX.png
SORA,XOR,ETH,0x40FD72257597aA14C7231A7B1aaa29Fce868F677,XOR.png
Golff,GOF,ETH,0x488E0369f9BC5C40C002eA7c1fe4fd01A198801c,GOF.png
DeFiner,FIN,ETH,0x054f76beed60ab6dbeb23502178c52d6c5debe40,FIN.png
EasyFi,EZ,ETH,0x00aba6fe5557de1a1d565658cbddddf7c710a1eb,EZ.png
Coreto,COR,ETH,0x9C2dc0c3CC2BADdE84B0025Cf4df1c5aF288D835,COR.png
ReapChain,REAP,ETH,0x1fc5ef0337aea85c5f9198853a6e3a579a7a6987,REAP.png
Governor DAO,GDAO,ETH,0x515d7e9d75e2b76db60f8a051cd890eba23286bc,GDAO.png
Duck DAO (DLP Duck Token),DUCK,ETH,0xc0ba369c8db6eb3924965e5c4fd0b4c1b91e305f,DUCK.png
Fractal ID,FCL,ETH,0xf4d861575ecc9493420a3f5a14f85b13f0b50eb3,FCL.png
KeyFi,KEYFI,ETH,0xb8647e90c0645152fccf4d9abb6b59eb4aa99052,KEYFI.png
Bitune,TUNE,ETH,0x1fac00ccee478eced6a120a50ed2ab28ee7fe32b,TUNE.png
Mochi Market,MOMA,ETH,0xbd1848e1491d4308ad18287a745dd4db2a4bd55b,MOMA.png
Don-key,DON,ETH,0x217ddead61a42369a266f1fb754eb5d3ebadc88a,DON.png
Terran Coin,TRR,ETH,0x490e3f4af13e1616ec97a8c6600c1061a8d0253e,TRR.png
Corite,CO,ETH,0x936B6659Ad0C1b244Ba8Efe639092acae30dc8d6,CO.png
The HUSL,HUSL,ETH,0xa2881f7f441267042f9778ffa0d4f834693426be,HUSL.png
Polinate,POLI,ETH,0xa1a36d3537bbe375cc9694795f663ddc8d516db9,POLI.png
VIXCO,VIX,ETH,0xc0b68eb52c89e3fffa62d78012ac8b661bfaa323,VIX.png
DEXGame,DXGM,ETH,0x66f73d0fd4161cfad4302dc145ff994375c13475,DXGM.png
Damex Token,DAMEX,ETH,0x00e679ba63b509182c349f5614f0a07cdd0ce0c5,DAMEX.png
Kingdomverse,KING,ETH,0x149d8290f653deb8e34c037d239d3d8eee9de5ad,KING.png
Dragonball Z Tribute,DBZ,ETH,0x9dcaf532dba85e565bf6b425f07377ec2bb6f46a,DBZ.png
Bufficorn,BUFFI,ETH,0x4c1b1302220d7de5c22b495e78b72f2dd2457d45,BUFFI.png
Bruh,BRUH,ETH,0xD7CFDb3cdc33dBeb9e9A4C95b61953Cf12A008b3,BRUH.png
laikaCTO,LAIKA,ETH,0x4cd27e18757baa3a4fe7b0ab7db083002637a6c5,LAIKA.png
Janet,JANET,ETH,0xF63E309818E4EA13782678CE6C31C1234fa61809,JANET.png
BoutsPro,BOUTS,ETH,0x139d9397274bb9e2c29a9aa8aa0b5874d30d62e3,BOUTS.png
Hashgard,GARD,ETH,0x5c64031c62061865e5fd0f53d3cdaef80f72e99d,GARD.png
LiquidApps,DAPP,ETH,0x939B462ee3311f8926c047D2B576C389092b1649,DAPP.png
GoWithMi,GMAT,ETH,0xa110eeebc0751407bdcaea4cd230f04a2b82a33a,GMAT.png
Pawtocol,UPI,ETH,0x70d2b7c19352bb76e4409858ff5746e500f2b67c,UPI.png
Coinsbit Token,CNB,ETH,0xC538143202f3b11382D8606aae90a96b042a19DB,CNB.png
SynchroBitcoin,SNB,ETH,0x179e31fb25e433441a2839389a7b8ec9c4654b7b,SNB.png
Aluna.Social,ALN,ETH,0x8185bc4757572da2a610f887561c32298f1a5748,ALN.png
Billion Happiness,BHC,ETH,0x0c9f28FBdFd79f7C00B805d8c63D053c146d282c,BHC.png
Idle,IDLE,ETH,0x875773784Af8135eA0ef43b5a374AaD105c5D39e,IDLE.png
Plasma Finance,PPAY,ETH,0x054d64b73d3d8a21af3d764efd76bcaa774f3bb2,PPAY.png
APYSwap,APYS,ETH,0xf7413489c474ca4399eee604716c72879eea3615,APYS.png
PRivaCY Coin,PRCY,ETH,0xdfc3829b127761a3218bfcee7fc92e1232c9d116,PRCY.png
Busy DAO,BUSY,ETH,0x5CB3ce6D081fB00d5f6677d196f2d70010EA3f4a,BUSY.png
Genesis Shards,GS,ETH,0xe0b9a2c3e9f40cf74b2c7f591b2b0cca055c3112,GS.png
Creaticles,CRE8,ETH,0xc36b4311b21fc0c2ead46f1ea6ce97c9c4d98d3d,CRE8.png
AdaSwap,ASW,ETH,0x56694577564fdd577a0abb20fe95c1e2756c2a11,ASW.png
Launchblock.com,LBP,ETH,0xa23c1194d421f252b4e6d5edcc3205f7650a4ebe,LBP.png
MetamonkeyAi,MMAI,ETH,0xaa0c5B3567fd1BAC8a2a11EB16c3F81a49eea90F,MMAI.png
Salad,SALD,ETH,0x5582a479f0c403E207D2578963CceF5D03BA636f,SALD.png
DEVAI,0XDEV,ETH,0xf7498c98789957f4ee53b3e37ff5b7ef8a6cfc7b,0XDEV.png
Nvidia Inu,NINU,ETH,0x15ee3f09712f4715904e1923c1ad504a673e88ac,NINU.png
Envoy A.I,ENVOY,ETH,0xcFf252a3299bE44Fa73402966F30a0159308B2Ad,ENVOY.png
Fusion AI,FUSION,ETH,0xB868Cca38a8E6348d8D299c9b3C80e63d45Abe4c,FUSION.png
Sentinel Chain,SENC,ETH,0xa13f0743951b4f6e3e3aa039f682e17279f52bc3,SENC.png
Shard,SHARD,ETH,0xbebdab6da046bc49ffbb61fbd7b33157eb270d05,SHARD.png
BitBall,BTB,ETH,0x06e0feb0d74106c7ada8497754074d222ec6bcdf,BTB.png
Blockchain Cuties Universe Governance,BCUG,ETH,0x14da7b27b2e0fedefe0a664118b0c9bc68e2e9af,BCUG.png
extraDNA,XDNA,ETH,0x8e57c27761EBBd381b0f9d09Bb92CeB51a358AbB,XDNA.png
Azuki,AZUKI,ETH,0x910524678C0B1B23FFB9285a81f99C29C11CBaEd,AZUKI.png
ROCKI,ROCKI,ETH,0xff44b937788215eca197baaf9af69dbdc214aa04,ROCKI.png
Gourmet Galaxy,GUM,ETH,0x4f5fa8f2d12e5eb780f6082dd656c565c48e0f24,GUM.png
TotemFi,TOTM,ETH,0x6ff1bfa14a57594a5874b37ff6ac5efbd9f9599a,TOTM.png
ORAO Network,ORAO,ETH,0xEE1CeA7665bA7aa97e982EdeaeCb26B59a04d035,ORAO.png
Tidal Finance,TIDAL,ETH,0x29cbd0510eec0327992cd6006e63f9fa8e7f33b7,TIDAL.png
IOI Token,IOI,ETH,0x8b3870df408ff4d7c3a26df852d41034eda11d81,IOI.png
Formation Fi,FORM,ETH,0x21381e026ad6d8266244f2a583b35f9e4413fa2a,FORM.png
WagyuSwap,WAG,ETH,0x7FA7dF4996AC59F398476892cfB195eD38543520,WAG.png
Beyond Protocol,BP,ETH,0xdF290B162a7D3E0A328cF198308D421954f08b94,BP.png
TomTomCoin,TOMS,ETH,0xbe9ab37a414c517b2be2bfa5945665bb07379054,TOMS.png
IQ Protocol,IQT,ETH,0x6dDa263994aAB33F5Ed612294E26f2A13DF0dA05,IQT.png
Oggy Inu (ETH),OGGY,ETH,0x7e877b99897D514da01bD1d177E693EC639961Af,OGGY.png
Nerd AI,NERD,ETH,0xED1273928bA97EEd7B49e82C2F39D512D7591112,NERD.png
Uptrennd,1UP,ETH,0x07597255910a51509ca469568b048f2597e72504,1UP.png
UNICORN Token,UNI,ETH,0x2730d6fdc86c95a74253beffaa8306b40fedecbb,UNI.png
KOK,KOK,ETH,0x9b9647431632af44be02ddd22477ed94d14aacaa,KOK.png
Dogeswap,DOGES,ETH,0xb4fbed161bebcb37afb1cb4a6f7ca18b977ccb25,DOGES.png
Spaceswap MILK2,MILK2,ETH,0x80c8c3dcfb854f9542567c8dac3f44d709ebc1de,MILK2.png
BonFi,BNF,ETH,0x1DE5e000C41C8d35b9f1f4985C23988f05831057,BNF.png
Residual Token,eRSDL,ETH,0x5218E472cFCFE0b64A064F055B43b4cdC9EfD3A6,eRSDL.png
ETHA Lend,ETHA,ETH,0x59e9261255644c411afdd00bd89162d09d862e38,ETHA.png
Lokr,LKR,ETH,0x80ce3027a70e0a928d9268994e9b85d03bd4cdcf,LKR.png
Rigel Protocol,RGP,ETH,0x4af5ff1a60a6ef6c7c8f9c4e304cd9051fca3ec0,RGP.png
Jigstack,STAK,ETH,0x1f8a626883d7724dbd59ef51cbd4bf1cf2016d13,STAK.png
MELX,MEL,ETH,0xed0889f7e1c7c7267407222be277e1f1ef4d4892,MEL.png
Gamerse,LFG,ETH,0x969786c4a8884013d1c9ff18dcca2aedbbbfaa8f,LFG.png
BLOOP,BL00P,ETH,0x2156CD781c5e77323D92A4487a0eC45F128e165E,BL00P.png
Tokenbox,TBX,ETH,0x3a92bd396aef82af98ebc0aa9030d25a23b11c6b,TBX.png
Ormeus Ecosystem,ECO,ETH,0x191557728e4d8caa4ac94f86af842148c0fa8f7e,ECO.png
Kuverit,KUV,ETH,0xf70d160102cf7a22c1e432d6928a9d625db91170,KUV.png
Innovative Bioresearch Coin,INNBC,ETH,0xB67718b98d52318240c52E71A898335da4A28c42,INNBC.png
LGCY Network,LGCY,ETH,0xae697f994fc5ebc000f8e22ebffee04612f98a0d,LGCY.png
Nsure.Network,NSURE,ETH,0x20945ca1df56d237fd40036d47e866c7dccd2114,NSURE.png
Gem Exchange and Trading,GXT,ETH,0x4674672bcddda2ea5300f5207e1158185c944bc0,GXT.png
Yield Protocol,YIELD,ETH,0xa8B61CfF52564758A204F841E636265bEBC8db9B,YIELD.png
Smoothy,SMTY,ETH,0xbF776e4FCa664D791C4Ee3A71e2722990E003283,SMTY.png
CorionX,CORX,ETH,0x26a604DFFE3ddaB3BEE816097F81d3C4a2A4CF97,CORX.png
Flashstake,FLASH,ETH,0xB1f1F47061A7Be15C69f378CB3f69423bD58F2F8,FLASH.png
Rage Fan,RAGE,ETH,0x94804dc4948184ffd7355f62ccbb221c9765886f,RAGE.png
Alphr finance,ALPHR,ETH,0xaa99199d1e9644b588796F3215089878440D58e0,ALPHR.png
POLKARARE,PRARE,ETH,0x2C2f7e7C5604D162d75641256b80F1Bf6f4dC796,PRARE.png
blockbank,BBANK,ETH,0xf4b5470523ccd314c6b9da041076e7d79e0df267,BBANK.png
Knit Finance,KFT,ETH,0xef53462838000184f35f7d991452e5f25110b207,KFT.png
Gaj Finance,GAJ,ETH,0x9fda7ceec4c18008096c2fe2b85f05dc300f94d0,GAJ.png
Ekta,EKTA,ETH,0x2f75113b13D136F861d212Fa9b572F2C79Ac81C4,EKTA.png
ShoeFy,SHOE,ETH,0x0fD67B4ceb9b607Ef206904eC73459c4880132c9,SHOE.png
Sator,SAO,ETH,0x3EF389f264e07fFF3106A3926F2a166d1393086F,SAO.png
EarthFund,1EARTH,ETH,0x9e04f519b094f5f8210441e285f603f4d2b50084,1EARTH.png
GuildFi,GF,ETH,0xaaef88cea01475125522e117bfe45cf32044e238,GF.png
Spume Protocol,SPUME,ETH,0xa16a609fF4e1A15b6cCb469E7a5dD14E89305283,SPUME.png
Mrweb Finance (new),AMA,ETH,0x39162D9f64C0f9d64D14EAC3B6d5a15D3D569Eea,AMA.png
RED TOKEN,RED,ETH,0xc744df3419a8c9bd4d6b9852a503eb1c5308a326,RED.png
Virtual Versions,VV,ETH,0x1f7e7a030aEF0A0f600dE1350c23D30B73fC7270,VV.png
Shiba Saga,SHIA,ETH,0x43d7e65b8ff49698d9550a7f315c87e67344fb59,SHIA.png
Meme Cup,MEMECUP,ETH,0xa2b8e02ce95b54362f8db7273015478dd725d7e7,MEMECUP.png
Elementeum,ELET,ETH,0x6c37bf4f042712c978a73e3fd56d1f5738dd7c43,ELET.png
TrueFeedBack,TFBX,ETH,0x4057db5bd9f67a566aa10e5587b1a964affc6a16,TFBX.png
Bitball Treasure,BTRS,ETH,0x73c9275c3a2dd84b5741fd59aebf102c91eb033f,BTRS.png
Guider,GDR,ETH,0x874d4c9b980f1a13dd44cbcdb912e24ef0671ed0,GDR.png
Mesefa,SEFA,ETH,0x27201232579491Ce9b116Ac6F37D354Cc723A2f3,SEFA.png
CRDT,CRDT,ETH,0xDaab5E695bb0E8Ce8384ee56BA38fA8290618e52,CRDT.png
SeChain,SNN,ETH,0xF5717f5DF41eA67Ef67DFD3c1d02F9940bcF5d08,SNN.png
SORA Validator Token,VAL,ETH,0xe88f8313e61a97cec1871ee37fbbe2a8bf3ed1e4,VAL.png
Indexed Finance,NDX,ETH,0x86772b1409b61c639eaac9ba0acfbb6e238e5f83,NDX.png
WorkQuest Token,WQT,ETH,0x06677dc4fe12d3ba3c7ccfd0df8cd45e4d4095bf,WQT.png
NBX,BYN,ETH,0x4bb3205bf648b7f59ef90dee0f1b62f6116bc7ca,BYN.png
UniFarm,UFARM,ETH,0x40986a85b4cfcdb054a6cbfb1210194fee51af88,UFARM.png
Bitspawn,SPWN,ETH,0xe516D78d784C77D479977BE58905B3f2b1111126,SPWN.png
DinoX,DNXC,ETH,0x20a8cec5fffea65be7122bcab2ffe32ed4ebf03a,DNXC.png
Project TXA,TXA,ETH,0x4463e6A3dEd0dBE3F6e15bC8420dFc55e5FeA830,TXA.png
Skyrim Finance,SKYRIM,ETH,0x2610f0bfc21ef389fe4d03cfb7de9ac1e6c99d6e,SKYRIM.png
Phoenix Token,PHX,ETH,0xAeC65404DdC3af3C897AD89571d5772C1A695F22,PHX.png
NuriFootBall,NRFB,ETH,0x00281dfce4cfd72c0b6fda2aaaf077258743f9e8,NRFB.png
SPORT,SPORT,ETH,0x96b14E64b53B9950d2a4D2292f8dc7d51a4f467A,SPORT.png
CareCoin,CARE,ETH,0x329cf160F30D21006bCD24b67EAde561E54CDE4c,CARE.png
ADreward,AD,ETH,0xe973e453977195422b48e1852a207b7ee9c913c7,AD.png
AquariusCoin,ARCO,ETH,0x9ad4d28cf045deb68377bab20f2b652ae41c9bce,ARCO.png
Huobi Token,HT,ETH,0x6f259637dcd74c767781e37bc6133cd6a68aa161,HT.png
ZCore (old),ZCR,ETH,0x72896d5478ad86b14a6d4f6e7441740d4970083d,ZCR.png
ECOSC,ECU,ETH,0x8fc9b6354E839AB1c8B31F4afa53607092B8C2e5,ECU.png
XT Smart Chain,XT,ETH,0x4be10da47a07716af28ad199fbe020501bddd7af,XT.png
Connectome,CNTM,ETH,0x9a1bf361798ef6538ccb8137ea900c4d4b48ca3d,CNTM.png
Litentry,LIT,ETH,0xb59490ab09a0f526cc7305822ac65f2ab12f9723,LIT.png
Lead Wallet,LEAD,ETH,0x1dd80016e3d4ae146ee2ebb484e8edd92dacc4ce,LEAD.png
S.Finance,SFG,ETH,0x8a6ACA71A218301c7081d4e96D64292D3B275ce0,SFG.png
YVS.Finance,YVS,ETH,0xec681f28f4561c2a9534799aa38e0d36a83cf478,YVS.png
Landbox,LAND,ETH,0x0e2ef8aecb3c01ad5d596f1b67134e178199984d,LAND.png
KingDeFi,KRW,ETH,0x499568c250Ab2a42292261d6121525d70691894b,KRW.png
FBX by KXCO,FBX,ETH,0x60bb16c4a931b1a0b8a7d945c651dd90f41d42cf,FBX.png
WhiteBIT Coin,WBT,ETH,0x925206b8a707096Ed26ae47C84747fE0bb734F59,WBT.png
PREMA,PRMX,ETH,0xe4dae00bc1c46ea2f44ae71b1beb8b171c15d812,PRMX.png
HTX,HTX,ETH,0x61ec85ab89377db65762e234c946b5c25a56e99e,HTX.png
Layer3,L3,ETH,0x88909D489678dD17aA6D9609F89B0419Bf78FD9a,L3.png
Everclear,CLEAR,ETH,0x58b9cB810A68a7f3e1E4f8Cb45D1B9B3c79705E8,CLEAR.png
Plume,PLUME,ETH,0x4C1746A800D224393fE2470C70A35717eD4eA5F1,PLUME.png
Orbiter Finance,OBT,ETH,0x4af322Ff4A6f2858F6B51E546B9EC499654493C5,OBT.png
Avalon Labs (AVL),AVL,ETH,0x5c8d0c48810fd37a0a824d074ee290e64f7a8fa2,AVL.png
Singularity Finance,SFI,ETH,0x7636d8722fdf7cd34232a915e48e96aa3eb386bf,SFI.png
Moneta Digital,MMXN,ETH,0x95c2e7cbc7ae370e28160bd04297c53f96d092b4,MMXN.png
UGOLD Inc.,UGOLD,ETH,0xa6089dbfed19d1bcd43146bbdca2b8f9d9f84a9a,UGOLD.png
Sturdy,STRDY,ETH,0xaeB3607eC434454ceB308f5Cd540875efb54309A,STRDY.png
Meson Network,MSN,ETH,0xaa247c0d81b83812e1abf8bab078e4540d87e3fb,MSN.png
Savings Dai,SDAI,ETH,0x83f20f44975d03b1b09e64809b757c47f942beea,SDAI.png
HugeWin,HUGE,ETH,0xEC12BA5AC0F259e9ac6FC9A3bC23a76Ad2fDE5D9,HUGE.png
Pixelverse,PIXFI,ETH,0xd795eb12034C2b77d787a22292c26fab5f5C70Aa,PIXFI.png
4,FOUR,ETH,0xE6D6043D19e7479d1ffe76dDDc7F68467234462b,FOUR.png
WEEX Token,WXT,ETH,0x1B66474c8ECA3827f16202907F41F63785579716,WXT.png
TRUMP MAGA (trumpmaga.me),MAGA,ETH,0xf211B655431c10E72C1CAeae37688Ae9f7F7A549,MAGA.png
AUSD,AUSD,ETH,0x00000000eFE302BEAA2b3e6e1b18d08D69a9012a,AUSD.png
Sky,SKY,ETH,0x56072C95FAA701256059aa122697B133aDEd9279,SKY.png
ZND Token,ZND,ETH,0x2d8ea194902bc55431420bd26be92b0782dce91d,ZND.png
KIP Protocol,KIP,ETH,0x946fb08103b400d1c79e07acCCDEf5cfd26cd374,KIP.png
Shiba Inu TREAT,TREAT,ETH,0xa02c49da76a085e4e1ee60a6b920ddbc8db599f4,TREAT.png
Game7,G7,ETH,0x12c88a3c30a7aabc1dd7f2c08a97145f5dccd830,G7.png
P2P Solutions foundation,P2PS,ETH,0x4527a3b4a8a150403090a99b87effc96f2195047,P2PS.png
Frax Finance - Frax Ether,FRXETH,ETH,0x5E8422345238F34275888049021821E8E08CAa1f,FRXETH.png
SMILEY,SMILEY,ETH,0x4c6e2c495b974b8d4220e370f23c7e0e1da9b644,SMILEY.png
Gala Music,MUSIC,ETH,0xD8c0b13B551718b808fc97eAd59499d5Ef862775,MUSIC.png
RWAX,APP,ETH,0xC5d27F27F08D1FD1E3EbBAa50b3442e6c0D50439,APP.png
TYBENG,TYBENG,ETH,0xd9ebbc7970e26b4eced7323b9331763e8272d011,TYBENG.png
RYO Coin,RYO,ETH,0x4c7fe8f97db97cbccc76989ab742afc66ca6e75c,RYO.png
Resolv USR,USR,ETH,0x66a1e37c9b0eaddca17d3662d6c05f4decf3e110,USR.png
SORA GROK,GROK,ETH,0x2bB84fd8F7eD0FfAe3da36AD60d4D7840bdeEADa,GROK.png
Finanx AI,FNXAI,ETH,0x939069722D568B5498CcBA4356E800EaefEFD2a5,FNXAI.png
HashKey Platform Token,HSK,ETH,0xe7c6bf469e97eeb0bfb74c8dbff5bd47d4c1c98a,HSK.png
LBK,LBK,ETH,0x9cb1aeafcc8a9406632c5b084246ea72f62d37b6,LBK.png
USDP Stablecoin,USDP,ETH,0x1456688345527bE1f37E9e627DA0837D6f08C925,USDP.png
EscoinToken,ELG,ETH,0xA2085073878152aC3090eA13D1e41bD69e60Dc99,ELG.png
X,X,ETH,0x7f3141c4d6b047fb930991b450f1ed996a51cb26,X.png
VitaDAO,VITA,ETH,0x81f8f0bb1cB2A06649E51913A151F0E7Ef6FA321,VITA.png
XEN Crypto,XEN,ETH,0x06450dEe7FD2Fb8E39061434BAbCFC05599a6Fb8,XEN.png
GHO,GHO,ETH,0x40D16FC0246aD3160Ccc09B8D0D3A2cD28aE6C2f,GHO.png
Origin Ether,OETH,ETH,0x856c4Efb76C1D1AE02e20CEB03A2A6a08b0b8dC3,OETH.png
pepe in a memes world,PEW,ETH,0x382ea807a61a418479318efd96f1efbc5c1f2c21,PEW.png
FIGHT TO MAGA,FIGHT,ETH,0x8802269d1283cdb2a5a329649e5cb4cdcee91ab6,FIGHT.png
TRUMP MEME (trumpmeme.net),MEME,ETH,0x05f226755b11cB3666340551EbBAa615CDFEFdD6,MEME.png
PEPE MAGA,MAGA,ETH,0xDa2E903b0B67F30BF26bD3464f9EE1a383BbbE5F,MAGA.png
trumpwifhat,TRUMP,ETH,0x555907a0b5c32DF0fEb35401187aED60a9191D74,TRUMP.png
Turbo Trump,TURBO,ETH,0xb6aAa0EfDfAC186652e3b31a6f07A9A74D1B5A75,TURBO.png
Squid Game (squidgame.top),SQUID,ETH,0x57D9750893ADB0d1ee07bac44c8bB45c45b58f73,SQUID.png
Milady Cult Coin,CULT,ETH,0x0000000000c5dc95539589fbD24BE07c6C14eCa4,CULT.png
Dogcoin,DCOIN,ETH,0xf1BB41F9eD87e6c7E1F70e921b7B4bee1Df7Ae9c,DCOIN.png
Metronome,MET,ETH,0x2Ebd53d035150f328bd754D6DC66B99B0eDB89aa,MET.png
Dypius [Old],DYP,ETH,0x961C8c0B1aaD0c0b10a51FeF6a867E3091BCef17,DYP.png
HitBTC Token,HIT,ETH,0x74b1af114274335598da72f5c6ed7b954a016eed,HIT.png
Chainflip,FLIP,ETH,0x826180541412D574cf1336d22c0C0a287822678A,FLIP.png
OMNIA Protocol,OMNIA,ETH,0x2e7e487d84b5baba5878a9833fb394bc89633fd7,OMNIA.png
Digital Financial Exchange,DIFX,ETH,0x9792409ae27726d337af30d701ab525372495607,DIFX.png
Massive Protocol,MAV,ETH,0xbe1dbe6741fb988fb571ab1e28cffb36e3c62629,MAV.png
Seamless,SEAM,ETH,0x6b66ccd1340c479b07b390d326eadcbb84e726ba,SEAM.png
TurtSat,TURT,ETH,0x0800394f6E23dD539929c8B77a3d45c96F76AEFC,TURT.png
StarHeroes,STAR,ETH,0xb299751b088336e165da313c33e3195b8c6663a6,STAR.png
Gyroscope GYD,GYD,ETH,0xe07f9d810a48ab5c3c914ba3ca53af14e4491e8a,GYD.png
BOME TRUMP,TRUMP,ETH,0xCf01a5c02c9b9DD5bF73a5a56BcDbc9dca483D43,TRUMP.png
ParallelAI,PAI,ETH,0x13e4b8cffe704d3de6f19e52b201d92c21ec18bd,PAI.png
DARAM AI,DARAM,ETH,0x128F3e482F5Bd5F08Fe1b216E60EC0A6013deAB9,DARAM.png
ISLAND Token,ISLAND,ETH,0x157a6df6B74F4E5E45af4E4615FDe7B49225a662,ISLAND.png
USDa (Avalon Labs),USDa,ETH,0x8A60E489004Ca22d775C5F2c657598278d17D9c2,USDa.png
SocialGood,SG,ETH,0xddf7fd345d54ff4b40079579d4c4670415dbfd0a,SG.png
FUTUREXCRYPTO,FXC,ETH,0x1e6063b7b3a1c1952ed2c4087fd528998db69ec7,FXC.png
Terra Classic USD (Wormhole),USTC,ETH,0xa693b19d2931d498c5b318df961919bb4aee87a5,USTC.png
CAW(A Hunters Dream),CAW,ETH,0xf3b9569F82B18aEf890De263B84189bd33EBe452,CAW.png
Chains of War,MIRA,ETH,0xf5207ac91c9e7ec7ebb03e93cbcbcad10878ac79,MIRA.png
Smart Game Finance,SMART,ETH,0xce20bb92ccf9bbf5091ef85649e71e552819ad8c,SMART.png
Gold Standard,BAR,ETH,0x777BE1c6075c20184C4fd76344b7b0B7c858fe6B,BAR.png
PINs Network Token,PINS,ETH,0x92ACA969b77BD899C05ca0e1DC050cd003457d60,PINS.png
SmartWorld Global,SWGT,ETH,0xc8bf8bc34874e07f6a0d4abc8be22ba9e372631b,SWGT.png
Flayer,FLAY,ETH,0xF1A7000000950C7ad8Aff13118Bb7aB561A448ee,FLAY.png
WeatherXM,WXM,ETH,0xde654f497A563dd7A121c176a125dD2F11F13a83,WXM.png
Book of Meme 3.0,BOME,ETH,0x634769EB87542EAf41C0008c05D5d8F5d8bEc3A5,BOME.png
MSTR,MSTR,ETH,0x306227D964511A260D14563FbfA82AA75Db404b2,MSTR.png
Dark Machine,MXNA,ETH,0x0a2A015A15A8E019aBc386FEE88B8A6d7A0D90df,MXNA.png
VICE Token,VICE,ETH,0xfd409Bc96d126bC8a56479d4c7672015D539F96C,VICE.png
ONUS,ONUS,ETH,0x4184aa04215e5d716dd4c213fed519acadc68f92,ONUS.png
DOLA,DOLA,ETH,0x865377367054516e17014CcdED1e7d814EDC9ce4,DOLA.png
Bitcoin ETF,ETF,ETH,0xa09e6f797223af66f3088ab8df35b2419165ea07,ETF.png
BitStable,BSSB,ETH,0xda31d0d1bc934fc34f7189e38a413ca0a5e8b44f,BSSB.png
Sora,SORA,ETH,0xb8a87405d9a4F2F866319B77004e88dfF66c0d92,SORA.png
Param,PARAM,ETH,0x69A1e699f562D7Af66Fc6cc473d99f4430C3AcD2,PARAM.png
HGEN DAO,HGEN,ETH,0xED9d16a9c15B47904F535abBFff3DAa2113dB560,HGEN.png
Catalorian (CatalorianOGETH),CATALORIAN,ETH,0x8baf5d75cae25c7df6d1e0d26c52d19ee848301a,CATALORIAN.png
Carbon Capture,CCO2,ETH,0x51da83dbb0414cC2e1c26D7E77C8eF76Ee4c2910,CCO2.png
OSCAR,OSCAR,ETH,0xebb66a88cedd12bfe3a289df6dfee377f2963f12,OSCAR.png
mETH Protocol,COOK,ETH,0x9F0C013016E8656bC256f948CD4B79ab25c7b94D,COOK.png
EYWA,EYWA,ETH,0x8cb8C4263EB26b2349d74ea2cB1B27bc40709e12,EYWA.png
STRATEGIC BITCOIN RESERVE,SBR,ETH,0xd6203889c22d9fe5e938a9200f50fdffe9dd8e02,SBR.png
SUI Desci Agents,DESCI,ETH,0xAEc613188B1E178d42a05d352044D54854C3196a,DESCI.png
[Fake]Official Melania Trump,TRUMP,ETH,0x97f698fD61A360cB8ABdCa752D6C998636faE99B,TRUMP.png
Jinbi Token,JNB,ETH,0x21d5a14e625d767ce6b7a167491c2d18e0785fda,JNB.png
EARNM,EARNM,ETH,0x3e62fED35c97145e6B445704B8CE74B2544776A9,EARNM.png
Ten Best Coins,TBC,ETH,0x03042ae6fcfd53e3a0baa1fab5ce70e0cb74e6fb,TBC.png
SoonVerse,SOON,ETH,0x574D22E2555cAc0ce71e44778f6De2e7487aE229,SOON.png
Legacy Token,LGCT,ETH,0xD38B305CaC06990c0887032A02C03D6839f770A8,LGCT.png
Wagmi,WAGMI,ETH,0x92CC36D66e9d739D50673d1f27929a371FB83a67,WAGMI.png
Peapods Finance,PEAS,ETH,0x02f92800f57bcd74066f5709f1daa1a4302df875,PEAS.png
Mountain Protocol,USDM,ETH,0x59D9356E565Ab3A36dD77763Fc0d87fEaf85508C,USDM.png
MAGA Trump,MAGATRUMP,ETH,0x225e5b78f289c6d7d7757ad2b9d23b6ab31a5eea,MAGATRUMP.png
Teleport System Token,TST,ETH,0x0828096494ad6252F0F853abFC5b6ec9dfe9fDAd,TST.png
MISHA,MISHA,ETH,0x0CCAe1Bc46Fb018DD396Ed4c45565d4Cb9d41098,MISHA.png
Daram,DARAM,ETH,0xad86b91a1d1db15a4cd34d0634bbd4ecacb5b61a,DARAM.png
Network3,N3,ETH,0x9b79ea20a8258649401f8c58973281081d905b9f,N3.png
Terrax,TEX,ETH,0xB25fbc9F6b72F73255cB5756FCC84cEfB330384e,TEX.png
Tokenize Xchange,TKX,ETH,0x667102BD3413bFEaa3Dffb48fa8288819E480a88,TKX.png
Fluid,FLUID,ETH,0x6f40d4A6237C257fff2dB00FA0510DeEECd303eb,FLUID.png
CoinW Token,CWT,ETH,0x901ea3606d567f9f1e964639d5cbb8659080be8a,CWT.png
Talken,TALK,ETH,0xcaabcaa4ca42e1d86de1a201c818639def0ba7a7,TALK.png
Sommelier,SOMM,ETH,0xa670d7237398238DE01267472C6f13e5B8010FD1,SOMM.png
Altered State Token,ASTO,ETH,0x823556202e86763853b40e9cDE725f412e294689,ASTO.png
Gekko HQ,GEKKO,ETH,0xf017d3690346eb8234b85F74cEe5E15821fEe1f4,GEKKO.png
Fjord Foundry,FJO,ETH,0x69457A1C9Ec492419344DA01Daf0DF0e0369d5D0,FJO.png
NuLink,NLK,ETH,0x744030Ad4E6c10fAf5483b62473D88a254d62261,NLK.png
Kelp DAO's Airdrop Gain ETH,AGETH,ETH,0xe1b4d34e8754600962cd944b535180bd758e6c2e,AGETH.png
Doggo (doggocto.com),DOGGO,ETH,0x240Cd7b53d364a208eD41f8cEd4965D11F571B7a,DOGGO.png
Olympus v2,OHM,ETH,0x64aa3364f17a4d01c6f1751fd97c2bd3d7e7f1d5,OHM.png
Zedxion,ZEDXION,ETH,0xbafdabadcf19d0cfbbe0ab9c69cf050d86ff888c,ZEDXION.png
Kanga Exchange Token,KNG,ETH,0x471d113059324321749e097705197a2b44a070fc,KNG.png
LIF3,LIF3,ETH,0x7138Eb0d563f3F6722500936A11DcAe99D738A2c,LIF3.png
HYPERCOMIC,HYCO,ETH,0x77F76483399Dc6328456105B1db23e2Aca455bf9,HYCO.png
Ben (v2),BEN,ETH,0xdcc97d2c1048e8f3f2fc58ace9024ab8b350e4b1,BEN.png
Phemex Token,PT,ETH,0xbbb32f99e6f2cb29337eebaa43c5069386de6e6c,PT.png
Froge (ETH),FROGE,ETH,0xcAb254f1a32343f11aB41fbdE90eCB410cDe348a,FROGE.png
UNIPOLY,UNP,ETH,0x23d7Ff057c696fEE679c60cEf61Fee6614218f04,UNP.png
Bitcoin Cats,1CAT,ETH,0x508e00d5cef397b02d260d035e5ee80775e4c821,1CAT.png
TitanX,TITANX,ETH,0xF19308F923582A6f7c465e5CE7a9Dc1BEC6665B1,TITANX.png
Inscribe,INS,ETH,0xe9572938bcbf08adcee86fd12a7c0d08dc4ab841,INS.png
I love puppies,PUPPIES,ETH,0xcf91b70017eabde82c9671e30e5502d312ea6eb2,PUPPIES.png
Sensay,SNSY,ETH,0x82a605d6d9114f4ad6d5ee461027477eeed31e34,SNSY.png
QuantixAI,QAI,ETH,0xCb21311d3B91b5324F6C11B4f5A656fcAcBff122,QAI.png
Max on ETH,MAXETH,ETH,0x68ad75469db9181a1144e769c16adf47f2f32cae,MAXETH.png
Gud Tech,GUD,ETH,0xA608512BBC9934E4b1DDeCF0F5Fb38b6Ad93308D,GUD.png
TonCapy,TCAPY,ETH,0x57604f28a2af0e2fcc1c0570e95731d82b55c730,TCAPY.png
Orion,ORN,ETH,0x0258F474786DdFd37ABCE6df6BBb1Dd5dfC4434a,ORN.png
QANplatform,QANX,ETH,0xAAA9214F675316182Eaa21C85f0Ca99160CC3AAA,QANX.png
Lybra Finance,LBR,ETH,0xed1167b6dc64e8a366db86f2e952a482d0981ebd,LBR.png
FOGNET,FOG,ETH,0x503cD987998824192578D0d7950148445667287c,FOG.png
Any Inu,AI,ETH,0x2598c30330D5771AE9F983979209486aE26dE875,AI.png
Childrens Aid Foundation,CAF,ETH,0x096985703F584B9444CE9730B600fC39De29ccc8,CAF.png
Velar,VELAR,ETH,0x033BbDe722EA3Cdcec73cFFEA6581DF9F9C257de,VELAR.png
SOFA Org,RCH,ETH,0x57B96D4aF698605563A4653D882635da59Bf11AF,RCH.png
Caduceus Protocol (new),CAD,ETH,0x4349929808E515936A68903F6085F5e2B143ff3d,CAD.png
Dinero,DINERO,ETH,0x6DF0E641FC9847c0c6Fde39bE6253045440c14d3,DINERO.png
Freela,FREL,ETH,0x29ceddcf0da3c1d8068a7dfbd0fb06c2e438ff70,FREL.png
Vader Protocol,VADER,ETH,0x2602278EE1882889B946eb11DC0E810075650983,VADER.png
Faith Tribe,FTRB,ETH,0x2596825a84888E8f24b747DF29e11b5dd03C81D7,FTRB.png
Melos Studio,MELOS,ETH,0x1afb69dbc9f54d08dab1bd3436f8da1af819e647,MELOS.png
PDX Coin,PDX,ETH,0x6a8fee0E33Cb65a7E8D21BadCA62E87639ef74B3,PDX.png
Flappymoonbird,FMB,ETH,0x52284158E02425290f6B627Aeb5FFF65eDf058Ad,FMB.png
Medicle,MDI,ETH,0x848896470d989f30503d8f883c331f63b73b66ea,MDI.png
Forgotten Playland,FP,ETH,0xEeee2A2E650697d2A8e8BC990C2f3d04203bE06f,FP.png
AxonDAO Governance Token,AXGT,ETH,0xDd66781D0E9a08D4FBb5eC7BAc80B691BE27F21D,AXGT.png
Freedom,FDM,ETH,0x60d91f6D394c5004A782E0D175E2b839e078FB83,FDM.png
Ekubo Protocol,EKUBO,ETH,0x04C46E830Bb56ce22735d5d8Fc9CB90309317d0f,EKUBO.png
MAGA: Fight for Trump,TRUMPCOIN,ETH,0x03dCee0d21ab39614c768DAb67BFC33B0Fc0A047,TRUMPCOIN.png
Anzen Finance (USDZ),USDZ,ETH,0xA469B7Ee9ee773642b3e93E842e5D9b5BaA10067,USDZ.png
Peezy (peezy.vip),PEEZY,ETH,0x698b1d54E936b9F772b8F58447194bBc82EC1933,PEEZY.png
NEOT,NEOTECH,ETH,0xD0E6D04c2f105344860D07912A857AD21204fC97,NEOTECH.png
VMS Classic,VMC,ETH,0xD0f3C49297a85C81bfE98bC0BdC966964c0E7173,VMC.png
Autonio,NIOX,ETH,0xc813EA5e3b48BEbeedb796ab42A30C5599b01740,NIOX.png
Ocean Protocol,OCEAN,ETH,0x967da4048cd07ab37855c090aaf366e4ce1b9f48,OCEAN.png
QBX,QBX,ETH,0x72FDc31f4a9a1EDF6B6132D3C1754F1CdcF5D9B1,QBX.png
Ninja Squad Token,NST,ETH,0x70bef3bb2f001da2fddb207dae696cd9faff3f5d,NST.png
ZENEX,ZNX,ETH,0x9471d30d78a3c9f076ce206d14867a8d8be1efde,ZNX.png
Work X,WORK,ETH,0x8888888837f84a7a82668e0320ac454f5945d0b9,WORK.png
ZynCoin,ZYN,ETH,0x58cB30368ceB2d194740b144EAB4c2da8a917Dcb,ZYN.png
Thetanuts Finance,NUTS,ETH,0x23f3d4625aef6f0b84d50db1d53516e6015c0c9b,NUTS.png
SpecialMetalX,SMETX,ETH,0x0bCC26e40d87873615e082c1b5df15E487f94737,SMETX.png
Blast Royale,NOOB,ETH,0x06561dC5CEdCc012a4EA68609b17d41499622E4c,NOOB.png
STARS,STARS,ETH,0x04F121600c8C47A754636fc9d75661a9525e05D5,STARS.png
Ponder,PNDR,ETH,0x73624d2dEF952C77a1f3B5AD995eef53E49639EC,PNDR.png
Derive,DRV,ETH,0xB1D1eae60EEA9525032a6DCb4c1CE336a1dE71BE,DRV.png
Metaverse HQ,HQ,ETH,0xde6AcEAF7F2dCEB3d425643C5F85351f2B38FcdE,HQ.png
HEX,HEX,ETH,0x2b591e99afe9f32eaa6214f7b7629768c40eeb39,HEX.png
Index Cooperative,INDEX,ETH,0x0954906da0Bf32d5479e25f46056d22f08464cab,INDEX.png
Convex CRV,CVXCRV,ETH,0x62b9c7356a2dc64a1969e19c23e4f579f9810aa7,CVXCRV.png
MContent,MCONTENT,ETH,0xD3c51de3E6DD9b53D7f37699AFB3EE3Bf9B9b3F4,MCONTENT.png
Vera,VERA,ETH,0xd7f0cc50ad69408ae58be033f4f85d2367c2e468,VERA.png
THORSwap,THOR,ETH,0xa5f2211B9b8170F694421f2046281775E8468044,THOR.png
Angle Protocol,EURA,ETH,0x1a7e4e63778b4f12a199c062f3efdd288afcbce8,EURA.png
C-cash,CCASH,ETH,0xE925Aa77D51746b865e5c05165A879820cb4b720,CCASH.png
ecoterra,ECOTERRA,ETH,0x982b50e55394641ca975a0eec630b120b671391a,ECOTERRA.png
Tipcoin,TIP,ETH,0x0176b898e92e814c06cc379e508ceb571f70bd40,TIP.png
ETF,ETF,ETH,0x667210a731447F8B385e068205759BE2311b86d4,ETF.png
Joe coin,JOE,ETH,0x76e222b07c53d28b89b0bac18602810fc22b49a8,JOE.png
Ordiswap,ORDS,ETH,0x8AB2ff0116A279a99950C66A12298962D152B83c,ORDS.png
Wexo,WEXO,ETH,0xf31698DDAd0d11160Fe85c500397A470CD3d492E,WEXO.png
NexQloud,NXQ,ETH,0x5266479705d627b20FcD8BB3a45D9E99dd0556E3,NXQ.png
Boomco,BOOM,ETH,0xda8a1f5eccabc80c26ec9ab493715d5b9ce8fef9,BOOM.png
XBorg,XBG,ETH,0xEaE00D6F9B16Deb1BD584c7965e4c7d762f178a1,XBG.png
BOME AI,BOME,ETH,0x0c4785eE3CA8bF1fB90c772703210bd346AA3413,BOME.png
OpenServ,SERV,ETH,0x40e3d1A4B2C47d9AA61261F5606136ef73E28042,SERV.png
Dogecast,DOGECAST,ETH,0x4955f6641bf9c8c163604c321f4b36e988698f75,DOGECAST.png
Renta Network,RENTA,ETH,0x792905A8B7c0a22d56E78e849F95c162018A4E2D,RENTA.png
DEX223,D223,ETH,0x0908078Da2935A14BC7a17770292818C85b580dd,D223.png
ARCS,ARX,ETH,0x7d8DafF6d70CEAd12c6f077048552Cf89130A2B1,ARX.png
Divergence,DIVER,ETH,0xfb782396c9b20e564a64896181c7ac8d8979d5f4,DIVER.png
Railgun,RAIL,ETH,0xe76c6c83af64e4c60245d8c7de953df673a7a33d,RAIL.png
Own The Doge,DOG,ETH,0xbaac2b4491727d78d2b78815144570b9f2fe8899,DOG.png
WX Token,WX,ETH,0x934ac3fFDC82A3ABcc71C1831BdF5c766f6EE8a9,WX.png
Universal ETH,UNIETH,ETH,0xF1376bceF0f78459C0Ed0ba5ddce976F1ddF51F4,UNIETH.png
Wall Street Baby,WSB,ETH,0x15f20f9dfdf96ccf6ac96653b7c0abfe4a9c9f0f,WSB.png
4-CHAN,4CHAN,ETH,0xe0A458BF4AcF353cB45e211281A334BB1d837885,4CHAN.png
Floor Protocol,FLC,ETH,0x102c776DDB30C754dEd4fDcC77A19230A60D4e4f,FLC.png
Dawg Coin,DAWG,ETH,0xd5fa38027462691769b8a8ba6c444890103b5b94,DAWG.png
lmeow,LMEOW,ETH,0x1aE7e1d0ce06364CED9aD58225a1705b3e5DB92b,LMEOW.png
Luxury Travel Token,LTT,ETH,0x3F91Ad19AF450B44cf5176b4dE719d77CB19EEc7,LTT.png
Zik coin,ZIK,ETH,0xD4419C2d3DAA986Dc30444Fa333a846be44Fd1eb,ZIK.png
Mohameme Bit Salman,SALMAN,ETH,0x69Bb12b8eE418E4833b8Debe4A2BB997AB9cE18e,SALMAN.png
Fefe,FEFE,ETH,0xfefe157c9d0ae025213092ff9a5cb56ab492bab8,FEFE.png
XUSD,XUSD,ETH,0xC08e7E23C235073C6807C2EFE7021304cb7c2815,XUSD.png
MOG CAT,MOG,ETH,0x7391425CA7ceE3eE03E09794b819291a572af83E,MOG.png
Top Grass Club,TGRASS,ETH,0x71eD2Ce4A4eD4E487718E4B53C01bEEcfe5b14A7,TGRASS.png
Glacier Network,GLS,ETH,0x68e2e5c9dff32419a108713f83274a4fb5e194ca,GLS.png
OSMI,OSMI,ETH,0x5485a469fAEa1492191Cfce7528AB6E58135aA4d,OSMI.png
Vow,VOW,ETH,0x1BBf25e71EC48B84d773809B4bA55B6F4bE946Fb,VOW.png
SubQuery Network,SQT,ETH,0x09395a2A58DB45db0da254c7EAa5AC469D8bDc85,SQT.png
ENO,ENO,ETH,0x1C3d163219Bb74f430411b95D66b72056f366eC1,ENO.png
4EVERLAND,4EVER,ETH,0xe355de6a6043b0580ff5a26b46051a4809b12793,4EVER.png
00 Token,00,ETH,0x881ba05de1e78f549cc63a8f6cabb1d4ad32250d,00.png
Karate Combat,KARATE,ETH,0x80008BCD713c38AF90a9930288D446bc3bD2E684,KARATE.png
RefundCoin,RFD,ETH,0x955d5c14c8d4944da1ea7836bd44d54a8ec35ba1,RFD.png
Ness LAB,NESS,ETH,0x524f61DEF05E5FA39482628C803Ba869899c07C6,NESS.png
spurdo,SPURDO,ETH,0x59C6766de1Dc50a9c9DB86CB0461b5Ce07408aB7,SPURDO.png
Crazy Frog,CRAZY,ETH,0xaD5FdC8c3C18d50315331fCa7f66eFE5033F6C4C,CRAZY.png
OBI Real Estate,OBICOIN,ETH,0x76131b6D0ec94057e6dC6352adDa76B8165E08ab,OBICOIN.png
Reform DAO,RFRM,ETH,0xea3eed8616877F5d3c4aEbf5A799F2e8D6DE9A5E,RFRM.png
StakeVault.Network,SVN,ETH,0xcE872DB165d4F5623AF9c29e03AFd416Bc5f67bc,SVN.png
Yes Chad,YES,ETH,0x5da42c37dea61d1c31e7a810e7d2aff736a41643,YES.png
Palapa,PLPA,ETH,0x2eb05470a5b54065569ba1ef0fb94509538fbaf2,PLPA.png
Squad3,SQ3,ETH,0x5d18dE1A5292d5DF40F7edd6827AeF3b0Bd080F4,SQ3.png
Fyde,FYDE,ETH,0x8a462e6a0051d006e33152fbeadfb9a14198de30,FYDE.png
Starbase,STAR,ETH,0xf70a642bd387f94380ffb90451c2c81d4eb82cbc,STAR.png
Edge,EDGE,ETH,0x4ec1b60b96193a64acae44778e51f7bff2007831,EDGE.png
ProBit Token,PROB,ETH,0xfb559ce67ff522ec0b9ba7f5dc9dc7ef6c139803,PROB.png
Wasder,WAS,ETH,0x0c572544a4Ee47904d54aaA6A970AF96B6f00E1b,WAS.png
X2Y2,X2Y2,ETH,0x1E4EDE388cbc9F4b5c79681B7f94d36a11ABEBC9,X2Y2.png
Stake DAO CRV,SDCRV,ETH,0xd1b5651e55d4ceed36251c61c50c889b36f6abb5,SDCRV.png
WoofWork.io,WOOF,ETH,0x6bc08509b36a98e829dffad49fde5e412645d0a3,WOOF.png
LuckysLeprecoin,LUCKYSLP,ETH,0x357c915d7c12dc506d13332bb06c932af13e99a0,LUCKYSLP.png
dogwifhat,DOGWIFHAT,ETH,0x8aec4bbdcfb451aa289bfbd3c2f4e34a44ada1be,DOGWIFHAT.png
Legend of Arcadia,ARCA,ETH,0x1c00c3E03C3a10a0C1d9B6d1A42e797d7CB4147a,ARCA.png
melo,MELO,ETH,0x0dA2082905583cEdFfFd4847879d0F1Cf3d25C36,MELO.png
KabosuCoin (ERC),KABOSU,ETH,0xb3E41D6e0ea14b43BC5DE3C314A408af171b03dD,KABOSU.png
Groggo By Matt Furie,GROGGO,ETH,0x420110d74c4c3ea14043a09e81fad53e1932f54c,GROGGO.png
Fleabone,BONE,ETH,0x7076De6fF1d91e00Be7E92458089C833De99E22E,BONE.png
Optopia,OPAI,ETH,0xF8e57AC2730D3088D98B79209739b0D5Ba085a03,OPAI.png
Hydro Protocol,HOT,ETH,0x9af839687f6c94542ac5ece2e317daae355493a1,HOT.png
DigiFinexToken,DFT,ETH,0xa2a54f1ec1f09316ef12c1770d32ed8f21b1fb6a,DFT.png
EQIFI,EQX,ETH,0xbd3de9a069648c84d27d74d701c9fa3253098b15,EQX.png
Vancelian,AKTIO,ETH,0xe65d37F18A770643CB14c8611ACa7A67244BA480,AKTIO.png
Monerium EUR emoney,EURe,ETH,0x3231Cb76718CDeF2155FC47b5286d82e6eDA273f,EURe.png
Spot,SPOT,ETH,0xC1f33e0cf7e40a67375007104B929E49a581bafE,SPOT.png
enqAI,enqAI,ETH,0x710287D1D39DCf62094A83EBB3e736e79400068a,enqAI.png
Carbify,CBY,ETH,0xb9d27bc093ed0a3b7c18366266704cfe5e7af77b,CBY.png
TENET,TENET,ETH,0x788D86E00ab31Db859C3d6b80d5a9375801d7f2A,TENET.png
Pond Coin,PNDC,ETH,0x423f4e6138E475D85CF7Ea071AC92097Ed631eea,PNDC.png
Fame AI,FMC,ETH,0x6bfDB6f4E65Ead27118592A41eB927cEa6956198,FMC.png
Florence Finance Medici,FFM,ETH,0x72a9b1c9b191781bb15f1b98f443a1d916557c92,FFM.png
SatoshiVM,SAVM,ETH,0x15e6E0D4ebeAC120F9a97e71FaA6a0235b85ED12,SAVM.png
Zuzalu Inu,ZUZALU,ETH,0xD1F17B7a6bfF962659ED608bCD6D318bB5fBb249,ZUZALU.png
Chimpzee,CHMPZ,ETH,0x1161aB556bAA457994b1D6A6cCa3A7a6891009FD,CHMPZ.png
Super Best Friends,SUBF,ETH,0x564A80d0123Bdd750fb6A9993834968fc595C09A,SUBF.png
UAHg,UAHG,ETH,0xd1e0e39bd1758abe0865d5289895a9197c6cd549,UAHG.png
Vitreus,WVTRS,ETH,0x74950FC112473caba58193c6bF6412a6f1e4d7d2,WVTRS.png
MATT,MATT,ETH,0x7087c92EC764e75e7be7701EBA15cD95D90F501F,MATT.png
Popcat (ERC),POPCAT,ETH,0x05Aa4817c17825281474ae2Ee1ca492b89A16Bce,POPCAT.png
GM Holding,GM,ETH,0xEC73A0F098073C4F43E393B9B2f36073a0484401,GM.png
IX Swap,IXS,ETH,0x73d7c860998ca3c01ce8c808f5577d94d545d1b4,IXS.png
Idexo Token,IDO,ETH,0xF9c53268e9de692AE1b2ea5216E24e1c3ad7CB1E,IDO.png
Lovely Finance [Old],LOVELY,ETH,0x9E24415d1e549EBc626a13a482Bb117a2B43e9CF,LOVELY.png
Ridotto,RDT,ETH,0x4740735aa98dc8aa232bd049f8f0210458e7fca3,RDT.png
Pontoon,TOON,ETH,0xaeE433ADeBe0FBB88dAa47eF0C1A513CaA52EF02,TOON.png
Undead Blocks,UNDEAD,ETH,0x310C8F00b9dE3c31Ab95ea68feb6C877538f7947,UNDEAD.png
KAP Games,KAP,ETH,0x9625ce7753ace1fa1865a47aae2c5c2ce4418569,KAP.png
DOPE Coin,DOPE,ETH,0xDb529C2A773aD4f65712F13a50941Fa78eB2146a,DOPE.png
Icy,IC,ETH,0xa876f27f13a9eb6e621202cefdd5afc4a90e6457,IC.png
Mumu,MUMU,ETH,0x2F573070E6090b3264Fe707e2C9F201716F123c7,MUMU.png
Ajna Protocol,AJNA,ETH,0x9a96ec9B57Fb64FbC60B423d1f4da7691Bd35079,AJNA.png
AGII,AGII,ETH,0x75d86078625d1e2f612de2627d34c7bc411c18b8,AGII.png
PepeBull,BEEF,ETH,0xbeef698bd78139829e540622d5863e723e8715f1,BEEF.png
Lily's Coin,LILY,ETH,0x7ce89243Cc0d9e746609c57845ECCbD9bB4B7315,LILY.png
KOLZ,KOLZ,ETH,0x288741b45AD4042f7b124E38b53cEc5E9ccA0376,KOLZ.png
TROPPY,TROPPY,ETH,0x7eeab3de47a475fd2dec438aef05b128887c6105,TROPPY.png
Magic Internet Money,MIM,ETH,0x99d8a9c45b2eca8864373a26d1459e3dff1e17f3,MIM.png
4ART Coin,4ART,ETH,0xff44b5719f0b77a9951636fc5e69d3a1fc9e7d73,4ART.png
AI Network,AIN,ETH,0x3A810ff7211b40c4fA76205a14efe161615d0385,AIN.png
AVAV,AVAV,ETH,0x5Ac6efe0D74c7938027C7c52130F2209A0C4F9a7,AVAV.png
Bharat Smart Chain Project,GNX,ETH,0xD4A0E8962611792a85A9ff176194022659e7184F,GNX.png
Shirushi Coin,SISC,ETH,0xC7AC64b37f93B90aa3A7809d35D8771de18Ab71e,SISC.png
GIOVE,GIOVE,ETH,0xf016D7848Cd3f4B42de810BEB116DBACd8eD1e92,GIOVE.png
Fautor,FTR,ETH,0xD6C7bB8531295e88D364EA67D5D1acC7D3F87454,FTR.png
Roaring Kitty,ROAR,ETH,0xD8C978de79E12728e38aa952a6cB4166F891790f,ROAR.png
HARRIS (kamala.vip),KAMALA,ETH,0x2b640A99991dea2916205ECdc9F9c58F80017ed8,KAMALA.png
U Coin,U,ETH,0xe07710cdcD1c9F0FB04bfd013F9854E4552671cE,U.png
AdRise,RISE,ETH,0x89ca762f778c82120C13C79A9bFbDF6e8e663AB4,RISE.png
Heurist AI,HEU,ETH,0xec463D00aa4dA76fb112cD2e4AC1C6BeF02da6ea,HEU.png
JFIN Coin,JFIN,ETH,0x940bdcb99a0ee5fb008a606778ae87ed9789f257,JFIN.png
Octopus Network,OCT,ETH,0xf5cfbc74057c610c8ef151a439252680ac68c6dc,OCT.png
JUNO,JUNO,ETH,0x413e8196E7D6d2C02A6BCcc46366F881017ea479,JUNO.png
xx network,XX,ETH,0x171120219d3223e008558654ec3254a0f206edb2,XX.png
AngelBlock,THOL,ETH,0x207e14389183A94343942de7aFbC607F57460618,THOL.png
Voxto Amplify,VXT,ETH,0xd7A5456a6fd8ce64A8eCf5eA8D1976EB03fD47B6,VXT.png
edeXa,EDX,ETH,0xC114678C6e4654d041B2006C90f08478b444c4E2,EDX.png
Luffy,LUFFY,ETH,0x54012cDF4119DE84218F7EB90eEB87e25aE6EBd7,LUFFY.png
PAWZONE,PAW,ETH,0x1AA51bc7eb181ce48CE626Bf62f8956Fa9555136,PAW.png
FreeTrump,TRUMP,ETH,0xD015422879A1308ba557510345E944B912b9aB73,TRUMP.png
Crown Token,CROWN,ETH,0xF3Bb9F16677F2B86EfD1DFca1c141A99783Fde58,CROWN.png
MOE,MOE,ETH,0xcBa78d126f0B1FeDa0c538bcAf4C852A7a171099,MOE.png
El Hippo,HIPP,ETH,0x7b744eEa1dECa2f1B7b31F15Ba036Fa1759452d7,HIPP.png
Decentralized ETF,DETF,ETH,0x5516AC1aaCa7BB2fD5b7bDDE1549Ef1Ea242953d,DETF.png
Retik Finance,RETIK,ETH,0x26EbB8213fb8D66156F1Af8908d43f7e3e367C1d,RETIK.png
Metahorse Unity,MUNITY,ETH,0xe97f6dde78b11b58cb3e394f15ab592cb2acd290,MUNITY.png
Meme Kombat,MK,ETH,0x9fdfb933ee990955d3219d4f892fd1f786b47c9b,MK.png
GENIUS AI,GNUS,ETH,0x614577036F0a024DBC1C88BA616b394DD65d105a,GNUS.png
Nuklai,NAI,ETH,0x5Ac34C53A04B9aaA0BF047e7291fb4e8A48f2A18,NAI.png
TORA NEKO,TORA,ETH,0x1BB4aFbF2cE0C9ec86E6414ad4Ba4d9aab1c0De4,TORA.png
TRUF.Network,TRUF,ETH,0x243c9be13fAbA09F945ccc565547293337Da0Ad7,TRUF.png
MYST,$MYST,ETH,0xC7068FFf81F3a5B8C49CF6d35B3Bc524c3f045e9,$MYST.png
SafeMoon V2,SFM,ETH,0xe574c0c33A7A67d9b09F9F0AdDBB3dCA71A8F3E0,SFM.png
XRUN,XRUN,ETH,0x5833dbb0749887174b254ba4a5df747ff523a905,XRUN.png
HNB Protocol,HNB,ETH,0x6E0615a03eD9527a6013FcD5B556E36EF4DaB1FF,HNB.png
Cope,COPE,ETH,0xD8E163967FED76806Df0097B704bA721B9b37656,COPE.png
Open Exchange Token,OX,ETH,0x78a0a62fba6fb21a83fe8a3433d44c73a4017a6f,OX.png
AstroPepeX,APX,ETH,0xed4e879087ebD0e8A77d66870012B5e0dffd0Fa4,APX.png
MMX,MMX,ETH,0x614Da3b37B6F66F7Ce69B4Bbbcf9a55CE6168707,MMX.png
Arbius,AIUS,ETH,0x8AFE4055Ebc86Bd2AFB3940c0095C9aca511d852,AIUS.png
Biaoqing,BIAO,ETH,0x9Fd9278f04f01c6a39a9d1c1CD79f7782C6ADe08,BIAO.png
LAKE,LAK3,ETH,0x13d074303C95a34d304F29928dC8A16dEc797e9E,LAK3.png
Dork Lord,DORKY,ETH,0x95Ed629B028Cf6AADd1408Bb988c6d1DAAbe4767,DORKY.png
Criptodólar,UXD,ETH,0x0f6011F7DBC40c17EcE894b1147f4ecfA712b600,UXD.png
StarChain,STRC,ETH,0xB37A6953F6B943B24a769Ea94eaCaD3E4C5495b5,STRC.png
Fast And Ai,FASTAI,ETH,0xF986408A1788CEB3BB4B4BE4AA96A43914168554,FASTAI.png
PLAY,PLAY,ETH,0x7404ac09adf614603d9c16a7ce85a1101f3514ba,PLAY.png
Twin Protocol,TWIN,ETH,0x48fd84c0dFC47F1b61eD6a86367895AaA6ad2a45,TWIN.png
Content Bitcoin,CTB,ETH,0x435F6a29b100123ae46A3E8Bf0541aB402949243,CTB.png
MusmeCoin,MSM,ETH,0x2C3b62CdeaB213ff58ad24fe8bBDF224c7F66Dce,MSM.png
Lockheed Martin Inu,LMI,ETH,0xAf05Ce8A2Cef336006E933c02fc89887F5B3C726,LMI.png
Mixin,XIN,ETH,0xa974c709cfb4566686553a20790685a47aceaa33,XIN.png
Panther Protocol,ZKP,ETH,0x909E34d3f6124C324ac83DccA84b74398a6fa173,ZKP.png
Amino,AMINO,ETH,0x4DfD742c6E5e28F11Bcbcf6c5e51A965d15ea315,AMINO.png
Hop Protocol,HOP,ETH,0xc5102fe9359fd9a28f877a67e36b0f050d81a3cc,HOP.png
sudoswap,SUDO,ETH,0x3446Dd70B2D52A6Bf4a5a192D9b0A161295aB7F9,SUDO.png
Satoshis Vision,SATS,ETH,0x6c22910c6f75f828b305e57c6a54855d8adeabf8,SATS.png
Empyreal,EMP,ETH,0x39D5313C3750140E5042887413bA8AA6145a9bd2,EMP.png
Holograph,HLG,ETH,0x740df024CE73f589ACD5E8756b377ef8C6558BaB,HLG.png
Neiro Pump,NEIRO,ETH,0x339058Ca41e17b55B6dd295373C5d3cBe8000Cd9,NEIRO.png
TAXI,ROBOTAXI,ETH,0x119800a925217Ba9A2D656E868483a050C2F919F,ROBOTAXI.png
DragonX,DRAGONX,ETH,0x96a5399D07896f757Bd4c6eF56461F58DB951862,DRAGONX.png
Quantum Fusion Network,QF,ETH,0x6019Dcb2d0b3E0d1D8B0cE8D16191b3A4f93703d,QF.png
Asymmetry Finance,ASF,ETH,0x59a529070fBb61e6D6c91f952CcB7f35c34Cf8Aa,ASF.png
BitoPro Exchange Token,BITO,ETH,0x93b1e78a3e652cd2e71c4a767595b77282344932,BITO.png
Charged Particles,IONX,ETH,0x02d3a27ac3f55d5d91fb0f52759842696a864217,IONX.png
Gold Fever,NGL,ETH,0x2653891204f463fb2a2f4f412564b19e955166ae,NGL.png
Bumper,BUMP,ETH,0x785c34312dfa6b74f6f1829f79ade39042222168,BUMP.png
Enjinstarter,EJS,ETH,0x96610186F3ab8d73EBEe1CF950C750f3B1Fb79C2,EJS.png
BitMEX Token,BMEX,ETH,0xb113c6cf239f60d380359b762e95c13817275277,BMEX.png
LunchDAO,LUNCH,ETH,0x71a28feaee902966dc8d355e7b8aa427d421e7e0,LUNCH.png
INU,INU,ETH,0xc76d53f988820fe70e01eccb0248b312c2f1c7ca,INU.png
Patex,PATEX,ETH,0xfd4f2caf941b6d737382dce420b368de3fc7f2d4,PATEX.png
Taτsu,TATSU,ETH,0x92f419fb7a750aed295b0ddf536276bf5a40124f,TATSU.png
Digital Asset Rights Token,DAR,ETH,0x1Db11E86fa9b9A87813A4DD3F747EEf12Ed55a55,DAR.png
Banksters Token,BARS,ETH,0x5189688Ac92a1Eba1710bcba94Ab25c695A4dfa2,BARS.png
Bretter Brett,BRETT,ETH,0x66bFf695f3B16a824869a8018a3A6e3685241269,BRETT.png
Zygo the frog,ZYGO,ETH,0xEe2B9b7e168b5b2D40c507b891c7CfB13A6AaF2b,ZYGO.png
AutoLayer,LAY3R,ETH,0xf06ce11836851d71e74e4ffefa7b73fcc8a27786,LAY3R.png
Fanatico,FCO,ETH,0x41a1ef3d81D091465F22E8ED2a7e06d59A8532B7,FCO.png
Chainpal AI,CPAL,ETH,0x78965b1c638a7ff408d1697a96d7b8e47bb7c75f,CPAL.png
FLOCK,FLOCK,ETH,0xb33D999469a7e6b9EbC25A3a05248287b855eD46,FLOCK.png
Aurix,AUR,ETH,0x6E98E5401ADCB0D76F4DEBfc3d794B3031F48790,AUR.png
Animal Concerts,ANML,ETH,0x38b0e3a59183814957d83df2a97492aed1f003e2,ANML.png
AssangeDAO,JUSTICE,ETH,0x59d1e836F7b7210A978b25a855085cc46fd090B5,JUSTICE.png
zkLend,ZEND,ETH,0xb2606492712D311be8f41d940AFE8CE742A52D44,ZEND.png
CRYN,CRYN,ETH,0xc31cebf8f9e825d1d1244d73d0a65e44bd5210db,CRYN.png
Zedxion,USDZ,ETH,0x0a661F6AD63a1500D714ED1EeEdb64ec493a54A8,USDZ.png
Renq Finance,RENQ,ETH,0xff8C479134A18918059493243943150776cF8CF2,RENQ.png
MN Bridge,MNB,ETH,0xa922a70569a7555518bF4DED5094661a965E23cA,MNB.png
Mazze,MAZZE,ETH,0x4A029F7bCf33AcB03547D8fA7be840347973e24e,MAZZE.png
Root Protocol,ISME,ETH,0x87c22db324b8b0637c8f09d2670ae7777651dbb8,ISME.png
Kangamoon,KANG,ETH,0xB1c9D42FA4bA691eFe21656A7e6953d999B990c4,KANG.png
Morpheus,MOR,ETH,0xcBB8f1BDA10b9696c57E13BC128Fe674769DCEc0,MOR.png
Tap Protocol,TAP,ETH,0x5e7f6e008c6d9d7ad4c7eb75bd4ce62864cc7454,TAP.png
Nugget Trap Gold Token,NGTG$$,ETH,0x810296898a4F870619B015C0B13C8c6E65b305e3,NGTG$$.png
Silent Notary,UBSN,ETH,0x86EFc496DcA70bcFD92D19194290e8457a375773,UBSN.png
UCX,UCX,ETH,0x3D3af44cf092a49280e316f09c8f20ecf97BC933,UCX.png
Truebit,TRU,ETH,0xf65B5C5104c4faFD4b709d9D60a185eAE063276c,TRU.png
Wise Token,WISE,ETH,0x66a0f676479cee1d7373f3dc2e2952778bff5bd6,WISE.png
DBX,DBX,ETH,0x3cbc780d2934d55a06069e837fabd3e6fc23dab0,DBX.png
Clips,CLIPS,ETH,0xecbee2fae67709f718426ddc3bf770b26b95ed20,CLIPS.png
Shib2.0,SHIB2.0,ETH,0xdfEf6416EA3e6Ce587ED42Aa7cb2E586362cbBFa,SHIB2.0.png
CYBRIA,CYBA,ETH,0x1063181dc986f76f7ea2dd109e16fc596d0f522a,CYBA.png
Harambe AI,HARAMBEAI,ETH,0x5484581038cBf8EF33B7F6daEc7A2f01f71DB3C2,HARAMBEAI.png
Everybody Holds,HOLD,ETH,0x68b36248477277865c64dfc78884ef80577078f3,HOLD.png
Nettensor,NAO,ETH,0x72f713D11480DCF08b37E1898670e736688D218d,NAO.png
Flying Avocado Cat,FAC,ETH,0x1a3A8Cf347b2bF5890D3D6A1B981c4f4432C8661,FAC.png
TRALA,TRALA,ETH,0xD5e0eda0214f1d05af466E483d9376a77A67448b,TRALA.png
BlastUP,BLASTUP,ETH,0x901a020915bc3577d85d29f68024b4c5e240b8cd,BLASTUP.png
World Liberty Financial (worldlibertyfinance.ai),WLFI,ETH,0x66f85E3865D0cFDC009acf6280a8621f12e46CCf,WLFI.png
Tree,TREE,ETH,0xba25b2281214300e4e649fead9a6d6acd25f1c0a,TREE.png
SmartMesh,SMT,ETH,0x55f93985431fc9304077687a35a1ba103dc1e081,SMT.png
SingularityNET,AGIX,ETH,0x5B7533812759B45C2B44C19e320ba2cD2681b542,AGIX.png
XMax,XMX,ETH,0x0f8c45b896784a1e408526b9300519ef8660209c,XMX.png
Moon Rabbit,AAA,ETH,0x8c6bf16c273636523c29db7db04396143770f6a0,AAA.png
GM Wagmi,GM,ETH,0xbc7250c8c3eca1dfc1728620af835fca489bfdf3,GM.png
MoonDAO,MOONEY,ETH,0x20d4DB1946859E2Adb0e5ACC2eac58047aD41395,MOONEY.png
Medifakt,FAKT,ETH,0x0262E9374E95B9667B78136C3897Cb4e4Ef7f0c2,FAKT.png
OraiDEX,ORAIX,ETH,0x2d869aE129e308F94Cc47E66eaefb448CEe0d03e,ORAIX.png
ZigZag,ZZ,ETH,0xc91a71a1ffa3d8b22ba615ba1b9c01b2bbbf55ad,ZZ.png
Conic Finance,CNC,ETH,0x9aE380F0272E2162340a5bB646c354271c0F5cFC,CNC.png
UnleashClub,UNLEASH,ETH,0x0E9cc0F7E550BD43BD2af2214563C47699F96479,UNLEASH.png
Doge 2.0,DOGE2.0,ETH,0xF2ec4a773ef90c58d98ea734c0eBDB538519b988,DOGE2.0.png
Pepe Community,PEPE,ETH,0xbe042e9d09cb588331ff911c2b46fd833a3e5bd6,PEPE.png
Fine,FINE,ETH,0x75c97384ca209f915381755c582ec0e2ce88c1ba,FINE.png
Greelance,GRL,ETH,0xA067237f8016d5e3770CF08b20E343Ab9ee813d5,GRL.png
AlienForm,A4M,ETH,0xf92D62Ed69242D655E685C96B98f32F1409c3262,A4M.png
Gaga (Pepe),GAGA,ETH,0xB29Dc1703fAcd2967BB8AdE2E392385644C6dCA9,GAGA.png
THE LAND ELF Crossing,ELF,ETH,0x8a13f32e2a556830f3a5e97a96ae941abfcb1d5c,ELF.png
HarryPotterObamaSonic10Inu 2.0,BITCOIN,ETH,0x37d299D9900209c3566254cFE59bFE6fF8F8c295,BITCOIN.png
X Money,XMONEY,ETH,0x21cd589a989615a9e901328d3c089bbca16d00b2,XMONEY.png
Rake Finance,RAK,ETH,0xa8b0f154a688c22142e361707df64277e0a0be66,RAK.png
Hello Pets,PET,ETH,0xb870679a7fa65b924026f496de7f27c1dd0e5c5f,PET.png
Your Future Exchange,YFX,ETH,0xf55a93b613d172b86c2ba3981a849dae2aecde2f,YFX.png
Celestial,CELT,ETH,0xf6e06b54855eff198a2d9a8686113665499a6134,CELT.png
Crafting Finance,CRF,ETH,0x508df5aa4746be37b5b6a69684dfd8bdc322219d,CRF.png
Gas DAO,GAS,ETH,0x6bba316c48b49bd1eac44573c5c871ff02958469,GAS.png
ZURRENCY,ZURR,ETH,0x89509aa1d14a8e1e5364ec4c3b041213bcdbe08d,ZURR.png
JPEG'd,JPEG,ETH,0xE80C0cd204D654CEbe8dd64A4857cAb6Be8345a3,JPEG.png
Cardiocoin,CRDC,ETH,0xF81421fc15300c5a8CCa9aFE12F5CBAd502Fa756,CRDC.png
MEMEME,MEMEME,ETH,0x1a963df363d01eebb2816b366d61c917f20e1ebe,MEMEME.png
Babydoge 2.0,BABYDOGE2.0,ETH,0x41B6F91DAa1509bFbe06340D756560C4a1d146Fd,BABYDOGE2.0.png
Bitcoin 2.0,BTC2.0,ETH,0x3feb4fea5132695542f8ede5076ac43296d17c6d,BTC2.0.png
DORK LORD,DORKL,ETH,0x94Be6962be41377d5BedA8dFe1b100F3BF0eaCf3,DORKL.png
Calcium,CAL,ETH,0x20561172f791f915323241e885b4f7d5187c36e1,CAL.png
KIZUNA,KIZUNA,ETH,0x470c8950c0c3aa4b09654bc73b004615119a44b5,KIZUNA.png
go fu*k yourself.,GFY,ETH,0x2d9d7c64f6c00e16c28595ec4ebe4065ef3a250b,GFY.png
Tomwifhat,TWIF,ETH,0x62760e76dce6b500349ec5f6119228d047913350,TWIF.png
Mini Donald,BARRON,ETH,0x1f70300bce8c2302780bd0a153ebb75b8ca7efcb,BARRON.png
Cortex Protocol,CX,ETH,0x000000000000012DeF132E61759048bE5b5C6033,CX.png
Coinmetro Token,XCM,ETH,0x36ac219f90f5a6a3c77f2a7b660e3cc701f68e25,XCM.png
Archethic,UCO,ETH,0x1A688D3d294ee7BcC1f59011DE93d608Dc21c377,UCO.png
EpiK Protocol,AIEPK,ETH,0xac5b038058bcd0424c9c252c6487c25f032e5ddc,AIEPK.png
FreeRossDAO,FREE,ETH,0x4cd0c43b0d53bc318cc5342b77eb6f124e47f526,FREE.png
The Winkyverse,WNK,ETH,0xE1BDA0c3Bfa2bE7f740f0119B6a34F057BD58Eba,WNK.png
YOUR AI,YOURAI,ETH,0xC5bA042BF8832999b17c9036E8212f49DCE0501A,YOURAI.png
Panda DAO,PANDA,ETH,0x3cbb7f5d7499af626026e96a2f05df806f2200dc,PANDA.png
QToken,QTO,ETH,0xea01906843ea8d910658a2c485ffce7c104ab2b6,QTO.png
The Protocol,THE,ETH,0x0cba60ca5ef4d42f92a5070a8fedd13be93e2861,THE.png
XENO Governance,GXE,ETH,0x510975edA48A97E0cA228dD04d1217292487bea6,GXE.png
CorgiAI,CORGIAI,ETH,0x6b431b8a964bfcf28191b07c91189ff4403957d0,CORGIAI.png
SNKRZ,FRC,ETH,0x58083B54013631BaCc0bbB6d4efa543Fee1D9cE0,FRC.png
PAW,PAW,ETH,0x419777D3E39AA9b00405724EaCE5ea57620c9062,PAW.png
TonUP,UP,ETH,0x40A32606A4CE9b4F350421642Ebf65C052d5389b,UP.png
Weave6,WX,ETH,0x2817cecf94465a9f7becf43d9b7c8025e88a4213,WX.png
infraX,INFRA,ETH,0xe9EccDE9d26FCBB5e93F536CFC4510A7f46274f8,INFRA.png
MetaToken,MTK,ETH,0x0e7375C46A0552520Ce6C976Dc268AE1B341F45f,MTK.png
PROOF,PROOF,ETH,0x9b4a69de6ca0defdd02c0c4ce6cb84de5202944e,PROOF.png
eMetals,MTLS,ETH,0x197DC7A8a58a7e4f6A5cb82302e8646A125798E7,MTLS.png
America Pac,PAC,ETH,0x4C44A8B7823B80161Eb5E6D80c014024752607F2,PAC.png
Decentralized Vulnerability Platform,DVP,ETH,0x8e30ea2329d95802fd804f4291220b0e2f579812,DVP.png
IZE,IZE,ETH,0x6944d3e38973C4831dA24E954fbD790c7E688bDd,IZE.png
Launchpool,LPOOL,ETH,0x6149c26cd2f7b5ccdb32029af817123f6e37df5b,LPOOL.png
THORWallet,TGT,ETH,0x108a850856db3f85d0269a2693d896b394c80325,TGT.png
BMAX,BMAX,ETH,0x116c4b65e14449947bc6fa1bbe844cb16a162d53,BMAX.png
USK,USK,ETH,0x1B3C515F58857E141A966b33182f2F3feECC10E9,USK.png
MaidSafeCoin,EMAID,ETH,0x329c6E459FFa7475718838145e5e85802Db2a303,EMAID.png
Super Athletes Token,SAT,ETH,0x5abf88cf3444611d13f6d1b39f3f3ee8575c91a2,SAT.png
Financie Token,FNCT,ETH,0x8Af78f0c818302164F73B2365fE152C2D1FE80e1,FNCT.png
Jeff World,JEFF,ETH,0x1a8b8e526d093476ac5c488a3ea057f8de9c0dee,JEFF.png
Puff The Dragon,PUFF,ETH,0x31b6100f5f4466e6daeb1edb2f2ce6e548cf8938,PUFF.png
Cosmic Network,COSMIC,ETH,0x55A05Cf8898dd1c582eef939Df645d5D235C6f74,COSMIC.png
GPT Protocol,GPT,ETH,0xCdb4A8742ed7D0259b51E3454C46C9D6C48d5e88,GPT.png
Defispot,SPOT,ETH,0xe635efcfac44c5f44508f4d17c3a96cb4ce421dd,SPOT.png
O.XYZ,O,ETH,0x81ad60e5dd6bd97edaa4adcc7237978b14adf4e6,O.png
Morph AI,MORPHAI,ETH,0x683989aFc948477fd38567F8327F501562C955ac,MORPHAI.png
Layer One X,L1X,ETH,0x399ef659fdead53b3e7f97e9491e727925667945,L1X.png
Avalon Labs (sUSDa),sUSDa,ETH,0x2B66AAdE1e9C062FF411bd47C44E0Ad696d43BD9,sUSDa.png
Airbloc,ABL,ETH,0xf8b358b3397a8ea5464f8cc753645d42e14b79ea,ABL.png
PL^Gnet,PLUG,ETH,0x47da5456bc2e1ce391b645ce80f2e97192e4976a,PLUG.png
LiquidDriver,LQDR,ETH,0x98504C8afa7c74c87a0641a7bb0F7968d4e8F471,LQDR.png
Pancake Games,GCAKE,ETH,0x5f944b0c4315cb7c3a846b025ab4045da44abf6c,GCAKE.png
XIDR,XIDR,ETH,0xebF2096E01455108bAdCbAF86cE30b6e5A72aa52,XIDR.png
Urfaspor Token,URFA,ETH,0x6641B8df62e4b0e00D3b61F8ecA63B2052404FD9,URFA.png
Lets Go Brandon,LETSGO,ETH,0xA6586E19EF681b1AC0ED3D46413D199a555dBB95,LETSGO.png
Hatayspor Token,HATAY,ETH,0xf3c6327B4c58e38A7986Edb4a8F236031708f280,HATAY.png
Icel Idman Yurdu Token,MIY,ETH,0x58aaB16f5bA19827505Bb4Fe0a867fA0B7977e72,MIY.png
Yeni Malatyaspor Token,YMS,ETH,0xd64126835ceCAcA345c8f137bda68e975f5aB790,YMS.png
KLEIN TOKEN,KLEIN,ETH,0x76Db65085E1c3102eDA71546aCf22b6Abd68712c,KLEIN.png
Advanced Project,AUC,ETH,0x87a92428bbc876d463c21c8e51b903f127d9a9f4,AUC.png
Sponge,$SPONGE,ETH,0x25722cd432d02895d9be45f5deb60fc479c8781e,$SPONGE.png
SpacePi (ETH),SPACEPI,ETH,0x69b14e8D3CEBfDD8196Bfe530954A0C226E5008E,SPACEPI.png
OmniCat,OMNI,ETH,0x9e20461bc2c4c980f62f1B279D71734207a6A356,OMNI.png
Ordibank,ORBK,ETH,0xce6e54daa1ea95fb3530859d69d4bdb978dd821b,ORBK.png
Orchai,OCH,ETH,0x19373ecbb4b8cc2253d70f2a246fa299303227ba,OCH.png
Guru Network,GURU,ETH,0x525574c899a7c877a11865339e57376092168258,GURU.png
Open Meta City,OMZ,ETH,0xd7D9BaBf56A66dAFF2aC5dc96F7e886c05124676,OMZ.png
Bincentive,BCNT,ETH,0x9669890e48f330acd88b78d63e1a6b3482652cd9,BCNT.png
Hypersign Identity,HID,ETH,0xb14ebf566511b9e6002bb286016ab2497b9b9c9d,HID.png
DogeGF,DOGEGF,ETH,0xfb130d93e49dca13264344966a611dc79a456bc5,DOGEGF.png
SavePlanetEarth,SPE,ETH,0x4b91dfa774acde7ed70e93a6438363feaaa40f54,SPE.png
1Sol,1SOL,ETH,0x009178997aff09a67d4caccfeb897fb79d036214,1SOL.png
Silo Finance,SILO,ETH,0x6f80310ca7f2c654691d1383149fa1a57d8ab1f8,SILO.png
PLT,PLT,ETH,0x0944d5848bd9f60a34ba92aea300d4286696eb76,PLT.png
Kayserispor Token,KYSR,ETH,0x5fc251c13c4ef172d87a32ab082897132b49435c,KYSR.png
Qlindo,QLINDO,ETH,0xc18c07a18198a6340cf4d94855fe5eb6dd33b46e,QLINDO.png
Exorde,EXD,ETH,0x02de007d412266a2e0fa9287c103474170f06560,EXD.png
Degen Zoo,DZOO,ETH,0xc97d6c52f3add91fa1c5287a453d7444aecbca83,DZOO.png
The Habibiz,HABIBI,ETH,0x8526Be2379E853d5Cf02f9823BB9690e1a6Ff9e2,HABIBI.png
ScamFari token,SCM,ETH,0x8353b92201f19B4812EeE32EFd325f7EDe123718,SCM.png
MILEI Token,MILEI,ETH,0x1a11ea9d61588d756d9f1014c3cf0d226aedd279,MILEI.png
Storm Warfare,JAN,ETH,0x5a9261B023692405F2F680240C6B010638e416Dd,JAN.png
Lends,LENDS,ETH,0x2c06ba9e7f0daccbc1f6a33ea67e85bb68fbee3a,LENDS.png
VectorChat.ai,CHAT,ETH,0xbb3d7f42c58abd83616ad7c8c72473ee46df2678,CHAT.png
DeepSouth AI,SOUTH,ETH,0xcd24ba0e3364233ee9301c1d608a14753c8739c5,SOUTH.png
TRUMP DOGS,DOGS,ETH,0x9b69667F602f15ef2D09a9a18489c788e327461E,DOGS.png
Matrixdock Gold,XAUM,ETH,0x2103E845C5E135493Bb6c2A4f0B8651956eA8682,XAUM.png
Sponstar,$STAR,ETH,0x04Cd37283E0F921B4a8838Fee72e4264c87A692B,$STAR.png
Crypto Task Force,CTF,ETH,0x525536D71848f21B66da0d239546C50ee4c1A358,CTF.png
LUXO,LUXO,ETH,0xD39a2CeCBA2657e125Ba6a5c98ad2F6b6D7E83FD,LUXO.png
Bit.Store,STORE,ETH,0x31ea0de8119307aa264bb4b38727aab4e36b074f,STORE.png
Domi Online,DOMI,ETH,0x45C2F8c9B4c0bDC76200448cc26C48ab6ffef83F,DOMI.png
Day By Day,DBD,ETH,0xa5f1dbb0e55bc31f32c6d032bee330288490e722,DBD.png
Rizespor Token,RIZE,ETH,0xf5bb30EBC95dcA53e3320eb05d3d1bcAb806B9bF,RIZE.png
ESG,ESG,ETH,0x20cd2e7ec8f5d8b337fe46a4f565ccef1561b9a9,ESG.png
RUG RADIO,RUG,ETH,0xd2d8d78087d0e43bc4804b6f946674b2ee406b80,RUG.png
Arnoya classic,ARNC,ETH,0x7495e5Cc8F27e0bd5bD4cb86d17F0D841cA58EE4,ARNC.png
Joseon Mun,JSM,ETH,0x04C618CDbc1D59142dFEB4B9864835A06983EC2d,JSM.png
Relation Labs,REL,ETH,0xe45dfc26215312edc131e34ea9299fbca53275ca,REL.png
HayCoin,HAY,ETH,0xfa3e941d1f6b7b10ed84a0c211bfa8aee907965e,HAY.png
Neo Tokyo,BYTES,ETH,0xa19f5264f7d7be11c451c093d8f92592820bea86,BYTES.png
Aegis Ai,AEGIS,ETH,0x55a8f6c6b3aa58ad6d1f26f6afeded78f32e19f4,AEGIS.png
TAO INU,TAONU,ETH,0x4e9fcD48Af4738e3bF1382009dC1e93eBFCE698F,TAONU.png
Raini Studios Token,RST,ETH,0xBE03E60757f21f4b6fC8f16676AD9D5B1002E512,RST.png
Kinka,XNK,ETH,0x722a89f1b925fe41883978219c2176aecc7d6699,XNK.png
TPRO Network,TPRO,ETH,0x3540abe4f288b280a0740ad5121aec337c404d15,TPRO.png
Green Bitcoin,GBTC,ETH,0xdc9cb148ecb70876db0abeb92f515a5e1dc9f580,GBTC.png
DogLibre,DOGL,ETH,0xd5EB7E91Ae88Ea2550F9bFD04208399c95dF4dC7,DOGL.png
VOLT.WIN,VOLT,ETH,0x66b5228CfD34d9f4d9f03188d67816286C7c0b74,VOLT.png
Rino,RINO,ETH,0x616254B3c79639f89E756495ac687735B27b5E17,RINO.png
Nimbus AI,NAI,ETH,0x32f4768FC4A238A58fc9da408d9a0Da4333012E4,NAI.png
69 Minutes,69MINUTES,ETH,0x12bdb935107B646A3c68762F21909C6ea334E68A,69MINUTES.png
LUKSO [Old],LYXe,ETH,0xA8b919680258d369114910511cc87595aec0be6D,LYXe.png
Pastel,PSL,ETH,0xc775c0c30840cb9f51e21061b054ebf1a00acc29,PSL.png
Thales,THALES,ETH,0x8947da500eb47f82df21143d0c01a29862a8c3c5,THALES.png
Defactor,FACTR,ETH,0xe0bceef36f3a6efdd5eebfacd591423f8549b9d5,FACTR.png
Duzce Token,DUZCE,ETH,0xcdd2FA4c2b36a1a14eDC41dA1C9F9B2CB9f981aa,DUZCE.png
NMKR,NMKR,ETH,0x68c54b0572c002ab7d80533ca254edf4046333e1,NMKR.png
Nostra,NSTR,ETH,0x610dbd98a28ebba525e9926b6aaf88f9159edbfd,NSTR.png
TOAD,TOAD,ETH,0x01e1d7cBD3Bc0EB1030485F33708421011459459,TOAD.png
InspireAI,INSP,ETH,0x179f782d7fbe745f40b20e0c7dbb6205d43fa4b9,INSP.png
Scotty The Ai,SCOTTY,ETH,0xc0dB17Bc219C5ca8746C29ee47862ee3Ad742F4a,SCOTTY.png
Kekistan,KEK,ETH,0x4ade2b180f65ed752b6f1296d0418ad21eb578c0,KEK.png
SphereX,HERE,ETH,0xD722424cF94b583752dfc80C08e2531AB3b762dc,HERE.png
Boys Club,BOYS,ETH,0x706987611C5d2052541D64ef8f036916807c916A,BOYS.png
Pepe Trump,PTRUMP,ETH,0x441ec6748c51c19c93ce14439714b5401d6c3ded,PTRUMP.png
Otherworld,OWN,ETH,0x2d81F9460Bd21e8578350A4f06e62848ED4BB27e,OWN.png
Aurk AI,AURK,ETH,0xE5dB5128935e3a8a8eAEABe4577Fac2b353aE9fA,AURK.png
Doge Caucus,DOGECAUCUS,ETH,0x56CfC19D8cBF7D417d370844249Be9Cb2d2E19a1,DOGECAUCUS.png
Brazilian Digital Token,BRZ,ETH,0x01d33FD36ec67c6Ada32cf36b31e88EE190B1839,BRZ.png
NiiFi,NIIFI,ETH,0x852e5427c86a3b46dd25e5fe027bb15f53c4bcb8,NIIFI.png
DATACHAIN FOUNDATION (DC),DC,ETH,0x0b44547be0a0df5dcd5327de8ea73680517c5a54,DC.png
Governance OHM,GOHM,ETH,0x0ab87046fBb341D058F17CBC4c1133F25a20a52f,GOHM.png
Erzurumspor Token,ERZ,ETH,0x1095D4a344a4760900071025d6103a17a361aBAD,ERZ.png
Nexum,NEXM,ETH,0xe831F96A7a1DcE1aa2EB760b1e296c6A74CaA9d5,NEXM.png
Metal Blockchain,METAL,ETH,0x294559fa758c88d639fd085751e463fee7806eab,METAL.png
Equilibria Finance,EQB,ETH,0xfE80D611c6403f70e5B1b9B722D2B3510B740B2B,EQB.png
TaoBank,TBANK,ETH,0x95CcffaE3Eb8767D4a941Ec43280961dde89F4dE,TBANK.png
Ring AI,RING,ETH,0xc092A137df3cF2B9e5971ba1874D26487C12626d,RING.png
CryptoGPT,CRGPT,ETH,0x50739bd5b6afF093ba2371365727C48a420a060D,CRGPT.png
Landwolf (firstlandwolfeth),WOLF,ETH,0x33ABE795f9c1b6136608c36dB211bD7590f5FdAE,WOLF.png
Arky,ARKY,ETH,0x9727eaf447203be268e5D471b6503Bf47A71eA72,ARKY.png
HIRO,HRT,ETH,0x40787b15b30835c8da910b3da62c7d5691cc5c65,HRT.png
YieldBricks,YBR,ETH,0x9d9535dae62f5f12ab83f1183dca1ead244b0db3,YBR.png
fBomb,BOMB,ETH,0x74ccbe53f77b08632ce0cb91d3a545bf6b8e0979,BOMB.png
BitDAO,BIT,ETH,0x1A4b46696b2bB4794Eb3D4c26f1c55F9170fa4C5,BIT.png
TFS Token,TFS,ETH,0xc2A81eb482cB4677136D8812cC6Db6E0cB580883,TFS.png
Artem Coin,ARTEM,ETH,0x9b83f827928abdf18cf1f7e67053572b9bceff3a,ARTEM.png
Balıkesirspor Token,BLKS,ETH,0xe8389374A482d031703AE0E4cb3FE34B045081Ee,BLKS.png
Vanspor Token,VAN,ETH,0xe75097D3Ec88701361E670e065b8d5bC4dAfBC9D,VAN.png
Dohrnii,DHN,ETH,0x32462bA310E447eF34FF0D15BCE8613aa8C4A244,DHN.png
MetaOctagon,MOTG,ETH,0x171d76d931529384639bc9aad5b77b77041ed604,MOTG.png
Changex,CHANGE,ETH,0x7051faed0775f664a0286af4f75ef5ed74e02754,CHANGE.png
Kondux,KNDX,ETH,0x7ca5af5ba3472af6049f63c1abc324475d44efc1,KNDX.png
DOLZ,DOLZ,ETH,0xe939F011a3d8fC0AA874c97e8156053a903D7176,DOLZ.png
EUROe Stablecoin,EUROE,ETH,0x820802fa8a99901f52e39acd21177b0be6ee2974,EUROE.png
FairERC20,ferc,ETH,0x2eCBa91da63C29EA80Fbe7b52632CA2d1F8e5Be0,ferc.png
OTSea,OTSEA,ETH,0x5dA151B95657e788076D04d56234Bd93e409CB09,OTSEA.png
Clipper,SAIL,ETH,0xd8f1460044925d2d5c723c7054cd9247027415b7,SAIL.png
1ex Trading Board,1EX,ETH,0x668d78571f124415581b38d32fa9a16f1aaa8417,1EX.png
BounceBit USD,BBUSD,ETH,0x77776b40c3d75cb07ce54dea4b2fd1d07f865222,BBUSD.png
Make America Healthy Again,MAHA,ETH,0xf7554eac0bf20d702e69d08c425e817abb976aea,MAHA.png
HUSBY,HUSBY,ETH,0x41D06390b935356b46aD6750bdA30148Ad2044A4,HUSBY.png
Nasdaq420,NASDAQ420,ETH,0x615987d46003CC37387dBe544FF4F16FA1200077,NASDAQ420.png
Cortensor,COR,ETH,0x8e0EeF788350f40255D86DFE8D91ec0AD3a4547F,COR.png
Laïka,LAIKA,ETH,0x19E1F2f837a3b90EBd0730cb6111189Be0E1b6D6,LAIKA.png
MAI,MIMATIC,ETH,0x8d6cebd76f18e1558d4db88138e2defb3909fad6,MIMATIC.png
Swing.xyz,SWING,ETH,0xd8dD38cA016F3E0b3Bc545d33CcE72AF274Ce075,SWING.png
Blocksport,BSPT,ETH,0xa350da05405cc204e551c4eed19c3039646528d5,BSPT.png
ONINO,ONI,ETH,0x822757d09a8d5db5874be7f367eafae2af32d64b,ONI.png
Giresunspor Token,GRS,ETH,0x47d49d010c03B40F88F422502D694ff49fE6c9C8,GRS.png
Tuzlaspor Token,TUZLA,ETH,0x1e4EC900dD162EBaf6CF76cFE8A546f34D7a483d,TUZLA.png
LEOX,LEOX,ETH,0xa444EC96Ee01bB219A44B285De47bf33C3447ad5,LEOX.png
Convex FXS,CVXFXS,ETH,0xfeef77d3f69374f66429c91d732a244f074bdf74,CVXFXS.png
Hasaki,HAHA,ETH,0xd87D72248093597df8D56d2a53C1ab7c1A0Cc8DA,HAHA.png
EDUM,EDUM,ETH,0xaC9518BA93EeB2336A03137d254d8CC2e4d0fA38,EDUM.png
GPTPlus,GPTPLUS,ETH,0xeD9F6Aa6532869576211fD6367E3c328810fBeb3,GPTPLUS.png
TUBES,TUBES,ETH,0xfCC24ec0cce31306a9541bFbFe45fF8A0f34f36E,TUBES.png
Eternal AI,EAI,ETH,0xa84f95eb3DaBdc1bbD613709ef5F2fD42CE5bE8d,EAI.png
Wrapped  AyeAyeCoin,WAAC,ETH,0x30aE41D5f9988D359c733232C6c693c0e645C77E,WAAC.png
Emotional Support Alligator,WALLY,ETH,0x4f7d2D728ce137dd01ec63EF7B225805C7b54575,WALLY.png
Quantoz USDQ,USDQ,ETH,0xc83e27f270cce0A3A3A29521173a83F402c1768b,USDQ.png
NINA,NINA,ETH,0xe94db607eba8f76a377d9bcc327c9856ed90fbde,NINA.png
DFX Finance,DFX,ETH,0x888888435fde8e7d4c54cab67f206e4199454c60,DFX.png
DEUS Finance,DEUS,ETH,0xde5ed76e7c05ec5e4572cfc88d1acea165109e44,DEUS.png
Sivasspor Token,SIV,ETH,0x6cf9464B2C628Db187f2Bc1DDc0C43fDA72EfDd5,SIV.png
Darüşşafaka Spor Kulübü Token,DSK,ETH,0x362bc4b0b2a8134d87ace9143d284a2eced3fd2a,DSK.png
SophiaVerse,SOPH,ETH,0x73fbd93bfda83b111ddc092aa3a4ca77fd30d380,SOPH.png
EthXY,SEXY,ETH,0xc52FaFDc900cB92Ae01E6E4F8979aF7f436e2EB2,SEXY.png
HMX,HMX,ETH,0x83d6c8c06ac276465e4c92e7ac8c23740f435140,HMX.png
Tao Ceτi,CETI,ETH,0x1bfce574deff725a3f483c334b790e25c8fa9779,CETI.png
Colle AI,COLLE,ETH,0xC36983d3D9d379dDFB306DFB919099cB6730e355,COLLE.png
Bitcoin EDenRich,BITBEDR,ETH,0xb8176a66c0d0A84cfD4e403c89cF3416b1e798Ad,BITBEDR.png
COFFEE,COFFEE,ETH,0x18eF464fD73Ed484c12339eAa5d5E3C8f6C48180,COFFEE.png
NFINITY AI,NFNT,ETH,0x82d36570842fc1ac2a3b4dbe0e7c5c0e2e665090,NFNT.png
EmiSwap,ESW,ETH,0x5a75a093747b72a0e14056352751edf03518031d,ESW.png
Kiba Inu,KIBA,ETH,0x005D1123878Fc55fbd56b54C73963b234a64af3c,KIBA.png
Cindrum,CIND,ETH,0xaC0968a3E2020aC8ca83e60CcF69081EBc6d3bC3,CIND.png
Sakaryaspor Token,SKRY,ETH,0xC81946C6E0e15163b14aBD4B5008F3D900B2A736,SKRY.png
Antalyaspor Token,AKREP,ETH,0xb2f87efA44dE3008d6bA75D5e879422003D6dABB,AKREP.png
QMALL TOKEN,QMALL,ETH,0x2217e5921B7edfB4BB193a6228459974010D2198,QMALL.png
CSR,CSR,ETH,0x75ecb52e403c617679fbd3e77a50f9d10a842387,CSR.png
JPYC Prepaid,JPYC,ETH,0x431D5dfF03120AFA4bDf332c61A6e1766eF37BDB,JPYC.png
ZED Token,ZED,ETH,0x5eC03C1f7fA7FF05EC476d19e34A22eDDb48ACdc,ZED.png
Moonsama,SAMA,ETH,0xE04F47FF45576249bc5083DFDf987e03d0550113,SAMA.png
DOLA Borrowing Right,DBR,ETH,0xAD038Eb671c44b853887A7E32528FaB35dC5D710,DBR.png
Zeeverse,VEE,ETH,0x7616113782AaDAB041d7B10d474F8A0c04EFf258,VEE.png
Decentralized Music Chain,DMCC,ETH,0x148255a3b10666d9788ec48bc61ea3e48974bf2c,DMCC.png
Lush AI,LUSH,ETH,0xec9333e7dadeebf82d290d6cb12e66cc30ce46b0,LUSH.png
DogeVerse,DOGEVERSE,ETH,0x62F03b52c377FeA3EB71D451a95ad86C818755D1,DOGEVERSE.png
DRIP,DRIP,ETH,0xB8A914A00664e9361eaE187468EfF94905dfbC15,DRIP.png
Huanghuali Token,HLT,ETH,0xE52a736828c782C2a4A345bBE8052aed010fc82D,HLT.png
Welshare Health,WEL,ETH,0x1E762e1FAc176bbB341656035daf5601b1C69Be5,WEL.png
Omira,OMIRA,ETH,0x06113abcef9d163c026441b112e70c82ee1c4a79,OMIRA.png
NAGA,NGC,ETH,0x72dd4b6bd852a3aa172be4d6c5a6dbec588cf131,NGC.png
Diyarbekirspor Token,DIYAR,ETH,0x93CfE232311F49B53D4285cd54D31261980496BA,DIYAR.png
Doge KaKi,KAKI,ETH,0x42414624c55a9cba80789f47c8f9828a7974e40f,KAKI.png
OpSec,OPSEC,ETH,0x8be8c50e7d7acff6084899e71a6db085ff7134c8,OPSEC.png
/Reach,REACH,ETH,0x8B12BD54CA9B2311960057C8F3C88013e79316E3,REACH.png
BEBE,BEBE,ETH,0xec21890967a8ceb3e55a3f79dac4e90673ba3c2e,BEBE.png
STELSI,STLS,ETH,0x02Df0361f9332Be1Bd9774A8b51eF8540Fad4148,STLS.png
NoLimitCoin,NLC,ETH,0xa74Ee74152DcA467DbaA3915445164496f361744,NLC.png
CFX Quantum,CFXQ,ETH,0x0557E0d15aeC0b9026dD17aA874fDf7d182A2cEB,CFXQ.png
DAO Invest,VEST,ETH,0x1f19f83fC9a25F3C861260143E36c17706257986,VEST.png
Covenant,COVN,ETH,0x19ac2659599fd01c853de846919544276ad26f50,COVN.png
Lootex,LOOT,ETH,0x721A1B990699eE9D90b6327FaaD0A3E840aE8335,LOOT.png
Rebase GG,IRL,ETH,0xa80221d067603e30060f75e2458aa361f8ee5402,IRL.png
Roko,ROKO,ETH,0x6f222E04F6c53Cc688FfB0Abe7206aAc66A8FF98,ROKO.png
Ethlas,ELS,ETH,0xEb575C45004bd7B61C6A8D3446a62a05a6Ce18d8,ELS.png
MEMEVENGERS,MMVG,ETH,0xddf688e96cb2531a69bf6347c02f069266c1aa81,MMVG.png
PlasticHero,PTH,ETH,0x8ab98330473101309db94b625f9997366a518223,PTH.png
Quick Intel,QKNTL,ETH,0xbcd4d5ac29e06e4973a1ddcd782cd035d04bc0b7,QKNTL.png
PaladinAI,PALAI,ETH,0x3Cb48AeB3D1abaDc23d2D8a6894B3A68338381C2,PALAI.png
Spatial Computing,CMPT,ETH,0x3d000462Fb9826804a45c0EA869b83b69587F2dB,CMPT.png
Meta Masters Guild Games,MEMAGX,ETH,0x857dE36f92330E1B9a21e8745c692F2CE13866cb,MEMAGX.png
DedaCoin,DEDA,ETH,0x15F9EB4b9BEaFa9Db35341c5694c0b6573809808,DEDA.png
Marvin Inu (ETH),MARVIN,ETH,0x85bea4ee627b795a79583fcede229e198aa57055,MARVIN.png
Wicked,WICKED,ETH,0xed2D1Ef84a6a07dD49E8cA934908E9De005b7824,WICKED.png
QSTaR,Q*,ETH,0x9abfc0f085c82ec1be31d30843965fcc63053ffe,Q*.png
ProtoKOLs,KOL,ETH,0xd888A5460fFFA4B14340DD9Fe2710cbABd520659,KOL.png
Validao,VDO,ETH,0x2ef8a2Ccb058915E00E16aA13Cc6E36F19D8893b,VDO.png
Moontax,CPAI,ETH,0x6ef69Ba2d051761aFD38F218F0a3cF517D64A760,CPAI.png
Jupiter,JUP,ETH,0x4B1E80cAC91e2216EEb63e29B957eB91Ae9C2Be8,JUP.png
SmartHoldem,STH,ETH,0x625d64C3384AA6d6841a1608aE0Ce48776981D38,STH.png
DeGate,DG,ETH,0x53c8395465a84955c95159814461466053dedede,DG.png
Flourishing AI,AI,ETH,0x6ab4ce36260f201e4e2391eca2fd7538f71e4131,AI.png
Realm,REALM,ETH,0x464fdb8affc9bac185a7393fd4298137866dcfb8,REALM.png
STIMA,STIMA,ETH,0xD2e5decc08A80be6538F89f9AB8ff296e2f724Df,STIMA.png
Okuru,XOT,ETH,0x22B48E1f20043D1Db5F2a11CbF1d520A4F20b198,XOT.png
stake.link,SDL,ETH,0xa95c5ebb86e0de73b4fb8c47a45b792cfea28c23,SDL.png
Data Lake,LAKE,ETH,0xF9Ca9523E5b5A42C3018C62B084Db8543478C400,LAKE.png
USP Token,USP,ETH,0x79b87d52a03ed26a19c1914be4ce37f812e2056c,USP.png
HILO,HILO,ETH,0x6c3fe25a4de7fa243c653cfe1f165bf11d99704e,HILO.png
Davos.xyz USD,DUSD,ETH,0xa48F322F8b3edff967629Af79E027628b9Dd1298,DUSD.png
Glo Dollar,USDGLO,ETH,0x4F604735c1cF31399C6E711D5962b2B3E0225AD3,USDGLO.png
DuckDAO,DD,ETH,0x7d51888C5ABb7CDfa9cdd6A50673c7F8afAccD7F,DD.png
Stonks,STONKS,ETH,0x7d4a23832fad83258b32ce4fd3109ceef4332af4,STONKS.png
Dollar,DOLLAR,ETH,0xE95076d9fe7155c17b455ac49497E78912c4AB65,DOLLAR.png
ESTEE,ESTEE,ETH,0x4298e4AD48be89BF63A6fDc470A4b4Fe9cE633B1,ESTEE.png
Frictionless,FRIC,ETH,0x23Fa3Aa82858E7aD1F0f04352f4bb7F5E1BbFb68,FRIC.png
TXNScan,TXN,ETH,0x247E3866F743CcE280433b865A669c9361421ecc,TXN.png
Godcoin,GOD,ETH,0xb5130F4767AB0ACC579f25a76e8f9E977CB3F948,GOD.png
CargoX,CXO,ETH,0xb6ee9668771a79be7967ee29a63d4184f8097143,CXO.png
Crypto Holding Frank Token,CHFT,ETH,0x58002a6b6e659a16de9f02f529b10536e307b0d9,CHFT.png
xSUSHI,XSUSHI,ETH,0x8798249c2E607446EfB7Ad49eC89dD1865Ff4272,XSUSHI.png
Ethermon,EMON,ETH,0xd6a5ab46ead26f49b03bbb1f9eb1ad5c1767974a,EMON.png
StakeWise,SWISE,ETH,0x48c3399719b582dd63eb5aadf12a40b4c3f52fa2,SWISE.png
Allbridge,ABR,ETH,0xa11bd36801d8fa4448f0ac4ea7a62e3634ce8c7c,ABR.png
ClearDAO,CLH,ETH,0xd7d8f3b8bc8bc48d3acc37879eaba7b85889fa52,CLH.png
BlockBlend,BBL,ETH,0x0a44a7ccea34a7563ba1d45a5f757d0b02281124,BBL.png
Xi Token,XI,ETH,0x295B42684F90c77DA7ea46336001010F2791Ec8c,XI.png
YOUWHO,YOU,ETH,0xb92ba0a6a843379499770de82aa936d6ba0fd8ca,YOU.png
HYTOPIA,TOPIA,ETH,0xcccCb68e1A848CBDB5b60a974E07aAE143ed40C3,TOPIA.png
0 Knowledge Network,0KN,ETH,0x4594cffbfc09bc5e7ecf1c2e1c1e24f0f7d29036,0KN.png
Bubsy AI,BUBSY,ETH,0xd699b83e43415b774b6ed4ce9999680f049af2ab,BUBSY.png
OcNest AI,OCAI,ETH,0xE0396Ef787F8B0385F0e73D30Acf8b922B1761F1,OCAI.png
eBeat AI,BEATAI,ETH,0x1a4E7FeBd24B6689704B10685857D8B30885F05e,BEATAI.png
Veritaseum,VERI,ETH,0x8f3470A7388c05eE4e7AF3d01D8C722b0FF52374,VERI.png
Open Platform,OPEN,ETH,0x9d86b1b2554ec410eccffbf111a6994910111340,OPEN.png
Globe Derivative Exchange,GDT,ETH,0xc67b12049c2d0cf6e476bc64c7f82fc6c63cffc5,GDT.png
BoringDAO,BORING,ETH,0xbc19712feb3a26080ebf6f2f7849b417fdd792ca,BORING.png
Angle,ANGLE,ETH,0x31429d1856ad1377a8a0079410b297e1a9e214c2,ANGLE.png
ELIS,XLS,ETH,0x6c862f803fF42A97D4A483AB761256ad8c90f4F8,XLS.png
Inu Inu,INUINU,ETH,0xc6bdb96e29c38dc43f014eed44de4106a6a8eb5f,INUINU.png
Unagi Token,UNA,ETH,0x0b6f3ea2814f3fff804ba5d5c237aebbc364fba9,UNA.png
X Project,XERS,ETH,0x6c10d1611a5a95cb967e4bcab5791fd101194949,XERS.png
HOLD,EARN,ETH,0x0b61C4f33BCdEF83359ab97673Cb5961c6435F4E,EARN.png
NOBLEBLOCKS,NOBL,ETH,0x88b9f5c66342eBaf661b3E2836B807C8cb1B3195,NOBL.png
GigaChad (gigachad.com),GIGACHAD,ETH,0xF43F21384d03b5cBbddd58d2de64071e4Ce76AB0,GIGACHAD.png
Kage Network,KAGE,ETH,0x64945165255bcb83f2Ef9f31a575975832CA4dB4,KAGE.png
Fist Trump Pump,FTP,ETH,0x91F322e0D0bd688ACd511a789431a2b672A28013,FTP.png
OpMentis,OPM,ETH,0xeda8db2f0f8f00f0aedd6fdd756402ed86cd002f,OPM.png
Padre,PADRE,ETH,0xb36cf340a35f9860d0bb59afb0355580f0000dad,PADRE.png
Ecoreal Estate,ECOREAL,ETH,0x7ECbb21346C501Fd07eb165E406120fA32381C16,ECOREAL.png
NuCypher,NU,ETH,0x4fe83213d56308330ec302a8bd641f1d0113a4cc,NU.png
Covalent,CQT,ETH,0xD417144312DbF50465b1C641d016962017Ef6240,CQT.png
Asia Coin,ASIA,ETH,0xf519381791c03dd7666c142d4e49fd94d3536011,ASIA.png
Soulsaver,SOUL,ETH,0x992D339532A9C42F1b0E59A57e95F38da38c66F6,SOUL.png
ECOx,ECOX,ETH,0xcccD1Ba9f7acD6117834E0D28F25645dECb1736a,ECOX.png
Curve.fi FRAX/USDC,CRVFRAX,ETH,0x3175df0976dfa876431c2e9ee6bc45b65d3473cc,CRVFRAX.png
OpenAI ERC,OPENAI ERC,ETH,0x6a6aa13393b7d1100c00a57c76c39e8b6c835041,OPENAI ERC.png
Toad Killer,$TOAD,ETH,0x370a366f402e2e41cdbbe54ecec12aae0cce1955,$TOAD.png
Satoshi Nakamoto,SATOSHI,ETH,0xCBF4D5efa82e32a9187385480A7c74cB062b956C,SATOSHI.png
PanoVerse,PANO,ETH,0x3850952491606a0e420eb929b1a2e1a450d013f1,PANO.png
Shadow Node,SVPN,ETH,0xc668695dcbCf682dE106Da94bDE65c9bc79362d3,SVPN.png
SPURDO,SPURDO,ETH,0x3927FB89F34BbeE63351A6340558Eebf51A19FB8,SPURDO.png
EaveAI,EAVE,ETH,0x974D796E0Bea47038f39C3F98b1aA2c5240b5495,EAVE.png
OPEN Ticketing Ecosystem,OPN,ETH,0xc28eb2250d1AE32c7E74CFb6d6b86afC9BEb6509,OPN.png
ETFSwap,ETFS,ETH,0xcE6b17c16Df188fa721632b770a2ee5530589716,ETFS.png
Wrapped MistCoin,WMC,ETH,0x7fd4d7737597e7b4ee22acbf8d94362343ae0a79,WMC.png
Pulse3D,PULSE,ETH,0xc5b1aa70410a86383f93d807d02b75f1c34cddb8,PULSE.png
Agently,AGI,ETH,0xB8690004604b0352b3832408BA7e02Fe717e9cfD,AGI.png
Cerebro Protocol,CRX,ETH,0x49218282042072e054afdc90e552e832735f8316,CRX.png
Metabrawl,BRAWL,ETH,0xF38DEb975D9a34BC2B8F678dE0c1D53692363851,BRAWL.png
TON Token,TON,ETH,0x6a6c2ada3ce053561c2fbc3ee211f23d9b8c520a,TON.png
NAOS Finance,NAOS,ETH,0x4a615bb7166210cce20e6642a6f8fb5d4d044496,NAOS.png
dForce USD,USX,ETH,0x0a5e677a6a24b2f1a2bf4f3bffc443231d2fdec8,USX.png
Nitro League,NITRO,ETH,0x0335A7610D817aeCA1bEBbEfbd392ecC2eD587B8,NITRO.png
Changer,CNG,ETH,0x5C1d9aA868a30795F92fAe903eDc9eFF269044bf,CNG.png
Stader MaticX,MATICX,ETH,0xf03a7eb46d01d9ecaa104558c732cf82f6b6b645,MATICX.png
Egg N Partners,EGGT,ETH,0x096Cc1544FE972039353F3401Bce92F8e3978693,EGGT.png
IPOR,IPOR,ETH,0x1e4746dc744503b53b4a082cb3607b169a289090,IPOR.png
Gora Network,GORA,ETH,0x3b9b5AD79cbb7649143DEcD5afc749a75F8e6C7F,GORA.png
DeepFakeAI,FAKEAI,ETH,0x5aef5bba19e6a1644805bd4f5c93c8557b87c62c,FAKEAI.png
BTEX,BTEX,ETH,0x182C00807F2D4904d02d5e0D179600ff6a3Ae67c,BTEX.png
Bird Dog,BIRDDOG,ETH,0xf6ce4be313ead51511215f1874c898239a331e37,BIRDDOG.png
LandWu,LANDWU,ETH,0x67c4d14861f9c975d004cfb3ac305bee673e996e,LANDWU.png
MIRAI,MIRAI,ETH,0x42c83a91B3a79dE5488CD9280A4dF564e13A79EE,MIRAI.png
CSI888,CSI,ETH,0x888c1a341ce9d9ae9c2d2a75a72a7f0d2551a2dc,CSI.png
Avarik Saga,AVRK,ETH,0x607f451f850CB612a07b37b6315be23F55165610,AVRK.png
Aither,AITHER,ETH,0x6f365eb3686ee95bdefbae71f1728d62c0af7ab1,AITHER.png
cVault.finance,CORE,ETH,0x62359ed7505efc61ff1d56fef82158ccaffa23d7,CORE.png
BankSocial,BSL,ETH,0x0AF55d5fF28A3269d69B98680Fd034f115dd53Ac,BSL.png
STREETH,STREETH,ETH,0xB840d10D840eF47c233FEC1fd040F5B145a6DfA5,STREETH.png
Not Financial Advice,NFAI,ETH,0x17c50d62e6e8d20d2dc18e9ad79c43263d0720d9,NFAI.png
Precipitate.AI,RAIN,ETH,0xe3944AB788A60ca266f1eEc3C26925b95f6370aD,RAIN.png
ValleyDAO,GROW,ETH,0x761A3557184cbC07b7493da0661c41177b2f97fA,GROW.png
The Emerald Company,EMRLD,ETH,0xeBB1AFb0A4ddC9b1f84D9Aa72FF956cD1c1Eb4be,EMRLD.png
SNP adverse,SNPAD,ETH,0x772358ef6ed3e18BdE1263F7d229601c5fa81875,SNPAD.png
DEGA,DEGA,ETH,0x97aeE01ed2aabAd9F54692f94461AE761D225f17,DEGA.png
FEAR NOT,FEARNOT,ETH,0x6135177a17e02658df99a07a2841464deb5b8589,FEARNOT.png
World Liberty Financial (worldlibertycto.vip),WLF,ETH,0xda0c0D0a0FF8262F3EE9Ee8A712B988Df897bE65,WLF.png
World Liberty Financial (wlfi.one),WLFI,ETH,0xC9bd9b4F5e96644B9C5C525E99f655Ff31ce5Ce6,WLFI.png
FWOG,FWOG,ETH,0x69fd9281a920717ee54193a1c130b689ef341933,FWOG.png
INFERNO,INF,ETH,0x00F116ac0c304C570daAA68FA6c30a86A04B5C5F,INF.png
Just a chill guy (Ethereum),CHILLGUY,ETH,0x60215DB40B04Fe029C42c56fF2E02221c1F288ef,CHILLGUY.png
Wibx,WBX,ETH,0xbb97e381f1d1e94ffa2a5844f6875e6146981009,WBX.png
Delta,DELTA,ETH,0x9ea3b5b4ec044b70375236a281986106457b20ef,DELTA.png
Franklin,FLY,ETH,0x85f6eb2bd5a062f5f8560be93fb7147e16c81472,FLY.png
Shiba Girlfriend,SHIBGF,ETH,0x505a84a03e382331a1be487b632cf357748b65d6,SHIBGF.png
Blueshift,BLUES,ETH,0xcE108380c39e4fE9DAcE9D5597E048Bcc5Ef743B,BLUES.png
ZARP Stablecoin,ZARP,ETH,0xb755506531786C8aC63B756BaB1ac387bACB0C04,ZARP.png
COTI Governance Token,gCOTI,ETH,0xAf2CA40d3fc4459436D11B94d21FA4b8A89fB51d,gCOTI.png
Donald Trump,TRUMP2024,ETH,0xa41f7ED89D86258bB8fdeF8e77e91F43c28AB74C,TRUMP2024.png
Mind,MND,ETH,0xa0Dd6dd7775E93EB842Db0AA142c9c581031Ed3B,MND.png
BuildAI,BUILD,ETH,0xEFF9CDb294872b6553F4E9631Fb4D1fa4F9C5e6B,BUILD.png
Blocjerk,BJ,ETH,0x9cAAe40DCF950aFEA443119e51E821D6FE2437ca,BJ.png
Bitcoin Pizza Day,PIZZA,ETH,0x1888847B50BC1833E268348896dEe58701fc06A9,PIZZA.png
HeyFlork,FLORK,ETH,0xDB0238975Ce84f89212FFA56C64C0f2b47F8f153,FLORK.png
JD Vance,VANCE,ETH,0x9b465aaB9e8F325418F222C37de474b1bD38ded2,VANCE.png
ANDYMAN,ANDYMAN,ETH,0x68aaa0d94ea163b9bbf659dc3766defb4c0ac7be,ANDYMAN.png
Black Unicorn Corp.,MOON,ETH,0xb6c0189080a6441caf056b856dd4d795b909c460,MOON.png
Shifu,SHIFU,ETH,0x2CC7A972ebC1865B346085655f929AbFa74CD4dC,SHIFU.png
Human,HMT,ETH,0xd1ba9BAC957322D6e8c07a160a3A8dA11A0d2867,HMT.png
Spectra,APW,ETH,0x4104b135dbc9609fc1a9490e61369036497660c8,APW.png
HalfPizza,PIZA,ETH,0x350ca33E2c75269A220c75D337E9B9AB177FA269,PIZA.png
Olea Token,OLEA,ETH,0xc6Cc3d07C705E39D11c7f60d8836C7C78D4aC5f1,OLEA.png
Wrapped USDR,WUSDR,ETH,0xd5a14081a34d256711b02bbef17e567da48e80b5,WUSDR.png
HairDAO,HAIR,ETH,0x9Ce115f0341ae5daBC8B477b74E83db2018A6f42,HAIR.png
Gyrowin,GYROWIN,ETH,0x3CE242ceD1BA4f42c765C2B7f77ac2fa8939C433,GYROWIN.png
Conan,CONAN,ETH,0x85D19fb57CA7DA715695FCf347CA2169144523a7,CONAN.png
CryoDAO,CRYO,ETH,0xf4308b0263723b121056938c2172868E408079D0,CRYO.png
BARRON,BARRON,ETH,0x9361adf2b72f413d96f81ff40d794b47ce13b331,BARRON.png
Drops,DROPS,ETH,0xA562912e1328eEA987E04c2650EfB5703757850C,DROPS.png
HarryPotterTrumpSonic100Inu,BTC,ETH,0x7099aB9E42Fa7327a6b15E0a0c120c3e50d11BeC,BTC.png
GME Mascot,BUCK,ETH,0x5de5aca787818a2d485e278727ce575d54fedbe4,BUCK.png
Free Speech,X,ETH,0x140007c65535aa9c3801ea3bbd3f83c378c7f457,X.png
zkExchange,ZKEX,ETH,0xec2bC2B25Ab6ED8e669E202CD0Ee533e24C9A068,ZKEX.png
Chinese Elon Musk,YILONGMA,ETH,0x64766392aD32A6c94b965B5bF655e07371c23A1d,YILONGMA.png
Bananatok,BNA,ETH,0x20910e5b5f087f6439dfcb0dda4e27d1014ac2b8,BNA.png
Morpher,MPH,ETH,0x6369c3dadfc00054a42ba8b2c09c48131dd4aa38,MPH.png
Manifold Finance,FOLD,ETH,0xd084944d3c05CD115C09d072B9F44bA3E0E45921,FOLD.png
Burp,BURP,ETH,0x33f391f4c4fe802b70b77ae37670037a92114a7c,BURP.png
Dopex,DPX,ETH,0xeec2be5c91ae7f8a338e1e5f3b5de49d07afdc81,DPX.png
Notional Finance,NOTE,ETH,0xcfeaead4947f0705a14ec42ac3d44129e1ef3ed5,NOTE.png
Frax Price Index Share,FPIS,ETH,0xc2544a32872a91f4a553b404c6950e89de901fdb,FPIS.png
Web-x-ai,WEB,ETH,0x2b81945875f892aff04af0a298d35fb2cf848c7b,WEB.png
ICE LAND,ICELAND,ETH,0x420fbb6006fb251318414ffa530590c3d7618e33,ICELAND.png
Wiener AI,WAI,ETH,0xFE8526A77A2c3590E5973bA81308B90BEA21FBFF,WAI.png
VYPER.WIN,VYPER,ETH,0xd7fa4cFC22eA07DfCeD53033fbE59d8b62B8Ee9E,VYPER.png
AI Crypto Marketplace,AICM,ETH,0x87904be82bc1c29e94a0b99474d183b4e08a7e47,AICM.png
Akropolis Delphi,ADEL,ETH,0x94d863173ee77439e4292284ff13fad54b3ba182,ADEL.png
Adana Demirspor Token,DEMIR,ETH,0xfec82a1b2638826bfe53ae2f87cfd94329cde60d,DEMIR.png
CATCOIN,CATS,ETH,0xd4b92b1700615afae333b9d16d28eb55e8e689b8,CATS.png
Got Guaranteed,GOTG,ETH,0xceeb07dd26b36287b6d109f0b06d7e8202ce8c1d,GOTG.png
I LOVE SNOOPY,LOVESNOOPY,ETH,0xf0edac27aa3e85e2d176f689b0025f90c154393a,LOVESNOOPY.png
The Nemesis,NEMS,ETH,0xb435A47eCea7F5366b2520e45B9beD7E01d2FFAe,NEMS.png
daCat,DACAT,ETH,0x814A870726EdB7Dfc4798300ae1ce3E5Da0Ac467,DACAT.png
VirtuSwap,VRSW,ETH,0x99a01a4d6a4d621094983050d9a2f10b2912e53d,VRSW.png
Deep Whales AI,DEEPAI,ETH,0x18bc66f0c15e27179dd8e2277c1c9c056df0a14d,DEEPAI.png
Game 5 BALL,BALL,ETH,0x393Bf304dD474f48210f5cE741F19A2a851703Ca,BALL.png
Aventa,AVENT,ETH,0xd9641fc2826ecc9bebf4f3852fe4ed92a5239f02,AVENT.png
Atua AI,TUA,ETH,0x791a5c2261823dbf69b27b63e851b7745532cfa2,TUA.png
LOTUS,LOTUS,ETH,0xCC42b2B6D90e3747c2b8E62581183A88E3Ca093a,LOTUS.png
Yelay,YLAY,ETH,0xAEe5913FFd19dBcA4Fd1eF6F3925ed0414407d37,YLAY.png
OFFICIAL VITALIK,VITALIK,ETH,0xd8da35008f45db845c86ded6febd02c3f4b5801a,VITALIK.png
IHT Real Estate Protocol,IHT,ETH,0xEda8B016efA8b1161208Cf041cD86972eeE0F31E,IHT.png
Zus,ZCN,ETH,0xb9ef770b6a5e12e45983c5d80545258aa38f3b78,ZCN.png
ETH 2x Flexible Leverage Index,ETH2X-FLI,ETH,0xaa6e8127831c9de45ae56bb1b0d4d4da6e5665bd,ETH2X-FLI.png
AladdinDAO,ALD,ETH,0xb26C4B3Ca601136Daf98593feAeff9E0CA702a8D,ALD.png
Gamma,GAMMA,ETH,0x6BeA7CFEF803D1e3d5f7C0103f7ded065644e197,GAMMA.png
DegenX,DGNX,ETH,0x0000000000300dd8B0230efcfEf136eCdF6ABCDE,DGNX.png
CruxDecussata,X,ETH,0xaBeC00542D141BDdF58649bfe860C6449807237c,X.png
SECTBOT,SECT,ETH,0x59a73BEF0f729761bc3B9aA7F41872077E4Bf300,SECT.png
Prospective,PROS,ETH,0xbe1936a67f503e0eaf2434b0cf9f4e3d7100008a,PROS.png
YES,YES,ETH,0xfc10cd3895f2c66d6639ec33ae6360d6cfca7d6d,YES.png
Oracle AI,ORACLE,ETH,0x57B49219614859176Ddb029298486B6c30193Cbd,ORACLE.png
[Fake] Melania Trump (melania.world),MELANIA,ETH,0x8cefbeb2172a9382753de431a493e21ba9694004,MELANIA.png
Shiva Inu,SHIV,ETH,0xeb51b8dc2d43469c0f0b7365c8a18438907bdf21,SHIV.png
Honey Badger,HOBA,ETH,0x25cBB21A9dA7C3C63bb77CCCa5B2E2482AEdB710,HOBA.png
QLix,QLIX,ETH,0x0a907B0bBFF60702b29a36b19718D99253cFBD9F,QLIX.png
aUSDT,aUSDT,ETH,0x9EEAD9ce15383CaEED975427340b3A369410CFBF,aUSDT.png
Cerebrum DAO,NEURON,ETH,0xab814ce69E15F6B9660A3B184c0B0C97B9394A6b,NEURON.png
BuckTheBunny,BUCK,ETH,0x5f531738eb92f34b8550237befdd4247d3525411,BUCK.png
SMARDEX USDN,USDN,ETH,0xde17a000BA631c5d7c2Bd9FB692EFeA52D90DEE2,USDN.png
Bidao,BID,ETH,0x25e1474170c4c0aA64fa98123bdc8dB49D7802fa,BID.png
Domani Protocol,DEXTF,ETH,0x5F64Ab1544D28732F0A24F4713c2C8ec0dA089f0,DEXTF.png
YEL.Finance,YEL,ETH,0x949185D3BE66775Ea648F4a306740EA9eFF9C567,YEL.png
Jax.Network,WJXN,ETH,0xca1262e77fb25c0a4112cfc9bad3ff54f617f2e6,WJXN.png
MEOW,MEOW,ETH,0x0eC78ED49C2D27b315D462d43B5BAB94d2C79bf8,MEOW.png
ULTRON,ULX,ETH,0x5Aa158404fEd6b4730C13F49d3a7F820e14A636F,ULX.png
Bear Inu,BEAR,ETH,0x17837004ea685690b32dbead02a274ec4333a26a,BEAR.png
LuckyToad,TOAD,ETH,0xBfB2b6870501a6Ff17121D676A0A45a38c9eeD1e,TOAD.png
BRC-20 DEX,BD20,ETH,0x312d43881860807fa04b193d69744d087fc3308a,BD20.png
WASD Studios,WASD,ETH,0xbDcD291C32e06bBf2d7B1fFc823959E3258E3583,WASD.png
Brett On ETH,BRETT,ETH,0x80eE5c641A8fFC607545219a3856562F56427FE9,BRETT.png
Peace Network,PC,ETH,0x8C024CD50A94978537BDe537A1Fa25Ad89444222,PC.png
Matt Furie's Mellow Man,MELLOW,ETH,0x6942040b6d25d6207e98f8e26c6101755d67ac89,MELLOW.png
Department Of Government Efficiency,D.O.G.E,ETH,0x46fdcddfad7c72a621e8298d231033cc00e067c6,D.O.G.E.png
Dogei,DOGEI,ETH,0xe6705367880B4D5D1Aeae948Fd620f55EF7413e4,DOGEI.png
MARVIN,MARVIN,ETH,0x70c29e99ca32592c0e88bb571b87444bb0e08e33,MARVIN.png
DÆTA,DAETA,ETH,0x641c0f8b889f8336a69f464ddae3733e3de3788a,DAETA.png
Delphy,DPY,ETH,0x6c2adc2073994fb2ccc5032cc2906fa221e9b391,DPY.png
VEROX,VRX,ETH,0x87DE305311D5788e8da38D19bb427645b09CB4e5,VRX.png
NKCL Classic,NKCLC,ETH,0xd1b624f07a4d9b3e3746e33cb58f42df079b5444,NKCLC.png
Export Mortos Platform,EMP,ETH,0x32a8e5c552e5cae231e33170d6495ab0af9e5a72,EMP.png
SpaceMine,MINE,ETH,0xb7DE92bE975ccb27e7352a1D47512aCBdb0BaC32,MINE.png
Yesports,YESP,ETH,0x46cca329970b33e1a007dd4ef0594a1cedb3e72a,YESP.png
XAI Corp,XAI,ETH,0x0a13a5929e5f0ff0eaba4bd9e9512c91fce40280,XAI.png
FE TECH,FETS,ETH,0xf4A509313437dfC64E2EFeD14e2b607B1AED30c5,FETS.png
Zoomer Coin,ZOOMER,ETH,0x0D505C03d30e65f6e9b4Ef88855a47a89e4b7676,ZOOMER.png
Win,WIN,ETH,0xb10CB07CA2CDac77FbB5707f6690301f9d036F45,WIN.png
GG MetaGame,GGMT,ETH,0x76aAb5FD2243d99EAc92d4d9EBF23525d3ACe4Ec,GGMT.png
XAlpha AI,XALPHA,ETH,0x369733153E6E08d38F2BC72ae2432E855Cfbe221,XALPHA.png
JEJE,JJ,ETH,0x1FDD61eF9a5C31B9a2abC7D39c139c779e8412Af,JJ.png
GUA,GUA,ETH,0x393f1D49425d94f47b26E591a9D111df5cD61065,GUA.png
Sharp AI,SHARP,ETH,0xAddB6dC7E2F7caEA67621DD3Ca2e8321ade33286,SHARP.png
Chief D.O.G.E (chiefdog-cto.com),CDOGE,ETH,0x0d8cD7b47822670082C854382c323edA2B91E6A9,CDOGE.png
Merit Circle,MC,ETH,0x949d48eca67b17269629c7194f4b727d4ef9e5d6,MC.png
MetaGaming Guild,MGG,ETH,0x7237c0b30b1355f1b76355582f182f6f04b08740,MGG.png
RadioShack,RADIO,ETH,0x7a5d3A9Dcd33cb8D527f7b5F96EB4Fef43d55636,RADIO.png
Real USD,USDR,ETH,0x6ceD48EfBb581A141667D7487222E42a3FA17cf7,USDR.png
Hoichi,HOICHI,ETH,0xc4ee0aa2d993ca7c9263ecfa26c6f7e13009d2b6,HOICHI.png
DBXen,DXN,ETH,0x80f0C1c49891dcFDD40b6e0F960F84E6042bcB6F,DXN.png
Homer,SIMPSON,ETH,0x44aAd22aFbB2606d7828Ca1f8f9E5af00e779AE1,SIMPSON.png
Reddit,REDDIT,ETH,0x86eab36585eddb7a949a0b4771ba733d942a8aa7,REDDIT.png
Verge (ETH),XVG,ETH,0x85614A474dBeED440d5BBDB8aC50b0f22367F997,XVG.png
Value Interlocking exchange,VIC,ETH,0xe5868c9b16786C7DdB0d12c642b5221540583093,VIC.png
Nitefeeder,NITEFEEDER,ETH,0x85F7cFe910393fB5593C65230622AA597e4223f1,NITEFEEDER.png
Toki,TOKI,ETH,0x65086e9928d297Ebae6A7d24D8c3Aea6f8f6b5d7,TOKI.png
Aethra AI,AETHRA,ETH,0xAAcbc3725e0aF980E8aA9dF4c4441a625B387a91,AETHRA.png
Cred,LBA,ETH,0xfe5f141bf94fe84bc28ded0ab966c16b17490657,LBA.png
OnX Finance,ONX,ETH,0xe0ad1806fd3e7edf6ff52fdb822432e847411033,ONX.png
xFund,XFUND,ETH,0x892a6f9df0147e5f079b0993f486f9aca3c87881,XFUND.png
METANOA,NOA,ETH,0x73474D0A549e32845F541e030C3d529de6ab8738,NOA.png
Kuma Inu,KUMA,ETH,0x48c276e8d03813224bb1e55f953adb6d02fd3e02,KUMA.png
Yaku,$YAKU,ETH,0x1155DB64b59265F57533bC0f9AE012FfFd34eB7F,$YAKU.png
Lucky Block v2,LBLOCK,ETH,0x2b867efD2dE4Ad2B583Ca0CB3dF9C4040Ef4D329,LBLOCK.png
Bank AI,$BANK,ETH,0xe18ab3568fa19e0ed38bc1d974eddd501e61e12d,$BANK.png
Apes Go Bananas,AGB,ETH,0xBddF903F43dC7d9801F3F0034bA306169074EF8e,AGB.png
XRP20,XRP20,ETH,0xe4ab0be415e277d82c38625b72bd7dea232c2e7d,XRP20.png
DODO,DODO,ETH,0x747e550a7b848ace786c3cfe754aa78febc8a022,DODO.png
Dogecoin20,DOGE20,ETH,0x2541A36BE4cD39286ED61a3E6AFC2307602489d6,DOGE20.png
Fuel,FUELX,ETH,0xcc54ac31164b5b3c39DB4Eef26D89275c468EC9d,FUELX.png
LexiAI,LEXI,ETH,0x1cAf237D7A2D103e3e9b1855988C01ac10344600,LEXI.png
Peanut the Squirrel on Ethereum,PNUT,ETH,0xe69ccaaaea33ebfe5b76e0dd373cd9a1a31fd410,PNUT.png
BitcoinBlack,CARD,ETH,0xe0805C80588913c1C2C89EA4A8DCf485D4038A3E,CARD.png
MediChainX,MEDXT,ETH,0x755d61b9aCBC7FCc935E280291cD86cC1913af93,MEDXT.png
Craze,CRAZE,ETH,0x5c162Ec1c1679c67728d824deFC0b415a97539E5,CRAZE.png
Happy Birthday Coin,HBDC,ETH,0x39d30828a163713d91c4eadbba2c497a9139ec5c,HBDC.png
BlockchainSpace,GUILD,ETH,0x83e9f223e1edb3486f876ee888d76bfba26c475a,GUILD.png
D-Drops,DOP,ETH,0x2a7CAd775fd9C5c43f996A948660fFc21b4e628c,DOP.png
GOLCOIN,GOLC,ETH,0x095797FD4297fb79883cC912a5Ba6313B15c445d,GOLC.png
Juice,JUICE,ETH,0xdE5d2530A877871F6f0fc240b9fCE117246DaDae,JUICE.png
Gradient,GDT,ETH,0x396c95abE154b3b2eD204Cf45c8726AA7ad47A4D,GDT.png
POG,POGS,ETH,0x906c012fa4C30d580537c2b72d1789F56F488a80,POGS.png
Bonk on ETH,BONK,ETH,0x4fbaf51b95b024d0d7cab575be2a1f0afedc9b64,BONK.png
Crypto Burger,BURGER,ETH,0x0c2e08E459fC43dDD1E2718C122F566473f59665,BURGER.png
Wigl,WIGL,ETH,0xF8206A19Fca5999425358DE4E4cDEFc7F5C5D4cA,WIGL.png
Sudo Labs,SUDO,ETH,0x48129b305A94D68cE4773CA1F0b55782ac735eAc,SUDO.png
HitChain,HIT,ETH,0x7995ab36bB307Afa6A683C24a25d90Dc1Ea83566,HIT.png
Occam.Fi,OCC,ETH,0x2f109021afe75b949429fe30523ee7c0d5b27207,OCC.png
ℓUSD,LUSD,ETH,0x31a2E08F4232329e4EddB025C0275f43c9cD56D7,LUSD.png
Pige,PIGE,ETH,0x995c0e3b9af4da89fc76c5c0784e97c7a36eec06,PIGE.png
ordinex,ORD,ETH,0xbe00734799a67a62af2819825580318ac1b1e4ec,ORD.png
Jungle Labz,JNGL,ETH,0x4c45bbec2ff7810ef4a77ad7bd4757c446fe4155,JNGL.png
Derp,DERP,ETH,0x5DfC78C4D073fD343BC6661668948178522A0DE5,DERP.png
Casinu Inu,CASINU,ETH,0x1b54a6fa1360bd71a0f28f77a1d6fba215d498c3,CASINU.png
CYBONK,CYBONK,ETH,0x9194337C06405623c0F374e63Fa1CC94e2788c58,CYBONK.png
Defender Bot,DFNDR,ETH,0x3f57c35633cb29834bb7577ba8052eab90f52a02,DFNDR.png
Plebz,PLEB,ETH,0x740a5ac14d0096c81d331adc1611cf2fd28ae317,PLEB.png
Flochi,FLOCHI,ETH,0x9cbefeec232cdbe428ec59ce310c6febc01d6163,FLOCHI.png
Claude Monet Memeory Coin,MONET,ETH,0x44d34975bF7Fe025007E236cE4e0b0395687773B,MONET.png
Reality Spiral,RSP,ETH,0x90e3532cf06d567ef7e6385be532311f10c30096,RSP.png
Quantfury Token,QTF,ETH,0x0fcbc31c503b4a9ed90e87f8ff46c318a4a14260,QTF.png
WardenSwap,WAD,ETH,0x0b6f3c17e1626a7cbfa4302ce4e3c45522d23a83,WAD.png
Friends With Benefits Pro,FWB,ETH,0x35bd01fc9d6d5d81ca9e055db88dc49aa2c699a8,FWB.png
Mimo Governance Token,MIMO,ETH,0x90b831fa3bebf58e9744a14d638e25b4ee06f9bc,MIMO.png
Marnotaur,TAUR,ETH,0xF71288618F919FF0A779c757489A8B2e45925dDd,TAUR.png
Zamio,ZAM,ETH,0xd373576a9e738f37dc6882328358ff69c4caf4c6,ZAM.png
Ethane,C2H6,ETH,0x6ad9a31f02f1e790ff85584ea3c3d0001e45cd64,C2H6.png
DECENTRACARD,DCARD,ETH,0x2F3d0d2317802A65FAAC6e4cd94067c37B4d4804,DCARD.png
Popo,POPO,ETH,0x195be8ee12aa1591902c4232b5b25017a9cbbdea,POPO.png
Kinetix Finance Token,KAI,ETH,0x0bbcefa5f3630cae34842cb9d9b36bc0d4257a0d,KAI.png
ITO,ITO,ETH,0x465dbC39F46f9D43C581a5d90A43e4a0F2A6fF2d,ITO.png
Game.com,GTC,ETH,0xB70835D7822eBB9426B56543E391846C107bd32C,GTC.png
Behodler,EYE,ETH,0x155ff1A85F440EE0A382eA949f24CE4E0b751c65,EYE.png
Elk Finance,ELK,ETH,0xeEeEEb57642040bE42185f49C52F7E9B38f8eeeE,ELK.png
TCGCoin 2.0,TCG2,ETH,0x0d31DF7dedd78649A14aAe62D99CcB23aBCC3A5A,TCG2.png
Filecoin Standard Hashrate Token,FILST,ETH,0x7346ad4c8cd1886ff6d16072bcea5dfc0bc24ca2,FILST.png
Yieldification,YDF,ETH,0x30dcba0405004cf124045793e1933c798af9e66a,YDF.png
Centurion Invest,CIX,ETH,0x6d60a8dfb16d09f67d46fcd36a0cd310078257ca,CIX.png
Switch,SWITCH,ETH,0xb10cc888cb2cce7036f4c7ecad8a57da16161338,SWITCH.png
Chad Coin,CHAD,ETH,0x6B89B97169a797d94F057F4a0B01E2cA303155e4,CHAD.png
2DAI.io,2DAI,ETH,0xb44b653f147569d88a684cbf6549e1968e8b2a1d,2DAI.png
Froggies Token,FRGST,ETH,0xcf6a03e353f0adb2c05992264835b4f03a371117,FRGST.png
Love,LOVE,ETH,0xB22C05CeDbF879a661fcc566B5a759d005Cf7b4C,LOVE.png
Fufu Token,FUFU,ETH,0x7b37A55FFB30C11D95F943672AE98F28cFB7b087,FUFU.png
X Payments,XPAY,ETH,0xf2fDD9c25D7BC8002ce89716d1be484b2D976944,XPAY.png
MAGA 2024,MAGA,ETH,0x25d01b5b39e58843291586a5d8afddf744bdeb13,MAGA.png
LittleMami,LMC,ETH,0x8983cf891867942d06ad6ceb9b9002de860e202d,LMC.png
Fofar (fofar.io),FOFAR,ETH,0xeff49b0F56a97C7FD3B51F0eCd2Ce999a7861420,FOFAR.png
King Of Meme,LION,ETH,0xF3c3745894d979F8F85761bd060520BDdbc464e9,LION.png
FLEABONE,FLEA,ETH,0xC720d9e09212e1Ec258b733f517047de31db1134,FLEA.png
Bitcoin Dogs,0DOG,ETH,0xAA6624D7363Ef8284aA8ce4e18146dEd5f421b2c,0DOG.png
WAXE,WAXE,ETH,0x7a2bc711e19ba6aff6ce8246c546e8c4b4944dfd,WAXE.png
Tiamonds,TIA,ETH,0x824E35f7A75324f99300aFAC75ECF7354E17Ea26,TIA.png
Acria.AI,ACRIA,ETH,0x44f5909e97e1cbf5fbbdf0fc92fd83cde5d5c58a,ACRIA.png
WASSIE,WASSIE,ETH,0x2c95d751da37a5c1d9c5a7fd465c1d50f3d96160,WASSIE.png
Treat,TREAT,ETH,0xfbd5fd3f85e9f4c5e8b40eec9f8b8ab1caaa146b,TREAT.png
TokenSight,TKST,ETH,0x7CdBfC86A0BFa20F133748B0CF5cEa5b787b182c,TKST.png
IVEX Financial,IVEX,ETH,0x663962C0D2B624776D6FD1bf6ba41236761e76a9,IVEX.png
Robotaxi,TAXI,ETH,0x2597342ff387B63846eb456419590781C4bfCdAF,TAXI.png
Doggo Inu,DOGGO,ETH,0x3739426e21D912B604C106f852d136bA58f61517,DOGGO.png
BIG Ecosystem,CNCT,ETH,0x516D339afA72f6959b8E06a31FBc32Da3E49348B,CNCT.png
CEDEN Network,CDN,ETH,0xC29bBE89E98250eE2eee3ac677BbeD542A049EFB,CDN.png
Rouge Studio,ROUGE,ETH,0xF2478a732E5232AcD0acEF5e410e230b49b35a12,ROUGE.png
Astra Labs,AST,ETH,0x115B4AFC65D8b71F8cD6f377bE8Ad63B649C5228,AST.png
Pando,PANDO,ETH,0x252b9F56359901a0BDE52d0675b1f1130d86F471,PANDO.png
MCFinance,MCF,ETH,0xE33AE4E795114279721047484E5ad5cc7DF24fcB,MCF.png
Revest Finance,RVST,ETH,0x120a3879da835a5af037bb2d1456bebd6b54d4ba,RVST.png
Juicebox,JBX,ETH,0x4554CC10898f92D45378b98D6D6c2dD54c687Fb2,JBX.png
Kabosu Inu,KABOSU,ETH,0xbadff0ef41d2a68f22de21eabca8a59aaf495cf0,KABOSU.png
Golden Inu,GOLDEN,ETH,0xd87996ff3d06858bfc20989aef50cc5fcd4d84ca,GOLDEN.png
FORE Protocol,FORE,ETH,0xb2ee0adbe0ef1281025d0676511bb1df14600f4d,FORE.png
BRC App,BRCT,ETH,0x455ad1Bc4E18fD4e369234b6e11D88acBC416758,BRCT.png
AGG,AGG,ETH,0xFB0489e9753B045DdB35e39c6B0Cc02EC6b99AC5,AGG.png
illumineX,IX,ETH,0x45e82579792dddf08cb3a037086604c262d78065,IX.png
PEAR AI,PEAR,ETH,0xfC40B76CDd4E62ef0c8273FDBdbc458253776015,PEAR.png
BiLira,TRYB,ETH,0x2c537e5624e4af88a7ae4060c022609376c8d0eb,TRYB.png
Cryptopia,TOS,ETH,0x68ccACa9ADF1552B3316d6067690eC27397c8ea8,TOS.png
SHIKOKU,SHIK,ETH,0x24da31e7bb182cb2cabfef1d88db19c2ae1f5572,SHIK.png
Reunit Wallet,REUNI,ETH,0x9ed7E4B1BFF939ad473dA5E7a218C771D1569456,REUNI.png
GOLD,GOLD,ETH,0x36737b4ac153c762d6a767056e1af7b17573a6b9,GOLD.png
csas (Ordinals),CSAS,ETH,0x11bac0c3c81838022327198aa46124cdb8ce6ab9,CSAS.png
Metapro,MPRO,ETH,0xd88611a629265c9af294ffdd2e7fa4546612273e,MPRO.png
MEGA,MEGA,ETH,0x449a917fb4910cb2f57335D619e71674fFB8BC44,MEGA.png
Yidocy Plus,YIDO,ETH,0x9973ee0bb7f10988f23ecfff54dc654a7f173e2c,YIDO.png
Aguri-Chan,AGURI,ETH,0x8e42fe26fc1697f57076c9f2a8d1ff69cf7f6fda,AGURI.png
Hoodrat,HOODRAT,ETH,0x62B6d83d5aFBf395ece55136E7161c119a8FD80C,HOODRAT.png
Genie Ai,GENIE,ETH,0x60d95823F795F1972dBDbcd886955095E36E04Cd,GENIE.png
Magnify Cash,MAG,ETH,0x71da932ccda723ba3ab730c976bc66daaf9c598c,MAG.png
Cradle,CRADLE,ETH,0x4308135E3d92EeEA3235085a1Dd36b7293336938,CRADLE.png
Kambria,KAT,ETH,0x14da230d6726C50F759Bc1838717F8CE6373509C,KAT.png
CoFiX,COFI,ETH,0x1a23a6BfBAdB59fa563008c0fB7cf96dfCF34Ea1,COFI.png
Microtuber,MCT,ETH,0x6876eba317272fe221c67405c5e8eb3b24535547,MCT.png
XENT,XENT,ETH,0x17CaA121F5F95Ee9B85F756E41ad9e09Fe449964,XENT.png
Blockchain Bets,BCB,ETH,0x2d886570a0da04885bfd6eb48ed8b8ff01a0eb7e,BCB.png
OGSMINEM,OGSM,ETH,0x9778ac3d5a2f916aa9abf1eb85c207d990ca2655,OGSM.png
SaitaBit,SAITABIT,ETH,0x927402ab67c0cda3c187e9dfe34554ac581441f2,SAITABIT.png
VoldemortTrumpRobotnik-10Neko,ETHEREUM,ETH,0xc32db1d3282e872d98f6437d3bcfa57801ca6d5c,ETHEREUM.png
Tigra,TIGRA,ETH,0xbe8EFF45293598919c99D1cBE5297F2A6935BC64,TIGRA.png
LEGION,LEGION,ETH,0xb2a25f7d864636e44bc1bf7a316897652bf07463,LEGION.png
CyPepe,CYPEPE,ETH,0x80A88dc663fa256E34ecb5a47314702313b162A5,CYPEPE.png
INSPAD,INSP,ETH,0xd37ae8c16449e7ef858652e02555c51d2572552b,INSP.png
Colon,COLON,ETH,0xD09Eb9099faC55eDCbF4965e0A866779ca365a0C,COLON.png
Black Agnus,FTW,ETH,0x306fD3e7b169Aa4ee19412323e1a5995B8c1a1f4,FTW.png
Sanin,SANIN,ETH,0xd3C5BdBc6De5Ea3899a28f6cd419f29c09fa749f,SANIN.png
Chiba,CHIB,ETH,0xa5c45d48d36607741E90c0CCa29545A46f5eE121,CHIB.png
TrumpEffect69420,TRUMP,ETH,0x69420cB71f5Fa439A84545e79557977c0600c46E,TRUMP.png
SentAI,SENTAI,ETH,0x877f035c83df617B6C901891F90EEBc78f8CE050,SENTAI.png
HXRO,HXRO,ETH,0x4bd70556ae3f8a6ec6c4080a0c327b24325438f3,HXRO.png
SPACE-iZ,SPIZ,ETH,0xa7A5c1058194Af8F00c187adB7FcC0c95f1C6c2d,SPIZ.png
Molten,MOLTEN,ETH,0x66E535e8D2ebf13F49F3D49e5c50395a97C137b1,MOLTEN.png
Banana,BANANA,ETH,0x94e496474f1725f1c1824cb5bdb92d7691a4f03a,BANANA.png
Legacy ICHI,ICHI,ETH,0x903bef1736cddf2a537176cf3c64579c3867a881,ICHI.png
Clown Pepe,HONK,ETH,0x5efcea234f7547de4569aad1215fa5d2adaced38,HONK.png
Biaocoin,BIAO,ETH,0x00282FD551D03dC033256C4bf119532e8C735D8a,BIAO.png
QUBY,QUBY,ETH,0xc785698504a70be37d0e939a4c5326f8eddd5beb,QUBY.png
Mandox Token,MANDOX,ETH,0x7a8adcf432ebcc2311b955d176ee4bfed13bb9a7,MANDOX.png
VTRADING,VT,ETH,0x69CadE383dF52ec02562869Da8Aa146Be08c5c3c,VT.png
XRPEPE,XRPEPE,ETH,0xdE8ae95B1763D8fd23bD37D0EB30116AC60B0116,XRPEPE.png
Rally,RALLY,ETH,0x19640000000ba88d36206BeB10D0e86011C8d08c,RALLY.png
Zon Token,ZON,ETH,0x25D29fA7Cf5cD5a11102b793F1a0149546e026e4,ZON.png
Hoodrat Coin,HOODRAT,ETH,0x15CDf971FB7b5074b497Add287185AB64cc0c375,HOODRAT.png
Paralink Network,PARA,ETH,0x3a8d5BC8A8948b68DfC0Ce9C14aC4150e083518c,PARA.png
Futureswap,FST,ETH,0x0e192d382a36de7011f795acc4391cd302003606,FST.png
Empire Token,EMPIRE,ETH,0x9a2af0abb12bee5369b180976be01e8c80d0e7b6,EMPIRE.png
Regen Network,REGEN,ETH,0xeee10b3736d5978924f392ed67497cfae795128b,REGEN.png
bloXmove Token,BLXM,ETH,0x38d9eb07a7b8df7d86f440a4a5c4a4c1a27e1a08,BLXM.png
Uplift,LIFT,ETH,0x513C3200F227ebB62e3B3d00B7a83779643a71CF,LIFT.png
MetaVPad,METAV,ETH,0x62858686119135cc00C4A3102b436a0eB314D402,METAV.png
Giveth,GIV,ETH,0x900db999074d9277c5da2a43f252d74366230da0,GIV.png
Ribbit,RIBBIT,ETH,0xb794ad95317f75c44090f64955954c3849315ffe,RIBBIT.png
Pear Swap,PEAR,ETH,0x5dcd6272c3cbb250823f0b7e6c618bce11b21f90,PEAR.png
MASYA,MASYA,ETH,0x26f45C6D6bfdd89d37a8856838c2141348334E0F,MASYA.png
Hachi,HACHI,ETH,0x2a7e415c169ce3a580c6f374dc26f6aaad1eccfe,HACHI.png
XRP 2.0,XRP 2.0,ETH,0xd61e1cafd50e570356dd5f6d679a7bd0535a7fcf,XRP 2.0.png
BarbieCrashBandicootRFK888Inu,SOLANA,ETH,0x3D806324b6Df5AF3c1a81aCbA14A8A62Fe6D643F,SOLANA.png
Prisma Finance,PRISMA,ETH,0xdA47862a83dac0c112BA89c6abC2159b95afd71C,PRISMA.png
0x Leverage,0XL,ETH,0x03ee5026c07d85ff8ae791370dd0f4c1ae6c97fc,0XL.png
Doggensnout Skeptic,DOGS,ETH,0x21e5c85a5b1f38bddde68307af77e38f747cd530,DOGS.png
NEXUS,NEX,ETH,0xc01154B4CCB518232D6bbfC9B9E6C5068B766f82,NEX.png
SHOG,SHOG,ETH,0xc8388e437031b09b2c61fc4277469091382a1b13,SHOG.png
Department Of Government Efficiency (dogedepartment.com),DOGE,ETH,0xA4fb6e1781fBCc921DF51352aF4CC83FF6c1308f,DOGE.png
ABE,ABE,ETH,0xD0dFCA0B404E866Dc9A3038BD2A545c6735D9fA9,ABE.png
ION,ION,ETH,0xee59B43149CEAD680aedF8778163ce8CB8c8A6fB,ION.png
BnkToTheFuture,BFT,ETH,0x01ff50f8b7f74e4f00580d9596cd3d0d6d6e326f,BFT.png
Polkaswap,PSWAP,ETH,0x519C1001D550C0a1DaE7d1fC220f7d14c2A521BB,PSWAP.png
DeFinity,DEFX,ETH,0x5F474906637bdCDA05f29C74653F6962bb0f8eDa,DEFX.png
Cogecoin,COGE,ETH,0xc382e04099a435439725bb40647e2b32dc136806,COGE.png
ASH,ASH,ETH,0x64d91f12ece7362f91a6f8e7940cd55f05060b92,ASH.png
DecentraWeb,DWEB,ETH,0xe7f58a92476056627f9fdb92286778abd83b285f,DWEB.png
EVERY GAME,EGAME,ETH,0x62d3c05b9c3d916fbc111819bbd3cee52906c1ae,EGAME.png
XIDO FINANCE,XIDO,ETH,0xf6650117017ffd48b725b4ec5a00b414097108a7,XIDO.png
Artizen,ATNT,ETH,0xaa2d8c9a8bd0f7945143bfd509be3ff23dd78918,ATNT.png
0x0.com,0x0,ETH,0xb8fda5aee55120247f16225feff266dfdb381d4c,0x0.png
EVEAI,EVEAI,ETH,0x05fE069626543842439Ef90D9FA1633640c50cF1,EVEAI.png
Monkeys,MONKEYS,ETH,0xf2a22b900dde3ba18ec2aef67d4c8c1a0dab6aac,MONKEYS.png
Green,GREEN,ETH,0xb2089a7069861c8d90c8da3aacab8e9188c0c531,GREEN.png
Steamboat Willie,MICKEY,ETH,0x9609b540e5Dedddb147AbBF9812ADE06b1e61B2C,MICKEY.png
Hitmakr,HMKR,ETH,0x3300b02efa180c99a2F61f4731665b51e4E254C4,HMKR.png
Frankencoin,ZCHF,ETH,0xB58E61C3098d85632Df34EecfB899A1Ed80921cB,ZCHF.png
IVANKA TRUMP,IVANKA,ETH,0x7dbb51553f8222885d6d9933ea14196feb57fd78,IVANKA.png
Towelie,TOWELI,ETH,0x420698cfdeddea6bc78d59bc17798113ad278f9d,TOWELI.png
krazy n.d.,KRAZY,ETH,0x187df9748016Da82578C83A61c3b3093ac6b8669,KRAZY.png
NIQAB WORLD ORDER,NIQAB,ETH,0x1Cf763AE60891164bb0c6A04e63b373a76b16c02,NIQAB.png
Wolt,WOLT,ETH,0x3D288A54e08fe41796556eFdfc24C015fe47F74E,WOLT.png
50x.com,50X,ETH,0x4049295fb42de67ccf028a2570b05564cb8cb785,50X.png
Metaverse Index,MVI,ETH,0x72e364f2abdc788b7e918bc238b21f109cd634d7,MVI.png
XFai,XFIT,ETH,0x4aa41bC1649C9C3177eD16CaaA11482295fC7441,XFIT.png
MetalSwap,XMT,ETH,0x3E5D9D8a63CC8a88748f229999CF59487e90721e,XMT.png
Wolf Game Wool,WOOL,ETH,0x8355dbe8b0e275abad27eb843f3eaf3fc855e525,WOOL.png
Tether MXNt,MXNt,ETH,0xed03Ed872159e199065401b6d0D487d78d9464AA,MXNt.png
Luna Inu,LINU,ETH,0x78132543d8e20d2417d8a07d9ae199d458a0d581,LINU.png
bitcastle,CASTLE,ETH,0xf9d4daae1300cff251979722c4a3c45857973079,CASTLE.png
Hippo Wallet Token (HPO),HPO,ETH,0xa0ED3C520dC0632657AD2EaaF19E26C4fD431a84,HPO.png
VetMe,VETME,ETH,0xe7ef051c6ea1026a70967e8f04da143c67fa4e1f,VETME.png
"Vector Space Biosciences, Inc.",SBIO,ETH,0x9b5C38cC2d1bA05Ed87C8f8A2418475bAcb20073,SBIO.png
FX1 Sports,FXI,ETH,0xC5190E7FEC4d97a3a3b1aB42dfedac608e2d0793,FXI.png
Ben's Finale,FINALE,ETH,0xc7a2572fa8fdb0f7e81d6d3c4e3ccf78fb0dc374,FINALE.png
MAGA,TRUMP,ETH,0x4f4a556361B8B4869F97b8709ff47c1B057Ea13b,TRUMP.png
REAKTOR,RKR,ETH,0xb970E14Df2161c0A2f32EBA35901f2446581b482,RKR.png
Lanify,LAN,ETH,0xc01b1979e2244dc94e67891df0af4f7885e57fd4,LAN.png
B-money,BMONEY,ETH,0xf10da48d4aaa8d784c5e369cb998e263cfe32aa8,BMONEY.png
Neuracat,NCAT,ETH,0x2b7c0fa747611d4412b54076c62119926474edb3,NCAT.png
Baby PeiPei (babypeipeicoin.com),BABYPEIPEI,ETH,0x3fbabe48e137c9ef4f8cb517a4762add7e6242ae,BABYPEIPEI.png
Ginnan Doge's Brother,GINNAN,ETH,0x375e104af98872E5B4Fe951919e504a47dB1757c,GINNAN.png
lifedog,LFDOG,ETH,0x425087BF4969f45818c225aE30f8560cE518582e,LFDOG.png
DUSTY,DUSTY,ETH,0x614A48C41BE6BA6762B63A92Cc33cFb5E8149332,DUSTY.png
Rentible,RNB,ETH,0x20a62aca58526836165ca53fe67dd884288c8abf,RNB.png
Universal Basic Income,UBI,ETH,0xdd1ad9a21ce722c151a836373babe42c868ce9a4,UBI.png
AmazingTeamDAO,AMAZINGTEAM,ETH,0x38e2f9058651EA1B9a09495Ea7Fd23FD2dD12a3F,AMAZINGTEAM.png
DAYSTARTER,DST,ETH,0xe3a46b2bc1d83c731d58cab765d3b45bce789095,DST.png
Jarvis Synthetic Euro,JEUR,ETH,0x0f17bc9a994b87b5225cfb6a2cd4d667adb4f20b,JEUR.png
Jaypeggers,JAY,ETH,0xda7c0810ce6f8329786160bb3d1734cf6661ca6e,JAY.png
GTAVI,GTAVI,ETH,0x50e366365B01Bf575538212A0155AF552120494E,GTAVI.png
SHEBOSHIS,SHEB,ETH,0x6930450a416252c7206fbce76c01ecc850a36cb9,SHEB.png
Pepy,PEPY,ETH,0xa1e349fac47e50b42cd323c4285ef4622b60a5e0,PEPY.png
GameStop (gamestopeth.io),GSTOP,ETH,0xdd157bd06c1840fa886da18a138c983a7d74c1d7,GSTOP.png
Maga Pepe,MAPE,ETH,0x683A4ac99E65200921f556A19dADf4b0214B5938,MAPE.png
The Republican Party,GOP,ETH,0x80810a9c31E7243A0bFb9919b0B4020378d1C134,GOP.png
Simpson Trump,TRUMP,ETH,0xCaB66bc319C96A2921Caed30E990b20F2322357e,TRUMP.png
NFTfi,NFTFI,ETH,0x09D6F0F5A21f5BE4f59e209747E2d07F50BC694C,NFTFI.png
US Degen Index 6900,DXY,ETH,0x6900f7b42fb4abb615c938db6a26d73a9afbed69,DXY.png
Baby DragonX,BDX,ETH,0x9f278Dc799BbC61ecB8e5Fb8035cbfA29803623B,BDX.png
Cultur,CULTUR,ETH,0x6cb25129314123BCD5aDCdc844cEaEEAd65A0896,CULTUR.png
Mainframe,MFT,ETH,0xdf2c7238198ad8b389666574f2d8bc411a4b7428,MFT.png
CryptoArt.Ai,CART,ETH,0x5c8c8d560048f34e5f7f8ad71f2f81a89dbd273e,CART.png
Feisty Doge NFT,NFD,ETH,0xDFDb7f72c1F195C5951a234e8DB9806EB0635346,NFD.png
Frontrow,FRR,ETH,0xe6602b34d8510b033e000975b3322537c7172441,FRR.png
IYKYK,IYKYK,ETH,0x7cB683151A83c2B10A30cBB003CDA9996228a2bA,IYKYK.png
Veil,VEIL,ETH,0xb244b3574a5627849fca2057e3854340def63071,VEIL.png
Perro Dinero,JOTCHUA,ETH,0x808C16ACe7404777FE24a6777a9Cb2335Aa82451,JOTCHUA.png
Fottie,FOTTIE,ETH,0xe3b9cfb8ea8a4f1279fbc28d3e15b4d2d86f18a0,FOTTIE.png
Wicked Bet,WIK,ETH,0xa9049425b938c46ac3e312d4cdaeccb26282aeb2,WIK.png
Voidz,VDZ,ETH,0x93c5a00b41FB5f3906b421b2399Ac64b79fdBD42,VDZ.png
Matt Furie's Boys Club,BOYSCLUB,ETH,0x6968676661ac9851c38907bdfcc22d5dd77b564d,BOYSCLUB.png
Digitra.com Token,DGTA,ETH,0x3590801eCFDF8C2f5e7a4fD171c2E3AF964F8b0D,DGTA.png
CATALORIAN (cataloriancat),CATALORIAN,ETH,0x07bf2cc7e965d061ec3a408980d89f3e322d33b8,CATALORIAN.png
HedgeFi,HEDGE,ETH,0xe56a10448C632E44605dCc5201c36122FF9D0250,HEDGE.png
Oggie,OGGIE,ETH,0x11A001DC777f5bf8A5d63f246664d3Bb67Be496C,OGGIE.png
Dat Boi,DATBOI,ETH,0xd6F8AB9b0F0a06a87ec2599C97E8B867b0Fa7814,DATBOI.png
Fire Protocol,FIRE,ETH,0xF921ae2DAC5fa128DC0F6168Bf153ea0943d2D43,FIRE.png
Continuum World,UM,ETH,0xb19dd661f076998e3b0456935092a233e12c2280,UM.png
QUASA,QUA,ETH,0x4dAeb4a06F70f4b1A5C329115731fE4b89C0B227,QUA.png
Alongside Crypto Market Index,AMKT,ETH,0xF17A3fE536F8F7847F1385ec1bC967b2Ca9caE8D,AMKT.png
Dash 2 Trade,D2T,ETH,0x4Dd942bAa75810a3C1E876e79d5cD35E09C97A76,D2T.png
Stable Coin,SBC,ETH,0xf9FB20B8E097904f0aB7d12e9DbeE88f2dcd0F16,SBC.png
XRP2.0,XRP2,ETH,0x728b3F6A79f226BC2108D21aBd9b455d679ef725,XRP2.png
HarryPotterTrumpHomerSimpson777Inu,ETHEREUM,ETH,0x24249b5a869a445C9B0CE269a08d73c618dF9d21,ETHEREUM.png
FlokiFork,FORK,ETH,0x7d225c4cc612e61d26523b099b0718d03152edef,FORK.png
TensorSpace,TPU,ETH,0xd9812f24f34e0d727bbf6ea7caaee05b7f7a2603,TPU.png
Maganomics,MAGANOMICS,ETH,0x7E744BBB1a49A44dfCC795014a4BA618E418FbBE,MAGANOMICS.png
99 Bitcoins,99BTC,ETH,0xc2eb40516ecaac04ae9964934983d1e9ebdf51fd,99BTC.png
Infinet,INFI,ETH,0xfc21540d6b89667d167d42086e1feb04da3e9b21,INFI.png
BITCOIN Act,BTCACT,ETH,0x079d0150cc21e127898db0f51f18ca54db56b1ba,BTCACT.png
Odyssey,OCN,ETH,0x4092678e4E78230F46A1534C0fbc8fA39780892B,OCN.png
Shardus,ULT,ETH,0x09617f6fd6cf8a71278ec86e23bbab29c04353a7,ULT.png
Dark Energy Crystals,DEC,ETH,0x9393fdc77090f31c7db989390d43f454b1a6e7f3,DEC.png
Gains Farm,GFARM2,ETH,0x831091dA075665168E01898c6DAC004A867f1e1B,GFARM2.png
Premia,PREMIA,ETH,0x6399C842dD2bE3dE30BF99Bc7D1bBF6Fa3650E70,PREMIA.png
Yieldly,YLDY,ETH,0x88cb253d4c8cab8cdf7948a9251db85a13669e23,YLDY.png
Dinger Token,DINGER,ETH,0x9e5bd9d9fad182ff0a93ba8085b664bcab00fa68,DINGER.png
e-Money EUR,EEUR,ETH,0x714bfD06Da6EB24fAc379f0d9DEBFa85261bF439,EEUR.png
Telefy,TELE,ETH,0xF1e345Ea7c33fd6c05F5512a780Eb5839EE31674,TELE.png
UNIUM,UNM,ETH,0x6570fFe19dA7e2b425329B157d9109b87f18304b,UNM.png
TCG Verse,TCGC,ETH,0x2FFdE077455f81E28bAa675a46B9c085740216d4,TCGC.png
Solidly,SOLID,ETH,0x777172d858dc1599914a1c4c6c9fc48c99a60990,SOLID.png
Tidalflats,TIDE,ETH,0xe0a6136F866684c0F19936c0C42a8C181C066f1b,TIDE.png
CRYPTO,CRYPTO,ETH,0x586a7cfe21e55ec0e24f0bfb118f77fe4ca87bab,CRYPTO.png
AimBot AI,AIMBOT,ETH,0x0c48250Eb1f29491F1eFBeEc0261eb556f0973C7,AIMBOT.png
American pepe,USPEPE,ETH,0x07040971246a73ebda9cf29ea1306bb47c7c4e76,USPEPE.png
Gou,GOU,ETH,0xed89fc0f41d8be2c98b13b7e3cd3e876d73f1d30,GOU.png
Fiona,FIONA,ETH,0x7e7ef0ee0305c1c195fcae22fd7b207a813eef86,FIONA.png
Smiling Dolphin(miharucto.com),MIHARU,ETH,0x5981E98440E41fa993B26912B080922b8Ed023c3,MIHARU.png
Putin Meme,PUTIN,ETH,0x8fe4ceA3835eFF16C5F2d6F1daF3B7C684211559,PUTIN.png
MiniSwap,MINI,ETH,0x4d953cf077c0c95ba090226e59a18fcf97db44ec,MINI.png
FODL Finance,FODL,ETH,0x4c2e59d098df7b6cbae0848d66de2f8a4889b9c3,FODL.png
FrogSwap,FROG,ETH,0x4fEe21439F2b95b72da2F9f901b3956f27fE91D5,FROG.png
Sanin Inu,SANI,ETH,0x4521c9ad6a3d4230803ab752ed238be11f8b342f,SANI.png
FunFi,FNF,ETH,0xacf8d5e515ed005655dfefa09c22673a37a7cdee,FNF.png
Genius,GENI,ETH,0x444444444444c1a66f394025ac839a535246fcc8,GENI.png
Toku,TOKU,ETH,0x9eec1a4814323a7396c938bc86aec46b97f1bd82,TOKU.png
AI-X,X,ETH,0x5f5166c4fdb9055efb24a7e75cc1a21ca8ca61a3,X.png
Baby Doge 2.0,BABYDOGE2.0,ETH,0x2479F03e2beA89e636f1961272C6Ed6B8Cc20b29,BABYDOGE2.0.png
InfinityBit Token,IBIT,ETH,0xA3cB87080e68AD54D00573983D935Fa85d168FDE,IBIT.png
MOROS NET,MOROS,ETH,0xAb85fc558d722A2b7c040FfB77dB676Bd9e7D322,MOROS.png
Bazed Games,BAZED,ETH,0x3ee4b152824b657644c7a9b50694787e80eb8f4a,BAZED.png
AIRian,AIR,ETH,0x294B9dA569c0d694870239813Bbe7B5824FD2339,AIR.png
Pepe Maga,PEGA,ETH,0x18b3236d6c6c1a79522696ee70b1c28932d8902f,PEGA.png
SPX6900 2.0,SPX2.0,ETH,0x230ea9aed5d08afdb22cd3c06c47cf24ad501301,SPX2.0.png
Microsoft 6900,MSFT,ETH,0x69000e11c86b4F61dBeFd7DBcffD1C53fCD506e4,MSFT.png
Cyclix Games,CYG,ETH,0x6b15602f008a05d9694d777dead2f05586216cb4,CYG.png
Cultel,CULTEL,ETH,0x0000003ceede5c40e5187784d3e8dd5b43dc85f6,CULTEL.png
Poppy,POPPY,ETH,0xcA4F53E6117623992126A9A45Ce61682FE8678Df,POPPY.png
Ripio Credit Network,RCN,ETH,0xf970b8e36e23f7fc3fd752eea86f8be8d83375a6,RCN.png
MerchDAO,MRCH,ETH,0xbed4ab0019ff361d83ddeb74883dac8a70f5ea1e,MRCH.png
Liza,LIZA,ETH,0x8b227d72570d3ead66014bca8305cbef7f90d1ee,LIZA.png
Moxy,WMOXY,ETH,0x695AfdB42EDFf97AF470a15920a66dF81a234c0e,WMOXY.png
Satellite Doge-1 Mission,DOGE-1,ETH,0xFfE203b59393593965842439ce1E7D7c78109b46,DOGE-1.png
DGI Game,DGI,ETH,0xE453C3409f8Ad2B1FE1ED08E189634d359705A5B,DGI.png
VPS AI,VPS,ETH,0x00b78238925c320159023c2ac9ef89da8f16d007,VPS.png
SatoshiSync,SSNC,ETH,0x6715515F5aA98e8Bd3624922E1Ba91e6f5fc4402,SSNC.png
Monkas,MONKAS,ETH,0xdc7ac5d5d4a9c3b5d8f3183058a92776dc12f4f3,MONKAS.png
MAGA PEPE,MAGAPEPE,ETH,0x8e7bd91f7d51d58145365341fdb37e0edfc8397f,MAGAPEPE.png
Joker,JOKER,ETH,0xE0797ec1d0bb0BEc541A82c5262C3B0f93F68bfe,JOKER.png
Leslie,LESLIE,ETH,0xcc9e0bd9438ca0056653d134de794abeaff8c676,LESLIE.png
Lizcoin,LIZ,ETH,0xAF4144cd943ed5362Fed2BaE6573184659CBe6FF,LIZ.png
SLIMER,SLIMER,ETH,0x928b2a1e6c5095e558454b795bcfd11b8f0791f0,SLIMER.png
Solo,SOLO,ETH,0xd61a8bbd5c6d8cd9690a89616b33dc939c9fbda9,SOLO.png
Alchemist,MIST,ETH,0x88acdd2a6425c3faae4bc9650fd7e27e0bebb7ab,MIST.png
Sienna (ERC20),wSIENNA,ETH,0x9b00e6E8D787b13756eb919786c9745054DB64f9,wSIENNA.png
Lion Token,LION,ETH,0xc8ff6772f605a139c40b32d5d87d54994c705c6b,LION.png
Olympus v1,OHM,ETH,0x383518188c0c6d7730d91b2c03a03c837814a899,OHM.png
Trace Network Labs,TRACE,ETH,0x9F7fC686CfD64aA5Ae15b351d03071e91533094b,TRACE.png
Metavisa Protocol,MESA,ETH,0x5AFFF9876C1F98b7d2b53bCB69EB57e92408319F,MESA.png
DigiHealth,DGH,ETH,0xfd2cf2202f049064865Dc32c6CF81eeB34074b39,DGH.png
Magic Internet Cash,MIC,ETH,0x285db79fa7e0e89e822786f48a7c98c6c1dc1c7d,MIC.png
Convertible JPY Token,CJPY,ETH,0x1cfa5641c01406ab8ac350ded7d735ec41298372,CJPY.png
MetaZero,MZERO,ETH,0x328a268b191ef593b72498a9e8a481c086eb21be,MZERO.png
KAIJUNO8,KAIJU,ETH,0x4fE8d4775b7cB2546b9eE86182081CDF8f77B053,KAIJU.png
Vuzz AI,VUZZ,ETH,0xE469699F617bfd0FBfFcd575970d34c2CeCfFA9f,VUZZ.png
Big Mike,BIGMIKE,ETH,0x1929761e87667283f087ea9ab8370c174681b4e9,BIGMIKE.png
TrumpChain,DJT,ETH,0x968496Dd59EFc1Caa11e94FDA99eA67Db7be5cd9,DJT.png
Len Sassaman (Ethereum),LEN,ETH,0xd0b0e54ebe7f450be3f1b438e45b95d0ec6f9bd7,LEN.png
XPAY,XPAY,ETH,0xd160fdad4b3cf8ff6ec5e1ec3343c6d21df19bc0,XPAY.png
47th President of the United States,TRUMP47,ETH,0x535887989b9edffb63b1fd5c6b99a4d45443b49a,TRUMP47.png
BALTO,BALTO,ETH,0xc77336FdD91e22c737B0f5EC33f4c429Caa1D13b,BALTO.png
Zeusshield,ZSC,ETH,0x7A41e0517a5ecA4FdbC7FbebA4D4c47B9fF6DC63,ZSC.png
UNION Protocol Governance Token,UNN,ETH,0x226f7b842e0f0120b7e194d05432b3fd14773a9d,UNN.png
SX Network,SX,ETH,0xbe9f61555f50dd6167f2772e9cf7519790d96624,SX.png
EthicHub,ETHIX,ETH,0xfd09911130e6930bf87f2b0554c44f400bd80d3e,ETHIX.png
SafeStake,DVT,ETH,0x29FA1fee0F4F0Ab0e36eF7Ab8d7a35439eC6be75,DVT.png
MELD,MELD,ETH,0x333000333b26ee30214b4af6419d9ab07a450400,MELD.png
Ethereans,OS,ETH,0x6100dd79fcaa88420750dcee3f735d168abcb771,OS.png
BlueSparrow Token,BlueSparrow,ETH,0x24ccedebf841544c9e6a62af4e8c2fa6e5a46fde,BlueSparrow.png
CryptoAI,CAI,ETH,0XF36C5F04127F7470834ED6F98BDDC1BE62ABA48D,CAI.png
BabyPepe,BABYPEPE,ETH,0x5c559f3ee9a81da83e069c0093471cb05d84052a,BABYPEPE.png
AIDOGE,AI,ETH,0xe1283567345349942acdfad3692924a1b16cf3cc,AI.png
Next Gem AI,GEMAI,ETH,0xFBE44caE91d7Df8382208fCdc1fE80E40FBc7e9a,GEMAI.png
Kermit (ETH),KERMIT,ETH,0x9909e6b9B8c05636617763E5bB78c75E0EC45A85,KERMIT.png
Bork,BORK,ETH,0x8808434a831eFea81170A56a9ddc57Cc9E6De1d8,BORK.png
Wolf Skull,SKULL,ETH,0x70eF0Df8B656403fc8c632C52661f19fc9934471,SKULL.png
Shiba $Wing,WING,ETH,0xc47db7535B063a494F3619317b7633041737C8e9,WING.png
Graphite Network,@G,ETH,0x440017A1b021006d556d7fc06A54c32E42Eb745B,@G.png
Gems,GEM,ETH,0xc7bba5b765581efb2cdd2679db5bea9ee79b201f,GEM.png
Torex,TOR,ETH,0x9ea20fbfaa44efbc60c6728fcdba17f01b7e04fe,TOR.png
PayAccept,PAYT,ETH,0x8EF47555856f6Ce2E0cd7C36AeF4FAb317d2e2E2,PAYT.png
One Share,ONS,ETH,0x5BB29c33C4A3C29f56F8ACa40B4dB91d8a5fe2c5,ONS.png
WallStreetBets DApp,WSB,ETH,0xe1590A6FA0CFf9C960181cb77d8a873601772f64,WSB.png
Bit2Me,B2M,ETH,0xd7c302fc3ac829c7e896a32c4bd126f3e8bd0a1f,B2M.png
CLever Token,CLEV,ETH,0x72953a5c32413614d24c29c84a66ae4b59581bbf,CLEV.png
GenieCoin,GNC,ETH,0x677fE4bd9EE5A3E36d3662505977Cc387CEe7b1A,GNC.png
OSEAN,OSEAN,ETH,0x50d5118Fb90D572B9d42ba65E0addC4900867809,OSEAN.png
Gec,GEC,ETH,0x3001f57F8308b189EB412a64322Aad5eF9951290,GEC.png
Oasis,OASIS,ETH,0xa74a05B17d72E9B0781d973e7963dfAACd266B94,OASIS.png
DOGITA,DOGA,ETH,0x488542C2320F20D65405a1C03DA769Bc124F9A28,DOGA.png
Koi Finance,KOI,ETH,0x9D14BcE1dADdf408d77295BB1be9b343814f44DE,KOI.png
Book of Pepe,BOPE,ETH,0x599955aa9fbc197a1b717d8da6a7012cafe70ab3,BOPE.png
Cryptify,CRYPT,ETH,0x5F8b6827Ec4C0De4787E19C30D9EDA1e264a7858,CRYPT.png
Goompy by Matt Furie,GOOMPY,ETH,0x42069f39C71816Cea208451598425b492Dd2B380,GOOMPY.png
Leia Games,LEIA,ETH,0x9F24818c84B357Ee05CFB2F2c1537C73c7Cb1502,LEIA.png
MyBit,MYB,ETH,0x5d60d8d7ef6d37e16ebabc324de3be57f135e0bc,MYB.png
KStarCoin,KSC,ETH,0x990e081a7b7d3ccba26a2f49746a68cc4ff73280,KSC.png
iDypius,IDYP,ETH,0xbd100d061e120b2c67a24453cf6368e63f1be056,IDYP.png
Bankera V2,BNK,ETH,0x7707aada3ce7722ac63b91727daf1999849f6835,BNK.png
SHIB2,SHIB2,ETH,0x2dE7B02Ae3b1f11d51Ca7b2495e9094874A064c0,SHIB2.png
LiquidLayer,LILA,ETH,0x96aDD417293a49E80f024734e96CFd8b355bCc14,LILA.png
OrdBridge,BRGE,ETH,0x6602E9319f2c5eC0Ba31ffcdc4301d7Ef03b709E,BRGE.png
Decentralized Cloud Infrastructure,DCI,ETH,0xC6221AC4E99066ea5443ACd67D6108F874E2533D,DCI.png
NFMart,NFM,ETH,0x9DF03fBa103491fFFDE4FBC5FEa15efaa43C67a5,NFM.png
jeffry,JEFFRY,ETH,0x073A3B3E890A3aAEb061E50e92fFFDd31197870b,JEFFRY.png
Playable Coin,PC,ETH,0x30303101104100c397c069e0642acac518420205,PC.png
ELON TRUMP,ELONTRUMP,ETH,0x0255D663191e4D9bcD77ddeeab63F3Dd4dc5DD96,ELONTRUMP.png
FintruX Network,FTX,ETH,0xd559f20296FF4895da39b5bd9ADd54b442596a61,FTX.png
Bitpanda Ecosystem Token,BEST,ETH,0x1b073382e63411e3bcffe90ac1b9a43fefa1ec6f,BEST.png
Sashimi,SASHIMI,ETH,0xC28E27870558cF22ADD83540d2126da2e4b464c2,SASHIMI.png
NFTLaunch,NFTL,ETH,0xe7F72Bc0252cA7B16dBb72eEee1AfcDb2429F2DD,NFTL.png
Mononoke Inu,Mononoke-Inu,ETH,0x4da08a1bff50be96bded5c7019227164b49c2bfc,Mononoke-Inu.png
STOA Network,STA,ETH,0x06874f973dc3c96dc22a10ef0d0609f877f335ea,STA.png
Kanagawa Nami,OKINAMI,ETH,0x1c4853ec0d55e420002c5efabc7ed8e0ba7a4121,OKINAMI.png
Koyo,KOY,ETH,0x198065e69a86cb8a9154b333aad8efe7a3c256f8,KOY.png
GROK 2.0,GROK2.0,ETH,0x87D907568A0761Ea45D2917E324557920668f224,GROK2.0.png
Catboy,CATBOY,ETH,0x0DceE5F694E492F0DD842a7FBE5BEd4C6E4665a6,CATBOY.png
XV,XV,ETH,0x34dce75a3d1910cc9d188aa5a75fb9addcae0fcc,XV.png
TRESTLE,TRESTLE,ETH,0xde8cd13b812bcd82218754a740b27e76ec1e86ad,TRESTLE.png
Rizz,RIZZ,ETH,0x582dD5e7C8AF79d45a96dE4af5D1152a061aBb50,RIZZ.png
Ethereum Unicorn,UNICORN,ETH,0xcc524200264499d2434e071798a37e846cdd8d01,UNICORN.png
POPO,POPO,ETH,0x69D0981FADffD225B93936d7436A412fA9821652,POPO.png
KanzzAI,KAAI,ETH,0xa7d48da33cF6AC74Ed2Ba71b7E33005DC51ADbB7,KAAI.png
DOGEIUS,DOGEIUS,ETH,0x1a861c93113eF3c8DD808B2EEb1C2EE68BD27E20,DOGEIUS.png
Yoshi.exchange,YOSHI,ETH,0x4374F26F0148a6331905eDf4cD33B89d8Eed78d1,YOSHI.png
MetaDoge,METADOGE,ETH,0x8530b66ca3ddf50e0447eae8ad7ea7d5e62762ed,METADOGE.png
99Starz,STZ,ETH,0x3f5294df68f871241c4b18fcf78ebd8ac18ab654,STZ.png
Woozoo Music,WZM,ETH,0xD15A1A2A3211b58113e45809f05934252E34e2F8,WZM.png
Summer,SUMMER,ETH,0x4d4f3715050571a447fffa2cd4cf091c7014ca5c,SUMMER.png
Neton,NTO,ETH,0xb668473944d2e25b6af6d46917eb0233dbac53ae,NTO.png
HistoryDAO,HAO,ETH,0x3c4008eca800ec1283e4cf500e68d06bfabc00a8,HAO.png
CrowdSwap,CROWD,ETH,0xeDCC68Cc8b6Ec3eDE0979f8A52835b238A272027,CROWD.png
Shanghai Inu,SHANG,ETH,0xee772cec929d8430b4fa7a01cd7fbd159a68aa83,SHANG.png
Floor Cheese Burger,FLRBRG,ETH,0x9138c8779a0ac8a84d69617d5715bd8afa23c650,FLRBRG.png
SOLAV TOKEN,SOLAV,ETH,0xFC5E4ED56153b57AA8Ef769EbA3E79e58e19Be93,SOLAV.png
RebelSatoshi,RBLZ,ETH,0xDC75176f4DBa6822C5d841AF2947D0064Ca8c1B3,RBLZ.png
Fox,FOX,ETH,0x62e3b3c557c792c4a70765b3cdb5b56b1879f82d,FOX.png
Goatseus Maximus (goatseusmaximuseth.lol),GOAT,ETH,0x5200b34e6a519f289f5258de4554ebd3db12e822,GOAT.png
EurocoinToken,ECTE,ETH,0xe9fa21e671bcfb04e6868784b89c19d5aa2424ea,ECTE.png
Chain Games,CHAIN,ETH,0xC4C2614E694cF534D407Ee49F8E44D125E4681c4,CHAIN.png
WELD,WELD,ETH,0xdd2a36ae937bc134ea694d77fc7e2e36f5d86de0,WELD.png
HZM Coin,HZM,ETH,0x069f967be0ca21c7d793d8c343f71e597d9a49b3,HZM.png
DAOSquare,RICE,ETH,0xbd9908b0cdd50386f92efcc8e1d71766c2782df0,RICE.png
TRYC,TRYC,ETH,0x0000000005c6b7c1fd10915a05f034f90d524d6e,TRYC.png
Mean DAO,MEAN,ETH,0x9b25889c493ae6df34ceef1ecb10d77c1ba73318,MEAN.png
Icosa,ICSA,ETH,0xfc4913214444af5c715cc9f7b52655e788a569ed,ICSA.png
GBURN,GBURN,ETH,0x4eea762311be76f9071aa01058c047ad12a017a1,GBURN.png
Kreaitor,KAI,ETH,0xd8695414822e25ab796c1d360914ddf510a01138,KAI.png
Xeno,XENO,ETH,0x451fd37983d494bce294295f78a426832376b7df,XENO.png
Challenge,CT,ETH,0x2ac29781547EB7501d3CfD9733ce11e38dF5463A,CT.png
Pongo,PONGO,ETH,0x7C68e725b0B2FfCBa8947FdEd4198C3d1Db041E6,PONGO.png
TSLA6900,TSLA,ETH,0xa3bc09171c009f05df7f0b8aaa818ee42d8a91bc,TSLA.png
Homestar Runner,RUNNER,ETH,0x6fD46112C8ec76e7940dBfdC150774EE6EFf27B2,RUNNER.png
Tokenomy,TEN,ETH,0xdd16ec0f66e54d453e6756713e533355989040e4,TEN.png
Zippie,ZIPT,ETH,0xedd7c94fd7b4971b916d15067bc454b9e1bad980,ZIPT.png
MONNOS,MNS,ETH,0x53884b61963351C283118a8E1Fc05BA464a11959,MNS.png
GGDApp,GGTK,ETH,0xfa99a87b14b02e2240c79240c5a20f945ca5ef76,GGTK.png
handleFOREX,FOREX,ETH,0xdb298285fe4c5410b05390ca80e8fbe9de1f259b,FOREX.png
Stronger,STRNGR,ETH,0xdc0327d50e6c73db2f8117760592c8bbf1cdcf38,STRNGR.png
Zeniq,ZENIQ,ETH,0x5b52bfb8062ce664d74bbcd4cd6dc7df53fd7233,ZENIQ.png
Tuzki,TUZKI,ETH,0x6D68015171EAa7af9a5a0a103664CF1e506Ff699,TUZKI.png
Peepo,PEPO,ETH,0xD1B89856D82F978D049116eBA8b7F9Df2f342fF3,PEPO.png
Chinese Andy,ANDWU,ETH,0x2E2e7a1F05946ecB2b43B99e3Fc2984Fa7d7e3Bc,ANDWU.png
Metaverse Convergence,META,ETH,0xe54613083F60BBabde389320074953053562c685,META.png
Department Of Government Efficiency (doge.ong),DOGE,ETH,0xD09e5d8607f2541E13c3F014C360f0EE2A25Eb80,DOGE.png
OddsNotify,ODDS],ETH,0x81De7654a08B0A37D136EB6e31a54543cDAbEb15,ODDS].png
Exohood,EXO,ETH,0xbd8005612124DC30601E22D8B5d188A89767c640,EXO.png
Kounotori,KTO,ETH,0x616ef40d55c0d2c506f4d6873bda8090b79bf8fc,KTO.png
Tr3zor,TR3,ETH,0xF61BF4d1A948487d61b8fa63808AAC06bda55F98,TR3.png
Spring,SPRING,ETH,0xf04aF3f4E4929F7CD25A751E6149A3318373d4FE,SPRING.png
Galvan,IZE,ETH,0xf7e945FcE8F19302AaCc7E1418b0A0bdef89327B,IZE.png
Pokemon,POKEMON,ETH,0x15A5343E60afFB7F711e5eD4d24c714E62a30ff6,POKEMON.png
Shiba 2.0,Shiba 2.0,ETH,0xBE77212A6c7f55567470c2C95AFf7B0B0E0C3Ef5,Shiba 2.0.png
Shiba 3.0,SHIBA 3.0,ETH,0xbc5311653dbbd1ecaff00fdb5985449cbfd77c98,SHIBA 3.0.png
Simpson Harris,KAMA,ETH,0xa2b904BeE594ee6e573E358f9c58bcCe9F0492c1,KAMA.png
Kamala Harris (kamalaharristoken.xyz),HARRIS,ETH,0x155788dd4b3ccd955a5b2d461c7d6504f83f71fa,HARRIS.png
Freakoff,FREAK,ETH,0xcB43C88c980fF3A2C3f45f125d9886E7aabCD017,FREAK.png
Cindicator,CND,ETH,0xd4c435f5b09f855c3317c8524cb1f586e42795fa,CND.png
delta.theta,DLTA,ETH,0x0000000de40dfa9b17854cbc7869d80f9f98d823,DLTA.png
New World Order,STATE,ETH,0x00c2999c8b2adf4abc835cc63209533973718eb1,STATE.png
Beauty Bakery Linked Operation Transaction Technology,LOTT,ETH,0xba93ef534094f8b7001ece2691168140965341ab,LOTT.png
Pine,PINE,ETH,0x569424c5EE13884A193773fDC5d1c5f79C443a51,PINE.png
Trump Doge,TRUMPDOGE,ETH,0x1D313B4D29B0E6F1A9Bdfcd289B41419d14541A2,TRUMPDOGE.png
QuantaAI,QAI,ETH,0x123FB3DFa7D082291d822ceEdaAbe3aa0c3f7758,QAI.png
UNIVERSAL CASH,UCASH,ETH,0x92e52a1a235d9a103d970901066ce910aacefd37,UCASH.png
Skrumble Network,SKM,ETH,0x048fe49be32adfc9ed68c37d32b5ec9df17b3603,SKM.png
K-Tune,KTT,ETH,0x14cc8dfaf2258e1b8b2869300dba1b734dc0fe43,KTT.png
BNSD Finance,BNSD,ETH,0x668DbF100635f593A3847c0bDaF21f0a09380188,BNSD.png
eBlockStock,EBSO,ETH,0x866f8a50a64e68ca66e97e032c5da99538b3f942,EBSO.png
Hanu Yokia,HANU,ETH,0x72e5390edb7727e3d4e3436451dadaff675dbcc0,HANU.png
Waste Digital Coin,WACO,ETH,0x910c4da718caf4ee38ce5c2490cddaeca689204e,WACO.png
KnoxDAO,KNOX,ETH,0xe93a27d4ed64f44a2b356d78c06115e5c9d97da0,KNOX.png
Smol Su,SU,ETH,0x064797Ac7f833D01FaeeAe0E69F3aF5a52a91fC8,SU.png
dogwifsaudihat,WIFSA,ETH,0x6630E3a2eC1e7e0A2F9F1d2289A9A89B0551683A,WIFSA.png
Spectra Chain,SPCT,ETH,0x02020595E6a34a03a8E9c1f5624b1b7713810083,SPCT.png
LANDWOLF,LANDWOLF,ETH,0x02EeDc3D0cB09E0450C9ed2917005e9bd22Cf763,LANDWOLF.png
HealthSci.AI,HSAI,ETH,0xaa3ACc21D184cEF6F7fC3385FBdB79575231aFbA,HSAI.png
Talentum,TAL,ETH,0xEe4F0B60b9c0E1B0Ae33083dAFc8a5CF0f5A015B,TAL.png
BitBonk,BBONK,ETH,0xbbBBBBe1da5EAB142B32f8887EE8d3872D847c20,BBONK.png
Goatseus Maximus (ETH),GOAT,ETH,0x847f6695874fe9d2abB6fE8Bf56D809BBF1e83DA,GOAT.png
BlockCDN,BCDN,ETH,0x1e797Ce986C3CFF4472F7D38d5C4aba55DfEFE40,BCDN.png
Skillchain,SKI,ETH,0x996dc5dfc819408dd98cd92c9a76f64b0738dc3d,SKI.png
BaconDAO,BACON,ETH,0x34f797e7190c131cf630524655a618b5bd8738e7,BACON.png
Binance Smart Chain Girl,BSCGIRL,ETH,0x4E9A46EA6A22f3894aBEE2302Ad42fd3b69E21E2,BSCGIRL.png
Quidd,QUIDD,ETH,0xDA9FDAb21bC4A5811134A6E0Ba6CA06624e67c07,QUIDD.png
XREATORS,ORT,ETH,0x5c59a5B139B0538CB106D775a022caD98Dd14b5a,ORT.png
WATTTON,WATT,ETH,0xe67f943af5eb6051ef56f05979cc30b732717fa6,WATT.png
Offshift [New],XFT,ETH,0x76bc677d444f1e9d57daf5187ee2b7dc852745ae,XFT.png
Landwolf (ETH),WOLF,ETH,0xf6afc05fccea5a53f22a3e39ffee861e016bd9a0,WOLF.png
SOAI,SOAI,ETH,0xe8196181c5fe192b83c5ca34be910d93d691d935,SOAI.png
Ishi,ISHI,ETH,0x85e0b9d3e7e4dba7e59090c533906d0e9211d8b6,ISHI.png
PETE,PETE,ETH,0x34ac7e32ff0e580893aeb0743a1e798baa52d469,PETE.png
Hawk Tuah (overhere.tech),HAWK,ETH,0x05a89897A9d7F8A8C1f321e61e97ce239500fa70,HAWK.png
ETH Snek,SNEK,ETH,0x2025b2f4c7abe6dcb3843c62c32dfa14990a6269,SNEK.png
Moeda Loyalty Points,MDA,ETH,0x51db5ad35c671a87207d88fc11d593ac0c8415bd,MDA.png
HashCoin,HSC,ETH,0x2bba3cf6de6058cc1b4457ce00deb359e2703d7f,HSC.png
Homeros,HMR,ETH,0xB1A30851E3f7d841b231B086479608e17198363A,HMR.png
Zugacoin,SZCB,ETH,0xf5832512CFDa8083E5b2dd0aA7C1B9265c03BA1F,SZCB.png
GogolCoin,GOL,ETH,0x083d41d6dd21ee938f0c055ca4fb12268df0efac,GOL.png
X Protocol,POT,ETH,0x049b98b31ef7d6448519f3642aad92ab5b8ada52,POT.png
NFTY Token,NFTY,ETH,0xE1D7C7a4596B038CEd2A84bF65B8647271C53208,NFTY.png
Crypto Global United,CGU,ETH,0x849a226f327b89e3133d9930d927f9eb9346f8c9,CGU.png
LIT,LIT,ETH,0xC5b3D3231001a776123194Cf1290068e8b0C783b,LIT.png
CODEX,CODEX,ETH,0xfd26e39807772251c3bb90fb1fcd9ce5b80c5c24,CODEX.png
StorageChain,WSTOR,ETH,0x346B46280f559DEF274f80c5d16471b4b7EF2f14,WSTOR.png
Vatra INU,VATR,ETH,0x3d234A9d23F01c5556AD3dfA88F470f8982ab1b4,VATR.png
Kennedy Coin,BOBBY,ETH,0xa462bde22d98335e18a21555b6752db93a937cff,BOBBY.png
Chasm,CAI,ETH,0x19247618d79e3fc4d4866169789e4b8eedef52e6,CAI.png
Raiden Network Token,RDN,ETH,0x255aa6df07540cb5d3d297f0d0d4d84cb52bc8e6,RDN.png
MMAON,MMAON,ETH,0x8315472bae77f9a2b856a67eb0796480aafcd51c,MMAON.png
Smart Reward Token,SRT,ETH,0x22987407fd1fc5a971e3fda3b3e74c88666cda91,SRT.png
GigaSwap,GIGA,ETH,0x83249c6794bca5a77eb8c0af9f1a86e055459cea,GIGA.png
ELF Wallet,ELF,ETH,0x831be1970511c069ddedc452ffbbee55eeb70170,ELF.png
Bobo,BOBO,ETH,0x5888641e3e6cBeA6D84Ba81EDb217bD691d3bE38,BOBO.png
Capybara,CAPY,ETH,0xf03d5fc6e08de6ad886fca34abf9a59ef633b78a,CAPY.png
Baby Shiba Inu,BABYSHIB,ETH,0x00000000051b48047be6dc0ada6de5c3de86a588,BABYSHIB.png
SPYRO,SPYRO,ETH,0x6d7497751656618fc38cfb5478994a20f7e235df,SPYRO.png
Fort Block Games,FBG,ETH,0xeb935deb517e4c2abc282e5e251ed4d05db79e93,FBG.png
Molly,MOLLY,ETH,0xbDbE9F26918918Bd3F43a0219d54e5fDA9ce1BB3,MOLLY.png
Ponzio The Cat,PONZIO,ETH,0x873259322BE8e50d80A4b868D186Cc5aB148543A,PONZIO.png
Baby Neiro (ERC20),BABYNEIRO,ETH,0x7a2db92624fc80116cc209c9662ee2baa8adbeb1,BABYNEIRO.png
Pochita (pochita-eth),POCHITA,ETH,0x4e6221c07dae8d3460a46fa01779cf17fdd72ad8,POCHITA.png
Strategic Hub for Innovation in Blockchain,SHIB,ETH,0xF4b7B9ab55A2eeb3bD6123B8f45B0abfFd5089c7,SHIB.png
Tether CNHt,CNHt,ETH,0x6e109e9dd7fa1a58bc3eff667e8e41fc3cc07aef,CNHt.png
Fisco Coin,FSCC,ETH,0x0789dbAE94fb18e5789B8e4489BCB7A1ADB58622,FSCC.png
Zeedex,ZDEX,ETH,0x5150956E082C748Ca837a5dFa0a7C10CA4697f9c,ZDEX.png
Gera Coin,GERA,ETH,0x80d4f13acc30968fd6225b1ea79f5779f09fee60,GERA.png
LinkPool,LPL,ETH,0x99295f1141d58a99e939f7be6bbe734916a875b8,LPL.png
Phuture,PHTR,ETH,0xe1fc4455f62a6e89476f1072530c20cf1a0622da,PHTR.png
Pollchain,POLL,ETH,0x4b0f027d0b694aae2761ed2d426295d4f949f5d0,POLL.png
Materium,MTRM,ETH,0xcd17fa52528f37facb3028688e62ec82d9417581,MTRM.png
Elon Musk,MUSK,ETH,0x7bdf3ff2513a4f467bc25b7fd4b8404ad8126cb3,MUSK.png
Derp Coin,DERP,ETH,0x878fCC2bdccCFf8c56812607b9a58F29b274C4f0,DERP.png
NYAN Meme Coin,NYAN,ETH,0x0ebE30595a44E5288C24161dDfC1E9fa08E33a0C,NYAN.png
Crypto Rangers,CR,ETH,0x029b03ac808bc8bcbc706ccd1f82d45fb9182c3b,CR.png
Satoshi Stablecoin,SATS,ETH,0x9d36f8f62347538440a212e9162f534f797542df,SATS.png
BloomBeans,BLOOM,ETH,0x6c4a8973e6633da2da7187669479c27830c7b1c4,BLOOM.png
Smidge,SMIDGE,ETH,0x694209b7612a6219eac9446d5718fe23599a991b,SMIDGE.png
Duet Protocol,DUET,ETH,0xE8521b61f64Fc45A0bC3db36D2A524fe61a69b52,DUET.png
Sekuritance,SKRT,ETH,0x887168120cb89fb06f3e74dc4af20d67df0977f6,SKRT.png
Million,MM,ETH,0x6b4c7a5e3f0b99fcd83e9c089bddd6c7fce5c611,MM.png
Marvin Inu,MARVIN,ETH,0x55a380d134d722006a5ce2d510562e1239d225b1,MARVIN.png
Hedron,HDRN,ETH,0x3819f64f282bf135d62168c1e513280daf905e06,HDRN.png
Childhoods End,O,ETH,0xb53ecf1345cabee6ea1a65100ebb153cebcac40f,O.png
KEVIN,KEVIN,ETH,0x31555696dD1242B2AB67B9a53b6465c814502F2C,KEVIN.png
MeromAI,AIMR,ETH,0xcfd16933Cb1579eee9fe6031686534e87353B148,AIMR.png
Mogutou,MOGU,ETH,0x3256CaDE5f8Cb1256AC2bd1E2D854Dec6d667bdF,MOGU.png
Auction Light,ACL,ETH,0x15c12530382e8653904e81b8aad7ffdef55b0256,ACL.png
Euruka Tech,ERC AI,ETH,0x5E3D723c0CB363127D4a6ab5D43d504A17a5c05D,ERC AI.png
Electrify.Asia,ELEC,ETH,0xd49ff13661451313ca1553fd6954bd1d9b6e02b9,ELEC.png
PROXI,CREDIT,ETH,0xc4cb5793bd58bad06bf51fb37717b86b02cbe8a4,CREDIT.png
Digex,DIGEX,ETH,0x763F8B4fB067190e739Ed6ACB12F40f2F3890840,DIGEX.png
GYSR,GYSR,ETH,0xbea98c05eeae2f3bc8c3565db7551eb738c8ccab,GYSR.png
Ryoshis Vision,RYOSHI,ETH,0x777E2ae845272a2F540ebf6a3D03734A5a8f618e,RYOSHI.png
Theos,THEOS,ETH,0x9e10f61749c4952c320412a6b26901605ff6da1d,THEOS.png
Merchant Token,MTO,ETH,0xe66b3aa360bb78468c00bebe163630269db3324f,MTO.png
LakeViewMeta,LVM,ETH,0x5bb15141bb6def6d2bafeed8ff84bf889c0c573b,LVM.png
Bull Market,BULL,ETH,0x9Be776559fED779cAbd67042a7B8987AAe592541,BULL.png
Bogdanoff,BOG,ETH,0x0BA74fb26Ca523f2dc22fa4318581CC2452eAbA1,BOG.png
Dejitaru Hoshi,HOSHI,ETH,0x5362ca75aa3c0e714bc628296640c43dc5cb9ed6,HOSHI.png
Hokkaidu Inu,HOKK,ETH,0xC40AF1E4fEcFA05Ce6BAb79DcD8B373d2E436c4E,HOKK.png
WIF on ETH,WIF,ETH,0x886c869cDc619214138C87f1DB0ADa522b16Dfa3,WIF.png
American Shib,SHIBA,ETH,0xeb15a54e462e1ec239c09f1e6aa322b45c8da225,SHIBA.png
FIGHT FOR THE PEOPLE,FFTP,ETH,0x02e79d42C3297Cd4154A1b52B4a3b27Cd75762F1,FFTP.png
DARK MAGA (darkmagacoin.com),DMAGA,ETH,0x5640E0560e6AfD6A9f4dDb41230D0201d181FEA7,DMAGA.png
Simian AI,SIMAI,ETH,0x90f29ccD18c9181A9243EfF8f7546eef4b64994c,SIMAI.png
Matt Furie's Metaverse,MFM,ETH,0x358C0fCdDDE4722342D0226E0c67d34a1FAFBB83,MFM.png
Punk Vault (NFTX),PUNK,ETH,0x269616D549D7e8Eaa82DFb17028d0B212D11232A,PUNK.png
Open Rights Exchange,ORE,ETH,0x4f640F2529ee0cF119A2881485845FA8e61A782A,ORE.png
Wonderful Memories,WMEMO,ETH,0x3b79a28264fC52c7b4CEA90558AA0B162f7Faf57,WMEMO.png
EdgeSwap,EGS,ETH,0xb009bfaaf85e53f55d8657781eb69feaaed83672,EGS.png
Autumn,AUTUMN,ETH,0x4c3bae16c79c30eeb1004fb03c878d89695e3a99,AUTUMN.png
MuratiAI,MURATIAI,ETH,0x69C2fcAe7e30b429166BD616A322e32BeC036bCf,MURATIAI.png
ZKGPT,ZKGPT,ETH,0x733Fd1B5Aa477d55070546922Ba1Bd3751C167C7,ZKGPT.png
Wagerr,WGR,ETH,0xc237868a9c5729bdf3173dddacaa336a0a5bb6e0,WGR.png
Auctus,AUC,ETH,0xc12d099be31567add4e4e4d0d45691c3f58f5663,AUC.png
LemoChain,LEMO,ETH,0x60c24407d01782c2175d32fe7c8921ed732371d1,LEMO.png
NewYork Exchange,NYE,ETH,0x6f5e77cea0abdda40013a8ef53639c96972fb745,NYE.png
Sheesha Finance [ERC20],SHEESHA,ETH,0x232FB065D9d24c34708eeDbF03724f2e95ABE768,SHEESHA.png
SpaceY,SPAY,ETH,0x58FaD9E3C3AE54c9BA98c3f0E4bF88aB3E8Cf3c5,SPAY.png
BitBase Token,BTBS,ETH,0x32E6C34Cd57087aBBD59B5A4AECC4cB495924356,BTBS.png
Good Gensler,GENSLR,ETH,0xAd1A5B8538a866eCD56dDd328b50ed57cEd5D936,GENSLR.png
Psyop,PSYOP,ETH,0x3007083eaa95497cd6b2b809fb97b6a30bdf53d3,PSYOP.png
Fofar (fofar0x71.com),FOFAR,ETH,0x716BB5E0839451068885250442A5B8377F582933,FOFAR.png
FUKU (fukucoin.io),FUKU,ETH,0x6a159543abfc7baf816fdbc99efd48e4ee7acc63,FUKU.png
Sprout,SPROUT,ETH,0x3aa13ad596984e1aFEEc7701cb5292074a499B53,SPROUT.png
FansTime,FTI,ETH,0x943ed852dadb5c3938ecdc6883718df8142de4c8,FTI.png
Ethereum Meta,ETHM,ETH,0x37F04733C7E1C762f0Ed86533c9052bE5822c1fd,ETHM.png
DeFiato,DFIAT,ETH,0x1045f5ccb01daea4f8eab055f5fcbb7c0e7c89f0,DFIAT.png
A2A,A2A,ETH,0x11c039f368606d91664bfd10137b00eee13cde77,A2A.png
Blind Boxes,BLES,ETH,0xe796d6ca1ceb1b022ece5296226bf784110031cd,BLES.png
Lemond,LEMD,ETH,0xf45f6c8bb3d77ea762175b8f7ca4d251941649fa,LEMD.png
reBaked,BAKED,ETH,0xa4cb0dce4849bdcad2d553e9e68644cf40e26cce,BAKED.png
Liquidus (old),LIQ,ETH,0x5f69b7ab8f7cab199a310fd5a27b43fef44ddcc0,LIQ.png
FourCoin,FOUR,ETH,0x244b797d622d4dee8b188b03546acaabd0cf91a0,FOUR.png
Global Token,GBL,ETH,0x38E3EA1f41AcceF53274f9544eD678a64C6eBd49,GBL.png
Onchain AI,OCAI,ETH,0x4309E88D1D511F3764Ee0F154cEE98d783B61f09,OCAI.png
EI Risitas,KEK,ETH,0xc0200B1c6598a996a339196259fFdC30C1f44339,KEK.png
Peezy,PEEZY,ETH,0xc9bd7011ee97a13dc07087e01499a769ab7e75b4,PEEZY.png
Kermit,KERMIT,ETH,0x2E8F3eBC2Aacc6df50823DA82FC63b253a2272D1,KERMIT.png
Joma,JOMA,ETH,0x038480645079e61b2852c04e1465da01928a6a20,JOMA.png
[Fake] (ETH - pudgypenguin.xyz),PENGU,ETH,0x3D39e1F320D0468A8BAFFe77262A3f675F5B3F63,PENGU.png
Primas,PST,ETH,0x5d4abc77b8405ad177d8ac6682d584ecbfd46cec,PST.png
ZINC,ZINC,ETH,0x4aac461c86abfa71e9d00d9a2cde8d74e4e1aeea,ZINC.png
SoPay,SOP,ETH,0x076641af1b8f06b7f8c92587156143c109002cbe,SOP.png
BlackPearl Token,BPLC,ETH,0x426fc8be95573230f6e6bc4af91873f0c67b21b4,BPLC.png
Mimir Token,MIMIR,ETH,0x71dc40668682a124231301414167e4cf7f55383c,MIMIR.png
Colizeum,ZEUM,ETH,0x436dA116249044E8B4464F0Cf21Dd93311d88190,ZEUM.png
AIBabyDoge,AIBABYDOGE,ETH,0x77E0E0c2BAEf16db6a8c137B55403FD008686bd2,AIBABYDOGE.png
GROK,GROK,ETH,0xc4D63EC16CaC683d76759fD10aCE60D08051c43b,GROK.png
Matt Furie,FURIE,ETH,0x652c0E3d583A43C6230eb2a8e9C9634e0deD7765,FURIE.png
World Liberty Financial(worldliberty.icu),WLFI,ETH,0xA6aFb62A7E2Ed8D66223493481E9FB2F64e7e850,WLFI.png
KYRA,KYRA,ETH,0x4B41A481a7A3E0396751aA49BEe970B842FdAedE,KYRA.png
Cipher Protocol,CIPHER,ETH,0xF453579d18a6F8CA07db9250e0E0100EB8CCb206,CIPHER.png
Bounty0x,BNTY,ETH,0xd2d6158683aee4cc838067727209a0aaf4359de3,BNTY.png
CoinFi,COFI,ETH,0x3136ef851592acf49ca4c825131e364170fa32b3,COFI.png
Marginswap,MFI,ETH,0xaa4e3edb11afa93c41db59842b29de64b72e355b,MFI.png
MatrixETF,MDF,ETH,0x1a57367c6194199e5d9aea1ce027431682dfb411,MDF.png
MAGA Coin,MAGA,ETH,0xc9b6A17EbB43491635F603A01f8Bb3e4B5D22228,MAGA.png
iCommunity Labs,ICOM,ETH,0xb131f337c45d386ceec234e194b2663d5c3d9dcf,ICOM.png
Dreamverse,DV,ETH,0x2a03A891ADD2dc6d0F7b94419086630ba5cB65b6,DV.png
BOB,BOB,ETH,0xB0B195aEFA3650A6908f15CdaC7D92F8a5791B0B,BOB.png
Trillant,TRI,ETH,0xcc06579a4cd31b79d5277ed637edbfeb7bb2686a,TRI.png
Future AI,FUTURE-AI,ETH,0x0FF534801E98A4976246D1f418E441783fc9aa15,FUTURE-AI.png
Marv,MARV,ETH,0x3BB1BE077f3F96722AE92ec985aB37Fd0a0c4C51,MARV.png
Trump Media,DJT,ETH,0xF5aDF74EECA8B91a4A72298Ba260b14D9B6a89cd,DJT.png
DENTNet,DENTX,ETH,0xd65981da8d0bc8ef308d81c2b4955b0781fcdbfb,DENTX.png
Big Bud,BUD,ETH,0x420b879b0d18cc182E7E82AD16a13877C3A88420,BUD.png
Bitcoin Black Credit Card,BBCC,ETH,0xbbcc7c16d56fc3b0c0a9a2ced36c74bcf73e683e,BBCC.png
Code Token,$CODE,ETH,0x283344eEA472f0fE04d6f722595A2fFFEfE1901A,$CODE.png
Chocobo,CHOCOBO,ETH,0x77139957DFc53411D68BDC6a163BEf783B9Fe200,CHOCOBO.png
Department of Government Efficiency DOGE,DGE,ETH,0x0138FC6dEc93cCE7F4d5411B179BD5d99F3B72be,DGE.png
DPRating,RATING,ETH,0xe8663a64a96169ff4d95b4299e7ae9a76b905b31,RATING.png
HedgeTrade,HEDG,ETH,0xF1290473E210b2108A85237fbCd7b6eb42Cc654F,HEDG.png
CryptoFranc,XCHF,ETH,0xb4272071ecadd69d933adcd19ca99fe80664fc08,XCHF.png
Alpaca City,ALPA,ETH,0x7cA4408137eb639570F8E647d9bD7B7E8717514A,ALPA.png
Pacific,PAF,ETH,0x6a969D379700B2E5EA4E684d273d63C1c050Ba49,PAF.png
Dogeclub,DOGC,ETH,0xda8263d8ce3f726233f8b5585bcb86a3120a58b6,DOGC.png
Bonsai3,BAI,ETH,0x31ea904A7eca45122890dEb8dA3473A2081bc9d1,BAI.png
Trump Pepe,TRUMPE,ETH,0x0FE13FfE64B28a172c58505e24c0c111d149BD47,TRUMPE.png
MELLSTROY,MELLSTROY,ETH,0xddaf27167929cd045a7d97d09a4fa1046ece3d89,MELLSTROY.png
Hemera,HEM,ETH,0xD0054b65B683Dbdd324B51F5F1F16AadEB99a74B,HEM.png
RUNEVM,RUNEVM,ETH,0x72d4BC91FbD9b257EaE62a5758288D9797c9a76a,RUNEVM.png
Cheeseball the Wizard,CHEESEBALL,ETH,0x103143acf2e717acf8f021823e86a1dbfe944fb5,CHEESEBALL.png
WAGMICOIN,WAGMI,ETH,0x5f4ab80c2c7755d565371236f090597921d18ee5,WAGMI.png
TokenClub,TCT,ETH,0x4824a7b64e3966b0133f4f4ffb1b9d6beb75fff7,TCT.png
eosDAC,EOSDAC,ETH,0x7e9e431a0b8c4d532c745b1043c7fa29a48d4fba,EOSDAC.png
sETH,SETH,ETH,0x5e74c9036fb86bd7ecdcb084a0673efc32ea31cb,SETH.png
Curio Gas Token,CGT,ETH,0x0E186357c323c806C1efdad36D217F7a54b63D18,CGT.png
VKENAF,VKNF,ETH,0xD501900646641eAf5755758E11EeAA43dF691924,VKNF.png
Popsicle Finance,ICE,ETH,0xf16e81dce15b08f326220742020379b855b87df9,ICE.png
Prostarter,PROT,ETH,0x2341dd0a96a0dab62aa1efb93d59ff7f3bdb8932,PROT.png
NFT STARS,NFTS,ETH,0x08037036451c768465369431da5c671ad9b37dbc,NFTS.png
Vent Finance,VENT,ETH,0x5f0bc16d50f72d10b719dbf6845de2e599eb5624,VENT.png
Taxa Token,TXT,ETH,0x547b2f82cecfab9c2b1d36fdda96ef9f58c63b8c,TXT.png
NightVerse Game,NVG,ETH,0x08f40811c7d6c013744166f3d4cb1a9a92d3d54e,NVG.png
Ignore Fud,4TOKEN,ETH,0x8dB4beACcd1698892821a9a0Dc367792c0cB9940,4TOKEN.png
Nova DAO,NOVA,ETH,0x82967568A57625675b260Ebab1294038C9ACcC6e,NOVA.png
Elon's Pet Fish ERIC,ERIC,ETH,0x16C22a91c705EC3C2d5945DBE2Aca37924F1D2ed,ERIC.png
Neva,NEVA,ETH,0x3aDa3BF9a5C5C59523d6193381C0d14787070e54,NEVA.png
Pendy,PENDY,ETH,0x69f137147025c63b7b523eefcc2cf587b9c19269,PENDY.png
Substratum,SUB,ETH,0x8D75959f1E61EC2571aa72798237101F084DE63a,SUB.png
Lition,LIT,ETH,0x763fa6806e1acf68130d2d0f0df754c93cc546b2,LIT.png
Tronipay,TRP,ETH,0x9b1e1fc958b83e801d1342f9f9ba7da3a55ba1ef,TRP.png
EzyStayz,EZY,ETH,0xA6D5C720a9af5A405dFB6b9F44Fc44FaB5D4A58D,EZY.png
Colibri Protocol,CLBR,ETH,0x47a60748de6dbd8dce3991adc5751ce0f32279dc,CLBR.png
Bancor Governance Token,VBNT,ETH,0x48fb253446873234f2febbf9bdeaa72d9d387f94,VBNT.png
JPY Coin v1,JPYC,ETH,0x2370f9d504c7a6e775bf6e14b3f12846b594cd53,JPYC.png
Phantom Protocol,PHM,ETH,0x3f9bec82c776c47405bcb38070d2395fd18f89d3,PHM.png
EdenLoop,ELT,ETH,0xfC1Cb4920dC1110fD61AfaB75Cf085C1f871b8C6,ELT.png
Balance AI,BAI,ETH,0x8ccd897ca6160ed76755383b201c1948394328c7,BAI.png
Non Human Intelligence,NHI,ETH,0x1bef0d587dde09d4cee9b13d4d38b5bec57a1397,NHI.png
Ken,KEN,ETH,0x7316D973b0269863BbfeD87302e11334E25eA565,KEN.png
X8X Token,X8X,ETH,0x910dfc18d6ea3d6a7124a6f8b5458f281060fa4c,X8X.png
renZEC,RENZEC,ETH,0x1c5db575e2ff833e46a2e9864c22f4b22e0b37c2,RENZEC.png
SportsIcon,ICONS,ETH,0x3F68e7B44e9bCB486C2FeAdB7A2289D9cdFC9088,ICONS.png
DRAC Network,DRAC,ETH,0xc8a34e86c187830922f841985e376f412ee0088a,DRAC.png
Wagmi Coin,WAGMI,ETH,0xef8e456967122db4c3c160314bde8d2602ad6199,WAGMI.png
CHOW CHOW,CHOW,ETH,0x3E362038fD3d08887d498944D489aF7909619a9B,CHOW.png
Medicalchain,MTN,ETH,0x41dbecc1cdc5517c6f76f6a6e836adbee2754de3,MTN.png
Dextoken,DEXG,ETH,0xb81d70802a816b5dacba06d708b5acf19dcd436d,DEXG.png
Luxurious Pro Network Token,LPNT,ETH,0x6a4c76874e686a7d080d173987a35a9c48905583,LPNT.png
Safle,SAFLE,ETH,0x3f95e5099cf3a125145212afd53039b8d8c5656e,SAFLE.png
Qawalla,QWLA,ETH,0x1D96Fd43EE07Aa79f8Fd003cbdF404fb5ce41AD2,QWLA.png
Hermes DAO,HMX,ETH,0xb012be90957d70d9a070918027655f998c123a88,HMX.png
POPO,POPO,ETH,0xfe8546f4ac4180638edbc9ef9a5820450788e2ea,POPO.png
Agnus Ai,AGN,ETH,0x550775e17ed6767621A1aEd580e6EB29EdE981E9,AGN.png
Flappy,FLAPPY,ETH,0x590246bfbf89b113d8ac36faeea12b7589f7fe5b,FLAPPY.png
Gecky,GECKY,ETH,0x694200465963898a9Fef06a5b778d9e65721685c,GECKY.png
YieldStone,YIELD,ETH,0x8c19f7854b27758ddffdcdc8908f22bf55e00736,YIELD.png
TRRUE,TRRUE,ETH,0x36E45dcfE1d3d85A78c65c3baD4068dEE4f2a25e,TRRUE.png
Aigang,AIX,ETH,0x1063ce524265d5a3a624f4914acd573dd89ce988,AIX.png
Essentia,ESS,ETH,0xfc05987bd2be489ACCF0f509E44B0145d68240f7,ESS.png
EYES Protocol,EYES,ETH,0xe42B7A17336B343569C82f682a493a837B7e0755,EYES.png
LP 3pool Curve,3CRV,ETH,0x6c3f90f043a72fa612cbac8115ee7e52bde6e490,3CRV.png
Mute,MUTE,ETH,0xa49d7499271ae71cd8ab9ac515e6694c755d400c,MUTE.png
Shih Tzu,SHIH,ETH,0x841fb148863454a3b3570f515414759be9091465,SHIH.png
Mondo Community Coin,MNDCC,ETH,0xcdb9d30a3ba48cdfcb0ecbe19317e6cf783672f1,MNDCC.png
Wakanda Inu,WKD,ETH,0x5444c30210d8a0a156178cfb8048b4137c0d40d1,WKD.png
ReSource Protocol,SOURCE,ETH,0x7118057ff0F4Fd0994fb9d2D94de8231d5cca79E,SOURCE.png
CouponBay,CUP,ETH,0x3209d14ff61766359e64aceff91877cec2ad968e,CUP.png
Aura BAL,AURABAL,ETH,0x616e8bfa43f920657b3497dbf40d6b1a02d4608d,AURABAL.png
Pre-retogeum,PRTG,ETH,0xBD04ccc050058a6A422851fA6c0F92BB65EB06ca,PRTG.png
Matching Game,MATCH,ETH,0x7f78A88d77FA03F3cE4a94b14A0e1abB5eEEEDD7,MATCH.png
Peepo,PEEPO,ETH,0xaADA04204e9e1099DaF67cf3D5D137E84E41CF41,PEEPO.png
Taproot Exchange,TAPROOT,ETH,0x07B701aC44Aacb03d8Bed42eb85Ec38210bDf513,TAPROOT.png
ZkLock,ZKLK,ETH,0x96884fcAAc082Db4B32601aDA5b177FD6cBFFA88,ZKLK.png
MollarsToken,MOLLARS,ETH,0x385d65ed9241e415cfc689c3e0bcf5ab2f0505c2,MOLLARS.png
Terminus,TERMINUS,ETH,0x44e18207b6e98f4a786957954e462ed46b8c95be,TERMINUS.png
Trump Force 47,TF47,ETH,0x281D0BBC59f96CbfaB4EbE590c05a4D06b494aD6,TF47.png
Make Ethereum Great Again,MEGA,ETH,0x67DE8414DB712c1c21F23ba611785cfCb94b8135,MEGA.png
Stox,STX,ETH,0x006BeA43Baa3f7A6f765F14f10A1a1b08334EF45,STX.png
Snetwork,SNET,ETH,0xff19138b039d938db46bdda0067dc4ba132ec71c,SNET.png
VIDY,VIDY,ETH,0xc77b230f31b517f1ef362e59c173c2be6540b5e8,VIDY.png
Voltz,VOLTZ,ETH,0x60715e436c37444e29772c0d26a98ae1e8e1a989,VOLTZ.png
FLAMA,FMA,ETH,0x0f8794f66C7170c4f9163a8498371A747114f6C4,FMA.png
Flurry Finance,FLURRY,ETH,0x60F63B76E2Fc1649E57a3489162732A90ACf59FE,FLURRY.png
Mechanium,MECHA,ETH,0xc5bcc8ba3f33ab0d64f3473e861bdc0685b19ef5,MECHA.png
Foxe,FOXE,ETH,0x378E1BE15BE6d6D1f23Cfe7090b6a77660dBF14d,FOXE.png
AI PIN,AI,ETH,0xbc544207ff1c5b2bc47a35f745010b603b97e99e,AI.png
TMNT,$TMNT,ETH,0x6F6382F241E3C6ee0e9Bee2390d91A73aDc0aFFf,$TMNT.png
BIRDDOG,BIRDDOG,ETH,0x70fd93fb088150e203d2243b9bd3190276f80c70,BIRDDOG.png
CandleAI,CNDL,ETH,0x6efb32bc7893b793603e39643d86594ce3638157,CNDL.png
FWOG (ETH),FWOG,ETH,0x7f911119435d8ded9f018194b4b6661331379a3d,FWOG.png
Donald Trump,DJT,ETH,0xc234Cb1B59d12C0C2F0e984ee9112a6311B86223,DJT.png
Smart MFG,MFG,ETH,0x6710c63432a2de02954fc0f851db07146a6c0312,MFG.png
Switch,ESH,ETH,0xd6a55c63865affd67e2fb9f284f87b7a9e5ff3bd,ESH.png
Cryptyk Token,CTK,ETH,0x42a501903afaa1086b5975773375c80e363f4063,CTK.png
Lien,LIEN,ETH,0xab37e1358b639fd877f015027bb62d3ddaa7557e,LIEN.png
EthereumMax,EMAX,ETH,0x15874d65e649880c2614e7a480cb7c9a55787ff6,EMAX.png
Mobius Finance,MOT,ETH,0x1E02cdbbA6729B6470de81Ad4D2cCA4c514521b9,MOT.png
Flux,FLX,ETH,0x3ea8ea4237344c9931214796d9417af1a1180770,FLX.png
Axl Inu,AXL,ETH,0x25b24b3c47918b7962b3e49c4f468367f73cc0e0,AXL.png
GreenTek,GTE,ETH,0x8C7e3b5e720B7a9BBCF15c38Be5B657bB2B71dBa,GTE.png
Winter,WINTER,ETH,0xccba0b2bc4babe4cbfb6bd2f1edc2a9e86b7845f,WINTER.png
The Rug Game,TRG,ETH,0x93eeb426782bd88fcd4b48d7b0368cf061044928,TRG.png
Pepe Original Version,POV,ETH,0x15a3081B541e8daD25C4A5E0C4C4B4E8d105b2E8,POV.png
Kaga No Fuuka Go Sapporo Kagasou,ESTEE,ETH,0x8bd35250918eD056304fA8641E083bE2c42308BB,ESTEE.png
Rock (rockgoup.com),ROCK,ETH,0x724Af984b63FD53fDEdb5dEd17063001e3Afc3e5,ROCK.png
Arbidex,ABX,ETH,0x9a794dc1939f1d78fa48613b89b8f9d0a20da00e,ABX.png
Naka Bodhi Token,NBOT,ETH,0x09Ccd2DA5dCDd0510268d4979e792381337138b8,NBOT.png
SmartCredit Token,SMARTCREDIT,ETH,0x72e9d9038ce484ee986fea183f8d8df93f9ada13,SMARTCREDIT.png
Mithril Share,MIS,ETH,0x4b4d2e899658fb59b1d518b68fe836b100ee8958,MIS.png
ChainPort,PORTX,ETH,0x104f3152d8ebfc3f679392977356962ff36566ac,PORTX.png
PulseBitcoin,PLSB,ETH,0x5ee84583f67d5ecea5420dbb42b462896e7f8d06,PLSB.png
Jim,JIM,ETH,0xD807f7e2818dB8edA0d28B5bE74866338eaEDB86,JIM.png
Vault Tech,VAULT,ETH,0x7F9b09f4717072CF4DC18b95D1b09E2B30C76790,VAULT.png
Kirokugo,KIRO,ETH,0xc5903ced3c193b89cbbb5a0af584494c3d5d289d,KIRO.png
Meh,MEH,ETH,0x1f38d22F4eC3479C8268C85476b9418716bdB115,MEH.png
Terra Ecosystem,TERRA,ETH,0x09f9e239801d2086b5e4a0232540faa1b3b9e1e7,TERRA.png
Xetra AI,XETRA,ETH,0x0f48E776a4D983C0dDDF4C0c946D66e3786F134f,XETRA.png
CitiOs,R2R,ETH,0x688ff43c3c19e4714f0beb76df8ee394207ab411,R2R.png
MiraQle,MQL,ETH,0x428dc22668e6f3468273634067e5545ed5417a3e,MQL.png
GoodDollar,G$,ETH,0x67C5870b4A41D4Ebef24d2456547A03F1f3e094B,G$.png
Paypolitan Token,EPAN,ETH,0x72630b1e3b42874bf335020ba0249e3e9e47bafc,EPAN.png
Arro Social,ARRO,ETH,0xE630943d2a62CfB48DBCd1be812f74f8DfA6EfF5,ARRO.png
Evanesco Network,EVA,ETH,0xd6caf5bd23cf057f5fccce295dcc50c01c198707,EVA.png
Somdejcoin,SOMDEJ,ETH,0x5a741d624214046F2820c2b6e67082c8849EBc9f,SOMDEJ.png
GNFT,GNFT,ETH,0xc502002aEB1b9309FcCb016adF50507987Fc6C2b,GNFT.png
BUILD,BUILD,ETH,0x57b59f981730c6257dF57cF6F0D98283749A9Eeb,BUILD.png
KumaDex Token,dKUMA,ETH,0x3f5dd1A1538a4F9f82E543098f01F22480B0A3a8,dKUMA.png
Laika,LAIKA,ETH,0x77f9CF0bd8C500CfFdF420e72343893aeCC2EC0b,LAIKA.png
CakeWSwap,CAKEW,ETH,0x8a521189BfEDf99b1Dc84BC21571cF8B799DbD4D,CAKEW.png
SmartMoney,SMRT,ETH,0xddcc69879e1d2376ce799051afa98c689f234cca,SMRT.png
Taylor Swift,SWIFTIES,ETH,0xe5344aa226f7bd5dad0c0b31a6426049e7adaca1,SWIFTIES.png
Chatter Shield [New],SHIELD,ETH,0x46c0f8259c4e4d50320124e52f3040cb9e4d04c7,SHIELD.png
NEVER SURRENDER,TRUMP,ETH,0x86b69f38bea3e02f68ff88534bc61ec60e772b19,TRUMP.png
Landwolf,WOLF,ETH,0x67859a9314b9dca2642023ad8231beaa6cbf1933,WOLF.png
Bellscoin ETH,BELLS,ETH,0xBa2A3Dad197D6fee75471215eFD5C30c8C854e11,BELLS.png
Bary,BARY,ETH,0x1764C07922A66cABbC79f99cE71565dDf430Bf58,BARY.png
Shiba San,SHIBADOG,ETH,0x2013C72c04D3071bE73f0af6eDC909F659656bda,SHIBADOG.png
Okcash,OK,ETH,0xd3Ac016b1B8C80EeAdDe4D186A9138C9324e4189,OK.png
The Hustle App,HUSL,ETH,0x56be94d29e1125d2d61d06629c1b251d72c1b3b3,HUSL.png
EHash,EHASH,ETH,0x2942e3b38e33123965bfbc21e802be943a76bbc6,EHASH.png
Lever Token,LEV,ETH,0xbc194e6f748a222754c3e8b9946922c09e7d4e91,LEV.png
Kitty Inu,Kitty,ETH,0x61a35258107563f6b6f102ae25490901c8760b12,Kitty.png
MAGIKAL.ai,MGKL,ETH,0x6a26ee7755d939b96cdcd8a0370630d48902fd7c,MGKL.png
unshETH Ether,UNSHETH,ETH,0x0Ae38f7E10A43B5b2fB064B42a2f4514cbA909ef,UNSHETH.png
Wolf of Wall Street,WOLF,ETH,0x8365332d4baf69bc24ca2401b90c3853ab9f818e,WOLF.png
Neuralink,NEURALINK,ETH,0x65Ee1361596439664059D1a5EF44014D08c95693,NEURALINK.png
SheiShei,SHEI,ETH,0xb9d09bc374577dac1ab853de412a903408204ea8,SHEI.png
Book Of Matt Furie,BOM,ETH,0x0C4651a40A0390C081979ce1Ffd0755558aA87D9,BOM.png
Book of Donald Trump,BOD,ETH,0x9128770751A6D810a1F63752570257a775606dE6,BOD.png
Chinese Neiro,NEINEI,ETH,0xF9F3c901ccD97e0A9456849333094e7Bf8543F58,NEINEI.png
Bismuth,BIS,ETH,0xf5cb350b40726b5bcf170d12e162b6193b291b41,BIS.png
QASH,QASH,ETH,0x618e75ac90b12c6049ba3b27f5d5f8651b0037f6,QASH.png
OST,OST,ETH,0x2c4e8f2d746113d0696ce89b35f0d8bf88e0aeca,OST.png
Remme,REM,ETH,0x83984d6142934bb535793a82adb0a46ef0f66b6d,REM.png
BitCanna,BCNA,ETH,0xeB5Bea778339e5F0C8D9419cf9891445af823A29,BCNA.png
TILWIKI,TLW,ETH,0x06f3cdabae564b0546529b4dd8fef1bcd4235753,TLW.png
Creator Platform,CTR,ETH,0x923b83c26B3809d960fF80332Ed00aA46D7Ed375,CTR.png
Mission Helios,HELIOS,ETH,0xc6d1f1d5a46de07e73091f1c8793293b203f01a1,HELIOS.png
Mineable,MNB,ETH,0x42b91f1d05afea671a2da3c780eda2abf0a2a366,MNB.png
LFG,LFG,ETH,0x40a9a694197a0b4b92f2aad48da6bc1b6ff194e9,LFG.png
Bulei,BULEI,ETH,0x069e4aa272d17d9625aa3b6f863c7ef6cfb96713,BULEI.png
ELON MARS,ELONMARS,ETH,0x47293Fe9dE5546A2D3Fc44F52a1C383075cDcd62,ELONMARS.png
Gnome Child,GNOME,ETH,0x698e222aaa7082bdaE18CB4722BC5aEbB31C2002,GNOME.png
SPINDLE,SPD,ETH,0x1dEa979ae76f26071870F824088dA78979eb91C8,SPD.png
Satopay Network,STOP,ETH,0x8c3ee4f778e282b59d42d693a97b80b1ed80f4ee,STOP.png
Cometh,MUST,ETH,0x9c78ee466d6cb57a4d01fd887d2b5dfb2d46288f,MUST.png
Potentiam,PTM,ETH,0x7c32DB0645A259FaE61353c1f891151A2e7f8c1e,PTM.png
dFund,DFND,ETH,0xd2adc1c84443ad06f0017adca346bd9b6fc52cab,DFND.png
JEFE TOKEN,JEFE,ETH,0x9fd22a17b4a96da3f83797d122172c450381fb88,JEFE.png
Redacted,BTRFLY,ETH,0xc55126051b22ebb829d00368f4b12bde432de5da,BTRFLY.png
Maxity,MAX,ETH,0x63f7b1b538a78cb699e5399621b3d2e047c40de4,MAX.png
Minebase,MBASE,ETH,0x291aa47C58558aDfc2bCD6f060578FDAE1F6570C,MBASE.png
WEN Token,WEN,ETH,0x830a8512db4F6fCA51968593E2667156C2c483A8,WEN.png
Magnum Trading,MAG,ETH,0xb9d4B6DC1e1Ee3577CC442dE015CC11F238B35ed,MAG.png
XOX Labs,XOX,ETH,0x0f5c78f152152dda52a2ea45b0a8c10733010748,XOX.png
PROPHET,PROPHT,ETH,0x0138f5e99cfdffbacf36e543800c19ef16fa294b,PROPHT.png
Scry.info,DDD,ETH,0x9F5F3CFD7a32700C93F971637407ff17b91c7342,DDD.png
Krypton Galaxy Coin,KGC,ETH,0xa8262eb913fccea4c3f77fc95b8b4043b384cfbb,KGC.png
EcoG9coin,EGC,ETH,0xc0ec8caec55f37d47fbfa595727418868a21fd48,EGC.png
One Cash,ONC,ETH,0xD90E69f67203EBE02c917B5128629E77B4cd92dc,ONC.png
pBTC35A,pBTC35A,ETH,0xA8b12Cc90AbF65191532a12bb5394A714A46d358,pBTC35A.png
Unreal Finance,UGT,ETH,0x9cf98eb8a8b28c83e8612046cf55701ce3eb0063,UGT.png
LunaChow,LUCHOW,ETH,0xa5ef74068d04ba0809b7379dd76af5ce34ab7c57,LUCHOW.png
Primate,PRIMATE,ETH,0x46e98FFE40E408bA6412bEb670507e083C8B95ff,PRIMATE.png
GMFAM,GMFAM,ETH,0xe9da5e227e3fa4fc933b5f540be021e7ecc3fd81,GMFAM.png
Volta Club,VOLTA,ETH,0x9b06F3C5de42D4623D7A2Bd940EC735103c68A76,VOLTA.png
TRUMP INU,TRUMP INU,ETH,0xd3fb8597d260efb2e693efd500d62a330a00f1eb,TRUMP INU.png
Schrodinger,SGR,ETH,0x478156DeAbfAc918369044D52A6BdB5Cc5597994,SGR.png
Frog,FROG,ETH,0x0a2c375553e6965b42c135bb8b15a8914b08de0c,FROG.png
DOGGY,DOGGY,ETH,0x09d92c109b475dd513292c76544b4e250da13faa,DOGGY.png
Yobit Token,YO,ETH,0xebf4ca5319f406602eeff68da16261f1216011b5,YO.png
Apple Network,ANK,ETH,0x3c45b24359fb0e107a4eaa56bd0f2ce66c99a0e5,ANK.png
USD Bancor,USDB,ETH,0x309627af60f0926daa6041b8279484312f2bf060,USDB.png
DexKit,KIT,ETH,0x7866e48c74cbfb8183cd1a929cd9b95a7a5cb4f4,KIT.png
MAIN,MAIN,ETH,0xfceb206e1a80527908521121358b5e26caabaa75,MAIN.png
Hoppy,HOPPY,ETH,0x8C130499D33097D4D000D3332E1672f75b431543,HOPPY.png
Creso,CRE,ETH,0x41ea5d41eeacc2d5c4072260945118a13bb7ebce,CRE.png
Apu,APU,ETH,0x0b5a91a43cb798c45fd56bfb5d41c13c42a7afa8,APU.png
DORK,DORK,ETH,0xae3359ed3c567482fb0102c584c23daa2693eacf,DORK.png
MicroPets,PETS,ETH,0x2466858ab5edAd0BB597FE9f008F568B00d25Fe3,PETS.png
Flovi inu,FLOVI,ETH,0x725024200Cd4e1f259FCF2b7153d37Fb477e139C,FLOVI.png
Dayhub,DAY,ETH,0x2282c726F54c93193E6b8E5BF1B82303DC11D36e,DAY.png
Mainstream For The Underground,MFTU,ETH,0xbA745513ACEbcBb977497C569D4F7d340f2A936B,MFTU.png
DXdao,DXD,ETH,0xa1d65e8fb6e87b60feccbc582f7f97804b725521,DXD.png
Anyswap,ANY,ETH,0xf99d58e463a2e07e5692127302c20a191861b4d6,ANY.png
Libfx,LIBFX,ETH,0xc0ea83113038987d974fe667831a36e442e661e7,LIBFX.png
WadzPay Token,WTK,ETH,0x4cff49d0a19ed6ff845a9122fa912abcfb1f68a6,WTK.png
Zipmex,ZMT,ETH,0xaa602de53347579f86b996d2add74bb6f79462b2,ZMT.png
TOZEX,TOZ,ETH,0x29239242A83479a4074Cb1c9e2A3e6705A4A4455,TOZ.png
Uhive,HVE2,ETH,0xd487892bb4c57edbe7ab401d9fe801c8fe6473f5,HVE2.png
HappyFans,HAPPY,ETH,0x3079F61704E9eFa2BcF1db412f735d8d4cFa26f4,HAPPY.png
Xave Coin,XVC,ETH,0x4fABf135bCF8111671870d4399af739683198f96,XVC.png
Liquid Staking Derivatives,LSD,ETH,0x97d4f49eeb0e2c96d5ebaa71ab8418e563ecd9fd,LSD.png
Department Of Government Efficiency (getdge.org),D.O.G.E.,ETH,0x0b6d588275bd85459Fadae832EFe860CC1F5d69E,D.O.G.E..png
Alexius Maximus,ALEXIUS,ETH,0x4CbaE0Cd9bDcC567302abC76E777b61D20F59ee2,ALEXIUS.png
Bestay,BSY,ETH,0x7a647637e75d34a7798ba06bd1adf5c084bb5dd5,BSY.png
TosDis,DIS,ETH,0x220b71671b649c03714da9c621285943f3cbcdc6,DIS.png
BambooDeFi,BAMBOO,ETH,0xf56842Af3B56Fd72d17cB103f92d027bBa912e89,BAMBOO.png
Parallel,PAR,ETH,0x68037790A0229e9Ce6EaA8A99ea92964106C4703,PAR.png
CaliCoin,CALI,ETH,0xb8fa12f8409da31a4fc43d15c4c78c33d8213b9b,CALI.png
Goldex Token,GLDX,ETH,0xC631120155621Ee625835ec810B9885cDd764cd6,GLDX.png
Umi Digital,UMI,ETH,0x61107a409fffe1965126aa456af679719695c69c,UMI.png
Sphynx Labs,SPHYNX,ETH,0x1901f826dfcbfd9d3138936932366b3493a50893,SPHYNX.png
Multi-Chain Capital (new),MCC,ETH,0xc146b7cdbaff065090077151d391f4c96aa09e0c,MCC.png
Oath,OATH,ETH,0x6F9C26Fa731C7Ea4139Fa669962Cf8F1CE6C8b0B,OATH.png
GalleryCoin,GLR,ETH,0xd54619E0b9899D74Cc9B981354Eb6b59732c43B1,GLR.png
Aidi Finance (new),AIDI,ETH,0xe3e24b4ea87935e15bbe99a24e9ace9998e4614d,AIDI.png
SANSHU!,SANSHU!,ETH,0x0026dfbd8dbb6f8d0c88303cc1b1596409fda542,SANSHU!.png
Nutcash,NCASH,ETH,0xd105c45BCC7211F847Ae73B187A41b7D8184aDE2,NCASH.png
MYSO Token,MYT,ETH,0x5fde99e121f3ac02e7d6acb081db1f89c1e93c17,MYT.png
Kekius Maximus (kekiusmaximuseth.vip),KEKIUS MAXIMUS,ETH,0xF4C1d5fA345c93b5b278E394E00898e25E3c2AD6,KEKIUS MAXIMUS.png
Polybius,PLBT,ETH,0x0affa06e7fbe5bc9a764c979aa66e8256a631f02,PLBT.png
MDsquare,TMED,ETH,0xd32641191578ea9b208125ddd4ec5e7b84fcab4c,TMED.png
BLACKHOLE PROTOCOL,BLACK,ETH,0xd714d91A169127e11D8FAb3665d72E8b7ef9Dbe2,BLACK.png
Shibaken Finance,SHIBAKEN,ETH,0xa4cf2afd3b165975afffbf7e487cdd40c894ab6b,SHIBAKEN.png
Restake Finance,RSTK,ETH,0x12eF10A4fc6e1Ea44B4ca9508760fF51c647BB71,RSTK.png
Shina Inu,SHIN,ETH,0xa0bbbe391b0d0957f1d013381b643041d2ca4022,SHIN.png
MediShares,MDS,ETH,0x66186008C1050627F979d464eABb258860563dbE,MDS.png
CNNS,CNNS,ETH,0x6c3be406174349cfa4501654313d97e6a31072e1,CNNS.png
Intexcoin,INTX,ETH,0x7533D63A2558965472398Ef473908e1320520AE2,INTX.png
Limestone Network,LIMEX,ETH,0x400b1d8a7dd8C471026B2c8CBe1062b27d120538,LIMEX.png
Crosschain IOTX,CIOTX,ETH,0x9F90B457Dea25eF802E38D470ddA7343691D8FE1,CIOTX.png
SokuSwap,SOKU,ETH,0x4c3a8eceb656ec63eae80a4ebd565e4887db6160,SOKU.png
Decentral Games Governance (xDG),xDG,ETH,0x4f81c790581b240a5c948afd173620ecc8c71c8d,xDG.png
ArbiSmart,RBIS,ETH,0xf34b1db61aca1a371fe97bad2606c9f534fb9d7d,RBIS.png
Ushi,USHI,ETH,0x6Dca182ac5E3f99985bC4Ee0f726d6472aB1ec55,USHI.png
Upload Token,UPLOAD,ETH,0xD3cC3b3e226cF187181C57F8bcC2fA84250DF651,UPLOAD.png
unshETHing_Token,USH,ETH,0xe60779cc1b2c1d0580611c526a8df0e3f870ec48,USH.png
Golden Magfi,GMFI,ETH,0xF07643d5dbfC2D9DAa080C5985E20f7D439FD926,GMFI.png
ZAI Stablecoin,ZAI,ETH,0x69000dFD5025E82f48Eb28325A2B88a241182CEd,ZAI.png
SIRIN LABS Token,SRN,ETH,0x68d57c9a1c35f63e2c83ee8e49a64e9d70528d25,SRN.png
Pundi X (Old),NPXS,ETH,0xa15c7ebe1f07caf6bff097d8a589fb8ac49ae5b3,NPXS.png
BOY X HIGHSPEED,BXH,ETH,0xEb637A9Ab6Be83c7F8c79fdAA62E1043b65534F0,BXH.png
Vendit,VNDT,ETH,0x5e9997684d061269564F94E5d11Ba6Ce6Fa9528C,VNDT.png
BetSwirl,BETS,ETH,0x94025780a1ab58868d9b2dbbb775f44b32e8e6e5,BETS.png
Open Proprietary Protocol,OPP,ETH,0xf51ccb15d3f2d304ae6c409303e8b3a3e397a80b,OPP.png
Metano,METANO,ETH,0x9D9e399e5385e2b9A58d4F775A1E16441b571afb,METANO.png
Artificial Idiot,AII,ETH,0x3c0BB14e8367c384885a97bAc6d5CcEab474ED75,AII.png
Dark Elon,DELON,ETH,0xc3dc991f2e0d39b3f3c4f8aaedb30f81207974c6,DELON.png
Amon,AMN,ETH,0x737f98ac8ca59f2c68ad658e3c3d8c8963e40a4c,AMN.png
GoldeNugget,GNTO,ETH,0x7b3296198f8a548edf89bdb16864da8f37b7d9cb,GNTO.png
POP Network Token,POP,ETH,0x5d858bcd53e085920620549214a8b27ce2f04670,POP.png
Camp,CAMP,ETH,0xE9E73E1aE76D17A16cC53E3e87a9a7dA78834d37,CAMP.png
Scaleswap,SCA,ETH,0x1FbD3dF007eB8A7477A1Eab2c63483dCc24EfFD6,SCA.png
Community Business Token,CBT,ETH,0xfA93660C3f6a848556Bb8E265f994160A1F2B289,CBT.png
Cryptomeda,TECH,ETH,0x6286a9e6f7e745a6d884561d88f94542d6715698,TECH.png
Generation,GEN,ETH,0x179b734D0291Fa9E3a4728C7c27866EE25CCC3e0,GEN.png
PLEBToken,PLEB,ETH,0xe19f85c920b572ca48942315b06d6cac86585c87,PLEB.png
VaultCraft,VCX,ETH,0xcE246eEa10988C495B4A90a905Ee9237a0f91543,VCX.png
Joe Biden,BIDEN,ETH,0xc548e90589b166E1364DE744E6d35d8748996FE8,BIDEN.png
Trump Shiba,TRUMPSHIBA,ETH,0xcb19633b629C5b7E316096FA465B4F86250DBB55,TRUMPSHIBA.png
Xank,XANK,ETH,0x0e7f79e89ba8c4a13431129fb2db0d4f444b5b9a,XANK.png
Aureus Nummus Gold,ANG,ETH,0x130914E1B240a7F4c5D460B7d3a2Fd3846b576fa,ANG.png
Minter HUB,HUB,ETH,0x8e9A29e7Ed21DB7c5B2E1cd75e676dA0236dfB45,HUB.png
SoMee.Social,SOMEE,ETH,0x65f9a292f1aeed5d755aa2fd2fb17ab2e9431447,SOMEE.png
TORG,TORG,ETH,0xcfa0885131f602d11d4da248d2c65a62063567a9,TORG.png
Matrix Labs,MATRIX,ETH,0xc8d3dcb63c38607cb0c9d3f55e8ecce628a01c36,MATRIX.png
Catena,CMCX,ETH,0x5b685863494c33f344081f75e5430c260c224a32,CMCX.png
Chat AI,AI,ETH,0xa89bf95c5f15a847c8eb8d348cd7fed719ad7d80,AI.png
SWIM - Spread Wisdom,SWIM,ETH,0xAda756a0c650eADB38f0e06FB49c8062a7B402a4,SWIM.png
PairedWorld,$PAIRED,ETH,0xa7f3508cfcf054cc9cf1440580b78784e07382db,$PAIRED.png
Trump Maga AI,TRUMPAI,ETH,0x6ea0306b6c67b011722a3ce59be630921dc34744,TRUMPAI.png
Worldcore,WRC,ETH,0x72adadb447784dd7ab1f472467750fc485e4cb2d,WRC.png
Squid Game (squid-game.cool),SQUID,ETH,0x561Cf9121E89926c27FA1cfC78dFcC4C422937a4,SQUID.png
Brainers,BRAINERS,ETH,0x5044d567F7B30891639d982A05726A6BFE8Bae6A,BRAINERS.png
Micromines,MICRO,ETH,0xbe6c8f2810ef39420d2dc2901b8414c8c45fee6d,MICRO.png
Epanus,EPS,ETH,0x50ec35d1e18d439f02fa895746fc3e1bef311780,EPS.png
Crypto Accept,ACPT,ETH,0xcAd2d4C4469fF09aB24d02A63BCeDfCD44bE0645,ACPT.png
Giftedhands [Old],GHD,ETH,0x3b544e6fcf6c8dce9d8b45a4fdf21c9b02f9fda9,GHD.png
American Shiba,USHIBA,ETH,0xb893a8049f250b57efa8c62d51527a22404d7c9a,USHIBA.png
Zoo Token,ZOOT,ETH,0x1341a2257fa7b770420ef70616f888056f90926c,ZOOT.png
CoinsPaid,CPD,ETH,0x9b31bb425d8263fa1b8b9d090b83cf0c31665355,CPD.png
WePiggy Coin,WPC,ETH,0x6F620EC89B8479e97A6985792d0c64F237566746,WPC.png
DiemLibre,DLB,ETH,0x87c22615435998d69aca34889d03155b694a94fc,DLB.png
TOR,TOR,ETH,0x6b37374fe7980ae33fc87b0d66a490ec6903e87a,TOR.png
L3USD,L3USD,ETH,0x2c2d8a078b33bf7782a16acce2c5ba6653a90d5f,L3USD.png
Tidex Token,TDX,ETH,0x317eb4ad9cfac6232f0046831322e895507bcbeb,TDX.png
DAV Coin,DAV,ETH,0xd82df0abd3f51425eb15ef7580fda55727875f14,DAV.png
Hub - Human Trust Protocol,HUB,ETH,0xba358b6f5b4c0215650444b8c30d870b55050d2d,HUB.png
CoinWind,COW,ETH,0x34965f73Cfa05Bf8d8aF37cB4af64Fa950605Ea8,COW.png
Poodl Inu,POODL,ETH,0x4b7c762af92dbd917d159eb282b85aa13e955739,POODL.png
FOMO Network,FOMO,ETH,0x9028C2A7f8C8530450549915c5338841Db2a5fEa,FOMO.png
Grom,GR,ETH,0xcE593a29905951E8Fc579bC092ecA72577dA575c,GR.png
Manna,MANNA,ETH,0xf3b92739d5c8C88281D44c91BEb2F4E8E5E5cB7E,MANNA.png
Wings,WINGS,ETH,0x667088b212ce3d06a1b553a7221E1fD19000d9aF,WINGS.png
Centurion,CNT,ETH,0x23c90dbf4fC282e352B75CC13d095Cc2496D3271,CNT.png
Swarm City,SWT,ETH,0xb9e7f8568e08d5659f5d29c4997173d84cdf2607,SWT.png
WeTrust,TRST,ETH,0xcb94be6f13a1182e4a4b6140cb7bf2025d28e41b,TRST.png
SpeedCash,SCS,ETH,0x81995ff7AEe5c780192b47e0B42a7a86692d1415,SCS.png
Lunyr,LUN,ETH,0xfa05A73FfE78ef8f1a739473e462c54bae6567D9,LUN.png
Monolith,TKN,ETH,0xaaaf91d9b90df800df4f55c205fd6989c977e73a,TKN.png
Patientory,PTOY,ETH,0x8ae4bf2c33a8e667de34b54938b0ccd03eb8cc06,PTOY.png
InvestFeed,IFT,ETH,0x7654915a1b82d6d2d0afc37c52af556ea8983c7e,IFT.png
Agrello,DLT,ETH,0x07e3c70653548B04f0A75970C1F81B4CBbFB606f,DLT.png
Hiveterminal Token,HVN,ETH,0xC0Eb85285d83217CD7c891702bcbC0FC401E2D9D,HVN.png
Indorse Token,IND,ETH,0xf8e386eda857484f5a12e4b5daa9984e06e73705,IND.png
VIBE,VIBE,ETH,0xe8ff5c9c75deb346acac493c463c8950be03dfba,VIBE.png
Rivetz,RVT,ETH,0x3d1ba9be9f66b8ee101911bc36d3fb562eac2244,RVT.png
Blue Protocol,BLUE,ETH,0x539efe69bcdd21a83efd9122571a64cc25e0282b,BLUE.png
iEthereum,IETH,ETH,0x859a9c0b44cb7066d956a958b0b82e54c9e44b4b,IETH.png
ATLANT,ATL,ETH,0x78b7fada55a64dd895d8c8c35779dd8b67fa8a05,ATL.png
Upfiring,UFR,ETH,0xea097a2b1db00627b2fa17460ad260c016016977,UFR.png
Privatix,PRIX,ETH,0x3adfc4999f77d04c8341bac5f3a76f58dff5b37a,PRIX.png
EncrypGen,DNA,ETH,0xef6344de1fcfC5F48c30234C16c1389e8CdC572C,DNA.png
Bread,BRD,ETH,0x558ec3152e2eb2174905cd19aea4e34a23de9ad6,BRD.png
Bibox Token,BIX,ETH,0x009c43b42aefac590c719e971020575974122803,BIX.png
Neumark,NEU,ETH,0xa823e6722006afe99e91c30ff5295052fe6b8e32,NEU.png
United Traders Token,UTT,ETH,0x16f812be7fff02caf662b85d5d58a5da6572d4df,UTT.png
EchoLink,EKO,ETH,0x1cf3e03f7360288dd01d0a9cfab266cfcdb3e0c1,EKO.png
ArbitrageCT,ARCT,ETH,0x1245ef80f4d9e02ed9425375e8f649b9221b31d8,ARCT.png
AidCoin,AID,ETH,0x37e8789bb9996cac9156cd5f5fd32599e6b91289,AID.png
LinkEye,LET,ETH,0xfa3118b34522580c35ae27f6cf52da1dbb756288,LET.png
CPChain,CPC,ETH,0xfae4ee59cdd86e3be9e8b90b53aa866327d7c090,CPC.png
DMarket,DMT,ETH,0x2ccbff3a042c68716ed2a2cb0c544a9f1d1935e1,DMT.png
GoldMint,MNTP,ETH,0x83cee9e086a77e492ee0bb93c2b0437ad6fdeccc,MNTP.png
Neurotoken,NTK,ETH,0x69beab403438253f13b6e92db91f7fb849258263,NTK.png
POA Network,POA,ETH,0x6758b7d441a9739b98552b373703d8d3d14f9e62,POA.png
StarterCoin,STAC,ETH,0x9a005c9a89bd72a4bd27721e7a09a3c11d2b03c4,STAC.png
BlitzPick,XBP,ETH,0x28dee01d53fed0edf5f6e310bf8ef9311513ae40,XBP.png
Transcodium,TNS,ETH,0xb0280743b44bf7db4b6be482b2ba7b75e5da096c,TNS.png
MyToken,MT,ETH,0x9b4e2b4b13d125238aa0480dd42b4f6fc71b37cc,MT.png
Datarius Credit,DTRC,ETH,0xc20464e0c373486d2b3335576e83a218b1618a5e,DTRC.png
RED,RED,ETH,0x76960dccd5a1fe799f7c29be9f19ceb4627aeb2f,RED.png
Digitex,DGTX,ETH,0xc666081073e8dff8d3d1c2292a29ae1a2153ec09,DGTX.png
Seele-N,SEELE,ETH,0xb1e93236ab6073fdac58ada5564897177d4bcc43,SEELE.png
Karatgold Coin,KBC,ETH,0xf3586684107ce0859c44aa2b2e0fb8cd8731a15a,KBC.png
PKG Token,PKG,ETH,0x02f2d4a04e6e01ace88bd2cd632875543b2ef577,PKG.png
GSENetwork,GSE,ETH,0xe530441f4f73bDB6DC2fA5aF7c3fC5fD551Ec838,GSE.png
PumaPay,PMA,ETH,0x846c66cf71c43f80403b51fe3906b3599d63336f,PMA.png
ShowHand,HAND,ETH,0x48c1b2f3efa85fbafb2ab951bf4ba860a08cdbb7,HAND.png
ABCC Token,AT,ETH,0xbf8fb919a8bbf28e590852aef2d284494ebc0657,AT.png
Fire Lotto,FLOT,ETH,0x049399a6b048d52971f7d122ae21a1532722285f,FLOT.png
MobilinkToken,MOLK,ETH,0x97cb5cc1b2e10cc56dc16ab9179f06dfedbe41a2,MOLK.png
Buggyra Coin Zero,BCZERO,ETH,0xd45247c07379d94904e0a87b4481f0a1ddfa0c64,BCZERO.png
MODEL-X-coin,MODX,ETH,0x3c6Da7763cAA0e4b684BbC733f04a8EC08Af3762,MODX.png
Cajutel,CAJ,ETH,0x3c6a7ab47b5f058be0e7c7fe1a4b7925b8aca40e,CAJ.png
The Currency Analytics,TCAT,ETH,0xaff84e86d72edb971341a6a66eb2da209446fa14,TCAT.png
DOS Network,DOS,ETH,0x0A913beaD80F321E7Ac35285Ee10d9d922659cB7,DOS.png
12Ships,TSHP,ETH,0x525794473f7ab5715c81d06d10f52d11cc052804,TSHP.png
D Community,DILI,ETH,0x37f74e99794853777a10ea1dc08a64c86958f06a,DILI.png
FinexboxToken,FNB,ETH,0xe6d2c3cb986db66818c14c7032db05d1d2a6ee74,FNB.png
SymVerse,SYM,ETH,0x79b4D12Fa63A8d1202b26c5Ba6d62136A4A09dDa,SYM.png
JD Coin,JDC,ETH,0x2fe39f22eac6d3c1c86dd9d143640ebb94609fce,JDC.png
Bitcoin Classic (ARAW),BXC,ETH,0x16467F88F41Fe323324084BEd682E10f937eF10C,BXC.png
Bitcoin Pro,BTCP,ETH,0x723cbfc05e2cfcc71d3d89e770d32801a5eef5ab,BTCP.png
FLEX,FLEX,ETH,0xfcf8eda095e37a41e002e266daad7efc1579bc0a,FLEX.png
CoinLoan,CLT,ETH,0x2001f2a0cf801ecfda622f6c28fb6e10d803d969,CLT.png
Jack Token,JACK,ETH,0x4e12eb8e506ccd1427f6b8f7faa3e88fb698eb28,JACK.png
Mt Pelerin Shares,MPS,ETH,0x96c645d3d3706f793ef52c19bbace441900ed47d,MPS.png
VARC,VARC,ETH,0x3f694635ab69b1b5e7f001de26892cc63ba94bad,VARC.png
STPAY,STP,ETH,0x5c250ff9b993c6991cc4a3cc543716e53b478018,STP.png
CoinZoom,ZOOM,ETH,0x69cf3091c91eb72db05e45c76e58225177dea742,ZOOM.png
DeFiPie,PIE,ETH,0x607C794cDa77efB21F8848B7910ecf27451Ae842,PIE.png
LinkCoin Token,LKN,ETH,0x9f549ebfd4974cd4ed4a1550d40394b44a7382aa,LKN.png
Banque Universal,CBU,ETH,0xcef46305d096fa876dd23048bf80f9345282e3fc,CBU.png
AGA Token,AGA,ETH,0x2d80f5f5328fdcb6eceb7cacf5dd8aedaec94e20,AGA.png
JBOX,JBX,ETH,0x884e3902c4d5cfa86de4ace7a96aa91ebc25c0ff,JBX.png
KittenFinance,KIF,ETH,0x177ba0cac51bfc7ea24bad39d81dcefd59d74faa,KIF.png
Upper Euro,EURU,ETH,0x6c139349ee94ebaaff55ed52d382673c263b22d6,EURU.png
Upper Pound,GBPU,ETH,0x27ed129c298c5df130364083f491e2920e5a2f29,GBPU.png
Upper Dollar,USDU,ETH,0x41a03e41ef555392c9f0ad60f4f61e263078bf10,USDU.png
Chicken,KFC,ETH,0xE63684BcF2987892CEfB4caA79BD21b34e98A291,KFC.png
Reflex,RFX,ETH,0x159A1dFAe19057de57dFfFcbB3DA1aE784678965,RFX.png
Talent Token,TTX,ETH,0x448CF521608F9FBac30DA7746603cBa1B9eFC46F,TTX.png
Mars Network,MARS,ETH,0xedd8da5c20eb014e550008df3304213dde5e29f0,MARS.png
DefiDollar DAO,DFD,ETH,0x20c36f062a31865bED8a5B1e512D9a1A20AA333A,DFD.png
Libartysharetoken,LST,ETH,0x355376d6471e09a4ffca8790f50da625630c5270,LST.png
ANSWER Governance,AGOV,ETH,0xd1420AF453Fd7bf940573431D416cAcE7fF8280c,AGOV.png
Basis Share,BAS,ETH,0x106538CC16F938776c7c180186975BCA23875287,BAS.png
Unicap.finance,UCAP,ETH,0xbaA70614C7AAfB568a93E62a98D55696bcc85DFE,UCAP.png
Alpha5,A5T,ETH,0xe8272210954ea85de6d2ae739806ab593b5d9c51,A5T.png
Unit Protocol Duck,DUCK,ETH,0x92e187a03b6cd19cb6af293ba17f2745fd2357d5,DUCK.png
Unique One,RARE,ETH,0x93dfaf57d986b9ca77df9376c50878e013d9c7c8,RARE.png
Mandala Exchange Token,MDX,ETH,0x947AEb02304391f8fbE5B25D7D98D649b57b1788,MDX.png
BT.Finance,BT,ETH,0x76c5449f4950f6338a393f53cda8b53b0cd3ca3a,BT.png
Ballswap,BSP,ETH,0xe51b8ab09008285a0380dd2680cd9dd5e13924d3,BSP.png
Advertise Coin,ADCO,ETH,0xb6c3dc857845a713d3531cea5ac546f6767992f4,ADCO.png
BSCStarter,START,ETH,0x1d7Ca62F6Af49ec66f6680b8606E634E55Ef22C1,START.png
Pika,PIKA,ETH,0x60F5672A271C7E39E787427A18353ba59A4A3578,PIKA.png
ImpulseVen,VEN,ETH,0xe14e06671702f0db50055388c29adc66821d933b,VEN.png
Stater,STR,ETH,0x84bb947fcedba6b9c7dcead42df07e113bb03007,STR.png
AMMYI Coin,AMI,ETH,0x72c14bC8e28f18e91a2E9551802d3fB2CB80E712,AMI.png
DAOhaus,HAUS,ETH,0xf2051511b9b121394fa75b8f7d4e7424337af687,HAUS.png
Stone DeFi,STN,ETH,0xe63d6b308bce0f6193aec6b7e6eba005f41e36ab,STN.png
MobiFi,MoFi,ETH,0xb2dbf14d0b47ed3ba02bdb7c954e05a72deb7544,MoFi.png
BeforeCoinMarketCap,BCMC1,ETH,0xd5e2a54fef5f9e4a6b21ec646bbed7a160a00f18,BCMC1.png
HOKK Finance,HOKK,ETH,0xe87e15b9c7d989474cb6d8c56b3db4efad5b21e8,HOKK.png
UMI,UMI,ETH,0x46943113ae84e732bb510b5f7686d8b76ff56774,UMI.png
Upfire,UPR,ETH,0xf720e38f678b29b243f7d53b56acbf5de98f2385,UPR.png
Sensitrust,SETS,ETH,0x04E0Af0af1b7f0023c6B12af5a94Df59B0e8cF59,SETS.png
Spherium,SPHRI,ETH,0x8a0cdfab62ed35b836dc0633482798421c81b3ec,SPHRI.png
Bezoge Earth,BEZOGE,ETH,0xdc349913d53b446485e98b76800b6254f43df695,BEZOGE.png
CumInu,CUMINU,ETH,0xd6327ce1fb9d6020e8c2c0e124a1ec23dcab7536,CUMINU.png
TeraBlock,TBC,ETH,0x9798dF2f5d213a872c787bD03b2b91F54D0D04A1,TBC.png
KleeKai,KLEE,ETH,0xa67e9f021b9d208f7e3365b2a155e3c55b27de71,KLEE.png
Daisy Launch Pad,DAISY,ETH,0x40955d77f87123b71b145098358a60573ac7be96,DAISY.png
Xiglute Coin,XGC,ETH,0x89d3c0249307Ae570A316030764D12f53BB191FD,XGC.png
Memecoin,MEM,ETH,0x42dbbd5ae373fea2fc320f62d44c058522bb3758,MEM.png
Etherlite,ETL,ETH,0x71abbd6b628da7874e9861b6a9e5d67b10eec729,ETL.png
Multiverse,AI,ETH,0xc91b523a59acc63a64f61fc7bbfb4bfc82dd25f2,AI.png
Crypto Carbon Energy,CYCE,ETH,0x9681ee0d91e737c3b60aceba7fbdae61b5462f42,CYCE.png
Moonie NFT,MNY,ETH,0xA6F7645ed967FAF708A614a2fcA8D4790138586f,MNY.png
Hibiki Finance,HIBIKI,ETH,0xA693032e8cfDB8115c6E72B60Ae77a1A592fe4bD,HIBIKI.png
Raid Token,RAID,ETH,0x154e35c2b0024b3e079c5c5e4fc31c979c189ccb,RAID.png
Dope Wars Paper,PAPER,ETH,0x7ae1d57b58fa6411f32948314badd83583ee0e8c,PAPER.png
Structure finance,STF,ETH,0x1f4cb968b76931c494ff92ed80ccb169ad641cb1,STF.png
NFTmall,GEM,ETH,0x9b17bAADf0f21F03e35249e0e59723F34994F806,GEM.png
IjasCoin,IJC,ETH,0xc7ff1e126cc81e816915ff48c940ed9d4e6d05d6,IJC.png
Shibaverse,VERSE,ETH,0x7ae0d42f23c33338de15bfa89c7405c068d9dc0a,VERSE.png
Swapr,SWPR,ETH,0x6cacdb97e3fc8136805a9e7c342d866ab77d0957,SWPR.png
Lightcoin,LHC,ETH,0x320d31183100280ccdf69366cd56180ea442a3e8,LHC.png
Mainston,STON,ETH,0xdc47f2ba852669b178699449e50682d6ceaf8c07,STON.png
Poken,PKN,ETH,0xdf09a216fac5adc3e640db418c0b956076509503,PKN.png
The CocktailBar,COC,ETH,0x22b6c31c2beb8f2d0d5373146eed41ab9ede3caf,COC.png
Hundred Finance,HND,ETH,0x10010078a54396f62c96df8532dc2b4847d47ed3,HND.png
Nifty League,NFTL,ETH,0x3c8d2fce49906e11e71cb16fa0ffeb2b16c29638,NFTL.png
Riot Racers,RIOT,ETH,0xf56408077487cb879c992909c5b5c66d68c02eb4,RIOT.png
LunarCrush,LUNR,ETH,0xA87135285Ae208e22068AcDBFf64B11Ec73EAa5A,LUNR.png
Asia Pacific Electronic Coin,APECOIN,ETH,0x1E7fDe66aCC959fE02FBE7F830d6dcf4567cfd40,APECOIN.png
RBX,RBX,ETH,0x8254e26e453eb5abd29b3c37ac9e8da32e5d3299,RBX.png
ChilliSwap,CHLI,ETH,0x12b54baA8FFcFd6679CcF1AE618ca3006cFcc2aC,CHLI.png
Hector Network,HEC,ETH,0x29b3d220f0f1E37b342Cf7c48c1164BF5bf79eFa,HEC.png
Upper Swiss Franc,CHFU,ETH,0x430e705c7a90d380e9c2d9da4f547d221d6e88cb,CHFU.png
Rice Wallet,RICE,ETH,0xa64c3a85ddc4cd351eeb7aecebc6a44a64a76392,RICE.png
Animalia,ANIM,ETH,0xfbcb5cbedeebcc55dcd136d34db1daaf74cf67e8,ANIM.png
KEYS,KEYS,ETH,0xe0a189C975e4928222978A74517442239a0b86ff,KEYS.png
Firulais,FIRU,ETH,0xe276056f924e15beac26f7b10b6d2805f9c64bb5,FIRU.png
humanDAO,HDAO,ETH,0xdac657ffd44a3b9d8aba8749830bf14beb66ff2d,HDAO.png
Decentralized Eternal Virtual Traveller,DEVT,ETH,0xB5c578947de0fd71303F71F2C3d41767438bD0de,DEVT.png
SORA Synthetic USD,XSTUSD,ETH,0xc7d9c108d4e1dd1484d3e2568d7f74bfd763d356,XSTUSD.png
Empower,MPWR,ETH,0x6731827Cb6879a2091ce3ab3423f7bf20539b579,MPWR.png
CryptoCart V2,CCV2,ETH,0x612e1726435fe38dd49a0b35b4065b56f49c8f11,CCV2.png
Hummingbot,HBOT,ETH,0xe5097d9baeafb89f9bcb78c9290d545db5f9e9cb,HBOT.png
Doge Protocol,DOGEP,ETH,0xe7eaec9bca79d537539c00c58ae93117fb7280b9,DOGEP.png
VCGamers,VCG,ETH,0x1F36FB2D91d9951Cf58aE4c1956C0b77e224F1E9,VCG.png
Dream,DREAM,ETH,0xb44377B74Ef1773639B663d0754cB8410A847d02,DREAM.png
MultiPlanetary Inus,INUS,ETH,0x39207d2e2feef178fbda8083914554c59d9f8c00,INUS.png
BTC Proxy,BTCPX,ETH,0x9c32185b81766a051e08de671207b34466dd1021,BTCPX.png
MEME KONG,$MKONG,ETH,0x9609831BB1d77DE5eA10e18c9c718cB6c37D4284,$MKONG.png
Travel Care,TRAVEL,ETH,0x826e5Ec70DbC5607fF9218011FBb97F9a8D97953,TRAVEL.png
BB Gaming,BB,ETH,0x688eC465111ed639267cB17C47E790c9cc7279c1,BB.png
LYFE GOLD,LGOLD,ETH,0x27778E14Ce36d3B85e1efFeB43816a17bBB7088A,LGOLD.png
Hera Finance,HERA,ETH,0xA2c2C937333165d4c5f2dC5f31a43E1239FeCfeB,HERA.png
Frax Price Index,FPI,ETH,0x5ca135cb8527d76e932f34b5145575f9d8cbe08e,FPI.png
Tom Coin,TMC,ETH,0xd3977576465f05dbaee49cc25c65cb54c740976a,TMC.png
VIKTAMA,VIK,ETH,0xa791dbc054ece11bf241ecb8602a4dd9bfe7710c,VIK.png
Kyuubi,$KYUB,ETH,0xEE3D92710d912450FBF066D6f55a57Ae0F81129d,$KYUB.png
Stone,0NE,ETH,0x73a83269b9bbafc427e76be0a2c1a1db2a26f4c2,0NE.png
Universal Store of Value,USV,ETH,0x88536C9B2C4701b8dB824e6A16829D5B5Eb84440,USV.png
OmniaVerse,OMNIA,ETH,0xeFCd10A0aAf6825edD8418d298Ac607b6b39EeF8,OMNIA.png
USD Freedom,USDF,ETH,0x963035453633f6f7433032c958F82Eb3043D8cD2,USDF.png
Inu.,INU,ETH,0x050d94685c6b0477e1fc555888af6e2bb8dfbda5,INU.png
Shita-kiri Suzume,SUZUME,ETH,0x0b452278223d3954f4ac050949d7998e373e7e43,SUZUME.png
STEED,STD,ETH,0xBd4B2DD8FBceCb2af5904Ff5f218037B0f693275,STD.png
Coin98 Dollar,CUSD,ETH,0xC285B7E09A4584D027E5BC36571785B515898246,CUSD.png
JPGold Coin,JPGC,ETH,0x5891599664Ed15C6e88041B4F5bc08594f026f0e,JPGC.png
UwU Lend,UWU,ETH,0x55c08ca52497e2f1534b59e2917bf524d4765257,UWU.png
Cramer Coin,CRAMER,ETH,0x64df3aab3b21cc275bb76c4a581cf8b726478ee0,CRAMER.png
ZudgeZury,ZZC,ETH,0x51A673e060E1ea091B23B53d192058fFE0F2D6b6,ZZC.png
Boop,BOOP,ETH,0x8013266cb5c9dd48bE3Ad7D1CE832874d64B3Ce1,BOOP.png
Fable Of The Dragon,TYRANT,ETH,0x8ee325ae3e54e83956ef2d5952d3c8bc1fa6ec27,TYRANT.png
SILK,SILK,ETH,0xb045f7f363fe4949954811b113bd56d208c67b23,SILK.png
Don't Buy Inu,DBI,ETH,0x2de509bf0014ddf697b220be628213034d320ece,DBI.png
Interport Token,ITP,ETH,0x2b1d36f5b61addaf7da7ebbd11b35fd8cfb0de31,ITP.png
Shibnobi(New),SHINJA,ETH,0x7DAc25b1A665e1c70F25F1fC37d88C99274984ed,SHINJA.png
TURBOCHAIN,TBC,ETH,0x440f52c497a0f5163259e16d3d95a533b99be961,TBC.png
Calvaria: Duels of Eternity,RIA,ETH,0x9b110Fda4E20DB18Ad7052f8468a455de7449eb6,RIA.png
LYFE,LYFE,ETH,0xd87de4cCef2c2FE651bc4d130cb1A365248f21fA,LYFE.png
Bunni,BUNNI,ETH,0x000000C396558ffbAB5Ea628f39658Bdf61345b3,BUNNI.png
Neuroni AI,NEURONI,ETH,0x922e2708462c7a3d014d8344f7c4d92b27ecf332,NEURONI.png
tehBag,BAG,ETH,0x235C8EE913d93c68D2902a8e0b5a643755705726,BAG.png
Generaitiv,GAI,ETH,0x0d8ca4b20b115d4da5c13dc45dd582a5de3e78bf,GAI.png
Goerli ETH,GETH,ETH,0xdd69db25f6d620a7bad3023c5d32761d353d3de9,GETH.png
Doke Inu,DOKE,ETH,0x517abf1fcdbd76bc75b532683ada9113e313a128,DOKE.png
Musk Dao,MUSK,ETH,0x719e7f0daDFdeA25B78595da944F44d15d7E6795,MUSK.png
Mazuri GameFi,MZR,ETH,0xa98A8a74AA8d6F41f9E498a084548C4db63c8F01,MZR.png
Hobbes,HOBBES,ETH,0xB475332D25d34b59176F5c1D94cb9Bc9B5E3954A,HOBBES.png
THX Network,THX,ETH,0xe632ea2ef2cfd8fc4a2731c76f99078aef6a4b31,THX.png
Meeds,MEED,ETH,0x8503a7b00b4b52692cc6c14e5b96f142e30547b7,MEED.png
Agility LSD,AGI,ETH,0x5F18ea482ad5cc6BC65803817C99f477043DcE85,AGI.png
Crypto SDG,SDG,ETH,0x0F5dEF84CED3e9e295DAe28df96d0B846dE92C1A,SDG.png
Kermit,KERMIT,ETH,0x53250B5DFA8C911547aFeAf18DB025024C8E919A,KERMIT.png
Love Hate Inu,LHINU,ETH,0xcedefe438860d2789da6419b3a19cece2a41038d,LHINU.png
WOLVERINU (new),WOLVERINU,ETH,0x7cc97bf17c5adabe25f9d19d15a1ec8a1ad65f14,WOLVERINU.png
Feels Good Man,FGM,ETH,0x1f19D846D99a0E75581913B64510fE0e18BBc31F,FGM.png
Pepe Girl,PEPEG,ETH,0x8BCbef61ACd66537362f38167F11875134FfcD63,PEPEG.png
RUGAME,RUG,ETH,0xDD782657af86492771BdB369CaEB8c246bE362f5,RUG.png
Tate,TATE,ETH,0xa589d8868607b8d79eE4288ce192796051263b64,TATE.png
$LAMBO,LAMBO,ETH,0x3d2b66bc4f9d6388bd2d97b95b565be1686aefb3,LAMBO.png
JEFF,JEFF,ETH,0xf831938caf837cd505de196bbb408d81a06376ab,JEFF.png
Shrek ERC,SHREK,ETH,0x7463C17E3d91B17d9cD0b1E9fDFA18d4DdC3cF0E,SHREK.png
Smudge Lord,SMUDGE,ETH,0x516e2758b044433371076a48127b8cfa7b0bdb43,SMUDGE.png
Pepe Coin,PEPE,ETH,0xfe1ef2b469846d1832b25095ff51b004f090e0c6,PEPE.png
NFTEarthOFT,NFTE,ETH,0x8c223a82e07fecb49d602150d7c2b3a4c9630310,NFTE.png
Gravita Protocol,GRAI,ETH,0x15f74458aE0bFdAA1a96CA1aa779D715Cc1Eefe4,GRAI.png
NGMI Coin,NGMI,ETH,0x759445ded88f2eb44d27e079025597af741e5301,NGMI.png
DegensTogether,DEGEN,ETH,0xbe92b510007bd3ec0adb3d1fca338dd631e98de7,DEGEN.png
INRx,INRX,ETH,0xc71daC923823D748a86D0A3618ABdA2d6dCd6bf4,INRX.png
Rage,RAGE,ETH,0x699060b76f0269c19171b4e193c0a792fa25cad7,RAGE.png
NiHao,NIHAO,ETH,0xc3681a720605bd6f8fe9a2fabff6a7cdecdc605d,NIHAO.png
TRUMP - Let's Make Memes Great Again,TRUMP,ETH,0x7c84d7e3829e004a49204d650883697bc7f06748,TRUMP.png
Fat Cat Killer,KUSDC,ETH,0x2ffdfe146994670ee6668e2d8473c85d06a6c6ba,KUSDC.png
Chainback,ARCHIVE,ETH,0xc7f950271d118a5bdf250dffc39128dcced8472c,ARCHIVE.png
IMVU,VCORE,ETH,0x733B5056a0697e7a4357305FE452999a0C409feb,VCORE.png
Ducker,DUCKER,ETH,0xF70ce9eE486106882d3dc43ddbd84E0fA71AC2A5,DUCKER.png
President Donald Trump,DON,ETH,0xfa46b726733559c3CBf27A54435A579Db91cd7bf,DON.png
FOOM,FOOM,ETH,0xd0D56273290D339aaF1417D9bfa1bb8cFe8A0933,FOOM.png
L,$L,ETH,0xf8C76dbeA329Ec4Fa987AFC514f805b21b249D79,$L.png
AppleSwap AI,AP,ETH,0xaB6B8392397e25F3C977c847dD8C0dDEFf98Ad62,AP.png
LaCoin,LAC,ETH,0x7d12bCaB2D53FaE6d7E360acb71d9b55EcbD1cE3,LAC.png
Raft,RAFT,ETH,0x4c5cb5d87709387f8821709f7a6664f00dcf0c93,RAFT.png
Crypto Villains,CV,ETH,0x07919dd08bffe164c06e34edaea5e59f224a4e86,CV.png
Iclick inu,ICLICK,ETH,0xC819617f360f6347D222f260E9F4987cA1d0f879,ICLICK.png
Peepa,PEEPA,ETH,0x88417754Ff7062c10F4E3A4AB7E9F9D9cbDa6023,PEEPA.png
Luna 2.0,LUNA2.0,ETH,0xe9931386eA917bC6Fa5cB0A499bAdc91e1F7e2AD,LUNA2.0.png
XDoge,XD,ETH,0x01eeffcd9a10266ed00946121df097eed173b43d,XD.png
Kento,KNTO,ETH,0xc740181345c65552333e1edc797e03f11852b1c8,KNTO.png
Staked USDT,STUSDT,ETH,0x25ec98773d7b4ced4cafab96a2a1c0945f145e10,STUSDT.png
Alpha Gardeners,AG,ETH,0xcc8e21f599995d1c8367054841b8af5024ddf01b,AG.png
Ketaicoin,ETHEREUM,ETH,0xDC5E9445169C73Cf21e1da0B270e8433caC69959,ETHEREUM.png
LINQ,LINQ,ETH,0x3e34eabF5858a126cb583107E643080cEE20cA64,LINQ.png
Blocktools,TOOLS,ETH,0xc14B4d4CA66f40F352d7a50fd230EF8b2Fb3b8d4,TOOLS.png
CoinBot,COINBT,ETH,0x6fa5e1c43b5a466cbd1cae7993b67c982400d481,COINBT.png
DogeBonk,DOBO,ETH,0x73C6A7491d0dB90Bdb0060308CDE0F49dfD1D0B0,DOBO.png
BREPE,BREPE,ETH,0xa0117792d4b100fd329b37e8ab4181df8a5b3326,BREPE.png
Block Browser,BLOCK,ETH,0x226d6d842d49b4d757bef1632053a198d5d9c8aa,BLOCK.png
On-Chain Dynamics,OCD,ETH,0x017e9db34fc69af0dc7c7b4b33511226971cddc7,OCD.png
Shiba,SHIBA,ETH,0xfd1450a131599ff34f3be1775d8c8bf79e353d8c,SHIBA.png
ETH 2.0,ETH 2.0,ETH,0xfbe6f37d3db3fc939f665cfe21238c11a5447831,ETH 2.0.png
FIDO,FIDO,ETH,0x6b985d38b1fc891bb57bff59573626b1896d4aa1,FIDO.png
Mumu the Bull (ERC),BULL,ETH,0x9b7331c6e98bad1dc8f096ff3d98c93b3b9b1173,BULL.png
STARSHIP,STARSHIP,ETH,0x319bcF115e35C18035BF1a405fE3c40c8B24533E,STARSHIP.png
DogeBoy,DOGB,ETH,0xb0f92f94d02A4d634FD394c1889Fe3cAb1FCffc7,DOGB.png
MetaZooMee,MZM,ETH,0x61b57bdc01e3072fab3e9e2f3c7b88d482734e05,MZM.png
BDID,BDID,ETH,0x5016878159e84daDB05bB04135F3eAc339ae201f,BDID.png
BoxBet,BXBT,ETH,0x33f289d91286535c47270C8479f6776Fb3AdEB3e,BXBT.png
Purple AI,PAI,ETH,0xa0cc4428fbb652c396f28dce8868b8743742a71c,PAI.png
Douglas Adams,HHGTTG,ETH,0xee3c722d177559f73288cec91fa3e4bbfd8c27fc,HHGTTG.png
Invest Club Global,ICG,ETH,0x9F9643209dCCe8D7399D7BF932354768069Ebc64,ICG.png
Lacostoken,LCSN,ETH,0xc47b0443f8608943c596168504BB6D4a062E0edc,LCSN.png
Bitcoin Inu,BTCINU,ETH,0x584a4dd38d28fd1ea0e147ba7b70aed29a37e335,BTCINU.png
TUCKER CARLSON,TUCKER,ETH,0x50B806C5fe274c07e46B96be8C68D2Fd2d9597B4,TUCKER.png
xRealm.ai,XRLM,ETH,0xaca8b01f8e7f0251a235b7b143f999988fdcefac,XRLM.png
Galaxy Fox,GFOX,ETH,0x8F1CecE048Cade6b8a05dFA2f90EE4025F4F2662,GFOX.png
Meow Meow Coin,MEOW,ETH,0x77be1ba1cd2d7a63bffc772d361168cc327dd8bc,MEOW.png
Baby Trump,BABYTRUMP,ETH,0x9a52590BCE99dcAB5c6dC83b8dA08974EeEaA06b,BABYTRUMP.png
0xScans,SCANS,ETH,0x10703ca5e253306e2ababd68e963198be8887c81,SCANS.png
TOTO,TOTO,ETH,0x973E00Eee6d180b5A0Eb08cE3047AC4eA7A45CD5,TOTO.png
Whirl,WHIRL,ETH,0xb7037457de15fed6cbecc0c62d5d610834b958ec,WHIRL.png
Choppy,CHOPPY,ETH,0xF938346D7117534222B48D09325A6B8162B3A9E7,CHOPPY.png
Criminal Flamingo,CRIMINGO,ETH,0xedaa2fa0fd153b78efde805b0a46225bb95e3ca1,CRIMINGO.png
WoofOracle,WFO,ETH,0x97d2fc7d16bc34121c3311f2e2e05d298c19956f,WFO.png
0xNumber,OXN,ETH,0x9012744B7A564623b6C3E40b144fc196bdeDf1A9,OXN.png
SORA AI,SORAI,ETH,0x21E60DB1A07F0A9f688D321fD7682C6FfF734E47,SORAI.png
Xtremeverse,XTREME,ETH,0x000000000503BE77A5ED27bef2C19943A8B5AE73,XTREME.png
Grow,GROW,ETH,0x1223334444A7466fBf985B14E1F4EdAf3883bCa6,GROW.png
Dongo AI,DONGO,ETH,0x8c213ae332274e6314bf4cf989604e7f61162967,DONGO.png
zkHive,ZKHIVE,ETH,0x750c3a0a0ce9984eeb8c5d146dff024b584e5e33,ZKHIVE.png
MFERS,MFERS,ETH,0xad913dcd987fe54ce823e4b755f90598cd62bb15,MFERS.png
Harambe Coin,HARAMBE,ETH,0x255f1B39172f65dC6406b8bEE8b08155C45Fe1b6,HARAMBE.png
The Infinite Garden,ETH,ETH,0x5e21d1ee5cf0077b314c381720273ae82378d613,ETH.png
Apollo FTW,FTW,ETH,0xbc188b5dbb155b6ea693d46d98bf60b8482939b9,FTW.png
ETH3.0,ETH 3.0,ETH,0xDf533D14A36fFf183109848663152A8c413cCC1c,ETH 3.0.png
TensorScan AI,TSA,ETH,0xf02c2dC9b3cB7F1ba21CCd82dFf4ebC92da8996F,TSA.png
ZEDXION,ZEDX,ETH,0x469b7AEbA4fbFca20eFC563C49d0c74445179D59,ZEDX.png
ByteAI,BYTE,ETH,0x9c2b4b0da5ebd20c29ef20758064554a55a88b68,BYTE.png
MindVerse,MVERSE,ETH,0xf67366e83cc9B115Ef8cCA93baeD1f03E6d3ca9A,MVERSE.png
Shill Guard Token,SGT,ETH,0xa0e7626287bd02cbe3531c65148261bf0c0ed98b,SGT.png
Blockdefend AI,DEFEND,ETH,0x9511ff502f982643935a39206f98a6c18d4527cf,DEFEND.png
The GameHub,GHUB,ETH,0x58c896fA6857a9D67d02BC264c2b04CEa47E20e7,GHUB.png
RivusDAO,RIVUS,ETH,0x60e254E35Dd712394b3AbA7A1D19114732e143dD,RIVUS.png
Gambex,GBE,ETH,0x176BC22E1855Cd5cf5A840081C6c5b92b55E2210,GBE.png
Quant AI,QAI,ETH,0x64d93cf499054170f4c211f91f867f902afaece6,QAI.png
Diment Dollar,DD,ETH,0x71b3a0566f4BF80331D115D8026a7022bF670cCe,DD.png
Boy's club,BOYSCLUB,ETH,0x2d9996f3b9d2e73540fdbfdfe81d71e9e08cbf03,BOYSCLUB.png
SYLVESTER,SYLVE,ETH,0xE0337B8835D9887e8B1294CEcBbDBcff7b299f41,SYLVE.png
OPCAT,$OPCAT,ETH,0xdaa7699352ac8709f3d2fd092226d3dd7da40474,$OPCAT.png
Predict Crypto,PREAI,ETH,0xabD0E3535EcFBf6959b1798220335faf1B7ADA3a,PREAI.png
CHAD FROG,CHAD,ETH,0x9e22B4f836a461ddC7765E5fAd693688e76E6069,CHAD.png
America,AMERICA,ETH,0x1776B223FF636D0d76aDF2290821f176421DD889,AMERICA.png
Andy’s Alter Ego,$BADCAT,ETH,0xe4042c7c1bf740b8ddb2ab43df6d9ed766b2513e,$BADCAT.png
PIRB,PIRB,ETH,0x7ad16874759348F04B6B6119463D66C07aE54899,PIRB.png
Zydio AI,ZDAI,ETH,0x8B683C400457ef31F3c27c90ACB6AB69304D1B77,ZDAI.png
Monke,MONKE,ETH,0xc8168d5665f4418353728ac970713e09C0B7c20e,MONKE.png
Patton,PATTON,ETH,0x2a961d752eaa791cbff05991e4613290aec0d9ac,PATTON.png
BNDR,SWIPES,ETH,0x4cb1e6c430bb4b874869fd6049ed07ae975b02f1,SWIPES.png
Blockwise,WISE,ETH,0xDbD9F5E65314ABf3E4C12745861209C330B3B78a,WISE.png
Pepega,PEPEGA,ETH,0x9634Bdb20bbaB07bB52D279FA6e0C53CCc89c879,PEPEGA.png
Boost Trump Campaign,BTC,ETH,0x300e0d87f8c95d90cfe4b809baa3a6c90e83b850,BTC.png
BoostAI,$BOOST,ETH,0xa2ce8366603f3fffC460BeF0Fb90E980C9337967,$BOOST.png
Wif on Eth,WIF,ETH,0xbfae33128ecf041856378b57adf0449181fffde7,WIF.png
SMIDGE,SMIDGE,ETH,0xEA3665e272f14052442E433fb0059424D16Cc6c7,SMIDGE.png
TrumpMAGA,$TRUMAGA,ETH,0x328Ea6e5Ba4cc4B58799F2AEC3d8BA839f4314Ba,$TRUMAGA.png
APU GURL,APUGURL,ETH,0x069f01cdd1e32d7bab5fc81527df191835136c9d,APUGURL.png
Pe,PE,ETH,0xbd32bec7c76d28aa054fc0c907d601b9263e22c7,PE.png
Starbot,STAR,ETH,0x6953f27dB0701E22616e701DbA91acC2E4B6DecA,STAR.png
MAGA,TRUMP,ETH,0xB3a3606EA55Fe45e6635b221592674F5DbdA3292,TRUMP.png
Fresco,FRESCO,ETH,0xb9Eb6f357F040bE1d2a3d6B4bA750D1Ab8a4233C,FRESCO.png
Long Dragon,LD,ETH,0x5A4a3c69a746fC24880e3225762FeA93b765BF3D,LD.png
Moge,MOGE,ETH,0x433F62964EDd67d7349088Fe44544F822F863a6C,MOGE.png
White Yorkshire,WSH,ETH,0x12996C7B23c4012149bf9F5663FF9Aa08A9cF2E4,WSH.png
Super Trump,STRUMP,ETH,0x53288aa471511FB0de8bfe17923F8ECA64607a54,STRUMP.png
Zeus,ZEUS,ETH,0x7137e8a3b069C3F787c4fFbb901b91E4bA47d082,ZEUS.png
ETHEREUMPLUS,ETP,ETH,0xA14BC69975C4cf365B57cD3C81Ea98F67631dcb7,ETP.png
Pink Hood Froglicker,FROGLIC,ETH,0x4aBD5745F326932B1b673bfa592a20d7BB6bc455,FROGLIC.png
Pickle,PICKLE,ETH,0x6942016B8DE9d18a5831EEda915e48B27Cc8E23D,PICKLE.png
AgoraHub,AGA,ETH,0x87B46212e805A3998B7e8077E9019c90759Ea88C,AGA.png
Mojo,MOJO,ETH,0x07DDaCf367f0d40bd68B4b80b4709A37BDC9F847,MOJO.png
Gremly,GREMLY,ETH,0x80Aa87B47Da26b2dBa301708046fe467575fC355,GREMLY.png
Kernel,KERN,ETH,0xd7fc610f6595b3aa6e24466b5ca166d10a0fbdcb,KERN.png
Dwarfy,$DWARFY,ETH,0x214549b0317564De15770561221433fB3E8c995c,$DWARFY.png
LaunchR,LCR,ETH,0xbA00357FD9348Da1aDBaE9B2867B6B596EbA4F24,LCR.png
Crabby,CRAB,ETH,0x6096b8765Eb48cd2193F840a977f3727e7800356,CRAB.png
Dolphy,DOLPHY,ETH,0x9aD204436656b71Ce217297768812bb1D4FFd356,DOLPHY.png
Gnomy,GNOMY,ETH,0x6439221D2b06a4CDf38F52A55294Ddc28e1Bed08,GNOMY.png
Republican,REPUBLICAN,ETH,0x00380d12a12acf6f47481e8ca8be777931395200,REPUBLICAN.png
Young Peezy,PEEZY,ETH,0x69EE720C120EC7c9C52A625C04414459B3185f23,PEEZY.png
MoveMoveCoin,MMC,ETH,0x88ee7a3537667958d040216d9dc1752d1274d838,MMC.png
Make America Great Once Again,MAGOA,ETH,0x9f4aC5eA89B1623E35328904D7D61B08B55dAA50,MAGOA.png
Degen Trump,DTRUMP,ETH,0xAAf2d31132d8094C9cAfb523cf601CACF2734126,DTRUMP.png
Rare Pepe,RARE,ETH,0x42069cc15F5BEfb510430d22Ff1c9A1b3ae22CfE,RARE.png
Iro-Chan,IRO,ETH,0xba2ae4e0a9c6ecaf172015aa2cdd70a21f5a290b,IRO.png
Ito-chan,ITO,ETH,0x8Bcda22D51785A5540129feb90D47cb279826478,ITO.png
Cat Life,CATLIFE,ETH,0x555a29d0e0e00d573a63fb11dc37b61a9da52f86,CATLIFE.png
KABOSU,KABOSU,ETH,0x180000dDA70Eb7fB7f3E10e52e88ce88f46E3b3a,KABOSU.png
Batonex Token,BTX,ETH,0xedD8d60BD6D5bC69B97995C071C721C4d2DeD737,BTX.png
Bullish On Ethereum,BOE,ETH,0x5ecAF4aaDD8317d515D7345C46E242526B099151,BOE.png
Tsutsuji,TSUJI,ETH,0x52E6654AEe5d59E13aE30B48F8F5dBeb97F708Cd,TSUJI.png
Brokie,BROKIE,ETH,0xbc5ca3c518c8a2930947661237b1b562e34f22b7,BROKIE.png
Trump2024,TRUMP2024,ETH,0x880226cbcce551eeafd18c9a9e883c85811b82fc,TRUMP2024.png
NeiRei,NEIREI,ETH,0x1d4fb9bfa1967be6ca74819e28b98c2aa5ae8b59,NEIREI.png
LICKER,LICKER,ETH,0x1b3be8fCD2e7C5cE9C5c242E0066FdD9740220d0,LICKER.png
Ad Astra,AD ASTRA,ETH,0x161a95ae00e89e047dbb9b02a8e3085122a64bcd,AD ASTRA.png
Joker Pepe,JOPER,ETH,0x57a6dAdAf333582bcAafB95D04fCb9b6084Cf454,JOPER.png
Make America Drill Again,MADA,ETH,0xf41A7B7C79840775F70A085C1fC5A762bBc6B180,MADA.png
Changpeng Zhao (cz.wtf),CZ,ETH,0x4444a0634b0829e0a38F59FE2cf2d5eB07748563,CZ.png
Neirocoin (neirocoin.club),NEIRO,ETH,0xd0630a2d243503591c84277342BaFf84854b14F8,NEIRO.png
THREE ARROWZ CAPITEL,3AC,ETH,0x2de1218c31a04e1040fc5501b89e3a58793b3ddf,3AC.png
Gilo,GLO,ETH,0x5a7157c30629Ce1792F2E445e2fE6B7C96Bb01e6,GLO.png
GM,GM,ETH,0x89C1DA46D692D09814a88a27270D0DCa21e4734d,GM.png
This Is Fine (thisisfine.vip),FINE,ETH,0x1634e10C9155BE623B5a52d6CA01C7A904D89b0a,FINE.png
Mock Capital,MOCK,ETH,0xF1Eccd41cCE1f4BEb8c5Ca87dE7949816Ce05A45,MOCK.png
JoyCat Coin,JOYCAT,ETH,0xaaee85310ea1c7136eb1aa436f2a6a963be6e617,JOYCAT.png
Labubu,LABUBU,ETH,0x168168Db04dEF453b7e8BfaFf1E0102a3e810485,LABUBU.png
Brian Griffin,BRIAN,ETH,0x13EcF9467683E838Fa8808E7a5B54974352B522f,BRIAN.png
Bog Coin,BOG,ETH,0x11a7c8c9e9d5fc47134c305c59cebfcd1a4a9943,BOG.png
CloudGPU,cGPU,ETH,0x49d1372124f9b018f32f13b81de6f4c83d89fcc3,cGPU.png
YOUNG PEEZY,PEEZY,ETH,0xb843cE5F8c8A3D0D72e089194f5d9F9df0dF74E5,PEEZY.png
TAOTools,TAOTOOLS,ETH,0x01043bf843b88e1182b1db27bdcc93999aa74c56,TAOTOOLS.png
Sentra,STRA,ETH,0x93181f0625329fc0F5C35d1670cEB541867aCc65,STRA.png
Moo Deng (moodeng.sbs),MOODENG,ETH,0x68e686bC641605877AD72fF76a7047d7325D8D3e,MOODENG.png
THE TICKER IS,ETH,ETH,0xC94729d93cB660BB346ce0084393015F99810919,ETH.png
Grimace,GRIMACE,ETH,0x0ad5a92a5d79a903b23823431cdb07650a5e4a44,GRIMACE.png
Tux The Penguin,TUX,ETH,0x69c791c057bd45a0de50aff17d03ddd306726d9a,TUX.png
CPX50,CPX,ETH,0x73bb9070a89875f1a7592c626461dba332c08a4c,CPX.png
Destinys Chicken,DSTNY,ETH,0xac40cece46929c8212167a44c37732f801ffab6f,DSTNY.png
ChainFactory,FACTORY,ETH,0xD05D90A656FC375ac1478689D7bCD31098f2DD1f,FACTORY.png
Alien Pepe (alienpepe.xyz),APEPE,ETH,0x69825169E0c733d038B94322dB0590fF834c51c7,APEPE.png
MINO,MINO,ETH,0x85a3b9f36fe35f86ebea072a682e506eeb7c43ae,MINO.png
CULO (ETH),CULO,ETH,0xb646c4fE0090Bf6fdbA226D3ccd8f775b30fDbB5,CULO.png
Elon Musks dog,GATSBY,ETH,0xEdA7d2C70cd75d06947B7D0b0b0910ca9B07148A,GATSBY.png
rats (Ethereum),RATS,ETH,0x8e18141efd10C3Df7a33B4D53f608E10Dc4D4fE3,RATS.png
neirowifhat,NWIF,ETH,0xb53f56aEe2807De9C98FD0E761dd079fA75e288a,NWIF.png
Data Trade Token,DTT,ETH,0x93b170d1cba63a22f97ac7aaf014077ffe74b0bb,DTT.png
Truthfi (Truthfi_erc),TRUTHFI,ETH,0xFEC2598830379154E047aCE14A33FE2b91b964F0,TRUTHFI.png
Peace Frog,PFROG,ETH,0xa44136dc2e7a1543abbbf1c2a97e57c8d885e0be,PFROG.png
TREND,TREND,ETH,0x42fa14d6e4642b3789d8b0272534a41d415663a9,TREND.png
Paul Atkins,SEC CHAIR,ETH,0x741B30DfAE4c9bC0f3cfbc9465c25846918b1aCc,SEC CHAIR.png
Sproto Gremlin,SPROTO,ETH,0x3333ae5f9A8e27923fa0648617b4c69d59B661f0,SPROTO.png
Magic Eden Ether,ME,ETH,0x4F4f09831180F416890D857123506680B59263Bb,ME.png
DeBox Cloud,DEBOX,ETH,0x603437AD3627DCf5a85a3792686b31dc4FaC53b7,DEBOX.png
Options AI,$OPTION,ETH,0xb67cf01958b1a06c330f5a46501fe1fb2ec82aaa,$OPTION.png
El Sapo Pepe,PEPE,ETH,0x69E15ab0fD240de689d09e4851181A6667968008,PEPE.png
AltSignals,ASI,ETH,0x5d942F9872863645bCb181ABa66c7D9646A91378,ASI.png
Evnode Blockchain,EVO,ETH,0x8C11f1A80Afce494BAC9cc78339CB2768c955D4E,EVO.png
StarShip,SSHIP,ETH,0x68a82c8a65e2e02e217f9baaf304c8d565f7fb59,SSHIP.png
DALMATIAN,DALMATIAN,ETH,0x964cb40e1e45b06d34cb2f76991eb0c997a71e96,DALMATIAN.png
Shrubius Maximus,SHRUBIUS,ETH,0x47000BD34D9a7b7CdBEeF4Ec2aE452e73280A8b5,SHRUBIUS.png
Jacobian AI,JAI,ETH,0x40b5725a67B1eecd80379D59432E5CD84d5C50d0,JAI.png
Alchemy AI,ALC,ETH,0xF0B43208255E4d83AAc55bb18348881ecB15e065,ALC.png
Echo AI,ECH,ETH,0x8e2ca886ed6316d53a7bfca807d0cede328b6ddc,ECH.png
Ethereal,ETHR,ETH,0x052c252cF4909f084Bd4f95f355C192ffb87bbAa,ETHR.png
Brain Frog,BRAIN,ETH,0x1010107b4757c915bc2f1ecd08c85d1bb0be92e0,BRAIN.png
Freelance Ai,FAI,ETH,0x4bd4a35b73c8f5db09ed0b6e2f9ae8999b5971b0,FAI.png
APEMAN,APEMAN,ETH,0xabAb3B0DB38f2303ACbCAB672905E41A18e396d8,APEMAN.png
Vitalik Milady,VILADY,ETH,0x44D5222cC44AdFff443F31bF971f67a2c0Ad4553,VILADY.png
[Fake] OFFICIAL TRUMP (gettrumpmemes.host),TRUMP,ETH,0xDb9e54E4D372919BcD7be1918E1b4864dCC51BcE,TRUMP.png
PillarFi,PILLAR,ETH,0x6a1d6A577B17b425F3437C8A7C2C4d3a161816d8,PILLAR.png
WETH,WETH,ETH,0xc02aaa39b223fe8d0a0e5c4f27ead9083c756cc2,WETH.png
WETH,WETH,ETH,0xc02aaa39b223fe8d0a0e5c4f27ead9083c756cc2,WETH.png
Wrapped Bitcoin,WBTC,ETH,0x2260fac5e5542a773aa44fbcfedf7c193bc2c599,WBTC.png
Wrapped Bitcoin,WBTC,ETH,0x4bbd68d8b1f25ae7b460e3347c637fe9e7338e0c,WBTC.png
Wrapped BNB,WBNB,ETH,0x418D75f65a02b3D53B2418FB8E1fe493759c7605,WBNB.png
Lido Staked ETH,stETH,ETH,0xae7ab96520de3a18e5e111b5eaab095312d7fe84,stETH.png
Wrapped Fantom,WFTM,ETH,0x4e15361fd6b4bb609fa63c81a2be19d873717870,WFTM.png
Marinade Staked SOL,MSOL,ETH,0x756bFb452cFE36A5Bc82e4F5f4261A89a18c242b,MSOL.png
Lido wstETH,WSTETH,ETH,0x7f39c581f595b53c5cb19bd0b3f8da6c935e2ca0,WSTETH.png
Rocket Pool ETH,RETH,ETH,0xae78736cd615f374d3085123a210448e74fc6393,RETH.png
Wrapped Solana,SOL,ETH,0xD31a59c85aE9D8edEFeC411D448f90841571b89c,SOL.png
Coinbase Wrapped Staked ETH,cbETH,ETH,0xbe9895146f7af43049ca1c1ae358b0541ea49704,cbETH.png
Frax Staked Ether,SFRXETH,ETH,0xac3E018457B222d93114458476f3E3416Abbe38F,SFRXETH.png
Liquid Staked ETH,LSETH,ETH,0x8c1bed5b9a0928467c9b1341da1d7bd5e10b6549,LSETH.png
Wrapped Beacon ETH,WBETH,ETH,0xa2E3356610840701BDf5611a53974510Ae27E2e1,WBETH.png
tBTC,TBTC,ETH,0x18084fba666a33d37592fa2633fd49a74dd93a88,TBTC.png
Stader ETHx,ETHX,ETH,0xA35b1B31Ce002FBF2058D22F30f95D405200A15b,ETHX.png
StakeWise Staked ETH,osETH,ETH,0xf1C9acDc66974dFB6dEcB12aA385b9cD01190E38,osETH.png
ether.fi Staked ETH,EETH,ETH,0x35fA164735182de50811E8e2E824cFb9B6118ac2,EETH.png
Wrapped eETH,weETH,ETH,0xCd5fE23C85820F7B72D0926FC9b05b43E359b7ee,weETH.png
Mantle Staked Ether,METH,ETH,0xd5F7838F5C461fefF7FE49ea5ebaF7728bB0ADfa,METH.png
Kelp DAO Restaked ETH,RSETH,ETH,0xA1290d69c65A6Fe4DF752f95823fae25cB99e5A7,RSETH.png
Ethena Staked USDe,sUSDe,ETH,0x9d39a5de30e57443bff2a8307a4256c8797a3497,sUSDe.png
Renzo Restaked ETH,EZETH,ETH,0xbf5495Efe5DB9ce00f80364C8B423567e58d2110,EZETH.png
BounceBit BTC,BBTC,ETH,0xF5e11df1ebCf78b6b6D26E04FF19cD786a1e81dC,BBTC.png
pumpBTC,PUMPBTC,ETH,0xf469fbd2abcd6b9de8e169d128226c0fc90a012e,PUMPBTC.png
Coinbase Wrapped BTC,CBBTC,ETH,0xcbB7C0000aB88B473b1f5aFd9ef808440eed33Bf,CBBTC.png
USDS,USDS,ETH,0xdC035D45d973E3EC169d2276DDab16f1e407384F,USDS.png
SolvBTC.BBN,SolvBTC.BBN,ETH,0xd9d920aa40f578ab794426f5c90f6c731d159def,SolvBTC.BBN.png
SolvBTC,SolvBTC,ETH,0x7a56e1c57c7475ccf742a1832b028f0456652f97,SolvBTC.png
Lombard Staked BTC,LBTC,ETH,0x8236a87084f8b84306f72007f36f2618a5634494,LBTC.png
ether.fi Staked BTC,EBTC,ETH,0x657e8C867D8B37dCC18fA4Caead9C45EB088C642,EBTC.png
Mantle Restaked Ether,CMETH,ETH,0xE6829d9a7eE3040e1276Fa75293Bde931859e8fA,CMETH.png
Staked USD0,USD0++,ETH,0x35D8949372D46B7a3D5A56006AE77B215fc69bC0,USD0++.png
Edward Coristine,BIGBALLS,ETH,0xeB7fF8281ED74b791e32dba9f100F50638f9F558,BIGBALLS.png
Wrapped NXM,WNXM,ETH,0x0d438f3b5175bebc262bf23753c1e53d03432bde,WNXM.png
Ankr Staked ETH,ankrETH,ETH,0xe95a203b1a91a908f9b9ce46459d101078c2c3cb,ankrETH.png
Wrapped Centrifuge,WCFG,ETH,0xc221b7e65ffc80de234bbb6667abdd46593d34f0,WCFG.png
sETH2,SETH2,ETH,0xFe2e637202056d30016725477c5da089Ab0A043A,SETH2.png
Wrapped Ampleforth,WAMPL,ETH,0xedb171c18ce90b633db442f2a6f72874093b49ef,WAMPL.png
Lido Staked Matic,stMATIC,ETH,0x9ee91F9f426fA633d227f7a9b000E28b9dfd8599,stMATIC.png
Wrapped TAO,WTAO,ETH,0x77E06c9eCCf2E797fd462A92B6D7642EF85b0A44,WTAO.png
Wrapped Origin Ether,WOETH,ETH,0xDcEe70654261AF21C44c093C300eD3Bb97b78192,WOETH.png
crvUSD,CRVUSD,ETH,0xf939e0a03fb07f59a73314e73794be0e57ac1b4e,CRVUSD.png
swETH,SWETH,ETH,0xf951E335afb289353dc249e82926178EaC7DEd78,SWETH.png
pufETH,PUFETH,ETH,0xD9A442856C234a39a81a089C06451EBAa4306a72,PUFETH.png
Restaked Swell Ethereum,RSWETH,ETH,0xFAe103DC9cf190eD75350761e95403b7b8aFa6c0,RSWETH.png
Eigenpie mstETH,MSTETH,ETH,0x49446a0874197839d15395b908328a74ccc96bc0,MSTETH.png
Axelar Wrapped Frax Eth,AXLFRXETH,ETH,0xEcc68d0451E20292406967Fe7C04280E5238Ac7D,AXLFRXETH.png
pzETH,PZETH,ETH,0x8c9532a60E0E7C6BbD2B2c1303F63aCE1c3E9811,PZETH.png
Ignition,FBTC,ETH,0xC96dE26018A54D51c097160568752c4E3BD6C364,FBTC.png
King Protocol,KING,ETH,0x8F08B70456eb22f6109F57b8fafE862ED28E6040,KING.png
Savings crvUSD,SCRVUSD,ETH,0x0655977FEb2f289A4aB78af67BAB0d17aAb84367,SCRVUSD.png
Wrapped QUIL,WQUIL,ETH,0x8143182a775c54578c8b7b3ef77982498866945d,WQUIL.png
tBTC,TBTC,ETH,0x8daebade922df735c38c80c7ebd708af50815faa,TBTC.png
renBTC,RENBTC,ETH,0xeb4c2781e4eba804ce9a9803c67d0893436bb27d,RENBTC.png
Wrapped LUNA Classic,WLUNC,ETH,0xd2877702675e6ceb975b4a1dff9fb7baf4c91ea9,WLUNC.png
Wrapped Harmony,WONE,ETH,0xD5cd84D6f044AbE314Ee7E414d37cae8773ef9D3,WONE.png
Wrapped Alvey Chain,WALV,ETH,0x256D1fCE1b1221e8398f65F9B36033CE50B2D497,WALV.png
Wrapped CANTO,WCANTO,ETH,0x56c03b8c4fa80ba37f5a7b60caaaef749bb5b220,WCANTO.png
Wrapped Venom,WVENOM,ETH,0x46f84dc6564cdd93922f7bfb88b03d35308d87c9,WVENOM.png
Wrapped Minima,WMINIMA,ETH,0x669c01CAF0eDcaD7c2b8Dc771474aD937A7CA4AF,WMINIMA.png
Wrapped Kaspa,WKAS,ETH,0x112b08621E27e10773ec95d250604a041f36C582,WKAS.png
Wrapped POKT,WPOKT,ETH,0x67f4c72a50f8df6487720261e188f2abe83f57d7,WPOKT.png
Crypto.com Staked ETH,CDCETH,ETH,0xfe18ae03741a5b84e39c295ac9c856ed7991c38e,CDCETH.png
Restaked EIGEN,EZEIGEN,ETH,0xd4fcde9bb1d746Dd7e5463b01Dd819EE06aF25db,EZEIGEN.png
YieldFi yToken,YUSD,ETH,0x1CE7D9942ff78c328A4181b9F3826fEE6D845A97,YUSD.png
pTokens BTC,pBTC,ETH,0x62199B909FB8B8cf870f97BEf2cE6783493c4908,pBTC.png
Ankr Staked MATIC,ankrMATIC,ETH,0x26dcFbFa8Bc267b250432c01C982Eaf81cC5480C,ankrMATIC.png
Wrapped Accumulate,WACME,ETH,0xDF4Ef6EE483953fE3B84ABd08C6A060445c01170,WACME.png
Wrapped Dogecoin,WDOGE,ETH,0x8aa9381b2544b48c26f3b850F6e07E2c5161EB3e,WDOGE.png
ynETH MAX,ynETHx,ETH,0x657d9aba1dbb59e53f9f3ecaa878447dcfc96dcb,ynETHx.png
Merlin Chain (M-BTC),M-BTC,ETH,0x2F913C820ed3bEb3a67391a6eFF64E70c4B20b19,M-BTC.png
Tether USDt,USDT,TRX,TR7NHqjeKQxGTCi8q8ZY4pL8otSzgjLj6t,USDT.png
TRON,TRX,TRX,,TRX.png
USDC,USDC,TRX,TEkxiTehnzSmSe2XqrBj4w32RUN966rdz8,USDC.png
BitTorrent [New],BTT,TRX,TAFjULxiVgT4qWk6UZwjqwZXTSaGaqnVp4,BTT.png
TrueUSD,TUSD,TRX,TUpMhErZL2fhh4sVNULAbNKLokS4GjC1F4,TUSD.png
APENFT,NFT,TRX,TFczxzPhnThNSqr5by8tvxsdCFRRz6cPNq,NFT.png
JUST,JST,TRX,TCFLL5dx5ZJdKnWuesXxi1VPwjLVmWZZy9,JST.png
Flux,FLUX,TRX,TWr6yzukRwZ53HDe3bzcC8RCTbiKa4Zzb6,FLUX.png
Sun [New],SUN,TRX,TSSMHYeV2uE9qYH95DqyoCuNCzEL1NvU3S,SUN.png
USDD,USDD,TRX,TXDk8mbtRbXeYuMNS83CfKPaYYT8XWv9Hz,USDD.png
Verum Coin,VERUM,TRX,TCE4UnEdxoCWfBcZtjDnU4WJPpVeEM6uNm,VERUM.png
WINkLink,WIN,TRX,TLa2f6VPqDgRE67v1736s7bJ8Ray5wYjU7,WIN.png
BUSD,BUSD,TRX,TMz2SWatiAtZVVcH2ebpsbVtYwUPT9EdjH,BUSD.png
SUNDOG,SUNDOG,TRX,TXL6rJbvmjD46zeN1JssfgxvSo99qC8MRT,SUNDOG.png
Measurable Data Token,MDT,TRX,TVoKC3ZhU7rcisPRFgunNwHVmSqfmiTB9m,MDT.png
USDJ,USDJ,TRX,TMwFHYXLJaRUPeW6421aqXL4ZEzPRFGkGT,USDJ.png
Pallapay,PALLA,TRX,TCfLxS9xHxH8auBL3T8pf3NFTZhsxy4Ncg,PALLA.png
PussFi,PUSS,TRX,TX5eXdf8458bZ77fk8xdvUgiQmC3L93iv7,PUSS.png
Minati Coin,MNTC,TRX,TSw4Kg3y5AvPpYeq8jPSALUDzYNfRd1VQa,MNTC.png
Tron Bull,BULL,TRX,TAt4ufXFaHZAEV44ev7onThjTnF61SEaEM,BULL.png
Tron Bull,TBULL,TRX,TPeoxx1VhUMnAUyjwWfximDYFDQaxNQQ45,TBULL.png
GMCoin,GMCOIN,TRX,1002357,GMCOIN.png
SUNCAT,SUNCAT,TRX,TAwAg9wtQzTMFsijnSFotJrpxhMm3AqW1d,SUNCAT.png
Sugar Boy,SUGAR,TRX,TQKQRxEDH2vhtxGB4obGeHwu7AqGDryU3C,SUGAR.png
MUNCAT,MUNCAT,TRX,TE2T2vLnEQT1XW647EAQAHWqd6NZL1hweR,MUNCAT.png
Coconut Chicken,CCC,TRX,TRv9ipj4kKAZqQggQ7ceJpe5ERD1ZShpgs,CCC.png
Funex,FUNEX,TRX,TMYBRDphyekK3JR31RuthpUx6N8Qcj6Wao,FUNEX.png
Invest Zone,IVfun,TRX,TSig7sWzEL2K83mkJMQtbyPpiVSbR6pZnb,IVfun.png
Fofar (fofar.meme),FOFAR,TRX,TUFonyWZ4Tza5MzgDj6g2u5rfdGoRVYG7g,FOFAR.png
Bitcoin Standard Hashrate Token,BTCST,TRX,TFVge5Nb6or8cpdtdwPuXSGqLHpj3PM9Rp,BTCST.png
sunpepe,SUNPEPE,TRX,TAzpJHxxgJd8f5AKjzndEndH3S9pzNUM5W,SUNPEPE.png
PulsePad,PLSPAD,TRX,TRrgCFW4VuZ7BYjKs7WByJwPosT5QCeWTE,PLSPAD.png
PRivaCY Coin,PRCY,TRX,TYV5eu6UgSPtxVLkPD9YfxmUEcXhum35yS,PRCY.png
To The Sun,SUNPUMP,TRX,TMwk13CthNktLiNpo8WDRuUMpyrzZTVZYH,SUNPUMP.png
BeatzCoin,BTZC,TRX,1002413,BTZC.png
WhiteBIT Coin,WBT,TRX,TFptbWaARrWTX5Yvy3gNG5Lm8BmhPx82Bt,WBT.png
HTX,HTX,TRX,TUPM7K8REVzD2UdV4R5fe5M8XbnR2DdoJ6,HTX.png
Moneta Digital,MMXN,TRX,TY7copxkSQZBym6eTGMEdrqPHaNNsmjxKe,MMXN.png
wstUSDT,WSTUSDT,TRX,TGkxzkDKyMeq2T7edKnyjZoFypyzjkkssq,WSTUSDT.png
Kyrrex,KRRX,TRX,THS2ZuQowumzFPD1z3wchB1PijWMggUgmA,KRRX.png
Rock Dao,ROCK,TRX,TZ3c6bmoqVeq9YEEBMSNrBLq2rHJ1vR8Nc,ROCK.png
Fimarkcoin,FMC,TRX,TF8EjxT89LmcUNKV3fq55oeD5V44V7tjo2,FMC.png
Zedxion,ZEDXION,TRX,TUP3g7kbaESRFRhULeA19USSrcVBEpWLVY,ZEDXION.png
TTcoin,TC,TRX,TCMwzYUUCxLkTNpXjkYSBgXgqXwt7KJ82y,TC.png
SUNBEANS,BEANS,TRX,TQCfza5xo7srwPsYvdpQgYbgQAUWcAcjSa,BEANS.png
SunWukong,SUNWUKONG,TRX,TP3prcvQknVthrVnn281cKST56eWiLgJJM,SUNWUKONG.png
PayNet Coin,PAYN,TRX,TQYuR8FpmhMJK3ZpfoTgERjaZRywqMnFAH,PAYN.png
Bybyecar,BBC,TRX,TRrkeSxEypfiTn7gU3Gg3tP756cEhK493b,BBC.png
UAHg,UAHG,TRX,TK4zHRAU1WrRPivksia3BMs2JvSLT63opb,UAHG.png
ROCK,ROCK,TRX,TJvwMR3RjHc8jA9QwwjWGANrR3Y4scLSZm,ROCK.png
Tron cat,TCAT,TRX,TVgHqeP41s3qMDH3oKBsScEUzvyXw6bKAm,TCAT.png
CAMELL,CAMT,TRX,TTLVdtBYipLVqVbPaaQb2Zbcubbpddtxu7,CAMT.png
Fanatico,FCO,TRX,TVE6ZBZeJeXGFLfwSuLwY7JRhBXmiLaZbg,FCO.png
Bitcoin TRC20,BTCT,TRX,TN3W4H6rK2ce4vX9YnFQHwKENnHjoxb3m9,BTCT.png
Your Future Exchange,YFX,TRX,TAP7qf8Ao26ZAKYS5E6SGozUNoSLvBHsGa,YFX.png
Black Phoenix,BPX,TRX,TXBcx59eDVndV5upFQnTR2xdvqFd5reXET,BPX.png
Sun Wukong,WUKONG,TRX,TEwVKxHpTeX35wK8kwkMM3tUC84moFWVGe,WUKONG.png
uShark,USHARK,TRX,TE9f8MGouEdh2jPqDaUgUVaJYLKkV6vhv6,USHARK.png
Brazilian Digital Token,BRZ,TRX,TQcQqPv8u49Hn6FaUe6F6bGM2cYiyxPtq2,BRZ.png
EcoSmart,ECG,TRX,TLWH5YFXkd9UgU6gspkfy7bUEJuYmtDq5i,ECG.png
Guarantee,TEE,TRX,TQX4NJaSspcjXWUDHMgjcejRZ7k1VojNLz,TEE.png
DedaCoin,DEDA,TRX,TZ6gek9k3F4jke9j3DVeiycEXy8NJKTxQc,DEDA.png
Europa Coin (europacoin.fun),EURC,TRX,TYHpPwVAJwkcXBEZNhw4AWi8f7JWsJ8uL6,EURC.png
Hiver,HIT,TRX,TQ4rFMdLZfioGJ7wmsUjWNyCnT4pMuv6ro,HIT.png
Companion Pet Coin,CPC,TRX,TKTtVPdJDKpEqEf8ny8p2BcSyUjGhoUeJN,CPC.png
BitTorrent,BTTOLD,TRX,1002000,BTTOLD.png
Prospective,PROS,TRX,TFf1aBoNFqxN32V2NQdvNrXVyYCy9qY8p1,PROS.png
TieDan,TIEDAN,TRX,TCR2f2EZEriqFV2b6nfnsZ7TUcVRyx8U8S,TIEDAN.png
BemChain,BCN,TRX,TAoA331n3iKDkR62kAZ4H2n3vNL7y3d8x9,BCN.png
GOLCOIN,GOLC,TRX,TDXyBerEqKHrGLEQFH9S3prXHPQiqaDsTA,GOLC.png
Squid Game (squidgametoken.vip),SQUID,TRX,TSjUeAj5y2p1QBX7353CKDAqHdb6gcpJhR,SQUID.png
Zapo AI,ZAPO,TRX,TPUZseUsV89tM157aLfkuKYEaRKzBirmRb,ZAPO.png
Ruby Currency,RBC,TRX,TCeEjxAJUxfPCoWwuKxgo1mFwAASsj421j,RBC.png
Uplift,LIFT,TRX,TGo8MJaSxvVVicZ1ixC7n3ibJMt9NJvxuU,LIFT.png
TRON MASCOT,SUNTRON,TRX,TPP9Pq2LQwtrwfyUDLSyFsKJwJjFouf45B,SUNTRON.png
Pearl,PEARL,TRX,TGbu32VEGpS4kDmjrmn5ZZJgUyHQiaweoq,PEARL.png
Dark Energy Crystals,DEC,TRX,1002361,DEC.png
JackPool.finance,JFI,TRX,TN7zQd2oCCguSQykZ437tZzLEaGJ7EGyha,JFI.png
TronDog,TRONDOG,TRX,TEKWczHwjSiS75N37YSz1fgraZLuarks86,TRONDOG.png
Social Swap Token,SST,TRX,TBLQs7LqUYAgzYirNtaiX3ixnCKnhrVVCe,SST.png
Degree Crypto Token,DCT,TRX,TRwptGFfX3fuffAMbWDDLJZAZFmP6bGfqL,DCT.png
FRED,FRED,TRX,TFenNvccFr9zvkh9xhQspcAxY4xxttNkWg,FRED.png
Biaoqing,BIAO,TRX,TR95WcjR78Y4puyv8BkbFuxaf4WcvmmPpd,BIAO.png
Cyber Dog,CDOG,TRX,TVXmroHbJsJ6rVm3wGn2G9723yz3Kbqp9x,CDOG.png
Mineral,MNR,TRX,TGj1Ej1qRzL9feLTLhjwgxXF4Ct6GTWg2U,MNR.png
Tourism Industry Metaverse,TIM,TRX,TQH4JFjzGnWswNeaCxFJi3pSqmsvTXULY8,TIM.png
Tether CNHt,CNHt,TRX,TCfCGjekyqmdYt1yxfUM5v5SDtaY6tuWik,CNHt.png
CORN,CORN,TRX,TDAcEgFppHPMfsJdr3kdhUhDFWKTZQVMM5,CORN.png
Pollchain,POLL,TRX,TFZkrMkKawhgH2gLUhL8Q7N5sFY7bxJJyn,POLL.png
NewYork Exchange,NYE,TRX,TN5mkbUkVYxDpSDBpt8iA8UwtB5Gta4m4X,NYE.png
ATO+,ATOPLUS,TRX,TDEko7QkjbKUPGSQeYmAVKjeE6HSoGTPUd,ATOPLUS.png
GreenZoneX,GZX,TRX,TFQG8ctrZJdiGokXZ2Jznd9M9Vv9nNhY3N,GZX.png
VidyX,VIDYX,TRX,1003518,VIDYX.png
Good Person Coin,GPCX,TRX,1003026,GPCX.png
Dragon Sun,DRGN,TRX,TV5yB8f4AdoAfVVUdkytyZnX5e7SeGAZr2,DRGN.png
Carrot,CRT,TRX,TZ7EvoZdEet2P9E2DKf9CtKf6EAyFwRAS3,CRT.png
Troge,TROGE,TRX,TGNSVoPx9Z8wKnMt62bKbptnNjtyPmhtWo,TROGE.png
Mainstream For The Underground,MFTU,TRX,TPAQRJSVatTZLLaguCFMXGFKegKnqnKH2s,MFTU.png
WHITEX,WHX,TRX,TD2dhNc3fm4EaktzfybjsGKTVWhomsEVdJ,WHX.png
MCOBIT,MCT,TRX,TC3a6T5PVybdbKE3Q5WDBo2KqSNwaD4vy1,MCT.png
MUSE ENT NFT,MSCT,TRX,TD1zWDso8wc3eDhQvwH7wvRrSj8K8pEMPG,MSCT.png
Cornatto,CNC,TRX,TL5BvThAMg9QBCvbgXu7HwHh8HqGdAq4DD,CNC.png
CryptoBharatCoin,CBC,TRX,TDFRfJLThnLXgtEBBBmA2LGwz3Ex9dAMCE,CBC.png
Catena,CMCX,TRX,TKg1nGjtWYDcf1HNTSNQtwGwNAuTxd1X2A,CMCX.png
Chainpay,CPAY,TRX,TFyfB5ggmPwVDs8kU2X9vPY7idzaNpaVno,CPAY.png
BIZZCOIN,BIZZ,TRX,TLZ1eA1KM7qgRk4VWQ9GyPHGDh4KdGrF7w,BIZZ.png
TRONbetLive,LIVE,TRX,TVgAYofpQku5G4zenXnvxhbZxpzzrk8WVK,LIVE.png
UMI,UMI,TRX,TDH9sTjrxgrL8oogwMYw4Lq8UK25pTfp3d,UMI.png
PalGold,PALG,TRX,1003887,PALG.png
Daisy Launch Pad,DAISY,TRX,TPrDk8WfuMheRFiC3Q5FsmCq74GuQXGcdL,DAISY.png
The Flash Currency,TFC,TRX,1004117,TFC.png
Asia Pacific Electronic Coin,APECOIN,TRX,TGpSN8kvoaHqTFJr5MUiXTdK5L68Yyasqz,APECOIN.png
MMScash,MCASH,TRX,TPJHNTxXcPVcgj2k2CHhQqCapEbMkzWFb7,MCASH.png
Adonis,ADON,TRX,TQ9ix95E9V1CVPp3wsFChQTf2fhKwvwpcg,ADON.png
CryptoNeur Network foundation,CNF,TRX,TKRYQndqTdnU4Bg17gY39rooyK6CzM3ush,CNF.png
BitBegin,BRIT,TRX,TK89GM2QU8z7eiyhL24xezefBAoFUYJ5nh,BRIT.png
Extraterrestrial Token,ET,TRX,TVxA6SiicW236YAQSELRxth52Tp9ypxkr2,ET.png
Jot Art,JOT,TRX,TVpRseqNaYqNQ5NVxrUpzk1SYpS2JaJum4,JOT.png
Staked USDT,STUSDT,TRX,TThzxNRLrW2Brp9DcTQU8i4Wd9udCWEdZ3,STUSDT.png
Tron Inu,TINU,TRX,TNQFofWidmW9XXwSGL8jKp83AFJXEUAQBE,TINU.png
Quby,QUBY,TRX,TRgnuKcAx4pNPS4hgLMNugKKtSrAqhGXM2,QUBY.png
Donald Tronp,TRONP,TRX,TMzL76DsutH1dBzKgsmrip6GWb8217rmmt,TRONP.png
SUNLION,SUNLION,TRX,TBk4dXtfo6j3rxPc1VJDhA7BsVi2XHK1bi,SUNLION.png
Sungou,SUNGOU,TRX,TGuYSWccjLjRdsyKoUrTYv9VoChJANDqRj,SUNGOU.png
Birddog (birddogtron.com),BOG,TRX,TYteXtNLyZb9D6vZatpwvkq52YrdSMP4Y1,BOG.png
Madhouse,MAD,TRX,TBoupmmqSwULKpa3jQJZuWNPDpbzfT2Grh,MAD.png
MEW WOOF DAO,MWD,TRX,TEfg1LnM3yApCjAgax35wDg6SRpmZFuQS3,MWD.png
SunMaga,SUNMAGA,TRX,TWsdQJBvSmTCNKmp7pJ3XCZBfmiNMtdSGb,SUNMAGA.png
Neiro on Tron,NEIRO,TRX,TCGPc27oyS2x7S5pex7ssyZxZ2edPWonk2,NEIRO.png
S.D.O.G.E,SDOGE,TRX,TBGa9VN3w3t6YyD4fwgN8cuFSauoUVTHMN,SDOGE.png
BMS COIN,BMS,TRX,TYQ2rbuRmcPuTQVWnx71BMsqxj46rteweH,BMS.png
Wrapped TRON,WTRX,TRX,TNUC9Qb1rRpS5CbWLmNMxXBjyFoydXjWFR,WTRX.png
Staked TRX,STRX,TRX,TU3kjFuhtEo42tsCBtfYUAZxoqQ4yuSLQ5,STRX.png
Litecoin,LTC,BNB,0x4338665cbb7b2485a8855a139b75d5e34ab0db94,LTC.png
XRP,XRP,BNB,0x1d2f0da169ceb9fc7b3144628db156f3f6c60dbe,XRP.png
Dogecoin,DOGE,BNB,0xba2ae424d960c26247dd6c32edc70b295c744c43,DOGE.png
Tether USDt,USDT,BNB,0x55d398326f99059ff775485246999027b3197955,USDT.png
Ethereum,ETH,BNB,0x2170ed0880ac9a755fd29b2688956bd959f933f8,ETH.png
Ethereum Classic,ETC,BNB,0x3d6545b08693dae087e957cb1180ee38b9e3c25e,ETC.png
Bitcoin Cash,BCH,BNB,0x8fF795a6F4D97E7887C79beA79aba5cc76444aDf,BCH.png
TRON,TRX,BNB,0xCE7de646e7208a4Ef112cb6ed5038FA6cC6b12e3,TRX.png
Chainlink,LINK,BNB,0xf8a0bf9cf54bb92f17374d9e9a321e6a111a51bd,LINK.png
Cardano,ADA,BNB,0x3ee2200efb3400fabb9aacf31297cbdd1d435d47,ADA.png
Filecoin,FIL,BNB,0x0d8ce2a99bb6e3b7db580ed848240e4a0f9ae153,FIL.png
USDC,USDC,BNB,0x8ac76a51cc950d9822d68b83fe1ad97b32cd580d,USDC.png
Dai,DAI,BNB,0x1af3f329e8be154074d8769d1ffa4ee058b1dbc3,DAI.png
Avalanche,AVAX,BNB,0x1ce0c2827e2ef14d5c4f29a091d735a204794041,AVAX.png
MANTRA,OM,BNB,0xf78d2e7936f5fe18308a3b2951a93b6c4a41f5e2,OM.png
Polkadot,DOT,BNB,0x7083609fce4d1d8dc0c979aab8c869ea2c873402,DOT.png
Uniswap,UNI,BNB,0xbf5140a22578168fd562dccf235e5d43a02ce9b1,UNI.png
Aave,AAVE,BNB,0xfb6115445bff7b52feb98650c87f44907e58f802,AAVE.png
Toncoin,TON,BNB,0x76a797a59ba2c17726896976b7b3747bfd1d220f,TON.png
First Digital USD,FDUSD,BNB,0xc5f0f7b66764F6ec8C8Dff7BA683102295E16409,FDUSD.png
Ethena USDe,USDe,BNB,0x5d3a1ff2b6bab83b63cd9ad0787074081a52ef34,USDe.png
Maker,MKR,BNB,0x5f0da599bb2cccfcf6fdfd7d81743b6020864350,MKR.png
EOS,EOS,BNB,0x56b6fb708fc5732dec1afc8d8556423a2edccbd6,EOS.png
Nexo,NEXO,BNB,NEXO-A84,NEXO.png
Artificial Superintelligence Alliance,FET,BNB,0x031b41e504677879370e9dbcf937283a8691fa7f,FET.png
Cosmos,ATOM,BNB,0x0eb3a705fc54725037cc9e008bdede697f62f335,ATOM.png
Axie Infinity,AXS,BNB,0x715d400f88c167884bbcc41c5fea407ed4d2f8a0,AXS.png
PancakeSwap,CAKE,BNB,0x0e09fabb73bd3ade0a17ecc321fd13a19e81ce82,CAKE.png
PancakeSwap,CAKE,BNB,0x2779106e4F4A8A28d77A24c18283651a2AE22D1C,CAKE.png
Injective,INJ,BNB,0xa2b726b1145a4773f68593cf171187d8ebe4d495,INJ.png
DeXe,DEXE,BNB,0x6E88056E8376Ae7709496Ba64d37fa2f8015ce3e,DEXE.png
Lido DAO,LDO,BNB,0x986854779804799C1d68867F5E03e601E781e41b,LDO.png
Raydium,RAY,BNB,0x13b6A55662f6591f8B8408Af1C73B017E32eEdB8,RAY.png
FLOKI,FLOKI,BNB,0xfb5b838b6cfeedc2873ab27866079ac55363d37e,FLOKI.png
BitTorrent [New],BTT,BNB,0x352Cb5E19b12FC216548a2677bD0fce83BaE434B,BTT.png
Onyxcoin,XCN,BNB,0x7324c7C0d95CEBC73eEa7E85CbAac0dBdf88a05b,XCN.png
Bonk,BONK,BNB,0xA697e272a73744b343528C3Bc4702F2565b2F422,BONK.png
Zcash,ZEC,BNB,0x1ba42e5193dfa8b03d15dd1b86a3113bbbef8eeb,ZEC.png
TrueUSD,TUSD,BNB,0x40af3827F39D0EAcBF4A168f8D4ee67c121D11c9,TUSD.png
TrueUSD,TUSD,BNB,TUSDB-888,TUSD.png
Synthetix,SNX,BNB,0x9ac983826058b8a9c7aa1c9171441191232e8404,SNX.png
Polygon,MATIC,BNB,0xcc42724c6683b7e57334c4e856f4c9965ed682bd,MATIC.png
Terra Classic,LUNC,BNB,0x156ab3346823B651294766e23e6Cf87254d68962,LUNC.png
FTX Token,FTT,BNB,FTT-F11,FTT.png
PAX Gold,PAXG,BNB,0x7950865a9140cb519342433146ed5b40c6f210f7,PAXG.png
Kava,KAVA,BNB,KAVA-10C,KAVA.png
Compound,COMP,BNB,0x52ce071bd9b1c4b00a0b92d298c512478cad67e8,COMP.png
Trust Wallet Token,TWT,BNB,0x4b0f1812e5df2a09796481ff14017e6005508003,TWT.png
Trust Wallet Token,TWT,BNB,TWT-8C2,TWT.png
1inch Network,1INCH,BNB,0x111111111117dc0aa78b770fa6a738034120c302,1INCH.png
AIOZ Network,AIOZ,BNB,0x33d08D8C7a168333a85285a68C0042b39fC3741D,AIOZ.png
Pendle,PENDLE,BNB,0xb3Ed0A426155B79B898849803E3B36552f7ED507,PENDLE.png
APENFT,NFT,BNB,0x20ee7b720f4e4c4ffcb00c4065cdae55271aecca,NFT.png
Axelar,AXL,BNB,0x8b1f4432F943c465A973FeDC6d7aa50Fc96f1f65,AXL.png
BinaryX,BNX,BNB,0x5b1f874d0b0C5ee17a495CbB70AB8bf64107A3BD,BNX.png
LayerZero,ZRO,BNB,0x6985884c4392d348587b19cb9eaaf157f13271cd,ZRO.png
Beam,BEAM,BNB,0x62D0A8458eD7719FDAF978fe5929C6D342B0bFcE,BEAM.png
Basic Attention Token,BAT,BNB,0x101d82428437127bf1608f699cd651e6abf9766e,BAT.png
Zilliqa,ZIL,BNB,0xb86abcb37c3a4b64f74f59301aff131a1becc787,ZIL.png
Ankr,ANKR,BNB,0xf307910a4c7bbc79691fd374889b36d8531b08e3,ANKR.png
SushiSwap,SUSHI,BNB,0x947950BcC74888a40Ffa2593C5798F11Fc9124C4,SUSHI.png
WOO,WOO,BNB,0x4691937a7508860f876c9c0a2a617e7d9e945d4b,WOO.png
Oasis,ROSE,BNB,0xF00600eBC7633462BC4F9C61eA2cE99F5AAEBd4a,ROSE.png
SafePal,SFP,BNB,0xd41fdb03ba84762dd66a0af1a6c8540ff1ba5dfb,SFP.png
Mask Network,MASK,BNB,0x2ed9a5c8c13b93955103b9a7c167b67ef4d568a3,MASK.png
Baby Doge Coin,BabyDoge,BNB,0xc748673057861a797275cd8a068abb95a902e8de,BabyDoge.png
SPACE ID,ID,BNB,0x2dfF88A56767223A5529eA5960Da7A3F5f766406,ID.png
Polyhedra Network,ZKJ,BNB,0xC71B5F631354BE6853eFe9C3Ab6b9590F8302e81,ZKJ.png
aelf,ELF,BNB,0xa3f020a5c92e15be13caf0ee5c95cf79585eecc9,ELF.png
SwftCoin,SWFTC,BNB,0xe64e30276c2f826febd3784958d6da7b55dfbad3,SWFTC.png
Beldex,BDX,BNB,0x90bbdDbF3223363898065b9C736e2B86C655762b,BDX.png
yearn.finance,YFI,BNB,0x88f1a5ae2a3bf98aeaf342d26b30a79438c9142e,YFI.png
Frax,FRAX,BNB,0x90C97F71E18723b0Cf0dfa30ee176Ab653E89F40,FRAX.png
Alchemy Pay,ACH,BNB,0xBc7d6B50616989655AfD682fb42743507003056D,ACH.png
Chintai,CHEX,BNB,0x9Ce84F6A69986a83d92C324df10bC8E64771030f,CHEX.png
GMT,GMT,BNB,0x3019BF2a2eF8040C242C9a4c5c4BD4C81678b2A1,GMT.png
Metars Genesis,MRS,BNB,0x238d02ee3f80fbf5e381f049616025c186889b68,MRS.png
ZetaChain,ZETA,BNB,0x0000028a2eB8346cd5c0267856aB7594B7a55308,ZETA.png
Cheelee,CHEEL,BNB,0x1F1C90aEb2fd13EA972F0a71e35c0753848e3DB0,CHEEL.png
Zeebu,ZBU,BNB,0x4D3dc895a9EDb234DfA3e303A196c009dC918f84,ZBU.png
Meta Games Coin,MGC,BNB,0xbb73BB2505AC4643d5C0a99c2A1F34B3DfD09D11,MGC.png
AI Companions,AIC,BNB,0xbe6ad1eb9876cf3d3f9b85feecfb400298e80143,AIC.png
insurance,INSURANCE,BNB,0x64E4fea6e4F3637025c7Bcd878E2B238B01f7D4e,INSURANCE.png
Waves,WAVES,BNB,0xcbc86b26e0BD751683ecF2581B21f7cE4a224042,WAVES.png
Ontology,ONT,BNB,0xfd7b3a77848f1c2d67e05e54d78d174a0c850335,ONT.png
IoTeX,IOTX,BNB,0x9678e42cebeb63f23197d726b29b1cb20d0064e5,IOTX.png
Flux,FLUX,BNB,0xaff9084f2374585879e8b434c399e29e80cce635,FLUX.png
COTI,COTI,BNB,0xadbaf88b39d37dc68775ed1541f1bf83a5a45feb,COTI.png
COTI,COTI,BNB,COTI-CBB,COTI.png
Band Protocol,BAND,BNB,0xad6caeb32cd2c308980a548bd0bc5aa4306c6c18,BAND.png
Sologenic,SOLO,BNB,0xc2c28b58db223da89b567a0a98197fc17c115148,SOLO.png
Frax Share,FXS,BNB,0xe48A3d7d0Bc88d552f730B62c006bC925eadB9eE,FXS.png
GoМining,GOMINING,BNB,0x7Ddc52c4De30e94Be3A6A0A2b259b2850f421989,GOMINING.png
USDD,USDD,BNB,0x392004BEe213F1FF580C867359C246924f21E6Ad,USDD.png
Gravity,G,BNB,0x9C7BEBa8F6eF6643aBd725e45a4E8387eF260649,G.png
Cheems (cheems.pet),CHEEMS,BNB,0x0df0587216a4a1bb7d5082fdc491d93d2dd4b413,CHEEMS.png
Velo,VELO,BNB,0xf486ad071f3bee968384d2e39e2d8af0fcf6fd46,VELO.png
48 Club Token,KOGE,BNB,0xe6df05ce8c8301223373cf5b969afcb1498c5528,KOGE.png
Venus,XVS,BNB,0xcf6bb5389c92bdda8a3747ddb454cb7a64626c63,XVS.png
Venus,XVS,BNB,0x3E2e61F1c075881F3fB8dd568043d8c221fd5c61,XVS.png
ZIGChain,ZIG,BNB,0x8C907e0a72C3d55627E853f4ec6a96b0C8771145,ZIG.png
World Mobile Token,WMTX,BNB,0xDBB5Cf12408a3Ac17d668037Ce289f9eA75439D7,WMTX.png
ChainGPT,CGPT,BNB,0x9840652DC04fb9db2C43853633f0F62BE6f00f98,CGPT.png
Open Campus,EDU,BNB,0xBdEAe1cA48894A1759A8374D63925f21f2Ee2639,EDU.png
Altlayer,ALT,BNB,0x8457ca5040ad67fdebbcc8edce889a335bc0fbfb,ALT.png
MyShell,SHELL,BNB,0xf2c88757f8d03634671208935974B60a2a28Bdb3,SHELL.png
CZ'S Dog (broccoli.gg),BROCCOLI,BNB,0x6d5AD1592ed9D6D1dF9b93c793AB759573Ed6714,BROCCOLI.png
MVL,MVL,BNB,0x5f588efaf8eb57e3837486e834fc5a4e07768d98,MVL.png
Ontology Gas,ONG,BNB,0x308bfaeAaC8BDab6e9Fc5Ead8EdCb5f95b0599d9,ONG.png
Celer Network,CELR,BNB,0x1f9f6a696c6fd109cd3956f45dc709d2b3902163,CELR.png
Orbs,ORBS,BNB,0x43a8cab15D06d3a5fE5854D714C37E7E9246F170,ORBS.png
Chromia,CHR,BNB,0xf9CeC8d50f6c8ad3Fb6dcCEC577e05aA32B224FE,CHR.png
Prom,PROM,BNB,0xaf53d56ff99f1322515e54fdde93ff8b3b7dafd5,PROM.png
XPR Network,XPR,BNB,0x5de3939b2f811a61d830e6f52d13b066881412ab,XPR.png
Cartesi,CTSI,BNB,0x8da443f84fea710266c8eb6bc34b71702d033ef2,CTSI.png
Smooth Love Potion,SLP,BNB,0x070a08BeEF8d36734dD67A491202fF35a6A16d97,SLP.png
TerraClassicUSD,USTC,BNB,0x23396cf899ca06c4472205fc903bdb4de249d6fc,USTC.png
Dogelon Mars,ELON,BNB,0x7bd6FaBD64813c48545C9c0e312A0099d9be2540,ELON.png
Yield Guild Games,YGG,BNB,0x13Ab6739368a4e4abf24695bf52959224367391f,YGG.png
Delysium,AGI,BNB,0x818835503f55283cd51a4399f595e295a9338753,AGI.png
Verum Coin,VERUM,BNB,0xE6e4D9E1ddd783b6BeEccC059ABc17be88EE1A03,VERUM.png
Test,TST,BNB,0x86Bb94DdD16Efc8bc58e6b056e8df71D9e666429,TST.png
dForce,DF,BNB,0x4A9A2b2b04549C3927dd2c9668A5eF3fCA473623,DF.png
Kyber Network Crystal v2,KNC,BNB,0xfe56d5892bdffc7bf58f2e84be1b2c32d21c308b,KNC.png
Coin98,C98,BNB,0xaec945e04baf28b135fa7c640f624f8d90f1c3a6,C98.png
Synapse,SYN,BNB,0xa4080f1778e69467e905b8d6f72f6e441f9e9484,SYN.png
MetFi,METFI,BNB,0x3E7f1039896454B9cb27c53CC7383e1AB9D9512a,METFI.png
Non-Playable Coin,NPC,BNB,0xFEbfA339E44c28E2aa9E62Ea1027C9CB4e378605,NPC.png
Sleepless AI,AI,BNB,0xBDA011D7F8EC00F66C1923B049B94c67d148d8b2,AI.png
Simon's Cat,CAT,BNB,0x6894CDe390a3f51155ea41Ed24a33A4827d3063D,CAT.png
Hey Anon,ANON,BNB,BSC: 0x79bbF4508B1391af3A0F4B30bb5FC4aa9ab0E07C,ANON.png
WINkLink,WIN,BNB,0xaef0d72a118ce24fee3cd1d43d383897d05b4e99,WIN.png
Shentu,CTK,BNB,0xa8c2b8eec3d368c0253ad3dae65a5f2bbb89c929,CTK.png
inSure DeFi,SURE,BNB,0x9b17baadf0f21f03e35249e0e59723f34994f806,SURE.png
Bella Protocol,BEL,BNB,0x8443f091997f06a61670b735ed92734f5628692f,BEL.png
BakeryToken,BAKE,BNB,0xE02dF9e3e622DeBdD69fb838bB799E3F168902c5,BAKE.png
DODO,DODO,BNB,0x67ee3Cb086F8a16f34beE3ca72FAD36F7Db929e2,DODO.png
Bounce Token,AUCTION,BNB,0x1188d953afc697c031851169eef640f23ac8529c,AUCTION.png
Seedify.fund,SFUND,BNB,0x477bc8d23c634c154061869478bce96be6045d12,SFUND.png
Highstreet,HIGH,BNB,0x5f4Bde007Dc06b867f86EBFE4802e34A1fFEEd63,HIGH.png
SmarDex,SDEX,BNB,0xfdc66a08b0d0dc44c17bbd471b88f49f50cdd20f,SDEX.png
Pixer Eternity,PXT,BNB,0xeB79c85c6d633AE81C97Be71E1691EE7Dc6E132D,PXT.png
Cookie DAO,COOKIE,BNB,0xc0041ef357b183448b235a8ea73ce4e4ec8c265f,COOKIE.png
Lumia,LUMIA,BNB,0x7F39BcdCa8E0E581c1d43aaa1cB862AA1c8C2047,LUMIA.png
Loom Network,LOOM,BNB,0xe6ce27025f13f5213bbc560dc275e292965a392f,LOOM.png
ARPA,ARPA,BNB,0x6f769e65c14ebd1f68817f5f1dcdb61cfa2d6f7e,ARPA.png
Dusk,DUSK,BNB,0xb2bd0749dbe21f623d9baba856d3b0f0e1bfec9c,DUSK.png
Dusk,DUSK,BNB,DUSK-45E,DUSK.png
BUSD,BUSD,BNB,0xe9e7cea3dedca5984780bafc599bd69add087d56,BUSD.png
BUSD,BUSD,BNB,BUSD-BD1,BUSD.png
PARSIQ,PRQ,BNB,0xd21d29b38374528675c34936bf7d5dd693d2a577,PRQ.png
DIA,DIA,BNB,0x99956d38059cf7beda96ec91aa7bb2477e0901dd,DIA.png
Venus BUSD,vBUSD,BNB,0x95c78222B3D6e262426483D42CfA53685A67Ab9D,vBUSD.png
Tornado Cash,TORN,BNB,0x1ba8d3c4c219b124d351f603060663bd1bcd9bbf,TORN.png
CLV,CLV,BNB,0x09E889BB4D5b474f561db0491C38702F367A4e4d,CLV.png
Altura,ALU,BNB,0x8263CD1601FE73C066bf49cc09841f35348e3be0,ALU.png
Stargate Finance,STG,BNB,0xb0d502e938ed5f4df2e681fe6e419ff29631d62b,STG.png
Solidus Ai Tech,AITECH,BNB,0x2d060ef4d6bf7f9e5edde373ab735513c0e4f944,AITECH.png
H2O DAO,H2O,BNB,0xaf3287cae99c982586c07401c0d911bf7de6cd82,H2O.png
lisUSD,lisUSD,BNB,0x0782b6d8c4551B9760e74c0545a9bCD90bdc41E5,lisUSD.png
Lista DAO,LISTA,BNB,0xFceB31A79F71AC9CBDCF853519c1b12D379EdC46,LISTA.png
Hashflow,HFT,BNB,0x44Ec807ce2F4a6F2737A92e985f318d035883e47,HFT.png
THENA,THE,BNB,0xF4C8E32EaDEC4BFe97E0F595AdD0f4450a863a11,THE.png
THENA,THE,BNB,0x9d94a7ff461e83f161c8c040e78557e31d8cba72,THE.png
Cyber,CYBER,BNB,0x14778860e937f509e651192a90589de711fb88a9,CYBER.png
Osaka Protocol,OSAK,BNB,0x11cd72f7A4B699c67f225ca8aBb20bC9F8DB90c7,OSAK.png
Anchored Coins AEUR,AEUR,BNB,0xA40640458FBc27b6EefEdeA1E9C9E17d4ceE7a21,AEUR.png
NetMind Token,NMT,BNB,0x03AA6298F1370642642415EDC0db8b957783e8D6,NMT.png
Mr Mint,MNT,BNB,0x3e81aa8d6813ec9d7e6ddb4e523fb1601a0e86f3,MNT.png
smARTOFGIVING,AOG,BNB,0xb32d4817908f001c2a53c15bff8c14d8813109be,AOG.png
Realio Network,RIO,BNB,0x94a8b4EE5CD64C79D0Ee816f467EA73009f51aA0,RIO.png
Oraichain,ORAI,BNB,0xA325Ad6D9c92B55A3Fc5aD7e412B1518F96441C0,ORAI.png
MyNeighborAlice,ALICE,BNB,0xac51066d7bec65dc4589368da368b212745d63e8,ALICE.png
Toko Token,TKO,BNB,0x9f589e3eabe42ebc94a44727b3f3531c0c877809,TKO.png
MOBOX,MBOX,BNB,0x3203c9e46ca618c8c1ce5dc67e7e9d75f5da2377,MBOX.png
RACA,RACA,BNB,0x12BB890508c125661E03b09EC06E404bc9289040,RACA.png
DAR Open Network,D,BNB,0x8fB238058E71f828F505582E65b1D14f8cf52067,D.png
Solv Protocol,SOLV,BNB,0xabe8e5cabe24cb36df9540088fd7ce1175b9bc52,SOLV.png
Stader,SD,BNB,0x3bc5ac0dfdc871b365d159f728dd1b9a0b5481e8,SD.png
Phoenix,PHB,BNB,0x0409633A72D846fc5BBe2f98D88564D35987904D,PHB.png
Alephium,ALPH,BNB,0x8683BA2F8b0f69b2105f26f488bADe1d3AB4dec8,ALPH.png
Maverick Protocol,MAV,BNB,0xd691d9a68c887bdf34da8c36f63487333acfd103,MAV.png
MARBLEX,MBX,BNB,0xF95a5532D67C944dfa7EDDD2f8c358Fe0dc7FAc2,MBX.png
Hooked Protocol,HOOK,BNB,0xa260e12d2b924cb899ae80bb58123ac3fee1e2f0,HOOK.png
ViciCoin,VCNT,BNB,0xc6BDFC4f2E90196738873E824a9eFa03F7c64176,VCNT.png
Fusionist,ACE,BNB,0xc27A719105A987b4c34116223CAE8bd8F4B5def4,ACE.png
NFPrompt,NFP,BNB,0x551897f8203bd131b350601D3aC0679Ba0Fc0136,NFP.png
OX Coin,OX,BNB,0xba0Dda8762C24dA9487f5FA026a9B64b695A07Ea,OX.png
Heima,HEI,BNB,0xf8f173e20e15f3b6cb686fb64724d370689de083,HEI.png
Aergo,AERGO,BNB,AERGO-46B,AERGO.png
ThunderCore,TT,BNB,0x990e7154bb999faa9b2fa5ed29e822703311ea85,TT.png
MAP Protocol,MAPO,BNB,0x66D79B8f60ec93Bfce0b56F5Ac14A2714E509a99,MAPO.png
DEAPcoin,DEP,BNB,0xcaf5191fc480f43e4df80106c7695eca56e48b18,DEP.png
Stella,ALPHA,BNB,0xa1faa113cbe53436df28ff0aee54275c13b40975,ALPHA.png
Alpha Quark Token,AQT,BNB,0xda5be69074afd12354173b4350ec9117e73e92e2,AQT.png
DAO Maker,DAO,BNB,0x4d2d32d8652058Bf98c772953E1Df5c5c85D9F45,DAO.png
Alien Worlds,TLM,BNB,0x2222227e22102fe3322098e4cbfe18cfebd57c95,TLM.png
Automata Network,ATA,BNB,0xa2120b9e674d3fc3875f415a7df52e382f141225,ATA.png
Radiant Capital,RDNT,BNB,0xf7de7e8a6bd59ed41a4b5fe50278b3b7f31384df,RDNT.png
Tethereum,T99,BNB,0xC98cF0876B23FB1F574Be5c59E4217C80b34D327,T99.png
LimeWire,LMWR,BNB,0x307Bc76E3d59ED73886A9cf9360a9286f6281ba7,LMWR.png
Viction,VIC,BNB,TOMOB-4BC,VIC.png
AVA (Travala),AVA,BNB,0xd9483EA7214FCfd89B4Fb8f513B544920E315A52,AVA.png
LTO Network,LTO,BNB,0x857b222fc79e1cbbf8ca5f78cb133d1b7cf34bbd,LTO.png
LTO Network,LTO,BNB,LTO-BDF,LTO.png
Telos,TLOS,BNB,0x193f4A4a6ea24102F49b931DEeeb931f6E32405d,TLOS.png
Dego Finance,DEGO,BNB,0x3da932456d082cba208feb0b096d49b202bf89c8,DEGO.png
Bitgert,BRISE,BNB,0x8fff93e810a2edaafc326edee51071da9d398e83,BRISE.png
APX,APX,BNB,0x78f5d389f5cdccfc41594abab4b0ed02f31398b3,APX.png
SpaceN,SN,BNB,0x939dd9e433552e325d78c33a16ef4cd8004d2f9c,SN.png
Ice Open Network,ICE,BNB,0xc335df7c25b72eec661d5aa32a7c2b7b2a1d1874,ICE.png
Wise Monkey,MONKY,BNB,0x59e69094398afbea632f8bd63033bdd2443a3be1,MONKY.png
Komodo,KMD,BNB,0x2003f7ba57Ea956B05B85C60B4B2Ceea9b111256,KMD.png
NULS,NULS,BNB,0x8cd6e29d3686d24d3c2018cee54621ea0f89313b,NULS.png
Streamr,DATA,BNB,0x0864c156b3C5F69824564dEC60c629aE6401bf2a,DATA.png
Ampleforth,AMPL,BNB,0xDB021b1B247fe2F1fa57e0A87C748Cc1E321F07F,AMPL.png
DEXTools,DEXT,BNB,0xe91a8d2c584ca93c7405f15c22cdfe53c29896e3,DEXT.png
TokenPocket,TPT,BNB,0xeca41281c24451168a37211f0bc2b8645af45092,TPT.png
Polkastarter,POLS,BNB,0x7e624fa0e1c4abfd309cc15719b7e2580887f570,POLS.png
Star Atlas,ATLAS,BNB,0x83850D97018f665EB746FBb8f18351e977d1b0D6,ATLAS.png
WHY,WHY,BNB,0x9ec02756a559700d8d9e79ece56809f7bcc5dc27,WHY.png
Eurite,EURI,BNB,0x9d1a7a3191102e9f900faa10540837ba84dcbae7,EURI.png
Koma Inu,KOMA,BNB,0xd5eaAaC47bD1993d661bc087E15dfb079a7f3C19,KOMA.png
BugsCoin,BGSC,BNB,0xa4B68D48D7bc6f04420e8077E6F74bdeF809dEa3,BGSC.png
Measurable Data Token,MDT,BNB,0x668db7aa38eac6b40c9d13dbe61361dc4c4611d1,MDT.png
Contentos,COS,BNB,COS-2E4,COS.png
ELYSIA,EL,BNB,0x5357e9c3488c7680e710b46b744e706e484b4ad7,EL.png
RAMP,RAMP,BNB,0x8519ea49c997f50ceffa444d240fb655e89248aa,RAMP.png
RichQUACK.com,QUACK,BNB,0xD74b782E05AA25c50e7330Af541d46E18f36661C,QUACK.png
Biswap,BSW,BNB,0x965f527d9159dce6288a2219db51fc6eef120dd1,BSW.png
Impossible Finance Launchpad,IDIA,BNB,0x0b15ddf19d47e6a86a56148fb4afffc6929bcb89,IDIA.png
Tranchess,CHESS,BNB,0x20de22029ab63cf9A7Cf5fEB2b737Ca1eE4c82A6,CHESS.png
Beta Finance,BETA,BNB,0xbe1a001fe942f96eea22ba08783140b9dcc09d28,BETA.png
Vita Inu,VINU,BNB,0xfEbe8C1eD424DbF688551D4E2267e7A53698F0aa,VINU.png
Metacraft,MCT,BNB,0xdf677713a2c661ecd0b2bd4d7485170aa8c1eceb,MCT.png
Oho,OHO,BNB,0x0576FaD3B0df2722d6bA73E0d37F0658f8cf10cD,OHO.png
Magpie,MGP,BNB,0xD06716E1Ff2E492Cc5034c2E81805562dd3b45fa,MGP.png
OctaSpace,OCTA,BNB,0xfA704148D516b209D52C2D75f239274C8f8EAF1A,OCTA.png
TokenFi,TOKEN,BNB,0x4507cEf57C46789eF8d1a19EA45f4216bae2B528,TOKEN.png
MiraclePlay,MPT,BNB,0xf0E2f2a84C898989C66FCa1d5BCe869E9BC85ddf,MPT.png
Masa,MASA,BNB,0x944824290CC12F31ae18Ef51216A223Ba4063092,MASA.png
Seraph,SERAPH,BNB,0xd6B48CCF41a62EB3891e58D0F006B19B01d50cCa,SERAPH.png
AdEx,ADX,BNB,0x6bff4fb161347ad7de4a625ae5aa3a1ca7077819,ADX.png
Adshares,ADS,BNB,0xcfcecfe2bd2fed07a9145222e8a7ad9cf1ccd22a,ADS.png
COMBO,COMBO,BNB,0xc03fbf20a586fa89c2a5f6f941458e1fbc40c661,COMBO.png
Hacken Token,HAI,BNB,0xaa9e582e5751d703f85912903bacaddfed26484c,HAI.png
MATH,MATH,BNB,0xf218184af829cf2b0019f8e6f0b2423498a36983,MATH.png
Aleph.im,ALEPH,BNB,0x82d2f8e02afb160dd5a480a617692e62de9038c4,ALEPH.png
Suku,SUKU,BNB,0x2c961Ff9b386b597abc58A56F3Ec63E313cADA76,SUKU.png
GamerCoin,GHX,BNB,0xbd7B8e4de08D9b01938F7FF2058F110ee1E0E8d4,GHX.png
Harvest Finance,FARM,BNB,0x4B5C23cac08a567ecf0c1fFcA8372A45a5D33743,FARM.png
Linear Finance,LINA,BNB,0x762539b45a1dcce3d36d080f74d1aed37844b878,LINA.png
Everscale,EVER,BNB,0x1ffefd8036409cb6d652bd610de465933b226917,EVER.png
Alpaca Finance,ALPACA,BNB,0x8f0528ce5ef7b51152a59745befdd91d97091d2f,ALPACA.png
StrikeX,STRX,BNB,0xd6fdde76b8c1c45b33790cc8751d5b88984c44ec,STRX.png
Quidax Token,QDX,BNB,0x08bc237aa00f275b758542c9f5c125b568bc390a,QDX.png
BFG Token,BFG,BNB,0xbb46693ebbea1ac2070e59b4d043b47e2e095f86,BFG.png
Numbers Protocol,NUM,BNB,0xeceb87cf00dcbf2d4e2880223743ff087a995ad9,NUM.png
SIDUS,SIDUS,BNB,0xe62b7c22484f8b031930275d31f42b9a517fe038,SIDUS.png
Games for a Living,GFAL,BNB,0x47c454cA6be2f6DEf6f32b638C80F91c9c3c5949,GFAL.png
Nexera,NXRA,BNB,0x644192291cc835a93d6330b24ea5f5fedd0eef9e,NXRA.png
Connex,CONX,BNB,0x1b2128abc4119474d16bb0a04200b63b0e68a971,CONX.png
CreatorBid,BID,BNB,0xa1832f7F4e534aE557f9B5AB76dE54B1873e498B,BID.png
Firo,FIRO,BNB,0xd5d0322b6bab6a762c79f8c81a0b674778e13aed,FIRO.png
Bluzelle,BLZ,BNB,0x935a544bf5816e3a7c13db2efe3009ffda0acda2,BLZ.png
CEEK VR,CEEK,BNB,0xe0f94ac5462997d2bc57287ac3a3ae4c31345d66,CEEK.png
SIX,SIX,BNB,0x070a9867Ea49CE7AFc4505817204860e823489fE,SIX.png
Wing Finance,WING,BNB,0x3cb7378565718c64ab86970802140cc48ef1f969,WING.png
BurgerCities,BURGER,BNB,0xAe9269f27437f0fcBC232d39Ec814844a51d6b8f,BURGER.png
Prosper,PROS,BNB,0x915424Ac489433130d92B04096F3b96c82e92a9D,PROS.png
GameFi.org,GAFI,BNB,0x89Af13A10b32F1b2f8d1588f93027F69B6F4E27e,GAFI.png
Cornucopias,COPI,BNB,0xfea292e5ea4510881bdb840e3cec63abd43f936f,COPI.png
Clash of Lilliput,COL,BNB,0x9ce116224459296abc7858627abd5879514bc629,COL.png
MAGA (magamemecoin.com),TRUMP,BNB,0x4ea98c1999575aaadfb38237dd015c5e773f75a2,TRUMP.png
OORT,OORT,BNB,0x5651fa7a726b9ec0cad00ee140179912b6e73599,OORT.png
Ultiverse,ULTI,BNB,0x0e7779e698052f8fe56c415c3818fcf89de9ac6d,ULTI.png
MixMarvel,MIX,BNB,0xcf1b55d79e824da0ae0652f96c66fe33263d743f,MIX.png
Rupiah Token,IDRT,BNB,0x66207E39bb77e6B99aaB56795C7c340C08520d83,IDRT.png
Rupiah Token,IDRT,BNB,IDRTB-178,IDRT.png
Velas,VLX,BNB,0xe9c803f48dffe50180bd5b01dc04da939e3445fc,VLX.png
Reef,REEF,BNB,0xf21768ccbc73ea5b6fd3c687208a7c2def2d966e,REEF.png
Opulous,OPUL,BNB,0x686318000d982bc8dcc1cdcf8ffd22322f0960ed,OPUL.png
Polytrade,TRADE,BNB,0x6Ba7a8f9063c712C1c8CabC776B1dA7126805f3b,TRADE.png
ParaSwap,PSP,BNB,0xcafe001067cdef266afb7eb5a286dcfd277f3de5,PSP.png
Santos FC Fan Token,SANTOS,BNB,0xA64455a4553C9034236734FadDAddbb64aCE4Cc7,SANTOS.png
UNS TOKEN,UNS,BNB,0xEcf99aB23C11ddc6520252105308C251001AEfBB,UNS.png
CrossFi,XFI,BNB,0x4ae1cd329e3aa0f70164424d2e5688723a6f9b71,XFI.png
Cakepie,CKP,BNB,0x2B5D9ADea07B590b638FFc165792b2C610EdA649,CKP.png
REVOX,REX,BNB,0x90869b3a42E399951bd5F5fF278B8CC5ee1Dc0fE,REX.png
TROY,TROY,BNB,0x6d41F64C567acbF36f88763306fF6fB50fF61458,TROY.png
TROY,TROY,BNB,TROY-9B8,TROY.png
TrustSwap,SWAP,BNB,0x94eafeeef7ffa66203fdc9349c54d601472a79dc,SWAP.png
BIDR,BIDR,BNB,0x9a2f5556e9a637e8fbce886d8e3cf8b316a1d8a2,BIDR.png
BIDR,BIDR,BNB,BIDR-0E9,BIDR.png
UniLend,UFT,BNB,0x2645d5f59d952ef2317c8e0aaa5a61c392ccd44d,UFT.png
Ellipsis,EPS,BNB,0xa7f552078dcc247c2684336020c03648500c6d9f,EPS.png
Tenset,10SET,BNB,0x1AE369A6AB222aFF166325B7b87Eb9aF06C86E57,10SET.png
S.S. Lazio Fan Token,LAZIO,BNB,0x77d547256a2cd95f32f67ae0313e450ac200648d,LAZIO.png
GT Protocol,GTAI,BNB,0x003d87d02A2A01E9E8a20f507C83E15DD83A33d1,GTAI.png
Galeon,GALEON,BNB,0x1d0Ac23F03870f768ca005c84cBb6FB82aa884fD,GALEON.png
Volt Inu,VOLT,BNB,0x7f792db54b0e580cdc755178443f0430cf799aca,VOLT.png
Brickken,BKN,BNB,0x0e28bC9B03971E95acF9ae1326E51ecF9C55B498,BKN.png
Diamond Launch,DLC,BNB,0xdE83180dD1166D4f8E5c2b7De14A2163b1Bb4a87,DLC.png
VIDT DAO,VIDT,BNB,0x9c4a515cd72D27A4710571Aca94858a53D9278D5,VIDT.png
PAW,PAW,BNB,0xc11158c5dA9db1D553ED28f0C2BA1CbEDD42CFcb,PAW.png
Banana For Scale,BANANAS31,BNB,0x3d4f0513e8a29669b960f9dbca61861548a9a760,BANANAS31.png
Andy BSC,ANDY,BNB,0x01CA78a2B5F1a9152D8A3A625bd7dF5765eeE1D8,ANDY.png
DIAM,DIAM,BNB,0x1FA0f5ed24a1a2b43741E88F8FEc19633e67082B,DIAM.png
Chrono.tech,TIME,BNB,0x3b198e26E473b8faB2085b37978e36c9DE5D7f68,TIME.png
ColossusXT,COLX,BNB,0xF8aCF86194443DCde55fc5B9e448e183c290D8Cb,COLX.png
Cream Finance,CREAM,BNB,0xd4cb328a82bdf5f03eb737f37fa6b370aef3e888,CREAM.png
Venus LINK,vLINK,BNB,0x650b940a1033b8a1b1873f78730fcfc73ec11f1f,vLINK.png
Cellframe,CELL,BNB,0xd98438889Ae7364c7E2A3540547Fad042FB24642,CELL.png
Pitbull,PIT,BNB,0xA57ac35CE91Ee92CaEfAA8dc04140C8e232c2E50,PIT.png
iMe Lab,LIME,BNB,0x7bc75e291e656e8658d66be1cc8154a3769a35dd,LIME.png
Nine Chronicles,WNCG,BNB,0x52242cbAb41e290E9E17CCC50Cc437bB60020a9d,WNCG.png
Genopets,GENE,BNB,0x9df465460938f9EBDF51C38CC87D72184471F8F0,GENE.png
FC Porto Fan Token,PORTO,BNB,0x49f2145d6366099e13B10FbF80646C0F377eE7f6,PORTO.png
Alpine F1 Team Fan Token,ALPINE,BNB,0x287880Ea252b52b63Cc5f40a2d3E5A44aa665a76,ALPINE.png
Defigram,DFG,BNB,0xb661f4576d5e0b622fee6ab041fd5451fe02ba4c,DFG.png
Burnedfi,BURN,BNB,0x19c018e13cff682e729cc7b5fb68c8a641bf98a4,BURN.png
ApexToken,APX,BNB,0x2E8138054D64917703Af28D81629499318a047FA,APX.png
Phantasma,SOUL,BNB,0x298Eff8af1ecEbbB2c034eaA3b9a5d0Cc56c59CD,SOUL.png
DeFiChain,DFI,BNB,0x361C60b7c2828fCAb80988d00D1D542c83387b50,DFI.png
DFI.Money,YFII,BNB,0x7f70642d88cf1c4a3a7abb072b53b929b653eda5,YFII.png
Dvision Network,DVI,BNB,0x758fb037a375f17c7e195cc634d77da4f554255b,DVI.png
Venus LTC,vLTC,BNB,0x57A5297F2cB2c0AaC9D554660acd6D385Ab50c6B,vLTC.png
Bloktopia,BLOK,BNB,0xA0d96fD642156FC7E964949642257b3572f10cD6,BLOK.png
Cratos,CRTS,BNB,0x678e840c640f619e17848045d23072844224dd37,CRTS.png
NuNet,NTX,BNB,0x5C4Bcc4DbaEAbc7659f6435bCE4E659314ebad87,NTX.png
pSTAKE Finance,PSTAKE,BNB,0x4c882ec256823ee773b25b414d36f92ef58a7c0c,PSTAKE.png
SaitaChain Coin,STC,BNB,0x19Ae49B9F38dD836317363839A5f6bfBFA7e319A,STC.png
LayerAI,LAI,BNB,0x776f9987d9deed90eed791cbd824d971fd5ccf09,LAI.png
HyperCycle,HYPC,BNB,0x7881cD2B5724431372F57C50E91611352557A606,HYPC.png
HyperGPT,HGPT,BNB,0x529C79f6918665EBE250F32eeEAA1d410a0798C6,HGPT.png
Vameon,VON,BNB,0xa4c3497b57c8b6d510f3707a1e9694fd791f45fb,VON.png
World of Dypians,WOD,BNB,0xb994882a1b9bd98A71Dd6ea5F61577c42848B0E8,WOD.png
Gifto,GFT,BNB,0x72fF5742319eF07061836F5C924aC6D72c919080,GFT.png
VITE,VITE,BNB,0x2794dad4077602ed25a88d03781528d1637898b4,VITE.png
ChangeNOW Token,NOW,BNB,0x02533c1e9abbafe5816ed8b27c0d22a8731075e0,NOW.png
ChangeNOW Token,NOW,BNB,NOW-E68,NOW.png
WazirX,WRX,BNB,0x8e17ed70334c87ece574c9d537bc153d8609e2a3,WRX.png
WazirX,WRX,BNB,WRX-ED1,WRX.png
UNCX Network,UNCX,BNB,0x09a6c44c3947b69e2b45f4d51b67e6a39acfb506,UNCX.png
Trias Token (New),TRIAS,BNB,0x184cff0e719826b966025F93e05d8C8b0a79b3F9,TRIAS.png
SingularityDAO,SDAO,BNB,0x90Ed8F1dc86388f14b64ba8fb4bbd23099f18240,SDAO.png
HI,HI,BNB,0x77087ab5df23cfb52449a188e80e9096201c2097,HI.png
Galxe,GAL,BNB,0xe4Cc45Bb5DBDA06dB6183E8bf016569f40497Aa5,GAL.png
Decimal,DEL,BNB,0x9cec03362d759ceca736e5918e8ba7636e2bd64e,DEL.png
Katana Inu,KATA,BNB,0x6D6bA21E4C4b29CA7Bfa1c344Ba1E35B8DaE7205,KATA.png
Multichain,MULTI,BNB,0x9Fb9a33956351cf4fa040f65A13b835A3C8764E3,MULTI.png
DMAIL Network,DMAIL,BNB,0xcc6f1e1b87cfcbe9221808d2d85c501aab0b5192,DMAIL.png
HELLO Labs,HELLO,BNB,0x0f1cbed8efa0e012adbccb1638d0ab0147d5ac00,HELLO.png
Alltoscan,ATS,BNB,0x75D8BB7fBd4782a134211dc350Ba5c715197B81d,ATS.png
FEED EVERY GORILLA,FEG,BNB,0xf3c7cecf8cbc3066f9a87b310cebe198d00479ac,FEG.png
Broccoli (broccolibnb.org),BROCCOLI,BNB,0x23D3F4EaaA515403C6765bb623F287a8Cca28F2b,BROCCOLI.png
MUX Protocol,MCB,BNB,0x5fe80d2cd054645b9419657d3d10d26391780a7b,MCB.png
OVR,OVR,BNB,0x7E35D0e9180bF3A1fc47b0d110bE7a21A10B41Fe,OVR.png
Pallapay,PALLA,BNB,0x8F49733210700D38098d7375C221c7d02F700cc8,PALLA.png
zkRace,ZERC,BNB,0x9c47E503b2f497e9Ad9F1c0dfA6Bd9Fd5456AA4e,ZERC.png
Splintershards,SPS,BNB,0x1633b7157e7638c4d6593436111bf125ee74703f,SPS.png
Tarot,TAROT,BNB,0x982E609643794a31A07F5C5b142DD3a9cF0690be,TAROT.png
Blockasset,BLOCK,BNB,0xbC7A566b85eF73F935e640A06b5a8b031Cd975Df,BLOCK.png
DexCheck AI,DCK,BNB,0x16faf9daa401aa42506af503aa3d80b871c467a3,DCK.png
StarSlax,SSLX,BNB,0xced4ad3e56fdbdd31cca3f76f4ffb1eadd920dcf,SSLX.png
Artyfact,ARTY,BNB,0x617Cab4aAae1f8dfb3eE138698330776a1e1b324,ARTY.png
Vyvo Coin,VSC,BNB,0xcDf937995A55a9AB551D81b463AC0f7F02795368,VSC.png
Openfabric AI,OFN,BNB,0x8899ec96ed8c96b5c86c23c3f069c3def75b6d97,OFN.png
Shrapnel,SHRAP,BNB,0x31e4efe290973ebe91b3a875a7994f650942d28f,SHRAP.png
Eesee,ESE,BNB,0x491e6DE43b55c8EAE702EDC263E32339da42f58c,ESE.png
QnA3.AI,GPT,BNB,0x30842a9c941d9DE3AF582c41ad12b11D776ba69e,GPT.png
SyncGPT,SYNC,BNB,0x50428d9c4f21ee7b34a2643459cb336f70bcf843,SYNC.png
Numerico,NWC,BNB,0x968f6f898a6df937fc1859b323ac2f14643e3fed,NWC.png
KardiaChain,KAI,BNB,0x39ae8eefb05138f418bb27659c21632dc1ddab10,KAI.png
GAMEE,GMEE,BNB,0x84e9a6f9d240fdd33801f7135908bfa16866939a,GMEE.png
CateCoin,CATE,BNB,0xe4fae3faa8300810c835970b9187c268f55d998f,CATE.png
TRVL (Dtravel),TRVL,BNB,0x6a8Fd46F88dBD7bdC2D536C604f811C63052ce0F,TRVL.png
Laqira Protocol,LQR,BNB,0xc4a1e7106d08b7ff947254b6d75cf2b877d55daf,LQR.png
Verified USD,USDV,BNB,0x323665443CEf804A3b5206103304BD4872EA4253,USDV.png
Ta-da,TADA,BNB,0x9b26e318bc6a2c8b45f5daea2cc14697e0e0f8b5,TADA.png
Venus DAI,vDAI,BNB,0x334b3ecb4dca3593bccc3c7ebd1a1c1d1780fbf1,vDAI.png
Decubate,DCB,BNB,0xeac9873291ddaca754ea5642114151f3035c67a2,DCB.png
Metahero,HERO,BNB,0xD40bEDb44C081D2935eebA6eF5a3c8A31A1bBE13,HERO.png
Alitas,ALT,BNB,0x5ca09af27b8a4f1d636380909087536bc7e2d94d,ALT.png
TOPGOAL,GOAL,BNB,0xc4736f2611a62d545dc2d0d8f0766283617e6fcb,GOAL.png
Buying.com,BUY,BNB,0x40225c6277b29bf9056b4acb7ee1512cbff11671,BUY.png
QORPO WORLD,QORPO,BNB,0x22514fFb0d7232a56F0c24090E7B68f179FAA940,QORPO.png
GameGPT,DUEL,BNB,0xa1ED0bD9A4776830c5b7bA004F26427b71152CA5,DUEL.png
Gaimin,GMRX,BNB,0x998305efDC264b9674178899FFfBb44a47134a76,GMRX.png
Happy Cat,HAPPY,BNB,0x2E72393A57287b1A09857Db589B27bB0fd499922,HAPPY.png
Mysterium,MYST,BNB,0x2ff0b946a6782190c4fe5d4971cfe79f0b6e4df2,MYST.png
BigONE Token,ONE,BNB,0x04baf95fd4c52fd09a56d840baee0ab8d7357bf0,ONE.png
TOKPIE,TKP,BNB,0x7849ed1447250d0b896f89b58f3075b127ca29b3,TKP.png
ShareToken,SHR,BNB,SHR-DB6,SHR.png
apM Coin,APM,BNB,0xf9c27de474cce832fad75107853b78838888ac11,APM.png
Serum,SRM,BNB,0xd63CDf02853D759831550fAe7dF8FFfE0B317b39,SRM.png
Electra Protocol,XEP,BNB,0xb897D0a0f68800f8Be7D69ffDD1c24b69f57Bf3e,XEP.png
XCAD Network,XCAD,BNB,0xa026ad2ceda16ca5fc28fd3c72f99e2c332c8a26,XCAD.png
XCAD Network,XCAD,BNB,0xaf9fe3b5ccdae78188b1f8b9a49da7ae9510f151,XCAD.png
Forward Protocol,FORWARD,BNB,0x886640149E31E1430FA74Cc39725431eb82ddFB2,FORWARD.png
Ctomorrow Platform,CTP,BNB,0xb850CAC12Ab85d4400db61ac78DC5Fc2418b6868,CTP.png
AIPAD,AIPAD,BNB,0xE55d97A97ae6A17706ee281486E98A84095d8AAf,AIPAD.png
RENEC,RENEC,BNB,0x2270f71bFd8F3396d9B28ecF2eAE7F0E6D48cAFF,RENEC.png
Minati Coin,MNTC,BNB,0xa4ce62BB3047E3C4aE52b7eC20c3EB10f4397AF7,MNTC.png
Lovely Finance [New],LOVELY,BNB,0x93b30F6d5C2EeD35950498f71235A749E6f0540C,LOVELY.png
Broccoli (FirstBroccoli),BROCCOLI,BNB,0x12B4356C65340Fb02cdff01293F95FEBb1512F3b,BROCCOLI.png
Obyte,GBYTE,BNB,0xeb34De0C4B2955CE0ff1526CDf735c9E6d249D09,GBYTE.png
Banano,BAN,BNB,0xe20b9e246db5a0d21bf9209e4858bc9a3ff7a034,BAN.png
Poolz Finance,POOLX,BNB,0xbaea9aba1454df334943951d51116ae342eab255,POOLX.png
Push Protocol,PUSH,BNB,0xb3971BCef2D791bc4027BbfedFb47319A4AAaaAa,PUSH.png
Saito,SAITO,BNB,0x3c6dad0475d3a1696b359dc04c99fd401be134da,SAITO.png
CumRocket,CUMMIES,BNB,0x27Ae27110350B98d564b9A3eeD31bAeBc82d878d,CUMMIES.png
EPIK Prime,EPIK,BNB,0x368ce786Ea190f32439074e8d22e12ecb718B44c,EPIK.png
Landshare,LAND,BNB,0xA73164DB271931CF952cBaEfF9E8F5817b42fA5C,LAND.png
GameZone,GZONE,BNB,0xb6adb74efb5801160ff749b1985fd3bd5000e938,GZONE.png
Swash,SWASH,BNB,0x41065E3428188bA6Eb27FBDDE8526aE3Af8E3830,SWASH.png
Zukiverse,ZUKI,BNB,0x2F123CA42F3825ceCB0293fa044292D24f8Cbb51,ZUKI.png
Izumi Finance,IZI,BNB,0x60d01ec2d5e98ac51c8b4cf84dfcce98d527c747,IZI.png
Choise.ai,CHO,BNB,0x6cf8e39252bee00d168bd25bdf5834347d78e346,CHO.png
CatCoin,CAT,BNB,0x59f4f336bf3d0c49dbfba4a74ebd2a6ace40539a,CAT.png
Carbon browser,CSIX,BNB,0x04756126F044634C9a0f0E985e60c88a51ACC206,CSIX.png
Laika AI,LKI,BNB,0x1865dc79a9e4B5751531099057D7Ee801033d268,LKI.png
Nya,NYA,BNB,0x38F9bf9dCe51833Ec7f03C9dC218197999999999,NYA.png
Ithaca Protocol,ITHACA,BNB,0x49f1D4dB3ea1a64390E990C6deBEaC88EAC007Ca,ITHACA.png
Fuse,FUSE,BNB,0x5857c96dae9cf8511b08cb07f85753c472d36ea3,FUSE.png
HAPI Protocol,HAPI,BNB,0xd9c2d319cd7e6177336b0a9c93c21cb48d84fb54,HAPI.png
Deeper Network,DPR,BNB,0xa0a2ee912caf7921eaabc866c6ef6fec8f7e90a4,DPR.png
Ispolink,ISP,BNB,0xD2e7B964770FCf51DF088a5F0Bb2D33a3c60CcCf,ISP.png
LABEL AI,LBL,BNB,0x77edFaE59a7948d66E9911A30cC787d2172343d4,LBL.png
Credefi,CREDI,BNB,0x2235e79086dd23135119366da45851c741874e5b,CREDI.png
Symbiosis,SIS,BNB,0xf98b660adf2ed7d9d9d9daacc2fb0cace4f21835,SIS.png
LimoCoin Swap,LMCSWAP,BNB,0x383094a91ef2767eed2b063ea40465670bf1c83f,LMCSWAP.png
Creo Engine,CREO,BNB,0x9521728bF66a867BC65A93Ece4a543D817871Eb7,CREO.png
Port3 Network,PORT3,BNB,0xb4357054c3da8d46ed642383f03139ac7f090343,PORT3.png
RWA Inc.,RWA,BNB,0xe2b1dc2d4a3b4e59fdf0c47b71a7a86391a8b35a,RWA.png
Frodo the virtual samurai,FROG,BNB,0x4AD663403df2F0E7987bC9C74561687472e1611C,FROG.png
Ternoa,CAPS,BNB,0xffba7529ac181c2ee1844548e6d7061c9a597df4,CAPS.png
MagicCraft,MCRT,BNB,0x4b8285aB433D8f69CB48d5Ad62b415ed1a221e4f,MCRT.png
NuriTopia,NBLU,BNB,0x6bA5657BBFf83cb579503847C6bAa47295Ef79a8,NBLU.png
Byte,BYTE,BNB,0x840eF7e5f896Be71D46Df234C60898216feFCBe3,BYTE.png
Plearn,PLN,BNB,0xBe0D3526fc797583Dada3F30BC390013062A048B,PLN.png
Public Masterpiece Token,PMT,BNB,0x68ae2f202799be2008c89e2100257e66f77da1f3,PMT.png
Build On BNB,BOB,BNB,0x51363F073b1E4920fdA7AA9E9d84BA97EdE1560e,BOB.png
QuadrantProtocol,EQUAD,BNB,0x564bef31ec942ffe1bff250786f76a5c5141b9f3,EQUAD.png
Meter Governance,MTRG,BNB,0xbd2949f67dcdc549c6ebe98696449fa79d988a9f,MTRG.png
KIRA,KEX,BNB,0x8d11ec38a3eb5e956b052f67da8bdc9bef8abf3e,KEX.png
Unifi Protocol DAO,UNFI,BNB,0x728C5baC3C3e370E372Fc4671f9ef6916b814d8B,UNFI.png
DappRadar,RADAR,BNB,0x489580eB70a50515296eF31E8179fF3e77E24965,RADAR.png
EverRise,RISE,BNB,0xC17c30e98541188614dF99239cABD40280810cA3,RISE.png
Dingocoin,DINGO,BNB,0x9b208b117b2c4f76c1534b6f006b033220a681a4,DINGO.png
UNICE,UNICE,BNB,0xa0cf89ee581313d84d28409eb6bb1d1f9b55d410,UNICE.png
Saakuru Protocol,SKR,BNB,0xe2dCA969624795985F2f083BcD0b674337ba130a,SKR.png
Wibegram,WIBE,BNB,0x25d624E571d6d7B32729B11DdbbD96Fe89Af44E1,WIBE.png
Seedworld,SWORLD,BNB,0x968bE3F7bfeF0F8eDc3c1aD90232EbB0DA0867aA,SWORLD.png
Cashaa,CAS,BNB,0x780207b8c0fdc32cf60e957415bfa1f2d4d9718c,CAS.png
NEST Protocol,NEST,BNB,0xcd6926193308d3B371FdD6A6219067E550000000,NEST.png
UnMarshal,MARSH,BNB,0x2FA5dAF6Fe0708fBD63b1A7D1592577284f52256,MARSH.png
Witch Token,WITCH,BNB,0xF71a7D20c6FC34A3Bf362780aee0FC9Ee3eCE5fE,WITCH.png
Arcas,ARCAS,BNB,0x7ca058309053F90b39Bfc58dE1edA2a89e9c03a8,ARCAS.png
Script Network,SCPT,BNB,0x0669538FcdeF9A73CD37938eBa8c79E652BB93AA,SCPT.png
DogeBonk,DOBO,BNB,0xae2df9f730c54400934c06a17462c41c08a06ed8,DOBO.png
Inflation Hedging Coin,IHC,BNB,0x86a53fcd199212FEa44FA7e16EB1f28812be911D,IHC.png
Okratech Token,ORT,BNB,0x9e711221b34a2d4b8f552bd5f4a6c4e7934920f7,ORT.png
Everdome,DOME,BNB,0x475bfaa1848591ae0e6ab69600f48d828f61a80e,DOME.png
BRN Metaverse,BRN,BNB,0x926ecC7687fCFB296E97a2b4501F41A6f5F8C214,BRN.png
Orbofi AI,OBI,BNB,0x69A87C8788d4a48c1362B3B357d0E6b59c11d93f,OBI.png
Inspect,INSP,BNB,0x8d279274789ccec8af94a430a5996eaace9609a9,INSP.png
Dynachain,DYNA,BNB,0x7EA42e53033B9c4BF975c1afcF17FF7EF25b04a4,DYNA.png
Vai,VAI,BNB,0x4bd17003473389a42daf6a0a729f6fdb328bbbd7,VAI.png
PornRocket,PORNROCKET,BNB,0xcf9f991b14620f5ad144eec11f9bc7bf08987622,PORNROCKET.png
ACA Token,ACA,BNB,0x9eb6935aea6afb5bc6d1a74be0c2f78280ab6448,ACA.png
Gamium,GMM,BNB,0x5B6bf0c7f989dE824677cFBD507D9635965e9cD3,GMM.png
Chihuahua,HUAHUA,BNB,0x9fD470124903957f299a1C90fEdA9043A4619cc6,HUAHUA.png
MarsDAO,MDAO,BNB,0x60322971a672b81bcce5947706d22c19daecf6fb,MDAO.png
KARASOU,INTELLIQUE,BNB,0x320d6FaDc3c39263c25Cbfaa01d02971C64ac623,INTELLIQUE.png
XRADERS,XR,BNB,0x5f78f4bfcb2b43bc174fe16a69a13945cefa2978,XR.png
FU Coin,FU,BNB,0xED6AF21Df463c7f116A6d7d687A4c190c4cf7586,FU.png
Mars,MARS,BNB,0xcb5e6e276adf62d68a1857880359750c8f79d076,MARS.png
Shieldeum,SDM,BNB,0x516f8a1fB458EBdcFd0F544fF85c69C1c0Ebc31d,SDM.png
BitCore,BTX,BNB,0x000000089fb24237dA101020Ff8e2AfD14624687,BTX.png
Carbon Protocol,SWTH,BNB,0x250b211ee44459dad5cd3bca803dd6a7ecb5d46c,SWTH.png
SparkPoint,SRK,BNB,0xc3440c10c4f36f354eb591b19fafb4906d449b75,SRK.png
Xend Finance,RWA,BNB,0x36fe11b6d5c9421f68d235694fe192b35e803903,RWA.png
TABOO TOKEN,TABOO,BNB,0x9abdba20edfba06b782126b4d8d72a5853918fd0,TABOO.png
Mint Club,MINT,BNB,0x1f3Af095CDa17d63cad238358837321e95FC5915,MINT.png
Magic Square,SQR,BNB,0x2B72867c32CF673F7b02d208B26889fEd353B1f8,SQR.png
ritestream,RITE,BNB,0x0808Bf94d57C905F1236212654268EF82E1e594E,RITE.png
milestoneBased,MILE,BNB,0x7aed3e61e67ee1bd10f441f01bf261f6e1c72355,MILE.png
City Tycoon Games,CTG,BNB,0xb3ba14f6a482dfdebc3c2fb726ac10df91ee504c,CTG.png
Pomerium,PMG,BNB,0x0733618Ab62eEEC815f2d1739b7a50bF9E74d8a2,PMG.png
Penpie,PNP,BNB,0x5012c90f14d190607662ca8344120812aaa2639d,PNP.png
Wall Street Memes,WSM,BNB,0x62694D43Ccb9B64e76e38385d15e325c7712A735,WSM.png
Neurashi,NEI,BNB,0x6cda2862fd4B88CCFA522FFeD66bC4277e7D9Cc9,NEI.png
Baby Bonk,BABYBONK,BNB,0xbb2826ab03b6321e170f0558804f2b6488c98775,BABYBONK.png
ABBC Coin,ABBC,BNB,0xe83cE6bfb580583bd6A62B4Be7b34fC25F02910D,ABBC.png
MultiVAC,MTV,BNB,0x8aa688ab789d1848d131c65d98ceaa8875d97ef1,MTV.png
MultiVAC,MTV,BNB,MTV-4C6,MTV.png
Minter Network,BIP,BNB,0xf2ba89a6f9670459ed5aeefbd8db52be912228b8,BIP.png
Xaya,CHI,BNB,0x22648c12acd87912ea1710357b1302c6a4154ebc,CHI.png
Frontier,FRONT,BNB,0x928e55dab735aa8260af3cedada18b5f70c72f1b,FRONT.png
ASTA,ASTA,BNB,0xe66e0EBDe36556dBAef82A9D7A778896a0c40b76,ASTA.png
REVV,REVV,BNB,0x833f307ac507d47309fd8cdd1f835bef8d702a93,REVV.png
Venus DOT,vDOT,BNB,0x1610bc33319e9398de5f57B33a5b184c806aD217,vDOT.png
MAHA.xyz,MAHA,BNB,0x6A661312938D22A2A0e27F585073E4406903990a,MAHA.png
Mdex,MDX,BNB,0x9c65ab58d8d978db963e63f2bfb7121627e3a739,MDX.png
BSCPAD,BSCPAD,BNB,0x5a3010d4d8d3b5fb49f8b6e57fb9e48063f16700,BSCPAD.png
Gains,GAINS,BNB,0xf1C3e69494E27bf067C4076a6f244a46446719d6,GAINS.png
WeSendit,WSI,BNB,0x837A130aED114300Bab4f9f1F4f500682f7efd48,WSI.png
PlayZap,PZP,BNB,0xdCE40c14D5956F8b8bA912402bA73B4D4d599612,PZP.png
Rejuve.AI,RJV,BNB,0x602b6c6cce5f95c00603bd07d8fa7ebaf3747d44,RJV.png
IVPAY,IVPAY,BNB,0xde5bdcbd4d7dfa86e527fef9971bd6ca6a76eefb,IVPAY.png
Circuits of Value,COVAL,BNB,0xd15cee1deafbad6c0b3fd7489677cc102b141464,COVAL.png
ROOBEE,ROOBEE,BNB,0xF77351D8f4eE853135961A936BB8d2e4fFa75f9D,ROOBEE.png
Neutrino Index,XTN,BNB,0x03ab98f5dc94996f8c33e15cd4468794d12d41f9,XTN.png
Juggernaut,JGN,BNB,0xc13b7a43223bb9bf4b69bd68ab20ca1b79d81c75,JGN.png
Torum,XTM,BNB,0x443cAb9583B83eAA7A712c9D64525E57E2a7eB3f,XTM.png
Gamestarter,GAME,BNB,0x66109633715d2110dda791e64a7b2afadb517abb,GAME.png
DeHub,DHB,BNB,0x680d3113caf77b61b510f332d5ef4cf5b41a761d,DHB.png
Ertha,ERTHA,BNB,0x62823659d09F9F9D2222058878f89437425eB261,ERTHA.png
HeroesTD,HTD,BNB,0x5E2689412Fae5c29BD575fbe1d5C1CD1e0622A8f,HTD.png
JMPT Rewards,JMPT,BNB,0x88d7e9b65dc24cf54f5edef929225fc3e1580c25,JMPT.png
Ellipsis,EPX,BNB,0xaf41054c1487b0e5e2b9250c0332ecbce6ce9d71,EPX.png
Cogito Finance,CGV,BNB,0x1bDaF9ddD7658d8049391971d1fd48c0484F66EC,CGV.png
Dypius [New],DYP,BNB,0x1a3264f2e7b1cfc6220ec9348d33ccf02af7aaa4,DYP.png
Baby Neiro BNB,BABYNEIRO,BNB,0x6cdd08de79231a1957f205a3fe5cf9dbf4b0c454,BABYNEIRO.png
NerveNetwork,NVT,BNB,0xf0e406c49c63abf358030a299c0e00118c4c6ba5,NVT.png
Stobox Token,STBU,BNB,0xb0c4080a8Fa7afa11a09473f3be14d44AF3f8743,STBU.png
Mirror Protocol,MIR,BNB,0x5B6DcF557E2aBE2323c48445E8CC948910d8c2c9,MIR.png
Forj (Bondly),BONDLY,BNB,0x5d0158a5c3ddf47d4ea4517d8db0d76aa2e87563,BONDLY.png
Umbrella Network,UMB,BNB,0x846f52020749715f02aef25b5d1d65e48945649d,UMB.png
TOWER,TOWER,BNB,0xe7c9c6bc87b86f9e5b57072f907ee6460b593924,TOWER.png
Solvex Network,SOLVEX,BNB,0x0bB0E29458714C4961e5198aB3bC808F628dd6c7,SOLVEX.png
MILC Platform,MLT,BNB,0xB72a20C7B8BD666f80AC053B0f4de20a787080F5,MLT.png
HODL,HODL,BNB,0x32B407ee915432Be6D3F168bc1EfF2a6F8b2034C,HODL.png
Hamster,HAM,BNB,0x679d5b2d94f454c950d683d159b87aa8eae37c9e,HAM.png
Dark Frontiers,DARK,BNB,0x12fc07081fab7de60987cad8e8dc407b606fb2f8,DARK.png
UBXS Token,UBXS,BNB,0x4f1960E29b2cA581a38c5c474e123f420F8092db,UBXS.png
Biometric Financial,BIOFI,BNB,0x11A31b833d43853f8869C9EEc17F60e3B4d2a753,BIOFI.png
Chirpley,CHRP,BNB,0xeD00Fc7D48B57B81FE65D1cE71c0985e4CF442CB,CHRP.png
ForTube,FOR,BNB,0x658A109C5900BC6d2357c87549B651670E5b0539,FOR.png
myDID,SYL,BNB,0x7e52a123ed6db6ac872a875552935fbbd2544c86,SYL.png
Hot Cross,HOTCROSS,BNB,0x4fa7163e153419e0e1064e418dd7a99314ed27b6,HOTCROSS.png
RMRK,RMRK,BNB,0x524d524B4c9366be706D3A90dcf70076ca037aE3,RMRK.png
Sinverse,SIN,BNB,0x6397de0f9aedc0f7a8fa8b438dde883b9c201010,SIN.png
LUCA,LUCA,BNB,0x51e6ac1533032e72e92094867fd5921e3ea1bfa0,LUCA.png
Blink Galaxy,GQ,BNB,0xF700D4c708C2be1463E355F337603183D20E0808,GQ.png
StreamCoin,STRM,BNB,0xc598275452fa319d75ee5f176fd3b8384925b425,STRM.png
MongolNFT Coin,MNFT,BNB,0x3235b13708f178af6f110de7177ed5de10c1093d,MNFT.png
Parex,PRX,BNB,0x51Bd0D0853B7596B6F1aCa8D2BE6816774271733,PRX.png
NanoByte Token,NBT,BNB,0x1D3437E570e93581Bd94b2fd8Fbf202d4a65654A,NBT.png
Walken,WLKN,BNB,0x657ef7af0fffc7ac913a0492150060935b668f2c,WLKN.png
XODEX,XODEX,BNB,0xb81408a1cC2f4be70a6a3178D351ca95A77C5A06,XODEX.png
BIDZ Coin,BIDZ,BNB,0x20de6118c3672659e488d1d45279cdf77391fbdc,BIDZ.png
VinuChain,VC,BNB,0x2Bf83D080d8Bc4715984e75E5b3D149805d11751,VC.png
FREEdom Coin,FREE,BNB,0x12e34cdf6a031a10fe241864c32fb03a4fdad739,FREE.png
DSLA Protocol,DSLA,BNB,0x1861c9058577c3b48e73d91d6f25c18b17fbffe0,DSLA.png
ClinTex CTi,CTI,BNB,0x3f670f65B9Ce89b82e82121fD68c340ac22C08D6,CTI.png
BabySwap,BABY,BNB,0x53E562b9B7E5E94b81f10e96Ee70Ad06df3D2657,BABY.png
Green Shiba Inu [New],GINUX,BNB,0xc9Ad37E9Baf41377540Df5a77831Db98c1915128,GINUX.png
PureFi Protocol,UFI,BNB,0xe2a59D5E33c6540E18aAA46BF98917aC3158Db0D,UFI.png
Thetan World,THG,BNB,0x9fd87aefe02441b123c3c32466cd9db4c578618f,THG.png
SOUNI,SON,BNB,0x3b0E967cE7712EC68131A809dB4f78ce9490e779,SON.png
Engines of Fury,FURY,BNB,0x0203D275D2A65030889aF45ed91D472be3948B92,FURY.png
OpenLeverage,OLE,BNB,0xB7E2713CF55cf4b469B5a8421Ae6Fc0ED18F1467,OLE.png
Lollybomb Meme Coin,BOMB,BNB,0x0f5a89029342c88133c63c4e092a985160c5c5e6,BOMB.png
Aipocalypto,AIPO,BNB,0x6c511dc18572d31C2c3f7b1505cB2BBC08282FcC,AIPO.png
Hakka.Finance,HAKKA,BNB,0x1d1eb8e8293222e1a29d2c0e4ce6c0acfd89aaac,HAKKA.png
Venus BCH,vBCH,BNB,0x5F0388EBc2B94FA8E123F404b79cCF5f40b29176,vBCH.png
Revomon,REVO,BNB,0xaab09b5cd1694d12c8c980306f5e2f5d65b00e1c,REVO.png
PixelRealm,NFTB,BNB,0xde3dbbe30cfa9f437b293294d1fd64b26045c71a,NFTB.png
Boss Token,BOSS,BNB,0x49324d59327fB799813B902dB55b2a118d601547,BOSS.png
Rangers Protocol Gas,RPG,BNB,0x61dc650C10Ec3c758d251Cd2D1Ab45AF1A43e941,RPG.png
PLANET,PLANET,BNB,0xca6d678e74f553f0e59cccc03ae644a3c2c5ee7d,PLANET.png
BEFE,BEFE,BNB,0x57185189118c7e786cafd5c71f35b16012fa95ad,BEFE.png
CATAMOTO,CATA,BNB,0xbdf5bafee1291eec45ae3aadac89be8152d4e673,CATA.png
Garlicoin,GRLC,BNB,0x7283DfA2d8D7e277b148cc263B5d8Ae02f1076D3,GRLC.png
RigoBlock,GRG,BNB,0x3d473C3eF4Cd4C909b020f48477a2EE2617A8e3C,GRG.png
RFOX,RFOX,BNB,0x0a3a21356793b49154fd3bbe91cbc2a16c0457f5,RFOX.png
Polkacity,POLC,BNB,0x6ae9701b9c423f40d54556c9a443409d79ce170a,POLC.png
Lunos,UNO,BNB,0x474021845C4643113458ea4414bdb7fB74A01A77,UNO.png
Xpanse,HZN,BNB,0xc0eff7749b125444953ef89682201fb8c6a917cd,HZN.png
YooShi,YOOSHI,BNB,0x02ff5065692783374947393723dba9599e59f591,YOOSHI.png
SafeBlast,BLAST,BNB,0xddc0dbd7dc799ae53a98a60b54999cb6ebb3abf0,BLAST.png
TRAVA.FINANCE,TRAVA,BNB,0x0391be54e72f7e001f6bbc331777710b4f2999ef,TRAVA.png
MARS4,MARS4,BNB,0x9cd9c5a44cb8fab39b2ee3556f5c439e65e4fddd,MARS4.png
CheckDot,CDT,BNB,0x0cBD6fAdcF8096cC9A43d90B45F65826102e3eCE,CDT.png
Renewable Energy,RET,BNB,0x10b9dd394467f2cfbc769e07e88dc7e2c41b0965,RET.png
Eldarune,ELDA,BNB,0xab2ed911BDbeA001FD3B29AdbC35d8a76E68aAe4,ELDA.png
Sakai Vault,SAKAI,BNB,0x43B35e89d15B91162Dea1C51133C4c93bdd1C4aF,SAKAI.png
PIKACHU INU,PIKACHU,BNB,0x13BEC0d913E1D33397c44620A8Ce0BB3149294e2,PIKACHU.png
Edu3Labs,NFE,BNB,0xf03Ca04Dd56D695a410f46F14feF4028B22FB79A,NFE.png
BlackCardCoin,BCCOIN,BNB,0x450593Bf7f2d7E559E38496CfB06bDCE5E963795,BCCOIN.png
NOTAI,NOTAI,BNB,0xcf10117b30c7a5fc7c77b611bfc2555610dd4b3a,NOTAI.png
Baby BNB,BABYBNB,BNB,0x2d5F3B0722aCd35fbb749cB936dfdd93247BBC95,BABYBNB.png
GoldenRat,RATS,BNB,0x45787821a0BD5e6bba8E709783C773A386e34D65,RATS.png
Tokoin,TOKO,BNB,0x45f7967926e95fd161e56ed66b663c9114c5226f,TOKO.png
Bridge Oracle,BRG,BNB,0x6e4a971B81CA58045a2AA982EaA3d50C4Ac38F42,BRG.png
Auto,AUTO,BNB,0xa184088a740c695e156f91f5cc086a06bb78b827,AUTO.png
Aurox,URUS,BNB,0xc6dddb5bc6e61e0841c54f3e723ae1f3a807260b,URUS.png
Coldstack,CLS,BNB,0x668048e70284107a6afab1711f28d88df3e72948,CLS.png
Pussy Financial,PUSSY,BNB,0xd9e8d20bde081600fac0d94b88eafaddce55aa43,PUSSY.png
Nabox,NABOX,BNB,0x755f34709e369d37c6fa52808ae84a32007d1155,NABOX.png
FEAR,FEAR,BNB,0x9ba6a67a6f3b21705a46b380a1b97373a33da311,FEAR.png
BullPerks,BLP,BNB,0xfe1d7f7a8f0bda6e415593a2e4f82c64b446d404,BLP.png
KickToken,KICK,BNB,0x824a50df33ac1b41afc52f4194e2e8356c17c3ac,KICK.png
Ariva,ARV,BNB,0x6679eb24f59dfe111864aec72b443d1da666b360,ARV.png
YAY Network,YAY,BNB,0x524df384bffb18c0c8f3f43d012011f8f9795579,YAY.png
Hudi,HUDI,BNB,0x83d8ea5a4650b68cd2b57846783d86df940f7458,HUDI.png
King Shiba,KINGSHIB,BNB,0x84f4f7cdb4574c9556a494dab18ffc1d1d22316c,KINGSHIB.png
WAM,WAM,BNB,0xebbaeff6217d22e7744394061d874015709b8141,WAM.png
Green Satoshi Token (BSC),GST,BNB,0x4a2c860cEC6471b9F5F5a336eB4F38bb21683c98,GST.png
Custodiy,CTY,BNB,0xBa08Da6b46E3dd153DD8b66A6E4cfd37A6359559,CTY.png
UnityMeta,UMT,BNB,0xca861e289f04cb9c67fd6b87ca7eafa59192f164,UMT.png
Zap,ZAP,BNB,0xc5326b32e8baef125acd68f8bc646fd646104f1c,ZAP.png
Etho Protocol,ETHO,BNB,0x48b19b7605429aCAa8Ea734117F39726a9AAb1f9,ETHO.png
Safe Haven,SHA,BNB,0x40fed5691e547885cabd7a2990de719dcc8497fc,SHA.png
Ferrum Network,FRM,BNB,0xa719b8ab7ea7af0ddb4358719a34631bb79d15dc,FRM.png
Bitgesell,BGL,BNB,0x2bA64EFB7A4Ec8983E22A49c81fa216AC33f383A,BGL.png
JulSwap,JULD,BNB,0xf5D8015D625be6F59b8073C8189BD51bA28792e1,JULD.png
Seascape Crowns,CWS,BNB,0x99AA29Ac023057951781Dc5d1784E9A4C362Ce23,CWS.png
BSCS,BSCS,BNB,0xbcb24afb019be7e93ea9c43b7e22bb55d5b7f45d,BSCS.png
Etherland,ELAND,BNB,0x708cb02ad77e1b245b1640cee51b3cc844bcaef4,ELAND.png
DOGGY,DOGGY,BNB,0x74926b3d118a63f6958922d3dc05eb9c6e6e00c6,DOGGY.png
Bistroo,BIST,BNB,0xbd525e51384905c6c0936a431bc7efb6c4903ea0,BIST.png
STARSHIP,STARSHIP,BNB,0x52419258E3fa44DEAc7E670eaDD4c892B480A805,STARSHIP.png
CryptoZoon,ZOON,BNB,0x9d173e6c594f479b4d47001f8e6a95a7adda42bc,ZOON.png
VelasPad,VLXPAD,BNB,0xb8e3bB633F7276cc17735D86154E0ad5ec9928C0,VLXPAD.png
Dexsport,DESU,BNB,0x32f1518baace69e85b9e5ff844ebd617c52573ac,DESU.png
BBS Network,BBS,BNB,0xa477a79a118a84a0d371a53c8f46f8ce883ec1dd,BBS.png
VisionGame,VISION,BNB,0x332e78c687c3fcd91494c6b13f0fc685b2a57434,VISION.png
ETHAX,ETHAX,BNB,0x854F7Cd3677737241E3eED0dC3d7F33DFAF72Bc4,ETHAX.png
KISSAN,KSN,BNB,0xC8A11F433512C16ED895245F34BCC2ca44eb06bd,KSN.png
Grove Coin,GRV,BNB,0xf33893de6eb6ae9a67442e066ae9abd228f5290c,GRV.png
ApeBond,ABOND,BNB,0x34294AfABCbaFfc616ac6614F6d2e17260b78BEd,ABOND.png
PirateCash,PIRATE,BNB,0xaFCC12e4040615E7Afe9fb4330eB3D9120acAC05,PIRATE.png
Freeway Token,FWT,BNB,0x90a1E4BBADE88366dC44436535f1571d95e666c7,FWT.png
Spore,SPORE,BNB,0x33a3d962955a3862c8093d1273344719f03ca17c,SPORE.png
Dreams Quest,DREAMS,BNB,0x54523d5fb56803bac758e8b10b321748a77ae9e9,DREAMS.png
WeWay,WWY,BNB,0x9ab70e92319f0b9127df78868fd3655fb9f1e322,WWY.png
EGO,EGO,BNB,0x44a21B3577924DCD2e9C81A3347D204C36a55466,EGO.png
Satoshi Island,STC,BNB,0x340724464cf51a551106cc6657606ee7d87b28b9,STC.png
Jetcoin,JET,BNB,0xc5b43669a899c5da2a98b2bf8c9082d5e8d5ee0d,JET.png
BitcoinZ,BTCZ,BNB,0xcBBB3e5099F769F6d4E2b8b92DC0e268f7E099D8,BTCZ.png
Callisto Network,CLO,BNB,0xccbf1c9e8b4f2cdf3bfba1098b8f56f97d219d53,CLO.png
PEAKDEFI,PEAK,BNB,0x630d98424efe0ea27fb1b3ab7741907dffeaad78,PEAK.png
Arcona,ARCONA,BNB,0x8fc4532be3003fb5a3a2f9afc7e95b3bfbd5faab,ARCONA.png
Gather,GTH,BNB,0xeb986DA994E4a118d5956b02d8b7c3C7CE373674,GTH.png
ZeroSwap,ZEE,BNB,0x44754455564474a89358b2c2265883df993b12f0,ZEE.png
My DeFi Pet,DPET,BNB,0xfb62ae373aca027177d1c18ee0862817f9080d08,DPET.png
catgirl,CATGIRL,BNB,0x79ebc9a2ce02277a4b5b3a768b1c0a4ed75bd936,CATGIRL.png
Position Exchange,POSI,BNB,0x5CA42204cDaa70d5c773946e69dE942b85CA6706,POSI.png
Monsta Infinite,MONI,BNB,0x9573c88aE3e37508f87649f87c4dd5373C9F31e0,MONI.png
Bomb Crypto (BNB),BCOIN,BNB,0x00e1656e45f18ec6747F5a8496Fd39B50b38396D,BCOIN.png
Internet of Energy Network,IOEN,BNB,0x033DcfeF3366772FbCDEa4f33F1D96dB8f93676B,IOEN.png
Kunci Coin,KUNCI,BNB,0x6cf271270662be1c4fc1b7bb7d7d7fc60cc19125,KUNCI.png
TiFi Token,TIFI,BNB,0x17E65E6b9B166Fb8e7c59432F0db126711246BC0,TIFI.png
Kaizen Finance,KZEN,BNB,0x4550003152F12014558e5CE025707E4DD841100F,KZEN.png
REV3AL,REV3L,BNB,0x30B5E345C79255101B8af22a19805A6fb96DdEBb,REV3L.png
Finceptor,FINC,BNB,0xA856098dCBc1b2B3a9C96C35c32bC4f71E49AEd2,FINC.png
SolarX,SXCH,BNB,0xE58C3A44B74362048e202cb7C8036D4b0B28Af50,SXCH.png
Zynecoin,ZYN,BNB,0x1BD38316032a4d17690D943deC0c503F37a484B6,ZYN.png
Belt Finance,BELT,BNB,0xE0e514c71282b6f4e823703a39374Cf58dc3eA4f,BELT.png
Bitcoin Bam,BTCBAM,BNB,0xcf0990170A60DA34fFCffa14eAD4a3De27D0F4CE,BTCBAM.png
X World Games,XWG,BNB,0x6b23c89196deb721e6fd9726e6c76e4810a464bc,XWG.png
ADAPad,ADAPAD,BNB,0xdb0170e2d0c1cc1b2e7a90313d9b9afa4f250289,ADAPAD.png
Elemon,ELMON,BNB,0xE3233fdb23F1c27aB37Bd66A19a1f1762fCf5f3F,ELMON.png
Infinity PAD,IPAD,BNB,0xA7266989B0DF675cC8257d53B6bc1358fAF6626a,IPAD.png
BHO Network,BHO,BNB,0x8717e80EfF08F53A45b4A925009957E14860A8a8,BHO.png
Rainmaker Games,RAIN,BNB,0x6Bcd897D4BA5675F860C7418ddc034f6c5610114,RAIN.png
Metastrike,MTS,BNB,0x496cC0b4ee12Aa2AC4c42E93067484e7Ff50294b,MTS.png
Funex,FUNEX,BNB,0xa07C39f8dF11cA675f77EfC19501e3Dddacd03Ed,FUNEX.png
AiMalls,AIT,BNB,0x5f113f7ef20ff111fd130e83d8e97fd1e0e2518f,AIT.png
DeFi,DEFI,BNB,0x6d106c0b8d2f47c5465bdbd58d1be253762cbbc1,DEFI.png
MetaDOS,SECOND,BNB,0x7979871595b80433183950ab6c6457752b585805,SECOND.png
Trollcoin,TROLL,BNB,0xd62c265eb7dE3b2E5462442ea0f11DbDA9c9bF4f,TROLL.png
GoCrypto Token,GOC,BNB,0x4b85a666dec7c959e88b97814e46113601b07e57,GOC.png
UBIX.Network,UBX,BNB,0xcdE131F756176967b695c6090885d387f1337456,UBX.png
Unbound,UNB,BNB,0x301af3eff0c904dc5ddd06faa808f653474f7fcc,UNB.png
Glitch,GLCH,BNB,0xF0902eB0049A4003793BAb33F3566A22D2834442,GLCH.png
O3 Swap,O3,BNB,0xee9801669c6138e84bd50deb500827b776777d28,O3.png
Venus Reward Token,VRT,BNB,0x5F84ce30DC3cF7909101C69086c50De191895883,VRT.png
Nafter,NAFT,BNB,0xd7730681b1dc8f6f969166b29d8a5ea8568616a3,NAFT.png
Pleasure Coin,NSFW,BNB,0xaA076B62EFC6f357882E07665157A271aB46A063,NSFW.png
Binamon,BMON,BNB,0x08ba0619b1e7a582e0bce5bbe9843322c954c340,BMON.png
DEEPSPACE,DPS,BNB,0xf275e1ac303a4c9d987a2c48b8e555a77fec3f1c,DPS.png
DOSE,DOSE,BNB,0x7837fd820ba38f95c54d6dac4ca3751b81511357,DOSE.png
Metaverse Face,MEFA,BNB,0x6ad0f087501eee603aeda0407c52864bc7f83322,MEFA.png
Portuma,POR,BNB,0x9000Cac49C3841926Baac5b2E13c87D43e51B6a4,POR.png
Hillstone Finance,HSF,BNB,0xda8929a6338F408CC78c1845FB4F71BfFd2cFCfb,HSF.png
Football World Community,FWC,BNB,0x6d3a160b86edcd46d8f9bba25c2f88cccade19fc,FWC.png
MangoMan Intelligent,MMIT,BNB,0x9767c8E438Aa18f550208e6d1fDf5f43541cC2c8,MMIT.png
SPECIEX,SPEX,BNB,0xF1B6460e7fA76E7aFDDfe20740C260b0Ec6807a8,SPEX.png
Baby Trump (BSC),BABYTRUMP,BNB,0xE66fD34c0f8726a5eb97f6d45C5A5Df4D57d39Fc,BABYTRUMP.png
Exverse,EXVG,BNB,0xBb7D61D2511fD2e63F02178ca9B663458Af9FC63,EXVG.png
Edgeware,EDG,BNB,0x4e0da40b9063dc48364c1c0ffb4ae9d091fc2270,EDG.png
AtromG8,AG8,BNB,0xEF7C2B756149c4F5A4f6EAe1f3613fdbB6BbC568,AG8.png
RioDeFi,RFUEL,BNB,0x69a1913d334b524ea1632461C78797c837CA9fa6,RFUEL.png
Oddz,ODDZ,BNB,0xcd40f2670cf58720b694968698a5514e924f742d,ODDZ.png
CryptEx,CRX,BNB,0x97a30c692ece9c317235d48287d23d358170fc40,CRX.png
InsurAce,INSUR,BNB,0x3192ccddf1cdce4ff055ebc80f3f0231b86a7e30,INSUR.png
Light,LIGHT,BNB,0x037838b556d9c9d654148a284682C55bB5f56eF4,LIGHT.png
Tiger King Coin,TKING,BNB,0x9b4bdddaeb68d85b0848bab7774e6855439fd94e,TKING.png
SONM (BEP-20),SNM,BNB,0x46d0DAc0926fa16707042CAdC23F1EB4141fe86B,SNM.png
EVRYNET,EVRY,BNB,0xC2d4A3709e076A7A3487816362994a78ddaeabB6,EVRY.png
NvirWorld,NVIR,BNB,0x9d71CE49ab8A0E6D2a1e7BFB89374C9392FD6804,NVIR.png
XY Finance,XY,BNB,0x666666661f9B6D8c581602AAa2f76cbead06C401,XY.png
Tradetomato,TTM,BNB,0xE356cb3eFc9CB4320b945393A10Fd71c77dc24A0,TTM.png
Meta Apes,PEEL,BNB,0x734548a9e43d2D564600b1B2ed5bE9C2b911c6aB,PEEL.png
Hunter Token / Digital Arms,HNTR,BNB,0x83451A4E3585FdA74FEb348Ad929f2C4cA189660,HNTR.png
REGENT COIN,REGENT,BNB,0x4fFa143Ce16A24215e8dF96c0CEF5677a7B91EE4,REGENT.png
The Dons,DONS,BNB,0x95c91eEf65F50570cFC3f269961a00108Cf7BF59,DONS.png
Vestate,VES,BNB,0x1bc8Bf18256d8b45d8367Aac50fe2e24fc6AA8CA,VES.png
Department Of Government Efficiency (DOGE),DOGE,BNB,0x1D0A4985f3EaA44055116d1fFF6B96E653209C12,DOGE.png
Gold Reserve,GOR,BNB,0x014d05725f9D95BC371A184373fAb4eD0Bd577ee,GOR.png
Blend,BLEND,BNB,0xda52b818c1348bFee27989E2a0DF39224A3E52fA,BLEND.png
Atomic Wallet Coin,AWC,BNB,0x798aF7725376765e7F3cA86d5e0Cf1BEaEf19F34,AWC.png
pNetwork,PNT,BNB,0xdaacb0ab6fb34d24e8a67bfa14bf4d95d4c7af92,PNT.png
Idena,IDNA,BNB,0x0de08c1abe5fb86dd7fd2ac90400ace305138d5b,IDNA.png
Hyve,HYVE,BNB,0xF6565A97Dc832d93DC83B75EE9aa5c7e8ecB0F9d,HYVE.png
PolkaBridge,PBR,BNB,0x3C1B057cb7AcEB4F2c4D889A29fEBec30A6A3146,PBR.png
Bitcoin Standard Hashrate Token,BTCST,BNB,0x78650b139471520656b9e7aa7a5e9276814a38e9,BTCST.png
Hord,HORD,BNB,0x39d4549908e7Adcee9b439429294eEb4c65c2C9e,HORD.png
NFT Art Finance,NFTART,BNB,0xf7844cb890f4c339c497aeab599abdc3c874b67a,NFTART.png
Omchain,OMC,BNB,0x1f926b439fae4595e5951029d47616feca401b77,OMC.png
SHILL Token,SHILL,BNB,0xfb9C339b4BacE4Fe63ccc1dd9a3c3C531441D5fE,SHILL.png
KCCPAD,KCCPAD,BNB,0x11582Ef4642B1e7F0a023804B497656E2663bC9B,KCCPAD.png
Spores Network,SPO,BNB,0x8357c604c5533fa0053beaaa1494da552cea38f7,SPO.png
Plant Vs Undead,PVU,BNB,0x31471e0791fcdbe82fbf4c44943255e923f1b794,PVU.png
AstroSwap,ASTRO,BNB,0x72eB7CA07399Ec402c5b7aa6A65752B6A1Dc0C27,ASTRO.png
Blocto Token,BLT,BNB,0x02Bdf640fba368E7Ba5c6429cCaF251512273865,BLT.png
Blockchain Monster Hunt,BCMC,BNB,0xc10358f062663448a3489fC258139944534592ac,BCMC.png
BTRIPS,BTR,BNB,0xe00CEbF04e6a0A82A82a58f3B714d4b1Cc67f6A1,BTR.png
Fabwelt,WELT,BNB,0x1785113910847770290F5F840b4c74fc46451201,WELT.png
AgeOfGods,AOG,BNB,0x40c8225329bd3e28a043b029e0d07a5344d2c27c,AOG.png
Wombat Exchange,WOM,BNB,0xad6742a35fb341a9cc6ad674738dd8da98b94fb1,WOM.png
PERL.eco,PERL,BNB,0x0f9e4d49f25de22c2202af916b681fbb3790497b,PERL.png
Azbit,AZ,BNB,0xaaaafdc2e08371b956be515b3f3ff735ab9c9d74,AZ.png
DuckDaoDime,DDIM,BNB,0xc9132c76060f6b319764ea075973a650a1a53bc9,DDIM.png
yieldwatch,WATCH,BNB,0x7a9f28eb62c791422aa23ceae1da9c847cbec9b0,WATCH.png
ChainGuardians,CGG,BNB,0x1613957159e9b0ac6c80e824f7eea748a32a0ae2,CGG.png
Chronicle,XNL,BNB,0x5f26fa0c2ee5d3c0323d861d0c503f31ac212662,XNL.png
Signata,SATA,BNB,0x6b1C8765C7EFf0b60706b0ae489EB9bb9667465A,SATA.png
XCarnival,XCV,BNB,0x4be63a9b26EE89b9a3a13fd0aA1D0b2427C135f8,XCV.png
ETHPad,ETHPAD,BNB,0x8dB1D28Ee0d822367aF8d220C0dc7cB6fe9DC442,ETHPAD.png
Kaby Arena,KABY,BNB,0x02a40c048ee2607b5f5606e445cfc3633fb20b58,KABY.png
Cirus Foundation,CIRUS,BNB,0x4c888e116d57a32f84865f3789dcb131fdc9fab6,CIRUS.png
Silva Token,SILVA,BNB,0x68b5edb385b59e30a7a7db1e681a449e94df0213,SILVA.png
Scotty Beam,SCOTTY,BNB,0x000351d035d8bbf2aa3131ebfecd66fb21836f6c,SCOTTY.png
Metaverser,MTVT,BNB,0xB92c5e0135A510A4a3A8803F143d2Cb085BBAf73,MTVT.png
Avocado DAO Token,AVG,BNB,0xa41f142b6eb2b164f8164cae0716892ce02f311f,AVG.png
Lunar,LNR,BNB,0xc1A59a17F87ba6651Eb8E8F707db7672647c45bD,LNR.png
HyperChainX,HYPER,BNB,0xee5b03b769ca6c690d140cafb52fc8de3f38fc28,HYPER.png
Oggy Inu (BSC),OGGY,BNB,0x92ed61fb8955cc4e392781cb8b7cd04aadc43d0c,OGGY.png
Dechat,DECHAT,BNB,0xD69ee2e508363FEd57f89917D5ca03e715ee5519,DECHAT.png
Papu Token,PAPU,BNB,0x91dba2CD05c8A0227B48c3e426077145d23B21df,PAPU.png
KingdomStarter,KDG,BNB,0x87a2d9a9a6b2d61b2a57798f1b4b2ddd19458fb6,KDG.png
CyberFi Token,CFi,BNB,0x6a545f9c64d8f7b957d8d2e6410b52095a9e6c29,CFi.png
Cyclone Protocol,CYC,BNB,0x810ee35443639348adbbc467b33310d2ab43c168,CYC.png
Kattana,KTN,BNB,0xdae6c2a48bfaa66b43815c5548b10800919c993e,KTN.png
PERI Finance,PERI,BNB,0xb49b7e0742ecb4240ffe91661d2a580677460b6a,PERI.png
Brokoli Network,BRKL,BNB,0x66cafcf6c32315623c7ffd3f2ff690aa36ebed38,BRKL.png
Rhythm,RHYTHM,BNB,0xd73E883e203646e87F6d073BAF3D7719bDa68Bcb,RHYTHM.png
GamesPad,GMPD,BNB,0x9720ca160bbd4e7f3dd4bb3f8bd4227ca0342e63,GMPD.png
PearDAO,PEX,BNB,0x6a0b66710567b6beb81A71F7e9466450a91a384b,PEX.png
QUINT,QUINT,BNB,0x64619f611248256F7F4b72fE83872F89d5d60d64,QUINT.png
IguVerse,IGU,BNB,0x201bC9F242f74C47Bbd898a5DC99cDCD81A21943,IGU.png
Real Games,RG,BNB,0x873CD8702d18Eb584CCdFFc10a5B88d62606cEEF,RG.png
Mithril,MITH,BNB,MITH-C76,MITH.png
suterusu,SUTER,BNB,0x4CfbBdfBd5BF0814472fF35C72717Bd095ADa055,SUTER.png
BLink,BLINK,BNB,0x63870a18b6e42b01ef1ad8a2302ef50b7132054f,BLINK.png
Carbon,CARBON,BNB,0xeFb5dF8eB84055026018030E71bC2cdFA2F138B9,CARBON.png
Peanut,NUX,BNB,0x6d8734002fbffe1c86495e32c95f732fc77f6f2a,NUX.png
ApeSwap,BANANA,BNB,0x603c7f932ED1fc6575303D8Fb018fDCBb0f39a95,BANANA.png
Kangal,KANGAL,BNB,0xd632Bd021a07AF70592CE1E18717Ab9aA126DECB,KANGAL.png
LABS Group,LABS,BNB,0x510Ca7D22A84599e7d0f15F09E674056a6255389,LABS.png
CryptoBlades,SKILL,BNB,0x154a9f9cbd3449ad22fdae23044319d6ef2a1fab,SKILL.png
Loser Coin,LOWB,BNB,0x843d4a358471547f51534e3e51fae91cb4dc3f28,LOWB.png
Wall Street Games (old),WSG,BNB,0xa58950f05fea2277d2608748412bf9f802ea4901,WSG.png
aiRight,AIRI,BNB,0x7e2a35c746f2f7c240b664f1da4dd100141ae71f,AIRI.png
Life Crypto,LIFE,BNB,0x82190d28E710ea9C029D009FaD951c6F1d803BB3,LIFE.png
XcelPay,XLD,BNB,0xC79d1fD14F514cD713b5cA43D288a782Ae53eAb2,XLD.png
Defina Finance,FINA,BNB,0x426c72701833fddbdfc06c944737c6031645c708,FINA.png
Qrkita Token,QRT,BNB,0x921d3a6ed8223AFb6358410F717e2FB13cbae700,QRT.png
Dragon Kart,KART,BNB,0x8bdd8dbcbdf0c066ca5f3286d33673aa7a553c10,KART.png
Step®,STEP,BNB,0x465707181ACba42Ed01268A33f0507e320a154bD,STEP.png
MetaFighter,MF,BNB,0xBb6cDedac5CaB4A420211a4A8e8B5DCA879B31De,MF.png
MetaQ,METAQ,BNB,0x19da1f6A5c2aec9315BF16D14ce7F7163082bF82,METAQ.png
Wonderman Nation,WNDR,BNB,0xDfd7b0dD7Bf1012DfDf3307a964c36b972300Ac8,WNDR.png
Little Rabbit v2,LTRBT,BNB,0x6C46422A0f7dbbAD9BEC3BbBC1189bfAf9794B05,LTRBT.png
SELF Crypto,SELF,BNB,0x50c34995a273075a80c23625F69F40d56CE414DE,SELF.png
GoldenCat,CATS,BNB,0x4f7eA8F6487a7007ca054F35c4a7b961f5b18961,CATS.png
HashBX,HBX,BNB,0x7b674129D7cE4b17D7D69c4c68A00aa429230e88,HBX.png
Zelwin,ZLW,BNB,0x5dd1e31e1a0e2e077ac98d2a4b781f418ca50387,ZLW.png
OIN Finance,OIN,BNB,0x658E64FFcF40D240A43D52CA9342140316Ae44fA,OIN.png
Helmet.insure,HELMET,BNB,0x948d2a81086A075b3130BAc19e4c6DEe1D2E3fE8,HELMET.png
disBalancer,DDOS,BNB,0x7FBEC0bb6A7152e77C30D005B5D49cbC08A602C3,DDOS.png
Virtue Poker,VPP,BNB,0xe069af87450fb51fc0d0e044617f1c134163e591,VPP.png
HoDooi.com,HOD,BNB,0x19A4866a85c652EB4a2ED44c42e4CB2863a62D51,HOD.png
Wolf Safe Poor People,WSPP,BNB,0x46d502fac9aea7c5bc7b13c8ec9d02378c33d36f,WSPP.png
KamPay,KAMPAY,BNB,0x8e984e03ab35795c60242c902ece2450242c90e9,KAMPAY.png
Binemon,BIN,BNB,0xe56842ed550ff2794f010738554db45e60730371,BIN.png
Ninneko,NINO,BNB,0x6cad12b3618a3c7ef1feb6c91fdc3251f58c2a90,NINO.png
Monsterra (MSTR),MSTR,BNB,0x2290C6bD9560E6498dFDf10F9eCB17997CA131f2,MSTR.png
Spellfire,SPELLFIRE,BNB,0xd6f28f15a5cafc8d29556393c08177124b88de0d,SPELLFIRE.png
IDRX,IDRX,BNB,0x649a2DA7B28E0D54c13D5eFf95d3A660652742cC,IDRX.png
BABYTRUMP,BABYTRUMP,BNB,0xc4bb2e24f4b6f762d31fc28eaac98882c32bc828,BABYTRUMP.png
Shackleford,SHACK,BNB,0x1f6c1516bdeba1a01643b792eb12d68cec8658ba,SHACK.png
StoryFire,BLAZE,BNB,0xEf7A4Dd703D074974b7240C74b5ce938aA8983d3,BLAZE.png
ShibaBitcoin,SHIBTC,BNB,0x87266413e5b64DB72f11bB6795Ee976545DBAf43,SHIBTC.png
PhoenixDAO,PHNX,BNB,0x7e2c683EEc39813C191f6a40d259984dd5880c0A,PHNX.png
SaTT,SATT,BNB,0x448bee2d93be708b54ee6353a7cc35c4933f1156,SATT.png
Curate,XCUR,BNB,0xd52669712f253CD6b2Fe8A8638F66ed726cb770C,XCUR.png
Unido EP,UDO,BNB,0x70802af0ba10dd5bb33276b5b37574b6451db3d9,UDO.png
Playcent,PCNT,BNB,0xe9b9c1c38dab5eab3b7e2ad295425e89bd8db066,PCNT.png
Woonkly,WOOP,BNB,0xD686E8DFECFd976D80E5641489b7A18Ac16d965D,WOOP.png
8PAY,8PAY,BNB,0x6eadc05928acd93efb3fa0dfbc644d96c6aa1df8,8PAY.png
Equalizer,EQZ,BNB,0x1Da87b114f35E1DC91F72bF57fc07A768Ad40Bb0,EQZ.png
KALM,KALM,BNB,0x4ba0057f784858a48fe351445c672ff2a3d43515,KALM.png
BNbitcoin,BNBTC,BNB,0xe7cb24f449973d5b3520e5b93d88b405903c75fb,BNBTC.png
RealFevr,FEVR,BNB,0x82030cdbd9e4b7c5bb0b811a61da6360d69449cc,FEVR.png
Shirtum,SHI,BNB,0x7269d98af4aa705e0b1a5d8512fadb4d45817d5a,SHI.png
SugarBlock,SUGARB,BNB,0x40f906e19b14100d5247686e08053c4873c66192,SUGARB.png
Wizardia,WZRD,BNB,0xFa40d8FC324bcdD6Bbae0e086De886c571C225d4,WZRD.png
NevaCoin,NEVA,BNB,0xe7498f332C35a346b486F3f6a68F05934E92A228,NEVA.png
Effect AI (old),EFX,BNB,0xC51Ef828319b131B595b7ec4B28210eCf4d05aD0,EFX.png
CoTrader,COT,BNB,0x304fc73e86601a61a6c6db5b0eafea587622acdc,COT.png
4P FOUR,FOUR,BNB,0xd882739fca9cbae00f3821c4c65189e2d7e26147,FOUR.png
Centric Swap,CNS,BNB,0xF6Cb4ad242BaB681EfFc5dE40f7c8FF921a12d63,CNS.png
SakeToken,SAKE,BNB,0x8bd778b12b15416359a227f0533ce2d91844e1ed,SAKE.png
Shadows,DOWS,BNB,0xfb7400707df3d76084fbeae0109f41b178f71c02,DOWS.png
Ares Protocol,ARES,BNB,0xf9752a6e8a5e5f5e6eb3ab4e7d8492460fb319f0,ARES.png
DeHive,DHV,BNB,0x58759dd469ae5631c42cf8a473992335575b58d7,DHV.png
Kryptomon,KMON,BNB,0xc732b6586a93b6b7cf5fed3470808bc74998224d,KMON.png
XP NETWORK,XPNET,BNB,0x8cf8238abf7b933Bf8BB5Ea2C7E4Be101c11de2A,XPNET.png
Orion Money,ORION,BNB,0x3dcb18569425930954feb191122e574b87f66abd,ORION.png
NFTrade,NFTD,BNB,0xac83271abb4ec95386f08ad2b904a46c61777cef,NFTD.png
ASPO World,ASPO,BNB,0x1a9b49e9f075c37fe5f86c916bac9deb33556d7e,ASPO.png
OneArt,1ART,BNB,0xD3c325848D7c6E29b574Cb0789998b2ff901f17E,1ART.png
Metagalaxy Land,MEGALAND,BNB,0xcAb1fd29D6FD64bB63471B666e8dbfC1915bF90E,MEGALAND.png
Infinity Games,ING,BNB,0xae7c682ba26ad6835b6150ffb35f22db9987f509,ING.png
Minu,MINU,BNB,0xf48f91df403976060cC05dBbf8A0901b09fdeFd4,MINU.png
Metrix Coin,MRX,BNB,0x767b28a30e3a15dcece7bff7a020adfde9d19cf8,MRX.png
Polis,POLIS,BNB,0xb5bEa8a26D587CF665f2d78f077CcA3C7f6341BD,POLIS.png
Spartan Protocol,SPARTA,BNB,0x3910db0600ea925f63c36ddb1351ab6e2c6eb102,SPARTA.png
Autobahn Network,TXL,BNB,0x1FFD0b47127fdd4097E54521C9E2c7f0D66AafC5,TXL.png
Bird.Money,BIRD,BNB,0x8780fEA4C6b242677D4A397fE1110AC09Ce99ad2,BIRD.png
Finxflo,FXF,BNB,0x8a40c222996f9f3431f63bf80244c36822060f12,FXF.png
Modefi,MOD,BNB,0xd4fbc57b6233f268e7fba3b66e62719d74deecbc,MOD.png
Nerve Finance,NRV,BNB,0x42F6f551ae042cBe50C739158b4f0CAC0Edb9096,NRV.png
Raze Network,RAZE,BNB,0x65e66a61D0a8F1e686C2D6083ad611a10D84D97A,RAZE.png
FaraLand,FARA,BNB,0xF4Ed363144981D3A65f42e7D0DC54FF9EEf559A1,FARA.png
Bunicorn,BUNI,BNB,0x0e7beec376099429b85639eb3abe7cf22694ed49,BUNI.png
Elpis Battle,EBA,BNB,0x3944aC66b9b9B40a6474022D6962b6cAA001b5E3,EBA.png
PulsePad,PLSPAD,BNB,0x8a74BC8c372bC7f0E9cA3f6Ac0df51BE15aEC47A,PLSPAD.png
Gunstar Metaverse,GSTS,BNB,0x7eDC0eC89F987ECd85617b891c44fE462a325869,GSTS.png
Ginoa,GINOA,BNB,0x2ff90b0c29ededdaf11c847925ea4a17789e88c3,GINOA.png
Chain of Legends,CLEG,BNB,0x4027d91eCD3140e53AE743d657549adfeEbB27AB,CLEG.png
MOVEZ,MOVEZ,BNB,0x039cd22cb49084142d55fcd4b6096a4f51ffb3b4,MOVEZ.png
CZ THE GOAT,CZGOAT,BNB,0xa2C17A6Fd0aFE27afa2630A7528bC673089E6b8d,CZGOAT.png
HeFi,HEFI,BNB,0x45eaCcc670E0Ef785D9c298217a7Ab777757721b,HEFI.png
The Moon Metaverse,2MOON,BNB,0x817b32d386cFc1F872de306DfAeDfDa36429cA1E,2MOON.png
MCOIN,MCOIN,BNB,0xd39ba5680e5a59ed032054485a0a8d2d5a6a2366,MCOIN.png
BabyCate,BABYCATE,BNB,0x76B560b628F74BF192bE09F0449abef8e456BE79,BABYCATE.png
GoWithMi,GMAT,BNB,GMAT-FC8,GMAT.png
Golff,GOF,BNB,0x2bcF9c1861FaE2d5a7D2b3242b71e2a8d461F61e,GOF.png
EasyFi,EZ,BNB,0x5512014efa6Cd57764Fa743756F7a6Ce3358cC83,EZ.png
Coreto,COR,BNB,0xa4b6573c9ae09d81e4d1360e6402b81f52557098,COR.png
Duck DAO (DLP Duck Token),DUCK,BNB,0x5d186e28934c6b0ff5fc2fece15d1f34f78cbd87,DUCK.png
KeyFi,KEYFI,BNB,0x4b6000f9163de2e3f0a01ec37e06e1469dbbce9d,KEYFI.png
WOWswap,WOW,BNB,0x4da996c5fe84755c80e108cf96fe705174c5e36a,WOW.png
Mochi Market,MOMA,BNB,0xB72842D6F5feDf91D22d56202802Bb9A79C6322E,MOMA.png
CryptoTycoon,CTT,BNB,0x464863745ed3af8b9f8871f1082211c55f8f884d,CTT.png
Don-key,DON,BNB,0x86B3F23B6e90F5bbfac59b5b2661134Ef8Ffd255,DON.png
Terran Coin,TRR,BNB,0xbB95cc1c662D89822bda29D2e147B124406e6e42,TRR.png
Pacoca,PACOCA,BNB,0x55671114d774ee99d653d6c12460c780a67f1d18,PACOCA.png
Corite,CO,BNB,0x936B6659Ad0C1b244Ba8Efe639092acae30dc8d6,CO.png
The HUSL,HUSL,BNB,0x284ac5af363bde6ef5296036af8fb0e9cc347b41,HUSL.png
My Master War,MAT,BNB,0xf3147987a00d35eecc10c731269003ca093740ca,MAT.png
ElvishMagic,EMAGIC,BNB,0xaf55E53CFA099A59aa30554fe106F33C47564A25,EMAGIC.png
ZAIBOT,ZAI,BNB,0x68449870EEa84453044Bd430822827E21Fd8F101,ZAI.png
DOGEMOB,DOGEMOB,BNB,0xC44F8508E1dE753e7c523F98639132eeF2AD8EA5,DOGEMOB.png
Aluna.Social,ALN,BNB,0xf44fb887334fa17d2c5c0f970b5d320ab53ed557,ALN.png
Billion Happiness,BHC,BNB,0x6fd7c98458a943f469e1cf4ea85b173f5cd342f4,BHC.png
Plasma Finance,PPAY,BNB,0xfb288d60D3b66F9c3e231a9a39Ed3f158a4269aA,PPAY.png
APYSwap,APYS,BNB,0x37dfACfaeDA801437Ff648A1559d73f4C40aAcb7,APYS.png
Argon,ARGON,BNB,0x851f7a700c5d67db59612b871338a85526752c25,ARGON.png
PRivaCY Coin,PRCY,BNB,0xdfc3829b127761a3218bfcee7fc92e1232c9d116,PRCY.png
Genesis Shards,GS,BNB,0x9bA4c78b048EEed69f4eD3CFddeda7B51BAF7cA8,GS.png
TheForce Trade,FOC,BNB,0x3051CFb958dcD408FBa70256073Adba943Fdf552,FOC.png
The Corgi of PolkaBridge,CORGIB,BNB,0x1cfd6813a59d7b90c41dd5990ed99c3bf2eb8f55,CORGIB.png
PolkaWar,PWAR,BNB,0x16153214e683018d5aa318864c8e692b66e16778,PWAR.png
COGI,COGI,BNB,0x6cb755c4b82e11e727c05f697c790fdbc4253957,COGI.png
Era Token (Era7),ERA,BNB,0x6f9F0c4ad9Af7EbD61Ac5A1D4e0F2227F7B0E5f9,ERA.png
Petals,PTS,BNB,0xFA53a4778431712af31a11621eDee4D0926dF1aC,PTS.png
Play Token,PLAY,BNB,0xD069599E718f963bD84502b49ba8F8657fAF5B3a,PLAY.png
Realvirm,RVM,BNB,0xBB1861068Fca591bD3009a1d3B7f985f3a6400f8,RVM.png
Shard,SHARD,BNB,0xd8a1734945b9ba38eb19a291b475e31f49e59877,SHARD.png
MMOCoin,MMO,BNB,0x0aa086e7a108d387de63294fe2a88b05820a9855,MMO.png
Atlas Protocol,ATP,BNB,ATP-38C,ATP.png
Jade Currency,JADE,BNB,0x330F4fe5ef44B4d0742fE8BED8ca5E29359870DF,JADE.png
extraDNA,XDNA,BNB,0x80dbA9C32b7aB5445e482387A5522e24C0Ba4C24,XDNA.png
Pancake Bunny,BUNNY,BNB,0xc9849e6fdb743d08faee3e34dd2d1bc69ea11a51,BUNNY.png
MoneySwap,MSWAP,BNB,0xdD5a149740c055bdcdC5C066888f739DBe0bf2d0,MSWAP.png
Gourmet Galaxy,GUM,BNB,0xc53708664b99DF348dd27C3Ac0759d2DA9c40462,GUM.png
Berry Data,BRY,BNB,0xf859Bf77cBe8699013d6Dbc7C2b926Aaf307F830,BRY.png
TotemFi,TOTM,BNB,0x6ff1bfa14a57594a5874b37ff6ac5efbd9f9599a,TOTM.png
IOI Token,IOI,BNB,0x959229D94c9060552daea25AC17193bcA65D7884,IOI.png
April,APRIL,BNB,0xbfeA674ce7d16E26E39e3c088810367a708eF94C,APRIL.png
April,APRIL,BNB,0x7ee8af92c7cc4aeea1fefe6b7b78d9b13eff0671,APRIL.png
Formation Fi,FORM,BNB,0x25a528af62e56512a19ce8c3cab427807c28cc19,FORM.png
Lanceria,LANC,BNB,0xDd848E0CbFD3771dC7845B10072d973C375271e2,LANC.png
WagyuSwap,WAG,BNB,0x7FA7dF4996AC59F398476892cfB195eD38543520,WAG.png
LitLab Games,LITT,BNB,0xCEbEf3DF1F3C5Bfd90FDE603E71F31a53B11944D,LITT.png
Nemesis Downfall,ND,BNB,0x723000D0dF87652387E737F5747AC9205Bf9c213,ND.png
Corgi Inu (corgibnb.com),CORGI,BNB,0x54ea4f36dFf50A75658087A141464d2c44b8837f,CORGI.png
Spaceswap MILK2,MILK2,BNB,0x4a5a34212404f30c5ab7eb61b078fa4a55adc5a5,MILK2.png
BonFi,BNF,BNB,0xca14caf9e8dd2793e7010fc48dfe6c6af8445136,BNF.png
Shield Protocol,SHIELD,BNB,0x00f97C17f4Dc4F3BFD2DD9cE5E67f3A339A8a261,SHIELD.png
Paybswap,PAYB,BNB,0x916792fd41855914ba4b71285c8a05b866f0618b,PAYB.png
Rigel Protocol,RGP,BNB,0xfa262f303aa244f9cc66f312f0755d89c3793192,RGP.png
Hertz Network,HTZ,BNB,0xb5BBA78B4dF2D47DD46078514a3e296AB3c344Fe,HTZ.png
AirNFTs,AIRT,BNB,0x016cf83732f1468150d87dcc5bdf67730b3934d3,AIRT.png
Gamerse,LFG,BNB,0xF93f6b686f4A6557151455189a9173735D668154,LFG.png
BetU,BETU,BNB,0x0df1b3f30865c5b324797f8db9d339514cac4e94,BETU.png
BEMIL Coin,BEM,BNB,0x7B86b0836f3454e50C6F6a190cd692bB17da1928,BEM.png
Linked Finance World,LFW,BNB,0xD71239a33C8542Bd42130c1B4ACA0673B4e4f48B,LFW.png
Algebra,ALGB,BNB,0xe374116F490b461764e2438f98EAb3FfF383367B,ALGB.png
Mytheria,MYRA,BNB,0x6ef238e9e8cd2a96740897761c18894fc086b9d0,MYRA.png
Amazy,AZY,BNB,0x7b665B2F633d9363b89A98b094B1F9E732Bd8F86,AZY.png
Hero Blaze: Three Kingdoms,MUDOL2,BNB,0x5e7f472b9481c80101b22d0ba4ef4253aa61dabc,MUDOL2.png
Bitteam token,BTT,BNB,0xec6432b90e7fd4d9f872cc5c781f05b617db861e,BTT.png
Sable Finance,SABLE,BNB,0x1eE098cBaF1f846d5Df1993f7e2d10AFb35A878d,SABLE.png
L7,LSD,BNB,0xcD1B51b87a8a7137D6421bA5A976225187a26777,LSD.png
Moonft,MTC,BNB,0x4E1A724b0588Fa971263c8AC5F78Ca215C7D09Dd,MTC.png
Poor Doge,PDOGE,BNB,0xb299B7697D7B63b7c8616a120C0Fe7a70Db2f59B,PDOGE.png
Zenqira,ZENQ,BNB,0xf226432a5f49d595def3a3c51c7210b61f0aef2d,ZENQ.png
JOOPS,JOOPS,BNB,0xE3B933caed104dB24542249c7331584d5a05972F,JOOPS.png
Ormeus Ecosystem,ECO,BNB,0xede2f059545e8cde832d8da3985caacf795b8765,ECO.png
Ormeus Ecosystem,ECO,BNB,ECO-083,ECO.png
Smoothy,SMTY,BNB,0xbF776e4FCa664D791C4Ee3A71e2722990E003283,SMTY.png
CorionX,CORX,BNB,0x141383CDB8158982fB3469C3e49cC82F8026d968,CORX.png
Goose Finance,EGG,BNB,0xF952Fc3ca7325Cc27D15885d37117676d25BfdA6,EGG.png
Rage Fan,RAGE,BNB,0xD38c1B7b95D359978996e01B8a85286F65B3C011,RAGE.png
Mist,MIST,BNB,0x68E374F856bF25468D365E539b700b648Bf94B67,MIST.png
Twinci,TWIN,BNB,0xaf83f292fced83032f52ced45ef7dbddb586441a,TWIN.png
blockbank,BBANK,BNB,0xf4b5470523ccd314c6b9da041076e7d79e0df267,BBANK.png
Knit Finance,KFT,BNB,0x1b41a1BA7722E6431b1A782327DBe466Fe1Ee9F9,KFT.png
DinoX,DNXC,BNB,0x3c1748d647e6a56b37b66fcd2b5626d0461d3aa0,DNXC.png
Step Hero,HERO,BNB,0xE8176d414560cFE1Bf82Fd73B986823B89E4F545,HERO.png
Ekta,EKTA,BNB,0x45808ce43eb2d7685ff0242631f0feb6f3d8701a,EKTA.png
Revolve Games,RPG,BNB,0x01E0d17a533E5930A349C2BB71304F04F20AB12B,RPG.png
Kawaii Islands,KWT,BNB,0x257a8d1e03d17b8535a182301f15290f11674b53,KWT.png
ShoeFy,SHOE,BNB,0xc0f42b31d154234a0a3ebe7ec52c662101c1d9bc,SHOE.png
CryptoTanks,TANK,BNB,0x4444a19c8bb86e9bdbc023709a363bbce91af33e,TANK.png
Ancient Kingdom,DOM,BNB,0x8c282ea9eacd1b95d44a3a18dcdd1d0472868998,DOM.png
Lucretius,LUC,BNB,0x87837B7b4850687e200254f78c0AF0A34329a491,LUC.png
beFITTER,FIU,BNB,0xef7d50069406a2f5a53806f7250a6c0f17ad9dcd,FIU.png
Mrweb Finance (new),AMA,BNB,0xa77d560e34bD6A8d7265F754b4fcd65d9a8e5619,AMA.png
Virtual Versions,VV,BNB,0x1f7e7a030aEF0A0f600dE1350c23D30B73fC7270,VV.png
MEMETOON,MEME,BNB,0x193397BB76868c6873e733AD60D5953843EBc84e,MEME.png
Bowled.io,BWLD,BNB,0x067BD9825C92a4384f55B4Cb8FcAeaEfFfcD490e,BWLD.png
Paxe,PAXE,BNB,0xd2A3eec06719D5Ac66248003B5488E02165dd2fa,PAXE.png
SeChain,SNN,BNB,0xa997e5aaae60987eb0b59a336dce6b158b113100,SNN.png
Gem Exchange and Trading,GXT,BNB,0x3107C0A1126268CA303f8d99c712392fA596e6D7,GXT.png
WorkQuest Token,WQT,BNB,0xBC648Cbd7B2B2c666f9f46aC5C5Ce6ee77f9C407,WQT.png
UniFarm,UFARM,BNB,0x0A356f512f6fCE740111ee04Ab1699017a908680,UFARM.png
Refinable,FINE,BNB,0x4e6415a5727ea08aae4580057187923aec331227,FINE.png
AFEN Blockchain Network,AFEN,BNB,0xd0840d5f67206f865aee7cce075bd4484cd3cc81,AFEN.png
Rune,RUNE,BNB,0xa9776b590bfc2f956711b3419910a5ec1f63153e,RUNE.png
BSClaunch,BSL,BNB,0xb60501346240fcde1615de56ea9fff1ac1da5673,BSL.png
Mate,MATE,BNB,0x2198b69b36b86f250549d26d69c5957912a34ec2,MATE.png
Knight War - The Holy Trio,KWS,BNB,0x5D0E95C15cA50F13fB86938433269D03112409Fe,KWS.png
Cryptopolis,CPO,BNB,0xea395DFaFEd39924988b475f2Ca7f4C72655203A,CPO.png
Moniwar,MOWA,BNB,0x411Ec510c85C9e56271bF4E10364Ffa909E685D9,MOWA.png
Warena,RENA,BNB,0xa9D75Cc3405F0450955050C520843f99Aff8749D,RENA.png
MetaverseX,METAX,BNB,0x03f8fdc10d5bcf7508375585b04e93d656d36954,METAX.png
Luna Rush,LUS,BNB,0xde301d6a2569aefcfe271b9d98f318baee1d30a4,LUS.png
MetaShooter,MHUNT,BNB,0x2C717059b366714d267039aF8F59125CAdce6D8c,MHUNT.png
SPORT,SPORT,BNB,0x5E54301415546401626036a10f85F9f06DE8dFfd,SPORT.png
SPRINT,SWP,BNB,0x53607C4a966f79d3ab1750180E770B0bFD493f46,SWP.png
ShredN,SHRED,BNB,0xddfD6382A18AD7279eB6db4DFB78922DDC33D6E7,SHRED.png
Weebs,WEEBS,BNB,0x317ae555dd3D474C4427699a7841891d398fA5A0,WEEBS.png
ZCore (old),ZCR,BNB,0x1f01dc57c66c2f87d8eab9c625d335e9defe6912,ZCR.png
ECOSC,ECU,BNB,0xdc49f7e090206f25563d0a8a8190388e92148a1d,ECU.png
Lead Wallet,LEAD,BNB,0x2ed9e96edd11a1ff5163599a66fb6f1c77fa9c66,LEAD.png
YFFII Finance,YFFII,BNB,0x9d31f2f011de7b84c8bd8eb907ea80ab13e3beb1,YFFII.png
YVS.Finance,YVS,BNB,0x47c1c7b9d7941a7265d123dcfb100d8fb5348213,YVS.png
SparkPoint Fuel,SFUEL,BNB,0x37ac4d6140e54304d77437a5c11924f61a2d976f,SFUEL.png
OptionRoom,ROOM,BNB,0x3c45a24d36ab6fc1925533c1f57bc7e1b6fba8a4,ROOM.png
Landbox,LAND,BNB,0x557f20ce25b41640ade4a3085d42d7e626d7965a,LAND.png
ETNA Network,ETNA,BNB,0x51f35073ff7cf54c9e86b7042e59a8cc9709fc46,ETNA.png
Swaperry,PERRY,BNB,0x9452D45d33490234B8C96f42342F1Be28c0FE097,PERRY.png
KingDeFi,KRW,BNB,0x1446f3cedf4d86a9399e49f7937766e6de2a3aab,KRW.png
Wolf Safe Poor People (Polygon),WSPP,BNB,0xB067C1dd69d41FfA29f959901c91Aa7731cC4E26,WSPP.png
PIAS,PIAS,BNB,0xC669A70e0B3D07e3514aFd97eBFb3D134077A4a1,PIAS.png
HTX,HTX,BNB,0x61ec85ab89377db65762e234c946b5c25a56e99e,HTX.png
Tether USD Bridged ZED20,USDT.z,BNB,0x4be35ec329343d7d9f548d42b0f8c17fffe07db4,USDT.z.png
Ethereum Bridged ZED20,ETH.z,BNB,0x68Db713779f7470c2FD43D3d06841D0192d44939,ETH.z.png
DIN,DIN,BNB,0x3Ab1A5f76E12202d1AD1548A08a799501581Da4E,DIN.png
Avalon Labs (AVL),AVL,BNB,0x9beee89723ceec27d7c2834bec6834208ffdc202,AVL.png
CaptainBNB,CaptainBNB,BNB,0x47a1eb0b825b73e6a14807beaecafef199d5477c,CaptainBNB.png
Broccoli (broccolibsc.com),BROCCOLI,BNB,0x12819623921be0f4d5ebfc12c75e6d08a1683080,BROCCOLI.png
Broccoli (Bounce Finance),Broccoli,BNB,0x343e66bad706eed4350fe96385ffc6336bd653ef,Broccoli.png
VNDC,VNDC,BNB,0xA276DC434A366C62ef010585b3885D0C85154389,VNDC.png
USD Coin Bridged ZED20,USDC.z,BNB,0x40f85D6040dF96ea14cD41142bcd244E14CF76f6,USDC.z.png
4,FOUR,BNB,0x21FD16cD0eF24A49D28429921e335bb0C1bfAdB3,FOUR.png
TRUMP AI,TRUMP,BNB,0xccdF812aa7cdee4fF7cb89546d7f1718bb8d46E1,TRUMP.png
OneCoinBuy,OCB,BNB,0x3Ec451733496B0eE147926cadf2Fc58a2947300a,OCB.png
Infinitar,IGT,BNB,0xD5eeEc1a534c35C418B44bb28E4d5a602f1A22DE,IGT.png
PinEye,PinEye,BNB,0x4b3a2187648902082db0a44e8235d57f3f23dd10,PinEye.png
NEZHA,NEZHA,BNB,0x252817c5dd2e90Bca477D5975724418CBca49B60,NEZHA.png
CZ'S DOG (BROCCOLI_TOKEN),BROCCOLI,BNB,0x641a4eb0c36de030f9c2a8436767560139ede748,BROCCOLI.png
Biconomy Exchange Token,BIT,BNB,0xc864019047b864b6ab609a968ae2725dfaee808a,BIT.png
Frax Finance - Frax Ether,FRXETH,BNB,0x64048A7eEcF3a2F1BA9e144aAc3D7dB6e58F555e,FRXETH.png
Luigi Inu,LUIGI,BNB,0xd7e81c66502e19cefc44a4bce4c0b4fb7a5f144a,LUIGI.png
Bitcoin Bridged ZED20,BTC.z,BNB,0xA4156cc61dc7796faA24278a0F9F229B15e298cb,BTC.z.png
Beers,BEER,BNB,0xd533fa739d24871108cD868064b71D9c705a5126,BEER.png
DGTEK TOKEN,USDG,BNB,0x53507A90dB6346bfee3FA1C53465cf0e1Be37aC5,USDG.png
MetaMars,MARS,BNB,0x07c15e4add8c23d2971380dde6c57b6f88902ec1,MARS.png
COCOCOIN,COCO,BNB,0xF563E86e461dE100CfCfD8b65dAA542d3d4B0550,COCO.png
Finanx AI,FNXAI,BNB,0xD26889f63094Ba5A9d32666CdF5Ba381acfad6A6,FNXAI.png
Just do buy,DOBUY,BNB,0x507F11919915DA171007E483F3C9DCc4A78E06ac,DOBUY.png
AICell,AICELL,BNB,0xde04da55b74435d7b9f2c5c62d9f1b53929b09aa,AICELL.png
Cellula,CELA,BNB,0xc790Ac3B67C42302555D928E5644B848C557E319,CELA.png
AGON Agent,AGON,BNB,0x3ca729bfd4bbad155f072752510226b37a5b7723,AGON.png
BinaryX (old),BNX,BNB,0x8C851d1a123Ff703BD1f9dabe631b69902Df5f97,BNX.png
EscoinToken,ELG,BNB,0x755341c49f4427e43d99d8254a8dD87056f1Ee00,ELG.png
XEN Crypto,XEN,BNB,0x2AB0e9e4eE70FFf1fB9D67031E44F6410170d00e,XEN.png
TOX,TOX,BNB,0x03a50F17016d6f66D15F3ff91E76dc14E2b5bEAb,TOX.png
A.I Genesis,AIG,BNB,0x4b4594BFe661919A8e2373eb175004Da2989A479,AIG.png
SLEX Token,SLEX,BNB,0xc56DC6C39b2866FA8B6970F94a228ec15Be3Bcf6,SLEX.png
Eigenpie,EGP,BNB,0x0cc7288A11c0c31d39d0e05EB59F24e506ad6aD5,EGP.png
MBP Coin,MBP,BNB,0x1D42e1CD643941b26a4191E72A617eD32670Df55,MBP.png
longevity,LONGEVITY,BNB,0x45DbaeDCCa40313912C998C558C690A3d36319AE,LONGEVITY.png
HowToPay,HTP,BNB,0xc9de725a4be9ab74b136c29d4731d6bebd7122e8,HTP.png
OFFICIAL BARRON TRUMP,TRUMP,BNB,0x6CE2d9cA41ca437CA24202B88FB8C4123615f382,TRUMP.png
ONFA,OFT,BNB,0x297c6470cc7a3fe5cf8e5d977c33a2d4b4d9b126,OFT.png
Baby Broccoli,BABYBROC,BNB,0xbe9C341cd22fee293127429E5CbF033377aa3A03,BABYBROC.png
Dypius [Old],DYP,BNB,0x961C8c0B1aaD0c0b10a51FeF6a867E3091BCef17,DYP.png
Mig Mig,MIGMIG,BNB,0xB80aCd29e0099afB86bb0070D5AC941df6824376,MIGMIG.png
OMNIA Protocol,OMNIA,BNB,0xb53cc8303943582949b9a23f0556b0f0c41fec98,OMNIA.png
Digital Financial Exchange,DIFX,BNB,0x697bd938e7E572E787ecd7bC74a31f1814C21264,DIFX.png
Pop Social,PPT,BNB,0xDf061250302E5cCae091B18CA2B45914D785F214,PPT.png
Michi,MICHI,BNB,0xFf7a620974dD67999E5E87fde509576f29bB1681,MICHI.png
Lava Network,LAVA,BNB,0xFfeB8287dE7DC756067e171e9919c730f0636680,LAVA.png
Panther Ai,PAI,BNB,0x13a5c811093dd001c328b59a0cc9dec88951f042,PAI.png
RZcoin,RZ,BNB,0x6bc5abcc56874d7facb90c2c3812cc19aaf9b204,RZ.png
MetYa,MET,BNB,0xa5b000d453143B357dbA63f4EE83F2f6FDa832b8,MET.png
USDa (Avalon Labs),USDa,BNB,0x9356086146be5158E98aD827E21b5cF944699894,USDa.png
Meshchain Ai,MCC,BNB,0x700735317e1af4687c17f5c30e11a74778395922,MCC.png
Vista Finance,VISTA,BNB,0x493361d6164093936c86dcb35ad03b4c0d032076,VISTA.png
Acet,ACT,BNB,0x9f3bcbe48e8b754f331dfc694a894e8e686ac31d,ACT.png
StarryNift,SNIFT,BNB,0x5c4625ac040486ce7a9054924b8cd3e4ba8480a6,SNIFT.png
Chains of War,MIRA,BNB,0x7ce4bfc3a66d0fcf5d91dd846911c15c3ff82ecc,MIRA.png
2024PUMP,PUMP,BNB,0xCEe4E6F4d8e634e329c457a4F98c090aFAfB1C4b,PUMP.png
BSC Layer,BSC,BNB,0xcb8b1a33b5569d3728b4f834d01c7df0608fb184,BSC.png
NOT,CAT,BNB,0xE82d5E015713ea2Bd14B30377350626Ec5172a9e,CAT.png
SCARCITY,SCARCITY,BNB,0x0d67D1BEC77E562A73A65eEf5ED92aC46744671C,SCARCITY.png
LEMON,LEMX,BNB,0x2Da91257961b87e69Fa13b2e20931D517dc97597,LEMX.png
ReflectionAI,RECT,BNB,0xb42e1e0165140321db20ef46a2e9a240d60284b6,RECT.png
WeFi,WFI,BNB,0x90c48855bb69f9d2c261efd0d8c7f35990f2dd6f,WFI.png
E Money,EMYC,BNB,0xe3f53c0d48360de764dDc2a1A82c3e6DB5d4624d,EMYC.png
ONUS,ONUS,BNB,0x1851ccd370c444ff494d7505e6103959bce9f9d9,ONUS.png
Milo Inu,MILO,BNB,0xd9de2b1973e57dc9dba90c35d6cd940ae4a3cbe1,MILO.png
Serenity,SERSH,BNB,0x84affEEf925Cdce87f8A99B7b2E540dA5140Fc09,SERSH.png
DOLA,DOLA,BNB,0x2f29bc0ffaf9bff337b31cbe6cb5fb3bf12e5840,DOLA.png
Plena Finance,PLENA,BNB,0xF54b110B84aB2033330eD64C645A136Ef0dDe683,PLENA.png
STAGE,STAGE,BNB,0x9025daa1fe2d27700187e0eac670818945f94c2e,STAGE.png
PEPE,TRUMP,BNB,0xc81688968Bd1E8Da313B8F2936852eC4307Cd17f,TRUMP.png
EYWA,EYWA,BNB,0x7A10F506E4c7658e6AD15Fdf0443d450B7FA80D7,EYWA.png
Matrix Layer Protocol,MLP,BNB,0xDbE3ea3639077a837e767C5D82730254fC933E41,MLP.png
WESTLAND SMART CITY,WLSC,BNB,0x6AA6eec5bA2E7aB3aE7D9807C7a13c1fECF55DA7,WLSC.png
PepePAD,PEPE,BNB,0xef00278d7eadf3b2c05267a2f185e468ad7eab7d,PEPE.png
Trillioner,TLC,BNB,0x29a5daf6e3fdf964def07706ea1abee7ec03d021,TLC.png
Legacy Token,LGCT,BNB,0xD38B305CaC06990c0887032A02C03D6839f770A8,LGCT.png
Libra Incentix,LIXX,BNB,0x16530b5C105fcB7c50BC84A039a0a4ed806a5124,LIXX.png
BIBI,BIBI,BNB,0xFE8bF5B8F5e4eb5f9BC2be16303f7dAB8CF56aA8,BIBI.png
SEED NFT Marketplace,SEED,BNB,0x6730f7A6BbB7b9C8e60843948f7FEB4B6a17B7F7,SEED.png
Wagmi,WAGMI,BNB,0xaf20f5f19698f1d19351028cd7103b63d30de7d7,WAGMI.png
Xpense,XPE,BNB,0x88691f292b76Bf4D2CAa5678A54515fAE77c33AF,XPE.png
BiCity AI Projects,BICITY,BNB,0x6Fa9C0EE8a1F237466bB9CAc8466bFA2aA63A978,BICITY.png
Binancedog,BINANCEDOG,BNB,0x1C45366641014069114c78962bDc371F534Bc81c,BINANCEDOG.png
Counter Fire,CEC,BNB,0x111111267109489dc6f350608d5113B10c0C5cd7,CEC.png
Talken,TALK,BNB,0x7D61D3752F759c71f5291358408947aFf7b0Ff2c,TALK.png
Stargaze,STARS,BNB,0xc3cac4ae38ccf6985ef9039acc1abbc874ddcbb0,STARS.png
Fame MMA,FAME,BNB,0x28ce223853d123b52c74439b10b43366d73fd3b5,FAME.png
Rabbit,RAB,BNB,0x24Ef78C7092d255Ed14a0281ac1800C359aF3afe,RAB.png
JUSD Stable Token,JUSD,BNB,0xbf3950DB0522A7F5CAa107D4Cbbbd84dE9E047e2,JUSD.png
GameStop Coin,GME,BNB,0xf0C99B0288508D004F4aBeCa34d830CE7682977C,GME.png
Lufina,FINA,BNB,0xEacE46B3E761a1c06A51050CA4e8217D1C81aE2A,FINA.png
Casper AI,AIAGENT,BNB,0xadcdbcb0db9edf31509971f64f0a8e0fc53b384d,AIAGENT.png
Alterverse,AVC,BNB,0xD34984D7bfF492dC3b2336EAbD1758cE16DDFC2D,AVC.png
Bacon Protocol,BAC,BNB,0xb85d4C45383aCfcFd9869645275349C9c3f28EDB,BAC.png
MITCOIN,MTC,BNB,0xa1c9E626A49D62299baad6A47eA56629948e66D1,MTC.png
Catton AI,CATTON,BNB,0xcefc79c16cd62cf0c35c1d16d23b9f266f2eda51,CATTON.png
Zedxion,ZEDXION,BNB,0xff44967f2E4EBE0b8c5b6812f25e1b9BceC70b34,ZEDXION.png
LIF3,LIF3,BNB,0x336f374198c872Ba760e85af9c6331C3c5A535d3,LIF3.png
Thunder Brawl,THB,BNB,0xf7d9f74f02f258961f229f10666a1dba85d0529f,THB.png
Love Earn Enjoy,LEE,BNB,0xE37DbF20A4fFf3B88233e456355dc49B76B6fe19,LEE.png
MOG PEPE,PEPE,BNB,0xdce796806394E015b7BcF71d1558181A194fC62a,PEPE.png
BEBE,BEBE,BNB,0x16120Ef3d353224222b0A257AD15B5eAec0525c5,BEBE.png
HARRIS DOGS,DOGS,BNB,0xdA1e806FFc0eE2e541a212183306071C3a375b74,DOGS.png
Chengpang Zhoa,ZHOA,BNB,0xC3571b3f9721D07919dc42af7fce2784B56e8E3c,ZHOA.png
TonCapy,TCAPY,BNB,0x045c2767a6cae0a4551f40e4e8d250af94fe056b,TCAPY.png
Orion,ORN,BNB,0xe4ca1f75eca6214393fce1c1b316c237664eaa8e,ORN.png
QANplatform,QANX,BNB,0xAAA9214F675316182Eaa21C85f0Ca99160CC3AAA,QANX.png
Bitcoiva,BCA,BNB,0xddae5f343b7768eadaad88a7f520fff54f198211,BCA.png
TTcoin,TC,BNB,0x659049786cB66E4486b8C0E0cCC90a5929a21162,TC.png
Emp Money,EMP,BNB,0x3b248cefa87f836a4e6f6d6c9b42991b88dc1d58,EMP.png
Ecoin Finance,ECOIN,BNB,0x7d38315b92d0e7a85b35b2b7fe969b25935619d7,ECOIN.png
Outlanders,LAND,BNB,0x1E34fcc9a67E05D4bEED8C6a70F98C3E4D1e1e96,LAND.png
Nelore Coin,NLC,BNB,0x5f320c3b8f82acfe8f2bb1c85d63aa66a7ff524f,NLC.png
Sweeptoken,SWEEP,BNB,0x09c704c1EB9245Af48f058878e72129557a10F04,SWEEP.png
Pepe Coin,PEPE,BNB,0xb46584e0efdE3092e04010A13f2eAe62aDb3b9F0,PEPE.png
Any Inu,AI,BNB,0x2598c30330D5771AE9F983979209486aE26dE875,AI.png
CodeXchain,CDX,BNB,0x1c3ba6cF2676cc795db02a3b2093E5076f5F330E,CDX.png
Childrens Aid Foundation,CAF,BNB,0x096985703F584B9444CE9730B600fC39De29ccc8,CAF.png
AASToken,AAST,BNB,0xb1E998b346DDDacD06f01db50645bE52DafB93db,AAST.png
OrangeDX,O4DX,BNB,0x062ca2d2F1aF8C203FA3Ad5298FD6fAa4E44E897,O4DX.png
HBC,HB,BNB,0x135a5f2b1c49Bd07954561E048C38cc2EF19B6Cb,HB.png
siren,SIREN,BNB,0x997a58129890bbda032231a52ed1ddc845fc18e1,SIREN.png
Freela,FREL,BNB,0xfd5af95c12446b60d23e16a4ea95690ce942e5dc,FREL.png
Melos Studio,MELOS,BNB,0x3CC194Cb21E3B9d86dD516b4d870B82fAfb4C02E,MELOS.png
Platform of meme coins,PAYU,BNB,0x9aeb2e6dd8d55e14292acfcfc4077e33106e4144,PAYU.png
DexNet,DEXNET,BNB,0x39dF92f325938c610f4e4a04F7b756145eBe8804,DEXNET.png
Baby Sora,BABYSORA,BNB,0xb7f86029269ee2f93f51e116e08901e955a6668c,BABYSORA.png
RGAMES,RGAME,BNB,0xcbd9f6d748dd3d19416f8914528a65c7838e27d8,RGAME.png
LoveBit,LB,BNB,0x8613d52D74a48883A51bAdF8b25ab066714087Da,LB.png
MAGA,PEOPLE,BNB,0xEa2F49A2e6E27b7B47cBEf50AFf5Af11350108D1,PEOPLE.png
Diamond Castle,DMCK,BNB,0xF2102011194920Ea2506479051b386d1C0E5cc96,DMCK.png
KiteAI,KITEAI,BNB,0xce403dbdff00853860c68739611c64f0bd1c9aff,KITEAI.png
Lemonschain,LCT,BNB,0xde73e4852f8f7B07aA044190787F33750Df04f56,LCT.png
GOUT,GOUT,BNB,0xF86AF2FBcf6A0479B21b1d3a4Af3893F63207FE7,GOUT.png
ZAYA AI,ZAI,BNB,0x9959413ec3eb6cEe73aD16e6cd531352C9cE816F,ZAI.png
Car,CAR,BNB,0xBB1106c7dEb7cC60EfA51391760b14aEd8CB5BEd,CAR.png
SafeMoon,MOON,BNB,0x3B4Ab1855866E49684BA2405bcDe844305D96bB9,MOON.png
KittyCake,KCAKE,BNB,0xc22e8114818a918260662375450e19ac73d32852,KCAKE.png
TendaCoin,TND,BNB,0x07a3554899D97a087Bda931Dd5224B3B7435E568,TND.png
Soroosh Smart Ecosystem,SSE,BNB,0x6a1225c87f15da91e2fa5ee7b2075e2e3a9dbc39,SSE.png
BNB DOG INU,BNBDOG,BNB,0x52ABb09Ceb590f04c7d70bE9d6aA420177E94744,BNBDOG.png
Work X,WORK,BNB,0x8888888837F84a7A82668E0320AC454f5945d0b9,WORK.png
Ready to Fight,RTF,BNB,0xa89e2871a850e0e6fd8f0018ec1fc62fa75440d4,RTF.png
Baby Bitcoin,BBTC,BNB,0x97dAd4f9523521660FDe2d272ef88F6250Ef3AbB,BBTC.png
Jsetcoin,JSET,BNB,0xA4aCBC10044A343f1485dfC0A2881D9173331474,JSET.png
Pika,PIKA,BNB,0x880ab5bede12d05e125ce21689d8a5e230b38cd6,PIKA.png
MeAI,MEAI,BNB,0x079fF857bD4FF7C4aCf49a1A02E67EF96D43E3E6,MEAI.png
AKITA-BSC,AKITA,BNB,0x1a4c5c74fb1ec39e839799baa0a91caeaeadedf7,AKITA.png
MContent,MCONTENT,BNB,0x799e1cf88a236e42b4a87c544a22a94ae95a6910,MCONTENT.png
Vera,VERA,BNB,0x4a0a3902e091cdb3aec4279a6bfac50297f0a79e,VERA.png
EVDC Network,EVDC,BNB,0x93749e69560EFe1ad6661903e47DF538492C50a4,EVDC.png
Euro Shiba Inu,EShib,BNB,0xffaa85705ae216363e4e843b67ff3c238fcf0de2,EShib.png
Playbux,PBUX,BNB,0x9D1d4dE9cD93203147fAc3BC0262a78e3a0e96bb,PBUX.png
NexQloud,NXQ,BNB,0xE9f35F93Bde15a4D5973969E3C086dfAe064721d,NXQ.png
Universal Blockchain,USBT,BNB,0x43767d226EF1F5337d10382cd19D64b60A30C5fD,USBT.png
NAWS.AI,NAWS,BNB,0x726a54E04f394b6e44e58a2D7CB0fEc61361D10E,NAWS.png
Megalink,MG8,BNB,0xdc0d0eb492e4902c5991c5cb2038fb06409e7f99,MG8.png
MEDITOC,MDTI,BNB,0x1d2ec31b2fcd89997a544d6e7444586dce529b4e,MDTI.png
CRT AI Network,CRTAI,BNB,0x88e4adC30B5DD08122d55B0CEf013062A94986Da,CRTAI.png
Own The Doge,DOG,BNB,0xaa88c603d142c371ea0eac8756123c5805edee03,DOG.png
WX Token,WX,BNB,0x8445B8c4982C4BFF1BF1e4783c33E5aFe1A153D7,WX.png
Chumbi Valley,CHMB,BNB,0x5492Ef6aEebA1A3896357359eF039a8B11621b45,CHMB.png
NetZero,NZERO,BNB,0xa94fb437b8bacb591c6b828bef5a837afe542100,NZERO.png
Thing,THING,BNB,0xdc8c498cfc915dba55f0524fa9f5e57288110ab9,THING.png
ATM,ATM,BNB,0xa5957e0e2565dc93880da7be32abcbdf55788888,ATM.png
CANNFINITY,CFT,BNB,0xa3d2ae2d6684178a8565231465c3feebb05880c1,CFT.png
Midle,MIDLE,BNB,0x7e0d753d44d5A7492d31ffc020c9B0d07c6D05D7,MIDLE.png
Vow,VOW,BNB,0xF585B5b4f22816BAf7629AEA55B701662630397b,VOW.png
OpenOcean,OOE,BNB,0x8ea5219a16c2dbf1d6335a6aa0c6bd45c50347c5,OOE.png
Minto,BTCMT,BNB,0x410a56541bd912f9b60943fcb344f1e3d6f09567,BTCMT.png
EXIT Designer Token,EXIT,BNB,0xdebd6e2da378784a69dc6ec99fe254223b312287,EXIT.png
Ents,ENTS,BNB,0x9240c44ee90d058b0b17ababe0f74ab1a205ae04,ENTS.png
BITCOIN FUTURE,BTCF,BNB,0x1972633C2BE10c4B977d3260Fee1cFf228bf2a5d,BTCF.png
PrivateAI,PGPT,BNB,0x33a64943a0eaecc2b06b10f89686b797ba75ffad,PGPT.png
Jewelry Token,JEWELRY,BNB,0xf04FaB6Dda66261eaBfD65e92A6b81dDaF6a950a,JEWELRY.png
Trip,TRIP,BNB,0xc9bfb93d75645c4681bb63794abf1acad44725e7,TRIP.png
Cz Broccoli,BROCCOLI,BNB,0xc0F11CCE3aCD8052c4F90D707c6Dac5B6B0856D0,BROCCOLI.png
Evulus Token,EVU,BNB,0x18B5F22266343cCD180C6285a66cC9A23Dc262E9,EVU.png
Bitcointry Token,BTTY,BNB,0x2024B9bE6B03F2A57D3533ae33c7e1D0b0B4bE47,BTTY.png
GLI TOKEN,GLI,BNB,0x655e1cb3f2c81c76856302679648df698a5f1989,GLI.png
MCNCOIN,MCN,BNB,0xdd02bC212E79ACdAb476C9295cDea8a61099Cb79,MCN.png
Global Commercial Business,GCB,BNB,0x84f70be4DEb029d5f8AACBeAcC74c4dC10737342,GCB.png
CodeMong Ai,COAI,BNB,0x7Dd4cca136132e2260b3E8b4053CD7Af057c3ed5,COAI.png
Mao,MAO,BNB,0xfd54e565e6de7509b07cdba5769178045f212530,MAO.png
XGP,XGP,BNB,0x7d58096e087097e3927c93e0Ba83C29397Ff0daF,XGP.png
Halo,HLO,BNB,0x80a78a9b6b1272fdb612b39181bf113706024875,HLO.png
RZUSD,RZUSD,BNB,0xc4a1cc5ca8955a4650bdc109bddf110e33a1e344,RZUSD.png
CZ Dog,CZDOG,BNB,0xD79678eCa7dFFF89b23C5662E8a5d06573885dB5,CZDOG.png
EQIFI,EQX,BNB,0x436c52a8cee41d5e9c5e6f4cb146e66d552fb700,EQX.png
PokerFi,POKERFI,BNB,0x6bd30f2d5849a3c24042a5f012af753486ac8054,POKERFI.png
Pi INU,PINU,BNB,0xf03e02acbc5eb22de027ea4f59235966f5810d4f,PINU.png
Virtual Tourist,VT,BNB,0xEd66eC1acb7Dbd0C01cCCfF33E3fF1F423057C21,VT.png
UAHg,UAHG,BNB,0xd1e0e39bd1758abe0865d5289895a9197c6cd549,UAHG.png
Moongate,MGT,BNB,0x3C6256F234Ba638E5883c46b3fEdb00ea2e66b8A,MGT.png
Forky,FORKY,BNB,0x3e2242cb2fc1465822a0bb81ca2fe1f633a45757,FORKY.png
GM Holding,GM,BNB,0xd523f5097fe10cb8760f7011796a6edf7a268061,GM.png
Lovely Finance [Old],LOVELY,BNB,0x9e24415d1e549ebc626a13a482bb117a2b43e9cf,LOVELY.png
Ridotto,RDT,BNB,0xe9c64384deb0c2bf06d991a8d708c77eb545e3d5,RDT.png
Pontoon,TOON,BNB,0xaee433adebe0fbb88daa47ef0c1a513caa52ef02,TOON.png
Limoverse,LIMO,BNB,0x37e2ae82c454a6888e4bbb3e21a6607034832b4f,LIMO.png
Cyber Arena,CAT,BNB,0x7e3784220740e61dc700501bd6771226e11d8897,CAT.png
Lifeform Token,LFT,BNB,0xA9f978c02915246E435c0BdA9785aAAad3cC46d2,LFT.png
AGII,AGII,BNB,0x328fD053C4BB968875aFD9aD0aF36Fcf4A0BddA9,AGII.png
Snapmuse.io,SMX,BNB,0x8C6149AAEA8161E2015FA563040A916e90d16DcA,SMX.png
Neiro Inu,NEIROINU,BNB,0x3b650CAa75d6C3fcC479a4F3Ec93429cc26688a2,NEIROINU.png
MIAOCoin,MIAO,BNB,0xe87739e3494ae2afe555cdd46df45050cc709522,MIAO.png
DeepSeek AI (deepseekaibnb.com),DEEPSEEK,BNB,0x64B9762E64F13a00FC59e9E4c169259Aad40B853,DEEPSEEK.png
Magic Internet Money,MIM,BNB,0xfe19f0b51438fd612f6fd59c1dbb3ea319f433ba,MIM.png
Legion Network,LGX,BNB,0x9096b4309224d751fcb43d7eb178dcffc122ad15,LGX.png
Youclout,YCT,BNB,0x23e3981052d5280c658e5e18d814fa9582bfbc9e,YCT.png
KingdomX,KT,BNB,0x52da44b5e584f730005dac8d2d2acbdee44d4ba3,KT.png
Probinex,PBX,BNB,0xa177bdd433aea3702beb46652adcfc64248d4ab3,PBX.png
Fistbump,FIST,BNB,0xc9882def23bc42d53895b8361d0b1edc7570bc6a,FIST.png
King of Legends,KOL,BNB,0xd9eadE302456AfF8BF8d87fF0EF77dAb1fB9230f,KOL.png
Leve Invest,LEVE,BNB,0xb12418ae5284ac6215ee255b5cbc7d795e7016b5,LEVE.png
Mar3 AI,MAR3,BNB,0x9D44C04ef10Cbd4ba321E51A54F1354d0799fEEF,MAR3.png
OneMillionDollars,OMD,BNB,0xfDb7f73bc48C58FB13eA98D6880461FC147694fd,OMD.png
Shirushi Coin,SISC,BNB,0x0a23454f4c5d57a020372ab7138d80b43da95c3e,SISC.png
Orbital7,ORBI,BNB,0xefa4Cda666c6A1c03A38E4885266b019dEc57662,ORBI.png
HARRIS (kamala.vip),KAMALA,BNB,0x0ce8ca6fdac43bed7f755b64a547cfad5aa6a427,KAMALA.png
Sparklife,SPS,BNB,0x8033064fe1df862271d4546c281afb581ee25c4a,SPS.png
U Coin,U,BNB,0xe07710cdcD1c9F0FB04bfd013F9854E4552671cE,U.png
SAFE(AnWang),SAFE,BNB,0x4d7fa587ec8e50bd0e9cd837cb4da796f47218a1,SAFE.png
edeXa,EDX,BNB,0xC114678C6e4654d041B2006C90f08478b444c4E2,EDX.png
Luffy,LUFFY,BNB,0x54012cDF4119DE84218F7EB90eEB87e25aE6EBd7,LUFFY.png
LumiShare,LUMI,BNB,0x9d6DF568D4D3E619B99a5f988ac7b2bCc3408753,LUMI.png
Big Coin,BCX,BNB,0xE12359D6858402d10bCBF1Bb1c75Cf8e7E25270b,BCX.png
Octavia AI,VIA,BNB,0x21ac3bB914f90A2Bb1a16088E673a9fdDa641434,VIA.png
GENIUS AI,GNUS,BNB,0x614577036f0a024dbc1c88ba616b394dd65d105a,GNUS.png
BenefitMine,BFM,BNB,0xecca434e838eebe30e561d0ec3e3016efd1d340a,BFM.png
SAY Coin,SAY,BNB,0xef43bf8c6430a615bba48987ae2522e3a3be0a18,SAY.png
Nonkyc.io Exchange,NKYC,BNB,0x59769630b236398c2471eb26e6a529448030d94f,NKYC.png
GGEBI,GGB,BNB,0x3f29cf53c02f4e1947557127295672f60f8e6898,GGB.png
JAM,JAM,BNB,0xF8252C05eC4cB2fdf1e0398BaE049D454dDbA3AD,JAM.png
EAFIN,EAFIN,BNB,0x4341bb2200176f89eb90eac4fd6cfe958e206005,EAFIN.png
VLaunch,VPAD,BNB,0xF574Ba6bde97cC09784e616ebAeD432b4e896B49,VPAD.png
SafeMoon V2,SFM,BNB,0x42981d0bfbAf196529376EE702F2a9Eb9092fcB5,SFM.png
Inery,$INR,BNB,0xab725d0a10c3f24725c89f5765ae5794a26c1336,$INR.png
Bearium,BRIUM,BNB,0xE02DEe9267E21A43E19658B50983102765594854,BRIUM.png
Axioma Token,AXT,BNB,0xB6CF5b77B92a722bF34f6f5D6B1Fe4700908935E,AXT.png
Kryptonite,SEILOR,BNB,0xE29142E14E52bdFBb8108076f66f49661F10EC10,SEILOR.png
Sociapol,SPOL,BNB,0xf897176b529a6b9f0412459d872cda4ed6d395d8,SPOL.png
Grow Token,GROW,BNB,0x0C9aD20802E89BeA858ae2E8594843fAfA887CB3,GROW.png
Abraham Elite,ABRA,BNB,0x1290453995F03Ff2fF914d862858ea6FFbD0CE6B,ABRA.png
Ordify,ORFY,BNB,0x39f0F4c64c7Ad1Ebb25cfEaFdd221cDEe3084441,ORFY.png
HamsterChamp,HMC,BNB,0x2551c7151e3db5fe125d8ebb841fe02cb2d14fb9,HMC.png
TITAN,TIT,BNB,0x44d7f403B0451B991df1378827982C883c390719,TIT.png
Web3Shot,W3S,BNB,0x71d03f5cBf039feBcc6EE8DBE20bc9bA3eA874Fe,W3S.png
Sonorus,SNS,BNB,0xF3A587d1AC967b40DB59223434BAf0C6e11588EA,SNS.png
VaporFund,VPR,BNB,0xB96D0f29a0aC9AF4a32835e90EC6531389765089,VPR.png
Capverse,CAP,BNB,0x5Cc81ea325e9Ff9d496F4997750b8f6667f1c63c,CAP.png
MuziKoin,MZK,BNB,0xCe379bAD99f287E1eacB1bF80F3670011D2B2981,MZK.png
Rabi,RABI,BNB,0x3D90DB6cC52E95679fb431E88B1830BA18E41889,RABI.png
Crypto Hunters Coin,CRH,BNB,0xa236fd48f30Ad4dee145652A71912189855dd575,CRH.png
CATEX,CATEX,BNB,0xC9ac219C6A3eB0E0AcBb5911099c6a79D29F585d,CATEX.png
SDME,SDME,BNB,0x9cd333d57de72b53c360d5bcaa0fa436a530ecff,SDME.png
Wrapped Viplus Coin,WVPC,BNB,0x7497427Eaa9c99D6084eDa6E722ADf5eec8491f8,WVPC.png
BullDogito,BDOGITO,BNB,0xd10d6f1d4b905b67735a62079743723e6f3c19c3,BDOGITO.png
BilliCat,BCAT,BNB,0x47a9B109Cfb8f89D16e8B34036150eE112572435,BCAT.png
Gold Fever,NGL,BNB,0x0f5d8cd195a4539bcf2ec6118c6da50287c6d5f5,NGL.png
Enjinstarter,EJS,BNB,0x09f423ac3c9babbff6f94d372b16e4206e71439f,EJS.png
Starpad,SRP,BNB,0xcb2B25e783A414f0d20A65aFa741C51b1Ad84c49,SRP.png
Web3Camp,3P,BNB,0xB806FA32eBDC04E5Dbdd2ad83E75C8F7D8E8ef8b,3P.png
Patex,PATEX,BNB,0xfd4f2caf941b6d737382dce420b368de3fc7f2d4,PATEX.png
Tour Billion,TBC,BNB,0xdA0F9F1204395C2481070c1d4DC1f996915527f2,TBC.png
Aventis AI,AAI,BNB,0xED19B2B301E8a4e18c5DCa374a27e7d209Ba02c9,AAI.png
Clashub,CLASH,BNB,0x8DC0F602696De3fF03B37e19A172e5080f049C15,CLASH.png
Fanatico,FCO,BNB,0x41a1ef3d81D091465F22E8ED2a7e06d59A8532B7,FCO.png
PRIVATEUM GLOBAL,PRI,BNB,0xB10be3f4C7e1f870d86eD6Cfd412fED6615FeB6F,PRI.png
Moonlight Token,MOONLIGHT,BNB,0xb1ced2e320e3f4c8e3511b1dc59203303493f382,MOONLIGHT.png
RoboFi,VICS,BNB,0x9bcab88763c33a95e73bc6dcf80fcf27a77090b2,VICS.png
Centcex,CENX,BNB,0x739e81bcd49854d7bdf526302989f14a2e7994b2,CENX.png
SEOR Network,SEOR,BNB,0x800a25741A414Ea6E6e2B382435081A479A8Cc3c,SEOR.png
Animal Concerts,ANML,BNB,0x06FDA0758c17416726f77Cb11305EAC94C074Ec0,ANML.png
Zedxion,USDZ,BNB,0x734D66f635523D7ddb7d2373C128333DA313041b,USDZ.png
Ozone Metaverse,OZONE,BNB,0xbf8bab33600d5bca18e4464e34c2a8d532031f5c,OZONE.png
CeBioLabs,CBSL,BNB,0xBFB8F92E8F3a9034019aC97fd9f85c6Dfb513834,CBSL.png
Humanize,$HMT,BNB,0x71e67b8d88718d113fc7edbd95f7ca380222b3c6,$HMT.png
marumaruNFT,MARU,BNB,0xAe3BcDAdf58eC10B0Ca0566F35877dE4467Ad222,MARU.png
MN Bridge,MNB,BNB,0xa922a70569a7555518bf4ded5094661a965e23ca,MNB.png
Trex20,TX20,BNB,0x29838b8C8b7CD6F0698c2fd6feAf0363d2CB6dA1,TX20.png
GPTVerse,GPTV,BNB,0x1F56eFffEe38EEeAE36cD38225b66c56E4D095a7,GPTV.png
Web3Workx,WRKX,BNB,0x6ad0b271f4b3d7651ae9947a18bae29ca20d83eb,WRKX.png
CATX,CATX,BNB,0x8d0C064AB0973fE124Fa9EFAAd492060bAaCb62c,CATX.png
Jerrywifhat,JWIF,BNB,0xf94e94a6c5001886818def76097a0fd1ed049ba5,JWIF.png
SNAKE,SNK,BNB,0x34980c35353a8d7b1a1ba02e02e387a8383e004a,SNK.png
DBX,DBX,BNB,0x67dcAa9468c219ad81F5825EF0c8f58879c657dd,DBX.png
ScarQuest,SCAR,BNB,0x8d9fB713587174Ee97e91866050c383b5cEE6209,SCAR.png
Game Coin,GMEX,BNB,0xE9d78BF51ae04c7E1263A76ED89a65537B9cA903,GMEX.png
DarkShield Games Studio,DKS,BNB,0x121235cff4c59eec80b14c1d38b44e7de3a18287,DKS.png
TAP FANTASY,TAP,BNB,0x35bEdBF9291b22218a0dA863170dcC9329Ef2563,TAP.png
Level Finance,LVL,BNB,0xB64E280e9D1B5DbEc4AcceDb2257A87b400DB149,LVL.png
ITC,ITC,BNB,0x146171eB1c1E32faEfCFdABC3c470b83197AdB60,ITC.png
Letit,LETIT,BNB,0x973485d34eEB9EebbEFB812EEeD3FEeb6DDf60dE,LETIT.png
MANE,MANE,BNB,0x12E114EF949177dDb37716BC6EEFB9c5BC25de12,MANE.png
Web3War,FPS,BNB,0x351dA1E7500aBA1d168b9435DCE73415718d212F,FPS.png
DOGO,DOGO,BNB,0x04E6D1A23D1Da5e78F22c793a632fE0cf5F6C8A0,DOGO.png
Y8U,Y8U,BNB,0x991b4ce57864060115700D6FC05c7780346a15Ac,Y8U.png
Mochi DeFi,MOCHI,BNB,0x92072f045d0904e9a0cdfd48519f54c83bf41e82,MOCHI.png
Wegie,WEGI,BNB,0xc3C6D3dbab8E7C4653Cf6ef91d907eddB065f3B2,WEGI.png
42DAO,FTD,BNB,0x653062e37D7A52d465A8570a5daA46cA4e0Bd3d9,FTD.png
Sixpack Miner,SIXP,BNB,0xf117DFCB241c0003d5e2FC72F288755C17a46980,SIXP.png
KAKA NFT World,KAKA,BNB,0x26a1BdFa3bb86b2744c4A42EBfDd205761d13a8a,KAKA.png
Moon Rabbit,AAA,BNB,0xa39bf0446268d99c5c0a85ecf92970611912d386,AAA.png
GAIA Everworld,GAIA,BNB,0x347e430b7cd1235e216be58ffa13394e5009e6e2,GAIA.png
CryptoXpress,XPRESS,BNB,0xaa9826732f3a4973ff8b384b3f4e3c70c2984651,XPRESS.png
GM Wagmi,GM,BNB,0xa55c1e67039b6d59e91eb4cda2bfc5a854989102,GM.png
FLOKI CEO,FLOKICEO,BNB,0x45289007706E7Ee7B42b1fA506661d97740Edfb4,FLOKICEO.png
Coloniume Network,CLNX,BNB,0x9Ece397eC3d23Fc6aE356545d63Fa4348dBB038d,CLNX.png
AlienForm,A4M,BNB,0xf92D62Ed69242D655E685C96B98f32F1409c3262,A4M.png
Nexusmind,NMD,BNB,0xa67Ed14c65e7b717674F0d66570c13e77583a68f,NMD.png
bitFloki,BFLOKI,BNB,0x79cdc9ca057e16dffd45bd803491f328f49e1762,BFLOKI.png
Fandomdao,FAND,BNB,0x8132a61eff71fec65e6dfb3406f4f64e55c69a82,FAND.png
FLAKY,FLAKY,BNB,0x9595Fcf169301ed3eDE5FA0F65dA0e1B6872BB58,FLAKY.png
REBORN,REBD,BNB,0x4b497A84FE1b0df682425799C0580355B0DC05b8,REBD.png
Navcoin,NAV,BNB,0xBFEf6cCFC830D3BaCA4F6766a0d4AaA242Ca9F3D,NAV.png
Sirius Chain,XPX,BNB,0x6F3AAf802F57D045efDD2AC9c06d8879305542aF,XPX.png
Pig Finance,PIG,BNB,0x8850d2c68c632e3b258e612abaa8fada7e6958e5,PIG.png
Your Future Exchange,YFX,BNB,0xf55a93b613d172b86c2ba3981a849dae2aecde2f,YFX.png
Black Phoenix,BPX,BNB,0x4e22ab2bbcb3e7f74249c87f62bb35ef92c3d964,BPX.png
Celestial,CELT,BNB,0x4f34292f109870d5fdda602bc7e3ae56d520d6e1,CELT.png
Egoras Credit,EGC,BNB,0x4ac4fc5317f95849a1f17e2f4daf03c32196f0cb,EGC.png
Optimus,OPTCM,BNB,0x7a2277f34f275ded630deff758fbc818409ca36d,OPTCM.png
EG Token,EG,BNB,0x74AFe449D1BEFfc90456CfEbD700AB391abD7DAF,EG.png
Babydoge 2.0,BABYDOGE2.0,BNB,0xa4E068e2B8f58E6c3090174a9E4E95F5bB025CA4,BABYDOGE2.0.png
Tomwifhat,TWIF,BNB,0x62760e76DCe6b500349EC5F6119228d047913350,TWIF.png
BKOK FinTech,BKOK,BNB,0x9cc484ded7a7851a03f05a03e8d19eb5f5a73f20,BKOK.png
COW,COW,BNB,0x7aaaa5b10f97321345acd76945083141be1c5631,COW.png
Karum Coin,KARUM,BNB,0xdfEc425d9e135A10CB91dD03A4E71d368086773F,KARUM.png
Cortex Protocol,CX,BNB,0x000000000000012DeF132E61759048bE5b5C6033,CX.png
Archethic,UCO,BNB,0xf1e5bbd997501a8439619266A09a54b2b499eAA3,UCO.png
The Winkyverse,WNK,BNB,0xb160a5f19ebccd8e0549549327e43ddd1d023526,WNK.png
Metafluence,METO,BNB,0xa78775bba7a542F291e5ef7f13C6204E704A90Ba,METO.png
XENO Governance,GXE,BNB,0x510975edA48A97E0cA228dD04d1217292487bea6,GXE.png
Sonic Inu,SONIC,BNB,0x066cdA0CCA84E9C6eD0a4ECB92AA036a9582544B,SONIC.png
IL CAPO OF CRYPTO,CAPO,BNB,0x922722e9ef614ec9a3e94b78496e92abfbb5a624,CAPO.png
FUNCH,FUNCH,BNB,0x5018962de242a7eba6cce715bc399cf2d1694372,FUNCH.png
CoinNavigator,CNG,BNB,0xFd60B3c3C1916BdBB4319a3D264894f1DFD5ECA2,CNG.png
POM,POM,BNB,0xfbf174090b3cc8ebb9f39b697035a54c5c45b4d6,POM.png
Cadabra Finance,ABRA,BNB,0xca1c644704febf4ab81f85daca488d1623c28e63,ABRA.png
Launchpool,LPOOL,BNB,0xcfb24d3c3767364391340a2e6d99c64f1cbd7a3d,LPOOL.png
Ex Sports,EXS,BNB,0xc18652048c0bedaab6b1ae9c853e7589c59c1df4,EXS.png
Good Games Guild,GGG,BNB,0xd8047afecb86e44eff3add991b9f063ed4ca716b,GGG.png
LiquidDriver,LQDR,BNB,0x4b6B3d425F82248996D77EcC3F3df1E500aaC1db,LQDR.png
MMPRO Token,MMPRO,BNB,0x6067490d05f3cf2fdffc0e353b1f5fd6e5ccdf70,MMPRO.png
Pundi X PURSE,PURSE,BNB,0x29a63F4B209C29B4DC47f06FFA896F32667DAD2C,PURSE.png
YOUR AI,YOURAI,BNB,0x27f16d9a5095b763baeadd7dd78e83288af29cf4,YOURAI.png
GBANK APY,GBK,BNB,0xdA0638EA374c4c5bF2914E6F4D5B2335dEb8D80D,GBK.png
Mystic Land Coin,MYTH,BNB,0x2935a481745312ac4be7d76dc7ecb9778ff4b6bf,MYTH.png
XPX,XPX,BNB,0xfa2E4eC5a818C2D2C352f4b152C06338D476b646,XPX.png
Get AI,GET,BNB,0x6eB6e8974264BeE01c160F1770a38f8e6dE1a3B1,GET.png
MetaniaGames v2,METANIA,BNB,0x2E477F353747752FFB838a28621722e6A3F50D29,METANIA.png
Layer One X,L1X,BNB,0x64d1335b7b942385a60c50e57f647d1982f0c4c8,L1X.png
Pancake Games,GCAKE,BNB,0x61d5822dd7b3ed495108733e6550d4529480c8f6,GCAKE.png
Viblos,VIBLO,BNB,0xb56c64282230fae000e887d2a1e50a7881ce0e66,VIBLO.png
T23,T23,BNB,0x897F2BE515373Cf1F899D864B5Be2bD5eFd4e653,T23.png
Degen Zoo,DZOO,BNB,0x56d06a78ef8e95d6043341f24759e2834be6f97b,DZOO.png
Magic Crystal,MC,BNB,0x59C49B54D4425C7fF1E49f40958a14d48cC87c26,MC.png
Baby Grok,BABYGROK,BNB,0x88da9901b3a02fe24e498e1ed683d2310383e295,BABYGROK.png
OmniCat,OMNI,BNB,0x9e20461bc2c4c980f62f1b279d71734207a6a356,OMNI.png
SHIBAAI,SHIBAAI,BNB,0xc35ED584B24fd2D0885708E370343C43e20f3424,SHIBAAI.png
EasyCake,MCAKE,BNB,0xD77B2D571256ce5fB3365bfff3C5859D1Ef40f0a,MCAKE.png
Squid Game (CTO),SQUID,BNB,0x87230146e138d3f296a9a77e497a2a83012e9bc5,SQUID.png
Tagger,TAG,BNB,0x208bf3e7da9639f1eaefa2de78c23396b0682025,TAG.png
HoldOn4DearLife,HODL,BNB,0xC07D28F8e9D9b5644676196aFE14af09e1c79AfD,HODL.png
League of Ancients,LOA,BNB,0x94b69263FCA20119Ae817b6f783Fc0F13B02ad50,LOA.png
Elephant Money (TRUNK),TRUNK,BNB,0xdd325C38b12903B727D16961e61333f4871A70E0,TRUNK.png
Matrixdock Gold,XAUM,BNB,0x23AE4fd8E7844cdBc97775496eBd0E8248656028,XAUM.png
Oncology Network,ONC,BNB,0xd82109718fff521387bfed5424ead7e8a1cb9780,ONC.png
Listapie,LTP,BNB,0x56fA5F7BF457454Be33D8B978C86A5f5B9DD84C2,LTP.png
APEcoin.dev,APE,BNB,0xa9ea4b786ee5b7a733c035564bfd9341a4c9fc1e,APE.png
Staked ICX,sICX,BNB,0xd94F0Aea6d6f14C012d992e8886C8C1736921e10,sICX.png
Alita Finance,ALI,BNB,0x557233E794d1a5FbCc6D26dca49147379ea5073c,ALI.png
Bit.Store,STORE,BNB,0x65d9033cff96782394dAB5dbEf17Fa771bbe1732,STORE.png
Domi Online,DOMI,BNB,0xBBCA42c60b5290F2c48871A596492F93fF0Ddc82,DOMI.png
Wiki Cat,WKC,BNB,0x6Ec90334d89dBdc89E08A133271be3d104128Edb,WKC.png
C4E,C4E,BNB,0x27443b27dfdf632390521c0b8a6fdafe07d8f79f,C4E.png
Animal Farm Dogs,AFD,BNB,0x198271b868daE875bFea6e6E4045cDdA5d6B9829,AFD.png
Tusima Network,TSM,BNB,0x2bD236Ad144753bD5839D82c46eE2C2225B9E0C0,TSM.png
DSC,DSC,BNB,0xa86a86b8acdc55812bec2971a2fc8a989455858c,DSC.png
Book of Binance,BOOK,BNB,0xC9Ad421f96579AcE066eC188a7Bba472fB83017F,BOOK.png
Technet,TECK,BNB,0xbb9c072e12d99dbbddde3fca451ea2ef7a80855a,TECK.png
YouCoin,UCON,BNB,0x1f88e9956c8f8f64c8d5fef5ed8a818e2237112c,UCON.png
InpulseX,IPX,BNB,0xCDB96d3aEf363a036c6CF6c9b5736d79f0E404e2,IPX.png
Hebeto,HBT,BNB,0x94ab0513efB4A8143c3455AD89DeCF7853746f15,HBT.png
MOST Global,MOST,BNB,0x48c6B2A82A21230347b70ceAdA249208C0920412,MOST.png
Attarius Network,ATRS,BNB,0x68d4F8821731057c1b8DD4E74CD2956f4761c58C,ATRS.png
NatronZ,NCOIN,BNB,0x4a7E278C67543731A864C89e5EB28EaCfa8794EB,NCOIN.png
Astroon,AST,BNB,0xb98B2f39c82d2bE83dc12087ad71AB85376285e8,AST.png
Brazilian Digital Token,BRZ,BNB,0x71be881e9c5d4465b3fff61e89c6f3651e69b5bb,BRZ.png
JK Coin,JK,BNB,0x1ec58fe5e681e35e490b5d4cbecdf42b29c1b063,JK.png
Infinity Rocket Token,IRT,BNB,0xcbe5bca571628894a38836b0bae833ff012f71d8,IRT.png
Nexum,NEXM,BNB,0xfa37E513E6cd506c4694b992825a8B614C035581,NEXM.png
PRIMAL,PRIMAL,BNB,0xcb5327ed4649548e0d73e70b633cdfd99af6da87,PRIMAL.png
FERMA SOSEDI,FERMA,BNB,0x6AA150fff813e0bEc1273691f349Ad080DF7216d,FERMA.png
MIR Token,MIR,BNB,0x2134f3A7b18aE4161fBaB6EcCCa7497E17a6777b,MIR.png
FART COIN,FRTC,BNB,0x88B985007d714d1578BCcdEc2303212c14946cdC,FRTC.png
Miner Arena,MINAR,BNB,0x6d4e8507084c7b58d33b3b88915591670f959b2f,MINAR.png
Baby Elon,BABYELON,BNB,0x258903A8e68d5248dE85CF8a0a173d9e046EdD98,BABYELON.png
StakeLayer,STAKE,BNB,0xdE8e272ed57488C817B9023C1b2d3e1923CCaB86,STAKE.png
HODL,HODL,BNB,0x137fFd84025C582482E03D3A0B9f74c26dDDFBad,HODL.png
ANDY (BSC),ANDY,BNB,0x86bF362B3bcb067895481AA071A7364e5884232e,ANDY.png
Censored Ai,CENS,BNB,0x78D66F72af18B678df82C91817b5cFd5b405b186,CENS.png
Mobile Liquidity,MOLI,BNB,0x766e09665a8128D9F7Fd9d90BCD3d9cdc50b067F,MOLI.png
fBomb,BOMB,BNB,0x74ccbe53f77b08632ce0cb91d3a545bf6b8e0979,BOMB.png
TFS Token,TFS,BNB,0xf4bea2c219eb95c6745983b68185c7340c319d9e,TFS.png
Race Kingdom,ATOZ,BNB,0x3606F220daeaEb3d47aC1923A8Ce2A61205C88cD,ATOZ.png
FLIGHTCLUPCOIN,FLIGHT,BNB,0xf397680d99a92e4b60637e9f5c71a4def1f6c7b5,FLIGHT.png
Cat,CAT,BNB,0x0173295183685f27c84db046b5f0bea3e683c24b,CAT.png
BOCOIN,BOC,BNB,0x80e7dc4e726e052b0db04ec8b506596458809c11,BOC.png
BounceBit USD,BBUSD,BNB,0x77776b40c3d75cb07ce54dea4b2fd1d07f865222,BBUSD.png
The Green World,TGW,BNB,0x80c260cd80d8a2855b554a7d5001bd06421a6fd4,TGW.png
SAFU,SAFU,BNB,0x3433a5748bda2f7338bdc600be7bc716d5882b0c,SAFU.png
ChainAware.ai,AWARE,BNB,0xcf221109f45854ac52159420c543757fe84c113a,AWARE.png
MAI,MIMATIC,BNB,0x3F56e0c36d275367b8C502090EDF38289b3dEa0d,MIMATIC.png
ONINO,ONI,BNB,0xea89199344a492853502a7a699cc4230854451b8,ONI.png
Kyberdyne,KBD,BNB,0xe3E3F8218562a7c9b594BEF2946Ec72f1b043ae8,KBD.png
Equilibria Finance,EQB,BNB,0x374Ca32fd7934c5d43240E1e73fa9B2283468609,EQB.png
Friend3,F3,BNB,0x9e57e83ad79ac5312ba82940ba037ed30600e167,F3.png
Hawk,HAWK,BNB,0xe846d164b88ed2e1209609fea3cf7a3d89d70d2d,HAWK.png
My Joi,JOI,BNB,0x5DF0a19605b7b31716FC83dCFC6A79a36eF7A0F2,JOI.png
NINA,NINA,BNB,0xe94db607eba8f76a377d9bcc327c9856ed90fbde,NINA.png
DEUS Finance,DEUS,BNB,0xde5ed76e7c05ec5e4572cfc88d1acea165109e44,DEUS.png
Gulf Coin,GULF,BNB,0x7597Bdccf10e41bCCC374A6a0104cF430C420884,GULF.png
EcoSmart,ECG,BNB,0x55E73e5580df9035F8E490AF086d58c5CEec423e,ECG.png
Storepay,SPC,BNB,0x1eaffd6b9ef0f45d663f3fbf402226c98609600e,SPC.png
WECOIN,WECO,BNB,0x5d37ABAFd5498B0E7af753a2E83bd4F0335AA89F,WECO.png
SophiaVerse,SOPH,BNB,0x73fbd93bfda83b111ddc092aa3a4ca77fd30d380,SOPH.png
Smooth Network Solutions Token,SNST,BNB,0x08d071f71188eA3232Ab5484c970C1Cb8A1d51E6,SNST.png
KeyOfLife Multichain Store Of Value,KOL,BNB,0x5569eDD2e1535Be2003470b2663F2Ff77e83d27e,KOL.png
Colle AI,COLLE,BNB,0xaeb63742F2C7dD1538bBE2285B6789017a06B58B,COLLE.png
MDCX.Finance,MDCX,BNB,0x5aC0d5414E72A699624E430Eb6F7870b1F04Ad88,MDCX.png
Inkryptus,INKY,BNB,0x75a320C97205DD2e70e09085d1408c73A73D4d8f,INKY.png
QAAGAI,QAAGAI,BNB,0x7f22a8Af38BCF14b92cD65Ae8B19260FC0bEeFDf,QAAGAI.png
Babylons,BABI,BNB,0xec15a508a187e8ddfe572a5423faa82bbdd65120,BABI.png
Kiba Inu,KIBA,BNB,0xC3afDe95B6Eb9ba8553cDAea6645D45fB3a7FAF5,KIBA.png
QMALL TOKEN,QMALL,BNB,0x07e551e31a793e20dc18494ff6b03095a8f8ee36,QMALL.png
SingSing,SING,BNB,0x8c80c06c6f8c00d2d6f3cfd6333ebb3759d66868,SING.png
HALO COIN,HALO,BNB,0x1894251aEBCfF227133575eD3069Be9670E25dB0,HALO.png
KStarNFT,KNFT,BNB,0x46E83FbcC5623172EE61935C96B7276Ab92562De,KNFT.png
Chappyz,CHAPZ,BNB,0x7B56748A3Ef9970A5bAe99c58aD8bC67b26c525F,CHAPZ.png
Fishkoin,KOIN,BNB,0x7f72EBb448387537C174a5D17E762C877db28fB6,KOIN.png
FreeBnk,FRBK,BNB,0x6d96C6C401423a23945C03bC8C42e7f82d24B9e0,FRBK.png
Oil Meta Games,OMG,BNB,0xE94444Ba62208431a27C764E2e28794e81f5B235,OMG.png
IceCream AI,ICECREAM,BNB,0xD438b82543FB109F34575c825edAeEFC98f1F2b4,ICECREAM.png
BitBook,BBT,BNB,0xd48474e7444727bf500a32d5abe01943f3a59a64,BBT.png
Great Bounty Dealer,GBD,BNB,0xdF7434d15656809F56Dd17371b2339bAaCd9b494,GBD.png
Loop Network,LOOP,BNB,0xcE186ad6430E2Fe494a22C9eDbD4c68794a28B35,LOOP.png
KENKA METAVERSE,KENKA,BNB,0x578300CC8db63F871643307D553E485982E4f2C1,KENKA.png
KicksPad,KICKS,BNB,0xfEB4e9B932eF708c498Cc997ABe51D0EE39300cf,KICKS.png
Doge KaKi,KAKI,BNB,0x42414624c55a9cba80789f47c8f9828a7974e40f,KAKI.png
Hello Puppy,BOB,BNB,0xb4B7b339949cC24b3508C4e37E252C2f982f3A41,BOB.png
Ailey,ALE,BNB,0x9dCE13E71B11eb5Df66ca269bD657696587Fd4E2,ALE.png
SatsRush,SR30,BNB,0xa2EB7C1e8c95c41566840Ab2c3404B00b22ebBB8,SR30.png
Europa Coin (europacoin.fun),EURC,BNB,0x8A972Ed397bEd7C0Cbc84cc3EFbC760bb07F80bb,EURC.png
HOMSTOKEN,HOMS,BNB,0xB36a20fD62C24Df3586dEe743a99dd067435e215,HOMS.png
NoLimitCoin,NLC,BNB,0x6519cb1f694ccbcc72417570b364f2d051eefb9d,NLC.png
Flourishing AI,AI,BNB,0xA9b038285F43cD6fE9E16B4C80B4B9bCcd3C161b,AI.png
DAO Invest,VEST,BNB,0x873801ae2ff12d816db9a7b082f5796bec64c82c,VEST.png
Hashtagger.com,MOOO,BNB,0xa0b9bb05da11e3b19ffd64554400f59d4a378515,MOOO.png
Gym Network,GYMNET,BNB,0x0012365F0a1E5F30a5046c680DCB21D07b15FcF7,GYMNET.png
Grade,GRD,BNB,0xaA52167Bd14B1b22c74a80390469f796F1F82632,GRD.png
The Big Five Token,BFT,BNB,0x4b87F578d6FaBf381f43bd2197fBB2A877da6ef8,BFT.png
Andy,ANDY,BNB,0x8b1869f79b9abF52001314A2E6990A96F039058D,ANDY.png
DedaCoin,DEDA,BNB,0x15F9EB4b9BEaFa9Db35341c5694c0b6573809808,DEDA.png
The Winners Circle,HRSE,BNB,0x3BE0E5EDC58bd55AAa381Fa642688ADC289c05a3,HRSE.png
usdx.money (USDX),USDX,BNB,0xf3527ef8de265eaa3716fb312c12847bfba66cef,USDX.png
Sonic,SONIC,BNB,0x4aafec51e99751db6e3409d54770868d8e0475b8,SONIC.png
BIRD DOG,BDOG,BNB,0xbCf114b5454b8c9158A2e554eD891c3319523dfd,BDOG.png
Jupiter,JUP,BNB,0x0231f91e02debd20345ae8ab7d71a41f8e140ce7,JUP.png
SmartHoldem,STH,BNB,0x625d64c3384aa6d6841a1608ae0ce48776981d38,STH.png
Swiss Capital,SC,BNB,0x70fc37b7f5dab4fd0db7e721b4a2cd5b22b4ee5e,SC.png
Realm,REALM,BNB,0x464fdb8affc9bac185a7393fd4298137866dcfb8,REALM.png
Okuru,XOT,BNB,0xE17915332D853093af2A35b0f7AcB3deA8734F0D,XOT.png
Rebase GG,IRL,BNB,0xa80221d067603e30060f75e2458aa361f8ee5402,IRL.png
Davos.xyz USD,DUSD,BNB,0x8EC1877698ACF262Fe8Ad8a295ad94D6ea258988,DUSD.png
YOUWHO,YOU,BNB,0xB583961E033Dfe0FfF161952f7BA21c411b6103d,YOU.png
ROMCOIN,ROM,BNB,0x755516eF771208b4e2c9A5fDC28ed5F54f3Ead33,ROM.png
Dollar,DOLLAR,BNB,0xd73887bbb51De4ef1e08dF4E61E5b54e29b4F2C0,DOLLAR.png
ThreeFold,TFT,BNB,0x8f0FB159380176D324542b3a7933F0C2Fd0c2bbf,TFT.png
Allbridge,ABR,BNB,0x68784ffaa6Ff05E3e04575DF77960DC1D9F42b4a,ABR.png
CashCow,COW,BNB,0x8b6fa031c7d2e60fbfe4e663ec1b8f37df1ba483,COW.png
ClearDAO,CLH,BNB,0xe25d77fedeeda321006bea62727cc3b67882b14e,CLH.png
Superpower Squad,SQUAD,BNB,0x724A32dFFF9769A0a0e1F0515c0012d1fB14c3bd,SQUAD.png
Versity,SITY,BNB,0xf11f3130d64AA7b52876786336C8Dc55b3BDf093,SITY.png
TRUMP,MAGA,BNB,0x8479B19c5a3C43e024B2543582af0FC2fEf2E6A8,MAGA.png
GrapeCoin,GRAPE,BNB,0x555296de6a86e72752e5c5dc091fe49713aa145c,GRAPE.png
Unlighted,ULD,BNB,0x029b739Ae68b258dd777Bfb6EbB43c5b04617074,ULD.png
gold coin,GC,BNB,0xc2308b29f95a819aeb51c4bc8f42a7fe3596b524,GC.png
Develad,DVL,BNB,0x0D1912B57F657299E745F73A3B8B14f0dcA6e16D,DVL.png
BABY XRP,BABYXRP,BNB,0x9C6d9eBB9B5777e83d7E16Ca589d9335F18CCA35,BABYXRP.png
Babu Pepe,$BABU,BNB,0x9Fd02Db9b730DC232A3091F17CadB50836Fe8F55,$BABU.png
CYCLEAN,CCL,BNB,0xAceC58cCF29624814bf01D8b3ffB18Ddb192bbC5,CCL.png
Ramifi Protocol,RAM,BNB,0x63290fc683d11ea077aba09596ff7387d49df912,RAM.png
TrustFi Network,TFI,BNB,0x7565ab68d3f9dadff127f864103c8c706cf28235,TFI.png
BoringDAO,BORING,BNB,0xffeecbf8d7267757c2dc3d13d730e97e15bfdf7f,BORING.png
BitShiba,SHIBA,BNB,0xB84cBbF09b3Ed388a45cD875ebba41a20365e6e7,SHIBA.png
JEN COIN,JEN,BNB,0xb8167c0e58f4ca0ec7a6d967a8d138f05b3a981f,JEN.png
Canadian Inuit Dog,CADINU,BNB,0x76e112203eF59D445452ef7556386dD2DF3Ed914,CADINU.png
BTAF token,BTAF,BNB,0xcAE3d82D63e2b0094bc959752993D3D3743B5D08,BTAF.png
KAIF Platform,KAF,BNB,0x14F1Ec1bA0f8a8E9A3B8178c9dCc32155E82c70b,KAF.png
Unagi Token,UNA,BNB,0x0b6f3ea2814f3fff804ba5d5c237aebbc364fba9,UNA.png
HOLD,EARN,BNB,0x2ac895feba458b42884dcbcb47d57e44c3a303c8,EARN.png
IRR,TOMAN,BNB,0x7a532aa9a2ab86f6bd7e1dcd93d3fdd2b0b410a6,TOMAN.png
IQ Prediction,EIQT,BNB,0x72A76965EB8f606675F119DAe89dEda557Fdbf01,EIQT.png
SpaceFrog X,SFX,BNB,0xB8Fd1438CA2aF47b940FFF34D13cF58C64ac96A1,SFX.png
BeFaster Holder Token,BFHT,BNB,0x577ad06f635b402fc2724efd6a53a3a0aed3d155,BFHT.png
Asia Coin,ASIA,BNB,0xebaffc2d2ea7c66fb848c48124b753f93a0a90ec,ASIA.png
Guardian,GUARD,BNB,0xf606bd19b1e61574ed625d9ea96c841d4e247a32,GUARD.png
MultiFunctional Environmental Token,MFET,BNB,0x6d23970ce32Cb0F1929bECE7C56D71319e1b4F01,MFET.png
PVC Meta,PVC,BNB,0x75ca521892de7f2ecfb070cab545c250d0ceb7e3,PVC.png
Miners.Club,MBC,BNB,0x7d28276933d6aa0ef1513f8b5e18dc492befefea,MBC.png
TAXAD,TAXAD,BNB,0x3e5703DDdeE1C6ee3Bc66350C7DDAEB4A9F1b8b6,TAXAD.png
Bibi,BIBI,BNB,0x27BB50c0927891CD21C8Db530490373d295FCBf5,BIBI.png
DataHighway,DHX,BNB,0x11d9f5d36BA3996962142c1c32467AcEBb697009,DHX.png
NAOS Finance,NAOS,BNB,0x758d08864fb6cce3062667225ca10b8f00496cc2,NAOS.png
dForce USD,USX,BNB,0xB5102CeE1528Ce2C760893034A4603663495fD72,USX.png
CheersLand,CHEERS,BNB,0xbbbcb350c64fe974e5c42a55c7070644191823f3,CHEERS.png
LoopSwap,LSWAP,BNB,0x3f8a14f5a3ee2f4a3ed61ccf5eea3c9535c090c8,LSWAP.png
SpacePi,SPACEPI,BNB,0x69b14e8D3CEBfDD8196Bfe530954A0C226E5008E,SPACEPI.png
Mind Matrix,AIMX,BNB,0x75d6bd84de4cbcb92495204de959f7fea6a3f89a,AIMX.png
GOMDori,GOMD,BNB,0xf29bf05DE3dD6a5f7496841f81f96a3a130c3420,GOMD.png
SatoshiDEX,SATX,BNB,0x9F9bb3D5Af7cC774F9b6ADF66E32859B5a998952#code,SATX.png
MOODENG (moodengbnb.com),MDB,BNB,0x1111111111cbdd6ee1ee4689368576c50094dcb5,MDB.png
XDoge Network,XDOGE,BNB,0x4c0415A6e340eCCebff58131799C6c4127cc39FA,XDOGE.png
Trivians,TRIVIA,BNB,0xb465f3cb6Aba6eE375E12918387DE1eaC2301B05,TRIVIA.png
Outter Finance,OUT,BNB,0x9F7F4dDbCaC23Db5280D4aab83a28C5c3EfF535e,OUT.png
MonbaseCoin,MBC,BNB,0x551FAAB1027Cc50eFAeA5BED092E330475C3Cd99,MBC.png
CHOW,CHOW,BNB,0xe50713c7a1487Ff06a7D7A22a036eE7d1f02d5F8,CHOW.png
Franklin,FLY,BNB,0x681fd3e49a6188fc526784ee70aa1c269ee2b887,FLY.png
Alium Finance,ALM,BNB,0x7c38870e93a1f959cb6c533eb10bbc3e438aac11,ALM.png
OwlDAO,OWL,BNB,0x9085B4d52c3e0B8B6F9AF6213E85A433c7D76f19,OWL.png
GAMER,GMR,BNB,0x168e3b1746aa249a9b3603b70605924fe255ee1a,GMR.png
BNBTiger,BNBTIGER,BNB,0xac68931b666e086e9de380cfdb0fb5704a35dc2d,BNBTIGER.png
MetaWear,WEAR,BNB,0x9d39eF3bbCA5927909dde44476656B81BBe4eE75,WEAR.png
Continuum Finance,CTN,BNB,0x4861ba0ce919fee66b41c85a08a7476557914275,CTN.png
Irena Coin Apps,IRENA,BNB,0x9eeB6c5ff183E6001c65a12D70026b900AE76781,IRENA.png
iinjaz (new),IJZ,BNB,0x8b15271316c5FBC1c247040AA4Fad2dE4259d860,IJZ.png
Neuralink,NLINK,BNB,0x33518f3e0bef8f1702d78e12f9c34955c941eb90,NLINK.png
CreBit,CBAB,BNB,0x92b0e13F1c6bF5696289863ebC49a4F0bCe46F3e,CBAB.png
TOMCoin,TOM,BNB,0x1792d8636A9c70b89022167CCb89fD836a6Ac771,TOM.png
Huanghuali Token,HLT,BNB,0xe52a736828c782c2a4a345bbe8052aed010fc82d,HLT.png
FAML,FAML,BNB,0xb1ee6fdd6ecec9eebb8368839684f9bcf2f52076,FAML.png
Shiro Pet,SHIRO,BNB,0x71D23B27DEe759286e223Af6F2C236dA1975ddDE,SHIRO.png
HalfPizza,PIZA,BNB,0xfc646d0b564bf191b3d3adf2b620a792e485e6da,PIZA.png
Seba,SEBA,BNB,0xd15d3baf3f40988810c5f9da54394ffb5246ded6,SEBA.png
Gode Chain,GODE,BNB,0x245d9f531757f83064ad808b4c9b220c703a4934,GODE.png
Astro Cash,ASTRO,BNB,0x1b24ebbEc03298576337B1805c733cD225C8a6BC,ASTRO.png
Stader BNBx,BNBX,BNB,0x1bdd3cf7f79cfb8edbb955f20ad99211551ba275,BNBX.png
PalmPay,PALM,BNB,0xF85BE0902a16fb87D447021d6e4517b38a15087d,PALM.png
Wrapped USDR,WUSDR,BNB,0x9467f15f44A8641389556387b43d9ED3f6981818,WUSDR.png
Vitruveo,VTRU,BNB,0xb08504D245713Ca9692C8fA605E76A0A11Ed4955,VTRU.png
BNBcat,BNBCAT,BNB,0xe576670499de7d832f3eb59e07b603c7b5c10a36,BNBCAT.png
BoLe,BL,BNB,0xee38b8540f5cccd041a535e6a77b1f3bd6922333,BL.png
BitTorrent,BTTOLD,BNB,0x8595f9da7b868b1822194faed312235e43007b49,BTTOLD.png
Raven Protocol,RAVEN,BNB,0xcd7c5025753a49f1881b31c48caa7c517bb46308,RAVEN.png
Raven Protocol,RAVEN,BNB,RAVEN-F66,RAVEN.png
CashBackPro,CBP,BNB,0x15d1dafBcC97F606bd02120d170fdAc33B1a4a86,CBP.png
xWIN Finance,XWIN,BNB,0xd88ca08d8eec1e9e09562213ae83a7853ebb5d28,XWIN.png
NewB.Farm,NEWB,BNB,0x545f90dc35ca1e6129f1fed354b3e2df12034261,NEWB.png
EarthByt,EBYT,BNB,0x0D1AfEcE252fF513C5D210AEAE88f6C7D37e6ab2,EBYT.png
Seek Tiger,STI,BNB,0x4f5f7a7Dca8BA0A7983381D23dFc5eaF4be9C79a,STI.png
Frax Price Index Share,FPIS,BNB,0xD1738eB733A636d1b8665f48bC8a24dA889c2562,FPIS.png
RUN TOGETHER,RUN,BNB,0xc643E83587818202E0fFf5eD96D10Abbc8Bb48e7,RUN.png
Animal Farm Pigs,AFP,BNB,0x9a3321E1aCD3B9F6debEE5e042dD2411A1742002,AFP.png
Crypto-AI-Robo.com,CAIR,BNB,0x2Ea7f104de4b318A3AAEDdC629334e8a8067BdD8,CAIR.png
NIAO,NIAO,BNB,0xde6e12bdb2062dc48b409f0086219464a0c317a0,NIAO.png
BUCK INU,BUCK,BNB,0xc6e41D1144CFAbd5345e11C7bB5c5944B4c62E33,BUCK.png
Real Time Cash,RTC,BNB,0x4be9bc29c328bb7cbcbf995e15f2ebca930b10bf,RTC.png
CATCOIN,CATS,BNB,0x2f0c6e147974BfbF7Da557b88643D74C324053A2,CATS.png
Pesabase,PESA,BNB,0x4adc604a0261e3d340745533964fff6bb130f3c3,PESA.png
Zambesigold,ZGD,BNB,0xbf27da33A58de2Bc6Eb1C7daB6CF2e84e825D7dc,ZGD.png
Prospective,PROS,BNB,0xbe1936a67f503e0eaf2434b0cf9f4e3d7100008a,PROS.png
Atua AI,TUA,BNB,0x36b2269fd151208a4bfc3dea503e0a6f2485fa78,TUA.png
TALE,TALE,BNB,0x5fe801666b30b1ee06968364c26fc4f4c193342f,TALE.png
Agro Global,AGRO,BNB,0x404f83279c36e3E0e2771B7ae9f9B0B2B50EE27C,AGRO.png
Shelling,SHL,BNB,0xbb689057fe1c4bfc573a54c0679ae1a7a1982f26,SHL.png
Krypton DAO,KRD,BNB,0xb020805e0Bc7F0e353D1343d67A239F417D57Bbf,KRD.png
Vibing,VBG,BNB,0x756176aff6b885eD0C21B1718c739bF8A371eF82,VBG.png
T-mac DAO,TMG,BNB,0x71b87be9ccBABe4F393e809dfc26Df3c9720E0a2,TMG.png
Murasaki,MURA,BNB,0x166295ebd6a938c7aaf61350eb5161a9939ab2b7,MURA.png
ScapesMania,MANIA,BNB,0xAB4E026a2f6F6265C29BBb4C565E66968E3d4962,MANIA.png
CryptoUnity,CUT,BNB,0xB1ff83EF5e44862d634413Be77cA4dC6AC50B74F,CUT.png
Open Source Network,OPN,BNB,0x53bba8f1d143b8ab80653dc2c1c4ddd49b6c7d8d,OPN.png
All Crypto Mechanics,ACM,BNB,0x1BD9ABF284e893705104E64B564B414620b722F1,ACM.png
FRGX Finance,FRGX,BNB,0xC703dA39aE3B9Db67C207c7Bad8100E1AfdC0F9c,FRGX.png
Euro 20,ETT,BNB,0x2f2e0f7716508F72f6Fa907Ca7a763D1149A0796,ETT.png
BUILDING STRONG COMMUNITY,B.S.C,BNB,0xd86aE498DBe9A19aeeCeA1D8b48cd3752dB79492,B.S.C.png
X314,X314,BNB,0x40BA01dA634a189D248fB1eE47141a4e11Cd94bD,X314.png
Australian Safe Shepherd,ASS,BNB,0x7c63f96feafacd84e75a594c00fac3693386fbf0,ASS.png
YEL.Finance,YEL,BNB,0x949185D3BE66775Ea648F4a306740EA9eFF9C567,YEL.png
Jax.Network,WJXN,BNB,0xca1262e77fb25c0a4112cfc9bad3ff54f617f2e6,WJXN.png
RXCGames,RXCG,BNB,0x7c59a57fc16eac270421b74615c4bc009ecd486d,RXCG.png
ULTRON,ULX,BNB,0xd983AB71a284d6371908420d8Ac6407ca943F810,ULX.png
Hatchyverse,HATCHY,BNB,0x8af48050534ee9bde12ec6e45ea3db4908c04777,HATCHY.png
BRC-20 DEX,BD20,BNB,0x312d43881860807fa04b193d69744d087fc3308a,BD20.png
Devomon,EVO,BNB,0xf2b688b2201979d44fdf18d1d8c641305cf560ba,EVO.png
Peace Network,PC,BNB,0x4D5F833711128f20c8065C48823e322F0b87742C,PC.png
Miss China,MSCHINA,BNB,0xB34c7D41076Ed2C58839aB1FaD43358affE6CE49,MSCHINA.png
SETAI Agents,SETAI,BNB,0x5f2ad0a281ea15515c8feff8421cb968cbfe9ae4,SETAI.png
The LoveChain,LOV,BNB,0x2e01a3df69e387e769cc0429f697fd207c02e2f0,LOV.png
SpaceMine,MINE,BNB,0x93713de5e0be3b7FcbD34257b6cadFb4d96e12b1,MINE.png
Frutti Dino,FDT,BNB,0x3a599e584075065eAAAc768D75EaEf85c2f2fF64,FDT.png
Zoomer Coin,ZOOMER,BNB,0xB962150760F9A3bB00e3E9Cf48297EE20AdA4A33,ZOOMER.png
Win,WIN,BNB,0xb10cb07ca2cdac77fbb5707f6690301f9d036f45,WIN.png
FLOKITA,FLOKITA,BNB,0xDC8C8221B8e27DFDA87A6D56DC5899A65087b6f4,FLOKITA.png
Baby GameStop,BABYGME,BNB,0x1B517f6794523Bc3dD4e1275D9C205064F7CC167,BABYGME.png
Capy coin,CAPY,BNB,0x55bde08af72cd693d1284b531f3f97dc81ecc334,CAPY.png
Safemars,SAFEMARS,BNB,0x3ad9594151886ce8538c1ff615efa2385a8c3a88,SAFEMARS.png
Vanity,VNY,BNB,0xAbc69f2025bDb12efcdB8fd048d240fFf943ca82,VNY.png
Merit Circle,MC,BNB,0x949D48EcA67b17269629c7194F4b727d4Ef9E5d6,MC.png
MetaGaming Guild,MGG,BNB,0x6125adcab2f171bc70cfe2caecfec5509273a86a,MGG.png
RadioShack,RADIO,BNB,0x30807D3b851A31d62415B8bb7Af7dCa59390434a,RADIO.png
Real USD,USDR,BNB,0x509a5A600a2258d1e984b87e0DB190C6742D4Cb1,USDR.png
Block Buster Tech Inc,BBTF,BNB,0xe7057B10E2B59F46D151588d9C8694B4b8328F44,BBTF.png
GROK CEO,GROKCEO,BNB,0x6294deb10817e47a4ee6869db59c85f3ef4bee29,GROKCEO.png
Vine Coin,VINE,BNB,0x6bcae62877ee8aa335e74745061b7e6d6d8485f2,VINE.png
SnowCrash Token,NORA,BNB,0x1f39dd2bf5a27e2d4ed691dcf933077371777cb0,NORA.png
GINZA NETWORK,GINZA,BNB,0x32d7da6a7cf25ed1b86e1b0ee9a62b0252d46b16,GINZA.png
Future Token,FTR,BNB,0x63F712B7EC2b9f7146b54a79133900F9458eeC6a,FTR.png
Broovs Projects,BRS,BNB,0x98c6fd0281a9a0300cb88553bf386a3492bb70f7,BRS.png
RocketFi,ROCKETFI,BNB,0x6e61579c22F9a6dA63a33e819f29B6697d2a126E,ROCKETFI.png
READ2N,RCM,BNB,0x7102f5bb8Cb3C6e7d085626E7a1347AafDf001f6,RCM.png
Uniwhale,UNW,BNB,0x5b65cd9feb54f1df3d0c60576003344079f8dc06,UNW.png
EtherPOS,ETPOS,BNB,0xdE7B72c2c2828A81bEe8D7FA86c7FC22B58A713d,ETPOS.png
World Trade Exhibition Center,WTEC,BNB,0x97759Ff4B07D5FcBC392eac1598F9E939d1960Ec,WTEC.png
Baby PeiPei,BABYPEIPEI,BNB,0x04c6f12e06ffe8a79935accf3d3068a4581a7e95,BABYPEIPEI.png
ZMINE,ZMN,BNB,0xfcb8a4b1a0b645e08064e05b98e9cc6f48d2aa57,ZMN.png
SwiftCash,SWIFT,BNB,0x99945f484EBc48F5307cC00cF8dCF8d6D3d4B017,SWIFT.png
Balanced,BALN,BNB,0x94cf269d63c4140eD481CB0b149daE03c4620cdF,BALN.png
BlockchainSpace,GUILD,BNB,0x0565805ca3a4105faee51983b0bd8ffb5ce1455c,GUILD.png
GOLCOIN,GOLC,BNB,0xeB52620B04e8EACFd795353F2827673887f292E0,GOLC.png
Omnisea,OSEA,BNB,0x7b610012bDC4D6DeBa2C2D91684e408f40863429,OSEA.png
Kylacoin,KCN,BNB,0x848b991fb420cd59c8296143c8153477393ddcab,KCN.png
Tesla AI,TESLAI,BNB,0x594d5AD1884Fe4D7d6982dC0A8562893F2279603,TESLAI.png
BRCStarter,BRCST,BNB,0x22830Be0954FF3bF7929405C488b1BBA54a7E0D3,BRCST.png
GemFlow,GEF,BNB,0x0d4409fa8ca900410eb0eb0bafef69a8eb7f332d,GEF.png
Kodexa,KDX,BNB,0xB007549db2A335364dfdCE86001Ee3b081051f03,KDX.png
GoldMiner,GM,BNB,0xe2604C9561D490624AA35e156e65e590eB749519,GM.png
Squid Game (squidgametoken.vip),SQUID,BNB,0xFAfb7581a65A1f554616Bf780fC8a8aCd2Ab8c9b,SQUID.png
Kingdom Karnage,KKT,BNB,0xe64017bdacbe7dfc84886c3704a26d566e7550de,KKT.png
BLOKPAD,BPAD,BNB,0x29132062319aa375e764ef8ef756f2b28c77a9c9,BPAD.png
DogeKing,DOGEKING,BNB,0x641ec142e67ab213539815f67e4276975c2f8d50,DOGEKING.png
ℓUSD,LUSD,BNB,0xD89336Eac00e689D218C46Cdd854585A09f432b3,LUSD.png
Pige,PIGE,BNB,0x995c0e3b9af4da89fc76c5c0784e97c7a36eec06,PIGE.png
Oceanland,OLAND,BNB,0xB0461d7E8212D311b842A58e9989edE849ac6816,OLAND.png
Coinzix,ZIX,BNB,0x48077400FAF11183c043Feb5184a13ea628Bb0DB,ZIX.png
Derp,DERP,BNB,0xEbb78043e29F4af24E6266A7D142f5A08443969E,DERP.png
Liquidus Foundation,LIQ,BNB,0x2749C9f2f8568d389BBF61ed77784A43C3cD3E19,LIQ.png
RAGSCOIN2.0,RAGS,BNB,0xED9B3D9A4B8f1a567761c793bb88214904832d17,RAGS.png
WardenSwap,WAD,BNB,0x0feadcc3824e7f3c12f40e324a60c23ca51627fc,WAD.png
Occam.Fi,OCC,BNB,0x2a4dffa1fa0f86ce7f0982f88aecc199fb3476bc,OCC.png
Zamio,ZAM,BNB,0xBbcF57177D8752B21d080bf30a06CE20aD6333F8,ZAM.png
Betero,BTE,BNB,0x7c33d9c9685408645486497c708ab491402e0886,BTE.png
SINSO,SINSO,BNB,0xc7be6c0f9b80dd269f650514dc9b897f3452e5ac,SINSO.png
Shockwaves,NEUROS,BNB,0x95b0FFfabD2817959Ce410070600D77BcE93D454,NEUROS.png
Grok,XAI,BNB,0x0009Ae5a69B037eA74A900783fab457fa605ae5d,XAI.png
TruePNL,PNL,BNB,0xb346c52874c7023df183068c39478c3b7b2515bc,PNL.png
Elk Finance,ELK,BNB,0xeEeEEb57642040bE42185f49C52F7E9B38f8eeeE,ELK.png
TCGCoin 2.0,TCG2,BNB,0xF73d8276C15Ce56b2f4AeE5920e62F767A7f3aEA,TCG2.png
Nemesis PRO,NMSP,BNB,0x14ab462A88e33D026A687f6D99f3af6E0EA73F9B,NMSP.png
DAOLaunch,DAL,BNB,0x53e4b7Aa6cACcb9576548Be3259e62dE4Ddd4417,DAL.png
BabyBNBTiger,BABYBNBTIGER,BNB,0x5a04565ee1c90c84061aD357AE9E2f1c32D57dc6,BABYBNBTIGER.png
Froggies Token,FRGST,BNB,0x440758df68a045db3f2517257f27330a12438656,FRGST.png
NOMOEX Token,NOMOX,BNB,0x30683d46edD7E2A52402e5301B14dB33BD4Ff550,NOMOX.png
CODAI,CODAI,BNB,0x9F6651f7147C4ec16357D0a56122e52C3c804b50,CODAI.png
SquadSwap,SQUAD,BNB,0x2d2567DeC25c9795117228aDC7FD58116D2E310C,SQUAD.png
LNBG London Coin,LLC,BNB,0xdB6675D9740f6401DcD0BB3092fa4dc88c2a0F66,LLC.png
MRHB DeFi Network,MRHB,BNB,0xd10332818d6a9b4b84bf5d87dbf9d80012fdf913,MRHB.png
PolyPad,POLYPAD,BNB,0x8AE619D633cCe175A2fBcfA1cEA119DDC80F1342,POLYPAD.png
Pi Network DeFi,PINETWORKDEFI,BNB,0x746760ecf1d8088c1014ef3d43dc45d5af8febf3,PINETWORKDEFI.png
Mithila Coin,MLC,BNB,0xba8b025a4332bb8b649bbcd33831f3f505d1cf12,MLC.png
Acria.AI,ACRIA,BNB,0x44f5909e97e1cbf5fbbdf0fc92fd83cde5d5c58a,ACRIA.png
SuperCells Token,SCT,BNB,0x405e7454E71AEfe8897438ADc08E3f3e6d49Dfc1,SCT.png
DegenReborn,DEGEN,BNB,0x1a131F7B106D58f33eAf0fE5B47DB2f2045E5732,DEGEN.png
New Cat,NCT,BNB,0x9F1f27179fB25F11e1F8113Be830cfF5926C4605,NCT.png
Evin Token,EVIN,BNB,0x269b7a30497f92ebf307e7467fd4f1210a6c36b6,EVIN.png
Baby Goat,BABYGOAT,BNB,0x00a8bc9887D40FF12575f6814E98D479afAdABE6,BABYGOAT.png
MBridge28,MB28,BNB,0xB821559455a59fc006c4869Ff97DFDf16D3c1088,MB28.png
Novacoin,NVC,BNB,0xbf84720097de111a80f46f9d077643967042841a,NVC.png
TemplarDAO,TEM,BNB,0x19e6BfC1A6e4B042Fb20531244D47E252445df01,TEM.png
Smart Block Chain City,SBCC,BNB,0x6e02Be885FcA1138038420fDdD4B41C59a8Cea6D,SBCC.png
UvToken,UVT,BNB,0x196eb1d21c05cc265ea0a1479e924e7983467838,UVT.png
Vemate,VMT,BNB,0xe615c5e7219f9801c3b75bc76e45a4dab3c38e51,VMT.png
Child Support,CS,BNB,0x502B8136c48977b975a6C62B08Ac4E15Dabc8172,CS.png
CelebrityCoinV2,CCV2,BNB,0x7005a8D108d361236334f613A0dCFEFb44309B25,CCV2.png
Atem Network,ATEM,BNB,0x21665851D13f3B5622b178B00aB1ba6Ec43cFc06,ATEM.png
Blockchain Technology Co.,BTCNOW,BNB,0x3e9a8df87B2126393e5B492E2AEC3146Eb8C6657,BTCNOW.png
BlackCoin,BLK,BNB,0xd2cDfD5d26dfA1D11116B9ED7DBd7C6B88C6e1D3,BLK.png
Cloudbric,CLBK,BNB,0x217e18cdfd331c6a8ee017141b5e206b937c2aeb,CLBK.png
BiLira,TRYB,BNB,0xC1fdbed7Dac39caE2CcC0748f7a80dC446F6a594,TRYB.png
AutoCrypto,AU,BNB,0x8Ea2f890CB86DFb0E376137451c6fD982AFefc15,AU.png
KnightSwap,KNIGHT,BNB,0xD23811058Eb6e7967D9a00dc3886E75610c4AbBa,KNIGHT.png
ITEMVERSE,ITEM,BNB,0x517396bd11d750e4417b82f2b0fcfa62a4f2bb96,ITEM.png
PARMA Fan Token,PARMA,BNB,0xf7f0dc9fd88e436847580d883319137ec2aa6b94,PARMA.png
Reunit Wallet,REUNI,BNB,0x9ed7E4B1BFF939ad473dA5E7a218C771D1569456,REUNI.png
Floki Cash,FLOKICASH,BNB,0xA11ff9976018Fda2a8c4ccfa6fFBe8423c5aB668,FLOKICASH.png
csas (Ordinals),CSAS,BNB,0xa700075303cc6355AE5d1383681DEF9589e20F45,CSAS.png
BABY NEIRO,BABY NEIRO,BNB,0x7B7af2F5414Fb6daeEa39e811CF288380323F889,BABY NEIRO.png
Marmot,MARMOT,BNB,0xc75fde2bcc1746ba058b4a14c898eae0cdff5a56,MARMOT.png
Kambria,KAT,BNB,0x3A9eED92422ABdd7566fbA8C34Bb74b3f656DBb3,KAT.png
Microtuber,MCT,BNB,0x8038b1f3eb4f70436569618530ac96b439d67bae,MCT.png
Wanaka Farm,WANA,BNB,0x339C72829AB7DD45C3C52f965E7ABe358dd8761E,WANA.png
CryptoMines,ETERNAL,BNB,0xD44FD09d74cd13838F137B590497595d6b3FEeA4,ETERNAL.png
Gays Inu,LGBTQ,BNB,0x129DaAC6e29145499d80a86e9EF3002e9B2DE068,LGBTQ.png
Layerium,LYUM,BNB,0x09cF7ca1B4Ca6aB3855F23020e8e0e9E721CC03d,LYUM.png
ELON MARS,ELONMARS,BNB,0xa526b7abb8010cd3b79c56e074ad34dff3d4b0e7,ELONMARS.png
ALITA,ALITA,BNB,0x33679898CEb9DC930024dE84E7339d403191d8f6,ALITA.png
WebMind Network,WMN,BNB,0xb51d09B75193C35C1eb72D5714453a04051a80bC,WMN.png
Black Agnus,FTW,BNB,0x306fD3e7b169Aa4ee19412323e1a5995B8c1a1f4,FTW.png
BTCSKR,BSK,BNB,0x20d278C31A66d31eDCB83cC0597C7182A7C91ca4,BSK.png
Nominex,NMX,BNB,0xD32D01A43C869EDCD1117C640FBDCFCFD97D9D65,NMX.png
Bedrock,ROCK,BNB,0xC3387E4285e9F80A7cFDf02B4ac6cdF2476A528A,ROCK.png
Victory Gem,VTG,BNB,0x8de5aA37a7C40A53062EAD382b8EEAD3B08a7A46,VTG.png
GameGuru,GGT,BNB,0xd2359c576632234D1354B20Bf51B0277Be20C81e,GGT.png
Golden Inu,GOLDEN,BNB,0x7d4984490c4c68f8ead9dddca6d04c514ef77324,GOLDEN.png
ArbiPad,ARBI,BNB,0xa7bd657c5838472ddf85ff0797a2e6fce8fd4833,ARBI.png
Mad Pepe,MADPEPE,BNB,0x8Bfca09e5877EA59F85883D13a6873334b937D41,MADPEPE.png
CATERPILLAR,CPL,BNB,0xd0ed8f9c119beb13b9fce318a28827d0574c37d6,CPL.png
Control Token,CTRL,BNB,0x38c369055918797144cab3305f87C7cf7b6Be1A8,CTRL.png
Vault Zero,VZ,BNB,0x910F42f204BD998fA271cA8aa07ce359c733b898,VZ.png
Balance Coin,BLC,BNB,0x5343b4586a3f2a3365df92Ee705c3BF446C54668,BLC.png
Paralink Network,PARA,BNB,0x076ddce096c93dcf5d51fe346062bf0ba9523493,PARA.png
BunnyPark,BP,BNB,0xacb8f52dc63bb752a51186d1c55868adbffee9c1,BP.png
Demole,DMLG,BNB,0x1c796c140de269e255372ea687ef7644bab87935,DMLG.png
bloXmove Token,BLXM,BNB,0x40e51e0ec04283e300f12f6bb98da157bb22036e,BLXM.png
Uplift,LIFT,BNB,0x513C3200F227ebB62e3B3d00B7a83779643a71CF,LIFT.png
MetaVPad,METAV,BNB,0x62858686119135cc00C4A3102b436a0eB314D402,METAV.png
CZUSD,CZUSD,BNB,0xe68b79e51bf826534ff37aa9cee71a3842ee9c70,CZUSD.png
Solidray (new),SRT,BNB,0xe177295fa0142331abdc8b106832789e0c0fe77b,SRT.png
Overnight,OVN,BNB,0x259b30c916e440fb79747cd559207ffdabbae057,OVN.png
LocaGo,LCG,BNB,0xEA76BD66ad2c5545973eAeFD2d74a40dfe336c6E,LCG.png
DefiFund.AI,DFUND,BNB,0x17A82169f46f195Fd1764643adC81B41B336d1CF,DFUND.png
BTCASH,BTMETA,BNB,0x962d3e1397767310451EE72068B2E5bCef738bd8,BTMETA.png
DeFinity,DEFX,BNB,0xbe4cb2c354480042a39350a0c6c26bf54786539f,DEFX.png
Cogecoin,COGE,BNB,0xC8e6Af2eCAe1841202Ff53c0eEd1928C590Daa28,COGE.png
BinStarter,BSR,BNB,0x5cE12F6d9F2FcAf0b11494a1C39E09eeB16Ca7e8,BSR.png
Coinary Token,CYT,BNB,0xd9025e25bb6cf39f8c926a704039d2dd51088063,CYT.png
YESorNO,YON,BNB,0x68355E342ff81633CCd0395Cc77c83e266ca548e,YON.png
MetalSwap,XMT,BNB,0x582c12b30f85162fa393e5dbe2573f9f601f9d91,XMT.png
XIDO FINANCE,XIDO,BNB,0x3764Bc0de9B6a68c67929130aaEC16b6060cAb8c,XIDO.png
Dibs Share,DSHARE,BNB,0x26d3163b165BE95137CEe97241E716b2791a7572,DSHARE.png
Sugar Kingdom Odyssey,SKO,BNB,0x9Bf543D8460583Ff8a669Aae01d9cDbeE4dEfE3c,SKO.png
Joltify,JOLT,BNB,0x7db21353a0c4659b6a9a0519066aa8d52639dfa5,JOLT.png
Battle Infinity,IBAT,BNB,0x19cd9b8e42d4ef62c3ea124110d5cfd283ceac43,IBAT.png
Camly Coin,CAMLY,BNB,0x0910320181889fefde0bb1ca63962b0a8882e413,CAMLY.png
reddex,LQDX,BNB,0x872952d3c1Caf944852c5ADDa65633F1Ef218A26,LQDX.png
TangYuan,TANGYUAN,BNB,0x683e9dCf085E5efCc7925858aAcE94D4b8882024,TANGYUAN.png
Zarraz Dollar,ZD,BNB,0x51FD1845d74eCA21b36070BF5eBf04AFAa2185C8,ZD.png
Blizzard.money,xBLZD,BNB,0x9a946c3Cb16c08334b69aE249690C236Ebd5583E,xBLZD.png
MemePad,MEPAD,BNB,0x9d70a3ee3079a6fa2bb16591414678b7ad91f0b5,MEPAD.png
Space Token,SPACE,BNB,0x9e1170c12fddd3b00fec42ddf4c942565d9be577,SPACE.png
NASDEX,NSDX,BNB,0x417871f0682db63924b931fc16ba3ff40343cdcb,NSDX.png
Hippo Wallet Token (HPO),HPO,BNB,0xa0ED3C520dC0632657AD2EaaF19E26C4fD431a84,HPO.png
HALO NFT OFFICIAL,HALO,BNB,0xB6b8CCD230Bb4235C7b87986274E7aB550b72261,HALO.png
A.I.Earn,AIE,BNB,0x1E30bBEE322b3B11C60cb434a47F1605C2a99483,AIE.png
Avocado Blockchain Group,AVO,BNB,0x14EE333538B4621a600F011E508D783eA200d60e,AVO.png
Gay Pepe,GAYPEPE,BNB,0x0158d3817c1391B4736BE724b1e8e8553d615C57,GAYPEPE.png
STELNAR,STL,BNB,0xc48114b9CBF0fBe0E17c7b1379c465911981a927,STL.png
LOVECHAIN,LCI,BNB,0xce36b4caed3ea2ac7b8fe026d111718fb79caf8e,LCI.png
Azerop,AZR,BNB,0x3A7bce255e7E8fA2Fdc8845687D79BFA36a999fE,AZR.png
Defi For You,DFY,BNB,0xd98560689c6e748dc37bc410b4d3096b1aa3d8c2,DFY.png
Mars Ecosystem Token,XMS,BNB,0x7859b01bbf675d67da8cd128a50d155cd881b576,XMS.png
MiniDOGE,MINIDOGE,BNB,0xba07eed3d09055d60caef2bdfca1c05792f2dfad,MINIDOGE.png
MagnetGold,MTG,BNB,0x68d10dfe87a838d63bbef6c9a0d0b44beb799dc1,MTG.png
SwinCoin,SWIN,BNB,0xe061618F0d3Df5Cb05fBF91455018f2D64074C85,SWIN.png
STARX TOKEN,STARX,BNB,0xe580D4DB885f697DE3e45cBfcbF746232b0a345e,STARX.png
AmazingTeamDAO,AMAZINGTEAM,BNB,0x44Ece1031e5b5e2D9169546cC10EA5C95BA96237,AMAZINGTEAM.png
ZILLION AAKAR XO,ZILLIONXO,BNB,0x9A2478C4036548864d96a97Fbf93f6a3341fedac,ZILLIONXO.png
Jarvis Synthetic Euro,JEUR,BNB,0x23b8683ff98f9e4781552dfe6f12aa32814924e8,JEUR.png
OciCat,OCICAT,BNB,0x37fe635d1e25b2f7276c1b9dbbcc7b087f80c050,OCICAT.png
Pepe AI (pepeai.biz),PEPEAI,BNB,0x87053aFEd327D6F77fF3e6dC4744AA9933ae9B2E,PEPEAI.png
SHOBAINU,SHOBA,BNB,0x4cff712eedfabf03d71cd182e211934f5c8683da,SHOBA.png
TBCC,TBCC,BNB,0xf29480344d8e21efeab7fde39f8d8299056a7fea,TBCC.png
Goatcoin,GOAT,BNB,0x7c67dccb04b67d4666fd97b2a00bb6d9b8d82e3f,GOAT.png
Rentible,RNB,BNB,0xaDEC335A2e3881303a9b0203eb99DE12202280dF,RNB.png
Daddy Doge,DADDYDOGE,BNB,0x7ccE94C0B2C8aE7661f02544E62178377Fe8cF92,DADDYDOGE.png
Gyro,GYRO,BNB,0x1b239abe619e74232c827fbe5e49a4c072bd869d,GYRO.png
Lenda,LENDA,BNB,0x2D7A47908d817dd359f9aBA7FEaA89c92a289c7E,LENDA.png
Mobipad,MBP,BNB,0xaF2F53cc6cc0384aba52275b0f715851Fb5AFf94,MBP.png
Cryptostone,CPS,BNB,0x569f4957176Ffa0dff76c507604f6a66d4B9C578,CPS.png
OSK,OSK,BNB,0x04fA9Eb295266d9d4650EDCB879da204887Dc3Da,OSK.png
Digiverse,DIGI,BNB,0x7ec0da57eba5398470c6bcb5518406d885240c85,DIGI.png
SWAP315,S315,BNB,0x565D40e2ef60f0B4e5bD0136Bb2C58ACe83fDaA5,S315.png
SportsPie,PIE,BNB,0xA31be3734C2f2928570e363F89441CF1b527F6D4,PIE.png
Anime Token,ANI,BNB,0xac472d0eed2b8a2f57a6e304ea7ebd8e88d1d36f,ANI.png
Street Runner NFT,SRG,BNB,0x722f41f6511ff7cda73a1cb0a9ea2f731738c4a0,SRG.png
Graphene,GFN,BNB,0xf209ce1960fb7e750ff30ba7794ea11c6acdc1f3,GFN.png
Sportium,SPRT,BNB,0x56156fb7860d7eb0b4b1a5356c5354b295194a45,SPRT.png
Frontrow,FRR,BNB,0x924d221c4fd599e5894706ac2e8f6a35a3cc981e,FRR.png
HerityNetwork,HER,BNB,0x8c18ffD66d943C9B0AD3DC40E2D64638F1e6e1ab,HER.png
PiBridge,PIB,BNB,0x45b19b46Be1B9006F388873E2C460FCcc7d00F15,PIB.png
INRx,INRX,BNB,0x4B3F37ED3FB1e60492C909F2746488778fA3A90b,INRX.png
NIX,NIX,BNB,0xBe96fcF736AD906b1821Ef74A0e4e346C74e6221,NIX.png
MikeToken,MKT,BNB,0xf542ac438cf8cd4477a1fc7ab88adda5426d55ed,MKT.png
BNBEE,BEE,BNB,0x735c522c20305d868f2c14654b878950f820dc50,BEE.png
Dark Energy Crystals,DEC,BNB,0xe9d7023f2132d55cbd4ee1f78273cb7a3e74f10a,DEC.png
Project X,XIL,BNB,0xf3bE1A4a47576208C1592Cc027087CE154B00672,XIL.png
Dinger Token,DINGER,BNB,0x0d3843f92d622468ba67df5a6a4149b484a75af3,DINGER.png
Gem Pad,GEMS,BNB,0x78Aae7e000Bf6FC98a6b717d5eC8Ef2bcd04F428,GEMS.png
FX Stock Token,FXST,BNB,0xA99600043E84181A9d4137aD1cefB8cfE9138674,FXST.png
Genius,GENI,BNB,0x444444444444c1a66f394025ac839a535246fcc8,GENI.png
Howinu,HOW,BNB,0xdAa64420e769fae36CCaA78e26024FE9f583e9D8,HOW.png
Payslink,PAYS,BNB,0xdb5642fC3Ffd7a8BdC2C837197736c54B120872d,PAYS.png
SUKUYANA,SNA,BNB,0x485F66f20F6732017345ff3437377EC84Ea75039,SNA.png
Popo The Frog,FROP,BNB,0x4Dc507440ef8FE7e80EEfD0951fbBB13FEC0d7a7,FROP.png
YUMMY,YUMMY,BNB,0xB003C68917BaB76812797d1b8056822f48E2e4fe,YUMMY.png
Green Beli,GRBE,BNB,0x5Ca4e7294B14EA5745EE2A688990e0cb68503219,GRBE.png
CyberDragon Gold,GOLD,BNB,0xb3a6381070b1a15169dea646166ec0699fdaea79,GOLD.png
FODL Finance,FODL,BNB,0x43f5b29D63ceDC5a7c1724dbB1D698FDe05Ada21,FODL.png
STEMX,STEMX,BNB,0x26734add0650719ea29087fe5cc0aab81b4f237d,STEMX.png
Ari10,Ari10,BNB,0x80262F604acAC839724F66846F290A2cC8b48662,Ari10.png
DYOR Token,DYOR,BNB,0x10051147418c42218986cedd0adc266441f8a14f,DYOR.png
ETH Fan Token Ecosystem,EFT,BNB,0xB72962568345253f71A18318D67E13A282b187E6,EFT.png
ELON DOGE,ELONDOGE,BNB,0xe769cad9f66a504874bd01c7cb7eaea474ecc0a2,ELONDOGE.png
Darik,DARIK,BNB,0x595a67D180BAE10314384265d56927C8ff073426,DARIK.png
GTA VI,GTA6,BNB,0x77edb9c65bba76023ff6cB067DbDC863882B30f9,GTA6.png
Biceps,BICS,BNB,0x8E5Cb7626DD949dfF56fe2c130b75A8B6f1A05f8,BICS.png
BABY HIPPO,BABYHIPPO,BNB,0x5ff325Ec2CDE57373cb3DB511F96A33DC92E1986,BABYHIPPO.png
SafeMars,SMARS,BNB,0xC0366a104b429f0806BfA98d0008DAA9555b2BEd,SMARS.png
NEXTYPE,NT,BNB,0xfbcf80ed90856af0d6d9655f746331763efdb22c,NT.png
Digital Bank of Africa,DBA,BNB,0x1006ea3289b833b6720aaa82746990ec77de8c36,DBA.png
NFTGamingStars,GS1,BNB,0xe38E3a21A4c0887E1aB0c2fbc3CAA4c71d8aE170,GS1.png
Perry The BNB,PERRY,BNB,0xB52575Ce47c4534f7B0ba88acfba7546350197d8,PERRY.png
Agatech,AGATA,BNB,0x18c4AF61DbE6fD55d6470943b4ab8530777d009C,AGATA.png
Cairo Finance,CBANK,BNB,0x6e8cE91124D57C37556672F8889cb89aF52a6746,CBANK.png
BIB,BIB,BNB,0x3cb20d96e866d128bc469a6e66505d46d7f9baba,BIB.png
Bonfire,BONFIRE,BNB,0x5e90253fbae4dab78aa351f4e6fed08a64ab5590,BONFIRE.png
TEN,TENFI,BNB,0xd15c444f1199ae72795eba15e8c1db44e47abf62,TENFI.png
NerveFlux,NERVE,BNB,0x8c21cef3c0f25e7fa267e33602702e3f91775360,NERVE.png
Strip Finance,STRIP,BNB,0x0fe178b9a471b3698cB6FcB4625DF9A756A2C55C,STRIP.png
Metagame Arena,MGA,BNB,0x03ac6ab6a9a91a0fcdec7d85b38bdfbb719ec02f,MGA.png
Trace Network Labs,TRACE,BNB,0xcAa70c638b797C99987075C5A75F2C05698F23d3,TRACE.png
ReadFi,$RDF,BNB,0xf29CCcC3460506e8F9bc038D4716C05b76b0441e,$RDF.png
JP,JP,BNB,0x86cd1faf05abbb705842ec3c98ef5006173fb4d6,JP.png
NeoCortexAI,CORTEX,BNB,0xb90CDB259B9C96b579a30daC027ff92c1E99F1E3,CORTEX.png
BabyChita,BCT,BNB,0xf6d2657EBb5602bF823901412c5e41e030f3ece2,BCT.png
POKOMON,POKO,BNB,0x0c7d31bEfE4945089A3b8f835d6e8c1d4df6d952,POKO.png
Changpeng Zhao (czonbnb.com),CZ,BNB,0xF07ebC7bB99748266732d64aAD48F203C8D79b37,CZ.png
USD DWIN,USDW,BNB,0x3AB6c736aa54917e11e58CC2Cc12e1638233B265,USDW.png
PooCoin,POOCOIN,BNB,0xb27adaffb9fea1801459a1a81b17218288c097cc,POOCOIN.png
Lion Token,LION,BNB,0x7969dc3c6e925bccbea9f7fc466a63c74f0115b8,LION.png
Smart Wallet Token,SWT,BNB,0xb1a5e3068837fcff1f7f2abf592a5de7a20b2a40,SWT.png
Hydraverse,HDV,BNB,0x8Cd0d76C0ad377378aB6Ce878a7BE686223497eE,HDV.png
BULL BTC CLUB,BBC,BNB,0x37e5da11b6A4DC6d2f7Abe232cDd30B0B8Fc63B1,BBC.png
Trossard,TROSS,BNB,0xb88Bb087144C1bACBFd585AD1fcA832964F04526,TROSS.png
TypeIt,TYPE,BNB,0xd9a44c40584288505931880c9915c6a5eb5f2fb1,TYPE.png
Global Virtual Coin,GVC,BNB,0xe1443170faB91fBA2c535b3f78935d6fcE55348d,GVC.png
Develocity Finance,DEVE,BNB,0x00f9928315196cdfbee0205520a8ebe60d9172f0,DEVE.png
TurboX,TBX,BNB,0xd25Db5c22a62041376f6F79372C8e204c7BE7bdb,TBX.png
Graphite Network,@G,BNB,0x440017A1b021006d556d7fc06A54c32E42Eb745B,@G.png
PayAccept,PAYT,BNB,0x019153df927a8925aa612a2085e4f90afb57096e,PAYT.png
GreenTrust,GNT,BNB,0xf750a26eb0acf95556e8529e72ed530f3b60f348,GNT.png
Buff Doge Coin,DOGECOIN,BNB,0x23125108bc4c63E4677b2E253Fa498cCb4B3298b,DOGECOIN.png
Bit2Me,B2M,BNB,0x6e2a5ea25b161befa6a8444c71ae3a89c39933c6,B2M.png
CRYPTORG,CTG,BNB,0x69bFa36D50d92e8985d27E6AA6e685C0325ce7B4,CTG.png
Quoll Finance,QUO,BNB,0x08b450e4a48C04CDF6DB2bD4cf24057f7B9563fF,QUO.png
Alaska Gold Rush,CARAT,BNB,0x426C1C971fb00CAaf1883bd801323a8bEcb0C919,CARAT.png
Perry The BNB V2,PERRY,BNB,0xa7ebCb0Da35A8B6d2EA6943FaeC8949676A316cd,PERRY.png
OSEAN,OSEAN,BNB,0x722cB8e411D40942C0f581B919ecCE3E4D759602,OSEAN.png
Planq,PLQ,BNB,0x13ef69f64de07d14517b667728db8b9f23856a38,PLQ.png
DOGITA,DOGA,BNB,0x05311d9aA0E17D1071986146CeD510C85c71B52f,DOGA.png
VITRAVERSE,VTRV,BNB,0x54bcaeeabd26fe69f11471eb68298b2777c104b0,VTRV.png
WallStreetBets DApp,WSB,BNB,0x22168882276e5d5e1da694343b41dd7726eeb288,WSB.png
Copycat Finance,COPYCAT,BNB,0xd635b32688f36ee4a7fe117b4c91dd811277acb6,COPYCAT.png
Tag Protocol,TAG,BNB,0x717fb7B6d0c3d7f1421Cc60260412558283A6ae5,TAG.png
Protocon,PEN,BNB,0xa5dec77c4d1b4eba2807c9926b182812a0cbf9eb,PEN.png
WEB4 AI,WEB4,BNB,0xeE7E8C85956D32C64bafDcdED3F43b3c39b1CE2f,WEB4.png
Pepa Inu,PEPA,BNB,0xC3137c696796D69F783CD0Be4aB4bB96814234Aa,PEPA.png
Janex,JNX,BNB,0xd3C117bD35025786714B56F44C93AD6DeB68B4D1,JNX.png
Getaverse,GETA,BNB,0xB2192A2829A5220Bafd5B0a67f3328e209887bee,GETA.png
BlackRock,BLACKROCK,BNB,0x4374142DdF613Bc64A573b8BdB14870c0acAF9Dd,BLACKROCK.png
MAGA,TRUMP,BNB,0xb292b9281852AeFC47C58f5b7ec2D90C59035aD4,TRUMP.png
Top,TOP,BNB,0xe85562C6Ff86a8fF0268222aff0205a26D37d68E,TOP.png
RamenSwap,RAMEN,BNB,0x4f47a0d15c1e53f3d94c069c7d16977c29f9cb6b,RAMEN.png
SafeMoonCash,SAFEMOONCASH,BNB,0xF017E2773e4ee0590C81D79ccbcF1B2De1D22877,SAFEMOONCASH.png
NFTLaunch,NFTL,BNB,0xe7F72Bc0252cA7B16dBb72eEee1AfcDb2429F2DD,NFTL.png
GAMI World,GAMI,BNB,0x1236a887ef31b4d32e1f0a2b5e4531f52cec7e75,GAMI.png
MELI,MELI,BNB,0xaD04AC36791d923DeB082dA4f91Ab71675dD18fB,MELI.png
DeFiHorse,DFH,BNB,0x5fdAb5BDbad5277B383B3482D085f4bFef68828C,DFH.png
iDypius,IDYP,BNB,0xBD100d061E120b2c67A24453CF6368E63f1Be056,IDYP.png
XHYPE,XHP,BNB,0x747747e47a48c669be384e0dfb248eee6ba04039,XHP.png
KTX.Finance,KTC,BNB,0x545356d4d69d8cD1213Ee7e339867574738751CA,KTC.png
Catboy,CATBOY,BNB,0x0DceE5F694E492F0DD842a7FBE5BEd4C6E4665a6,CATBOY.png
XV,XV,BNB,0x34dce75a3d1910cc9d188aa5a75fb9addcae0fcc,XV.png
BabyPepeFi,BABYPEPE,BNB,0xf1dc2f7d9b9de5421eE89EF746F482A16E213383,BABYPEPE.png
BabyMOVE,BABYMOVE,BNB,0x864079c594adb29286e24949c4c34133bd39d35e,BABYMOVE.png
Rabbit Finance,RABBIT,BNB,0x95a1199EBA84ac5f19546519e287d43D2F0E1b41,RABBIT.png
Yoshi.exchange,YOSHI,BNB,0x4374F26F0148a6331905eDf4cD33B89d8Eed78d1,YOSHI.png
99Starz,STZ,BNB,0x7FE378c5e0B5C32AF2ecc8829beDF02245A0E4eF,STZ.png
Mean DAO,MEAN,BNB,0x6c9297be2e3ce9c10c480a25b7157a43fd992942,MEAN.png
Tiny Coin,TINC,BNB,0x05ad6e30a855be07afa57e08a4f30d00810a402e,TINC.png
Crogecoin,CROGE,BNB,0xfae8e64cdde73550e7d7f0469557a33a417b2868,CROGE.png
Styleo Coin,STC,BNB,0xd9361d306A9e9A43f5883a064038220EF0D46fB0,STC.png
HistoryDAO,HAO,BNB,0x22d224CE83103A8D218B1E6cc2A38Bd94f60f066,HAO.png
CrowdSwap,CROWD,BNB,0xa5d4b64a639d93b660cda04d331374da1108f8f5,CROWD.png
Digimon Rabbit,DRB,BNB,0x485d37ca1c8d4e0b5b11b87604816a4843c079ed,DRB.png
iFortune,IFC,BNB,0x4927b4d730ae6f5a9a9115cf81848a3b9cfad891,IFC.png
Starship Doge,STARSHIPDOGE,BNB,0x67e4cfd91e4baa4a6794c7974fec892247b26d3c,STARSHIPDOGE.png
PepeCoin,PEPE,BNB,0x43b9ce0394d9affc97501359646a410a48c21a11,PEPE.png
Hummingbird Finance (New),HMNG,BNB,0x851944049dfdd189725b136c5ae3fb83cc62b28d,HMNG.png
Bull Token,BULL,BNB,0x2243267f01efc579871eca055027e5214bbe5f14,BULL.png
Baby Troll,BABYTROLL,BNB,0x6ec07DbD9311975b8002079d70C6F6d9E3e1EE5C,BABYTROLL.png
Project Matthew,MC,BNB,0xAE493a1F8bbE36BA8E687352F638d4c07C54f8d7,MC.png
Apollo Caps ETF,ACE,BNB,0xcB7bF0218CCBf340C6676706C60A41c1E9CBdD44,ACE.png
$FLY,$FLY,BNB,0x7CFAAAd25c3e791cC68AeFa28777cDf7Cc666F86,$FLY.png
Chain Games,CHAIN,BNB,0x35de111558f691f77f791fb0c08b2d6b931a9d47,CHAIN.png
MyBricks,$BRICKS,BNB,0x13e1070e3a388e53ec35480ff494538f9ffc5b8d,$BRICKS.png
Monsters Clan,MONS,BNB,0xe4c797d43631f4d660ec67b5cb0b78ef5c902532,MONS.png
WELD,WELD,BNB,0x5b6ebb33eea2d12eefd4a9b2aeaf733231169684,WELD.png
Wojak Finance,WOJ,BNB,0x55f96c7005d7c684a65ee653b07b5fe1507c56ab,WOJ.png
Baby Bali,BB,BNB,0x16f9cc3c6f8d8006cfc0ee693cef9d76b0d44c36,BB.png
Bitlocus,BTL,BNB,0x51e7b598c9155b9dccb04eb42519f6eec9c841e9,BTL.png
Bomb Money,BSHARE,BNB,0x531780face85306877d7e1f05d713d1b50a37f7a,BSHARE.png
Reign of Terror,REIGN,BNB,0xaA88FD757Fa81EbbBcE0EB1F324172d0E446093E,REIGN.png
Seedify NFT Space,SNFTS,BNB,0x6f51a1674befdd77f7ab1246b83adb9f13613762,SNFTS.png
MTH Network,MTHN,BNB,0xcC0D48a5530Cca0481105cCD61A14C495A51c901,MTHN.png
MoveApp,MOVE,BNB,0x95ca12cd249d27008a482009e101a8501cf3a64f,MOVE.png
GBURN,GBURN,BNB,0x7e5cF1F395846AB2c13eba2e6953b54B92a80BbD,GBURN.png
Baby Pepe,BABYPEPE,BNB,0x9d6db6382444b70a51307a4291188f60d4eef205,BABYPEPE.png
InfinitiCoin,INCO,BNB,0xB617faB6b94ED1Fe6DF3cAD71e1Dc997927A2A0E,INCO.png
Kibho Coin,KBC,BNB,0xb1efa16818da8432add0cb0a82cc7fab98c78893,KBC.png
Moonpot,POTS,BNB,0x3fcca8648651e5b974dd6d3e50f61567779772a8,POTS.png
Omni Consumer Protocols,OCP,BNB,0x3c70260eee0a2bfc4b375feb810325801f289fbd,OCP.png
Spintop,SPIN,BNB,0x6AA217312960A21aDbde1478DC8cBCf828110A67,SPIN.png
Zodium,ZODI,BNB,0x0cca2f5561bb0fca88e5b9b48b7fbf000349c357,ZODI.png
Ruby Play Network,RUBY,BNB,0xf7722aA0714096f1FB5ef83e6041CEBB4d58a08e,RUBY.png
Zeniq,ZENIQ,BNB,0x5b52bfb8062ce664d74bbcd4cd6dc7df53fd7233,ZENIQ.png
Exohood,EXO,BNB,0x7d10b6157c7c577caa62d319dc215209cf2db8c3,EXO.png
Genshiro,GENS,BNB,0x2CD14cbA3F26254beeD1d78158cd2B6F91809600,GENS.png
CrossWallet,CWT,BNB,0x5A726a26eDB0Df8Fd55f03cc30aF8A7cEa81e78D,CWT.png
Light DeFi,LIGHT,BNB,0x842668E2B9A73240aBF6532DEdC89c9c3e050C98,LIGHT.png
MetaDoge,METADOGE,BNB,0x8530b66ca3ddf50e0447eae8ad7ea7d5e62762ed,METADOGE.png
The Killbox,KBOX,BNB,0x3523d58d8036b1c5c9a13493143c97aefc5ad422,KBOX.png
Space Misfits,SMCW,BNB,0xb2ea51BAa12C461327d12A2069d47b30e680b69D,SMCW.png
Defi Tiger,DTG,BNB,0xb1957bdba889686ebde631df970ece6a7571a1b6,DTG.png
Doge CEO,DOGECEO,BNB,0x9cbB03eFfD6FB7d79c9baB1b0cEAF4232e957521,DOGECEO.png
HELPER COIN,HLPR,BNB,0x501Cb2Cd15198A4853bF8944b04c2053410A912B,HLPR.png
KyotoSwap,KSWAP,BNB,0x29ABc4D03D133D8Fd1F1C54318428353CE08727E,KSWAP.png
The Kingdom Coin,TKC,BNB,0x06dc293c250e2fb2416a4276d291803fc74fb9b5,TKC.png
GCWine,GCW,BNB,0xd28D5fb268ee98590092748d953e5Ea94BE0A1DE,GCW.png
OXO Network,OXO,BNB,0xD4ef9E1Ae76e87194efFf649066B416227698A23,OXO.png
xAI,XAI,BNB,0x8Ea43e15b1a616a19903F6A87498F7dCa1efae0f,XAI.png
BABYLONG,BABYLONG,BNB,0xeceb785a646f2c5ac759aa30d0fc85841ba004f3,BABYLONG.png
Kekius Maximus (kekiusbsc.world),KEKIUS,BNB,0x74a907ab83f77a79c6e5dfbe7e330d557704d74c,KEKIUS.png
CLIMB TOKEN FINANCE,CLIMB,BNB,0x2a1d286ed5edad78befd6e0d8beb38791e8cd69d,CLIMB.png
Million,MM,BNB,0xBF05279F9Bf1CE69bBFEd670813b7e431142Afa4,MM.png
delta.theta,DLTA,BNB,0x3a06212763CAF64bf101DaA4b0cEbb0cD393fA1a,DLTA.png
GIBX Swap,X,BNB,0xae28714390e95b8df1ef847c58aeac23ed457702,X.png
Moonscape,MSCP,BNB,0x27d72484f1910f5d0226afa4e03742c9cd2b297a,MSCP.png
Windfall Token,WFT,BNB,0x876866eF03d1bD9cC7afDC2DF9Bf21b21A57af04,WFT.png
Ftribe Fighters (F2 NFT),F2C,BNB,0x657b632714e08ac66b79444ad3f3875526ee6689,F2C.png
LaserEyes,LSR,BNB,0x1cb9ca00538265a22e56b758026948608ba5d86f,LSR.png
Konstellation Network,DARC,BNB,0x8ebc361536094fd5b4ffb8521e31900614c9f55d,DARC.png
Popcoin,POP,BNB,0x63bc9770Ea9a2F21Df6cc1224D64d8dEc9c61a74,POP.png
iVipCoin,IVIP,BNB,0xbdC87A65e0b6bfB631847B7dE815D2B07DEC8ee7,IVIP.png
Infiblue World,MONIE,BNB,0x7E60C74b9096f8FA6fb5a9FD88405dED8B7D44f3,MONIE.png
BOUNTYKINDS,YU,BNB,0x3e098C23DCFBbE0A3f468A6bEd1cf1a59DC1770D,YU.png
Bullpepe,BULLPEPE,BNB,0x2Db54D244667C150126dE78Eb29081F9F57EcBeC,BULLPEPE.png
Matrix Chain,MTC,BNB,0x67009eb16ff64d06b4f782b3c552b924b1d1bb93,MTC.png
AIRBTC,AIRBTC,BNB,0x4E93bFCD6378e564C454bF99E130AE10a1C7b2dd,AIRBTC.png
Bitcoin Limited Edition,BTCLE,BNB,0x9d2144328e1d618f54cd38540f5ee50671f6a208,BTCLE.png
BBC,BBC,BNB,0xe9b14e4d05eb22b47dfb8a10708be83c17bbcbbc,BBC.png
SquidGame2,SQUID2,BNB,0x2D1a093eA4F6536AC4DaE3746819049DD314684D,SQUID2.png
TNC Coin,TNC,BNB,0x02CAa44EB838Fc0E49b73213d9d22e5F23798fDa,TNC.png
Secured MoonRat Token,SMRAT,BNB,0x68590a47578e5060a29fd99654f4556dbfa05d10,SMRAT.png
Elephant Money,ELEPHANT,BNB,0xE283D0e3B8c102BAdF5E8166B73E02D96d92F688,ELEPHANT.png
Drip Network,DRIP,BNB,0x20f663cea80face82acdfa3aae6862d246ce0333,DRIP.png
Dogecoin 2.0,DOGE2,BNB,0x3780E00D4c60887AF38345cCd44f7617dBFB10A0,DOGE2.png
Hanu Yokia,HANU,BNB,0xdae4f1dca49408288b55250022f67195eff2445a,HANU.png
SUPE,SUPE,BNB,0xb972c4027818223bb7b9399b3ca3ca58186e1590,SUPE.png
Teddy Doge,Teddy V2,BNB,0xDB79c12d1d0670988A39B0E48b96e955eF922d24,Teddy V2.png
Bob LION Inu,BNBLION,BNB,0xdA1689C5557564d06E2A546F8FD47350b9D44a73,BNBLION.png
Baby Rats,BABYRATS,BNB,0x079c6Dc6b3B627E8eB07fa2e391B27d59Eb4000B,BABYRATS.png
Grok Cat,GROKCAT,BNB,0x4615c8e2db74517a34712c9bdea5c418d999014b,GROKCAT.png
BitBonk,BBONK,BNB,0xbbBBBBe1da5EAB142B32f8887EE8d3872D847c20,BBONK.png
MoonStar,MOONSTAR,BNB,0xce5814efff15d53efd8025b9f2006d4d7d640b9b,MOONSTAR.png
Binance Smart Chain Girl,BSCGIRL,BNB,0x5c6fb802f173dba15e2caada433032b1368af59f,BSCGIRL.png
Magic Beasties,BSTS,BNB,0xc77dd3ade7b717583e0924466e4e474a5673332c,BSTS.png
Quidd,QUIDD,BNB,0x7961ade0a767c0e5b67dd1a1f78ba44f727642ed,QUIDD.png
StarSharks (SSS),SSS,BNB,0xC3028FbC1742a16A5D69dE1B334cbce28f5d7EB3,SSS.png
Altbase,ALTB,BNB,0x9b3a01f8b4abd2e2a74597b21b7c269abf4e9f41,ALTB.png
Real Realm,REAL,BNB,0xE91cd52Bd65fe23A3EAE40E3eB87180E8306399F,REAL.png
For Meta World,4MW,BNB,0xb70d593ef89b707Ce05925E1d80fffCd9a655406,4MW.png
Sensi,SENSI,BNB,0x63e77cf206801782239d4f126cfa22b517fb4edb,SENSI.png
DFS MAFIA (V2),DFSM,BNB,0x350494Bcc94EfB5c6080f6A6F0043da27be2AD2C,DFSM.png
Catcoin BSC,CAT,BNB,0xff71e87a2e7b818eee86f3f1c2e94a06cac85866,CAT.png
Robotic Doge,DOGER,BNB,0x6B85f1FE36af537Ce5085EF441c92dE09AF74F0E,DOGER.png
Baby Pnut,BABYPNUT,BNB,0xa00432be5D9883A5c85f6f716410c23410453836,BABYPNUT.png
Homeros,HMR,BNB,0x32d12029f62260e239b5b5c8f0bea9cb382cfdd6,HMR.png
GogolCoin,GOL,BNB,0xf6d7181B5a07C2C2F38d044E5c5D15E63624a217,GOL.png
X Protocol,POT,BNB,0x4c7b04d50e070848E3c7757995A57624563e0245,POT.png
NFTY Token,NFTY,BNB,0x5774b2fc3e91af89f89141eacf76545e74265982,NFTY.png
DfiStarter,DFI,BNB,0x239ec95667e37929d33066a8df8ddc9444dbcbca,DFI.png
Crypto Global United,CGU,BNB,0x747d74db20cc422f39ab54edb2a3ce21f3c98af1,CGU.png
Afrostar,AFRO,BNB,0x2f4e9c97aaffd67d98a640062d90e355b4a1c539,AFRO.png
KaraStar UMY,UMY,BNB,0x0522ecfe37ab2bdb5d60a99e08d1e8379bd35c00,UMY.png
AddMeFast,AMF,BNB,0xeecd101725b89b66f3e04f953ae0bb647c23fb8d,AMF.png
DogeFather,FATHER,BNB,0x15e2bff3ab5dcf1f7b5b854636939f3649ce3cf8,FATHER.png
Jetset,JTS,BNB,0x405BE90996e7F995A08C2FBD8d8822EF5b03466C,JTS.png
Local Traders,LCT,BNB,0x5c65badf7f97345b7b92776b22255c973234efe7,LCT.png
Stella Fantasy,SFTY,BNB,0xE9d6d6D7CDE5C7d45927F8c37460d932E612C902,SFTY.png
Meta Ricaro,CARO,BNB,0x4Aa1063a4537448cEf8D93E7588Fe3eB2af8e328,CARO.png
Justus,JTT,BNB,0xcdb3d3642fb4d48d2b5e4fb4a014448a2761c063,JTT.png
PETE,PETE,BNB,0x4f161eB257Cd81A73E4EF2F9BC8140853Ef8ce9E,PETE.png
Labubu,LABUBU,BNB,0xC00F0ec8FF3575E99604f6E2Db13a7E484a7C45C,LABUBU.png
Zugacoin,SZCB,BNB,0x702371e0897F5E2f566B1cE8256856D0549c5857,SZCB.png
YFIONE,YFO,BNB,0xB653e9Da791DD33e24CD687260C7C281928411Ba,YFO.png
Shih Tzu,SHIH,BNB,0x1e8150ea46e2a7fbb795459198fbb4b35715196c,SHIH.png
OptionPanda,OPA,BNB,0xA2F89a3be1bAda5Eb9D58D23EDc2E2FE0F82F4b0,OPA.png
BULL FINANCE,BULL,BNB,0xf483af09917ba63f1e274056978036d266eb56e6,BULL.png
Dinosaureggs,DSG,BNB,0x9a78649501bbaac285ea4187299471b7ad4abd35,DSG.png
SappChat,APP,BNB,0x097f8ae21e81d4f248a2e2d18543c6b3cc0d8e59,APP.png
Poollotto.finance,PLT,BNB,0xa19c868Fd41270Ba364B168455D2E3FBb4b8904A,PLT.png
NanoMeter Bitcoin,NMBTC,BNB,0x5ddb331c3ba48a1d68cbf50dd3bc7aac407dc115,NMBTC.png
Thoreum V3,THOREUM,BNB,0xCE1b3e5087e8215876aF976032382dd338cF8401,THOREUM.png
Trustpad (New),TPAD,BNB,0x7029f86dc4634c5d59ee3f1578c193783505e2c1,TPAD.png
SafeGrok,SAFEGROK,BNB,0xe0edFB2D674188D3fEA36a38f39E6cd8a14e28E0,SAFEGROK.png
AiNero,ANR,BNB,0x4C52A3Ae89dc606F6286233068226331BBCf4801,ANR.png
BAKENEKO,BAKENEKO,BNB,0x0abeaf56546a563824c96bb93d1c46f1d4cd11eb,BAKENEKO.png
Zeedex,ZDEX,BNB,0x6e6beD1409E7c1EebEC4b0dF0419B32e0c6314bA,ZDEX.png
Gera Coin,GERA,BNB,0xde5ea375ffbdc8b25a80fe13d631e8ba0ab4bb02,GERA.png
Titan Hunters,TITA,BNB,0x0c1253a30da9580472064a91946c5ce0C58aCf7f,TITA.png
Stamen Tellus Token,STT,BNB,0x9Ee75952E3408ed7005225855aA1835D6d0023CA,STT.png
ShibKiller,SHIBKILLER,BNB,0x9f5e3c8e95336cea51481f8cb02027b3c5a523a9,SHIBKILLER.png
Gagarin,GGR,BNB,0xA90Da9e3c71DDFcC2D793F80029aCBd21A4A0Db6,GGR.png
Echo Of The Horizon,EOTH,BNB,0x2d35C695BE9080D27ef5c6eFE80BeefcfAAB8573,EOTH.png
BABY CAT INU,BABYCAT,BNB,0x6cc89e057570F4A17D0eb3e20004A616A7C500e9,BABYCAT.png
Vitra Studios,VITRA,BNB,0xa996dbda4a536700dc1441442ffbdef10c32cb9b,VITRA.png
PhoenixCo Token,XPHX,BNB,0x8729123aC749359144DB4396F8ecF32976f7A86e,XPHX.png
Zeppelin DAO,ZEP,BNB,0x2E291e1c9f85a86d0C58Ae15621aaC005a8b2EAD,ZEP.png
Kabosu,KABOSU,BNB,0x4A824eE819955A7D769e03fe36f9E0C3Bd3Aa60b,KABOSU.png
BABY DOGE INU,$BABYDOGEINU,BNB,0x5e5c9001aa81332d405d993ffd1468751d659d1e,$BABYDOGEINU.png
BOHR,BR,BNB,0x7be9E596896b64c88E39b7e88F8dceDDa79845C0,BR.png
DeFi Warrior (FIWA),FIWA,BNB,0x633237C6FA30FAe46Cc5bB22014DA30e50a718cC,FIWA.png
StarSharks SEA,SEA,BNB,0x26193C7fa4354AE49eC53eA2cEBC513dc39A10aa,SEA.png
IXIR,IXIR,BNB,0x9ba43191A84A726cbC48716C1cEb3d13A28a4535,IXIR.png
Blin Metaverse,BLIN,BNB,0x811b279463a89E4B6E35805174C9190763f72614,BLIN.png
X Doge,X,BNB,0xA2086F4a3955A520A1743D68CDbcf064Ee1746Cd,X.png
ELF Wallet,ELF,BNB,0x56d594d76b37be83c54abf8a4747d60ce58d32c2,ELF.png
Frog Ceo,FROGCEO,BNB,0xbbf8b05ef7af53ccbff8e3673e73714f939bfd84,FROGCEO.png
TokoQrt,TQRT,BNB,0x72b6887A46043C1299D3DAe707893123d47cf73d,TQRT.png
Grok Girl,GROKGIRL,BNB,0x6d57F5c286E04850c2c085350F2e60aaA7B7c15B,GROKGIRL.png
CC,CC,BNB,0xddb341e88bb2dd7cb56e3c62991c5ad3911518cc,CC.png
Vietnam Smarthub Logistics,VSL,BNB,0x183289949a392b19f29f18f579bdd32cacca4a77,VSL.png
SiShengSheng,SISHENGSHENG,BNB,0xa88bA9B6F6dFB0093A712a1d647E70c65a255Ac5,SISHENGSHENG.png
BABY PENGU,BABYPENGU,BNB,0xB02aE72F32C912Db2D4eBDd28E1faCe35F929100,BABYPENGU.png
Poodl Token,POODL,BNB,0x4a68c250486a116dc8d6a0c5b0677de07cc09c5d,POODL.png
Duet Protocol,DUET,BNB,0x95ee03e1e2c5c4877f9a298f1c0d6c98698fab7b,DUET.png
Hare Token,HARE,BNB,0x4AFc8c2Be6a0783ea16E16066fde140d15979296,HARE.png
Transhuman Coin,THC,BNB,0x56083560594E314b5cDd1680eC6a493bb851BBd8,THC.png
Arker,ARKER,BNB,0x9c67638c4fa06fd47fb8900fc7f932f7eab589de,ARKER.png
Dragon Mainland Shards,DMS,BNB,0x9a26e6D24Df036B0b015016D1b55011c19E76C87,DMS.png
Hare Plus,HARE PLUS,BNB,0x78c6E90aFa87E2C97cac1A07652Aa0998C6C9078,HARE PLUS.png
Biblecoin,BIBL,BNB,0xdd041e030ade3db3b2221ce681b65f9650f250d7,BIBL.png
LakeViewMeta,LVM,BNB,0x3dafd6df3c484ecef2c8b2a57736c89e5181efcc,LVM.png
Vege Token,VEGE,BNB,0xDa48C3A0cc7eC60b19B725dc539BC67fC3EbA6D9,VEGE.png
Pepe AI (BSC),PEPEAI,BNB,0xe57F73EB27Da9D17f90C994744D842e95700C100,PEPEAI.png
Water Rabbit Token,WAR,BNB,0x57bfe2af99aeb7a3de3bc0c42c22353742bfd20d,WAR.png
BNBFROG,BNBFROG,BNB,0x64da67a12a46f1ddf337393e2da12ed0a507ad3d,BNBFROG.png
Scrooge,SCROOGE,BNB,0x9dfee72aea65dc7e375d50ea2bd90384313a165a,SCROOGE.png
Artificial intelligence staking token,AIST,BNB,0x5033B5b12980CE1b270bf3e7376B47F6Ad502eBE,AIST.png
Squid Game (squidmoon.vip),SQUID,BNB,0x771bD1844BCED75355bBfbdC6AaD662d48C7C53B,SQUID.png
Channels,CAN,BNB,0xdE9a73272BC2F28189CE3c243e36FaFDA2485212,CAN.png
Octopus Protocol,OPS,BNB,0x14fC542fd0364Ad8361274657CaB141A8C8820E0,OPS.png
ZOO Crypto World,ZOO,BNB,0x1D229B958D5DDFca92146585a8711aECbE56F095,ZOO.png
Story,STORY,BNB,0x85ee8e3e0068edeeee960979958d7f61416a9d84,STORY.png
Open Rights Exchange,ORE,BNB,0x4EF285c8cbe52267c022c39da98b97ca4b7e2fF9,ORE.png
CorgiCoin,CORGI,BNB,0x450dcf93160a30be156a4600802c91bf64dffd2e,CORGI.png
Superalgos,SA,BNB,0xfb981ed9a92377ca4d75d924b9ca06df163924fd,SA.png
Dogewhale,DOGEWHALE,BNB,0x43adc41cf63666ebb1938b11256f0ea3f16e6932,DOGEWHALE.png
Nusa,NUSA,BNB,0xe11F1D5EEE6BE945BeE3fa20dBF46FeBBC9F4A19,NUSA.png
FitBurn,CAL,BNB,0x859C940F080B197659b3EfFc804fD622Df66f0a1,CAL.png
PEPE Chain,PEPECHAIN,BNB,0x3D17E0aBD8D2F023970D8DF8b43776A1A2bD737C,PEPECHAIN.png
MuratiAI,MURATIAI,BNB,0x69c2fcae7e30b429166bd616a322e32bec036bcf,MURATIAI.png
Chonk The Cat,CHONK,BNB,0x501d423a828e62f9d331b3a4ee4a7efb1ea40228,CHONK.png
BTC Dragon,BTCDRAGON,BNB,0x1ee8a2f28586e542af677eb15fd00430f98d8fd8,BTCDRAGON.png
Wagerr,WGR,BNB,0xdBf8265B1d5244A13424f13977723AcF5395eAB2,WGR.png
Wagerr,WGR,BNB,WGR-D3D,WGR.png
NewYork Exchange,NYE,BNB,0xae0951b7e8159853366f510042ee67e5d4d3570a,NYE.png
ZCore Finance,ZEFI,BNB,0x0288d3e353fe2299f11ea2c2e1696b4a648ecc07,ZEFI.png
SpaceY,SPAY,BNB,0x13A637026dF26F846D55ACC52775377717345c06,SPAY.png
LEOPARD,LEOPARD,BNB,0x4efab39b14167da54aebed2094a61aa1fd384056,LEOPARD.png
BabyBitcoin,BABYBITC,BNB,0xdeb9e5d630cea02cf83258aaf5bad933f7a43ae7,BABYBITC.png
BitBase Token,BTBS,BNB,0x6fefd97f328342a8a840546a55fdcfee7542f9a8,BTBS.png
MetaWars,WARS,BNB,0x50e756a22ff5cEE3559D18B9D9576bc38F09Fa7c,WARS.png
TrustNFT,TRUSTNFT,BNB,0x08F725D2809FdA409Bc23493F3615a4c85a22d7d,TRUSTNFT.png
xMooney,XM,BNB,0x98631c69602083D04f83934576A53e2a133D482F,XM.png
FUTURECOIN,FUTURE,BNB,0x9FBff386a9405b4C98329824418ec02b5C20976b,FUTURE.png
MetaVerse-M,M,BNB,0x558ad2b02cE979Ca54F88206ED8597c8c740774E,M.png
MTG Token,MTG,BNB,0xF1B602fC211e3E2976eF44E4017b764a778197E0,MTG.png
CRAZY TIGER,CRAZYTIGER,BNB,0xEdD52D44de950cCC3B2E6abdf0DA8e99bb0Ec480,CRAZYTIGER.png
Pepe AI Coin,PEPEAI,BNB,0x24086EAb82DBDaa4771d0A5D66B0D810458b0E86,PEPEAI.png
MEGAHERO,MEGAHERO,BNB,0xc586524bacd8358591c72a1fe01b288bc9eb52b8,MEGAHERO.png
Ethereum Meta,ETHM,BNB,0xbb38f4b6e289aa900505c92bd9743bd4d3c8d2de,ETHM.png
DeFiato,DFIAT,BNB,0xf64ed9ad397a1ae657f31131d4b189220a7f1cc7,DFIAT.png
Blind Boxes,BLES,BNB,0x393d87e44c7b1f5ba521b351532c24ece253b849,BLES.png
Swapz,SWAPZ,BNB,0xd522A1DcE1CA4B138DDA042a78672307eb124CC2,SWAPZ.png
One Basis,OBS,BNB,0x095956B142431Eb9Cf88B99F392540B91aCbF4ad,OBS.png
Liquidus (old),LIQ,BNB,0xc7981767f644c7f8e483dabdc413e8a371b83079,LIQ.png
Wanda Exchange,WE,BNB,0x0dd3a140346a94d403ac62385daaf5a86b50e752,WE.png
Paragen,RGEN,BNB,0x25382fb31e4b22e0ea09cb0761863df5ad97ed72,RGEN.png
LeisurePay,LPY,BNB,0xfbef7220dfefd788a18ee634721a1c82a229f8c6,LPY.png
Dot Dot Finance,DDD,BNB,0x84c97300a190676a19D1E13115629A11f8482Bd1,DDD.png
Level Finance,LGO,BNB,0xBe2B6C5E31F292009f495DDBda88e28391C9815E,LGO.png
KELP,KELP,BNB,0x99bB559743d87eA685F651E3F62C606b08159653,KELP.png
TigerMoon,TIGERMOON,BNB,0xc23435400facae2552cfd7bdb13c5d52b5bbf0be,TIGERMOON.png
Meta Merge,MMM,BNB,0xd517ce9206c09dfaa7e7f40f98e59f54fb10e09f,MMM.png
Global Token,GBL,BNB,0xC14A7747cFec02CfeA62E72BB93538DE6B2078E6,GBL.png
BNB LION,BNBLION,BNB,0x71d421b6dE07ceFa2733D044f92A0306308dE8b8,BNBLION.png
Utility Nexusmind,UNMD,BNB,0xD460546a74827580cD3321eEC817D0b7b7094210,UNMD.png
Satoshi Panda,SAP,BNB,0xF251D850898758775958691Df66895d0b5F837AD,SAP.png
Sora Doge,SORADOGE,BNB,0xa7380f5a0897820b7a385f27fe72e5469bacc8d6,SORADOGE.png
Gmining,GMNT,BNB,0x8efda34c7417071b8da1239aa2f4033a223b5a34,GMNT.png
MoonBoys,MBOYS,BNB,0x8f95cac371152f44BB7D05f551de15571404c3f2,MBOYS.png
Leprechaun,LPC,BNB,0xd445f4cCb4c73AF58bBa206bf255918e85c19b65,LPC.png
Luffy Mugiwara,LUFFY,BNB,0xE3EF5EB1A78E1d1a4Ef345052242cBcbcBCF164D,LUFFY.png
Vira-lata Finance,REAU,BNB,0x4c79b8c9cb0bd62b047880603a9decf36de28344,REAU.png
Eifi FInance,EIFI,BNB,0xbbf33a3c83cf86d0965a66e108669d272dfe4214,EIFI.png
AMATERAS,AMT,BNB,0x4ce5f6Bf8e996Ae54709C75865709ACA5127Dd54,AMT.png
Manga Token,$MANGA,BNB,0xc2cb89bbb5bba6e21db1dfe13493dfd7dcbabd68,$MANGA.png
CryptoBlades Kingdoms,KING,BNB,0x0cCD575bf9378c06f6DCa82f8122F570769F00C2,KING.png
ShibaCorgi,SHICO,BNB,0x092bbec1342afffd16cfb41b56343d5a299cdf0d,SHICO.png
Stabledoc,SDT,BNB,0x543C7eBb52D56985f63F246A5b3558AFF79037d7,SDT.png
Colizeum,ZEUM,BNB,0x482e6bd0a178f985818c5dfb9ac77918e8412fba,ZEUM.png
Freedom God Dao,FGD,BNB,0x0566B9a8fFb8908682796751EEd00722da967Be0,FGD.png
Online Cold Wallet,OCW,BNB,0x5bf059DDa26dA45e300aacC4347e8ad872381A15,OCW.png
Power Crypto World,PCW,BNB,0x9370a51C9F2Ae6B23719ab74f05261891C609A23,PCW.png
Mobster,MOB,BNB,0xc18358243294ecf28955f7029559a253f04b4ad9,MOB.png
BNBdoge,BNBDOGE,BNB,0xf3507bAF70838B815bdf63aDE783F53b13aeA676,BNBDOGE.png
The SIMPSONS BNB,SIMPSONS,BNB,0xC99810Bb93B546a2160342D390fa48eB9d692Ea6,SIMPSONS.png
DOGE SATELLITE INU,DOGE,BNB,0x044F2BC015A9742E4eA9494a3c4B99a0B177205F,DOGE.png
when,WHEN,BNB,0x1E87b1F395a6a61c8dEc2933a527680bb723bE11,WHEN.png
Bank,BANK,BNB,0x26837b64f1302afb1e364082a9e6a0076bb88888,BANK.png
Phecda,PCD,BNB,0xceb24c99579e6140517d59c8dd4f5b36d84ed6de,PCD.png
ALBETROS,ARS,BNB,0xB087CB524daEF1CdAC5E78b7b9F2Ed20B891C187,ARS.png
Malou Token,MALOU,BNB,0xaddcb4c0ac767575091ece55a17171f9c873948c,MALOU.png
Curio Gas Token,CGT,BNB,0x61632b49Df5CA20846b3220bFc42BDa5E32C81ad,CGT.png
SaltSwap Finance,SALT,BNB,0x2849b1aE7E04A3D9Bc288673A92477CF63F28aF4,SALT.png
Cub Finance,CUB,BNB,0x50d809c74e0b8e49e7b4c65bb3109abe3ff4c1c1,CUB.png
BODA Token,BODAV2,BNB,0xdc847755343c3a2b94d6afc0aae57651e1b14064,BODAV2.png
Mimir Token,MIMIR,BNB,0x336f5a68fd46a25056a6c1d9c06072c691486acc,MIMIR.png
Artificial Intelligence,AI,BNB,0x4c403b1879aa6a79ba9c599a393ccc5d9fd2e788,AI.png
Lucky Block v1,LBLOCK,BNB,0x2cD96e8C3FF6b5E01169F6E3b61D28204E7810Bb,LBLOCK.png
Chibi Dinos,HOOP,BNB,0xF19cfb40B3774dF6Eed83169Ad5aB0Aaf6865F25,HOOP.png
BOB,BOB,BNB,0xB0B195aEFA3650A6908f15CdaC7D92F8a5791B0B,BOB.png
MELEGA,MARCO,BNB,0x963556de0eb8138E97A85F0A86eE0acD159D210b,MARCO.png
Future AI,FUTURE-AI,BNB,0x0FF534801E98A4976246D1f418E441783fc9aa15,FUTURE-AI.png
Bitbull,BITBULL,BNB,0xF45B4f064E28214cC60ee812246b14ecd4323575,BITBULL.png
SHIBU INU,SHIBU,BNB,0x7FB25272Db6c9Dc034937e9212476DbD100Da491,SHIBU.png
BNBtiger 2.0,BNBTIGER,BNB,0x3F4e61849db6493ba8bD327aFCBAa56cDd51EE8a,BNBTIGER.png
Grok,GROK,BNB,0x2e53414853f058A9BC14E052431008483bD85B4c,GROK.png
GigaChadGPT,GIGA,BNB,0x682f8fddfec6ebdf6c7bf1c0eec276b37a647d59,GIGA.png
WHALES CAT,CAT,BNB,0xc92d954B07Cf80Db8c7981a46A6be8588f2043d0,CAT.png
VOPO,VOPO,BNB,0xee81ca267b8357ba30049d679027ebf65fcf7458,VOPO.png
MOST Global,MGP,BNB,0xE703BcD08AF361b3de09a617fb74F98520954FcA,MGP.png
DOGECAST,DOGECAST,BNB,0xe922fb6df0247ae6a270ae3219cf3a0424140dc2,DOGECAST.png
MAGA Coin,MAGA,BNB,0x3EF144cB45C8a390EB207A6aa9bFcf3DA639cb5C,MAGA.png
Bomb Money,BOMB,BNB,0x522348779dcb2911539e76a1042aa922f9c47ee3,BOMB.png
Socaverse,SOCA,BNB,0x6598463d6cbe4b51e9977437bf1200df4c45286c,SOCA.png
Baby Cat Coin,BABYCATS,BNB,0x1Bd5ddCD740F2D13b2255fc325c02509da35C4e4,BABYCATS.png
Fidance,FDC,BNB,0x6d1A4650E83708b583C35d5E0952A0B46354Ca9b,FDC.png
SpaceXCoin,SPXC,BNB,0x3D4fE86C53F7E87B317A46942db2806613683e28,SPXC.png
Ryoshi Token,RYOSHI,BNB,0xb350aebaedb1ed3269b0e25d5e593a9bb4b9f9d5,RYOSHI.png
Distributed Autonomous Organization,DAO,BNB,0x037b202ca88d2028d82936d5615ee5088cb9fd78,DAO.png
Banus.Finance,BANUS,BNB,0x98999Aa1B0D17fB832FD509e13b67FE506513a6D,BANUS.png
UFC WIN,UFC,BNB,0x31430B27838D7Bc8ea422eE44471F305a1eA6982,UFC.png
SHIBA INU X,SHIBA,BNB,0x39bE270D18bcb4EF93F670158E1204A561158D93,SHIBA.png
SUPER FLOKI,FLOKI,BNB,0xE02b264915474eB711832BFB8fB6A765B2d36e68,FLOKI.png
Book of Baby Memes,BABYBOME,BNB,0xd5d21b98903257ee56c3406ef72a60981ba81703,BABYBOME.png
TOP CAT,CAT,BNB,0xB64d3aF541fc6b924523383cDb3c9225dF45DE49,CAT.png
TokenClub,TCT,BNB,0xca0a9df6a8cad800046c1ddc5755810718b65c44,TCT.png
vBSWAP,VBSWAP,BNB,0x4f0ed527e8A95ecAA132Af214dFd41F30b361600,VBSWAP.png
BSC TOOLS,TOOLS,BNB,0x1311b352467d2b5c296881badea82850bcd8f886,TOOLS.png
Satozhi,SATOZ,BNB,0xf4341fA52669cea0c1836095529A7E9B04b8b88D,SATOZ.png
NFT STARS,NFTS,BNB,0x08037036451c768465369431da5c671ad9b37dbc,NFTS.png
Vent Finance,VENT,BNB,0x872d068c25511be88c1f5990c53eeffcdf46c9b4,VENT.png
Minifootball,MINIFOOTBALL,BNB,0xd024ac1195762f6f13f8cfdf3cdd2c97b33b248b,MINIFOOTBALL.png
Baby Squid Game,BSG,BNB,0xe8993ea85b9aa3e864fef4f7685966c485546161,BSG.png
ACEToken,ACE,BNB,0xfaaa87943bfca6d97434be3d26c589647fea4375,ACE.png
Ignore Fud,4TOKEN,BNB,0x61B83eDF87Ea662C695439A807c386455c9E797C,4TOKEN.png
LONG,LONG,BNB,0xfC8774321Ee4586aF183bAca95A8793530056353,LONG.png
Joe Coin,JOE,BNB,0x5659BC175F83A609F0ff38D7e2B15533E7d14406,JOE.png
DOGECOIN X,DOGE,BNB,0xdAC581adD4C3AE3b95dbb736B10dd7DCAEa399b3,DOGE.png
SPACE DOGE,DOGE,BNB,0x2603a2F40Cd0dC2f6a6FB02A0c0768108b9F5F46,DOGE.png
BNB BONK,BNBBONK,BNB,0x14041Dd9e3d3f284DC015e73383100E3D76600F4,BNBBONK.png
CRAZY FLOKI,FLOKI,BNB,0x7Cea2ECba159f793C6eC302a5883fA0d3F018899,FLOKI.png
Golden Dog,DOGS,BNB,0x093A4b0953aCeBd68129231E40f6a05542b50828,DOGS.png
Lition,LIT,BNB,LIT-099,LIT.png
Popsicle Finance,ICE,BNB,0xf16e81dce15b08f326220742020379b855b87df9,ICE.png
CryptoZoo  (new),ZOO,BNB,0x7fFC1243232da3Ac001994208E2002816b57c669,ZOO.png
Phantom Protocol,PHM,BNB,0x4399AE7538c33cA24edD4C28C5dd7Ce9a80acF81,PHM.png
PlayPad,PPAD,BNB,0x93Bb13E90678cCd8BBab07D1dAEF15086746dc9B,PPAD.png
Musk Metaverse,METAMUSK,BNB,0x734c5F3f8F6ad9697b26eCC6388678aaFd3dB3B2,METAMUSK.png
Monetas,MNTG,BNB,0x89e4818eD21F668D65f7851839d2dD8cE5D208b0,MNTG.png
Triathon,GEON,BNB,0x167FcFED3AAD2d11052fCde0cbf704D879939473,GEON.png
Menzy,MNZ,BNB,0x861f1E1397daD68289e8f6a09a2ebb567f1B895C,MNZ.png
Grizzly Honey,GHNY,BNB,0xa045e37a0d1dd3a45fefb8803d22457abc0a728a,GHNY.png
BNBcat,BNBCAT,BNB,0x757f19F49fbB245e501786C8C87C7aB6f36E90f9,BNBCAT.png
MARSUPILAMI INU,MARSUPILAMI,BNB,0x5B813Ce6b9F225c3F2cBaCd078616A4F1Ee96002,MARSUPILAMI.png
BABY DRAGON,BABYDRAGON,BNB,0xf73d68AaD75F517342574184a17e8E7800369EdB,BABYDRAGON.png
WHALES DOGE,DOGE,BNB,0x0AeE21B4a1F322E84ab29F58Af8350D0eE968399,DOGE.png
EAGLE INU,EAGLE,BNB,0x4BcCA035cBf685723BF5aA366CE430BAFee9AA73,EAGLE.png
CHAD CAT,CHADCAT,BNB,0x1CA5F369EAc57cB54AA54136b9552f59A0a4050F,CHADCAT.png
Pankito,PAN,BNB,0xa7e477721019b0d0b870efe4899766d09aa41c05,PAN.png
SEXY PEPE,PEPE,BNB,0xB2388648CB6D7BCDfb3A623B424660448d31C1b6,PEPE.png
King Neiro,KINGNEIRO,BNB,0xe5bA37d7818dAD6aAC9212F0e8A363c6E8Ea0dfB,KINGNEIRO.png
Trump Coin,$POTUS47,BNB,0x90fc364dC4a36135171276bd580974a40D9E8CbB,$POTUS47.png
EverETH Reflect,EVERETH,BNB,0x16dcc0ec78e91e868dca64be86aec62bf7c61037,EVERETH.png
Baby Floki (BSC),BABYFLOKI,BNB,0x71e80e96af604afc23ca2aed4c1c7466db6dd0c4,BABYFLOKI.png
SportsIcon,ICONS,BNB,0xe896aa5e01ef58789f2f17f740af5df33d45f311,ICONS.png
CRAZY PEPE,CRAZYPEPE,BNB,0x8516F232Dc8B8Ab0b00627961C2D77367beC7FA7,CRAZYPEPE.png
OLYMPIC GAMES DOGE,OGD,BNB,0xD307Bd3082BE46c1Af154700B3237C98E5C1A1a7,OGD.png
DOLLAR SHIBA INU,DSHIB,BNB,0x8e25dBf1d38C48917E8f2270E049dC02d140fcA6,DSHIB.png
BNBsongoku,BNBSONGOKU,BNB,0x69bf2b229784787Fa9AeAd290D18777B6de6D510,BNBSONGOKU.png
NBA BSC,NBABSC,BNB,0xE38e97FECAc677EA060AC36b9b9d67d376FbF811,NBABSC.png
SPIDERMAN BITCOIN,SPIDERMAN,BNB,0x7b53b2000A99aF259b995C6162A7FFaaB4e736aB,SPIDERMAN.png
HALLOWEEN X,HALLOWEEN,BNB,0x6f61b008d356Aef11Ee70e09d20d603ECAef0292,HALLOWEEN.png
FLOKI X,FLOKIX,BNB,0x155d903937DC0F5bC5378A863F822F3eF4088628,FLOKIX.png
CRAZY CAT,CRAZYCAT,BNB,0xe237948E0111e2f9698A2da507d7E3f5e3581C38,CRAZYCAT.png
CRAZY DOGE,CRAZYDOGE,BNB,0x342B52DC45646dc947246E2050A9bfB49dAFdF5d,CRAZYDOGE.png
SPACE CAT,CAT,BNB,0x102A6625b69b214BD2422952C8A6401a4b800B73,CAT.png
SANTA CHRISTMAS INU,SANTA,BNB,0x619574A4A35e16BdA3942c7500054D531b311d0e,SANTA.png
BNB DRAGON,DRAGON,BNB,0x23E65d1Bb6269Ee9AE59DD921532A5d45b910b40,DRAGON.png
CRAZY DRAGON,CRAZYDRAGON,BNB,0xA0CBaA72B6948fb4f5CbD3F1f9eA0eFf4cCda775,CRAZYDRAGON.png
SPACE DRAGON,DRAGON,BNB,0xc3e8F389C4ACEDB0AFe230d713136bE21D0421Ac,DRAGON.png
ELON DOGE,DOGE,BNB,0x765275f72c061C0e1ae037e5d0e5CE4785091Cf1,DOGE.png
SUPER DRAGON,DRAGON,BNB,0xf78BB77A0c86ea29964c12Ec8D55AaC4EBb4B304,DRAGON.png
WHITE DRAGON,DRAGON,BNB,0xCf0709A7B7f000D49BF2614Af56773a1C10AfDdE,DRAGON.png
SUPER DOGE,DOGE,BNB,0xD2f1635AC07E1eA4c68d954E120C272B8380F038,DOGE.png
BNB SNAKE,BNBSNAKE,BNB,0x7AdC34A3f5d49Bb767977019Ec6098D7200334Cc,BNBSNAKE.png
BNB VEGETA,BNBVEGETA,BNB,0x6625272d9C8DBCe244AcB59564286A003C80b5F5,BNBVEGETA.png
MINU 2.0,MINU,BNB,0xb6269D7aE76AdE0E3a5BF95d974EC3A407088989,MINU.png
CRAZY BONK,CRAZYBONK,BNB,0x618722e67D96c313655078637543602F31b908D8,CRAZYBONK.png
SUPER PEPE,PEPE,BNB,0x000c94565910eD59AB98Fc47Fe3b39ed5Acba34C,PEPE.png
TOM CAT,CAT,BNB,0x94012a40F9190A1c0ce4947813f1ed2154a423c6,CAT.png
CAT INU,CAT,BNB,0x84727666A6aAD427Cf839394d57f3df17D26d3d6,CAT.png
MOON DOGE,DOGE,BNB,0x6F8dEB41aD9c9E25B2674A9eD083afc4F529Bc11,DOGE.png
SUPER BUNNY,BUNNY,BNB,0x264c5a3A84b60D05b1803BAcaA033e385bFC9D16,BUNNY.png
BNB BUNNY,BNBBUNNY,BNB,0x8E2D027D612921d17D7afE1B67c74Abbb3f661Ea,BNBBUNNY.png
BNB OLYMPIC,BNBOLYMPIC,BNB,0xc0D4C3187D6913DDfdc2Be0061E2Ad94981BD3DB,BNBOLYMPIC.png
CAT SYLVESTER,CAT,BNB,0xaD0354F71332AAd8Df5d840458d4Fd86456DC7b5,CAT.png
AMERICAN EAGLE,EAGLE,BNB,0xdE6ebb336FfCF4d3ef3F74E0cc295aEE994893Ed,EAGLE.png
AMERICAN CAT,CAT,BNB,0x2351b9c22987c945A36Be991422031d86ee70bF6,CAT.png
TRUMP MAGA PRESIDENT,TRUMP,BNB,0xfE3DDeDde73809862d0104218c81dD8c478fA9d3,TRUMP.png
CRAZY TRUMP,TRUMP,BNB,0x4a67b2F73337D2A4f7d3084d9A117e464E55bed0,TRUMP.png
TRUMP MAGA SUPER,TRUMP,BNB,0xC1b75f11D319A5F1b676073Daa1f5dcDF0163f0D,TRUMP.png
MicroDoge,MICRODOGE,BNB,0x10ec7E587845AD92d0c915903F0aE94f02D5AD12,MICRODOGE.png
PayRue (Propel),PROPEL,BNB,0x9b44df3318972be845d83f961735609137c4c23c,PROPEL.png
ViteX Coin,VX,BNB,0xbbdac6ca30ba9189c7bf67a1f7160379f7e25835,VX.png
Luxurious Pro Network Token,LPNT,BNB,0x6a4c76874e686a7d080d173987a35a9c48905583,LPNT.png
ElonDoge,EDOGE,BNB,0x163f182c32d24a09d91eb75820cde9fd5832b329,EDOGE.png
Arena Token,ARENA,BNB,0x2a17dc11a1828725cdb318e0036acf12727d27a2,ARENA.png
Shambala,BALA,BNB,0x34ba3af693d6c776d73c7fa67e2b2e79be8ef4ed,BALA.png
Melo Token,MELO,BNB,0x38a62b2030068e7b7a5268df7ab7a48bc6e396b4,MELO.png
Little Bunny Rocket,LBR,BNB,0xa78628ecba2bf5fedf3fe27a7cedaa363b46708f,LBR.png
Liquid Collectibles,LICO,BNB,0x4F3266a56589357B4f8082918b14B923693e57f0,LICO.png
BunnyPark Game,BG,BNB,0xD04c116C4F02f3ccA44b7d4e5209225C8779C8B8,BG.png
Nomad Exiles,PRIDE,BNB,0x085D15DB9c7Cd3Df188422f88Ec41ec573D691b9,PRIDE.png
DRAC Network,DRAC,BNB,0x123458c167a371250d325bd8b1fff12c8af692a7,DRAC.png
Melody,SNS,BNB,0xD5CBaE3F69B0640724A6532cC81BE9C798A755A7,SNS.png
TWELVE ZODIAC,TWELVE,BNB,0xbd6ceeef56985b608252c3651dd903a3fcc34910,TWELVE.png
CRAZY MUSK,CRAZYMUSK,BNB,0xe9e209ECC3035B4b89F557b37D75c76862930e2C,CRAZYMUSK.png
PAW PATROL INU,PAW,BNB,0x0a3c742C2daaB297F6265053ba573e968495aaB2,PAW.png
CRAZY LION,LION,BNB,0x97280BEAfc195E4CcdFeAF4658b4974F8e69d625,LION.png
BLACK DRAGON,DRAGON,BNB,0x4E6fbE303c3C4a08F51B42bD10F2Ad15749ac612,DRAGON.png
Daily Finance,DLY,BNB,0x4D829D37460d2490446255B15d52C81DF3093290,DLY.png
BNB FLOKI,BNBFLOKI,BNB,0xF36B1E66872723F3191eC2fC1a80914E44428b3e,BNBFLOKI.png
MOON CAT,CAT,BNB,0xA47F5646fd7A92595B69000A31a069f6b5c7777c,CAT.png
DeMi,DEMI,BNB,0x5c9ac6cbadfb0900a17735c9ffaacd20c60cfc15,DEMI.png
SpacePenguin,P3NGUIN,BNB,0xb8309421B0603fEbbc370A6B0C5c59d3aF202759,P3NGUIN.png
Vention,VENTION,BNB,0x2f053e33bd590830858161d42c67e9e8a9390019,VENTION.png
Hero Arena,HERA,BNB,0x49c7295ff86eabf5bf58c6ebc858db4805738c01,HERA.png
FUFU,FUFU,BNB,0x509a51394cc4d6bb474fefb2994b8975a55a6e79,FUFU.png
Safle,SAFLE,BNB,0x73afc23510b40dcbeabc25ffbc8c2976ed9f950c,SAFLE.png
StrongHands Finance,ISHND,BNB,0x1CC1aCa0DaE2D6c4A0e8AE7B4f2D01eAbbC435EE,ISHND.png
Operon Origins,ORO,BNB,0xfc4f5a4d1452b8dc6c3cb745db15b29c00812b19,ORO.png
Grok Inu,GROKINU,BNB,0xD08b9e557D1f64c8dd50A168453eA302A83E47FC,GROKINU.png
EXTOCIUM,XTO,BNB,0xAA390Bd1657514730D98BAaBcE4b393a53ACD579,XTO.png
PeiPei (BSC),PEIPEI,BNB,0xD860549FD64FE8ba0040F73Be302EaCc4BeF9C40,PEIPEI.png
CATA BSC,CATA,BNB,0x105DD4727C09feAcE2158Ed125Fa45382058df6C,CATA.png
MDOGE,MDOGE,BNB,0x77ed4e6d616bcd773328d61cf2690225e4cca238,MDOGE.png
Voltz,VOLTZ,BNB,0x15A94876de1D1C59198A0760B2ecBbEF1d0410fe,VOLTZ.png
BR34P,BR34P,BNB,0xa86d305a36cdb815af991834b46ad3d7fbb38523,BR34P.png
DMEX (Decentralized Mining Exchange),DMC,BNB,0xa5342D72D04c133180f376753f90a4B2eEe29bB3,DMC.png
SaveYourAssets,SYA,BNB,0x83a86adf1a7c56e77d36d585b808052e0a2aad0e,SYA.png
Project Quantum,QBIT,BNB,0xa38898a4ae982cb0131104a6746f77fa0da57aaa,QBIT.png
Flurry Finance,FLURRY,BNB,0x47c9BcEf4fE2dBcdf3Abf508f147f1bBE8d4fEf2,FLURRY.png
Pirate Coin Games,PirateCoin☠,BNB,0x041640ea980e3fe61e9c4ca26d9007bc70094c15,PirateCoin☠.png
MilkshakeSwap,Milk,BNB,0xc9bCF3f71E37579A4A42591B09c9dd93Dfe27965,Milk.png
Smarty Pay,SPY,BNB,0x17fd3caa66502c6f1cbd5600d8448f3af8f2aba1,SPY.png
Wakanda Inu,WKD,BNB,0x5344C20FD242545F31723689662AC12b9556fC3d,WKD.png
ReSource Protocol,SOURCE,BNB,0xea136fc555e695ba96d22e10b7e2151c4c6b2a20,SOURCE.png
Ninneko (Mata),MATA,BNB,0x175facdd947c995ad547f6ad952d26826758a4da,MATA.png
BIT GAME VERSE TOKEN,BGVT,BNB,0xa03110800894b3CcF8723D991d80875561F96777,BGVT.png
SUPER BONK,BONK,BNB,0xa2117f6Fa3d4De8A7E25001c525fC372CDA884Be,BONK.png
Baby Cat,BABYCAT,BNB,0x546d499689e0d4101c7ea774a61e312d1ad72352,BABYCAT.png
ZUSHI,ZUSHI,BNB,0xE9CbA5d3a0505CbBeE0154BE49B1D8eB68d392b3,ZUSHI.png
Chang (BNB),CHANG,BNB,0xB6E1fF6aB5a4bE6db9AA4c813Ae10FC9aC8D8039,CHANG.png
Switch,ESH,BNB,0xac6fb52b827b540cc2f2fa077c6fc60acffee379,ESH.png
WaultSwap,WEX,BNB,0xa9c41a46a6b3531d28d5c32f6633dd2ff05dfb90,WEX.png
ChainCade,CHAINCADE,BNB,0x2ffee7b4df74f7c6508a4af4d6d91058da5420d0,CHAINCADE.png
ADACash,ADACASH,BNB,0x651a89fed302227d41425235f8e934502fb94c48,ADACASH.png
Axl Inu,AXL,BNB,0x25b24b3c47918b7962b3e49c4f468367f73cc0e0,AXL.png
Crazy Bunny,CRAZYBUNNY,BNB,0x48ed9372169ef0bf2b901bbe45e52b6a6b8f1ecc,CRAZYBUNNY.png
Pepe Original Version,POV,BNB,0xc2eaAf69e6439AbaB12dD21f560bA0EC7f17CFf7,POV.png
Dancing Lizard Coin,LIZD,BNB,0xfb0E9a8F741c09128810cD5e2fac498Bc0848b59,LIZD.png
MARIO CEO,MARIO,BNB,0xa750B38172C5f31863Fa88145cc45D52069d35e6,MARIO.png
Sir,SIR,BNB,0x94498055eaf906aaCDF939C53bFad73Ea1a57edF,SIR.png
TWEETY,TWEETY,BNB,0x37E7e9129c78d32f547B7d42c6E3db639b76BD4b,TWEETY.png
Corgidoge,CORGI,BNB,0x802c68730212295149f2bea78c25e2cf5a05b8a0,CORGI.png
Ainu Token,AINU,BNB,0x2db0d5cb907014c67dc201886624716fb5c71123,AINU.png
Little Angry Bunny v2,LAB v2,BNB,0x07f5ceded6b3dba557b3663edc8941fb37b63945,LAB v2.png
Niob Finance,NIOB,BNB,0x5ac5e6Af46Ef285B3536833E65D245c49b608d9b,NIOB.png
ChainPort,PORTX,BNB,0x54c3b88b7e9702f915ddc6e483aaf369b2615f8d,PORTX.png
API INU,API,BNB,0xA1943Bc4a417ffd2E9e11A97383fa3f9548291c3,API.png
BlockSAFU,BSAFU,BNB,0x32bFd701655EDF95809EaA5e525F0024ea571267,BSAFU.png
FRZ Solar System,FRZSS2,BNB,0xA0a6A673F0Ed789a71A0Ad1edB15f1558A2b1da5,FRZSS2.png
Pepe Classic,PEPC,BNB,0xac92d97458aa86777642ed83131ed4679ab87326,PEPC.png
cyberdoge,CDOGE,BNB,0x7f3fd4d04990798b6b7be4a3e9cf3b7e8955a7b7,CDOGE.png
SUPER CAT,CAT,BNB,0x11D64c639823A44c1FbeFC88e9459bdd3585BEbD,CAT.png
CAT COIN,CAT,BNB,0xf5f374eef64c5f4c5485c460720aadfcc2d2c83a,CAT.png
BabyRWA,BABYRWA,BNB,0x4a8049c015ae1c6665fc9e49f053458ae3a102d0,BABYRWA.png
Gamia,GIA,BNB,0x9CAE159A21a278E0a98Ee42d197aE87Cbc7165B3,GIA.png
ai18plus,18PLUS,BNB,0x0f800f2894780e3abb881c19a3c2040d5bcb4f91,18PLUS.png
Grok Ai,GROK AI,BNB,0x00f2B1D536485F3493FE7609249128027951D87e,GROK AI.png
BSC FARM,BSC,BNB,0x17bc015607fdf93e7c949e9ca22f96907cfbef88,BSC.png
A2DAO,ATD,BNB,0x1ce440d1a64eea6aa1db2a5aa51c9b326930957c,ATD.png
Copiosa Coin,COP,BNB,0x8789337a176e6e7223ff115f1cd85c993d42c25c,COP.png
MoonLift Capital,MLTPX,BNB,0x9d7c580e0bc4ea441db96eebc7e1440d264bce51,MLTPX.png
Olive Cash,OLIVE,BNB,0x617724974218A18769020A70162165A539c07E8a,OLIVE.png
Evanesco Network,EVA,BNB,0x7c439f550bacd3aa592114878201e612dade93fc,EVA.png
Green Climate World,WGC,BNB,0x1e4ffa373d94c95717fb83ec026b2e0e2f443bb0,WGC.png
Baby Moon Floki,FLOKI,BNB,0x54e87ed5a096f09d9665fd114002bddfc2084a7f,FLOKI.png
MsgSender,MSG,BNB,0x43f10fb99dbb8a80d1394cf452f255d4814e6495,MSG.png
BUILD,BUILD,BNB,0x83b27De2Fca046FA63a11C7Ce7743DE33Ec58822,BUILD.png
CakeWSwap,CAKEW,BNB,0x2876992cdd3b48a08375768d7fc7f4ac7154d114,CAKEW.png
Bitcoin Legend,BCL,BNB,0x02b84f8B64e6c67aE6C797ff4Ec4efb06Ff19b44,BCL.png
Coinbidex,CBE,BNB,0xd16cb89f621820bc19dae1c29c9db6d22813b01d,CBE.png
Cat Token,CAT,BNB,0x5971f6eCF4092824ed8229154d97c21317A04764,CAT.png
Dogun,DOGUN,BNB,0xBa7e0D4Eb6b92692b2641dCe9c22aE5a64b336E0,DOGUN.png
DigitalNote,XDN,BNB,0xbea2576f400b070c7cdf11d1cbb49de0c84e3bcf,XDN.png
Okcash,OK,BNB,0x523821d20a283d955f6205B4C9252779Cd0f964B,OK.png
Lever Token,LEV,BNB,0xbc194e6f748a222754c3e8b9946922c09e7d4e91,LEV.png
RFOX Finance,VFOX,BNB,0x4d61577d8fd2208a0afb814ea089fdeae19ed202,VFOX.png
The Three Kingdoms,TTK,BNB,0x39703A67bAC0E39f9244d97f4c842D15Fbad9C1f,TTK.png
DKEY BANK,DKEY,BNB,0xf3ed4770e6efe9168c3f2f50a6d9d0f97a550df1,DKEY.png
Orbitau Taureum,TAUM,BNB,0x02e22eb7f6e73ef313dd71248cd164b1bdc5aadd,TAUM.png
Froyo Games,FROYO,BNB,0xe369fec23380f9F14ffD07a1DC4b7c1a9fdD81c9,FROYO.png
VizslaSwap,VIZSLASWAP,BNB,0xadaae082237cb1772c9e079db95c117e6dd0c5af,VIZSLASWAP.png
1Move,1MT,BNB,0x7c56D81EcB5E1d287a1E22B89b01348f07bE3541,1MT.png
Shihtzu Exchange,STZU,BNB,0x31801b15215c021e7988fa0bc37dcfa6a303bd00,STZU.png
C+Charge,CCHG,BNB,0x24F2f371D74B25da7597AdEAe55895fe6B5c2FDE,CCHG.png
MAGIKAL.ai,MGKL,BNB,0x8abfa6a4f4b9865b0e7acfdce1839a2584636d06,MGKL.png
unshETH Ether,UNSHETH,BNB,0x0Ae38f7E10A43B5b2fB064B42a2f4514cbA909ef,UNSHETH.png
BMW,BMW,BNB,0x41eC355ca2179De9A8211F0a67379B3261Db9608,BMW.png
Plxyer,PLXY,BNB,0xac4FF793053c9fe8163020Df5054865d925f9bbD,PLXY.png
THE WORD TOKEN,TWD,BNB,0xf00cD9366A13e725AB6764EE6FC8Bd21dA22786e,TWD.png
Baby Tomcat,BABYTOMCAT,BNB,0xbfC89d2134053D15d277a01c2A1A1980E0A5dbCd,BABYTOMCAT.png
King Cat,KINGCAT,BNB,0xf51bee141c9551338d1b26844ae5035b55993f0d,KINGCAT.png
Bismuth,BIS,BNB,0x56672ecb506301b1e32ed28552797037c54d36a9,BIS.png
Frenchie Network,FREN,BNB,0x13958e1eb63dfb8540eaf6ed7dcbbc1a60fd52af,FREN.png
Creator Platform,CTR,BNB,0xd6cce248263ea1e2b8cb765178c944fc16ed0727,CTR.png
DNAxCAT Token,DXCT,BNB,0x5b1baec64af6dc54e6e04349315919129a6d3c23,DXCT.png
Pexcoin,PEX,BNB,0x2963dcc52549573bbfbe355674724528532c0867,PEX.png
Candylad,CANDYLAD,BNB,0x136bfcdec5db31b565052451ad806014ab9f2b38,CANDYLAD.png
Surviving Soldiers,SSG,BNB,0xa0c8c80ed6b7f09f885e826386440b2349f0da7e,SSG.png
Safuu,SAFUU,BNB,0xE5bA47fD94CB645ba4119222e34fB33F59C7CD90,SAFUU.png
Shinjiru Inu V2,SHINJI,BNB,0x87E0Ce18ce0cE0a86B22537B48c15e03a519b112,SHINJI.png
NFTL,NFTL,BNB,0x81663d5149cADBbc48CF1a7F21b05719Ee1420A9,NFTL.png
REX,XRX,BNB,0xb25583E5e2dB32b7FCbffe3f5e8E305C36157E54,XRX.png
2G CARBON COIN,2GCC,BNB,0x1a515bf4e35aa2df67109281de6b3b00ec37675e,2GCC.png
WHITE TIGER MOON,$WHTETGRMOON,BNB,0x72d97aD5694e0ff5a9e33bd83BA281Bb8cFa0b38,$WHTETGRMOON.png
Burnsdefi,BURNS,BNB,0x91f1d3c7ddb8d5e290e71f893bad45f16e8bd7ba,BURNS.png
Orenium Protocol,ORE,BNB,0xb0dba141b38e61d704168fab3ce7366575c503ad,ORE.png
ELON’S CAT,CATME,BNB,0xB71b42f7F0513b3f49a0A42FfDcf90509A888888,CATME.png
HengCoin,HENG,BNB,0x65BBa7bDB1ec1c1A0917C9aa766CD4391182e87d,HENG.png
BitNautic Token,BTNTV2,BNB,0xCbd787129d6e36225D93E46fA08556cC7F3a2458,BTNTV2.png
Daily,DAILY,BNB,0xb20b17d86f868b9c2a1e6201ba881d68c1325de4,DAILY.png
TreeDefi,SEED,BNB,0x40b34cc972908060d6d527276e17c105d224559d,SEED.png
XTblock,XTT-B20,BNB,0x70b6c6a555507ee4ac91c15e5c80b7dc8ff3b489,XTT-B20.png
PlaceWar,PLACE,BNB,0x07728696eE70A28c9C032926577AF1D524Df30f9,PLACE.png
Duckie Land,MMETA,BNB,0x7a9c8d33963aecca9a821802adfaf5bd9392351f,MMETA.png
Mecha Morphing,MAPE,BNB,0xCa044F16AfA434C0C17c0478D8A6cE4FEEf46504,MAPE.png
AppleSwap,APPLE,BNB,0x8e03e380E6ac69B76DE7590d67296a7Eb1fFcd59,APPLE.png
IMOV,IMT,BNB,0x7B8779e01d117ec7e220f8299a6f93672E8eae23,IMT.png
XPROJECT,XPRO,BNB,0x7c1b2f618569789941b88680966333f3e8fedc61,XPRO.png
Minebase,MBASE,BNB,0x291aa47C58558aDfc2bCD6f060578FDAE1F6570C,MBASE.png
IceCream,ICE,BNB,0xce6c9c70f91c6797873EFC80505f972290A88f5D,ICE.png
Hollywood Capital Group WARRIOR,WOR,BNB,0xd6edbb510af7901b2c049ce778b65a740c4aeb7f,WOR.png
Baby Myro,BABYMYRO,BNB,0x9b152a4ce62d8157dc1d539021e9bca999124b0a,BABYMYRO.png
xAI,XAI,BNB,0x93e0Af4Bd7cd02f067b534800eB29634Ef3eFfea,XAI.png
XOX Labs,XOX,BNB,0x0f5c78f152152dda52a2ea45b0a8c10733010748,XOX.png
JOKER,JOKER,BNB,0x57C58c724460f10BD75fFaC248C2621818C086D5,JOKER.png
ScamPump,SCAM,BNB,0xc870da9f4b5b97955ea729b0f7374164fff6b8d5,SCAM.png
FOUR MEME,FOUR,BNB,0x4E96C1FF57161514f7D6c395B9c5389AAF603df7,FOUR.png
BabyKekiusMaximus,BABYKEKIUS,BNB,0x4b1eb26DFCF27167654EE5Cd2B77fEB9B4B24019,BABYKEKIUS.png
Tanuki Inu,TANUKI,BNB,0x5a32f7Eef0e88565ba534F82fAc32e12F3E08e03,TANUKI.png
ITAM Games,ITAM,BNB,0x04C747b40Be4D535fC83D09939fb0f626F32800B,ITAM.png
Strite,STRI,BNB,0x9b93c29595dd603f75854eba3c5f4ee078ee4454,STRI.png
Raptor Finance,RPTR,BNB,0x44c99ca267c2b2646ceec72e898273085ab87ca5,RPTR.png
SafeBull,SAFEBULL,BNB,0xfa344c08c93066a4d6266063c6ebc63925a18467,SAFEBULL.png
Hungarian Vizsla Inu,HVI,BNB,0xde619a9e0eeeaa9f8cd39522ed788234837f3b26,HVI.png
Kephi Gallery,KPHI,BNB,0xfa4a5c4ce029fd6872400545df44675219c2e037,KPHI.png
LunaChow,LUCHOW,BNB,0xe4e8e6878718bfe533702d4a6571eb74d79b0915,LUCHOW.png
RoArts Token,ROAR,BNB,0x3046f5cd17cb6a7f5bbcc3a23309dd32106c9116,ROAR.png
Primate,PRIMATE,BNB,0xA19863E302FD1B41276fCe5A48D9C511DBeEf34c,PRIMATE.png
SmartFi,SMTF,BNB,0x11fd9ed04f1eb43ef9df6425a6990609f2468895,SMTF.png
RIMAUNANGIS,RXT,BNB,0x8d1427a32f0a4c4bf052252e68e7ff1b2ba80c01,RXT.png
PEKI INU,PEKINU,BNB,0x760539ff254a88b925fd940c8bc01069cf76069b,PEKINU.png
Trump Pepe,PEPEMAGA,BNB,0x3c8d23C0C0A71F7b0ea91Ea93FCaB80f337B875c,PEPEMAGA.png
Gold Toad Token,TOTO,BNB,0xA75ccffDd6Bf0Cf2F01Cdbb627f9845d1EC32c2a,TOTO.png
Mainstream For The Underground,MFTU,BNB,0xd399359683c1cd5267f611261ede08f22ce9729f,MFTU.png
DexKit,KIT,BNB,0x314593fa9a2fa16432913dBcCC96104541d32D11,KIT.png
WHITEX,WHX,BNB,0x233a010fe3abe7b354941399a3dc09f267ba90e0,WHX.png
Feeder.finance,FEED,BNB,0x67d66e8Ec1Fd25d98B3Ccd3B19B7dc4b4b7fC493,FEED.png
Safe Energy,EnergyX,BNB,0xBBe899c61198D1826a43e20ea19efC46E50c2B00,EnergyX.png
NFTBomb,NBP,BNB,0x74C22834744E8D5e36c79420Ff7b057964Aba8a7,NBP.png
WEB5 Inu,WEB5,BNB,0x7d220240cf958c5c47f2daac821db965f9837e82,WEB5.png
Wistaverse,WISTA,BNB,0x3720E3C827daB665383b32bC49766D2d24C1Ed35,WISTA.png
Pepe 2.0,PEPE2.0,BNB,0xd721534a099bc9c35988e515793f08f80ae38636,PEPE2.0.png
BitX Exchange,BITX,BNB,0x668935b74cD1683c44Dc3E5dfa61A6E0B219B913,BITX.png
MicroPets,PETS,BNB,0x2466858ab5edAd0BB597FE9f008F568B00d25Fe3,PETS.png
ShibaKeanu,SHIBK,BNB,0x314bc6c98a28bd0580651233c351f2994cc12645,SHIBK.png
MAGA,MAGA,BNB,0x11Cee2f0F707810c98382724fb6D5e14972366dC,MAGA.png
Anyswap,ANY,BNB,0xf68c9df95a18b2a5a5fa1124d79eeeffbad0b6fa,ANY.png
WadzPay Token,WTK,BNB,0x8074210e3fb7e35a2d3837203729997f2e0ecda0,WTK.png
Zipmex,ZMT,BNB,0xDE960267B9AabFb5404D9A566C1ED6DB9dB09522,ZMT.png
HappyFans,HAPPY,BNB,0xF5d8A096CcCb31b9D7bcE5afE812BE23e3D4690d,HAPPY.png
Planet Sandbox,PSB,BNB,0x36bfBb1d5B3C9b336f3D64976599B6020cA805F1,PSB.png
Wanaka Farm WAIRERE Token,WAI,BNB,0x934c9198582bf2631128c5d4b051aacef9a6224f,WAI.png
Bit Hotel,BTH,BNB,0x57bc18f6177cdaffb34ace048745bc913a1b1b54,BTH.png
Revolution,REV,BNB,0x276b440fdb4c54631c882cac9e4317929e751ff8,REV.png
Doge-1 Mission to the moon,DOGE-1,BNB,0x08ccac619e9c6e95d48dfd23793d722a994b95b8,DOGE-1.png
Cloudname,CNAME,BNB,0xfc3514474306e2d4aa8350fd8fa9c46c165fe8cd,CNAME.png
Xave Coin,XVC,BNB,0xffE2A166A3Ea6dd7BB11B2C48f08F1E4202D4E78,XVC.png
Taroverse,TARO,BNB,0x424aa711301c82252ecCaccF01301aD7Ad7b5D40,TARO.png
SANGKARA MISA,MISA,BNB,0x934b0633f4874ca9340341ad66ff2f6ce3124b4c,MISA.png
3air,3AIR,BNB,0x596834746B5b78F31A089EE7853fa595682824B7,3AIR.png
MMSC PLATFORM,MMSC,BNB,0x67Db74b6D1Ea807CB47248489c99D144323D348d,MMSC.png
OXM Protocol (new),OXM,BNB,0x8Ac0B78238678657be5E5264dbCBed0BF3646E1E,OXM.png
Yearn Classic Finance,EARN,BNB,0x63a18bc38d1101db7f0efcbcbdcbe927a5879039,EARN.png
TosDis,DIS,BNB,0x57efFdE2759b68d86C544e88F7977e3314144859,DIS.png
BambooDeFi,BAMBOO,BNB,0x198abb2d13faa2e52e577d59209b5c23c20cd6b3,BAMBOO.png
TOZEX,TOZ,BNB,0xcf0bea8b08fd28e339eff49f717a828f79f7f5ec,TOZ.png
Bogged,BOG,BNB,0xB09FE1613fE03E7361319d2a43eDc17422f36B09,BOG.png
Goldex Token,GLDX,BNB,0xB23B745990F05840283E6E0224abdE14F7d29CDc,GLDX.png
Pocoland,POCO,BNB,0x394bBA8F309f3462b31238B3fd04b83F71A98848,POCO.png
CZodiac Farming Token,CZF,BNB,0x7c1608C004F20c3520f70b924E2BfeF092dA0043,CZF.png
Umi Digital,UMI,BNB,0x9f4298f2893e756030515f7b0dc85065cfae674b,UMI.png
Santa Coin,SANTA,BNB,0x4F1A6FC6A7B65Dc7ebC4EB692Dc3641bE997c2F2,SANTA.png
Revenue Coin,RVC,BNB,0xbcbdecf8e76a5c32dba69de16985882ace1678c6,RVC.png
MetaGods,MGOD,BNB,0x10A12969cB08a8d88D4BFB5d1FA317d41e0fdab3,MGOD.png
Multi-Chain Capital (new),MCC,BNB,0xc146b7cdbaff065090077151d391f4c96aa09e0c,MCC.png
Crypto Inu,ABCD,BNB,0xa0cc3a881aef241d6cb3b7db3168bd26094560be,ABCD.png
Oath,OATH,BNB,0xd3c6CEEdD1Cc7bd4304F72B011d53441D631E662,OATH.png
Metarix,MTRX,BNB,0x08B87b1cFdba00dFb79D77Cac1a5970ba6c9cDE2,MTRX.png
Sports 2K75,S2K,BNB,0x42bfa18f3f7d82bd7240d8ce5935d51679c5115d,S2K.png
BlueBenx,BENX,BNB,0x315bE92AbA5C3AaAf82b0C0C613838342c1416E7,BENX.png
Bitcoin Pay,BTCPAY,BNB,0x9f5C37e0fd9bF729b1F0a6F39CE57bE5e9Bfd435,BTCPAY.png
Moox Protocol,MOOX,BNB,0x30b832e2e98463d9130b822bd9f294287edd0422,MOOX.png
Dobby,DOBBY,BNB,0x088bb4fc74B1749bC9120d9957c1a0a42a463a73,DOBBY.png
Optimus X,OPX,BNB,0x6eC9A568881755C9698384cc6b5b13Bf4064E12b,OPX.png
snake,SNAKE,BNB,0xf7d6243b937136d432adbc643f311b5a9436b0b0,SNAKE.png
Pandora Finance,PNDR,BNB,0x6c1eFbEd2F57dd486Ec091dFfd08eE5235A570b1,PNDR.png
JINDO INU,JIND,BNB,0x5fEAD99998788AC1BCA768796483d899F1Aef4c4,JIND.png
Shibaken Finance,SHIBAKEN,BNB,0xa0cb0ce7c6d93a7ebd72952feb4407dddee8a194,SHIBAKEN.png
Sheesha Finance [BEP20],SHEESHA,BNB,0x232FB065D9d24c34708eeDbF03724f2e95ABE768,SHEESHA.png
HUNNY FINANCE,HUNNY,BNB,0x565b72163f17849832a692a3c5928cc502f46d69,HUNNY.png
Etherconnect,ECC,BNB,0x8d047f4f57a190c96c8b9704b39a1379e999d82b,ECC.png
Sphynx Labs,SPHYNX,BNB,0xa776f5b86cC520861F55a261515264E3bd86E72e,SPHYNX.png
Reflecto,RTO,BNB,0x5A341DCF49e161CC73591f02e5f8CDE8A29733fb,RTO.png
Cherry Network,CHER,BNB,0x8f36cc333f55b09bb71091409a3d7ade399e3b1c,CHER.png
FantomPAD,FPAD,BNB,0xb04770CFc19Bc6089934F15e80867BF1Fdb790c5,FPAD.png
Subawu Token,SUBAWU,BNB,0x05302f06f8979c51122b79b430a5f6f36b9a5d9b,SUBAWU.png
iAssets,ASSET,BNB,0x6b471d5ab9f3d92a600e7d49a0b135bf6d4c6a5b,ASSET.png
CZshares,CZSHARES,BNB,0x8169a36ec368882207515d6f509a2e7fc74203d3,CZSHARES.png
Kingdom Raids,KRS,BNB,0x37b53894e7429f794B56F22a32E1695567Ee9913,KRS.png
Floki SafeMoon,FSM,BNB,0x40fa6cc54b5843fe78996f499ec55d05557340c3,FSM.png
X AI,X,BNB,0x2A45a892877Ef383c5fc93A5206546c97496da9e,X.png
LinkFi,LINKFI,BNB,0x679d2c23497d4431311ac001618cd0b8789ac29c,LINKFI.png
TRUMP INU,TRUMPINU,BNB,0x1bf0e31b0cf3accd304fa197788bc3be661dba09,TRUMPINU.png
MoonStarter,MNST,BNB,0x6a6ccf15b38da4b5b0ef4c8fe9fefcb472a893f9,MNST.png
Crosschain IOTX,CIOTX,BNB,0x2aaf50869739e317ab80a57bf87caa35f5b60598,CIOTX.png
SokuSwap,SOKU,BNB,0x0e4b5ea0259eb3d66e6fcb7cc8785817f8490a53,SOKU.png
Galactic Arena: The NFTverse,GAN,BNB,0x8F1408171EAe06AEC4549fD0a5808A42cee6DD84,GAN.png
Milk,MILK,BNB,0xe5bd6c5b1c2df8f499847a545838c09e45f4a262,MILK.png
HorizonDollar,HZD,BNB,0xfefbbeebbeef18e3e4a2909f2b2729ca2fc61347,HZD.png
Adadao,ADAO,BNB,0x3b76374Cc2DfE28Cc373DcA6d5024791B2586335,ADAO.png
BABYOKX,BABYOKX,BNB,0x6B670D593d10207Cb59b1A88ae4b8b8BA18E52b4,BABYOKX.png
Bullshit Inu,BULL,BNB,0x99cd7207d1cbe59033a01892c06889adae47b0e5,BULL.png
Surf Live,SURF,BNB,0xE664cbfAB870413da211F78709911b98950fD94c,SURF.png
unshETHing_Token,USH,BNB,0x91d6d6aF7635B7b23A8CED9508117965180e2362,USH.png
BNBDragon,BNBDRGN,BNB,0x095317BB7E4A68Ef3e211E6076eBA3bEeACbC404,BNBDRGN.png
Perezoso,PRZS,BNB,0x53ff62409b219ccaff01042bb2743211bb99882e,PRZS.png
ZAI Stablecoin,ZAI,BNB,0x69000dFD5025E82f48Eb28325A2B88a241182CEd,ZAI.png
Grapeswap,GRAPE,BNB,0xb699390735ed74e2d89075b300761dae34b4b36b,GRAPE.png
Tcake,TCAKE,BNB,0x3b831d36ed418e893f42d46ff308c326c239429f,TCAKE.png
BOY X HIGHSPEED,BXH,BNB,0x6d1b7b59e3fab85b7d3a3d86e505dd8e349ea7f3,BXH.png
Immutable,DARA,BNB,0x0255af6c9f86f6b0543357bacefa262a2664f80f,DARA.png
Keeps Coin,KVERSE,BNB,0xbe5166e8e8A5CB801F09A6a0a46C42b7c27bE755,KVERSE.png
Age of Tanks,A.O.T,BNB,0x9589014f7a8547b89a6331eeee32b7fbd5852af9,A.O.T.png
Multiverse Capital,MVC,BNB,0x80d04E44955AA9c3F24041B2A824A20A88E735a8,MVC.png
Multiverse,MVS,BNB,0x98Afac3b663113D29dc2Cd8C2d1d14793692F110,MVS.png
Verve,VERVE,BNB,0x32561fa6d2d3e2191bf50f813df2c34fb3c89b62,VERVE.png
Zamzam Token,ZAMZAM,BNB,0xa5e279e14efd60a8f29e5ac3b464e3de0c6bb6b8,ZAMZAM.png
BetSwirl,BETS,BNB,0x94025780a1ab58868d9b2dbbb775f44b32e8e6e5,BETS.png
Ratscoin,RATS,BNB,0x57b798d2252557f13a9148a075a72816f2707356,RATS.png
SHELTERZ,TERZ,BNB,0xCf3Bb6AC0f6D987a5727e2d15e39c2D6061D5beC,TERZ.png
All In AI,AIAI,BNB,0x1e05f5a582e45b58cba5fa318d10344a77fb1d94,AIAI.png
All In AI,AIAI,BNB,0xc0FEc40c3E16CCB3b525963D3349BF841368C120,AIAI.png
Nero Token,NERO,BNB,0x624b9B1aC0Fb350aed8389a51b26E36147E158c3,NERO.png
π,π,BNB,0x5f716f2bd6074ed54c6e3aa953c707d0d633e413,π.png
TetherTV,USDTV,BNB,0x2d3b329aed5d62945f35104cb73514f507929841,USDTV.png
PEPECASH,PEPECASH,BNB,0x2A5472268D5b176F5EF28D7a53C8258BBCE26313,PEPECASH.png
POP Network Token,POP,BNB,0x1bb76a939d6b7f5be6b95c4f9f822b02b4d62ced,POP.png
Scaleswap,SCA,BNB,0xbb10c3ba37b4da01a70d6f3f456c5323a11a76fb,SCA.png
Planet,AQUA,BNB,0x72b7d61e8fc8cf971960dd9cfa59b8c829d91991,AQUA.png
SpaceGrime,GRIMEX,BNB,0x89671544190ee39e469c8393009875df6565457a,GRIMEX.png
TRONPAD,TRONPAD,BNB,0x1Bf7AedeC439D6BFE38f8f9b20CF3dc99e3571C4,TRONPAD.png
gotEM,GOTEM,BNB,0xa5fbc3520dd4bb85fcd175e1e3b994546a2c1ee8,GOTEM.png
PANDAINU,PWT,BNB,0xf3eDD4f14a018df4b6f02Bf1b2cF17A8120519A2,PWT.png
Last Survivor,LSC,BNB,0x74e2572a1c579b4df80d57e9698098b255f23c9e,LSC.png
Idle Ninja Online,NINKY,BNB,0x90422d35496e8ed3391971dbec894e4a8057081f,NINKY.png
Werecoin EV Charging,WRC,BNB,0xcb2B11e8B780971907A9A171754C7D767ee8Bc70,WRC.png
Class Coin,CLASS,BNB,0xe57edc546ee99f17a5d6e32c2457b4569ecd40f8,CLASS.png
GoldeFy,GOD,BNB,0x2aaa5cb023cf458e7dfa765fd48b64cd95995ab7,GOD.png
LuckyChip,LC,BNB,0x6012c3a742f92103d238f1c8306cf8fbcdeca8b3,LC.png
Optimus,OPT,BNB,0xDFE29AFdF5A7D0bb92A01A56Adabfa87D652E0E7,OPT.png
FxBox,FXB,BNB,0x0dbcec4214d7e9c316e0eb53991a43f42f432e15,FXB.png
AITK,AITK,BNB,0x08080B4Da7857E523453b140af3fF7277f81bb26,AITK.png
BNBX,BNBX,BNB,0xF662457774bb0729028EA681BB2C001790999999,BNBX.png
Hachi Inu,HACHI INU,BNB,0xaB1a91541E38999622DCB5D7c744484C1bf2C3A7,HACHI INU.png
Minter HUB,HUB,BNB,0x8aC0A467f878f3561D309cF9B0994b0530b0a9d2,HUB.png
Kalata,KALA,BNB,0x32299c93960bb583a43c2220dc89152391a610c5,KALA.png
Saturna,SAT,BNB,0x1e446cbea52badeb614fbe4ab7610f737995fb44,SAT.png
Evodefi,GENX,BNB,0x9aa18a4e73e1016918fa360eed950d9580c9551d,GENX.png
TORG,TORG,BNB,0xcea59dce6a6d73a24e6d6944cfabc330814c098a,TORG.png
Nether NFT,NTR,BNB,0x8182ac1c5512eb67756a89c40fadb2311757bd32,NTR.png
Traders coin,TRDC,BNB,0x7e8db69dcff9209e486a100e611b0af300c3374e,TRDC.png
Catena,CMCX,BNB,0xb2343143f814639c9b1f42961c698247171df34a,CMCX.png
Shib Generating,SHG,BNB,0x33af7644b1f60c8e8d62689b19d60a5d132164fc,SHG.png
Web3 Doge,WEB3,BNB,0xf45de5A6d02c4a6E050B90Add33ebf0A34D017e0,WEB3.png
bHBD,BHBD,BNB,0x874966221020d6ac1aed0e2cfad9cbfee0ba713b,BHBD.png
Fame Reward Plus,FRP,BNB,0x8eca5c1b51a801a822912167153041ed0b92a397,FRP.png
Chat AI,AI,BNB,0xa89Bf95c5f15a847c8Eb8D348cd7feD719AD7D80,AI.png
Daw Currency,DAW,BNB,0xe90c8abc9901895b2ace2e0075291e9ef0aa1f07,DAW.png
Besa Gaming,BESA,BNB,0x3e45b22622b19c1eced632d8fe1ed708f9d471c3,BESA.png
ChowChow Inu,CINU,BNB,0xA26a756a2347C37fa4ad2f4c932990f3837b4eb8,CINU.png
BANANA,BANANA,BNB,0x767e6c8541D3438F59e902cCDFb29107335d25EF,BANANA.png
wShiba,WSHIB,BNB,0x7207ab575dadd6025e2b334424c5ed10a0282778,WSHIB.png
TRDGtoken (BSC),TRDG,BNB,0x92a42Db88Ed0F02c71D439e55962Ca7CAB0168b5,TRDG.png
Matrix Labs,MATRIX,BNB,0xc32bB619966B9a56cF2472528a36Fd099CE979E0,MATRIX.png
The Parallel,PRL,BNB,0xd07e82440A395f3F3551b42dA9210CD1Ef4f8B24,PRL.png
MAIN,MAIN,BNB,0xA5F249F401bA8931899a364d8E2699b5FA1D87a9,MAIN.png
Swinca,SWI,BNB,0x81372C18c87f6d2FE91F416d7c8a109CEA48C332,SWI.png
BlockAura,TBAC,BNB,0x2326C7395d02A8C89a9d7A0b0C1Cf159D49cE51c,TBAC.png
H2O Securities,H2ON,BNB,0xE0E81c29A68bFDd7c48072fD94e7c58F1f0146C1,H2ON.png
TrumpCoin,DTC,BNB,0xab8c98491816fede394582f7758a5effeb4368d7,DTC.png
CryptoHunterTrading,CHT,BNB,0x0E6c06A9e67216E7ACb1f5a55575Fc7d2aD5Bf1A,CHT.png
Olaf Token,OT,BNB,0x5559A5D740c09fdfD9a9929C45297a6f633BBf12,OT.png
Biokript,BKPT,BNB,0x6448Be0ca45a7581D9c4C9DD665e14ec60B25113,BKPT.png
TRUSTxGAMING,TXG,BNB,0x9f46ecf92e7f6ee8c03f393adf04c2e17b8cd0b0,TXG.png
Ethereal,ETRL,BNB,0x22714c3532b4D52256f3c683e34170266b888D55,ETRL.png
JEFF,JEFF,BNB,0x937c73D59a26058F074428c0a7B1d31bd45f53D0,JEFF.png
Shoki,SHOKI,BNB,0x2dDb89a10Bf2020d8CaE7C5d239b6F38bE9d91D9,SHOKI.png
Trump Golden Cat,TRUMPCATS,BNB,0xA3cE999C506E1AaFCAF8D67ce57537842B71b96b,TRUMPCATS.png
MAKE,MAKE,BNB,0x8125355777a19Ba58890d71C5754ED1cc4d58Fd7,MAKE.png
Micromines,MICRO,BNB,0xd05B1cFf02b5955c8D1CECeD2fE12eD12804974D,MICRO.png
Giftedhands [Old],GHD,BNB,0xfDFD27aE39cebefDBaAc8615F18aa68DDD0F15f5,GHD.png
American Shiba,USHIBA,BNB,0x01e04C6e0B2C93Bb4f8eE4B71072b861F9352660,USHIBA.png
Zoo Token,ZOOT,BNB,0xb3d691125514db7a5be3326af86a72ecdc2cde16,ZOOT.png
CoinsPaid,CPD,BNB,0x2406dce4da5ab125a18295f4fb9fd36a0f7879a2,CPD.png
WePiggy Coin,WPC,BNB,0x6F620EC89B8479e97A6985792d0c64F237566746,WPC.png
HUGHUG Coin,HGHG,BNB,0xb626213cb1d52caa1ed71e2a0e62c0113ed8d642,HGHG.png
Square Token,SQUA,BNB,0xb82beb6ee0063abd5fc8e544c852237aa62cbb14,SQUA.png
DiemLibre,DLB,BNB,0x87c22615435998d69aca34889d03155b694a94fc,DLB.png
TOR,TOR,BNB,0x1d6cbdc6b29c6afbae65444a1f65ba9252b8ca83,TOR.png
FaceDAO,FACEDAO,BNB,0xb700597d8425CEd17677Bc68042D7d92764ACF59,FACEDAO.png
Reflecto USD,RUSD,BNB,0x4Be8c674C51674bEb729832682bBA5E5b105b6e2,RUSD.png
L3USD,L3USD,BNB,0xDEa12C8C23994EA2D88eD99eE1bdc0FF56f7F9d1,L3USD.png
Zetos,ZES,BNB,0xEcE1688cCDe78c6d511C57C30a05d05F014b0234,ZES.png
PIPI,PIPI,BNB,0x7Ef000Cf62623C7e8D574A80F14484A796232ECD,PIPI.png
Coinbuck,BUCK,BNB,0x9851fEB263DD6e559C2B934f2873401CFB09ECb5,BUCK.png
CZKING,CZKING,BNB,0x51da1f8d3757a08Dbc1C6954e12e0E0545b72f0F,CZKING.png
Tidex Token,TDX,BNB,0x317eb4ad9cfac6232f0046831322e895507bcbeb,TDX.png
Hummingbird Finance (Old),HMNG,BNB,0x14357d294fbabbe0fbf59503370c772d563b35b6,HMNG.png
Safegem,GEMS,BNB,0xDfDec49462f7D3C3b0A48E729F77A0645CDFA7c0,GEMS.png
CoinWind,COW,BNB,0x422E3aF98bC1dE5a1838BE31A56f75DB4Ad43730,COW.png
SafeLaunch,SFEX,BNB,0x5392Ff4a9BD006DC272C1855af6640e17Cc5ec0B,SFEX.png
Diamond DND,DND,BNB,0x34ea3f7162e6f6ed16bd171267ec180fd5c848da,DND.png
CheeseSwap,CHEESE,BNB,0xb4bf64b17e270b50d00658e3c0e2fbdefabdd87b,CHEESE.png
Royal Gold,RGOLD,BNB,0x0496ccd13c9848f9c7d1507d1dd86a360b51b596,RGOLD.png
Crypto Fight Club,FIGHT,BNB,0x4f39c3319188A723003670c3F9B9e7EF991E52F3,FIGHT.png
World of Defish,WOD,BNB,0x298632d8ea20d321fab1c9b473df5dbda249b2b6,WOD.png
FOX TOKEN,FOX,BNB,0x02Df2D8120966A143CAaf760CC3AE1D12f9862a7,FOX.png
Flag Network,FLAG,BNB,0xa5496935a247fa81b1462e553ad139d2fd0af795,FLAG.png
Fenomy,FENOMY,BNB,0x1e226f8527d9f73048f4b660af44d902d4508bc2,FENOMY.png
Dx Spot,DXS,BNB,0xB0Df5519F460E96117C12Ea667557b161866189c,DXS.png
VicMove,VIM,BNB,0x5bcd91c734d665fe426a5d7156f2ad7d37b76e30,VIM.png
Drover Inu,DROVERS,BNB,0x2d5b47a42984713f6Ef447e1A95EB9a21007a02d,DROVERS.png
Wombex Finance,WMX,BNB,0xa75d9ca2a0a1D547409D82e1B06618EC284A2CeD,WMX.png
IGUP (IguVerse),IGUP,BNB,0x522d0F9F3eFF479A5B256BB1C1108F47b8e1A153,IGUP.png
MetaDoge,METADOGE,BNB,0xf3B185ab60128E4C08008Fd90C3F1F01f4B78d50,METADOGE.png
XAI,XAI,BNB,0xD16EaabA33a0822f5cBe4E0C63CA51D3c3fbB08B,XAI.png
BABYTRUMP,BABYTRUMP,BNB,0x126Af05CC3Bc34AC8cfF2992f18c9E08672DaEf0,BABYTRUMP.png
42-coin,42,BNB,0x73cf73c2503154de4dc12067546aa9357dadaff2,42.png
Merge,MERGE,BNB,0x2d5c9167fdd5c068c8fcb8992e6af639b42fbf70,MERGE.png
JOJO,JOJO,BNB,0x78a499a998bdd5a84cf8b5abe49100d82de12f1c,JOJO.png
Golden Ball,GLB,BNB,0x52eb6c887a4691f10bee396778603927c23be1fc,GLB.png
Milady Coin,LADYS,BNB,0xe03e306466965d242db8c562ba2ce230472ca9b3,LADYS.png
FINANCIAL TRANSACTION SYSTEM,FTS,BNB,0xeacd67fa73606320e6c842c05df291ca0fac4142,FTS.png
Crown,CRW,BNB,0x4B04Fd7060Ee7e30d5A2b369EE542F9AD8adA571,CRW.png
Centurion,CNT,BNB,0x23c90dbf4fC282e352B75CC13d095Cc2496D3271,CNT.png
Bitvolt,VOLT,BNB,0x9825a3DB53E8C21265cabbb73749d71E4Bd7b68B,VOLT.png
CPChain,CPC,BNB,CPC-FED,CPC.png
Kalkulus,KLKS,BNB,0xbe80ffaab00fc3a6d590959c551bb670bc50c717,KLKS.png
Honest,HNST,BNB,HNST-3C9,HNST.png
RSG TOKEN,RSG,BNB,0xbd1221c4c0e9ff2c8d648561d794e3715b38230a,RSG.png
SMILE,SMILE,BNB,0x1cd137eb5bdf426aae58c3ed80383f74e42d9bf2,SMILE.png
Bitcoin Pro,BTCP,BNB,0x5de820707adc87b4581f8e7914a65341e68216db,BTCP.png
Banque Universal,CBU,BNB,0x912EF48F4da0C68D6c7C6D0b35d4e62E71771F33,CBU.png
Endless Board Game,ENG,BNB,0x7eefb6aeb8bc2c1ba6be1d4273ec0758a1321272,ENG.png
FolgoryUSD,USDF,BNB,0x3ab170fb62680b27783fe8090ffea2c15c53e280,USDF.png
JBOX,JBX,BNB,0x534b178fcbc969613f960225af4c10f466a58c89,JBX.png
Nexalt,XLT,BNB,0x4aD7078208e465FAc0C90DAcB4D58E2901314A63,XLT.png
Reflex,RFX,BNB,0xB44c63a09adF51f5E62CC7B63628b1B789941FA0,RFX.png
Talent Token,TTX,BNB,0x591127253e40d4f63bf29ccf3d81fd062a149c8c,TTX.png
Venus XRP,vXRP,BNB,0xb248a295732e0225acd3337607cc01068e3b9c10,vXRP.png
Nyantereum International,NYANTE,BNB,0x0c27b49db71a9fb6e9cf97f7cbb0cf3f0e97f920,NYANTE.png
Action Coin,ACTN,BNB,0xd7380b10bf3886b34ab3422dea42e408850375ca,ACTN.png
US-PAY,US-PAY,BNB,0xFbc80f332D5a0D3329FE6B8bf090422dEc9ef989,US-PAY.png
Venus Filecoin,vFIL,BNB,0xf91d58b5ae142dacc749f58a49fcbac340cb0343,vFIL.png
Venus BETH,VBETH,BNB,0x972207a639cc1b374b893cc33fa251b55ceb7c07,VBETH.png
BSCStarter,START,BNB,0x31d0a7ada4d4c131eb612db48861211f63e57610,START.png
BasketCoin,BSKT,BNB,0x4Dd1984a706E1c2C227bea67AD2F92dbdE30AfCE,BSKT.png
MacaronSwap,MCRN,BNB,0xacb2d47827c9813ae26de80965845d80935afd0b,MCRN.png
KickPad,KPAD,BNB,0xcfefa64b0ddd611b125157c41cd3827f2e8e8615,KPAD.png
AMMYI Coin,AMI,BNB,0x1eF72a1DF5e4d165F84fc43B20D56cAA7DaD46e1,AMI.png
BerrySwap,BERRY,BNB,0x8626f099434d9a7e603b8f0273880209eabfc1c5,BERRY.png
Realfinance Network,REFI,BNB,0x641a6dc991a49f7be9fe3c72c5d0fbb223edb12f,REFI.png
Quick Transfer coin,QTCC,BNB,0xbd817c2e531b1b31f211f50f59fbc87ebc50ef48,QTCC.png
MoMo KEY,KEY,BNB,0x85c128ee1feeb39a59490c720a9c563554b51d33,KEY.png
Donkey,DONK,BNB,0x8f9f2C61730932C99fae229a7265851AAaf9d59e,DONK.png
Venus Dogecoin,vDOGE,BNB,0xec3422ef92b2fb59e84c8b02ba73f1fe84ed8d71,vDOGE.png
CherrySwap,CHE,BNB,0xbc420Bc2c015d1579F77e4a5c68270b75F2DDB9d,CHE.png
HOKK Finance,HOKK,BNB,0xe87e15b9c7d989474cb6d8c56b3db4efad5b21e8,HOKK.png
UMI,UMI,BNB,0x46943113ae84e732bb510b5f7686d8b76ff56774,UMI.png
Upfire,UPR,BNB,0xf720e38f678b29b243f7d53b56acbf5de98f2385,UPR.png
Dot Finance,PINK,BNB,0x9133049Fb1FdDC110c92BF5b7Df635abB70C89DC,PINK.png
Sensitrust,SETS,BNB,0xe95fd76cf16008c12ff3b3a937cb16cd9cc20284,SETS.png
VELOREX,VEX,BNB,0xc029a12e4a002c6858878fd9d3cc74e227cc2dda,VEX.png
PalGold,PALG,BNB,0xf67932d8c28227c586d971b6b51749d35dc03558,PALG.png
Sishi Finance,SISHI,BNB,0x8e8538c75f273ab2df6adeecd3622a9c314fccf3,SISHI.png
Spherium,SPHRI,BNB,0x8ea93d00cc6252e2bd02a34782487eed65738152,SPHRI.png
DINGO TOKEN (old),DINGO,BNB,0x397E6d4fd68A9E25e93fC712B8F72F826f48a8ff,DINGO.png
USD mars,USDm,BNB,0xbb0fa2fbe9b37444f5d1dbd22e0e5bdd2afbbe85,USDm.png
Greenheart CBD,CBD,BNB,0x0e2b41ea957624a314108cc4e33703e9d78f4b3c,CBD.png
TeraBlock,TBC,BNB,0x9798dF2f5d213a872c787bD03b2b91F54D0D04A1,TBC.png
Anypad,APAD,BNB,0x366d71ab095735b7dae83ce2b82d5262ef655f10,APAD.png
Koji,KOJI,BNB,0x7eb567F5c781EE8e47C7100DC5046955503fc26A,KOJI.png
Omni Real Estate Token,ORT,BNB,0x1d64327C74d6519afeF54E58730aD6fc797f05Ba,ORT.png
ccFound,FOUND,BNB,0x1ACbC7d9C40Aa8955281ae29B581bCF002EeB4F4,FOUND.png
POTENT,PTT,BNB,0x057aff3e314e1ca15bed75510df81a20098ce456,PTT.png
Moonie NFT,MNY,BNB,0xA6F7645ed967FAF708A614a2fcA8D4790138586f,MNY.png
Hibiki Finance,HIBIKI,BNB,0xa532cfaa916c465a094daf29fea07a13e41e5b36,HIBIKI.png
Kaiken Shiba,KSHIB,BNB,0x11C0c93035d1302083eB09841042cFa582839A8C,KSHIB.png
Qubit,QBT,BNB,0x17b7163cf1dbd286e262ddc68b553d899b93f526,QBT.png
Minimals,MMS,BNB,0x4198B601f9F9b725Ce522a19B702Aa849128463C,MMS.png
Sona Network,SONA,BNB,0xaf2052d2933a117c5d21314662bacb53839aedc9,SONA.png
YoCoin,YOCO,BNB,0xdd17629d05e068a9d118ee35d11101d4140d0586,YOCO.png
NFTmall,GEM,BNB,0xBaC1df744df160877cDc45E13d0394c06bC388Ff,GEM.png
IjasCoin,IJC,BNB,0xbd486883a665f6eb148cf667d0fb8b62c158e10d,IJC.png
BitOrbit,BITORB,BNB,0xEd0c1C9c64Ff7C7cC37c3AF0dfcf5B02eFE0Bb5f,BITORB.png
XTRA Token,XTRA,BNB,0x5F02C4Dcb270999282b850Caa47Af749Ce49FE00,XTRA.png
Lightcoin,LHC,BNB,0x320d31183100280ccdf69366cd56180ea442a3e8,LHC.png
Karus Starter,KST,BNB,0x772722b55cdc2a086abd064267a17855eb15e8b3,KST.png
Liza Coin,Liza,BNB,0x84a238aa527181f2354a40e9a1c4c3eb4a01bb8a,Liza.png
Poken,PKN,BNB,0x4b5decb9327b4d511a58137a1ade61434aacdd43,PKN.png
Shakita Inu,SHAK,BNB,0x53c2a6cc05f9647d59201b19cb5f5e42cc6dc524,SHAK.png
Ideanet Token,INET,BNB,0xd031d7a1b9c80f2c6122a9fd76e3c53a1bc404f6,INET.png
Piggy Finance,PIGGY,BNB,0x1bEaC6DF550be0ad146DD99b4726c6bec9C5c6a5,PIGGY.png
Revolotto,RVL,BNB,0x6dc3d0D6EC970BF5522611D8eFF127145D02b675,RVL.png
Mech Master,MECH,BNB,0xc7b7844494c516b840a7a4575ff3e60ff0f056a9,MECH.png
Vetter Token,VETTER,BNB,0x6169b3b23e57de79a6146a2170980ceb1f83b9e0,VETTER.png
LunarCrush,LUNR,BNB,0x37807d4fbeb84124347b8899dd99616090d3e304,LUNR.png
SquidGameToken,SGT,BNB,0x440Fc7DA66e34e01af5201BdF5815739B0Ae743f,SGT.png
FoxGirl,FOXGIRL,BNB,0x599beec263fa6ea35055011967597b259fc012a4,FOXGIRL.png
RBX,RBX,BNB,0xace3574b8b054e074473a9bd002e5dc6dd3dff1b,RBX.png
Howl City,HWL,BNB,0x549cc5df432cdbaebc8b9158a6bdfe1cbd0ba16d,HWL.png
Doge Floki Coin,DOFI,BNB,0xf9d6ddf44016953dbf7ab135a0f64d7a41870ede,DOFI.png
Agricoin,AGX,BNB,0xa2d78cb5cc4e8931dc695a24df73cb751c0aeb07,AGX.png
Shib Army,SHIBARMY,BNB,0x940230b6b7ef1979a28f32196a8e3439c645ba49,SHIBARMY.png
ZeLoop Eco Reward,ERW,BNB,0x77e5cce02139814e7eff377244cac8b802cddab8,ERW.png
Cockapoo,CPOO,BNB,0x71809c4ff017ceade03038a8b597ecabb6519918,CPOO.png
Bunscake,BSCAKE,BNB,0x45d0f429790bec7ad4b68330b1051c7b8fe9d8af,BSCAKE.png
Hector Network,HEC,BNB,0x638EEBe886B0e9e7C6929E69490064a6C94d204d,HEC.png
ArcadeNetwork,ARC,BNB,0x3Fb2Adf906030a5BebDBf9EF42AAD978151a2676,ARC.png
DoragonLand,DOR,BNB,0x3465fD2D9f900e34280aBab60E8d9987B5b5bb47,DOR.png
BabyFlokiZilla,BABYFLOKIZILLA,BNB,0x9dc8ae7f7f88e1344c289d75cd0d4ce07dc4aae6,BABYFLOKIZILLA.png
FIA Protocol,FIA,BNB,0x3489be00546e660b58d182bab7720de5aacb00f6,FIA.png
QuizDrop,QDROP,BNB,0x80dd860289d6dafa733c85a58d9f11707838687d,QDROP.png
Coin Of Champions,COC,BNB,0xbDC3b3639f7AA19e623A4d603A3Fb7Ab20115A91,COC.png
Shiba Inu Empire,SHIBEMP,BNB,0x14AAD57fB5f9A0C9ce136CF93521cBeBE14EC2e6,SHIBEMP.png
Adonis,ADON,BNB,0xCD392021084683803525FE5E6c00cAe9C6bE5774,ADON.png
VIP Token,VIP,BNB,0x6759565574de509b7725abb4680020704b3f404e,VIP.png
Rice Wallet,RICE,BNB,0xcf909ef9a61dc5b05d46b5490a9f00d51c40bb28,RICE.png
Koda Cryptocurrency,KODA,BNB,0x8094e772fa4a60bdeb1dfec56ab040e17dd608d5,KODA.png
LocalTrade,LTT,BNB,0x1DC84Fc11E48aE640D48044F22A603BBE914A612,LTT.png
WoopMoney,WMW,BNB,0x3cd0e0154acb80bfbdd8dbffe3cb61ccf23c981e,WMW.png
Moomonster,MOO,BNB,0xa29b6f4e762874846c081e20ed1142ff83faafef,MOO.png
BIZVERSE,BIVE,BNB,0x130e6203f05805cd8c44093a53c7b50775eb4ca3,BIVE.png
FILIPCOIN,FCP,BNB,0x155e8A74dAC3d8560DDaBBc26aa064B764535193,FCP.png
CryptoCart V2,CCV2,BNB,0x612e1726435fe38dd49a0b35b4065b56f49c8f11,CCV2.png
Metakings,MTK,BNB,0x129385c4acd0075e45a0c9a5177bdfec9678a138,MTK.png
PlayNity,PLY,BNB,0x5f39dd1bb6db20f3e792c4489f514794cac6392c,PLY.png
TATA Coin,TATA,BNB,0x6f112c6aaf661684e99f1b4a45f861587c0595f1,TATA.png
Power Cash,PRCH,BNB,0x3B1308AD9d2590ca6A0bF3cA12a2D4Ee15DB07a4,PRCH.png
Sandwich Network,SANDWICH,BNB,0xd3253fc0a42e6dcf4f66ab147f628e3f29e9b214,SANDWICH.png
Predictcoin,PRED,BNB,0xbdd2e3fdb879aa42748e9d47b7359323f226ba22,PRED.png
ManuFactory,MNFT,BNB,0x36953B5Ec00A13eDcEceB3aF258D034913D2A79D,MNFT.png
TravGoPV,TPV,BNB,0x66dedb1a6d137c29274489f5d68e9840e1eec213,TPV.png
CVIP,CVIP,BNB,0xe5a46bf898ce7583b612e5d168073ff773d7857e,CVIP.png
Marvelous NFTs (Bad Days),MNFT,BNB,0x33BE7644c0E489b3A0c639D103392D4F3e338158,MNFT.png
CakeSwap,CAKESWAP,BNB,0xf24d63e8b354736c97148b8fc2ffb4f7789fe453,CAKESWAP.png
iPulse,PLS,BNB,0x2659cb928f6f705c1e574464361882fd6e92e1f9,PLS.png
Obsidium,OBS,BNB,0xc6f509274fcc1f485644167cb911fd0c61545e6c,OBS.png
BALI TOKEN,BLI,BNB,0x42BE29132756ddd6e8B3B94584cA0bAb20545EEc,BLI.png
BabyKitty,BABYKITTY,BNB,0x3efe3bee4dbeb77d260bc12aeb62072cf6e68478,BABYKITTY.png
ZAT Project,ZPRO,BNB,0xc8c488fdbbb2e72e41710ade67784f0812160210,ZPRO.png
VCGamers,VCG,BNB,0x1F36FB2D91d9951Cf58aE4c1956C0b77e224F1E9,VCG.png
SHIBIC,SHIBIC,BNB,0xaf3889ba617ac973b358513d9031778d2bc783df,SHIBIC.png
Shitcoin,STC,BNB,0x28d82c4d7315c02d19562db1080a713eb5cc2639,STC.png
ChinaZilla,CHINAZILLA,BNB,0x7fb4ed1b35d8f8638056913bece78b8cd624ca0d,CHINAZILLA.png
Topshelf Finance,LIQR,BNB,0x33333ee26a7d02e41c33828b42fb1e0889143477,LIQR.png
Dhabi Coin,DBC,BNB,0x220e6a613f00c79025d5611b73639e045b186ff8,DBC.png
Librium Tech,LIB,BNB,0x5f2172b64a33f423bc7f0c48c23f7d3008f7e4fe,LIB.png
Baby WOJ,BWJ,BNB,0x83f41c98d028842ccc8060b4ec7738df3eb9a2e6,BWJ.png
Eagle Token,EAGLE,BNB,0x589f16e0a4cc4e205dabfe2610e718c3ba2a5fa3,EAGLE.png
King Dog Inu,KINGDOG,BNB,0x3BB55Ba11f1A220c7C1e15b56E6cF9c69519c50F,KINGDOG.png
Felix,FLX,BNB,0x34e4a7454cae15990850166a8771cb8408b62a26,FLX.png
Intelly,INTL,BNB,0xe2eFe9D38e21293347018914EE1D23913EcB811c,INTL.png
Galatic Kitty Fighters,GKF,BNB,0x122de580a9456f4015aa3ec095485ed7656ed63f,GKF.png
CoinRadr,RADR,BNB,0x71648f61d21d3c75b08414ffa817c4ac2157f89e,RADR.png
Stripto,STRIP,BNB,0xa1ac3b22b102caa62c9ecaf418585528855b0ddd,STRIP.png
Colonize Mars,MARTIA,BNB,0xa4C08c4cE3a05F78f5E931673C6A45caCD4DF94C,MARTIA.png
Vulture Peak,VPK,BNB,0x37Ac5F3bfd18a164Fc6cF0f0f0ECD334D9179d57,VPK.png
SKY FRONTIER,GSKY,BNB,0x4a69720907de25683dc649131d70e2a68765c216,GSKY.png
Robot Warriors,METABOT,BNB,0xb312b190Ef6f7d3608146c02B3617f5Ed9876300,METABOT.png
TOURIST SHIBA INU,TOURISTS,BNB,0x14eb173d2b4b8d888f9886bbec41ec1b0e18f2b6,TOURISTS.png
Metan Evolutions,METAN,BNB,0x879D239BCC0356Cf9df8c90442488bCe99554c66,METAN.png
Forus,FORS,BNB,0xc54a4640907044283e8e4885090e205992b9813e,FORS.png
Australian Crypto Coin Green,ACCG,BNB,0xD436F4f4F309f3eeC38b33071CcC7115630a1F1C,ACCG.png
Titi Financial,TITI,BNB,0xE618eF7C64AFedE59A81CEf16d0161c914eBab17,TITI.png
PlatinX,PTX,BNB,0xa469d8e55afcd58003d6cbdc770c0ecc2dd71945,PTX.png
FQSwap V2,FQS,BNB,0x124acC690889197587a54139576da6dfFB783627,FQS.png
MetaRim,RIM,BNB,0xa25199a79a34cc04b15e5c0bba4e3a557364e532,RIM.png
Covid Cutter,CVC,BNB,0x168b616a1b08bc1F016Bb9a680e5fa9b05e00b78,CVC.png
Travel Care,TRAVEL,BNB,0x826e5Ec70DbC5607fF9218011FBb97F9a8D97953,TRAVEL.png
Food Bank,FOOD,BNB,0x6359F0d2004433D2A38b03DCe8f966Cc243F1da9,FOOD.png
ShibaFameV2,SFV2,BNB,0x3ae881bbb8b7aefb095a43ef1c1fe1c65f91316f,SFV2.png
Gemlink,GLINK,BNB,0x0ee7292bd28f4a490f849fb30c28cabab9440f9e,GLINK.png
MetaUFO,METAUFO,BNB,0x2ad7f18dcfa131e33411770a9c6c4fe49b187bc2,METAUFO.png
MetaTariffv3,RIF3,BNB,0x119940f8FDEBC0285f5085cbF325BF08E2FC67d8,RIF3.png
Space Corsair Key,SCK,BNB,0x227a3ef4d41d0215123f3197faa087bf71d2236a,SCK.png
Memeverse,MEME,BNB,0xE932902b2f8B7d4959A311b16B2672501C42b3F7,MEME.png
Wirtual,WIRTUAL,BNB,0xa19d3f4219e2ed6dc1cb595db20f70b8b6866734,WIRTUAL.png
Calvex,CLVX,BNB,0x30601d903b0d12ee26d27bd6607caa72c205cf7a,CLVX.png
BB Gaming,BB,BNB,0x688eC465111ed639267cB17C47E790c9cc7279c1,BB.png
CryptoMines Reborn,CRUX,BNB,0xe0191fEfdd0D2B39b1a2E4E029cCDA8A481b7995,CRUX.png
Cylum Finance,CYM,BNB,0x15ea6b8481bf1c991ac3dc8e67279d31651a56fe,CYM.png
TiraVerse,TVRS,BNB,0xE500aCdbd53a8fCbe2B01c0F9c2Ccc676D0Fc6F6,TVRS.png
LifeTime,LFT,BNB,0x981847116ca6104961929f6ece98bcd629082c74,LFT.png
Valas Finance,VALAS,BNB,0xb1ebdd56729940089ecc3ad0bbeeb12b6842ea6f,VALAS.png
Vitteey,VITY,BNB,0x311e85452ec46d03d056317b979d444ea717dc7e,VITY.png
MetaToll,TAX,BNB,0x5fe52cfc3390751f610075646bebfbca5e937ff7,TAX.png
Bitpaid Token,BTP,BNB,0x40f75ed09c7bc89bf596ce0ff6fb2ff8d02ac019,BTP.png
Zirve Coin,ZIRVE,BNB,0x4f7a1c4c1e89af01789dea1a81cdecabe203c8b8,ZIRVE.png
Frax Price Index,FPI,BNB,0x2Dd1B4D4548aCCeA497050619965f91f78b3b532,FPI.png
TipsyCoin,$TIPSY,BNB,0xe097bceb09bfb18047cf259f321cc129b7beba5e,$TIPSY.png
Zenc Coin,ZENC,BNB,0x55533be59de022d585a57e29539452d708d4a410,ZENC.png
Tom Coin,TMC,BNB,0x8f1fE4e6707CD4236b704759d2ee15166C68183a,TMC.png
Galaxy Heroes,GHC,BNB,0x9cb9478c5db5dae52d5af91737ff706f60195e45,GHC.png
HotMoon Token,HOTMOON,BNB,0xC1357d32Bf23fD5fE3280681a36755B6F150442e,HOTMOON.png
ELON BUYS TWITTER,EBT,BNB,0x9953c06De9be121D987c374Ea34deB37943ca326,EBT.png
Kyuubi,$KYUB,BNB,0x0e57f92cA47863DC201F1A9323cE2F4A3DA75b17,$KYUB.png
panKUKU,KUKU,BNB,0x84Fd7CC4Cd689fC021eE3D00759B6D255269D538,KUKU.png
Universal Store of Value,USV,BNB,0xaf6162DC717CFC8818eFC8d6f46a41Cf7042fCBA,USV.png
Yuse Token,YUSE,BNB,0x8526ff6bbd8a976127443b1ce451ca1044aa3ce2,YUSE.png
Numitor,NUMI,BNB,0xf0a87B50b721473C6390df396fAF3afbcD6ce02F,NUMI.png
ASIX+,ASIX+,BNB,0x2bf4be7c4520c41d012eb09a034179e03b898534,ASIX+.png
FIT Token,FIT,BNB,0x77922A521182a719A48ba650aC2A040269888888,FIT.png
StepG,STEPG,BNB,0x5e6d3bb496301ecdfa34fa1ed2d3bada250f0409,STEPG.png
Ezillion,EZI,BNB,0xca0c1c12466a57b26850b05a0ba2fb39f9763a0c,EZI.png
ShinobiVerse,SHINO,BNB,0x1532C74250DE406a83FEc3ACc8030Da4159e4cbB,SHINO.png
dexSHARE,DEXSHARE,BNB,0xf4914E6D97a75f014AcFcF4072f11be5CfFc4cA6,DEXSHARE.png
Galaxy Finance,GFT,BNB,0xE77932B1216125848e82C3967e75698362168f99,GFT.png
HyperOne,HOT,BNB,0xb15e296636cd8c447f0d2564ce4d7dfe4a72a910,HOT.png
OLOID,OLOID,BNB,0x0f6266a9e9214ea129d4a001e9541d643a34c772,OLOID.png
Metagamble,GAMBL,BNB,0x05050adb36eee77bbe56ea465b191d7c82881466,GAMBL.png
Yoda Coin Swap,JEDALS,BNB,0xA310017E40E687C8670D218E3c86a0d09786574F,JEDALS.png
LooksCoin,LOOK,BNB,0x73cba57ad8bc775a5345d9a0de2e90c74621d802,LOOK.png
Wateenswap,WTN,BNB,0x06082951EFDb5095E45e3C08cB103782645a2e69,WTN.png
The Debt Box,DEBT,BNB,0xc632f90affec7121120275610bf17df9963f181c,DEBT.png
Golden Sparrow,GSF,BNB,0x1fFefd272269090439613055db0042D3F509D379,GSF.png
Meta Apes,SHELL,BNB,0x208cfEc94d2BA8B8537da7A9BB361c6baAD77272,SHELL.png
OSK DAO,OSK-DAO,BNB,0xC5db5aFee4C55DfAD5F2b8226C6ac882E6956a0A,OSK-DAO.png
Lunatics,LUNAT,BNB,0x2A48eCe377b87ce941406657B9278b4459595E06,LUNAT.png
Betterment Digital,BEMD,BNB,0x50a53ad44590df1d6c9fcf257d6416e937e5ed4f,BEMD.png
Chihuahua Token,CHH,BNB,0x2fd6c9b869dea106730269e13113361b684f843a,CHH.png
Future Of Fintech,FOF,BNB,0xe8a8db73f7fb1ab5f05c619a8a631c8930c782ae,FOF.png
Telegram Inu,TINU,BNB,0x4aa22532e3e8b051eae48e60c58426c8553d5df5,TINU.png
Monsterra (MAG),MAG,BNB,0xd4c73fd18f732bc6ee9fb193d109b2eed815df80,MAG.png
LOGOS,LOG,BNB,0xf5ce0c13f9287d37adea719628821e4c20edaa2a,LOG.png
Shanum,SHAN,BNB,0x84CFc0427147026368C2aaC4f502d98aaC47eB48,SHAN.png
Coin98 Dollar,CUSD,BNB,0xfa4ba88cf97e282c505bea095297786c16070129,CUSD.png
NEWTOWNGAMING,NTG,BNB,0xa896928209881bcf9fc363210473bb10eb0c0a10,NTG.png
Iris Ecosystem,IRISTOKEN,BNB,0x7B9F36a2F331EcE03a7483D2713Cfd806f9bEef2,IRISTOKEN.png
Moonions,MOONION,BNB,0x9073B858a7CDF121E6bf8d1367e200e5d0cC0188,MOONION.png
SoccerInu,SOCCER,BNB,0xeb0ad54a88dc735e55f0d9b394c8cb6e46b62202,SOCCER.png
BAO,BAO,BNB,0x1b7cc2E9DfeAdc0AA3c283D727C50DF84558dA59,BAO.png
Hayya Qatar,HQR,BNB,0x215a79e1663c597D79721B2D1727041818Bd4BcA,HQR.png
Winterdog,WDOG,BNB,0x6ffcebb2f9360bc233cc0aa35d15b4999cd6af29,WDOG.png
NUTGAIN,NUTGV2,BNB,0xb149b030cfa47880af0bde4cd36539e4c928b3eb,NUTGV2.png
JackpotDoge,JPD,BNB,0x0627e7ee0d14fcdd2ff30d1563aebdbccec678be,JPD.png
Galaxy Finance,GLF,BNB,0xC8b44fc9e6B8FD806111A04b1f208A0087BAF9b1,GLF.png
MetaSetGO,MSGO,BNB,0x80D956943Ecf48b4f8dd761E95aF7e622A72F715,MSGO.png
ZFMCOIN,ZFM,BNB,0xce6b8B2787C657f1b98b7A66B5B63178863fd719,ZFM.png
Forever Burn,FBURN,BNB,0x3b2CB8B2A9BaF200142456C550A328E6C45c176B,FBURN.png
Jot Art,JOT,BNB,0xb2a1ca465cc250cdc16639e49be0d948e095febc,JOT.png
El Dorado Exchange,EDE,BNB,0x4136129Ac3aC90cF9817548b24D35E73E9457e05,EDE.png
Interport Token,ITP,BNB,0x2b1d36f5b61addaf7da7ebbd11b35fd8cfb0de31,ITP.png
Shibnobi(New),SHINJA,BNB,0x7DAc25b1A665e1c70F25F1fC37d88C99274984ed,SHINJA.png
Germany Rabbit Token,GERMANY,BNB,0xd9d0e3dd09c78930de4ac83856bd0af6d3dd2022,GERMANY.png
Lux King Tech,LKT,BNB,0xd966cc309898847ded8741deb877d16a7fae4d2c,LKT.png
ESPL ARENA,ARENA,BNB,0xCfFD4D3B517b77BE32C76DA768634dE6C738889B,ARENA.png
Meta Game City,MECI,BNB,0x98dE6123a56b1818fbfB48A8A7c75D2444c09946,MECI.png
Aussie Digital,AUD,BNB,0x372A26bd3b9A3a853Fbba211B65053705eE049B1,AUD.png
Fantaverse,UT,BNB,0x39dC1F91fee49C03a0Db558254707116101518bf,UT.png
GlieseCoin,GLC,BNB,0xcc780503E290274CFa8Da085528067E259DF58f0,GLC.png
Carmin,CARMIN,BNB,0x45db120EC518C93de66d7A7A01b6281b13b2dc7d,CARMIN.png
Metapioneers,MPI,BNB,0x82555Cc48a532Fa4e2194aB883eB6d465149F80E,MPI.png
Cats Coin,CTS,BNB,0xa5331BB3a3f1e1cB98ba8160176569AC0a80e61D,CTS.png
MaziMatic,MAZI,BNB,0x5b8650cd999b23cf39ab12e3213fbc8709c7f5cb,MAZI.png
StereoAI,STAI,BNB,0xebc148d40313be9c9f214d3beb9f2ddebec0ec52,STAI.png
MASHIDA,MSHD,BNB,0x06ce168ff4ca760768f42c440d4266ba705e2f21,MSHD.png
AmpleSwap (new),AMPLE,BNB,0x19857937848c02afbde8b526610f0f2f89e9960d,AMPLE.png
ALIF COIN,ALIF,BNB,0x967784950655b8e74a2d3d3503933f0015660074,ALIF.png
Dao Space,DAOP,BNB,0xAf7c3e578621aABAB184c706BAD94fFb1a2e0179,DAOP.png
Utility Web3Shot,UW3S,BNB,0x961e149db8bfbdb318c182152725ac806d7be3f4,UW3S.png
RakeIn,RAKE,BNB,0x4c8a3a1025ab87ef184cb7f0691a5a371fe783a6,RAKE.png
CyberHarbor,CHT,BNB,0x67d8e0080b612afae75a7f7229bfed3cdb998462,CHT.png
Kilopi,LOP,BNB,0x20B4620a767D6dCcBB9314104D5Cf0d08d1F7045,LOP.png
Jerry Inu,JERRY,BNB,0xdd6978F36c98AfF4287E5ac803C9CF1b865641F6,JERRY.png
DragonKing,DRAGONKING,BNB,0x11aC6aF070Fe1991a457c56FB85c577EFE57F0e4,DRAGONKING.png
BabySweep,BABYSWEEP,BNB,0x2c06d9093c069c31560622feeb236e75fc10f330,BABYSWEEP.png
CRED COIN PAY,CRED,BNB,0xFc76ba9157Ee5D079De8c1e969ee54096Aaa6C9c,CRED.png
Sell Token,SELLC,BNB,0xa645995e9801F2ca6e2361eDF4c2A138362BADe4,SELLC.png
Pepito BSC,PEPI,BNB,0xb2cb83e8e1b326373b7f1068d10c50ebfa04f070,PEPI.png
PEPE COIN BSC,PPC,BNB,0x9498c4383406A5bDD9100cFF3fE0B550A111dD3D,PPC.png
FryNetworks,FRY,BNB,0x08D54146050ED575775d5D8f9fCDB4c646f5B717,FRY.png
La Peseta,PTAS,BNB,0x991bb6093Fa735D27CD1444b2ad8FdD95876FeD5,PTAS.png
Bart Simpson Coin,BART,BNB,0x16e79e09b3b56bcbba83667aff88dc6ca727af2e,BART.png
EXATECH PoAI Blockchain,EXT,BNB,0x623be4fde518A00AC49a870bd439cfD5c35E08Ed,EXT.png
purple panda,PANDA,BNB,0xc9cfaf3441f57802cdf69c6577d28b7a97edbb5f,PANDA.png
Joey Inu,JOEY,BNB,0x8eef759dd4a7175286c470a9bf9c03e3b2a04741,JOEY.png
UTB.ai,UTBAI,BNB,0xB6D3E15ce111E9dDAE2B95cFE515A722E18CC125,UTBAI.png
RollerSwap,ROLS,BNB,0x86293467aA70a25B9918Ee4fb5Aa4A371e766718,ROLS.png
Puppets Coin,PUPPETS,BNB,0xdA2c0CDf7d764F8C587380CAdF7129E5eCb7Efb7,PUPPETS.png
Jasan Wellness,JW,BNB,0xaB785054251DB0fc44538F5DeeBE7507B748b692,JW.png
Pepe Grow,$PG,BNB,0xE72D0888b108d2FafF5714C28c493C48808DFe52,$PG.png
RocketXRP Official,RXO,BNB,0xEc5473aF618d475E130dCB47cC991D43677A54CD,RXO.png
Steakd,SDX,BNB,0x510AeB87665D3fCE5395a62045C5B7aE8990bf35,SDX.png
LUNCARMY,LUNCARMY,BNB,0x7ba1a5780Ce75a6998e0F65529393873A6D57cDA,LUNCARMY.png
Multi AI,MAI,BNB,0x1591e923e0836a3949b59637fbe8959f000894b9,MAI.png
Rage,RAGE,BNB,0x699060b76f0269c19171b4e193c0a792fa25cad7,RAGE.png
Archean,ARCH,BNB,0x78e38e507e7fe9a420181e75eaa899162f736edd,ARCH.png
Finance Token,FT TOKEN,BNB,0x624abe953139b26c934fdf4748ffebed5287f2d1,FT TOKEN.png
Ivy Live,IVY,BNB,0xB00052f9B6dF3C88c56451D54799c0848E0e3778,IVY.png
LOL coin,LOL,BNB,0x92F70aC0FF0550C047A818fdB5023Fc2199D1dfb,LOL.png
SelfToken,SELF,BNB,0xC45c56Bf1aaF119a3c266f97BB28BF19646d0B1D,SELF.png
EGOLD,EGOLD,BNB,0xBE76F927d274072266caDe09Daa54750cd4293a1,EGOLD.png
CV TOKEN,CVT,BNB,0x6A50A1f2fF0C5658815215b498f7aB003a783Dc7,CVT.png
Bull inu,BULLINU,BNB,0x5c084f871840cab6e613acca57264c7835d26709,BULLINU.png
BNB Tiger AI,AITIGER,BNB,0x12b2332b29257ad8f8004f568d7a419e2d2e55c8,AITIGER.png
Garuda Coin,GARU,BNB,0xddc357ACAe0cFF6d1421eF058661f0Ac8f2E22bf,GARU.png
CryptHub,CRHT,BNB,0x98d4c60dEEa495c94D50D162d331278658A6B681,CRHT.png
Streakk Chain,STKC,BNB,0xd18Dcd429c4c44B98242042cC35a3E03BfabDb08,STKC.png
QuantumXC,QXC,BNB,0x4d7b22f72fdcdfae8e34a0f1923efe908cf9db4b,QXC.png
Pin Token,PIN,BNB,0xB86126b872E3F23bC62D6A4a3152Ec65202a2073,PIN.png
LULU,LULU,BNB,0x6a97da9951ab920e087c6d12f464afbd2bf9fd14,LULU.png
AppleSwap AI,AP,BNB,0x0c59d2Dc24798Ff6869DE428aA931A862C4E9994,AP.png
Snaps,SNPS,BNB,0x933bCd9A03D350F040d2FE7e36d60A9C73d42EF5,SNPS.png
Iclick inu,ICLICK,BNB,0xc8C06a58E4ad7c01b9bb5Af6C76a7a1CfEBd0319,ICLICK.png
CuanSwap.com,CUAN,BNB,0x33Ddf4b5E19b7Cbe69410CFaA2B69aE1F9eBcAD8,CUAN.png
XSpace,XSP,BNB,0xbc2A152Ce36a76e3071CE221761E2445C1c496D4,XSP.png
Utility Cjournal,UCJL,BNB,0xf5355DdC7Ffbf7ca119BF3222cB0ECac2FbB4502,UCJL.png
ElonXAIDogeMessi69PepeInu,BITCOIN,BNB,0x5afa2959c98b030716f7c0a4d85e0b0e35f3791b,BITCOIN.png
KRYZA Network,KRN,BNB,0x8013d731f429b3ad418f5467f9f68285efd67ca7,KRN.png
TOKEN 2049,2049,BNB,0x33E0B24aaeA62500ca79D33e26EFe576BBf5baCF,2049.png
AISwap,AIS,BNB,0x8974769bcFc2715FcaBcfe4341BA4fcc804ABcd8,AIS.png
Alva,AA,BNB,0x99e6ca7e6c5c5aea22b4a992eb6895bc6d433298,AA.png
Froggy,FROGGY,BNB,0x4C561c1ef2109fc6b230304b114671F72820421B,FROGGY.png
Dogs Rock,DOGSROCK,BNB,0xbd4C4dc19F208cDA6caacadadC0BFF4cd975fA34,DOGSROCK.png
Weavers Token,VRS,BNB,0x7cd392a37a36152f5b3afe086a9832ad2ef8d145,VRS.png
Lucky7,7,BNB,0x7E8BAE727abC245181F7ABaD0A4445114c0ca987,7.png
Baby Luffy,BLF,BNB,0xe3b4f0fa9f7ac0b29b29bf94503c3016eb56876d,BLF.png
Venus AAVE,vAAVE,BNB,0x26DA28954763B92139ED49283625ceCAf52C6f94,vAAVE.png
Venus CAKE,vCAKE,BNB,0x86aC3974e2BD0d60825230fa6F355fF11409df5c,vCAKE.png
Venus MATIC,vMATIC,BNB,0x5c9476FcD6a4F9a3654139721c949c2233bBbBc8,vMATIC.png
Venus TRX,vTRX,BNB,0xC5D3466aA484B040eE977073fcF337f2c00071c1,vTRX.png
Venus TUSD,vTUSD,BNB,0xBf762cd5991cA1DCdDaC9ae5C638F5B5Dc3Bee6E,vTUSD.png
Venus UNI,vUNI,BNB,0x27FF564707786720C71A2e5c1490A63266683612,vUNI.png
DogePome,PME,BNB,0x320F6c1304e1a2a50A0fEbb62BA6a9700043d152,PME.png
Droggy,DROGGY,BNB,0x556ee4eab4fbf6ddc4c05285966fb839f424c8a8,DROGGY.png
Virtual X,VRL,BNB,0xa975Be9202cE26ddE8bcE29034bE42bcD4861E36,VRL.png
Memes vs Undead,MVU,BNB,0xF8bACadc39F2bfE86Df4c48a1e87c9aa89d7d018,MVU.png
Grok Moon,GROKMOON,BNB,0x6F3468588A57D5a631198532c6A3c693Cf512C5C,GROKMOON.png
BananaCoin,BANANA,BNB,0x084DeEa43349a1Ff65c84750cdd624769E680a4f,BANANA.png
MOMOJI,EMOJI,BNB,0xCb3Ae3099Dc997616b907CEFc9Af5c850a067a4B,EMOJI.png
DogeZilla,ZILLA,BNB,0x4Ace5CdB2aA47d1B2B8E4c4cA01BF6850A4b87B5,ZILLA.png
Baby Dragon,BABYDRAGON,BNB,0x222c1E86C78b4a1d9c57C120D18b584be2C65937,BABYDRAGON.png
King Bonk,KINGBONK,BNB,0x9059101E9c3B1ed5F778D6e88bA7d368f7dC9b57,KINGBONK.png
Lacostoken,LCSN,BNB,0xc47b0443f8608943c596168504bb6d4a062e0edc,LCSN.png
BitMinerX,BMX,BNB,0x9200ce9Cc03307e0D3a8da80DD0d416AEa3E7A8b,BMX.png
Baby Pepe Fork,BABYPORK,BNB,0x6cf278f71b4ebbfeecdb49d11373cb2c52d8e3f8,BABYPORK.png
King Trump,KINGTRUMP,BNB,0xbAB406695ba4Aed33ef64BBCc915AfEe2Af150c0,KINGTRUMP.png
BABY SAFEMOON,BSFM,BNB,0x23cd470179e3354BeD205F3F2382573712E938a9,BSFM.png
WOLF INU,WOLF INU,BNB,0x26c56187434A2b927218CD254FB0bf62d6786Ae7,WOLF INU.png
Ponke BNB,PONKE BNB,BNB,0xf116ad255b5260a4894611ed049731ffc1e60639,PONKE BNB.png
GreenGold,GNG,BNB,0x735f9Fd455bA15aB8E53aA3C4620c4297C8DF5C7,GNG.png
King Sora,KINGSORA,BNB,0xa93eba59e7fea232ffb9fdce18455f3f03d67676,KINGSORA.png
Jonny Five,JFIVE,BNB,0x845705db1623b8363a6d9813f33b73ec50cea0a2,JFIVE.png
EGGY,EGGY,BNB,0xe19c0ed160f27f3A1a004C4BD8971281Fa8d31ED,EGGY.png
Grow,GROW,BNB,0x1223334444A7466fBf985B14E1F4EdAf3883bCa6,GROW.png
GCCOIN,GCC,BNB,0x2D8269Dae518e78D95110dbFADf1fb479b8152e7,GCC.png
Lesbian Inu,LESBIAN,BNB,0x15a133bA390FfD210C13a03950F0D2dFe6E14B84,LESBIAN.png
TRUMP2024,TRUMP2024,BNB,0x3af2e6Ae5BD4ECfB3AAec87D5613a827299cBbEA,TRUMP2024.png
Monkecoin,MONKE,BNB,0xfce692762e907e80a061c01631d15ba7328eaaaa,MONKE.png
BOOK OF DOGE MEMES,BOMEDOGE,BNB,0xa0243CF95800A2f1358CaC08e6367c5aEF6bAB40,BOMEDOGE.png
AgoDefi,AGO,BNB,0xec91cc1c33d44fe13b42150d2f1dfbeb668aef2e,AGO.png
ZEDXION,ZEDX,BNB,0xca30e772e4Bd5F38ed775e6f8c57c6fFcb3c931f,ZEDX.png
MINO INU,MINO,BNB,0x130040f389CBBa91bb5c27dcEF0589FE38c5260D,MINO.png
Fuzzy Lucky,BSCM,BNB,0x96Ed4Db01218608e6C8A8d66C65BDF59601ee735,BSCM.png
ZedDex,ZED,BNB,0x5c999e15b71de2bb8e651f0f999fb0bc321a0dfe,ZED.png
MeMe,MEME,BNB,0x798362D8aA71A63cC6D30e9Eb77C82d488888888,MEME.png
CRUDE OIL BRENT (Zedcex),OIL,BNB,0xccE7162344Dc758e4715079C8Abc981dc72273B9,OIL.png
Diment Dollar,DD,BNB,0x71b3a0566f4BF80331D115D8026a7022bF670cCe,DD.png
Classic USDC,$USDC,BNB,0x7db54758503c25200b331131c219acd64cfa74c8,$USDC.png
NFsTay,STAY,BNB,0x7f14ce2a5df31ad0d2bf658d3840b1f7559d3ee0,STAY.png
Doge Grok,DOGEGROK,BNB,0x1a2662f7195d4a4636bf56868055d529937f8e10,DOGEGROK.png
UNIX,UNIX,BNB,0xFF54afb5a79f4AD11f8a3726cb98E4728b7b5E1F,UNIX.png
Hide Coin,HIDE,BNB,0xbc4d19d6ab09fafe720db304fac0e9ec941a932b,HIDE.png
Denarius,$MXD,BNB,0xdf1f7AdF59a178BA83f6140a4930cf3BEB7b73BF,$MXD.png
Tokuda,TKD,BNB,0xD79bc26c424bcB52eEc2708d224868c1499422C8,TKD.png
SocialPal,SPL,BNB,0x3b25C77A806bA3F014358180A99eD91cf5dbe694,SPL.png
Max Property,MPRO,BNB,0x83b37130B8F6A8eDD4e34C46A2FED1Ac281bFb05,MPRO.png
Tonken 314 DAO,314DAO,BNB,0xbf1f246c913b3d4f2fda290f9507357c03fc91cf,314DAO.png
TrumpMAGA,$TRUMAGA,BNB,0x328ea6e5ba4cc4b58799f2aec3d8ba839f4314ba,$TRUMAGA.png
TDAN,TDAN,BNB,0xf1a9508210e3471e3730ca75625109482c95d202,TDAN.png
IQ Global,IQT,BNB,0x93425E1324E3FEA144579ED40BBADF8B481C944a,IQT.png
UbitEx,UB,BNB,0x697F883b7E84ea84E0880ABC80b6a5bdF7DaA5e0,UB.png
SHIRO,SHO,BNB,0x214666c2da7992152fd0b868C9568F3C430F3b50,SHO.png
Black Sale,BLACKSALE,BNB,0x2Fd1Fa4395399F59fC1CEA7cd9C4C67eaC267422,BLACKSALE.png
EYE Network,EYE,BNB,0xE9a97602Ea2985634032a6dFE8a391F7124328F1,EYE.png
wat,WAT,BNB,0x0B1d4c430dE9fC309e38826729aC9cfF7070d0A5,WAT.png
BONK INU,BONKINU,BNB,0x0e9DBAFed28b26bc71eC56D6D51883461B802Fb2,BONKINU.png
Cat Life,CATLIFE,BNB,0x555a29d0e0e00d573a63fb11dc37b61a9da52f86,CATLIFE.png
Black Myth WuKong,WUKONG,BNB,0x747Ca1679F39618C084873da9fF7a90583a03797,WUKONG.png
Squid Game 2,SQUID2,BNB,0xcCEc75fB31f2a0E22953a4ba401302540122b94c,SQUID2.png
Blombard,BLM,BNB,0xA82D8d81557f6Da6dd4DDAD9f09a417530cfd4e7,BLM.png
Meme Lordz,$LORDZ,BNB,0x7bB5c17a9889FdE42c4C95A937F7D387B8Bcd409,$LORDZ.png
BIC,BIC,BNB,0x8A452Daaf59F79fD511484B5Ce9474E32DD189ce,BIC.png
cate,CATE,BNB,0xa7c29b7630d6cc41a10f8e85a1fa17d6bdeb000f,CATE.png
Matrix SmartChain,MSC,BNB,0x6e7573e492f31107ef98029276922854e919ca28,MSC.png
Anatolia Token,ANDX,BNB,0xaA511912C76de2F2b0Cf99a7CCF1BE88705F98Cb,ANDX.png
MOONBIX MEME,MOONBIX,BNB,0x1570d8d2f952a1fd4dc2ae115cbe5ffb407728fb,MOONBIX.png
CHANGPENG ZHAO (changpengzhao.club),CZ,BNB,0x30040A4Fc9dd512A8083817ED2587Cceeb1720Bb,CZ.png
NinjaCat,NINJACAT,BNB,0xad96712A6BdFd4123351C6738B2e6dB0Ba28f306,NINJACAT.png
Slavi Coin,SLV,BNB,0x187d0bf09572b10c89e717b9473e07a5a157855a,SLV.png
Baby Czhao,BABY CZHAO,BNB,0x74D7d34DfE7B5E6A437823E7f38A6Fb87c55A879,BABY CZHAO.png
PICOLO,PICOLO,BNB,0x03FCbD8dfE53191422C4302F14Ad11AD1db61418,PICOLO.png
Blynex,BX,BNB,0xFA3a42aD2260135538e4AEf265bd2bcCF7f1D179,BX.png
Baby Maga,BABYMAGA,BNB,0xA20d4d64db3be56D3a02F11C407a403164ee3456,BABYMAGA.png
GicSportsNetwork,GIC,BNB,0x248430019224E4479588B3161aF49ee44155D450,GIC.png
usdx.money (Staked USDX),SUSDX,BNB,0x7788a3538c5fc7f9c7c8a74eac4c898fc8d87d92,SUSDX.png
Data Trade Token,DTT,BNB,0x93B170D1CBA63a22f97AC7AAf014077fFE74B0BB,DTT.png
Chikochain,WCHK,BNB,0xbBC2839651192586a5b651F7268FCf3dF37D4f52,WCHK.png
CAT MOJI,CATMOJI,BNB,0xD3600baEfb55e10267C1428FcF640B74aEac6889,CATMOJI.png
Baby Koma,BABYKOMA,BNB,0x1d7197177E5EF70A59B92A5Af57A36986e5FD548,BABYKOMA.png
Madonna del Gatto,GATTO,BNB,0x8B4C03308579A0C4166b44F84565D97378303247,GATTO.png
Gabby,GABBY,BNB,0xe74C8CF6C4374cE73Bb87Ceb5b3968fA7409b623,GABBY.png
First Entrance Coin,FEC,BNB,0x319168bBCCEaBfC810627701588FcF60fD95CDE8,FEC.png
Ceranos Finance,CRS,BNB,0x3E51783FEf3Cb3e807cff7Fcb660d3e51c6127F6,CRS.png
Rhino Ninja,RHINO,BNB,0xb90075beb28c02D322E24BE3B979ecb6497f35d6,RHINO.png
Baby Snake BSC,BABYSNAKE,BNB,0xD97FDDD8ba62a632E2Dc5e93a6cf3194C47AECDf,BABYSNAKE.png
Tentum,USD.T,BNB,0x79b9316D3Fb45273b19cFB570AA144999d896f4E,USD.T.png
WETH,WETH,BNB,0x4DB5a66E937A9F4473fA95b1cAF1d1E1D62E29EA,WETH.png
Bitcoin BEP2,BTCB,BNB,0x7130d2a12b9bcbfae4f2634d864a1ee1ce3ead9c,BTCB.png
Bitcoin BEP2,BTCB,BNB,BTCB-1DE,BTCB.png
Wrapped BNB,WBNB,BNB,0xbb4CdB9CBd36B01bD1cBaEBF2De08d9173bc095c,WBNB.png
Wrapped BNB,WBNB,BNB,0x4200000000000000000000000000000000000006,WBNB.png
Venus USDT,vUSDT,BNB,0xfD5840Cd36d94D7229439859C0112a4185BC0255,vUSDT.png
Venus BNB,vBNB,BNB,0xA07c5b74C9B40447a954e1466938b865b6BBea36,vBNB.png
Venus BTC,vBTC,BNB,0x882C173bC7Ff3b7786CA16dfeD3DFFfb9Ee7847B,vBTC.png
Beacon ETH,BETH,BNB,0x250632378e573c6be1ac2f97fcdf00515d0aa91b,BETH.png
Wrapped Fantom,WFTM,BNB,0xad29abb318791d579433d831ed122afeaf29dcfe,WFTM.png
Wrapped Fantom,WFTM,BNB,FTM-A64,WFTM.png
Wrapped Solana,SOL,BNB,0x570a5d26f7765ecb712c0924e4de545b89fd43df,SOL.png
Frax Staked Ether,SFRXETH,BNB,0x3Cd55356433C89E50DC51aB07EE0fa0A95623D53,SFRXETH.png
Wrapped Beacon ETH,WBETH,BNB,0xa2E3356610840701BDf5611a53974510Ae27E2e1,WBETH.png
Lista Staked BNB,slisBNB,BNB,0xB0b84D294e0C75A6abe60171b70edEb2EFd14A1B,slisBNB.png
Wrapped eETH,weETH,BNB,0x04C0599Ae5A44757c0af6F9eC3b93da8976c150A,weETH.png
Ethena Staked USDe,sUSDe,BNB,0x211cc4dd073734da055fbf44a2b4667d5e5fe5d2,sUSDe.png
Renzo Restaked ETH,EZETH,BNB,0x2416092f143378750bb29b79eD961ab195CcEea5,EZETH.png
Wrapped Zedxion,WZEDX,BNB,0x567556A7493FB7a22d2fd158Dd4C766a98705f96,WZEDX.png
BounceBit BTC,BBTC,BNB,0xF5e11df1ebCf78b6b6D26E04FF19cD786a1e81dC,BBTC.png
pumpBTC,PUMPBTC,BNB,0xf9C4FF105803A77eCB5DAE300871Ad76c2794fa4,PUMPBTC.png
clisBNB,clisBNB,BNB,0x4b30fcAA7945fE9fDEFD2895aae539ba102Ed6F6,clisBNB.png
SolvBTC.BBN,SolvBTC.BBN,BNB,0x1346b618dc92810ec74163e4c27004c921d446a5,SolvBTC.BBN.png
SolvBTC,SolvBTC,BNB,0x4aae823a6a0b376De6A78e74eCC5b079d38cBCf7,SolvBTC.png
Lombard Staked BTC,LBTC,BNB,0xecac9c5f704e954931349da37f60e39f515c11c1,LBTC.png
Venus USDC,vUSDC,BNB,0xeca88125a5adbe82614ffc12d0db554e2e2867c8,vUSDC.png
Venus ETH,vETH,BNB,0xf508fCD89b8bd15579dc79A6827cB4686A3592c8,vETH.png
Ankr Staked ETH,ankrETH,BNB,0xe05a08226c49b636acf99c40da8dc6af83ce5bb3,ankrETH.png
Wrapped Matic,WMATIC,BNB,0xc836d8dC361E44DbE64c4862D55BA041F88Ddd39,WMATIC.png
renBTC,RENBTC,BNB,0xfce146bf3146100cfe5db4129cf6c82b0ef4ad8c,RENBTC.png
Venus XVS,vXVS,BNB,0x151B1e2635A717bcDc836ECd6FbB62B674FE3E1D,vXVS.png
Balanced Dollar,bnUSD,BNB,0xc65132325bD4FcF2Ec5F3a9375487163B6999206,bnUSD.png
Wrapped Harmony,WONE,BNB,0x03fF0ff224f904be3118461335064bB48Df47938,WONE.png
Wrapped EGLD,WEGLD,BNB,0xbf7c81fff98bbe61b40ed186e4afd6ddd01337fe,WEGLD.png
Axelar Wrapped USDC,axlUSDC,BNB,0x4268B8F0B87b6Eae5d897996E6b845ddbD99Adf3,axlUSDC.png
Wrapped Alvey Chain,WALV,BNB,0x256D1fCE1b1221e8398f65F9B36033CE50B2D497,WALV.png
Wrapped Pi,WPI,BNB,0x4c2f66dc540eb6a87a7acbbe6d30d16849650884,WPI.png
Ankr Staked BNB,ankrBNB,BNB,0x52F24a5e03aee338Da5fd9Df68D2b6FAe1178827,ankrBNB.png
Ankr Staked BNB,ankrBNB,BNB,0x0c0efea731e3e9810c2b4822d5497eac107808ab,ankrBNB.png
Wrapped Kaspa,WKAS,BNB,0x51e72dd1f2628295cc2ef931cb64fdbdc3a0c599,WKAS.png
Astherus Staked CAKE,asCAKE,BNB,0x9817F4c9f968a553fF6caEf1a2ef6cF1386F16F7,asCAKE.png
pTokens BTC,pBTC,BNB,0xeD28A457A5A76596ac48d87C0f577020F6Ea1c4C,pBTC.png
Venus SXP,vSXP,BNB,0x2ff3d0f6990a40261c66e1ff2017acbc282eb6d0,vSXP.png
Wrapped PKT,WPKT,BNB,0x1C25222994531C4AC35E4d94bbf7552c9aa92E32,WPKT.png
Wrapped Rose,wROSE,BNB,0x6c6D604D3f07aBE287C1A3dF0281e999A83495C0,wROSE.png
Ankr Staked MATIC,ankrMATIC,BNB,0x738d96Caf7096659DB4C1aFbf1E1BDFD281f388C,ankrMATIC.png
teleBTC,TELEBTC,BNB,0xC58C1117DA964aEbe91fEF88f6f5703e79bdA574,TELEBTC.png
Yieldnest Restaked BNB,ynBNB,BNB,0x304B5845b9114182ECb4495Be4C91a273b74B509,ynBNB.png
Merlin Chain (M-BTC),M-BTC,BNB,0x9BFA177621119e64CecbEabE184ab9993E2ef727,M-BTC.png
ynBNB Max,ynBNBx,BNB,0x32C830f5c34122C6afB8aE87ABA541B7900a2C5F,ynBNBx.png
YieldNest Restaked BTC - Kernel,ynBTCk,BNB,0x78839cE14a8213779128Ee4da6D75E1326606A56,ynBTCk.png
Tether USDt,USDT,MATIC,0xc2132d05d31c914a87c6611c10748aeb04b58e8f,USDT.png
Tether USDt,USDT,MATIC,0x1e4a5963abfd975d8c9021ce480b42188849d41d,USDT.png
Chainlink,LINK,MATIC,0x53e0bca35ec356bd5dddfebbd1fc0fd03fabad39,LINK.png
USDC,USDC,MATIC,0x3c499c542cEF5E3811e1192ce70d8cC03d5c3359,USDC.png
USDC,USDC,MATIC,0xa8ce8aee21bc2a48a5ef670afcc9274c7bbbc035,USDC.png
Dai,DAI,MATIC,0x8f3Cf7ad23Cd3CaDbD9735AFf958023239c6A063,DAI.png
Render,RENDER,MATIC,0x61299774020dA444Af134c82fa83E3810b309991,RENDER.png
MANTRA,OM,MATIC,0xc3ec80343d2bae2f8e680fdadde7c17e71e114ea,OM.png
Uniswap,UNI,MATIC,0xb33eaad8d922b1083446dc23f610c2567fb5180f,UNI.png
Aave,AAVE,MATIC,0xd6df932a45c0f255f85145f286ea0b292b21c90b,AAVE.png
Nexo,NEXO,MATIC,0x41b3966b4ff7b427969ddf5da3627d6aeae9a48e,NEXO.png
Cosmos,ATOM,MATIC,0xac51C4c48Dc3116487eD4BC16542e27B5694Da1b,ATOM.png
The Sandbox,SAND,MATIC,0xbbba073c31bf03b8acf7c28ef0738decf3695683,SAND.png
Curve DAO Token,CRV,MATIC,0x172370d5Cd63279eFa6d502DAB29171933a610AF,CRV.png
PancakeSwap,CAKE,MATIC,0x0D1E753a25eBda689453309112904807625bEFBe,CAKE.png
Bonk,BONK,MATIC,0xe5b49820e5a1063f6f4ddf851327b5e8b2301048,BONK.png
Synthetix,SNX,MATIC,0x50b728d8d964fd00c2d0aad81718b71311fef68a,SNX.png
Polygon,MATIC,MATIC,0x0000000000000000000000000000000000001010,MATIC.png
Polygon,MATIC,MATIC,0xa2036f0538221a77a3937f1379699f44945018d0,MATIC.png
Terra Classic,LUNC,MATIC,0x9cd6746665D9557e1B9a775819625711d0693439,LUNC.png
Kava,KAVA,MATIC,0x87D32F2C0A3D6D091772890C81E321026454a125,KAVA.png
SuperVerse,SUPER,MATIC,0xa1428174f516f527fafdd146b883bb4428682737,SUPER.png
Axelar,AXL,MATIC,0x6e4E624106Cb12E168E6533F8ec7c82263358940,AXL.png
LayerZero,ZRO,MATIC,0x6985884c4392d348587b19cb9eaaf157f13271cd,ZRO.png
Golem,GLM,MATIC,0x0B220b82F3eA3B7F6d9A1D8ab58930C064A2b5Bf,GLM.png
Ankr,ANKR,MATIC,0x101a023270368c0d50bffb62780f4afd4ea79c35,ANKR.png
Ankr,ANKR,MATIC,0xdf474b7109b73b7d57926d43598d5934131136b2,ANKR.png
SushiSwap,SUSHI,MATIC,0x0b3f868e0be5597d5db7feb59e1cadbb0fdda50a,SUSHI.png
WOO,WOO,MATIC,0x1B815d120B3eF02039Ee11dC2d33DE7aA4a8C603,WOO.png
Mask Network,MASK,MATIC,0x2b9e7ccdf0f4e5b24757c1e1a80e311e34cb10c7,MASK.png
Telcoin,TEL,MATIC,0xdf7837de1f2fa4631d716cf2502f8b230f1dcc32,TEL.png
Frax,FRAX,MATIC,0x45c32fA6DF82ead1e2EF74d17b76547EDdFaFF89,FRAX.png
Frax,FRAX,MATIC,0xff8544fed5379d9ffa8d47a74ce6b91e632ac44d,FRAX.png
GMT,GMT,MATIC,0x714DB550b574b3E927af3D93E26127D15721D4C2,GMT.png
Ontology,ONT,MATIC,0xD4814770065F634003A8d8D70B4743E0C3f334ad,ONT.png
IoTeX,IOTX,MATIC,0xf6372cdb9c1d3674e83842e3800f2a62ac9f3c66,IOTX.png
Flux,FLUX,MATIC,0xA2bb7A68c46b53f6BbF6cC91C865Ae247A82E99B,FLUX.png
GoldPro Token,GPRO,MATIC,0xACe7eb41D6BAd44907cdA84A122F052c74cB7826,GPRO.png
IQ,IQ,MATIC,0xB9638272aD6998708de56BBC0A290a1dE534a578,IQ.png
Balancer,BAL,MATIC,0x9a71012b13ca4d3d0cdc72a177df3ef03b0e76a3,BAL.png
ZIGChain,ZIG,MATIC,0x7bebd226154e865954a87650faefa8f485d36081,ZIG.png
Open Campus,EDU,MATIC,0xb03e3b00baf9954bf1604d09a4dbd5cf88e1f695,EDU.png
BLOCKv,VEE,MATIC,0xf1c1a3c2481a3a8a3f173a9ab5ade275292a6fa3,VEE.png
Orbs,ORBS,MATIC,0x614389eaae0a6821dc49062d56bda3d9d45fa2ff,ORBS.png
Tellor,TRB,MATIC,0xE3322702BEdaaEd36CdDAb233360B939775ae5f1,TRB.png
Cartesi,CTSI,MATIC,0x2727Ab1c2D22170ABc9b595177B2D5C6E1Ab7B7B,CTSI.png
TerraClassicUSD,USTC,MATIC,0x692597b009d13C4049a947CAB2239b7d6517875F,USTC.png
Dogelon Mars,ELON,MATIC,0xe0339c80ffde91f3e20494df88d4206d86024cdf,ELON.png
Yield Guild Games,YGG,MATIC,0x82617aA52dddf5Ed9Bb7B370ED777b3182A30fd1,YGG.png
Satoshi Airline,JET,MATIC,0xb02ef03245fc7df987bbd876768e6d441b7099b6,JET.png
dForce,DF,MATIC,0x08C15FA26E519A78a666D19CE5C646D55047e0a3,DF.png
Vanar Chain,VANRY,MATIC,0x8DE5B80a0C1B02Fe4976851D030B36122dbb8624,VANRY.png
Vulcan Forged (PYR),PYR,MATIC,0x430EF9263E76DAE63c84292C3409D61c598E9682,PYR.png
Kyber Network Crystal v2,KNC,MATIC,0x1c954e8fe737f99f68fa1ccda3e51ebdb291948c,KNC.png
Coin98,C98,MATIC,0x77f56cf9365955486b12c4816992388ee8606f0e,C98.png
Synapse,SYN,MATIC,0xf8f9efc0db77d8881500bb06ff5d6abc3070e695,SYN.png
Artificial Liquid Intelligence,ALI,MATIC,0xbfc70507384047aa74c29cdc8c5cb88d0f7213ac,ALI.png
Autonolas,OLAS,MATIC,0xFEF5d947472e72Efbb2E388c730B7428406F2F95,OLAS.png
Request,REQ,MATIC,0xb25e20de2f2ebb4cffd4d16a55c7b395e8a94762,REQ.png
inSure DeFi,SURE,MATIC,0xF88332547c680F755481Bf489D890426248BB275,SURE.png
Bella Protocol,BEL,MATIC,0x28c388fb1f4fa9f9eb445f0579666849ee5eeb42,BEL.png
SmarDex,SDEX,MATIC,0x6899face15c14348e1759371049ab64a3a06bfa6,SDEX.png
ARPA,ARPA,MATIC,0xee800b277a96b0f490a1a732e1d6395fad960a26,ARPA.png
BUSD,BUSD,MATIC,0x9C9e5fD8bbc25984B178FdCE6117Defa39d2db39,BUSD.png
Stargate Finance,STG,MATIC,0x2f6f07cdcf3588944bf4c42ac74ff24bf56e7590,STG.png
GEODNET,GEOD,MATIC,0xAC0F66379A6d7801D7726d5a943356A172549Adb,GEOD.png
Osaka Protocol,OSAK,MATIC,0x11cd72f7A4B699c67f225ca8aBb20bC9F8DB90c7,OSAK.png
Stader,SD,MATIC,0x1d734A02eF1e1f5886e66b0673b71Af5B53ffA94,SD.png
Nakamoto Games,NAKA,MATIC,0x311434160d7537be358930def317afb606c0d737,NAKA.png
Gains Network,GNS,MATIC,0xE5417Af564e4bFDA1c483642db72007871397896,GNS.png
ViciCoin,VCNT,MATIC,0x8a16D4bF8A0a716017e8D2262c4aC32927797a2F,VCNT.png
OX Coin,OX,MATIC,0xba0Dda8762C24dA9487f5FA026a9B64b695A07Ea,OX.png
DEAPcoin,DEP,MATIC,0xd0ee109352c6116db0f17f4aa8519cdbfc7e7887,DEP.png
Automata Network,ATA,MATIC,0x0df0f72ee0e5c9b7ca761ecec42754992b2da5bf,ATA.png
Orderly Network,ORDER,MATIC,0x4E200fE2f3eFb977d5fd9c430A41531FB04d97B8,ORDER.png
Enzyme,MLN,MATIC,0xa9f37d84c856fda3812ad0519dad44fa0a3fe207,MLN.png
Telos,TLOS,MATIC,0x193f4A4a6ea24102F49b931DEeeb931f6E32405d,TLOS.png
Ethernity Chain,ERN,MATIC,0x0E50BEA95Fe001A370A4F1C220C49AEdCB982DeC,ERN.png
Unizen,ZCX,MATIC,0xdd75542611d57c4b6e68168b14c3591c539022ed,ZCX.png
Forta,FORT,MATIC,0x9ff62d1fc52a907b6dcba8077c2ddca6e6a9d3e1,FORT.png
BIM,BIM,MATIC,0xe78649874bcDB7a9D1666E665F340723a0187482,BIM.png
Streamr,DATA,MATIC,0x3a9A81d576d83FF21f26f325066054540720fC34,DATA.png
Aavegotchi,GHST,MATIC,0x385eeac5cb85a38a9a07a70c73e0a3271cfb54a7,GHST.png
Shapeshift FOX Token,FOX,MATIC,0x65A05DB8322701724c197AF82C9CaE41195B0aA8,FOX.png
XSGD,XSGD,MATIC,0xDC3326e71D45186F113a2F448984CA0e8D201995,XSGD.png
DIMO,DIMO,MATIC,0xE261D618a959aFfFd53168Cd07D12E37B26761db,DIMO.png
EarthMeta,EMT,MATIC,0x708383ae0e80E75377d664E4D6344404dede119A,EMT.png
Gelato,GEL,MATIC,0x15b7c0c907e4c6b9adaaaabc300c08991d6cea05,GEL.png
Boson Protocol,BOSON,MATIC,0x9B3B0703D392321AD24338Ff1f846650437A43C9,BOSON.png
Voxies,VOXEL,MATIC,0xd0258a3fd00f38aa8090dfee343f10a9d4d30d3f,VOXEL.png
MiraclePlay,MPT,MATIC,0x87d6F8eDECcbCcA766D2880D19b2C3777D322C22,MPT.png
AdEx,ADX,MATIC,0xdDa7b23D2D72746663E7939743f929a3d85FC975,ADX.png
Adshares,ADS,MATIC,0x598e49f01befeb1753737934a5b11fea9119c796,ADS.png
Suku,SUKU,MATIC,0x60Ea918FC64360269Da4efBDA11d8fC6514617C6,SUKU.png
Harvest Finance,FARM,MATIC,0x176f5AB638cf4Ff3B6239Ba609C3fadAA46ef5B0,FARM.png
QuickSwap [Old],QUICK,MATIC,0x831753DD7087CaC61aB5644b308642cc1c33Dc13,QUICK.png
NEOPIN,NPT,MATIC,0x306ee01a6bA3b4a8e993fA2C1ADC7ea24462000c,NPT.png
Nexera,NXRA,MATIC,0x644192291cc835a93d6330b24ea5f5fedd0eef9e,NXRA.png
Quickswap [New],QUICK,MATIC,0xb5c064f955d8e7f38fe0460c556a72987494ee17,QUICK.png
Quickswap [New],QUICK,MATIC,0x68286607a1d43602d880d349187c3c48c0fd05e6,QUICK.png
Aki Network,AKI,MATIC,0x1a7e49125a6595588c9556f07a4c006461b24545,AKI.png
Rupiah Token,IDRT,MATIC,0x554cd6bdD03214b10AafA3e0D4D42De0C5D2937b,IDRT.png
Kava Lend,HARD,MATIC,0x8bdC1239840D4a0DB234F2E7D65dF83164D18e49,HARD.png
Polytrade,TRADE,MATIC,0x692AC1e363ae34b6B489148152b12e2785a3d8d6,TRADE.png
ParaSwap,PSP,MATIC,0x42d61d766b85431666b39b89c43011f24451bff6,PSP.png
crow with knife,CAW,MATIC,0xbbBBbBbBB7949dcC7d1539c91b81A5BF09E37bDB,CAW.png
My Lovely Planet,MLC,MATIC,0x0566C506477cD2d8dF4e0123512dBc344bD9D111,MLC.png
Matr1x,MAX,MATIC,0xbEd0B9240bdbcC8e33f66d2ca650A5Ef60a5bAb0,MAX.png
TrustSwap,SWAP,MATIC,0x3809dcdd5dde24b37abe64a5a339784c3323c44f,SWAP.png
UniLend,UFT,MATIC,0x5b4cf2c120a9702225814e18543ee658c5f8631e,UFT.png
VAIOT,VAI,MATIC,0xD13cfD3133239a3c73a9E535A5c4DadEE36b395c,VAI.png
Kasta,KASTA,MATIC,0x235737dbb56e8517391473f7c964db31fa6ef280,KASTA.png
Volt Inu,VOLT,MATIC,0x7f792db54b0e580cdc755178443f0430cf799aca,VOLT.png
Creta World,CRETA,MATIC,0x202655af326de310491cb54f120e02ee0da92b55,CRETA.png
PAW,PAW,MATIC,0xc11158c5dA9db1D553ED28f0C2BA1CbEDD42CFcb,PAW.png
Peercoin,PPC,MATIC,0x91E7E32C710661C44ae44D10Aa86135d91C3Ed65,PPC.png
Chrono.tech,TIME,MATIC,0xb970Bc1BD4fCD639c37aa8eFD6713eaDc577252f,TIME.png
Graphlinq Chain,GLQ,MATIC,0x0cfc9a713a5c17bc8a5ff0379467f6558bacd0e0,GLQ.png
bitsCrunch,BCUT,MATIC,0x3fb83A9A2c4408909c058b0BfE5B4823f54fAfE2,BCUT.png
Bloktopia,BLOK,MATIC,0x229b1b6c23ff8953d663c4cbb519717e323a0a84,BLOK.png
LeisureMeta,LM,MATIC,0xb2d3Edf61B27ab28288D8c760fa686Be084ff526,LM.png
Farcana,FAR,MATIC,0x5F32AbeeBD3c2fac1E7459A27e1AE9f1C16ccccA,FAR.png
Sentinel,DVPN,MATIC,0x973B5bd321aD6044ebc4e40e1C9AF163d17170Ca,DVPN.png
WazirX,WRX,MATIC,0x72d6066F486bd0052eefB9114B66ae40e0A6031a,WRX.png
UNCX Network,UNCX,MATIC,0x9eecd634c7a934f752af0eb90dda9ecc262f199f,UNCX.png
Multichain,MULTI,MATIC,0x9Fb9a33956351cf4fa040f65A13b835A3C8764E3,MULTI.png
VNX Swiss Franc,VCHF,MATIC,0xcdb3867935247049e87c38ea270edd305d84c9ae,VCHF.png
WiFi Map,WIFI,MATIC,0xe238ecb42c424e877652ad82d8a939183a04c35f,WIFI.png
Matr1x Fire,FIRE,MATIC,0x838C9634dE6590B96aEadC4Bc6DB5c28Fd17E3C2,FIRE.png
Worldwide USD,WUSD,MATIC,0x7Cd017ca5ddb86861FA983a34b5F495C6F898c41,WUSD.png
OVR,OVR,MATIC,0x1631244689ec1fecbdd22fb5916e920dfc9b8d30,OVR.png
Arianee,ARIA20,MATIC,0x46f48fbdedaa6f5500993bede9539ef85f4bee8e,ARIA20.png
zkRace,ZERC,MATIC,0xE1b3eb06806601828976e491914e3De18B5d6b28,ZERC.png
Tarot,TAROT,MATIC,0xb092e1BF50f518b3Ebf7eD26A40015183aE36AC2,TAROT.png
Swarm Markets,SMT,MATIC,0xE631DABeF60c37a37d70d3B4f812871df663226f,SMT.png
Vyvo Coin,VSC,MATIC,0xcDf937995A55a9AB551D81b463AC0f7F02795368,VSC.png
dHedge DAO,DHT,MATIC,0x8c92e38eca8210f4fcbf17f0951b198dd7668292,DHT.png
NFT Worlds,WRLD,MATIC,0xD5d86FC8d5C0Ea1aC1Ac5Dfab6E529c9967a45E9,WRLD.png
SwissCheese,SWCH,MATIC,0x3ce1327867077b551ae9a6987bf10c9fd08edce1,SWCH.png
Verified USD,USDV,MATIC,0x323665443CEf804A3b5206103304BD4872EA4253,USDV.png
Soil,SOIL,MATIC,0x43C73b90E0C2A355784dCf0Da12f477729b31e77,SOIL.png
Mysterium,MYST,MATIC,0x1379E8886A944d2D9d440b3d88DF536Aea08d9F3,MYST.png
ICHI,ICHI,MATIC,0x111111517e4929d3dcbdfa7cce55d30d4b6bc4d6,ICHI.png
XCAD Network,XCAD,MATIC,0xa55870278d6389ec5b524553d03c04f5677c061e,XCAD.png
Rainbow Token,RBW,MATIC,0x431cd3c9ac9fc73644bf68bf5691f4b83f9e104f,RBW.png
Lovely Finance [New],LOVELY,MATIC,0x00560E906B7C73eE2D18EBFd191591A83aE27eA0,LOVELY.png
Obyte,GBYTE,MATIC,0xAB5F7a0e20b0d056Aed4Aa4528C78da45BE7308b,GBYTE.png
IRISnet,IRIS,MATIC,0x3dc6052a693E4a2fc28Eb2Ea12fe0CfD3BD221D1,IRIS.png
Banano,BAN,MATIC,0xe20b9e246db5a0d21bf9209e4858bc9a3ff7a034,BAN.png
Push Protocol,PUSH,MATIC,0x58001cC1A9E17A20935079aB40B1B8f4Fc19EFd1,PUSH.png
Landshare,LAND,MATIC,0xC03E6ad83dE7C58c9166fF08D66B960d78e64105,LAND.png
Swash,SWASH,MATIC,0xbA3CB8329D442E6F9Eb70fafe1E214251df3D275,SWASH.png
BADMAD ROBOTS,METAL,MATIC,0x200C234721b5e549c3693CCc93cF191f90dC2aF9,METAL.png
Nya,NYA,MATIC,0x38F9bf9dCe51833Ec7f03C9dC218197999999999,NYA.png
SelfKey,KEY,MATIC,0x32dC2dD3C2bE453a369625e6Fe0E438aeD814919,KEY.png
Nash,NEX,MATIC,0xA486c6BC102f409180cCB8a94ba045D39f8fc7cB,NEX.png
Fuse,FUSE,MATIC,0x6b021b3f68491974be6d4009fee61a4e3c708fd6,FUSE.png
HAPI Protocol,HAPI,MATIC,0xbe276e3d5060b0e770fe0260bb6be94ac19b4b19,HAPI.png
Netvrk,NETVR,MATIC,0x3558887f15b5b0074dC4167761DE14A6DFcb676e,NETVR.png
Cipher,CPR,MATIC,0xaa404804ba583c025fa64c9a276a6127ceb355c6,CPR.png
GensoKishi Metaverse,MV,MATIC,0xA3c322Ad15218fBFAEd26bA7f616249f7705D945,MV.png
Verse,VERSE,MATIC,0xc708d6f2153933daa50b2d0758955be0a93a8fec,VERSE.png
Port3 Network,PORT3,MATIC,0xb4357054c3da8d46ed642383f03139ac7f090343,PORT3.png
Rain Coin,RAIN,MATIC,0x8E677CA17065eD74675BC27bCaBadB7Eef10A292,RAIN.png
CryptoTradingFund,CTF,MATIC,0x7B3bD12675c6B9d6993eB81283cb68E6eB9260b5,CTF.png
Ispolink,ISP,MATIC,0x1e289178612f5b6d32f692e312dcf783c74b2162,ISP.png
Medieval Empires,MEE,MATIC,0xEB7eaB87837f4Dad1bb80856db9E4506Fc441f3D,MEE.png
QuadrantProtocol,EQUAD,MATIC,0xDAB625853c2B35D0a9C6bD8e5a097a664ef4CcFb,EQUAD.png
Bepro,BEPRO,MATIC,0x07cc1cc3628cc1615120df781ef9fc8ec2feae09,BEPRO.png
Permission Coin,ASK,MATIC,0xaA3717090CDDc9B227e49d0D84A28aC0a996e6Ff,ASK.png
DappRadar,RADAR,MATIC,0xdCb72AE4d5dc6Ae274461d57E65dB8D50d0a33AD,RADAR.png
EverRise,RISE,MATIC,0xC17c30e98541188614dF99239cABD40280810cA3,RISE.png
Neighbourhoods,NHT,MATIC,0x84342e932797fc62814189f01f0fb05f52519708,NHT.png
VNX Euro,VEUR,MATIC,0xe4095d9372e68d108225c306a4491cacfb33b097,VEUR.png
MASQ,MASQ,MATIC,0xee9a352f6aac4af1a5b9f467f6a93e0ffbe9dd35,MASQ.png
KlimaDAO,KLIMA,MATIC,0x4e78011ce80ee02d2c3e649fb657e45898257815,KLIMA.png
Carnomaly,CARR,MATIC,0x9b765735C82BB00085e9DBF194F20E3Fa754258E,CARR.png
WeFi,WEFI,MATIC,0xffa188493c15dfaf2c206c97d8633377847b6a52,WEFI.png
Wisdomise AI,WSDM,MATIC,0x5F2F8818002dc64753daeDF4A6CB2CcB757CD220,WSDM.png
Unibright,UBT,MATIC,0x7FBc10850caE055B27039aF31bD258430e714c62,UBT.png
Sabai Protocol,SABAI,MATIC,0x463fAe8f3c63AF7c40E50DF3BA28469BF9942f69,SABAI.png
Xend Finance,RWA,MATIC,0x36fe11b6d5c9421f68d235694fe192b35e803903,RWA.png
Bag,BAG,MATIC,0x73b29199a8e4c146e893eb95f18dac41738a88c6,BAG.png
ABBC Coin,ABBC,MATIC,0xe83ce6bfb580583bd6a62b4be7b34fc25f02910d,ABBC.png
Xaya,CHI,MATIC,0xE79feAAA457ad7899357E8E2065a3267aC9eE601,CHI.png
REVV,REVV,MATIC,0x70c006878a5a50ed185ac4c87d837633923de296,REVV.png
DOGAMÍ,DOGA,MATIC,0x2f3e306d9f02ee8e8850f9040404918d0b345207,DOGA.png
Morpheus Infrastructure Node,MIND,MATIC,0x280053c54006a624c26989cb8354fa4cb86f14d1,MIND.png
beoble,BBL,MATIC,0x9a295b2b8922f7c7b33838dbc704a9f02575c61e,BBL.png
ROOBEE,ROOBEE,MATIC,0xFaFA220145DfA5C3Ec85B6FA8a75aEE2451CDe5E,ROOBEE.png
Spheroid Universe,SPH,MATIC,0x2c9d233914f46b88e9ae08326fa60e40ea3faa12,SPH.png
Vidya,VIDYA,MATIC,0xFe9CA7Cf13E33b23aF63Fea696f4AAe1b7A65585,VIDYA.png
Vesper,VSP,MATIC,0x09C5a4BCA808bD1ba2b8E6B3aAF7442046B4ca5B,VSP.png
DEFIT,DEFIT,MATIC,0x428360b02c1269bc1c79fbc399ad31d58c1e8fda,DEFIT.png
UpOnly,UPO,MATIC,0x9dbfc1cbf7a1e711503a29b4b5f9130ebeccac96,UPO.png
JMPT Rewards,JMPT,MATIC,0x03cf5d93ca7c70ce0a21a09f4d70779d2c66b25a,JMPT.png
Astrafer,ASTRAFER,MATIC,0xDfCe1e99A31C4597a3f8A8945cBfa9037655e335,ASTRAFER.png
Suzuverse,SGT,MATIC,0x1ef5bb23e0b91c2e8480a4a2b71feb4607cb32f1,SGT.png
Circuits of Value,COVAL,MATIC,0x4597c8a59ab28b36840b82b3a674994a279593d0,COVAL.png
Ghost,GHOST,MATIC,0xb5e0cfe1b4db501ac003b740665bf43192cc7853,GHOST.png
NerveNetwork,NVT,MATIC,0x0fdb676775cc91042501c0c14ae5b2b5166b24d9,NVT.png
Stobox Token,STBU,MATIC,0xcf403036bc139d30080d2cf0f5b48066f98191bb,STBU.png
Forj (Bondly),BONDLY,MATIC,0x64ca1571d1476b7a21c5aaf9f1a750a193a103c0,BONDLY.png
TOWER,TOWER,MATIC,0x2bc07124d8dac638e290f401046ad584546bc47b,TOWER.png
Kommunitas,KOM,MATIC,0xC004e2318722EA2b15499D6375905d75Ee5390B8,KOM.png
UBXS Token,UBXS,MATIC,0x4f1960E29b2cA581a38c5c474e123f420F8092db,UBXS.png
Dust Protocol,DUST,MATIC,0x4987A49C253c38B3259092E9AAC10ec0C7EF7542,DUST.png
Bitboard,BB,MATIC,0x4F7Cc8eF14f3Dc76Ee2fB60028749E1B61CEa162,BB.png
Hot Cross,HOTCROSS,MATIC,0x3b737a181f7d2532cF49864f8050b3465a310593,HOTCROSS.png
RMRK,RMRK,MATIC,0x524d524B4c9366be706D3A90dcf70076ca037aE3,RMRK.png
StreamCoin,STRM,MATIC,0xe7879bafa6a41f919f145a97207e54839d34c9ba,STRM.png
MongolNFT Coin,MNFT,MATIC,0x3235b13708f178af6f110de7177ed5de10c1093d,MNFT.png
Dtec,DTEC,MATIC,0xd87af7b418d64ff2cde48d890285ba64fc6e115f,DTEC.png
GALAXIS Token,GALAXIS,MATIC,0x3c69d114664d48357d820dbdd121a8071eac99bf,GALAXIS.png
DSLA Protocol,DSLA,MATIC,0xa0e390e9cea0d0e8cd40048ced9fa9ea10d71639,DSLA.png
ClinTex CTi,CTI,MATIC,0x8Ba941b64901E306667a287A370F145d98811096,CTI.png
My Crypto Heroes,MCHC,MATIC,0xee7666aacaefaa6efeef62ea40176d3eb21953b9,MCHC.png
Aether Games,AEG,MATIC,0xE3f2b1B2229C0333Ad17D03F179b87500E7C5e01,AEG.png
AssetMantle,MNTL,MATIC,0x38a536a31ba4d8c1bcca016abbf786ecd25877e8,MNTL.png
Reality Metaverse,RMV,MATIC,0xf0949dd87d2531d665010d6274f06a357669457a,RMV.png
Veloce,VEXT,MATIC,0x27842334C55c01DDFE81Bf687425F906816c5141,VEXT.png
Aipocalypto,AIPO,MATIC,0x6c511dc18572d31C2c3f7b1505cB2BBC08282FcC,AIPO.png
Algorix,ALOR,MATIC,0xd4D996CcDA51B65C6FD884FeaEA83B237D084262,ALOR.png
SENSO,SENSO,MATIC,0x5Bf9496F0CD1f71C3353C3766F510772D7553b4f,SENSO.png
Hakka.Finance,HAKKA,MATIC,0x978338A9d2d0aa2fF388d3dc98b9bF25bfF5efB4,HAKKA.png
Govi,GOVI,MATIC,0x43df9c0a1156c96cea98737b511ac89d0e2a1f46,GOVI.png
Dfyn Network,DFYN,MATIC,0xC168E40227E4ebD8C1caE80F7a55a4F0e6D66C97,DFYN.png
PureFi Protocol,UFI,MATIC,0x3c205C8B3e02421Da82064646788c82f7bd753B9,UFI.png
Ooki Protocol,OOKI,MATIC,0xcd150b1f528f326f5194c012f32eb30135c7c2c9,OOKI.png
MetaBeat,BEAT,MATIC,0xb78cf9ac0f47f1d69cba861deda29814d285c834,BEAT.png
Unfettered Ecosystem,SOULS,MATIC,0xaa4fBC6809a8E1924520FC85282aC4C76A7671d7,SOULS.png
IBStoken,IBS,MATIC,0xB9dF5FDa1c435cD4017a1F1F9111996520b64439,IBS.png
SafeBlast,BLAST,MATIC,0xd145261dd80bc5388ea8f437d503897060410f1c,BLAST.png
Ethernity CLOUD,ECLD,MATIC,0xc6920888988cAcEeA7ACCA0c96f2D65b05eE22Ba,ECLD.png
CheckDot,CDT,MATIC,0x26c80854C36FF62BBa7414a358C8C23BBb8dEC39,CDT.png
Kromatika,KROM,MATIC,0x14Af1F2f02DCcB1e43402339099A05a5E363b83c,KROM.png
VNX Gold,VNXAU,MATIC,0xc8bb8eda94931ca2f20ef43ea7dbd58e68400400,VNXAU.png
MetaTrace,TRC,MATIC,0x40d9fc77027A281d85de1fa660C887E645AE26C3,TRC.png
ASTROS,ASTROS,MATIC,0xBc024abd1e72e2b5F9f73de13ACe4Ac68Fe73e62,ASTROS.png
0xBitcoin,0xBTC,MATIC,0x71b821aa52a49f32eed535fca6eb5aa130085978,0xBTC.png
RigoBlock,GRG,MATIC,0xbc0bea8e634ec838a2a45f8a43e7e16cd2a8ba99,GRG.png
Nabox,NABOX,MATIC,0x16e72fd009e6c4b99ea8e2b08dd1af4ba3a23787,NABOX.png
FEAR,FEAR,MATIC,0xa2CA40DBe72028D3Ac78B5250a8CB8c404e7Fb8C,FEAR.png
Decentral Games,DG,MATIC,0xef938b6da8576a896f6e0321ef80996f4890f9c4,DG.png
Rebel Bots,RBLS,MATIC,0xe26cda27c13f4f87cFFc2F437C5900b27eBb5bbB,RBLS.png
Battle World,BWO,MATIC,0xc1543024dc71247888a7e139c644f44e75e96d38,BWO.png
Safe Haven,SHA,MATIC,0x534f39c5f4df9cb13e16b24ca07c7c8c0e2eadb7,SHA.png
Ferrum Network,FRM,MATIC,0xd99baFe5031cC8B345cb2e8c80135991F12D7130,FRM.png
Etherland,ELAND,MATIC,0xb0f61C597BBcc29f3f38396B01f9C0f0C2e8BFf0,ELAND.png
FireStarter,FLAME,MATIC,0x22e3f02f86bc8ea0d73718a2ae8851854e62adc5,FLAME.png
ApeBond,ABOND,MATIC,0xe6828d65bf5023ae1851d90d8783cc821ba7eee1,ABOND.png
Moss Carbon Credit,MCO2,MATIC,0xaa7dbd1598251f856c12f63557a4c4397c253cea,MCO2.png
DAFI Protocol,DAFI,MATIC,0x638df98ad8069a15569da5a6b01181804c47e34c,DAFI.png
Standard,STND,MATIC,0x08BE454de533509e8832B257116C5506E55b0b64,STND.png
Civilization,CIV,MATIC,0x42F6bdCfd82547e89F1069Bf375aa60e6c6c063d,CIV.png
Affyn,FYN,MATIC,0x3B56a704C01D650147ADE2b8cEE594066b3F9421,FYN.png
ROND,ROND,MATIC,0x204820b6e6feae805e376d2c6837446186e57981,ROND.png
Decentrawood,DEOD,MATIC,0xE77aBB1E75D2913B2076DD16049992FFeACa5235,DEOD.png
Amulet,AMU,MATIC,0xD507361174a0fdE521bf8c097ef19dd31FFca710,AMU.png
ZeroSwap,ZEE,MATIC,0xfd4959c06FbCc02250952DAEbf8e0Fb38cF9FD8C,ZEE.png
Ideaology,IDEA,MATIC,0xa26df7f21d752bcd3a413ba496485d87d65eef8f,IDEA.png
Razor Network,RAZOR,MATIC,0xc91c06db0f7bffba61e2a5645cc15686f0a8c828,RAZOR.png
Internet of Energy Network,IOEN,MATIC,0xd0e9c8f5Fae381459cf07Ec506C1d2896E8b5df6,IOEN.png
Kaizen Finance,KZEN,MATIC,0x4550003152F12014558e5CE025707E4DD841100F,KZEN.png
Noggles,NOGS,MATIC,0x0f09E11501B01b3e9DC77d96db752d1A2AC84b20,NOGS.png
Ziktalk,ZIK,MATIC,0x679c986e183261b31c0065eb0b3c2EBD59035D56,ZIK.png
Playermon,PYM,MATIC,0x0bd49815ea8e2682220bcb41524c0dd10ba71d41,PYM.png
MetaDOS,SECOND,MATIC,0x7979871595b80433183950ab6c6457752b585805,SECOND.png
LandRocker,LRT,MATIC,0xfb7f8A2C0526D01BFB00192781B7a7761841B16C,LRT.png
TAIKAI,TKAI,MATIC,0x8829d36F6680bE993f5444198E8cbFa8f02eDe96,TKAI.png
GoCrypto Token,GOC,MATIC,0x4b85a666dec7c959e88b97814e46113601b07e57,GOC.png
Unbound,UNB,MATIC,0xD81F558b71A5323e433729009D55159955F8A7f9,UNB.png
O3 Swap,O3,MATIC,0xee9801669c6138e84bd50deb500827b776777d28,O3.png
Pleasure Coin,NSFW,MATIC,0x8f006d1e1d9dc6c98996f50a4c810f17a47fbf19,NSFW.png
Gravity Finance,GFI,MATIC,0x874e178A2f3f3F9d34db862453Cd756E7eAb0381,GFI.png
Forest Knight,KNIGHT,MATIC,0x4455eF8B4B4A007a93DaA12DE63a47EEAC700D9D,KNIGHT.png
Wicrypt,WNT,MATIC,0x82a0e6c02b91ec9f6ff943c0a933c03dbaa19689,WNT.png
DOSE,DOSE,MATIC,0x81382e9693de2afc33f69b70a6c12ca9b3a73f47,DOSE.png
Mars Token,MRST,MATIC,0x411bc96881A62572FF33c9d8CE60dF99E3d96cd8,MRST.png
Football World Community,FWC,MATIC,0xad5f5edaa218b45866285252cb5662cd19cab99b,FWC.png
Wombat Web 3 Gaming Platform,WOMBAT,MATIC,0x0C9c7712C83B3C70e7c5E11100D33D9401BdF9dd,WOMBAT.png
BitCone,CONE,MATIC,0xbA777aE3a3C91fCD83EF85bfe65410592Bdd0f7c,CONE.png
Captain Tsubasa,TSUGT,MATIC,0x70e29b7e036b14d496431b77e0b6eb0008be6165,TSUGT.png
Edgeware,EDG,MATIC,0x4e0da40b9063dc48364c1c0ffb4ae9d091fc2270,EDG.png
Oddz,ODDZ,MATIC,0x4e830F67Ec499E69930867f9017AEb5B3f629c73,ODDZ.png
InsurAce,INSUR,MATIC,0x8a0e8b4b0903929f47c3ea30973940d4a9702067,INSUR.png
POLKER,PKR,MATIC,0x140a4e80dD8184536acc45F1C452D7540472e6E1,PKR.png
"Duckies, the canary network for Yellow",DUCKIES,MATIC,0x18e73A5333984549484348A94f4D219f4faB7b81,DUCKIES.png
Vestate,VES,MATIC,0x1bc8Bf18256d8b45d8367Aac50fe2e24fc6AA8CA,VES.png
AurusX,AX,MATIC,0x1a763170B96F23f15576D0fa0b2619d1254c437d,AX.png
PlotX,PLOT,MATIC,0xe82808eaA78339b06a691fd92E1Be79671cAd8D3,PLOT.png
Hyve,HYVE,MATIC,0x61aee582896064ecd5d85d66a32ddeb5574a699d,HYVE.png
PolkaBridge,PBR,MATIC,0x0d6ae2a429df13e44a07cd2969e085e4833f64a0,PBR.png
Blockchain Monster Hunt,BCMC,MATIC,0xc10358f062663448a3489fC258139944534592ac,BCMC.png
Fabwelt,WELT,MATIC,0x23e8b6a3f6891254988b84da3738d2bfe5e703b9,WELT.png
XY Finance,XY,MATIC,0x55555555a687343c6ce28c8e1f6641dc71659fad,XY.png
Wombat Exchange,WOM,MATIC,0x77749d37A87BFf80060c00152B213F61341A6de5,WOM.png
Aimedis (new),AIMX,MATIC,0x33b6d77c607ea499ab5db7e2201c5a516a78a5db,AIMX.png
PERL.eco,PERL,MATIC,0xB121FCD122DAAa153bB8a102754127b2682645CB,PERL.png
e-Money,NGM,MATIC,0xc54FF1b09Ab25B01275cD1093c2Ba311A18c00Eb,NGM.png
ChainGuardians,CGG,MATIC,0x2ab4f9ac80f33071211729e45cfc346c1f8446d5,CGG.png
Kaby Arena,KABY,MATIC,0x5198E7cC1640049dE37D1Bd10b03Fa5A3AFDA120,KABY.png
Cirus Foundation,CIRUS,MATIC,0x2a82437475a60bebd53e33997636fade77604fc2,CIRUS.png
ISLAMICOIN,ISLAMI,MATIC,0x9c891326Fd8b1a713974f73bb604677E1E63396D,ISLAMI.png
Artisse,CATHEON,MATIC,0x7e7737C40878e720b32e7bC9CD096259f876d69f,CATHEON.png
GameCredits,GAME,MATIC,0x8d1566569d5b695d44a9a234540f68D393cDC40D,GAME.png
CyberFi Token,CFi,MATIC,0xecf8f2fa183b1c4d2a269bf98a54fce86c812d3e,CFi.png
Yield App,YLD,MATIC,0x4CEBdBCB286101A17D3eA1f7fe7bbDeD2B2053dd,YLD.png
SifChain,erowan,MATIC,0xa7051C5a22d963b81D71C2BA64D46a877fBc1821,erowan.png
Cyclone Protocol,CYC,MATIC,0xcFb54a6D2dA14ABeCD231174FC5735B4436965D8,CYC.png
MurAll,PAINT,MATIC,0x7c28f627ea3aec8b882b51eb1935f66e5b875714,PAINT.png
PERI Finance,PERI,MATIC,0xdc0e17eae3b9651875030244b971fa0223a1764f,PERI.png
MetaSoccer,MSU,MATIC,0xe8377a076adabb3f9838afb77bee96eac101ffb1,MSU.png
Digital Reserve Currency,DRC,MATIC,0xfed16c746cb5bfed009730f9e3e6a673006105c7,DRC.png
ApeSwap,BANANA,MATIC,0x5d47baba0d66083c52009271faf3f50dcc01023c,BANANA.png
Kangal,KANGAL,MATIC,0x34f380a4e3389e99c0369264453523bbe5af7fab,KANGAL.png
Loser Coin,LOWB,MATIC,0x1c0a798b5a5273a9e54028eb1524fd337b24145f,LOWB.png
SKYPlay,SKP,MATIC,0x4c665bbafd28ec9e5d792345f470ebfca21e3d15,SKP.png
X-CASH,XCASH,MATIC,0x03678f2c2c762dc63c2bb738c3a837d366eda560,XCASH.png
KamPay,KAMPAY,MATIC,0x39fc9e94caeacb435842fadedecb783589f50f5f,KAMPAY.png
OrbCity,ORB,MATIC,0x20c750c57c3bc5145af4b7a33d4fb66a8e79fe05,ORB.png
Legends of Elysium,LOE,MATIC,0x8b78927048de67b9e8c8f834359f15c3822ed871,LOE.png
Tenti,AIRTNT,MATIC,0x25C498781cA536547B147e2199f572E5393D36f0,AIRTNT.png
IDRX,IDRX,MATIC,0x649a2DA7B28E0D54c13D5eFf95d3A660652742cC,IDRX.png
Icon.X World,ICNX,MATIC,0x91f3B9366801C1fCa6184C3bD99d5Ab0C43A9033,ICNX.png
Furucombo,COMBO,MATIC,0x6ddb31002abc64e1479fc439692f7ea061e78165,COMBO.png
8PAY,8PAY,MATIC,0x06DDb3a8BC0aBc14f85e974CF1A93a6f8d4909d9,8PAY.png
Equalizer,EQZ,MATIC,0xEAf631ac57F3CDDDd261770dD47F85066131a156,EQZ.png
Ojamu,OJA,MATIC,0x26373ec913876c9e6d38494dde458cb8649cb30c,OJA.png
4P FOUR,FOUR,MATIC,0x48cBc913dE09317dF2365e6827Df50dA083701D5,FOUR.png
Centaur,CNTR,MATIC,0xdae89da41a96956e9e70320ac9c0dd077070d3a5,CNTR.png
Nord Finance,NORD,MATIC,0xf6f85b3f9fd581c2ee717c404f7684486f057f95,NORD.png
BlockWallet,BLANK,MATIC,0xf4c83080e80ae530d6f8180572cbbf1ac9d5d435,BLANK.png
DeHive,DHV,MATIC,0x5fcb9de282af6122ce3518cde28b7089c9f97b26,DHV.png
OneRare Foodverse,ORARE,MATIC,0xff2382bd52efacef02cc895bcbfc4618608aa56f,ORARE.png
Orion Money,ORION,MATIC,0x5E0294Af1732498C77F8dB015a2d52a76298542B,ORION.png
OneArt,1ART,MATIC,0xD3c325848D7c6E29b574Cb0789998b2ff901f17E,1ART.png
Carrieverse,CVTX,MATIC,0x40f97ec376ac1c503e755433bf57f21e3a49f440,CVTX.png
Autobahn Network,TXL,MATIC,0x8eef5a82e6aa222a60f009ac18c24ee12dbf4b41,TXL.png
SnowSwap,SNOW,MATIC,0x33c9f7c0afe2722cb9e426360c261fb755b4483d,SNOW.png
Modefi,MOD,MATIC,0x8346ab8d5ea7a9db0209aed2d1806afa0e2c4c21,MOD.png
DinoSwap,DINO,MATIC,0xAa9654BECca45B5BDFA5ac646c939C62b527D394,DINO.png
Traxx,TRAXX,MATIC,0xd43be54c1aedf7ee4099104f2dae4ea88b18a249,TRAXX.png
KonnektVPN,KPN,MATIC,0x8328e6fceC9477C28298c9f02d740Dd87a1683e5,KPN.png
EasyFi,EZ,MATIC,0x34C1b299A74588D6Abdc1b85A53345A48428a521,EZ.png
Coreto,COR,MATIC,0x4fdCE518fE527439Fe76883e6b51A1c522B61b7C,COR.png
KeyFi,KEYFI,MATIC,0xd1a5f2a049343fc4d5f8d478f734eba51b22375e,KEYFI.png
WOWswap,WOW,MATIC,0x855d4248672a1fce482165e8dbe1207b94b1968a,WOW.png
Mochi Market,MOMA,MATIC,0xe3ab61371ecc88534c522922a026f2296116c109,MOMA.png
Polylastic,POLX,MATIC,0x187ae45f2d361cbce37c6a8622119c91148f261b,POLX.png
Polinate,POLI,MATIC,0x6fb54ffe60386ac33b722be13d2549dd87bf63af,POLI.png
Aluna.Social,ALN,MATIC,0xa8fcee762642f156b5d757b6fabc36e06b6d4a1a,ALN.png
Billion Happiness,BHC,MATIC,0x92DF60c51C710a1b1C20E42D85e221f3A1bFc7f2,BHC.png
Plasma Finance,PPAY,MATIC,0x08158A6b5d4018340387d1A302f882E98a8bC5b4,PPAY.png
APYSwap,APYS,MATIC,0x14743E1c6f812154F7ecc980D890F0F5234103e7,APYS.png
Genesis Worlds,GENESIS,MATIC,0x51869836681BcE74a514625c856aFb697a013797,GENESIS.png
Salad,SALD,MATIC,0x6A34A7284B13bA70A6135bE9738Da35C5eF22f78,SALD.png
Azuki,AZUKI,MATIC,0x7cdc0421469398e0f3aa8890693d86c840ac8931,AZUKI.png
PRivaCY Coin,PRCY,MATIC,0xdfc3829b127761a3218bfcee7fc92e1232c9d116,PRCY.png
IOI Token,IOI,MATIC,0xaf24765f631c8830b5528b57002241ee7eef1c14,IOI.png
April,APRIL,MATIC,0x18719D2e1e57A1A64708e4550fF3DEF9d1074621,APRIL.png
Retreeb,TREEB,MATIC,0x2c69095d81305F1e3c6ed372336D407231624CEa,TREEB.png
Galaxy Fight Club,GCOIN,MATIC,0x071AC29d569a47EbfFB9e57517F855Cb577DCc4C,GCOIN.png
IQ Protocol,IQT,MATIC,0x41084fDc569099d9E527ccf126e12d9C7c688ec3,IQT.png
Art de Finance,ADF,MATIC,0x6BD10299f4f1d31b3489Dc369eA958712d27c81b,ADF.png
ETHA Lend,ETHA,MATIC,0x59e9261255644c411afdd00bd89162d09d862e38,ETHA.png
Rigel Protocol,RGP,MATIC,0x4af5ff1a60a6ef6c7c8f9c4e304cd9051fca3ec0,RGP.png
Jigstack,STAK,MATIC,0x46a5d492788f8afdfc743ab7d7bd13f996249ed5,STAK.png
Gamerse,LFG,MATIC,0x411be1e071675df40fe1c08ca760bb7aa707cedf,LFG.png
Algebra,ALGB,MATIC,0x0169eC1f8f639B32Eec6D923e24C2A2ff45B9DD6,ALGB.png
Rage Fan,RAGE,MATIC,0x40ccd55b789fdee8d434915dc2aa6bd938506a92,RAGE.png
Gaj Finance,GAJ,MATIC,0xf4b0903774532aee5ee567c02aab681a81539e92,GAJ.png
Lithosphere,LITHO,MATIC,0xfb8cc969192f36da4ea807077b7ca23ce01c5211,LITHO.png
FrontFanz,FANX,MATIC,0xb58458c52b6511dc723d7d6f3be8c36d7383b4a8,FANX.png
Cleo Tech,CLEO,MATIC,0xF9B2Ebdfa24688f0Dfb12cc55782e635f91E64a2,CLEO.png
Crypto Sports Network,CSPN,MATIC,0x9A0b381394fbE689B344d1ebd2d4DccFF31adf87,CSPN.png
Elementeum,ELET,MATIC,0x07738Eb4ce8932CA961c815Cb12C9d4ab5Bd0Da4,ELET.png
NBX,BYN,MATIC,0x11602a402281974a70c2b4824d58ebede967e2be,BYN.png
UniFarm,UFARM,MATIC,0xa7305ae84519ff8be02484cda45834c4e7d13dd6,UFARM.png
Decentral Games ICE,ICE,MATIC,0xc6c855ad634dcdad23e64da71ba85b8c51e5ad7c,ICE.png
MetaShooter,MHUNT,MATIC,0x61f95bd637e3034133335C1baA0148E518D438ad,MHUNT.png
SPORT,SPORT,MATIC,0x503836c8c3A453c57f58CC99B070F2E78Ec14fC0,SPORT.png
YVS.Finance,YVS,MATIC,0xb565CF70613ca464D68427106af80C67a8e4b801,YVS.png
300FIT NETWORK,FIT,MATIC,0xaD2eFE464c4F3b99255c594d0091e938D3bcDF97,FIT.png
ETNA Network,ETNA,MATIC,0x015c425f6dfabc31e1464cc4339954339f096061,ETNA.png
KingDeFi,KRW,MATIC,0x6c3B2f402CD7d22AE2C319B9d2f16f57927a4A17,KRW.png
Wolf Safe Poor People (Polygon),WSPP,MATIC,0x46d502fac9aea7c5bc7b13c8ec9d02378c33d36f,WSPP.png
UZX,UZX,MATIC,0xB3BeC36E9FB41c88B0F0433A3e5F16Cf0DD7e0A3,UZX.png
SAINO,SIO,MATIC,0x698A8B4bA48c2ee8D468A3A530c83ef422d54857,SIO.png
Everclear,CLEAR,MATIC,0x58b9cb810a68a7f3e1e4f8cb45d1b9b3c79705e8,CLEAR.png
VNDC,VNDC,MATIC,0xd0076D7E57AAC42ec3F9d6E7C604d04A5b7030Fa,VNDC.png
MSQUARE GLOBAL,MSQ,MATIC,0x6A8Ec2d9BfBDD20A7F5A4E89D640F7E7cebA4499,MSQ.png
SuperTrust,SUT,MATIC,0x98965474EcBeC2F532F1f780ee37b0b05F77Ca55,SUT.png
Frax Finance - Frax Ether,FRXETH,MATIC,0xEe327F889d5947c1dc1934Bb208a1E792F953E96,FRXETH.png
Frax Finance - Frax Ether,FRXETH,MATIC,0xcf7ecee185f19e2e970a301ee37f93536ed66179,FRXETH.png
Ape and Pepe,APEPE,MATIC,0xA3f751662e282E83EC3cBc387d225Ca56dD63D3A,APEPE.png
EscoinToken,ELG,MATIC,0x8226AC9EdB26ff16DA19151042a8BA3BB2cC237F,ELG.png
XEN Crypto,XEN,MATIC,0x2AB0e9e4eE70FFf1fB9D67031E44F6410170d00e,XEN.png
Websea,WBS,MATIC,0xee5bb31fdf28b5d64f5a5605085cc4e3649aa624,WBS.png
LayerK,LYK,MATIC,0xF50441d584D435e5F917c8201F72CA2b1B7f1d04,LYK.png
Metacraft,MCTP,MATIC,0x33be9d99e7cb73fbd0d47a008d691b7b9eeb4ca5,MCTP.png
FAUNUS,FNS,MATIC,0x53A7bcfE6c8bEd65a5bdF549f58a5A90B2fdC10c,FNS.png
SocialGood,SG,MATIC,0x79375C41d88F839f551457145066096C5C8944Bc,SG.png
PolyAlpha Finance,ALPHA,MATIC,0x0B048D6e01a6b9002C291060bF2179938fd8264c,ALPHA.png
DOLA,DOLA,MATIC,0xbc2b48bc930ddc4e5cfb2e87a45c379aab3aac5c,DOLA.png
WPAY,WPAY,MATIC,0x7ABE9Edf5C544A04dA83e9110CF46DBC4759170c,WPAY.png
EARNM,EARNM,MATIC,0xaeb3DD897Ade187B9F9e4c491Bc7A81F69F7093E,EARNM.png
Legacy Token,LGCT,MATIC,0xD38B305CaC06990c0887032A02C03D6839f770A8,LGCT.png
Wagmi,WAGMI,MATIC,0x07Ed33a242BD9C08CA3C198e01189e35265024Da,WAGMI.png
Mountain Protocol,USDM,MATIC,0x59D9356E565Ab3A36dD77763Fc0d87fEaf85508C,USDM.png
Unseen,UNCN,MATIC,0xf2B028ED5977F136982FDfa429814cf19f09693F,UNCN.png
COCA,COCA,MATIC,0x7B12598E3616261df1C05EC28De0d2fB10c1F206,COCA.png
Talken,TALK,MATIC,0xE7e72bE51C3b4E1F3cEB34e177e1bA1c1744fD7d,TALK.png
Enegra (EGX),EGX,MATIC,0xA8C557c7ac1626EacAa0e80fAc7b6997346306E8,EGX.png
Num ARS v2,NARS,MATIC,0x65517425ac3ce259a34400bb67ceb39ff3ddc0bd,NARS.png
Africarare Ubuntu,UBU,MATIC,0x78445485A8d5b3BE765e3027bc336e3c272a23c9,UBU.png
JUSD Stable Token,JUSD,MATIC,0x0ba8a6ce46d369d779299dedade864318097b703,JUSD.png
Kanga Exchange Token,KNG,MATIC,0x17d342b29f054030a455b4191f977c3b0aa62fd9,KNG.png
LIF3,LIF3,MATIC,0x110B25D2B21eE73eB401F3aE7833f7072912A0Bf,LIF3.png
Any Inu,AI,MATIC,0x2598c30330D5771AE9F983979209486aE26dE875,AI.png
META PLUS TOKEN,MTS,MATIC,0x58d70EF99a1d22E1a8F8f0e8F27C1bAbCf8464F3,MTS.png
Faith Tribe,FTRB,MATIC,0xC3f56d567E7663e8932E65d85ae4be7Eb5575cA7,FTRB.png
Betfin,BET,MATIC,0xbF7970D56a150cD0b60BD08388A4A75a27777777,BET.png
HEX,HEX,MATIC,0x23D29D30e35C5e8D321e1dc9A8a61BFD846D4C5C,HEX.png
Vera,VERA,MATIC,0x9049198f6b21acf1e050cfcf36a6879a07b0bbe4,VERA.png
Angle Protocol,EURA,MATIC,0xe0b52e49357fd4daf2c15e02058dce6bc0057db4,EURA.png
Evercraft Ecotechnologies,$ECET,MATIC,0xc1ab7e48fafee6b2596c65261392e59690CE7742,$ECET.png
Own The Doge,DOG,MATIC,0xeEe3371B89FC43Ea970E908536Fcddd975135D8a,DOG.png
Epic Ballad Coin,EBC,MATIC,0x3f7ca3e85305aed836636999d054519f6ccc4056,EBC.png
PolyDoge,POLYDOGE,MATIC,0x8A953CfE442c5E8855cc6c61b1293FA648BAE472,POLYDOGE.png
Digital Swiss Franc,DSFR,MATIC,0xc45abe05e9db3739791d1dc1b1638be8ad68b10b,DSFR.png
Pcoland Meta Earth,PME,MATIC,0xFD1eEb2f3399872735f3Df735816c4FC607E12C4,PME.png
PUGGY Coin,PUGGY,MATIC,0x762b56F3E36A4BE65763056d6464668B4C7B2f49,PUGGY.png
IX Swap,IXS,MATIC,0x1ba17c639bdaecd8dc4aac37df062d17ee43a1b8,IXS.png
Greenhouse,GREEN,MATIC,0x40DB6d7812b8288eCA452F912ca9F262b186f278,GREEN.png
Monerium EUR emoney,EURe,MATIC,0x18ec0A6E18E5bc3784fDd3a3634b31245ab704F6,EURe.png
Carbify,CBY,MATIC,0xb6a5ae40e79891e4deadad06c8a7ca47396df21c,CBY.png
UDAO,UDAO,MATIC,0x433cCeBC95ad458E74d81837Db0D4aa27e30E117,UDAO.png
KAP Games,KAP,MATIC,0xc27158bb8e08899d38765752f91d7d778e16ab8e,KAP.png
Sharp,SHARP,MATIC,0xB36B62929762ACF8A9Cc27ECebF6D353eBB48244,SHARP.png
Bullieverse,$BULL,MATIC,0x9f95e17b2668afe01f8fbd157068b0a4405cc08d,$BULL.png
Sunflower Land,SFL,MATIC,0xd1f9c58e33933a993a3891f8acfe05a68e1afc05,SFL.png
JennyCo,JCO,MATIC,0x8105f88e77a5D102099bf73Db4469d3F1e3B0cD6,JCO.png
U Coin,U,MATIC,0xe07710cdcD1c9F0FB04bfd013F9854E4552671cE,U.png
JUNO,JUNO,MATIC,0xc6bdB9dD7F33FF11EfDD3A84b2C1c99b8CC93052,JUNO.png
edeXa,EDX,MATIC,0xC114678C6e4654d041B2006C90f08478b444c4E2,EDX.png
GENIUS AI,GNUS,MATIC,0x127E47abA094a9a87D084a3a93732909Ff031419,GNUS.png
SafeMoon V2,SFM,MATIC,0x0a654cb371FBC3C49Ccb176984D64E86fc931EeA,SFM.png
XRUN,XRUN,MATIC,0xdA7cdEa482B4e5F3d5B41Aa286811d111f066B6B,XRUN.png
Smell Token,SML,MATIC,0xfCB54Da3F4193435184F3F647467e12b50754575,SML.png
MMX,MMX,MATIC,0x95A62521c655e7A24A3919AA1f99764C05B7ec4E,MMX.png
StarChain,STRC,MATIC,0x38820D13f4dAcf6E0b5634aE41Ab6CFb00C4CF5D,STRC.png
Panther Protocol,ZKP,MATIC,0x9A06Db14D639796B25A6ceC6A1bf614fd98815EC,ZKP.png
EnviDa,EDAT,MATIC,0xdd9ba3b2571bea0854beb0508ce10fed0eca7e3e,EDAT.png
Pi INU 100x,PINU100X,MATIC,0x52cf3f18eff5dbc4522af8a51527ab0b64c18d9d,PINU100X.png
RoboHero,ROBO,MATIC,0xb3886b3aaa6087b3d185daeb89ac113d195b5eb9,ROBO.png
AI PEPE KING,AIPEPE,MATIC,0xBAC3368B5110f3a3ddA8B5a0F7B66EDb37C47AFe,AIPEPE.png
Fanatico,FCO,MATIC,0x41a1ef3d81D091465F22E8ED2a7e06d59A8532B7,FCO.png
Animal Concerts,ANML,MATIC,0xecc4176b90613ed78185f01bd1e42c5640c4f09d,ANML.png
RuufCoin,RUUF,MATIC,0x182f1d39dF9460D7AEf29afBc80bBD68ED0A41d5,RUUF.png
Vendetta,VDT,MATIC,0x765af38a6e8fdcb1efef8a3dd2213efd3090b00f,VDT.png
Moon Rabbit,AAA,MATIC,0x2EBD50AE084e71eed419cB6C620B3BbD3927bF7e,AAA.png
GAIA Everworld,GAIA,MATIC,0x723b17718289a91af252d616de2c77944962d122,GAIA.png
MoonDAO,MOONEY,MATIC,0x74ac7664abb1c8fa152d41bb60e311a663a41c7e,MOONEY.png
Medifakt,FAKT,MATIC,0xCb64CdeB45deF1C513fd890E7E76a865baE46060,FAKT.png
Greelance,GRL,MATIC,0xF2dA348dD5E2DEd12f01a59C76189d1355947dc1,GRL.png
Film.io,FAN,MATIC,0x3B9E9100Db1389c518d47c635D80a90ad4C4f41b,FAN.png
Archethic,UCO,MATIC,0xaa53B93608C88EE55fAD8db4C504Fa20E52642aD,UCO.png
IRON Titanium Token,TITAN,MATIC,0xaaa5b9e6c589642f98a1cda99b9d024b8407285a,TITAN.png
LiquidDriver,LQDR,MATIC,0x0294D8eB7857D43FEb1210Db72456d41481f9Ede,LQDR.png
Open Meta City,OMZ,MATIC,0x7272a5a8BD39f204bF773E8b74BB01E31681Ad1D,OMZ.png
Ovato,OVATO,MATIC,https://polygonscan.com/token/0xe1b0e0f0427af6f943cdeb6304eed259d152fc78,OVATO.png
XIDR,XIDR,MATIC,0x2c826035c1C36986117A0e949bD6ad4baB54afE2,XIDR.png
Edge Video AI,FAST,MATIC,0xffBF21632d4AD2B1F85031B418a8f69638118364,FAST.png
METAHUB FINANCE,MEN,MATIC,0x94b959c93761835f634B8d6E655070C58E2CAa12,MEN.png
Hypersign Identity,HID,MATIC,0x87847703d4bb4fcd42db887ffdcb94496e77e3ab,HID.png
OmniCat,OMNI,MATIC,0x9e20461bc2c4c980f62f1b279d71734207a6a356,OMNI.png
Game Meteor Coin,GMTO,MATIC,0x25578065bdD4EBd68E7fFeeDFc4e6614f3f0057F,GMTO.png
Sway Protocol,SWAY,MATIC,0x262b8aa7542004f023b0eb02bc6b96350a02b728,SWAY.png
Day By Day,DBD,MATIC,0x72b9f88e822cf08b031c2206612b025a82fb303c,DBD.png
Realis Network,LIS,MATIC,0xA8c8eD18d151159cCCD2b3C2528227a37b32fda3,LIS.png
TPRO Network,TPRO,MATIC,0xd24157aa1097486dc9d7cf094a7e15026e566b5d,TPRO.png
Defactor,FACTR,MATIC,0xe0bceef36f3a6efdd5eebfacd591423f8549b9d5,FACTR.png
NMKR,NMKR,MATIC,0xbd79f560b4289cc8785f897c7e4709a04c4e985b,NMKR.png
Brazilian Digital Token,BRZ,MATIC,0x4eD141110F6EeeAbA9A1df36d8c26f684d2475Dc,BRZ.png
Thales,THALES,MATIC,0x692c44990e4f408ba0917f5c78a83160c1557237,THALES.png
Planet IX(formerly IX token),IXT,MATIC,0xe06bd4f5aac8d0aa337d13ec88db6defc6eaeefe,IXT.png
Nexum,NEXM,MATIC,0xC88640B734fEA3b35c132Fe757AeB5ca6C8cDC66,NEXM.png
Brilliantcrypto,BRIL,MATIC,0x4f800ba0dff2980c5006c6816f7aa3de63ce8087,BRIL.png
fBomb,BOMB,MATIC,0x74ccbe53f77b08632ce0cb91d3a545bf6b8e0979,BOMB.png
DOLZ,DOLZ,MATIC,0x6ab4e20f36ca48b61ecd66c0450fdf665fa130be,DOLZ.png
EUROe Stablecoin,EUROE,MATIC,0x820802Fa8a99901F52e39acD21177b0BE6EE2974,EUROE.png
RUM - Pirates of Arrland Token,RUM,MATIC,0x14E5386f47466A463f85D151653E1736c0c50Fc3,RUM.png
Nodewaves,NWS,MATIC,0x13646e0e2d768d31b75d1a1e375e3e17f18567f2,NWS.png
Clipper,SAIL,MATIC,0xd1a718f77ab5d22e3955050658d7f65ae857a85e,SAIL.png
MAI,MIMATIC,MATIC,0xa3Fa99A148fA48D14Ed51d610c367C61876997F1,MIMATIC.png
EDUM,EDUM,MATIC,0x8BED972bC5FF0ab8290461cd01f8B58F39fa312F,EDUM.png
Oxchange Finance,OC,MATIC,0x6eA4BaBF46AfC7895ee20594b86fDcF74526c3ec,OC.png
Tamkin,TSLT,MATIC,0x1e37b3855ca1ef46106baa162bfaf8a1e7666a5d,TSLT.png
DFX Finance,DFX,MATIC,0x27f485b62C4A7E635F561A87560Adf5090239E93,DFX.png
DEUS Finance,DEUS,MATIC,0xde5ed76e7c05ec5e4572cfc88d1acea165109e44,DEUS.png
ZED Token,ZED,MATIC,0x5eC03C1f7fA7FF05EC476d19e34A22eDDb48ACdc,ZED.png
Bombcrypto (MATIC),BOMB,MATIC,0xb2c63830d4478cb331142fac075a39671a5541dc,BOMB.png
Leandro Lopes,LOPES,MATIC,0xCEBdc775E9f18156EC2e04Fb4150f1bc54DE690f,LOPES.png
EmiSwap,ESW,MATIC,0xd2a2a353d28e4833faffc882f6649c9c884a7d8f,ESW.png
JPYC Prepaid,JPYC,MATIC,0x431D5dfF03120AFA4bDf332c61A6e1766eF37BDB,JPYC.png
EcoSmart,ECG,MATIC,0x3050731a7Ab18D05eAa5E01D66DF33E04444e72c,ECG.png
LFIT,LFIT,MATIC,0x5b901182b9B2820A713fF5D88519999C550d40e8,LFIT.png
Floyx,FLOYX,MATIC,0x67db542157b7437ea1dd02f765f3c9f0a00f8228,FLOYX.png
Maricoin,MCOIN,MATIC,0x8fa62D23FB6359c1e1685dBFa9B63eF27eCDb612,MCOIN.png
SKPANAX,SKX,MATIC,0xa910Bc4E2eDB3E43BC8E79B1826509EceaaD1B96,SKX.png
Europa Coin (europacoin.fun),EURC,MATIC,0x2e508500695d7d1bc3eac69d0a7d71d6edd727f3,EURC.png
Metropolis World (CLAY),CLAY,MATIC,0x2aB445C24C96dB13383Bb34678aDaE50c43B4BAA,CLAY.png
NoLimitCoin,NLC,MATIC,0xc157ee77518769b8009642F68A8d6A500ff59d53,NLC.png
MoonEdge,MOONED,MATIC,0x7e4c577ca35913af564ee2a24d882a4946ec492b,MOONED.png
Flourishing AI,AI,MATIC,0xfa78cba4ebbf8fe28b4fc1468948f16fda2752b3,AI.png
DAO Invest,VEST,MATIC,0x381caf412B45dAc0f62FBEeC89DE306D3eABE384,VEST.png
Oshi Token,OSHI,MATIC,0x09cAD96Bc28f55e9253cfB9a84a3A1Ab79061E54,OSHI.png
Tanpin,TANPIN,MATIC,0xd9D77B113e6Ef2696267E20C35f3AbD87cdaca2c,TANPIN.png
Pigcoin,PIG,MATIC,0xe9bC9AD74CCa887Aff32ba09a121B1256fC9f052,PIG.png
Allbridge,ABR,MATIC,0x04429fbb948bbd09327763214b45e505a5293346,ABR.png
Okuru,XOT,MATIC,0x100432c8c862B42A2b93d784E7eBe5a61e4AcFAa,XOT.png
Davos.xyz USD,DUSD,MATIC,0xec38621e72d86775a89c7422746de1f52bba5320,DUSD.png
Davos.xyz USD,DUSD,MATIC,0x819d1daa794c1c46b841981b61cc978d95a17b8e,DUSD.png
Glo Dollar,USDGLO,MATIC,0x4F604735c1cF31399C6E711D5962b2B3E0225AD3,USDGLO.png
Derby Stars,DSRUN,MATIC,0xFf76c0B48363A7C7307868a81548d340049b0023,DSRUN.png
SPONGE,SPONGE,MATIC,0x53df32548214f51821cf1fe4368109ac5ddea1ff,SPONGE.png
Dollar,DOLLAR,MATIC,0x7f7DB10e385B3AAD82a9755F7dBE5082166141Bf,DOLLAR.png
CargoX,CXO,MATIC,0xf2ae0038696774d65e67892c9d301c5f2cbbda58,CXO.png
Verida,VDA,MATIC,0x683565196C3EAb450003C964D4bad1fd3068D4cC,VDA.png
Unagi Token,UNA,MATIC,0x0b6f3ea2814f3fff804ba5d5c237aebbc364fba9,UNA.png
Asia Coin,ASIA,MATIC,0x50bCBC40306230713239Ae1BdDD5eefEEaa273Dc,ASIA.png
Guardian,GUARD,MATIC,0xB0B2Ef34D412d73b0Ff90A709D1779A20655165A,GUARD.png
OPEN Ticketing Ecosystem,OPN,MATIC,0x7844F79FC841E4F92d974C417031c76F8578c2D5,OPN.png
dForce USD,USX,MATIC,0xCf66EB3D546F0415b368d98A95EAF56DeD7aA752,USX.png
Nitro League,NITRO,MATIC,0x695FC8B80F344411F34bDbCb4E621aA69AdA384b,NITRO.png
Stader MaticX,MATICX,MATIC,0xfa68fb4628dff1028cfec22b4162fccd0d45efb6,MATICX.png
LILLIUS,LLT,MATIC,0x0DdE4811C4DD68Dc740A1D7997F33fF46CD186a9,LLT.png
Naka Token,NKT,MATIC,0x5dd1cbf142F4B896D18aF835C1734363b0d50fB0,NKT.png
Fourth Star,FSTR,MATIC,0xBaB4286B2Bf88e070DA0aae411A168059B040E7f,FSTR.png
Burp,BURP,MATIC,0x538d47d142f6993038a667e9d6210d3735749b36,BURP.png
Egg N Partners,EGGT,MATIC,0x74c96c05d87C86cd640dE3EEB7B073811006b991,EGGT.png
UFORIKA,FORA,MATIC,0x081c280cD5C1c934DbAfc97A2aB2e596FfE7DFC4,FORA.png
OwlDAO,OWL,MATIC,0x9085b4d52c3e0b8b6f9af6213e85a433c7d76f19,OWL.png
NextEarth,NXTT,MATIC,0x0d0b8488222f7f83b23e365320a4021b12ead608,NXTT.png
Blueshift,BLUES,MATIC,0xadBd83BFc4Ff8A4f0BBf1d1B8D4780717a4E8Fb5,BLUES.png
ZARP Stablecoin,ZARP,MATIC,0xb755506531786C8aC63B756BaB1ac387bACB0C04,ZARP.png
Human,HMT,MATIC,0xc748b2a084f8efc47e086ccddd9b7e67aeb571bf,HMT.png
Wrapped USDR,WUSDR,MATIC,0x00e8c0E92eB3Ad88189E7125Ec8825eDc03Ab265,WUSDR.png
Amber Soul Stone,AMBER,MATIC,0x8865bc57c58be23137ace9ed1ae1a05fe5c8b209,AMBER.png
Morpher,MPH,MATIC,0x65c9e3289e5949134759119dbc9f862e8d6f2fbe,MPH.png
FireBotToken,FBX,MATIC,0xd125443f38a69d776177c2b9c041f462936f8218,FBX.png
Reental,RNT,MATIC,0x27Ab6E82F3458eDbC0703DB2756391B899Ce6324,RNT.png
CryptoFarmers,FARM,MATIC,0x5c15cdB9d43824DCA67Fceb1201e5aBeBE0b2CBc,FARM.png
Prospective,PROS,MATIC,0xea0941c6e067a4fb4399436ad3e2510eb36b419d,PROS.png
VirtuSwap,VRSW,MATIC,0x57999936fc9a9ec0751a8d146cce11901be8bed0,VRSW.png
ULTRON,ULX,MATIC,0xfA5d5DD2517EE9C1419534a16B132adDe2e3d948,ULX.png
Sketch Coin,SKETCH,MATIC,0x93B97cCD88EE8c4e2D58b0FcefEc0C80fa4F34bc,SKETCH.png
Dynamic Crypto Index,DCI,MATIC,0xc91953e110ebb0039859304a0d1b64f8450763fc,DCI.png
Ethermon,EMON,MATIC,0xd6a5ab46ead26f49b03bbb1f9eb1ad5c1767974a,EMON.png
POPKON,POPK,MATIC,0x428fb1055f5a0E7A59eC4B50216Db1CDF8E16Cc5,POPK.png
Metavault Trade,MVX,MATIC,0x2760e46d9bb43dafcbecaad1f64b93207f9f0ed7,MVX.png
YEL.Finance,YEL,MATIC,0x949185D3BE66775Ea648F4a306740EA9eFF9C567,YEL.png
Zoomer Coin,ZOOMER,MATIC,0xb2588731d8f6f854037936d6ffac4c13d0b6bd62,ZOOMER.png
Ribus,RIB,MATIC,0x3af2dd7b91d8faceccc26d21a065267817213d37,RIB.png
Wolf Works DAO,WWD,MATIC,0xD3144fF5F388D36C0A445686C08540296D8B209b,WWD.png
RadioShack,RADIO,MATIC,0x613a489785C95afEB3b404CC41565cCff107B6E0,RADIO.png
Real USD,USDR,MATIC,0x40379a439D4F6795B6fc9aa5687dB461677A2dBa,USDR.png
Croatia Football Association Fan Token,VATRENI,MATIC,0xd60deba014459f07bbcc077a5b817f31dafd5229,VATRENI.png
BitcoinX,BXC,MATIC,0x05f52cc483c50C2a7E25a13DAc17D736Fa50F259,BXC.png
GONE,GONE,MATIC,0x162539172b53e9a93b7d98fb6c41682de558a320,GONE.png
Roseon,ROSX,MATIC,0xA592055Db0F9218915C7383eddC057fB402b1DB4,ROSX.png
Balanced,BALN,MATIC,0x51260f53933db7C3319a61ee444fD9548cFF94D5,BALN.png
BlockchainSpace,GUILD,MATIC,0xAfF41DA975501E5b71848C975834341777D1a473,GUILD.png
Omnisea,OSEA,MATIC,0xd57f8b6f3e5d1e0ab85118f5e0dd893a08c43346,OSEA.png
Greever,GVL,MATIC,0x1a1027b2c787c362ae6e4a6495bfcc8fb3e9aebd,GVL.png
Fidira,FID,MATIC,0x9A4Eb698e5DE3D3Df0a68F681789072DE1E50222,FID.png
Shuffle,SFL,MATIC,0xbbe2b016271c22D3DE3f961480AF2941a0C4d067,SFL.png
Crepe Coin,CREPE,MATIC,0x5516d551af482b4eef4b909138d5e48e05a7f50a,CREPE.png
TMN Global,TMNG,MATIC,0xE57594F829b3d514EE12C41e81DF3861B19c26e3,TMNG.png
Kinetix Finance Token,KAI,MATIC,0x8ad3d3e6b1b7b65138bd508e48330b544539b2c3https://polygonscan.com/token/0x8ad3d3e6b1b7b65138bd508e48330b544539b2c3,KAI.png
Multi Universe Central,MUC,MATIC,0x03B92EBF0615D44D8C782C209E4405b74cb77D1d,MUC.png
Polynetica,POLLY,MATIC,0x53A7196EFf4049D1049574EBB0F4a10376913a3D,POLLY.png
Elk Finance,ELK,MATIC,0xeEeEEb57642040bE42185f49C52F7E9B38f8eeeE,ELK.png
Sheesha Finance Polygon,MSHEESHA,MATIC,0x88c949b4eb85a90071f2c0bef861bddee1a7479d,MSHEESHA.png
Trinity Of The Fabled,ABYS,MATIC,0x23001AE6cd2F0644C5846e156565998334FC2BE3,ABYS.png
Versus-X,VSX,MATIC,0xB8d5f5f236C24e09c7f55EEc313818742aC4cF79,VSX.png
TCGCoin 2.0,TCG2,MATIC,0x064424bE39D59EfBE2601027a6338D03DDE3d476,TCG2.png
PolyPad,POLYPAD,MATIC,0x30eA765D4DDA26e0f89e1B23A7c7b2526B7d29ec,POLYPAD.png
b0rder1ess,B01,MATIC,0xF36f79feb5d97e18C69078d8D13d941CaE447A04,B01.png
BiLira,TRYB,MATIC,0x4Fb71290Ac171E1d144F7221D882BECAc7196EB5,TRYB.png
Cryptopia,TOS,MATIC,0x50AA659E6aB263B77d61Ff44cF4A1090141e7111,TOS.png
CULO (Polygon),CULO,MATIC,0x74dD45dd579caD749f9381D6227e7e02277C944B,CULO.png
Bounty Temple,TYT,MATIC,0xE5cf781d9e6E92B051FFb8037a5d81981863EA82,TYT.png
Black Agnus,FTW,MATIC,0x306fD3e7b169Aa4ee19412323e1a5995B8c1a1f4,FTW.png
Banana,BANANA,MATIC,0xbc91347e80886453f3f8bbd6d7ac07c122d87735,BANANA.png
Regen Network,REGEN,MATIC,0xEc482De9569a5EA3Dd9779039b79e53F15791fDE,REGEN.png
Giveth,GIV,MATIC,0xddAFB91475bBf6210a151FA911AC8fdA7dE46Ec2,GIV.png
Midnight,NIGHT,MATIC,0xD33fd95fC17bc808b35e98458e078330F35Dbfa3,NIGHT.png
TETU,TETU,MATIC,0x255707B70BF90aa112006E1b07B9AeA6De021424,TETU.png
MetalSwap,XMT,MATIC,0xadBe0eac80F955363f4Ff47B0f70189093908c04,XMT.png
Alongside Crypto Market Index,AMKT,MATIC,0xB87904DB461005FC716a6BF9F2d451c33b10b80b,AMKT.png
Frankencoin,ZCHF,MATIC,0x02567e4b14b25549331fcee2b56c647a8bab16fd,ZCHF.png
RetaFi,RTK,MATIC,0x0052074d3eB1429F39E5eA529b54a650C21F5AA4,RTK.png
Space Token,SPACE,MATIC,0x1D1498166DDCEeE616a6d99868e1E0677300056f,SPACE.png
ION,ION,MATIC,0x68b741416153bBf5CB4FaEe0aA447f918fE5C322,ION.png
NASDEX,NSDX,MATIC,0xe8d17b127ba8b9899a160d9a07b69bca8e08bfc6,NSDX.png
AmazingTeamDAO,AMAZINGTEAM,MATIC,0xB345d6899e29805b99a47C9439e2e8a5eE0Eb755,AMAZINGTEAM.png
Jarvis Synthetic Euro,JEUR,MATIC,0x4e3decbb3645551b8a19f0ea1678079fcb33fb4c,JEUR.png
Taki Games,TAKI,MATIC,0xd872b7fFca41a67eDA85b04A9185c6b270006b58,TAKI.png
o-mee,OME,MATIC,0x8E0232183fDa2932A04601EadDAF90191e2bdfcd,OME.png
ShadowGold,SDG,MATIC,0x8bC3eC2E7973E64be582a90b08caDd13457160fE,SDG.png
Candy Pocket,CANDY,MATIC,0x32043520205367a68b527881fA594Bbc714f80ec,CANDY.png
PotCoin,POT,MATIC,0xd7c8469c7eC40f853dA5f651DE81b45aeD47e5aB,POT.png
Continuum World,UM,MATIC,0x3b1a0c9252ee7403093ff55b4a5886d49a3d837a,UM.png
TCG Verse,TCGC,MATIC,0x44acd96620b708162af4a90524f29a6839675533,TCGC.png
INRx,INRX,MATIC,0x4B3F37ED3FB1e60492C909F2746488778fA3A90b,INRX.png
Stable Coin,SBC,MATIC,0xfdcC3dd6671eaB0709A4C0f3F53De9a333d80798,SBC.png
Sheertopia,AMBO,MATIC,0x9B8B6A1298d34B3c4bBDDce8a7fF0149121592C1,AMBO.png
Gains Farm,GFARM2,MATIC,0x7075cab6bcca06613e2d071bd918d1a0241379e2,GFARM2.png
e-Money EUR,EEUR,MATIC,0x2D27E0E31f86bd8889300E5D8148BA7b231Cf1c1,EEUR.png
Genius,GENI,MATIC,0x444444444444c1a66f394025ac839a535246fcc8,GENI.png
GenomeFi,GENO,MATIC,0xCa730042595a1809793fbe2e9883c184c7Eb27Db,GENO.png
Shardus,ULT,MATIC,0xf0059cc2b3e980065a906940fbce5f9db7ae40a7,ULT.png
FODL Finance,FODL,MATIC,0x5314ba045a459f63906aa7c76d9f337dcb7d6995,FODL.png
NFT Champions,CHAMP,MATIC,0x8f9E8e833A69Aa467E42c46cCA640da84DD4585f,CHAMP.png
iNFTspace,INS,MATIC,0xb988bd378a0754957d5d9471c96e0f8051645a26,INS.png
Giddy,GIDDY,MATIC,0x67eb41a14c0fe5cd701fc9d5a3d6597a72f641a6,GIDDY.png
Aventis Metaverse,AVTM,MATIC,0x4E67b4598BcE5F0B2706407407da0D4D8e1D7433,AVTM.png
SRCGAME,SGM,MATIC,0x5332d2B3Bb62035566b24E987BD58C0715714E27,SGM.png
Axion,AXN,MATIC,0x839f1a22a59eaaf26c85958712ab32f80fea23d9,AXN.png
Trace Network Labs,TRACE,MATIC,0x4287f07cbe6954f9f0decd91d0705c926d8d03a4,TRACE.png
Nexus Dubai,NXD,MATIC,0x228b5c21ac00155cf62c57bcc704c0da8187950b,NXD.png
EADX Token,EDX,MATIC,0x45a1e48daf3f6a55efbbd067380f4601300baa7a,EDX.png
SX Network,SX,MATIC,0x840195888Db4D6A99ED9F73FcD3B225Bb3cB1A79,SX.png
Aavegotchi ALPHA,ALPHA,MATIC,0x6a3e7c3c6ef65ee26975b12293ca1aad7e1daed2,ALPHA.png
BundlesBets V2,BUND,MATIC,0x47dae46d31f31f84336ac120b15efda261d484fb,BUND.png
Dragon Soul Token,DST,MATIC,0x3b7e1ce09afe2bb3a23919afb65a38e627cfbe97,DST.png
Graphite Network,@G,MATIC,0x440017A1b021006d556d7fc06A54c32E42Eb745B,@G.png
Flare Token,1FLR,MATIC,0x5f0197ba06860dac7e31258bdf749f92b6a636d4,1FLR.png
Bit2Me,B2M,MATIC,0xe613a914bbb433855378183c3ab13003285da40a,B2M.png
GIB,GIB,MATIC,0x3efcd659b7a45d14dda8a102836ce4b765c42324,GIB.png
Monsoon Finance,MCASH,MATIC,0xa25610a77077390a75ad9072a084c5fbc7d43a0d,MCASH.png
Karmaverse,KNOT,MATIC,0xb763F1177E9B2Fb66FBe0d50372E3e2575c043e5,KNOT.png
Aavegotchi KEK,KEK,MATIC,0x42e5e06ef5b90fe15f853f59299fc96259209c5c,KEK.png
99Starz,STZ,MATIC,0x2c92a8a41f4b806a6f6f1f7c9d9dec78dcd8c18e,STZ.png
Mean DAO,MEAN,MATIC,0x4867B60aD7C6aDc98653f661f1AEA31740986bA5,MEAN.png
Aavegotchi FUD,FUD,MATIC,0x403e967b044d4be25170310157cb1a4bf10bdd0f,FUD.png
Aavegotchi FOMO,FOMO,MATIC,0x44a6e0be76e1d9620a7f76588e4509fe4fa8e8c8,FOMO.png
ITSBLOC,ITSB,MATIC,0x998013798440d44c1dd4c767bdd9580e16e46e28,ITSB.png
CrowdSwap,CROWD,MATIC,0x483dd3425278c1f79f377f1034d9d2cae55648b6,CROWD.png
Chain Games,CHAIN,MATIC,0xd55fCe7CDaB84d84f2EF3F99816D765a2a94a509,CHAIN.png
MatikaToken,MTIK,MATIC,0xd17dCDe92f08c69fA9c4949063918130Dca64DCB,MTIK.png
GGDApp,GGTK,MATIC,0x49b1be61a8ca3f9a9f178d6550e41e00d9162159,GGTK.png
Pay It Now,PIN,MATIC,0xA2C638b78783E9aFe26a16EC8b11DE54Eb169360,PIN.png
Angry Bulls Club,ABC,MATIC,0xce899f5fcf55b0c1d7478910f812cfe68c5bcf0f,ABC.png
Exohood,EXO,MATIC,0xbd8005612124DC30601E22D8B5d188A89767c640,EXO.png
Million,MM,MATIC,0x5647Fe4281F8F6F01E84BCE775AD4b828A7b8927,MM.png
Pine,PINE,MATIC,0x612D833c0c7A54cdfBe9a4328B6d658020563Ec0,PINE.png
Hanu Yokia,HANU,MATIC,0x709a4b6217584188ddb93c82f5d716d969acce1c,HANU.png
UNIVERSAL CASH,UCASH,MATIC,0xa94880d3a4b39746e90cdb57f8de3732c984de14,UCASH.png
Binance Smart Chain Girl,BSCGIRL,MATIC,0x4E9A46EA6A22f3894aBEE2302Ad42fd3b69E21E2,BSCGIRL.png
Quidd,QUIDD,MATIC,0x123706cDD8e60324e610E9A2CC7012D0F45A5b8E,QUIDD.png
Summer,SUMMER,MATIC,0xdd28ec6b06983d01D37DbD9Ab581d8d884d95264,SUMMER.png
X Protocol,POT,MATIC,0xbcb98d98704fce7abda63bf733af2a9e28c161c8,POT.png
NFTY Token,NFTY,MATIC,0xCC081220542a60A8Ea7963C4F53D522b503272c1,NFTY.png
Open Rights Exchange,ORE,MATIC,0xd52f6ca48882be8fbaa98ce390db18e1dbe1062d,ORE.png
Base Carbon Tonne,BCT,MATIC,0x2f800db0fdb5223b3c3f354886d907a671414a7f,BCT.png
Crypto Global United,CGU,MATIC,0x709d140925272ee606825781b1bef7be6b1412cd,CGU.png
Attack Wagon,ATK,MATIC,0xf868939ee81f04f463010bc52eab91c0839ef08c,ATK.png
Torah Network,VP,MATIC,0xf46cb10e8c5fb9368bbf497a3176b80c0af66d44,VP.png
Aree Shards,AES,MATIC,0x2A07461a493b994C2a32f549Fd185524f306aB38,AES.png
Spring,SPRING,MATIC,0x70d59baA5ab360b2723dD561415bdBcD4435E1C4,SPRING.png
Snook,SNK,MATIC,0x689f8e5913c158ffb5ac5aeb83b3c875f5d20309,SNK.png
MEDIEUS,MDUS,MATIC,0xab9cb20a28f97e189ca0b666b8087803ad636b3C,MDUS.png
Ethical Finance,ETHI,MATIC,0xf4584D3067Ce2f1C3C0779D91bb960678f8fF1dE,ETHI.png
Pegaxy,PGX,MATIC,0xc1c93D475dc82Fe72DBC7074d55f5a734F8cEEAE,PGX.png
Tutellus,TUT,MATIC,0x12a34a6759c871c4c1e8a0a42cfc97e4d7aaf68d,TUT.png
MM Finance (Polygon),MMF,MATIC,0x22a31bD4cB694433B6de19e0aCC2899E553e9481,MMF.png
Sekuritance,SKRT,MATIC,0xe51e88dd08499762b8e4eb3a9f3da9b8e79608c3,SKRT.png
Duet Protocol,DUET,MATIC,0xE8521b61f64Fc45A0bC3db36D2A524fe61a69b52,DUET.png
Energy8,E8,MATIC,0x08e175a1eac9744a0f1ccaeb8f669af6a2bda3ce,E8.png
Autumn,AUTUMN,MATIC,0xfbA4d30e964E40775C95B58AcF6b5A621b929c0a,AUTUMN.png
Polycat Finance,FISH,MATIC,0x3a3Df212b7AA91Aa0402B9035b098891d276572B,FISH.png
DragonMaster,DMT,MATIC,0x04F177FCacF6fB4d2F95d41d7D3fee8E565cA1d0,DMT.png
Ethereum Meta,ETHM,MATIC,0x55b1a124c04a54eefdefe5fa2ef5f852fb5f2f26,ETHM.png
reBaked,BAKED,MATIC,0x32515ffdc3a84cfbf9ad4db14ef8f0a535c7afd6,BAKED.png
Liquidus (old),LIQ,MATIC,0x4036f3d9c45a20f44f0b8b85dd6ca33005ff9654,LIQ.png
Kassandra,KACY,MATIC,0x366e293a5cf90a0458d9ff9f3f92234da598f62e,KACY.png
Global Token,GBL,MATIC,0xC14A7747cFec02CfeA62E72BB93538DE6B2078E6,GBL.png
Lucre Way,LCR,MATIC,0x8da57fFAb00442f1feecE9BE6813b15e44a78C41,LCR.png
DragonMaster,TOTEM,MATIC,0x1aDCef5c780d8895AC77E6Ee9239B4b3eCb76DA2,TOTEM.png
PIVN,PIVN,MATIC,0x38a232cabb8a7f745c7d6e0a5bf300e3499aa8a6,PIVN.png
Mimir Token,MIMIR,MATIC,0xd1790c5435b9fb7c9444c749cefe53d40d751eac,MIMIR.png
Qawalla,QWLA,MATIC,0x4fafad147c8cd0e52f83830484d164e960bdc6c3,QWLA.png
BOB,BOB,MATIC,0xb0b195aefa3650a6908f15cdac7d92f8a5791b0b,BOB.png
Vent Finance,VENT,MATIC,0xf21441f9ec4c1fe69cb7cf186eceab31af2b658d,VENT.png
NFTBooks,NFTBS,MATIC,0x6396252377F54ad33cFF9131708Da075b21d9B88,NFTBS.png
BETHEL,BECX,MATIC,0x6B7Cd2b0863e9e80b425566fEbBe15309Bb1803d,BECX.png
renZEC,RENZEC,MATIC,0x31a0D1A199631D244761EEba67e8501296d2E383,RENZEC.png
PayRue (Propel),PROPEL,MATIC,0xe0ce60af0850bf54072635e66e79df17082a1109,PROPEL.png
JPY Coin v1,JPYC,MATIC,0x6AE7Dfc73E0dDE2aa99ac063DcF7e8A63265108c,JPYC.png
Safle,SAFLE,MATIC,0x04b33078Ea1aEf29bf3fB29c6aB7B200C58ea126,SAFLE.png
Crypto Royale,ROY,MATIC,0x68EE0D0aad9e1984aF85CA224117E4D20eaF68BE,ROY.png
Flurry Finance,FLURRY,MATIC,0x9cD733ffe21806b9a8943ee1C3889faE7eE8E1c7,FLURRY.png
Mechanium,MECHA,MATIC,0xacd4e2d936be9b16c01848a3742a34b3d5a5bdfa,MECHA.png
Space Rebase XUSD,XUSD,MATIC,0x81ee105457c4eafc061b8c8fedc7bb45d22286d2,XUSD.png
Mobius Finance,MOT,MATIC,0x2db0Db271a10661e7090b6758350E18F6798a49D,MOT.png
Winter,WINTER,MATIC,0x51540D15957bDC0fdb87d32616c8d658D59f77C6,WINTER.png
Adamant,ADDY,MATIC,0xc3FdbadC7c795EF1D6Ba111e06fF8F16A20Ea539,ADDY.png
One,GMIX,MATIC,0x5a3999445d4cb78b8560b9083eee7db56f9f046e,GMIX.png
Corgidoge,CORGI,MATIC,0xa7a7d9a299fffe99f6e55fcbac94e4b884b30fbb,CORGI.png
QiDao,QI,MATIC,0x580a84c73811e1839f75d86d75d88cca0c241ff4,QI.png
ChainPort,PORTX,MATIC,0x189586b5f6317538ae50c20a976597da38984a24,PORTX.png
Tangible,TNGBL,MATIC,0x49e6A20f1BBdfEeC2a8222E052000BbB14EE6007,TNGBL.png
PolygonFarm Finance,SPADE,MATIC,0xf5EA626334037a2cf0155D49eA6462fDdC6Eff19,SPADE.png
Proxy,PRXY,MATIC,0xab3d689c22a2bb821f50a4ff0f21a7980dcb8591,PRXY.png
CoinCollect,COLLECT,MATIC,0x56633733fc8BAf9f730AD2b6b9956Ae22c6d4148,COLLECT.png
Okcash,OK,MATIC,0xd3Ac016b1B8C80EeAdDe4D186A9138C9324e4189,OK.png
PolyBeta Finance,BETA,MATIC,0xaC3090B7042FCA2cDBF233022e4a9823a032600c,BETA.png
GNFT,GNFT,MATIC,0xE58e8391BA17731C5671F9c6E00e420608Dca10e,GNFT.png
BUILD,BUILD,MATIC,0xe94845Ac6782A2E71C407ABe4D5201445C26a62B,BUILD.png
BitCanna,BCNA,MATIC,0xbcAe3a93bFa5258fEDB78758d45E03e3C2bda3E8,BCNA.png
Artmeta,MART,MATIC,0xDcfF29b7bd211Aaef6E4a3989e4d3F732cF5b4b6,MART.png
Cometh,MUST,MATIC,0x9c78ee466d6cb57a4d01fd887d2b5dfb2d46288f,MUST.png
Maxity,MAX,MATIC,0x495d21186D4Ef81a9D3288cb551d55685e3bC290,MAX.png
Minebase,MBASE,MATIC,0x291aa47C58558aDfc2bCD6f060578FDAE1F6570C,MBASE.png
Raptor Finance,RPTR,MATIC,0x94f405fb408ad743418d10f4926cb9cdb53b2ef7,RPTR.png
Unreal Finance,UGT,MATIC,0xBa4c54Ea2d66b904C82847A7d2357d22B857E812,UGT.png
Daily COP,DLYCOP,MATIC,0x1659fFb2d40DfB1671Ac226A0D9Dcc95A774521A,DLYCOP.png
LunaChow,LUCHOW,MATIC,0xc4bb7277a74678f053259cb1f96140347efbfd46,LUCHOW.png
Mainstream For The Underground,MFTU,MATIC,0xc46a37fbbe433ef24bc7b9388c8728ddcf3ca87c,MFTU.png
DexKit,KIT,MATIC,0x4d0def42cf57d6f27cd4983042a55dce1c9f853c,KIT.png
KogeCoin.io,KOGECOIN,MATIC,0x13748d548d95d78a3c83fe3f32604b4796cffa23,KOGECOIN.png
Wistaverse,WISTA,MATIC,0xB7042C40De76CFc607aC05e68F9C28A778F0C8a6,WISTA.png
CoinPoker,CHP,MATIC,0x59B5654a17Ac44F3068b3882F298881433bB07Ef,CHP.png
Minerva Wallet,MIVA,MATIC,0xC0b2983A17573660053BEEED6FDb1053107cf387,MIVA.png
Timeleap Finance,TIME,MATIC,0x5c59d7cb794471a9633391c4927ade06b8787a90,TIME.png
TOZEX,TOZ,MATIC,0xd7a24d22cb1e94a4cf71e2e8338849382a7877bb,TOZ.png
Oath,OATH,MATIC,0xC2C52FF5134596f5FF1b1204d3304228f2432836,OATH.png
PolyCub,POLYCUB,MATIC,0x7cc15fef543f205bf21018f038f591c6bada941c,POLYCUB.png
Dragoma,DMA,MATIC,0x16DFb898cf7029303c2376031392cb9baC450f94,DMA.png
Rise of Elves,ROE,MATIC,0x1dc43be95b7a05987f1261cb388c129bb53ea599,ROE.png
TSUBASA UT on Polygon,TSUBASAUT,MATIC,0x5A7BB7B8EFF493625A2bB855445911e63A490E42,TSUBASAUT.png
Shibaken Finance,SHIBAKEN,MATIC,0xa0cb0ce7c6d93a7ebd72952feb4407dddee8a194,SHIBAKEN.png
JUGNI,JUGNI,MATIC,0xe313bcb77dba15f39ff0b9ceabe140cedd0953cb,JUGNI.png
Healthmedi,HMD,MATIC,0xDD14C9059A5ebA25a41997efc106ce0A9664b53a,HMD.png
Crosschain IOTX,CIOTX,MATIC,0x300211Def2a644b036A9bdd3e58159bb2074d388,CIOTX.png
Decentral Games Governance (xDG),xDG,MATIC,0xc6480Da81151B2277761024599E8Db2Ad4C388C8,xDG.png
StrongNode Edge,SNE,MATIC,0x32934CB16DA43fd661116468c1B225Fc26CF9A8c,SNE.png
BetSwirl,BETS,MATIC,0x94025780a1ab58868d9b2dbbb775f44b32e8e6e5,BETS.png
Grapeswap,GRAPE,MATIC,0x17757dcE604899699b79462a63dAd925B82FE221,GRAPE.png
Scaleswap,SCA,MATIC,0x11a819Beb0AA3327E39f52F90d65Cc9bCA499F33,SCA.png
Crystl Finance,CRYSTL,MATIC,0x76bF0C28e604CC3fE9967c83b3C3F31c213cfE64,CRYSTL.png
PolyPup Finance,COLLAR,MATIC,0x8DF26a1BD9bD98e2eC506fc9d8009954716A05DC,COLLAR.png
Cryptomeda,TECH,MATIC,0x6286A9e6f7e745A6D884561D88F94542d6715698,TECH.png
TORG,TORG,MATIC,0xe9993763e0b7f7d915a62a5f22a6e151f91d98a8,TORG.png
Kitsumon,$KMC,MATIC,0x44d09156c7b4acf0c64459fbcced7613f5519918,$KMC.png
Evodefi,GENX,MATIC,0x3ecdeb8fc5023839b92b0c293d049d61069e02b1,GENX.png
Matrix Labs,MATRIX,MATIC,0x211f4e76fcb811ed2b310a232a24b3445d95e3bc,MATRIX.png
Infinity Skies,ISKY,MATIC,0x5DFD5edFde4d8EC9e632dCA9d09Fc7E833f74210,ISKY.png
PDDOLLAR,PDD,MATIC,0x146e58d34eab0bff7e0a63cfe9332908d680c667,PDD.png
Penrose Finance,PEN,MATIC,0x9008D70A5282a936552593f410AbcBcE2F891A97,PEN.png
moonwolf.io,WOLF,MATIC,0x8f18dC399594b451EdA8c5da02d0563c0b2d0f16,WOLF.png
CoinsPaid,CPD,MATIC,0x1ce4a2c355f0dcc24e32a9af19f1836d6f4f98ae,CPD.png
JetSwap pWings,pWINGS,MATIC,0x845e76a8691423fbc4ecb8dd77556cb61c09ee25,pWINGS.png
WePiggy Coin,WPC,MATIC,0x6F620EC89B8479e97A6985792d0c64F237566746,WPC.png
Dystopia,DYST,MATIC,0x39ab6574c289c3ae4d88500eec792ab5b947a5eb,DYST.png
MILO Project,MILO,MATIC,0xd0AC5Be680Bfbc0f1958413f4201f91934F61BEA,MILO.png
L3USD,L3USD,MATIC,0x2c2d8a078b33bf7782a16acce2c5ba6653a90d5f,L3USD.png
Saiyan PEPE,SPEPE,MATIC,0xfca466f2fa8e667a517c9c6cfa99cf985be5d9b1,SPEPE.png
SupremeX,SXC,MATIC,0x46d3EC8CE3eC767414F16FE12176De23E3E5B46A,SXC.png
Bitcoin Pro,BTCP,MATIC,0x939dbA50a98A0a4dA1BE61FF0C32Fd51c8c81627,BTCP.png
AGA Token,AGA,MATIC,0x033d942a6b495c4071083f4cde1f17e986fe856c,AGA.png
Barter,BRTR,MATIC,0x6e7f6a2404ff6b4363b0a5085dbf7b78d46e04d7,BRTR.png
Action Coin,ACTN,MATIC,0x5431390f6a98ae2baa92c3da0690272e1554a50e,ACTN.png
BSCStarter,START,MATIC,0x6ccf12b480a99c54b23647c995f4525d544a7e72,START.png
Pika,PIKA,MATIC,0xFFb89d7637Cf4860884ED48b57Ae5562bF64e10F,PIKA.png
MacaronSwap,MCRN,MATIC,0xBA25B552C8A098AFdf276324C32C71fE28e0Ad40,MCRN.png
UMI,UMI,MATIC,0x10adf16a60f0020477c70473d6ea595d9bc29372,UMI.png
Spherium,SPHRI,MATIC,0x2fd4d793c1905d82018d75e3b09d3035856890a1,SPHRI.png
Memecoin,MEM,MATIC,0x42dbbd5ae373fea2fc320f62d44c058522bb3758,MEM.png
NFTmall,GEM,MATIC,0x4A7b9A4589A88A06ca29F99556dB08234078D727,GEM.png
Shibaverse,VERSE,MATIC,0xa1388e73c51b37383b1ab9dce8317ef5a0349cc5,VERSE.png
Riot Racers,RIOT,MATIC,0x4ff0b68abc2b9e4e1401e9b691dba7d66b264ac8,RIOT.png
LunarCrush,LUNR,MATIC,0xbbfe0b60de96a189bf09079de86a2db7bf0c7883,LUNR.png
GameStation,GAMER,MATIC,0x3f6b3595ecf70735d3f48d69b09c4e4506db3f47,GAMER.png
xDollar Stablecoin,XUSD,MATIC,0x3a3e7650f8b9f667da98f236010fbf44ee4b2975,XUSD.png
SPORTZCHAIN,SPN,MATIC,0xa3C53b53Fe43083aa31c6F32ffe90C4d91b44391,SPN.png
Patriot Pay,PPY,MATIC,0xfd55e4a6767ff7ffc0b8105262a8cdaabe7fbf3f,PPY.png
Rice Wallet,RICE,MATIC,0x60138EFCeB1F7D8e10C8Cb89bb61BbDbEeBB4Ffc,RICE.png
SafeSwap,SSGTX,MATIC,0xd0cfd20e8bbdb7621b705a4fd61de2e80c2cd02f,SSGTX.png
LUXY,LUXY,MATIC,0xd4945a3d0de9923035521687d4bf18cc9b0c7c2a,LUXY.png
humanDAO,HDAO,MATIC,0x72928d5436ff65e57f72d5566dcd3baedc649a88,HDAO.png
Geopoly,GEO$,MATIC,0xf1428850f92b87e629c6f3a3b75bffbc496f7ba6,GEO$.png
Empower,MPWR,MATIC,0x47C52F93A359dB9F4509005CF982DFc440790561,MPWR.png
Marvelous NFTs (Bad Days),MNFT,MATIC,0xd281aF594Cbb99E8469f3591D57A0C72EB725bdB,MNFT.png
Sunflower Farm,SFF,MATIC,0xdf9b4b57865b403e08c85568442f95c26b7896b0,SFF.png
BTC Proxy,BTCPX,MATIC,0x9c32185b81766a051e08de671207b34466dd1021,BTCPX.png
KridaFans,KRIDA,MATIC,0x3c5a5885f6ee4acc2597069fe3c19f49c6efba96,KRIDA.png
FoodChain Global,FOOD,MATIC,0x6F06e6beD64cF4c4187c06Ee2a4732f6a171BC4e,FOOD.png
Time Raiders,XPND,MATIC,0x03f61137BFb86be07394f0FD07a33984020F96D8,XPND.png
Universal Store of Value,USV,MATIC,0xAC63686230f64BDEAF086Fe6764085453ab3023F,USV.png
Gooeys,GOO,MATIC,0x6F3Cc27E17a0f2e52D8e7693FF0d892Cea1854bF,GOO.png
VersaGames,VERSA,MATIC,0x8497842420cFdbc97896C2353D75d89Fc8D5Be5D,VERSA.png
GeniuX,IUX,MATIC,0x346404079b3792a6c548b072b9c4dddfb92948d5,IUX.png
ABCMETA,META,MATIC,0xedcfb6984a3c70501baa8b7f5421ae795ecc1496,META.png
EQ9,EQ9,MATIC,0x3963a400b42377376d6c3d92ddf2d6288d8ee0d6,EQ9.png
Interport Token,ITP,MATIC,0x2b1d36f5b61addaf7da7ebbd11b35fd8cfb0de31,ITP.png
Interport Token,ITP,MATIC,0x2b1d36f5b61addaf7da7ebbd11b35fd8cfb0de31,ITP.png
Calvaria: Duels of Eternity,RIA,MATIC,0xF9cea445c2Ac1668f50CAa2c2924F93606a4a37d,RIA.png
Black Stallion,BS,MATIC,0x0C47298beEe5203358e7Bc30B9954B584361eAB5,BS.png
Cool Cats MILK,MILK,MATIC,0x1599fe55cda767b1f631ee7d414b41f5d6de393d,MILK.png
Reel Token,Reelt,MATIC,0x19CcfE396006ffe7A92Ab667b0ef90CE61B66f9f,Reelt.png
THX Network,THX,MATIC,0x2934b36ca9a4b31e633c5be670c8c8b28b6aa015,THX.png
World$tateCoin,W$C,MATIC,0x77a6f2e9a9e44fd5d5c3f9be9e52831fc1c3c0a0,W$C.png
Meeds,MEED,MATIC,0x6aca77cf3bab0c4e8210a09b57b07854a995289a,MEED.png
FryNetworks,FRY,MATIC,0x22E61C07F898Cc0a17826dE622793A6Cc2935c37,FRY.png
NFTEarthOFT,NFTE,MATIC,0x492Fa53b88614923937B7197C87E0F7F8EEb7B20,NFTE.png
FOOM,FOOM,MATIC,0x2e250061938231e8d85C9D2D3313DEe6674f6609,FOOM.png
Seamans Token,SEAT,MATIC,0xc79FC2885e207E1C4cc69Cf94402DD1a5642452e,SEAT.png
Bonkcon,BONKCON,MATIC,0x203c542e5918a1ec2204bfb782c043cc4f3024fa,BONKCON.png
BITmarkets,BTMT,MATIC,0x0fCed30234C3ea94A7B47cC88006ECb7A39Dc30E,BTMT.png
Chikochain,WCHK,MATIC,0x19Bd90FB07065442bD61b104C7248E11E317dc15,WCHK.png
WETH,WETH,MATIC,0x7ceb23fd6bc0add59e62ac25578270cff1b9f619,WETH.png
WETH,WETH,MATIC,0x4f9a0e7fd2bf6067db6994cf12e4495df938e6e9,WETH.png
Wrapped Bitcoin,WBTC,MATIC,0x1bfd67037b42cf73acf2047067bd4f2c47d9bfd6,WBTC.png
Wrapped BNB,WBNB,MATIC,0xecdcb5b88f8e3c15f95c720c51c71c9e2080525d,WBNB.png
Lido wstETH,WSTETH,MATIC,0x03b54a6e9a984069379fae1a4fc4dbae93b3bccd,WSTETH.png
Wrapped Solana,SOL,MATIC,0xd93f7e271cb87c23aaa73edc008a79646d1f9912,SOL.png
USD Coin Bridged,USDC.e,MATIC,0x2791bca1f2de4661ed88a30c99a7a9449aa84174,USDC.e.png
Frax Staked Ether,SFRXETH,MATIC,0x6d1FdBB266fCc09A16a22016369210A15bb95761,SFRXETH.png
Frax Staked Ether,SFRXETH,MATIC,0x7c2af1fb79d0b1c67d4eb802d44c673d0a1d2c04,SFRXETH.png
tBTC,TBTC,MATIC,0x236aa50979D5f3De3Bd1Eeb40E81137F22ab794b,TBTC.png
Ankr Staked ETH,ankrETH,MATIC,0xc4e82ba0fe6763cbe5e9cbca0ba7cbd6f91c6018,ankrETH.png
Ankr Staked ETH,ankrETH,MATIC,0x12d8ce035c5de3ce39b1fdd4c1d5a745eaba3b8c,ankrETH.png
Wrapped Matic,WMATIC,MATIC,0x0d500b1d8e8ef31e21c99d1db9a6444d3adf1270,WMATIC.png
Lido Staked Matic,stMATIC,MATIC,0x3A58a54C066FdC0f2D55FC9C89F0415C92eBf3C4,stMATIC.png
crvUSD,CRVUSD,MATIC,0xc4Ce1D6F5D98D65eE25Cf85e9F2E9DcFEe6Cb5d6,CRVUSD.png
renBTC,RENBTC,MATIC,0xDBf31dF14B66535aF65AaC99C32e9eA844e14501,RENBTC.png
Axelar Wrapped USDC,axlUSDC,MATIC,0x750e4C4984a9e0f12978eA6742Bc1c5D248f40ed,axlUSDC.png
Wrapped Kaspa,WKAS,MATIC,0x3562ddf1f5ce2c02ef109e9d5a72e2fdb702711d,WKAS.png
pTokens BTC,pBTC,MATIC,0xd7ecf95cf7ef5256990beaf4ac895cd9e64cb947,pBTC.png
Ankr Staked MATIC,ankrMATIC,MATIC,0x0E9b89007eEE9c958c0EDA24eF70723C2C93dD58,ankrMATIC.png
teleBTC,TELEBTC,MATIC,0x3BF668Fe1ec79a84cA8481CEAD5dbb30d61cC685,TELEBTC.png
Tether USDt,USDT,ARB,0xFd086bC7CD5C481DCC9C85ebE478A1C0b69FCbb9,USDT.png
Chainlink,LINK,ARB,0xf97f4df75117a78c1A5a0DBb814Af92458539FB4,LINK.png
USDC,USDC,ARB,0xaf88d065e77c8cC2239327C5EDb3A432268e5831,USDC.png
Dai,DAI,ARB,0xDA10009cBd5D07dd0CeCc66161FC93D7c9000da1,DAI.png
Uniswap,UNI,ARB,0xFa7F8980b0f1E64A2062791cc3b0871572f1F7f0,UNI.png
Arbitrum,ARB,ARB,0x912CE59144191C1204E64559FE8253a0e49E6548,ARB.png
Ethena USDe,USDe,ARB,0x5d3a1ff2b6bab83b63cd9ad0787074081a52ef34,USDe.png
Curve DAO Token,CRV,ARB,0x11cDb42B0EB46D95f990BeDD4695A6e3fA034978,CRV.png
The Graph,GRT,ARB,0x9623063377AD1B27544C965cCd7342f7EA7e88C7,GRT.png
PancakeSwap,CAKE,ARB,0x1b896893dfc86bb67Cf57767298b9073D2c1bA2c,CAKE.png
Lido DAO,LDO,ARB,0x13Ad51ed4F1B7e9Dc168d8a00cB3f4dDD85EfA60,LDO.png
Bonk,BONK,ARB,0x09199d9a5f4448d0848e4395d065e1ad9c4a1f74,BONK.png
Gnosis,GNO,ARB,0xa0b862f60edef4452f25b4160f177db44deb6cf1,GNO.png
TrueUSD,TUSD,ARB,0x4D15a3A2286D883AF0AA1B3f21367843FAc63E07,TUSD.png
Pendle,PENDLE,ARB,0x0c880f6761f1af8d9aa9c466984b80dab9a8c9e8,PENDLE.png
Axelar,AXL,ARB,0x23ee2343B892b1BB63503a4FAbc840E0e2C6810f,AXL.png
LayerZero,ZRO,ARB,0x6985884c4392d348587b19cb9eaaf157f13271cd,ZRO.png
Wormhole,W,ARB,0xB0fFa8000886e57F86dd5264b9582b2Ad87b2b91,W.png
Ankr,ANKR,ARB,0xAeAeeD23478c3a4b798e4ed40D8B7F41366Ae861,ANKR.png
SushiSwap,SUSHI,ARB,0xd4d42f0b6def4ce0383636770ef773390d85c61a,SUSHI.png
WOO,WOO,ARB,0xcafcd85d8ca7ad1e1c6f82f651fa15e33aefd07b,WOO.png
ether.fi,ETHFI,ARB,0x7189fb5B6504bbfF6a852B13B7B82a3c118fDc27,ETHFI.png
Aethir,ATH,ARB,0xc87b37a581ec3257b734886d9d3a581f5a9d056c,ATH.png
UXLINK,UXLINK,ARB,0x1A6B3A62391ECcaaa992ade44cd4AFe6bEC8CfF1,UXLINK.png
yearn.finance,YFI,ARB,0x82e3A8F066a6989666b031d916c43672085b1582,YFI.png
Frax,FRAX,ARB,0x17FC002b466eEc40DaE837Fc4bE5c67993ddBd6F,FRAX.png
GMX,GMX,ARB,0xfc5a1a6eb076a2c7ad06ed22c90d7e710e35ad0a,GMX.png
Ondo US Dollar Yield,USDY,ARB,0x35e050d3C0eC2d29D269a8EcEa763a183bDF9A9D,USDY.png
Usual USD,USD0,ARB,0x35f1C5cB7Fb977E669fD244C567Da99d8a3a6850,USD0.png
Frax Share,FXS,ARB,0x9d2f299715d94d8a7e6f5eaa8e654e8c74a988a7,FXS.png
Animecoin,ANIME,ARB,0x37a645648df29205c6261289983fb04ecd70b4b3,ANIME.png
IQ,IQ,ARB,0xce4DB2ce8cCa463f8Aa1e2174C244Ba4a8d672cB,IQ.png
Balancer,BAL,ARB,0x040d1edc9569d4bab2d15287dc5a4f10f56a56b8,BAL.png
Venus,XVS,ARB,0xc1eb7689147c81ac840d4ff0d298489fc7986d52,XVS.png
Spell Token,SPELL,ARB,0x3e6648c5a70a150a88bce65f4ad4d506fe15d2af,SPELL.png
World Mobile Token,WMTX,ARB,0xDBB5Cf12408a3Ac17d668037Ce289f9eA75439D7,WMTX.png
Orbs,ORBS,ARB,0xf3C091ed43de9c270593445163a41A876A0bb3dd,ORBS.png
Tellor,TRB,ARB,0xd58D345Fd9c82262E087d2D0607624B410D88242,TRB.png
Cartesi,CTSI,ARB,0x319f865b287fCC10b30d8cE6144e8b6D1b476999,CTSI.png
Marlin,POND,ARB,0xda0a57b710768ae17941a9fa33f8b720c8bd9ddd,POND.png
JOE,JOE,ARB,0x371c7ec6D8039ff7933a2AA28EB827Ffe1F52f07,JOE.png
Xai,XAI,ARB,0x4Cb9a7AE498CEDcBb5EAe9f25736aE7d428C9D66,XAI.png
dForce,DF,ARB,0xaE6aab43C4f3E0cea4Ab83752C278f8dEbabA689,DF.png
Kyber Network Crystal v2,KNC,ARB,0xe4dddfe67e7164b0fe14e218d80dc4c08edc01cb,KNC.png
Synapse,SYN,ARB,0x080f6aed32fc474dd5717105dba5ea57268f46eb,SYN.png
Treasure,MAGIC,ARB,0x539bdE0d7Dbd336b79148AA742883198BBF60342,MAGIC.png
Autonolas,OLAS,ARB,0x064f8b858c2a603e1b106a2039f5446d32dc81c1,OLAS.png
CARV,CARV,ARB,0xc08Cd26474722cE93F4D0c34D16201461c10AA8C,CARV.png
DODO,DODO,ARB,0x69Eb4FA4a2fbd498C257C57Ea8b7655a2559A581,DODO.png
Badger DAO,BADGER,ARB,0xbfa641051ba0a0ad1b0acf549a89536a0d76472e,BADGER.png
Seedify.fund,SFUND,ARB,0x560363BdA52BC6A44CA6C8c9B4a5FadbDa32fa60,SFUND.png
ApeX Protocol,APEX,ARB,0x61a1ff55c5216b636a294a07d77c6f4df10d3b56,APEX.png
SmarDex,SDEX,ARB,0xabd587f2607542723b17f14d00d99b987c29b074,SDEX.png
Hey Anon,ANON,ARB,0x79bbf4508b1391af3a0f4b30bb5fc4aa9ab0e07c,ANON.png
Stargate Finance,STG,ARB,0x6694340fc020c5e6b96567843da2df01b2ce1eb6,STG.png
Osaka Protocol,OSAK,ARB,0xbfd5206962267c7b4b4a8b3d76ac2e1b2a5c4d5e,OSAK.png
Lift Dollar,USDL,ARB,0x7f850b0ab1988dd17b69ac564c1e2857949e4dee,USDL.png
MOBOX,MBOX,ARB,0xdA661fa59320B808c5a6d23579fCfEdf1FD3cf36,MBOX.png
Gains Network,GNS,ARB,0x18c11FD286C5EC11c3b683Caa813B77f5163A122,GNS.png
Maverick Protocol,MAV,ARB,0x7448c7456a97769F6cD04F1E83A4a23cCdC46aBD,MAV.png
ViciCoin,VCNT,ARB,0x60bf4E7cF16Ff34513514b968483B54Beff42a81,VCNT.png
OX Coin,OX,ARB,0xba0Dda8762C24dA9487f5FA026a9B64b695A07Ea,OX.png
Stella,ALPHA,ARB,0xC9CBf102c73fb77Ec14f8B4C8bd88e050a6b2646,ALPHA.png
Kujira,KUJI,ARB,0x3A18dcC9745eDcD1Ef33ecB93b0b6eBA5671e7Ca,KUJI.png
Radiant Capital,RDNT,ARB,0x3082CC23568eA640225c2467653dB90e9250AaA0,RDNT.png
Orderly Network,ORDER,ARB,0x4E200fE2f3eFb977d5fd9c430A41531FB04d97B8,ORDER.png
Chainbounty,BOUNTY,ARB,0x6a9896837021EA3eD83F623F655C119c54abE02c,BOUNTY.png
Telos,TLOS,ARB,0x193f4A4a6ea24102F49b931DEeeb931f6E32405d,TLOS.png
Sperax,SPA,ARB,0x5575552988A3A80504bBaeB1311674fCFd40aD4B,SPA.png
Milady Meme Coin,LADYS,ARB,0x3b60ff35d3f7f62d636b067dd0dc0dfdad670e4e,LADYS.png
Ice Open Network,ICE,ARB,0xAB8EBCC9eecc20Bd30c7b75c7b4e8fcCcFBf01aB,ICE.png
Shapeshift FOX Token,FOX,ARB,0xf929de51d91c77e42f5090069e0ad7a09e513c73,FOX.png
Lumoz,MOZ,ARB,0xE16e2548A576ad448FB014bBE85284D7f3542dF5,MOZ.png
Hegic,HEGIC,ARB,0x431402e8b9dE9aa016C743880e04E517074D8cEC,HEGIC.png
SuperWalk,GRND,ARB,0x3b58a4C865B568a2F6a957C264F6b50CbA35D8CE,GRND.png
Vertex Protocol,VRTX,ARB,0x95146881b86B3ee99e63705eC87AfE29Fcc044D9,VRTX.png
Magpie,MGP,ARB,0xa61F74247455A40b01b0559ff6274441FAfa22A3,MGP.png
MiraclePlay,MPT,ARB,0xa4f63404b58C3efD9Db6D53352BD386fFa174e5A,MPT.png
Nexera,NXRA,ARB,0x644192291cc835a93d6330b24ea5f5fedd0eef9e,NXRA.png
ArbDoge AI,AIDOGE,ARB,0x09e18590e8f76b6cf471b3cd75fe1a1a9d2b2c2b,AIDOGE.png
ZUSD,ZUSD,ARB,0x6e4cc0Ab2B4d2eDAfa6723cFA1582229F1Dd1Be1,ZUSD.png
Cryptex Finance,CTX,ARB,0x84f5c2cfba754e76dd5ae4fb369cfc920425e12b,CTX.png
ZTX,ZTX,ARB,0x1C43D05be7E5b54D506e3DdB6f0305e8A66CD04e,ZTX.png
Kryll,KRL,ARB,0xf75eE6D319741057a82a88Eeff1DbAFAB7307b69,KRL.png
Opulous,OPUL,ARB,0x0c5fa0E07949F941A6c2C29a008252db1527d6EE,OPUL.png
Polytrade,TRADE,ARB,0xE22c452bd2AdE15DfC8ad98286bc6bDF0c9219b7,TRADE.png
CrossFi,XFI,ARB,0xc8ceed65e236f7d6fb378b8715f9e6912e486a54,XFI.png
crow with knife,CAW,ARB,0x16f1967565aad72dd77588a332ce445e7cef752b,CAW.png
PAW,PAW,ARB,0xc11158c5dA9db1D553ED28f0C2BA1CbEDD42CFcb,PAW.png
GYEN,GYEN,ARB,0x589d35656641d6aB57A545F08cf473eCD9B6D5F7,GYEN.png
Bloktopia,BLOK,ARB,0x9DCE8e754913d928eB39Bc4fC3CF047e364f7f2C,BLOK.png
Multichain,MULTI,ARB,0x9Fb9a33956351cf4fa040f65A13b835A3C8764E3,MULTI.png
VNX Swiss Franc,VCHF,ARB,0x02cea97794d2cfb5f560e1ff4e9c59d1bec75969,VCHF.png
EverValue Coin,EVA,ARB,0x45d9831d8751b2325f3dbf48db748723726e1c8c,EVA.png
Moonchain,MXC,ARB,0xaedf7656fbb47c5b97dd529ac1d0e807e051f2dd,MXC.png
MUX Protocol,MCB,ARB,0x4e352cf164e64adcbad318c3a1e222e9eba4ce42,MCB.png
r/CryptoCurrency Moons,MOON,ARB,0x24404DC041d74cd03cFE28855F555559390C931b,MOON.png
Aurory,AURY,ARB,0x11Bf4f05EB28b802ED3aB672594DEcB20ffe2313,AURY.png
Tarot,TAROT,ARB,0x13278cD824D33A7aDB9f0a9A84ACA7C0D2DEEBf7,TAROT.png
Swarm Markets,SMT,ARB,0x2680e82fb8beb5a153a67fe687ffa67abb6b9013,SMT.png
Verified USD,USDV,ARB,0x323665443CEf804A3b5206103304BD4872EA4253,USDV.png
Chainge,XCHNG,ARB,0x51C601dC278EB2CFea8e52c4caA35B3d6a9A2c26,XCHNG.png
Banano,BAN,ARB,0xe20b9e246db5a0d21bf9209e4858bc9a3ff7a034,BAN.png
ICHI,ICHI,ARB,0xadf5DD3E51bF28aB4F07e684eCF5d00691818790,ICHI.png
Push Protocol,PUSH,ARB,0xb3971BCef2D791bc4027BbfedFb47319A4AAaaAa,PUSH.png
Minati Coin,MNTC,ARB,0x1526ca6e3d440159ab02f11815de9ceb62192bf6,MNTC.png
Boop,BOOP,ARB,0x13A7DeDb7169a17bE92B0E3C7C2315B46f4772B3,BOOP.png
Nya,NYA,ARB,0x38F9bf9dCe51833Ec7f03C9dC218197999999999,NYA.png
Fuse,FUSE,ARB,0x6b021b3f68491974bE6D4009fEe61a4e3C708fD6,FUSE.png
Landshare,LAND,ARB,0x27Bc2757fAb0b8aB406016D1f71d8123452095d3,LAND.png
Symbiosis,SIS,ARB,0x9e758b8a98a42d612b3d38b66a22074dc03d7370,SIS.png
Lumerin,LMR,ARB,0x0FC0c323Cf76E188654D63D62e668caBeC7a525b,LMR.png
A3S Protocol,AA,ARB,0xb0ecc6ac0073c063dcfc026ccdc9039cae2998e1,AA.png
Port3 Network,PORT3,ARB,0xb4357054c3da8d46ed642383f03139ac7f090343,PORT3.png
LogX Network,LOGX,ARB,0x59062301Fb510F4ea2417B67404CB16D31E604BA,LOGX.png
Hydranet,HDN,ARB,0x3404149e9ee6f17fb41db1ce593ee48fbdcd9506,HDN.png
KiboShib,KIBSHI,ARB,0xf525E73bdeB4ac1b0e741aF3Ed8a8CBB43ab0756,KIBSHI.png
Byte,BYTE,ARB,0x847503FbF003cE8B005546Aa3c03B80b7C2F9771,BYTE.png
GAM3S.GG,G3,ARB,0xc24A365A870821EB83Fd216c9596eDD89479d8d7,G3.png
VNX Euro,VEUR,ARB,0x4883c8f0529f37e40ebea870f3c13cdfad5d01f8,VEUR.png
Real Smurf Cat,SMURFCAT,ARB,0x06e90a57d1ece8752d6ce92d1ad348ead5eae4f4,SMURFCAT.png
Edge Matrix Chain,EMC,ARB,0xdfb8be6f8c87f74295a87de951974362cedcfa30,EMC.png
Bitcoin Virtual Machine,BVM,ARB,0x694a7ef60ace282e2a55a9bc6add56730e5ee8b6,BVM.png
Seedworld,SWORLD,ARB,0x968bE3F7bfeF0F8eDc3c1aD90232EbB0DA0867aA,SWORLD.png
Contango,TANGO,ARB,0xC760F9782F8ceA5B06D862574464729537159966,TANGO.png
Rubic,RBC,ARB,0x10aAeD289a7b1B0155bF4b86c862f297E84465e0,RBC.png
Paribus,PBX,ARB,0xbad58ed9b5f26a002ea250d7a60dc6729a4a2403,PBX.png
Reboot,GG,ARB,0x000000000026839b3f4181f2cF69336af6153b99,GG.png
UNIT0,UNIT0,ARB,0xe80698d9c55d9212c4dae8bed00e1357d804c62a,UNIT0.png
Xend Finance,RWA,ARB,0x3096e7bfd0878cc65be71f8899bc4cfb57187ba3,RWA.png
Penpie,PNP,ARB,0x2Ac2B254Bc18cD4999f64773a966E4f4869c34Ee,PNP.png
RepubliK,RPK,ARB,0x412F4b922bB9afdc65c7e9B669F4bEC6e554452a,RPK.png
Kima Network,KIMA,ARB,0x94fcd9c18f99538c0f7c61c5500ca79f0d5c4dab,KIMA.png
Xaya,CHI,ARB,0xA64eCCe74F8CdB7a940766B71f1b108BAC69851a,CHI.png
MAHA.xyz,MAHA,ARB,0xdd2F41340A1fFcf1c22C7a8Be4E525D7A2De642b,MAHA.png
GameSwift,GSWIFT,ARB,0x580e933d90091b9ce380740e3a4a39c67eb85b4c,GSWIFT.png
Q Protocol,QGOV,ARB,0xAed882F117b78034829E2cfFA11206706837B1b1,QGOV.png
ROOBEE,ROOBEE,ARB,0x3BD2dFd03BC7c3011ed7fb8c4d0949B382726cee,ROOBEE.png
XYRO,XYRO,ARB,0xAeAC3b55c3522157ecdA7EC8fcB86C832fAA28aF,XYRO.png
Kommunitas,KOM,ARB,0xA58663FAEF461761e44066ea26c1FCddF2927B80,KOM.png
UBXS Token,UBXS,ARB,0x4f1960E29b2cA581a38c5c474e123f420F8092db,UBXS.png
GALAXIS Token,GALAXIS,ARB,0xa5312c3e42a82d459162b2a3bd7ffc4f9099b911,GALAXIS.png
DSLA Protocol,DSLA,ARB,0x7CE746B45eaBD0C4321538DeC1B849c79A9A8476,DSLA.png
Deri Protocol,DERI,ARB,0x7c4a640461427c310a710d367c2ba8c535a7ef81,DERI.png
OpenLeverage,OLE,ARB,0x7Be5Dd337CC6cE3e474F64E2A92A566445290864,OLE.png
COINBAR PAY,CBPAY,ARB,0xd6cF874E24A9F5f43075142101A6b13735CDD424,CBPAY.png
Aipocalypto,AIPO,ARB,0x6c511dc18572d31C2c3f7b1505cB2BBC08282FcC,AIPO.png
Sperax USD,USDs,ARB,0xd74f5255d557944cf7dd0e45ff521520002d5748,USDs.png
AIRDROP2049,AIRDROP,ARB,0xdc5F1BF636DcAdaE7e285A484Dc71A1F5adeE0A1,AIRDROP.png
SYNTHR,SYNTH,ARB,0x0721b3C9f19cfeF1d622C918DcD431960f35E060,SYNTH.png
SafeBlast,BLAST,ARB,0xe0eb31082bbf8252f7425c6dd72a8c6b3bfbe99f,BLAST.png
CheckDot,CDT,ARB,0x0cBD6fAdcF8096cC9A43d90B45F65826102e3eCE,CDT.png
Kromatika,KROM,ARB,0x55ff62567f09906a85183b866df84bf599a4bf70,KROM.png
Credbull,CBL,ARB,0xD6b3d81868770083307840F513A3491960b95cb6,CBL.png
Pentagon Games,PEN,ARB,0x291A50E611035b6562a2374B8B44dE70aA8d7896,PEN.png
RigoBlock,GRG,ARB,0x7f4638a58c0615037decc86f1dae60e55fe92874,GRG.png
Bridge Oracle,BRG,ARB,0xc9c4fd7579133701fa2769b6955e7e56bb386db1,BRG.png
FEAR,FEAR,ARB,0x1819E21698B777B69f903Ff5550361Cf12Ed1DEf,FEAR.png
Ferrum Network,FRM,ARB,0x9f6AbbF0Ba6B5bfa27f4deb6597CC6Ec20573FDA,FRM.png
Nutcoin,NUT,ARB,0x8697841b82c71fcbd9e58c15f6de68cd1c63fd02,NUT.png
X World Games,XWG,ARB,0xeb4d25db65dcef52380c99ba7e1344c820ecb1fc,XWG.png
SpaceCatch,CATCH,ARB,0xbc4c97fb9befaa8b41448e1dfcc5236da543217f,CATCH.png
Wall Street Games,WSG,ARB,0xEf04804E1e474D3F9B73184D7ef5D786F3Fce930,WSG.png
MetaDOS,SECOND,ARB,0x7979871595b80433183950ab6c6457752b585805,SECOND.png
O3 Swap,O3,ARB,0xee9801669c6138e84bd50deb500827b776777d28,O3.png
Pleasure Coin,NSFW,ARB,0x98A5F77d1feC5D68c9a6DEcB715F11beaBa84F38,NSFW.png
Wicrypt,WNT,ARB,0xAD4b9c1FbF4923061814dD9d5732EB703FaA53D4,WNT.png
Football World Community,FWC,ARB,0xad5f5edaa218b45866285252cb5662cd19cab99b,FWC.png
Edgeware,EDG,ARB,0x4e0da40b9063dc48364c1c0ffb4ae9d091fc2270,EDG.png
Donut,DONUT,ARB,0xF42e2B8bc2aF8B110b65be98dB1321B1ab8D44f5,DONUT.png
Vestate,VES,ARB,0x1bc8Bf18256d8b45d8367Aac50fe2e24fc6AA8CA,VES.png
Hord,HORD,ARB,0xb1bc21f748ae2be95674876710bc6d78235480e0,HORD.png
Wombat Exchange,WOM,ARB,0x7b5eb3940021ec0e8e463d5dbb4b7b09a89ddf96,WOM.png
Thrupenny,TPY,ARB,0xa279301414012c53bc7b7a21788d33e244efbecc,TPY.png
Digital Reserve Currency,DRC,ARB,0x2b089381f53525451fe5115f23e9d2cc92d7ff1d,DRC.png
ApeSwap,BANANA,ARB,0xd978f8489e1245568704407a479a71fcce2afe8f,BANANA.png
OpenWorld,OPEN,ARB,0x58cb98a966f62aa6f2190eb3aa03132a0c3de3d5,OPEN.png
OpenBlox,OBX,ARB,0x188fb5f5Ae5BBE4154d5778F2bbb2Fb985c94d25,OBX.png
BullBear AI,AIBB,ARB,0xb9af4762c039d63e30039f1712dfab77026408c7,AIBB.png
Crypto Unicorns,CU,ARB,0x89c49a3fa372920ac23ce757a029e6936c0b8e02,CU.png
Goons of Balatroon,GOB,ARB,0xa2F9ECf83a48b86265ff5fD36cDBAAa1F349916C,GOB.png
Aluna.Social,ALN,ARB,0x9b3fa2a7c3eb36d048a5d38d81e7fafc6bc47b25,ALN.png
Plasma Finance,PPAY,ARB,0x49b7c1807dbdc329ebe6a8c9577cecfec51cf336,PPAY.png
Neutra Finance,NEU,ARB,0x6609BE1547166D1C4605F3A243FDCFf467e600C3,NEU.png
April,APRIL,ARB,0x18719D2e1e57A1A64708e4550fF3DEF9d1074621,APRIL.png
Mozaic,MOZ,ARB,0x20547341e58fb558637fa15379c92e11f7b7f710,MOZ.png
Umoja,UMJA,ARB,0x16A500Aec6c37F84447ef04E66c57cfC6254cF92,UMJA.png
Algebra,ALGB,ARB,0x9F018bDA8f6B507a0C9e6f290B2F7c49C2F8daf8,ALGB.png
Zyberswap,ZYB,ARB,0x3B475F6f2f41853706afc9Fa6a6b8C5dF1a2724c,ZYB.png
Flashstake,FLASH,ARB,0xc628534100180582E43271448098cb2c185795BD,FLASH.png
Project TXA,TXA,ARB,0xca84a842116d741190c3782e94fa9b7B7bbcf31b,TXA.png
Arcadeum,ARC,ARB,0x7F465507f058e17Ad21623927a120ac05CA32741,ARC.png
Everclear,CLEAR,ARB,0x58b9cB810A68a7f3e1E4f8Cb45D1B9B3c79705E8,CLEAR.png
Orbiter Finance,OBT,ARB,0x1cd9a56c8c2ea913c70319a44da75e99255aa46f,OBT.png
Arbi Pepe,PEPE,ARB,0xB85C6FBF780eB913dC34aA0B6F74D1e6A15c356f,PEPE.png
TRUST AI,TRT,ARB,0x63db244bC895b3AcCEC6698cE11b0dbD1d3e1C44,TRT.png
Game7,G7,ARB,0xF18e4466F26B4cA55bbAb890b314a54976E45B17,G7.png
Frax Finance - Frax Ether,FRXETH,ARB,0x178412e79c25968a32e89b11f63B33F733770c2A,FRXETH.png
Blade Games,BLADE,ARB,0xE8B201BE5357c07F0Aa58693F98FB048323777f9,BLADE.png
EscoinToken,ELG,ARB,0x89D59a38eb2A91dF58A709bB249BF1D13Ad11037,ELG.png
Neuron,NRN,ARB,0xdadeca1167fe47499e53Eb50F261103630974905,NRN.png
Eigenpie,EGP,ARB,0x7e7a7c916c19a45769f6bdaf91087f93c6c12f78,EGP.png
StarHeroes,STAR,ARB,0xb299751b088336e165da313c33e3195b8c6663a6,STAR.png
Lava Network,LAVA,ARB,0x11e969e9B3f89cB16D686a03Cd8508C9fC0361AF,LAVA.png
Camelot Token,GRAIL,ARB,0x3d9907f9a368ad0a51be60f7da3b97cf940982d8,GRAIL.png
Fluidity,FLY,ARB,0x000F1720A263f96532D1ac2bb9CDC12b72C6f386,FLY.png
WeatherXM,WXM,ARB,0xb6093b61544572ab42a0e43af08abafd41bf25a6,WXM.png
VEMP,VEMP,ARB,0xaf7e3f16d747e77e927dc94287f86eb95a64d83d,VEMP.png
DOLA,DOLA,ARB,0x6a7661795c374c0bfc635934efaddff3a7ee23b6,DOLA.png
EYWA,EYWA,ARB,0x7a10f506e4c7658e6ad15fdf0443d450b7fa80d7,EYWA.png
Subsquid,SQD,ARB,0x1337420dED5ADb9980CFc35f8f2B054ea86f8aB1,SQD.png
EARNM,EARNM,ARB,0x3e62fED35c97145e6B445704B8CE74B2544776A9,EARNM.png
PepePAD,PEPE,ARB,0xef00278d7eadf3b2c05267a2f185e468ad7eab7d,PEPE.png
Wagmi,WAGMI,ARB,0xaf20f5f19698f1D19351028cd7103B63D30DE7d7,WAGMI.png
xPET tech,XPET,ARB,0x00CBcF7B3d37844e44b888Bc747bDd75FCf4E555,XPET.png
Peapods Finance,PEAS,ARB,0x02f92800F57BCD74066F5709F1Daa1A4302Df875,PEAS.png
Mountain Protocol,USDM,ARB,0x59D9356E565Ab3A36dD77763Fc0d87fEaf85508C,USDM.png
Rabbit,RAB,ARB,0x24ef78c7092d255ed14a0281ac1800c359af3afe,RAB.png
Sensay,SNSY,ARB,0x3124678D62D2aa1f615B54525310fbfDa6DcF7AE,SNSY.png
WorldBrain Coin,WBC,ARB,0x7ae9AB13fC8945323b778b3F8678145E80Ec2Efb,WBC.png
Olympus v2,OHM,ARB,0xf0cb2dc0db5e6c66B9a70Ac27B06b878da017028,OHM.png
AiShiba,shibai,ARB,0xFA296FcA3c7DBa4a92A42Ec0B5E2138DA3b29050,shibai.png
Hall of Legends,HOL,ARB,0x65C101E95D7DD475c7966330fa1A803205FF92aB,HOL.png
Lybra Finance,LBR,ARB,0xa23e44aea714fbbc08ef28340d78067b9a8cad73,LBR.png
Any Inu,AI,ARB,0x2598c30330D5771AE9F983979209486aE26dE875,AI.png
Dexalot,ALOT,ARB,0x9d5A383581882750Ce27F84c72f017B378eDb736,ALOT.png
Anzen Finance (USDZ),USDZ,ARB,0x5018609ab477cc502e170a5accf5312b86a4b94f,USDZ.png
Quantlytica,QTLX,ARB,0x4d840b741bc05fde325d4ec0b4cfcd0cea237e4e,QTLX.png
Ninja Squad Token,NST,ARB,0x88a269df8fe7f53e590c561954c52fccc8ec0cfb,NST.png
Derive,DRV,ARB,0x77b7787a09818502305C95d68A2571F090abb135,DRV.png
SuperCells,SCT,ARB,0xE82335d58abb1cd44Cd5F47cF7f5b378E4c32F05,SCT.png
XBorg,XBG,ARB,0x93fa0b88c0c78e45980fa74cdd87469311b7b3e4,XBG.png
Own The Doge,DOG,ARB,0x4425742F1EC8D98779690b5A3A6276Db85Ddc01A,DOG.png
OpenOcean,OOE,ARB,0xDCbf4CB83d27C408B30dD7F39bfcabD7176B1Ba3,OOE.png
ENO,ENO,ARB,0x2b41806CBf1FFB3D9e31A9ECE6B738Bf9D6f645F,ENO.png
Vela Exchange,VELA,ARB,0x088cd8f5ef3652623c22d48b1605dcfe860cd704,VELA.png
Army of Fortune Gem,AFG,ARB,0x619C82392cb6E41778b7d088860Fea8447941f4c,AFG.png
Florence Finance Medici,FFM,ARB,0x3269a3C00AB86c753856fD135d97b87FACB0d848,FFM.png
$GAME Token,GAME,ARB,0xc4cbd54ffa7a6a142fd73554cc6c23dd95cd8e01,GAME.png
KAP Games,KAP,ARB,0x965d00aA7ABC62CA10132e641D08593435aC811d,KAP.png
Magic Internet Money,MIM,ARB,0xfea7a6a0b346362bf88a9e4a88416b77a57d6c2a,MIM.png
Sanko GameCorp,DMT,ARB,0x8B0E6f19Ee57089F7649A455D89D7bC6314D04e8,DMT.png
U Coin,U,ARB,0x0534D7272a8E4F24D269b56605F2BF6cf3271891,U.png
Stryke,SYK,ARB,0xacc51ffdef63fb0c014c882267c3a17261a5ed50,SYK.png
TRUF.Network,TRUF,ARB,0xB59c8912c83157a955f9D715E556257F432C35D7,TRUF.png
Arbius,AIUS,ARB,0x4a24b101728e07a52053c13fb4db2bcf490cabc3,AIUS.png
Pichi FInance,PCH,ARB,0xbe5acfd64358805616b5cbd5277b9a85011d7cf1,PCH.png
SpunkySDX,SSDX,ARB,0xDb40357fBC1eb1038C5dF94c1cD7B7Fd3F434480,SSDX.png
Aperture Finance,APTR,ARB,0x1c986661170c1834db49c3830130d4038eeeb866,APTR.png
Empyreal,EMP,ARB,0x772598E9e62155D7fDFe65FdF01EB5a53a8465BE,EMP.png
Bumper,BUMP,ARB,0xfb930d1a28990820c98144201637c99bea8cb91c,BUMP.png
Zen Panda Coin,ZPC,ARB,0xee0b14e8fc86691cf6ee42b9954985b4cf968534,ZPC.png
Morpheus,MOR,ARB,0x092bAaDB7DEf4C3981454dD9c0A0D7FF07bCFc86,MOR.png
Level Finance,LVL,ARB,0xb64e280e9d1b5dbec4accedb2257a87b400db149,LVL.png
S,S,ARB,0xD44257ddE89ca53F1471582f718632e690e46Dc2,S.png
MoonDAO,MOONEY,ARB,0x1Fa56414549BdccBB09916f61f0A5827f779a85c,MOONEY.png
Jones DAO,JONES,ARB,0x10393c20975cf177a3513071bc110f7962cd67da,JONES.png
Arbitrove Protocol,TROVE,ARB,0x982239d38af50b0168da33346d85fb12929c4c07,TROVE.png
POGAI,pogai,ARB,0x6fD58f5a2F3468e35fEb098b5F59F04157002407,pogai.png
MTMS Network,MTMS,ARB,0x4DD40ec670722067241b4396dBD253c38dd820b5,MTMS.png
Hello Pets,PET,ARB,0x43c25F828390DE5a3648864eb485CC523E039e67,PET.png
Your Future Exchange,YFX,ARB,0x569deb225441fd18bde18aed53e2ec7eb4e10d93,YFX.png
Arbswap,ARBS,ARB,0xf50874f8246776CA4B89eEF471E718F70f38458F,ARBS.png
Mummy Finance,MMY,ARB,0xA6D7D0e650aa40FFa42d845A354c12c2bc0aB15f,MMY.png
Rekt (rektarb.xyz),REKT,ARB,0x1d987200df3b744cfa9c14f713f5334cb4bc4d5d,REKT.png
AI CODE,AICODE,ARB,0x7c8a1a80fdd00c9cccd6ebd573e9ecb49bfa2a59,AICODE.png
Kabosu Family,KABOSU,ARB,0x53bCF6698C911b2A7409a740EACDDB901fC2a2C6,KABOSU.png
Cortex Protocol,CX,ARB,0x000000000000012DeF132E61759048bE5b5C6033,CX.png
Cadabra Finance,ABRA,ARB,0x65114046c6e73af794308547124ad5c8dce3be6f,ABRA.png
LiquidDriver,LQDR,ARB,0x816E21c33fa5F8440EBcDF6e01D39314541BEA72,LQDR.png
THORWallet,TGT,ARB,0x429fed88f10285e61b12bdf00848315fbdfcc341,TGT.png
xUSD,xUSD,ARB,0xe80772eaf6e2e18b651f160bc9158b2a5cafca65,xUSD.png
WINR Protocol,WINR,ARB,0xd77b108d4f6cefaa0cae9506a934e825becca46e,WINR.png
Aark,AARK,ARB,0xCa4e51F6AD4AFd9d1068E5899De9dd7d73F3463D,AARK.png
Silo Finance,SILO,ARB,0x0341c0c0ec423328621788d4854119b97f44e391,SILO.png
OmniCat,OMNI,ARB,0x9e20461bc2c4c980f62f1b279d71734207a6a356,OMNI.png
Staked ICX,sICX,ARB,0xD336c74B840f9962cF2c666f8666d6d61Ec24440,sICX.png
Nostra,NSTR,ARB,0x6d7187220f769bde541ff51dd37ee07416f861d2,NSTR.png
GTA Token,GTA,ARB,0x73db621cc8f0a767bed0e5c0a2920f480d77b765,GTA.png
HIPPOP,HIP,ARB,0xa0995d43901551601060447f9aBf93ebc277cEC2,HIP.png
Thales,THALES,ARB,0xe85b662fe97e8562f4099d8a1d5a92d4b453bf30,THALES.png
Governance OHM,GOHM,ARB,0x8d9ba570d6cb60c7e3e0f31343efe75ab8e65fb1,GOHM.png
Codyfight,CTOK,ARB,0xa586b3b80d7e3e8d439e25fbc16bc5bcee3e2c85,CTOK.png
TaoBank,TBANK,ARB,0x05cBeF357CB14F9861C01F90AC7d5C90CE0ef05e,TBANK.png
YieldBricks,YBR,ARB,0x11920f139a3121c2836e01551d43f95b3c31159c,YBR.png
EUROe Stablecoin,EUROE,ARB,0xcF985abA4647a432E60efcEeB8054BBd64244305,EUROE.png
MAI,MIMATIC,ARB,0x3F56e0c36d275367b8C502090EDF38289b3dEa0d,MIMATIC.png
YachtingVerse,YACHT,ARB,0xdE70AeD3d14d39b4955147EfcF272334bdB75AB5,YACHT.png
HMX,HMX,ARB,0x83d6c8C06ac276465e4C92E7aC8C23740F435140,HMX.png
DFX Finance,DFX,ARB,0x27f485b62C4A7E635F561A87560Adf5090239E93,DFX.png
Smolcoin,SMOL,ARB,0x9E64D3b9e8eC387a9a58CED80b71Ed815f8D82B5,SMOL.png
Lumi Finance LUAUSD,LUAUSD,ARB,0x1DD6b5F9281c6B4f043c02A83a46c2772024636c,LUAUSD.png
SUGARVERSE,CNDY,ARB,0x6b43732a9ae9f8654d496c0a075aa4aa43057a0b,CNDY.png
SingSing,SING,ARB,0x8c80c06c6f8c00d2d6f3cfd6333ebb3759d66868,SING.png
Zeeverse,VEE,ARB,0x0caadd427a6feb5b5fc1137eb05aa7ddd9c08ce9,VEE.png
Flourishing AI,AI,ARB,0x8d7c2588c365b9e98Ea464b63DBCCDf13ECd9809,AI.png
AI Meta Club,AMC,ARB,0x299142a6370e1912156E53fBD4f25D7ba49DdcC5,AMC.png
Quick Intel,QKNTL,ARB,0xbcd4d5ac29e06e4973a1ddcd782cd035d04bc0b7,QKNTL.png
Davos.xyz USD,DUSD,ARB,0x8EC1877698ACF262Fe8Ad8a295ad94D6ea258988,DUSD.png
Glo Dollar,USDGLO,ARB,0x4F604735c1cF31399C6E711D5962b2B3E0225AD3,USDGLO.png
Dollar,DOLLAR,ARB,0x9968dA22E458471525C29eB1da3dc18e8Cd54150,DOLLAR.png
Superpower Squad,SQUAD,ARB,0xd45e486A90eBb84E9336d371A35dCb021424B96C,SQUAD.png
Eclipse Fi,ECLIP,ARB,0x93ca0d85837ff83158cd14d65b169cdb223b1921,ECLIP.png
TheStandard Token,TST,ARB,0xf5a27e55c748bcddbfea5477cb9ae924f0f7fd2e,TST.png
Guardian,GUARD,ARB,0xbCF339DF10d78f2b44AA760EAd0F715A7A7d7269,GUARD.png
dForce USD,USX,ARB,0x641441c631e2F909700d2f41FD87F0aA6A6b4EDb,USX.png
IPOR,IPOR,ARB,0x34229B3f16fBCDfA8d8d9d17C0852F9496f4C7BB,IPOR.png
Blocjerk,BJ,ARB,0x9cAAe40DCF950aFEA443119e51E821D6FE2437ca,BJ.png
Avarik Saga,AVRK,ARB,0xA71E2738704e367798bAa2755aF5A10499634953,AVRK.png
Yield Yak,YAK,ARB,0x7f4dB37D7bEb31F445307782Bc3Da0F18dF13696,YAK.png
Bitoro,BTORO,ARB,0xB6212B633C941E9Be168C4b9C2d9E785F1cD42fb,BTORO.png
Franklin,FLY,ARB,0x32fD06dE8c0e4364aE38f7321357fc2b9A575bbD,FLY.png
Factor,FCTR,ARB,0x6dd963c510c2d2f09d5eddb48ede45fed063eb36,FCTR.png
Spectra,APW,ARB,0x3a67ca29ddf5ecf1844e811c43f27bd79f9ec310,APW.png
TridentDAO,PSI,ARB,0x602eb0d99a5e3e76d1510372c4d2020e12eaea8a,PSI.png
Wrapped USDR,WUSDR,ARB,0x9483ab65847A447e36d21af1CaB8C87e9712ff93,WUSDR.png
Lumi Finance,LUA,ARB,0xc3aBC47863524ced8DAf3ef98d74dd881E131C38,LUA.png
TheStandard USD,USDS,ARB,0x2Ea0bE86990E8Dac0D09e4316Bb92086F304622d,USDS.png
Dopex,DPX,ARB,0x6c2c06790b3e3e3c38e12ee22f8183b37a13ee55,DPX.png
Frax Price Index Share,FPIS,ARB,0x3405E88af759992937b84E58F2Fe691EF0EeA320,FPIS.png
Avive World,AVIVE,ARB,0x5117f4Ad0bc70Dbb3B05bF39A1EC1Ee40DD67654,AVIVE.png
SEX Odyssey,SEX,ARB,0xd26B0c6Ef8581E921AE41C66e508C62a581B709D,SEX.png
VirtuSwap,VRSW,ARB,0xd1e094cabc5acb9d3b0599c3f76f2d01ff8d3563,VRSW.png
OtterHome,HOME,ARB,0x1bD013bD089C2B6b2D30a0e0B545810a5844E761,HOME.png
Tapioca DAO,TAP,ARB,0x2C650dAb03A59332e2E0C0C4A7F726913e5028C1,TAP.png
Zoomer Coin,ZOOMER,ARB,0xB962150760F9A3bB00e3E9Cf48297EE20AdA4A33,ZOOMER.png
YEL.Finance,YEL,ARB,0x949185D3BE66775Ea648F4a306740EA9eFF9C567,YEL.png
RadioShack,RADIO,ARB,0xf899e3909b4492859d44260e1de41a9e663e70f5,RADIO.png
Real USD,USDR,ARB,0x00c7d33fCE26AC11584582923AE4D182634de0e8,USDR.png
DegenReborn,DEGEN,ARB,0x881ee52679537C6834fDeeB3673da2e3eCb50DF6,DEGEN.png
Roseon,ROSX,ARB,0xdc8184ba488e949815d4aafb35b3c56ad03b4179,ROSX.png
Yaku,$YAKU,ARB,0xB00eaEDB98F1e30ad545703d8Ff14b24D109514f,$YAKU.png
Balanced,BALN,ARB,0xac7952D30850c9d214b0f44cbe213781b4dAcF05,BALN.png
Molten,MOLTEN,ARB,0x66E535e8D2ebf13F49F3D49e5c50395a97C137b1,MOLTEN.png
WardenSwap,WAD,ARB,0x6374D87C5A48c41b309a1Ab7b12EEB4fE30D8d8a,WAD.png
MyMetaTrader,MMT,ARB,0x27D8De4c30ffDE34e982482AE504fC7F23061f61,MMT.png
Mizar,MZR,ARB,0xbbea044f9e7c0520195e49ad1e561572e7e1b948,MZR.png
Elk Finance,ELK,ARB,0xeEeEEb57642040bE42185f49C52F7E9B38f8eeeE,ELK.png
Yieldification,YDF,ARB,0x30dcba0405004cf124045793e1933c798af9e66a,YDF.png
Unibit,UIBT,ARB,0x76bc2e765414e6c8b596c0f52c4240f80268f41d,UIBT.png
CADAI,CADAI,ARB,0x4dEbFb9Ed639144CF1e401674Af361FFFfcefb58,CADAI.png
Kenshi,KNS,ARB,0xf1264873436a0771e440e2b28072fafcc5eebd01,KNS.png
FORE Protocol,FORE,ARB,0xcbe94d75ec713b7ead84f55620dc3174beeb1cfe,FORE.png
GameOnForge,GO4,ARB,0x85b7FA2a3Cfe5ED48B619EC967750462A1FD9557,GO4.png
Reunit Wallet,REUNI,ARB,0x9ed7E4B1BFF939ad473dA5E7a218C771D1569456,REUNI.png
Equilibria Finance,EQB,ARB,0xBfbCFe8873fE28Dfa25f1099282b088D52bbAD9C,EQB.png
PlutusDAO,PLS,ARB,0x51318b7d00db7acc4026c88c3952b66278b6a67f,PLS.png
Syno Finance,SYNO,ARB,0x577Fd586c9E6BA7f2E85E025D5824DBE19896656,SYNO.png
Black Agnus,FTW,ARB,0x306fd3e7b169aa4ee19412323e1a5995b8c1a1f4,FTW.png
ArbiPad,ARBI,ARB,0x07DD5BEAffb65B8fF2e575d500BDf324a05295DC,ARBI.png
Sundae The Dog,SUNDAE,ARB,0x352F4bF396a7353A0877f99e99757E5d294Df374,SUNDAE.png
Overnight,OVN,ARB,0xA3d1a8DEB97B111454B294E2324EfAD13a9d8396,OVN.png
Alongside Crypto Market Index,AMKT,ARB,0x498c620c7c91c6eba2e3cd5485383f41613b7eb6,AMKT.png
Grimace,GRIMACE,ARB,0x764bfc309090e7f93edce53e5befa374cdcb7b8e,GRIMACE.png
Frankencoin,ZCHF,ARB,0xb33c4255938de7a6ec1200d397b2b2f329397f9b,ZCHF.png
MemePad,MEPAD,ARB,0x05814372E9820C0EBDCBa26d0a7c20655F4ff23F,MEPAD.png
Space Token,SPACE,ARB,0x1D1498166DDCEeE616a6d99868e1E0677300056f,SPACE.png
AiAkita,AIAKITA,ARB,0x38c2fbdf53b451ae5c4027711d6fe5e1b2191b1c,AIAKITA.png
Premia,PREMIA,ARB,0x51fc0f6660482ea73330e414efd7808811a57fa2,PREMIA.png
Hermes Protocol,HERMES,ARB,0x45940000009600102A1c002F0097C4A500fa00AB,HERMES.png
ArbiDex Token,ARX,ARB,0xd5954c3084a1ccd70b4da011e67760b8e78aee84,ARX.png
AICORE,AICORE,ARB,0x1aae7de64d9ae1487e95858bbf98185f21e926fd,AICORE.png
Fluid USDC,FUSDC,ARB,0x4CFA50B7Ce747e2D61724fcAc57f24B748FF2b2A,FUSDC.png
Build Your Dream,BYD,ARB,0x65fa064e808b33462a214dee8b8b715c3424fdda,BYD.png
Graphite Network,@G,ARB,0x440017A1b021006d556d7fc06A54c32E42Eb745B,@G.png
Quoll Finance,QUO,ARB,0xf00D8790A76ee5A5Dbc10eaCac39151aa2af0331,QUO.png
Astra DAO,ASTRADAO,ARB,0xd3188e0df68559c0b63361f6160c57ad88b239d8,ASTRADAO.png
ArbGPT,GPT,ARB,0xe021047851012d8e981ebd9f3c2cbb8945e996da,GPT.png
Maia,MAIA,ARB,0x00000000ea00F3F4000e7Ed5Ed91965b19f1009B,MAIA.png
CrowdSwap,CROWD,ARB,0x250Caff618cf205997309940c14C52B5DcEb351E,CROWD.png
Foxify,FOX,ARB,0x6bcc14b02cd624ebe1a8a665cb6d4067aa097230,FOX.png
handleFOREX,FOREX,ARB,0xDb298285FE4C5410B05390cA80e8Fbe9DE1F259B,FOREX.png
Realm Anima,ANIMA,ARB,0xcCd05A0fcfc1380e9Da27862Adb2198E58e0D66f,ANIMA.png
Buffer Finance,BFR,ARB,0x1a5b0aaf478bf1fda7b934c76e7692d722982a6d,BFR.png
Hanu Yokia,HANU,ARB,0x7767AcA54253863102887ceb11bb23E95329dDec,HANU.png
Equation,EQU,ARB,0x87AAfFdF26c6885f6010219208D5B161ec7609c0,EQU.png
SteakHut Finance,STEAK,ARB,0xddbfbd5dc3ba0feb96cb513b689966b2176d4c09,STEAK.png
BattleFly,GFLY,ARB,0x872bAD41CFc8BA731f811fEa8B2d0b9fd6369585,GFLY.png
Y2K,Y2K,ARB,0x65c936f008bc34fe819bce9fa5afd9dc2d49977f,Y2K.png
Ramses Exchange,RAM,ARB,0xaaa6c1e32c55a7bfa8066a6fae9b42650f262418,RAM.png
Satoshi Stablecoin,SATS,ARB,0x9d36f8f62347538440a212e9162f534f797542df,SATS.png
LakeViewMeta,LVM,ARB,0x4b74a6a7285d3fb5731d634fc02c1caa1534cb6d,LVM.png
Autonomous Secure Dollar,USSD,ARB,0x33C88D4caC6aC34F77020915a2a88cd0417dC069,USSD.png
Channels,CAN,ARB,0xB5039F8bCa27893d48222d54626069bA3E9f23D2,CAN.png
Wonderful Memories,WMEMO,ARB,0xecf2adaff1de8a512f6e8bfe67a2c836edb25da3,WMEMO.png
Global Token,GBL,ARB,0xC14A7747cFec02CfeA62E72BB93538DE6B2078E6,GBL.png
Kunji Finance,KNJ,ARB,0xfbbb21d8e7A461f06e5E27efD69703aCB5C732A8,KNJ.png
Future AI,FUTURE-AI,ARB,0x0FF534801E98A4976246D1f418E441783fc9aa15,FUTURE-AI.png
SIZE,SIZE,ARB,0x939727d85d99d0ac339bf1b76dfe30ca27c19067,SIZE.png
Onchain Trade,OT,ARB,0xB4B07b60455a2F38cBA98A8f3Dd161f7cA396a9c,OT.png
Lodestar,LODE,ARB,0xf19547f9ed24aa66b03c3a552d181ae334fbb8db,LODE.png
Army of Fortune Coin,AFC,ARB,0x4568Ca00299819998501914690d6010ae48a59bA,AFC.png
EthereumMax,EMAX,ARB,0x123389C2f0e9194d9bA98c21E63c375B67614108,EMAX.png
Arbidoge,ADOGE,ARB,0x155f0dd04424939368972f4e1838687d6a831151,ADOGE.png
Chronos,CHR,ARB,0x15b2fb8f08E4Ac1Ce019EADAe02eE92AeDF06851,CHR.png
Alien,ALIEN,ARB,0x6740Acb82ac5C63A7ad2397ee1faed7c788F5f8c,ALIEN.png
Okcash,OK,ARB,0xd3Ac016b1B8C80EeAdDe4D186A9138C9324e4189,OK.png
ArbiNYAN,NYAN,ARB,0xeD3fB761414DA74b74F33e5c5a1f78104b188DfC,NYAN.png
Kitty Inu,Kitty,ARB,0x9E30239205320b4b23C71e1B087ed2550D9971be,Kitty.png
MAGIKAL.ai,MGKL,ARB,0x8abfa6a4f4b9865b0e7acfdce1839a2584636d06,MGKL.png
unshETH Ether,UNSHETH,ARB,0x0ae38f7e10a43b5b2fb064b42a2f4514cba909ef,UNSHETH.png
xPET tech BPET,BPET,ARB,0x6dAF586B7370B14163171544fca24AbcC0862ac5,BPET.png
OreoSwap,OREO,ARB,0x319e222de462ac959baf2aec848697aec2bbd770,OREO.png
RWA Finance,RWAS,ARB,0x1F2b426417663Ac76eB92149a037753a45969F31,RWAS.png
Volta Club,VOLTA,ARB,0x9b06F3C5de42D4623D7A2Bd940EC735103c68A76,VOLTA.png
SolidLizard,SLIZ,ARB,0x463913d3a3d3d291667d53b8325c598eb88d3b0e,SLIZ.png
Sector Finance,SECT,ARB,0x0b63c61bba4a876a6eb8b5e596800f7649a9b71e,SECT.png
LFGSwap Finance (Arbitrum),LFG,ARB,0xf7a0b80681ec935d6dd9f3af9826e68b99897d6d,LFG.png
Overnight DAI+,DAI+,ARB,0xeb8e93a0c7504bffd8a8ffa56cd754c63aaebfe8,DAI+.png
Oath,OATH,ARB,0xa1150db5105987CEC5Fd092273d1e3cbb22b378b,OATH.png
SANSHU!,SANSHU!,ARB,0x951e318013e5a71141da87edd11fd0eb5f79f036,SANSHU!.png
Nutcash,NCASH,ARB,0x88266f9eb705F5282a2507A9c418821a2AC9f8BD,NCASH.png
Hundred Finance,HND,ARB,0x10010078a54396F62c96dF8532dc2B4847d47ED3,HND.png
ZAI Stablecoin,ZAI,ARB,0x69000dFD5025E82f48Eb28325A2B88a241182CEd,ZAI.png
BetSwirl,BETS,ARB,0x94025780a1ab58868d9b2dbbb775f44b32e8e6e5,BETS.png
unshETHing_Token,USH,ARB,0x51a80238b5738725128d3a3e06ab41c1d4c05c74,USH.png
WePiggy Coin,WPC,ARB,0x6F620EC89B8479e97A6985792d0c64F237566746,WPC.png
Umami Finance,UMAMI,ARB,0x1622bf67e6e5747b81866fe0b85178a93c7f86e3,UMAMI.png
ARBSHIB,AISHIB,ARB,0xF1A82bfA7fCEb8B8741e7E04a6B8EfD348cA6393,AISHIB.png
Layer2DAO,L2DAO,ARB,0x2CaB3abfC1670D1a452dF502e216a66883cDf079,L2DAO.png
Wombex Finance,WMX,ARB,0x5190F06EaceFA2C552dc6BD5e763b81C73293293,WMX.png
Poison Finance,POI$ON,ARB,0x31c91d8fb96bff40955dd2dbc909b36e8b104dde,POI$ON.png
Bitcoin Classic (ARAW),BXC,ARB,0xb802D45372EA29dA4748Ba73d40ad708FC43bd45,BXC.png
Spherium,SPHRI,ARB,0xd54138789a671AcA43c6BA9122da031336bc9407,SPHRI.png
Swapr,SWPR,ARB,0xde903e2712288a1da82942dddf2c20529565ac30,SWPR.png
xDollar Stablecoin,XUSD,ARB,0x3509f19581afedeff07c53592bc0ca84e4855475,XUSD.png
Frax Price Index,FPI,ARB,0x1B01514A2B3CdEf16fD3c680a818A0Ab97Da8a09,FPI.png
Vesta Finance,VSTA,ARB,0xa684cd057951541187f288294a1e1C2646aA2d24,VSTA.png
Interport Token,ITP,ARB,0x2b1d36f5b61addaf7da7ebbd11b35fd8cfb0de31,ITP.png
Bunni,BUNNI,ARB,0x000000C396558ffbAB5Ea628f39658Bdf61345b3,BUNNI.png
StereoAI,STAI,ARB,0xebc148d40313be9c9f214d3beb9f2ddebec0ec52,STAI.png
Collab.Land,COLLAB,ARB,0xf18c263ec50cc211ef3f172228549b6618f10613,COLLAB.png
PLEXUS,PLX,ARB,0xFB853ACEa0E76f73F8274B521FE1611C888670Cc,PLX.png
Gridex,GDX,ARB,0x2F27118E3D2332aFb7d165140Cf1bB127eA6975d,GDX.png
AutoDCA,DCA,ARB,0x965F298E4ade51C0b0bB24e3369deB6C7D5b3951,DCA.png
Meeds,MEED,ARB, 0xe4dB3652aC7F88c5712717fd774676BF4aa56769,MEED.png
LEXER Markets,LEX,ARB,0x6bb7a17acc227fd1f6781d1eedeae01b42047ee0,LEX.png
NFTEarthOFT,NFTE,ARB,0x51B902f19a56F0c8E409a34a215AD2673EDF3284,NFTE.png
FOOM,FOOM,ARB,0xC31DDaAfCBe9F2e589B65199A9756630b99eb815,FOOM.png
Archi Finance,ARCHI,ARB,0x93D504070AB0eede5449C89C5eA0F5e34D8103f8,ARCHI.png
Rodeo Finance,RDO,ARB,0x033f193b3fceb22a440e89a2867e8fee181594d9,RDO.png
AlphaScan AI,ASCN,ARB,0x1B8d516E2146D7a32Aca0FcBf9482db85fD42c3a,ASCN.png
ELLERIUM (NEW),ELM,ARB,0xEEac5E75216571773C0064b3B591A86253791DB6,ELM.png
Nola,NOLA,ARB,0xF8388c2B6Edf00E2E27eEF5200B1beFB24cE141d,NOLA.png
Diment Dollar,DD,ARB,0x71b3a0566f4BF80331D115D8026a7022bF670cCe,DD.png
Altranium,ALTR,ARB,0xb9600c807f069D27f92a2a65b48F12Eeef7e2007,ALTR.png
WETH,WETH,ARB,0x82af49447d8a07e3bd95bd0d56f35241523fbab1,WETH.png
Wrapped Bitcoin,WBTC,ARB,0x2f2a2543B76A4166549F7aaB2e75Bef0aefC5B0f,WBTC.png
Lido wstETH,WSTETH,ARB,0x5979D7b546E38E414F7E9822514be443A4800529,WSTETH.png
USD Coin Bridged,USDC.e,ARB,0xFF970A61A04b1cA14834A43f5dE4533eBDDB5CC8,USDC.e.png
Frax Staked Ether,SFRXETH,ARB,0x95aB45875cFFdba1E5f451B950bC2E42c0053f39,SFRXETH.png
tBTC,TBTC,ARB,0x6c84a8f1c29108f47a79964b5fe888d4f4d0de40,TBTC.png
Wrapped eETH,weETH,ARB,0x35751007a407ca6FEFfE80b3cB397736D2cf4dbe,weETH.png
Kelp DAO Restaked ETH,RSETH,ARB,0x4186BFC76E2E237523CBC30FD220FE055156b41F,RSETH.png
Ethena Staked USDe,sUSDe,ARB,0x211cc4dd073734da055fbf44a2b4667d5e5fe5d2,sUSDe.png
Renzo Restaked ETH,EZETH,ARB,0x2416092f143378750bb29b79eD961ab195CcEea5,EZETH.png
SolvBTC,SolvBTC,ARB,0x3647c54c4c2c65bc7a2d63c0da2809b399dbbdc0,SolvBTC.png
Staked USD0,USD0++,ARB,0x2B65F9d2e4B84a2dF6ff0525741b75d1276a9C2F,USD0++.png
Ankr Staked ETH,ankrETH,ARB,0xe05a08226c49b636acf99c40da8dc6af83ce5bb3,ankrETH.png
Wrapped Origin Ether,WOETH,ARB,0xd8724322f44e5c58d7a815f542036fb17dbbf839,WOETH.png
crvUSD,CRVUSD,ARB,0x498Bf2B1e120FeD3ad3D42EA2165E9b73f99C1e5,CRVUSD.png
Axelar Wrapped Frax Eth,AXLFRXETH,ARB,0xEcc68d0451E20292406967Fe7C04280E5238Ac7D,AXLFRXETH.png
Balanced Dollar,bnUSD,ARB,0xA67f4b09Eed22f8201Ee0637CbE9d654E63F946e,bnUSD.png
Axelar Wrapped USDC,axlUSDC,ARB,0xeb466342c4d449bc9f53a865d5cb90586f405215,axlUSDC.png
iBTC,iBTC,ARB,0x050c24dbf1eec17babe5fc585f06116a259cc77a,iBTC.png
YieldFi yToken,YUSD,ARB,0x895e15020C3f52ddD4D8e9514eB83C39F53B1579,YUSD.png
pTokens BTC,pBTC,ARB,0x115d8bf0a53e751f8a472f88d587944ec1c8ca6d,pBTC.png
Wrapped Accumulate,WACME,ARB,0xDF4Ef6EE483953fE3B84ABd08C6A060445c01170,WACME.png
Tether USDt,USDT,SOL,Es9vMFrzaCERmJfrF4H2FYD4KCoNkY11McCe8BenwNYB,USDT.png
Ethereum,ETH,SOL,2FPyTwcZLUg1MDrwsyoP4D6s1tM7hAkHYRjkNb5w6Pxk,ETH.png
Chainlink,LINK,SOL,CWE8jPTUYhdCTZYWPTe1o5DFqfdjzWKc9WKz6rSjQUdG,LINK.png
USDC,USDC,SOL,EPjFWdd5AufqSSqeM2qN1xzybapC8G4wEGGkZwyTDt1v,USDC.png
Cronos,CRO,SOL,DvjMYMVeXgKxaixGKpzQThLoG98nc7HSU7eanzsdCboA,CRO.png
GateToken,GT,SOL,ABAq2R9gSpDDGguQxBk4u13s4ZYW6zbwKVBx15mCMG8,GT.png
Dai,DAI,SOL,EjmyN6qEC1Tf1JxiG1ae7UTJhUxSwk1TCWNWqxWV4J6o,DAI.png
Solana,SOL,SOL,So11111111111111111111111111111111111111111,SOL.png
Render,RENDER,SOL,rndrizKT3MK1iimdxRdWabcF7Zg7AR5T4nud4EkHBof,RENDER.png
Uniswap,UNI,SOL,8FU95xFJhUUkyyCLU13HSzDLs7oC4QZdXQHL6SCeab36,UNI.png
Aave,AAVE,SOL,3vAs4D1WE6Na4tCgt4BApgFfENbm8WY7q4cSPD1yM4Cg,AAVE.png
First Digital USD,FDUSD,SOL,9zNQRsGLjNKwCUU5Gq5LR8beUCPzQMVMqKAi3SSZh54u,FDUSD.png
Jupiter,JUP,SOL,JUPyiwrYJFskUPiHa7hkeR8VUtAeFoSYbKedZNsDvCN,JUP.png
OFFICIAL TRUMP,TRUMP,SOL,6p6xgHyF7AeE6TZkSmFsko444wqoP15icUSqi2jfGiPN,TRUMP.png
FTX Token,FTT,SOL,AGFEad2et2ZJif9jaGpdMixQqvW5i81aBdvKe7PHNfz3,FTT.png
Helium,HNT,SOL,hntyVP6YFm1Hg25TN9WGLqM12b8TQmcknKrdu1oxWux,HNT.png
The Graph,GRT,SOL,HGsLG4PnZ28L8A4R5nPqKgZd86zUUdmfnkTRnuFJ5dAX,GRT.png
Axie Infinity,AXS,SOL,HysWcbHiYY9888pHbaqhwLYZQeZrcQMXKQWRqS7zcPK5,AXS.png
Lido DAO,LDO,SOL,HZRCwxP2Vq9PCpPXooayhJ2bxTpo5xfpQrwB1svh332p,LDO.png
Raydium,RAY,SOL,4k3Dyjzvzp8eMZWUXbBCjEvwSkkk59S5iCNLY3QrkX6R,RAY.png
Ethereum Name Service,ENS,SOL,CLQsDGoGibdNPnVCFp8BAsN2unvyvb41Jd5USYwAnzAg,ENS.png
Bonk,BONK,SOL,DezXAZ8z7PnrnRJjz3wXBoRgixCa6xjnB7YaB1pPB263,BONK.png
SPX6900,SPX,SOL,J3NKxxXZcnNiMjKw9hYb2K4LUxgwB6t1FtPtQVsv3KFr,SPX.png
Pyth Network,PYTH,SOL,HZ1JovNiVvGrGNiiYvEozEVgZ58xaU3RKwX8eACQBCt3,PYTH.png
Jito,JTO,SOL,jtojtomepa8beP8AuQc6eXt5FriJwfFMwQx2v2f9mCL,JTO.png
dogwifhat,WIF,SOL,EKpQGSJtjMFqKZ9KQanSqYXRcF8fBopzLHYxdM65zcjm,WIF.png
Virtuals Protocol,VIRTUAL,SOL,3iQL8BFS2vE7mww4ehAqQHAsbmRNCrPxizWAT2Zfyr9y,VIRTUAL.png
Official Melania Meme,MELANIA,SOL,FUAfBo2jgks6gB4Z4LfZkqSZgzNucisEHqnNebaRxM1P,MELANIA.png
Decentraland,MANA,SOL,7dgHoN8wBZCc5wbnQ2C47TDnBMAxG4Q5L3KjP67z8kNi,MANA.png
Synthetix,SNX,SOL,8cTNUtcV2ueC3royJ642uRnvTxorJAWLZc58gxAo7y56,SNX.png
Polygon,MATIC,SOL,C7NNPWuZCNjZBfW5p6JvGsR8pUdsRpEdP1ZAhnoDwj7h,MATIC.png
Terra Classic,LUNC,SOL,F6v4wfAdJB8D8p77bMXZgYt8TDKsYxLYxH5AFhUkYx9W,LUNC.png
PAX Gold,PAXG,SOL,C6oFsE8nXRDThzrMEQ5SxaNFGKoyyfWDDVPw37JKvPTe,PAXG.png
Compound,COMP,SOL,AwEauVaTMQRB71WeDnwf1DWSBxaMKjEPuxyLr1uixFom,COMP.png
Trust Wallet Token,TWT,SOL,HZNpqL7RT9gxf9eWoWsWzC5DfjzQ41XTQgEA7p3VzaaD,TWT.png
1inch Network,1INCH,SOL,AjkPkq3nsyDe1yKcbyZT7N4aK4Evv9om9tzhQD3wsRC,1INCH.png
PayPal USD,PYUSD,SOL,2b1kV6DkPAnxd5ixfnxCpjxmKwqjjaYmCZfHsFu24GXo,PYUSD.png
Wormhole,W,SOL,85VBFQZC9TZkfaptBWjvUw7YbZjy52A6mjtPGjstQAmQ,W.png
Grass,GRASS,SOL,Grass7B4RdKfBCjTKgSqnXkqjwiGvQyFbuSCUJr3XXjs,GRASS.png
Fartcoin,FARTCOIN,SOL,9BB6NFEcjBCtnNLFko2FqVQBq8HHM13kCyYcdQbgpump,FARTCOIN.png
ai16z,AI16Z,SOL,HeLp6NuQkmYB4pYWo2zYs22mESHXPQYzXbB8n4V98jwC,AI16Z.png
Pudgy Penguins,PENGU,SOL,2zMMhcVQEXDtdE6vsFS7S7D5oUodfJHE8vd1gnBouauv,PENGU.png
Basic Attention Token,BAT,SOL,EPeUFDgHRxs9xxEPVaL6kfGQvCon7jmAWKVUHuux1Tpz,BAT.png
XYO,XYO,SOL,FCZKwHd9Qn1EQj8fFuNLB8dupAWCoJJNePbMqyHhS77b,XYO.png
Ankr,ANKR,SOL,Gq2norJ1kBemBp3mPfkgAUMhMMmnFmY4zEyi26tRcxFB,ANKR.png
Oasis,ROSE,SOL,S3SQfD6RheMXQ3EEYn1Z5sJsbtwfXdt7tSAVXPQFtYo,ROSE.png
Convex Finance,CVX,SOL,BLvmrccP4g1B6SpiVvmQrLUDya1nZ4B2D1nm9jzKF7sz,CVX.png
Baby Doge Coin,BabyDoge,SOL,7dUKUopcNWW6CcU4eRxCHh1uiMh32zDrmGf6ufqhxann,BabyDoge.png
Turbo,TURBO,SOL,2Dyzu65QA9zdX1UeE7Gx71k7fiwyUK6sZdrvJ7auq5wm,TURBO.png
Popcat (SOL),POPCAT,SOL,7GCihgDB8fe6KNjn2MYtkzZcRjQy3t9GHdC8uHYmW2hr,POPCAT.png
Gigachad,GIGA,SOL,63LfDmNb3MQ8mw9MtZ2To9bEA2M71kZUUGq5tiJxcqj9,GIGA.png
Aethir,ATH,SOL,Dm5BxyMetG3Aq5PaG1BrG7rBYqEMtnkjvPNMExfacVk7,ATH.png
cat in a dogs world,MEW,SOL,MEW1gQWJ3nEXg2qgERiKu7FAFj79PHvQVREQUzScPP5,MEW.png
Drift,DRIFT,SOL,DriFtupJYLTosbwoN8koMbEYSx54aFAVLddWsbksjwg7,DRIFT.png
SwissBorg,BORG,SOL,3dQTr7ror2QPKQ3GbBCokJUmjErGg8kTJzdnYjNfvi3Z,BORG.png
yearn.finance,YFI,SOL,BXZX2JRJFjvKazM1ibeDFxgAngKExb74MRXzXKvgikxX,YFI.png
Frax,FRAX,SOL,FR87nWEUxVgerFGhZM8Y4AggKGLnaXswr1Pd8wZ4kZcp,FRAX.png
Chintai,CHEX,SOL,6dKCoWjpj5MFU5gWDEFdpUUeBasBLK3wLEwhUzQPAa1e,CHEX.png
Tribe,TRIBE,SOL,DPgNKZJAG2w1S6vfYHDBT62R4qrWWH5f45CnxtbQduZE,TRIBE.png
GMT,GMT,SOL,7i5KKsX2weiTkry7jA4ZwSuXGhs5eJBEjY8vVxR4pfRx,GMT.png
Metaplex,MPLX,SOL,METAewgxyPbgwsseH8T16a39CQ5VyVxZi9zXiDPY18m,MPLX.png
Staika,STIK,SOL,8BMzMi2XxZn9afRaMx5Z6fauk9foHXqV5cLTCYWRcVje,STIK.png
Ondo US Dollar Yield,USDY,SOL,A1KLoBrKBde8Ty9qtNQUtq3C2ortoC3u7twggz7sEto6,USDY.png
io.net,IO,SOL,BZLbGTNCSFfoth2GYDtwr7e4imWzpR5jqcUuGEwr646K,IO.png
Magic Eden,ME,SOL,MEFNBXixkEbait3xn9bkm8WsJzXtVsaJEn4c8Sam21u,ME.png
Solana Swap,SOS,SOL,HDa3zJc12ahykSsBRvgiWzr6WLEByf36yzKKbVvy4gnF,SOS.png
AI Rig Complex,ARC,SOL,61V8vBaqAGMpgDQi4JcAwo1dmBGHsyhzodcPqnEVpump,ARC.png
Waves,WAVES,SOL,4XEjo9GZkKom3E26NQiidJLawwM9kbt76gUMDdGe1meQ,WAVES.png
Loopring,LRC,SOL,HCTVFTzHL21a1dPzKxAUeWwqbE8QMUyvgChFDL4XYoi1,LRC.png
Flux,FLUX,SOL,FLUX1wa2GmbtSB6ZGi2pTNbVCw3zEeKnaPCkPtFXxqXe,FLUX.png
Frax Share,FXS,SOL,6LX8BhMQ4Sy2otmAWj7Y5sKd9YTVVUgfMsBzT6B9W7ct,FXS.png
GoМining,GOMINING,SOL,3KzAE8dPyJRgZ36Eh81v7WPwi6dm7bDhdMb8EAus2RAf,GOMINING.png
dYdX (ethDYDX),ETHDYDX,SOL,4Hx6Bj56eGyw8EJrrheM6LBQAvVYRikYCWsALeTrwyRU,ETHDYDX.png
BOOK OF MEME,BOME,SOL,ukHH6c7mMyiWCf1b9pnWe25TSpkDDt3H5pQZgZ74J82,BOME.png
Neiro (First Neiro On Ethereum),NEIRO,SOL,FkmodwcM4YULTKLNMo7VHs4HLPvm8iBVLJHTj9YhMr9h,NEIRO.png
Act I : The AI Prophecy,ACT,SOL,GJAFwWjJ3vnTsrQVabjBVK2TYB1YtRCQXRDfDgUnpump,ACT.png
Peanut the Squirrel,PNUT,SOL,2qEHjDLDLbuBgRYvsxhc5D6uDWAivNFZGan56P1tpump,PNUT.png
Bio Protocol,BIO,SOL,bioJ9JTqW62MLz7UKHU69gtKhPpGi1BQhccj2kmSvUJ,BIO.png
Solayer,LAYER,SOL,LAYER4xPpTCb3QL8S9u41EAhAX7mhBn8Q6xMTwY2Yzc,LAYER.png
Audius,AUDIO,SOL,9LzCMqDgTKYz9Drzqnpgee3SGa89up3a247ypMj2xrqM,AUDIO.png
Solana Name Service,FIDA,SOL,EchesyfXePKdLtoiZSL8pBe8Myagyy8ZRqsACNCFGnvp,FIDA.png
ZIGChain,ZIG,SOL,26f12PmBk77wQV1TzLe8XKkNBvMFggbuypxdtMLzNLzz,ZIG.png
Orca,ORCA,SOL,orcaEKTdK7LKz57vaAYr9QeNsVEPfiu6QeMU1kektZE,ORCA.png
Spell Token,SPELL,SOL,BCsFXYm81iqXyYmrLKgAp3AePcgLHnirb8FjTs6sjM7U,SPELL.png
TARS AI,TAI,SOL,Hax9LTgsQkze1YFychnBLtFH8gYbQKtKfWKKg2SP6gdD,TAI.png
Hivemapper,HONEY,SOL,4vMsoUT2BWatFweudnQM1xedRLfJgJ7hswhcpz4xgBTy,HONEY.png
GRIFFAIN,GRIFFAIN,SOL,KENJSUYLASHUMfHyy5o4Hp2FdNqZg1AsUPhfH2kYvEP,GRIFFAIN.png
Orbs,ORBS,SOL,7JnHPPJBBKSTJ7iEmsiGSBcPJgbcKw28uCRXtQgimncp,ORBS.png
Keep Network,KEEP,SOL,64L6o4G2H7Ln1vN7AHZsUMW4pbFciHyuwn4wUdSbcFxh,KEEP.png
Smooth Love Potion,SLP,SOL,4hpngEp1v3CXpeKB81Gw4sv7YvwUVRKvY3SGag9ND8Q4,SLP.png
TerraClassicUSD,USTC,SOL,9vMJfxuKxXBoEa7rM12mYLMwTacLMLDJqHozw96WQL8i,USTC.png
Dogelon Mars,ELON,SOL,7ZCm8WBN9aLa3o47SoYctU6iLdj7wkGG5SV2hE5CgtD5,ELON.png
Yield Guild Games,YGG,SOL,EzZp7LRN1xwu3QsB2RJRrWwEGjJGsuWzuMCeQDB3NSPK,YGG.png
ConstitutionDAO,PEOPLE,SOL,CobcsUrt3p91FwvULYKorQejgsm5HoQdv5T8RUZ6PnLA,PEOPLE.png
EURC,EURC,SOL,HzwqbKZw8HxMN6bF2yFZNrht3c2iXXzpKcFu7uBEDKtr,EURC.png
Delysium,AGI,SOL,8bUbe1ujsM1G3JEbBWVVCXa2widmuPdKUB2rGKMYFw7R,AGI.png
HarryPotterObamaSonic10Inu (ERC-20),BITCOIN,SOL,CTgiaZUK12kCcB8sosn4Nt2NZtzLgtPqDwyQyr2syATC,BITCOIN.png
Tensor,TNSR,SOL,TNSRxcUxoT9xBG3de7PiJyTDYu7kskLqcpddxnEJAS6,TNSR.png
Goatseus Maximus,GOAT,SOL,CzLSujWBLFsSjncfkh59rUFqvafWcY5tzedWJSuypump,GOAT.png
Pax Dollar,USDP,SOL,HVbpJAQGNpkgBaYBZQBR1t7yFdvaYVp2vCQQfKKEN4tM,USDP.png
Coin98,C98,SOL,C98A4nkJXhpVZNAZdHUA95RpTF3T4whtQubL3YobiUX9,C98.png
Adventure Gold,AGLD,SOL,7dnMwS2yE6NE1PX81B9Xpm7zUhFXmQABqUiHHzWXiEBn,AGLD.png
Artificial Liquid Intelligence,ALI,SOL,9wvorGtBJ8gyLorFTmwXWcymPoGVUBn6MRzHwFpCdCeC,ALI.png
Non-Playable Coin,NPC,SOL,BeGY8KqKxboEwRbJd1q9H2K829jS4Rc5dEyNMYXCbV5p,NPC.png
Autonolas,OLAS,SOL,Ez3nzG9ofodYCvEmw73XhQ87LWNYVRM2s7diB5tBZPyM,OLAS.png
Ponke,PONKE,SOL,5z3EqYQo9HiCEs3R84RCDMu2n7anpDMxRhdK8PSWmrRC,PONKE.png
Zebec Network,ZBCN,SOL,ZBCNpuD7YMXzTHB2fhGkGi78MNsHGLRXUhRewNRm9RU,ZBCN.png
Simon's Cat,CAT,SOL,3joMReCCSESngJEpFLoKR2dNcChjSRCDtybQet5uSpse,CAT.png
CARV,CARV,SOL,AFJtnuqGMaj5jAo6Pwxo28r1f7XAXXTSA8q3rG3q8b4A,CARV.png
Hey Anon,ANON,SOL,9McvH6w97oewLmPxqQEoHUAv3u5iYMyQ9AeZZhguYf1T,ANON.png
Nosana,NOS,SOL,nosXBVoaCTtYdLvKY6Csb4AC8JCdQKKAaWYtx2ZMoo7,NOS.png
Access Protocol,ACS,SOL,5MAYDfq5yxtudAhtfyuMBuHZjgAbaS9tbEyEQYAhDS5y,ACS.png
SmarDex,SDEX,SOL,9dzSzFvPsKDoY2gdWErsuz2H1o4tbzvgBhrNZ9cvkD2j,SDEX.png
Bitget Wallet Token,BWB,SOL,6FVyLVhQsShWVUsCq2FJRr1MrECGShc3QxBwWtgiVFwK,BWB.png
Moo Deng (moodengsol.com),MOODENG,SOL,ED5nyyWEzpPPiWimP8vYm7sD7TD3LAt3Q3gRTWHzPJBY,MOODENG.png
Comedian,BAN,SOL,9PR7nCP9DpcUotnDPVLUBUZKu5WAYkwrCUx9wDnSpump,BAN.png
AgriDex,AGRI,SOL,AGRidUXLeDij9CJprkZx7WBXtTQC67jtfiwz293mVrJ,AGRI.png
Bancor,BNT,SOL,EDVVEYW4fPJ6vKw5LZXRGUSPzxoHrv6eWvTqhCr8oShs,BNT.png
BUSD,BUSD,SOL,33fsBLA8djQm82RpHmE3SuVrPGtZBWNYExsEUeKX1HXX,BUSD.png
GEODNET,GEOD,SOL,7JA5eZdCzztSfQbJvS8aVVxMFfd81Rs9VvwnocV1mKHu,GEOD.png
Vine Coin,VINE,SOL,6AJcP7wuLwmRYLBNbi825wgguaPsWzPBEHcHndpRpump,VINE.png
Realio Network,RIO,SOL,HELn8rSM1rp8vAjNH4NYXzX6FvCbwWMGqLfaMgiBnZFV,RIO.png
MyNeighborAlice,ALICE,SOL,9ARQsBfAn65q522cEqSJuse3cLhA31jgWDBGQHeiq7Mg,ALICE.png
Helium Mobile,MOBILE,SOL,mb1eu7TzEc71KxDpsmsKoucSSuuoGLv1drys1oP2jh6,MOBILE.png
SLERF,SLERF,SOL,7BgBvyjrZX1YKz4oh9mjb8ZScatkkwb8DzFx7LoiVkM3,SLERF.png
McDull,MCDULL,SOL,Buoj8HCZMnLRwzDmjzaswhkVhLZD58PG4pZ7rnYp6pCr,MCDULL.png
Fwog (SOL),FWOG,SOL,A8C3xuqscfmyLrte3VmTqrAq8kgMASius9AFNANwpump,FWOG.png
Limitus,LMT,SOL,86t88w3MKT38HChTBKBwEeb1RW1MeTceaW68qY2Vpump,LMT.png
SwarmNode.ai,SNAI,SOL,Hjw6bEcHtbHGpQr8onG3izfJY5DJiWdt7uk2BfdSpump,SNAI.png
LIBRA,LIBRA,SOL,Bo9jh3wsmcC2AjakLWzNmKJ3SgtZmXEcSaW7L2FAvUsU,LIBRA.png
DEAPcoin,DEP,SOL,BgwQjVNMWvt2d8CN51CsbniwRWyZ9H9HfHkEsvikeVuZ,DEP.png
DAO Maker,DAO,SOL,85aM5XJhdDeUw4MbGKM56zmWnsRyh76zUVut97uPjiCg,DAO.png
Shadow Token,SHDW,SOL,SHDWyBxihqiCj6YekG2GUr7wqKLeLAMK1gHZck9pL6y,SHDW.png
Neon EVM,NEON,SOL,NeonTjSjsuo3rexg9o6vHuMXw62f9V7zvmu8M8Zut44,NEON.png
AVA,AVA,SOL,DKu9kykSfbN5LBfFXtNNDPaX35o4Fv6vJ9FKk7pZpump,AVA.png
Unicorn Fart Dust,UFD,SOL,eL5fUxj2J4CiQsmW85k5FG9DvuQjjUoBHoQBi2Kpump,UFD.png
Stool Prisondente,JAILSTOOL,SOL,AxriehR6Xw3adzHopnvMn7GcpRFcD41ddpiTWMg6pump,JAILSTOOL.png
AVA (Travala),AVA,SOL,G8LfyGVsjsLzetJ5RWZVAhMo4H9cb58ET1Z6gEZJQdPM,AVA.png
Dego Finance,DEGO,SOL,BU4eP1vCR99amXKsMXhctX8YpqUa7wbULQ26XaQbazkS,DEGO.png
Bitgert,BRISE,SOL,ErSZNwsamWjR9Hj2o18GLwVyTkooyGbdptjMjuv72X8A,BRISE.png
Green Satoshi Token (SOL),GST,SOL,AFbX8oGjGpmVFywbVouvhQSRmiW2aR1mohfahi4Y2AdB,GST.png
Houdini Swap,LOCK,SOL,App2Sp9pgmQG7yD6uVaygULxALf4TpfALgnhHEkJimih,LOCK.png
Wojak,WOJAK,SOL,6bn6rKWbTRAQwizwqEfcmpAtoAMnqzfG7F8DYMK5reYn,WOJAK.png
Ice Open Network,ICE,SOL,E9aPbhb5xRVGP2L6qJixfJC5qWAzECpUFUxnGx3wUiND,ICE.png
Parcl,PRCL,SOL,4LLbsb5ReP3yEtYzmXewyGjcir5uXtKFURtaEUVC2AHs,PRCL.png
Renzo,REZ,SOL,3DK98MXPz8TRuim7rfQnebSLpA7VSoc79Bgiee1m4Zw5,REZ.png
Zerebro,ZEREBRO,SOL,8x5VqbHA8D7NkD52uNuS5nnt3PwA8pLD34ymskeSo2Wn,ZEREBRO.png
Swarms,SWARMS,SOL,74SBV4zDXxTRgv1pEMoECskKBkZHc2yGPnc7GYVepump,SWARMS.png
ORBIT,GRIFT,SOL,GekTNfm84QfyP2GdAHZ5AgACBRd69aNmgA5FDhZupump,GRIFT.png
Perpetual Protocol,PERP,SOL,9BsnSWDPfbusseZfnXyZ3un14CyPMZYvsKjWY3Y8Gbqn,PERP.png
Star Atlas,ATLAS,SOL,ATLASXmbPQxBUYbxPsV97usA3fPQYEqzQBUHgiFCUsXx,ATLAS.png
Pocket Network,POKT,SOL,6CAsXfiCXZfP8APCG6Vma2DFMindopxiqYQN4LSQfhoC,POKT.png
deBridge,DBR,SOL,DBRiDgJAMsM95moTzJs7M9LnkGErpbv9v6CUR1DXnUu5,DBR.png
RETARDIO,RETARDIO,SOL,6ogzHhzdrQr9Pgv6hZ2MNze7UrzBMAFyBBWUYp1Fhitx,RETARDIO.png
Pups (Bitcoin),PUPS,SOL,2oGLxYuNBJRcepT1mEV6KnETaLD7Bf6qq3CM6skasBfe,PUPS.png
Just a chill guy,CHILLGUY,SOL,Df6yfrKC8kZE3KNkrHERKzAetSxbrWeniQfyJY4Jpump,CHILLGUY.png
yesnoerror,YNE,SOL,7D1iYWfhw2cr9yBZBFE6nZaaSUvXHqG5FizFFEZwpump,YNE.png
Measurable Data Token,MDT,SOL,8Wqbst4qAN2FqBCCh5gdXq2WJ7vTNWEY4oNLrpUg7Tya,MDT.png
Star Atlas DAO,POLIS,SOL,poLisWXnNRwC6oBu1vHiuKQzFjGL4XDSu4g9qjz9qVk,POLIS.png
Artrade,ATR,SOL,ATRLuHph8dxnPny4WSNW7fxkhbeivBrtWbY6BfB4xpLj,ATR.png
Crown by Third Time Games,CROWN,SOL,GDfnEsia2WLAW5t8yx2X5j2mkfA74i5kwGdDuZHt7XmG,CROWN.png
Wen,WEN,SOL,WENWENvqqNya429ubCdR81ZmD69brwQaaBYY6p3LCpk,WEN.png
Hive AI,BUZZ,SOL,9DHe3pycTuymFk4H4bbPoAJ4hQrr2kaLDF6J6aAKpump,BUZZ.png
MATH,MATH,SOL,CaGa7pddFXS65Gznqwp42kBhkJQdceoFVT7AQYo8Jr8Q,MATH.png
Aleph.im,ALEPH,SOL,3UCMiSnkcnkPE1pgQ5ggPCBv6dXgVUy16TmMUe1WpG9x,ALEPH.png
QuickSwap [Old],QUICK,SOL,5njTmK53Ss5jkiHHZvzabVzZj6ztu6WYWpAPYgbVnbjs,QUICK.png
StrikeX,STRX,SOL,9HCRyuqrFDt1kUrwuUF7xjb2eqCgFmC5433MjqJ3STRX,STRX.png
Step Finance,STEP,SOL,StepAscQoEioFxxWGnh2sLBDFp9d8rvKz2Yp39iDpyT,STEP.png
Mango,MNGO,SOL,MangoCzJ36AjZyKwVj3VnYU4GTonjfVEnJmvvWaxLac,MNGO.png
WUFFI,WUF,SOL,73xsLcBnLnc9bh81cqVKqj8uEyiarXng5ZwJuTbnVebG,WUF.png
Daddy Tate,DADDY,SOL,4Cnk9EPnW5ixfLZatCPJjDB1PUtcRpVVgTQukm9epump,DADDY.png
Purple Pepe,$PURPE,SOL,HBoNJ5v8g71s2boRivrHnfSB5MVPLDHHyVjruPfhGkvL,$PURPE.png
ORA,ORA,SOL,BPYhCMNao2XG4UR771LurHrwUg3rcp76jmg4XFfAacvg,ORA.png
pippin,PIPPIN,SOL,Dfh5DzRgSvvCFDoYc2ciTkMrbDfRKybA4SoFbPmApump,PIPPIN.png
DOGEai,DOGEAI,SOL,9UYAYvVS2cZ3BndbsoG1ScJbjfwyEPGxjE79hh5ipump,DOGEAI.png
Kin,KIN,SOL,kinXdEcpDQeHPEuQnqmUgtYykqKGVFq6CeVX5iAHJq6,KIN.png
ZUSD,ZUSD,SOL,FrBfWJ4qE5sCzKm3k3JaAtqZcXUh4LvJygDeketsrsH4,ZUSD.png
Solend,SLND,SOL,SLNDpmoWTVADgEdndyvWzroNL7zSi1dF9PC3xHGtPwp,SLND.png
MAGA (magamemecoin.com),TRUMP,SOL,HaP8r3ksG76PhQLTqR8FYBeNiQpejcFbQmiHbg787Ut1,TRUMP.png
Myro,MYRO,SOL,HhJpBhRRn4g56VsyLuT8DL5Bv31HkXqsrahTTUCZeZg4,MYRO.png
michi (SOL),$MICHI,SOL,5mbK36SZ7J19An8jFochhQS4of8g6BwUjbeCSxBSoWdp,$MICHI.png
Luna by Virtuals,LUNA,SOL,9se6kma7LeGcQWyRBNcYzyxZPE3r9t9qWZ8SnjnN3jJ7,LUNA.png
Major Frog,MAJOR,SOL,CNyMaRR4krm1yAxfCvPXevNMArZZZk7sRqKwX68uCeJk,MAJOR.png
Robinhood,HOOD,SOL,h5NciPdMZ5QCB5BYETJMYBMpVx9ZuitR6HcVjyBhood,HOOD.png
Quiztok,QTCON,SOL,DkNihsQs1hqEwf9TgKP8FmGv7dmMQ7hnKjS2ZSmMZZBE,QTCON.png
Stonks,STNK,SOL,43VWkd99HjqkhFTZbWBpMpRhjG469nWa7x7uEsgSH7We,STNK.png
crow with knife,CAW,SOL,9niFQK8MsParjSxhYQ3Ys2a6zHmsEuKSB1M7wwdvZ7bj,CAW.png
MANEKI,MANEKI,SOL,25hAyBQfoDhfWx9ay6rarbgvWGwDdNqcHsXS3jQ3mTDJ,MANEKI.png
BILLION•DOLLAR•CAT,BDC,SOL,BDCs2xEqzXyRpp9P6uPDnAvERpLKBfzHPEzbe3BfCxDY,BDC.png
SIGMA,SIGMA,SOL,5SVG3T9CNQsm2kEwzbRq6hASqh1oGfjqTtLXYUibpump,SIGMA.png
Free Palestine,YAFA,SOL,YAFAJvjUv9MVAKcTE7Y8ouo45QNKVK6fCMzdxt2tjPs,YAFA.png
Alchemist AI,ALCH,SOL,HNg5PYJmtqcmzXrv6S9zP1CDKk5BgDuyFBxbvNApump,ALCH.png
KIKICat,KIKI,SOL,HhCLbkW6FwhriTkk81W8tYstsRCLUu6Y7Je1SQjVpump,KIKI.png
Central African Republic Meme,CAR,SOL,7oBYdEhV4GkXC19ZfgAvXpJWp2Rn9pm1Bx2cVNxFpump,CAR.png
Samoyedcoin,SAMO,SOL,7xKXtg2CW87d97TXJSDpbD5jBkheTqA83TZRuJosgAsU,SAMO.png
GmeStop,GME,SOL,8wXtPeU6557ETkp9WHFY1n1EcU6NxDvbAggHGsMYiHsB,GME.png
Foxsy AI,FOXSY,SOL,CgGWS19zR5xTzgCEcW5Svsuon4hBZwzBwUFimoJStCf2,FOXSY.png
Strawberry AI,BERRY,SOL,D2tztvQKcmo7PUof8quQWAu3qXKwtiW1pLjvHLsUakv5,BERRY.png
Kappa,KAPPA,SOL,4FfTcjSySNCK5FMncfPYMFyp4QpFR4GERDKnfECr7ntg,KAPPA.png
Cream Finance,CREAM,SOL,HihxL2iM6L6P1oqoSeiixdJ3PhPYNxvSKH9A2dDqLVDH,CREAM.png
GYEN,GYEN,SOL,Crn4x1Y2HUKko7ox2EZMT6N2t2ZyH7eKtwkBGVnhEq1g,GYEN.png
iMe Lab,LIME,SOL,LimeYH1PCoDMoUqfY1bUnp8ZdZrPN5nFTW3iofkdzCU,LIME.png
Genopets,GENE,SOL,GENEtH5amGSi8kHAtQoezp1XEXwZJ8vcuePYnXdKrMYz,GENE.png
8-Bit Coin,COIN,SOL,3xvLSHrLcM7246X1vu34cM9gNX741kQrzqj6T2HhLvXp,COIN.png
LUCE,LUCE,SOL,CBdCxKo9QavR9hfShgpEBG3zekorAeD7W1jfq2o3pump,LUCE.png
Bertram The Pomeranian,BERT,SOL,HgBRWfYxEfvPhtqkaeymCQtHCrKE46qQ43pKe8HCpump,BERT.png
Musk It,MUSKIT,SOL,9So52ugZh2BLBT3f7p61947q91uQh2DyvbfyMDeRpump,MUSKIT.png
aixCB by Virtuals,AIXCB,SOL,GqnZQE5MPu2Msqwq8k2VTmHvMQKccR6HKd8hbx39v3CU,AIXCB.png
Top Hat,HAT,SOL,AxGAbdFtdbj2oNXa4dKqFvwHzgFtW9mFHWmd7vQfpump,HAT.png
Butthole Coin,BHC,SOL,CboMcTUYUcy9E6B3yGdFn6aEsGUnYV6yWeoeukw6pump,BHC.png
LayerAI,LAI,SOL,44fvUC89PJcFDNFFXXevaqMa5BXXCQXNGJRfTMiEQhBE,LAI.png
Helium IOT,IOT,SOL,iotEVVZLEywoTn1QdwNPddxPWszn3zFhEot3MfL9fns,IOT.png
Smog,SMOG,SOL,FS66v5XYtJAFo14LiPz5HT93EUMAHmYipCfQhLpU4ss8,SMOG.png
Mumu the Bull (SOL),MUMU,SOL,5LafQUrVco6o7KMz42eqVEJ9LW31StPyGjeeu5sKoMtA,MUMU.png
Hege,HEGE,SOL,ULwSJmmpxmnRfpu6BjnK6rprKXqD5jXUmPpS1FxHXFy,HEGE.png
Kendu Inu,KENDU,SOL,2nnrviYJRLcf2bXAxpKTRXzccoDbwaP4vzuGUG75Jo45,KENDU.png
NATIX Network,NATIX,SOL,FRySi8LPkuByB7VPSCCggxpewFUeeJiwEGRKKuhwpKcX,NATIX.png
Shoggoth (shoggoth.monster),SHOGGOTH,SOL,H2c31USxu35MDkBrGph8pUDUnmzo2e4Rf4hnvL2Upump,SHOGGOTH.png
Eliza (elizawakesup),ELIZA,SOL,5voS9evDjxF589WuEub5i4ti7FWQmZCsAsyD5ucbuRqM,ELIZA.png
flork cto,FLORK,SOL,CnGb7hJsGdsFyQP2uXNWrUgT5K1tovBA3mNnUZcTpump,FLORK.png
MAX,MAX,SOL,oraim8c9d1nkfuQk9EzGYEUGxqL3MHQYndRw1huVo5h,MAX.png
UFO Gaming,UFO,SOL,GWdkYFnXnSJAsCBvmsqFLiPPe2tpvXynZcJdxf11Fu3U,UFO.png
HELLO Labs,HELLO,SOL,4h49hPGphLNJNDRyiBwzvKoasR3rw1WJCEv19PhUbSS4,HELLO.png
VNX Swiss Franc,VCHF,SOL,AhhdRu5YZdjVkKR3wbnUDaymVQL2ucjMQ63sZ3LFHsch,VCHF.png
Dasha,VVAIFU,SOL,FQ1tyso61AH1tzodyJfSwmzsD3GToybbRNoZxUBz21p8,VVAIFU.png
Degen Spartan AI,DEGENAI,SOL,Gu3LDkn7Vx3bmCzLafYNKcDxv2mH7YN44NJZFXnypump,DEGENAI.png
METAVERSE,METAV,SOL,HCgvbV9Qcf9TVGPGKMGbVEj8WwwVD6HhTt5E2i3qkeN9,METAV.png
Elon Trump Fart,ETF500,SOL,CWX6t6pGJ1zsnuywnyd2ZMZJ7inB2sWuPdsteoT6pump,ETF500.png
Keep3rV1,KP3R,SOL,3a2VW9t5N6p4baMW3M6yLH1UJ9imMt7VsyUk6ouXPVLq,KP3R.png
Aurory,AURY,SOL,AURYydfxJib1ZkTir1Jn1J9ECYUtjb6rKQVmtYaixWPP,AURY.png
Blockasset,BLOCK,SOL,NFTUkR4u7wKxy9QLaX2TGvd9oZSWoMo4jqSJqdMb7Nk,BLOCK.png
DexCheck AI,DCK,SOL,CdC6jsYRRyHy9gXZX3SaS2rf6qa218XhXjEhaiANkBYT,DCK.png
Mother Iggy,MOTHER,SOL,3S8qX1MsMqRbiwKg2cQyx7nis1oHMgaCuc9c4VfvVdPN,MOTHER.png
Non-Playable Coin Solana,NPCS,SOL,5ToDNkiBAK6k697RRyngTburU7yZNFZFx7jzsD1Uc7pK,NPCS.png
888,888,SOL,888R77WmcLJKyGeJjk1WktFAB5u5fkvmokHYsAu6Spyd,888.png
Fric,FRIC,SOL,EsP4kJfKUDLfX274WoBSiiEy74Sh4tZKUCDjfULHpump,FRIC.png
neur.sh,NEUR,SOL,3N2ETvNpPNAxhcaXgkhKoY1yDnQfs41Wnxsx5qNJpump,NEUR.png
ROA CORE,ROA,SOL,5tB5D6DGJMxxHYmNkfJNG237x6pZGEwTzGpUUh62yQJ7,ROA.png
Jesus Coin,JESUS,SOL,FQddEUoqKPnAsc4UTkAdAUV3LnCXoZEJMazguC1N11kC,JESUS.png
Koala AI,KOKO,SOL,FsA54yL49WKs7rWoGv9sUcbSGWCWV756jTD349e6H2yW,KOKO.png
Dolan Duck,DOLAN,SOL,4YK1njyeCkBuXG6phNtidJWKCbBhB659iwGkUJx98P5Z,DOLAN.png
Pino,PINO,SOL,7b36cKRYFZsMp3vLByVwfVQxW2ndcYth5rhPnyypump,PINO.png
Harold,HAROLD,SOL,3vgopg7xm3EWkXfxmWPUpcf7g939hecfqg18sLuXDzVt,HAROLD.png
FOMO (fomo.fund),FOMO,SOL,ZxBon4vcf3DVcrt63fJU52ywYm9BKZC6YuXDhb3fomo,FOMO.png
Luigi Mangione,LUIGI,SOL,5XyKkFaJpAmsH4Tf2EFj3S61W3hC5cJhxNZQQ5h1pump,LUIGI.png
Freya by Virtuals,FREYA,SOL,HivL1ZxFz1emBagyt2euh6ut4Xco8yWb8na9N1GQngnt,FREYA.png
Baby Shark Meme,BABYSHARK,SOL,8nKP8Vc72pRZB6bhCy8D1UYf6ZjwYT859i6awyinpump,BABYSHARK.png
Alon,ALON,SOL,8XtRWb4uAAJFMP4QQhoYYCWR6XXb7ybcCdiqPwz9s5WS,ALON.png
Edwin,EDWIN,SOL,GPrg1CgbBvAJS2SCuf9gF7NmQYsWudfyfWy5SUzypump,EDWIN.png
RIFT AI,RIFT,SOL,jUpa2aDCzvdR9EF4fqDXmuyMUkonPTohphABLmRkRFj,RIFT.png
Solanium,SLIM,SOL,xxxxa1sKNGwFtw2kFn8XauW9xq8hBZ5kVtcSesTT9fW,SLIM.png
UNKJD,MBS,SOL,Fm9rHUTF5v3hwMLbStjZXqNBBoZyGriQaFM6sTFz3K8A,MBS.png
Gaimin,GMRX,SOL,76VxJbMFoCXBcn2rqPQX2UsUfpupq2gVwGSq5LyYMhr2,GMRX.png
Orbitt Token,ORBT,SOL,BGyjasmSzYM9hHiZ1LBU4EJ7KCtRjMSpbN4zTru3W5vf,ORBT.png
nubcat,NUB,SOL,GtDZKAqvMZMnti46ZewMiXCa4oXF4bZxwQPoKzXPFxZn,NUB.png
Shrub,SHRUB,SOL,Em8WF6pg9FmKDy1dXkWhXxpgmfhj5Bes3ZCE8PCCJSHt,SHRUB.png
Happy Cat,HAPPY,SOL,HAPPYwgFcjEJDzRtfWE6tiHE9zGdzpNky2FvjPHsvvGZ,HAPPY.png
Rifampicin,RIF,SOL,GJtJuWD9qYcCkrwMBmtY1tpapV1sKfB2zUv9Q4aqpump,RIF.png
Evan,EVAN,SOL,GFUgXbMeDnLkhZaJS3nYFqunqkFNMRo9ukhyajeXpump,EVAN.png
TRI SIGMA,TRISIG,SOL,BLDiYcvm3CLcgZ7XUBPgz6idSAkNmWY6MBbm8Xpjpump,TRISIG.png
BOTIFY,BOTIFY,SOL,BYZ9CcZGKAXmN2uDsKcQMM9UnZacija4vWcns9Th69xb,BOTIFY.png
Jelly-My-Jelly,JELLYJELLY,SOL,FeR8VBqNRSUD5NtXAj2n3j1dAHkZHfyDktKuLXD4pump,JELLYJELLY.png
Serum,SRM,SOL,SRMuApVNdxXokk5GT7XD5cUUgXMBCoAz2LHeuAoKWRt,SRM.png
XCAD Network,XCAD,SOL,AHcxvCP5se2DiqfcXwBz8i7WygwWJdd8f9S9t6nd4YsQ,XCAD.png
Only1,LIKE,SOL,3bRTivrVsitbmCTGtqwp7hxXPsybkjn4XLNtPsHqa3zR,LIKE.png
RENEC,RENEC,SOL,Ed6wQTbHwnoaSGx1y9YeqNkXJqNYYLCcAQoBhA3nuYYH,RENEC.png
THE BALKAN DWARF,KEKEC,SOL,DexxZWtZd8hdmeth9gKYXgTWa1VYdMVrWFBZ9RXXXhBn,KEKEC.png
MAD,MAD,SOL,madHpjRn6bd8t78Rsy7NuSuNwWa2HU8ByPobZprHbHv,MAD.png
HahaYes,RIZO,SOL,rizo34MUwbCBqpSTSfnEktdWB4CTByqqYh8zBxL3WAR,RIZO.png
Numogram,GNON,SOL,HeJUFDxfJSzYFUuHLxkMqCgytU31G6mjP4wKviwqpump,GNON.png
Urolithin A,URO,SOL,FvgqHMfL9yn39V79huDPy3YUNDoYJpuLWng2JfmQpump,URO.png
Dolos The Bully,BULLY,SOL,79yTpy8uwmAkrdgZdq6ZSBTvxKsgPrNqTLvYQBh1pump,BULLY.png
Digimon,DIGIMON,SOL,WEmjxPMGXEW1Nvc4rCgRKiWHj1H1tvhPsKMw2yvpump,DIGIMON.png
Celsius,CEL,SOL,nRtfwU9G82CSHhHGJNxFhtn7FLvWP2rqvQvje1WtL69,CEL.png
Hoge Finance,HOGE,SOL,74gUPK636nrieDT9kLSgF1peWg5BB7itNkjF2BkMDwZj,HOGE.png
Choise.ai,CHO,SOL,59McpTVgyGsSu5eQutvcKLFu7wrFe3ZkE2qdAi3HnvBn,CHO.png
CatCoin,CAT,SOL,7hWcHohzwtLddDUG81H2PkWq6KEkMtSDNkYXsso18Fy3,CAT.png
Boop,BOOP,SOL,2HrZ5R18H48b8ptL3n8N5zX65zDB4o2cMCHcP3QfSfye,BOOP.png
SolCex,SOLCEX,SOL,AMjzRn1TBQwQfNAjHFeBb7uGbbqbJB7FzXAnGgdFPk6K,SOLCEX.png
Smoking Chicken Fish,SCF,SOL,GiG7Hr61RVm4CSUxJmgiCoySFQtdiwxtqf64MsRppump,SCF.png
Aimonica Brands,AIMONICA,SOL,FVdo7CDJarhYoH6McyTFqx71EtzCPViinvdd1v86Qmy5,AIMONICA.png
Bear in Bathrobe,BIB,SOL,PvhC1i1uu1xmB8bsaoTj3mLf1ihYdQo7MtVQebppump,BIB.png
HAPI Protocol,HAPI,SOL,6VNKqgz9hk7zRShTFdg5AnkfKwZUcojzwAkzxSH3bnUm,HAPI.png
Creo Engine,CREO,SOL,Fg4TqUxx6E9L7Pya6fMUGzTD4s2jwSMzjrWeeBHvu7ZC,CREO.png
Port3 Network,PORT3,SOL,Bo5T8zkE6Xen9ZirEqoNqczuGcsopwNnxbBcW9HqCLGJ,PORT3.png
Slothana,SLOTH,SOL,HQ7DaoiUxzC2K1Dr7KXRHccNtXvEYgNvoUextXe8dmBh,SLOTH.png
Waffles Davincij15's Cat,$WAFFLES,SOL,8doS8nzmgVZEaACxALkbK5fZtw4UuoRp4Yt8NEaXfDMb,$WAFFLES.png
LogX Network,LOGX,SOL,7cHJTPkhnCKesVFijmMXVFVY4HjpkLd9qYjg6neb74yD,LOGX.png
Pythia,PYTHIA,SOL,CreiuhfwdWCN5mJbMJtA9bBpYQrQF2tCBuZwSPWfpump,PYTHIA.png
MagicCraft,MCRT,SOL,FADm4QuSUF1K526LvTjvbJjKzeeipP6bj5bSzp3r6ipq,MCRT.png
Byte,BYTE,SOL,ArGfk9JJ72QETcmckxVjCZ9ApuATgP1mf9ysVHnPU4ut,BYTE.png
Alphakek AI,AIKEK,SOL,CotWkXoBD3edLb6opEGHV9tb3pyKmeoWBLwdMJ8ZDimW,AIKEK.png
donotfomoew,MOEW,SOL,C6Q5fMpuPjBPox84wbcE3Rn8HYJg11o4YHEmbQSuYs5L,MOEW.png
hehe,HEHE,SOL,BreuhVohXX5fv6q41uyb3sojtAuGoGaiAhKBMtcrpump,HEHE.png
Opus,OPUS,SOL,9JhFqCA21MoAXs2PTaeqNQp2XngPn1PgYr2rsEVCpump,OPUS.png
Project Plutus,PPCOIN,SOL,76PsEyML7UV9uiBDWMdG3itRRuupDuRs6nNpjNBpump,PPCOIN.png
Akasha by Bloomverse,$AKA,SOL,4TwC4AiF1uUSHES2eBftGqemp6TqjEnKghqiH6dFpump,$AKA.png
Nibbles,NIBBLES,SOL,3gC8oidaJ61fkB2QCYvm9xKMZG8szBgBMbuLAGgNeGJD,NIBBLES.png
Lux,LUX,SOL,BmXfbamFqrBzrqihr9hbSmEsfQUXMVaqshAjgvZupump,LUX.png
Gari Network,GARI,SOL,CKaKtYvz6dKPyMvYq9Rh3UBrnNqYZAyd7iF4hJtjUvks,GARI.png
Nyan Heroes,NYAN,SOL,NYANpAp9Cr7YarBNrby7Xx4xU6No6JKTBuohNA3yscP,NYAN.png
Dingocoin,DINGO,SOL,6VYF5jXq6rfq4QRgGMG6co7b1Ev1Lj7KSbHBxfQ9e1L3,DINGO.png
KiboShib,KIBSHI,SOL,BxBkTCHsrcYChcwB459CAGPX9x4fWSVnmzqh5efgUN1R,KIBSHI.png
VNX Euro,VEUR,SOL,C4Kkr9NZU3VbyedcgutU6LKmi6MKz81sx6gRmk5pX519,VEUR.png
Ben the Dog,BENDOG,SOL,AHW5N8iqZobTcBepkSJzZ61XtAuSzBDcpxtrLG6KUKPk,BENDOG.png
LandWolf (SOL),WOLF,SOL,Faf89929Ni9fbg4gmVZTca7eW6NFg877Jqn6MizT3Gvw,WOLF.png
Billy,BILLY,SOL,3B5wuUrMEi5yATD7on46hKfej3pfmd7t1RKgrsN3pump,BILLY.png
Skibidi Toilet,SKBDI,SOL,DPaQfq5sFnoqw2Sh9WMmmASFL9LNu6RdtDqwE1tab2tB,SKBDI.png
Seedworld,SWORLD,SOL,Es6h4XKewn9Mr7V44VqQ5cAUPRY6uV5hhD4vnEZhgoQ6,SWORLD.png
Realis Worlds,REALIS,SOL,EBGaJP7srpUUN8eRdta1MsojrNtweuHYsdP3P1TRpump,REALIS.png
Muhdo Hub,DNA,SOL,Fnm6Jf4BtRHSjMcUt7jYk5cJksQhzuwhtgg94kG5XB59,DNA.png
Global DePIN Chain,DEEPSEEK,SOL,H2gf5g2k4KSWGrAdwtznw7bYkWiszvjistFG447aePiN,DEEPSEEK.png
catwifhat,CWIF,SOL,7atgF8KQo4wJrD5ATGX7t1V2zVvykPJbFfNeVf1icFv1,CWIF.png
xHashtag AI,XTAG,SOL,5gs8nf4wojB5EXgDUWNLwXpknzgV2YWDhveAeBZpVLbp,XTAG.png
Solama,SOLAMA,SOL,AVLhahDcDQ4m4vHM4ug63oh7xc8Jtk49Dm5hoe9Sazqr,SOLAMA.png
Solchat,CHAT,SOL,947tEoG318GUmyjVYhraNRvWpMX7fpBTDQFBoJvSkSG3,CHAT.png
Shark Cat,SC,SOL,6D7NaB2xsLd7cauWu1wKk6KBsJohJmP2qZH9GEfVi5Ui,SC.png
BEERCOIN,BEER,SOL,AujTJJ7aMS8LDo3bFzoyXDwT3jBALUbu4VZhzZdTZLmG,BEER.png
Hasbulla's Cat,BARSIK,SOL,7ZqzGzTNg5tjK1CHTBdGFHyKjBtXdfvAobuGgdt4pump,BARSIK.png
Decimated,DIO,SOL,BiDB55p4G3n1fGhwKFpxsokBMqgctL4qnZpDH1bVQxMD,DIO.png
Synesis One,SNS,SOL,SNSNkV9zfG5ZKWQs6x4hxvBRV6s8SqMfSGCtECDvdMd,SNS.png
USD Coin (Wormhole),USDC(WormHole),SOL,A9mUU4qviSctJVPJdBJWkb28deg915LYJKrzQ19ji3FM,USDC(WormHole).png
Solcasino Token,SCS,SOL,SCSuPPNUSypLBsV4darsrYNg4ANPgaGhKhsA3GmMyjz,SCS.png
Whales Market,WHALES,SOL,GTH3wG3NErjwcf7VGCoXEXkgXSHvYhx5gtATeeM5JAS1,WHALES.png
HUND,HUND,SOL,2XPqoKfJitk8YcMDGBKy7CMzRRyF2X9PniZeCykDUZev,HUND.png
Elixir Games,ELIX,SOL,5cbq1HriesW4zHpFEk9Gc8UT4ccmfHcBTDCa2XcBduTo,ELIX.png
Mars,MARS,SOL,3CnqgfQmiCyjMgaDfJpBDi9mjsE11vFnTfniM8BTMBzK,MARS.png
Memes AI,MemesAI,SOL,39qibQxVzemuZTEvjSB7NePhw9WyyHdQCqP8xmBMpump,MemesAI.png
First Convicted Raccon Fred,FRED,SOL,CNvitvFnSM5ed6K28RUNSaAjqqz5tX1rA5HgaBN9pump,FRED.png
LEGIT,LEGIT,SOL,5rSP1W2Jkir4Qy1M6rEYXFFi5HgbhrkVTajimrVgpump,LEGIT.png
Octokn,OTK,SOL,octo82drBEdm8CSDaEKBymVn86TBtgmPnDdmE64PTqJ,OTK.png
Silly Dragon,SILLY,SOL,7EYnhQoR9YM3N7UoaKRoA44Uy8JeaZV3qyouov87awMs,SILLY.png
Peng,PENG,SOL,A3eME5CetyZPBoWbRUwY3tSe25S6tb18ba9ZPbWk9eFJ,PENG.png
SAD HAMSTER,HAMMY,SOL,26KMQVgDUoB6rEfnJ51yAABWWJND8uMtpnQgsHQ64Udr,HAMMY.png
SelfieDogCoin,SELFIE,SOL,9WPTUkh8fKuCnepRWoPYLH3aK9gSjPHFDenBq2X1Czdp,SELFIE.png
Brainlet,BRAINLET,SOL,8NNXWrWVctNw1UFeaBypffimTdcLCcD8XJzHvYsmgwpF,BRAINLET.png
LETSTOP,STOP,SOL,W2bAuFf2Xeb7ZNpJTywFSaCs5jYkaLYtBMR53SzVXUo,STOP.png
OctonetAI,OCTO,SOL,4CoTCzobYt38zVbSieZxcmz2CCs8kmZJ6wnbj8HWocto,OCTO.png
Ghosty Cash,SPKY,SOL,SPKYc2DJvTkM9LXZAsTgDpnWtjeZfyDJ1oNe2TwpgV6,SPKY.png
GoodBoy,GOODBOY,SOL,4DNcAxMMhWffAy5WTiJyxoCnMMkeXzrcw2RXJrakr7ym,GOODBOY.png
Frontier,FRONT,SOL,9S4t2NEAiJVMvPdRYKVrfJpBafPBLtvbvyS3DecojQHw,FRONT.png
DOGAMÍ,DOGA,SOL,9o8MnTiZs8i7ahF4MVVW6yEgDso6ksCVXZg4BdcWo8hg,DOGA.png
Pip,PIP,SOL,HHjoYwUp5aU6pnrvN4s2pwEErwXNZKhxKGYjRJMoBjLw,PIP.png
PlayZap,PZP,SOL,ADVgDMbbn6LZTdo84UDAgCUew2JMMHe6BnH3KNN3qiLb,PZP.png
DUKO,DUKO,SOL,HLptm5e6rTgh4EKgDpYFrnRHbjpkMyVdEeREEa2G7rf9,DUKO.png
Large Language Model,LLM,SOL,98mb39tPFKQJ4Bif8iVg9mYb9wsfPZgpgN1sxoVTpump,LLM.png
Zoo World,ZOO,SOL,BGqXaVjjQy4h3qgqgzT9TrzyAGqHmBKhgQwW1VFmeme,ZOO.png
AGI ALPHA AGENT,AGIALPHA,SOL,tWKHzXd5PRmxTF5cMfJkm2Ua3TcjwNNoSRUqx6Apump,AGIALPHA.png
Alpha,ALPHA,SOL,2sCUCJdVkmyXp4dT8sFaA9LKgSMK4yDPi9zLHiwXpump,ALPHA.png
Rari Governance Token,RGT,SOL,ASk8bss7PoxfFVJfXnSJepj9KupTX15QaRnhdjs6DdYe,RGT.png
DeFi Land,DFL,SOL,DFL1zNkaGPWm1BqAVqRjCZvHmwTFrEaJtbzJWgseoNJh,DFL.png
Powsche,POWSCHE,SOL,8CkiSHHJDHJV4LUoiRMLUhqG58cUkbyJRtcP4Z3mCXNf,POWSCHE.png
Sallar,ALL,SOL,GKHgTd6tqvycgG3mqcZraSZDFR32hXhRgo6sZQtudMsC,ALL.png
aiPump,AIPUMP,SOL,2w3A2P5juwg234spHKfps7WReWoVmujtErqjaZm9VaiP,AIPUMP.png
Hiero Terminal,HTERM,SOL,BDW8YHasD3NSDjSHU9Xy6KXtshGayMGQfj5bJpLcpump,HTERM.png
EXPERT_MONEY,EXPERT,SOL,H7VfCzzPJvnqfs1b8uA9uUuVjXiYfzAUDw5gmyV9pump,EXPERT.png
TOWER,TOWER,SOL,5Ro9KjSUGYisjREz8K5uD1fMdXnu1Jfq3Ktqm4EQMc1R,TOWER.png
Dust Protocol,DUST,SOL,DUSTawucrTsGU8hcqRdHDCbuYhCPADMLM2VcCb8VnFnQ,DUST.png
FalconX,FALX,SOL,Afo4NumBNHDXc7m7p6qjZ1pF3LbqYfG5k1CNrGve8rVu,FALX.png
dog with apple in mouth,APPLE,SOL,H33XL6HHDReCVRgSApZpsXM7Hy7JGyLztRJaGxjapump,APPLE.png
Neiro (neiro.lol),NEIRO,SOL,CTJf74cTo3cw8acFP1YXF3QpsQUUBGBjh2k2e8xsZ6UL,NEIRO.png
PUCCA,PUCCA,SOL,8aJuQEkQstCrSUXVGpmgaTqgSG7cW8FmVaudu8UBem6A,PUCCA.png
The White Lion,KIMBA,SOL,2CeYw1T512SaTrmfrCTRXyDLovtHDTASM7LMU7N8grZv,KIMBA.png
Bloomsperg Terminal,SPERG,SOL,4vKEwZ2ZHmHFuQEE69emXV2Zq1EKeJYVCESsMqydpump,SPERG.png
Woman Yelling At Cat,WYAC,SOL,BEgBsVSKJSxreiCE1XmWWq8arnwit7xDqQXSWYgay9xP,WYAC.png
RIBBIT,RBT,SOL,65nTNuJGHme4PQvKQyJykKp1bJAkK4A8Q66sd2yBWugf,RBT.png
Walken,WLKN,SOL,EcQCUYv57C4V6RoPxkVUiDwtX1SP8y8FP5AEToYL8Az,WLKN.png
STFX,STFX,SOL,HrqHpE4NQbSTjVtFSTm9i8omFfytggsS9UkccHWHWntx,STFX.png
The First Youtube Cat,PAJAMAS,SOL,FvER7SsvY5GqAMawf7Qfb5MnUUmDdbPNPg4nCa4zHoLw,PAJAMAS.png
LET HIM COOK,COOK,SOL,G8Vy25NzjRmuQtnN35xF7j3X2Z1TrV39XijZu8Mg4w8n,COOK.png
DOJO Protocol,DOAI,SOL,3vmfEaTR9M2Pp5JcFNC8c8u6U4eFUBdq6FQjgPpcnfKS,DOAI.png
Jen-Hsun Huang,JHH,SOL,C2nneybCJP2i6mk6Nu6SfTcxoNXNLjngnzwDgje2eNrr,JHH.png
nomnom,NOMNOM,SOL,6ZrYhkwvoYE4QqzpdzJ7htEHwT2u2546EkTNJ7qepump,NOMNOM.png
Toro Inoue,TORO,SOL,95Cm7gDac2tg9f9ou4M5QkqgpeEFBqoqeqBWNy7ByaE2,TORO.png
Eliza (ai16zeliza),ELIZA,SOL,wUtwjNmjCP9TTTtoc5Xn5h5sZ2cYJm5w2w44b79yr2o,ELIZA.png
SimsAI,SIMSAI,SOL,u6VCRrFvejYX8cTnc1ptZT8UqVGbPXPmE8kvcGnpump,SIMSAI.png
Crowny,CRWNY,SOL,CRWNYkqdgvhGGae9CKfNka58j6QQkaD5bLhKXvUYqnc1,CRWNY.png
SpaceFalcon,FCON,SOL,HovGjrBGTfna4dvg6exkMxXuexB3tUfEZKcut8AWowXj,FCON.png
analoS,ANALOS,SOL,7iT1GRYYhEop2nV1dyCwK2MGyLmPHq47WhPGSwiqcUg5,ANALOS.png
MAXX AI,MXM,SOL,H53UGEyBrB9easo9ego8yYk7o4Zq1G5cCtkxD3E3hZav,MXM.png
Lets Fuckin Go,LFGO,SOL,2u98MM7DMtVmNG4iAKRNMtynjmkzgD6fXAzB3wVfhQvg,LFGO.png
Ginnan The Cat,GINNAN,SOL,GinNabffZL4fUj9Vactxha74GDAW8kDPGaHqMtMzps2f,GINNAN.png
HEROES AI,HEROESAI,SOL,Fx968z3Bfp8rn2BNqsTXv9Ym9QUdLk1GnQXpEx2Tpump,HEROESAI.png
MAPS,MAPS,SOL,MAPS41MDahZ9QdKXhVa4dWB9RuyfV4XqhyAZ8XcYepb,MAPS.png
Honk,HONK,SOL,3ag1Mj9AKz9FAkCQ6gAEhpLSX8B2pUbPdkb9iBsDLZNB,HONK.png
HAMI,HAMI,SOL,4sp2EUDrQf46rZun6sYAWzjrXwUpx2T3njuoKmV766RJ,HAMI.png
CATAMOTO,CATA,SOL,CATA4f9X72ErPxZydy11EGk3e5WVVkxrm2B17tfzDuSP,CATA.png
Toad,$TOAD,SOL,FViMp5phQH2bX81S7Yyn1yXjj3BRddFBNcMCbTH8FCze,$TOAD.png
TORSY,torsy,SOL,5YqckGEkWHJmp9LW5aUF2uJrdUbMJaHcYnGjA8M7Ebw8,torsy.png
Wrapped Dog,WDOG,SOL,GYKmdfcUmZVrqfcH1g579BGjuzSRijj3LBuwv79rpump,WDOG.png
Rizzmas,RIZZMAS,SOL,85cQsFgbi8mBZxiPppbpPXuV7j1hA8tBwhjF4gKW6mHg,RIZZMAS.png
RAT Escape,RAT,SOL,3vJenGaGsuKG5shPhi7rjnuy3MV6xjmBTGjYqYzXpump,RAT.png
BIGFACTS,BIGFACTS,SOL,8U5SJfExR7QMhPWWKLFV5F9L8mX3vioEP29GxocBpump,BIGFACTS.png
Choruz AI,CHORUZ,SOL,361pUXTPohPEgcnCVm7DUvNziizK37gVxLN3cw9Vpump,CHORUZ.png
CheckDot,CDT,SOL,Ak3ovnWQnAxPSFoSNCoNYJLnJtQDCKRBH4HwhWkb6hFm,CDT.png
Itheum,ITHEUM,SOL,iTHSaXjdqFtcnLK4EFEs7mqYQbJb6B7GostqWbBQwaV,ITHEUM.png
VNX Gold,VNXAU,SOL,9TPL8droGJ7jThsq4momaoz6uhTcvX2SeMqipoPmNa8R,VNXAU.png
KittenWifHat,KITTENWIF,SOL,9a8AmDfQxFJ44RrVhKdiXnkwCWT99igWp5QrRuC73Pin,KITTENWIF.png
Gondola,GONDOLA,SOL,DG3LB7Kr8Londuz1j2us4YUXyNqiiLioKdYjSB37HbN2,GONDOLA.png
Pesto the Baby King Penguin,PESTO,SOL,34a8ALsPmbWxp7D3bQ6erERrCLz1ahr6u6o66Udmpump,PESTO.png
DOGEFATHER,DOGEFATHER,SOL,EcYK2XNG4wWr2vDg2M2Hrts6SrU2QB4NzXLBf888pump,DOGEFATHER.png
Coldstack,CLS,SOL,JCRiQKaujJjAjfVH8CNo4htGFMuTTnZtwvasVwneT7MA,CLS.png
Pussy Financial,PUSSY,SOL,HptE1m1U5DanCEhhttTmPpG32KepPoaC4AfdkBiC6UZG,PUSSY.png
WAM,WAM,SOL,7hdeo5QciUF8S2vfsx6uRJkdNVADBU3DDcXW4zjDcMin,WAM.png
DinoLFG,DINO,SOL,33eWALS9GkzSMS3EsKSdYCsrUiMdQDgX2QzGx4vA9wE8,DINO.png
What's Updog,UPDOG,SOL,HJ39rRZ6ys22KdB3USxDgNsL7RKiQmsC3yL8AS3Suuku,UPDOG.png
Andy on SOL,ANDY,SOL,667w6y7eH5tQucYQXfJ2KmiuGBE8HfYnqqbjLNSw7yww,ANDY.png
el gato,ELGATO,SOL,F47vvwFYuLioQsqEVAjqdY6Yihc8wVRiUcfHGcBR9XUs,ELGATO.png
Panda Swap,PANDA,SOL,PANDA8iiaCJR5mk3ruypxsGiKh6WhYsmesmbsdd8xYd,PANDA.png
Success Kid,SKID,SOL,9X2RHtKrBzw3SLYe9E88cBd1kz5RfU1f4JTSn4aRH43d,SKID.png
Aiagent.app,AAA,SOL,275FUEyp5o7TWo1dCDYJyprb4o2WBcxEQsvmt816pump,AAA.png
Zap,ZAP,SOL,HxPoEHMt1vKeqjKCePcqTj6yYgn6Xqq1fKTY3Pjx4YrX,ZAP.png
OpenDAO,SOS,SOL,6Q5fvsJ6kgAFmisgDqqyaFd9FURYzHf8MCUbpAUaGZnE,SOS.png
Habibi,HABIBI,SOL,864YJRb3JAVARC4FNuDtPKFxdEsYRbB39Nwxkzudxy46,HABIBI.png
Cat Own Kimono,COK,SOL,Dnb9dLSXxAarXVexehzeH8W8nFmLMNJSuGoaddZSwtog,COK.png
rocky,ROCKY,SOL,BVG3BJH4ghUPJT9mCi7JbziNwx3dqRTzgo9x5poGpump,ROCKY.png
$AUTISM,autism,SOL,BkVeSP2GsXV3AYoRJBSZTpFE8sXmcuGnRQcFgoWspump,autism.png
BIAO,BIAO,SOL,2ru87k7yAZnDRsnqVpgJYETFgqVApuBcwB2xDb19pump,BIAO.png
PUMPAI,PUMPAI,SOL,7vsKatZ8BAKXXb16ZZMJyg9X3iLn8Zpq4yBPg8mWBLMd,PUMPAI.png
Nutcoin,NUT,SOL,3KkQ3AaMs2nZoKvYzGnh5bwRocAGFFFzDWUR4hLT7JpF,NUT.png
Amulet,AMU,SOL,AMUwxPsqWSd1fbCGzWsrRKDcNoduuWMkdR38qPdit8G8,AMU.png
littlemanyu,MANYU,SOL,CS7LmjtuugEUWtFgfyto79nrksKigv7Fdcp9qPuigdLs,MANYU.png
Pochita (pochita.biz),POCHITA,SOL,E6AujzX54E1ZoPDFP2CyG3HHUVKygEkp6DRqig61pump,POCHITA.png
C.A.T (Crypto Agent Trading),CATG,SOL,DqrcZRHM9JuCUhnLyaWF7rLLjxE5h3MbiG7iferUpump,CATG.png
Cheems,CHEEMS,SOL,3FoUAsGDbvTD6YZ4wVKJgTB76onJUKz7GPEBNiR5b8wc,CHEEMS.png
WOOF,WOOF,SOL,9nEqaUcb16sQ3Tn1psbkWqyhPdLmfHWjKGymREjsAgTE,WOOF.png
Cryowar,CWAR,SOL,HfYFjMKNZygfMC8LsQ8LtpPsPxEJoXJx4M6tqi75Hajo,CWAR.png
Kaizen Finance,KZEN,SOL,kZEn3aDxEzcFADPe2VQ6WcJRbS1hVGjUcgCw4HiuYSU,KZEN.png
BOZO,BOZO,SOL,BoZoQQRAmYkr5iJhqo7DChAs7DPDwEZ5cv1vkYC9yzJG,BOZO.png
CatDog,CATDOG,SOL,CATTzAwLyADd2ekzVjTjX8tVUBYfrozdkJBkutJggdB7,CATDOG.png
ZEUS,ZEUS,SOL,Fe3sEB1cAt4TsETqmaopPQBto5o8TsY2W2NTw6H9pump,ZEUS.png
Vodra,VDR,SOL,5a6LTLwdMJBY2JDLjw8B1w4JwFRdZszGF9W56ZzrriS1,VDR.png
Playermon,PYM,SOL,7yF97k6jrBkb7BXJYXzmwQLQyxVirLtCSSGb75qLqAN8,PYM.png
neversol,NEVER,SOL,CxrhHSqyW8YTDWc4csJMMgo7uBUJSXzNzrWhtw9ULdru,NEVER.png
MILKBAG,MILKBAG,SOL,2ubuHGFS4VJVxSEpvV3kDwz6JiuXdaAoGMwrwYC87tp8,MILKBAG.png
Trump Derangement Syndrome (tearsforTDS),TDS,SOL,7KuFdcfzbc3LLoRHNRWfW1dhbPNzuCv41hyYbfSUpump,TDS.png
Baby BitCoin,BABYBTC,SOL,8467ssuj6Gkw15ABv6BvxJAKnGJALXJu6dxDxt4upump,BABYBTC.png
Ponchiqs,PONCH,SOL,PNCHtJUtaMhgwke4LXExrWXRJDpq51b2tRPdY6DWNLv,PONCH.png
markkacy,KACY,SOL,6QSVGUEyBZWRshnXKhS96NQ97vGWiTu61SyHLAbYpump,KACY.png
Magaverse,MVRS,SOL,6dk9H7RD5m8JtRuUErNztwhBbr5ynzWvzPTusLpxpump,MVRS.png
QUAIN,QUAIN,SOL,4dqYzXnTfNrbwMdJ6uum2FbPC1LkmHtSAbXmh2pfpump,QUAIN.png
Pleasure Coin,NSFW,SOL,HkYcG175ovkzugx93UTLqeCrYSCwaCLCeQ4DUTCaBRiu,NSFW.png
Epiko,EPIKO,SOL,6ep1sNB9UWni3nBZUX84USsRBhKRzMAxEmcia479cWTh,EPIKO.png
DeFi,DEFI,SOL,HXwh9i8D1LKkVK8WfMjFPyiyVZ4Auh9aLD5ut4LCRqqR,DEFI.png
Game of Memes,GOME,SOL,8ULCkCTUa3XXrNXaDVzPcja2tdJtRdxRr8T4eZjVKqk,GOME.png
smiling dolphin,MIHARU,SOL,6tVZVjcppH2BZ9Xj5yFU1Zt34m2rYcyDqqpSeMDZpump,MIHARU.png
NVIDIA,NVDA,SOL,9dwPiStDBwJJqC3QzMnjpJP7xohZbMVmHELFx3uy3KRq,NVDA.png
Milady Wif Hat,LADYF,SOL,3X8GcLiH2HttjyqePg7MazpMbwbgq5URUMTyDz5tkmdE,LADYF.png
MetalCore,MCG,SOL,H1nf1F4eoHtiWiSBwLYAhJvAb7CDFY32eYA64mhL8Rp,MCG.png
Department Of Government Efficiency (DOGE),DOGE,SOL,B54Fyr1XrWNA5RsRRkovoVFwQwzwBfqaJPLoFR4pMoAX,DOGE.png
Social DAO,SOCIAL,SOL,4WS7CeusWMwWGNALHDJtyxvN9yxydoB7pvM6Pwd9F2VA,SOCIAL.png
Squirrel Swap,SQRL,SOL,9bWCY9nEj7bGpaLU12RSEpBUKkuWTYatWakHVepJpump,SQRL.png
Plankton in Pain,AAAHHM,SOL,7Rtegu95FZZ2KX3zA37LU1ypicxu6pBysNEagFwhpump,AAAHHM.png
SHILL Token,SHILL,SOL,6cVgJUqo4nmvQpbgrDZwyfd6RwWw5bfnCamS3M9N1fd,SHILL.png
Blocto Token,BLT,SOL,BLT1noyNr3GttckEVrtcfC6oyK6yV1DpPgSyXbncMwef,BLT.png
Moutai,MOUTAI,SOL,45EgCwcPXYagBC7KqBin4nCFgEZWN7f3Y6nACwxqMCWX,MOUTAI.png
School Hack Coin,SHC,SOL,2kGHZEg3oGT8ane65bDBdsBdF98ng2nmqFfPRj1hK8LX,SHC.png
Doug The Duck,DOUG,SOL,BavuJ8bntC79A8aHTxQi1EUhcCnqvEU8KSBE4sVCAaHc,DOUG.png
MOTH,MOTH,SOL,C2MvcWD86peRanQAnJfiDPurs7e7CkMsnP1bHBNJvBpA,MOTH.png
SADANT,SADANT,SOL,Unkp3UArtURXfKpxAWXkgUEDiC5uN7wTozpgzjipump,SADANT.png
Sapo Concho,CONCHO,SOL,89q6aHpZ1fXhuwpnrBgqmCvuAX4GaCrRPQNp5xVHpump,CONCHO.png
"Eat, Trade, Fart",ETF,SOL,8cVZCdP973kupdt1TktpD4jq3k7Jpr3FiaBAxN5Kpump,ETF.png
All.Art Protocol,AART,SOL,F3nefJBcejYbtdREjui1T9DPh5dBgpkKq7u2GAAMXs5B,AART.png
Peepo (SOL),$PEEP,SOL,n54ZwXEcLnc3o7zK48nhrLV4KTU5wWD4iq7Gvdt5tik,$PEEP.png
ROD.AI,RODAI,SOL,GdbyLsNKHKLXTZVEo8QrGKVmrexEeZUYvhpSfuZ9TdkC,RODAI.png
Slop,SLOP,SOL,FqvtZ2UFR9we82Ni4LeacC1zyTiQ77usDo31DUokpump,SLOP.png
Sonic The Goat,GOAT,SOL,59u8qAD2S2gEtsY5Vs7dJ95YspnHavyHEtRfzCEb9F7G,GOAT.png
CatSolHat,SOLCAT,SOL,E99fN4tCRb1tQphXK1DU7prXji6hMzxETyPNJro19Fwz,SOLCAT.png
Soyjak,SOY,SOL,4G3kNxwaA2UQHDpaQtJWQm1SReXcUD7LkT14v2oEs7rV,SOY.png
End Federal Reserve,EFR,SOL,9So37icWcKmuMGFPPR36a82Q1E5gZJ6HFSz7Eynfpump,EFR.png
Baby Ripple (babyxrp.xyz),BABYXRP,SOL,2QYmQA5k8dFei18MjoaHocEzStBohFiifdnK2vi2pump,BABYXRP.png
Tree Stuck in Cat,TREEINCAT,SOL,5AzTQ5zUuWUNGetxaRpo9DK9w8FQXoPjn5a4ZXMMmoon,TREEINCAT.png
BABYTRUMP,BABYTRUMP,SOL,6NbnHQKD2dh4jswTLmMCP7LnSh4Nh6y2cNgdQg2ny9zW,BABYTRUMP.png
Baby,BABY,SOL,5hmf8Jt9puwoqiFQTb3vr22732ZTKYRLRw9Vo7tN3rcz,BABY.png
Lil Bub,BUB,SOL,BU7zw2GvabhqGnrqMMH1m2KabafehanDmtnrCSZipump,BUB.png
TDM,TDM,SOL,DhuNPyaMF7n8rYs9goo32bcptkoo5bPhWBF67ftLVjsW,TDM.png
Mr Mayonnaise the Cat,MAYO,SOL,81GRrR2oudSsxTajwxGsfqcW88FaC4Q1Xx4HKfGipump,MAYO.png
Let's Go Gambling,LGG,SOL,FbbFJDNATAMNdoiYtp8su749LShUagHuCYjv7aTSpump,LGG.png
Oxygen,OXY,SOL,z3dn17yLaGMKffVogeFHQ9zWVcXgqgf3PQnDsNs2g6M,OXY.png
Tulip Protocol,TULIP,SOL,TuLipcqtGVXP9XR62wM8WWCm6a9vhLs7T1uoWBk6FDs,TULIP.png
IDRX,IDRX,SOL,idrxTdNftk6tYedPv2M7tCFHBVCpk5rkiNRd8yUArhr,IDRX.png
Eggdog,EGG,SOL,EXA537HSBVpsFijENbt6Muuy9AADUN8dUmYKD4oKbjJE,EGG.png
Insane Labz,LABZ,SOL,4VC7UYqBo9Siw8ZnkPXfw9D3dzYCiVrPDzs9XRtyRJMH,LABZ.png
Hawk Tuah (hawktuah.vip),HAWKTUAH,SOL,4GFe6MBDorSy5bLbiUMrgETr6pZcjyfxMDm5ehSgpump,HAWKTUAH.png
Flavia Is Online,FLAVIA,SOL,3HYx6a9whu5a4dnzE62WNXg46MrEmu9LFxutR2YBpump,FLAVIA.png
Hedget,HGET,SOL,2ueY1bLcPHfuFzEJq7yN1V2Wrpu8nkun9xG2TVCE1mhD,HGET.png
KING,KING,SOL,9noXzpXnkyEcKF3AeXqUHTdR59V5uvrRBUZ9bwfQwxeq,KING.png
Solzilla,SOLZILLA,SOL,31iQsahfa4CMiirU7REygBzuAWg4R4ah7Y4aDu9ZfXJP,SOLZILLA.png
Uranus (SOL),ANUS,SOL,9hjZ8UTNrNWt3YUTHVpvzdQjNbp64NbKSDsbLqKR6BZc,ANUS.png
Katchu Coin,KATCHU,SOL,CKiW2P4zngHa6fiPhMJGGhgDZm638dWotxkzgi8PsDxf,KATCHU.png
The Libertarian Dog,LIBERTA,SOL,EgqCDsZViK6T1dHcAgJBVftc9Cd4AqiRiHZWeHyQ84LG,LIBERTA.png
Medusa (medusa.cx),MEDUSA,SOL,8xbMY4atJXBNKR8Kk3u9y5XztXMd56uS8TXY9Gx5RwMJ,MEDUSA.png
Let that sink in,SINK,SOL,AMEdarx3ryELQsFVNynCQdC6ABi94x8whxGjbmXBpump,SINK.png
ZeroByte,ZB,SOL,H1hcBegR2A6b2mCGqhH5zA4sTZvMxrqT4v3fHY1kpump,ZB.png
Soldex,SOLX,SOL,CH74tuRLTYcxG7qNJCsV9rghfLXJCQJbsu7i52a8F1Gn,SOLX.png
HawkFi,HAWK,SOL,BKipkearSqAUdNKa1WDstvcMjoPsSKBuNyvKDQDDu9WE,HAWK.png
Pengycoin,PENGY,SOL,9YHZjCb14bB9XWZz6FZPTf5nek7kLeoGHmNNrgcxpump,PENGY.png
APES,APES,SOL,984GBL7PhceChtN64NWLdBb49rSQXX7ozpdkEbR1pump,APES.png
UFOPepe,UFO,SOL,99myne1mVnsSv2kAkzZDfNnwf5Xb4SASJnaCRXdbpump,UFO.png
Puffy,PUFFY,SOL,D9paufRCehpk2YGRPkzJPEUDsvQjaTFKNyFDqgd4xqd,PUFFY.png
ONE PUNCH CAT,PUNCH,SOL,of28WzrGVqVKCC35zjkQBrndCCDzErtzg7cj2mypump,PUNCH.png
Wet Ass Pussy,WAP,SOL,Bz7vVzQhm2KMW1XgcrDruYega1MiwrAs1DQysrx4tFkp,WAP.png
Oddity Crypto,ODDITY,SOL,3pecTjzEGY3JhVDT3UdJTnMdbsSgBkocYBCce3EUpump,ODDITY.png
Bird.Money,BIRD,SOL,FTPnEQ3NfRRZ9tvmpDW6JFrvweBE5sanxnXSpJL1dvbB,BIRD.png
Prism,PRISM,SOL,PRSMNsEPqhGVCH1TtWiJqPjJyh2cKrLostPZTNy1o5x,PRISM.png
Lamas Finance,LMF,SOL,LMFzmYL6y1FX8HsEmZ6yNKNzercBmtmpg2ZoLwuUboU,LMF.png
SofaCat,SOFAC,SOL,9cC36bMZCt9fF53eLBQCago1czw5L9GRHZBL5adWEyAu,SOFAC.png
Ariacoin,ARIA,SOL,Dg5qTMUrfMucLSt2BUMkVG1kRuyiEDf63o5XS5wHew6W,ARIA.png
Yellow Pepe,YELPE,SOL,3JVxH5QT9z3v7Gi2z4K4N69Bma6PHj8uovX8tYdQpump,YELPE.png
Dogecast (dogecast.build),DOGE,SOL,GaRc1SjRDHEPdu8CTB4yYmevLtYMRM3nkWsqftJUE4e7,DOGE.png
Smilek to the Bank,SMILEK,SOL,7x4FgiFfeqzs1tiUNvJzpt47GtLXAJ8Jfn8G1Hyyu6JH,SMILEK.png
Donkey King,DOKY,SOL,5Rs53fY3q4t4mLk9zBQ45cVNgF1RH7NqRNXiP6Pa5rYH,DOKY.png
YOUNES,YOUNES,SOL,ANAuiz2JjRvNtyW8cd7UsQ4LRWB1PTGhyrgMWPxtpump,YOUNES.png
Philosoraptor,RAPTOR,SOL,Fss7oX43YpNNWVnRZugZ1NcngR1j8Ar33Z2dLqYfpump,RAPTOR.png
Plasma Finance,PPAY,SOL,6GCXcxUsDbx7dF7k2rBP3LcWBu33Y6KPrkeFpei6cNQi,PPAY.png
APYSwap,APYS,SOL,5JnZ667P3VcjDinkJFysWh2K2KtViy63FZ3oL5YghEhW,APYS.png
Dexlab,DXL,SOL,GsNzxJfFn6zQdJGeYsupJWzUAm57Ba7335mfhWvFiE9Z,DXL.png
Spike,SPIKE,SOL,sPiKEYAqoaGYYBAnPxro8NLSYLu93sr56n352jJRLN5,SPIKE.png
Dogy,DOGY,SOL,GWGaL7XrSCcVjKU2FwYoBgqPnEmUkxsmNBoVmDC6BhkA,DOGY.png
JinPeng,JIN,SOL,GgzJWhQWTpv2VHqvJnx5uEWQzNkfQSncDEWUdgQk4fvh,JIN.png
Repost Dog,$RDOG,SOL,DUp2qMMGuACziKeyZRtH9cuKyqtYpqJ24iZg6tVLpump,$RDOG.png
Shoggoth AI,SHOGGOTH,SOL,q8BbQ4bFssfpCra5krgAp9bFELTy1ZGZawLrsT9pump,SHOGGOTH.png
Purple Platform io,PPL,SOL,HLu5wG9Bc9tHU5NWz8rsXVsPPmFrhMcz2ioFTXvppump,PPL.png
LitLab Games,LITT,SOL,GEBUHM7o5T1Ws2rAWjRijtYeh9XFxKrD3B4b9HV7dxLz,LITT.png
Gary Banking,GB,SOL,4Jy1xVW1zgyYhDHsfoxZH1nC4z97hoWEjZzbPdiDXqx7,GB.png
DORK LORD,DLORD,SOL,3krWsXrweUbpsDJ9NKiwzNJSxLQKdPJNGzeEU5MZKkrb,DLORD.png
BILL THE BEAR,BILL,SOL,5o817YNoR97F1h5suzBghwc8dP53oureRuFbgJiaCFuZ,BILL.png
DADDY TRUMP,TADDY,SOL,Gp5PYbvVkF5LqqwwPP1UazFExvnnUekjqZG7x9vkpump,TADDY.png
Hot Doge,HOTDOGE,SOL,7bdPWWy7qbVZgjzR5fr5dQK3nohZ96HB5Ey8Jyaypump,HOTDOGE.png
Synthetify,SNY,SOL,4dmKkXNHdgYsXqBHCuMikNQWwVomZURhYvkkX5c4pQ7y,SNY.png
CropperFinance,CRP,SOL,DubwWZNWiNGMMeeQHPnMATNj77YZPZSAz2WVR5WjLJqz,CRP.png
Sypool,SYP,SOL,FnKE9n6aGjQoNWRBZXy4RW6LZVao7qwBonUbiD7edUmZ,SYP.png
Catman,CATMAN,SOL,EavJDLh8cYTAnt3QDitpKGMsPL2hq1My5g9R2P6at6Lc,CATMAN.png
SNOOPYBABE,SBABE,SOL,D9mFkgnZHnQGRtZKvnJ44yvoLtJmfBZRahXiUKcAzRE4,SBABE.png
Hawk Tuah (hawktuuuah.com),HAWK,SOL,14Ak6KegFHLANKALmpjdn1MFW477yvesX8cdzdVEpump,HAWK.png
VENKO,$VENKO,SOL,3xhezws6Lk7cMqoVEfZFXu3ry9GKymFz1vbWyQ4f99uX,$VENKO.png
TROLLI CTO,TROLLICTO,SOL,Cqy3AkBqP866vkw7p7ioK6h6VTfQT6tFUW1dzUezpump,TROLLICTO.png
twurtle the turtle,TWURTLE,SOL,EWx3xDR76YfxF3VHwTLgwU9WYrwANw3yxX5vvk8Kpump,TWURTLE.png
LOGOS AI,LOGOS,SOL,HJUfqXoYjC653f2p33i84zdCC3jc4EuVnbruSe5kpump,LOGOS.png
Daboo - The Untold Stories!,DABOO,SOL,9DNYFn5fMTkFq9Tr92ByvF9vEC49X2cB4Z1PabDnfEYi,DABOO.png
Sator,SAO,SOL,2HeykdKjzHKGm2LKHw8pDYwjKPiFEoXAz74dirhUgQvq,SAO.png
EXGOLAND,EXGO,SOL,D5ymUBHsvoVYKAGUCGknk2Cm8UYGKTntxJ62T3C46NXS,EXGO.png
Bitspawn,SPWN,SOL,5U9QqCPhqXAJcEv9uyzFJd5zhN93vuPk1aNNkXnUfPnt,SPWN.png
NeverSurrenderOne's,NSO,SOL,HgMfSGndLq6vgLxCw4J33nJrwV2zTh81iEJNVwK9kcHD,NSO.png
Kumala Herris,MAWA,SOL,8Sk1mazEDN1L6P6E9di4Xgza3icJw4Za9KUKqnUNEQrM,MAWA.png
Dogcoin,DCOIN,SOL,FupVnjj4oq36F7YrBfGPW1PaazXTtHdQfPY4R5fapump,DCOIN.png
KingDeFi,KRW,SOL,Gw7M5dqZJ6B6a8dYkDry6z9t9FuUA2xPUokjV2cortoq,KRW.png
Jupiter Perps LP,JLP,SOL,27G8MtK7VtTcCHkpASjSDdkWWYfoqT6ggEuKidVJidD4,JLP.png
Nodecoin,NC,SOL,B89Hd5Juz7JP2dxCZXFJWk4tMTcbw7feDhuWGb3kq5qE,NC.png
Sonic SVM,SONIC,SOL,SonicxvLud67EceaEzCLRnMTBqzYUUYNr93DBkBdDES,SONIC.png
Zeus Network,ZEUS,SOL,ZEUS1aR7aX8DFFJf5QjWj2ftDDdNTroMNGo8YoQm3Gq,ZEUS.png
Kamino Finance,KMNO,SOL,KMNo3nJsBXfcpJTVhZcXLW7RmTwTt4GVFE7suUBo9sS,KMNO.png
JUNGLEDOGE,JUNGLE,SOL,9P32yqucXfZnDoXmmJNzBpqXQgfou4tA4sB1RaQh9cYw,JUNGLE.png
just buy $1 worth of this coin,$1,SOL,GHichsGq8aPnqJyz6Jp1ASTK4PNLpB5KrD6XrfDjpump,$1.png
Ben Pasternak,PASTERNAK,SOL,Ey59PH7Z4BFU4HjyKnyMdWt5GGN76KazTAwQihoUXRnk,PASTERNAK.png
Grok 3,GROK3,SOL,HA68gHtg25yUXiJDZiBn3jawRjb7UH53VpndCDU7Grok,GROK3.png
AIntivirus,AINTI,SOL,BAezfVmia8UYLt4rst6PCU4dvL2i2qHzqn4wGhytpNJW,AINTI.png
BOGDANOFF,PUMPIT,SOL,4WMcTsfEMNwhpPhfWDrnKAGintoFhmRcN5p1UDB6pump,PUMPIT.png
STONKS,STONKS,SOL,6NcdiK8B5KK2DzKvzvCfqi8EHaEqu48fyEzC8Mm9pump,STONKS.png
Deep AI,DEEP,SOL,hTRDn7zE5tDHRnjj6Qms2WG1zEGv9ii6AiwfgbFpump,DEEP.png
Official CZ Dog,BROCCOLI,SOL,D13VkjDiCxtgRJsH4s1VCxKS4bFZq5UEz2iRsSbapump,BROCCOLI.png
Doland Tremp,TREMP,SOL,FU1q8vJpZNUrmqsciSjp8bAKKidGsLmouB8CBdf8TKQv,TREMP.png
FIGHT,FIGHT,SOL,KMnDBXcPXoz6oMJW5XG4tXdwSWpmWEP2RQM1Uujpump,FIGHT.png
Lester,LESTER,SOL,5z3iCe53hUANTiG8Js8RjHNE2Arjik7L2CXLyr2rpump,LESTER.png
Lou,LOU,SOL,5DQSDg6SGkbsbykq4mQstpcL4d5raEHc6rY7LgBwpump,LOU.png
Spore.fun,SPORE,SOL,8bdhP1UQMevciC9oJ7NrvgDfoW8XPXPfbkkm6vKtMS7N,SPORE.png
Focai.fun,FOCAI,SOL,5qsZAnWuR7vMJbiznrJEY2ddVqZXjNYmFvR3eXSxpump,FOCAI.png
Jambo,J,SOL,Jambjx1oJoZNBZiqbiF9TqgatEZPdyfvYa9WVsKNzUh,J.png
Fartboy,$FARTBOY,SOL,y1AZt42vceCmStjW4zetK3VoNarC1VxJ5iDjpiupump,$FARTBOY.png
MarioNawfal on X,MARIO,SOL,FprQaYuyA4CN1f7UtLd7Vd1NR9vyACBy91cE8tiGpump,MARIO.png
Memdex100,MEMDEX,SOL,83iBDw3ZpxqJ3pEzrbttr9fGA57tttehDAxoFyR1moon,MEMDEX.png
San Chan,SAN,SOL,2z1p8xCEjRzpBHjXWrx4tJnz7BFL6z7NnvbCxH7bpump,SAN.png
Alice Weidel,AFD,SOL,3cqMmudbNeAHv9JWA2X3TqmgTtZng5CajuZY2Yo74AfD,AFD.png
DEV AI,DEVAI,SOL,8MhHH7nBxmukybUx3xqovgLDTetVzj3sogBXPueTpump,DEVAI.png
FAFO,FAFO,SOL,BP8RUdhLKBL2vgVXc3n7oTSZKWaQVbD8S6QcPaMVBAPo,FAFO.png
Marinade,MNDE,SOL,MNDEFzGvMt87ueuHvVU9VcTqsAP5b3fTGPsHuuPA5ey,MNDE.png
ArgentinaCoin,ARG,SOL,9XRpjZjhJPeWtUymiEWn3FW7uAnMeQca14ucTWWWyP2g,ARG.png
American Coin,USA,SOL,69kdRLyP5DTRkpHraaSZAQbWmAwzF9guKjZfzMXzcbAs,USA.png
Cloud,CLOUD,SOL,CLoUDKc4Ane7HeQcPpE3YHnznRxhMimJ4MyaUqyHFzAu,CLOUD.png
Trust The Process,TRUST,SOL,EqeEBGHQhQy6SqeaJcnqAsNs3qaG19sdF89Xsarpump,TRUST.png
GPU ai Rich,RICH,SOL,GRQfnwWyhd4qeJqUVCZo9ku61p3YN7MWCCk8vBXnpump,RICH.png
Furmula,FURM,SOL,866Sh46xjH7cW7aW18tBUmGm3xh6EzGTk1Li7YbbmqJr,FURM.png
Sendcoin,SEND,SOL,SENDdRQtYMWaQrBroBrJ2Q53fgVuq95CV9UPGEvpCxa,SEND.png
Schizo Terminal,SCHIZO,SOL,H1NPJkh3KUJGbpjkyQD5qG1nrpFW7tHiqek5SAbMpump,SCHIZO.png
MATES,MATES,SOL,MAtesZXcU38mgPuteRFo9ApCauYRRuwn3xf1cs5y7ZX,MATES.png
Safemoon CTO on Solana,SAFEMOONSOL,SOL,2kGfWRgNp1QaxUMFCX9CMN78E1iCbgjBAZuQNUjWpump,SAFEMOONSOL.png
Pundu,PUNDU,SOL,WskzsKqEW3ZsmrhPAevfVZb6PuuLzWov9mJWZsfDePC,PUNDU.png
GUMMY,GUMMY,SOL,H7bTHGb5Cvo5fGe5jBDNDPUv8KykQnzyZA3qZ8sH7yxw,GUMMY.png
Time Traveler,BARRON,SOL,HmAgiwjjP9CXqK5wQNsHKtjAt2CH3Kv8Q7xH5kGL2nqZ,BARRON.png
Giko Cat,GIKO,SOL,3WPep4ufaToK1aS5s8BL9inzeUrt4DYaQCiic6ZkkC1U,GIKO.png
mini,MINI,SOL,2JcXacFwt9mVAwBQ5nZkYwCyXQkRcdsYrDXn6hj22SbP,MINI.png
SHIB ON SOLANA,SHIB,SOL,7wz31sC5z979UMtiqrtxsYYQ6bJzpjUTgPsZvXuZhso,SHIB.png
Zeta,ZEX,SOL,ZEXy1pqteRu3n13kdyh4LwPQknkFk3GzmMYMuNadWPo,ZEX.png
Bybit Staked SOL,BBSOL,SOL,Bybit2vBJGhPF52GBdNaQfUJ6ZpThSgHBobjWZpLPb4B,BBSOL.png
Cheyenne,CHEYENNE,SOL,UrAE9vVdrWxncikcCRp7TgNqEsArFtP22iXzH7gpump,CHEYENNE.png
sci-hub,SCIHUB,SOL,GxdTh6udNstGmLLk9ztBb6bkrms7oLbrJp5yzUaVpump,SCIHUB.png
ISLAND Token,ISLAND,SOL,HX6zNkjJ7zy653VoDWzbaYpSg7BrgLfq4i4RA7D5nkkz,ISLAND.png
ASSAI,ASSAI,SOL,12XbSPVc5hmWjKUzf5ExTysM2pEL3tM953YkMXmLWkGd,ASSAI.png
Chillax,CHILLAX,SOL,4HjE7Eebj7iowo1GFfthmvvcp1Zb4QUXKLc3uq3opump,CHILLAX.png
Coke on Sol,COKE,SOL,2DJAyCbx9HkHiPsyJdZmgio9Pu9p1w6jujXDo5h4pump,COKE.png
AGENDA 47,A47,SOL,CN162nCPpq3DxPCyKLbAvEJeB1aCxsnVTEG4ZU8vpump,A47.png
SNAP,$NAP,SOL,4G86CMxGsMdLETrYnavMFKPhQzKTvDBYGMRAdVtr72nu,$NAP.png
smolecoin,SMOLE,SOL,9Ttyez3xiruyj6cqaR495hbBkJU6SUWdV6AmQ9MvbyyS,SMOLE.png
WeatherXM,WXM,SOL,wxmJYe17a2oGJZJ1wDe6ZyRKUKmrLj2pJsavEdTVhPP,WXM.png
Tema,TEMA,SOL,CnfshwmvDqLrB1jSLF7bLJ3iZF5u354WRFGPBmGz4uyf,TEMA.png
SentAI,SENTAI,SOL,CXPLyc3EX8WySgEXLbjhuA7vy8EKQokVJYQuJm2jpump,SENTAI.png
Tajir Tech Hub,TJRM,SOL,4AdDFsG1xzz1L7zKGo2fbiqv256Z92u8uCcJCgYuTBLo,TJRM.png
StupidCoin,STUPID,SOL,9RjwNo6hBPkxayWHCqQD1VjaH8igSizEseNZNbddpump,STUPID.png
GOHOME,GOHOME,SOL,2Wu1g2ft7qZHfTpfzP3wLdfPeV1is4EwQ3CXBfRYAciD,GOHOME.png
GDAI Agent,CGAI,SOL,DD8GJwAZHZZsLEtKnxdWfm8JbBhUj1oVwiGigfPUpump,CGAI.png
Elumia Crowns,ELU,SOL,4tJZhSdGePuMEfZQ3h5LaHjTPsw1iWTRFTojnZcwsAU6,ELU.png
Plena Finance,PLENA,SOL,1dHeFbmsVktbHXGcW2GZkfkfYxV4yTKbcusNV3fyTX8,PLENA.png
Saros,SAROS,SOL,SarosY6Vscao718M4A778z4CGtvcwcGef5M9MEH1LGL,SAROS.png
TEH EPIK DUCK,EPIK,SOL,3BgwJ8b7b9hHX4sgfZ2KJhv9496CoVfsMK2YePevsBRw,EPIK.png
Dark MAGA,DMAGA,SOL,7D7BRcBYepfi77vxySapmeqRNN1wsBBxnFPJGbH5pump,DMAGA.png
Banana Tape Wall,BTW,SOL,4ytpZgVoNB66bFs6NRCUaAVsLdtYk2fHq4U92Jnjpump,BTW.png
Department of Gov Efficiency (deptofgovtefficiency.com),DOGE,SOL,9TY6DUg1VSssYH5tFE95qoq5hnAGFak4w3cn72sJNCoV,DOGE.png
Project89,PROJECT89,SOL,Bz4MhmVRQENiCou7ZpJ575wpjNFjBjVBSiVhuNg1pump,PROJECT89.png
Meow,MEOW,SOL,BUhS5coXEt9hcxN3JSpGYUWSKbNo96RsKu52LcMo12rf,MEOW.png
M3M3,M3M3,SOL,M3M3pSFptfpZYnWNUgAbyWzKKgPo5d1eWmX6tbiSF2K,M3M3.png
TeddyOnHeels,TOH,SOL,C1u7A1zBp2ck9ui89dVD6VC4FmXNe2C2HK9mPdkVHUSB,TOH.png
DeepSeek AI Agent,DEEPSEEKAI,SOL,9A2jUbgoDY97fruKHXvDd7eQiq4xvnW3By1BfH1Bwn9Y,DEEPSEEKAI.png
gAInz,GNZ,SOL,FFgfStKwuF3DSxEeogA69FNkPrkb7XDA5Tw29TBEpump,GNZ.png
OSOL AI Index,OSOL,SOL,2otVNpcHXn9MKeDk3Zby5uanF3s7tki4toaJ3PZcXaUd,OSOL.png
Wagmi,WAGMI,SOL,Hb4m5r21uoA1rWiNFBJgWN8W52QYbw6UV9jAQDbGNsqH,WAGMI.png
Jeo Boden,BODEN,SOL,3psH1Mj1f7yUfaD5gh6Zj7epE8hhrMkMETgv5TshQA4o,BODEN.png
r/snoofi,R/SNOOFI,SOL,7M9KJcPNC65ShLDmJmTNhVFcuY95Y1VMeYngKgt67D1t,R/SNOOFI.png
Monkey Taken By Police,JORGIE,SOL,AMgMqadZ7Qpe9PCQwehAG3Xbg5cf8JxCxH7sGCSupump,JORGIE.png
Libra,LIBRA,SOL,7Zt2KUh5mkpEpPGcNcFy51aGkh9Ycb5ELcqRH1n2GmAe,LIBRA.png
Trenches AI,TRENCHAI,SOL,AaWVpk6eZbgBfVbq1UfXw3EXBmAvw4QXov1xHuG7pump,TRENCHAI.png
Autonomous Virtual Beings,AVB,SOL,6d5zHW5B8RkGKd51Lpb9RqFQSqDudr9GJgZ1SgQZpump,AVB.png
Talken,TALK,SOL,3xUK7cHo3Vfh7uQCTkS2GUhJJuXhg2RXgApNYKHZ1B5R,TALK.png
PopDog,POPDOG,SOL,EATGZHJViJsk7nEKkrdJicwNbfpkJfAtmrEmrjXR8NBj,POPDOG.png
Lord Of SOL,LOS,SOL,44bzge9EZJGPJRYNmsA64mdKZ1eeLdDcDiczRmoyAtez,LOS.png
Real Nigger Tate,RNT,SOL,2fUFhZyd47Mapv9wcfXh5gnQwFXtqcYu9xAN4THBpump,RNT.png
EchoLink Network,ECHO,SOL,8GPvTknACVvnzAvpc1p19yYJ3LAwQiR4LQNcQWgcZrtD,ECHO.png
Chartreux Cat,CHART,SOL,GogCgg43KRSKj3f2G68Vjy3nLb7SBfv7qPco7yzopump,CHART.png
""" """,UNKOWN,SOL,9qriMjPPAJTMCtfQnz7Mo9BsV2jAWTr2ff7yc3JWpump,UNKOWN.png
KEKE Terminal,KEKE,SOL,gp8gvgpc8qce4jn6ryg5ykokg5bjkycatezqpeyspump,KEKE.png
ARNOLD,ARNOLD,SOL,LDK9TCQNkcFgTiFnbYtmbPToUXgxJL55eGqq817cqDx,ARNOLD.png
Ome‎gaX He‎alth,OMEGA‎X,SOL,FTBq3w9gCv27E451DV6w8AbUjBQbyVxxj1ZaYEYepump,OMEGA‎X.png
Catton AI,CATTON,SOL,EnYkmHKm13mLnBgpvHJZE2T6rqi8weQXoFuPccW9ZiD5,CATTON.png
Olympus v2,OHM,SOL,Afe9gSG8NcWicJtC58tUPGWG6pUcdK29d59BJuSAsePJ,OHM.png
lolcat,lolcat,SOL,Dt6vESocrRixuFz2taZunygpKcNQwxAjUMgYUxvNpump,lolcat.png
PepeAI,PEPEAI,SOL,2wqkw3idoEYFV8fyM54PvS5BYHieT8rAZqzdHg6aqZby,PEPEAI.png
ADA,ADASOL,SOL,E4Q5pLaEiejwEQHcM9GeYSQfMyGy8DJ4bPWgeYthn24v,ADASOL.png
Chitan,CHITAN,SOL,J95PxHUEytzTGbf9DpLpyPHXnUTWN4FbRk2Jnc5nYKa3,CHITAN.png
Ross Ulbricht,ROSS,SOL,DVZrNS9fctrrDmhZUZAu6p63xU6d9cqYxRRhJbtJ4z8G,ROSS.png
DNA,DNA,SOL,DiSetnR7k57wmfvywJhUVjPwWfg54SdQKxQdJEBYW23B,DNA.png
BananaRepublic,BRP,SOL,7QZ1tsRGcTa6Jmq5UZZUQqtxwVpma2an5VYjTTCbpump,BRP.png
FlashWash,FLSH,SOL,FLASHTrGnUXkWtgF5EWQrcHkyiRQdDhEFMJg7qhHkxRb,FLSH.png
Elon for AfD,ELON4AFD,SOL,BkYAUVMar1gLwuFLv2n5cmB6HhcNtvd86kU3gqAypump,ELON4AFD.png
BEENZ,BEENZ,SOL,9sbrLLnk4vxJajnZWXP9h5qk1NDFw7dz2eHjgemcpump,BEENZ.png
Spunk,SPUNK,SOL,H3j2qniYA7fY3SyBiYeKCYh9h3edtriKi2JfjE7sPuNk,SPUNK.png
sols,SOLS,SOL,2wme8EVkw8qsfSk2B3QeX4S64ac6wxHPXb3GrdckEkio,SOLS.png
Any Inu,AI,SOL,ACeWC77UeW2DBZMe7YBsuXoxLvk4dHMnPzneApau1Au6,AI.png
Childrens Aid Foundation,CAF,SOL,CM1jk8NzsxJ9Fkk3LfgFuVnChdvMqLJpur1fkAaaMQoQ,CAF.png
Bobaoppa,BOBAOPPA,SOL,bobaM3u8QmqZhY1HwAtnvze9DLXvkgKYk3td3t8MLva,BOBAOPPA.png
Kitten Haimer,KHAI,SOL,3TWgDvYBL2YPET2LxnWAwsMeoA8aL4DutNuwat2pKCjC,KHAI.png
Paragon,PGN,SOL,2Vnei1LAmrBpbL8fNCiCpaYcQTCSodiE51wab6qaQJAq,PGN.png
DOGEN,DOGEN,SOL,B7xavrAozTa1msQxu8YAcvPftf76x1fJYyLrYdTnbrah,DOGEN.png
Catana,CATANA,SOL,GmbC2HgWpHpq9SHnmEXZNT5e1zgcU9oASDqbAkGTpump,CATANA.png
Bongo Cat,BONGO,SOL,HUdqc5MR5h3FssESabPnQ1GTgTcPvnNudAuLj5J6a9sU,BONGO.png
SHILLGUY,SHILL,SOL,4Q7UJpgqrD51Y9DuJjeKuVnEmanJTbqPRGazVsUZpump,SHILL.png
Limbo,$LIMBO,SOL,5UAMZkfNmuVcKzr2wo8Jqw4R1k8vfdAVJNN6h3bVpump,$LIMBO.png
Baby One More Time,BOMT,SOL,38gjv75sybiwuuHr25T4ohdxGZuhHTpNwqg2E1m8Xq2W,BOMT.png
Official Elon Coin,ELON,SOL,BftUiGB2iDkNDa8AKdhtLuJHHXiUfqLvTNmiXaSopump,ELON.png
Goku Super Saiyan,GOKU,SOL,6W8FHYE6jnw1dktabRRiZpQRQFPSFhTeLczdvBNPzVeo,GOKU.png
NANA Token,NANA,SOL,HxRELUQfvvjToVbacjr9YECdfQMUqGgPYB68jVDYxkbr,NANA.png
RGAMES,RGAME,SOL,G5wuVu4k1bntGWYPU9VcdQiegjc6oCbQTNFZTYBYnpaC,RGAME.png
Radx AI,RADX,SOL,FVFZxEewzrXooU8n8PjGPWKHHzouDjPfW6rzVaeXqGvY,RADX.png
Donald Trump,TRUMP,SOL,4h8LjZWUfUQVgbEZ29UzTuGXNW6rwrJis78ZU66ekkPV,TRUMP.png
RWT TOKEN,RWT,SOL,4CKd1pfak4Ss3EX9aHqz7hAkwVdhTqtrDKNexwq1dFxY,RWT.png
LOULOU,LOULOU,SOL,7BMb4jNt2tQG81jX7W22H2h2UyL4SW9QJgz25HRhpump,LOULOU.png
New Born Haggis Pygmy Hippo,HAGGIS,SOL,U237C8hKyZYL42TEtTv6JGtdwDr3pZaQeeWMCVVpump,HAGGIS.png
Shytoshi Kusama,SHY,SOL,7d1vpt5eri79nETcL74Punhp3mGkeBgUkMdPWep6pump,SHY.png
Grok AI Agent,GROKAI,SOL,2vSVEMtLPSY4HBdKoccxDgPLV25RYrdidM6bT6vpqM2L,GROKAI.png
Ninja Squad Token,NST,SOL,G7iK3prSzAA4vzcJWvsLUEsdCqzR7PnMzJV61vSdFSNW,NST.png
AvocadoCoin,AVDO,SOL,EE5L8cMU4itTsCSuor7NLK6RZx6JhsBe8GGV3oaAHm3P,AVDO.png
ZynCoin,ZYN,SOL,PzuaVAUH2tfxGZcbBR6kMxeJsBngnsPLFotGJNCtcsd,ZYN.png
Dither AI,DITH,SOL,E1kvzJNxShvvWTrudokpzuc789vRiDXfXG3duCuY6ooE,DITH.png
Neiro Solana (neirobropump.com),NEIRO,SOL,CTg3ZgYx79zrE1MteDVkmkcGniiFrK1hJ6yiabropump,NEIRO.png
OBOT,OBOT,SOL,7yZFFUhq9ac7DY4WobLL539pJEUbMnQ5AGQQuuEMpump,OBOT.png
SOLCAT,SOLCAT,SOL,A2TjztayKEavSCR7deVs6zkKGLP155pQv3j8ByVJ2WLW,SOLCAT.png
FlowerAI,FLOWER,SOL,AVyjco9j8vv7ZPkhCpEoPJ3bLEuw7G1wrrNt8DrApump,FLOWER.png
Solaris AI,SOLARIS,SOL,3RfQPYVJgJbwyB3BzqqypCEWWryxjTfFDAcXQsckpump,SOLARIS.png
YODA,YODA,SOL,J3TqbUgHurQGNxWtT88UQPcMNVmrL875pToQZdrkpump,YODA.png
Regent of the North Winds,REGENT,SOL,6HgJHzGpq3fSLmkepsaC8F3VtpUWfXcG4hmUaf4Vpump,REGENT.png
Andy Warhol Queen Elizabeth II,QUEEN,SOL,E14jecSeL6iiQk5obt8vPzpMYMhKXZpDYSBtEx8Bpump,QUEEN.png
Angle Protocol,EURA,SOL,CbNYA9n3927uXUukee2Hf4tm3xxkffJPPZvGazc2EAH1,EURA.png
Pepe Sora AI,PEPESORA,SOL,8yes8ybDikwgFkEko7ZDPLkXK6PLQ6XQyNsr435KaQzL,PEPESORA.png
XBorg,XBG,SOL,XBGdqJ9P175hCC1LangCEyXWNeCPHaKWA17tymz2PrY,XBG.png
Bee,BEE,SOL,B2BsVuodH2eBGRnFckRYYW6yjur7Tn8cCxaSE2Xrnj5V,BEE.png
MEDUSA (medusaonsol.xyz),MEDUSA,SOL,Fosp9yoXQBdx8YqyURZePYzgpCnxp9XsfnQq69DRvvU4,MEDUSA.png
Baby Fwog,BABYFWOG,SOL,3Bbj7eZTuMd2FrfeZ2degzckxhgB5b63crGoHLtrpump,BABYFWOG.png
Bonkers Meme Token,BONKERS,SOL,2ztfMWS76tFVd84MNefvjiNHDCNwQ6ShtWXMQGKFQnjL,BONKERS.png
PEPO,PEPO,SOL,pepo1CFNU2RXf7yXX7HNXazXwxsq8WrPvDHpHriwoLY,PEPO.png
Enron,enron,SOL,BktHEAc2WS8TQi2vmavn1rA4L1WJuwF3Vkk3DnwwARti,enron.png
Own The Doge,DOG,SOL,B9u8h65uM1oifqmP82VyUDb68iG2fKfZiyubmNMtu3h7,DOG.png
WX Token,WX,SOL,GwUayReXTeCxyiCwqfLMSfEbeu5z4QAXfLDBjagN3hf1,WX.png
Nova finance,NOVA,SOL,BDrL8huis6S5tpmozaAaT5zhE5A7ZBAB2jMMvpKEeF8A,NOVA.png
BOOK OF BILLIONAIRES,BOBE,SOL,VvgeRQNHRHdYubKC9K2GN567LXTzSVcB7mpu7b1VF4r,BOBE.png
lilpump,LILPUMP,SOL,9vrGUHwsC8LyLjQoh3zJb9S53x7A88u49La63qPB6F5t,LILPUMP.png
Unicorn,UWU,SOL,UwU8RVXB69Y6Dcju6cN2Qef6fykkq6UUNpB15rZku6Z,UWU.png
Dogs of Elon,DOE,SOL,2FKMWYwr17j7AHexcgcQbn5gwZTsYR86qBPrU1BHpump,DOE.png
We Love Tits,TITS,SOL,23CTZMjEYNNZUE4itfn3iv6kgM4xn7X7dx1kVX1Gr8Xi,TITS.png
Big Jim,BIGJIM,SOL,HbACvu9eKjCJE7h4oGFSnX6fvbDqwugRGYeuJebRVBkR,BIGJIM.png
Kekius Maximus (kekiusmaximus.army),KM,SOL,FThrNpdic79XRV6i9aCWQ2UTp7oRQuCXAgUWtZR2cs42,KM.png
Purple Bitcoin,PBTC,SOL,HfMbPyDdZH6QMaDDUokjYCkHxzjoGBMpgaUvpLWGbF5p,PBTC.png
OFFICIAL BARRON (SOL),BARRON,SOL,7dRS9SvWzbWS3CvEjZP8zBPX4gkDZQ5fT8EWZ3zRGuWe,BARRON.png
Lynk Coin,LYNK,SOL,BfxhMerBkBhRUGn4tX5YrBRqLqN8VjvUXHhU7K9Fpump,LYNK.png
Harambe on Solana,HARAMBE,SOL,Fch1oixTPri8zxBnmdCEADoJW2toyFHxqDZacQkwdvSP,HARAMBE.png
XBANKING,XB,SOL,2uAuGwYH22SJJtaTqMJ2AGEL2rBdiRKkuak2QCCSaFCA,XB.png
President Donald J. Trump,PDJT,SOL,E2o6gnnPa5FHW5kwLj7eNwPe77RtpBQn3nbX25fJ4Fyi,PDJT.png
Yes Chad,YES,SOL,6brGsbvP1PTitDGGsz1TXF2CvvvRkS5QvQA8UH3ooe7i,YES.png
Optopia,OPAI,SOL,BK5GJDHXs9Nhnn4fcJrTauZ4guii5oEw7Cyxr6Ecpnqc,OPAI.png
STRIKE,STRIKE,SOL,STrikemJEk2tFVYpg7SMo9nGPrnJ56fHnS1K7PV2fPw,STRIKE.png
Bird Dog,BIRDDOG,SOL,3XTp12PmKMHxB6YkejaGPUjMGBLKRGgzHWgJuVTsBCoP,BIRDDOG.png
Costco Hot Dog,COST,SOL,Av6qVigkb7USQyPXJkUvAEm4f599WTRvd75PUWBA9eNm,COST.png
walter,WALTER,SOL,FV56CmR7fhEyPkymKfmviKV48uPo51ti9kAxssQqTDLu,WALTER.png
Aura,AURA,SOL,DtR4D9FtVoTX2569gaL837ZgrB6wNjj6tkmnX9Rdk9B2,AURA.png
Salt Bae For The People,SBAE,SOL,BWWWurbodjGbovFetc3FC6oSbqkdoE62E1XqZ7X4pump,SBAE.png
Mei Solutions,MEI,SOL,4MshgHvWGvxDs8mtFqPGKC8kX6kuhniWSYPguBb1p1bh,MEI.png
DOGAI,DOGAI,SOL,Dogg6xWSgkF8KbsHkTWD3Et4J9a8VBLZjrASURXGiLe1,DOGAI.png
#1 Tiktok Squirrel,PEANUT,SOL,bGxHNbsacaVL35pkYWae5PYQDZXSpuQb3QDyW31pump,PEANUT.png
Academic Labs,AAX,SOL,8W3DbYbLY1zWXm6YDqfPYFpyKsjytD5vhhPN2AyNVdM9,AAX.png
RNA,RNA,SOL,7i5XE77hnx1a6hjWgSuYwmqdmLoDJNTU1rYA6Gqx7QiE,RNA.png
monkeyhaircut,MONK,SOL,FYa25XnBsXQXAdTnsyKBKd5gZ1VZhChBRF57CqfRxJZX,MONK.png
STASH INU,STASH,SOL,EWMfSJgDCE7CXDAYz3hbCaA7NsFHTnddySXx3shco2Hs,STASH.png
khaokheowzoo,KHEOWZOO,SOL,AiQcnL5gPjEXVH1E1FGUdN1WhPz4qXAZfQJxpGrJpump,KHEOWZOO.png
Winnie the Poodle,WINNIE,SOL,4ZrxMzvqQ8f37ViijJTYp3FZqFTkG47rZhETx2dPpump,WINNIE.png
Sendor,SENDOR,SOL,4dPW2SdbKcTEUiHpQRTWspT78zgS98v5TMhVpGPoPLzq,SENDOR.png
Blobana Pet,BLOB,SOL,DgG9sM56ZcVidBV8bNArQPm93a2rmjzHkrrUntGSpump,BLOB.png
Boblles,BOBLS,SOL,nnt8dZU4ZSiPXUdcmku4VcJFmhp7SsNDipzBKSppump,BOBLS.png
KANDO AI,KANDO,SOL,AB7GSnVSyg9MFvzVoX8hbviCCSorWeNwXB8rrxSMKSV8,KANDO.png
Pepe's Frogbar,FRGB,SOL,9RmGcM8LK6pf6cLoz4uHSMhGWZ7NnyRv5JaD8XR1bGbp,FRGB.png
Niggachain AI Layer 2,N2,SOL,3t4yhNHfy5jZ9skJw9ZMRHvLJw1WUPouJ4TSxatTpump,N2.png
Restore The Republic,RTR,SOL,7G5DM7Jy7TMWKgH313tA3vF6AqHpbHP4TWZzpTVLWv9c,RTR.png
Hachiko,HACHI,SOL,4amstKcbziHCqwev9esMtRGDTdjHSviiNXT7WtajgjUq,HACHI.png
Lily's Coin,LILY,SOL,Co5WwGeZfpfqGE1tUyAp1SBjcmumoY9sNN99MXRbX98K,LILY.png
BARK,BARK,SOL,CG5e8otTfszRTZRTNy4WQq5VaLsZW7tuDKMGHJVZpump,BARK.png
CUTTLEFISHY,CUUT,SOL,JC3MaSFiZcdDecxFhZKtfULxnkUp9DPxdgwYHWHNpump,CUUT.png
Maya,MAYA,SOL,25x9Av7ddPJQFVJy512VzzQ96A2Tqza22LtfHTKCpump,MAYA.png
Morty,MORTY,SOL,9rbVug7zTt4UPb1YuasTVUJVcaeb9JgJdJ2ejf7pump,MORTY.png
Store of Value,VAL,SOL,DtwN3PHiKEpK1MSekViVC8QifdRJCkML6HG16sXHpump,VAL.png
STORAGENT,STORAGENT,SOL,CofiHxizezmiQV1r85eV4Midefb6BahAyVeQQQxVpump,STORAGENT.png
Official USA Token,USA,SOL,GAYCVRGZH2tHms1c5sCprE2JEbuz8tJ9ZxCNUX1cKwWR,USA.png
Magic Internet Money,MIM,SOL,HRQke5DKdDo3jV7wnomyiM8AA3EzkVnxMDdo2FQ5XUe1,MIM.png
Realy,REAL,SOL,AD27ov5fVU2XzwsbvnFvb1JpCBaCB5dRXrczV9CqSVGb,REAL.png
HARRIS (kamala.vip),KAMALA,SOL,8JZuDCc61SEgL6V87hefA8TBGQcW2hhPZh1LZRwgqUvg,KAMALA.png
Oracle Cat,ORACLE,SOL,3Tu6nPNdfvqNobQkMgJDwZe1LBve9sRUDQhssqxWK1hL,ORACLE.png
BOYS,CLUB,SOL,4Z2WCcszLE9diKQzjzQfJbRe2XiQAoHLcDYzMTZ2gt11,CLUB.png
Grafeté,GRFT,SOL,2aWos2YsA6YjN5DHX77diRUx7SKMg7H1U8hqL2N1iy5o,GRFT.png
VentureMind AI,VNTR,SOL,4JFcUJ1HfFKz2F8thdu2frk558EjrLvKEmeMq1ZM2xBP,VNTR.png
Pandana,PNDN,SOL,2szngsw1SWyNwpcc17xgn6TYmpJ4gVJBrG5e4eupeV9z,PNDN.png
Sui DePIN,SUIDEPIN,SOL,CmRWGQAdDgDb7dPyDqUZNagLg2s4hn9tUeEiyFfiQgjZ,SUIDEPIN.png
OFFICIAL TRUMP JR,TRUMPJR,SOL,EK3WLA2JjmCwg6WfVD6ptEaq3JRsNsBrNuTnU3dupump,TRUMPJR.png
Made in America,MIA,SOL,Dy7M5B3Z5GnyhyHKkcHRFpYxw6eyiF1gqsDTBiT4t4oQ,MIA.png
DOGE TO MARS,DOGEMARS,SOL,A3t4ap3oHBGRZATex6tFnCDZUdFqybTMhGPbTMzF9kzb,DOGEMARS.png
Coinchef,CHEF,SOL,CHEFTKSZVv6rgUAR8EZVirSVX685HHiEnihvEsdz77LP,CHEF.png
pepeinatux,$INA,SOL,2yd2Suus3YY4Sa7LHhn1PSHkjXj3XKrars4cCog2tGU8,$INA.png
Snake wif Hat,SSSSS,SOL,5EdKas4QsHaa71QS1X98wiCTgJCCVMjw5GhY5QMKpump,SSSSS.png
Warrior Coin,WAR,SOL,3fP61JWqLxxrvBv5NSxJdAz4GtCB7UpfU3UFxZTgj1yG,WAR.png
Official Baby Trump,BTRUMP,SOL,caer1UmwhRsfFk5huGYkXcFmiL2tj4cyT7YjVxUpump,BTRUMP.png
Honeyland,HXD,SOL,3dgCCb15HMQSA4Pn3Tfii5vRk7aRqTH95LJjxzsG2Mug,HXD.png
AstroPepeX,APX,SOL,8GQa5N9HJT5tW6vg3umYG5us1xHmiU948LfDihg2f8Vf,APX.png
MMX,MMX,SOL,8bd3PSBp15xbjjCJzEJDrQDPiBTXgAJtgoxTcmXxytWL,MMX.png
IMARO,IMARO,SOL,3Gjckk5jXnJffBruUS2EEYhpiDEN6z5TPXLkFVHkSkkg,IMARO.png
Zack Morris,ZACK,SOL,8vCAUbxejdtaxn6jnX5uaQTyTZLmXALg9u1bvFCAjtx7,ZACK.png
Broke Again,BROKE,SOL,Fgx5MamDtg4x9vC76N1wYep3xUo71vMB5PrvVCjK7629,BROKE.png
Fi - Ai With Daddy Issues,SHEGEN,SOL,2KgAN8nLAU74wjiyKi85m4ZT6Z9MtqrUTGfse8Xapump,SHEGEN.png
Soarchain,SOAR,SOL,9359LVZJs8bf2FXcTdHvwcMnvg2ZCf6DUZ5ABDcJKx52,SOAR.png
Duck AI,DUCKAI,SOL,HFw81sUUPBkNF5tKDanV8VCYTfVY4XbrEEPiwzyypump,DUCKAI.png
Saber,SBR,SOL,Saber2gLauYim4Mvftnrasomsv6NvAuncvMEZwcLpD1,SBR.png
Anita Max Wynn,WYNN,SOL,4vqYQTjmKjxrWGtbL2tVkbAU1EVAz9JwcYtd2VE3PbVU,WYNN.png
Stooges,STOG,SOL,AHnZ7VyyQ5jHXbitQL8tuN7ciGG66EvCnU7eKoKX99fz,STOG.png
Ore,ORE,SOL,oreoU2P8bN6jkk3jbaiVxYnG1dCXcYxwhwyK9jSybcp,ORE.png
Tate Terminal,TATE,SOL,LX2mJPsutHkUc6iXNFgumSC6LVKyc66xpy2zDTZpump,TATE.png
tobi,TOBI,SOL,HPueqQjSgaSatMBKrvBvAnRmc6jnr51cPM1EjUJVpump,TOBI.png
Sharky Sharkx,SHARK,SOL,9stDgyRz8rad6Czht7A3JwQRn7Hi1R5ace9egdj7pump,SHARK.png
Baby Broccoli,BBROCCOLI,SOL,BRuBCFvbpzPwsFJ48yu4QAB44hUCiuCRPD5q9Ag9HqgC,BBROCCOLI.png
Viral Inu,VINU,SOL,CgbJxXyaHeU8VsquBpySuFXA94b6LWXxioZ28wRr8fs9,VINU.png
Bozo Benk,BOZO,SOL,EJPtJEDogxzDbvM8qvAsqYbLmPj5n1vQeqoAzj9Yfv3q,BOZO.png
Bitcat,BITCAT,SOL,BSkz8QHwk1DaT3Dcf1L5vWsCRzgrfrLR3qYmwSt1rtUM,BITCAT.png
tooker kurlson,TOOKER,SOL,9EYScpiysGnEimnQPzazr7Jn9GVfxFYzgTEj85hV9L6U,TOOKER.png
Bitget SOL Staking,BGSOL,SOL,BGSo18NXTWGtyNa5DBBP1ZCfUFRPWj6bECrPKakn8qN,BGSOL.png
Sirius,SIRIUS,SOL,6T44rfi9BDUdZbEvVddZWVfsGrpC6N1sSSKYnCsLpump,SIRIUS.png
Science Cult Mascot,HELA,SOL,DRVM9vP5coW4WHsNv1kajhn55duyuua4cJ9NGkSApump,HELA.png
Streamflow,STREAM,SOL,STREAMribRwybYpMmSYoCsQUdr6MZNXEqHgm7p1gu9M,STREAM.png
Beth,BETH,SOL,7uJrMsDN2Wxdc3VAq1iK9N5AHaTA7wUpbm1wqRonpump,BETH.png
Guacamole,GUAC,SOL,AZsHEMXd36Bj1EMNXhowJajpUXzrKcK57wW4ZGXVa7yR,GUAC.png
Laika The Cosmodog,LAIKA,SOL,Euoq6CyQFCjCVSLR9wFaUPDW19Y6ZHwEcJoZsEi643i1,LAIKA.png
READY!,READY,SOL,HKJHsYJHMVK5VRyHHk5GhvzY9tBAAtPvDkZfDH6RLDTd,READY.png
Seals-Ready to Crack Pengu's Ice,SEALS,SOL,BKQwzUrcibzZsm1Sm9TVgzxA9G7bAYszCaGJcALMpump,SEALS.png
AImerica,UAI,SOL,haahyN2RTafHNNySeXKoowgGF7DdX5b5nGNGmghpump,UAI.png
Minidoge (mini-doge.com),MINIDOGE,SOL,8J6CexwfJ8CSzn2DgWhzQe1NHd2hK9DKX59FCNNMo2hu,MINIDOGE.png
DrPepe.ai,BRYAN,SOL,BrYANThKaAbjZZH5XWLrw26NzMbfUNmBwbZiMe4Fj5Mk,BRYAN.png
Plant,PLANT,SOL,4BsE91MrbhEeJmWJ3ddX58hN4iAk8gXmvZv5JYUapump,PLANT.png
LC SHIB,LC,SOL,43YakhC3TcSuTgSXnxFgw8uKL8VkuLuFa4M6Bninpump,LC.png
TAP FANTASY,TAP,SOL,BDq41H2KMf39i6N3vZeEFQ1QdLyPqVGDomLcf4ReWyQ2,TAP.png
FISH N CHIPS,CHIPPY,SOL,Bz7Nx1F3Mti1BVS7ZAVDLSKGEaejufxvX2DPdjpf8PqT,CHIPPY.png
Jason Derulo,JASON,SOL,6SUryVEuDz5hqAxab6QrGfbzWvjN8dC7m29ezSvDpump,JASON.png
Cheeseball,CB,SOL,3BeJ9zCgQhaqKMu2HgKJ79yQBChD1Pf3hPwRX44fpump,CB.png
Bounty,BNTY,SOL,6TcoT3vcexjsMuuLvS9DhBUrVVcoqBMHEppQGQLMpump,BNTY.png
Manifest,MANIFEST,SOL,6cvrZWgEUkr82yKAmxp5cQu7wgYYBPULf16EUBp4pump,MANIFEST.png
Anita AI,ANITA,SOL,AnXE9mZYWReqBw4v5HrY2S2utt42uEtcBGmuCXASvRAi,ANITA.png
ZEBU,ZEBU,SOL,7unYePWUHcpB28cnS65TpqT2qqmZaftRz9QABkdR8yN7,ZEBU.png
IQ50,IQ50,SOL,21rweMLGYeMNonHW7H3xa5py17X6ZFRcHirCp9inRBQA,IQ50.png
ShibaInu On Solana,SHIB,SOL,5MBBsoCVddAuF8XixvCcXNbHAw6WfpZ8WyTKMmczxxRN,SHIB.png
PELFORT,$PELF,SOL,BgJW7U1u2RY5XJk9uYb5AqFRzjMtqE7pw3kaf9iw9Ntz,$PELF.png
Sui RWA,SUIRWA,SOL,55bfLJQeYwPdUui7W34G4Ka4BM6Pg3DxZNPZfeJJj3hz,SUIRWA.png
Tongtongcoin,TTC,SOL,JCLHK9sJp2hAGwwCu6upA9vdtifQ2Hgo9edqLmVRYoNk,TTC.png
Virgo,VIRGO,SOL,Ez4bst5qu5uqX3AntYWUdafw9XvtFeJ3gugytKKbSJso,VIRGO.png
Capricorn,CAPRICORN,SOL,3C2SN1FjzE9MiLFFVRp7Jhkp8Gjwpk29S2TCSJ2jkHn2,CAPRICORN.png
YOUR AI,YOURAI,SOL,FjK6rqU6QzUeNtmK6QQ78cCuS5AHAhcm4HgJkdsvXaep,YOURAI.png
CorgiAI,CORGIAI,SOL,79F32BvHBE49gPsvypYTGzcpWGvt66mgvenQow3mJjXu,CORGIAI.png
Magaiba,MAGAIBA,SOL,A6rSPi9JmJgVkW6BatsA6MjFYLseizPM2Fnt92coFjf4,MAGAIBA.png
Sol Bastard,SOBA,SOL,25p2BoNp6qrJH5As6ek6H7Ei495oSkyZd3tGb97sqFmH,SOBA.png
Sagittarius,SAGIT,SOL,8x17zMmVjJxqswjX4hNpxVPc7Tr5UabVJF3kv8TKq8Y3,SAGIT.png
Crow Computer,CROW,SOL,FWMad1gzugDrifDTxUYFxkAH8SWWSoDT2BfZP8Pnpump,CROW.png
JaeCoin,JAE,SOL,9nQKC2fKKKViVk6FWoj4erq3qbmkf37TjrFkiDBA1pDk,JAE.png
USDH,USDH,SOL,USDH1SM1ojwWUga67PGrgFWUHibbjqMvuMaDkRJTgkX,USDH.png
PunkAI,PUNKAI,SOL,12UP9cSwe1tDzQg3KSEx1BpSS9nkpT5VkmDe4fSz4Hso,PUNKAI.png
Abble,AABL,SOL,ENoD8J2J6wNHkcJkvVBkwq5JMiR1oNBfBZRkoHCQogyT,AABL.png
CDOGE,CDOGE,SOL,5CB5Q7GkxxwduBgq9LboGuHpA2LMJLydy7uwKEhENnAD,CDOGE.png
Doge Jones Industrial Average,DJI,SOL,BjotV424H4UBvrAiGFGjQGztLxoafxM4HSdCXZR6pump,DJI.png
Jak,JAK,SOL,FBbnzHwJ1WHYwP425cqMNb2t7o7sm6AXQjsQ3sZRpump,JAK.png
BCGame Coin,BC,SOL,BCNT4t3rv5Hva8RnUtJUJLnxzeFAabcYp8CghC1SmWin,BC.png
Melania Wif Hat,MWH,SOL,DehUesyqV7jg2RhEbkpprWuCTCNC5BLSdpRfYEtQpump,MWH.png
Layer One X,L1X,SOL,HeFNBDauVZDD86dV8TmFGx39kGxmFLrVKqbYe6wXWcPT,L1X.png
CARVIS,CAIV,SOL,6MPaQHi38eMGPAsuW2JGYvgxXfcocncJuHnepLnepump,CAIV.png
Penguin,PEN,SOL,pen2WzojYAFUaWJn13c3UH2hXDZ5dCzu26U1xfaRx1b,PEN.png
OmniCat,OMNI,SOL,7mmXL6Et4SbpDs2iXoZQ3oPEeXeAiyETxh1QjDNi5qnV,OMNI.png
SHIBAAI,SHIBAAI,SOL,836AY1nD2RrtbYYUqoj39JPTzCwcehrq4M5pvFiPnKEH,SHIBAAI.png
DogLibre,DOGL,SOL,8bk3hKqrq1NgLKck937Fj6PoY9jAJgGpUKQ28qutgqha,DOGL.png
TrumpCoin,DJT,SOL,HRw8mqK8N3ASKFKJGMJpy4FodwR3GKvCFKPDQNqUNuEP,DJT.png
Aquarius,AQUARIUS,SOL,C49Ut3om3QFTDrMZ5Cr8VcTKPpHDcQ2Fv8mmuJHHigDt,AQUARIUS.png
1Sol,1SOL,SOL,4ThReWAbAVZjNVgs5Ui9Pk3cZ5TYaD9u6Y89fp6EFzoF,1SOL.png
UXD Stablecoin,UXD,SOL,7kbnvuGBxxj8AG9qp8Scn56muWGaRaFqxg1FsRp3PaFT,UXD.png
CHONKY,CHONKY,SOL,H7ed7UgcLp3ax4X1CQ5WuWDn6d1pprfMMYiv5ejwLWWU,CHONKY.png
Elephant Money (TRUNK),TRUNK,SOL,9mV4WUukVsva5wYcYW4veo34CNDiF44sh3Ji65JNdvh5,TRUNK.png
BlockDrop,BDROP,SOL,DcJLACAUR25RujgxBVhZtcWPCTjzSw6YDM8E7oipiT3k,BDROP.png
Pepe,PEPE,SOL,B5WTLaRwaUQpKk7ir1wniNB6m5o8GgMrimhKMYan2R6B,PEPE.png
President Trump,47,SOL,HdHqKPz3n52e6FCJREKY3MS56TagyvRxsxVYG7E4rF99,47.png
Aries,ARIES,SOL,GhFiFrExPY3proVF96oth1gESWA5QPQzdtb8cy8b1YZv,ARIES.png
Feenix,FEENIX,SOL,FnixeBNA3YXU3JUK9gTeHjDv9t36YGUyuf5Q9od7tTVV,FEENIX.png
Media Network,MEDIA,SOL,ETAtLmCmsoiEEKfNrHKJ2kYy3MoABhU6NQvpSfij5tDs,MEDIA.png
DOGGO,DOGGO,SOL,Doggoyb1uHFJGFdHhJf8FKEBUMv58qo98CisWgeD7Ftk,DOGGO.png
SHARBI,SHARBI,SOL,8D1nUMJQam54o34Kj2knFhSTaWoehEr4mBc7LfiDdCqq,SHARBI.png
MetaDAO,META,SOL,METADDFL6wWMWEoKTFJwcThTbUmtarRJZjRpzUvkxhr,META.png
OCADA.AI,OCADA,SOL,ocadaAXpD1haGy2JnjHbgUhczqtiMdYHzvnBihjJHg9,OCADA.png
DEGOD,DEGOD,SOL,degod39zqQWzpG6h4b7SJLLTCFE6FeZnZD8BwHBFxaN,DEGOD.png
Gemini,GEMINI,SOL,ARiZfq6dK19uNqxWyRudhbM2MswLyYhVUHdndGkffdGc,GEMINI.png
Scorpio,SCORPIO,SOL,J4fQTRN13MKpXhVE74t99msKJLbrjegjEgLBnzEv2YH1,SCORPIO.png
Sna-King Trump,SNAKT,SOL,6qbhbttzStczGfMBVMKaJNGwtM5Em56LUnzViUrsmoon,SNAKT.png
EFK Token,EFK,SOL,efk1hwJ3QNV9dc5qJaLyaw9fhrRdjzDTsxbtWXBh1Xu,EFK.png
Rocky,ROCKY,SOL,4icEZCrEYNop2ZaMMCkRHaNzkt6xG9BpijMCQV7mpw6Z,ROCKY.png
catwifbag,BAG,SOL,D8r8XTuCrUhLheWeGXSwC3G92RhASficV3YA7B2XWcLv,BAG.png
Love Monster,LOVE,SOL,4QQV4LQUUXAn1eN1XQGrfY65TfLe5STJcfsCQozqyb8T,LOVE.png
Boys Club,BOYS,SOL,9cLx6w1fN6b67VxsGxaFaCTgQcNqsA51p4uMWdkgQqmC,BOYS.png
Pepe Trump,PTRUMP,SOL,Gk2kRrwNMBU4Dn9JhC1Dks8G5X9nqi4ZE5jMvK6bdgEd,PTRUMP.png
Waka Flocka,FLOCKA,SOL,9n8b1EXLCA8Z22mf7pjLKVNzuQgGbyPfLrmFQvEcHeSU,FLOCKA.png
Shisha Coin,SHISHA,SOL,shixxut6zHRKnbCVqzBDB6tDBFWKqds92gu9n1HXj5i,SHISHA.png
Leo,LEO,SOL,8Cd7wXoPb5Yt9cUGtmHNqAEmpMDrhfcVqnGbLC48b8Qm,LEO.png
PUNKY,PUNKY,SOL,PunkYg4GF3KAg7AhFCGXQWk2cMHS4J6bEXHiXQyqGDs,PUNKY.png
Red Siberian Husky,KOVU,SOL,Acud16jqA9j1Hc83JrHYeiN2BpK8LYYQ1h6FGnYrpump,KOVU.png
AI Virtual Agents,AIVIA,SOL,4ptXaGHy4CcCBfr5SPQZK5bcH9N4njv4LCf1RaJqpump,AIVIA.png
Brazilian Digital Token,BRZ,SOL,FtgGSFADXBtroxq8VCausXRr2of47QBf5AS1NtZCu4GD,BRZ.png
Governance OHM,GOHM,SOL,FUGsN8H74WjRBBMfQWcf9Kk32gebA9VnNaGxqwcVvUW7,GOHM.png
Brawl AI Layer,BRAWL,SOL,5mdBkZ4dTP94SE7PyiuWseTDAd1kYxSk6oYaWB7186s7,BRAWL.png
Spiderswap,SPDR,SOL,AT79ReYU9XtHUTF5vM6Q4oa9K8w7918Fp5SU7G1MDMQY,SPDR.png
Sol X,SOLX,SOL,7aWQoyfAxXUD5Not1Fc48TJAWs876NUvKh6Vp8WSXcNR,SOLX.png
Wawa Cat,WAWA,SOL,8Sk2EJ9oo25b7Mmf4qd5gJw6z3738AXvAbkuSSpQpump,WAWA.png
Coby,COBY,SOL,8WnQQRbuEZ3CCDbH5MCVioBbw6o75NKANq9WdPhBDsWo,COBY.png
HeeeHeee,HEEHEE,SOL,9dLuVbJMd4ZpTpFgmaFHAGSsFwVjtcnzFWaLAA1expHg,HEEHEE.png
Cancer,CANCER,SOL,CmomKM8iPKRSMN7y1jqyW1QKj5bGoZmbvNZXWBJSUdnZ,CANCER.png
Poppy,POPPY,SOL,GD1AR5uHytu7nHJ9zWYEEHytmLe7MaD8wg6Tzesdpump,POPPY.png
DeepSeek AI,DEEPSEEK,SOL,6YCfzgGz64rmtrJ3KbbSBvAFYNgF9oVCYa6pEvq9qTLV,DEEPSEEK.png
BORGY,BORGY,SOL,BorGY4ub2Fz4RLboGxnuxWdZts7EKhUTB624AFmfCgX,BORGY.png
EUROe Stablecoin,EUROE,SOL,2VhjJ9WxaGC3EZFwJG9BDUs9KxKCAjQY4vgd1qxgYWVg,EUROE.png
OTSea,OTSEA,SOL,BK4axasUF9x14og6NWRb4Ur8y8je4vabL4wHoTNq6zZo,OTSEA.png
Bork,BORK,SOL,4jZXkSNgTQKCDb36ECZ6a2aNzcUniGcDeXgTdtM2HxAX,BORK.png
Bretta (Brett’s Wife),BRETTA,SOL,DXBYAw9aQheMdujaLZYnVSpKSK4n8jMS7HfLbiv5RWnS,BRETTA.png
Baked,BAKED,SOL,CQbXk942c6GPcRwtZ2WMFP5JcQ9NqbXtb8jUewBi7GoT,BAKED.png
OGLONG,OGLG,SOL,D4R5MEE6eAywxURZJzwyVPcKxrzsSCgHV3VN667LLLv4,OGLG.png
Weird Medieval Memes,WMM,SOL,9pWPUXoZKWNPWyaegPQeR3Kn8aFz9nrGtm5jeAFzpump,WMM.png
Noods,NOODS,SOL,J9KTtypTWfSp912harLxd9jGz8iwsnqGmD5Yqgoopump,NOODS.png
Onyx Arches,OXA,SOL,4ZfitzW524FUvWrGuNTg3x7d7cfCuNZzUaNEiB2BT5Lj,OXA.png
DOGEMARS,DOGEMARS,SOL,3EqTrNuCxbaQ6765nXi22w17dFgJ9oqTGxjEGd8BLhy6,DOGEMARS.png
MAI,MIMATIC,SOL,9mWRABuz2x6koTPCWiCPM49WUbcrNqGTHBV9T9k7y1o7,MIMATIC.png
Solnic,SOLNIC,SOL,DeaKMzAeZja3Mh5okZE6WUvygLP3Lfuvm6Rg78HqXTz9,SOLNIC.png
SolCard,SOLC,SOL,DLUNTKRQt7CrpqSX1naHUYoBznJ9pvMP65uCeWQgYnRK,SOLC.png
What in Tarnation?,WIT,SOL,Adq3wnAvtaXBNfy63xGV1YNkDiPKadDT469xF9uZPrqE,WIT.png
DOGE on Solana,SDOGE,SOL,BvSyXBvy76mUgzLSbvvT4NQw5rSM4P5zAsdnvqUJpump,SDOGE.png
JUSTICE FOR PEANUT,JFP,SOL,CHKzK9EbEDxaQx1aU3SrRixJPFsToURcug5uUG2ipump,JFP.png
Simon the NYC Dog Mayor,SIMON,SOL,5NmDofUfjrAydmLGRyXrbiYRDZ2LhvdEG3jLWHUTpump,SIMON.png
Asvoria,ASV,SOL,AxaTJdRuuc3626FtPWdQCMcWPH6yzgxXKWbFCZN3TMgy,ASV.png
Ustream Coin,USTREAM,SOL,5Q8RSzXAybeLYkf76mMP5a5C9ikc8y4Qq9raJqKapump,USTREAM.png
NEXEA,NEXEA,SOL,DMHR12jjZS4v295w1MebqmEuh4np6ziReN8oLJo96NEX,NEXEA.png
Bob Marley Meme,BOBMARLEY,SOL,J3Azou7x5AEpR5pTTVKjVhdfCLih2CB4jb1xwpeSseDd,BOBMARLEY.png
BaoBaoSol,BAOS,SOL,UHaVCzi4ZsGrzHhAFbokkXfaugfYbkdVME8XYaR7eKu,BAOS.png
KeyOfLife Multichain Store Of Value,KOL,SOL,BuH8Xo92NTjBUu41rsqBia9fBZavjtCNqqWMufZbUKSp,KOL.png
Solbank,SB,SOL,8twuNzMszqWeFbDErwtf4gw13E6MUS4Hsdx5mi3aqXAM,SB.png
Colle AI,COLLE,SOL,AFDzaLz3cQZNWjnWbyq2q81TLVTPbHTbfkj8qKqTk74e,COLLE.png
ORC,ORC,SOL,CzywqyWnzACqc7nphTAPHC8cb2h7ou6U9TehBrVnzJKx,ORC.png
Monkey Pox,POX,SOL,mpoxP5wyoR3eRW8L9bZjGPFtCsmX8WcqU5BHxFW1xkn,POX.png
Hawk Tuah (overhere.gg),HAWK,SOL,HAWKThXRcNL9ZGZKqgUXLm4W8tnRZ7U6MVdEepSutj34,HAWK.png
Pisces,PISCES,SOL,3JsSsmGzjWDNe9XCw2L9vznC5JU9wSqQeB6ns5pAkPeE,PISCES.png
Taurus,TAURUS,SOL,EjkkxYpfSwS6TAtKKuiJuNMMngYvumc1t1v9ZX1WJKMp,TAURUS.png
Mustard,MUSTAAAAAARD,SOL,22Xeo6diWfJrScaoVFzgkwzrCByPukK45fdwkJyrpump,MUSTAAAAAARD.png
XMoney Solana,XMONEY,SOL,5csfa95Xf8ebiCwP9joQ7mtC8KwFvnnejnYx5FbYpump,XMONEY.png
SolFun,SOLFUN,SOL,SoLFUNF2Ys2GK5Y7XBbCzSmiXPxKWPVTkvxpHYtRqfv,SOLFUN.png
canwifhat,CAN,SOL,FF4dN8Qy8NNF88HRgMA3TkbRVZ8PTXWXZCZJb59X3Sbg,CAN.png
MochiCat,MOCHICAT,SOL,EVDQN4P1YTTD1Y3eLBDBoALWnR4aMBC9y2xUYCrbGbuy,MOCHICAT.png
Agents AI,AGENT,SOL,Ag5mMdBSxm8J893RazD9PGkxWKJ5o3UKdWW4ZmJAey9w,AGENT.png
Limitless,LIMITLESS,SOL,44o1iDPGuzHxQgDrPE3HRb2WXwGLsBsY7yMttX47pump,LIMITLESS.png
DeVap AI,DVA,SOL,AUCNANizcLgv7rZ2gWkBBgyBBA7EVScjWTcPKhb94RSz,DVA.png
Puff,PUFF,SOL,G9tt98aYSznRk7jWsfuz9FnTdokxS6Brohdo9hSmjTRB,PUFF.png
Shibwifhat,SHIB,SOL,F6qoefQq4iCBLoNZ34RjEqHjHkD8vtmoRSdw9Nd55J1k,SHIB.png
SAFEMOON SOLANA,SAFEMOON,SOL,8QCdHbCchQJVtUctss7E115oFWBJggRz1L5LfQcvCeyn,SAFEMOON.png
NEXT GEN PEPE,PEPE,SOL,2Zaq3WyDJj2ZkMcuqUiTBfAXCjqZtqihxcwUdwv9dyHA,PEPE.png
Corn,CORN,SOL,DbPCbgJ7a37VgUMb17DF9vRucoL1ZuG5YrqF7y5Gf7qJ,CORN.png
BRAINROT,ROT,SOL,APoM2sXUzdRHTkUjXSsdUheX1wPPdP4HFLotmtRNMU8P,ROT.png
Clap Cat,CLAP,SOL,9b8jL2wcVjBFpieC5TUR76BDJ6sW8Eghd3fyq5VJmzir,CLAP.png
Snake of Solana,HISS,SOL,3kM6vNo8WeCd7DY3EZBjPuFQ9h8gi3Bm5T8rFPQq1WBt,HISS.png
SolForge Fusion,SFG,SOL,BLiUhfaUFbSoMVeRqq3QYTA1eJsTsB3ZDEYtUsGGQ9em,SFG.png
Trump Was Right About Everything,TWRAE,SOL,6bda6LhSpg59yQoVSvw5yQ6rd3TRcFANQPjhTLfpump,TWRAE.png
Purple Fwog,PWOG,SOL,DDDG5QJyVutQuyQ7p2hx69PM5gGYRyxrQU1fw8zDPWoG,PWOG.png
Good Morning!,GM,SOL,4aL5GLRuzsnJjJWNdXK7TPTVpGhP6PyV4ZhyQiyxpump,GM.png
Disney Sumatran Tiger,BAKSO,SOL,FqnqT1GKi8S4Gyk5wnSKvJjXW48HqGtKJt9WS4o2pump,BAKSO.png
PATCHWORK NAVAL,NAVAL,SOL,7wM4MnbsPsG95A3WhZgbrPWvMtydKmJjqKr2ZVJVpump,NAVAL.png
Sensus,SENSUS,SOL,F8tDt7QRAYicWQPK5LTh8kZR4zKJPdTiEq5dwCcVpump,SENSUS.png
Kappy,KAPPY,SOL,CEhFvMotKm3zucKUBEHVvTaxQ4e9QVPaAjSfkzFLpump,KAPPY.png
XRP ETF,XRPETF,SOL,HyBAcPFiRuWgyUYNwR3YQrQXEw7qqoRoHyGfDxz8B1Xk,XRPETF.png
JUSTICE FOR SUCHIR,SUCHIR,SOL,ByXTsen3ftsd7SsqgXpSZqrEeoMV8Smhz1vox9j6pump,SUCHIR.png
NORA,NORA,SOL,3Yie9s6iuEmk8aiXYC19xaq2iccTuFzyfKBWv6gFpump,NORA.png
OFFICIAL DOGE CAUCUS,DOGECAUCUS,SOL,A5rpfBW96Ccv2edPBs8iinCK85EANXcES9SDxjojpump,DOGECAUCUS.png
WOW MOON LAMBO PUMPPPPPPY,PUMPY,SOL,4NzK1HGD51owZUyLYcXyE42ZxqPkgRysyRdhpZaWpump,PUMPY.png
Allbridge,ABR,SOL,a11bdAAuV8iB2fu7X6AxAvDTo1QZ8FXB3kk5eecdasp,ABR.png
Rebase GG,IRL,SOL,HEmgGwgn6naqNatkU9ST2wHa4X9HRMmxE7qE8vWuV7L2,IRL.png
Harold,HAROLD,SOL,EjmDTt8G3T725eFSV7oWmGD8J848guo3LZ1EB3RfwGSw,HAROLD.png
Silver Surfer Solana,SSS,SOL,4V2Yvav9XF5gP4HmZBWwFDS6RFXeHydzMdr8DuqMKWLg,SSS.png
Rosa Inu,ROSA,SOL,6FDJbSkiySbetXaELZYaL9im8mAyCkMfHB7rtDt9p3qp,ROSA.png
Dollar,DOLLAR,SOL,5AnPDx9GposBi9jSW2dFfE5QQD3FmXbudoquMNDxpump,DOLLAR.png
Aurora,AURORA,SOL,bozdUuCb2kdipxES9PzsYHmDVrf7FBTSW3p1CFBpump,AURORA.png
Triad,TRD,SOL,t3DohmswhKk94PPbPYwA6ZKACyY3y5kbcqeQerAJjmV,TRD.png
MigMig,MIGMIG,SOL,EsQg3SiMrwzud2ziFmqnpTLR4HGisUZmqQkK4qJoVMjJ,MIGMIG.png
Doge AI Agent,DOGEAI,SOL,3wDKi2uHgZWuF888m9TarGRcY3atNwou41yPhfMk5gCn,DOGEAI.png
BunkerCoin,BUNKER,SOL,8NCievmJCg2d9Vc2TWgz2HkE6ANeSX7kwvdq5AL7pump,BUNKER.png
Cykura,CYS,SOL,BRLsMczKuaR5w9vSubF4j8HwEGGprVAyyVgS4EX7DKEg,CYS.png
Graphite Protocol,GP,SOL,31k88G5Mq7ptbRDf3AM13HAq6wRQHXHikR8hik7wPygk,GP.png
Magic Internet Money,MIM,SOL,G33s1LiUADEBLzN5jL6ocSXqrT2wsUq9W6nZ8o4k1b4L,MIM.png
Sharky,SHARK,SOL,SHARKSYJjqaNyxVfrpnBN9pjgkhwDhatnMyicWPnr1s,SHARK.png
Stonks,STONKS,SOL,8P6WDZ59qwMrTgXWaxFN5J19dGwvY2XEavCyRdA25PNm,STONKS.png
Sol Beats,BEATS,SOL,GbXdCbkSYot4VUDSWD7cduxhQ5nSYXWC3wZtv1Jov2mN,BEATS.png
Degen Chef,DCHEFSOL,SOL,Eoo3LNvzyMm5K1jfwY7PkSdxBSBgXYJJ7DERTdFBpump,DCHEFSOL.png
Janro The Rat,JANRO,SOL,6f8V8b9eG5Bhy8iVedzdrX7LyoQKk1Ag6G56XHfYpump,JANRO.png
A Fork in the Road,AFITR,SOL,83Ur4XYc5QyRNBshoW2Yu9cCLyNDV9s5krBu11JWDxxq,AFITR.png
Knot Diffie-Hellman,KNOT,SOL,7RDvypx3p9EWq4nZZKux1ZQAc7DUWXpHTVKxCCnupump,KNOT.png
Syrax AI,SYRAX,SOL,H1jJwQTgcAzUZjAKhxS8dA6FY8VZyTBxKxUyv3yCrYA1,SYRAX.png
Cerebrum,CBM,SOL,7jiDHV9wphDKcseQaVdY8v3qe5CsciCQW5Lip5DQpump,CBM.png
Satoshi Nakamoto,SATOSHI,SOL,E8Cn4QEmZSvr55ZeAJwyo2r8kAX79qzdtQdFudDaZJCV,SATOSHI.png
HOLD,EARN,SOL,8CuPzHKuZQUyYbear8fi3u6iuTY652WVZT2cHZ2yeNbE,EARN.png
Guufy,GUUFY,SOL,inLbkByUvP9WGsLfMy1w9QX5pvaab5mkvLcz48DbkmF,GUUFY.png
LUCI,LUCI,SOL,5Ke381D44MEQg3BQarWhAwhj1xbdNvXe2KHkTiZzw7r5,LUCI.png
Fart Dev,FARTDEV,SOL,DjHWV2ieWizy7upC5CqBk8XYvL3Q9g4ruZp8jiAupump,FARTDEV.png
JustAnEGG,EGG,SOL,wo1zgt8rfrYpvdVi4nidoj1SYfcR4pQx69bmNv2JLhQ,EGG.png
achi,ACHI,SOL,4rUfhWTRpjD1ECGjw1UReVhA8G63CrATuoFLRVRkkqhs,ACHI.png
OPEN Ticketing Ecosystem,OPN,SOL,J1YnyKzmxBwFkPftvZexnHTm4Am7JnmWydhxtXdwEmMv,OPN.png
Pepe of Solana,PEPE,SOL,8nQtmv1ipzUg6VrafDUy38M122DQ8vXNEGJiZtUapepe,PEPE.png
Mutant Boys Club,MBC,SOL,MBCccZZEbcvWzaHD9otPjmBMFaa6pG7XRYSw39HT5n2,MBC.png
Balls of Fate,BOF,SOL,4yCuUMPFvaqxK71CK6SZc3wmtC2PDpDN9mcBzUkepump,BOF.png
NeiroWifHat,NEIROH,SOL,BJ2ENyjuBGUQJr6CCDBcGAQNQDbayoNbDziDGrWSQQ4,NEIROH.png
Summit,SUMMIT,SOL,A3vBwL3Pd6nkBqVo87D6TLWYG4ekWuDeqCoLFeyvRMcb,SUMMIT.png
Cruze,CRUZE,SOL,4Bo121MZ4C16XEsz47MbmuyEx1CFXepUqLFDNeF9pump,CRUZE.png
Saad Boi,SAAD,SOL,BC2CWeUZZvZKniqn4MedxFh12jNjSMLke2Hp2puTXutE,SAAD.png
Starship On Solana,STSHIP,SOL,GHtLF7drbYXGTHX73uSxqPKkJUzDqcBNe2M9fzjJzr3j,STSHIP.png
SHIBONK,SBONK,SOL,H1G6sZ1WDoMmMCFqBKAbg9gkQPCo1sKQtaJWz9dHmqZr,SBONK.png
Kamala Horris,KAMA,SOL,HnKkzR1YtFbUUxM6g3iVRS2RY68KHhGV7bNdfF1GCsJB,KAMA.png
Mega Dice Casino,$DICE,SOL,Dice3uJ6AY63bKRHk5Mn24qdNLhBZJFJbaeDsTQrzBPE,$DICE.png
suwi,SUWI,SOL,ABDoiSudvFjjJ25rtXn8V2b6QGrH59KN6thAbsPvpump,SUWI.png
jerry,JERRY,SOL,G3s49agBGCXqqhLXGXFtasQgAAMPvXQifyWL5M2Wpump,JERRY.png
Gverse,GOBI,SOL,CwdjgD54hgTQChspxHhirWLQWqy3EsxtndrcpLBqpump,GOBI.png
OiiaOiia,OIIA,SOL,DU16Ea8MidPg8GcDYhCBx88THwYXSDiAXDnGA7xfe1HA,OIIA.png
Effect AI [New],EFFECT,SOL,EFFECT1A1R3Dz8Hg4q5SXKjkiPc6KDRUWQ7Czjvy4H7E,EFFECT.png
Musk AI Agent,MUSKAI,SOL,BzG6WHnoc6RpuDfjB9UuVuQZhMGnAB5sYfns3tnRkZUG,MUSKAI.png
Lifinity,LFNTY,SOL,LFNTYraetVioAPnGJht4yNg2aUZFXR776cMeN9VMjXp,LFNTY.png
doginwotah,WATER,SOL,GsTmWmZozAiqD671MYCf1Whz9FtjwaeAAjLYXEWLWF1N,WATER.png
Wifejak,WIFE,SOL,4y3oUrsJfSp431R3wJrWiaLxRPsnYtpkVJmoV2bYpBiy,WIFE.png
White Boy Summer,WBS,SOL,GJgHsc1HU4ibmzW6oWQr8L2RRT95ATc1BoNuLkp94AwU,WBS.png
Peanie,PEANIE,SOL,dekNoN3D8mXa4JHLwTbVXz8aPAyJUkk443UjcSpJKi4,PEANIE.png
LOAFCAT,LOAFCAT,SOL,LoafdJ3WSAvsrx3zppSGKA6sRvL9GrRrU1iRV7HkLkm,LOAFCAT.png
Solana ID,SOLID,SOL,SoLiDMWBct5TurG1LNcocemBK7QmTn4P33GSrRrcd2n,SOLID.png
PYRATE,PYRATE,SOL,5odbSFH3kKHFNcy6Kai7ykm7Da9B55Kk9wgy4Fh8GSfh,PYRATE.png
chAtoshI,CHATOSHI,SOL,Bhu2wBWxfWkRJ6pFn5NodnEvMCqj9DLfCU5qMvt7pump,CHATOSHI.png
JuniperFox AI,JFOX,SOL,CwrSEhcYGSN5x3GMtqhPdY3D39RbfpkmsKQcbsH7pump,JFOX.png
Elongate,ELONGATE,SOL,9VWryH3hj5Zio4PdiKHPB7Aa4s5Vd6QrP7y1uw4Spump,ELONGATE.png
Robinhood AI,HOODAI,SOL,2hNyydU5P7PxwFDRAAyBH8vRUoxwaLjFuipCh18wBhQ4,HOODAI.png
Project 32,32,SOL,HiaZB4rrRXY2pqpHqEfhiGAY1XoMjLRrJoHCcEku3232,32.png
Harry Bolz,$HARRYBOLZ,SOL,8BW7q2DY6YqVNzk5KkwRgPy2NZv5Sujf6zUUhFcFETeh,$HARRYBOLZ.png
ZARP Stablecoin,ZARP,SOL,8v8aBHR7EXFZDwaqaRjAStEcmCj6VZi5iGq1YDtyTok6,ZARP.png
A Gently Used 2001 Honda Civic,USEDCAR,SOL,9gwTegFJJErDpWJKjPfLr2g2zrE3nL1v5zpwbtsk3c6P,USEDCAR.png
Sam Bankmeme-Fried,SBF,SOL,FkbWN4dcFQym2PgCELfThghQqLuA2e2jThMJyhZjfG4M,SBF.png
WATER,$WATER,SOL,B6h248NJkAcBAkaCnji889a26tCiGXGN8cxhEJ4dX391,$WATER.png
SOL ETF,SOLETF,SOL,5ipC8wrxZR2DzPyM6Y8EFekUAd1HVoJHpXdeJ52HTrM2,SOLETF.png
Cheese,CHEESE,SOL,AbrMJWfDVRZ2EWCQ1xSCpoVeVgZNpq1U2AoYG98oRXfn,CHEESE.png
XNET Mobile,XNET,SOL,xNETbUB7cRb3AAu2pNG2pUwQcJ2BHcktfvSB8x1Pq6L,XNET.png
D.O.G.E (Solana),D.O.G.E,SOL,96zQWyTW7yPnwgiKddfcUWWoajHTmxcYDue7RYTpBWBt,D.O.G.E.png
LABUBU SOL,LABUBU,SOL,JB2wezZLdzWfnaCfHxLg193RS3Rh51ThiXxEDWQDpump,LABUBU.png
ARMY,ARMY,SOL,ARMYZt71GXq4vw4mtDs5LnEp4ZgwWKEE2CdMU3WNnFEC,ARMY.png
Yao Ming,IAOMIN,SOL,2bzZPAfSxSS27R7F4d5NzptjzEzSkXrpj6RRah63pump,IAOMIN.png
Baba,$BABA,SOL,6dEJEuFvaD8jMyotbvbMx7ixpP2frXnZCSgDexwqkE6B,$BABA.png
Lumi Finance,LUA,SOL,5Mp8mZuRpWn1t6MkZJJcpj2AyMS7kv9mvBecg6t33oH3,LUA.png
N64,N64,SOL,FzAwkijFzSga76USEpo3126GyTRmxcMDbA9TYD2PPBt5,N64.png
Melon Dog,MELON,SOL,7DGJnYfJrYiP5CKBx6wpbu8F5Ya1swdFoesuCrAKCzZc,MELON.png
Wally - Peanut's Brother,WALLY,SOL,AFy7FjjKWhQjyebp1dWoJwKUxiPwop9Y7LDFBcPYpump,WALLY.png
Minidoge (minidoge.co),MINIDOGE,SOL,JCe4cq9bqL1238wfFjfFQ316PrS2sASKkesLYEyCpump,MINIDOGE.png
DeSci AI Agent,DESCIAI,SOL,H4RLHiehZo8cwd7KntPFApsvunmBagaWjcdHZx8YFhdp,DESCIAI.png
Sage Universe,SAGE,SOL,CMe1QWsoDWFUi95GMkk7mCTnnjxBxtnJ3jbrEhQTVWL5,SAGE.png
Utherverse Xaeon,UTHR,SOL,8sdE4z8X8DZNjFSXW6fJt66339xLGmBA9Q1h8zxMpXKt,UTHR.png
Oasis Metaverse,OASIS,SOL,G5oL8AR1pd4t4xxGheZjS1DBxTBLJYsT9ukjcrKc5vJH,OASIS.png
Qwen AI Agent,QWENAI,SOL,EQ9n3VXuZu5xJsVvbZQvLRcsdjhQcaPwvziwE76RFMNh,QWENAI.png
Ratio Finance,RATIO,SOL,ratioMVg27rSZbSvBopUvsdrGUzeALUfFma61mpxc8J,RATIO.png
PepeSol,PEPE,SOL,F9CpWoyeBJfoRB8f2pBe2ZNPbPsEE76mWZWme3StsvHK,PEPE.png
Kitty AI,KITTY,SOL,8yJ15ee2AUQmwbWPxXLTTeBTzyMGn4MtSRKMqVHw1J1G,KITTY.png
JIZZUS CHRIST,JIZZUS,SOL,7vQdgLtR2Qo6MBotkKVmCKfw83fGZkFQLR3Cj6X3ZRF7,JIZZUS.png
CatGPT,CATGPT,SOL,FGf1Us3kqu9AXu2x1yWKfiKE8uSx42ACvRiUrbuAodzq,CATGPT.png
JANI,JANI,SOL,BZVZFqfUaV2uEsBU9QCcVgsLJVMy9UCcSVbryzAFpump,JANI.png
Leper,LEPER,SOL,GsEbfbyjjnYZGMSkXhoxrqTyrzdYC5AFcCisS51JEGEE,LEPER.png
Sharki,SHARKI,SOL,6U48jtR53ZK3E1MozLrpwJDTrtj74uuFhMGNzGY18YPu,SHARKI.png
Eliza Finance,DEFAI,SOL,5LGyBHMMPwzMunxhcBMn6ZWAuqoHUQmcFiboTJidFURP,DEFAI.png
DOGE TO MOON,DOGEMOON,SOL,7hjFFuavapDUHN4Qh6k3neWrNZnbXmWRLWNKHE8WLJtX,DOGEMOON.png
FTX AI Agent,FTXAI,SOL,9113SyBtA7NP86NsR52MwELdd2F5Phwym3U8aWLLg2pY,FTXAI.png
LIQ Protocol,LIQ,SOL,4wjPQJ6PrkC4dHhYghwJzGBVP78DkBzA2U3kHoFNBuhj,LIQ.png
Dog Wif Nunchucks,NINJA,SOL,G2FVt4LrYgZ9Grmy4Pb7FA7SKdLRZ38mAxTiLjex5Wsa,NINJA.png
CATWIFHAT,CIF,SOL,G3vWvAaXPHCnncnyAbq6yBRXqfRtEV3h7vExzasZeT6g,CIF.png
Croco,$CROCO,SOL,G8cEYL7MhmWAUiozQbtwrZA7N224QBXu2nDN22xfMhFA,$CROCO.png
Shitcoin (SOL),SHIT,SOL,wzpeUomX2VNiswbyYMLqYsdN4nNFZSobNs5xuR7shit,SHIT.png
World Liberty Financial (wlfi.club),WLFI,SOL,Cq1y5UdQfqf1JMFw98iEYHRXm1VY7aLxhdShxGbffp7e,WLFI.png
I MADE IT UP,SOURCE,SOL,aPig1huDbdDTR9HmJBSHK5jiHrG3o2ZThdG4xPDpump,SOURCE.png
Abi,ABI,SOL,F2w7z5sVe72SXnkj5qc48KXgXY2Pzj1fNtJXarmGpump,ABI.png
PUMP,PUMP,SOL,5oWc1d4Z6sbrH75J4jSgCCwpgpmJwkpLQbNxiP15qGAA,PUMP.png
WE LOVE ASS,ASS,SOL,CfgmB9iTWABdYh3CHQQDUGtWy18rMNAEEqyp4GrJpump,ASS.png
Ruri - Truth Terminal's Crush,RURI,SOL,DDij7Dp8updt3XSCzeHCaAoDoFTSE5Y27i2EQ9qjMQtr,RURI.png
SKAINET,SKAI,SOL,4Qur8tvJG195EXmhsuPvpa3qmMiAugtbDaoGwVGV6oJD,SKAI.png
DOGE ETF,DOGETF,SOL,9JDUJtFg5cbG3XccN5f6u77pVCA6ScyCjsN89j8LgEAE,DOGETF.png
DeepSeek R1,DEEPSEEKR1,SOL,A89RSaiH3BX5ThSNSoCLSstQm83rRXMWaNyRYGtv4Ew9,DEEPSEEKR1.png
Test,TSTS,SOL,4wMjPCB2gUHCmxSWW21L2s5uuwv2EpYDj5t7t9j4test,TSTS.png
Silly Goose,GOO,SOL,GRFKaABC518SqXMvBpAVYUZtVT3Nj4mYk7E7xU4gA5Rg,GOO.png
Red The Mal,RED,SOL,7zfnQC53eGtn2H6AxW16sGCmKnnUC8ajCwBVZwd7wtY3,RED.png
Vibing Cat,VCAT,SOL,VP9UaBXLM4KYRvyjisu65rz8BU5xNAbewU7LVmyU2x4,VCAT.png
Pnut's Sister,CHLOE,SOL,8g32ps7JWAL7EDkmBhW49dkUCHRq1Des1Hg8sPSb3ou3,CHLOE.png
GIGAGEEK,GEEK,SOL,mo35KCU9q84E7XxmiZyws45EAvTfKhmiu4y8Ms7GEEK,GEEK.png
Solana Deployer,MEMES,SOL,8W4qpyLx74vwBRewa3rVEPPVMnJ8VWMkCTWCTSYPQTDu,MEMES.png
Ore (v1),ORE,SOL,oreoN2tQbHXVaZsr3pf66A48miqcBXCDJozganhEJgz,ORE.png
Trump Shiba,TRUMPSHIBA,SOL,2ZpmY9iSdbSZVkuv64Y467FcQ5vJegbUTTMr4YJyjb2X,TRUMPSHIBA.png
Dogei,DOGEI,SOL,FqyEBJDWy1fcKH7v1SKTMPJ1fCMB9M6FGMvM6m1GDzh8,DOGEI.png
Myre,MYRE,SOL,HD1sDvk9jjUgRv6XmVYje7ghV3udzCZhotgxSortBdga,MYRE.png
xrpwifhat,$XRPWIF,SOL,87hvYXgyGZ16FCCRrhZj45t1q5fgHp7cXj3EeMdDfFxz,$XRPWIF.png
bichi mao,BICHI,SOL,3T1WmUiFqrPkUQPMR46oTX2ZGXm32jDVbWgoCNY4pump,BICHI.png
Yi Long Ma,YILONG,SOL,AcqYPc7z4M3PgTZH4v5j4G4NU6SZ28z55QGtZ4Ujpump,YILONG.png
Twiggy the water skiing squirrel,TWIGGY,SOL,nY8XuFsMqM6UTUeubekYUTvvSmX695Zb1oG5EmDpump,TWIGGY.png
BTC AI Agent,BTCAI,SOL,6g5yJKmodesxSk9rh1Rt6GmiYerPNPnUUD6E4Ra68UML,BTCAI.png
Kimi AI Agent,KIMIAI,SOL,3DmBj4CCCwWKV41WVRyaEaAqPb7CBeBbJFpyEgkW2NWw,KIMIAI.png
Solpad Finance,SOLPAD,SOL,GfJ3Vq2eSTYf1hJP6kKLE9RT6u7jF9gNszJhZwo5VPZp,SOLPAD.png
Hubble Protocol,HBB,SOL,HBB111SCo9jkCejsZfz8Ec8nH7T6THF8KEKSnvwT6XK6,HBB.png
Zoomer Coin,ZOOMER,SOL,nBZEcHSG771mRbi4y2sSgKjfDUH8jsM2Eo5fNcASLeU,ZOOMER.png
CHURRO-The Jupiter Dog,CHURRO,SOL,A3t817aK6XkhqQA148bjXKWJMhBmP9t2d9caWvQNaHQR,CHURRO.png
DogWifNoHat,NOHAT,SOL,5BKTP1cWao5dhr8tkKcfPW9mWkKtuheMEAU6nih2jSX,NOHAT.png
TMPL,TMPL,SOL,2Upvxdxu6gLELdjg1asMRgpDt322y2wcXNxnvVWoFHSa,TMPL.png
FLOOS,FLS,SOL,75DvRjTDpaEbrdUHVomdjfsiXbBi5FwNyctyUgfLooS,FLS.png
Bro the cat,BRO,SOL,33rVymHHPxfMvg4EHKBRF3h8a37cG7Et3eQWZzAkpump,BRO.png
ALP,ALP,SOL,8ThSrRA6qpkva4bGE6DNfFKnuKuCPM22Db16zS1Mpump,ALP.png
Baby Pnut,BABYPNUT,SOL,z9ysNwXCYrh4xXRyQG9ujWqxNrdcChoicoJA9ebd7iF,BABYPNUT.png
ChatGPT's Mascot,$CHATTY,SOL,9EwutmiMiLHoH5hj5aCLMDJUdsLZVg926ZmDdr8Ppump,$CHATTY.png
Crypto Czar,CZAR,SOL,DMPGmQLjdoJmCcACxbtfHP6YdurfcT9rg69Wb4d5W6Rf,CZAR.png
ELYRAI,ELYRAI,SOL,3t2LfNCAooGrQSzi45Ndg27X54TnsdbBv2So8FfrcL2k,ELYRAI.png
OpenAI Agent,OPERATOR,SOL,46Ws3CkfBRjtGumCeH3pNrmpyxPmtJgqYpr7WDeaXXoo,OPERATOR.png
GINGER GANG,GINGER,SOL,FLBtJfNcPXsUvyFhUHtsFVmSGjw4YJLSWazdcmCVpump,GINGER.png
Crypto Bro,LARRY,SOL,Bksfke6KWgpftafmbR3E9J4wHr4bBfKDrztXN6etpump,LARRY.png
HODL,HODL,SOL,EpXBP1mNofE6j55wAty4poUh4cJPQS7NWDdCD9HSpump,HODL.png
Ask AI,ASKAI,SOL,DzAQ3JdDpJzxtvM43TtXEEzvGoCUnS1hAwUsKYr3gUbr,ASKAI.png
Fronk,FRONK,SOL,5yxNbU8DgYJZNi3mPD9rs4XLh9ckXrhPjJ5VCujUWg5H,FRONK.png
Brett (SOL),BRETT,SOL,DxtssVdyYe4wWE5f5zEgx2NqtDFbVL3ABGY62WCycHWg,BRETT.png
Trump Pepe,TRUMPEPE,SOL,Fcc9VgmUHZoGewBqj7PfwagjRkLXUjUniD3wRErMm9XV,TRUMPEPE.png
Solala,SOLALA,SOL,HTPHknF5rBNCuZ1qK3muJA6Yo1HEhZj722oSESJnPBiw,SOLALA.png
HUA HUA,HUAHUA,SOL,77RBCP95AFT9XRsx4xuGUHjBQsjcatGYCZ2VXx8Epump,HUAHUA.png
GDOG,GDOG,SOL,GVmtuUyLDuXNh2gJtHgarEtpqSiwn5965fNv37VeEhk1,GDOG.png
Big Dog Fink,BINK,SOL,CeK6k4BMmiqkxkzYAbQuUp3hrVFSHxuQ1LJXmNybc3vz,BINK.png
OGCAT,OGCAT,SOL,J6xGMwreiQMcw4XtJMwNcvECV7UJM4HxUWronwPYpump,OGCAT.png
Squid Game(squidgames.info),SQUID,SOL,6sbSz8r8sqap2DERkxvDLxAHBWpLiD5LnUfiW3wQpump,SQUID.png
Kek,KEK,SOL,3HxDM7xreHuop94zzzVP39fTKLvJCwHcSYgrSf8cyg5M,KEK.png
Fart AI,FARTAI,SOL,3PMuB8gd3d1aVWT1df5LLXjW8YxKdAjeeHK96zUoFY2o,FARTAI.png
Yaku,$YAKU,SOL,AqEHVh8J2nXH9saV2ciZyYwPpqWFRfD2ffcq5Z8xxqm5,$YAKU.png
Fluxbot,FLUXB,SOL,FLUXBmPhT3Fd1EDVFdg46YREqHBeNypn1h4EbnTzWERX,FLUXB.png
Analysoor,ZERO,SOL,93RC484oMK5T9H89rzT5qiAXKHGP9jscXfFfrihNbe57,ZERO.png
Alickshundra Occasional-Cortex,AOC,SOL,GfkfESc5A4EkxCGWsymNY4ZfkCDdvtB7ajCybLfYL1Qq,AOC.png
MAGA PEPE (SOL),MAGAPEPE,SOL,2Xn4cBcrksaBMMxw8EbwuxY7iG8HUiZx1XEiCXQsGeSo,MAGAPEPE.png
Solana Classic,SCLASSIC,SOL,GrbQsodqQpReYiCw4qTGZgpXNVcGr63YhmC118fT7k6Q,SCLASSIC.png
CHEWY,CHWY,SOL,y7WrhyUxATe9xMmdQKGp2pcgZYZPie8wsZuCV1oUkcj,CHWY.png
Baby Moo Deng,BABYDENG,SOL,HpLfPx1NkMghAEVq6d2nv84LiZt4nKvGJ2aRiUFno1DX,BABYDENG.png
Baby Kekius Maximus,BABYKEKIUS,SOL,HFuGNKH2nzUD3tWJSdwrp148qMULAPaWAuSJrc2CgPfx,BABYKEKIUS.png
Dopamine App,DOPE,SOL,8Kqmghm1mkXbKYqt2wGnHxwnRdEjD9nayNKD3EanWkcD,DOPE.png
bul,BUL,SOL,8RGy4BZUEkW9dc2UEZ3QHYYdas66X63vazdZJezGJw5e,BUL.png
ZAZA,ZAZA,SOL,3QJzpi68a3CUVPGVUjYLWziGKCAvbNXmC5VFNy1ypump,ZAZA.png
Fuel,FUELX,SOL,9nD29a6TMDFHqAXS3iJ6nwLByLBS1gx2664ieQf7Zo7H,FUELX.png
MooMoo Token,MOO,SOL,JJ4QpqUYzs9LUPrF6uJKQbkA4ofSnvkwQ3RBcVLFSjd,MOO.png
Flash Technologies,FLASH,SOL,3p495oCmC4jsBrdLLny7Qm77mM62rUnQAgaBT6qNVTvg,FLASH.png
AMERICA AI Agent,AMERICAI,SOL,Hk3K1bxEyQU81NtuHWVfa9KVDjGnscX8RhwHcgTTK6V1,AMERICAI.png
Robinhood AI Agent,HOODAI,SOL,782Y6Yn84n6FNBwXcY7XFape6bjGLbdZvCgCJJ9mMtKT,HOODAI.png
Test AI Agent,TSTAI,SOL,3c2t7SxrTnzSNbpzJG9Y2TAAus8zKz2SP3oqFSkFK8tk,TSTAI.png
Squid Game (squidgametoken.vip),SQUID,SOL,SQUiDbpt993WzEa1WLUEgYJRtKxsQAKjoELH9xhMs3v,SQUID.png
AI,AI,SOL,99ouK5YUK3JPGCPX9joNtHsMU7NPpU7w91JN4kdQ97po,AI.png
Chinese Communist Dragon,FENTANYL,SOL,65Z76ENVtuTVohmGeSMVAPW7ArRoUByZspCN3Yb7k7p,FENTANYL.png
Shroomates,SHROOM,SOL,xyzR4s6H724bUq6q7MTqWxUnhi8LM5fiKKUq38h8M1P,SHROOM.png
XTV,XTV,SOL,GTTS8jkhmfWBdYyKNSgbDQeYqVkpALkP98YJRGbRbvUA,XTV.png
Caprisun Monkey,CAPRI,SOL,JD3S1oqnjG5trRTZXpLmKnS7LsKsppyFa51rPBBMWogv,CAPRI.png
WINBIT CASINO,WIN,SOL,FF71MVJYgMeGcJRjvdLUkThHupPFNvXyVPCWdq7VPsXd,WIN.png
Wif - SecondChance,WIF,SOL,21AErpiB8uSb94oQKRcwuHqyHF93njAxBSbdUrpupump,WIF.png
D.O.G.E.,D.O.G.E.,SOL,6dqC8HrXQ8cwfdCS726UrYyr93hXJ2kTg4pyTV1gcRUt,D.O.G.E..png
Uranus,URS,SOL,32jSCpTYmLze3jj9ruqtLmPPBRtag9ud5YbsJwcfRcVM,URS.png
BigFoot Town,BIGFOOT,SOL,EZy82PgXWf6MAqyDtp2BPTiMPs5To8kuYMcnJ2FSpump,BIGFOOT.png
Pnut,PNUT,SOL,7jYfnjn3jHWmUhhgfkZ9uUEKroH3Zz1BvF8RmVQHm86D,PNUT.png
Literally Me,ME,SOL,4Y47LEufvcSSSbTFojcvW4Y6x2KZXrqG2urNBSvHpump,ME.png
AVA Chiang Mai Night Safari,AVA,SOL,H1vAwYTZkL2Bq8tpS5DhC4pPJjhMLviH2ScGjuePpump,AVA.png
Quasar (quasar.social),QUASAR,SOL,E1XGEP1nk3BLxpnkWfqVnpVTA13RYzpY6Na1XD2Kpump,QUASAR.png
XRP2.0,XRP2,SOL,Hr9GVwBMBDKnMLBMvrtw8vLDZoYQrdSa2QFyCQbGJUve,XRP2.png
CasinoCoin,CSC,SOL,CSCojiafv6WLUtT2AGTHgcfnYiGoTZpGgBRwhvfuWQFY,CSC.png
EGG SOL,EGG,SOL,4ynyx6BzY2XGFgjjun9Cruj1bSRo8FLsAqNnPsW6jDsu,EGG.png
bonkwifhat,BIF,SOL,BgQ2Tj4y4YQume4guQrkK8RWB8oRQtHYtAta1tXubL1G,BIF.png
GameBoy,GBOY,SOL,GKZbA2gDzw3MoxbfRsnrJTNi5uBDrnrz9bq1pNnx6kv,GBOY.png
WHISKEY,WHISKEY,SOL,9UNqoPEXXxEnEphmyYsZYdL5dnmAUtdiKRUchpnUF5Ph,WHISKEY.png
bullish,BULLISH,SOL,DNyxufTEwqNCgGruJ4W2ue6u1RTFcH61H4sa42LGpump,BULLISH.png
Cheese,CHEESE,SOL,B1KrhWbacPi3tpjWqnsbjKQJEkp3RvWppGxNzUYBpump,CHEESE.png
Frox,FROX,SOL,AXzueZQiCjJStGPuGTYt1jyJdG7pcSwjVorWmpN9vm1i,FROX.png
Bitcoin breaking $100 in 2013,ISAAC,SOL,GTiMaW6FNPLrWNVLYk5KkLApxiHvCwbGr9KdueGypump,ISAAC.png
Built Different,BUILT,SOL,vsDLJBTQZTFcnvrosoA49Czqy9qZGu4tgjh768wpump,BUILT.png
Coinbase AI Agent,COINAI,SOL,7VQUjvzdiNQEigzhTozJaT49GkJu1scypUTDmDUp13as,COINAI.png
Famous Fox Federation,FOXY,SOL,FoXyMu5xwXre7zEoSvzViRk3nGawHUp9kUh97y2NDhcq,FOXY.png
Marvin,MARVIN,SOL,GmcjrrHrJ9v2dAYzPYVFBm2CrwLbX2ZvYzJC8Khg9E13,MARVIN.png
Monkey,MONKEY,SOL,921MoB1U7VprQfWw5D37a38LCBgB3nareT7rNffk66BG,MONKEY.png
CatWifHat,CATWIF,SOL,Avb1PBRudW7uUV9MqTUqfZ3EZTDvNkKS63W3wyPseudf,CATWIF.png
Nobiko Coin,LONG,SOL,AYABiqKuTh9Va5Aqc6AujFevHwDGmECGQiFmKW5g3K4Z,LONG.png
Tongue Cat,LUIS,SOL,5wU4tUcAbds7d5cmnGK2otHa9gbayYsD2mhz1reR6c91,LUIS.png
360 NOSCOPE INSTASWAP WALLBANG,360NS,SOL,HnQqddF6bcEZ6mim6wwrcPSUB8NFineRAos9VH9FfZ1h,360NS.png
PeiPei,PEIPEI,SOL,H4PDo8ngWwC4quPTRWfTr2HorUQ2Ep4G3JVeJHMfkZAT,PEIPEI.png
BLUE,BLUE,SOL,CWQVqTKuH1iU8zSfFfvaUXaVzLzqU1E8GYU5d6EcGBNe,BLUE.png
Fluffington,FLUFFI,SOL,6CEjCg7Jo5RV9kFSgKx66rpW19nrsCmccD2bxfwpump,FLUFFI.png
PONK,PONK,SOL,2GMEDWxPhdBicySMjUky49UHgXutxQ8SJjWyrcKPpump,PONK.png
PUGDOG,PUGDOG,SOL,7RdiyTbX5q3KKn7DsMLEamULxpHjxvf5UKSiYcKYpump,PUGDOG.png
Keyboard Cat(keycatsol.com),KEYCAT,SOL,9pPE1q9EW1bMQWbHmffrzUCfRr7S82UoxNUFfA6mAZC6,KEYCAT.png
WASSIE,WASSIE,SOL,2erZCPbQBobsFV23Z18J8aSfrV3QJ1RB8Ge9jhKjTL9m,WASSIE.png
Mini Bitcoin,MBTC,SOL,mBTCb8YxTdnp9GfUhz7v5qnNix7iFQCMDWKsUDNp3uJ,MBTC.png
WW3,WW3,SOL,7m2TUkpPZCScBhPJnGjWjbh75KkDNnwAdd7i74m8awad,WW3.png
PESHI,PESHI,SOL,5LwseQRo8fsz4S3y7jbqqe5C7tZTz5PwhXNCHj13jLBi,PESHI.png
Nyxia AI,NYXC,SOL,HrLx8MLKegpbmbmWePZiuvf3AbJNx1CJyjBwUHwicEgW,NYXC.png
Utherverse,UTHX,SOL,CZhaw3dtiDbXBLjKamco7cF1XwbQfZ2gNddN7UQhF3kD,UTHX.png
THECAT,THECAT,SOL,DRTeDJXZYYZxmq3tmgSPvLi3ef5E51cRH1KzzwXvC5M7,THECAT.png
Cyberdoge,CDOGE,SOL,FXJAdx38aXJdQd3ABAVu7fQ7Bjh9oMN92eTxszFNpump,CDOGE.png
Pnut's Dog,TUCKER,SOL,BDbhJUMgQBQ1bJTKhSS9NsxZdfaiBG6Hgp8qNKpc3YSX,TUCKER.png
LLM,LLM,SOL,DyT6mdhiAYbHPML2AVXviGVxMQbc6Z3VmPZ2MQG6pump,LLM.png
Bitcoin Kuwait,BTCQ8,SOL,2z1NwTBSXVE7Byt6Y1YkLwswirXCPkUaunmFx7M277de,BTCQ8.png
1HubAI,1HUB,SOL,1HubD1oE9D8L5FQuSBs8r8NTgL3BgMqK1nkDx6Bjch4,1HUB.png
Official Elon Meme,ELON,SOL,9M7mYSq1CGNcRAiYy8pJG895djjux7g4UVM8ZDo5pump,ELON.png
Stargate AI Agent,STARGATEAI,SOL,8aTrwd62CbGMuSkqcSyGHhEvs2joixLRvfc4diyA6WiL,STARGATEAI.png
SonarWatch,SONAR,SOL,sonarX4VtVkQemriJeLm6CKeW3GDMyiBnnAEMw1MRAE,SONAR.png
Sealwifhat,SI,SOL,Fxgdfsy1Z5Mvh53o69s2Ev6TGxtAJ1RQ5RJ5moCpKmQZ,SI.png
Kitsune,KIT,SOL,AUgdt7wjBifF9vZpde7BjU6HLroCYh4SUHYc7yhheECW,KIT.png
TRUMP CAT,TRUMPCAT,SOL,3FrSmUQQPjjdcWFWdHdoY974k2ZBwRT673eYFkhgkkWK,TRUMPCAT.png
ZEXY,ZEXY,SOL,C45EubJdjgr3FFRCZVb1yVBXxYdBjJCw1hLJoUgAXAqf,ZEXY.png
Mikawa Inu,SHIKOKU,SOL,5Jng6jkLKU1o8BNrCzTEMXMFvPjNJZTpdWR3Hq4RHJb6,SHIKOKU.png
X TRUMP,XTRUMP,SOL,8WWPUTTQpGRmB3nJ6zCrkyZEaGNKjSZangFyJRzmpump,XTRUMP.png
cat wif hat 2.0,CWH2.0,SOL,fuhfCeWhkHoAEXCZ8q5fB7tDHNGdfn7dE2v9EyS73NY,CWH2.0.png
ai16zterminalfartARCzereLLMswarm,GUDTEK,SOL,CANKciNUFnuJfWPc4jxzrPyJaR7gBpuNSyRdd6ULpump,GUDTEK.png
RawDog,RAWDOG,SOL,8E7vYfBEJzdmaBgiv3k6ERBu217ucDRrqDnusCdcvsnM,RAWDOG.png
BOBY,BOBY,SOL,9EbJs7KsoWqAoUPTtcYf1kVyvydQgoxcvcitSbcUpump,BOBY.png
HOG,HOG,SOL,13qAYdft265v36MFbFKSANKo2whvGb6s3ZhpJqQWsump,HOG.png
BiLira,TRYB,SOL,A94X2fRy3wydNShU4dRaDyap2UuoeWJGWyATtyp61WZf,TRYB.png
Flowmatic,$FM,SOL,Eh1fXbAipe4k7CYR9UMb2bbWmBcpU3HcyX3LWuRVFBLz,$FM.png
pepewifhat,PIF,SOL,8vRnnknwERunJEEDtEFoxzaxbxGnEY61FPbx8uTVKsUD,PIF.png
Andy (SOL),ANDY,SOL,93n51i8anR3ziS6kxqXEACjrvJoXpAxt3qbbo3eaRFRz,ANDY.png
DePlan,DPLN,SOL,J2LWsSXx4r3pYbJ1fwuX5Nqo7PPxjcGPpUb2zHNadWKa,DPLN.png
The Professor,LAB,SOL,2Pp6ebUvEL9YRTauUTmGTwYZKRfyQXGM9jE4S8WPDtEy,LAB.png
macho,MACHO,SOL,8zFovnzXzK9JDiftGaw7wiRxARrRtvm9Lz12vJ8CZ5ZA,MACHO.png
Didi Duck,DIDID,SOL,8E5pw1g1nQpmgVyeS1vZx8LokAZvuZgL6G1Uhr4iVbAB,DIDID.png
NGMI,NGMI,SOL,NGMiXUJbCVaa3cYggper7fZudvG6MFk6DwsnrULy65Q,NGMI.png
Baby Neiro 2024,BABYNEIRO,SOL,57WfTMNw4QNiYQvMqBMmAGNScCMYRgphyBwDkdMvKVf1,BABYNEIRO.png
NOTDOG,NOTDOG,SOL,Cm6acA7PHfktYMBa7DK9vKJb4pzHeSr5gYvz1idMRnaf,NOTDOG.png
CatCoin,CAT,SOL,9cbT3yVMt3VhkgwWkU9tSiT9YmCfPzarrSJBrmPiHui3,CAT.png
Head of D.O.G.E,VIVEK,SOL,5t3hBZDnxksnWiUu1jw42rq4b7h3VCSXUSTEojHDpump,VIVEK.png
Zenith,ZEN,SOL,3pH7FnM3yR2Jy2c6vyXmsCiNi1rjQ7gerCq2pEUHpump,ZEN.png
Qwen AI,QWEN,SOL,FR5ikstizUHASaQKkJ8dgcKqh2XMUbkcRnMLg3L9omxm,QWEN.png
SolDoge,SDOGE,SOL,8ymi88q5DtmdNTn2sPRNFkvMkszMHuLJ1e3RVdWjPa3s,SDOGE.png
VoldemortTrumpRobotnik-10Neko,ETHEREUM,SOL,2kj1MLqBPnhCTyjxT3MtJhcktJHxgR7s4EDu18khsvgj,ETHEREUM.png
NovaDEX,NVX,SOL,GtMtXoJiqSf8Gfp83cuunnDTiJTeTmv7cniVtJ6UAMWH,NVX.png
AI Dragon,CHATGPT,SOL,3J6ZAHwGvqhCYkBzeMjTBRhC56QnT7zcMPxYV4GAPjxu,CHATGPT.png
Daumenfrosch,$DAUMEN,SOL,T1oYbAejEESrZLtSAjumAXhzFqZGNxQ4kVN9vPUoxMv,$DAUMEN.png
21X,21X,SOL,6r4PCVaX4rYN9WdbXwVWAQL4djFoUaeBMsq8Cxc6NApZ,21X.png
Jail Cat,CUFF,SOL,2VYVwrwSNM8WxbFdPU4KQpZUB9FWCenFFoDqvpHQ7rZE,CUFF.png
mao,MAO,SOL,BsTRFEVZhXbBuy5fhxbttuim8iwzXqMdRCfFftDAkkeu,MAO.png
PINK - The Panther,PINK,SOL,6Wav5ysCbupDfrhnXqE94UncK2ckfJQLY5jiHRc6kvoD,PINK.png
SOL ETF,SOLETF,SOL,6cx9q9rM4PcumJu1PG1BEwHGzyHCkcUSGf9M42wro5Ho,SOLETF.png
Black Agnus,FTW,SOL,7ePhsDXkpPJs6rPM3TQScpbgonzKUPo9vuQr8GXMMGpf,FTW.png
FOMO 3D,FOMO3D.FUN,SOL,BQpGv6LVWG1JRm1NdjerNSFdChMdAULJr3x9t2Swpump,FOMO3D.FUN.png
Japanese Akita Inu,JAI,SOL,BP7YCdPC7GK9Wu28eFAMcbe5zd9j1c6q1HVadmi3pump,JAI.png
Kanye West,$YE,SOL,FtpEJAqGMMfaccSug5dK9cfLrpJnqwyHG4M8me8yTfxZ,$YE.png
HXRO,HXRO,SOL,HxhWkVpk5NS4Ltg5nij2G671CKXFRKPK8vy271Ub4uEK,HXRO.png
Candle Cat,CANDLE,SOL,6iFUKWGDksVvmnSYJUGYnsu168xstni8xJkTF7QrpPAu,CANDLE.png
Worken,WORK,SOL,9tnkusLJaycWpkzojAk5jmxkdkxBHRkFNVSsa7tPUgLb,WORK.png
TRUMP’S HAT,MAGA,SOL,AwduJQUJoSCZm5BUdhF99iZkUTUGHU34TPft8w5kNbw1,MAGA.png
Poupe,POUPE,SOL,2FuP7DR7VT5EobzarajGZHCqU5xXoEMbY2XmXoBSqk9M,POUPE.png
Curly,CURLY,SOL,4gWDfyqELKDoVv1xv3NczHEpMgWDg5kDXZMHmvsypump,CURLY.png
Percy Verence,PERCY,SOL,R4SUGQqwk8r4ZSdXniRV4UDJVspjSE4yfWWeYrLpump,PERCY.png
Pepe AI Agent,PEPEAI,SOL,4EVDa9omQgaaMxHiZukf2F3RMZfEMb1r1jacdiJrT6N8,PEPEAI.png
Robin Rug,RUG,SOL,HrevFGePRXFXXqhssyvteG6y9HU5by1MUegJ1ot5pump,RUG.png
EL SALVADOR MEME,ESM,SOL,FG9Fgc2NjiaLF7CcrsDZM9vc9ttmR84Jzw8WfuFzE4kH,ESM.png
Dino,DINO,SOL,6Y7LbYB3tfGBG6CSkyssoxdtHb77AEMTRVXe8JUJRwZ7,DINO.png
Giveth,GIV,SOL,3Xi3EhKjnKAk2KTChzybUSWcLW6eAgTHyotHH1U6sJE1,GIV.png
Seal,SEAL,SOL,3B3Zfs7eb46Re9GHWv6ccYRSBGy5EvQF2i2VXMD6tge6,SEAL.png
Donald Trump Jr.,$DTJR,SOL,7G7SMGV9nSG316ykk6iobjMZWa8GZb15Wd25kgaZGTaZ,$DTJR.png
ChatAI Token,CHATAI,SOL,DpfVseMtcwUMuMaNUgVoshxQ7Uo4Brtna3k5NaN44U1g,CHATAI.png
Matrix One,MATRIX,SOL,E1R4RF89GcKxz62DVfojxDJteLFFs8rtiXcGcrx5HbTj,MATRIX.png
Poodlana,POODL,SOL,7f7dgNNeL1RwbEd6Eao5BE8KNurTnLZnRZeVjkCGJgQD,POODL.png
Bitcat,BTCAT,SOL,3XFiHA2gexzBjqtM5Z7FjJhP6f28D2m79UihBCfkpump,BTCAT.png
todd,TODD,SOL,CK7UwtyYTo4CmBohCF9RhF6mCNDxnLMcZsCqouP9pump,TODD.png
Frog King,MAMU,SOL,3xL3v5Q6QiJseKi2R7kZqHhn3B9mK6wVHCWxUohgMY2F,MAMU.png
DUCK,DUCK,SOL,DuCkgU1FxJiMRrpP1y7ftZrjuYsk3S1TXF16CF2hPpy9,DUCK.png
OFFICIAL ELON (elonmoon.xyz),ELON,SOL,GdN6VrbMaKiXqg9nMjhD1bYh9He1PJ5JCSMjQuQNpump,ELON.png
SolTradingBot,STBOT,SOL,2x8o3hA5S5fBxCSE9hzVTf3RohcMWHqkDNKNEPuzprD5,STBOT.png
Watergate,WTG,SOL,vAnfwrzNPap4AuscDkPnriQhpVqfc5zfdhTRqytVeZ1,WTG.png
SOLAMB,SOLAMB,SOL,B4iCbe1rhMWE5VhH8nEEfgfyn3FFiNmnGahPVqw9ZBpp,SOLAMB.png
Pussy In Bio,PUSSYINBIO,SOL,E9pBR4xjscYLPqFZ4YM4gUkczqz7MHpB6dk4sfSQTnJD,PUSSYINBIO.png
Ansem's Cat,HOBBES,SOL,6n7Janary9fqzxKaJVrhL9TG2F61VbAtwUMu1YZscaQS,HOBBES.png
JizzLord,JIZZLORD,SOL,69SEPKGCzFzJLoSawb3xPfcqnZdiVm21Xu28AWZB5pzk,JIZZLORD.png
Alux Jownes,JOWNES,SOL,8m9fjYycXAFva1kScttQgsESVZT7yELhjZASqfHBuMa5,JOWNES.png
YE AI Agent,$YEAI,SOL,DvSgMGuoYzRt98z8kN96457undBTaAba8UEQ2hsTTNCN,$YEAI.png
Blocksmith Labs Forge,$FORGE,SOL,FoRGERiW7odcCBGU1bztZi16osPBHjxharvDathL5eds,$FORGE.png
Crodie,CRODIE,SOL,GvcNXdSehfNSNyhDVDj27kc459LzFqWozt9CSJywMy6r,CRODIE.png
cig,CIG,SOL,exRqAuXs967fDkymNXo4eqZEQihEubstBCXPXxwpump,CIG.png
Bloop Furpal,BLOOP,SOL,G3yaz4QgV5CeyDXgWUbjDA3StSSuPLnfgu12sWnEGWsS,BLOOP.png
earl,EARL,SOL,BjjvKX5k7gQoGRmvQAA5WMr7EkQ2cirGTSGxAznDpump,EARL.png
kittyspin,KS,SOL,72LTryHMb1m9j4NEcn673sXkFMXMmHvmB8grYcVspump,KS.png
Bueno,BUENO,SOL,BHX4SUvAcchzxd3hPr1KH4w83tzu9QdbYwjyXdK7pump,BUENO.png
Blob(belikeblob.com),BLOB,SOL,92kxUXDsBQLy5ptGxtmH9CDYd5E6ZQynzf2eFPiUpump,BLOB.png
Cat in Hoodie,HODI,SOL,HodiZE88VH3SvRYYX2fE6zYE6SsxPn9xJUMUkW1Dg6A,HODI.png
PsyOptions,PSY,SOL,PsyFiqqjiv41G7o5SMRzDJCu4psptThNR2GtfeGHfSq,PSY.png
MonkeDAO,DAOSOL,SOL,GEJpt3Wjmr628FqXxTgxMce1pLntcPV4uFi8ksxMyPQh,DAOSOL.png
KORRA,KORRA,SOL,t5cSTUSZzUAQXQKzQvhieFG4Hz4xC23z9du1Chp8gES,KORRA.png
Pigeon In Yellow Boots,PIGEON,SOL,Gv7sW9pe9khuPjCYmRUTmHNAFm8yWDJVtDVyA1DExqr4,PIGEON.png
FIGHT MAGA,FIGHTMAGA,SOL,BM9S4umaEgvSkaAFF1WTAdaBiTc8ZHniusf3QxFmqnhX,FIGHTMAGA.png
Dogefather,DOGEFATHER,SOL,3adsJXPdjW49nn8CsjcjgfnUtMYKZUU7iPjNs2YuQ4ir,DOGEFATHER.png
Degen Danny,DANNY,SOL,5NHd3MsP6dXi9r1saPkeB2DoZyXLvPiqv4n9J54Cpump,DANNY.png
Greenland,GREENLAND,SOL,2qVYNNnjpngf9xDmWXjJtV4GLfLVuKj9T3A9z1xrpump,GREENLAND.png
Deepseek AI Assistant,DEEPSEEKAI,SOL,7SyDGPqJywAxbUasqoNebcrJNsN7srPBQwwV9q3hc7vh,DEEPSEEKAI.png
Taki Games,TAKI,SOL,Taki7fi3Zicv7Du1xNAWLaf6mRK7ikdn77HeGzgwvo4,TAKI.png
Gary,GARY,SOL,8c71AvjQeKKeWRe8jtTGG1bJ2WiYXQdbjqFbUfhHgSVk,GARY.png
FOMOSolana,FOMO,SOL,Cx9oLynYgC3RrgXzin7U417hNY9D6YB1eMGw4ZMbWJgw,FOMO.png
TRUMP,TRUMP,SOL,AwRErBEFGTnohzfLeRSBH9HddQEy2oeRxnWLrbvFFh95,TRUMP.png
Touch Grass,GRASS,SOL,3T3R5KTAXgMF5KVw6v38qUfSUernCHQwYFzfVo1jdjMX,GRASS.png
TIME,$TIME,SOL,ED5wbeyAYtLM4WRGnohPxJEwniaikEFioVmJyZH6K31m,$TIME.png
Diablo IV Solana,DIABLO,SOL,3CLPGdfBTy8nPtjUfY51hND3sBM4euBYruiQtRMDEDjN,DIABLO.png
Searchpad,$SPAD,SOL,2oQTgta48NaZGheqscbZcoqLc5hHQNaC4kTZ5oxozLYH,$SPAD.png
HIO,HIO,SOL,13nMVKoBQAmed9akcUqF39G32AvQNxMCVy3YNeJo2pCv,HIO.png
Monkey Sol Inu,MSI,SOL,E3SPN9aQjT6yeCsQou5wKb5iaG68CbUE8ZnBaFBpump,MSI.png
Anime Token,ANI,SOL,BgpTantbdS8RAiUbt38gnX8FCsMZpfgxaL611nmNcLrA,ANI.png
Dogelana,DGLN,SOL,E6UU5M1z4CvSAAF99d9wRoXsasWMEXsvHrz3JQRXtm2X,DGLN.png
Gecko Coin,GECKO,SOL,6CNHDCzD5RkvBWxxyokQQNQPjFWgoHF94D7BmC73X6ZK,GECKO.png
Lyra,LYRA,SOL,D6NDaFajzv9c7qijLn3FVDr5SqQnYH5HM1XW6FbzsZuQ,LYRA.png
You Looked,CIRCLE,SOL,EkHr62PC6Y1axrLS7cR8YC4BZeW19mtHxQLCLMrf9vnq,CIRCLE.png
Baby Solana,BABYSOL,SOL,bsAwuVJMPAazbQSVpPQND69mvwftQutZhxpWqsf2BUE,BABYSOL.png
DAWKOINS,DAW,SOL,7cb67ev3jvBKaAH1tnVM8FL8WfQ96sa2TYByEXajqx8N,DAW.png
shork,SHORK,SOL,BJB5tHWAHboMAwti5AHbCNX17F3jL8ehkh4zuTUx99Zn,SHORK.png
Shinobi,NINJA,SOL,2xP43MawHfU7pwPUmvkc6AUWg4GX8xPQLTGMkSZfCEJT,NINJA.png
chipi,CHIPI,SOL,chiPiQTvkQ7oPtAD7YLQaEeHmPqXCa2wcRQdwFNneTe,CHIPI.png
Anonymous,ANON,SOL,8VJ51bdE3xorQ1zB7FEa8CsHdM4kw77xCFiCgbnL2qbT,ANON.png
Andrew Tate's Dog,G,SOL,FmqVMWXBESyu4g6FT1uz1GABKdJ4j6wbuuLFwPJtqpmu,G.png
Deebo the Bear,DEEBO,SOL,AzC1u8NPdpS6DVBs8Mv3P6egZ2AhN9KaGaY64xVMpump,DEEBO.png
XDOGE,XDOGE,SOL,FsE69cQbmXDh9RQG7kE8ocQUTj2fUx8P9hgk4xrupump,XDOGE.png
FROG,FROG,SOL,sm6LoSiRQLM28rMgcd8GtR5XBkZFMEYXgEUgwCxpump,FROG.png
Justice for Pnut and Fred,JUSTICE,SOL,DGagMywvLG3DwffZHX4eWWE6svnoJpiod3dSNBDwpump,JUSTICE.png
Test AI,TSTAI,SOL,62h71ysPRKYjsg9KWYKYQLCeGm3YCGgH3dpWiaHevbBv,TSTAI.png
StarLaunch,STARS,SOL,HCgybxq5Upy8Mccihrp7EsmwwFqYZtrHrsmsKwtGXLgW,STARS.png
Andrea Von Speed,VONSPEED,SOL,DVzrCErBzydh92bBzSJX1dKwVvb4omwhrvNz8CwRyxxV,VONSPEED.png
Banx.gg,BANX,SOL,BANXbTpN8U2cU41FjPxe2Ti37PiT5cCxLUKDQZuJeMMR,BANX.png
Taylor Swift's Cat BENJI,BENJI,SOL,CPjDhhBpwEsLygNuczKcNwBPgMeni1xLomD48x51MyYU,BENJI.png
MEWING,$MEWING,SOL,9bxaVJmUwSc71j8Z2pvUL3UAr1s5fCnwUpvYhqV9jtmw,$MEWING.png
TradeBot,TRADEBOT,SOL,GaRph5BcLZZ4sRh6EXKS6V7dicVanhcwa5iWEE6AbEYR,TRADEBOT.png
Ape.lol,APE,SOL,DF5yCVTfhVwvS1VRfHETNzEeh1n6DjAqEBs3kj9frdAr,APE.png
TOP G,TOPG,SOL,8NH3AfwkizHmbVd83SSxc2YbsFmFL4m2BeepvL6upump,TOPG.png
Safe Road Club AI,SRC,SOL,5gkd3yk3WmTEjYxiTsCXk3p8uPd9W85L5UNYNUQaheyb,SRC.png
GUANGZHOU ZOO NEW BABY PANDA,MEIZHU,SOL,7RSwX9BqJFpEh1Qz7bu97rwHE8XhwofZ3St99pH2pump,MEIZHU.png
#TRUMP,TRUMP,SOL,BTPp9tCj1PxhDjk28itYJnv75onXw8uo7KyctN1D1hoA,TRUMP.png
Baby PopCat,BABYPOPCAT,SOL,4WJkHFWx5RQuMpLtYpDGYFSj4rNJ3hJCwVXqm8Xnpump,BABYPOPCAT.png
Museum Of Memes,MOM,SOL,2YDMeite4gKusVQGAXvQPnbEXwkLKm2pUz8CTqHBpump,MOM.png
Parrot USD,PAI,SOL,Ea5SjE2Y6yvCeW5dYTn7PYMuW5ikXkvbGdcmSnXeaLjS,PAI.png
Hadeswap,HADES,SOL,BWXrrYFhT7bMHmNBFoQFWdsSgA3yXoAnMhDK6Fn1eSEn,HADES.png
CHEEPEPE,CHEEPEPE,SOL,FwBixtdcmxawRFzBNeUmzhQzaFuvv6czs5wCQuLgWWsg,CHEEPEPE.png
BluesCrypto,BLUES,SOL,8vUQxYgcJxiPgXFNeybv7Xd64QwFvvUoWvjomtPaP9WA,BLUES.png
Bog,BOG,SOL,8AFk97BkiaSXfgJS4ADQ8vqf7fcJw9nXN4KSTisby5LC,BOG.png
MX69420,MX,SOL,7bpFPJqRpb8Wn8VX9rjNLWEsccCTjKqwmJ7wMX89VAzZ,MX.png
GRANDTHEFTAUTOSOLANA,GTA,SOL,9HjsPutyGGPpxnRn4ibH1hTfPvitAY5EPvtAwGFkpump,GTA.png
Sphere AI,SPHERE,SOL,NuSvbWzz2QaqepZSyj8MhyvVv1E4W9AxnSge7G8pump,SPHERE.png
Port Finance,PORT,SOL,PoRTjZMPXb9T7dyU7tpLEZRQj7e6ssfAE62j2oQuc6y,PORT.png
CATO,CATO,SOL,5p2zjqCd1WJzAVgcEnjhb9zWDU7b9XVhFhx4usiyN7jB,CATO.png
SOLS,SOLS,SOL,Erg9C3kghTDShXho5a15v1gv62vyud6D9Mx1FV4hQjbA,SOLS.png
Solana Shib,SSHIB,SOL,6VHL2vMKgrF1YQFSv29Rs1pj9VCRK29bD11NtDqerqHA,SSHIB.png
Akita Inu,AKT,SOL,hUoehiMy279k95UeSijKkjx7RUsb676KSDgJ2i3xYbW,AKT.png
Joram Poowel,POOWEL,SOL,BHcPVARUJEV3rCAmbLgRm7QPmZotsCcHcKWwzvCSAHJi,POOWEL.png
Pambicoin,PAMBI,SOL,3TdsyqMn2sCqxEFf9B8hATCrMEW1Xh2thUTs7fpr2Rur,PAMBI.png
Perry The Platypus,PERRY,SOL,B598mEzN4gWPZN2d7xcPQ45itu4YYyLQJ22nb1mCMJ7T,PERRY.png
Bobo The Bear,BOBO,SOL,Bobo54AXWLGQWqCK6EZdrBQz4bKJXeBE9ExD1HJGbXed,BOBO.png
Baby Shiro Neko,BABYSHIRO,SOL,5Nu2hLo3ffU4fs2yVtsCvAT7ymysuYs5NSFRpvLMVSBi,BABYSHIRO.png
Molecule,MOLECULE,SOL,3QPiinFaKeBkv28boLjn9rv1ci6WEd6VXAfmNHz8XEeJ,MOLECULE.png
Kekius Maximus (kekiusmaximus.wtf),KEKIUS,SOL,HAVVqPQf4MKVjvuFVi8y7g3xkArdWQemaJPBvKmEpump,KEKIUS.png
GENZ Token,GENZ,SOL,GENZexWRRGNS2Ko5rEgGG1snRXpaa3CDDGYnhTSmE3kd,GENZ.png
Myra,MYRA,SOL,H1aN3vcvB68eaFPbMkoAss3vnfi4AhP5C2dpnrZzdBc7,MYRA.png
Pou,POU,SOL,PouWaap6bHZv1oT7T7rzRgQHTBD4nsWQRHGbB5hfDA6,POU.png
POKOMON,POKO,SOL,HMm8M1PnnFKSUFUQW7fNwjXbUM6L1YX6Lw8XboPHncvR,POKO.png
FECES,FECES,SOL,5j2shkkzascw33QpW6RRqfRkacLkn7QwwV1e7jX36nyn,FECES.png
Pepe,$PEPE,SOL,DHsPzhYsz9219sQDj6vYtQMBBHeuyXAM1RA4mjv2V9AT,$PEPE.png
Snibbu The Crab,SNIBBU,SOL,CraBDNXPbbJtfPKzmCnWt667pueqCEqSuWYaFNm8JSX8,SNIBBU.png
VODKA CAT,VODCAT,SOL,HYJVpy2KRkF8L7W5cZmFQbs8HjsLvWQCPbUUSsbptaho,VODCAT.png
Main Character Energy,MCEN,SOL,E4pa6gJTn9DTjmyDRF5rAXGG9YbXFCCUFZFxQCimpump,MCEN.png
WHY,WHY,SOL,E3Wnm5LbWizBhyxY8nfXruS3PkzeuNEKcHs6dyK8pump,WHY.png
Doge Of Grok AI,DOGEGROKAI,SOL,D8bbHwcSrkBqTJyp6MCwLokbHEFLqs6zcfE9YUDiNHhW,DOGEGROKAI.png
Coolcoin,COOL,SOL,3wNmRxyZPzDWVAydsF3VuNKCNk89A8uSo7EzTnubDJcR,COOL.png
real fast,SPEED,SOL,5Wd2ALxQfnpgQKCyH4WL9giBiiuuLuJs84CJxfQccvmN,SPEED.png
PEPE,PEPE GOLD,SOL,846XGqAnEhKFwc3QL2e5PQhSRvEbn9KspuxJ3nhY92kh,PEPE GOLD.png
TRUMP X,TRUMPX,SOL,7N57bZtQQNB92jTXR8Ym2FsJv9PvDrk3vtWtP3YFzXLQ,TRUMPX.png
Elonia Trump,ELONIA,SOL,3vVzq2eU4LtEZ1EEM7tsEVBWo32oAL57R3RequjHELoN,ELONIA.png
Turtle Pepe,TUPE,SOL,3UfknvCm4No13GHBPwNvXqJt9kroZcPv3psWswqpzixt,TUPE.png
Bolt AI,BOLTAI,SOL,6P7emJG6eErTv8KZhxRJDsFUdLxrx4eKs2td4B4npump,BOLTAI.png
Nirvana ANA,ANA,SOL,5DkzT65YJvCsZcot9L6qwkJnsBCPmKHjJz3QU7t7QeRW,ANA.png
Phauntem,PHAUNTEM,SOL,5veVHPNDsmSxDW4Abpb368wLHpo32LP3fqhfJHnkSSwo,PHAUNTEM.png
Byat,BYAT,SOL,BYATmZ7ry2pewxW3213sczJYB7ZJzPr921uvcRcJYYZQ,BYAT.png
Kermit,KERMIT,SOL,86AgpNnEbvBvqNocTrVLr4hg7gXpekp4BkjHYeHD6Nxm,KERMIT.png
MAGA DOGE,MAGADOGE,SOL,8igRQGU3C1dAMrgc5qJWbZr8Bo7zxkucQvq2eFkgZMMW,MAGADOGE.png
Barron Trump,BARRON,SOL,DoYXQNz63qc9Rx9DwK5L8E5e8zDbPctKpuHMutTT1cnU,BARRON.png
GorplesCoin,GORPLE,SOL,BorpaZo2RdiYcriLJu2GRefZdgQPmv63nA8jsVVsMV7W,GORPLE.png
CATS,CATS,SOL,ZjoXFMBWkhMjuR8xHAGDjJonx9ZdDDfcPSu6hfBenFk,CATS.png
MEN,MEN,SOL,A7uv3n1By5UNEa8UJqeCjGyLqHkMnkS1NP6K67VZBqd3,MEN.png
DNA PEPE,DNAPEPE,SOL,1bPtq23cA42PTK4d4L3NdD7oCanErTRCWTiccuMHtaX,DNAPEPE.png
PEPE DNA,PEPEDNA,SOL,5n4koaSasAfMNVq5ZTErEDo9X3iSz53pcqMhKY5UEakk,PEPEDNA.png
MetAIverse,METAIVERSE,SOL,BeJNBP3zFjeCuwde3bNS8piuQQc8ZpE5rdo2tWuJgmvf,METAIVERSE.png
GooseFX,GOFX,SOL,GFX1ZjR2P15tmrSwow6FjyDYcEkoFb4p4gJCpLBjaxHD,GOFX.png
The GM Machine,GM,SOL,3acxNNmfdKKZj9i35P4VDBFm74Ufdt8ojKWceVGynwC5,GM.png
pepecoin on SOL,PEPE,SOL,3tS6fbLh2P8tzxXuqCiHZpZhsxJpmrR3Xb9psmypnp69,PEPE.png
UpSideDownCat,USDCAT,SOL,F23fFqpRNsmWjuUrFpfM1pvoVvMSpLuN6hY978Y1JXLt,USDCAT.png
Bonk 2.0,BONK2.0,SOL,6yiDKPDbqWLGAEBkDvVg6UNrKsLsPVkLbA1TJo4KCdzP,BONK2.0.png
Hank,HANK,SOL,231Qq1ZzBRXeSmwa1HJCFrm7v5cNUhyYuz8va42vtdQY,HANK.png
Maek Amuruca Graet Agun,MAGA,SOL,TrumptpNNBEgVjDc8bnemRTNYZKhdsst9ujNAnTSHqp,MAGA.png
rexwifhat,REXHAT,SOL,AcV2T3mwLUqMiiqcsafVm35zwPQkmLrfRtaW3716Fzvi,REXHAT.png
Early Risers,EARLY,SOL,ErVrf7WrMS8Rw4b6ZkYSVR5TvMjKRMjSLH8cwT7jmbgp,EARLY.png
GOATSE,GOATSE,SOL,FKZWwdAxhAhf6kiKM5Jwk1vDjJqxxM3jdanexwS66LxM,GOATSE.png
Lapupu,LAPUPU,SOL,8PH1XWXyhvFWXWeixSbcWmfHX4uRJHQtcjnwkCgzfTkY,LAPUPU.png
Peanut the Doge,PDOGE,SOL,Gk9271TctNozLEDAhMmGW5X9giHPHNY9AEJWmWnVpump,PDOGE.png
Roscoe,CATGUY,SOL,878q23iKgdEWa1wyqg8RCgVaj8CRCsFN82qJfHbmpump,CATGUY.png
Project Hive,HGT,SOL,HGTxJQKzuMjzKkHVpRLcFHwE6ngVCJbcP35FDQtmRzhx,HGT.png
BetDuel.ai,DUEL,SOL,EovfxuA6xc5Fn6Cx7r2WgJS5PgcEWWJqmPkpNFZdpump,DUEL.png
Virus Protocol,VIRUS,SOL,7NwukWynkZap56CRwPjxde2HY7z4nFNzzVYTQ96Lpump,VIRUS.png
MOBCAT,MOB,SOL,CCTy7GuLkf9L85kGBBfmzEsRAsJNyo4dZBSG7UmKywPZ,MOB.png
Solidum RWA Token,SOLID,SOL,6asVAjccGo89Xa48WYudREmF2VJr9gkpZZZVoibtwgSq,SOLID.png
PUMP TRUMP,PUMPTRUMP,SOL,BeMqCPzbhXKzFScmTwcWwa97XHE11ANoqn1psDfJpump,PUMPTRUMP.png
Immigration Customs Enforcement,ICE,SOL,69mqWupVM29JNh5LJeBmh2xRETzYWQV26Bze6e4gpump,ICE.png
Capybara,CAPY,SOL,CAPYD6Lrm7bTZ6C7t7JvSxvpEcfKQ9YNB7kUjh6p6XBN,CAPY.png
Biao Coin,BIAO,SOL,3W52uCb8NW8ruMF9mmJX3oKiYAjdPai4633srsZFQCS6,BIAO.png
KPOP,KPOP,SOL,FfCht1iLfyWC8hcQDG4oZ8wp9uKshRJkzjWxn2kKocnH,KPOP.png
MAGA,MAGA,SOL,sfYDFZJguyF4YLZjje7qwwh41NRymFfZ3QXZbVm7Eyg,MAGA.png
Doogle,DOOGLE,SOL,F6TsRcjtLBzkdtZYqjTPVq9WtnwHMMc1WcQguEgCpump,DOOGLE.png
Rizz,RIZZ,SOL,F2WVwKFRPqE3gMKw22swL5DHgkbdwgEfvhKCoicygcWB,RIZZ.png
Donald Pump,DONALD,SOL,9Vv199SR7VKVqbJmM5LoT26ZtC9bzrmqqxE3b4dfrubX,DONALD.png
Baby Wen,BWEN,SOL,7pmuGLLYdJ2mc7chZwEJAaxuWALAYqaVqbUwzzyHcA7D,BWEN.png
Alaska,ALASKA,SOL,s3ghbbWBTtMizNJKGmeMBd1URpisoQJxuDLrheEX61g,ALASKA.png
The AI Mascot,MINTO,SOL,mintoKndyW7r1TT4356mYfQTVk4TkhVdWAJcwd4MpMR,MINTO.png
Risitas,ISSOU,SOL,6RJKsAiFiFU6g2sCeaKaT6pdQFD7ADcmhyBNRM3eP2fT,ISSOU.png
Boring Protocol,BOP,SOL,BLwTnYKqf7u4qjgZrrsKeNs2EzWkMLqVCu6j8iHyrNA3,BOP.png
Sunny Aggregator,SUNNY,SOL,SUNNYWgPQmFxe9wTZzNK7iPnJ3vYDrkgnxJRJm1s3ag,SUNNY.png
TabTrader Token,TTT,SOL,FNFKRV3V8DtA3gVJN6UshMiLGYA8izxFwkNWmJbFjmRj,TTT.png
DragonCoin,DRAGON,SOL,GiBrdw1tF8nuJxWuhTp83ULEMY9uJkYUHQUBzwfEnw5R,DRAGON.png
Pouwifhat,POU,SOL,F9Jt81i9smJWJf7kvwGZizW452boKAgw9RUJ3G9aXGCG,POU.png
The Bitcoin Killa,KILLA,SOL,BPUDuDxG2xyeKyDQ3bqDyPvTmCjXado5ETcGKV1wKhhC,KILLA.png
SolEye - OFFCHAIN TRACKER,EYE,SOL,74Eyos32V2B6ineYgAcRMZsiDpz65z7sXHq7D5MSMYgF,EYE.png
Miharu The Smiling Dolphin,$MIHARU,SOL,2eCVVZ4tomqn4eyuA9Gh5PSKrjNXGwgMhPALGtAkpump,$MIHARU.png
Super President Trump 47,TRUMP47,SOL,HUmZBfWc5VqWPPiQ9tCjCLjMao2PDXCYQoY3vcB8pump,TRUMP47.png
BLUE BUTT CHEESE,BBC,SOL,CmAtKbUSM2HErtaQmonrxiV7qXo3mDganWw9KEimbutt,BBC.png
Night Fury,FURY,SOL,CrSDXdbSXdAV8kr32X7TzVfYtz8K4SjqFoozgS3kmUES,FURY.png
DNA 2.0,DNA,SOL,GrQ4UPxrC83QvxW5T6yDATVMEqAYuySGZf5FjL9cBCst,DNA.png
Aldrin,RIN,SOL,E5ndSkaB17Dm7CsD22dvcjfrYSDLCxFcMd6z8ddCk5wp,RIN.png
Mean DAO,MEAN,SOL,MEANeD3XDdUmNMsRGjASkSWdC8prLYsoRJ61pPeHctD,MEAN.png
WOOP,WOOP,SOL,A3HyGZqe451CBesNqieNPfJ4A9Mu332ui8ni6dobVSLB,WOOP.png
MAGA (Solana),MAGA,SOL,ALe5WhLpdcg3qVcFiAEBor2PALFa5hwfCc55SccsxSiz,MAGA.png
Yikes Dog,YIKES,SOL,Ce3dRaePi2PrcsHb45i8qcaeCpHacvjXbbzo2DTPfX8z,YIKES.png
Wolf Of Solana,WOS,SOL,8TfYk26pFxnaCmZbjoSMCzktDU16H5CgZ1Z9eTnB12MR,WOS.png
Memes Make It Possible,MMIP,SOL,Ccgfe34o6auHHBGgtZp2RRcScxxJgbEhQUAzNieE1cX7,MMIP.png
Crosswalk,CSW,SOL,AZGFPtxBRbnZtXw4hgQF4BuSmWK3EhUg8omdUA9DEL3Y,CSW.png
TRUMP AI,TRAIMP,SOL,TrUPjEqGpUph6sMJX8C3yYja9u4RcVUGTCkGG4xLrjG,TRAIMP.png
shoki,SOK,SOL,55KDFPScqeshiKrRENKvncD238n3k1SZqLd7ne1Upump,SOK.png
Chinau,CHINAU,SOL,CkAtD6EBUjryNJfX9Y9MxC4VKoXUrZG5Xep7juDPj3aY,CHINAU.png
ChikinCoin,CKC,SOL,8s9FCz99Wcr3dHpiauFRi6bLXzshXfcGTfgQE7UEopVx,CKC.png
PocketPay,PAY,SOL,GRCbqUpu1YEMbfzyVo6xma6TqZtXAr9TNSMukZzkpSdc,PAY.png
ARB Protocol,ARB,SOL,9tzZzEHsKnwFL1A3DyFJwj36KnZj3gZ7g4srWp9YTEoh,ARB.png
Solana Beach,SOLANA,SOL,Ho2FQgg65oM1zpYuEnC8fULpBnWtqRCTrXRP56AeyCci,SOLANA.png
Wall Street Baby,WSB,SOL,7zBbQAPGgoKvqcK74Yua8qGwEkEjAZxUPb5m3kKvvHyF,WSB.png
dark boden,DOBEN,SOL,EaiD1TvwaFavVTi9eroMDcovp1ok1dpRpbrKJmzeHfXM,DOBEN.png
Pickle Rick,PRICK,SOL,6zoshtkmyX4kRFg3p152yV2bPssxeYdNvW3c6EVCE4UP,PRICK.png
Wood Wide Web,WWW,SOL,45A2W6WEkQGkLpawnkkDhgNMKkTs3oYHrabxfUzppump,WWW.png
BTCMOON,BTCMOON,SOL,9edSBaog96toUDLhQUHE6adN5LeMU8vMfMkKnigdHWAx,BTCMOON.png
TRUMP AI AGENT,TRUMPAI,SOL,3PxFw8o399m8rczVBB7pSN4EqM2GwQwsU3Wc6pQDdeLV,TRUMPAI.png
Simpson AI Agent,SIMPSONAI,SOL,7p6rKTDSAhGzD7JPTf3EQSjMdy7KKjcXEQVnFetebdkY,SIMPSONAI.png
Grand Theft Ape,GTA,SOL,3RW1J4zrwWfMjyxyY1iWseH3L6AcxFU5AmwY6tCApump,GTA.png
New World Order,STATE,SOL,2Ar2n5DJSiQuMhY4XeSzg7C5AGMezZPoLUt98VmmjsAR,STATE.png
Voodoo Token,LDZ,SOL,E5ZVeBMazQAYq4UEiSNRLxfMeRds9SKL31yPan7j5GJK,LDZ.png
Monku,MONKU,SOL,FJ1DHFFHvW4UFNELFu6VonuAvaMK3Ch58LUMqsNqLnwk,MONKU.png
DONT SELL YOUR F#CKING BITCOIN,BITCOIN,SOL,RrUiMy3j9bzhgBJpXCqpF33vfrGD5Y9qAfbBVbRMkQv,BITCOIN.png
Chuan Pu,CHUANPU,SOL,4gBDhgCqTtzyJocskewXARgcLoAfSxkmmoUwwfhbpump,CHUANPU.png
Donald Trump (dont.cash),DONT,SOL,4pFEDnyi2PJtQrTuvpKg6wVB15N8qWPS7HBWxGMjEpcS,DONT.png
Size,SIZE,SOL,HqLRjru6pD6GFGnQ7TwSSGQRuPhF8UZNey9T4yCsZzuq,SIZE.png
Stratton Oakmont,$OAKMONT,SOL,32i3VKoMrkY1sszZSsYF3o6zejiiTs1xh5jgqMHDpump,$OAKMONT.png
Ozempic,OZEMPIC,SOL,4ytbgkbVSjpWdQfn8ogsxgYxKPbR1JyPQ9KP1R5dUYF3,OZEMPIC.png
Doge Matrix,DOGE M,SOL,6TUBpChomxDdCq7VUDB5TGebVPLSC4KAHS2hfGAoN945,DOGE M.png
DUKE COIN,DUKE,SOL,AUdvAZm7ScT7S1z5frV7awvmwi4P3WVNcJsbq7spump,DUKE.png
Dagestan And Forget,DAGESTAN,SOL,6kjvq4ww7nAhyTZzYAE6p3M7fa7JvYnuqA7NjXyepump,DAGESTAN.png
CoreStarter,CSTR,SOL,G7uYedVqFy97mzjygebnmmaMUVxWHFhNZotY6Zzsprvf,CSTR.png
Konstellation Network,DARC,SOL,CpFE715P5DnDoJj9FbCRcuyHHeTXNdRnvzNkHvq1o23U,DARC.png
Wolf Wif,BALLZ,SOL,9ZMEz6nmr4RWs92ASFKxFGfKpWw8cbUp2ZP3EhdqwWPr,BALLZ.png
BOBO,BOBO,SOL,ArRRiz4XsPbLXNCUWb2dqE85hPxD4MtMhec5jaJMcW5R,BOBO.png
Wenwifhat,WHY,SOL,WHYoaBumcmxCqw38y2mjs4cVkCBgwiDizbMVvcejmGT,WHY.png
Wall Street Bets Solana,WSBS,SOL,5RDHUiwLChkKfusxeu9kEDUtRfxsDWV8etoopnZMwVM7,WSBS.png
YUGE COIN,YUGE,SOL,Fpc2tnmme78kjsttyuSjfUfgB14vk15a3P13P9zZYvov,YUGE.png
Pedro The Raccoon,PEDRO,SOL,9SiKU8vnRiBYQSBff84K5zwG7habzwYVzn7KrtgCzNfg,PEDRO.png
PAPA Trump,PPT,SOL,Fb2DefbdjKFPfmTnq4xnuZ9xdtVyXGsEAetoFmGLZQcc,PPT.png
FIGHT PEPE,FIGHTPEPE,SOL,F2tGnzceCVtibyxANRw1q5ESmTcQb9tcfvKGmpYi6V3p,FIGHTPEPE.png
TIDDIES,TIDDIES,SOL,Tits9Uun3QfwHyQJpJ3rotksJFCWWFs5t6Sy5ksyiyK,TIDDIES.png
WUKONG,WUKONG,SOL,6kTSgmhURLSzx9V7bjGkYz6qb5Cc7BX4DDXL89Frb2jP,WUKONG.png
King of memes,ELON,SOL,9zbeLfmSuhHKEVhjAaraPbYV46fybjmXdTE6Fzt3zDHc,ELON.png
Baby Solana,BABYSOL,SOL,54meDtup2K7pqyhUK24AymoLzMPtrkhNTbEzQ6gSpump,BABYSOL.png
Kekius Maximus (kekius.site),KEK,SOL,TEUtukrJ7ZuFHJ4cmdJvHBL6P7ycKag5huRzWB3oYEu,KEK.png
Chai,CHAI,SOL,GD8BrrhfDz2HLupx5HohuLNj5Kbc9vDwCyWE5z4bpump,CHAI.png
First Crypto President,FCP,SOL,ix6yKSNAFZwxAigWDnYcCNW5kqUAgSmVwysx1MKpump,FCP.png
LIFE,LIFE,SOL,1FPs2RTXvLzW9r9MgRYfGgNJt4wcDUc3FpMeRpQLVLS,LIFE.png
Colana,COL,SOL,B4cYZYVYeHgLc3W1pCduCYkoS75G6roPaPdPoBCFweNJ,COL.png
Solice,SLC,SOL,METAmTMXwdb8gYzyCPfXXFmZZw4rUsXX58PNsDg7zjL,SLC.png
Aevum,AEVUM,SOL,EsirN3orp85uyvZyDrZnbe9cyo7N1114ynLFdwMPCQce,AEVUM.png
Chinu,CHINU,SOL,FLrgwxXaX8q8ECF18weDf3PLAYorXST5orpY34d8jfbm,CHINU.png
CHUCHU,CHUCHU,SOL,ELST1oAp3czkRRRWGeTgttGsEqkD2qjDRJXR4Asmkk5y,CHUCHU.png
MooCat,MOOCAT,SOL,2Crpmvk14W1tzqLJ4QGc6KSkzHDju93jcqYq6kSs4BGi,MOOCAT.png
sonic,SONIC,SOL,72h2cpj8YU7aUJW3NFMjxfqGTh6hXnUrovMC4gKqyFPM,SONIC.png
MAGA SHIB,MAGASHIB,SOL,2ZRsj42U3Pt5dSfKbizp3HVygCEsLijwYBepKUMqvCxW,MAGASHIB.png
Giga Cat(gigacat.cat),GCAT,SOL,GiGa7QnSKruj3kwPSMdD2aRVpZcmhnE4NubtYM7PdYYE,GCAT.png
BTC 70000,BTC70000,SOL,9MrLcZzCXXsH8UX1J6jDJac1ENkCZYuiqzFSishrCqwc,BTC70000.png
DOGE PRESIDENT,DOGEPR,SOL,EW2vdANaS3Xj5P836au1hU1yvUUVycxiKDphbZgmxaXk,DOGEPR.png
Doug The Pug,PUG,SOL,DougBw1NETa34rnegWn3hTPCwHxSGfTqnj7RoAJuin85,PUG.png
Real Smurf Cat - шайлушай,SMURF,SOL,EArkn8uVf8YLfpF2eCdkCvDaPYpQuJzKXxaCnyxXc2P7,SMURF.png
babydogwifhat,BABYWIF,SOL,9ceEjz32cv8jBcqsppgjrryiE2tor7PCm7j9mYk8gzTk,BABYWIF.png
MOGGO,MOGGO,SOL,FbtRb4zF2u52FSnjLB79yRg73hbMVgSw9rC897shqzb4,MOGGO.png
DICAPRIO CHEERS,CHEERS,SOL,7rx8j3xEbQSrJUdrp3x3VxUT6qGPM1KQR6d4UuW8tdwU,CHEERS.png
Pepe on Sol,PEPE,SOL,ox698TZsZAN2miNQj1FQb48A58FZ546c4sWqq9Y9vmU,PEPE.png
United Africa Shilling,UAS,SOL,3F48CMewXmhAr8nWnhTrb9EPBv7UhAW2rWs5AM5D4o1o,UAS.png
Moshi,MOSHI,SOL,7U7FZaLfJTt2pN9Canp1Njt3vbz6eiqHbxn2bpmEwtYB,MOSHI.png
TabMan,TAB,SOL,CqMLnuQ8bVSiak5crmhA3PCrwwtKi7R5VzcxJDKArfYN,TAB.png
Daddy Chill,DADDYCHILL,SOL,APfYrsmioST7R2pdBLfTWi9f1gmgrtDAvJJnUnMWpump,DADDYCHILL.png
LIQUIDATED,LIQQ,SOL,BoisYJqhMhgpD5291J6HRC3u1jeDkF8uSLyFy3fKb5o5,LIQQ.png
SwissRx Coin,SWRX,SOL,CXE4v9wTW9ytRAyEnotJuvLUu2d8ifaGNKJ2ynXyurXD,SWRX.png
Arcana AI,A2I,SOL,4sGgD7ZSiZ5wmvyMCJjDbptaq2UKKUW487tWCFrhpump,A2I.png
Sentre Protocol,SNTR,SOL,SENBBKVCM7homnf5RX9zqpf1GFe935hnbU4uVzY1Y6M,SNTR.png
BONKLANA,BOK,SOL,88tmABf1s3A6jbLD2yLR1tgbGjz68fz3EDrbeSB1JPPc,BOK.png
Family,FAM,SOL,7njsg9BA1xvXX9DNpe5fERHK4zb7MbCHKZ6zsx5k3adr,FAM.png
SHARE,SHARE,SOL,E6Eg7Esj5tfSwkbDGdrzhrotqptv7ghJNarLZ9rbHDSG,SHARE.png
PEPE MAGA,PEPEMAGA,SOL,F6EzAYsWQb53Zr2VEiU3EefCwydmhkJ5pn2RNxUJ6mGf,PEPEMAGA.png
Kennedy Coin,BOBBY,SOL,4geJykZY92d2mZk8zgWDrKoz4BDcSjp7DJdNvH8GoH5f,BOBBY.png
Solana Poker,PLAY,SOL,EvEFaj8bU5vNa4jc15GgRQrVMqu7Wzf9Kz6aKn3yeB1z,PLAY.png
PETE,PETE,SOL,HYrfJk22CuVFJKF6pFw6knS6jcNdYGYbCjrgEDued97P,PETE.png
McToken,TOKE,SOL,AmgUMQeqW8H74trc8UkKjzZWtxBdpS496wh4GLy2mCpo,TOKE.png
Intern,INTERN,SOL,FPKcUb2ujG5n3Dmy6HZ1ZJSvNszvmeL243655pqfomo,INTERN.png
Lunar Snake Coin,SNAKE2025,SOL,5DXrzEo4aGgtZRqDxFDcsp95hCakAJKi642gerppump,SNAKE2025.png
momo,$MOMO,SOL,3cM55ipDiXN3Pe8sTxnmtjcfwE3fKnyQj9ZXAgM1Ng1H,$MOMO.png
OFFICIAL MUSK (crypto-altcoins.com),MUSK,SOL,CizD2cPCTNJezkbnrkK5pxsPP9XocotSLEq5fvLW6TRY,MUSK.png
Nitro,NITRO,SOL,7m3g7x9a8NyCiPWWKUhX1S2LXVuiJfVxKYqvJYsRpump,NITRO.png
Grape Network,GRAPE,SOL,8upjSpvjcdpuzhfR1zriwg5NXkwDruejqNE9WNbPRtyA,GRAPE.png
Multi AI,MAI,SOL,CdvCJJQHeU7qzpDWsRjR2E1Vp7GoQfBtg4joR9yprR5Z,MAI.png
elizabath whoren,WHOREN,SOL,EF23Avq2cTPnMVTfHacZ3SG5Z8misHmFA2gbt2rKqiYH,WHOREN.png
GPU Inu,GPUINU,SOL,6AjB9gafah5aBBsogmxmLyeQkrRDejKzxETxJzRRKF1H,GPUINU.png
Solbook,BOOK,SOL,4nFwuKievw5wcpcXtUDdfxWLyXsEdvgkpENzC9M9Y5me,BOOK.png
Ligma Node,LIGMA,SOL,node3SHFNF7h6N9jbztfVcXrZcvAJdns1xAV8CbYFLG,LIGMA.png
coynbayse,$BAYSE,SOL,9DgMYGtyeNzGchoSJWLZsueyTYa3v9bSpkzzfRhYJKDo,$BAYSE.png
SolGPT,GPT,SOL,Eyhi3qZCW1hNgsLtv1geaeDgZJmRFCpEtbjABWfGcGx5,GPT.png
DollarMoon (Solana),DMOON,SOL,9fWeqjzb7xG93T9FPaWggTecvyZZDTXc7VgzNWkisqm4,DMOON.png
MoonTrump,TRUMP,SOL,BqhNdGtS1Nqtzi2MvZ7G8NN1vRuHZ12UpHGJKe71e1JT,TRUMP.png
Chinese Ponkei the Original,PONKEI,SOL,F7A8759EzWs9c4z8xyhwdtATU4jjzTU6VTQ6zHcwXyh2,PONKEI.png
Save,SAVE,SOL,SAVEaeeqeXNKYb4Lyx28DkUms5gyZ76vGa6fCfdzWfK,SAVE.png
Kekius Maximus (kekius.club),$KEKIUS,SOL,G1X4QgjRcRqAxUAGT5Jej9FMy9NdW6wUCy4wNy9ihCEC,$KEKIUS.png
Potato,POTATO,SOL,GEYrotdkRitGUK5UMv3aMttEhVAZLhRJMcG82zKYsaWB,POTATO.png
BURRRD,BURRRD,SOL,F8qtcT3qnwQ24CHksuRrSELtm5k9ob8j64xAzj3JjsMs,BURRRD.png
Hunter Biden's Laptop,$LAPTOP,SOL,HLwEJQVzs7SvjXuXpBTRHaLp5S6uWoWTUhLjJxBfy1c7,$LAPTOP.png
LICKGOAT,LICK,SOL,AKKasEPSAXaf9BRwyJTuU2TczYq6yUwj2FAk7U5b8cPZ,LICK.png
BLACK COQINU,BCOQ,SOL,coqRkaaKeUygDPhuS3mrmrj6DiHjeQJc2rFbT2YfxWn,BCOQ.png
Palmy,PALMY,SOL,AdkfUZw9qqRwjDZSVr2imbNo8vhY8BDkkBa8YUDT5Djp,PALMY.png
Bonk of America,BONKFA,SOL,DoxsC4PpVHiUxCKYeKSkPXVVVSJYzidZZJxW4XCFF2t,BONKFA.png
One Punch Man,$SAITAMA,SOL,CVRwdbkwSube1ifeNLFDdZSTmVEnLcyDuKXTdaZX1ua5,$SAITAMA.png
My Dog Is The DEV,DEV,SOL,ASNoTS4cYopuUbmDMWM4AU9xdCQnb5zPe3gBWfTUsLTE,DEV.png
Simon's Baby Cat,SCAT,SOL,2NNkCSrbQtrc9tgEJHt4MQUH3ySaxTRAAXt9cUgCkycB,SCAT.png
China Coin,CHINA,SOL,HyygAbRmqLzMbHsmy4Bu3HV8bqS9F77ZoZZKF1kopump,CHINA.png
Bamboo Coin,BMBO,SOL,5sM9xxcBTM9rWza6nEgq2cShA87JjTBx1Cu82LjgmaEg,BMBO.png
HairyPotheadTrempSanic69Inu,SOLANA,SOL,6kF8f6nH1QH9yV3gFy9PACh2pNH1s48FTEmo79S9rxZN,SOLANA.png
DogWithCap,WIC,SOL,3S2rq1PpUbHkLP1WrFbupiqo2U4cvk58BziaEpw7umQC,WIC.png
Giggleched,CHED,SOL,12mcpYL84oMi8Hiinyjuv2Zq3F47tLLxjw1THLcAdKT2,CHED.png
Maganomics On Solana,MAGANOMICS,SOL,7cKGuG5qrHs1WWyq634yMYCkag5NZqqoef7QsSXdKLFR,MAGANOMICS.png
OP_CAT(BIP-420),OPCAT,SOL,E9v9VXWfTHcKQ8dACpHjsnP86XDfT6J72YXZrJgDpump,OPCAT.png
MONGY,MONGY,SOL,FsBPYiGZ4bhUxVSPP7XPJYfTPm5PsLJc2WGZaFaDpump,MONGY.png
LamaSol,LASOL,SOL,8C6QBdc6uHzYr9HymMPfzMPbLr5zR9dXRAf13nNbHKxd,LASOL.png
World Liberty Financial (wlfimoon.club),WLFI,SOL,HSWB9CmZWMpAV6ZE6awghQxC3i1Qf2xy7AHN9c1JCQeD,WLFI.png
HOOT,HOOT,SOL,HootvhN1jGXQk8APL2fD1StHqu9eWZJbMmfdutf9hnLV,HOOT.png
OKANE,OKANE,SOL,H7N54K1TjCgRtRLanZaPaDczdKFBTAiA4grvcVuArQzr,OKANE.png
Marsik,MARSIK,SOL,EbHPTDaSXfMPP2fUvikR8bSpZDEQxejGCFXeJMr6agzo,MARSIK.png
Pepe's Cat,PAT,SOL,FchXquY7jRGm85eaSoMtsJuUFZJPQEvcW2sC3AH6pump,PAT.png
Panda Coin,PANDA,SOL,Aw8qLRHGhMcKq7rxs5XBNCd9oe3BvoAhpNMVz7AdGmty,PANDA.png
RunNode,RUN,SOL,6F9XriABHfWhit6zmMUYAQBSy6XK5VF1cHXuW5LDpRtC,RUN.png
Mad Bears Club,MBC,SOL,Ee1pKgTQmP5xjYQs76HmRM2c2YkqEdc9tk5mQbiGFigT,MBC.png
Homer Simpson(Solana),HOMER,SOL,DbDzhx2YaSiRs1SmE3WoTgSUzUCMKWvLRRHQ8C3WjqVH,HOMER.png
yotoshi,YOTO,SOL,7SdFACfxmg2eetZEhEYZhsNMVAu84USVtfJ64jFDCg9Y,YOTO.png
Lunar New Year,LUNAR,SOL,D6Zn8h29QFavEFwpsgRNGGmoHEv6XfDWGiy8QbUsWmnv,LUNAR.png
Ponzi,PONZI,SOL,9ZoH3ssTQBJNVidsLo49q3buDidreiZc9g3NeETP3F2s,PONZI.png
RoaringPepe,RPEPE,SOL,8jnGePqBBq1KQfPvqA7zAZySiFTyy8tv2zA8u6nHhsdo,RPEPE.png
Peon,PEON,SOL,6nuRhX1xhJyEB9eLkeAYyN3w5dt6ji9bJK4SqsWnHx8D,PEON.png
Solympics,SOLYMPICS,SOL,9g5UvB8iR7Fe9VekHXytWTAXTHgY9Gem9g2x3SBCvRs7,SOLYMPICS.png
World Liberty Financial (wlfi.site),WLFI,SOL,3uRtURdYNfQ73BpQQuvb2j4eiPghW2azpNk2kL7GqMoB,WLFI.png
TruthFi (TruthFiDJT),TRUTHFI,SOL,FF8EVsydF5TGjRFmnpWsNQSEfVBeQjmMmSpWW3d56ab4,TRUTHFI.png
XRP PEANUT,XRPUT,SOL,5hWP5LAkB2FWm5uJh4t4oER9F83QXXAuNWmW4jfS3bNT,XRPUT.png
Ninja Protocol,NINJA,SOL,FgX1WD9WzMU3yLwXaFSarPfkgzjLb2DZCqmkx9ExpuvJ,NINJA.png
Snakes Game,SNAKES,SOL,FuvFLtx68uGjhr4GWET8JTskC7s3R7MM4Feg8toyzFvf,SNAKES.png
Elumia Krystal Shards,EKS,SOL,EKSzNohjvyiDgX4t6YAQMnhcdz4Mh5ujDt3j2Faq1oVz,EKS.png
Tanox,LTX,SOL,LTXH7nCGXz5TBZ57H8oZu7YwmDSVfSqWViW4B28yg8X,LTX.png
Solsponge,SOLSPONGE,SOL,39acNhhTivK94u7JKcFBtzv9nboZTeL6DzBYkATqqMGQ,SOLSPONGE.png
batcat,BTC,SOL,EtBc6gkCvsB9c6f5wSbwG8wPjRqXMB5euptK6bqG1R4X,BTC.png
World Liberty Financial (wlfimoon.xyz),WLFI,SOL,9HKkpPw4XYYtcowiCp2mskfRcamNB6b6fXMGKykETQQ,WLFI.png
DIDDY,DIDDY,SOL,5PQ9K3NA7Hf8ZYwB5TuUfMiD9mNzd8P1S1fkc8rmpump,DIDDY.png
Singularity's Child gonzoai,CHILD AI,SOL,EYrci5wDqErWHXjKPLxeWtbXq36JcFKzCC7JoMi1pump,CHILD AI.png
Trump Coin,TCOIN,SOL,5TA8AL8KQfSKcNEo3KMKPSg3QRwbxC3pEABSaqfFiWMb,TCOIN.png
World of Rewards,WOR,SOL,WoRQ2Miu6P9wuPpPxLrhmgvMhnLoStpzh9Vy1Tu3gqM,WOR.png
Enzyme,ENZYME,SOL,6Kfe9jVfgKxUgFvnvpsNqarLAR3TCfQ2Rg1KFQMcwut9,ENZYME.png
Kai Meme,KAI,SOL,3qGcHmfgE7j7izy2z6VWAPENSVzFhqeaG4mFJrVw4FN4,KAI.png
Block,BLOCK,SOL,2zwuFv4tzMrJMA3Gq5nNH3i4ojWPtCkjmGzTMXe4RpMc,BLOCK.png
Silly Duck,DUCK,SOL,A2PRwGdS4ho2WGfb2gbWFTXoVGoDBhLEhJ14bGouqbyZ,DUCK.png
CEILING CAT,CEICAT,SOL,8PMJczfs9W8TDKiNBD85AuqxE8tWACCDeUwxpUeadL3j,CEICAT.png
Muzki,MUZKI,SOL,C1kzNkFfgdtP8VF1pFYA4S32RLPqk5KPaurCaQJwxfWb,MUZKI.png
Buttercat,BUTT,SOL,3dCCbYca3jSgRdDiMEeV5e3YKNzsZAp3ZVfzUsbb4be4,BUTT.png
Bwull,BWULL,SOL,ke7MBNmmhXDegLgAbaVboquYiPYb1SagGpSazDapump,BWULL.png
MAGNET6900,MAGNET6900,SOL,3im75zkgSaSwnEBEe4DiCSKUkKGKbWADyGEW4teZEmha,MAGNET6900.png
World Liberty Financial (wlfi.space),WLFI,SOL,DqRAkLs2DquKDXSqU6XpTeYJyrZn9FZNwmhXG2GXdrYQ,WLFI.png
Lio,LIO,SOL,LionjmhzrzhkxPa4zeWmveQ6GiwmSspeBjmGDxb2mk8,LIO.png
SadCat,SAD,SOL,HS297WZTnktHXk5DDtaWVQ2AKS4HsJ2CfYTLYVRapWpK,SAD.png
Boss US,BOSSUS,SOL,AQCXMYphwzGDctWJC7iJ5FbfyTfpW5HJe1dub54cnRfm,BOSSUS.png
Astheria,HERIA,SOL,HzN6MGRCi4QMpAeqvKnqsDDodAq2LWNdxSkPHnCpump,HERIA.png
Immunity,IMMUNITY,SOL,BN54km66zD7H46Vfk1EQPwZPvFfAnmp2TP2F2vCZqC6Y,IMMUNITY.png
DePIN AI Agent,DEPINAI,SOL,6Rboq9WyyXErA99JYPfzqfxiUjK6G6wYxQXXeotHBPdg,DEPINAI.png
The Year Of The Snake,2025,SOL,9RDKFJaqv9N8yrvJPD5hRPFCpskv2hFc6CZs7roppump,2025.png
jelly ai agent,JELLYAI,SOL,9837PRyhYae6zTgK6c31sBA1tejH2xye51q7Ue5FTPnu,JELLYAI.png
Ethereum Meta,ETHM,SOL,EsUEnK3Z26CTCGvFFZb2wLVgUSkYWdKyhZZeBq9P6rz9,ETHM.png
Solberg,SLB,SOL,2uRFEWRBQLEKpLmF8mohFZGDcFQmrkQEEZmHQvMUBvY7,SLB.png
Degen (SOL),DEGEN,SOL,5SuHxgTNE8cbCoK4gfQ7LxpiKgrkENVEQmq78FoAr6La,DEGEN.png
SolFarm,SFARM,SOL,BjBzvw6VX7UJtrC7BaYLG1dHBiwrXP1T9j2YfDEdP4zU,SFARM.png
SAM,ALTMAN,SOL,3rknxFbgdyw8YfByRCcaEiqg8dSUtT9psfroXTaxerJY,ALTMAN.png
Kamala Harris (kamaharris.fun),HARRIS,SOL,FTyr4aoR52GY5EWGuxSzEAY6szaYKzi3WAmHmeYppump,HARRIS.png
Frosty the Polar Bear,FROSTY,SOL,2pngLT6YDApMFLV6uzhffDLR4aLJXTD3AenpkJNrrZZB,FROSTY.png
UNFK,UNFK,SOL,8MgghUHzWyCXSQb4ReqrYQZ9rL8cQNaZ84GsqWhTB4Uu,UNFK.png
XRP DOGE,XRPDOGE,SOL,AHSSaaRZ6dQP2CTsajWJjS2G3HdMhRN8FPdEsxzZ27Zz,XRPDOGE.png
Keke The Frog,KEKE,SOL,HXziT5AzwNfts8Cac7tCvVc6PXeyvhvLCwLaptppump,KEKE.png
CHILI,CHILI,SOL,GPyzPHuFFGvN4yWWixt6TYUtDG49gfMdFFi2iniTmCkh,CHILI.png
SWIFTIES,SWIFTIES,SOL,BFek4xVLbyW9w2cfcuFxh974f7TtAjWWjJq2kSrgthGL,SWIFTIES.png
Safemuun,SAFEMUUN,SOL,9WBNLGfQUX3sEWHLCbgCjinsbjWujd37pMpFZHbLPco5,SAFEMUUN.png
Indian Call Center,ICC,SOL,EQGG5muKhviWmWJwy4Fi9TeeNpJUX7RpHAwkQMnTAyAj,ICC.png
LANDLORD RONALD,$LANDLORD,SOL,43uhykFm8Y9gLvHrWs7r7w1HCKu6vikDi7j394FaSfNz,$LANDLORD.png
Parry Parrot,PARRY,SOL,CqheMEfCHHfwLuyMoPM9F4zT9myVZeJQD8dox8uNdnRd,PARRY.png
NOOOO,NOOOO,SOL,4E3CrfKrPWmnE2kFrdeRKyiovpUWpUXHtqXpXzZZsxZ2,NOOOO.png
Gene,GENE,SOL,DNU9LWqM1m2sikXubCHG6oXU3FsS692kc3rAxrpUeyVk,GENE.png
Plasma,PLASMA,SOL,Fip4KcM3TxnqRJdmJKNysYWX2sz5rqTSa31GRykYxsWk,PLASMA.png
RNA 2.0,RNA2,SOL,8GbS12qA14kjn79urXSFQhEVawzUSYhkMBpPQrYDmjWq,RNA2.png
Shrimp Paste,SHRIMP,SOL,H7ECjS1wfWoPCffZR9KVo5cvYbYdnhaBQoTwdXhpump,SHRIMP.png
Digital Asset Stockpile,STOCK,SOL,P7tV3BmrtLrstKam5t6SDCvMbubDzKTSbuZtxmJpump,STOCK.png
Homer Of Meme,HOME,SOL,2QC9fREiAu6JCHV7Zz15CKd2ebBCVL1Sm6aoZdjn8jo6,HOME.png
PUNGU,PUNGU,SOL,DH2p9NrBrshykgQehWN2N1j4r7peufW9ih8Vfh99hagS,PUNGU.png
Kolt,KOLT,SOL,3M2vepByfZTG6xUSmFidvSCFzHWFoVw7cPvyRDnUpump,KOLT.png
Legacy Media Killer,X,SOL,3KAeVfDbU6tZxSD2kqz3Pz6B6f42CW3FdA89GUZ8fw23,X.png
SWA,SWA,SOL,HWv6EDCVB4CCZhCcDmvyvi634jXHdCmMA6jDWNcYTt2p,SWA.png
WHA,WHA,SOL,B1dMMnnGk8rdhyDzEHU8SqcQeJepqBvdiVhwj6aATS8Y,WHA.png
DZA,DZA,SOL,4cBA3CK9LirtRH8U2PyrWBVxtJKDoxLYJV9VGXKmH4mT,DZA.png
iCommunity Labs,ICOM,SOL,E7dFJ4eYZFxoU9EZxb2bbZ3HFALExA1qhMRGdE79hq9D,ICOM.png
Compendium,CMFI,SOL,5Wsd311hY8NXQhkt9cWHwTnqafk7BGEbLu8Py3DSnPAr,CMFI.png
Scrap,SCRAP,SOL,6naWDMGNWwqffJnnXFLBCLaYu1y5U9Rohe5wwJPHvf1p,SCRAP.png
Evermoon,EVERMOON,SOL,CgzdCjj5YNH51uFfQftFbuJKMrwgdWheVjwqjU84MV8y,EVERMOON.png
Solstream,STREAM,SOL,54jVZGHyWURX5evBtZqUsJjwoKzcZJbVokDU93AUZf2h,STREAM.png
Solmedia,MEDIA,SOL,BNT4uhSStq1beFADv3cq4wQAVfWB392PjAaxTBpNeWxu,MEDIA.png
MusCat,MUSCAT,SOL,6PPskLwejGjiRbsrdTvPdo8Ayf6rERxvSezcPDA53TAP,MUSCAT.png
FIGHT TRUMP,FIGHTRUMP,SOL,4h9uqNqd9XxE39o5j9ky5XBuQJG1LxMavYsPAXmrDQ9Z,FIGHTRUMP.png
Mister Miggles (SOL),MIGGLES,SOL,HTJx2cVhBVc3VCSEWSwZXPBQ6DPWBZ81dLfZTR5bWpHx,MIGGLES.png
MindCoin,MIND,SOL,AXyd5cZqJDYRoN16xcv8s6k41M2kJMfKJnQiXeMd1rCg,MIND.png
CHONK,CHONK,SOL,AT7RRrFhBU1Dw1WghdgAqeNKNXKomDFXm77owQgppump,CHONK.png
GOAT AI,GOATAI,SOL,7kjCdPqW8cWHHv5oB5qwYiVeiZhBhmZthdW7AWkhsoiy,GOATAI.png
Annoying Orange,ORANGE,SOL,4sx9a8c81cPWYPy3QVptKcgZu87ncixZp5d2cxeVpump,ORANGE.png
Santa,SANTA,SOL,EhzVcKKmGjLk6pD5gLT6ZrTg62bMgPgTSCXXmANnSyQA,SANTA.png
First Bitcoin ATM,ROBOCOIN,SOL,8nzCP3xmkpKAq2un87d6Jgg4r3JnvgUSkFemfLbFpump,ROBOCOIN.png
BENGY,BENGY,SOL,Ded7Syr7idwcMx3xPvGewk3HjVVtbXfAkw1mXEMZpump,BENGY.png
Self Improving,GRIND,SOL,B3W5jPGUiorGLGyJEWoJd7gCasTbDAFVQRFVmtrwpump,GRIND.png
Waggle Network,WAG,SOL,5tN42n9vMi6ubp67Uy4NnmM5DMZYN8aS8GeB3bEDHr6E,WAG.png
Parrot Protocol,PRT,SOL,PRT88RkA4Kg5z7pKnezeNH4mafTvtQdfFgpQTGRjz44,PRT.png
Swole Doge,SWOLE,SOL,4BzxVoBQzwKoqm1dQc78r42Yby3EzAeZmMiYFdCjeu5Z,SWOLE.png
ApeWifHat,APEWIFHAT,SOL,KdF3kjqSHbWXFstBLA2dccDxuNBi4o3yZqtMhB7k5dZ,APEWIFHAT.png
DOGS Solana,DOGS,SOL,ozt8wJfkPysr6nT66TfQV9KNxDxzgXRpn8BL7tdqDoP,DOGS.png
Marvin the Martian,MARVIN,SOL,31DWjKm3n7h1ZXvM6x4dijmqAwx4yzq3dzW5vKiKwhDt,MARVIN.png
Vitamins,VITAMINS,SOL,Z5fa1wTNJTDSm1Z3uAo4Jcx5jK7Jns3d5f8FXNCxtzX,VITAMINS.png
Gato CTO,GATO,SOL,G7BJzg55Afx6Tn6J9CJfA444jMf6QJbVjgQAevNTpump,GATO.png
Percy Verence,PERCY,SOL,2hyERDrVVjWqgGGm6xrHHnEpU2N1NbE9nq1FmXxYpump,PERCY.png
DIGGER AI,DIGGAI,SOL,3VN23efZivjL1UF8B1y4X4NmfbVe8yKhooKUAwgFpump,DIGGAI.png
RedNote Xiaohongshu,$REDNOTE,SOL,7sRAucfP4x98LaCL11vnoq2w2kiDD7CDvcuWRDXjCGVn,$REDNOTE.png
Toro,TORO,SOL,5aq1eaCEcjUJ557kYa1f1Eb92m9VTvTcJEVE1LdoStN,TORO.png
Algeria,ALGERIA,SOL,AU64hyMPZ84pZeTnyT3xQkREV32XRfGDzVYQUzUgtGhE,ALGERIA.png
Popsicle Finance,ICE,SOL,DiJut4U3CU8b3bRgwfyqtJMJ4wjzJHaX6hudamjH46Km,ICE.png
Apricot Finance,APT,SOL,APTtJyaRX5yGTsJU522N4VYWg3vCvSb65eam5GrPT5Rt,APT.png
ViZion Protocol,VIZION,SOL,4giiLHQPdcuFnVcuBF7wpmfU88EXDdToJqBP8dfpSjtA,VIZION.png
TRUMP'S FIRST DOG,PATTON,SOL,WR9yi7D3VuihqMeg1EMEqnQEMyz8m31kScV1Rdfq5BL,PATTON.png
CHAD CAT,CHADCAT,SOL,EvPUFsBikS1B3GpbmVvUWAc4DXaBXD4zLDER9SVSEF27,CHADCAT.png
HACK,HACK,SOL,HACK8WdQNJdvBrKExA7tP7WAMaNKYugQ8H7qKSxRQrpy,HACK.png
Trump Era,TRUMP,SOL,3Lw4GkVy9SjySq5FfqNpYsi4Xum5SbTwtM4HvgV31Eas,TRUMP.png
Starship,STARSHIP,SOL,G4oSH2tJvu84B5KZzrm233RJscbbs1jopf1qYrbsNm5P,STARSHIP.png
Knut From Zoo,KNUT,SOL,Gw9saRvRTQUyMmYBabsGibceFaFe4RKK18nrbWYZpump,KNUT.png
MATRIX,MTRX,SOL,3LGrahAPBB9EZqhfH5U5UZQgS8ti7eRbEtRF7mkopump,MTRX.png
Doubao AI Agent,DOUBAOAI,SOL,AxVbfFZXB65CbymFboZrLHhmTNAPju15XnuzPQNYYR6a,DOUBAOAI.png
Kitty Solana,KITTY,SOL,6JdcMdhqgCtcP4U9tieRqmKLhPLxRMLC67QfmdXAJBvZ,KITTY.png
BOOK OF AI MEOW,BOAM,SOL,5ShSBmDABpQb6QqskjNnyciy4rVh3rtBd8sxY8AZM3HQ,BOAM.png
Pooku,$POOKU,SOL,AmXoXkTmLvwoQSVqgRnEXA5mLg7f5D7gpJ4wJVGCpump,$POOKU.png
GROK 2,GROK2,SOL,71e74Ko5bxJ2v4FvS7Mr1yZfF8t9W9DkxwKdiHz4wkPz,GROK2.png
RENEC Lend,REL,SOL,9HvM3nS2eDKWxNvi8vSFXRhHA1xhDW33rt4ZA1bE1DbV,REL.png
Baby Samo Coin,BABY,SOL,Uuc6hiKT9Y6ASoqs2phonGGw2LAtecfJu9yEohppzWH,BABY.png
DeFi Land Gold,GOLDY,SOL,GoLDYyyiVeXnVf9qgoK712N5esm1cCbHEK9aNJFx47Sx,GOLDY.png
Utgard,UTG,SOL,FPZsqAgtwf58GmJMctZGSu9RaXiGAmQLL6ZtKUUewm7k,UTG.png
SOLITO,SOLITO,SOL,XLqNprqfebg1Qkn9ttjHv7rM9g5JkvZoyvo5Lx9pump,SOLITO.png
Frens of Elon,FRENS,SOL,Eo8BLxr7xtJ54mnuxUPr1YyqcCv29aL9G5osL61Vpump,FRENS.png
Small Language Model,SLM,SOL,6AyMiW7EJTbBvw1JbxYkYoiaKwCAEJogrcrk7cPYmJre,SLM.png
Sunny Side up,SSU,SOL,AGkFkKgXUEP7ZXazza5a25bSKbz5dDpgafPhqywuQnpf,SSU.png
HolyGrails.io,HOLY,SOL,HezGWsxSVMqEZy7HJf7TtXzQRLiDruYsheYWqoUVnWQo,HOLY.png
Noka Solana AI,NOKA,SOL,CTAbXBR9hYFzS2YgW2AuiKJk5YPwvx3WY7fbwA63Sw2x,NOKA.png
Perpetual Motion Machine,PMM,SOL,BqKpagXfajJBEKELp4cfE753DbP9xuATD5GY2BwMrWtJ,PMM.png
Sillycat,SILLYCAT,SOL,AXMmTn2bGH6RWdos2fUmXsFLhN4LkPjGv9V4BdJdAync,SILLYCAT.png
CZOL,CZOL,SOL,AUwugnCh1tFc5scRHLNqnHjfcRbHRsq7yrKFUe7Ysmgs,CZOL.png
Homer,SIMPSON,SOL,3bRVbRDSyr1FYzSoMisLas2mF9pNZQphjQfptQ2HEPH9,SIMPSON.png
Elon Trump,ET,SOL,2ghhQ55BxewS2eGBDcYsMPLpgmMXXFGapPa1qxYDod2A,ET.png
Doge Peanut,DONUT,SOL,29zYVmnW4yQWVR48592KtxjyiNej52FRuj7MsmAcrD4J,DONUT.png
AITRUMP,AITRUMP,SOL,3i8aE21indrAn53qAkWFZrnqJ8AEvPUammvVLjMCb3Yk,AITRUMP.png
Textopia,TXT,SOL,7XzYCSB3QCh4Qb7d8cX6G9ZhEjtQPAZnvX6S7k9Q5DUD,TXT.png
BAMF,BAMF,SOL,P32Us8svisoWHcqGEQ2NLC3tYbypwvL3Vp7qKcGpump,BAMF.png
Larix,LARIX,SOL,7Zb1bGi32pfsrBkzWdqd4dFhUXwp5Nybr1zuaEwN34hy,LARIX.png
MoonKize,MOONKIZE,SOL,yM3AbxK4B4iTLddjGGW7JeQaVLzMiF5y81vK83fowTn,MOONKIZE.png
Blue Whale,WHALE,SOL,kub2QX17qMx6jLuyG5gR4kSmmbiRtvUHt4gxqNd4wZB,WHALE.png
CrazyPepe,CRAZYPEPE,SOL,E7ENfG7EA1oGAtgZiaL8YL3THoSwu72LbsYmpN6n5ZXw,CRAZYPEPE.png
WHALEBERT,WHALE,SOL,9uhHjyfc5tKdaZnjstLLKoLGcF889ub8zX9wtwhtzgK6,WHALE.png
SASHA CAT,SASHA,SOL,EtQE3GREPyFBCU3yUXc5nWs3wRtLYuMmtKAFAvXD1yuR,SASHA.png
Aetherius Infinite Chain,AIC,SOL,BYt1GhZfiWzynKc7WWo7y8kz38FRkyZyuypWUs6qc4Ls,AIC.png
Adrenaline,ADRENALINE,SOL,H8yVJvc8su9AvR7hsZjEMWSKe566voWjsJKyAUMbboyb,ADRENALINE.png
dnai16z,DNAI16Z,SOL,GL4B8RGwUNeC2mnhkydHYtfdRDB36BWaTKkkNy9Lw8ET,DNAI16Z.png
Wulfy,WULFY,SOL,6Qn2muot6pbTTWJ6F83zrpBQTFjb69FcmG1xbg64RoUD,WULFY.png
FIGHT FIGHT FIGHT,$TRUMP,SOL,GaoEyCGEEJ6BebbvmoYcBzSRiW8w88zNxfFmLvKDCQZP,$TRUMP.png
SolAPE Token,SOLAPE,SOL,GHvFFSZ9BctWsEc5nujR1MTmmJWY7tgQz2AXE6WVFtGN,SOLAPE.png
Heavenland,HTO,SOL,htoHLBJV1err8xP5oxyQdV2PLQhtVjxLXpKB7FsgJQD,HTO.png
coolcat,COOL,SOL,CooL79s3d23Zd2RfMXTRmUnfbAWBt4H6thn4sVkmYR9h,COOL.png
Trump Mania,TMANIA,SOL,HuPspkki5Qdnf5WAU7jtEThkeMhni6XQ23tunZRkZWUi,TMANIA.png
Davinci Jeremie,DVINCI,SOL,5jFJCvNgg8ytGWBygoquaUC6bMZyr7C5jmGHECBzrxR5,DVINCI.png
Doggensnout,DOGGS,SOL,HzF4L5A6Y4y3jpwvvsZXW51uUki851ctRYJ2GYK4dp7g,DOGGS.png
Solana Mascot,LUMIO,SOL,9vHizhLqqpTEhVduy12qL6goNMa4GDguLhhiiDKRpump,LUMIO.png
Omega 3,O3,SOL,4yyqr89QzUy5y14KWJYLUUgLerwMSYKLBs4EyJHjv2LA,O3.png
Trippie,TRIP,SOL,8JZ2R6dzfCeiAvcJ7H1G6hy8x5pBQryHZcWiVY2spump,TRIP.png
Bloodline chanting my name,CHANT,SOL,GiUgtv3NiUteADLBUg2Sc8Y2c3d3doYLpnZkagZqpump,CHANT.png
Disco Chicken,$DISCO,SOL,EW8BUbU9MV3so3z6VUW6E7n6C9eJSFRWY1REidS7pump,$DISCO.png
DNA AI,DNAAI,SOL,EKKx2Qa1FCrGGxEpg7Yzb9T7vYT89siDydb8Nz47TjZC,DNAAI.png
Glucose,SUGAR,SOL,5ai1aJ9ydfvCquajgm4mqSxneK8GFzFCQcYHQjrxMzVz,SUGAR.png
BIO MOON MEME,BIO,SOL,5Ro4418QzBkkt3bNX3V3YLPbCtDnc1FkQNadYXdFcMxP,BIO.png
EcoAI,ECO,SOL,APBcWeYBwkBPMtyEj1QGy1AFzEqnYcQcVYCQofjwpump,ECO.png
Scrat,SCRAT,SOL,3GEznP41VaAGv9yRdBiuYdA8zkffNc8b7DzNJgFbH4Kh,SCRAT.png
POPDOG,POPDOG,SOL,C5gnRtcm1a2aCBbtfAPqnDjpQ2YdD9PcfBk8VM2iguXS,POPDOG.png
CATLOKI,CLOKI,SOL,9YJN9DVpujzEA2smVVLeS5PA7Kkz67yA3JAHwFuNX91K,CLOKI.png
Coke,EKOC,SOL,o1wAfNUr2J4bK6dtw2wFcv7hwoavGAUEf4NfE2yRi9P,EKOC.png
KPOP (kpop.fun),KPOP,SOL,4RdyA2XGc6v7RW1jcKG6AYDsjeUWZqkLHTNp2ghvdg7f,KPOP.png
Just Some Chill Guys,CHILLGUYS,SOL,8ippZuTh8FavQjm2WdTnGPNkLbWXpae4owwZDhQkpump,CHILLGUYS.png
fish,FISH,SOL,7tFcT1WumaVUJKzgAxmdEtnt8CzTm6kCjQwiEBr4pump,FISH.png
Moonlana,MOLA,SOL,AMdnw9H5DFtQwZowVFr4kUgSXJzLokKSinvgGiUoLSps,MOLA.png
Vampire Inu,VAMPIRE,SOL,D1soEK6sWxbVfcyCANqLxRQoG33u7aMBLhTAcB1diZDv,VAMPIRE.png
Solar Swap,SOLAR,SOL,GNJrBUuUnExsQYBAFy22Hw1qSmSJdWEgy8VawAn3uzUb,SOLAR.png
Solamander,SOLY,SOL,CUwif1FiX5b3bwwb2n5Bm35AixvnR8LJjGUVmEwNZNgR,SOLY.png
Frogonsol,FROG,SOL,6NspJqVFceCiU5D1YgVq7waYoC394Vhqxwg7cSJdFtVE,FROG.png
Bible of Memes,BIBO,SOL,EqNpeYivy7ehzwwVEKRkJJFf2NKcGnKv6SS7hHdSi12J,BIBO.png
KNOB$,KNOB,SOL,5ritAPtFPqQtEFHcHVqNjR5oFNUJqcmgKtZyPd2AyLLy,KNOB.png
Khaby Lame,KHABY LAME,SOL,EkpM1CqtDHayGBAFSjRryLA1BjGr36ST9GX84pocNzXG,KHABY LAME.png
Eddie Seal,EDSE,SOL,2Zvo6bnwJtyXhsPgbcfajTrEtB7NwrJhK8mMmtEXvHHc,EDSE.png
BIO AI,BIOAI,SOL,ApsMneq9jQZUiyyBV8VqasMYFMvkbG5r1d2jY2tKqc6i,BIOAI.png
HOLO,HOLO,SOL,9SUCZg1RMpyMMYzRP9Z3JSZFghXGoXerEzjKQvbSpump,HOLO.png
MAGA FRENS,FRENS,SOL,8Btwdj4Gek5mhHjTVBQRfuGFjyoejCSsgeJXBLA7JZPz,FRENS.png
Okcash,OK,SOL,HvPrYvgJiBtwUC7H4bi8L5bqnirFPWc2J9NdVy6UFiZm,OK.png
Catfish,CATFISH,SOL,AcY6RWuWKM5NU7BeSE4c4zQxBZpyU7pTLNF3g5DTWUC2,CATFISH.png
SOLPENG,SOLPENG,SOL,578k5cFvkjcs6MWgEaEkTnLiJeKBoc73yoVaZgmr5mD9,SOLPENG.png
World Record Banana,BANANA,SOL,Hg675ypQpBUwP3wiWjq8pFQxr6rjnT2QRH4Vi519jdiP,BANANA.png
HMM,HMM,SOL,BWhsvkyrUJqVvrAKjGYLpnTuUCG4SPEh6xVKcjnYCi27,HMM.png
BUNNY MEV BOT,BUNNY,SOL,86moLTVsCsS1C6JrYTcWT7wfH21pCff2CgU1vjPmdzHd,BUNNY.png
Tholana,THOL,SOL,EKCW975DWdt1roK1NVQDf4QGfaGTcQPU5tFD1DMcMe9Q,THOL.png
Bubba,BUBBA,SOL,BMt3pq4g8ggWWBnd6DJ1jhVyTkHfWjAfJwWW6sRCbQJv,BUBBA.png
CLYDE,GUZUTA,SOL,ECMYTGjvXWR3mb5RFEh3F1mAqFBe5EEe53A2n1F1sbpg,GUZUTA.png
Captain Rug Pull,RUGPULL,SOL,3qBxVGRRmbyqiDzgH937nu2rtiUkP2JAnnyehF9Npump,RUGPULL.png
Bingo Token,BINGO,SOL,53zMq22mUzN32AZNqkLTaUNnKJx8bwHSi1k5aLXTbZwD,BINGO.png
Glaze,GLAZE,SOL,HJxLv6PnZJmLko7b5wqgCMyUT5fgz9NdBwe8htdMpump,GLAZE.png
DeSci Meme,DESCI,SOL,2pWmCG9RDWAzsHYJKGhwnN83KsWR8BbHtMvERKzPtLTb,DESCI.png
RNA PEPE,RNAPEPE,SOL,3gjGZz4MmTivH2TNMLqnMtP2Cg9LLeqUvhH2oFFyTFUP,RNAPEPE.png
JEFE TOKEN,JEFE,SOL,hsxEYqr24ULGv8Js3kKDQshjFivErJocyd6Crdkjefe,JEFE.png
Crustieno Renaldo,SIUUU,SOL,BQ74oddoJCJKz9W4QaDzLFh1JvLbmXRCvdaC65P7anex,SIUUU.png
Mahabibi Bin Solman,MBS,SOL,6EUYNEV1WxomGn2D8jWnkbmQLCo6Hon2FfKSEWZMeJFx,MBS.png
PSSYMONSTR,PSSYMONSTR,SOL,J5MopnZxBw7E3CRGC28hrKA3MXvmQ8Gwn4n9cPezKX3k,PSSYMONSTR.png
Chengshi,CHENG,SOL,BEsnQvkfeaQ3G8qbeN5FmUnsQUqXzXW5i83Hv3syoTTc,CHENG.png
Lola,$LOLA,SOL,FjBSZAeo7NsgUdgXRA63VuGA3ySfVi5yu2bhCfuZgxJY,$LOLA.png
trolls in a memes world,TROLLS,SOL,8hhXLZvRda1wsF2ZUXua4kv9T3rKmDkSfsNkbJSizj5A,TROLLS.png
Mother of memes (SOL),MOM,SOL,AwoQCa5BVt9y3bkVURkTSXCXnWGeXZrrdDPodQHjRoWm,MOM.png
Gigacat (gigacatsol.net),GCAT,SOL,FufcdjDPpyir98GQ5vjg9gwb4Zb8tiPdmxzYX3STyyp7,GCAT.png
MuskDonald’s,MUDO,SOL,FPkwvXdbiE1ZWCj7SKj9ixVqgFZKNttzzKNSWVPD6XsK,MUDO.png
TIME PERSON OF YEAR 2024,TRUMP,SOL,Doo58fPCwyn8WYLCgdTAwhUK4C8axkLjHEGAhCPVLXM7,TRUMP.png
Crypto Cavemen Club,CAVE,SOL,4SZjjNABoqhbd4hnapbvoEPEqT8mnNkfbEoAwALf1V8t,CAVE.png
HarryPotterWifHatMyroWynn10Inu,SOLANA,SOL,4acvcTQhR2Z3TWauJZHUFaubyyEBtoybrp5QLobuCkcH,SOLANA.png
The OG Cheems Inu,OGCINU,SOL,5doZSgpsKVJk9u58hsmDsq8N6oNtELvsycoFJ42P327p,OGCINU.png
WAR OF MEME,WOME,SOL,2JpwA1PFLMzJjP7bsREK2AuYGwRH6WZ4xZ2hMrTyNFT6,WOME.png
SoliDefi,SOLFI,SOL,CLaSKXbuMp1BXTya62WDyZoPvgmfcqsdA18rAjBcn9Vw,SOLFI.png
bicho,BICHO,SOL,GkJxELgJXpQRm7dfc2yS18vBDRxP5SjVJgbrmTGgpump,BICHO.png
SHARPEI,SHAR,SOL,9jZgvgS2bWtQiYzv48GcWzY4tnkeRSANbTm8Kp1LmSyS,SHAR.png
Wall Street Bull,BULL,SOL,EhnkvA1qSXksF3ymqSSo9Psf6Qw8P4v18pp9rdbXpump,BULL.png
Chromosome,XY,SOL,HG96VCTWSJaFCmtjgYfDJESDv9vHWUMbN9JpHTHk2aaV,XY.png
Good Game Gary Gensler,GGGG,SOL,MVipSZ3kMJskEmY9dsiC4VAQVPJbKQL25wkyacKpump,GGGG.png
The Republic of South Africa,RSA,SOL,5MvpiBNq3Dw5t2egVYkHqm62Tv1EhaFAgvXnrPSUcEGS,RSA.png
Raptor Finance,RPTR,SOL,HrnLUSkLkKN2KHBMQ8soLgXnhjifaRFDYzaQvTPg6zem,RPTR.png
LunaChow,LUCHOW,SOL,3mZMtzsr11srDX7jdpkacsxAo1Na5H4kqepxehjhTkLE,LUCHOW.png
Hedge USD,USH,SOL,9iLH8T7zoWhY7sBmj1WK9ENbWdS1nL8n9wAxaeRitTa6,USH.png
dogwiffork,FORK,SOL,6xhc9egiVtLDp8SibN18xa5QFZYJ26Wu9gi4hd75pmDc,FORK.png
i dont know,IDK,SOL,CymqTrLSVZ97v87Z4W3dkF4ipZE1kYyeasmN2VckUL4J,IDK.png
Deadpool,DEAD,SOL,9qywujQCJyECybwpNsM4YTBRnakjDS23MdJHGRYVeLm6,DEAD.png
JD Vance,VANCE,SOL,7mR9wrdgdjRgLmbA1nm21NReZSNkkJvhX6dNkk4cmkVC,VANCE.png
Pochita (pochita.com),POCHITA,SOL,6FJideHPpcJtmFm3deHTnP4hs52PjDbd7mYFLK4snjmQ,POCHITA.png
Scrat the Squirrel,SCRAT,SOL,FP3fRkMhD6w28ZJRfnitEb5AUfGpcauvtSRQQhpjz64o,SCRAT.png
swaggy,SWAGGY,SOL,woLfjy1RzfvjLNC1AEEqafx1Q3bPDUU3QW6kmBYQjP4,SWAGGY.png
Biotech,BIOTECH,SOL,67yoQTzMCFdzAGVGp3cEp4cCDZgULBf81GLiUTxZpx8h,BIOTECH.png
Penicillin,PENICILLIN,SOL,8qEba2fbbCdPrzfRzbU4ZqEkETJyRBmBgFfF4YaevUtC,PENICILLIN.png
Chill Guy Xmas,CGX,SOL,4mDpYBSB5gyUz4cq9eeaRpymYZuYh5pqfYfHjj2bpump,CGX.png
FLOOF,FLOOF,SOL,3jzdrXXKxwkBk82u2eCWASZLCKoZs1LQTg87HBEAmBJw,FLOOF.png
KITTI TOKEN,KITTI,SOL,B5Fvzd2RL5ctrmFsvDafXiNGbBqbxapiryJo8JfoSEcA,KITTI.png
SDOGE,SDOGE,SOL,E2WYCGJJtWBodVLy1NKcN8ve4UAtsJJBU2mdErbXxP8h,SDOGE.png
Solordi,SOLO,SOL,J8cKU4pD2NTSovvV5XghWHQiJy5TTEzgSyozorxz6ax8,SOLO.png
Goku,GOKU,SOL,2zhPmLBug3b4NcGPPTZXdJ8AsNBePH4fX85Mu351DpCm,GOKU.png
Snoopy,SNOOPY,SOL,4LP5JKsyKC5pSAoodwcZnDCSK2ggsMcZvHKoo7HCPDCV,SNOOPY.png
simbawifhat,SWH,SOL,ASsnSwFhGVREnuN6YmZQKietjprv731BbETDWQsreAwj,SWH.png
Trump Coin,TRUMPWIN,SOL,34MphWDvZeTtZSjkR2R3fRWCwQgb1eGdvYuFEJMfBb44,TRUMPWIN.png
BOMBO,BOMBO,SOL,D3pmeo4MrV2eWMJH3WybR4fnKdMiSS4DrYHqdYNNjQU5,BOMBO.png
BANGY,BANGY,SOL,4CKWBjXfAZNDyMDeMBPDx5gfcuHdFYDu2QfuqwWSpump,BANGY.png
The dev is an Ape,APEDEV,SOL,Grr7tBAAUH4dA7vxA7Dnv8QvSXVwnJF518ji7QSVJqWu,APEDEV.png
GOLDEN AGE,GOLD,SOL,FwFJkwW8m4QCuqzYzK6S3UHMPmB7mWWpC1jBEJ6kLW3M,GOLD.png
Aspirin,ASPIRIN,SOL,7LrPC2JshiWSmQpFdj6A18Bicmha2AtpFetfCtGjQg9m,ASPIRIN.png
X Mail,XMAIL,SOL,HGrNXymZS99gb6eiuQF7rPu3rKfxmZtQusjBbmvBgsFA,XMAIL.png
NAZI ELON,NAZIELON,SOL,Fv4RBwqqtV54X886iFv7HaJwdvTeuiSYKniUkisLy7xm,NAZIELON.png
Solpaka,SOLPAKA,SOL,BDHqX9YfJE3M6caox3obUX5YpWHz2cjnGFiZJtRghdCo,SOLPAKA.png
PEPE FLOKI,PEPEFLOKI,SOL,4tXarCgxA83g9AMdofCnhnfGahLc16c8SzSwAFxCq5Rp,PEPEFLOKI.png
RoseWifHat,ROSE,SOL,ASvkdpm5XfJNrKaNtGB5NKVUk8eLDXuXFyxqBnTUDnnZ,ROSE.png
CAT (SOL),CAT,SOL,3WKzqdh3ZW3tP2PhAtAuDu4e1XsEzFhk7qnN8mApm3S2,CAT.png
Abella Danger,ASS,SOL,EqGMz1o1KiBs1wtotR4rnDADEHvUu39Emv46ZjBEpump,ASS.png
BANKSY,BANKSY,SOL,BXFD1Dd1AT87MADC6SYZ95QQQjrTKEnDRwvVhAiLpump,BANKSY.png
Grandma,GRANDMA,SOL,CNRnjqRz85Qzzm7w5WarJqqPcisATscLSHyZXkGAEE2Q,GRANDMA.png
PIM,PIM,SOL,zrvL3iuAqoBdfwAmaUYrYcS8UjUk6LbKrexT7aepump,PIM.png
Rapamycin,RAPAMYCIN,SOL,5pKj7qx29jzWZb36xYw2R5ZahMESCCyKdq2fphiziM9d,RAPAMYCIN.png
Elon AI Agent,ELONAI,SOL,2nirq2DAFpfaEwmnmrqwacTv5XLKwuMMQqDU7CKvRBYj,ELONAI.png
Kurobi,KURO,SOL,2Kc38rfQ49DFaKHQaWbijkE7fcymUMLY5guUiUsDmFfn,KURO.png
Unique Venture Clubs,UNQ,SOL,UNQtEecZ5Zb4gSSVHCAWUQEoNnSVEbWiKCi1v9kdUJJ,UNQ.png
SAUDI PEPE,SAUDIPEPE,SOL,GxihB7J6xfiLDq7iMdgj39jKugt69QoHGDzXqFYPk2zQ,SAUDIPEPE.png
Nutcash,NCASH,SOL,7HHCwGd7UAPF3gtHExBREYgY37cbyYcCaeyAHKUc7mUn,NCASH.png
Cris Hensan,SEAT,SOL,29ad8JW1YcVT3mxcvxJpe3EzWqXCGD7KaSRWrc3TEMWG,SEAT.png
Mogul Trumps Code Name,MOGUL,SOL,2ZtSjJep5TPJq2o4GcTDANy1wn9dHjn3vtB6MNgWEQcA,MOGUL.png
AISCII,AISCII,SOL,B37KG7jHv1TkhJwe9xTuLuQyzTXvgQjAmBaxLeCrpump,AISCII.png
MoreGen FreeMoon,MOON,SOL,moonskJwNmZiwkqH79S7b1UezGTaWQGEUbFkVqH3Vwq,MOON.png
bioDAOs,BIO,SOL,AmtvMBMYtb5auN4KiFdMe9C8wjiu1KQZYQUL73Pw7ZZE,BIO.png
VitaDAO,VITA,SOL,AqsDKZdUTBxWPZZDsZ44aUw1RVGpk9mXdrZ13v7KKhvY,VITA.png
Magic Eden Solana,ME,SOL,21i1NFrAHuzcBqUzqFLJuvqsQZFJ7K1DEsbvBbs5SdUb,ME.png
OFFICIAL SIMPSON,SIMPSON,SOL,EEhMsipgCPXyfuENScSXL64zm116fVT4KsQJLgHSpump,SIMPSON.png
Whole Earth Coin,WEC,SOL,6y8W5YwAuzostqrS4YDJufBvksosfSi47Pd8U4A5vrBC,WEC.png
Hump,HUMP,SOL,CUsEVhFGfjr2wwqjQFd7LrowYy6UhXY2HfAppUzTsihN,HUMP.png
greg,greg,SOL,HmUYcouUW2ykoxZ5ZFwDfAazqrKShaVaH5tq2avDLiru,greg.png
Fofar (fofar.tech),FOFAR,SOL,9vJz4vzRt8TXUuDyhopjWDJpFouBiYqYB7k5EyKUYYHG,FOFAR.png
Kamala Harris (kamalaharriscoin.com),KAMALA,SOL,3biDtnRND6bw8cLpSA6CNa8ewmsarTmuYwb1EVHmCXFC,KAMALA.png
Slime,$SLIME,SOL,9nKSYk9Fdq3FSHv9mR362qKfxe4WtJNf2P6vMgb2hhaR,$SLIME.png
Smart Language Model,SLM,SOL,4KRVNHcBCVqV2z78ecXrsgGXExTSSzt1K9EwzS3NCwEe,SLM.png
Solabrador,SOBER,SOL,2ZE6hSL36e44wP168YMnxrbi1CSCFuD2BJm7NoNHfsmN,SOBER.png
LessFnGas,LFG,SOL,LFG1ezantSY2LPX8jRz2qa31pPEhpwN9msFDzZw4T9Q,LFG.png
GameFork,GAMEFORK,SOL,EkDsNLLX2sGM6gkTXETMVxPK9gyvMknBf4rc6qMFRUWj,GAMEFORK.png
BOOK OF MEME 2.0,BOME 2.0,SOL,5K3oPCftJPzBDRxp53wvzVmjDybVgtuaSmkRSffQXjiB,BOME 2.0.png
Nigi,NIGI,SOL,3boRKAxWR6weV6kufr9ykdLcm9cL5q2p469tCqeCAnHy,NIGI.png
Egypt Cat,SPHYNX,SOL,5t4EVfkb5QU8NZXmTzcSK2bQsNWUr2HL64rRb8i6wpat,SPHYNX.png
Solo King,SKING,SOL,3xp8G9g1AwgxntVsSbkRoty4ZZVXPLwoZT5yB2h6hZh3,SKING.png
GME TRUMP,GMETRUMP,SOL,3Qfg19kycPcCfuPmXkgRffSS3zoWYwLLeD8yMnFqAYUZ,GMETRUMP.png
Chippy,CHIPPY,SOL,3T9mBXQzfAn8Rf1LKDutvGMTd1EruJbFh3cM7MSMq3Py,CHIPPY.png
Republican,REP,SOL,5hrDCNdsaq8h5QD2ozn1ocCU4dtDpQYAkNau7NS57MbB,REP.png
Battle of Memes,BAOM,SOL,4rLERjo2zyhX9S2eH3Sf1X1G9bECvma5mJhdfj2cR33X,BAOM.png
Magawincat,MAWC,SOL,4Y5VtnjBVKMsnauJf8LmwaZYUfEyVG4z9C9nsGiXij8J,MAWC.png
Dodo the Black Swan,DODO,SOL,DoDoYogRFcc7XRwdJfMQKLvccYJKAvqPnqVpFZq6kjYs,DODO.png
Santa Penguin,SPENGU,SOL,6Js5eLTN9fxcPDKaNpWyaYT132ePL9DFobk58qWP2dfv,SPENGU.png
Nirvana NIRV,NIRV,SOL,NRVwhjBQiUPYtfDT5zRBVJajzFQHaBUNtC7SNVvqRFa,NIRV.png
Chief Troll Officer,CTO,SOL,2o9QZHppgR8L3NYZoK2wRsS5bs28w9nQbvtDjBQYiNwi,CTO.png
Bitcoin Cat,BTCAT,SOL,HqpzYVHbZaAioFJUiB3PTzmLrb69JzE9p6BJPecrFg2D,BTCAT.png
Dede,DEDE,SOL,338uDSAxxn1ChHq6ZRUAxJCgpLtCBZV58KUT2bbJF4cD,DEDE.png
CHEEKS,CHEEKS,SOL,6e6rViDzavLRv56nvZye5UofrKDg36mf6dTQrMCoPTW9,CHEEKS.png
BAREBEARS,BAREBEARS,SOL,AeNg6DaCAjNpK7CvkSC6c9j5g8YFSp78aTQxejaNRNcz,BAREBEARS.png
PEGA,PEGA,SOL,3PPnF2QxVTm6TkxUT597ky549S2jt13YpqzW6U1D7kv3,PEGA.png
SPERO,$S$,SOL,DWEsJwPRrFscjH8krbMryHo6UNQ3tAd7kK3SPVcYTiHH,$S$.png
DNAX,DNAX,SOL,5nh3doQGZBG9huoaL5nu5ytrTdyUJWT1KDFKfk7AeZZm,DNAX.png
AlleyCat,ALLEYCAT,SOL,DrZCEVBkHZF9i4Resp2xs7rSM9hy5STiYcQNprMRZuSg,ALLEYCAT.png
Cope,COPE,SOL,o1Mw5Y3n68o8TakZFuGKLZMGjm72qv4JeoZvGiCLEvK,COPE.png
LOAF CAT,LOAF,SOL,3de2yRhtD4VbJBb8EQAQffYMPLU4EnSHT1eveBwiL3tn,LOAF.png
Pepewifhat,PEPEWIFHAT,SOL,EAvKa9kGRMcQ44Eg3MPbXUP8ZEpfxgd5dToHBRF8m8ui,PEPEWIFHAT.png
Owners Casino Online,OCO,SOL,CL4KcMhPpEeNmR7rK7RHsLSTqshoYpasSxHHhduamfe6,OCO.png
Dark Trump,DTRUMP,SOL,8BGGKmkXWHDpgW6i7EdawrmGF4j8hqQgtRKox4aZpj4H,DTRUMP.png
Moji,MOJI,SOL,CB48KiK1oi1tWtjmPWxVR2NPeEr9ewzmZQ8ERk79Ue4b,MOJI.png
Longcat,LONG,SOL,CBW9tWMs2yF7oXLCZpRfGUjyqui5ppEKQ3NrQvjEpump,LONG.png
O RLY?,ORLY,SOL,BNzPFfMKHX6REQGdLZhHC3qUEZmgkWQZ7dHTSygCttv6,ORLY.png
Santa Pepe,SPEPE,SOL,HuLHkBebCrvSnpKrMBL9yk4PH1Fu1J6es4cnDx6kcSpY,SPEPE.png
Magnesium,MG,SOL,7PucfaBSyvsouXArqvXLiCXRWaHE5ZXMUn3MKAWYsABE,MG.png
TORG,TORG,SOL,AbnTggpTujbdAiJtyhH9WtK2CqXk44W7GipyJXkopBDd,TORG.png
Plutonians,PLD,SOL,2cJgFtnqjaoiu9fKVX3fny4Z4pRzuaqfJ3PBTMk2D9ur,PLD.png
Long,LONG,SOL,gxNuJSHRScR7WkzQEYqvxVditaKkcc9V32KXPJLCbcT,LONG.png
Welsh Corgi,$CORGI,SOL,GDisrnbVWjKJuAVqeWfYd9zMyV9gP7gXb3FQfd8xbKuM,$CORGI.png
Nikola Tesla Token,369,SOL,AKRsUuY13oQ3KZ3hHBAUfbpd1AK3ZVyaSAmobFQGKbeh,369.png
Taylor Swift's Cat MEREDITH,MEREDITH,SOL,7y3mLy8vai6uMt4iVfgm1gN5GRpQ4aMqtMJgM6oLuoeM,MEREDITH.png
CRAZY MONKEY,CMONK,SOL,66nX8FmWEENXLUMx5oq3rCiktMHVsEdaVbVEL6FBW5dh,CMONK.png
Adam Back,ADAM,SOL,BFeEgNX7FjrWczNNzuEiwg42hHZL2prwGWJ4T57rtUwB,ADAM.png
World Liberty Financial(worldlibertysol.com),WLFI,SOL,CsZv54bGFU3LTRnjMimqcq3kVVYbK63CzBnHs6XmxFU3,WLFI.png
TRUMP WIF EAR,WIFEAR,SOL,2LJPEopyxUsYSjvKVFCTJBNTgAnxT9X3S3DgB44Mpump,WIFEAR.png
HairDAO,HAIR,SOL,GHJmLe7Y5eBrPEohdGfoHLLr2yBBvu8BTtcYEo36fKiV,HAIR.png
DOPAMINE,DOPAMINE,SOL,C6n282e6KABSzNmuttT4562JgpaSUVYdAwYYjU6F11Jd,DOPAMINE.png
PUG AI,PUGAI,SOL,PugAiDuaQ5hzicBHAW9qrQQ8qi4B6sh3n7PknKhyjeX,PUGAI.png
Besa Gaming,BESA,SOL,FQMoiNiQGLngizBVdhxqD1o2k6rvcX9ComxjKucgBByH,BESA.png
Alan the Alien,ALAN,SOL,3swKY5FN4ENQYYJTYqQzGbT7iEv8yD5UngCWfk3fEVA7,ALAN.png
WIFLAMA,WFLAMA,SOL,DKtX6xzAjzkUFmXF9ewTARSsmjR57CisFqM8QmPQMtxH,WFLAMA.png
TrumpCat,TRUMPCAT,SOL,FcGNJUhehrRzRAAVatRYokrWC7MPV2uuX4p1bxGdCTqu,TRUMPCAT.png
Fluffys,FLUFFYS,SOL,CoRkC3r6MqYuTeMRc7D8JJF7UiUyFWurXGpYy1xQATNq,FLUFFYS.png
Simpson Predictions,SIMPSON,SOL,zzUMiVwLTL4F8LiDjhr2mDL2pmL6Zx4Uie4CLxE6Mkj,SIMPSON.png
just a flipped chillguy,FLIPGUY,SOL,FLiPKiL2fAzXecVcEJsuEskCPrcF5Gygb3YwRcdwBZJ4,FLIPGUY.png
Amoxicillin,AMOXIL,SOL,Dn5fC9aXBz2noVR9TrJZ4xv4H9P6ijySF7Ch8E27W6HC,AMOXIL.png
Biokript,BKPT,SOL,GPsYUuLMGPhSQTYSwMgsHXW6FHmrJXc3gY2881h3RCUF,BKPT.png
Doginphire,FIRE,SOL,3G8js2FjDtMbVDzh5ACaTLGHGDwBhaM5LBNuHKMeZ7Bd,FIRE.png
GRIMREAPER,GRIM,SOL,5yfDdiW65gVXzrwt88AiWfXuVnCk3PPmzG7SXLDhs6pS,GRIM.png
WALLi,WALLI,SOL,2uhvriK2NHz1fEQrnJSEykPDMEUToUAqNetQoUM9Pqpz,WALLI.png
Solana Crash,CRASH,SOL,Crashu2xZABC37wX3cs3rMQAe7RpdyLU8qyhRcDehpDs,CRASH.png
COFFEE,$COFEEE,SOL,85Yf3z6zwgLGQLfxww7KoHGw4sHpx4iki2P1Ci7k7gqZ,$COFEEE.png
Thomas,DANK,SOL,6wUUYjt3gFT6QFQTTsGtP8GGN4VfmZmAjfsbdaCmGX9P,DANK.png
mondo,MONDO,SOL,3Wp5z1GtPqKwyiaicXa7nyXhBVJJ5JgAwzWXuPXqpump,MONDO.png
Hog,HOG,SOL,HogxGo1jDwvseBdYNvNBM7UYpsWJPifbH7hM5nCvBWuw,HOG.png
MOTO DOG,TOBI,SOL,6h4ZKWqb9dDW8jaB4d76LNfP8PoRgiSvQLBHnkuih1Ty,TOBI.png
CERBEROGE,CERBER,SOL,CERBERR9kg7MQqL6kXJPhNRqD1VwunTau1DDvjSZ14HD,CERBER.png
Kailith,KAILY,SOL,AaoHhEyupbhaASkCCr7AgEvZh8AknSuDFwgw1nskpump,KAILY.png
Donald Pump,PUMP,SOL,AftsHFjMJJpEiav1pysLHE48WPb7p3DjFLcbgi7rpump,PUMP.png
Trump Cat Family,TRUMP CAT,SOL,3vWoEFW9HzHUemY5usqyDyfCzf1QutWVmSrsdEaKpump,TRUMP CAT.png
42-coin,42,SOL,42c846hyuCL5vMfqWifNvddUqHSqAFeJX7rDQBEBpKmM,42.png
Solster Finance,STR,SOL,9zoqdwEBKWEi9G5Ze8BSkdmppxGgVv1Kw4LuigDiNr9m,STR.png
Puma,PUMA,SOL,66SrpYxptaesrxWMGgv5aWKFxeZbH7egHoJ3g7E8ZXpU,PUMA.png
Sussy Baka Impostor,AMOGUS,SOL,D8JPg9ueYKM9JHMbHYXnmzvQdHHHeX3Ls2ryGxp16x5P,AMOGUS.png
BOMK,BOMK,SOL,6omGNaPWYbEy5H1F8BCjNeSoV34e6vdxxfdKeftCA2q8,BOMK.png
HAMSTER WIF HAT,WIF,SOL,GLXkHLX4jiVRAYBVwx2UAvKRBu2YDCQudNiR3k9q9THH,WIF.png
4TRUMP,4WIN,SOL,4TRUMPJwguiFjfY6PLpwT6SZ5BZmCuzfqWWeJAdR6xP3,4WIN.png
Doggo,DOGGO,SOL,CfYqzdNGGLVKi4GibSZmB5EvhPHU5xpqV9MqzpM57wLU,DOGGO.png
Peanut's Best Friend,MARSHALL,SOL,9ii68bTyx88fBNFxceyhg1UozDqx1dUgsGfr3Tv3pump,MARSHALL.png
Gegagedigedagedago,NUGGET,SOL,NUGuzrXB5JwxBAhTP8QHa8aiNBN8suoWiN7wiRppRty,NUGGET.png
Protein,PROTEIN,SOL,FCDGiW2HSAhspneoapho2WBFy2DPYPjEvCgty9RUVrhG,PROTEIN.png
DNA DOGE,DNADOGE,SOL,Ap5kx5sLj4pV5pGgwhbwYV65pfFgaHsJc2zYhVzBpviN,DNADOGE.png
ThoreCoin,THR,SOL,66dzGbVZg9cBNb3sTWd9iAtDZKjgAyztNwAhTitfgoLj,THR.png
RazrFi,SOLR,SOL,7j7H7sgsnNDeCngAPjpaCN4aaaru4HS7NAFYSEUyzJ3k,SOLR.png
Jet Protocol,JET,SOL,JET6zMJWkCN9tpRT2v2jfAmm5VnQFDpUBCyaKojmGtz,JET.png
HashBit AI,HBIT,SOL,Hd8crL1e3KnYEWvHBx7B2TSsadkQuFr52CwXXxZJyCv1,HBIT.png
Shakita Inu,SHAK,SOL,3jvnWgxpGpyLDWubHSm2DB6DTFJxjtRienaYUiDHpump,SHAK.png
OOGI,OOGI,SOL,H7Qc9APCWWGDVxGD5fJHmLTmdEgT9GFatAKFNg6sHh8A,OOGI.png
UXD Protocol,UXP,SOL,UXPhBoR3qG4UCiGNJfV7MqhHyFqKN68g45GoYvAeL2M,UXP.png
DAWG,DAWG,SOL,3DHPqxdMXogNNnpqBMF8N4Zs4dn1WR31H7UjWq6FExwG,DAWG.png
Kitty Coin Solana,KITTY,SOL,6XWfkyg5mzGtKNftSDgYjyoPyUsLRf2rafj95XSFSFrr,KITTY.png
Metaverse Future,METAF,SOL,BvoXBvkcPrPAbjT9gvQDrdAM8jJaTnzUjGcvkQ661q4R,METAF.png
Solvent,SVT,SOL,svtMpL5eQzdmB3uqK9NXaQkq8prGZoKQFNVJghdWCkV,SVT.png
Atlas DEX,ATS,SOL,HJbNXx2YMRxgfUJ6K4qeWtjatMK5KYQT1QnsCdDWywNv,ATS.png
AstraDEX,ASDEX,SOL,4PfN9GDeF9yQ37qt9xCPsQ89qktp1skXfbsZ5Azk82Xi,ASDEX.png
Charactbit,CHB,SOL,YtfMZ4jg2ubdz4GasY86iuGjHdo5rCPJnFqgSf8gxAz,CHB.png
Plutonians,RPC,SOL,EAefyXw6E8sny1cX3LTH6RSvtzH6E5EFy1XsE2AiH1f3,RPC.png
Galaxy,GLXY,SOL,CJ5U6wPmjxFUyTJpUTS7Rt1UqhTmSVRMvmJ8WD4nndXW,GLXY.png
Coin98 Dollar,CUSD,SOL,CUSDvqAQLbt7fRofcmV2EXfPA2t36kzj7FjzdmqDiNQL,CUSD.png
Cramer Coin,CRAMER,SOL,E3tHHRa9Y1TWAA1nPZo8FAyVFgBDnXrS8u8nmMShL3M3,CRAMER.png
Kineko,KNK,SOL,kNkT1RDnexWqYP3EYGyWv5ZtazB8CfgGAfJtv9AQ3kz,KNK.png
AIPTP,ATMT,SOL,6tCvMBJiGSsDQghZ54HqaizvydBH6vaugxuxTE7wKUG8,ATMT.png
The MVP Society,DGEN,SOL,4h41QKUkQPd2pCAFXNNgZUyGUxQ6E7fMexaZZHziCvhh,DGEN.png
FryNetworks,FRY,SOL,HWcrH99mVocuP5hBV9X5fNGH3WBKCcjw3DxfY4AGaeXg,FRY.png
SWEETS,SWTS,SOL,5SwxhEunuUUcWe4ojybdDwky6dpLxAehNmF4AA71STNh,SWTS.png
XSpace,XSP,SOL,KtoN5xzneJPM3FPN6hiBJGVEB11UEksY4ZDrrttaLaK,XSP.png
Kabosu,$KABOSU,SOL,3h4DGQd9k5gsiMnNzDuGXAcjkMm5G7iC3knykdvBBnxU,$KABOSU.png
SonicObamaLockheedMartin69Inu,SOL,SOL,NLBLjgKvSVtiporRdVEcyssTyr5oPRmjeajVJ4EGW9B,SOL.png
SOLANA MEME TOKEN,SOL10,SOL,ELm7r7k1ZAZX3up6gus1p2s3mon845rdVP1aJoN9HfEP,SOL10.png
SoBit,SOBB,SOL,KDriegomzHbJDmGkVWFuXrZWfpiruauhMSTg7N6WZvD,SOBB.png
nioctiB,NIOCTIB,SOL,FatXR5s5qjNYkZDdYY6YgyCfhDyDCJnQZKEFucHTHSke,NIOCTIB.png
Memes Street,MST,SOL,ejj5q82deaLN2L5hTphsBYb6HPRTeuYdUd6PYTdFRo2,MST.png
DogeZilla,ZILLA,SOL,7x1xuoKGKxQuFcw2KjGPFtTLET6GC6LAygTRtPvYbjug,ZILLA.png
Bong - Bonk's Brother,$BONG,SOL,HnJ1rwyEZcSMWjXQX4XruLFWqmqquGdXn9zJsRakQFex,$BONG.png
RichRabbit,RABBIT,SOL,BCpa4PVRovJv9EszgYvLRh1WqHq1PjE6LCr9EBdWGSa9,RABBIT.png
pre,PRE,SOL,G6mc7tiVSym3zrmmxekF3HYSc9c2hiKnGk7idoHqHTUK,PRE.png
DOGE-1,DOGE-1,SOL,9ahuLHwo7919eURfFAjTpaS6yo5TsxDyNEdvL3qo4HF5,DOGE-1.png
Dragy,DRAGY,SOL,3JoKpqE4kowVTR3Po3gr3sxzLF6vKCvjGx48g8DRx9oN,DRAGY.png
Megapix,MPIX,SOL,GEdBv2DnES89DvasmZ35TaxP9kBibznYKbacXpoGTEBU,MPIX.png
Gemini Inu,GEMINI,SOL,ES6wrQ5AadeEMmZPwYzaRu1J3fLUt8KuC5tEeLoNJ9sV,GEMINI.png
Stank Memes,STONKS,SOL,9nvM2qJZYwV8YwtWeFx6sAAtYkV9TyPcVwWyHmcj6NU7,STONKS.png
MAGA,TRUMP,SOL,7Rz1gd2duWCaEatcWJ2XPzvVqAdBTnSUe2YEkJMTwR1D,TRUMP.png
Crazy Bunny,CRAZYBUNNY,SOL,2ncKzZN6b2GbwWZVxQ4Q7nRQZbzqaR61MXrp4J7VE4Zj,CRAZYBUNNY.png
pepewifhat,PWH,SOL,7So8nmhmAMNz7Sc618DPkpJaAy9VnfFvdy6WiBA27PnD,PWH.png
Simpson Family,SMF,SOL,5jmBGMEW1xBMWdkZVXo8pu4BKsewgpHVsdV7GkvViBqK,SMF.png
SolPets,PETS,SOL,5BthRwBakCdXVYq7KQwgAauD5RLW8qLoEyyghh1btypx,PETS.png
Worried,BUFFET,SOL,4teD1Evq7yBo5ud2LDbCVG7XgrM54ep2ndWFnBZe1DVP,BUFFET.png
Epep,EPEP,SOL,EPepv2vbKu53YCkwx1kUAQ6fnyB4FR3kMBvX4aofQAkw,EPEP.png
CRONK,CRONK,SOL,EZgZu4D9MNyYAripEV7fXZTyymSG71Wod8MCqGbVYBVz,CRONK.png
PenisGrow,PENIS,SOL,GXNpuEQ83TXWoxNFQjwjyaDw5pzMbP5DtCZBoZjtmNs3,PENIS.png
Loopy,LOOPY,SOL,2XGmcY1oupbEE32JDREDvkjjFvSU91zfWhCwqxV5GtDk,LOOPY.png
Ewon Mucks,EWON,SOL,252ezuEq49e24uwSdEt16WoTc4Fw4SQLwWdhvH847Uer,EWON.png
dogwifscarf,WIFS,SOL,6vUQsePjhpH67Db6p7Koj1wQsQP1UtovBkWXSrC1DkaA,WIFS.png
SLORK,SLORK,SOL,G5a7ZpNb7SVepRZp1dS3YbfFGcXszzzGEpsTS4JmsDAL,SLORK.png
lowq frends,LOWQ,SOL,7UAzn8R4mBfG1foqyL1169Lzd6cSWXYSLQFXYHzsiNQG,LOWQ.png
MAGA,TRUMP,SOL,fhv6KL6hxetS1tiqybE8BQusucbPAhH73fpoKowWFA3,TRUMP.png
Plerf,PLERF,SOL,FDdzL2Tffk3UzFqrhUG5N8SAVMeQwdCs9GtsWTrT16rF,PLERF.png
Jake The Dog,JAKE,SOL,GPjNUrcXpUMv22kWiZwieMDzP2eNz8NgmDfb48LpDM3K,JAKE.png
DUGE,DUGE,SOL,25HwajZbusQvso1XWA1T41Cd5LVVxHsv91P3Ahq3pcTK,DUGE.png
Rex,REX,SOL,CcTxKZHqU4E2Tek5gh1GZoPZPHncGFkZ36EVMsgDn6sK,REX.png
Lola,LOLA,SOL,2uvch6aviS6xE3yhWjVZnFrDw7skUtf6ubc7xYJEPpwj,LOLA.png
just a cat,MEOW,SOL,64sPyZFGV6gV7bTver4aTacsDXJDJ3iA67iqEax4o4pe,MEOW.png
Memeolorgy,LORGY,SOL,C3Vg7ps6dNPugYCpA52KETpdCytE6ki3oe8ccTsaY63i,LORGY.png
Solfiles,FILES,SOL,948H4FquubpPQxgeYxoo8kiKU12qtRuon8ccnD9r222a,FILES.png
Mike Tython,THAVAGE,SOL,BMWUxm3JJrYn73rxYyfuAsmZZwpG7tGiDr5Qs2VYtGzZ,THAVAGE.png
NEKO,NEKO,SOL,6wdbFQAxDVwUdJrZEnnzgPzsZ1NruvLhf9qCvmSD5DLX,NEKO.png
Book of Derp,BODE,SOL,C7A1EZLszCbjQ8WQ2h2VgZuuqRxXj9yiLcuajbCMrS2W,BODE.png
DOJO,DOJO,SOL,4px8A4VFpxWWFoduF37LKw9cAdMXxjbRBCgSJHQLEH5g,DOJO.png
Community of Meme,COME,SOL,GmW12mAzyTj897Y3pgxDQzpnNid7q58E8T7V56rmaUdD,COME.png
CAPYBARA,CAPY,SOL,FC72MuKzJV29orFFfoPvxZerys8kNxdoADuNaxuJhKeo,CAPY.png
ATLAZ,AAZ,SOL,E6CLaBVMahvkmu7aGzeq4Bm1jugaJVGAJpqxDGH5J4ug,AAZ.png
Jeet,JEET,SOL,2TLDx5M7Z9pfUPbHAboYeTEq6ShzaGhnCwWkfvVyPFyD,JEET.png
Spoofify,SPOOF,SOL,BLU6Aiq3hcRkwvXeq7V61XwDzqm2zYxYAYLVghWVYp6Q,SPOOF.png
Trump SOL,TRUMP,SOL,7yjpNBSXfzF3dfmG1sKgp3mANxeSB65318eUoNmuSvmG,TRUMP.png
Jerry,JERRY,SOL,E4jVYMPqtDL1xeGEnC6u826rUnqM77673jkt1L49daiP,JERRY.png
DogSwaghat,DOGSWAG,SOL,swagi3ArD97FEXCi1AFh5sTFVh82KwKogStWq6DwbMY,DOGSWAG.png
Gatsby,GATSBY,SOL,ALss4p8YdK4RrkAATkd2QkQw1LAmUjbX9xScYRaq6S6d,GATSBY.png
Corn Dog,CDOG,SOL,FPBZ6A3YfcFXLpq9pEmwrNokexQn7yfMffyfwoxoXRiJ,CDOG.png
Book of Meow,BOMEOW,SOL,HXUQvWPWs7BJgzTeX3PyHb8fvFmxvi9Q9hHYzcMVxVbk,BOMEOW.png
WIFCAT COIN,WIFCAT,SOL,GyN5LvPrVvZJcVxNRXi7RDbp9XgRHhpyhUkJiyaWNPHW,WIFCAT.png
Selfie Cat,SCAT,SOL,scatYPdryopAPpriuyn5a4UyPSD9weFP4KCKq9Ykskp,SCAT.png
Catscoin,CATS,SOL,7dr2iYb1Xq29H13RXW1wHhrAqbYF39SDXAU5nGFTpNmU,CATS.png
Cat of Elon,ELONCAT,SOL,694eHngoKMKY5attHLsFh5M1m7zMYCERxsNPBmvMgNJp,ELONCAT.png
SonicWifHat,SONICWIF,SOL,9YYoJ6NaCm1kY76oYNF2uAWTRnJ6nFc4Q5MujeyNo28D,SONICWIF.png
BookOfBullrun,BOOB,SOL,BGehTcKraAndWS3B6cq7UVUXQy4uDY49tANEprsTrUo7,BOOB.png
Astronaut Aron,ARON,SOL,6VPMwgGKqmGCza1Akpgw6CcDt42TExw9zZNnyUwe3bJg,ARON.png
DONALD TRUMP,DONALD,SOL,FPnsEz5bbWMFhS5CXMwkJYgRyZ6pz9P4WC3viAXcRLzp,DONALD.png
TMRW Coin,TMRW,SOL,9LTNfZbi4W3oyd9eF82a3w9iwXajtMRB3jgL6rdrucQ8,TMRW.png
BPINKY,BPINKY,SOL,9vBpdSN7MCP51FfU21HwY8Pwa2ZRxNzbiCP1kR2cCgEe,BPINKY.png
Alaaddin.ai,ALDIN,SOL,5vJhTHZrQqThCDi8nYm767sfN4NyYsNPFNBebUuUPr8y,ALDIN.png
Heroes 3 Foundation,GORGONZOLA,SOL,BqkteTAJXHVK2jkuAxsfcSn8sJnCEjuQjAqQCQUckafR,GORGONZOLA.png
Queen of Engrand,QUEEN,SOL,2rw5kNV8a4yutEbAiVd8Bg74BY1gYt7fTKetaXZZABdC,QUEEN.png
BOOK OF NOTHING,BON,SOL,EYU2k7HZ2JwGqXwRcNtiga4QkVaNnKMP5H1rnkcH7D3w,BON.png
Siu,SIU,SOL,Bctsxd5a6jPrF1QwhXsKCPhEXZMWDs92Azr9ypH4VP1W,SIU.png
Wally The Whale,WALLY,SOL,Fo6tfAkXj74X6j8hati8SxtwZHHcdGeqXVUPLP9Abvqu,WALLY.png
SolSpend,SPEND,SOL,3mp1MN5v7zdGXTvvcC9zUMoszMrh9pNdaCDkAQKc7Fec,SPEND.png
Solana Kit,SOLKIT,SOL,kit3zVeWba8xxV3DB4oFGsfFfTv8qadvRbbtXihuA3g,SOLKIT.png
MBAPEPE,MBAPEPE,SOL,5cJUt4HzoVpRfwAqeNEDfbFJLVNxSpV9rzgPyyY3XLJx,MBAPEPE.png
Doginhood,DOGIN,SOL,GH4y2jhefwwZd9SstPMbrz2VpwRwNcpuC6Db9RCAZ8A2,DOGIN.png
Book of Solana,BOSOL,SOL,5vvt5TEjByxjFJ5EAkN6mzL6Lv6ez4Rf8WDmQJM1naCW,BOSOL.png
SOLNAV AI,SOLNAV,SOL,NAVsy3R5W6WzhZxKzPc8PZ3r4hmjTd9XBYyfYeUrMNL,SOLNAV.png
ThikDik,THIK,SOL,6GVrfuvTxy4Smc7NrT4xFABaTyVjkNtjpJHWiyRhm6x7,THIK.png
Vibe AI,VAI,SOL,7FhLiAXYaJX1HbpJPqASucasxdRYRUbvR25QVXfxua3G,VAI.png
Punkko,PUN,SOL,FaSJ3PKDjaHatJMgpC92cmhjcJxnc8sbTkpaPuTF3hW1,PUN.png
TwoTalkingCats,TWOCAT,SOL,AB1e1rTGF8xSoYzXEwNWohuMHLCMrBoaSxT6AARmQksd,TWOCAT.png
SOFT COQ INU,SOFTCO,SOL,6wYRTqoERmtRrWmsSCsTcLjNavdTMgxjmVhTEuM3S2tW,SOFTCO.png
RatWifHat,RATWIF,SOL,6hsQFV7DsSyyVmu6sm4UkvYbpHTJhiUyB8fr4DdhSmkg,RATWIF.png
KEEM JONG UNN,KEEMJONG,SOL,DXvjHhhvQ2krBxqeEH4C7822XEdjp8ULoDn7PyY3Bmvc,KEEMJONG.png
Karen,KAREN,SOL,3NMRp22ARChFUd2xPtgVLzvf1gCfCjMwb1yjra3P3SB1,KAREN.png
Alpha AI,ALPHA AI,SOL,6HPBookTDQeTvfFiVQ7d2jXUmCt7yFcBgKPWef7uTbFC,ALPHA AI.png
SOLBULL,SOLBULL,SOL,AsL6AyPSG8EQz6KCgqViu2nA7G3E7ZbxK6zpVytqHxxB,SOLBULL.png
Cozy Pepe,COZY,SOL,cozyLxNaoJvQ3KB5dCJdu7MoZiBpwBWGdvc4dkMXnqA,COZY.png
BOMBOCLAT,BCLAT,SOL,2VybYGDqyRBA6a6rgtTn4YJK7veimuZ4iJHAhRjM8Tvh,BCLAT.png
MemeFi (memefi.cash),MEMEFI,SOL,6BhEBfR5YugSbeSyiCZzsf2v2adwUeKzTgfiG2hePhto,MEMEFI.png
AB DEFI,ABI,SOL,CSrKRU8dGbjaSiMdsSLFczN4inKRPqCBkDDutqPJpJU2,ABI.png
fink,FINK,SOL,fink4uFVrKd4HjMbqseTDSYYUkHb8kgiHNnCj28YtvK,FINK.png
Golazo,GOL,SOL,9sjyR4GrozeV8a9xM3ykKPGPXJYASy9AuufzefCyaCnP,GOL.png
Solgun,SOLGUN,SOL,CyJRzN4iavA2b9tQB2YMCMKYBcT9L5LSijLb5TeyqvLA,SOLGUN.png
Andy (Solana),ANDY,SOL,GxojtGb9BMitaKSzJVHcB5XkZHc7E7swSRy9ZwxUxza1,ANDY.png
Satoshi Pumpomoto,BTC,SOL,6AGNtEgBE2jph1bWFdyaqsXJ762emaP9RE17kKxEsfiV,BTC.png
Silly Patek,PATEK,SOL,HKe2YBWf6HH9E2hgdVQiJZM48rXam3Bued9Xb6U1Td4E,PATEK.png
SIXPACK,$SIXPACK,SOL,7DbNpyuYK5H17h51712SdnX1CFh2CXt3x4H6jDiQTsSW,$SIXPACK.png
BOJI The Recycler,BOJI,SOL,EjLFCJm1ojBwVEz1L89sNLy86m28qbJUwkrU9D7Jj5r1,BOJI.png
Quack Capital,QUACK,SOL,5GddexuCGfWx1PgQ5tuHXvqqQ1t24Jwv3mPWeSxw73ys,QUACK.png
SMUDGE CAT,SMUDGE,SOL,9YtudLX9P6BtEihwpg66YKQ3qGBr2KxdXMgTbgcJzxAN,SMUDGE.png
ChetGPT,CHET,SOL,CuDEjiF3MG5hLXrGJe2vspVyLiV48HGZb9dvdgygQbpG,CHET.png
DILLWIFIT,DILL,SOL,E7dvtgzBWyuAnAHnCobW6WBbf2o76kMgedcH5fsYRUJu,DILL.png
BABY GUMMY,BABYGUMMY,SOL,45ATaWaon4n11Cik3WxbUTFtoP1XGPopKnery1tNnzpQ,BABYGUMMY.png
TIM,TIM,SOL,DWjVPqEX4fPFQ47Xb7EegpGhgWzRviYfPoEWPnxz2CRd,TIM.png
dogeatingpasta,PAWSTA,SOL,8ZFAdscxYyFyW3sE9SSACyAtwFj1cMF8SuVZJbxX3wH1,PAWSTA.png
Chump Change,CHUMP,SOL,HJ8WWpsheTMKwuoFkvEuhAzdqqUTgqdS7JVR37rxgnFS,CHUMP.png
BonkWifGlass,BONG,SOL,5n1eL39rUnN2EKbUn1otwGQMPXeQsG7HgdHopYvQifJS,BONG.png
SolSrch,SRCH,SOL,FjhUTic9fAYRQMqdGRVQs6SNdVQEX388Q6qQiuvppwxM,SRCH.png
DogeBoy,DOGB,SOL,CkSFj9MNEfWffXPuJxfcWRWdqHYUMAcvuUdJ7muSLCKJ,DOGB.png
DogWif2.0,WIF2,SOL,2CTtsmmsaopFkom7giQNTRtqA1SCw6rQMXTE9cmkK5GF,WIF2.png
Lenard,LENARD,SOL,54Lk35D58JCLXPbbPt2nMuMSspc2XFogrhZbGx3WESbb,LENARD.png
Vibe Cat,MINETTE,SOL,Gv9oiZwKMHyVtcUhHRDoEqF2C6jWuCfgGdang78FUh6h,MINETTE.png
Solerium,SOLE,SOL,H2fjXJsDJq2ghbXzcYJzQ73sWj6A26qZouLtx6wmrd6,SOLE.png
Mexico Chingon,CHINGON,SOL,BpFmEt9efz3ekb7g35DuWiywX3o9nfsRANX76D1g6fNk,CHINGON.png
GPT-4o,GPT-4O,SOL,5s1boouSfmaUS2zu78DtUSGSvGAviq3d8zNFhPkZjy3M,GPT-4O.png
Bobuki Neko,BOBUKI,SOL,2G4i17fv5oCYbPVeEccV4ZZuM1VeJaxoRjRdmF85Lcef,BOBUKI.png
VolumeX,VOLX,SOL,9HGjB1sTXbG3uDtSLXyN4QpvaJApRy73gDBfk1gNLcp9,VOLX.png
DOGBA INU,DOGBA,SOL,DvNjigpqF7wEhPNzrg4XKmPqxGtXVSgtbefJUcht931z,DOGBA.png
Shibsol,SHIB,SOL,7BPAjesYS2FCY84gzBmMbukFQqC6rLgtYP9twMvji6Pr,SHIB.png
GAMESTUMP,GEME,SOL,6WVsgBR4cauJQJbQBUXNHznaTRii8YmdYMnRB6vVCgvw,GEME.png
Crypto Trump,CRUMP,SOL,HYwvPkLokMZTujmwp7BiEJbqdsLJpPHAJVbWN1YX4QmQ,CRUMP.png
KITTYWIFHAT,KWH,SOL,9yYyPaSyrXcqZJQtiHRqvuWtuUAfsT1UZR3bzcPWjMzu,KWH.png
ReadySwap,RS,SOL,GmHKxCyXdkM1a7cGugYtkbUGsLRR4z1rXgLYiULJ5oco,RS.png
Degen Raffles,RAFFLES,SOL,BVqmzKkvfU6ivP1bJjake42y8r2Zcw6VTqt8FQKts9eK,RAFFLES.png
SOLCAT,SCAT,SOL,CfNh9nSdn1Bp1nWhwEdQMCVu1c7Ts5C4ajHh782hP7Hd,SCAT.png
DONKE,DONKE,SOL,98AexQQqj4SXcJ663ffy4etuWrrCZpMdKyBc4wgC9jKd,DONKE.png
Soltalk AI,TALK,SOL,3Ce4PdWfdGjp2F5gn2iyxz7CDMG7TpwunbKHkF67itqf,TALK.png
milly,MILLY,SOL,6yNcxrS1Fd6Ut3c3bTuJKQLG9xzpbMZCBqTahvpeAXjk,MILLY.png
starri,STARRI,SOL,2GZcmRHmKFWPqkJ9Wm1XAf5kLwFxcYG5cTiTGkH4VZht,STARRI.png
Space Hamster,HAMSTER,SOL,2HUWeimSrRYQrAoVGnAnufRV4KRJRHPtJzaBzmrejQCz,HAMSTER.png
SelfieSteve,SSE,SOL,CAa3j9oD6nDn5AeRmwZ6fcR78TAVXv9kumoihWvSbXsB,SSE.png
Kermit,KERMIT,SOL,C1bGfsqQM2US2Xx8dQf1mcPbYt3t9uFZGjsujMuh7ezt,KERMIT.png
NutFlex,NUT,SOL,4pb6mymm9hYQN6og9uF24eyZ2qwXCWCwGvcR1DkCgeEr,NUT.png
Ribbit,RIBBIT,SOL,ACrrUpnd9uahMBenmHUosXLKKqBMgdQP7we3yqrui9Zx,RIBBIT.png
SolMix,MIXER,SOL,7ftqtVJsWNho9zCswLHkN1w9GuVyWqLdp93rPYuuPB7p,MIXER.png
Wojak Coin,WOJAK,SOL,H3XMGj72YCNPSjZm82NFE5eYUQHckemqpUidVrJP3787,WOJAK.png
Albärt,ALBART,SOL,FXdEk9gaoTsT5wnBpga5NvwrPnQyqq69CyFRaCkU1WKC,ALBART.png
AMADEUS,AMADEUS,SOL,Eq9xBLGnBc2B6wkdoZW6v1aCC4evtSaNPkSFKaDNQNFr,AMADEUS.png
Penguiana,PENGU,SOL,PENGEKyPYXYDnbXGKcjXaSfMsovhcrtPT8S7127tKcg,PENGU.png
Senk,SENK,SOL,6GHdoFhfnpW74VEwyXxu2fP85qezsyKj18ndWHzde8Li,SENK.png
Donke,DONKE,SOL,9t31CoUG4Xb77AW5exQhQtGy3Kz2MPrNifno6tbJzRTn,DONKE.png
GAMESTOP PEPE,GMEPEPE,SOL,98qgKy4R3mVVUZSKZ9i8J3SsWWNaJTZwCWUW7w3hkhG1,GMEPEPE.png
BABY BEERCOIN,BBEER,SOL,7okPYisaUFvpTKu96KJcPLLwGB9ZyCZJjxyKr8CdEooM,BBEER.png
TrumpWifHat,TWIN,SOL,twinRCEqy5GmePxQj1toUrC6YwgTnPUHW2Ra1Yqd1yQ,TWIN.png
Solly,SOLLY,SOL,36CEGUfsUU6XXPHPXi62NKXoQ438qN8o1EZM1dgm6DFP,SOLLY.png
BAMBIT,BAMBIT,SOL,xN9Qd63mUYg7npanmdksmcqp3NQjTcGFQPTyq2F1TQC,BAMBIT.png
Tanuki,TANUKI,SOL,BvvhHk7x6jXgwWXnBhtXMuDCWyoNKoWSp9bMSiixMDok,TANUKI.png
Awkward Look Monkey Club,ALMC,SOL,7f94zk1EgfoeG57Vj5FtDDjMmPNHM4DYs7KRiyd2T4bA,ALMC.png
GEGE,GEGE,SOL,CpaLbvBSsNV9iQTfmUHHomawKH2jXt3HxT6umjcBpnWe,GEGE.png
SLUMBO,SLUMBO,SOL,wxXDvBEFz6r4fXHUjoQB198tM5tA2Te7hH3LS2cxe3r,SLUMBO.png
PEPE TREMP,TREMP,SOL,CE9hf1Nf8saahUTtfMBCwDCPDwwbkFtF3Jha9sr89B6T,TREMP.png
Polite Cat,POCAT,SOL,DuhSwRVN7z8bWjYzwtRv2uDfpAsbTPxDnDezzi9Nsf1y,POCAT.png
THE COQFATHER,BOSSCOQ,SOL,CoywPEGy9SMmE2ipc73SBUCMrm6JCWPvuRdXCQ3CBtqa,BOSSCOQ.png
Bucky,BUCKY,SOL,H7w7UWLkUs1pJG2tfr6pPz2eyxurga9NigidDk1Vnnzd,BUCKY.png
THE BIG LEZ SHOW,BIGLEZ,SOL,BjS3UjckyDNxC9uFBM1kLtmeoq4bGTyxemVeiGeWNagM,BIGLEZ.png
Mad Penguin,MAD,SOL,M3Gac5vej8B4Fzuama5FJ1iGafvgKFj9DzQvkyVpump,MAD.png
RAFF the Giraffe,RAFF,SOL,CEv97t1Qp7FB6XX1PH5ohyrzUCeKAQbCpAjxegJq9HW7,RAFF.png
Tard,TARD,SOL,DoxMHZ3MTuqCjZmZzjTrbYbDBSsmLRuteyUhC8oiwm7c,TARD.png
Boggy Coin,BOGGY,SOL,GMEhF4sFXd9PRR9KJo7hyPjeHdcdg5yxTNP22KKNyWvZ,BOGGY.png
RUTH,RUTH,SOL,DFL8qs5yhu3SnNx3wuwMpMUbGbdfdgUd5NvC2M7xUqdB,RUTH.png
REDZILLA COIN,REDZILLA,SOL,3sBCmA1r4UMH1yJNUDeJviBwzTT4xD8fZjAaYfsZAKFE,REDZILLA.png
BERNIE SENDERS,BERNIE,SOL,3NYTgHnJCqe1EEBiU8k4srfDiRg9Yv2z3hf9tFa3MBAm,BERNIE.png
Winston,WINSTON,SOL,AgfM2wRaSmsLn3tKJj68cynuFn9z3vTc7GhWvTvYJA5J,WINSTON.png
PEME,PEME,SOL,FD9m8Yk2HGhzWoNeQse1pm8H7foo5tWAfHeAwB3LHsN4,PEME.png
LumiChill,CHILL,SOL,BzpqoPc44oaHu9SB5hek1GRNjzc4UwFcL4oWusWozm3N,CHILL.png
Miu,MIU,SOL,ZpXcEXDvM5GQPSbBFpds8brgXKyQrGihYsT2jropump,MIU.png
MAMA BILLY,MBILLY,SOL,7MfWeMpziehjAFQkYTLDB7RNDd3tirydnjBPDbksfRi1,MBILLY.png
LIL BUB,BUB,SOL,3meWn4683ng7FgLVJJB2bYPaNSoqhWdritNdkd4Aw1aj,BUB.png
FLUFFY,FLUFFY,SOL,6hnt5U7RcwLAtWHysPGCNfZ7mPeYvbpMmHVSUpz2iCRB,FLUFFY.png
Catsaidmeow,MEOW,SOL,DPc5aw1FEg71LuKU52RFehWmj38xFCNJ1VkJejbcqD8T,MEOW.png
BOB (SOL),BOB,SOL,7qpKH1bkvoZPDGbtmjHa9opCGnzfeycD34iuDrJBpump,BOB.png
Chinese BEIBEI,BEIBEI,SOL,CibH51JbBBbqTvGABmrAm14WPt7dSnm8mzWVcN6qzF9q,BEIBEI.png
GOLDY,GOLDY,SOL,BCP3tdCpDGyNzcgi8s2abF4EqVzjGQWkhx6xJFDApump,GOLDY.png
50TRUMP,50TRUMP,SOL,5MSfvz2Wg7wbVd5kqLTjdVkUZp7Yo9xkTyVhZpPupump,50TRUMP.png
Borpa,BORPA,SOL,Bv2ajiWdngTyRFabXCKiwGDJh5SEfJwoRPkkTQ2uf6EE,BORPA.png
DopaMeme,DOPA,SOL,Gouk6Q1JyrHJXymfb7KFJkBtZGDdxmGctu9T14zRpNWu,DOPA.png
Beep,BEEP,SOL,B7beofzmsqpnwjNcpx2KSxwkmpqfE7RMZoE7wgqGfCYh,BEEP.png
Baba,BABA,SOL,HhDr7QxQmBm1Us9n6cHdiboLh2c4CmZA9SeuEBC2pump,BABA.png
Kamala Harris (kamalaharris2024.club),HARRIS,SOL,54y5AoY8KPxT5puB5Jie3ubX9Pz2g1UsNf4Ci8BjHvBe,HARRIS.png
New Peon,PEON,SOL,CMxgFgoihfotnVXpFqinjVqvk8ojMXKZ6hfwJ1xo8b78,PEON.png
SIUUU,SIUUU,SOL,siuwworrVnkjU3AE6Zj6uieFGC9JSXiGJ7YWxyScGxT,SIUUU.png
PHRYGES,PHRYGES,SOL,5R2wQvZrfw7fTQhQzsaKht92wz4Tv1mE58LTVpgkTHwS,PHRYGES.png
Tanuki Launchpad,TANUPAD,SOL,7weXBXvBwFH3NZcth8oUYf6wgkLPYPNZzUJAhCMcqnHQ,TANUPAD.png
GIGACAT (gigacatsolana.com),GIGACAT,SOL,6gQgR5qq32xFZ4LGu1d1Ez3sAW3L2d4UdKLPhZLVwUHf,GIGACAT.png
Kem Jeng Un,$KEM,SOL,uhqLr8dDGhQbfZYU5jRLMpkxhQH8eqmUF8DnWq7uVt4,$KEM.png
KET,KET,SOL,9yvjyzmzs2zKjeVxeirDEYnHhUfSmrMS4Y2zS48W6gW5,KET.png
Puppet,PUPPET,SOL,F4WUv643sJWAsGEsYtP5XErDFecHB7R2fguQSNiNB9Dg,PUPPET.png
XGold,XGD,SOL,DSwyt5HR6tmqHzaNWP6HdRbuNTzzgFAENMXDMnqmve4A,XGD.png
The Boys Club,TBC,SOL,EYzraAuzjmriL1d5hw3NNzaE95g8nPJbqasbmooNSjTy,TBC.png
WeWillRugYou,WWRY,SOL,H8wzJncm9RGRrjz44HnHSLyGyVthSdGWgfhKZNFnWowC,WWRY.png
KRAZY KAMALA,KAMALA,SOL,2tvQMBiB4aoxsXhgAPWSUpE1Cas5eSU3bNWa6p6Rpump,KAMALA.png
Cate Coin,$CATE,SOL,CATEkkXvRpQdEZfd8z5uMEptkbmETbEfApPJEHBJDQrJ,$CATE.png
Arky Satoshi's Dog,ARKY,SOL,3kwu1PS6v53eRcqMBpouVjLCz3ytW6F7TaTpjagjMs9V,ARKY.png
Talahon,TALAHON,SOL,GV6zDJDmoAk2KKBKRfzLjptvV5hJtfYFCHoc6jPwpump,TALAHON.png
PopPepe,POPE,SOL,73aSiBpJBAXQPNjFPFoWx2EDjrgquh27ky1DBsMkpump,POPE.png
Onigiri The Cat,ONIGIRI,SOL,9ibewRtF2yGBNumg3K3uL2GahsUeQ1zsBjb76Eypump,ONIGIRI.png
dogwifceo,WIFC,SOL,HrFM4YC2YAc5toWwXrFQGahpNinX53ZpzLTPj3jc2tZM,WIFC.png
Yusuf Dikec Meme,YUSUF,SOL,BNm9Y3XD4tFUEXz7kTSD17RU5BcCNJMfn723vxMZpXEn,YUSUF.png
BinanceDog On Sol,DOGS,SOL,DPekQ4tTrEU9mKhFbQJAjGdZbxK5mNHPa37QvuewG9v4,DOGS.png
Rubber Ducky Cult,$DUCKY,SOL,8Lb4E4ks8TWgyfnCqefPWAkqMGNzzf1Codd34z5t919x,$DUCKY.png
Coconut,COCONUT,SOL,FYzAWUYqmu8kFzERPKkTgVYd4BSbedMjVhYPyLPdpump,COCONUT.png
America Dog,ADOG,SOL,3HHk7HhDWij6nn7Bz44SyCAV2Mwmjh5gfhKyqUvovp3z,ADOG.png
Baby Neiro Coin Sol,BABYNEIRO,SOL,GoRx6zv3tF5tMSVNx9xVAxaQART452DZgA676EbocQkx,BABYNEIRO.png
Fuku-Kun (fukuonsol.vip),FUKU,SOL,7SoY54eqR31jhRyNuGq9yCPxFgJC4nRbaQUiKnP3GEos,FUKU.png
SimonsCat,SCAT,SOL,3zDsHx1828svTTPPiLTGgYWXJikHUh9N3gyuBPeHC78A,SCAT.png
KarateCat,KCAT,SOL,CatYokiJoiBjmAUvMZh9u2BRZrcqoDUiVtSVggXVKbD7,KCAT.png
Neiro Solana (neirosolana.me),NEIRO,SOL,CRDhyUevseDnVk2jng3Lg4WuGBW7obz8TYKBQeYAftJy,NEIRO.png
ZAZA,ZAZA,SOL,GjmjiQEDTpyoq83ULjbLSNKcK1mEg36MmkiQ6Eh6DFkf,ZAZA.png
GONG,GONG,SOL,5biNqwsXWSU4bbg5BJP1hdjrTmyVLuwmmc4CfFpVMZVZ,GONG.png
KEN,KEN,SOL,KENMdm22KMgjgGhQ19yLtsLD4vaheJBmg3v9KwuFnM3,KEN.png
The Eagle Of Truth,EGL,SOL,DCCA1ivqRYFqwSQTz3ArKfKpD6uXv6an8jDW5s3EvkQZ,EGL.png
Labubu,LABUBU,SOL,H8Nksq1Ty6n39KFqyarsy6TFobE25rFXoc7hV8RvoEm1,LABUBU.png
Kollectiv,KOL,SOL,KoLzhrMy8VbHYttSB2tLRRmAB5bzzbAR3r5zx9oye87,KOL.png
SolBoss,SOLBO,SOL,7fku4rvRsz2mWW1TpK6G8FxomeNxZCcgUZZSTkD54wuC,SOLBO.png
DOGS SOL,DOGS,SOL,3wxKbPd7pyWmzzTcp23VQuWBY43cbZqoxPTTgnXY7cqJ,DOGS.png
FREE DUROV,DUROV,SOL,5nY8hATYyxhPjA6jpqqCqaQioCHgY6NkHJG45DAfuKdy,DUROV.png
Lolo,LOLO,SOL,FW62GRBHvMXkW7RaC9PhAJcwQGkBpwoyDuSwXvNLoLo,LOLO.png
Catgoku,CATGOKU,SOL,9D1PVa9mJKtXXjDGQW4sRDYQwaJxnWoPSrQEGoFq7Gei,CATGOKU.png
Alman,ALMAN,SOL,2UXQvRGgZTZywU1TsnYtFy7hqoNwDEEW6XqADsqnpump,ALMAN.png
CHEWY,CHWY,SOL,32NWqsk97qdKDUcyfLoqhgdnUKouaTXHrX8xn6Hu7KqL,CHWY.png
Paco,PACO,SOL,AbK6sxHUV26mqQFTw8HgckKApHyev1ESZsKiRTJcFESB,PACO.png
Faptax,FAPTAX,SOL,BDciduUgepb9DehoJ1CDK1gqNkUUKusQP7PwHr9cTwX2,FAPTAX.png
Drop Chewy,DCHEWY,SOL,B2q95QK5uhQRaLJVEP1wbnACUGCPhfbbUb4LKG9AmV9H,DCHEWY.png
Depression Inu,DEPINU,SOL,EBfK1MYYZ3ScxAhFdcdwL4VPBm3FQdYx4e9wP9zMHtcp,DEPINU.png
CATALORIAN (catalorian.club),CATALORIAN,SOL,7uaMDP4WPktzDmXVuiuNVzjvSgVCzNerUumqkVhGh7XE,CATALORIAN.png
Catizen on SOL,CATI,SOL,6vrEZV86doP7VB2uqX4th8KB3dbd2QgcQh56RvEPx713,CATI.png
MOO DENG (moodengmoon),MOODENG,SOL,5UDpbvgkdrkJiUrU3Zh4xuLyaHeiEJMZfC4vyjpspMJU,MOODENG.png
Rintaro,RINTARO,SOL,AFivsHqtajxcbQmyuZ7TQymx1ypSs6S74dLEY4BGRxXf,RINTARO.png
Crypto Burger,BURGER,SOL,7B9QV7RD3sa9njiESBEgMtHYyLKiM6wa7HrE6pi6tL87,BURGER.png
Law of Attraction on Solona,LOA,SOL,BjuNRPzhv5YMiQ4UECp1mX2cfo5ZJU1ZrVvSFCwvTb59,LOA.png
MOODENGWIF,MOODENGWIF,SOL,CkXMc7jucs85oPfFsE4N51TgKWttSPuFuu6AAGZYpump,MOODENGWIF.png
Sancho,SANCHO,SOL,E33ise4T7jX4ngT5sMVEMFEumksGNgwEWvvM2EcpgV5B,SANCHO.png
BATMAN,BATMAN,SOL,EtJcUdtVsDFQYhitUELnBE8PR3JvG1DPkYMT2xuZpump,BATMAN.png
Grumpy Cat (grumpycatspl.com),GRUMPY,SOL,2JC3PBcLxAvFPEYbF9ebJPW1znnrdxJRQLBHSBFspump,GRUMPY.png
KAMALAMA,KAMLA,SOL,GFNQHAAo1j4cQ1YndybxBKNiXzCLMk69bGDADCVFpump,KAMLA.png
SLUG DENG,SLUGDENG,SOL,9FR5WtxBfu6RcDxKTZUBwfLdEnfUB8SBWXBbjcA28q8Y,SLUGDENG.png
SoBULL,SOBULL,SOL,DBNCHKkwHLkP7TSnaqarXqC3tPhxU6ss7G5kBW6yt1zW,SOBULL.png
KIMCHI,KIMCHI,SOL,8RpTEVxrfRtJj1BbW8LwTjVyiZ76v6y3wpeaV6jTW3PD,KIMCHI.png
Len Sassaman,LEN,SOL,CDiAtpJM9eqbx967aeuMEG9Tk7saSHaKTeX2buSGCu5u,LEN.png
Len Sassaman,LEN,SOL,G31LJG7sSXTbv6e4hqQvVHieKH7ytjfTKjz15gJUkR5T,LEN.png
PUNK - SpacePunksClub,PUNK,SOL,F7MqYKZ5ZqAkUu8L6B5vMuzWLkaKCDNSexGMmCmM5o3W,PUNK.png
Peter Todd,PETER TODD,SOL,2WJXUViAryEpJGvbCPpJ9PbmmhrPCPtEKiHrsuSs3F4D,PETER TODD.png
ROBOTAXI,ROBOTAXI,SOL,FstfNjRFcvknXFRcEzSjnC5BrDBcncic4BbE8ofbruCt,ROBOTAXI.png
SUPERCAT,SUPERCAT,SOL,6pcecbkiNAJBNQqbmw7KYfzikrtwzUqmBKusJfKJsuR6,SUPERCAT.png
Kabosu,KABOSU,SOL,92EcDYWSA9YRhtmPWzUFqPyzDfkjF7AkF8AxVJt5LXYM,KABOSU.png
Ai-Da robot,AIDA,SOL,7GSgGjrjdQmfQni7jCJd8WNo7i13wTczviXo2GNn3RAW,AIDA.png
Peeno,PEENO,SOL,BvF9XnWKqMX7x6THExyZLqkSm2wzqoFPEBcTD4BjQa29,PEENO.png
GitHub's Mascot Octocat,MONA,SOL,EvyZHV5JCszJujfj8LpvCsk4wmzeLCfGZeUgebB48YXv,MONA.png
Bitcoin Mascot,ALPACAS,SOL,7r1FEKN95VkSgXLKf5bmqxDTQNd3uvm7i43tzckj8eBe,ALPACAS.png
47TH POTUS TRUMP,47TRUMP,SOL,7aBf3zq7ZdACihGZ1kwciJ8agd6GFcsc9JHhHyq8sS6,47TRUMP.png
Book Terminal of Truths,TERMINAL,SOL,7XFXYYiqrEQLLkAGvvxaoh6iYkVYQ4K7XXtKoRShpump,TERMINAL.png
Goatseus Maximus 2.0,GOAT2,SOL,6veaegp72hcw2HpBDsgj87rc8GZboHX8QiaMxVACpump,GOAT2.png
Donald J Trump,DJT,SOL,GRPCVjqksypAaVXxwNzCdr1xTW9zPmNXB78c6tiU8wGZ,DJT.png
mimi,MIMI,SOL,6vu7GphwLg6WfUVqfCBWTcpW4gQeBAws6VZSsAju1GoM,MIMI.png
Obi PNut Kenobi,KENOBI,SOL,6txVUc4uUQNF7yoMCD8SnBcmr7CxoHHALoERkZT1pump,KENOBI.png
Ace of Pentacles,ACE,SOL,FofgVUkAzbffK3mw8ZEwMof8Lbpx59KkXRV4exhkpump,ACE.png
BluffCat,BLUFF,SOL,ERuVbcuTrs3UCQ64391JfrpVdv4JLkqABCiZNujxpump,BLUFF.png
Peanut Trump,PNUTRUMP,SOL,6tNGwA5pTMr9BFkgqMfBYK2NztBmDnumvhrJrn9PJAXr,PNUTRUMP.png
BabyPepe(babypepememe.vip),BABYPEPE,SOL,3NWSLKCNABVikM67HDr2Cb89k7CbPErYuJrhd93npump,BABYPEPE.png
Lil X,X,SOL,8X9zWQf7yrFqFfa4n2KwR36p1b7XkSXUwW1FvQGkDJzv,X.png
ATH CAT,ATHCAT,SOL,EUjqbTAhVoArG9u5YCA25hAsk7uTCZ5KcDsVmkMNpump,ATHCAT.png
Safu & Kek Gigafundz 888,SKG888,SOL,Dc29xEisYZXfCV3WHgyhjnwPYS53fZ1n2YPGFEC1pump,SKG888.png
PEANUT INU,PEANUT,SOL,c5fUAyx7bRfp16h8oYsbgmTPukUjBUhMKihontW4UwS,PEANUT.png
TRUMP DAO,TRUMPDAO,SOL,6gWedBV4vH7XBsmHpHuEeNCg5kpC9GQqAGiNV3efpump,TRUMPDAO.png
Mike Tyson,TYSON,SOL,9xsqFXQvjU3A9QuRhCEi9hzfSXFH7hQxyCvUDgWxpump,TYSON.png
KOTARO,KOTARO,SOL,8MmHXuCSKVGVn5KeioqJyotHSfF31EZDpUQGVhGCpump,KOTARO.png
NUTZ,NUTZ,SOL,9FMSyhnwCaYhD3kqT5XaT6XtbPv3DSLDAPaycyyJpump,NUTZ.png
Cheyenne,CHEYENNE,SOL,FQoTrhyGXfcpxtfLrxFyvHKA8brm8mGVHH4iiMBPpump,CHEYENNE.png
Oldest Raccoon,MERLIN,SOL,4qyTqu7uumWAMLJEYMuGVUrngP7AU97K3RvjzRFNv37f,MERLIN.png
deadstag,DSTAG,SOL,6URpLQmJStfS8hCk2uiDstCJJYqNnGyUcYFLT786aen2,DSTAG.png
PNUT DOGE,PNUTDOGE,SOL,Ea5syZ1REa5dAzjcjX9NrYoKjadMSqGHSvZAV8vFpump,PNUTDOGE.png
The Three Musketeers,3,SOL,4PAGoWa23phEs3qHo2LoiFpsY6EnXZnHPuRdmeoTpump,3.png
Bad Santa,XMAS,SOL,XMASaA7Lp7yQdYRFoAxb2C4TbfxVipG4BkpPxCrUPnv,XMAS.png
Tyke The Elephant,TYKE,SOL,9dJ7YzCCzAti2pRMkAzJCdK1uteScvcep7ANuGzDNeG6,TYKE.png
Presidentexe,$AIMAGA,SOL,6o4VNw7px6Vv5YW7g3HJQwfGhFqQCEaTCeCHDuYErmxg,$AIMAGA.png
No Mans Land,NML,SOL,AmcVWyNPMHF3dxmGSQun8wgWdRwKD7t6VcjBQDHwpump,NML.png
The Dogefather,DOGEFATHER,SOL,6adga8c2v3HMgin7jcrp9VkH7r71wCnotEfAPepM95K1,DOGEFATHER.png
AI DEV,AID,SOL,HuXXFCWArVDShSinjxtboW9vEtqyZoKuLKPBVA7K2Udh,AID.png
Dogecoin on SOL,DOGE,SOL,2Va1uz4qvj5MxKW3s19KNHRJtxu2JHdfe4KMtyZTncMM,DOGE.png
Life,LIFE,SOL,7r9fn99PcPj8YeT9f5i4e9hFwCFGayqyKBKU28Zrpump,LIFE.png
Gen Z Quant,QUANT,SOL,4yfM8Ndr6ZpQiA9US6WUzHdZzCTUaf1THyKBTD5ppump,QUANT.png
im just a girl,GIRL,SOL,8TFJUPvQgzPXZadxWUA7vvaNhbiPw3KXdtfVTGsnpump,GIRL.png
Mog Coin(mogcoinspl.com),MOG,SOL,EcQ51qJCMQdngpk3pqiwTAzqdwUQzBMp4Ftww8bxbXQi,MOG.png
uwu,UWU,SOL,67EMa43TZVQzggmhUyKnShmcSU5hVWcQDjVvLJXrS2Li,UWU.png
Gnome,GNOME,SOL,2J5Dpp57RsjLBkJrEvyrAQpg8qWvgadUeJR4Ln7bpump,GNOME.png
ADHD,$ADHD,SOL,9af4jTBxfxNm1smV9xMZaXZ677FsD67wVkuSEdiYpump,$ADHD.png
Doge Matrix,MATRIX,SOL,DE1yU7zfUqSXK61owRH6zZUyhXwJbhw9ohwtr8ZmtMp5,MATRIX.png
Keanu,KNU,SOL,A88EaDaxmui6kGAy9MqEhLSpx1Ds4bHcPeK3kNVXpump,KNU.png
Ice Cream Sandwich,ICS,SOL,4KUxcdAFHefvBJJuEJM8kdHStzA2KymScYriTCX1E4AE,ICS.png
BitNomad,BNOM,SOL,3miog1JNhsfJ8UxTmyGKoR3BXDL5XKK8T5eEbLzjSKFH,BNOM.png
Sugar Bush The Squirrel,SUGAR,SOL,9wBNNCXg8pb4SZpTY868CEr74S25Qy1JmGHFwo9F37dC,SUGAR.png
Pump Fun Ban,PUMPFUNBAN,SOL,FaA7TW9Nf9XyfbeTUBoeSm6QG2BaAjw1YJF3y8HxsDaW,PUMPFUNBAN.png
CRISPR,CRISPR,SOL,y7wNY8XY2U1Epg4ocFLzSod7HJnto8Mfv9x7BiNubmb,CRISPR.png
Golden Frog Inn,QUESTS,SOL,BMYapkcWzotYb2jTC2FRRAkAs9paz37mQ7j96vRQpump,QUESTS.png
SquidShip,SQUID,SOL,JAzyFsJu96zZgtKuyS8KDdQFVpAKHkkm2HEjgHVFpump,SQUID.png
Imagine We All Held,IMAGINE,SOL,4DFHSt7byviLNAjF8TQhxLfXHF1EBjzj8rGzA6tvTefU,IMAGINE.png
FEFE 2.0,FEFE2.0,SOL,4iVuG11tpoLJ1Kkxr6wtmgpPT2LaWYunRUiFcL5vKspj,FEFE2.0.png
Duke The Alien,DUKE,SOL,HqGetd1EnMZ7HJNkVnWWcYMKwQET9UAkyg9HVYddVvMi,DUKE.png
High AF,ATH,SOL,teBPKvR8PH4n58BCvHKVotLKaV9RAoB8taWTmkMpump,ATH.png
Werk Family,WERK,SOL,7uJQPmrQwwvrV8Zmz1PtLGrMa4tXSSaRW98yLmFzpump,WERK.png
Buddy The Elf,ELF,SOL,4AkMp1178szLkMk2My3EFxvZ6tvk8ryGMHS12gwZmTDM,ELF.png
IMMORTAL.COM,IMMORTAL,SOL,AnnyAUDoKXn5f7hWDsywsqchv1pTMu5JiPK8WcWqpump,IMMORTAL.png
OLAF,OLAF,SOL,9iUX4DG2BqmJSGHvZcqx75UM4BRXKUMHLVL2d7P2pump,OLAF.png
Degen the Otter,DEGEN,SOL,BjJhZJz11xpd7PkPFTsMvkCcQrEWRmMpNYUe6K9GT8cH,DEGEN.png
AlphaDOGE,ALPHADOGE,SOL,8w9YHUm2QDRhoBNA24Dwp1BfDixTk6Jz7DmmMtw62zht,ALPHADOGE.png
Gizzmas,GIZZMAS,SOL,9MmuDBQCbGGYLGKGajNpfwWBja1sXhxmPgbLowMFpump,GIZZMAS.png
XRP Earn,XRPEARN,SOL,FkPLQuEzRhsvdeAG6J9t78hTsZNzA6CiFax6UbtaFy8S,XRPEARN.png
BTC100K,BTC100K,SOL,DAFhQdMJPjyLuTrCMf7Ex8juXxHBbbwpXxg3xoN2GNXT,BTC100K.png
bunbun,BUNBUN,SOL,GpGo2C5KNXojBNChAs9g97fizSw7rvhHskodcMZ2pump,BUNBUN.png
Merry Jeetmas,JEETMAS,SOL,HBYZRmsavnEiNxgwHdAskvajETR5TQBK7T9WrZKCK3s3,JEETMAS.png
KAKAROT,KAKAROT,SOL,7GkBLWaCutiFgw1JT4J9jekNssJKVGnCQxdfxDM9pump,KAKAROT.png
Roaring Kitty Time,TIME,SOL,JDN9DJFjDfoiqbsDWNazKhJJDTr1o1TnZ8zSx59FaEB2,TIME.png
Virgin,VIRGIN,SOL,2MtX583jbXXKnE4BvghsEi4ud3uQJEkJVnt7oWc3pump,VIRGIN.png
GOT EM,CIRCLE,SOL,DU6eKdghQCiSmPJ9gUpecR9T7ufMmaBBCS3d77bspump,CIRCLE.png
XNA,XNA,SOL,AMvGPNVTjvACeQkqqDUgYggFBKv1XBNcwtAEV8uh1Ev7,XNA.png
ATP,ATP,SOL,Cvkdze6NJb4zRz8x93QB9jwSxa3nkxY5VMnYs7JU9zge,ATP.png
[Fake] pudgypenguin.xyz,PENGU,SOL,CD38LKRQc6k7DttkjJEmx9BMQjvRZt2ABvbebSxJCyAw,PENGU.png
CELL,CELL,SOL,Bs9QfRGKFjappKEWUyjV5z6KEyNfw5c2hUh8Uygs1v1g,CELL.png
Bobs and Vagene,$PAJEET,SOL,BobsP6fPqU8DHHQFSkE9Kmz9TyfgXyr3wjPHtkEJUr8T,$PAJEET.png
Longevity,LONGEVITY,SOL,GETBQuMgDomcG3SFgrnTW7ZNFuBtnMLxe88rujZ39Pm2,LONGEVITY.png
Hermy The Stallion,HERMY,SOL,FBhF2pcytFSTcTzQWCxisLCyrYDqmRZDu4mrGp1Spump,HERMY.png
Massive Meme Outbreak,RPG,SOL,EPx8G5APgtDeuv3dQR7TQDm8R6eBtf7bTxS1VfC2pump,RPG.png
Ronnie,RONNIE,SOL,HjDov9j4ByNX9MMgD4w1LhU4DYLB5xABYh7SXLuszqU1,RONNIE.png
Solycat,SOLYCAT,SOL,5v62ivFK6pAERaZC8ysBD66dCJS83MbqyVAmXYddbM78,SOLYCAT.png
Slof,SLOF,SOL,HgJNMys1oGKD1NcA2j7BMyKHZkwBdRnLRi3TkF3aRK6,SLOF.png
Just a chill girl,CHILLGIRL,SOL,FUy7ETm8dQvEsUhb12CmnD6xvM2xfdGHUxhPB6ZQq8Ut,CHILLGIRL.png
DeSci PEPE,DESCIPEPE,SOL,7GyB4dtYc4zZhdyAWcNsceJYVAztjYTRhb2iKLbc9nUY,DESCIPEPE.png
Yahtzee DAO,HAIYEZ,SOL,6hUC9DN73kdinkth3JdELGYnEbLEnEE4NvbzzoG3yPKK,HAIYEZ.png
Just an eye,NOSE,SOL,Gr8Dv7tGb7oS4L3AqHJZVABzwZC3yosrF1WxdXppch1A,NOSE.png
Mission Moon,MOONX,SOL,GrtvB1k2AkNaqDb7dsFJoLrrSpqMoiYEu6ZU1dARWme3,MOONX.png
Claire Bear,CB,SOL,AVgyp2QJ2f1ZAAj4PcvmQqsPBbxKNqfJif9oPjHca6cK,CB.png
Santa Squid,SANTASQUID,SOL,B1FiftahKcsgdd1E8ST85kwXpAb2uF96r4yBh1pEDNjj,SANTASQUID.png
Santa Pepe,SANTAPEPE,SOL,EbeAqDRcXDTrHNofwP9wgsUtpGURxUcnjS4vP1fMA7U,SANTAPEPE.png
Xmas Penguin,XPENGU,SOL,CEZaUxZyWMpRzTPwpmB9MdxLiuM3t2mHsCkcpruWYRDV,XPENGU.png
Squid Game 2 (squidgame2sol.site),SQUID2,SOL,5RJZ1hT88jmasDDRncnRo9QQEUfmE4SVmWnjGoSh3VWh,SQUID2.png
Wang Ju,WANG,SOL,GzAJFVoiBNsALToyybGUKgMqpcR2dLC9vh9euqXYsaDq,WANG.png
XMAS PEPE,XPEPE,SOL,BZK5XkFXAYUZvWMUAPpwGQ5iukfg9xnGJLZJDdEtCj8D,XPEPE.png
HAPPY MONK,HMONK,SOL,GavEwjgSqSBgV7z7dryGCqTEQzpMMSkUSjByujidrzWT,HMONK.png
Toki The Dragon,TOKI,SOL,JBoBHJhN7vsQM2sU9h9sqfEj7EMqx2EDv3GfZuUV7FrG,TOKI.png
Sowlana,SOWL,SOL,EQg7tccG3DzgeSxZxKT1ykTF1se7yz1geW9e132upump,SOWL.png
Goblin Mine Game,GMG,SOL,ESXX8u6MqdVuSQHrwxwqote7DkPkrcNEhLMagaL3Seho,GMG.png
Red Blood Cell,RBC,SOL,Q6zuu1SWayYE17eJT6JMEJqv4E5y2SHu2SQyVFK7sNm,RBC.png
Atom,ATOM,SOL,CKxpDEY7i2NFoDznNLiaN8auKFGnb6epjH2VabiMKowV,ATOM.png
White Blood Cell,WBC,SOL,AmqritCDJbQUJP8Zzrixc39ie7DknSfmx63WHtCBGKJ6,WBC.png
Lil Pudgys,LPENGU,SOL,Evenwqqc4uBA5NueXGSvp6uei4SjfnyK6DtThzK2AWM9,LPENGU.png
SQUIDGAME DNA,SQUIDNA,SOL,GTB8dXm84XqS1A5UoMovZqKifyovXsJdR73s4oFMFFfC,SQUIDNA.png
DOGE ONE,DOGEONE,SOL,JB65uE4SAfD8xa8PygoaqJb8VCuTi7eJvd9JynVb5k77,DOGEONE.png
Catalyst,CATALYST,SOL,99b7trQgQezDWyTLdbVpaWqsn3JKgixkHsPviHE7LVHf,CATALYST.png
Chromosome,XX,SOL,6JKE7B4hCnVaRGXo6ShzVM9jr71EvBSyrEPgKcwS5keC,XX.png
Hopecoin,HOPECOIN,SOL,9he843sgdveqe2f38PE19sRFemZQATvbEPZNYU59pump,HOPECOIN.png
AI Glasses,AIGLASSES,SOL,FabY4yBrANQse9Fwt8vc2dJYCbtd4eQGetrAvGpZd1GW,AIGLASSES.png
Drug AI,DRUGAI,SOL,Em7LYa7RfGmLRUs3P25CdU2CfCkpSsNYtNSmiNVCpump,DRUGAI.png
ideax,IDX,SOL,BKzTtgn5th95fAF6m6XcDq211kzaUqwCnsqtWrE2gFWX,IDX.png
ELON BUYS TIKTOK,EBT,SOL,EKPij65WijErXKmDEWAoZkKzdYwjNVw5xXBzZk3npump,EBT.png
TrumpX Ai,TXAI,SOL,Bw3UFW9JWPKH2e7WzSZAZLnLjvodD6PsiVmHRqW2uFnE,TXAI.png
Yi long ma,MAYILONG,SOL,Af1pGhpHGtC3Z32mfGSDb4dT1rv7aGsFzbyZK6PVtpvG,MAYILONG.png
Baby Kekius Maximus,BABYKEKIUS,SOL,GxNzqTcf378Tt7LS1i3JqD6AauNf8JnRCyro9hFdutt3,BABYKEKIUS.png
Melania Trump,FLOTUS47,SOL,B1u6JFKpwFCMQ5p797WA4wAAEwxey2bmZF9GoWBopump,FLOTUS47.png
OFFICIAL RYAN,RYAN,SOL,DSujpGT7Td9AVr8wRiZ5dQzXyRB8p9vV5maZuJf3TK8a,RYAN.png
WETH,WETH,SOL,7vfCXTUXx5WJV5JADk17DUJ4ksgau7utNKj4b963voxs,WETH.png
Wrapped Bitcoin,WBTC,SOL,3NZ9JMVBmGAqocybic2c7LQCJScmgsAZ6vQqTDzcqmJh,WBTC.png
Wrapped BNB,WBNB,SOL,9gP2kCy3wA1ctvYWQk75guqXuHfrEomqydHLtcTCqiLa,WBNB.png
Lido Staked ETH,stETH,SOL,H2mf9QNdU2Niq6QR7367Ua2trBsvscLyX5bz7R3Pw5sE,stETH.png
Marinade Staked SOL,MSOL,SOL,mSoLzYCxHdYgdzU16g5QSh3i5K3z3KZK7ytfqcJm7So,MSOL.png
Wrapped Solana,SOL,SOL,So11111111111111111111111111111111111111112,SOL.png
Jito Staked SOL,JITOSOL,SOL,J1toso1uCk3RLmjorhTtrVwY9HJ7X8V9yYac6Y7kGCPn,JITOSOL.png
tBTC,TBTC,SOL,6DNSN2BJsaPFdFFc1zP37kkeNe4Usc1Sqkzr9C9vPWcU,TBTC.png
Binance Staked SOL,BNSOL,SOL,BNso1VUJnh4zcfpZa6986Ea66P6TCp59hvtNJ8b1X85,BNSOL.png
Wrapped Matic,WMATIC,SOL,Gz7VkD4MacbEB6yC5XD3HcumEiYx2EtDYYrfikGsvopG,WMATIC.png
Sanctum Infinity,INF,SOL,5oVNBeEEQvYi1cX3ir8Dx5n1P7pdxydbGF2X4TxVusJm,INF.png
JPool Staked SOL (JSOL),JSOL,SOL,7Q2afV64in6N6SeZsAAB81TJzwDoD6zpqmHkzi9Dcavn,JSOL.png
BlazeStake Staked SOL,BSOL,SOL,bSo13r4TkiE4KumL71LsHTPpL2euBYLFx6h9HP3piy1,BSOL.png
Edgevana Staked SOL,EDGESOL,SOL,edge86g9cVz87xcpKpy3J77vbp4wYd9idEV562CCntt,EDGESOL.png
Solayer SOL,sSOL,SOL,sSo14endRuUbvQaJS3dq36Q829a3A6BEfoeeRGJywEh,sSOL.png
Renzo Restaked SOL,EZSOL,SOL,ezSoL6fY1PVdJcJsUpe5CM3xkfmy3zoVCABybm5WtiC,EZSOL.png
Balanced Dollar,bnUSD,SOL,2yN29zk8jgRTW7GUF9WwYAEz8vvABVnvbfQc5DpGi9CJ,bnUSD.png
Lido Staked SOL,stSOL,SOL,7dHbWXmci3dT8UFYWYZweBLXgycu7Y3iL6trKn1Y7ARj,stSOL.png
Renzo Restaked JTO,EZJTO,SOL,ezjtoE6PYVnWkbJJYEsGHgR3rXgBydi9eeB1YHP8cVg,EZJTO.png
Subsocial,SUB,DOT,2101,SUB.png
Interlay,INTR,DOT,2032,INTR.png
Apillon,NCTR,DOT,1024,NCTR.png
Tether USDt,USDT,AVAX,0x9702230A8Ea53601f5cD2dc00fDBc13d4dF4A8c7,USDT.png
Ethereum,ETH,AVAX,0xf20d962a6c8f70c731bd838a3a388d7d48fa6e15,ETH.png
Chainlink,LINK,AVAX,0x5947bb275c521040051d82396192181b413227a3,LINK.png
USDC,USDC,AVAX,0xB97EF9Ef8734C71904D8002F8b6Bc66Dd9c48a6E,USDC.png
USDC,USDC,AVAX,0x3ad9dfe640e1a9cc1d9b0948620820d975c3803a,USDC.png
Dai,DAI,AVAX,0xd586E7F844cEa2F87f50152665BCbc2C279D8d70,DAI.png
Avalanche,AVAX,AVAX,FvwEAhmxKfeiG8SnEvq42hc6whRyY3EFYAvebMqDNDGCgxN5Z,AVAX.png
Uniswap,UNI,AVAX,0x8eBAf22B6F053dFFeaf46f4Dd9eFA95D89ba8580,UNI.png
Aave,AAVE,AVAX,0x8ce2dee54bb9921a2ae0a63dbb2df8ed88b91dd9,AAVE.png
Maker,MKR,AVAX,0x88128fd4b259552A9A1D457f435a6527AAb72d42,MKR.png
The Graph,GRT,AVAX,0x8a0cAc13c7da965a312f08ea4229c37869e85cB9,GRT.png
TrueUSD,TUSD,AVAX,0x1c20e891bab6b1727d14da358fae2984ed9b59eb,TUSD.png
Synthetix,SNX,AVAX,0xBeC243C995409E6520D7C41E404da5dEba4b209B,SNX.png
Terra Classic,LUNC,AVAX,0x70928E5B188def72817b7775F0BF6325968e563B,LUNC.png
Compound,COMP,AVAX,0xc3048E19E76CB9a3Aa9d77D8C03c29Fc906e2437,COMP.png
1inch Network,1INCH,AVAX,0xd501281565bf7789224523144Fe5D98e8B28f267,1INCH.png
Axelar,AXL,AVAX,0x44c784266cf024a60e8acf2427b9857ace194c5d,AXL.png
LayerZero,ZRO,AVAX,0x6985884c4392d348587b19cb9eaaf157f13271cd,ZRO.png
Basic Attention Token,BAT,AVAX,0x98443B96EA4b0858FDF3219Cd13e98C7A4690588,BAT.png
Ankr,ANKR,AVAX,0xDF474B7109b73b7D57926d43598D5934131136b2,ANKR.png
SushiSwap,SUSHI,AVAX,0x39cf1bd5f15fb22ec3d9ff86b0727afc203427cc,SUSHI.png
WOO,WOO,AVAX,0xabc9547b534519ff73921b1fba6e672b5f58d083,WOO.png
Oasis,ROSE,AVAX,0x12AF5C1a232675f62F405b5812A80e7a6F75D746,ROSE.png
yearn.finance,YFI,AVAX,0x9eAaC1B23d935365bD7b542Fe22cEEe2922f52dc,YFI.png
Frax,FRAX,AVAX,0xD24C2Ad096400B6FBcd2ad8B24E7acBc21A1da64,FRAX.png
GMX,GMX,AVAX,0x62edc0692BD897D2295872a9FFCac5425011c661,GMX.png
Flux,FLUX,AVAX,0xc4B06F17ECcB2215a5DBf042C672101Fc20daF55,FLUX.png
Frax Share,FXS,AVAX,0xD67de0e0a0Fd7b15dC8348Bb9BE742F3c5850454,FXS.png
UMA,UMA,AVAX,0x3Bd2B1c7ED8D396dbb98DED3aEbb41350a5b2339,UMA.png
Spell Token,SPELL,AVAX,0xCE1bFFBD5374Dac86a2893119683F4911a2F7814,SPELL.png
Orbs,ORBS,AVAX,0x3Ab1C9aDb065F3FcA0059652Cd7A52B05C98f9a9,ORBS.png
Cartesi,CTSI,AVAX,0x6b289cceaa8639e3831095d75a3e43520fabf552,CTSI.png
TerraClassicUSD,USTC,AVAX,0xb599c3590F42f8F995ECfa0f85D2980B76862fc1,USTC.png
JOE,JOE,AVAX,0x6e84a6216eA6dACC71eE8E6b0a5B7322EEbC0fDd,JOE.png
EURC,EURC,AVAX,0xC891EB4cbdEFf6e073e859e987815Ed1505c2ACD,EURC.png
Synapse,SYN,AVAX,0x1f1e7c893855525b303f99bdf5c3c05be09ca251,SYN.png
inSure DeFi,SURE,AVAX,0x5fc17416925789e0852fbfcd81c490ca4abc51f9,SURE.png
BUSD,BUSD,AVAX,0x9C9e5fD8bbc25984B178FdCE6117Defa39d2db39,BUSD.png
Stargate Finance,STG,AVAX,0x2F6F07CDcf3588944Bf4C42aC74ff24bF56e7590,STG.png
Osaka Protocol,OSAK,AVAX,0x96E1056a8814De39c8c3Cd0176042d6ceCD807d7,OSAK.png
Coq Inu,COQ,AVAX,0x420fca0121dc28039145009570975747295f2329,COQ.png
BENQI,QI,AVAX,0x8729438EB15e2C8B576fCc6AeCdA6A148776C0F5,QI.png
ViciCoin,VCNT,AVAX,0xc6BDFC4f2E90196738873E824a9eFa03F7c64176,VCNT.png
OX Coin,OX,AVAX,0xba0Dda8762C24dA9487f5FA026a9B64b695A07Ea,OX.png
DEAPcoin,DEP,AVAX,0xD4d026322C88C2d49942A75DfF920FCfbC5614C1,DEP.png
Stella,ALPHA,AVAX,0x2147EFFF675e4A4eE1C2f918d181cDBd7a8E208f,ALPHA.png
Telos,TLOS,AVAX,0xed667dC80a45b77305Cc395DB56D997597Dc6DdD,TLOS.png
Pangolin,PNG,AVAX,0x60781c2586d68229fde47564546784ab3faca982,PNG.png
Ampleforth,AMPL,AVAX,0x027dbcA046ca156De9622cD1e2D907d375e53aa7,AMPL.png
XSGD,XSGD,AVAX,0xb2F85b7AB3c2b6f62DF06dE6aE7D09c010a5096E,XSGD.png
Wirex Token,WXT,AVAX,0xfcDe4A87b8b6FA58326BB462882f1778158B02F1,WXT.png
Impossible Finance Launchpad,IDIA,AVAX,0xfCAF13227dcBFa2dc2b1928acFcA03b85e2D25dd,IDIA.png
MiraclePlay,MPT,AVAX,0x422812fC000E831b5ff13C181d85F34dd71380b3,MPT.png
Aleph.im,ALEPH,AVAX,0xc0Fbc4967259786C743361a5885ef49380473dCF,ALEPH.png
Nexera,NXRA,AVAX,0x644192291cc835a93d6330b24ea5f5fedd0eef9e,NXRA.png
The Arena,ARENA,AVAX,0xB8d7710f7d8349A506b75dD184F05777c82dAd0C,ARENA.png
TrustSwap,SWAP,AVAX,0xc7B5D72C836e718cDA8888eaf03707fAef675079,SWAP.png
Cook Finance,COOK,AVAX,0x637afeff75ca669fF92e4570B14D6399A658902f,COOK.png
MetaMUI,MMUI,AVAX,0xFc8A21dBCAB432FB5E469d80F976E022C2f56Ea0,MMUI.png
Colony,CLY,AVAX,0xec3492a2508ddf4fdc0cd76f31f340b30d1793e6,CLY.png
VNX Swiss Franc,VCHF,AVAX,0x228a48df6819ccc2eca01e2192ebafffdad56c19,VCHF.png
Tarot,TAROT,AVAX,0x5ECfeC22AA950CB5A3b4fd7249DC30B2BD160f18,TAROT.png
DeFi Kingdoms,JEWEL,AVAX,0x997ddaa07d716995de90577c123db411584e5e46,JEWEL.png
Shrapnel,SHRAP,AVAX,0xd402298a793948698b9a63311404FBBEe944eAfD,SHRAP.png
BIG,BIG,AVAX,0x2d0aFed89a6D6A100273Db377dBA7a32C739E314,BIG.png
SpookySwap,BOO,AVAX,0xbD83010eB60F12112908774998F65761cf9f6f9a,BOO.png
Step App,FITFI,AVAX,0x714f020c54cc9d104b6f4f6998c63ce2a31d1888,FITFI.png
Akita Inu,AKITA,AVAX,0xcaF5191fc480F43e4DF80106c7695ECA56E48B18,AKITA.png
Verified USD,USDV,AVAX,0x323665443CEf804A3b5206103304BD4872EA4253,USDV.png
Alvara Protocol,ALVA,AVAX,0xd18555a6c2fda350069735419900478eec4abd96,ALVA.png
Nya,NYA,AVAX,0x38F9bf9dCe51833Ec7f03C9dC218197999999999,NYA.png
EverRise,RISE,AVAX,0xC17c30e98541188614dF99239cABD40280810cA3,RISE.png
VNX Euro,VEUR,AVAX,0x7678e162f38ec9ef2bfd1d0aaf9fd93355e5fa0b,VEUR.png
Seedworld,SWORLD,AVAX,0x968bE3F7bfeF0F8eDc3c1aD90232EbB0DA0867aA,SWORLD.png
xHashtag AI,XTAG,AVAX,0x06ba3e871ae3c14026d3e8a819fb3b5f31fef1d3,XTAG.png
Kimbo,KIMBO,AVAX,0x184ff13B3EBCB25Be44e860163A5D8391Dd568c1,KIMBO.png
PLAYA3ULL GAMES,3ULL,AVAX,0xa77e70d0af1ac7ff86726740db1bd065c3566937,3ULL.png
BloodLoop,BLS,AVAX,0x46B9144771Cb3195D66e4EDA643a7493fADCAF9D,BLS.png
ABBC Coin,ABBC,AVAX,0xe83ce6bfb580583bd6a62b4be7b34fc25f02910d,ABBC.png
ROOBEE,ROOBEE,AVAX,0x4036f3d9c45a20f44f0b8B85dD6CA33005fF9654,ROOBEE.png
Vesper,VSP,AVAX,0xE70EFb1ff1C0b63FDF84B5EA319693cf804914A8,VSP.png
Dypius [New],DYP,AVAX,0x1a3264f2e7b1cfc6220ec9348d33ccf02af7aaa4,DYP.png
UBXS Token,UBXS,AVAX,0x4f1960E29b2cA581a38c5c474e123f420F8092db,UBXS.png
StreamCoin,STRM,AVAX,0x94a7f270cd12545a277e656266aef5e27df3eb28,STRM.png
DSLA Protocol,DSLA,AVAX,0xD7c295E399CA928A3a14b01D760E794f1AdF8990,DSLA.png
CheckDot,CDT,AVAX,0x0cbd6fadcf8096cc9a43d90b45f65826102e3ece,CDT.png
ZooKeeper,ZOO,AVAX,0x1B88D7aD51626044Ec62eF9803EA264DA4442F32,ZOO.png
SafeBlast,BLAST,AVAX,0x3bd9856BF578910b55261d45d9148d61C177B092,BLAST.png
YAY Network,YAY,AVAX,0x01C2086faCFD7aA38f69A6Bd8C91BEF3BB5adFCa,YAY.png
ROCO FINANCE,ROCO,AVAX,0xb2a85C5ECea99187A977aC34303b80AcbDdFa208,ROCO.png
Ferrum Network,FRM,AVAX,0xE5CAeF4Af8780E59Df925470b050Fb23C43CA68C,FRM.png
Bware,INFRA,AVAX,0xa4fb4f0ff2431262d236778495145ecbc975c38b,INFRA.png
Gecko Inu,GEC,AVAX,0xE8385CECb013561b69bEb63FF59f4d10734881f3,GEC.png
Phoenic,PNIC,AVAX,0x4f3c5c53279536ffcfe8bcafb78e612e933d53c6,PNIC.png
Spore,SPORE,AVAX,0x6e7f5C0b9f4432716bDd0a77a3601291b9D9e985,SPORE.png
PointPay,PXP,AVAX,0x15FA5d3DBD11a831b72B92C1705BC9F801E233CB,PXP.png
ZeroSwap,ZEE,AVAX,0x44754455564474a89358b2c2265883df993b12f0,ZEE.png
MetaDOS,SECOND,AVAX,0x7979871595b80433183950Ab6c6457752B585805,SECOND.png
AIvalanche DeFAI Agents,AVAXAI,AVAX,0x8c8d2a7d8d9CF26F5ee1BbFc0bA56e93F4A4A7aC,AVAXAI.png
O3 Swap,O3,AVAX,0xEe9801669C6138E84bD50dEB500827b776777d28,O3.png
Pleasure Coin,NSFW,AVAX,0x88A0F8318Bf0CE19e999f1802bf5B12DC8d7cdFe,NSFW.png
Football World Community,FWC,AVAX,0xad5f5edaa218b45866285252cb5662cd19cab99b,FWC.png
RoboKiden,KIDEN,AVAX,0xCc5c80B4ecEF7E6561Bb4721d8AC3E80B4503a96,KIDEN.png
Oddz,ODDZ,AVAX,0xB0a6e056B587D0a85640b39b1cB44086F7a26A1E,ODDZ.png
NFT Art Finance,NFTART,AVAX,0x74A488BcCb16d90Fd628E75132e49ff067384aA9,NFTART.png
Omchain,OMC,AVAX,0x1f926b439fae4595e5951029d47616feca401b77,OMC.png
MeowCat,MEOW,AVAX,0x8ad25b0083c9879942a64f00f20a70d3278f6187,MEOW.png
Signata,SATA,AVAX,0xbec0A9aEa58b6a0c0f05a03078f7E7Dcecc13A95,SATA.png
Heroes Chained,HEC,AVAX,0xc7f4debc8072e23fe9259a5c0398326d8efb7f5c,HEC.png
Wombat Exchange,WOM,AVAX,0xa15E4544D141aa98C4581a1EA10Eb9048c3b3382,WOM.png
Monsterra (MSTR),MSTR,AVAX,0xE397784960F814BA35C9Ee0BC4c9DFFdf86925f9,MSTR.png
OpenBlox,OBX,AVAX,0xccf719c44e2c36e919335692e89d22cf13d6aaeb,OBX.png
KALM,KALM,AVAX,0x62AceEA3e666C5706Ce1c61055fAc1A669d31D93,KALM.png
UNIX Corp,UNIX,AVAX,0x6f97D3F120fBbDaacF1c9da61a8aD126b7426861,UNIX.png
NFTrade,NFTD,AVAX,0x9e3ca00f2d4a9e5d4f0add0900de5f15050812cf,NFTD.png
Kalao,KLO,AVAX,0xb27c8941a7Df8958A1778c0259f76D1F8B711C35,KLO.png
WOWswap,WOW,AVAX,0xA384Bc7Cdc0A93e686da9E7B8C0807cD040F4E0b,WOW.png
Billion Happiness,BHC,AVAX,0xa8752333f6a6fe47323a4eDAC3D09Bb1048A0E23,BHC.png
Argon,ARGON,AVAX,0x1fE4751d9bDabaC8D90067056cB45AB6823d2C12,ARGON.png
April,APRIL,AVAX,0x18719D2e1e57A1A64708e4550fF3DEF9d1074621,APRIL.png
Spaceswap MILK2,MILK2,AVAX,0x721C299E6BF7D6a430d9bEA3364Ea197314bcE09,MILK2.png
Snowball,SNOB,AVAX,0xC38f41A296A4493Ff429F1238e030924A1542e50,SNOB.png
Gaj Finance,GAJ,AVAX,0x595c8481c48894771ce8fade54ac6bf59093f9e8,GAJ.png
UniFarm,UFARM,AVAX,0xd60efFED653f3f1B69047F2D2dC4E808A548767b,UFARM.png
Platypus Finance,PTP,AVAX,0x22d4002028f537599be9f666d1c4fa138522f9c8,PTP.png
Islander,ISA,AVAX,0x3EeFb18003D033661f84e48360eBeCD181A84709,ISA.png
Wolf Safe Poor People (Polygon),WSPP,AVAX,0xe668f8030bf17f3931a3069f31f4fa56efe9dd54,WSPP.png
yellow ket,KET,AVAX,0xFFFF003a6BAD9b743d658048742935fFFE2b6ED7,KET.png
AUSD,AUSD,AVAX,0x00000000eFE302BEAA2b3e6e1b18d08D69a9012a,AUSD.png
Wink,WINK,AVAX,0x7698A5311DA174A95253Ce86C21ca7272b9B05f8,WINK.png
XEN Crypto,XEN,AVAX,0xC0C5AA69Dbe4d6DDdfBc89c0957686ec60F24389,XEN.png
Dypius [Old],DYP,AVAX,0x961c8c0b1aad0c0b10a51fef6a867e3091bcef17,DYP.png
UMM,UMM,AVAX,0x4b776150B8dCDc34ad705A76734Fb591Ac181D1d,UMM.png
ai9000,AI9000,AVAX,0x79Ea4E536f598dCd67C76Ee3829f84AB9E72A558,AI9000.png
Wagmi,WAGMI,AVAX,0xaf20f5f19698f1d19351028cd7103b63d30de7d7,WAGMI.png
Any Inu,AI,AVAX,0x2598c30330D5771AE9F983979209486aE26dE875,AI.png
AVAX HAS NO CHILL,NOCHILL,AVAX,0xAcFb898Cff266E53278cC0124fC2C7C94C8cB9a5,NOCHILL.png
GoGoPool AVAX,GGAVAX,AVAX,0xA25EaF2906FA1a3a13EdAc9B9657108Af7B703e3,GGAVAX.png
Dexalot,ALOT,AVAX,0x093783055f9047c2bff99c4e414501f8a147bc69,ALOT.png
Pharaoh,PHAR,AVAX,0xaaab9d12a30504559b0c5a9a5977fee4a6081c6b,PHAR.png
Gamer Arena,GAU,AVAX,0xca8ebfb8e1460aaac7c272cb9053b3d42412aac2,GAU.png
Avalaunch,XAVA,AVAX,0xd1c3f94de7e5b45fa4edbba472491a9f4b166fc4,XAVA.png
Funtico,TICO,AVAX,0xEDf647326007E64d94B0Ee69743350F3736E392C,TICO.png
Magic Internet Money,MIM,AVAX,0x130966628846BFd36ff31a822705796e8cb8C18D,MIM.png
Ink Finance,QUILL,AVAX,0xf3E5914cA1F678E0A3a38031B5514682e3450919,QUILL.png
AVAV,AVAV,AVAX,0x97C3780bdDe6916f601a4562c5f24A8b68D4A7aE,AVAV.png
LANDWOLF (AVAX),WOLF,AVAX,0x4f94b8aef08c92fefe416af073f1df1e284438ec,WOLF.png
Nuklai,NAI,AVAX,0x5Ac34C53A04B9aaA0BF047e7291fb4e8A48f2A18,NAI.png
Fautor,FTR,AVAX,0x61f23250451305f6C4426E81C50aE535Edf94A02,FTR.png
Silver Token,XAGX,AVAX,0x2C472e913635c85143369aDc9962bbB56Efc446A,XAGX.png
COQ AI,COQAI,AVAX,0xE7d69acbc00D0EC5d9c02162310EE21DAA77f69C,COQAI.png
The Big Red,$TD,AVAX,0x87bbfc9dcb66caa8ce7582a3f17b60a25cd8a248,$TD.png
Icrypex token,ICPX,AVAX,0xd78d3D08053130A3b4466e15D8fc2a61a3DeE47d,ICPX.png
Canary,CNR,AVAX,0x8D88e48465F30Acfb8daC0b3E35c9D6D7d36abaf,CNR.png
NumberGoUpTech,TECH,AVAX,0x5Ac04b69bDE6f67C0bd5D6bA6fD5D816548b066a,TECH.png
OilX Token,OILX,AVAX,0xd5CcFDfbc0eFF28EbE310b9b28b627Cfc39EaBc7,OILX.png
Stick,STICK,AVAX,0xB44B645b5058F7e393F3AE6Af58A4CEf67006196,STICK.png
SPACEM,SPACEM,AVAX,0x3c780F5cBF94De3EFCec964Af928D08c4508EeBE,SPACEM.png
Husky Avax,HUSKY,AVAX,0x65378b697853568dA9ff8EaB60C13E1Ee9f4a654,HUSKY.png
Advanced Project,AUC,AVAX,0x1584B02D095a4B1b9a11a4049193d155B4F75454,AUC.png
Staked ICX,sICX,AVAX,0xC7FE3f5B4970Ddc36d850A98e87bb28FaBb866D2,sICX.png
Raini Studios Token,RST,AVAX,0x23675Ba5d0A8075DA5Ba18756554e7633cEA2C85,RST.png
LiquidDriver,LQDR,AVAX,0x873ebFf537F58e96899f6EbA33dC07151Bc5818b,LQDR.png
Domi Online,DOMI,AVAX,0xFc6Da929c031162841370af240dEc19099861d3B,DOMI.png
AVALOX,AVALOX,AVAX,0x1209810df5370f68b28e6832dc4ac80072e2d0b8,AVALOX.png
EUROe Stablecoin,EUROE,AVAX,0x820802Fa8a99901F52e39acD21177b0BE6EE2974,EUROE.png
GoGoPool,GGP,AVAX,0x69260B9483F9871ca57f81A90D91E2F96c2Cd11d,GGP.png
Meat,MEAT,AVAX,0x47c3118Ad183712Acd42648e9E522e13690f29a0,MEAT.png
fBomb,BOMB,AVAX,0x5C09A9cE08C4B332Ef1CC5f7caDB1158C32767Ce,BOMB.png
MAI,MIMATIC,AVAX,0x3b55e45fd6bd7d4724f5c47e0d1bcaedd059263e,MIMATIC.png
SingSing,SING,AVAX,0x8c80c06c6f8c00d2d6f3cfd6333ebb3759d66868,SING.png
JPYC Prepaid,JPYC,AVAX,0x431D5dfF03120AFA4bDf332c61A6e1766eF37BDB,JPYC.png
WJEWEL,WJEWEL,AVAX,0xccb93dabd71c8dad03fc4ce5559dc3d89f67a260,WJEWEL.png
Flourishing AI,AI,AVAX,0x10B3AAF66D90Cb54fca62Dd37d17022555399EE1,AI.png
AI Metaverse,AIM,AVAX,0xCEeE63fF114F8e8deBF5E78a14e770E5B905eA91,AIM.png
Allbridge,ABR,AVAX,0xaFc43610C7840b20b90CAaF93759bE5b54B291c9,ABR.png
Dollar,DOLLAR,AVAX,0x849E1ce12a5Bd9a4C36Ca2B75bEC373E34918FE1,DOLLAR.png
DeFi Kingdoms Crystal,CRYSTAL,AVAX,0x04b9da42306b023f3572e106b11d82aad9d32ebb,CRYSTAL.png
Colony Avalanche Index,CAI,AVAX,0x48f88A3fE843ccb0b5003e70B4192c1d7448bEf0,CAI.png
HOLD,EARN,AVAX,0x806cc7a21bd85e960857ac1e097802fabad6f594,EARN.png
Yield Yak,YAK,AVAX,0x59414b3089ce2AF0010e7523Dea7E2b35d776ec7,YAK.png
LOD3 Token,LOD3,AVAX,0xbbaaa0420d474b34be197f95a323c2ff3829e811,LOD3.png
Heroes of NFT,HON,AVAX,0xEd2b42D3C9c6E97e11755BB37df29B6375ede3EB,HON.png
Pollen,PLN,AVAX,0x7b2b702706d9b361dfe3f00bd138c0cfda7fb2cf,PLN.png
DegenX,DGNX,AVAX,0x51e48670098173025c477d9aa3f0eff7bf9f7812,DGNX.png
Hatchyverse,HATCHY,AVAX,0x502580fc390606b47fc3b741d6d49909383c28a9,HATCHY.png
Domani Protocol,DEXTF,AVAX,0x03E8D118A1864c7Dc53bf91e007ab7D91f5A06fA,DEXTF.png
ULTRON,ULX,AVAX,0xc685e8eddc9f078666794cbfcd8d8351bac404ef,ULX.png
Bear Coin on Avax,BEAR,AVAX,0x19c79F282d151995D91f6dbdda2739701F9C47AA,BEAR.png
Vector Finance,VTX,AVAX,0x5817D4F0b62A59b17f75207DA1848C2cE75e7AF4,VTX.png
RadioShack,RADIO,AVAX,0x02Bfd11499847003De5f0F5AA081C43854d48815,RADIO.png
YEL.Finance,YEL,AVAX,0x949185D3BE66775Ea648F4a306740EA9eFF9C567,YEL.png
TaleCraft,CRAFT,AVAX,0x8ae8be25c23833e0a01aa200403e826f611f9cd2,CRAFT.png
Balanced,BALN,AVAX,0x542245f2B93B30994a4670121541B38226f1208c,BALN.png
chikn feed,FEED,AVAX,0xab592d197acc575d16c3346f4eb70c703f308d1e,FEED.png
Yield Yak AVAX,YYAVAX,AVAX,0xf7d9281e8e363584973f946201b82ba72c965d27,YYAVAX.png
Junior,JUNIOR,AVAX,0x214dD1B5cBE543D4189Ab39832F1BC1eEDEBb1d3,JUNIOR.png
MXS Games,XSEED,AVAX,0x0A10D108E2d81ccC793E37b56206C84bF96ddc57,XSEED.png
Cosmic Universe Magick,MAGICK,AVAX,0x9A8E0217cD870783c3f2317985C57Bf570969153,MAGICK.png
ThorFi,THOR,AVAX,0x8f47416cae600bccf9530e9f3aeaa06bdd1caa79,THOR.png
Elk Finance,ELK,AVAX,0xeEeEEb57642040bE42185f49C52F7E9B38f8eeeE,ELK.png
CEDEN Network,CDN,AVAX,0x5B08fEE76c6b1D4F5faB98FC41a242B51cb090df,CDN.png
AGX Coin,AGX,AVAX,0x13e7bcefdde72492e656f3fa58bae6029708e673,AGX.png
BiLira,TRYB,AVAX,0x564A341Df6C126f90cf3ECB92120FD7190ACb401,TRYB.png
AUX Coin,AUX,AVAX,0x68327a91e79f87f501bc8522fc333fb7a72393cb,AUX.png
Cat wif Hands,CATWIF,AVAX,0x3377aca4c0bfd021be6bd762b5f594975e77f9cf,CATWIF.png
Stable Coin,SBC,AVAX,0xf9FB20B8E097904f0aB7d12e9DbeE88f2dcd0F16,SBC.png
Space Token,SPACE,AVAX,0x09211dc67f9fe98fb7bbb91be0ef05f4a12fa2b2,SPACE.png
Vee Finance,VEE,AVAX,0x3709E8615E02C15B096f8a9B460ccb8cA8194e86,VEE.png
Marnotaur,TAUR,AVAX,0x136aC25c56b24e5E117D71ff74c62D8539d2Ee29,TAUR.png
AmazingTeamDAO,AMAZINGTEAM,AVAX,0x38e2f9058651EA1B9a09495Ea7Fd23FD2dD12a3F,AMAZINGTEAM.png
HUNDRED,HUNDRED,AVAX,0x4586AF10ecceeD4E383e3f2Ec93b6C61e26500b5,HUNDRED.png
Genius,GENI,AVAX,0x444444444444c1a66f394025ac839a535246fcc8,GENI.png
SmarterCoin (SMRTr),SMRTR,AVAX,0x6d923f688c7ff287dc3a5943caeefc994f97b290,SMRTR.png
MELD,MELD,AVAX,0x333000333b26ee30214b4af6419d9ab07a450400,MELD.png
Akitavax,AKITAX,AVAX,0xf2536e4301a428af9686ed73e42b50c1f9aed517,AKITAX.png
iDypius,IDYP,AVAX,0xbd100d061e120b2c67a24453cf6368e63f1be056,IDYP.png
HurricaneSwap Token,HCT,AVAX,0x45C13620B55C35A5f539d26E88247011Eb10fDbd,HCT.png
CrowdSwap,CROWD,AVAX,0x5032fB113dBe54037825d7059740314edE131004,CROWD.png
Snowbank,SB,AVAX,0x7d1232b90d3f809a54eeaeebc639c62df8a8942f,SB.png
Dragon Crypto Aurum,DCAU,AVAX,0x100Cc3a819Dd3e8573fD2E46D1E66ee866068f30,DCAU.png
Penguin Finance,PEFI,AVAX,0xe896CDeaAC9615145c0cA09C8Cd5C25bced6384c,PEFI.png
Chikn Egg,EGG,AVAX,0x7761e2338b35bceb6bda6ce477ef012bde7ae611,EGG.png
VAPE,VAPE,AVAX,0x7bddaF6DbAB30224AA2116c4291521C7a60D5f55,VAPE.png
SteakHut Finance,STEAK,AVAX,0xb279f8dd152b99ec1d84a489d32c35bc0c7f5674,STEAK.png
Pegaxy,PGX,AVAX,0x0ef27ddc8f89d4886e89d630de089962ffc12e43,PGX.png
Energy8,E8,AVAX,0xea5144ed6859f26f3cc94a0ddd86ed32101518b2,E8.png
Crypto Royale,ROY,AVAX,0x68ee0d0aad9e1984af85ca224117e4d20eaf68be,ROY.png
Wonderful Memories,WMEMO,AVAX,0x0da67235dd5787d67955420c84ca1cecd4e5bb3b,WMEMO.png
Joe Hat Token,HAT,AVAX,0x82fe038ea4b50f9c957da326c412ebd73462077c,HAT.png
Ethereum Meta,ETHM,AVAX,0x55b1a124c04a54eefdefe5fa2ef5f852fb5f2f26,ETHM.png
MEGAWEAPON,WEAPON,AVAX,0xe3b3f75f99da4ff26aa867ef70b48f8f6b2d4958,WEAPON.png
Kassandra,KACY,AVAX,0xf32398dae246C5f672B52A54e9B413dFFcAe1A44,KACY.png
DeFiato,DFIAT,AVAX,0xafe3d2a31231230875dee1fa1eef14a412443d22,DFIAT.png
Marginswap,MFI,AVAX,0x9Fda7cEeC4c18008096C2fE2B85F05dc300F94d0,MFI.png
Pera Finance,PERA,AVAX,0xfDA866CFEcE71F4C17b4a5e5f9A00ac08C72Eadc,PERA.png
Popsicle Finance,ICE,AVAX,0xe0Ce60AF0850bF54072635e66E79Df17082A1109,ICE.png
VaporNodes,VPND,AVAX,0x83a283641C6B4DF383BCDDf807193284C84c5342,VPND.png
PayRue (Propel),PROPEL,AVAX,0x65c9d9d080714cDa7b5d58989Dc27f897F165179,PROPEL.png
LP 3pool Curve,3CRV,AVAX,0x1337bedc9d22ecbe766df105c9623922a27963ec,3CRV.png
LunaChow,LUCHOW,AVAX,0x7BEB05cf5681f402E762F8569c2Fc138a2172978,LUCHOW.png
Okcash,OK,AVAX,0xd3Ac016b1B8C80EeAdDe4D186A9138C9324e4189,OK.png
Olive Cash,OLIVE,AVAX,0x617724974218A18769020A70162165A539c07E8a,OLIVE.png
BUILD,BUILD,AVAX,0x5f018e73C185aB23647c82bD039e762813877f0e,BUILD.png
YUSD Stablecoin,YUSD,AVAX,0x111111111111ed1D73f860F57b2798b683f2d325,YUSD.png
Chikn Fert,FERT,AVAX,0x9c846d808a41328a209e235b5e3c4e626dab169e,FERT.png
Volta Club,VOLTA,AVAX,0x9b06F3C5de42D4623D7A2Bd940EC735103c68A76,VOLTA.png
Anyswap,ANY,AVAX,0xB44a9B6905aF7c801311e8F4E76932ee959c663C,ANY.png
TOZEX,TOZ,AVAX,0xD7a24d22Cb1E94a4cF71E2E8338849382A7877bB,TOZ.png
Bogged,BOG,AVAX,0xB09FE1613fE03E7361319d2a43eDc17422f36B09,BOG.png
Oath,OATH,AVAX,0x2c69095d81305F1e3c6ed372336D407231624CEa,OATH.png
FashionTV Token,FTVT,AVAX,0x2BF9dD2cE1149C9fA912e5a6f8aB62F05d21A57c,FTVT.png
BetSwirl,BETS,AVAX,0x94025780a1ab58868d9b2dbbb775f44b32e8e6e5,BETS.png
Lydia Finance,LYD,AVAX,0x4C9B4E1AC6F24CdE3660D5E4Ef1eBF77C710C084,LYD.png
TOR,TOR,AVAX,0x790772d8f4115b608340a7aB25258fCa8da1ca2e,TOR.png
Grapeswap,GRAPE,AVAX,0x17757dcE604899699b79462a63dAd925B82FE221,GRAPE.png
BSCStarter,START,AVAX,0xF44Fb887334Fa17d2c5c0F970B5D320ab53eD557,START.png
Micromines,MICRO,AVAX,0x39944eCf1613e712785aD050BA052BCf5cC08BcE,MICRO.png
More Token,MORE,AVAX,0xd9D90f882CDdD6063959A9d837B05Cb748718A05,MORE.png
Spherium,SPHRI,AVAX,0x2fd4d793c1905d82018d75e3b09d3035856890a1,SPHRI.png
NFTmall,GEM,AVAX,0xDebB1d6a2196F2335aD51FBdE7Ca587205889360,GEM.png
RBX,RBX,AVAX,0x94960952876e3ED6A7760B198354fCc5319A406a,RBX.png
xDollar Stablecoin,XUSD,AVAX,0x3509f19581aFEDEff07c53592bc0Ca84e4855475,XUSD.png
Hector Network,HEC,AVAX,0x0149E2FA4104666f6af136f731757A04df5C8A68,HEC.png
Topshelf Finance,LIQR,AVAX,0x33333ee26a7d02e41c33828b42fb1e0889143477,LIQR.png
Degis,DEG,AVAX,0x9f285507ea5b4f33822ca7abb5ec8953ce37a645,DEG.png
MetaToll,TAX,AVAX,0x7aDFdD3A5C70fe047608F68f763830A973843A8a,TAX.png
Avaxtars Token,AVXT,AVAX,0x397bbd6a0e41bdf4c3f971731e180db8ad06ebc1,AVXT.png
Universal Store of Value,USV,AVAX,0xb0a8E082E5f8d2a04e74372c1bE47737d85A0E73,USV.png
Snail Trail,SLIME,AVAX,0x5a15Bdcf9a3A8e799fa4381E666466a516F2d9C8,SLIME.png
rLoop,RLOOP,AVAX,0x822b906e74d493d07223cf6858620ccda66b2154,RLOOP.png
Monsterra (MAG),MAG,AVAX,0x53B22d356F34e977e48921e07381DE0f8200b8e6,MAG.png
Interport Token,ITP,AVAX,0x2b1d36f5b61addaf7da7ebbd11b35fd8cfb0de31,ITP.png
FryNetworks,FRY,AVAX,0xFEb6c209e609E6ca1da0991dcaAFDBf515d692dd,FRY.png
LIZARD,LIZARD,AVAX,0xed0d09ee0f32f7b5afae6f2d728189c5e355b52a,LIZARD.png
WETH,WETH,AVAX,0x49D5c2BdFfac6CE2BFdB6640F4F80f226bc10bAB,WETH.png
Wrapped Bitcoin,WBTC,AVAX,0x408d4cd0adb7cebd1f1a1c33a0ba2098e1295bab,WBTC.png
Wrapped BNB,WBNB,AVAX,0x442F7f22b1EE2c842bEAFf52880d4573E9201158,WBNB.png
Wrapped Solana,SOL,AVAX,0xFE6B19286885a4F7F55AdAD09C3Cd1f906D2478F,SOL.png
USD Coin Bridged,USDC.e,AVAX,0xa7d7079b0fead91f3e65f86e8915cb59c1a4c664,USDC.e.png
Bitcoin Avalanche Bridged,BTC.b,AVAX,0x152b9d0FdC40C096757F570A51E494bd4b943E50,BTC.b.png
SolvBTC.BBN,SolvBTC.BBN,AVAX,0xcc0966d8418d412c599a6421b760a847eb169a8c,SolvBTC.BBN.png
SolvBTC,SolvBTC,AVAX,0xbc78d84ba0c46dfe32cf2895a19939c86b81a777,SolvBTC.png
Ankr Staked ETH,ankrETH,AVAX,0x12d8ce035c5de3ce39b1fdd4c1d5a745eaba3b8c,ankrETH.png
Wrapped Matic,WMATIC,AVAX,0xf2f13f0B7008ab2FA4A2418F4ccC3684E49D20Eb,WMATIC.png
Wrapped AVAX,WAVAX,AVAX,0xb31f66aa3c1e785363f0875a1b74e27b85fd66c7,WAVAX.png
Wrapped AVAX,WAVAX,AVAX,0xb57b60debdb0b8172bb6316a9164bd3c695f133a,WAVAX.png
BENQI Liquid Staked AVAX,sAVAX,AVAX,0x2b2c81e08f1af8835a78bb2a90ae924ace0ea4be,sAVAX.png
Tether Avalanche Bridged,USDT.e,AVAX,0xc7198437980c041c805a1edcba50c1ce5db95118,USDT.e.png
Balanced Dollar,bnUSD,AVAX,0xdBDd50997361522495EcFE57EBb6850dA0E4C699,bnUSD.png
Axelar Wrapped USDC,axlUSDC,AVAX,0xfaB550568C688d5D8A52C7d794cb93Edc26eC0eC,axlUSDC.png
XRP,XRP,XRP,xrp,XRP.png
Sologenic,SOLO,XRP,rsoLo2S1kiGeCcn6hCUXVrCpGMWLrRrLZz,SOLO.png
Coreum,COREUM,XRP,rcoreNywaoz2ZCQ8Lg2EbSLnGuRBmun6D,COREUM.png
Ripple USD,RLUSD,XRP,rMxCKbEDwqr76QuheSUMdEGf4B9xJ8m5De,RLUSD.png
XRP Healthcare,XRPH,XRP,rM8hNqA3jRJ5Zgp3Xf3xzdZcx2G37guiZk,XRPH.png
VNX Swiss Franc,VCHF,XRP,VCHF-rLPtwF4FZi8bNVmbQ8JgoDUooozhwMNXr3,VCHF.png
VNX Euro,VEUR,XRP,VEUR-rLPtwF4FZi8bNVmbQ8JgoDUooozhwMNXr3,VEUR.png
PONGO,PONGO,XRP,504F4E474F000000000000000000000000000000.rwCq6TENSo3Hh9LKipXnLaxaeXBXKubqki,PONGO.png
XRPayNet,XRPAYNET,XRP,r9rRLst96Ue4YTDQkWWkX1ePB6p6Ye4FkA,XRPAYNET.png
Lucretius,LUC,XRP,rsygE5ynt2iSasscfCCeqaGBGiFKMCAUu7,LUC.png
Phoenix,PHNIX,XRP,50484E4958000000000000000000000000000000.rDFXbW2ZZCG5WgPtqwNiA2xZokLMm9ivmN,PHNIX.png
XPMarket,XPM,XRP,rXPMxBeefHGxx2K7g5qmmWq3gFsgawkoa,XPM.png
XRP ARMY,ARMY,XRP,rGG3wQ4kUzd7Jnmk1n5NWPZjjut62kCBfC,ARMY.png
Ripples,RPLS,XRP,r3qYFnns3q3Mizd7tgsAJP1mNGzVfTURsF,RPLS.png
Brazilian Digital Token,BRZ,XRP,r4i4KNPm26RJqvqtx7HkG9Tc4u2uDBL9gg,BRZ.png
DROP,DROP,XRP,rszenFJoDdiGjyezQc8pME9KWDQH43Tswh,DROP.png
XRP589,RIPPLE,XRP,524950504C450000000000000000000000000000.rMgrYs2XYgbGaLZ19HbUXfi9rpsaFQYwgc,RIPPLE.png
3rd Eye,3RDEYE,XRP,rHjyBqFM5oQvXu1soWtATC4r1V6GBnhCQQ,3RDEYE.png
LIHUA,LIHUA,XRP,4C49485541000000000000000000000000000000.rnhtvpHsAgigmVemgtzt7pujj4gv6LVL2a,LIHUA.png
Equilibrium Games,EQ,XRP,rpakCr61Q92abPXJnVboKENmpKssWyHpwu,EQ.png
Vagabond,VGB,XRP,rhcyBrowwApgNonehKBj8Po5z4gTyRknaU,VGB.png
CasinoCoin,CSC,XRP,rCSCManTZ8ME9EoLrSHHYKW8PPwWMgkwr,CSC.png
xSPECTAR,XSPECTAR,XRP,rh5jzTCdMRCVjQ7LT6zucjezC47KATkuvv,XSPECTAR.png
Xrp Classic (new),XRPC,XRP,rHTZAic4QVErSS2AMbPJUe3zdUJPgWzXJe,XRPC.png
XGOLD COIN,XGOLD,XRP,r4XSSBVGENvgUrZFijX8xvsJtp9Mi2UPz9,XGOLD.png
Galaxy Coin,GALAXY,XRP,r3Si5cWtHZZuKXQERoaTKc7Vhw53RdGi2A,GALAXY.png
SmartNFT,SMARTNFT,XRP,rf8dxyFrYWEcUQAM7QXdbbtcRPzjvoQybK,SMARTNFT.png
SmartLOX,SMARTLOX,XRP,rBdZkMKuPnzYVVkyL2DrQKV3DsYt5PPVRh,SMARTLOX.png
The Reaper,RPR,XRP,r3qWgpz2ry3BhcRJ8JE6rxM8esrfhuKp4R,RPR.png
XList,XLIST,XRP,rNy8hFXoXEaJwkiT6U6ED5CWsfZHELNcnr,XLIST.png
Tether USDt,USDT,BTC,0xEf213441a85DF4d7acBdAe0Cf78004E1e486BB96,USDT.png
Ethereum,ETH,BTC,0x1D931Bf8656d795E50eF6D639562C5bD8Ac2B78f,ETH.png
Rootstock Infrastructure Framework,RIF,BTC,0x2acc95758f8b5f583470ba265eb685a8f45fc9d5,RIF.png
Sovryn,SOV,BTC,0xefc78fc7d48b64958315949279ba181c2114abbd,SOV.png
Sovryn Dollar,DLLR,BTC,0xc1411567d2670e24d9C4DaAa7CdA95686e1250AA,DLLR.png
Dollar on Chain,DOC,BTC,0xe700691da7b9851f2f35f8b8182c69c53ccad9db,DOC.png
Wrapped BNB,WBNB,BTC,0x6D9659bdF5b1A1dA217f7BbAf7dBAF8190E2e71B,WBNB.png
Wrapped Rootstock Smart Bitcoin,WRBTC,BTC,0x542fDA317318eBF1d3DEAf76E0b632741A7e677d,WRBTC.png
Netcoincapital,NCC,TRX,T9yYp7JUxypLk7GFhsLRj5jN6ZrNDcH2Cf,NCC.png
Netcoincapital (Old),NCC,TRX,TCDgp5bwtixaShPifUm7HpZ71C1pe6zif1,NCC(old).png
BNB,BNB,BNB,,BNB.png
Bitcoin,BTC,BTC,,BTC.png