Name,Symbol,Platform,ContractAddress,
Tether USDt,USDT,Ethereum,0xdac17f958d2ee523a2206206994597c13d831ec7,
USDC,USDC,Ethereum,0xa0b86991c6218b36c1d19d4a2e9eb0ce3606eb48,
Shiba Inu,SHIB,Ethereum,0x95ad61b0a150d79219dcf64e1e6cc01f0b64c4ce,
Chainlink,LINK,Ethereum,0x514910771af9ca656af840dff83e8264ecf986ca,
Uniswap,UNI,Ethereum,0x1f9840a85d5af5bf1d1762f925bdaddc4201f984,
Pepe,PEPE,Ethereum,0x6982508145454ce325ddbe47a25d4ec3d2311933,
UNUS SED LEO,LEO,Ethereum,0x2af5d2ad76741191d15dfe7bf6ac92d4bd912ca3,
POL (ex-MATIC),POL,Ethereum,0x455e53cbb86018ac2b8092fdcd39d8444affc3f6,
Dai,DAI,Ethereum,0x6b175474e89094c44da98b954eedeac495271d0f,
Render,RENDER,Ethereum,0x6de037ef9ad2725eb40118bb1702ebb27e4aeb24,
Ethena USDe,USDe,Ethereum,0x4c9edd5852cd905f086c759e8383e09bff1e68b3,
Aave,AAVE,Ethereum,0x7Fc66500c84A76Ad7e9c93437bFc5Ac33E2DDaE9,
Bitget Token,BGB,Ethereum,0x54D2252757e1672EEaD234D27B1270728fF90581,
Mantle,MNT,Ethereum,0x3c3a81e81dc49a522a592e7622a7e711c06bf354,
MANTRA,OM,Ethereum,0x3593d125a4f7849a1b059e64f4517a86dd60c95d,
OKB,OKB,Ethereum,0x75231f58b43240c9718dd58b4967c5114342a86c,
Immutable,IMX,Ethereum,0xf57e7e7c23978c3caec3c3548e3d615c346e79ff,
Bonk,BONK,Ethereum,0x1151CB3d861920e07a38e03eEAd12C32178567F6,
Injective,INJ,Ethereum,0xe28b3b32b6c345a34ff64674606124dd5aceca30,
The Graph,GRT,Ethereum,0xc944e90c64b2c07662a292be6244bdf05cda44a7,
Ethena,ENA,Ethereum,0x57e114B691Db790C35207b2e685D4A43181e6061,
Worldcoin,WLD,Ethereum,0x163f8c2467924be0ae7b5347228cabf260318753,
FLOKI,FLOKI,Ethereum,0xcf0c122c6b73ff809c693db761e7baebe62b6a2e,
JasmyCoin,JASMY,Ethereum,0x7420B4b9a0110cdC71fB720908340C03F9Bc03EC,
Ondo,ONDO,Ethereum,0xfAbA6f8e4a5E8Ab82F62fe7C39859FA577269BE3,
The Sandbox,SAND,Ethereum,0x3845badAde8e6dFF049820680d1F14bD3903a5d0,
Gala,GALA,Ethereum,0xd1d2Eb1B1e90B638588728b4130137D262C87cae,
Lido DAO,LDO,Ethereum,0x5a98fcbea516cf06857215779fd812ca3bef1b32,
Maker,MKR,Ethereum,0x9f8f72aa9304c8b593d555f12ef6589cc3a579a2,
Quant,QNT,Ethereum,0x4a220e6096b25eadb88358cb44068a3248254675,
First Digital USD,FDUSD,Ethereum,0xc5f0f7b66764F6ec8C8Dff7BA683102295E16409,
Starknet,STRK,Ethereum,0xCa14007Eff0dB1f8135f4C25B34De49AB0d42766,
Virtuals Protocol,VIRTUAL,Ethereum,0x44ff8620b8cA30902395A7bD3F2407e1A091BF73,
Beam,BEAM,Ethereum,0x62D0A8458eD7719FDAF978fe5929C6D342B0bFcE,
KuCoin Token,KCS,Ethereum,0xf34960d9d60be18cc1d5afc1a6f012a723a28811,
Curve DAO Token,CRV,Ethereum,0xD533a949740bb3306d119CC777fa900bA034cd52,
Mog Coin,MOG,Ethereum,0xaaeE1A9723aaDB7afA2810263653A34bA2C21C7a,
Decentraland,MANA,Ethereum,0x0f5d2fb29fb7d3cfee444a200298f468908cc942,
Axie Infinity,AXS,Ethereum,0xbb0e17ef65f82ab018d8edd776e8dd940327b28b,
Ethereum Name Service,ENS,Ethereum,0xC18360217D8F7Ab5e7c516566761Ea12Ce7F9D72,
ApeCoin,APE,Ethereum,0x4d224452801aced8b2f0aebe155379bb5d594381,
PancakeSwap,CAKE,Ethereum,0x152649eA73beAb28c5b49B26eb48f7EAD6d4c898,
Chiliz,CHZ,Ethereum,0x3506424f91fd33084466f402d5d97f05f8e3b4af,
GateToken,GT,Ethereum,0xe66747a101bff2dba3697199dcce5b743b454759,
Pendle,PENDLE,Ethereum,0x808507121b80c02388fad14726482e061b8da827,
Wormhole,W,Ethereum,0xB0fFa8000886e57F86dd5264b9582b2Ad87b2b91,
Synthetix,SNX,Ethereum,0xc011a73ee8576fb46f5e1c5751ca3b9fe0af2a6f,
Compound,COMP,Ethereum,0xc00e94cb662c3520282e6f5717214004a7f26888,
Nexo,NEXO,Ethereum,0xb62132e35a6c13ee1ee0f84dc5d40bad8d815206,
Oasis,ROSE,Ethereum,0x26B80FBfC01b71495f477d5237071242e0d959d7,
Reserve Rights,RSR,Ethereum,0x320623b8e4ff03373931769a31fc52a4e78b5d70,
EigenLayer,EIGEN,Ethereum,0xec53bF9167f50cDEB3Ae105f56099aaaB9061F83,
Axelar,AXL,Ethereum,0x467719aD09025FcC6cF6F8311755809d45a5E5f3,
SuperVerse,SUPER,Ethereum,0xe53ec727dbdeb9e2d5456c3be40cff031ab40a55,
Blur,BLUR,Ethereum,0x5283d291dbcf85356a21ba090e6db59121208b44,
Amp,AMP,Ethereum,0xff20817765cb7f73d4bde2e66e067e58d11095c2,
Neiro (First Neiro On Ethereum),NEIRO,Ethereum,0x812ba41e071c7b7fa4ebcfb62df5f45f6fa853ee,
Livepeer,LPT,Ethereum,0x58b6a8a3302369daec383334672404ee733ab239,
Kava,KAVA,Ethereum,0x0C356B7fD36a5357E5A017EF11887ba100C9AB76,
Gnosis,GNO,Ethereum,0x6810e776880c02933d47db1b9fc05908e5386b96,
LayerZero,ZRO,Ethereum,0x6985884C4392D348587B19cb9eAAf157F13271cd,
1inch Network,1INCH,Ethereum,0x111111111117dc0aa78b770fa6a738034120c302,
USDD,USDD,Ethereum,0x0c10bf8fcb7bf5412187a595ab97a3609160b5c6,
Turbo,TURBO,Ethereum,0xa35923162c49cf95e6bf26623385eb431ad920d3,
Safe,SAFE,Ethereum,0x5afe3855358e112b5647b952709e6165e1c1eeee,
APENFT,NFT,Ethereum,0x198d14f2ad9ce69e76ea330b374de4957c3f850a,
Convex Finance,CVX,Ethereum,0x4e3fbd56cd56c3e72c1403e103b45db9da5b9d2b,
Holo,HOT,Ethereum,0x6c6ee5e31d828de241282b9606c8e98ea48526e2,
WOO,WOO,Ethereum,0x4691937a7508860f876c9c0a2a617e7d9e945d4b,
0x Protocol,ZRX,Ethereum,0xe41d2489571d322189246dafa5ebde1f4699f498,
Tether Gold,XAUt,Ethereum,0x68749665FF8D2d112Fa859AA293F07A622782F38,
DeXe,DEXE,Ethereum,0xde4EE8057785A7e8e800Db58F9784845A5C2Cbd6,
GMT,GMT,Ethereum,0xe3c408bd53c31c085a1746af401a4042954ff740,
ether.fi,ETHFI,Ethereum,0xFe0c30065B384F05761f15d0CC899D4F9F9Cc0eB,
Memecoin,MEME,Ethereum,0xb131f4a55907b10d1f0a50d8ab8fa09ec342cd74,
Echelon Prime,PRIME,Ethereum,0xb23d80f5fefcddaa212212f028021b41ded428cf,
Aevo,AEVO,Ethereum,0xB528edBef013aff855ac3c50b381f253aF13b997,
Arkham,ARKM,Ethereum,0x6e2a43be0b1d33b726f0ca3b8de60b3482b8b050,
Ankr,ANKR,Ethereum,0x8290333cef9e6d528dd5618fb97a76f268f3edd4,
ZetaChain,ZETA,Ethereum,0xf091867ec603a6628ed83d274e835539d82e9cc8,
dYdX (ethDYDX),ETHDYDX,Ethereum,0x92d6c1e31e14520e676a687f0a93788b716beff5,
PAX Gold,PAXG,Ethereum,0x45804880de22913dafe09f4980848ece6ecbaf78,
SPACE ID,ID,Ethereum,0x2dfF88A56767223A5529eA5960Da7A3F5f766406,
Golem,GLM,Ethereum,0x7DD9c5Cba05E151C895FDe1CF355C9A1D5DA6429,
Basic Attention Token,BAT,Ethereum,0x0d8775f648430679a709e98d2b0cb6250d2887ef,
TrueUSD,TUSD,Ethereum,0x0000000000085d4780B73119b644AE5ecd22b376,
PayPal USD,PYUSD,Ethereum,0x6c3ea9036406852006290770bedfcaba0e23a0e8,
OriginTrail,TRAC,Ethereum,0xaa7a9ca87d3694b5755f213b5d04094b8d0f0a6f,
SushiSwap,SUSHI,Ethereum,0x6b3595068778dd592e39a122f4f5a5cf09c90fe2,
Altlayer,ALT,Ethereum,0x8457CA5040ad67fdebbCC8EdCE889A335Bc0fbFB,
yearn.finance,YFI,Ethereum,0x0bc529c00c6401aef6d220be8c6ea1667f6ad93e,
SKALE,SKL,Ethereum,0x00c83aecc790e8a4453e5dd3b0b4b3680501a7a7,
Zeebu,ZBU,Ethereum,0xe77f6aCD24185e149e329C1C0F479201b9Ec2f4B,
Fellaz,FLZ,Ethereum,0x8e964e35a76103af4c7d7318e1b1a82c682ae296,
SPX6900,SPX,Ethereum,0xe0f63a424a4439cbe457d80e4f4b51ad25b2c56c,
Frax,FRAX,Ethereum,0x853d955acef822db058eb8505911ed77f175b99e,
Chintai,CHEX,Ethereum,0x9Ce84F6A69986a83d92C324df10bC8E64771030f,
Telcoin,TEL,Ethereum,0x467bccd9d29f223bce8043b84e8c8b282827790f,
Across Protocol,ACX,Ethereum,0x44108f0223A3C3028F5Fe7AEC7f9bb2E66beF82F,
PepeCoin,PEPECOIN,Ethereum,0xA9E8aCf069C58aEc8825542845Fd754e41a9489A,
Destra Network,DSYNC,Ethereum,0xf94e7d0710709388bce3161c32b4eea56d3f91cc,
Orbler,ORBR,Ethereum,0xdA30f261a962d5AAe94C9ecd170544600d193766,
Ondo US Dollar Yield,USDY,Ethereum,0x96f6ef951840721adbf46ac996b59e0235cb985c,
Mask Network,MASK,Ethereum,0x69af81e73a73b40adf4f3d4223cd9b1ece623074,
Loopring,LRC,Ethereum,0xbbbbca6a901c926f240b89eacb641d8aec7aeafd,
Aethir,ATH,Ethereum,0xbe0ed4138121ecfc5c0e56b40517da27e6c5226b,
Biconomy,BICO,Ethereum,0xf17e65822b568b3903685a7c9f496cf7656cc6c2,
Metis,METIS,Ethereum,0x9E32b13ce7f2E80A01932B42553652E053D6ed8e,
ConstitutionDAO,PEOPLE,Ethereum,0x7a58c0be72be218b41c608b7fe7c5bb630736c71,
Frax Share,FXS,Ethereum,0x3432b6a60d23ca0dfca7761b7ab56459d9c964d0,
Threshold,T,Ethereum,0xCdF7028ceAB81fA0C6971208e83fa7872994beE5,
ssv.network,SSV,Ethereum,0x9D65fF81a3c488d585bBfb0Bfe3c7707c7917f54,
MX Token,MX,Ethereum,0x11eef04c884e24d9b7b4760e7476d06ddf797f36,
SwissBorg,BORG,Ethereum,0x64d0f55cd8c7133a9d7102b13987235f486f2224,
Rocket Pool,RPL,Ethereum,0xd33526068d116ce69f19a9ee46f0bd304f21a51f,
Illuvium,ILV,Ethereum,0x767fe9edc9e0df98e07454847909b5e959d7ca0e,
0x0.ai,0x0,Ethereum,0x5a3e6a77ba2f983ec0d371ea3b475f8bc0811ad5,
XYO,XYO,Ethereum,0x55296f69f40ea6d20e478533c15a6b08b654e758,
Band Protocol,BAND,Ethereum,0xba11d00c5f74255f56a5e366f4f77f5a186d7f55,
Tribe,TRIBE,Ethereum,0xc7283b66Eb1EB5FB86327f08e1B5816b0720212B,
Yield Guild Games,YGG,Ethereum,0x25f8087ead173b73d6e8b84329989a8eea16cf73,
Pixels,PIXEL,Ethereum,0x3429d03c6F7521AeC737a0BBF2E5ddcef2C3Ae31,
PAAL AI,PAAL,Ethereum,0x14fee680690900ba0cccfc76ad70fd1b95d10e16,
Rollbit Coin,RLB,Ethereum,0x046eee2cc3188071c02bfc1745a6b17c656e3f3d,
UMA,UMA,Ethereum,0x04Fa0d235C4abf4BcF4787aF4CF447DE572eF828,
Avail,AVAIL,Ethereum,0xEeB4d8400AEefafC1B2953e0094134A887C76Bd8,
Alchemy Pay,ACH,Ethereum,0xed04915c23f00a313a544955524eb7dbd823143d,
Morpho,MORPHO,Ethereum,0x58D97B57BB95320F9a05dC918Aef65434969c2B2,
LCX,LCX,Ethereum,0x037a54aab062628c9bbae1fdb1583c195585fe41,
Apu Apustaja,APU,Ethereum,0x594DaaD7D77592a2b97b725A7AD59D7E188b5bFa,
Clearpool,CPOOL,Ethereum,0x66761fa41377003622aee3c7675fc7b5c1c2fac5,
Audius,AUDIO,Ethereum,0x18aaa7115705e8be94bffebde57af9bfc265b998,
HarryPotterObamaSonic10Inu (ERC-20),BITCOIN,Ethereum,0x72e4f9f808c49a2a61de9c5896298920dc4eeea9,
ANDY (ETH),ANDY,Ethereum,0x68bbed6a47194eff1cf514b50ea91895597fc91e,
Non-Playable Coin,NPC,Ethereum,0x8ed97a637a790be1feff5e888d43629dc05408f6,
Big Time,BIGTIME,Ethereum,0x64Bc2cA1Be492bE7185FAA2c8835d9b824c8a194,
Bazaars,BZR,Ethereum,0x8d96B4ab6C741a4C8679AE323a100d74f085BA8F,
Vanar Chain,VANRY,Ethereum,0x8DE5B80a0C1B02Fe4976851D030B36122dbb8624,
Storj,STORJ,Ethereum,0xb64ef51c888972c908cfacf59b47c1afbc0ab8ac,
Chromia,CHR,Ethereum,0x8a2279d4a90b6fe1c4b30fa660cc9f926797baa2,
Status,SNT,Ethereum,0x744d70fdbe2ba4cf95131626614a1763df805b9e,
BasedAI,BASEDAI,Ethereum,0x44971ABF0251958492FeE97dA3e5C5adA88B9185,
Delysium,AGI,Ethereum,0x7dA2641000Cbb407C329310C461b2cB9c70C3046,
World Mobile Token,WMTX,Ethereum,0xDBB5Cf12408a3Ac17d668037Ce289f9eA75439D7,
Mythos,MYTH,Ethereum,0xba41ddf06b7ffd89d1267b5a93bfef2424eb2003,
Department Of Government Efficiency (dogegov.com),DOGE,Ethereum,0x1121AcC14c63f3C872BFcA497d10926A6098AAc5,
VVS Finance,VVS,Ethereum,0x839e71613f9aA06E5701CF6de63E303616B0DDE3,
Tellor,TRB,Ethereum,0x88dF592F8eb5D7Bd38bFeF7dEb0fBc02cf3778a0,
Wilder World,WILD,Ethereum,0x2a3bff78b79a009976eea096a51a948a3dc00e34,
Coin98,C98,Ethereum,0xae12c5930881c53715b369cec7606b70d8eb229f,
Balancer,BAL,Ethereum,0xba100000625a3754423978a60c9317c58a424e3D,
UPCX,UPC,Ethereum,0x487d62468282Bd04ddf976631C23128A425555EE,
Celer Network,CELR,Ethereum,0x4f9254c83eb525f9fcf346490bbb3ed28a81c667,
Portal,PORTAL,Ethereum,0x1bbe973bef3a977fc51cbed703e8ffdefe001fed,
ZIGChain,ZIG,Ethereum,0xb2617246d0c6c0087f18703d576831899ca94f01,
Smooth Love Potion,SLP,Ethereum,0xCC8Fa225D80b9c7D42F96e9570156c65D6cAAa25,
API3,API3,Ethereum,0x0b38210ea11411557c13457D4dA7dC6ea731B88a,
IQ,IQ,Ethereum,0x579cea1889991f68acc35ff5c3dd0621ff29b0c9,
Liquity,LQTY,Ethereum,0x6DEA81C8171D0bA574754EF6F8b412F2Ed88c54D,
Osaka Protocol,OSAK,Ethereum,0xa21af1050f7b26e0cff45ee51548254c41ed6b5c,
Huobi Token,HT,Ethereum,0x6f259637dcd74c767781e37bc6133cd6a68aa161,
Spectral,SPEC,Ethereum,0xadf7c35560035944e805d98ff17d58cde2449389,
Banana Gun,BANANA,Ethereum,0x38e68a37e401f7271568cecaac63c6b1e19130b4,
iExec RLC,RLC,Ethereum,0x607f4c5bb672230e8672085532f7e901544a7375,
Powerledger,POWR,Ethereum,0x595832f8fc6bf59c85c527fec3740a1b7a361269,
Humans.ai,HEART,Ethereum,0x8FAc8031e079F409135766C7d5De29cf22EF897C,
Marlin,POND,Ethereum,0x57b946008913b82e4df85f501cbaed910e58d26c,
Cartesi,CTSI,Ethereum,0x491604c0fdf08347dd1fa4ee062a822a5dd06b5d,
Oraichain,ORAI,Ethereum,0x4c11249814f11b9346808179cf06e71ac328c1b5,
Synapse,SYN,Ethereum,0x0f2D719407FdBeFF09D87557AbB7232601FD9F29,
Gomining,Gomining,Ethereum,0x7Ddc52c4De30e94Be3A6A0A2b259b2850f421989,
Dent,DENT,Ethereum,0x3597bfd533a99c9aa083587b074434e61eb0a258,
Numeraire,NMR,Ethereum,0x1776e1F26f98b1A5dF9cD347953a26dd3Cb46671,
Venus,XVS,Ethereum,0xd3CC9d8f3689B83c91b7B59cAB4946B063EB894A,
Treasure,MAGIC,Ethereum,0xb0c7a3ba49c7a6eaba6cd4a96c55a1391070ac9a,
ANyONe Protocol,ANYONE,Ethereum,0xFeAc2Eae96899709a43E252B6B92971D32F9C0F9,
Civic,CVC,Ethereum,0x41e5560054824ea6b0732e656e3ad64e20e94e45,
CUDOS,CUDOS,Ethereum,0x817bbDbC3e8A1204f3691d14bB44992841e3dB35,
Arcblock,ABT,Ethereum,0xb98d4c97425d9908e66e53a6fdf673acca0be986,
Keep Network,KEEP,Ethereum,0x85eee30c52b0b379b046fb0f85f4f3dc3009afec,
Spell Token,SPELL,Ethereum,0x090185f2135308bad17527004364ebcc2d37e5f6,
TrueFi,TRU,Ethereum,0x4c19596f5aaff459fa38b0f7ed92f11ae6543784,
Node AI,GPU,Ethereum,0x1258d60b224c0c5cd888d37bbf31aa5fcfb7e870,
Buggyra Coin Zero,BCZERO,Ethereum,0xd45247c07379d94904e0a87b4481f0a1ddfa0c64,
Artificial Liquid Intelligence,ALI,Ethereum,0x6b0b3a982b4634ac68dd83a4dbf02311ce324181,
Zentry,ZENT,Ethereum,0xdBB7a34Bf10169d6d2D0d02A6cbb436cF4381BFa,
Landwolf 0x67,WOLF,Ethereum,0x67466be17df832165f8c80a5a120ccc652bd7e69,
Cyber,CYBER,Ethereum,0x14778860e937f509e651192a90589de711fb88a9,
Highstreet,HIGH,Ethereum,0x71Ab77b7dbB4fa7e017BC15090b2163221420282,
Realio Network,RIO,Ethereum,0x94a8b4EE5CD64C79D0Ee816f467EA73009f51aA0,
NeuralAI,NEURAL,Ethereum,0x32B053F2CBA79F80ada5078cb6b305da92BDe6e1,
Vulcan Forged (PYR),PYR,Ethereum,0x430ef9263e76dae63c84292c3409d61c598e9682,
Pundi X (New),PUNDIX,Ethereum,0x0fd10b9899882a6f2fcb5c371e17e70fdee00c38,
Propy,PRO,Ethereum,0x226bb599a12c826476e3a771454697ea52e9e220,
Bone ShibaSwap,BONE,Ethereum,0x9813037ee2218799597d83D4a5B6F3b6778218d9,
Autonolas,OLAS,Ethereum,0x0001a500a6b18995b03f44bb040a5ffc28e45cb0,
Aurora,AURORA,Ethereum,0xaaaaaa20d9e0e2461697782ef11675f668207961,
Elixir deUSD,DEUSD,Ethereum,0x15700b564ca08d9439c58ca5053166e8317aa138,
Usual,USUAL,Ethereum,0xC4441c2BE5d8fA8126822B9929CA0b81Ea0DE38E,
HashAI,HASHAI,Ethereum,0x292fcdd1b104de5a00250febba9bc6a5092a0076,
DODO,DODO,Ethereum,0x43dfc4159d86f3a37a5a4b3d4580b888ad7d4ddd,
Kyber Network Crystal v2,KNC,Ethereum,0xdeFA4e8a7bcBA345F687a2f1456F5Edd9CE97202,
MVL,MVL,Ethereum,0xa849eaae994fb86afa73382e9bd88c2b6b18dc71,
ECOMI,OMI,Ethereum,0xeD35af169aF46a02eE13b9d79Eb57d6D68C1749e,
Mines of Dalarnia,DAR,Ethereum,0x081131434f93063751813c619ecca9c4dc7862a3,
Dusk,DUSK,Ethereum,0x940a2db1b7008b6c776d4faaca729d6d4a4aa551,
Aragon,ANT,Ethereum,0xa117000000f279d81a1d3cc75430faa017fa5a2e,
Hashflow,HFT,Ethereum,0xb3999F658C0391d94A37f7FF328F3feC942BcADC,
Covalent X Token,CXT,Ethereum,0x7abc8a5768e6be61a6c693a6e4eacb5b60602c4d,
Unizen,ZCX,Ethereum,0xc52c326331e9ce41f04484d3b5e5648158028804,
CoW Protocol,COW,Ethereum,0xDEf1CA1fb7FBcDC777520aa7f396b4E015F497aB,
Dogelon Mars,ELON,Ethereum,0x761d38e5ddf6ccf6cf7c55759d5210750b5d60f3,
Braintrust,BTRST,Ethereum,0x799ebfabe77a6e34311eeee9825190b9ece32824,
Omni Network,OMNI,Ethereum,0x36e66fbbce51e4cd5bd3c62b637eb411b18949d4,
Bounce Token,AUCTION,Ethereum,0xa9b1eb5908cfc3cdf91f9b8b3a74108598009096,
dKargo,DKA,Ethereum,0x5dc60C4D5e75D22588FA17fFEB90A63E535efCE0,
Orchid,OXT,Ethereum,0x4575f41308EC1483f3d399aa9a2826d74Da13Deb,
Maverick Protocol,MAV,Ethereum,0x7448c7456a97769F6cD04F1E83A4a23cCdC46aBD,
Prom,PROM,Ethereum,0xfc82bb4ba86045af6f327323a46e80412b91b27d,
STASIS EURO,EURS,Ethereum,0xdb25f211ab05b1c97d595516f45794528a807ad8,
SuperRare,RARE,Ethereum,0xba5BDe662c17e2aDFF1075610382B9B691296350,
RACA,RACA,Ethereum,0x12BB890508c125661E03b09EC06E404bc9289040,
RSS3,RSS3,Ethereum,0xc98d64da73a6616c42117b582e832812e7b8d57f,
NetMind Token,NMT,Ethereum,0x03AA6298F1370642642415EDC0db8b957783e8D6,
Polyhedra Network,ZKJ,Ethereum,0xC71B5F631354BE6853eFe9C3Ab6b9590F8302e81,
MyNeighborAlice,ALICE,Ethereum,0xAC51066d7bEC65Dc4589368da368b212745d63E8,
SmarDex,SDEX,Ethereum,0x5de8ab7e27f6e7a1fff3e5b337584aa43961beef,
Radiant Capital,RDNT,Ethereum,0x137dDB47Ee24EaA998a535Ab00378d6BFa84F893,
Adventure Gold,AGLD,Ethereum,0x32353a6c91143bfd6c7d363b546e62a9a2489a20,
Stella,ALPHA,Ethereum,0xa1faa113cbe53436df28ff0aee54275c13b40975,
LimeWire,LMWR,Ethereum,0x628a3b2e302c7e896acc432d2d0dd22b6cb9bc88,
Orbs,ORBS,Ethereum,0xff56cc6b1e6ded347aa0b7676c85ab0b3d08b0fa,
DIA,DIA,Ethereum,0x84ca8bc7997272c7cfb4d0cd3d55cd942b3c9419,
STP,STPT,Ethereum,0xde7d85157d9714eadf595045cc12ca4a5f3e2adb,
Wojak,WOJAK,Ethereum,0x5026F006B85729a8b14553FAE6af249aD16c9aaB,
Gitcoin,GTC,Ethereum,0xde30da39c46104798bb5aa3fe8b9e0e1f348163f,
Moca Network,MOCA,Ethereum,0xf944e35f95e819e752f3ccb5faf40957d311e8c5,
Hifi Finance,HIFI,Ethereum,0x4b9278b94a1112cAD404048903b8d343a810B07e,
Star Atlas,ATLAS,Ethereum,0xb9F747162AB1E95d07361f9048BcDF6eDdA9eEA7,
OX Coin,OX,Ethereum,0xba0Dda8762C24dA9487f5FA026a9B64b695A07Ea,
Origin Protocol,OGN,Ethereum,0x8207c1ffc5b6804f6024322ccf34f29c3541ae26,
Bancor,BNT,Ethereum,0x1f573d6fb3f13d689ff844b4ce37794d79a7ff1c,
Request,REQ,Ethereum,0x8f8221afbb33998d8584a2b05749ba73c37a938a,
Myria,MYRIA,Ethereum,0xa0ef786bf476fe0810408caba05e536ac800ff86,
StormX,STMX,Ethereum,0xa62cc35625b0c8dc1faea39d33625bb4c15bd71c,
CLV,CLV,Ethereum,0x80C62FE4487E1351b47Ba49809EBD60ED085bf52,
ARPA,ARPA,Ethereum,0xba50933c268f567bdc86e1ac131be072c6b0b71a,
Gearbox Protocol,GEAR,Ethereum,0xba3335588d9403515223f109edc4eb7269a9ab5d,
Entangle,NGL,Ethereum,0x12652c6d93fdb6f4f37d48a8687783c782bb0d10,
Renzo,REZ,Ethereum,0x3b50805453023a91a8bf641e279401a0b23fa6f9,
Open Loot,OL,Ethereum,0x1F57da732A77636D913C9a75d685B26CC85DCC3A,
PaLM AI,PALM,Ethereum,0xf1df7305E4BAB3885caB5B1e4dFC338452a67891,
Pocket Network,POKT,Ethereum,0x764A726d9ceD0433A8D7643335919dEb03a9a935,
DAO Maker,DAO,Ethereum,0x0f51bb10119727a7e5ea3538074fb341f56b09ad,
NYM,NYM,Ethereum,0x525A8F6F3Ba4752868cde25164382BfbaE3990e1,
inSure DeFi,SURE,Ethereum,0xcb86c6a22cb56b6cf40cafedb06ba0df188a416e,
WhiteRock,WHITE,Ethereum,0x9cdf242Ef7975D8c68D5C1F5B6905801699b1940,
Alien Worlds,TLM,Ethereum,0x888888848B652B3E3a0f34c96E00EEC0F3a23F72,
Tokenlon Network Token,LON,Ethereum,0x0000000000095413afc295d19edeb1ad7b71c952,
ResearchCoin,RSC,Ethereum,0xd101dcc414f310268c37eeb4cd376ccfa507f571,
Maple,MPL,Ethereum,0x33349b282065b0284d756f0577fb39c158f935e6,
LeverFi,LEVER,Ethereum,0x4B5f49487ea7B3609b1aD05459BE420548789f1f,
KARRAT,KARRAT,Ethereum,0xAcd2c239012D17BEB128B0944D49015104113650,
Milady Meme Coin,LADYS,Ethereum,0x12970e6868f88f6557b76120662c1b3e50a646bf,
ApeX Protocol,APEX,Ethereum,0x52A8845DF664D76C69d2EEa607CD793565aF42B8,
BitMart Token,BMX,Ethereum,0x986EE2B944c42D017F52Af21c4c69B84DBeA35d8,
Pax Dollar,USDP,Ethereum,0x8e870d67f660d95d5be530380d0ec0bd388289e1,
GameBuild,GAME,Ethereum,0x825459139C897D769339f295E962396C4F9E4A4D,
Loom Network,LOOM,Ethereum,0x42476F744292107e34519F9c357927074Ea3F75D,
Badger DAO,BADGER,Ethereum,0x3472a5a71965499acd81997a54bba8d852c6e53d,
Puffer,PUFFER,Ethereum,0x4d1C297d39C5c1277964D0E3f8Aa901493664530,
Gods Unchained,GODS,Ethereum,0xccc8cb5229b0ac8069c51fd58367fd1e622afd97,
EURC,EURC,Ethereum,0x1abaea1f7c830bd89acc67ec4af516284b1bc33c,
Alkimi,ADS,Ethereum,0x3106a0a076BeDAE847652F42ef07FD58589E001f,
Tokamak Network,TON,Ethereum,0x2be5e8c109e2197D077D13A82dAead6a9b3433C5,
QuarkChain,QKC,Ethereum,0xea26c4ac16d4a5a106820bc8aee85fd0b7b2b664,
Zero1 Labs,DEAI,Ethereum,0x1495bc9e44Af1F8BCB62278D2bEC4540cF0C05ea,
DeFi Pulse Index,DPI,Ethereum,0x1494ca1f11d487c2bbe4543e90080aeba4ba3c2b,
Stargate Finance,STG,Ethereum,0xaf5191b0de278c7286d6c7cc6ab6bb8a73ba2cd6,
BOBO,BOBO,Ethereum,0xb90b2a35c65dbc466b04240097ca756ad2005295,
ArchLoot,AL,Ethereum,0x046BAd07658f3B6cAd9A396CFcbC1243AF452ec1,
Bluzelle,BLZ,Ethereum,0x5732046a883704404f284ce41ffadd5b007fd668,
Onyxcoin,XCN,Ethereum,0xA2cd3D43c775978A96BdBf12d733D5A1ED94fb18,
AI Analysis Token,AIAT,Ethereum,0x0501b9188436E35bB10F35998c40ADC079003866,
Cobak Token,CBK,Ethereum,0xD85a6Ae55a7f33B0ee113C234d2EE308EdeAF7fD,
Neiro Ethereum,NEIRO,Ethereum,0xee2a03aa6dacf51c18679c516ad5283d8e7c2637,
Dione Protocol,DIONE,Ethereum,0x65278f702019078E9Ab196C0Da0A6eE55E7248B7,
Automata Network,ATA,Ethereum,0xa2120b9e674d3fc3875f415a7df52e382f141225,
OMG Network,OMG,Ethereum,0xd26114cd6ee289accf82350c8d8487fedb8a0c07,
Ethernity Chain,ERN,Ethereum,0xbbc2ae13b23d715c30720f079fcd9b4a74093505,
Perpetual Protocol,PERP,Ethereum,0xbc396689893d065f41bc2c6ecbee5e0085233447,
Swell Network,SWELL,Ethereum,0x0a6E7Ba5042B38349e437ec6Db6214AEC7B35676,
Litentry,LIT,Ethereum,0xb59490ab09a0f526cc7305822ac65f2ab12f9723,
Uquid Coin,UQC,Ethereum,0x8806926ab68eb5a7b909dcaf6fdbe5d93271d6e2,
Hippocrat,HPO,Ethereum,0xfE39C384D702914127a005523f9915ADDB9bd59b,
Bifrost,BFC,Ethereum,0x0c7D5ae016f806603CB1782bEa29AC69471CAb9c,
Aavegotchi,GHST,Ethereum,0x3F382DbD960E3a9bbCeaE22651E88158d2791550,
MESSIER,M87,Ethereum,0x80122c6a83c8202ea365233363d3f4837d13e888,
Heroes of Mavia,MAVIA,Ethereum,0x24fcFC492C1393274B6bcd568ac9e225BEc93584,
GamerCoin,GHX,Ethereum,0x728f30fa2f100742c7949d1961804fa8e0b1387d,
MAGA (magamemecoin.com),TRUMP,Ethereum,0x576e2BeD8F7b46D34016198911Cdf9886f78bea7,
RARI,RARI,Ethereum,0xfca59cd816ab1ead66534d82bc21e7515ce441cf,
Tornado Cash,TORN,Ethereum,0x77777feddddffc19ff86db637967013e6c6a116c,
Stronghold Token,SHX,Ethereum,0xee7527841a932d2912224e20a405e1a1ff747084,
Hoppy,HOPPY,Ethereum,0x6e79b51959cf968d87826592f46f819f92466615,
Function X,FX,Ethereum,0x8c15ef5b4b21951d50e53e4fbda8298ffad25057,
SquidGrow,SQGROW,Ethereum,0xb72E76cCf005313868DB7b48070901a44629da98,
Gelato,GEL,Ethereum,0x15b7c0c907e4C6b9AdaAaabC300C08991D6CEA05,
Verasity,VRA,Ethereum,0xf411903cbc70a74d22900a5de66a2dda66507255,
Tectum,TET,Ethereum,0x68A47Fe1CF42eBa4a030a10CD4D6a1031Ca3CA0a,
Boson Protocol,BOSON,Ethereum,0xC477D038d5420C6A9e0b031712f61c5120090de9,
Ampleforth Governance Token,FORTH,Ethereum,0x77fba179c79de5b7653f68b5039af940ada60ce0,
Dego Finance,DEGO,Ethereum,0x3da932456d082cba208feb0b096d49b202bf89c8,
ChainSwap,CSWAP,Ethereum,0xae41b275aaaf484b541a5881a2dded9515184cca,
district0x,DNT,Ethereum,0x0abdace70d3790235af448c88547603b945604ea,
LooksRare,LOOKS,Ethereum,0xf4d2888d29d722226fafa5d9b24f9164c092421e,
Victoria VR,VR,Ethereum,0x7d5121505149065b562c789a0145ed750e6e8cdd,
Dimitra,DMTR,Ethereum,0x51cb253744189f11241becb29bedd3f1b5384fdb,
Gemini Dollar,GUSD,Ethereum,0x056Fd409E1d7A124BD7017459dFEa2F387b6d5Cd,
Goldfinch,GFI,Ethereum,0xdab396ccf3d84cf2d07c4454e10c8a6f5b008d2b,
Euler,EUL,Ethereum,0xd9fcd98c322942075a5c3860693e9f4f03aae07b,
Liquity USD,LUSD,Ethereum,0x5f98805A4E8be255a32880FDeC7F6728C6568bA0,
Numbers Protocol,NUM,Ethereum,0x3496b523e5c00a4b4150d6721320cddb234c3079,
Gems,GEMS,Ethereum,0x3010ccb5419F1EF26D40a7cd3F0d707a0fa127Dc,
PeiPei (ETH),PEIPEI,Ethereum,0x3ffeea07a27fab7ad1df5297fa75e77a43cb5790,
Sweat Economy,SWEAT,Ethereum,0xb4b9dc1c77bdbb135ea907fd5a08094d98883a35,
Bella Protocol,BEL,Ethereum,0xa91ac63d040deb1b7a5e4d4134ad23eb0ba07e14,
Alchemix,ALCX,Ethereum,0xdbdb4d16eda451d0503b854cf79d55697f90c8df,
Ribbon Finance,RBN,Ethereum,0x6123b0049f904d730db3c36a31167d9d4121fa6b,
Streamr,DATA,Ethereum,0x8f693ca8d21b157107184d29d398a8d082b38b76,
Ancient8,A8,Ethereum,0x3E5A19c91266aD8cE2477B91585d1856B84062dF,
The Root Network,ROOT,Ethereum,0xa3d4BEe77B05d4a0C943877558Ce21A763C4fa29,
Anchored Coins AEUR,AEUR,Ethereum,0xA40640458FBc27b6EefEdeA1E9C9E17d4ceE7a21,
FirmaChain,FCT,Ethereum,0xe1bad922f84b198a08292fb600319300ae32471b,
Dora Factory,DORA,Ethereum,0x70b790d0948a760e80bc3f892b142F7779b538B2,
SIDUS,SIDUS,Ethereum,0x549020a9Cb845220D66d3E9c6D9F9eF61C981102,
Assemble AI,ASM,Ethereum,0x2565ae0385659badcada1031db704442e1b69982,
PepeFork,PORK,Ethereum,0xb9f599ce614Feb2e1BBe58F180F370D05b39344E,
Agoras: Tau Net,AGRS,Ethereum,0x738865301a9b7dd80dc3666dd48cf034ec42bdda,
FUNToken,FUN,Ethereum,0x419d0d8bdd9af5e606ae2232ed285aff190e711b,
Enzyme,MLN,Ethereum,0xec67005c4e498ec7f55e092bd1d35cbc47c91892,
Linear Finance,LINA,Ethereum,0x3e9bc21c9b189c09df3ef1b824798658d5011937,
Grok,GROK,Ethereum,0x8390a1da07e376ef7add4be859ba74fb83aa02d5,
League of Kingdoms Arena,LOKA,Ethereum,0x61e90a50137e1f645c9ef4a0d3a4f01477738406,
Nexera,NXRA,Ethereum,0x644192291cc835a93d6330b24ea5f5fedd0eef9e,
Polkastarter,POLS,Ethereum,0x83e6f1e41cdd28eaceb20cb649155049fac3d5aa,
Kishu Inu,KISHU,Ethereum,0xA2b4C0Af19cC16a6CfAcCe81F192B024d625817D,
Stader,SD,Ethereum,0x30D20208d987713f46DFD34EF128Bb16C404D10f,
Ultra,UOS,Ethereum,0xd13c7342e1ef687c5ad21b27c2b65d772cab5c8c,
Hacken Token,HAI,Ethereum,0x05Fb86775Fd5c16290f1E838F5caaa7342bD9a63,
Orderly Network,ORDER,Ethereum,0xABD4C63d2616A5201454168269031355f4764337,
zKML,ZKML,Ethereum,0xE92344b4eDF545F3209094B192E46600A19E7C2D,
Strike,STRK,Ethereum,0x74232704659ef37c08995e386a2e26cc27a8d7b1,
WAGMI Games,WAGMIGAMES,Ethereum,0x3b604747ad1720c01ded0455728b62c0d2f100f0,
MOO DENG (moodeng.vip),MOODENG,Ethereum,0x28561b8a2360f463011c16b6cc0b0cbef8dbbcad,
Bitgert,BRISE,Ethereum,0xF2B2f7b47715256Ce4eA43363a867fdce9353e3A,
Cornucopias,COPI,Ethereum,0x42Baf1f659D765C65ADE5BB7E08eb2C680360d9d,
Hunt Town,HUNT,Ethereum,0x9aab071b4129b083b01cb5a0cb513ce7eca26fa5,
Masa,MASA,Ethereum,0x944824290CC12F31ae18Ef51216A223Ba4063092,
HOPR,HOPR,Ethereum,0xf5581dfefd8fb0e4aec526be659cfab1f8c781da,
DEAPcoin,DEP,Ethereum,0x1a3496c18d558bd9c6c8f609e1b129f67ab08163,
Beta Finance,BETA,Ethereum,0xbe1a001fe942f96eea22ba08783140b9dcc09d28,
PolySwarm,NCT,Ethereum,0x9e46a38f5daabe8683e10793b06749eef7d733d1,
SPECTRE AI,SPECTRE,Ethereum,0x9Cf0ED013e67DB12cA3AF8e7506fE401aA14dAd6,
Kendu Inu,KENDU,Ethereum,0xaa95f26e30001251fb905d264Aa7b00eE9dF6C18,
Moon Tropica,CAH,Ethereum,0x8e0e57dcb1ce8d9091df38ec1bfc3b224529754a,
Aleph.im,ALEPH,Ethereum,0x27702a26126e0b3702af63ee09ac4d1a084ef628,
StaFi,FIS,Ethereum,0xef3a930e1ffffacd2fc13434ac81bd278b0ecc8d,
Shrub,SHRUB,Ethereum,0x3b991130eae3cca364406d718da22fa1c3e7c256,
IDEX,IDEX,Ethereum,0xb705268213d593b8fd88d3fdeff93aff5cbdcfae,
ARC,ARC,Ethereum,0xc82e3db60a52cf7529253b4ec688f631aad9e7c2,
Fluence,FLT,Ethereum,0x236501327e701692a281934230af0b6be8df3353,
Quickswap [New],QUICK,Ethereum,0xd2ba23de8a19316a638dc1e7a9adda1d74233368,
Lift Dollar,USDL,Ethereum,0xbdC7c08592Ee4aa51D06C27Ee23D5087D65aDbcD,
QuickSwap [Old],QUICK,Ethereum,0x6c28aef8977c9b773996d0e8376d2ee379446f2f,
Houdini Swap,LOCK,Ethereum,0x922D8563631B03C2c4cf817f4d18f6883AbA0109,
Ren,REN,Ethereum,0x408e41876cccdc0f92210600ef50372656052a38,
e-Radix,EXRD,Ethereum,0x6468e79A80C0eaB0F9A2B574c8d5bC374Af59414,
xMoney,UTK,Ethereum,0xdc9Ac3C20D1ed0B540dF9b1feDC10039Df13F99c,
Polymath,POLY,Ethereum,0x9992ec3cf6a55b00978cddf2b27bc6882d88d1ec,
VAIOT,VAI,Ethereum,0xD13cfD3133239a3c73a9E535A5c4DadEE36b395c,
LinqAI,LNQ,Ethereum,0xD4F4D0a10BcaE123bB6655E8Fe93a30d01eEbD04,
dForce,DF,Ethereum,0x431ad2ff6a9c365805ebad47ee021148d6f7dbe0,
RAMP,RAMP,Ethereum,0x33D0568941C0C64ff7e0FB4fbA0B11BD37deEd9f,
COMBO,COMBO,Ethereum,0xc03fbf20a586fa89c2a5f6f941458e1fbc40c661,
Whiteheart,WHITE,Ethereum,0x5f0e628b693018f639d10e4a4f59bd4d8b2b6b44,
AVA (Travala),AVA,Ethereum,0xa6C0c097741D55ECd9a3A7DeF3A8253fD022ceB9,
Measurable Data Token,MDT,Ethereum,0x814e0908b12a99fecf5bc101bb5d0b8b5cdf7d26,
Moss Coin,MOC,Ethereum,0xBeE20B9Df360B8442534Ed8059f3e5bAEeB74EaF,
VIDT DAO,VIDT,Ethereum,0x3be7bf1a5f23bd8336787d0289b70602f1940875,
Locus Chain,LOCUS,Ethereum,0xc64500dd7b0f1794807e67802f8abbf5f8ffb054,
Opulous,OPUL,Ethereum,0x80d55c03180349fff4a229102f62328220a96444,
MATH,MATH,Ethereum,0x08d967bb0134f2d07f7cfb6e246680c53927dd30,
Multibit,MUBI,Ethereum,0x38e382f74dfb84608f3c1f10187f6bef5951de93,
Pikaboss,PIKA,Ethereum,0xa9d54f37ebb99f83b603cc95fc1a5f3907aaccfd,
CEEK VR,CEEK,Ethereum,0xb056c38f6b7dc4064367403e26424cd2c60655e1,
Persistence One,XPRT,Ethereum,0xD454b59f16D42667Be2fA55292d16647E27f40C4,
Propchain,PROPC,Ethereum,0x9ff58067Bd8D239000010c154C6983A325Df138E,
cheqd,CHEQ,Ethereum,0x70edf1c215d0ce69e7f16fd4e6276ba0d99d4de7,
HyperCycle,HYPC,Ethereum,0xeA7B7DC089c9a4A916B5a7a37617f59fD54e37E4,
Ampleforth,AMPL,Ethereum,0xd46ba6d942050d489dbd938a2c909a5d5039a161,
Harvest Finance,FARM,Ethereum,0xa0246c9032bC3A600820415aE600c6388619A14D,
Pirate Nation,PIRATE,Ethereum,0x7613c48e0cd50e42dd9bf0f6c235063145f6f8dc,
Cream Finance,CREAM,Ethereum,0x2ba592f78db6436527729929aaf6c908497cb200,
ZEON,ZEON,Ethereum,0xe5b826ca2ca02f09c1725e9bd98d9a8874c30532,
Doge Killer,LEASH,Ethereum,0x27c70cd1946795b66be9d954418546998b546634,
Cere Network,CERE,Ethereum,0x2da719db753dfa10a62e140f436e1d67f2ddb0d6,
Eurite,EURI,Ethereum,0x9d1a7a3191102e9f900faa10540837ba84dcbae7,
Alpha Quark Token,AQT,Ethereum,0x2a9bDCFF37aB68B95A53435ADFd8892e86084F93,
MAGA (maga-hat.vip),MAGA,Ethereum,0xd29da236dd4aac627346e1bba06a619e8c22d7c5,
DEXTools,DEXT,Ethereum,0xfb7b4564402e5500db5bb6d63ae671302777c75a,
Devve,DEVVE,Ethereum,0x8248270620aa532e4d64316017be5e873e37cc09,
Botto,BOTTO,Ethereum,0x9dfad1b7102d46b1b197b90095b5c4e9f5845bba,
Tether EURt,EURt,Ethereum,0xc581b735a1688071a1746c968e0798d642ede491,
Vector Smart Gas,VSG,Ethereum,0x58aea10748a00d1781d6651f9d78a414ea32ca46,
Synternet,SYNT,Ethereum,0xDA987c655ebC38C801DB64A8608bc1AA56Cd9a31,
AIT Protocol,AIT,Ethereum,0x89d584A1EDB3A70B3B07963F9A3eA5399E38b136,
PlayDapp,PDA,Ethereum,0x0D3CbED3f69EE050668ADF3D9Ea57241cBa33A2B,
Skey Network,SKEY,Ethereum,0x06a01a4d579479dd5d884ebf61a31727a3d8d442,
Prosper,PROS,Ethereum,0x8642A849D0dcb7a15a974794668ADcfbe4794B56,
Dacxi,DACXI,Ethereum,0xefab7248d36585e2340e5d25f8a8d243e6e3193f,
Matr1x,MAX,Ethereum,0xb7109df1a93f8fe2b8162c6207c9b846c1c68090,
Swarm Markets,SMT,Ethereum,0xb17548c7b510427baac4e267bea62e800b247173,
Shrapnel,SHRAP,Ethereum,0x31e4efe290973ebe91b3a875a7994f650942d28f,
Sperax,SPA,Ethereum,0xB4A3B0Faf0Ab53df58001804DdA5Bfc6a3D59008,
SwftCoin,SWFTC,Ethereum,0x0bb217E40F8a5Cb79Adf04E1aAb60E5abd0dfC1e,
Guild of Guardians,GOG,Ethereum,0x9AB7bb7FdC60f4357ECFef43986818A2A3569c62,
AdEx,ADX,Ethereum,0xade00c28244d5ce17d72e40330b1c318cd12b7c3,
Wing Finance,WING,Ethereum,0xDb0f18081b505A7DE20B18ac41856BCB4Ba86A1a,
NEOPIN,NPT,Ethereum,0x306ee01a6bA3b4a8e993fA2C1ADC7ea24462000c,
PARSIQ,PRQ,Ethereum,0x362bc847A3a9637d3af6624EeC853618a43ed7D2,
XSGD,XSGD,Ethereum,0x70e8de73ce538da2beed35d14187f6959a8eca96,
ROGin AI,ROG,Ethereum,0x5d43b66da68706d39f6c97f7f1415615672b446b,
LORDS,LORDS,Ethereum,0x686f2404e77ab0d9070a46cdfb0b7fecdd2318b0,
OpenGPU,oGPU,Ethereum,0x067def80d66fb69c276e53b641f37ff7525162f6,
SIX,SIX,Ethereum,0x61c6ebf443ad613c9648762585b3cfd3ba1f3fa8,
NuNet,NTX,Ethereum,0xf0d33beda4d734c72684b5f9abbebf715d0a7935,
Polytrade,TRADE,Ethereum,0x6e5970DBd6fc7eb1f29C6D2eDF2bC4c36124C0C1,
Isiklar Coin,ISIKC,Ethereum,0x4339befb55cfa65344ef6f4bb7f05fae3458670a,
Shapeshift FOX Token,FOX,Ethereum,0xc770eefad204b5180df6a14ee197d99d808ee52d,
Impossible Finance Launchpad,IDIA,Ethereum,0x0b15ddf19d47e6a86a56148fb4afffc6929bcb89,
UniLend,UFT,Ethereum,0x0202Be363B8a4820f3F4DE7FaF5224fF05943AB1,
Beefy,BIFI,Ethereum,0xB1F1ee126e9c96231Cc3d3fAD7C08b4cf873b1f1,
ASD,ASD,Ethereum,0xff742d05420b6aca4481f635ad8341f81a6300c2,
Tribal Finance,TRIBL,Ethereum,0x6988A804C74Fd04F37DA1EA4781CEa68c9C00F86,
Vectorspace AI,VXV,Ethereum,0x7D29A64504629172a429e64183D6673b9dAcbFCe,
FractonX,FT,Ethereum,0xee9e7bb7e55bbc86414047b61d65c9c0d91ffbd0,
bitsCrunch,BCUT,Ethereum,0xBEF26Bd568e421D6708CCA55Ad6e35f8bfA0C406,
Brickken,BKN,Ethereum,0x0a638f07acc6969abf392bb009f216d22adea36d,
pSTAKE Finance,PSTAKE,Ethereum,0xfB5c6815cA3AC72Ce9F5006869AE67f18bF77006,
Swarm,BZZ,Ethereum,0x19062190b1925b5b6689d7073fdfc8c2976ef8cb,
SingularityDAO,SDAO,Ethereum,0x993864e43caa7f7f12953ad6feb1d1ca635b875f,
ELYSIA,EL,Ethereum,0x2781246fe707bb15cee3e5ea354e2154a2877b16,
MON,MON,Ethereum,0xc555D625828c4527d477e595fF1Dd5801B4a600e,
Commune AI,COMAI,Ethereum,0xc78b628b060258300218740b1a7a5b3c82b3bd9f,
Global Dollar,USDG,Ethereum,0xe343167631d89B6Ffc58B88d6b7fB0228795491D,
DexCheck AI,DCK,Ethereum,0x672f4fa517894496b8a958b4b3fca068ce513a39,
zkLink,ZKL,Ethereum,0xfc385a1df85660a7e041423db512f779070fcede,
Stratos,STOS,Ethereum,0x08c32b0726C5684024ea6e141C50aDe9690bBdcc,
Reserve Dollar,RSV,Ethereum,0x196f4727526eA7FB1e17b2071B3d8eAA38486988,
KiboShib,KIBSHI,Ethereum,0x02e7f808990638e9e67e1f00313037ede2362361,
Inverse Finance,INV,Ethereum,0x41d5d79431a913c4ae7d69a668ecdfe5ff9dfb68,
Morpheus.Network,MNW,Ethereum,0xd3E4Ba569045546D09CF021ECC5dFe42b1d7f6E4,
Pandora,PANDORA,Ethereum,0x9e9fbde7c7a83c43913bddc8779158f1368f0413,
Electronic USD,eUSD,Ethereum,0xA0d69E286B938e21CBf7E51D71F6A4c8918f482F,
Sovryn,SOV,Ethereum,0xbdab72602e9ad40fc6a6852caf43258113b8f7a5,
Cook Finance,COOK,Ethereum,0xff75ced57419bcaebe5f05254983b013b0646ef5,
Atlas Navi,NAVI,Ethereum,0xfc1c93a2507975e98b9d0e9260ded61a00152bf1,
Aura Finance,AURA,Ethereum,0xc0c293ce456ff0ed870add98a0828dd4d2903dbf,
Kava Lend,HARD,Ethereum,0x1C700F95Df53fc31e83D89AC89e5DD778D4cD310,
THE BALKAN DWARF,KEKEC,Ethereum,0x8c7ac134ed985367eadc6f727d79e8295e11435c,
Blendr Network,BLENDR,Ethereum,0x84018071282d4b2996272659d9c01cb08dd7327f,
BOB (ETH),BOB,Ethereum,0x7D8146cf21e8D7cbe46054e01588207b51198729,
Kryll,KRL,Ethereum,0x464eBE77c293E473B48cFe96dDCf88fcF7bFDAC0,
Volt Inu,VOLT,Ethereum,0x7f792db54b0e580cdc755178443f0430cf799aca,
SHPING,SHPING,Ethereum,0x7c84e62859d0715eb77d1b1c4154ecd6abb21bec,
Partisia Blockchain,MPC,Ethereum,0x36a0e44c73e5a6a7727817377c0127f320a9456e,
Data Ownership Protocol,DOP,Ethereum,0x97A9a15168C22B3C137E6381037E1499C8ad0978,
Kaon,AKRO,Ethereum,0x8ab7404063ec4dbcfd4598215992dc3f8ec853d7,
Shuffle,SHFL,Ethereum,0x8881562783028F5c1BCB985d2283D5E170D88888,
DMAIL Network,DMAIL,Ethereum,0xcC6f1e1B87cfCbe9221808d2d85C501aab0B5192,
Philtoken,PHIL,Ethereum,0xc328a59E7321747aEBBc49FD28d1b32C1af8d3b2,
BreederDAO,BREED,Ethereum,0x94E9EB8b5Ab9fd6B9ea3169D55FFAde62a01702e,
Aventus,AVT,Ethereum,0x0d88ed6e74bbfd96b831231638b66c05571e824f,
UFO Gaming,UFO,Ethereum,0x249e38ea4102d0cf8264d3701f1a0e39c4f2dc3b,
Amaterasu Omikami,OMIKAMI,Ethereum,0x9e18d5bab2fa94a6a95f509ecb38f8f68322abd3,
Cryptex Finance,CTX,Ethereum,0x321c2fe4446c7c963dc41dd58879af648838f98d,
Pluton,PLU,Ethereum,0xd8912c10681d8b21fd3742244f44658dba12264e,
DFI.Money,YFII,Ethereum,0xa1d0E215a23d7030842FC67cE582a6aFa3CCaB83,
Galeon,GALEON,Ethereum,0xa2437A33049E878c35E16d10789a7D296baDE29e,
XCAD Network,XCAD,Ethereum,0x7659ce147d0e714454073a5dd7003544234b6aa0,
Katana Inu,KATA,Ethereum,0x2e85ae1C47602f7927bCabc2Ff99C40aA222aE15,
Phantasma,SOUL,Ethereum,0x75858677e27C930FB622759FeafFeE2b754Af07F,
Apeiron,APRS,Ethereum,0x95b4B8CaD3567B5d7EF7399C2aE1d7070692aB0D,
TRVL (Dtravel),TRVL,Ethereum,0xd47bdf574b4f76210ed503e0efe81b58aa061f3d,
Nine Chronicles,WNCG,Ethereum,0xf203Ca1769ca8e9e8FE1DA9D147DB68B6c919817,
AirSwap,AST,Ethereum,0x27054b13b1b798b345b591a4d22e6562d47ea75a,
Brett (ETH),BRETT,Ethereum,0x240D6FAF8c3B1A7394e371792A3bf9D28DD65515,
AIPAD,AIPAD,Ethereum,0xE55d97A97ae6A17706ee281486E98A84095d8AAf,
Jesus Coin,JESUS,Ethereum,0xba386A4Ca26B85FD057ab1Ef86e3DC7BdeB5ce70,
Troll,TROLL,Ethereum,0xf8ebf4849f1fa4faf0dff2106a173d3a6cb2eb3a,
AstraAI,ASTRA,Ethereum,0x0aA8A7D1fB4c64B3b1DcEa9A7ADe81C59C25b95b,
Galxe,GAL,Ethereum,0x5fAa989Af96Af85384b8a938c2EdE4A7378D9875,
Creo Engine,CREO,Ethereum,0xe636f94a71eC52Cc61eF21787aE351AD832347B7,
Chainge,XCHNG,Ethereum,0xb712d62fE84258292d1961B5150a19bC4Ab49026,
Dragonchain,DRGN,Ethereum,0x419c4db4b9e25d6db2ad9691ccb832c8d9fda05e,
Cellframe,CELL,Ethereum,0x26c8afbbfe1ebaca03c2bb082e69d0476bffe099,
Edelcoin,EDLC,Ethereum,0xc47ef9b19c3e29317a50f5fbe594eba361dada4a,
GAMEE,GMEE,Ethereum,0xd9016a907dc0ecfa3ca425ab20b6b785b42f2373,
ParaSwap,PSP,Ethereum,0xcafe001067cdef266afb7eb5a286dcfd277f3de5,
Castello Coin,CAST,Ethereum,0x3fab0bbaa03bceaf7c49e2b12877db0142be65fc,
SpookySwap,BOO,Ethereum,0x55af5865807b196bd0197e0902746f31fbccfa58,
HELLO Labs,HELLO,Ethereum,0x411099C0b413f4fedDb10Edf6a8be63BD321311C,
Numerico,NWC,Ethereum,0x968f6f898a6df937fc1859b323ac2f14643e3fed,
Pepe 2.0,PEPE2.0,Ethereum,0x0305f515fa978cf87226cf8A9776D25bcfb2Cc0B,
Hermez Network,HEZ,Ethereum,0xeef9f339514298c6a857efcfc1a762af84438dee,
Viberate,VIB,Ethereum,0x2c974b2d0ba1716e644c1fc59982a89ddd2ff724,
zkRace,ZERC,Ethereum,0xf8428A5a99cb452Ea50B6Ea70b052DaA3dF4934F,
Rake Coin,RAKE,Ethereum,0x6553565eac5daa9bfc5e2892b36291634c9b2ad6,
ZUSD,ZUSD,Ethereum,0xc56c2b7e71B54d38Aab6d52E94a04Cbfa8F604fA,
Shido [New],SHIDO,Ethereum,0xe2512A2f19F0388aD3D7A5263eaA82AcD564827b,
Suku,SUKU,Ethereum,0x0763fdCCF1aE541A5961815C0872A8c5Bc6DE4d7,
CateCoin,CATE,Ethereum,0x051fb509e4a775fabd257611eea1efaed8f91359,
Blocksquare Token,BST,Ethereum,0x509a38b7a1cc0dcd83aa9d06214663d9ec7c7f4a,
Tarot,TAROT,Ethereum,0xa10bf0aBa0C7953F279c4Cb8192d3B5dE5eA56E8,
GameGPT,DUEL,Ethereum,0x943Af2ece93118B973c95c2F698EE9D15002e604,
Coinweb,CWEB,Ethereum,0x505b5eda5e25a67e1c24a2bf1a527ed9eb88bf04,
Cratos,CRTS,Ethereum,0x678e840c640f619e17848045d23072844224dd37,
Rupiah Token,IDRT,Ethereum,0x998FFE1E43fAcffb941dc337dD0468d52bA5b48A,
AVINOC,AVINOC,Ethereum,0xf1ca9cb74685755965c7458528a36934df52a3ef,
Chrono.tech,TIME,Ethereum,0x485d17A6f1B8780392d53D64751824253011A260,
Alvara Protocol,ALVA,Ethereum,0x8e729198d1C59B82bd6bBa579310C40d740A11C2,
Kleros,PNK,Ethereum,0x93ed3fbe21207ec2e8f2d3c3de6e058cb73bc04d,
Quiztok,QTCON,Ethereum,0xa00a4d5786a6e955e9539d01d78bf68f3271c050,
EverRise,RISE,Ethereum,0xC17c30e98541188614dF99239cABD40280810cA3,
Verified USD,USDV,Ethereum,0x0e573ce2736dd9637a0b21058352e1667925c7a8,
TrustSwap,SWAP,Ethereum,0xcc4304a31d09258b0029ea7fe63d032f52e44efe,
BobaCat,PSPS,Ethereum,0x03049b395147713ae53c0617093675b4b86dde78,
Stake DAO,SDT,Ethereum,0x73968b9a57c6e53d41345fd57a6e6ae27d6cdb2f,
MSTR2100,MSTR,Ethereum,0x42069026EAC8Eee0Fd9b5f7aDFa4f6E6D69a2B39,
MixMarvel,MIX,Ethereum,0x5d285f735998f36631f678ff41fb56a10a4d0429,
Dvision Network,DVI,Ethereum,0x10633216e7e8281e33c86f02bf8e565a635d9770,
Starlink,STARL,Ethereum,0x8e6cd950ad6ba651f6dd608dc70e5886b1aa6b24,
QORPO WORLD,QORPO,Ethereum,0x22514fFb0d7232a56F0c24090E7B68f179FAA940,
Nuco.cloud,NCDT,Ethereum,0xe0c8b298db4cffe05d1bea0bb1ba414522b33c1b,
GET Protocol,GET,Ethereum,0x8a854288a5976036a725879164ca3e91d30c6a1b,
Credefi,CREDI,Ethereum,0xaE6e307c3Fe9E922E5674DBD7F830Ed49c014c6B,
OVR,OVR,Ethereum,0x21bfbda47a0b4b5b1248c767ee49f7caa9b23697,
Keep3rV1,KP3R,Ethereum,0x1ceb5cb57c4d4e2b2433641b95dd330a33185a44,
RocketX exchange,RVF,Ethereum,0x2fb652314C3d850E9049057bBE9813F1eEe882d3,
HI,HI,Ethereum,0xC4f6E93AEDdc11dc22268488465bAbcAF09399aC,
KOMPETE,KOMPETE,Ethereum,0x1E0b2992079B620AA13A7c2E7c88D2e1E18E46E9,
Hegic,HEGIC,Ethereum,0x584bC13c7D411c00c01A62e8019472dE68768430,
CatCoin,CAT,Ethereum,0x59f4f336bf3d0c49dbfba4a74ebd2a6ace40539a,
Dogechain,DC,Ethereum,0x7B4328c127B85369D9f82ca0503B000D09CF9180,
Arianee,ARIA20,Ethereum,0xedf6568618a00c6f0908bf7758a16f76b6e04af9,
Rally,RLY,Ethereum,0xf1f955016EcbCd7321c7266BccFB96c68ea5E49b,
NFT Worlds,WRLD,Ethereum,0xd5d86fc8d5c0ea1ac1ac5dfab6e529c9967a45e9,
UNCX Network,UNCX,Ethereum,0xaDB2437e6F65682B85F814fBc12FeC0508A7B1D0,
ParagonsDAO,PDT,Ethereum,0x375abb85c329753b1ba849a601438ae77eec9893,
tomi,TOMI,Ethereum,0x4385328cc4d643ca98dfea734360c0f596c83449,
Seedworld,SWORLD,Ethereum,0x968bE3F7bfeF0F8eDc3c1aD90232EbB0DA0867aA,
Lumerin,LMR,Ethereum,0x4b1d0b9f081468d780ca1d5d79132b64301085d1,
ALTAVA,TAVA,Ethereum,0xdebe620609674F21B1089042527F420372eA98A5,
EPIK Prime,EPIK,Ethereum,0x4da0c48376c277cdbd7fc6fdc6936dee3e4adf75,
TG Casino,TGC,Ethereum,0x25B4f5D4C314bCD5d7962734936C957B947cb7CF,
LeisureMeta,LM,Ethereum,0xc064F4F215B6A1E4e7F39bD8530C4dE0fC43ee9D,
GYEN,GYEN,Ethereum,0xC08512927D12348F6620a698105e1BAac6EcD911,
PIBBLE,PIB,Ethereum,0x1864ce27e9f7517047933caae530674e8c70b8a7,
Netvrk,NETVR,Ethereum,0x52498F8d9791736f1D6398fE95ba3BD868114d10,
RabbitX,RBX,Ethereum,0x3Ba925fdeAe6B46d0BB4d424D829982Cb2F7309e,
Nya,NYA,Ethereum,0x38F9bf9dCe51833Ec7f03C9dC218197999999999,
Deeper Network,DPR,Ethereum,0xf3ae5d769e153ef72b4e3591ac004e89f48107a1,
Hoge Finance,HOGE,Ethereum,0xfad45e47083e4607302aa43c65fb3106f1cd7607,
Cult DAO,CULT,Ethereum,0xf0f9d895aca5c8678f706fb8216fa22957685a13,
BLOCKLORDS,LRDS,Ethereum,0xd0a6053f087E87a25dC60701ba6E663b1a548E85,
Baanx,BXX,Ethereum,0x6b1a8f210ec6b7b6643cea3583fb0c079f367898,
Carbon browser,CSIX,Ethereum,0x345887cdb19e12833ed376bbf8b8b38269f5f5c8,
ChangeNOW Token,NOW,Ethereum,0xe9a95d175a5f4c9369f3b74222402eb1b837693b,
Sabai Protocol,SABAI,Ethereum,0xb5d730d442e1d5b119fb4e5c843c48a64202ef92,
Origin DeFi Governance,OGV,Ethereum,0x9c354503c38481a7a7a51629142963f98ecc12d0,
Minati Coin,MNTC,Ethereum,0xf5a1f8bc0aa7d6ebf3a44856c622bd047bfb5bfa,
GAM3S.GG,G3,Ethereum,0xCF67815ccE72E682Eb4429eCa46843bed81Ca739,
SelfKey,KEY,Ethereum,0x4cc19356f2d37338b9802aa8e8fc58b0373296e7,
BarnBridge,BOND,Ethereum,0x0391D2021f89DC339F60Fff84546EA23E337750f,
Polaris Share,POLA,Ethereum,0xc691bc298a304d591Ad9b352c7A8D216dE9f2CED,
Open Custody Protocol,OPEN,Ethereum,0x4123a133ae3c521fd134d7b13a2dec35b56c2463,
Saito,SAITO,Ethereum,0xFa14Fa6958401314851A17d6C5360cA29f74B57B,
imgnAI,IMGNAI,Ethereum,0xA735A3AF76CC30791C61c10d585833829d36CBe0,
MileVerse,MVC,Ethereum,0x581911b360B6eB3a14eF295a83a91DC2bCE2D6f7,
Synternet,NOIA,Ethereum,0xa8c8CfB141A3bB59FEA1E2ea6B79b5ECBCD7b6ca,
Electric Vehicle Zone,EVZ,Ethereum,0x7a939bb714fd2a48ebeb1e495aa9aaa74ba9fa68,
Pikamoon,PIKA,Ethereum,0xD1e64bcc904Cfdc19d0FABA155a9EdC69b4bcdAe,
Dejitaru Tsuka,TSUKA,Ethereum,0xc5fb36dd2fb59d3b98deff88425a3f425ee469ed,
Akita Inu,AKITA,Ethereum,0x3301ee63fb29f863f2333bd4466acb46cd8323e6,
5ire,5IRE,Ethereum,0x3bd7d4F524D09F4e331577247A048D56e4b67a7F,
Byte,BYTE,Ethereum,0xdE342A3E269056fc3305f9e315F4C40D917BA521,
Somnium Space Cubes,CUBE,Ethereum,0xdf801468a808a32656d2ed2d2d80b72a129739f4,
ICHI,ICHI,Ethereum,0x111111517e4929d3dcbdfa7cce55d30d4b6bc4d6,
RyuJin,RYU,Ethereum,0xca530408c3e552b020a2300debc7bd18820fb42f,
BABB,BAX,Ethereum,0xf920e4f3fbef5b3ad0a25017514b769bdc4ac135,
BioPassport Token,BIOT,Ethereum,0xc07A150ECAdF2cc352f5586396e344A6b17625EB,
HUSD,HUSD,Ethereum,0xdf574c24545e5ffecb9a659c229253d4111d87e1,
MUX Protocol,MCB,Ethereum,0x4e352cf164e64adcbad318c3a1e222e9eba4ce42,
HAPI Protocol,HAPI,Ethereum,0xd9c2d319cd7e6177336b0a9c93c21cb48d84fb54,
VNX Swiss Franc,VCHF,Ethereum,0x79d4f0232A66c4c91b89c76362016A1707CFBF4f,
Choise.ai,CHO,Ethereum,0xBBa39Fd2935d5769116ce38d46a71bde9cf03099,
ETHEREUM IS GOOD,EBULL,Ethereum,0x71297312753ea7a2570a5a3278ed70d9a75f4f44,
Real Smurf Cat,SMURFCAT,Ethereum,0xfF836A5821E69066c87E268bC51b849FaB94240C,
Speedy,SPEEDY,Ethereum,0xc8f69a9b46b235de8d0b77c355fff7994f1b090f,
ISKRA Token,ISK,Ethereum,0x17d2628D30F8e9E966c9Ba831c9B9b01ea8Ea75C,
TypeAI,TYPE,Ethereum,0x443459d45c30a03f90037d011cbe22e2183d3b12,
Unibright,UBT,Ethereum,0x8400d94a5cb0fa0d041a3788e395285d61c9ee5e,
LATOKEN,LA,Ethereum,0xe50365f5d679cb98a1dd62d6f6e58e59321bcddf,
Quidax Token,QDX,Ethereum,0x1780933e83b09371cf716f3630fe5a422a66a39e,
Crust Network,CRU,Ethereum,0x32a7C02e79c4ea1008dD6564b35F131428673c41,
Celsius,CEL,Ethereum,0xaaaebe6fe48e54f431b0c390cfaf0b017d09d42d,
Mystiko Network,XZK,Ethereum,0xe8fC52b1bb3a40fd8889C0f8f75879676310dDf0,
Coupon Assets,CA,Ethereum,0x9ee8c380E1926730aD89e91665FF27063b13c90A,
Nestree,EGG,Ethereum,0x65ccd72c0813ce6f2703593b633202a0f3ca6a0c,
Gamium,GMM,Ethereum,0x4B19C70Da4c6fA4bAa0660825e889d2F7eaBc279,
Buying.com,BUY,Ethereum,0x396ec402b42066864c406d1ac3bc86b575003ed8,
sUSD,SUSD,Ethereum,0x57Ab1ec28D129707052df4dF418D58a2D46d5f51,
Fuse,FUSE,Ethereum,0x970b9bb2c0444f5e81e9d0efb84c8ccdcdcaf84d,
Asterix Labs,ASTX,Ethereum,0x0000000000ca73A6df4C58b84C5B4b847FE8Ff39,
Sylo,SYLO,Ethereum,0xf293d23bf2cdc05411ca0eddd588eb1977e8dcd4,
Big Data Protocol,BDP,Ethereum,0xf3dcbc6D72a4E1892f7917b7C43b74131Df8480e,
UBXS Token,UBXS,Ethereum,0xfE6e6b60e441a383983eCe2139e3Ca3B3239E49E,
SENATE,SENATE,Ethereum,0x34Be5b8C30eE4fDe069DC878989686aBE9884470,
Symbiosis,SIS,Ethereum,0xd38BB40815d2B0c2d2c866e0c72c5728ffC76dd9,
GameSwift,GSWIFT,Ethereum,0x580e933d90091b9ce380740e3a4a39c67eb85b4c,
Hemule,HEMULE,Ethereum,0xeAA63125dd63f10874F99CdBbb18410e7Fc79dD3,
Presearch,PRE,Ethereum,0xEC213F83defB583af3A000B1c0ada660b1902A0F,
Bad Idea AI,BAD,Ethereum,0x32b86b99441480a7e5bd3a26c124ec2373e3f015,
Azuro Protocol,AZUR,Ethereum,0x9E6be44cC1236eEf7e1f197418592D363BedCd5A,
Undeads Games,UDS,Ethereum,0x712bd4Beb54C6B958267d9dB0259abdBb0BFF606,
UniBot,UNIBOT,Ethereum,0xf819d9cb1c2a819fd991781a822de3ca8607c3c9,
Efinity Token,EFI,Ethereum,0x656C00e1BcD96f256F224AD9112FF426Ef053733,
Crypto Asset Governance Alliance,CAGA,Ethereum,0xbddc20ed7978b7d59ef190962f441cd18c14e19f,
Bitrue Coin,BTR,Ethereum,0xd433138d12beB9929FF6fd583DC83663eea6Aaa5,
POOH,POOH,Ethereum,0xb69753c06bb5c366be51e73bfc0cc2e3dc07e371,
Klaus,KLAUS,Ethereum,0xb612bFC5cE2FB1337Bd29F5Af24ca85DbB181cE2,
WHALE,WHALE,Ethereum,0x9355372396e3F6daF13359B7b607a3374cc638e0,
KAI KEN,KAI,Ethereum,0xA045Fe936E26e1e1e1Fb27C1f2Ae3643acde0171,
MongCoin,$MONG,Ethereum,0x1ce270557C1f68Cfb577b856766310Bf8B47FD9C,
LogX Network,LOGX,Ethereum,0xa3F4341C3fEf5963AB04135D2014AC7d68222E19,
Paribus,PBX,Ethereum,0xd528cf2e081f72908e086f8800977df826b5a483,
Bepro,BEPRO,Ethereum,0xcf3c8be2e2c42331da80ef210e9b1b307c03d36a,
Optimus AI,OPTI,Ethereum,0x562e362876c8aee4744fc2c6aac8394c312d215d,
Zypto,ZYPTO,Ethereum,0x7a65cb87f596caf31a4932f074c59c0592be77d7,
GameZone,GZONE,Ethereum,0xb6adb74efb5801160ff749b1985fd3bd5000e938,
fanC,FANC,Ethereum,0xbB126042235E6bD38B17744cb31a8bF4A206c045,
Bitcoin Virtual Machine,BVM,Ethereum,0x069d89974f4edabde69450f9cf5cf7d8cbd2568d,
Ternoa,CAPS,Ethereum,0x03be5c903c727ee2c8c4e9bc0acc860cca4715e2,
IMPT,IMPT,Ethereum,0x04c17b9d3b29a78f7bd062a57cf44fc633e71f85,
SpaceChain,SPC,Ethereum,0x86ed939b500e121c0c5f493f399084db596dad20,
Bubble,BUBBLE,Ethereum,0xe9689028eDE16c2FDFE3D11855D28f8E3fC452a3,
Inspect,INSP,Ethereum,0x186eF81fd8E77EEC8BfFC3039e7eC41D5FC0b457,
Augur,REP,Ethereum,0x1985365e9f78359a9B6AD760e32412f4a445E862,
GensoKishi Metaverse,MV,Ethereum,0xAE788F80F2756A86aa2F410C651F2aF83639B95b,
Orbit Chain,ORC,Ethereum,0x662b67d00a13faf93254714dd601f5ed49ef2f51,
Smart Layer Network,SLN,Ethereum,0xdb82c0d91e057e05600c8f8dc836beb41da6df14,
Aviator,AVI,Ethereum,0xd2bdaaf2b9cc6981fd273dcb7c04023bfbe0a7fe,
Push Protocol,PUSH,Ethereum,0xf418588522d5dd018b425E472991E52EBBeEEEEE,
Izumi Finance,IZI,Ethereum,0x9ad37205d608b8b219e6a2573f922094cec5c200,
Shina Inu,SHI,Ethereum,0x243cacb4d5ff6814ad668c3e225246efa886ad5a,
Project WITH,WIKEN,Ethereum,0xb7e77aebbe0687d2eff24cc90c41a3b6ea74bdab,
Sharpe AI,SAI,Ethereum,0x3567aa22cd3ab9aef23d7e18ee0d7cf16974d7e6,
Ledger AI,LEDGER,Ethereum,0xD1F2586790a5bD6DA1e443441df53aF6EC213D83,
Three Protocol Token,THREE,Ethereum,0xa059b81568fee88791de88232e838465826cf419,
Nutcoin,NUT,Ethereum,0x473F4068073Cd5b2aB0E4Cc8E146F9EDC6fb52CC,
MASQ,MASQ,Ethereum,0x06f3c323f0238c72bf35011071f2b5b7f43a054c,
AGIX,AGX,Ethereum,0xE2432110C32D0717E33c245fe0CFA2B26c07f47a,
Shiryo,SHIRYO,Ethereum,0x1E2F15302B90EddE696593607b6bD444B64e8F02,
Adappter Token,ADP,Ethereum,0xc314b0e758d5ff74f63e307a86ebfe183c95767b,
BitKan,KAN,Ethereum,0x1410434b0346f5be678d0fb554e5c7ab620f8f4a,
Fei USD,FEI,Ethereum,0x956F47F50A910163D8BF957Cf5846D573E7f87CA,
Didi Bam Bam,DDBAM,Ethereum,0x5832Fbf930DacbDd9a1697dCA7b3C518277FF0b0,
UnMarshal,MARSH,Ethereum,0x5a666c7d92E5fA7Edcb6390E4efD6d0CDd69cF37,
PolkaBridge,PBR,Ethereum,0x298d492e8c1d909d3f63bc4a36c66c64acb3d695,
Swash,SWASH,Ethereum,0xa130e3a33a4d84b04c3918c4e5762223ae252f80,
RAI Finance,SOFI,Ethereum,0xB49fa25978abf9a248b8212Ab4b87277682301c0,
Chickencoin,CHKN,Ethereum,0xD55210Bb6898C021a19de1F58d27b71f095921Ee,
DappRadar,RADAR,Ethereum,0x44709a920fccf795fbc57baa433cc3dd53c44dbe,
Lovely Finance [New],LOVELY,Ethereum,0x0f6d4d4643A514132F84F4a270946dB3c7Cb701C,
REVV,REVV,Ethereum,0x557b933a7c2c45672b610f8954a3deb39a51a8ca,
Lambda,LAMB,Ethereum,0x8971f9fd7196e5cee2c1032b50f656855af7dd26,
Ctrl Wallet,CTRL,Ethereum,0xe50e009ddb1a4d8ec668eac9d8b2df1f96348707,
Xend Finance,RWA,Ethereum,0x4563554284aA7148D6E6D0351519E954Ba3B6E02,
Rejuve.AI,RJV,Ethereum,0xa1f410f13B6007fCa76833ee7eb58478D47Bc5Ef,
Bitrock,BROCK,Ethereum,0xde67d97b8770dc98c746a3fc0093c538666eb493,
Warped Games,WARPED,Ethereum,0x6af53c6ec427525f7240e211941223288a0e7c66,
Lemonrocks,LEMON,Ethereum,0x898843Fb909e3562C82F2B96F4e3d0693Af041Df,
dHedge DAO,DHT,Ethereum,0xca1207647ff814039530d7d35df0e1dd2e91fa84,
MILC Platform,MLT,Ethereum,0x9506d37f70eB4C3d79C398d326C871aBBf10521d,
Stobox Token,STBU,Ethereum,0xa6422e3e219ee6d4c1b18895275fe43556fd50ed,
Origin Dollar,OUSD,Ethereum,0x2A8e1E676Ec238d8A992307B495b45B3fEAa5e86,
Chirpley,CHRP,Ethereum,0x70Bc0DC6414EB8974BC70685F798838a87d8CCe4,
Emirex Token,EMRX,Ethereum,0xbdbC2a5B32F3a5141ACd18C39883066E4daB9774,
Muse,MUSE,Ethereum,0xb6ca7399b4f9ca56fc27cbff44f4d2e4eef1fc81,
BigONE Token,ONE,Ethereum,0x946551dd05c5abd7cc808927480225ce36d8c475,
LABEL AI,LBL,Ethereum,0x2162f572B25f7358db9376AB58a947a4e45CeDE1,
Upland (SPARKLET),SPARKLET,Ethereum,0x0bc37BEA9068a86C221B8bd71eA6228260DAD5A2,
Cryptify AI,CRAI,Ethereum,0x3F66aE0c8E9Fb57f661aF4Ba8C8445D36ec5d7F7,
Valor Token,VALOR,Ethereum,0x297e4e5e59ad72b1b0a2fd446929e76117be0e0a,
Eesee,ESE,Ethereum,0x908dDb096BFb3AcB19e2280aAD858186ea4935C4,
VoluMint,VMINT,Ethereum,0xD7B2C1a7F3c67fB0EA57a7ef29bC1F18D7bE3195,
Ferro,FER,Ethereum,0x2f32b39023dA7d6A6486A85d12B346EB9C2A0D19,
Moneytoken,IMT,Ethereum,0x13119e34e140097a507b07a5564bde1bc375d9e6,
QuadrantProtocol,EQUAD,Ethereum,0xc28e931814725bbeb9e670676fabbcb694fe7df2,
Crypterium,CRPT,Ethereum,0x08389495D7456E1951ddF7c3a1314A4bfb646d8B,
Lossless,LSS,Ethereum,0x3b9be07d622accaed78f479bc0edabfd6397e320,
apM Coin,APM,Ethereum,0xc8c424b91d8ce0137bab4b832b7f7d154156ba6c,
OAX,OAX,Ethereum,0x701c244b988a513c945973defa05de933b23fe1d,
Winnerz,WNZ,Ethereum,0x02795795196f563fdafce8dd97fca4871ded51c3,
SOLVE,SOLVE,Ethereum,0x446c9033e7516d820cc9a2ce2d0b7328b579406f,
Bubblefong,BBF,Ethereum,0xde075d9adbd0240b4462f124af926452ad0bac91,
Veloce,VEXT,Ethereum,0xB2492E97a68a6E4B9E9a11B99F6C42E5aCCD38c7,
Gracy,GRACY,Ethereum,0x7c95e7ad2b349dc2f82d0f1117a44b561fa2699a,
Idle,IDLE,Ethereum,0x875773784Af8135eA0ef43b5a374AaD105c5D39e,
Alphakek AI,AIKEK,Ethereum,0x8dce83eca4af45dbe618da1779f9aaca43201084,
Suzuverse,SGT,Ethereum,0x5b649C07E7Ba0a1C529DEAabEd0b47699919B4a2,
STAT,STAT,Ethereum,0x4fc15c91a9c4a9efb404174464687e8e128730c2,
AmonD,AMON,Ethereum,0x00059ae69c1622a7542edc15e8d17b060fe307b6,
Penpie,PNP,Ethereum,0x7DEdBce5a2E31E4c75f87FeA60bF796C17718715,
Draggy,DRAGGY,Ethereum,0xd12a99dbc40036cec6f1b776dccd2d36f5953b94,
PowerPool,CVP,Ethereum,0x38e4adb44ef08f22f5b5b76a8f0c2d0dcbe7dca1,
Orbofi AI,OBI,Ethereum,0xbb3a8fd6ec4bf0fdc6cd2739b1e41192d12b1873,
WOM Protocol,WOM,Ethereum,0xBd356a39BFf2cAda8E9248532DD879147221Cf76,
MNEE,MNEE,Ethereum,0x8ccedbAe4916b79da7F3F612EfB2EB93A2bFD6cF,
RepubliK,RPK,Ethereum,0x313cae7ad4454aac7b208c1f089da2b0e5825e46,
Pintu Token,PTU,Ethereum,0xC229c69eB3BB51828D0cAA3509A05a51083898dd,
Umbrella Network,UMB,Ethereum,0x6fc13eace26590b80cccab1ba5d51890577d83b2,
TriumphX,TRIX,Ethereum,0x056354F3Ff20743aa4c0DA365603871c7000b081,
Geojam Token,JAM,Ethereum,0x23894DC9da6c94ECb439911cAF7d337746575A72,
ELON Coin,ELON,Ethereum,0x69420e3a3aa9e17dea102bb3a9b3b73dcddb9528,
Bag.win,BAG,Ethereum,0x808688c820AB080A6Ff1019F03E5EC227D9b522B,
Circuits of Value,COVAL,Ethereum,0x3d658390460295fb963f54dc0899cfb1c30776df,
Q Protocol,QGOV,Ethereum,0xb933e6003Fc9b9152Ac64C26F09779825cE4cb66,
TOWER,TOWER,Ethereum,0x1c9922314ed1415c95b9fd453c3818fd41867d0b,
Darwinia Network,RING,Ethereum,0x9469d013805bffb7d3debe5e7839237e535ec483,
Verse,VERSE,Ethereum,0x249cA82617eC3DfB2589c4c17ab7EC9765350a18,
Minted,MTD,Ethereum,0x809E130E10e787139c54e1d12d3D1971b7A675Bf,
Ispolink,ISP,Ethereum,0xc8807f0f5ba3fa45ffbdc66928d71c5289249014,
Mars,MARS,Ethereum,0xb8d6196d71cdd7d90a053a7769a077772aaac464,
Mysterium,MYST,Ethereum,0x4Cf89ca06ad997bC732Dc876ed2A7F26a9E7f361,
Super Trump Coin,STRUMP,Ethereum,0x7039cd6D7966672F194E8139074C3D5c4e6DCf65,
beoble,BBL,Ethereum,0xD979c468a68062e7bdff4Ba6DF7842DfD3492E0f,
LandX Finance,LNDX,Ethereum,0x08A1C30BBB26425c1031ee9E43FA0B9960742539,
LightLink,LL,Ethereum,0x0921799CB1d702148131024d18fCdE022129Dc73,
NFTX,NFTX,Ethereum,0x87d73E916D7057945c9BcD8cdd94e42A6F47f776,
Chainbing,CBG,Ethereum,0x1900E8B5619a3596745F715d0427Fe617c729BA9,
Blocery,BLY,Ethereum,0xf8aD7dFe656188A23e89da09506Adf7ad9290D5d,
VGX Token,VGX,Ethereum,0x3C4B6E6e1eA3D4863700D7F76b36B7f3D3f13E3d,
B-cube.ai,BCUBE,Ethereum,0x93C9175E26F57d2888c7Df8B470C9eeA5C0b0A93,
PLANET,PLANET,Ethereum,0x2ad9addd0d97ec3cdba27f92bf6077893b76ab0b,
Juggernaut,JGN,Ethereum,0x73374ea518de7addd4c2b624c0e8b113955ee041,
TOKPIE,TKP,Ethereum,0xd31695a1d35e489252ce57b129fd4b1b05e6acac,
MAHA.xyz,MAHA,Ethereum,0x745407c86df8db893011912d3ab28e68b62e49b0,
Gains,GAINS,Ethereum,0x056C1D42Fb1326f57da7f19eBB7dDA4673f1FF55,
Ferrum Network,FRM,Ethereum,0xe5caef4af8780e59df925470b050fb23c43ca68c,
Everest,ID,Ethereum,0xebd9d99a3982d547c5bb4db7e3b1f9f14b67eb83,
Perion,PERC,Ethereum,0x60be1e1fe41c1370adaf5d8e66f07cf1c2df2268,
Witch Token,WITCH,Ethereum,0xdc524e3c6910257744c1f93cf15e9f472b5bd236,
WeFi,WEFI,Ethereum,0xffa188493c15dfaf2c206c97d8633377847b6a52,
Populous,PPT,Ethereum,0xd4fa1460f537bb9085d22c7bccb5dd450ef28e3a,
BitForex Token,BF,Ethereum,0x5b71bee9d961b1b848f8485eec8d8787f80217f5,
BaaSid,BAAS,Ethereum,0x5d929AA919E489505CcAAd8A199619c6DCA0c2de,
MBD Financials,MBD,Ethereum,0xaAf449Bf8A33a32575C31BA8CBb90612Dd95aCFa,
Frontier,FRONT,Ethereum,0xf8C3527CC04340b208C854E985240c02F7B7793f,
STFX,STFX,Ethereum,0x9343e24716659A3551eB10Aff9472A2dcAD5Db2d,
VIXCO,VIX,Ethereum,0xc0b68eb52c89e3fffa62d78012ac8b661bfaa323,
Neighbourhoods,NHT,Ethereum,0x84342e932797FC62814189f01F0Fb05F52519708,
Etherisc DIP Token,DIP,Ethereum,0xc719d010b63e5bbf2c0551872cd5316ed26acd83,
CPUcoin,CPU,Ethereum,0x6d52dfefb16bb9cdc78bfca09061e44574886626,
Everyworld,EVERY,Ethereum,0x9aFa9999e45484Adf5d8EED8D9Dfe0693BACd838,
Carbon Protocol,SWTH,Ethereum,0xb4371da53140417cbb3362055374b10d97e420bb,
Angola,AGLA,Ethereum,0x1F7e5118521B550bB1A9B435727c003eB033FC51,
Robonomics.network,XRT,Ethereum,0x7de91b204c1c737bcee6f000aaa6569cf7061cb7,
Dypius [New],DYP,Ethereum,0x39b46b212bdf15b42b166779b9d1787a68b9d0c3,
NEST Protocol,NEST,Ethereum,0xcd6926193308d3B371FdD6A6219067E550000000,
Rangers Protocol Gas,RPG,Ethereum,0x1f16D41f9B3dB03b462BDD6c92245ee708D1C103,
VestChain,VEST,Ethereum,0x37f04d2c3ae075fad5483bb918491f656b12bdb6,
ShibaDoge,SHIBDOGE,Ethereum,0x6adb2e268de2aa1abf6578e4a8119b960e02928f,
Catboy,CATBOY,Ethereum,0x0DceE5F694E492F0DD842a7FBE5BEd4C6E4665a6,
Red Kite,PKF,Ethereum,0x8b39b70e39aa811b69365398e0aace9bee238aeb,
RMRK,RMRK,Ethereum,0x524d524B4c9366be706D3A90dcf70076ca037aE3,
PureFi Protocol,UFI,Ethereum,0xcDa4e840411C00a614aD9205CAEC807c7458a0E3,
Kylin,KYL,Ethereum,0x5d07F52aE5f779422447C2A32F58c93A15E7d6F2,
Geeq,GEEQ,Ethereum,0x6b9f031d718dded0d681c20cb754f97b3bb81b78,
VNX Euro,VEUR,Ethereum,0x6ba75d640bebfe5da1197bb5a2aff3327789b5d3,
ClinTex CTi,CTI,Ethereum,0xcB8fb2438A805664cD8c3e640b85AC473DA5BE87,
DOGAMÍ,DOGA,Ethereum,0x4dbe83285fc959011f65dc613aeea638f18d3b92,
SunContract,SNC,Ethereum,0xF4134146AF2d511Dd5EA8cDB1C4AC88C57D60404,
AXIS Token,AXIS,Ethereum,0xF0c5831EC3Da15f3696B4DAd8B21c7Ce2f007f28,
Trog,TROG,Ethereum,0x2077D81d0c5258230D5a195233941547cB5f0989,
ZKBase,ZKB,Ethereum,0xBBBbbBBB46A1dA0F0C3F64522c275BAA4C332636,
Lattice Token,LTX,Ethereum,0xa393473d64d2F9F026B60b6Df7859A689715d092,
Rai Reflex Index,RAI,Ethereum,0x03ab458634910aad20ef5f1c8ee96f1d6ac54919,
saffron.finance,SFI,Ethereum,0xb753428af26e81097e7fd17f40c88aaa3e04902c,
Vidya,VIDYA,Ethereum,0x3d3d35bb9bec23b06ca00fe472b50e7a4c692c30,
Morra,MORRA,Ethereum,0xd9adfb67381d392c6e9671f64cdd9014bfcd74f2,
ACENT,ACE,Ethereum,0xec5483804e637d45cde22fa0869656b64b5ab1ab,
Mancium,MANC,Ethereum,0xe0c05ec44775e4ad62cdc2eecdf337aa7a143363,
bitSmiley,SMILE,Ethereum,0x6A9B3fdB4a3296eCba1EbFA2cF4A8B16032a769C,
Morpheus Infrastructure Node,MIND,Ethereum,0xc9eb61ffb66d5815d643bbb8195e17c49687ae1e,
Mettalex,MTLX,Ethereum,0x2e1e15c44ffe4df6a0cb7371cd00d5028e571d14,
Ÿ,YAI,Ethereum,0x477a3d269266994F15E9C43A8D9C0561C4928088,
Prisma mkUSD,MKUSD,Ethereum,0x4591dbff62656e7859afe5e45f6f47d3669fbb28,
Pickle Finance,PICKLE,Ethereum,0x429881672B9AE42b8EbA0E26cD9C73711b891Ca5,
SAITAMA INU,SAITAMA,Ethereum,0x0000e3705d8735ee724a76f3440c0a7ea721ed00,
Cross The Ages,CTA,Ethereum,0x90685e300A4c4532EFCeFE91202DfE1Dfd572F47,
Rubic,RBC,Ethereum,0x3330bfb7332ca23cd071631837dc289b09c33333,
King DAG,KDAG,Ethereum,0x95e40e065afb3059dcabe4aaf404c1f92756603a,
Waltonchain,WTC,Ethereum,0xb7cb1c96db6b22b0d3d9536e0108d062bd488f74,
Konnect,KCT,Ethereum,0x4c601dc69affb0d4fc8de1ac303705e432a4a27e,
Shiba Predator,QOM,Ethereum,0xa71d0588EAf47f12B13cF8eC750430d21DF04974,
APED,APED,Ethereum,0xe0151763455a8a021e64880c238ba1cff3787ff0,
DSLA Protocol,DSLA,Ethereum,0x3affcca64c2a6f4e3b6bd9c64cd2c969efd1ecbe,
K9 Finance,KNINE,Ethereum,0x91fbB2503AC69702061f1AC6885759Fc853e6EaE,
Rari Governance Token,RGT,Ethereum,0xd291e7a03283640fdc51b121ac401383a46cc623,
Blockchain Brawlers,BRWL,Ethereum,0x4086e77c5e993fdb90a406285d00111a974f877a,
Civilization,CIV,Ethereum,0x37fe0f067fa808ffbdd12891c0858532cfe7361d,
ASTA,ASTA,Ethereum,0xf2ddae89449b7d26309a5d54614b1fc99c608af5,
DeBox,BOX,Ethereum,0x32B77729cD87F1EF2bEa4C650c16f89f08472c69,
dAppstore,DAPPX,Ethereum,0x00d8318e44780edeefcf3020a5448f636788883c,
Wat,WAT,Ethereum,0x636bd98fc13908e475f56d8a38a6e03616ec5563,
AssetMantle,MNTL,Ethereum,0x2c4f1df9c7de0c59778936c9b145ff56813f3295,
DeHub,DHB,Ethereum,0x99bb69ee1bbfc7706c3ebb79b21c5b698fe58ec0,
Polkamarkets,POLK,Ethereum,0xd478161c952357f05f0292b56012cd8457f1cfbf,
Pepoclown,HONK,Ethereum,0xd8e8438cf7beed13cfabc82f300fb6573962c9e3,
Dust Protocol,DUST,Ethereum,0xB5b1b659dA79A2507C27AaD509f15B4874EDc0Cc,
Gameswap,GSWAP,Ethereum,0xaac41ec512808d64625576eddd580e7ea40ef8b2,
Lithium,LITH,Ethereum,0x188e817b02e635d482ae4d81e25dda98a97c4a42,
Hana,HANA,Ethereum,0xB3912b20b3aBc78C15e85E13EC0bF334fbB924f7,
OpenLeverage,OLE,Ethereum,0x1B6e9c73beE68102d9dd4A2627f97bFf4183ab0A,
DAD,DAD,Ethereum,0x5b322514ff727253292637d9054301600c2c81e8,
DeFrogs,DEFROGS,Ethereum,0xd555498a524612c67f286df0e0a9a64a73a7cdc7,
Moby,MOBY,Ethereum,0x40a7df3df8b56147b781353d379cb960120211d7,
holoride,RIDE,Ethereum,0xf97e2a78f1f3d1fd438ff7cc3bb7de01e5945b83,
VEMP,VEMP,Ethereum,0xcfeb09c3c5f0f78ad72166d55f9e6e9a60e96eec,
SENSO,SENSO,Ethereum,0xc19b6a4ac7c7cc24459f08984bbd09664af17bd1,
Mirror Protocol,MIR,Ethereum,0x09a3EcAFa817268f77BE1283176B946C4ff2E608,
Aether Games,AEG,Ethereum,0xF0187b76be05C1FCAa24f39C0a3aAB4434099c4f,
TOP AI Network,TOP,Ethereum,0xdcD85914b8aE28c1E62f1C488E1D968D5aaFfE2b,
Prometheum Prodigy,PMPY,Ethereum,0x1123d17fcf93ed2b41440317503346a0fdfe3ed7,
Spheroid Universe,SPH,Ethereum,0xa0cf46eb152656c7090e769916eb44a138aaa406,
Vesper,VSP,Ethereum,0x1b40183efb4dd766f11bda7a7c3ad8982e998421,
CheckDot,CDT,Ethereum,0xCdB37A4fBC2Da5b78aA4E41a432792f9533e85Cc,
ArkiTech,ARKI,Ethereum,0xd3210F246Ae54C5a45A7b4A83315bf718F591bfc,
MetalCore,MCG,Ethereum,0xc9E503562d0Db0A2629288a5D3b1c94Ea7741869,
Groyper,GROYPER,Ethereum,0x6942806D1B2d5886D95cE2f04314ece8eb825833,
BLOCX.,BLOCX,Ethereum,0x4ff57e25eeb7affbbb060e0bad2e1759efc8bec4,
MindAI,MDAI,Ethereum,0xb549116ac57b47c1b365a890e1d04fd547dfff97,
CONTRACOIN,CTCN,Ethereum,0xfd6c31bb6f05fc8db64f4b740ab758605c271fd8,
3space Art,PACE,Ethereum,0x8Bc2bCb1b1896291942C36F3Cca3C1afA0Aaa7fd,
Revain,REV,Ethereum,0x2ef52Ed7De8c5ce03a4eF0efbe9B7450F2D7Edc9,
Govi,GOVI,Ethereum,0xeeaa40b28a2d1b0b08f6f97bb1dd4b75316c6107,
BlockGames,BLOCK,Ethereum,0x8fc17671D853341D9e8B001F5Fc3C892d09CB53A,
BeFi Labs,BEFI,Ethereum,0x8b9b95292f890DF47fFf5aC9Cbe93d5fC242bd51,
Forj (Bondly),BONDLY,Ethereum,0x91dfbee3965baaee32784c2d546b7a0c62f268c9,
Gondola,GONDOLA,Ethereum,0xd43fba1f38d9b306aeef9d78ad177d51ef802b46,
DinoLFG,DINO,Ethereum,0x49642110b712c1fd7261bc074105e9e44676c68f,
Exeedme,XED,Ethereum,0xee573a945b01b788b9287ce062a0cfc15be9fd86,
JMPT Rewards,JMPT,Ethereum,0x420a24c9c65bd44c48bfB1cC8D6cD1ea8B1Ac840,
RigoBlock,GRG,Ethereum,0x4fbb350052bca5417566f188eb2ebce5b19bc964,
Unification,FUND,Ethereum,0xe9B076B476D8865cDF79D1Cf7DF420EE397a7f75,
monkey shit inu,MSI,Ethereum,0x2Be8e422cb4A5A7f217a8F1b0658952a79132F28,
Polkacity,POLC,Ethereum,0xaA8330FB2B4D5D07ABFE7A72262752a8505C6B37,
Tamadoge,TAMA,Ethereum,0x12b6893cE26Ea6341919FE289212ef77e51688c8,
FREEdom Coin,FREE,Ethereum,0x2f141ce366a2462f02cea3d12cf93e4dca49e4fd,
Ooki Protocol,OOKI,Ethereum,0x0De05F6447ab4D22c8827449EE4bA2D5C288379B,
SHOPX,SHOPX,Ethereum,0x7bef710a5759d197ec0bf621c3df802c2d60d848,
ROOBEE,ROOBEE,Ethereum,0xa31b1767e09f842ecfd4bc471fe44f830e3891aa,
Skillful AI,SKAI,Ethereum,0xCF078DA6e85389de507ceeDE0E3d217e457B9d49,
HAVAH,HVH,Ethereum,0xd076c4ba62c57b3fa10800bcfd8da66742110e0e,
FEAR,FEAR,Ethereum,0x88a9a52f944315d5b4e917b9689e65445c401e83,
EML Protocol,EML,Ethereum,0x03dDe9e5BB31ee40A471476e2FCcF75C67921062,
GNY,GNY,Ethereum,0xb1f871Ae9462F1b2C6826E88A7827e76f86751d4,
Attila,ATT,Ethereum,0x89Fb927240750c1B15d4743cd58440fc5f14A11C,
BEFE,BEFE,Ethereum,0x0cc488a3f6c9a569614912e421115995493fdfec,
Wombat Web 3 Gaming Platform,WOMBAT,Ethereum,0x0C9c7712C83B3C70e7c5E11100D33D9401BdF9dd,
MARS4,MARS4,Ethereum,0x16CDA4028e9E872a38AcB903176719299beAed87,
Tokoin,TOKO,Ethereum,0xa0f0546eb5e3ee7e8cfc5da12e5949f3ae622675,
Etherland,ELAND,Ethereum,0x33e07f5055173cf8febede8b21b12d1e2b523205,
ForTube,FOR,Ethereum,0x1fcdce58959f536621d76f5b7ffb955baa5a672f,
Efforce,WOZX,Ethereum,0x34950ff2b487d9e5282c5ab342d08a2f712eb79f,
Multichain,MULTI,Ethereum,0x65ef703f5594d2573eb71aaf55bc0cb548492df4,
Dotmoovs,MOOV,Ethereum,0x4116f14b6d462b32a1c10f98049e4b1765e34fa9,
Neutrino Index,XTN,Ethereum,0x674C6Ad92Fd080e4004b2312b45f796a192D27a0,
Ariva,ARV,Ethereum,0x79C7EF95aD32DcD5ECadB231568Bb03dF7824815,
Cosplay Token,COT,Ethereum,0x5cac718a3ae330d361e39244bf9e67ab17514ce8,
Unbound,UNB,Ethereum,0x8dB253a1943DdDf1AF9bcF8706ac9A0Ce939d922,
OpenDAO,SOS,Ethereum,0x3b484b82567a09e2588a13d54d032153f0c0aee0,
NvirWorld,NVIR,Ethereum,0x9d71CE49ab8A0E6D2a1e7BFB89374C9392FD6804,
Morpheus Labs,MITX,Ethereum,0x4a527d8fc13c5203ab24ba0944f4cb14658d1db6,
mStable Governance Token: Meta (MTA),MTA,Ethereum,0xa3BeD4E1c75D00fa6f4E5E6922DB7261B5E9AcD2,
Reality Metaverse,RMV,Ethereum,0x423352f2c6e0e72422b69af03aba259310146d90,
Meta Monopoly,MONOPOLY,Ethereum,0x7d4A7be025652995364E0E232063abd9e8d65e6E,
Decentral Games,DG,Ethereum,0x4b520c812e8430659fc9f12f6d0c39026c83588d,
BiFi,BIFI,Ethereum,0x2791bfd60d232150bff86b39b7146c0eaaa2ba81,
Ducky,DUCKY,Ethereum,0x699ec925118567b6475fe495327ba0a778234aaa,
Shezmu,SHEZMU,Ethereum,0x5fe72ed557d8a02fff49b3b826792c765d5ce162,
Strips Finance,STRP,Ethereum,0x97872EAfd79940C7b24f7BCc1EADb1457347ADc9,
Meme Ai,MEMEAI,Ethereum,0x695d38EB4e57E0f137e36df7c1f0f2635981246b,
BendDAO,BEND,Ethereum,0x0d02755a5700414b26ff040e1de35d337df56218,
MongolNFT Coin,MNFT,Ethereum,0x3235B13708F178Af6F110dE7177ED5De10c1093d,
My Crypto Heroes,MCHC,Ethereum,0xd69f306549e9d96f183b1aeca30b8f4353c2ecc3,
RFOX,RFOX,Ethereum,0xa1d6df714f91debf4e0802a542e13067f31b8262,
Vega Protocol,VEGA,Ethereum,0xcb84d72e61e383767c4dfeb2d8ff7f4fb89abc6e,
Kromatika,KROM,Ethereum,0x3af33bef05c2dcb3c7288b77fe1c8d2aeba4d789,
Unio Coin,UNIO,Ethereum,0x01aaC2b594F7bdBeC740F0F1AA22910EbB4B74Ab,
NanoByte Token,NBT,Ethereum,0x446F2A8A39Cc730ef378Be759A3c57f1a3fE824c,
HarryPotterObamaPacMan8Inu,XRP,Ethereum,0x07E0EDf8ce600FB51d44F51E3348D77D67F298ae,
Neurahub,NEURA,Ethereum,0x3d1c949a761c11e4cc50c3ae6bdb0f24fd7a39da,
Acid Toad,TOAD,Ethereum,0xac1d3d7a8878e655cbb063d58e453540641f4117,
TenX,PAY,Ethereum,0xb97048628db6b661d4c2aa833e95dbe1a905b280,
XMON,XMON,Ethereum,0x3aaDA3e213aBf8529606924d8D1c55CbDc70Bf74,
Lollybomb Meme Coin,BOMB,Ethereum,0x6B6EE7393F07B3dD1427b6848d3576F31C313127,
DxChain Token,DX,Ethereum,0x973e52691176d36453868D9d86572788d27041A9,
BBS Network,BBS,Ethereum,0xFe459828c90c0BA4bC8b42F5C5D44F316700B430,
Sheboshis,SHEB,Ethereum,0x5de869e3e62b0fb2c15573246ba3bb3fd97a2275,
Dfyn Network,DFYN,Ethereum,0x9695e0114e12c0d3a3636fab5a18e6b737529023,
Lyra,LYRA,Ethereum,0x01ba67aac7f75f647d94220cc98fb30fcc5105bf,
Abyss,ABYSS,Ethereum,0x0e8d6b471e332f140e7d9dbb99e5e3822f728da6,
BOLT,BOLT,Ethereum,0xd5930c307d7395ff807f2921f12c5eb82131a789,
Hot Cross,HOTCROSS,Ethereum,0x4297394c20800e8a38a619a243e9bbe7681ff24e,
Gorilla,GORILLA,Ethereum,0x33C04Bed4533e31f2Afb8AC4a61A48Eda38C4fA0,
MAGA AGAIN,MAGAA,Ethereum,0x9EBb0895bD9C7C9dFAB0d8d877c66bA613Ac98Ea,
Hourglass,WAIT,Ethereum,0x2559813bbb508c4c79e9ccce4703bcb1f149edd7,
WELL3,$WELL,Ethereum,0x63696fc66795b51d02c1590b536484a41fbddf9a,
MetaDOS,SECOND,Ethereum,0x7979871595b80433183950ab6c6457752b585805,
Cate,CATE,Ethereum,0xa00453052A36D43A99Ac1ca145DFe4A952cA33B8,
K21,K21,Ethereum,0xb9d99c33ea2d86ec5ec6b8a4dd816ebba64404af,
ABDS Token,ABDS,Ethereum,0xB56AaAc80C931161548a49181c9E000a19489C44,
Aurox,URUS,Ethereum,0xc6dddb5bc6e61e0841c54f3e723ae1f3a807260b,
Fenerbahçe Token,FB,Ethereum,0xfb19075d77a0f111796fb259819830f4780f1429,
UniLayer,LAYER,Ethereum,0x0fF6ffcFDa92c53F615a4A75D982f399C989366b,
Matt Furie,MATT,Ethereum,0x790814Cd782983FaB4d7B92CF155187a865d9F18,
Phavercoin,SOCIAL,Ethereum,0xD3C68968137317a57a9bAbeacC7707Ec433548B4,
SparkPoint,SRK,Ethereum,0x0488401c3f535193fa8df029d9ffe615a06e74e6,
Arcana Network,XAR,Ethereum,0x5027Fc44a7Ba114B8f494B1e4970900C6652FEDF,
Gemach,GMAC,Ethereum,0xD96e84DDBc7CbE1D73c55B6fe8c64f3a6550deea,
MAX Exchange Token,MAX,Ethereum,0xe7976c4Efc60d9f4C200Cc1bCEF1A1e3B02c73e7,
Pullix,PLX,Ethereum,0x1cc7047e15825f639e0752eb1b89e4225f5327f2,
Burn,BURN,Ethereum,0xa2fe5e51729be71261bcf42854012827bc44c044,
Virtue Poker,VPP,Ethereum,0x5eeaa2dcb23056f4e8654a349e57ebe5e76b5e6e,
Sekuya Multiverse,SKYA,Ethereum,0x623cD3a3EdF080057892aaF8D773Bbb7A5C9b6e9,
Pillar,PLR,Ethereum,0xe3818504c1b32bf1557b16c238b2e01fd3149c17,
Hakka.Finance,HAKKA,Ethereum,0x0e29e5abbb5fd88e28b2d355774e73bd47de3bcd,
Standard,STND,Ethereum,0x9040e237C3bF18347bb00957Dc22167D0f2b999d,
Pussy Financial,PUSSY,Ethereum,0x9196e18bc349b1f64bc08784eae259525329a1ad,
Wecan Group,WECAN,Ethereum,0xea60cd69f2b9fd6eb067bddbbf86a5bdeffbbc55,
Integral,ITGR,Ethereum,0xd502f487e1841fdc805130e13eae80c61186bc98,
Tap,XTP,Ethereum,0x6368e1E18c4C419DDFC608A0BEd1ccb87b9250fc,
Nabox,NABOX,Ethereum,0x03d1e72765545729a035e909edd9371a405f77fb,
DerivaDAO,DDX,Ethereum,0x3a880652f47bfaa771908c07dd8673a787daed3a,
BOPPY,BOPPY,Ethereum,0xe79031B5aaEb3eE8D0145e3d75B81B36BFfe341d,
FidexToken,FEX,Ethereum,0x1c1c14a6b5074905ce5d367b0a7e098b58ebfd47,
Moss Carbon Credit,MCO2,Ethereum,0xfc98e825a2264d890f9a1e68ed50e1526abccacd,
Launchblock.com,LBP,Ethereum,0xa23c1194d421f252b4e6d5edcc3205f7650a4ebe,
Meme Alliance,MMA,Ethereum,0x9B3A8159e119eb09822115AE08Ee1526849e1116,
SORA,XOR,Ethereum,0x40FD72257597aA14C7231A7B1aaa29Fce868F677,
StreamCoin,STRM,Ethereum,0x94a7f270cd12545a277e656266aef5e27df3eb28,
VelasPad,VLXPAD,Ethereum,0xb8e3bB633F7276cc17735D86154E0ad5ec9928C0,
Yawn's World,YAWN,Ethereum,0x88Ce174C655B6d11210A069B2c106632DaBDB068,
ADAPad,ADAPAD,Ethereum,0xdb0170e2d0c1cc1b2e7a90313d9b9afa4f250289,
TrustVerse,TRV,Ethereum,0x72955ecff76e48f2c8abcce11d54e5734d6f3657,
Safe Haven,SHA,Ethereum,0x40fEd5691e547885cABd7A2990De719DCc8497FC,
PowerTrade Fuel,PTF,Ethereum,0xC57d533c50bC22247d49a368880fb49a1caA39F7,
DAFI Protocol,DAFI,Ethereum,0xfc979087305a826c2b2a0056cfaba50aad3e6439,
SafeMoon Inu,SMI,Ethereum,0xCd7492db29E2ab436e819b249452EE1bbDf52214,
PlayFuel,PLF,Ethereum,0xaDA62f7CCd6af6cAcff04ACCBC4f56f3D4FFd4Ef,
Arcade,ARC,Ethereum,0x2903Bd7dB50f300b0884f7a15904bAffc77f3eC7,
Noggles,NOGS,Ethereum,0x5Fa20D59d2A907E5FEd9Fb80B4A8D9F0d069a48D,
MAPS,MAPS,Ethereum,0x2b915b505c017abb1547aa5ab355fbe69865cc6d,
Shopping.io,SHOP,Ethereum,0x64b78325d7495d6d4be92f234fa3f3b8d8964b8b,
Syncus,SYNC,Ethereum,0xa41d2f8Ee4F47D3B860A149765A7dF8c3287b7F0,
Oddz,ODDZ,Ethereum,0xCd2828fc4D8E8a0eDe91bB38CF64B1a81De65Bf6,
Internet of Energy Network,IOEN,Ethereum,0x1e4E46b7BF03ECE908c88FF7cC4975560010893A,
ALLY,ALY,Ethereum,0x9d5686eadea7327f5a0c4820dca90457a0e88763,
XELS,XELS,Ethereum,0x397Deb686C72384FAd502A81f4d7fDb89e1f1280,
Polkadex,PDEX,Ethereum,0xF59ae934f6fe444afC309586cC60a84a0F89Aaea,
LootBot,LOOT,Ethereum,0xb478c6245e3d85d6ec3486b62ea872128d562541,
Jobchain,JOB,Ethereum,0xdfbc9050f5b01df53512dcc39b4f2b2bbacd517a,
Thorstarter,XRUNE,Ethereum,0x69fa0fee221ad11012bab0fdb45d444d3d2ce71c,
IPVERSE,IPV,Ethereum,0x3E2c956b4Ab4807B2f942235c9074d9BD069e9f0,
DeFi,DEFI,Ethereum,0x6B0FaCA7bA905a86F221CEb5CA404f605e5b3131,
ApeBond,ABOND,Ethereum,0xe6828d65bf5023ae1851d90d8783cc821ba7eee1,
ZeroSwap,ZEE,Ethereum,0x2eDf094dB69d6Dcd487f1B3dB9febE2eeC0dd4c5,
OneArt,1ART,Ethereum,0xD3c325848D7c6E29b574Cb0789998b2ff901f17E,
Baby Neiro Token,BABYNEIRO,Ethereum,0xbAbE3ce7835665464228dF00B03246115C30730A,
UNIX,UNIX,Ethereum,0xddd6a0ecc3c6f6c102e5ea3d8af7b801d1a77ac8,
EXMO Coin,EXM,Ethereum,0x83869de76b9ad8125e22b857f519f001588c0f62,
0xBitcoin,0xBTC,Ethereum,0xb6ed7644c69416d67b522e20bc294a9a9b405b31,
Razor Network,RAZOR,Ethereum,0x50de6856358cc35f3a9a57eaaa34bd4cb707d2cd,
InsurAce,INSUR,Ethereum,0x544c42fbb96b39b21df61cf322b5edc285ee7429,
Atsuko Sato,SATO,Ethereum,0x5de758bba013e58dae2693aea3f0b12b31a3023d,
DOSE,DOSE,Ethereum,0xb31ef9e52d94d4120eb44fe1ddfde5b4654a6515,
Reflexer Ungovernance Token,FLX,Ethereum,0x6243d8cea23066d098a15582d81a598b4e8391f4,
Tranche Finance,SLICE,Ethereum,0x0aee8703d34dd9ae107386d3eff22ae75dd616d1,
VNX Gold,VNXAU,Ethereum,0x6d57B2E05F26C26b549231c866bdd39779e4a488,
PERI Finance,PERI,Ethereum,0x5d30aD9C6374Bf925D0A75454fa327AACf778492,
XCarnival,XCV,Ethereum,0x493CbBd4A5da462E3dbc3E5c8e2A1E37D1D03CAc,
PEAKDEFI,PEAK,Ethereum,0x630d98424efe0ea27fb1b3ab7741907dffeaad78,
SALT,SALT,Ethereum,0x4156D3342D5c385a87D264F90653733592000581,
AurusX,AX,Ethereum,0xCB0D82f4DFA503C9e3b8Abc7A3Caa01175b2dA39,
Wombat Exchange,WOM,Ethereum,0xc0B314a8c08637685Fc3daFC477b92028c540CFB,
CEREAL,CEP,Ethereum,0x4168BbC34BaEa34e55721809911bcA5baAEF6ba6,
Spike,SPIKE,Ethereum,0x19848077f45356b21164c412Eff3D3E4ff6Ebc31,
Skeb Coin,SKEB,Ethereum,0x6D614686550B9E1c1DF4b2cD8f91C9D4df66C810,
Bware,INFRA,Ethereum,0x013062189dc3dcc99e9Cee714c513033b8d99e3c,
Rainmaker Games,RAIN,Ethereum,0x71fc1f555a39e0b698653ab0b475488ec3c34d57,
Love Power Market,LPM,Ethereum,0x504624040e0642921C2c266a9aC37CafBd8cDa4e,
TAIKAI,TKAI,Ethereum,0x7c5b267ed81009aa7374b5ca7e5137da47045ba8,
All In,ALLIN,Ethereum,0x9B2b931d6AB97B6A887b2C5d8529537E6FE73Ebe,
CropBytes,CBX,Ethereum,0x37fc4b48ce93469dbea9918468993c735049642a,
Zapicorn,ZAPI,Ethereum,0xc434268603cA8854e0Be1a3fF15CaD73BD6eC49A,
O3 Swap,O3,Ethereum,0xee9801669c6138e84bd50deb500827b776777d28,
Bistroo,BIST,Ethereum,0x6e8908cfa881c9f6f2c64d3436e7b80b1bf0093f,
Zap,ZAP,Ethereum,0x6781a0f84c7e9e846dcb84a9a5bd49333067b104,
Vestate,VES,Ethereum,0x1f557FB2aa33Dce484902695cA1374F413875519,
Element,ELMT,Ethereum,0x600D601D8b9EB5DE5Ac90fEfC68d0d08801bFd3f,
X World Games,XWG,Ethereum,0x0a77ef9bf662d62fbf9ba4cf861eaa83f9cc4fec,
Living the Dream,LTD,Ethereum,0x1FdB29Ad49330B07aE5a87483F598AA6b292039E,
YAM V3,YAM,Ethereum,0x0aacfbec6a24756c20d41914f2caba817c0d8521,
Donut,DONUT,Ethereum,0xc0f9bd5fa5698b6505f643900ffa515ea5df54a9,
OrbCity,ORB,Ethereum,0x3c917054e03485808137eb306eafa8da0ab695cd,
Pleasure Coin,NSFW,Ethereum,0x8f006d1e1d9dc6c98996f50a4c810f17a47fbf19,
EVRYNET,EVRY,Ethereum,0xd7dcd9b99787c619b4d57979521258d1a7267ad7,
Niftyx Protocol,SHROOM,Ethereum,0xed0439eacf4c4965ae4613d77a5c2efe10e5f183,
Niza Global,NIZA,Ethereum,0xb58E26ac9cc14c0422C2b419b0CA555Ee4DcB7CB,
Coinsbit Token,CNB,Ethereum,0xC538143202f3b11382D8606aae90a96b042a19DB,
Monavale,MONA,Ethereum,0x275f5Ad03be0Fa221B4C6649B8AeE09a42D9412A,
DEEPSPACE,DPS,Ethereum,0xB7B1570e26315BAAD369b8EA0a943b7F140DB9eB,
Quantum Network,QSWAP,Ethereum,0x6a8b188fadbe8b52a2c23ea2d0df74f8956e7730,
Department Of Government Efficiency (DOGE),DOGE,Ethereum,0x81FcC294d91bd8FFC8a822d7df0e2fD2f8526c39,
Decentr,DEC,Ethereum,0x30f271c9e86d2b7d00a6376cd96a1cfbd5f0b9b3,
Lympo,LYM,Ethereum,0xc690f7c7fcffa6a82b79fab7508c466fefdfc8c5,
ZELIX,ZELIX,Ethereum,0x0257ffd7ea2ebba4aaa090c7adbdd032a08c1f74,
Olyverse,OLY,Ethereum,0x6595b8fd9c920c81500dca94e53cdc712513fb1f,
Leverj Gluon,L2,Ethereum,0xBbff34E47E559ef680067a6B1c980639EEb64D24,
Rook,ROOK,Ethereum,0xfa5047c9c78b8877af97bdcb85db743fd7313d4a,
ChainGuardians,CGG,Ethereum,0x1fe24f25b1cf609b9c4e7e12d802e3640dfa5e43,
MAGA VP,MVP,Ethereum,0x766d2fcECe1E3eeF32aae8711ab886eE95fd5B2A,
Base Protocol,BASE,Ethereum,0x07150e919b4de5fd6a63de1f9384828396f25fdc,
KEK,KEKE,Ethereum,0xf7168c8abb0ff80116413a8d95396bbdc318a3ff,
Konomi Network,KONO,Ethereum,0x850aAB69f0e0171A9a49dB8BE3E71351c8247Df4,
Ziktalk,ZIK,Ethereum,0x88303fed02b31db9c7a9eafb711da9ef4a03e5d3,
MoonBag,$MBAG,Ethereum,0xa7F4195F10F1a62B102bD683eAB131d657A6c6e4,
Aurora,AOA,Ethereum,0x9ab165d795019b6d8b3e971dda91071421305e5a,
Peanut,PEANUT,Ethereum,0x4947b72fED037AdE3365dA050A9be5c063E605A7,
PUMLx,PUMLX,Ethereum,0x8c088775e4139af116Ac1FA6f281Bbf71E8c1c73,
Cirus Foundation,CIRUS,Ethereum,0xa01199c61841fce3b3dafb83fefc1899715c8756,
Freeway Token,FWT,Ethereum,0x20e7125677311Fca903A8897042b9983f22Ea295,
HanChain,HAN,Ethereum,0x0c90c57aaf95a3a87eadda6ec3974c99d786511f,
e-Money,NGM,Ethereum,0xed0d5747a9ab03a75fbfec3228cd55848245b75d,
DomRaider,DRT,Ethereum,0x9af4f26941677c706cfecf6d3379ff01bb85d5ab,
Throne,THN,Ethereum,0x2e95cea14dd384429eb3c4331b776c4cfbb6fcd9,
Epiko,EPIKO,Ethereum,0xb62e24b747eaa41454857cf6011832117df59cb8,
Neutrino System Base Token,NSBT,Ethereum,0x9d79d5b61de59d882ce90125b18f74af650acb93,
Elmo,ELMO,Ethereum,0x335f4e66b9b61cee5ceade4e727fcec20156b2f0,
Linker Coin,LNC,Ethereum,0x6BEB418Fc6E1958204aC8baddCf109B8E9694966,
Castle of Blackwater,COBE,Ethereum,0xc61edb127f58f42f47a8be8aebe83cf602a53878,
Onigiri,ONI,Ethereum,0x7777cec341e7434126864195adef9b05dcc3489c,
Crust Shadow,CSM,Ethereum,0x2620638EDA99F9e7E902Ea24a285456EE9438861,
Tiger King Coin,TKING,Ethereum,0x24e89bdf2f65326b94e36978a7edeac63623dafa,
HotKeySwap,HOTKEY,Ethereum,0x018DD3A0Dd7F213cc822076b3800816d3CE1ED86,
Chronicle,XNL,Ethereum,0x06a00715e6f92210af9d7680b584931faf71a833,
Atomic Wallet Coin,AWC,Ethereum,0xad22f63404f7305e4713ccbd4f296f34770513f4,
pNetwork,PNT,Ethereum,0x89ab32156e46f46d02ade3fecbe5fc4243b9aaed,
Hyve,HYVE,Ethereum,0xd794DD1CAda4cf79C9EebaAb8327a1B0507ef7d4,
ETHPad,ETHPAD,Ethereum,0x8dB1D28Ee0d822367aF8d220C0dc7cB6fe9DC442,
Protocol Monsters,PMON,Ethereum,0x1796ae0b0fa4862485106a0de9b654eFE301D0b2,
Thrupenny,TPY,Ethereum,0x968Cbe62c830A0Ccf4381614662398505657A2A9,
EVA Intelligence,EVAI,Ethereum,0x84F171f4c7b43966231847cc6e60416E6C3A7360,
Palette,PLT,Ethereum,0x553Afe6468949E0685959022217336717dF5Fbe8,
Dentacoin,DCN,Ethereum,0x08d32b0da63e2C3bcF8019c9c5d849d7a9d791e6,
Qudefi,QDFI,Ethereum,0x1842f548295b222c56939745d8ddf74981d40030,
Drep [new],DREP,Ethereum,0x3ab6ed69ef663bd986ee59205ccad8a20f98b4c2,
Strong,STRONG,Ethereum,0x990f341946a3fdb507ae7e52d17851b87168017c,
Shib Original Vision,SOV,Ethereum,0x2C5BC2Ba3614fD27FCc7022eA71d9172E2632c16,
Kaizen Finance,KZEN,Ethereum,0x4550003152F12014558e5CE025707E4DD841100F,
Loser Coin,LOWB,Ethereum,0x69e5C11a7C30f0bf84A9faECBd5161AA7a94decA,
Rhythm,RHYTHM,Ethereum,0xd73E883e203646e87F6d073BAF3D7719bDa68Bcb,
Cheems,CHEEMS,Ethereum,0x41b1f9dcd5923c9542b6957b9b72169595acbc5c,
Cat Token,CAT,Ethereum,0x56015bbe3c01fe05bc30a8a9a9fd9a88917e7db3,
Fringe Finance,FRIN,Ethereum,0xC9fE6E1C76210bE83DC1B5b20ec7FD010B0b1D15,
HollyGold,HGOLD,Ethereum,0x0c93b616933b0cd03b201b29cd8a22681dd9e0d9,
CyberFi Token,CFi,Ethereum,0x63b4f3e3fa4e438698ce330e365e831f7ccd1ef4,
WaifuAI,WFAI,Ethereum,0x8A001303158670E284950565164933372807cD48,
AMC,AMC,Ethereum,0x426a688eE72811773eB64F5717A32981B56F10c1,
Modefi,MOD,Ethereum,0xea1ea0972fa092dd463f2968f9bb51cc4c981d71,
Acquire.Fi,ACQ,Ethereum,0x4BDCb66B968060D9390C1D12bd29734496205581,
X,X,Ethereum,0xa62894D5196bC44e4C3978400Ad07E7b30352372,
Handy,HANDY,Ethereum,0x8bbe1a2961B41340468D0548c2cd5B7DFA9b684c,
SYNC Network,SYNC,Ethereum,0xB6ff96B8A8d214544Ca0dBc9B33f7AD6503eFD32,
Blockchain Monster Hunt,BCMC,Ethereum,0x2BA8349123de45E931a8C8264c332E6e9CF593F9,
Avocado DAO Token,AVG,Ethereum,0xa41f142b6eb2b164f8164cae0716892ce02f311f,
SafeBlast,BLAST,Ethereum,0x614D7f40701132E25fe6fc17801Fbd34212d2Eda,
Inex Project,INEX,Ethereum,0xa2d77f8353cb2afd709aba4a967257511ecff716,
BABYTRUMP,BABYTRUMP,Ethereum,0x354c8cda7e3b737d360513a0dc5abcee8ee1cea3,
Izzy,IZZY,Ethereum,0x6969f3a3754ab674b48b7829a8572360e98132ba,
Convergence,CONV,Ethereum,0xc834fa996fa3bec7aad3693af486ae53d8aa8b50,
Papi,PAPI,Ethereum,0x693c216aa181ebf776730d16c7ba06842548415e,
Yield App,YLD,Ethereum,0xF94b5C5651c888d928439aB6514B93944eEE6F48,
Signata,SATA,Ethereum,0x3ebb4A4e91Ad83BE51F8d596533818b246F4bEe1,
ZUM TOKEN,ZUM,Ethereum,0xe0b9bcd54bf8a730ea5d3f1ffce0885e911a502c,
Flixxo,FLIXX,Ethereum,0xf04a8ac553fcedb5ba99a64799155826c136b0be,
Galaxis,GALAXIS,Ethereum,0x423071774C43c0Aaf4210b439E7CDA8c797e2F26,
Caitlyn Jenner (ETH),JENNER,Ethereum,0x482702745260ffd69fc19943f70cffe2cacd70e9,
Genaro Network,GNX,Ethereum,0x6ec8a24cabdc339a06a172f8223ea557055adaa5,
Don-key,DON,Ethereum,0x217ddead61a42369a266f1fb754eb5d3ebadc88a,
Hord,HORD,Ethereum,0x43a96962254855f16b925556f9e97be436a43448,
Empty Set Dollar,ESD,Ethereum,0x36f3fd68e7325a35eb768f1aedaae9ea0689d723,
Databroker,DTX,Ethereum,0x765f0c16d1ddc279295c1a7c24b0883f62d33f75,
Unido EP,UDO,Ethereum,0xea3983fc6d0fbbc41fb6f6091f68f3e08894dc06,
LOCGame,LOCG,Ethereum,0x60eb57d085c59932d5faa6c6026268a4386927d0,
PlotX,PLOT,Ethereum,0x72f020f8f3e8fd9382705723cd26380f8d0c66bb,
SaTT,SATT,Ethereum,0xDF49C9F599A0A9049D97CFF34D0C30E468987389,
Internxt,INXT,Ethereum,0x4a8f5f96d5436e43112c2fbc6a9f70da9e4e16d4,
Fuku-Kun,FUKU,Ethereum,0x1001271083C249bd771E1bb76C22D935809a61Ee,
Aurigami,PLY,Ethereum,0x1ab43204a195a0fd37edec621482afd3792ef90b,
Eden,EDEN,Ethereum,0x1559fa1b8f28238fd5d76d9f434ad86fd20d1559,
Scalia Infrastructure,SCALE,Ethereum,0x8a0a9b663693a22235b896f70a229c4a22597623,
OctoFi,OCTO,Ethereum,0x7240aC91f01233BaAf8b064248E80feaA5912BA3,
suterusu,SUTER,Ethereum,0xAA2ce7Ae64066175E0B90497CE7d9c190c315DB4,
Bridge Mutual,BMI,Ethereum,0x725c263e32c72ddc3a19bea12c5a0479a81ee688,
DIGG,DIGG,Ethereum,0x798D1bE841a82a273720CE31c822C61a67a601C3,
Arcona,ARCONA,Ethereum,0x0f71b8de197a1c84d31de0f1fa7926c365f052b3,
Life Crypto,LIFE,Ethereum,0x6c936D4AE98E6d2172dB18c16C4b601C99918EE6,
BonusCloud,BXC,Ethereum,0xdeCF7Be29F8832E9C2Ddf0388c9778B8Ba76af43,
S4FE,S4F,Ethereum,0xaec7d1069e3a914a3eb50f0bfb1796751f2ce48a,
PERL.eco,PERL,Ethereum,0xeca82185adce47f39c684352b0439f030f860318,
BlockWallet,BLANK,Ethereum,0x41a3dba3d677e573636ba691a70ff2d606c29666,
OIN Finance,OIN,Ethereum,0x9aeB50f542050172359A0e1a25a9933Bc8c01259,
88mph,MPH,Ethereum,0x8888801af4d980682e47f1a9036e589479e835c5,
Peanut,NUX,Ethereum,0x89bd2e7e388fab44ae88bef4e1ad12b4f1e0911c,
Gold,GOLD,Ethereum,0x089453742936dd35134383aee9d78bee63a69b01,
Ojamu,OJA,Ethereum,0x0aa7efe4945db24d95ca6e117bba65ed326e291a,
Kangal,KANGAL,Ethereum,0x6e765d26388a17a6e86c49a8e41df3f58abcd337,
CoTrader,COT,Ethereum,0x5c872500c00565505f3624ab435c222e558e9ff8,
Dawn Protocol,DAWN,Ethereum,0x580c8520deda0a441522aeae0f9f7a5f29629afa,
BLOX,BLOX,Ethereum,0xc9f00080d96cea3ef92d2e2e563d4cd41fb5bb36,
MurAll,PAINT,Ethereum,0x4c6ec08cf3fc987c6c4beb03184d335a2dfc4042,
Kattana,KTN,Ethereum,0x491e136ff7ff03e6ab097e54734697bb5802fc1c,
Earn Network,EARN,Ethereum,0x12Ed0641242e4C6c220e3ca8F616E9d5470AC99a,
Bitune,TUNE,Ethereum,0x1fac00ccee478eced6a120a50ed2ab28ee7fe32b,
Nord Finance,NORD,Ethereum,0x6e9730ecffbed43fd876a264c982e254ef05a0de,
XY Finance,XY,Ethereum,0x77777777772cf0455fB38eE0e75f38034dFa50DE,
GameCredits,GAME,Ethereum,0x63f88a2298a5c4aee3c216aa6d926b184a4b2437,
Darwinia Commitment Token,KTON,Ethereum,0x9f284e1337a815fe77d2ff4ae46544645b20c5ff,
Brokoli Network,BRKL,Ethereum,0x4674a4F24C5f63D53F22490Fb3A08eAAAD739ff8,
disBalancer,DDOS,Ethereum,0x7fbec0bb6a7152e77c30d005b5d49cbc08a602c3,
Hillstone Finance,HSF,Ethereum,0xba6b0dbb2ba8daa8f5d6817946393aef8d3a4487,
Humaniq,HMQ,Ethereum,0xcbcc0f036ed4788f63fc0fee32873d6a7487b908,
DuckDaoDime,DDIM,Ethereum,0xfbeea1c75e4c4465cb2fccc9c6d6afe984558e20,
Opium,OPIUM,Ethereum,0x888888888889c00c67689029d7856aac1065ec11,
bAlpha,BALPHA,Ethereum,0x7a5ce6abD131EA6B148a022CB76fc180ae3315A6,
LINKA,LINKA,Ethereum,0x578b49c45961f98d8df92854b53f1641af0a5036,
Digital Reserve Currency,DRC,Ethereum,0xa150db9b1fa65b44799d4dd949d922c0a33ee606,
IOI Token,IOI,Ethereum,0x8b3870df408ff4d7c3a26df852d41034eda11d81,
Janet,JANET,Ethereum,0xF63E309818E4EA13782678CE6C31C1234fa61809,
TE-FOOD,TONE,Ethereum,0x2ab6bb8408ca3199b8fa6c92d5b455f820af03c4,
laikaCTO,LAIKA,Ethereum,0x4cd27e18757baa3a4fe7b0ab7db083002637a6c5,
CRYPTO20,C20,Ethereum,0x26e75307fc0c021472feb8f727839531f112f317,
Playcent,PCNT,Ethereum,0x657B83A0336561C8f64389a6f5aDE675C04b0C3b,
Swingby,SWINGBY,Ethereum,0x8287c7b963b405b7b8d467db9d79eec40625b13a,
RunesBridge,RB,Ethereum,0xe91598331a36a78f7fefe277ce7c1915da0afb93,
KINE,KINE,Ethereum,0xcbfef8fdd706cde6f208460f2bf39aa9c785f05d,
VIX777,VIX,Ethereum,0x283d480dfd6921055e9c335fc177bf8cb9c94184,
Ruff,RUFF,Ethereum,0xf278c1ca969095ffddded020290cf8b5c424ace2,
PulsePad,PLSPAD,Ethereum,0x8a74bc8c372bc7f0e9ca3f6ac0df51be15aec47a,
Magical Blocks,MBLK,Ethereum,0xF47245e9A3Ba3dCa8B004E34afc1290B1d435a52,
Mao,MAO,Ethereum,0x556c3cbDCA77a7f21AFE15b17e644e0e98e64Df4,
Oxygen,OXY,Ethereum,0x965697b4ef02f0de01384d0d4f9f782b1670c163,
ROCKI,ROCKI,Ethereum,0xff44b937788215eca197baaf9af69dbdc214aa04,
Bruh,BRUH,Ethereum,0xD7CFDb3cdc33dBeb9e9A4C95b61953Cf12A008b3,
Float Protocol (Bank),BANK,Ethereum,0x24a6a37576377f63f194caa5f518a60f45b42921,
KING,KING,Ethereum,0xe28027c99c7746ffb56b0113e5d9708ac86fae8f,
DEXA COIN,DEXA,Ethereum,0x725440512cb7b78bf56b334e50e31707418231cb,
4P FOUR,FOUR,Ethereum,0x4730fb1463a6f1f44aeb45f6c5c422427f37f4d0,
SnowSwap,SNOW,Ethereum,0xfe9a29ab92522d14fc65880d817214261d8479ae,
Shirtum,SHI,Ethereum,0xaD996A45fd2373ed0B10Efa4A8eCB9de445A4302,
Goons of Balatroon,GOB,Ethereum,0x830eb1204380e9c44434db8700257025358707c6,
Mars Battle,SHOOT,Ethereum,0xbc61e13ca6830fc7f035fd0e90a01cd08be6dcaa,
Spellfire,SPELLFIRE,Ethereum,0x3a0b022f32b3191d44e5847da12dc0b63fb07c91,
BidiPass,BDP,Ethereum,0x593114f03a0a575aece9ed675e52ed68d2172b8c,
Nvidia Inu,NINU,Ethereum,0x15ee3f09712f4715904e1923c1ad504a673e88ac,
Eminer,EM,Ethereum,0x35b08722aa26be119c1608029ccbc976ac5c1082,
"Duckies, the canary network for Yellow",DUCKIES,Ethereum,0x90b7E285ab6cf4e3A2487669dba3E339dB8a3320,
Hedget,HGET,Ethereum,0x7968bc6a03017ea2de509aaa816f163db0f35148,
Furucombo,COMBO,Ethereum,0xfFffFffF2ba8F66D4e51811C5190992176930278,
CyberVein,CVT,Ethereum,0xbe428c3867f05dea2a89fc76a102b544eac7f772,
Coldstack,CLS,Ethereum,0x675bbc7514013e2073db7a919f6e4cbef576de37,
Ubex,UBEX,Ethereum,0x6704b673c70de9bf74c8fba4b4bd748f0e2190e1,
Autobahn Network,TXL,Ethereum,0x8eEF5a82E6Aa222a60F009ac18c24EE12dBf4b41,
TemDAO,TEM,Ethereum,0xaE0585a259A3BCAB258D6EE02FB583f7B33C2a12,
Swerve,SWRV,Ethereum,0xb8baa0e4287890a5f79863ab62b7f175cecbd433,
Finblox,FBX,Ethereum,0x5de597849cf72c72f073e9085bdd0dadd8e6c199,
CryptoSoul,SOUL,Ethereum,0xbb1f24c0c1554b9990222f036b0aad6ee4caec29,
Ares Protocol,ARES,Ethereum,0x358AA737e033F34df7c54306960a38d09AaBd523,
8PAY,8PAY,Ethereum,0x06DDb3a8BC0aBc14f85e974CF1A93a6f8d4909d9,
MetamonkeyAi,MMAI,Ethereum,0xaa0c5B3567fd1BAC8a2a11EB16c3F81a49eea90F,
Xeno Token,XNO,Ethereum,0xc03a652efbbacfabde37cd66c7a4ff4332f7186c,
Jarvis Network,JRT,Ethereum,0x8a9c67fee641579deba04928c4bc45f66e26343a,
Value Liquidity,VALUE,Ethereum,0x49e833337ece7afe375e44f4e3e8481029218e5c,
SakeToken,SAKE,Ethereum,0x066798d9ef0833ccc719076dab77199ecbd178b0,
Misbloc,MSB,Ethereum,0x84c722e6f1363e8d5c6db3ea600bef9a006da824,
Seigniorage Shares,SHARE,Ethereum,0x39795344cbcc76cc3fb94b9d1b15c23c2070c66d,
Zelwin,ZLW,Ethereum,0x5319e86F0e41a06E49eb37046b8c11D78bcAd68C,
Castweet,CTT,Ethereum,0x1a4743cf1af4c289351390a2b3fe7c13d2f7c235,
ApeSwap,BANANA,Ethereum,0x92DF60c51C710a1b1C20E42D85e221f3A1bFc7f2,
Orion Money,ORION,Ethereum,0x727f064a78dc734d33eec18d5370aef32ffd46e4,
Refereum,RFR,Ethereum,0xd0929d411954c47438dc1d871dd6081f5c5e149c,
YFDAI.FINANCE,YF-DAI,Ethereum,0xf4CD3d3Fda8d7Fd6C5a500203e38640A70Bf9577,
TrueFeedBack,TFBX,Ethereum,0x4057db5bd9f67a566aa10e5587b1a964affc6a16,
Raze Network,RAZE,Ethereum,0x5Eaa69B29f99C84Fe5dE8200340b4e9b4Ab38EaC,
Mochi Market,MOMA,Ethereum,0xbd1848e1491d4308ad18287a745dd4db2a4bd55b,
Idavoll DAO,IDV,Ethereum,0x45448E05020576929fcDEabC228E35b420098840,
Curate,XCUR,Ethereum,0xE1c7E30C42C24582888C758984f6e382096786bd,
Tidal Finance,TIDAL,Ethereum,0x29cbd0510eec0327992cd6006e63f9fa8e7f33b7,
NFTrade,NFTD,Ethereum,0x8e0fe2947752be0d5acf73aae77362daf79cb379,
APYSwap,APYS,Ethereum,0xf7413489c474ca4399eee604716c72879eea3615,
The HUSL,HUSL,Ethereum,0xa2881f7f441267042f9778ffa0d4f834693426be,
Bird.Money,BIRD,Ethereum,0x70401dfd142a16dc7031c56e862fc88cb9537ce0,
Genesis Shards,GS,Ethereum,0xe0b9a2c3e9f40cf74b2c7f591b2b0cca055c3112,
DEVAI,0XDEV,Ethereum,0xf7498c98789957f4ee53b3e37ff5b7ef8a6cfc7b,
Coreto,COR,Ethereum,0x9C2dc0c3CC2BADdE84B0025Cf4df1c5aF288D835,
Vodra,VDR,Ethereum,0xed3d4e446a96dc3b181b64b75c3c70da41dc3cbe,
DeFiner,FIN,Ethereum,0x054f76beed60ab6dbeb23502178c52d6c5debe40,
Pawtocol,UPI,Ethereum,0x70d2b7c19352bb76e4409858ff5746e500f2b67c,
FantomStarter,FS,Ethereum,0x05ec81610ab47a094502bac0d7ec256f06a1c6f8,
DeFine,DFA,Ethereum,0x62959c699a52ec647622c91e79ce73344e4099f5,
Shadows,DOWS,Ethereum,0x661ab0ed68000491d98c796146bcf28c20d7c559,
TitanSwap,TITAN,Ethereum,0x3A8cCCB969a61532d1E6005e2CE12C200caeCe87,
Golff,GOF,Ethereum,0x488E0369f9BC5C40C002eA7c1fe4fd01A198801c,
Finxflo,FXF,Ethereum,0x8a40c222996f9f3431f63bf80244c36822060f12,
DEXGame,DXGM,Ethereum,0x66f73d0fd4161cfad4302dc145ff994375c13475,
Axis DeFi,AXIS,Ethereum,0xecc0f1f860a82ab3b442382d93853c02d6384389,
Governor DAO,GDAO,Ethereum,0x515d7e9d75e2b76db60f8a051cd890eba23286bc,
DeHive,DHV,Ethereum,0x62Dc4817588d53a056cBbD18231d91ffCcd34b2A,
IQ Protocol,IQT,Ethereum,0x6dDa263994aAB33F5Ed612294E26f2A13DF0dA05,
Basis Cash,BAC,Ethereum,0x3449FC1Cd036255BA1EB19d65fF4BA2b8903A69a,
Damex Token,DAMEX,Ethereum,0x00e679ba63b509182c349f5614f0a07cdd0ce0c5,
Kingdomverse,KING,Ethereum,0x149d8290f653deb8e34c037d239d3d8eee9de5ad,
Polinate,POLI,Ethereum,0xa1a36d3537bbe375cc9694795f663ddc8d516db9,
ReapChain,REAP,Ethereum,0x1fc5ef0337aea85c5f9198853a6e3a579a7a6987,
Aluna.Social,ALN,Ethereum,0x8185bc4757572da2a610f887561c32298f1a5748,
The QWAN,QWAN,Ethereum,0xeee0fe52299f2de8e2ed5111cd521ab67dcf0faf,
Traxx,TRAXX,Ethereum,0xd43be54c1aedf7ee4099104f2dae4ea88b18a249,
Corite,CO,Ethereum,0x936B6659Ad0C1b244Ba8Efe639092acae30dc8d6,
Prime Numbers Labs Ecosystem,PRNT,Ethereum,0x7cfea0dd176651e7b5a1ced9c4faf8ee295315fd,
Shard,SHARD,Ethereum,0xbebdab6da046bc49ffbb61fbd7b33157eb270d05,
Jetcoin,JET,Ethereum,0x8727c112c712c4a03371ac87a74dd6ab104af768,
NFTY Token,NFTY,Ethereum,0xE1D7C7a4596B038CEd2A84bF65B8647271C53208,
PhoenixDAO,PHNX,Ethereum,0x38A2fDc11f526Ddd5a607C1F251C065f40fBF2f7,
Oggy Inu (ETH),OGGY,Ethereum,0x7e877b99897D514da01bD1d177E693EC639961Af,
Blockburn,BURN,Ethereum,0x8515cD0f00aD81996d24b9A9C35121a3b759D6Cd,
Hashgard,GARD,Ethereum,0x5c64031c62061865e5fd0f53d3cdaef80f72e99d,
Rublix,RBLX,Ethereum,0xFc2C4D8f95002C14eD0a7aA65102Cac9e5953b5E,
GuildFi,GF,Ethereum,0xaaef88cea01475125522e117bfe45cf32044e238,
Bufficorn,BUFFI,Ethereum,0x4c1b1302220d7de5c22b495e78b72f2dd2457d45,
WagyuSwap,WAG,Ethereum,0x7FA7dF4996AC59F398476892cfB195eD38543520,
Salad,SALD,Ethereum,0x5582a479f0c403E207D2578963CceF5D03BA636f,
TomTomCoin,TOMS,Ethereum,0xbe9ab37a414c517b2be2bfa5945665bb07379054,
Creaticles,CRE8,Ethereum,0xc36b4311b21fc0c2ead46f1ea6ce97c9c4d98d3d,
LiquidApps,DAPP,Ethereum,0x939B462ee3311f8926c047D2B576C389092b1649,
Opacity,OPCT,Ethereum,0xDb05EA0877A2622883941b939f0bb11d1ac7c400,
Duck DAO (DLP Duck Token),DUCK,Ethereum,0xc0ba369c8db6eb3924965e5c4fd0b4c1b91e305f,
EasyFi,EZ,Ethereum,0x00aba6fe5557de1a1d565658cbddddf7c710a1eb,
KeyFi,KEYFI,Ethereum,0xb8647e90c0645152fccf4d9abb6b59eb4aa99052,
ChronoBase,TIK,Ethereum,0x0922f1d808adc3a4444bed2f73fac53a1a2a5859,
Sentinel Chain,SENC,Ethereum,0xa13f0743951b4f6e3e3aa039f682e17279f52bc3,
Fractal ID,FCL,Ethereum,0xf4d861575ecc9493420a3f5a14f85b13f0b50eb3,
Nerd AI,NERD,Ethereum,0xED1273928bA97EEd7B49e82C2F39D512D7591112,
Formation Fi,FORM,Ethereum,0x21381e026ad6d8266244f2a583b35f9e4413fa2a,
Project TXA,TXA,Ethereum,0x4463e6A3dEd0dBE3F6e15bC8420dFc55e5FeA830,
Blockchain Cuties Universe Governance,BCUG,Ethereum,0x14da7b27b2e0fedefe0a664118b0c9bc68e2e9af,
Busy DAO,BUSY,Ethereum,0x5CB3ce6D081fB00d5f6677d196f2d70010EA3f4a,
KOI,KOAI,Ethereum,0x7e331b55e4fbba7cb9c1fc855ed0dac2983e7798,
Dragonball Z Tribute,DBZ,Ethereum,0x9dcaf532dba85e565bf6b425f07377ec2bb6f46a,
Beyond Protocol,BP,Ethereum,0xdF290B162a7D3E0A328cF198308D421954f08b94,
Yield Protocol,YIELD,Ethereum,0xa8B61CfF52564758A204F841E636265bEBC8db9B,
EveryCoin ,EVY,Ethereum,0xeed3ae7b0f8b5b9bb8c035a9941382b1822671cd,
Rapidz,RPZX,Ethereum,0x68350d30d9f58c81aaaa41929f1bfc52fff4ea49,
Spaceswap MILK2,MILK2,Ethereum,0x80c8c3dcfb854f9542567c8dac3f44d709ebc1de,
BoutsPro,BOUTS,Ethereum,0x139d9397274bb9e2c29a9aa8aa0b5874d30d62e3,
Ekta,EKTA,Ethereum,0x2f75113b13D136F861d212Fa9b572F2C79Ac81C4,
Residual Token,eRSDL,Ethereum,0x5218E472cFCFE0b64A064F055B43b4cdC9EfD3A6,
TokenBot,TKB,Ethereum,0x16594930d16f3970e1a4317c6016555cb2e7b7fc,
SynchroBitcoin,SNB,Ethereum,0x179e31fb25e433441a2839389a7b8ec9c4654b7b,
Plasma Finance,PPAY,Ethereum,0x054d64b73d3d8a21af3d764efd76bcaa774f3bb2,
Parachute,PAR,Ethereum,0x1beef31946fbbb40b877a72e4ae04a8d1a5cee06,
TotemFi,TOTM,Ethereum,0x6ff1bfa14a57594a5874b37ff6ac5efbd9f9599a,
BitBall,BTB,Ethereum,0x06e0feb0d74106c7ada8497754074d222ec6bcdf,
KOK,KOK,Ethereum,0x9b9647431632af44be02ddd22477ed94d14aacaa,
KamPay,KAMPAY,Ethereum,0x3907e6ff436e2b2B05D6B929fb05F14c0ee18d90,
DinoX,DNXC,Ethereum,0x20a8cec5fffea65be7122bcab2ffe32ed4ebf03a,
Rigel Protocol,RGP,Ethereum,0x4af5ff1a60a6ef6c7c8f9c4e304cd9051fca3ec0,
Flashstake,FLASH,Ethereum,0xB1f1F47061A7Be15C69f378CB3f69423bD58F2F8,
PYRO Network,PYRO,Ethereum,0x14409b0fc5c7f87b5dad20754fe22d29a3de8217,
ORAO Network,ORAO,Ethereum,0xEE1CeA7665bA7aa97e982EdeaeCb26B59a04d035,
Gourmet Galaxy,GUM,Ethereum,0x4f5fa8f2d12e5eb780f6082dd656c565c48e0f24,
Bitball Treasure,BTRS,Ethereum,0x73c9275c3a2dd84b5741fd59aebf102c91eb033f,
EarthFund,1EARTH,Ethereum,0x9e04f519b094f5f8210441e285f603f4d2b50084,
Spume Protocol,SPUME,Ethereum,0xa16a609fF4e1A15b6cCb469E7a5dD14E89305283,
Bitspawn,SPWN,Ethereum,0xe516D78d784C77D479977BE58905B3f2b1111126,
BLOOP,BL00P,Ethereum,0x2156CD781c5e77323D92A4487a0eC45F128e165E,
Shiba Saga,SHIA,Ethereum,0x43d7e65b8ff49698d9550a7f315c87e67344fb59,
POLKARARE,PRARE,Ethereum,0x2C2f7e7C5604D162d75641256b80F1Bf6f4dC796,
Phoenix Token,PHX,Ethereum,0xAeC65404DdC3af3C897AD89571d5772C1A695F22,
Uptrennd,1UP,Ethereum,0x07597255910a51509ca469568b048f2597e72504,
Tokenbox,TBX,Ethereum,0x3a92bd396aef82af98ebc0aa9030d25a23b11c6b,
GeoDB,GEO,Ethereum,0x147faf8de9d8d8daae129b187f0d02d819126750,
XcelToken Plus,XLAB,Ethereum,0x8c4e7f814d40f8929f9112c5d09016f923d34472,
blockbank,BBANK,Ethereum,0xf4b5470523ccd314c6b9da041076e7d79e0df267,
MELX,MEL,Ethereum,0xed0889f7e1c7c7267407222be277e1f1ef4d4892,
Dogeswap,DOGES,Ethereum,0xb4fbed161bebcb37afb1cb4a6f7ca18b977ccb25,
UNICORN Token,UNI,Ethereum,0x2730d6fdc86c95a74253beffaa8306b40fedecbb,
LGCY Network,LGCY,Ethereum,0xae697f994fc5ebc000f8e22ebffee04612f98a0d,
Lokr,LKR,Ethereum,0x80ce3027a70e0a928d9268994e9b85d03bd4cdcf,
Mrweb Finance (new),AMA,Ethereum,0x39162D9f64C0f9d64D14EAC3B6d5a15D3D569Eea,
Azuki,AZUKI,Ethereum,0x910524678C0B1B23FFB9285a81f99C29C11CBaEd,
Virtual Versions,VV,Ethereum,0x1f7e7a030aEF0A0f600dE1350c23D30B73fC7270,
ShoeFy,SHOE,Ethereum,0x0fD67B4ceb9b607Ef206904eC73459c4880132c9,
Jigstack,STAK,Ethereum,0x1f8a626883d7724dbd59ef51cbd4bf1cf2016d13,
RED TOKEN,RED,Ethereum,0xc744df3419a8c9bd4d6b9852a503eb1c5308a326,
Rage Fan,RAGE,Ethereum,0x94804dc4948184ffd7355f62ccbb221c9765886f,
CorionX,CORX,Ethereum,0x26a604DFFE3ddaB3BEE816097F81d3C4a2A4CF97,
Meme Cup,MEMECUP,Ethereum,0xa2b8e02ce95b54362f8db7273015478dd725d7e7,
NuriFootBall,NRFB,Ethereum,0x00281dfce4cfd72c0b6fda2aaaf077258743f9e8,
BonFi,BNF,Ethereum,0x1DE5e000C41C8d35b9f1f4985C23988f05831057,
Drops Ownership Power,DOP,Ethereum,0x6bb61215298f296c55b19ad842d3df69021da2ef,
Nsure.Network,NSURE,Ethereum,0x20945ca1df56d237fd40036d47e866c7dccd2114,
Alphr finance,ALPHR,Ethereum,0xaa99199d1e9644b588796F3215089878440D58e0,
IntelliSecure Systems,ISEC,Ethereum,0xaE5B2aA98532C0c27C88f2085D66b5263F4B9feE,
Knit Finance,KFT,Ethereum,0xef53462838000184f35f7d991452e5f25110b207,
Chimpion,BNANA,Ethereum,0x07ef9e82721ac16809d24dafbe1792ce01654db4,
Innovative Bioresearch Coin,INNBC,Ethereum,0xB67718b98d52318240c52E71A898335da4A28c42,
SORA Validator Token,VAL,Ethereum,0xe88f8313e61a97cec1871ee37fbbe2a8bf3ed1e4,
NBX,BYN,Ethereum,0x4bb3205bf648b7f59ef90dee0f1b62f6116bc7ca,
extraDNA,XDNA,Ethereum,0x8e57c27761EBBd381b0f9d09Bb92CeB51a358AbB,
ETHA Lend,ETHA,Ethereum,0x59e9261255644c411afdd00bd89162d09d862e38,
Alpha Token,A,Ethereum,0xffc63b9146967a1ba33066fb057ee3722221acf0,
Gem Exchange and Trading,GXT,Ethereum,0x4674672bcddda2ea5300f5207e1158185c944bc0,
Skyrim Finance,SKYRIM,Ethereum,0x2610f0bfc21ef389fe4d03cfb7de9ac1e6c99d6e,
SeChain,SNN,Ethereum,0xF5717f5DF41eA67Ef67DFD3c1d02F9940bcF5d08,
Tate Stop,TME,Ethereum,0x9c4cf40b5b5c3a58761683e65a87902130eb1b7c,
Guider,GDR,Ethereum,0x874d4c9b980f1a13dd44cbcdb912e24ef0671ed0,
Indexed Finance,NDX,Ethereum,0x86772b1409b61c639eaac9ba0acfbb6e238e5f83,
UBD Network,UBDN,Ethereum,0xd624e5c89466a15812c1d45ce1533be1f16c1702,
UniFarm,UFARM,Ethereum,0x40986a85b4cfcdb054a6cbfb1210194fee51af88,
Kuverit,KUV,Ethereum,0xf70d160102cf7a22c1e432d6928a9d625db91170,
Elementeum,ELET,Ethereum,0x6c37bf4f042712c978a73e3fd56d1f5738dd7c43,
ADreward,AD,Ethereum,0xe973e453977195422b48e1852a207b7ee9c913c7,
WorkQuest Token,WQT,Ethereum,0x06677dc4fe12d3ba3c7ccfd0df8cd45e4d4095bf,
Landbox,LAND,Ethereum,0x0e2ef8aecb3c01ad5d596f1b67134e178199984d,
FUZE Token,FUZE,Ethereum,0x187d1018e8ef879be4194d6ed7590987463ead85,
CareCoin,CARE,Ethereum,0x329cf160F30D21006bCD24b67EAde561E54CDE4c,
YVS.Finance,YVS,Ethereum,0xec681f28f4561c2a9534799aa38e0d36a83cf478,
Lead Wallet,LEAD,Ethereum,0x1dd80016e3d4ae146ee2ebb484e8edd92dacc4ce,
CRDT,CRDT,Ethereum,0xDaab5E695bb0E8Ce8384ee56BA38fA8290618e52,
Connectome,CNTM,Ethereum,0x9a1bf361798ef6538ccb8137ea900c4d4b48ca3d,
Mesefa,SEFA,Ethereum,0x27201232579491Ce9b116Ac6F37D354Cc723A2f3,
ECOSC,ECU,Ethereum,0x8fc9b6354E839AB1c8B31F4afa53607092B8C2e5,
FBX by KXCO,FBX,Ethereum,0x60bb16c4a931b1a0b8a7d945c651dd90f41d42cf,
S.Finance,SFG,Ethereum,0x8a6ACA71A218301c7081d4e96D64292D3B275ce0,
PREMA,PRMX,Ethereum,0xe4dae00bc1c46ea2f44ae71b1beb8b171c15d812,
RUSH COIN,RUSH,Ethereum,0x382A1667C9062F0621362F49076Ef6e4fE4C9eC7,
Crystal Token,CYL,Ethereum,0x26CB3641aaA43911f1D4cB2ce544eb652AAc7c47,
STAKE,STAKE,Ethereum,0x0Ae055097C6d159879521C384F1D2123D1f195e6,
SynFutures,F,Ethereum,0x6e15A54B5EcAc17e58daDedDbe8506a7560252F9,
Zircuit,ZRC,Ethereum,0xfd418e42783382e86ae91e445406600ba144d162,
Layer3,L3,Ethereum,0x88909D489678dD17aA6D9609F89B0419Bf78FD9a,
XT Smart Chain,XT,Ethereum,0x4be10da47a07716af28ad199fbe020501bddd7af,
KingDeFi,KRW,Ethereum,0x499568c250Ab2a42292261d6121525d70691894b,
Savings Dai,SDAI,Ethereum,0x83f20f44975d03b1b09e64809b757c47f942beea,
Usual USD,USD0,Ethereum,0x73a15fed60bf67631dc6cd7bc5b6e8da8190acf5,
WhiteBIT Coin,WBT,Ethereum,0x925206b8a707096Ed26ae47C84747fE0bb734F59,
AUSD,AUSD,Ethereum,0x00000000eFE302BEAA2b3e6e1b18d08D69a9012a,
XEN Crypto,XEN,Ethereum,0x06450dEe7FD2Fb8E39061434BAbCFC05599a6Fb8,
HugeWin,HUGE,Ethereum,0xEC12BA5AC0F259e9ac6FC9A3bC23a76Ad2fDE5D9,
LayerAI,LAI,Ethereum,0x168e209d7b2f58f1f24b8ae7b7d35e662bbf11cc,
BitDAO,BIT,Ethereum,0x1A4b46696b2bB4794Eb3D4c26f1c55F9170fa4C5,
Pixelverse,PIXFI,Ethereum,0xd795eb12034C2b77d787a22292c26fab5f5C70Aa,
Chainflip,FLIP,Ethereum,0x826180541412D574cf1336d22c0C0a287822678A,
P2P Solutions foundation,P2PS,Ethereum,0x4527a3b4a8a150403090a99b87effc96f2195047,
Sky,SKY,Ethereum,0x56072C95FAA701256059aa122697B133aDEd9279,
Flappymoonbird,FMB,Ethereum,0x52284158E02425290f6B627Aeb5FFF65eDf058Ad,
Staked USD0,USD0++,Ethereum,0x35D8949372D46B7a3D5A56006AE77B215fc69bC0,
Bitcoin Cats,1CAT,Ethereum,0x508e00d5cef397b02d260d035e5ee80775e4c821,
Ethervista,VISTA,Ethereum,0xC9bCa88B04581699fAb5aa276CCafF7Df957cbbf,
FIGHT TO MAGA,FIGHT,Ethereum,0x8802269d1283cdb2a5a329649e5cb4cdcee91ab6,
Param,PARAM,Ethereum,0x69A1e699f562D7Af66Fc6cc473d99f4430C3AcD2,
MSTR,MSTR,Ethereum,0x306227D964511A260D14563FbfA82AA75Db404b2,
DARAM AI,DARAM,Ethereum,0x128F3e482F5Bd5F08Fe1b216E60EC0A6013deAB9,
Rekt (rektcoin.com),REKT,Ethereum,0xdd3B11eF34cd511a2DA159034a05fcb94D806686,
CatSlap,SLAP,Ethereum,0xF107edABF59ba696E38DE62Ad5327415Bd4D4236,
Neiro Pump,NEIRO,Ethereum,0x339058Ca41e17b55B6dd295373C5d3cBe8000Cd9,
SPX69000,SPX,Ethereum,0x5ff0d2De4Cd862149c6672C99B7Edf3B092667A3,
Altered State Token,ASTO,Ethereum,0x823556202e86763853b40e9cDE725f412e294689,
mETH Protocol,COOK,Ethereum,0x9F0C013016E8656bC256f948CD4B79ab25c7b94D,
ParallelAI,PAI,Ethereum,0x13e4b8cffe704d3de6f19e52b201d92c21ec18bd,
BOME AI,BOME,Ethereum,0x0c4785eE3CA8bF1fB90c772703210bd346AA3413,
Meson Network,MSN,Ethereum,0xaa247c0d81b83812e1abf8bab078e4540d87e3fb,
BOME TRUMP,TRUMP,Ethereum,0xCf01a5c02c9b9DD5bF73a5a56BcDbc9dca483D43,
QuantixAI,QAI,Ethereum,0xCb21311d3B91b5324F6C11B4f5A656fcAcBff122,
Empyreal,EMP,Ethereum,0x39D5313C3750140E5042887413bA8AA6145a9bd2,
Frax Finance - Frax Ether,FRXETH,Ethereum,0x5E8422345238F34275888049021821E8E08CAa1f,
TRUMP MAGA (trumpmaga.me),MAGA,Ethereum,0xf211B655431c10E72C1CAeae37688Ae9f7F7A549,
TUBES,TUBES,Ethereum,0xfCC24ec0cce31306a9541bFbFe45fF8A0f34f36E,
DOLA,DOLA,Ethereum,0x865377367054516e17014CcdED1e7d814EDC9ce4,
TRUMP MEME (trumpmeme.net),MEME,Ethereum,0x05f226755b11cB3666340551EbBAa615CDFEFdD6,
Shiro Neko,SHIRO,Ethereum,0xb0AC2b5a73da0e67A8e5489Ba922B3f8d582e058,
TYBENG,TYBENG,Ethereum,0xd9ebbc7970e26b4eced7323b9331763e8272d011,
LBK,LBK,Ethereum,0x9cb1aeafcc8a9406632c5b084246ea72f62d37b6,
Convex CRV,CVXCRV,Ethereum,0x62b9c7356a2dc64a1969e19c23e4f579f9810aa7,
Palapa,PLPA,Ethereum,0x2eb05470a5b54065569ba1ef0fb94509538fbaf2,
ORA,ORA,Ethereum,0x33333333FEde34409Fb7f67c6585047E1F653333,
Sensay,SNSY,Ethereum,0x82a605d6d9114f4ad6d5ee461027477eeed31e34,
ZND Token,ZND,Ethereum,0x2d8ea194902bc55431420bd26be92b0782dce91d,
HashKey Platform Token,HSK,Ethereum,0xe7c6bf469e97eeb0bfb74c8dbff5bd47d4c1c98a,
Resolv USR,USR,Ethereum,0x66a1e37c9b0eaddca17d3662d6c05f4decf3e110,
SORA GROK,GROK,Ethereum,0x2bB84fd8F7eD0FfAe3da36AD60d4D7840bdeEADa,
Instadapp,INST,Ethereum,0x6f40d4A6237C257fff2dB00FA0510DeEECd303eb,
lifedog,LFDOG,Ethereum,0x425087BF4969f45818c225aE30f8560cE518582e,
Book of Meme 3.0,BOME,Ethereum,0x634769EB87542EAf41C0008c05D5d8F5d8bEc3A5,
Popcat (ERC),POPCAT,Ethereum,0x05Aa4817c17825281474ae2Ee1ca492b89A16Bce,
Gala Music,MUSIC,Ethereum,0xD8c0b13B551718b808fc97eAd59499d5Ef862775,
RWAX,APP,Ethereum,0xC5d27F27F08D1FD1E3EbBAa50b3442e6c0D50439,
trumpwifhat,TRUMP,Ethereum,0x555907a0b5c32DF0fEb35401187aED60a9191D74,
Finanx AI,FNXAI,Ethereum,0x939069722D568B5498CcBA4356E800EaefEFD2a5,
TRUMP DOGS,DOGS,Ethereum,0x9b69667F602f15ef2D09a9a18489c788e327461E,
Massive Protocol,MAV,Ethereum,0xbe1dbe6741fb988fb571ab1e28cffb36e3c62629,
TERMINUS,TERMINUS,Ethereum,0xcbde0453d4e7d748077c1b0ac2216c011dd2f406,
Everclear,NEXT,Ethereum,0xfe67a4450907459c3e1fff623aa927dd4e28c67a,
PINs Network Token,PINS,Ethereum,0x92ACA969b77BD899C05ca0e1DC050cd003457d60,
TurtSat,TURT,Ethereum,0x0800394f6E23dD539929c8B77a3d45c96F76AEFC,
SMILEY,SMILEY,Ethereum,0x4c6e2c495b974b8d4220e370f23c7e0e1da9b644,
PEPE MAGA,MAGA,Ethereum,0xDa2E903b0B67F30BF26bD3464f9EE1a383BbbE5F,
Anzen Finance,USDZ,Ethereum,0xA469B7Ee9ee773642b3e93E842e5D9b5BaA10067,
Ocean Protocol,OCEAN,Ethereum,0x967da4048cd07ab37855c090aaf366e4ce1b9f48,
Cros,CROS,Ethereum,0x5A59dD979754B09EA686ce93C98D4CE8bDCb43F2,
TitanX,TITANX,Ethereum,0xF19308F923582A6f7c465e5CE7a9Dc1BEC6665B1,
Lybra Finance,LBR,Ethereum,0xed1167b6dc64e8a366db86f2e952a482d0981ebd,
Sora,SORA,Ethereum,0xb8a87405d9a4F2F866319B77004e88dfF66c0d92,
EscoinToken,ELG,Ethereum,0xA2085073878152aC3090eA13D1e41bD69e60Dc99,
Squad3,SQ3,Ethereum,0x5d18dE1A5292d5DF40F7edd6827AeF3b0Bd080F4,
MOG CAT,MOG,Ethereum,0x7391425CA7ceE3eE03E09794b819291a572af83E,
Black Agnus,FTW,Ethereum,0x306fD3e7b169Aa4ee19412323e1a5995B8c1a1f4,
MetaCene,MAK,Ethereum,0xc283c54DF1d858570071a053057806ae73CB6A64,
Maple Finance,SYRUP,Ethereum,0x643C4E15d7d62Ad0aBeC4a9BD4b001aA3Ef52d66,
APF coin,APFC,Ethereum,0x8eD955a2b7d2C3a17a9d05dACa95E01818f8C11e,
Worldwide USD,WUSD,Ethereum,0xb6667b04Cb61Aa16B59617f90FFA068722Cf21dA,
Zuzalu Inu,ZUZALU,Ethereum,0xD1F17B7a6bfF962659ED608bCD6D318bB5fBb249,
pepe in a memes world,PEW,Ethereum,0x382ea807a61a418479318efd96f1efbc5c1f2c21,
GHO,GHO,Ethereum,0x40D16FC0246aD3160Ccc09B8D0D3A2cD28aE6C2f,
RYO Coin,RYO,Ethereum,0x4c7fe8f97db97cbccc76989ab742afc66ca6e75c,
USDP Stablecoin,USDP,Ethereum,0x1456688345527bE1f37E9e627DA0837D6f08C925,
Daram,DARAM,Ethereum,0xad86b91a1d1db15a4cd34d0634bbd4ecacb5b61a,
SubQuery Network,SQT,Ethereum,0x09395a2A58DB45db0da254c7EAa5AC469D8bDc85,
GameStop,GME,Ethereum,0xc56C7A0eAA804f854B536A5F3D5f49D2EC4B12b8,
Terra Classic USD (Wormhole),USTC,Ethereum,0xa693b19d2931d498c5b318df961919bb4aee87a5,
NuLink,NLK,Ethereum,0x744030Ad4E6c10fAf5483b62473D88a254d62261,
STRATEGIC BITCOIN RESERVE,SBR,Ethereum,0xd6203889c22d9fe5e938a9200f50fdffe9dd8e02,
MISHA,MISHA,Ethereum,0x0CCAe1Bc46Fb018DD396Ed4c45565d4Cb9d41098,
HYTOPIA,TOPIA,Ethereum,0xcccCb68e1A848CBDB5b60a974E07aAE143ed40C3,
CoinW Token,CWT,Ethereum,0x901ea3606d567f9f1e964639d5cbb8659080be8a,
Mountain Protocol,USDM,Ethereum,0x59D9356E565Ab3A36dD77763Fc0d87fEaf85508C,
Digital Financial Exchange,DIFX,Ethereum,0x9792409ae27726d337af30d701ab525372495607,
CAW(A Hunters Dream),CAW,Ethereum,0xf3b9569F82B18aEf890De263B84189bd33EBe452,
BitStable,BSSB,Ethereum,0xda31d0d1bc934fc34f7189e38a413ca0a5e8b44f,
The Doge NFT,DOG,Ethereum,0xbaac2b4491727d78d2b78815144570b9f2fe8899,
Doggo (doggocto.com),DOGGO,Ethereum,0x240Cd7b53d364a208eD41f8cEd4965D11F571B7a,
PDX Coin,PDX,Ethereum,0x6a8fee0E33Cb65a7E8D21BadCA62E87639ef74B3,
PinLink,PIN,Ethereum,0x2e44f3f609ff5aa4819b323fd74690f07c3607c4,
HarryPotterObamaSonic10Inu 2.0,BITCOIN,Ethereum,0x37d299D9900209c3566254cFE59bFE6fF8F8c295,
Router Protocol (New),ROUTE,Ethereum,0x60f67e1015b3f069dd4358a78c38f83fe3a667a9,
Moo Deng (moodeng.sbs),MOODENG,Ethereum,0x68e686bC641605877AD72fF76a7047d7325D8D3e,
Port3 Network,PORT3,Ethereum,0xb4357054c3da8d46ed642383f03139ac7f090343,
Bitcoin EDenRich,BITBEDR,Ethereum,0xb8176a66c0d0A84cfD4e403c89cF3416b1e798Ad,
KOLZ,KOLZ,Ethereum,0x288741b45AD4042f7b124E38b53cEc5E9ccA0376,
Smart Game Finance,SMART,Ethereum,0xce20bb92ccf9bbf5091ef85649e71e552819ad8c,
Joe coin,JOE,Ethereum,0x76e222b07c53d28b89b0bac18602810fc22b49a8,
O.XYZ,O,Ethereum,0x81ad60e5dd6bd97edaa4adcc7237978b14adf4e6,
Cosmic Network,COSMIC,Ethereum,0x55A05Cf8898dd1c582eef939Df645d5D235C6f74,
VOLT.WIN,VOLT,Ethereum,0x66b5228CfD34d9f4d9f03188d67816286C7c0b74,
Karate Combat,KARATE,Ethereum,0x80008BCD713c38AF90a9930288D446bc3bD2E684,
Dork Lord,DORKY,Ethereum,0x95Ed629B028Cf6AADd1408Bb988c6d1DAAbe4767,
Index Cooperative,INDEX,Ethereum,0x0954906da0Bf32d5479e25f46056d22f08464cab,
Morphware,XMW,Ethereum,0x391cF4b21F557c935C7f670218Ef42C21bd8d686,
Phemex Token,PT,Ethereum,0xbbb32f99e6f2cb29337eebaa43c5069386de6e6c,
Ninja Squad Token,NST,Ethereum,0x70bef3bb2f001da2fddb207dae696cd9faff3f5d,
DragonX,DRAGONX,Ethereum,0x96a5399D07896f757Bd4c6eF56461F58DB951862,
I love puppies,PUPPIES,Ethereum,0xcf91b70017eabde82c9671e30e5502d312ea6eb2,
FUTUREXCRYPTO,FXC,Ethereum,0x1e6063b7b3a1c1952ed2c4087fd528998db69ec7,
FOGNET,FOG,Ethereum,0x503cD987998824192578D0d7950148445667287c,
Peapods Finance,PEAS,Ethereum,0x02f92800f57bcd74066f5709f1daa1a4302df875,
Fast And Ai,FASTAI,Ethereum,0xF986408A1788CEB3BB4B4BE4AA96A43914168554,
Vertical AI,VERTAI,Ethereum,0xcDbddbdEFB0eE3eF03a89AFcd714aa4ef310D567,
00 Token,0,Ethereum,0x881ba05de1e78f549cc63a8f6cabb1d4ad32250d,
YOUR AI,YOURAI,Ethereum,0xC5bA042BF8832999b17c9036E8212f49DCE0501A,
SmartWorld Global,SWGT,Ethereum,0xc8bf8bc34874e07f6a0d4abc8be22ba9e372631b,
WEEX Token,WXT,Ethereum,0x1B66474c8ECA3827f16202907F41F63785579716,
Darüşşafaka Spor Kulübü Token,DSK,Ethereum,0x362bc4b0b2a8134d87ace9143d284a2eced3fd2a,
Joseon Mun,JSM,Ethereum,0x04C618CDbc1D59142dFEB4B9864835A06983EC2d,
Edge,EDGE,Ethereum,0x4ec1b60b96193a64acae44778e51f7bff2007831,
Fjord Foundry,FJO,Ethereum,0x69457A1C9Ec492419344DA01Daf0DF0e0369d5D0,
Olympus v2,OHM,Ethereum,0x64aa3364f17a4d01c6f1751fd97c2bd3d7e7f1d5,
Dinero,DINERO,Ethereum,0x6DF0E641FC9847c0c6Fde39bE6253045440c14d3,
Gold Standard,BAR,Ethereum,0x777BE1c6075c20184C4fd76344b7b0B7c858fe6B,
Book of Ethereum,BOOE,Ethereum,0x289ff00235d2b98b0145ff5d4435d3e92f9540a6,
Luffy,LUFFY,Ethereum,0x54012cDF4119DE84218F7EB90eEB87e25aE6EBd7,
QANplatform,QANX,Ethereum,0xAAA9214F675316182Eaa21C85f0Ca99160CC3AAA,
Ordiswap,ORDS,Ethereum,0x8AB2ff0116A279a99950C66A12298962D152B83c,
Wrapped  AyeAyeCoin,WAAC,Ethereum,0x30aE41D5f9988D359c733232C6c693c0e645C77E,
Ten Best Coins,TBC,Ethereum,0x03042ae6fcfd53e3a0baa1fab5ce70e0cb74e6fb,
Marvin Inu (ETH),MARVIN,Ethereum,0x85bea4ee627b795a79583fcede229e198aa57055,
Orion,ORN,Ethereum,0x0258F474786DdFd37ABCE6df6BBb1Dd5dfC4434a,
Gyroscope GYD,GYD,Ethereum,0xe07f9d810a48ab5c3c914ba3ca53af14e4491e8a,
Catalorian (CatalorianOGETH),CATALORIAN,Ethereum,0x8baf5d75cae25c7df6d1e0d26c52d19ee848301a,
Stake DAO CRV,SDCRV,Ethereum,0xd1b5651e55d4ceed36251c61c50c889b36f6abb5,
NFINITY AI,NFNT,Ethereum,0x82d36570842fc1ac2a3b4dbe0e7c5c0e2e665090,
Nuklai,NAI,Ethereum,0x5Ac34C53A04B9aaA0BF047e7291fb4e8A48f2A18,
Unagi Token,UNA,Ethereum,0x0b6f3ea2814f3fff804ba5d5c237aebbc364fba9,
TROPPY,TROPPY,Ethereum,0x7eeab3de47a475fd2dec438aef05b128887c6105,
Taτsu,TATSU,Ethereum,0x92f419fb7a750aed295b0ddf536276bf5a40124f,
SocialGood,SG,Ethereum,0xddf7fd345d54ff4b40079579d4c4670415dbfd0a,
Emotional Support Alligator,WALLY,Ethereum,0x4f7d2D728ce137dd01ec63EF7B225805C7b54575,
Launchpool,LPOOL,Ethereum,0x6149c26cd2f7b5ccdb32029af817123f6e37df5b,
BUILD,BUILD,Ethereum,0x57b59f981730c6257dF57cF6F0D98283749A9Eeb,
Strawberry AI,BERRY,Ethereum,0xCb76314C2540199f4B844D4ebbC7998C604880cA,
Lizcoin,LIZ,Ethereum,0xAF4144cd943ed5362Fed2BaE6573184659CBe6FF,
Sommelier,SOMM,Ethereum,0xa670d7237398238DE01267472C6f13e5B8010FD1,
VYPER.WIN,VYPER,Ethereum,0xd7fa4cFC22eA07DfCeD53033fbE59d8b62B8Ee9E,
Oobit,OBT,Ethereum,0x07f9702ce093db82dfdc92c2c6e578d6ea8d5e22,
Gekko HQ,GEKKO,Ethereum,0xf017d3690346eb8234b85F74cEe5E15821fEe1f4,
lmeow,LMEOW,Ethereum,0x1aE7e1d0ce06364CED9aD58225a1705b3e5DB92b,
LIF3,LIF3,Ethereum,0x7138Eb0d563f3F6722500936A11DcAe99D738A2c,
Micro GPT,$MICRO,Ethereum,0x8CEDb0680531d26e62ABdBd0F4c5428b7fDC26d5,
Legend of Arcadia,ARCA,Ethereum,0x1c00c3E03C3a10a0C1d9B6d1A42e797d7CB4147a,
Jinbi Token,JNB,Ethereum,0x21d5a14e625d767ce6b7a167491c2d18e0785fda,
Kelp DAO's Airdrop Gain ETH,AGETH,Ethereum,0xe1b4d34e8754600962cd944b535180bd758e6c2e,
Flying Avocado Cat,FAC,Ethereum,0x1a3A8Cf347b2bF5890D3D6A1B981c4f4432C8661,
Yes Chad,YES,Ethereum,0x5da42c37dea61d1c31e7a810e7d2aff736a41643,
enqAI,enqAI,Ethereum,0x710287D1D39DCf62094A83EBB3e736e79400068a,
Luxury Travel Token,LTT,Ethereum,0x3F91Ad19AF450B44cf5176b4dE719d77CB19EEc7,
Dogecast,DOGECAST,Ethereum,0x4955f6641bf9c8c163604c321f4b36e988698f75,
BMAX,BMAX,Ethereum,0x116c4b65e14449947bc6fa1bbe844cb16a162d53,
infraX,INFRA,Ethereum,0xe9EccDE9d26FCBB5e93F536CFC4510A7f46274f8,
Diamond Castle,DMCK,Ethereum,0x2242328A9e9A2DEA3B9Ef5952B9614F45C7585D6,
Amino,AMO,Ethereum,0x1a2EB478FA07125C9935A77b3C03a82470801E30,
Velar,VELAR,Ethereum,0x033BbDe722EA3Cdcec73cFFEA6581DF9F9C257de,
IX Swap,IXS,Ethereum,0x73d7c860998ca3c01ce8c808f5577d94d545d1b4,
WX Token,WX,Ethereum,0x934ac3fFDC82A3ABcc71C1831BdF5c766f6EE8a9,
Caduceus Protocol (new),CAD,Ethereum,0x4349929808E515936A68903F6085F5e2B143ff3d,
HEX,HEX,Ethereum,0x2b591e99afe9f32eaa6214f7b7629768c40eeb39,
Neo Tokyo,BYTES,Ethereum,0xa19f5264f7d7be11c451c093d8f92592820bea86,
WeatherXM,WXM,Ethereum,0xde654f497A563dd7A121c176a125dD2F11F13a83,
OSCAR,OSCAR,Ethereum,0xebb66a88cedd12bfe3a289df6dfee377f2963f12,
K-Tune,KTT,Ethereum,0x14cc8dfaf2258e1b8b2869300dba1b734dc0fe43,
Dollar,DOLLAR,Ethereum,0xE95076d9fe7155c17b455ac49497E78912c4AB65,
SOFA Org,RCH,Ethereum,0x57B96D4aF698605563A4653D882635da59Bf11AF,
Terra Ecosystem,TERRA,Ethereum,0x09f9e239801d2086b5e4a0232540faa1b3b9e1e7,
UGOLD Inc.,UGOLD,Ethereum,0xa6089dbfed19d1bcd43146bbdca2b8f9d9f84a9a,
JFIN Coin,JFIN,Ethereum,0x940bdcb99a0ee5fb008a606778ae87ed9789f257,
Soulsaver,SOUL,Ethereum,0x992D339532A9C42F1b0E59A57e95F38da38c66F6,
Fefe,FEFE,Ethereum,0xfefe157c9d0ae025213092ff9a5cb56ab492bab8,
Fideum,FI,Ethereum,0x1294f4183763743c7c9519Bec51773fb3aCD78FD,
dogwifhat,DOGWIFHAT,Ethereum,0x8aec4bbdcfb451aa289bfbd3c2f4e34a44ada1be,
4,FOUR,Ethereum,0xE6D6043D19e7479d1ffe76dDDc7F68467234462b,
Kamala Harris (kamalaharristoken.xyz),HARRIS,Ethereum,0x155788dd4b3ccd955a5b2d461c7d6504f83f71fa,
X2Y2,X2Y2,Ethereum,0x1E4EDE388cbc9F4b5c79681B7f94d36a11ABEBC9,
Crown Token,CROWN,Ethereum,0xF3Bb9F16677F2B86EfD1DFca1c141A99783Fde58,
Human,HMT,Ethereum,0xd1ba9BAC957322D6e8c07a160a3A8dA11A0d2867,
ProBit Token,PROB,Ethereum,0xfb559ce67ff522ec0b9ba7f5dc9dc7ef6c139803,
DigiFinexToken,DFT,Ethereum,0xa2a54f1ec1f09316ef12c1770d32ed8f21b1fb6a,
Inscribe,INS,Ethereum,0xe9572938bcbf08adcee86fd12a7c0d08dc4ab841,
Eternal AI,EAI,Ethereum,0xa84f95eb3DaBdc1bbD613709ef5F2fD42CE5bE8d,
SingularityNET,AGIX,Ethereum,0x5B7533812759B45C2B44C19e320ba2cD2681b542,
Truflation,TRUF,Ethereum,0x243c9be13fAbA09F945ccc565547293337Da0Ad7,
UnleashClub,UNLEASH,Ethereum,0x0E9cc0F7E550BD43BD2af2214563C47699F96479,
Gou,GOU,Ethereum,0xed89fc0f41d8be2c98b13b7e3cd3e876d73f1d30,
Retik Finance,RETIK,Ethereum,0x26EbB8213fb8D66156F1Af8908d43f7e3e367C1d,
Bretter Brett,BRETT,Ethereum,0x66bFf695f3B16a824869a8018a3A6e3685241269,
ZynCoin,ZYN,Ethereum,0x58cB30368ceB2d194740b144EAB4c2da8a917Dcb,
SoonVerse,SOON,Ethereum,0x574D22E2555cAc0ce71e44778f6De2e7487aE229,
Kondux,KNDX,Ethereum,0x7ca5af5ba3472af6049f63c1abc324475d44efc1,
StakeVault.Network,SVN,Ethereum,0xcE872DB165d4F5623AF9c29e03AFd416Bc5f67bc,
Patriot,PATRIOT,Ethereum,0xE9732d4b1E7d3789004fF029f032bA3034db059c,
Egg N Partners,EGGT,Ethereum,0x096Cc1544FE972039353F3401Bce92F8e3978693,
Forgotten Playland,FP,Ethereum,0xEeee2A2E650697d2A8e8BC990C2f3d04203bE06f,
MaidSafeCoin,EMAID,Ethereum,0x329c6E459FFa7475718838145e5e85802Db2a303,
Vancelian,AKTIO,Ethereum,0xe65d37F18A770643CB14c8611ACa7A67244BA480,
Nasdaq420,NASDAQ420,Ethereum,0x615987d46003CC37387dBe544FF4F16FA1200077,
U Coin,U,Ethereum,0xe07710cdcD1c9F0FB04bfd013F9854E4552671cE,
Nugget Trap Gold Token,NGTG$$,Ethereum,0x810296898a4F870619B015C0B13C8c6E65b305e3,
Boomco,BOOM,Ethereum,0xda8a1f5eccabc80c26ec9ab493715d5b9ce8fef9,
