Name,Symbol,Platform,ContractAddress,Image
Tether USDt,USDT,ETH,0xdac17f958d2ee523a2206206994597c13d831ec7,USDT.png
Maker,MKR,ETH,0x9f8f72aa9304c8b593d555f12ef6589cc3a579a2,MKR.png
Decentraland,MANA,ETH,0x0f5d2fb29fb7d3cfee444a200298f468908cc942,MANA.png
Chainlink,LINK,ETH,0x514910771af9ca656af840dff83e8264ecf986ca,LINK.png
KuCoin Token,KCS,ETH,0xf34960d9d60be18cc1d5afc1a6f012a723a28811,KCS.png
Nexo,NEXO,ETH,0xb62132e35a6c13ee1ee0f84dc5d40bad8d815206,NEXO.png
Quant,QNT,ETH,0x4a220e6096b25eadb88358cb44068a3248254675,QNT.png
USDC,USDC,ETH,0xa0b86991c6218b36c1d19d4a2e9eb0ce3606eb48,USDC.png
OKB,OKB,ETH,0x75231f58b43240c9718dd58b4967c5114342a86c,OKB.png
UNUS SED LEO,LEO,ETH,0x2af5d2ad76741191d15dfe7bf6ac92d4bd912ca3,LEO.png
FTX Token,FTT,ETH,0x50d1c9771902476076ecfc8b2a83ad6b9355a4c9,FTT.png
GateToken,GT,ETH,0xe66747a101bff2dba3697199dcce5b743b454759,GT.png
PAX Gold,PAXG,ETH,0x45804880de22913dafe09f4980848ece6ecbaf78,PAXG.png
Dai,DAI,ETH,0x6b175474e89094c44da98b954eedeac495271d0f,DAI.png
Tether Gold,XAUt,ETH,0x68749665FF8D2d112Fa859AA293F07A622782F38,XAUt.png
Render,RENDER,ETH,0x6de037ef9ad2725eb40118bb1702ebb27e4aeb24,RENDER.png
Shiba Inu,SHIB,ETH,0x95ad61b0a150d79219dcf64e1e6cc01f0b64c4ce,SHIB.png
The Sandbox,SAND,ETH,0x3845badAde8e6dFF049820680d1F14bD3903a5d0,SAND.png
MANTRA,OM,ETH,0x3593d125a4f7849a1b059e64f4517a86dd60c95d,OM.png
Curve DAO Token,CRV,ETH,0xD533a949740bb3306d119CC777fa900bA034cd52,CRV.png
The Graph,GRT,ETH,0xc944e90c64b2c07662a292be6244bdf05cda44a7,GRT.png
Axie Infinity,AXS,ETH,0xbb0e17ef65f82ab018d8edd776e8dd940327b28b,AXS.png
Gala,GALA,ETH,0xd1d2Eb1B1e90B638588728b4130137D262C87cae,GALA.png
Uniswap,UNI,ETH,0x1f9840a85d5af5bf1d1762f925bdaddc4201f984,UNI.png
Injective,INJ,ETH,0xe28b3b32b6c345a34ff64674606124dd5aceca30,INJ.png
Aave,AAVE,ETH,0x7Fc66500c84A76Ad7e9c93437bFc5Ac33E2DDaE9,AAVE.png
DeXe,DEXE,ETH,0xde4EE8057785A7e8e800Db58F9784845A5C2Cbd6,DEXE.png
Lido DAO,LDO,ETH,0x5a98fcbea516cf06857215779fd812ca3bef1b32,LDO.png
JasmyCoin,JASMY,ETH,0x7420B4b9a0110cdC71fB720908340C03F9Bc03EC,JASMY.png
Immutable,IMX,ETH,0xf57e7e7c23978c3caec3c3548e3d615c346e79ff,IMX.png
FLOKI,FLOKI,ETH,0xcf0c122c6b73ff809c693db761e7baebe62b6a2e,FLOKI.png
Bitget Token,BGB,ETH,0x54D2252757e1672EEaD234D27B1270728fF90581,BGB.png
Arbitrum,ARB,ETH,0xB50721BCf8d664c30412Cfbc6cf7a15145234ad1,ARB.png
Worldcoin,WLD,ETH,0x163f8c2467924be0ae7b5347228cabf260318753,WLD.png
Ethereum Name Service,ENS,ETH,0xC18360217D8F7Ab5e7c516566761Ea12Ce7F9D72,ENS.png
BitTorrent [New],BTT,ETH,0xc669928185dbce49d2230cc9b0979be6dc797957,BTT.png
Onyxcoin,XCN,ETH,0xA2cd3D43c775978A96BdBf12d733D5A1ED94fb18,XCN.png
USDD,USDD,ETH,0x0c10bf8fcb7bf5412187a595ab97a3609160b5c6,USDD.png
Ondo,ONDO,ETH,0xfAbA6f8e4a5E8Ab82F62fe7C39859FA577269BE3,ONDO.png
Starknet,STRK,ETH,0xCa14007Eff0dB1f8135f4C25B34De49AB0d42766,STRK.png
Bonk,BONK,ETH,0x1151CB3d861920e07a38e03eEAd12C32178567F6,BONK.png
Pepe,PEPE,ETH,0x6982508145454ce325ddbe47a25d4ec3d2311933,PEPE.png
First Digital USD,FDUSD,ETH,0xc5f0f7b66764F6ec8C8Dff7BA683102295E16409,FDUSD.png
Mantle,MNT,ETH,0x3c3a81e81dc49a522a592e7622a7e711c06bf354,MNT.png
SPX6900,SPX,ETH,0xe0f63a424a4439cbe457d80e4f4b51ad25b2c56c,SPX.png
POL (prev. MATIC),POL,ETH,0x455e53cbb86018ac2b8092fdcd39d8444affc3f6,POL.png
Virtuals Protocol,VIRTUAL,ETH,0x44ff8620b8cA30902395A7bD3F2407e1A091BF73,VIRTUAL.png
Ethena USDe,USDe,ETH,0x4c9edd5852cd905f086c759e8383e09bff1e68b3,USDe.png
Ethena,ENA,ETH,0x57e114B691Db790C35207b2e685D4A43181e6061,ENA.png
Movement,MOVE,ETH,0x3073f7aAA4DB83f95e9FFf17424F71D4751a3073,MOVE.png
Golem,GLM,ETH,0x7DD9c5Cba05E151C895FDe1CF355C9A1D5DA6429,GLM.png
Gnosis,GNO,ETH,0x6810e776880c02933d47db1b9fc05908e5386b96,GNO.png
Basic Attention Token,BAT,ETH,0x0d8775f648430679a709e98d2b0cb6250d2887ef,BAT.png
0x Protocol,ZRX,ETH,0xe41d2489571d322189246dafa5ebde1f4699f498,ZRX.png
SwftCoin,SWFTC,ETH,0x0bb217E40F8a5Cb79Adf04E1aAb60E5abd0dfC1e,SWFTC.png
OriginTrail,TRAC,ETH,0xaa7a9ca87d3694b5755f213b5d04094b8d0f0a6f,TRAC.png
TrueUSD,TUSD,ETH,0x0000000000085d4780B73119b644AE5ecd22b376,TUSD.png
Synthetix,SNX,ETH,0xc011a73ee8576fb46f5e1c5751ca3b9fe0af2a6f,SNX.png
Holo,HOT,ETH,0x6c6ee5e31d828de241282b9606c8e98ea48526e2,HOT.png
XYO,XYO,ETH,0x55296f69f40ea6d20e478533c15a6b08b654e758,XYO.png
Livepeer,LPT,ETH,0x58b6a8a3302369daec383334672404ee733ab239,LPT.png
Ankr,ANKR,ETH,0x8290333cef9e6d528dd5618fb97a76f268f3edd4,ANKR.png
Reserve Rights,RSR,ETH,0x320623b8e4ff03373931769a31fc52a4e78b5d70,RSR.png
MX Token,MX,ETH,0x11eef04c884e24d9b7b4760e7476d06ddf797f36,MX.png
Chiliz,CHZ,ETH,0x3506424f91fd33084466f402d5d97f05f8e3b4af,CHZ.png
Kava,KAVA,ETH,0x0C356B7fD36a5357E5A017EF11887ba100C9AB76,KAVA.png
Compound,COMP,ETH,0xc00e94cb662c3520282e6f5717214004a7f26888,COMP.png
SushiSwap,SUSHI,ETH,0x6b3595068778dd592e39a122f4f5a5cf09c90fe2,SUSHI.png
Amp,AMP,ETH,0xff20817765cb7f73d4bde2e66e067e58d11095c2,AMP.png
Alchemy Pay,ACH,ETH,0xed04915c23f00a313a544955524eb7dbd823143d,ACH.png
PancakeSwap,CAKE,ETH,0x152649eA73beAb28c5b49B26eb48f7EAD6d4c898,CAKE.png
Oasis,ROSE,ETH,0x26B80FBfC01b71495f477d5237071242e0d959d7,ROSE.png
1inch Network,1INCH,ETH,0x111111111117dc0aa78b770fa6a738034120c302,1INCH.png
SafePal,SFP,ETH,0x12e2b8033420270db2f3b328e32370cb5b2ca134,SFP.png
SuperVerse,SUPER,ETH,0xe53ec727dbdeb9e2d5456c3be40cff031ab40a55,SUPER.png
Mask Network,MASK,ETH,0x69af81e73a73b40adf4f3d4223cd9b1ece623074,MASK.png
Pendle,PENDLE,ETH,0x808507121b80c02388fad14726482e061b8da827,PENDLE.png
APENFT,NFT,ETH,0x198d14f2ad9ce69e76ea330b374de4957c3f850a,NFT.png
Baby Doge Coin,BabyDoge,ETH,0xac57de9c1a09fec648e93eb98875b212db0d460b,BabyDoge.png
Axelar,AXL,ETH,0x467719aD09025FcC6cF6F8311755809d45a5E5f3,AXL.png
ApeCoin,APE,ETH,0x4d224452801aced8b2f0aebe155379bb5d594381,APE.png
Fellaz,FLZ,ETH,0x8e964e35a76103af4c7d7318e1b1a82c682ae296,FLZ.png
Safe,SAFE,ETH,0x5afe3855358e112b5647b952709e6165e1c1eeee,SAFE.png
SPACE ID,ID,ETH,0x2dfF88A56767223A5529eA5960Da7A3F5f766406,ID.png
Blur,BLUR,ETH,0x5283d291dbcf85356a21ba090e6db59121208b44,BLUR.png
Echelon Prime,PRIME,ETH,0xb23d80f5fefcddaa212212f028021b41ded428cf,PRIME.png
Turbo,TURBO,ETH,0xa35923162c49cf95e6bf26623385eb431ad920d3,TURBO.png
LayerZero,ZRO,ETH,0x6985884C4392D348587B19cb9eAAf157F13271cd,ZRO.png
Mog Coin,MOG,ETH,0xaaeE1A9723aaDB7afA2810263653A34bA2C21C7a,MOG.png
Zeebu,ZBU,ETH,0xe77f6aCD24185e149e329C1C0F479201b9Ec2f4B,ZBU.png
PayPal USD,PYUSD,ETH,0x6c3ea9036406852006290770bedfcaba0e23a0e8,PYUSD.png
Beam,BEAM,ETH,0x62D0A8458eD7719FDAF978fe5929C6D342B0bFcE,BEAM.png
Wormhole,W,ETH,0xB0fFa8000886e57F86dd5264b9582b2Ad87b2b91,W.png
Polyhedra Network,ZKJ,ETH,0xC71B5F631354BE6853eFe9C3Ab6b9590F8302e81,ZKJ.png
ether.fi,ETHFI,ETH,0xFe0c30065B384F05761f15d0CC899D4F9F9Cc0eB,ETHFI.png
Aethir,ATH,ETH,0xbe0ed4138121ecfc5c0e56b40517da27e6c5226b,ATH.png
EigenLayer,EIGEN,ETH,0xec53bF9167f50cDEB3Ae105f56099aaaB9061F83,EIGEN.png
Moca Network,MOCA,ETH,0xf944e35f95e819e752f3ccb5faf40957d311e8c5,MOCA.png
Usual USD,USD0,ETH,0x73a15fed60bf67631dc6cd7bc5b6e8da8190acf5,USD0.png
Morpho,MORPHO,ETH,0x58D97B57BB95320F9a05dC918Aef65434969c2B2,MORPHO.png
Storj,STORJ,ETH,0xb64ef51c888972c908cfacf59b47c1afbc0ab8ac,STORJ.png
Loopring,LRC,ETH,0xbbbbca6a901c926f240b89eacb641d8aec7aeafd,LRC.png
BLOCKv,VEE,ETH,0x340d2bde5eb28c1eed91b2f790723e3b160613b7,VEE.png
Telcoin,TEL,ETH,0x467bccd9d29f223bce8043b84e8c8b282827790f,TEL.png
Polymath,POLY,ETH,0x9992ec3cf6a55b00978cddf2b27bc6882d88d1ec,POLY.png
SwissBorg,BORG,ETH,0x64d0f55cd8c7133a9d7102b13987235f486f2224,BORG.png
Rocket Pool,RPL,ETH,0xd33526068d116ce69f19a9ee46f0bd304f21a51f,RPL.png
STASIS EURO,EURS,ETH,0xdb25f211ab05b1c97d595516f45794528a807ad8,EURS.png
STP,STPT,ETH,0xde7d85157d9714eadf595045cc12ca4a5f3e2adb,STPT.png
Band Protocol,BAND,ETH,0xba11d00c5f74255f56a5e366f4f77f5a186d7f55,BAND.png
LCX,LCX,ETH,0x037a54aab062628c9bbae1fdb1583c195585fe41,LCX.png
UMA,UMA,ETH,0x04Fa0d235C4abf4BcF4787aF4CF447DE572eF828,UMA.png
SKALE,SKL,ETH,0x00c83aecc790e8a4453e5dd3b0b4b3680501a7a7,SKL.png
yearn.finance,YFI,ETH,0x0bc529c00c6401aef6d220be8c6ea1667f6ad93e,YFI.png
Frax,FRAX,ETH,0x853d955acef822db058eb8505911ed77f175b99e,FRAX.png
Frax Share,FXS,ETH,0x3432b6a60d23ca0dfca7761b7ab56459d9c964d0,FXS.png
Audius,AUDIO,ETH,0x18aaa7115705e8be94bffebde57af9bfc265b998,AUDIO.png
WOO,WOO,ETH,0x4691937a7508860f876c9c0a2a617e7d9e945d4b,WOO.png
Chintai,CHEX,ETH,0x9Ce84F6A69986a83d92C324df10bC8E64771030f,CHEX.png
Tribe,TRIBE,ETH,0xc7283b66Eb1EB5FB86327f08e1B5816b0720212B,TRIBE.png
ZIGChain,ZIG,ETH,0xb2617246d0c6c0087f18703d576831899ca94f01,ZIG.png
Biconomy,BICO,ETH,0xf17e65822b568b3903685a7c9f496cf7656cc6c2,BICO.png
Metis,METIS,ETH,0x9E32b13ce7f2E80A01932B42553652E053D6ed8e,METIS.png
Convex Finance,CVX,ETH,0x4e3fbd56cd56c3e72c1403e103b45db9da5b9d2b,CVX.png
GoМining,GOMINING,ETH,0x7Ddc52c4De30e94Be3A6A0A2b259b2850f421989,GOMINING.png
dYdX (ethDYDX),ETHDYDX,ETH,0x92d6c1e31e14520e676a687f0a93788b716beff5,ETHDYDX.png
Spell Token,SPELL,ETH,0x090185f2135308bad17527004364ebcc2d37e5f6,SPELL.png
Clearpool,CPOOL,ETH,0x66761fa41377003622aee3c7675fc7b5c1c2fac5,CPOOL.png
ssv.network,SSV,ETH,0x9D65fF81a3c488d585bBfb0Bfe3c7707c7917f54,SSV.png
Rollbit Coin,RLB,ETH,0x046eee2cc3188071c02bfc1745a6b17c656e3f3d,RLB.png
Orbler,ORBR,ETH,0xdA30f261a962d5AAe94C9ecd170544600d193766,ORBR.png
Threshold,T,ETH,0xCdF7028ceAB81fA0C6971208e83fa7872994beE5,T.png
GMT,GMT,ETH,0xe3c408bd53c31c085a1746af401a4042954ff740,GMT.png
CoW Protocol,COW,ETH,0xDEf1CA1fb7FBcDC777520aa7f396b4E015F497aB,COW.png
ZetaChain,ZETA,ETH,0xf091867ec603a6628ed83d274e835539d82e9cc8,ZETA.png
Across Protocol,ACX,ETH,0x44108f0223A3C3028F5Fe7AEC7f9bb2E66beF82F,ACX.png
Bazaars,BZR,ETH,0x8d96B4ab6C741a4C8679AE323a100d74f085BA8F,BZR.png
PAAL AI,PAAL,ETH,0x14fee680690900ba0cccfc76ad70fd1b95d10e16,PAAL.png
Arkham,ARKM,ETH,0x6e2a43be0b1d33b726f0ca3b8de60b3482b8b050,ARKM.png
Memecoin,MEME,ETH,0xb131f4a55907b10d1f0a50d8ab8fa09ec342cd74,MEME.png
UPCX,UPC,ETH,0x487d62468282Bd04ddf976631C23128A425555EE,UPC.png
Ondo US Dollar Yield,USDY,ETH,0x96f6ef951840721adbf46ac996b59e0235cb985c,USDY.png
Aevo,AEVO,ETH,0xB528edBef013aff855ac3c50b381f253aF13b997,AEVO.png
Destra Network,DSYNC,ETH,0xf94e7d0710709388bce3161c32b4eea56d3f91cc,DSYNC.png
Elixir deUSD,DEUSD,ETH,0x15700b564ca08d9439c58ca5053166e8317aa138,DEUSD.png
Avail,AVAIL,ETH,0xEeB4d8400AEefafC1B2953e0094134A887C76Bd8,AVAIL.png
Neiro (First Neiro On Ethereum),NEIRO,ETH,0x812ba41e071c7b7fa4ebcfb62df5f45f6fa853ee,NEIRO.png
Usual,USUAL,ETH,0xC4441c2BE5d8fA8126822B9929CA0b81Ea0DE38E,USUAL.png
Vana,VANA,ETH,0x7ff7fa94b8b66ef313f7970d4eebd2cb3103a2c0,VANA.png
Bio Protocol,BIO,ETH,0xcb1592591996765ec0efc1f92599a19767ee5ffa,BIO.png
iExec RLC,RLC,ETH,0x607f4c5bb672230e8672085532f7e901544a7375,RLC.png
Aragon,ANT,ETH,0xa117000000f279d81a1d3cc75430faa017fa5a2e,ANT.png
Status,SNT,ETH,0x744d70fdbe2ba4cf95131626614a1763df805b9e,SNT.png
Civic,CVC,ETH,0x41e5560054824ea6b0732e656e3ad64e20e94e45,CVC.png
Propy,PRO,ETH,0x226bb599a12c826476e3a771454697ea52e9e220,PRO.png
Powerledger,POWR,ETH,0x595832f8fc6bf59c85c527fec3740a1b7a361269,POWR.png
Arcblock,ABT,ETH,0xb98d4c97425d9908e66e53a6fdf673acca0be986,ABT.png
IQ,IQ,ETH,0x579cea1889991f68acc35ff5c3dd0621ff29b0c9,IQ.png
BitMart Token,BMX,ETH,0x986EE2B944c42D017F52Af21c4c69B84DBeA35d8,BMX.png
MVL,MVL,ETH,0xa849eaae994fb86afa73382e9bd88c2b6b18dc71,MVL.png
Celer Network,CELR,ETH,0x4f9254c83eb525f9fcf346490bbb3ed28a81c667,CELR.png
Orbs,ORBS,ETH,0xff56cc6b1e6ded347aa0b7676c85ab0b3d08b0fa,ORBS.png
Chromia,CHR,ETH,0x8a2279d4a90b6fe1c4b30fa660cc9f926797baa2,CHR.png
Prom,PROM,ETH,0xfc82bb4ba86045af6f327323a46e80412b91b27d,PROM.png
Tellor,TRB,ETH,0x88dF592F8eb5D7Bd38bFeF7dEb0fBc02cf3778a0,TRB.png
Orchid,OXT,ETH,0x4575f41308EC1483f3d399aa9a2826d74Da13Deb,OXT.png
Cartesi,CTSI,ETH,0x491604c0fdf08347dd1fa4ee062a822a5dd06b5d,CTSI.png
Keep Network,KEEP,ETH,0x85eee30c52b0b379b046fb0f85f4f3dc3009afec,KEEP.png
Balancer,BAL,ETH,0xba100000625a3754423978a60c9317c58a424e3D,BAL.png
Smooth Love Potion,SLP,ETH,0xCC8Fa225D80b9c7D42F96e9570156c65D6cAAa25,SLP.png
dKargo,DKA,ETH,0x5dc60C4D5e75D22588FA17fFEB90A63E535efCE0,DKA.png
Venus,XVS,ETH,0xd3CC9d8f3689B83c91b7B59cAB4946B063EB894A,XVS.png
Liquity,LQTY,ETH,0x6DEA81C8171D0bA574754EF6F8b412F2Ed88c54D,LQTY.png
Marlin,POND,ETH,0x57b946008913b82e4df85f501cbaed910e58d26c,POND.png
Tokenlon Network Token,LON,ETH,0x0000000000095413afc295d19edeb1ad7b71c952,LON.png
CUDOS,CUDOS,ETH,0x817bbDbC3e8A1204f3691d14bB44992841e3dB35,CUDOS.png
Illuvium,ILV,ETH,0x767fe9edc9e0df98e07454847909b5e959d7ca0e,ILV.png
Pundi X (New),PUNDIX,ETH,0x0fd10b9899882a6f2fcb5c371e17e70fdee00c38,PUNDIX.png
Dogelon Mars,ELON,ETH,0x761d38e5ddf6ccf6cf7c55759d5210750b5d60f3,ELON.png
Wilder World,WILD,ETH,0x2a3bff78b79a009976eea096a51a948a3dc00e34,WILD.png
Yield Guild Games,YGG,ETH,0x25f8087ead173b73d6e8b84329989a8eea16cf73,YGG.png
Adventure Gold,AGLD,ETH,0x32353a6c91143bfd6c7d363b546e62a9a2489a20,AGLD.png
World Mobile Token,WMTX,ETH,0xDBB5Cf12408a3Ac17d668037Ce289f9eA75439D7,WMTX.png
VVS Finance,VVS,ETH,0x839e71613f9aA06E5701CF6de63E303616B0DDE3,VVS.png
ConstitutionDAO,PEOPLE,ETH,0x7a58c0be72be218b41c608b7fe7c5bb630736c71,PEOPLE.png
Humans.ai,HEART,ETH,0x8FAc8031e079F409135766C7d5De29cf22EF897C,HEART.png
EURC,EURC,ETH,0x1abaea1f7c830bd89acc67ec4af516284b1bc33c,EURC.png
Mythos,MYTH,ETH,0xba41ddf06b7ffd89d1267b5a93bfef2424eb2003,MYTH.png
ArchLoot,AL,ETH,0x046BAd07658f3B6cAd9A396CFcbC1243AF452ec1,AL.png
ChainGPT,CGPT,ETH,0x25931894a86d47441213199621f1f2994e1c39aa,CGPT.png
Delysium,AGI,ETH,0x7dA2641000Cbb407C329310C461b2cB9c70C3046,AGI.png
Open Campus,EDU,ETH,0xf8173a39c56a554837c4c7f104153a005d284d11,EDU.png
PepeCoin,PEPECOIN,ETH,0xA9E8aCf069C58aEc8825542845Fd754e41a9489A,PEPECOIN.png
APF coin,APFC,ETH,0x8eD955a2b7d2C3a17a9d05dACa95E01818f8C11e,APFC.png
Non-Playable Coin,NPC,ETH,0x8ed97a637a790be1feff5e888d43629dc05408f6,NPC.png
Big Time,BIGTIME,ETH,0x64Bc2cA1Be492bE7185FAA2c8835d9b824c8a194,BIGTIME.png
Altlayer,ALT,ETH,0x8457CA5040ad67fdebbCC8EdCE889A335Bc0fbFB,ALT.png
Zentry,ZENT,ETH,0xdBB7a34Bf10169d6d2D0d02A6cbb436cF4381BFa,ZENT.png
Maple Finance,SYRUP,ETH,0x643C4E15d7d62Ad0aBeC4a9BD4b001aA3Ef52d66,SYRUP.png
WhiteRock,WHITE,ETH,0x9cdf242Ef7975D8c68D5C1F5B6905801699b1940,WHITE.png
Numeraire,NMR,ETH,0x1776e1F26f98b1A5dF9cD347953a26dd3Cb46671,NMR.png
Dent,DENT,ETH,0x3597bfd533a99c9aa083587b074434e61eb0a258,DENT.png
Request,REQ,ETH,0x8f8221afbb33998d8584a2b05749ba73c37a938a,REQ.png
QuarkChain,QKC,ETH,0xea26c4ac16d4a5a106820bc8aee85fd0b7b2b664,QKC.png
Pax Dollar,USDP,ETH,0x8e870d67f660d95d5be530380d0ec0bd388289e1,USDP.png
Stronghold SHx,SHX,ETH,0xee7527841a932d2912224e20a405e1a1ff747084,SHX.png
dForce,DF,ETH,0x431ad2ff6a9c365805ebad47ee021148d6f7dbe0,DF.png
Tokamak Network,TOKAMAK,ETH,0x2be5e8c109e2197D077D13A82dAead6a9b3433C5,TOKAMAK.png
Bella Protocol,BEL,ETH,0xa91ac63d040deb1b7a5e4d4134ad23eb0ba07e14,BEL.png
API3,API3,ETH,0x0b38210ea11411557c13457D4dA7dC6ea731B88a,API3.png
Badger DAO,BADGER,ETH,0x3472a5a71965499acd81997a54bba8d852c6e53d,BADGER.png
Vanar Chain,VANRY,ETH,0x8DE5B80a0C1B02Fe4976851D030B36122dbb8624,VANRY.png
Cobak Token,CBK,ETH,0xD85a6Ae55a7f33B0ee113C234d2EE308EdeAF7fD,CBK.png
Seedify.fund,SFUND,ETH,0x560363BdA52BC6A44CA6C8c9B4a5FadbDa32fa60,SFUND.png
Vulcan Forged (PYR),PYR,ETH,0x430ef9263e76dae63c84292c3409d61c598e9682,PYR.png
Kyber Network Crystal v2,KNC,ETH,0xdeFA4e8a7bcBA345F687a2f1456F5Edd9CE97202,KNC.png
Coin98,C98,ETH,0xae12c5930881c53715b369cec7606b70d8eb229f,C98.png
Highstreet,HIGH,ETH,0x71Ab77b7dbB4fa7e017BC15090b2163221420282,HIGH.png
Braintrust,BTRST,ETH,0x799ebfabe77a6e34311eeee9825190b9ece32824,BTRST.png
Bone ShibaSwap,BONE,ETH,0x9813037ee2218799597d83D4a5B6F3b6778218d9,BONE.png
Synapse,SYN,ETH,0x0f2D719407FdBeFF09D87557AbB7232601FD9F29,SYN.png
Treasure,MAGIC,ETH,0xb0c7a3ba49c7a6eaba6cd4a96c55a1391070ac9a,MAGIC.png
Aurora,AURORA,ETH,0xaaaaaa20d9e0e2461697782ef11675f668207961,AURORA.png
Artificial Liquid Intelligence,ALI,ETH,0x6b0b3a982b4634ac68dd83a4dbf02311ce324181,ALI.png
ECOMI,OMI,ETH,0xeD35af169aF46a02eE13b9d79Eb57d6D68C1749e,OMI.png
ApeX Protocol,APEX,ETH,0x52A8845DF664D76C69d2EEa607CD793565aF42B8,APEX.png
0x0.ai,0x0,ETH,0x5a3e6a77ba2f983ec0d371ea3b475f8bc0811ad5,0x0.png
Fuel Network,FUEL,ETH,0x675B68AA4d9c2d3BB3F0397048e62E6B7192079c,FUEL.png
SmarDex,SDEX,ETH,0x5de8ab7e27f6e7a1fff3e5b337584aa43961beef,SDEX.png
HarryPotterObamaSonic10Inu (ERC-20),BITCOIN,ETH,0x72e4f9f808c49a2a61de9c5896298920dc4eeea9,BITCOIN.png
Banana Gun,BANANA,ETH,0x38e68a37e401f7271568cecaac63c6b1e19130b4,BANANA.png
AI Analysis Token,AIAT,ETH,0x0501b9188436E35bB10F35998c40ADC079003866,AIAT.png
Pixels,PIXEL,ETH,0x3429d03c6F7521AeC737a0BBF2E5ddcef2C3Ae31,PIXEL.png
NetMind Token,NMT,ETH,0x03AA6298F1370642642415EDC0db8b957783e8D6,NMT.png
Devve,DEVVE,ETH,0x8248270620aa532e4d64316017be5e873e37cc09,DEVVE.png
ANDY (ETH),ANDY,ETH,0x68bbed6a47194eff1cf514b50ea91895597fc91e,ANDY.png
Apu Apustaja,APU,ETH,0x594DaaD7D77592a2b97b725A7AD59D7E188b5bFa,APU.png
Omni Network,OMNI,ETH,0x36e66fbbce51e4cd5bd3c62b637eb411b18949d4,OMNI.png
GameBuild,GAME,ETH,0x825459139C897D769339f295E962396C4F9E4A4D,GAME.png
GameStop (gamestop-coin.vip),GME,ETH,0xc56C7A0eAA804f854B536A5F3D5f49D2EC4B12b8,GME.png
Bitget Wallet Token,BWB,ETH,0xac6DB8954b73EbF10e84278AC8b9B22a781615D9,BWB.png
Lift Dollar,USDL,ETH,0xbdC7c08592Ee4aa51D06C27Ee23D5087D65aDbcD,USDL.png
Department Of Government Efficiency (dogegov.com),DOGE,ETH,0x1121AcC14c63f3C872BFcA497d10926A6098AAc5,DOGE.png
CARV,CARV,ETH,0xc08Cd26474722cE93F4D0c34D16201461c10AA8C,CARV.png
Lumia,LUMIA,ETH,0xd9343a049d5dbd89cd19dc6bca8c48fb3a0a42a7,LUMIA.png
Global Dollar,USDG,ETH,0xe343167631d89B6Ffc58B88d6b7fB0228795491D,USDG.png
PinLink,PIN,ETH,0x2e44f3f609ff5aa4819b323fd74690f07c3607c4,PIN.png
Morphware,XMW,ETH,0x391cF4b21F557c935C7f670218Ef42C21bd8d686,XMW.png
Pepe Unchained,PEPU,ETH,0xadd39272E83895E7d3f244f696B7a25635F34234,PEPU.png
Ethena Labs (USDTb),USDTb,ETH,0xC139190F447e929f090Edeb554D95AbB8b18aC1C,USDTb.png
Bancor,BNT,ETH,0x1f573d6fb3f13d689ff844b4ce37794d79a7ff1c,BNT.png
StormX,STMX,ETH,0xa62cc35625b0c8dc1faea39d33625bb4c15bd71c,STMX.png
Loom Network,LOOM,ETH,0x42476F744292107e34519F9c357927074Ea3F75D,LOOM.png
PolySwarm,NCT,ETH,0x9e46a38f5daabe8683e10793b06749eef7d733d1,NCT.png
Gemini Dollar,GUSD,ETH,0x056Fd409E1d7A124BD7017459dFEa2F387b6d5Cd,GUSD.png
Hippocrat,HPO,ETH,0xfE39C384D702914127a005523f9915ADDB9bd59b,HPO.png
Pundi AI,FX,ETH,0x8c15ef5b4b21951d50e53e4fbda8298ffad25057,FX.png
ARPA,ARPA,ETH,0xba50933c268f567bdc86e1ac131be072c6b0b71a,ARPA.png
Dusk,DUSK,ETH,0x940a2db1b7008b6c776d4faaca729d6d4a4aa551,DUSK.png
Realio Network,RIO,ETH,0x94a8b4EE5CD64C79D0Ee816f467EA73009f51aA0,RIO.png
BUSD,BUSD,ETH,0x4Fabb145d64652a948d72533023f6E7A623C7C53,BUSD.png
inSure DeFi,SURE,ETH,0xcb86c6a22cb56b6cf40cafedb06ba0df188a416e,SURE.png
Origin Protocol,OGN,ETH,0x8207c1ffc5b6804f6024322ccf34f29c3541ae26,OGN.png
PARSIQ,PRQ,ETH,0x362bc847A3a9637d3af6624EeC853618a43ed7D2,PRQ.png
Assemble AI,ASM,ETH,0x2565ae0385659badcada1031db704442e1b69982,ASM.png
DIA,DIA,ETH,0x84ca8bc7997272c7cfb4d0cd3d55cd942b3c9419,DIA.png
DeFi Pulse Index,DPI,ETH,0x1494ca1f11d487c2bbe4543e90080aeba4ba3c2b,DPI.png
DODO,DODO,ETH,0x43dfc4159d86f3a37a5a4b3d4580b888ad7d4ddd,DODO.png
Oraichain,ORAI,ETH,0x4c11249814f11b9346808179cf06e71ac328c1b5,ORAI.png
TrueFi,TRU,ETH,0x4c19596f5aaff459fa38b0f7ed92f11ae6543784,TRU.png
Tornado Cash,TORN,ETH,0x77777feddddffc19ff86db637967013e6c6a116c,TORN.png
CLV,CLV,ETH,0x80C62FE4487E1351b47Ba49809EBD60ED085bf52,CLV.png
Bounce Token,AUCTION,ETH,0xa9b1eb5908cfc3cdf91f9b8b3a74108598009096,AUCTION.png
Strike,STRK,ETH,0x74232704659ef37c08995e386a2e26cc27a8d7b1,STRK.png
Ampleforth Governance Token,FORTH,ETH,0x77fba179c79de5b7653f68b5039af940ada60ce0,FORTH.png
Liquity USD,LUSD,ETH,0x5f98805A4E8be255a32880FDeC7F6728C6568bA0,LUSD.png
Altura,ALU,ETH,0x786a6743efe9500011c92c7d8540608a62382b6f,ALU.png
Gods Unchained,GODS,ETH,0xccc8cb5229b0ac8069c51fd58367fd1e622afd97,GODS.png
SuperRare,RARE,ETH,0xba5BDe662c17e2aDFF1075610382B9B691296350,RARE.png
DAR Open Network,D,ETH,0x33b481CbBF3c24f2B3184Ee7Cb02dAAD1C4F49A8,D.png
Euler,EUL,ETH,0xd9fcd98c322942075a5c3860693e9f4f03aae07b,EUL.png
Victoria VR,VR,ETH,0x7d5121505149065b562c789a0145ed750e6e8cdd,VR.png
Stargate Finance,STG,ETH,0xaf5191b0de278c7286d6c7cc6ab6bb8a73ba2cd6,STG.png
MESSIER,M87,ETH,0x80122c6a83c8202ea365233363d3f4837d13e888,M87.png
Sweat Economy,SWEAT,ETH,0xb4b9dc1c77bdbb135ea907fd5a08094d98883a35,SWEAT.png
Hashflow,HFT,ETH,0xb3999F658C0391d94A37f7FF328F3feC942BcADC,HFT.png
Hifi Finance,HIFI,ETH,0x4b9278b94a1112cAD404048903b8d343a810B07e,HIFI.png
Cyber,CYBER,ETH,0x14778860e937f509e651192a90589de711fb88a9,CYBER.png
Osaka Protocol,OSAK,ETH,0xa21af1050f7b26e0cff45ee51548254c41ed6b5c,OSAK.png
Autonolas,OLAS,ETH,0x0001a500a6b18995b03f44bb040a5ffc28e45cb0,OLAS.png
Anchored Coins AEUR,AEUR,ETH,0xA40640458FBc27b6EefEdeA1E9C9E17d4ceE7a21,AEUR.png
ViciCoin,VCNT,ETH,0x3bE775B699fee916E7De117994358fF8F48e4569,VCNT.png
Node AI,GPU,ETH,0x1258d60b224c0c5cd888d37bbf31aa5fcfb7e870,GPU.png
OX Coin,OX,ETH,0xba0Dda8762C24dA9487f5FA026a9B64b695A07Ea,OX.png
Portal,PORTAL,ETH,0x1bbe973bef3a977fc51cbed703e8ffdefe001fed,PORTAL.png
Zircuit,ZRC,ETH,0xfd418e42783382e86ae91e445406600ba144d162,ZRC.png
NeuralAI,NEURAL,ETH,0x32B053F2CBA79F80ada5078cb6b305da92BDe6e1,NEURAL.png
ANyONe Protocol,ANYONE,ETH,0xFeAc2Eae96899709a43E252B6B92971D32F9C0F9,ANYONE.png
Covalent X Token,CXT,ETH,0x7abc8a5768e6be61a6c693a6e4eacb5b60602c4d,CXT.png
Ripple USD,RLUSD,ETH,0x8292bb45bf1ee4d140127049757c2e0ff06317ed,RLUSD.png
Uquid Coin,UQC,ETH,0x8806926ab68eb5a7b909dcaf6fdbe5d93271d6e2,UQC.png
xMoney,UTK,ETH,0xdc9Ac3C20D1ed0B540dF9b1feDC10039Df13F99c,UTK.png
AVA (Travala),AVA,ETH,0xa6C0c097741D55ECd9a3A7DeF3A8253fD022ceB9,AVA.png
Moss Coin,MOC,ETH,0xBeE20B9Df360B8442534Ed8059f3e5bAEeB74EaF,MOC.png
ZEON,ZEON,ETH,0xe5b826ca2ca02f09c1725e9bd98d9a8874c30532,ZEON.png
Locus Chain,LOCUS,ETH,0xc64500dd7b0f1794807e67802f8abbf5f8ffb054,LOCUS.png
FirmaChain,FCT,ETH,0xe1bad922f84b198a08292fb600319300ae32471b,FCT.png
Hunt Town,HUNT,ETH,0x9aab071b4129b083b01cb5a0cb513ce7eca26fa5,HUNT.png
DEAPcoin,DEP,ETH,0x1a3496c18d558bd9c6c8f609e1b129f67ab08163,DEP.png
RARI,RARI,ETH,0xfca59cd816ab1ead66534d82bc21e7515ce441cf,RARI.png
Sperax,SPA,ETH,0xB4A3B0Faf0Ab53df58001804DdA5Bfc6a3D59008,SPA.png
Litentry,LIT,ETH,0xb59490ab09a0f526cc7305822ac65f2ab12f9723,LIT.png
Dego Finance,DEGO,ETH,0x3da932456d082cba208feb0b096d49b202bf89c8,DEGO.png
Stella,ALPHA,ETH,0xa1faa113cbe53436df28ff0aee54275c13b40975,ALPHA.png
Alpha Quark Token,AQT,ETH,0x2a9bDCFF37aB68B95A53435ADFd8892e86084F93,AQT.png
Bifrost,BFC,ETH,0x0c7D5ae016f806603CB1782bEa29AC69471CAb9c,BFC.png
Whiteheart,WHITE,ETH,0x5f0e628b693018f639d10e4a4f59bd4d8b2b6b44,WHITE.png
DAO Maker,DAO,ETH,0x0f51bb10119727a7e5ea3538074fb341f56b09ad,DAO.png
MyNeighborAlice,ALICE,ETH,0xAC51066d7bEC65Dc4589368da368b212745d63E8,ALICE.png
Alien Worlds,TLM,ETH,0x888888848B652B3E3a0f34c96E00EEC0F3a23F72,TLM.png
Unizen,ZCX,ETH,0xc52c326331e9ce41f04484d3b5e5648158028804,ZCX.png
Maple,MPL,ETH,0x33349b282065b0284d756f0577fb39c158f935e6,MPL.png
Gitcoin,GTC,ETH,0xde30da39c46104798bb5aa3fe8b9e0e1f348163f,GTC.png
Automata Network,ATA,ETH,0xa2120b9e674d3fc3875f415a7df52e382f141225,ATA.png
Tether EURt,EURt,ETH,0xc581b735a1688071a1746c968e0798d642ede491,EURt.png
Alkimi,ADS,ETH,0x3106a0a076BeDAE847652F42ef07FD58589E001f,ADS.png
Bitgert,BRISE,ETH,0xF2B2f7b47715256Ce4eA43363a867fdce9353e3A,BRISE.png
RACA,RACA,ETH,0x12BB890508c125661E03b09EC06E404bc9289040,RACA.png
Gearbox Protocol,GEAR,ETH,0xba3335588d9403515223f109edc4eb7269a9ab5d,GEAR.png
NYM,NYM,ETH,0x525A8F6F3Ba4752868cde25164382BfbaE3990e1,NYM.png
RSS3,RSS3,ETH,0xc98d64da73a6616c42117b582e832812e7b8d57f,RSS3.png
Maverick Protocol,MAV,ETH,0x7448c7456a97769F6cD04F1E83A4a23cCdC46aBD,MAV.png
Ancient8,A8,ETH,0x3E5A19c91266aD8cE2477B91585d1856B84062dF,A8.png
LeverFi,LEVER,ETH,0x4B5f49487ea7B3609b1aD05459BE420548789f1f,LEVER.png
Radiant Capital,RDNT,ETH,0x137dDB47Ee24EaA998a535Ab00378d6BFa84F893,RDNT.png
Myria,MYRIA,ETH,0xa0ef786bf476fe0810408caba05e536ac800ff86,MYRIA.png
Houdini Swap,LOCK,ETH,0x922D8563631B03C2c4cf817f4d18f6883AbA0109,LOCK.png
LimeWire,LMWR,ETH,0x628a3b2e302c7e896acc432d2d0dd22b6cb9bc88,LMWR.png
ResearchCoin,RSC,ETH,0xd101dcc414f310268c37eeb4cd376ccfa507f571,RSC.png
PaLM AI,PALM,ETH,0xf1df7305E4BAB3885caB5B1e4dFC338452a67891,PALM.png
Shuffle,SHFL,ETH,0x8881562783028F5c1BCB985d2283D5E170D88888,SHFL.png
HashAI,HASHAI,ETH,0x292fcdd1b104de5a00250febba9bc6a5092a0076,HASHAI.png
BasedAI,BASEDAI,ETH,0x44971ABF0251958492FeE97dA3e5C5adA88B9185,BASEDAI.png
Merlin Chain,MERL,ETH,0x0f3a12b78fee11ee088e454a0547bdbc5a253a6d,MERL.png
Landwolf 0x67,WOLF,ETH,0x67466be17df832165f8c80a5a120ccc652bd7e69,WOLF.png
Puffer,PUFFER,ETH,0x4d1C297d39C5c1277964D0E3f8Aa901493664530,PUFFER.png
EUR CoinVertible,EURCV,ETH,0x5F7827FDeb7c20b443265Fc2F40845B715385Ff2,EURCV.png
Orderly Network,ORDER,ETH,0xABD4C63d2616A5201454168269031355f4764337,ORDER.png
Spectral,SPEC,ETH,0xadf7c35560035944e805d98ff17d58cde2449389,SPEC.png
SynFutures,F,ETH,0x6e15A54B5EcAc17e58daDedDbe8506a7560252F9,F.png
Enzyme,MLN,ETH,0xec67005c4e498ec7f55e092bd1d35cbc47c91892,MLN.png
FUNToken,FUN,ETH,0x419d0d8bdd9af5e606ae2232ed285aff190e711b,FUN.png
OMG Network,OMG,ETH,0xd26114cd6ee289accf82350c8d8487fedb8a0c07,OMG.png
district0x,DNT,ETH,0x0abdace70d3790235af448c88547603b945604ea,DNT.png
Streamr,DATA,ETH,0x8f693ca8d21b157107184d29d398a8d082b38b76,DATA.png
Measurable Data Token,MDT,ETH,0x814e0908b12a99fecf5bc101bb5d0b8b5cdf7d26,MDT.png
ASD,ASD,ETH,0xff742d05420b6aca4481f635ad8341f81a6300c2,ASD.png
IDEX,IDEX,ETH,0xb705268213d593b8fd88d3fdeff93aff5cbdcfae,IDEX.png
Ampleforth,AMPL,ETH,0xd46ba6d942050d489dbd938a2c909a5d5039a161,AMPL.png
Wirex Token,WXT,ETH,0xa02120696c7B8fE16C09C749E4598819b2B0E915,WXT.png
Ultra,UOS,ETH,0xd13c7342e1ef687c5ad21b27c2b65d772cab5c8c,UOS.png
ELYSIA,EL,ETH,0x2781246fe707bb15cee3e5ea354e2154a2877b16,EL.png
DEXTools,DEXT,ETH,0xfb7b4564402e5500db5bb6d63ae671302777c75a,DEXT.png
StaFi,FIS,ETH,0xef3a930e1ffffacd2fc13434ac81bd278b0ecc8d,FIS.png
GamerCoin,GHX,ETH,0x728f30fa2f100742c7949d1961804fa8e0b1387d,GHX.png
Reserve Dollar,RSV,ETH,0x196f4727526eA7FB1e17b2071B3d8eAA38486988,RSV.png
Perpetual Protocol,PERP,ETH,0xbc396689893d065f41bc2c6ecbee5e0085233447,PERP.png
Aavegotchi,GHST,ETH,0x3F382DbD960E3a9bbCeaE22651E88158d2791550,GHST.png
Polkastarter,POLS,ETH,0x83e6f1e41cdd28eaceb20cb649155049fac3d5aa,POLS.png
Gelato,GEL,ETH,0x15b7c0c907e4C6b9AdaAaabC300C08991D6CEA05,GEL.png
XSGD,XSGD,ETH,0x70e8de73ce538da2beed35d14187f6959a8eca96,XSGD.png
Alchemix,ALCX,ETH,0xdbdb4d16eda451d0503b854cf79d55697f90c8df,ALCX.png
Ethernity Chain,ERN,ETH,0xbbc2ae13b23d715c30720f079fcd9b4a74093505,ERN.png
Star Atlas,ATLAS,ETH,0xb9F747162AB1E95d07361f9048BcDF6eDdA9eEA7,ATLAS.png
Beta Finance,BETA,ETH,0xbe1a001fe942f96eea22ba08783140b9dcc09d28,BETA.png
Pocket Network,POKT,ETH,0x764A726d9ceD0433A8D7643335919dEb03a9a935,POKT.png
Stader,SD,ETH,0x30D20208d987713f46DFD34EF128Bb16C404D10f,SD.png
zkLink,ZKL,ETH,0xfc385a1df85660a7e041423db512f779070fcede,ZKL.png
Goldfinch,GFI,ETH,0xdab396ccf3d84cf2d07c4454e10c8a6f5b008d2b,GFI.png
Vertex Protocol,VRTX,ETH,0xbbEE07B3e8121227AfCFe1E2B82772246226128e,VRTX.png
DIMO,DIMO,ETH,0x5fab9761d60419c9eeebe3915a8fa1ed7e8d2e1b,DIMO.png
Electronic USD,eUSD,ETH,0xA0d69E286B938e21CBf7E51D71F6A4c8918f482F,eUSD.png
Wojak,WOJAK,ETH,0x5026F006B85729a8b14553FAE6af249aD16c9aaB,WOJAK.png
Swell Network,SWELL,ETH,0x0a6E7Ba5042B38349e437ec6Db6214AEC7B35676,SWELL.png
Milady Meme Coin,LADYS,ETH,0x12970e6868f88f6557b76120662c1b3e50a646bf,LADYS.png
Amaterasu Omikami,OMIKAMI,ETH,0x9e18d5bab2fa94a6a95f509ecb38f8f68322abd3,OMIKAMI.png
TokenFi,TOKEN,ETH,0x4507cEf57C46789eF8d1a19EA45f4216bae2B528,TOKEN.png
Entangle,NGL,ETH,0x12652c6d93fdb6f4f37d48a8687783c782bb0d10,NGL.png
ChainSwap,CSWAP,ETH,0xae41b275aaaf484b541a5881a2dded9515184cca,CSWAP.png
KARRAT,KARRAT,ETH,0xAcd2c239012D17BEB128B0944D49015104113650,KARRAT.png
Renzo,REZ,ETH,0x3b50805453023a91a8bf641e279401a0b23fa6f9,REZ.png
Eurite,EURI,ETH,0x9d1a7a3191102e9f900faa10540837ba84dcbae7,EURI.png
MOO DENG (moodeng.vip),MOODENG,ETH,0x28561b8a2360f463011c16b6cc0b0cbef8dbbcad,MOODENG.png
Open Loot,OL,ETH,0x1F57da732A77636D913C9a75d685B26CC85DCC3A,OL.png
Vertical AI,VERTAI,ETH,0xcDbddbdEFB0eE3eF03a89AFcd714aa4ef310D567,VERTAI.png
Seraph,SERAPH,ETH,0xd6B48CCF41a62EB3891e58D0F006B19B01d50cCa,SERAPH.png
Shiro Neko,SHIRO,ETH,0xb0AC2b5a73da0e67A8e5489Ba922B3f8d582e058,SHIRO.png
Rekt (rektcoin.com),REKT,ETH,0xdd3B11eF34cd511a2DA159034a05fcb94D806686,REKT.png
Reploy,RAI,ETH,0xc575BD129848Ce06A460A19466c30E1D0328F52C,RAI.png
tao.bot,TAOBOT,ETH,0x49fb8ad7578148E17c3eF0C344CE23A66ed372C4,TAOBOT.png
Agoras: Tau Net,AGRS,ETH,0x738865301a9b7dd80dc3666dd48cf034ec42bdda,AGRS.png
AdEx,ADX,ETH,0xade00c28244d5ce17d72e40330b1c318cd12b7c3,ADX.png
Bluzelle,BLZ,ETH,0x5732046a883704404f284ce41ffadd5b007fd668,BLZ.png
Ren,REN,ETH,0x408e41876cccdc0f92210600ef50372656052a38,REN.png
SIX,SIX,ETH,0x61c6ebf443ad613c9648762585b3cfd3ba1f3fa8,SIX.png
SHPING,SHPING,ETH,0x7c84e62859d0715eb77d1b1c4154ecd6abb21bec,SHPING.png
Verasity,VRA,ETH,0xf411903cbc70a74d22900a5de66a2dda66507255,VRA.png
COMBO,COMBO,ETH,0xc03fbf20a586fa89c2a5f6f941458e1fbc40c661,COMBO.png
Isiklar Coin,ISIKC,ETH,0x4339befb55cfa65344ef6f4bb7f05fae3458670a,ISIKC.png
Hacken Token,HAI,ETH,0x05Fb86775Fd5c16290f1E838F5caaa7342bD9a63,HAI.png
MATH,MATH,ETH,0x08d967bb0134f2d07f7cfb6e246680c53927dd30,MATH.png
Aleph.im,ALEPH,ETH,0x27702a26126e0b3702af63ee09ac4d1a084ef628,ALEPH.png
Suku,SUKU,ETH,0x0763fdCCF1aE541A5961815C0872A8c5Bc6DE4d7,SUKU.png
HOPR,HOPR,ETH,0xf5581dfefd8fb0e4aec526be659cfab1f8c781da,HOPR.png
Harvest Finance,FARM,ETH,0xa0246c9032bC3A600820415aE600c6388619A14D,FARM.png
Linear Finance,LINA,ETH,0x3e9bc21c9b189c09df3ef1b824798658d5011937,LINA.png
Persistence One,XPRT,ETH,0xD454b59f16D42667Be2fA55292d16647E27f40C4,XPRT.png
RAMP,RAMP,ETH,0x33D0568941C0C64ff7e0FB4fbA0B11BD37deEd9f,RAMP.png
QuickSwap [Old],QUICK,ETH,0x6c28aef8977c9b773996d0e8376d2ee379446f2f,QUICK.png
Inverse Finance,INV,ETH,0x41d5d79431a913c4ae7d69a668ecdfe5ff9dfb68,INV.png
Boson Protocol,BOSON,ETH,0xC477D038d5420C6A9e0b031712f61c5120090de9,BOSON.png
StrikeX,STRX,ETH,0x4ed257678Fc4E76df9642a416b223729fdEDBEFd,STRX.png
Doge Killer,LEASH,ETH,0x27c70cd1946795b66be9d954418546998b546634,LEASH.png
Kishu Inu,KISHU,ETH,0xA2b4C0Af19cC16a6CfAcCe81F192B024d625817D,KISHU.png
Quidax Token,QDX,ETH,0x1780933e83b09371cf716f3630fe5a422a66a39e,QDX.png
Cryptex Finance,CTX,ETH,0x321c2fe4446c7c963dc41dd58879af648838f98d,CTX.png
Impossible Finance Launchpad,IDIA,ETH,0x0b15ddf19d47e6a86a56148fb4afffc6929bcb89,IDIA.png
SideShift Token,XAI,ETH,0x35e78b3982e87ecfd5b3f3265b601c046cdbe232,XAI.png
cheqd,CHEQ,ETH,0x70edf1c215d0ce69e7f16fd4e6276ba0d99d4de7,CHEQ.png
Ribbon Finance,RBN,ETH,0x6123b0049f904d730db3c36a31167d9d4121fa6b,RBN.png
Numbers Protocol,NUM,ETH,0x3496b523e5c00a4b4150d6721320cddb234c3079,NUM.png
Oobit,OBT,ETH,0x07f9702ce093db82dfdc92c2c6e578d6ea8d5e22,OBT.png
Botto,BOTTO,ETH,0x9dfad1b7102d46b1b197b90095b5c4e9f5845bba,BOTTO.png
SIDUS,SIDUS,ETH,0x549020a9Cb845220D66d3E9c6D9F9eF61C981102,SIDUS.png
LooksRare,LOOKS,ETH,0xf4d2888d29d722226fafa5d9b24f9164c092421e,LOOKS.png
League of Kingdoms Arena,LOKA,ETH,0x61e90a50137e1f645c9ef4a0d3a4f01477738406,LOKA.png
NEOPIN,NPT,ETH,0x306ee01a6bA3b4a8e993fA2C1ADC7ea24462000c,NPT.png
Quickswap [New],QUICK,ETH,0xd2ba23de8a19316a638dc1e7a9adda1d74233368,QUICK.png
ROGin AI,ROG,ETH,0x5d43b66da68706d39f6c97f7f1415615672b446b,ROG.png
FractonX,FT,ETH,0xee9e7bb7e55bbc86414047b61d65c9c0d91ffbd0,FT.png
Dione Protocol,DIONE,ETH,0x65278f702019078E9Ab196C0Da0A6eE55E7248B7,DIONE.png
Aura Finance,AURA,ETH,0xc0c293ce456ff0ed870add98a0828dd4d2903dbf,AURA.png
Tectum,TET,ETH,0x68A47Fe1CF42eBa4a030a10CD4D6a1031Ca3CA0a,TET.png
Nexera,NXRA,ETH,0x644192291cc835a93d6330b24ea5f5fedd0eef9e,NXRA.png
BOBO,BOBO,ETH,0xb90b2a35c65dbc466b04240097ca756ad2005295,BOBO.png
Pikaboss,PIKA,ETH,0xa9d54f37ebb99f83b603cc95fc1a5f3907aaccfd,PIKA.png
MAGA (magamemecoin.com),TRUMP,ETH,0x576e2BeD8F7b46D34016198911Cdf9886f78bea7,TRUMP.png
SPECTRE AI,SPECTRE,ETH,0x9Cf0ED013e67DB12cA3AF8e7506fE401aA14dAd6,SPECTRE.png
The Root Network,ROOT,ETH,0xa3d4BEe77B05d4a0C943877558Ce21A763C4fa29,ROOT.png
ORA,ORA,ETH,0x33333333FEde34409Fb7f67c6585047E1F653333,ORA.png
Aventus,AVT,ETH,0x0d88ed6e74bbfd96b831231638b66c05571e824f,AVT.png
Dragonchain,DRGN,ETH,0x419c4db4b9e25d6db2ad9691ccb832c8d9fda05e,DRGN.png
CEEK VR,CEEK,ETH,0xb056c38f6b7dc4064367403e26424cd2c60655e1,CEEK.png
sUSD,SUSD,ETH,0x57Ab1ec28D129707052df4dF418D58a2D46d5f51,SUSD.png
Kryll,KRL,ETH,0x464eBE77c293E473B48cFe96dDCf88fcF7bFDAC0,KRL.png
AVINOC,AVINOC,ETH,0xf1ca9cb74685755965c7458528a36934df52a3ef,AVINOC.png
Kleros,PNK,ETH,0x93ed3fbe21207ec2e8f2d3c3de6e058cb73bc04d,PNK.png
MixMarvel,MIX,ETH,0x5d285f735998f36631f678ff41fb56a10a4d0429,MIX.png
Rupiah Token,IDRT,ETH,0x998FFE1E43fAcffb941dc337dD0468d52bA5b48A,IDRT.png
Quiztok,QTCON,ETH,0xa00a4d5786a6e955e9539d01d78bf68f3271c050,QTCON.png
TrustSwap,SWAP,ETH,0xcc4304a31d09258b0029ea7fe63d032f52e44efe,SWAP.png
Hegic,HEGIC,ETH,0x584bC13c7D411c00c01A62e8019472dE68768430,HEGIC.png
Wing Finance,WING,ETH,0xDb0f18081b505A7DE20B18ac41856BCB4Ba86A1a,WING.png
Beefy,BIFI,ETH,0xB1F1ee126e9c96231Cc3d3fAD7C08b4cf873b1f1,BIFI.png
UniLend,UFT,ETH,0x0202Be363B8a4820f3F4DE7FaF5224fF05943AB1,UFT.png
Hermez Network,HEZ,ETH,0xeef9f339514298c6a857efcfc1a762af84438dee,HEZ.png
PlayDapp,PDA,ETH,0x0D3CbED3f69EE050668ADF3D9Ea57241cBa33A2B,PDA.png
Kava Lend,HARD,ETH,0x1C700F95Df53fc31e83D89AC89e5DD778D4cD310,HARD.png
Shapeshift FOX Token,FOX,ETH,0xc770eefad204b5180df6a14ee197d99d808ee52d,FOX.png
Prosper,PROS,ETH,0x915424Ac489433130d92B04096F3b96c82e92a9D,PROS.png
ZUSD,ZUSD,ETH,0xc56c2b7e71B54d38Aab6d52E94a04Cbfa8F604fA,ZUSD.png
Swarm,BZZ,ETH,0x19062190b1925b5b6689d7073fdfc8c2976ef8cb,BZZ.png
Opulous,OPUL,ETH,0x80d55c03180349fff4a229102f62328220a96444,OPUL.png
Polytrade,TRADE,ETH,0x6e5970DBd6fc7eb1f29C6D2eDF2bC4c36124C0C1,TRADE.png
Guild of Guardians,GOG,ETH,0x9AB7bb7FdC60f4357ECFef43986818A2A3569c62,GOG.png
Dimitra,DMTR,ETH,0x51cb253744189f11241becb29bedd3f1b5384fdb,DMTR.png
ParaSwap,PSP,ETH,0xcafe001067cdef266afb7eb5a286dcfd277f3de5,PSP.png
Cornucopias,COPI,ETH,0x42Baf1f659D765C65ADE5BB7E08eb2C680360d9d,COPI.png
Galeon,GALEON,ETH,0xa2437A33049E878c35E16d10789a7D296baDE29e,GALEON.png
Volt Inu,VOLT,ETH,0x7f792db54b0e580cdc755178443f0430cf799aca,VOLT.png
Brickken,BKN,ETH,0x0a638f07acc6969abf392bb009f216d22adea36d,BKN.png
VIDT DAO,VIDT,ETH,0x3be7bf1a5f23bd8336787d0289b70602f1940875,VIDT.png
Propchain,PROPC,ETH,0x9ff58067Bd8D239000010c154C6983A325Df138E,PROPC.png
Bad Idea AI,BAD,ETH,0x32b86b99441480a7e5bd3a26c124ec2373e3f015,BAD.png
Dora Factory,DORA,ETH,0x70b790d0948a760e80bc3f892b142F7779b538B2,DORA.png
Grok,GROK,ETH,0x8390a1da07e376ef7add4be859ba74fb83aa02d5,GROK.png
Verified USD,USDV,ETH,0x0e573ce2736dd9637a0b21058352e1667925c7a8,USDV.png
Heroes of Mavia,MAVIA,ETH,0x24fcFC492C1393274B6bcd568ac9e225BEc93584,MAVIA.png
PepeFork,PORK,ETH,0xb9f599ce614Feb2e1BBe58F180F370D05b39344E,PORK.png
zKML,ZKML,ETH,0xE92344b4eDF545F3209094B192E46600A19E7C2D,ZKML.png
Masa,MASA,ETH,0x944824290CC12F31ae18Ef51216A223Ba4063092,MASA.png
Zero1 Labs,DEAI,ETH,0x1495bc9e44Af1F8BCB62278D2bEC4540cF0C05ea,DEAI.png
Hoppy,HOPPY,ETH,0x6e79b51959cf968d87826592f46f819f92466615,HOPPY.png
Ultiverse,ULTI,ETH,0x0E7779e698052f8fe56C415C3818FCf89de9aC6D,ULTI.png
Pirate Nation,PIRATE,ETH,0x7613c48e0cd50e42dd9bf0f6c235063145f6f8dc,PIRATE.png
Gems,GEMS,ETH,0x3010ccb5419F1EF26D40a7cd3F0d707a0fa127Dc,GEMS.png
Synternet,SYNT,ETH,0xDA987c655ebC38C801DB64A8608bc1AA56Cd9a31,SYNT.png
Neiro Ethereum,NEIRO,ETH,0xee2a03aa6dacf51c18679c516ad5283d8e7c2637,NEIRO.png
Matr1x,MAX,ETH,0xb7109df1a93f8fe2b8162c6207c9b846c1c68090,MAX.png
MNEE,MNEE,ETH,0x8ccedbAe4916b79da7F3F612EfB2EB93A2bFD6cF,MNEE.png
Pluton,PLU,ETH,0xd8912c10681d8b21fd3742244f44658dba12264e,PLU.png
Chrono.tech,TIME,ETH,0x485d17A6f1B8780392d53D64751824253011A260,TIME.png
Viberate,VIB,ETH,0x2c974b2d0ba1716e644c1fc59982a89ddd2ff724,VIB.png
AirSwap,AST,ETH,0x27054b13b1b798b345b591a4d22e6562d47ea75a,AST.png
SpaceChain,SPC,ETH,0x86ed939b500e121c0c5f493f399084db596dad20,SPC.png
Vectorspace AI,VXV,ETH,0x7D29A64504629172a429e64183D6673b9dAcbFCe,VXV.png
Cere Network,CERE,ETH,0x2da719db753dfa10a62e140f436e1d67f2ddb0d6,CERE.png
TROY,TROY,ETH,0x4574562e9310a94f9ca962bd23168d8a06875b1a,TROY.png
KardiaChain,KAI,ETH,0xD9Ec3ff1f8be459Bb9369b4E79e9Ebcf7141C093,KAI.png
DFI.Money,YFII,ETH,0xa1d0E215a23d7030842FC67cE582a6aFa3CCaB83,YFII.png
Cream Finance,CREAM,ETH,0x2ba592f78db6436527729929aaf6c908497cb200,CREAM.png
e-Radix,EXRD,ETH,0x6468e79A80C0eaB0F9A2B574c8d5bC374Af59414,EXRD.png
MileVerse,MVC,ETH,0x581911b360B6eB3a14eF295a83a91DC2bCE2D6f7,MVC.png
BioPassport Token,BIOT,ETH,0xc07A150ECAdF2cc352f5586396e344A6b17625EB,BIOT.png
Skey Network,SKEY,ETH,0x06a01a4d579479dd5d884ebf61a31727a3d8d442,SKEY.png
VAIOT,VAI,ETH,0xD13cfD3133239a3c73a9E535A5c4DadEE36b395c,VAI.png
Sovryn,SOV,ETH,0xbdab72602e9ad40fc6a6852caf43258113b8f7a5,SOV.png
GYEN,GYEN,ETH,0xC08512927D12348F6620a698105e1BAac6EcD911,GYEN.png
Cellframe,CELL,ETH,0x26c8afbbfe1ebaca03c2bb082e69d0476bffe099,CELL.png
Cook Finance,COOK,ETH,0xff75ced57419bcaebe5f05254983b013b0646ef5,COOK.png
SingularityDAO,SDAO,ETH,0x993864e43caa7f7f12953ad6feb1d1ca635b875f,SDAO.png
DACXI,DXI,ETH,0xefab7248d36585e2340e5d25f8a8d243e6e3193f,DXI.png
Nine Chronicles,WNCG,ETH,0xf203Ca1769ca8e9e8FE1DA9D147DB68B6c919817,WNCG.png
Galxe,GAL,ETH,0x5fAa989Af96Af85384b8a938c2EdE4A7378D9875,GAL.png
Cratos,CRTS,ETH,0x678e840c640f619e17848045d23072844224dd37,CRTS.png
Coinweb,CWEB,ETH,0x505b5eda5e25a67e1c24a2bf1a527ed9eb88bf04,CWEB.png
NuNet,NTX,ETH,0xf0d33beda4d734c72684b5f9abbebf715d0a7935,NTX.png
pSTAKE Finance,PSTAKE,ETH,0xfB5c6815cA3AC72Ce9F5006869AE67f18bF77006,PSTAKE.png
Partisia Blockchain,MPC,ETH,0x36a0e44c73e5a6a7727817377c0127f320a9456e,MPC.png
ParagonsDAO,PDT,ETH,0x375abb85c329753b1ba849a601438ae77eec9893,PDT.png
Castello Coin,CAST,ETH,0x3fab0bbaa03bceaf7c49e2b12877db0142be65fc,CAST.png
ALTAVA,TAVA,ETH,0xdebe620609674F21B1089042527F420372eA98A5,TAVA.png
LeisureMeta,LM,ETH,0xc064F4F215B6A1E4e7F39bD8530C4dE0fC43ee9D,LM.png
SquidGrow,SQGROW,ETH,0xb72E76cCf005313868DB7b48070901a44629da98,SQGROW.png
Farcana,FAR,ETH,0xf9Fa60EF4F23F00CCE403cc4d2c11Baf4880A0d6,FAR.png
LayerAI,LAI,ETH,0x168e209d7b2f58f1f24b8ae7b7d35e662bbf11cc,LAI.png
HyperCycle,HYPC,ETH,0xeA7B7DC089c9a4A916B5a7a37617f59fD54e37E4,HYPC.png
bitsCrunch,BCUT,ETH,0xBEF26Bd568e421D6708CCA55Ad6e35f8bfA0C406,BCUT.png
Worldwide USD,WUSD,ETH,0x7Cd017ca5ddb86861FA983a34b5F495C6F898c41,WUSD.png
Vector Smart Gas,VSG,ETH,0x58aea10748a00d1781d6651f9d78a414ea32ca46,VSG.png
Smog,SMOG,ETH,0x89e8e084cc60e6988527f0904b4be71656e8bfa9,SMOG.png
AstraAI,ASTRA,ETH,0x0aA8A7D1fB4c64B3b1DcEa9A7ADe81C59C25b95b,ASTRA.png
Fluence,FLT,ETH,0x236501327e701692a281934230af0b6be8df3353,FLT.png
XSwap,XSWAP,ETH,0x8fe815417913a93ea99049fc0718ee1647a2a07c,XSWAP.png
MON,MON,ETH,0xc555D625828c4527d477e595fF1Dd5801B4a600e,MON.png
Kendu Inu,KENDU,ETH,0xaa95f26e30001251fb905d264Aa7b00eE9dF6C18,KENDU.png
PeiPei (ETH),PEIPEI,ETH,0x3ffeea07a27fab7ad1df5297fa75e77a43cb5790,PEIPEI.png
Ethervista,VISTA,ETH,0xC9bCa88B04581699fAb5aa276CCafF7Df957cbbf,VISTA.png
Super Champs,CHAMP,ETH,0x4aF1Bc87e43dDb22188bb3791ae00341586fE8fc,CHAMP.png
GATSBY (gatsby.fi),GATSBY,ETH,0xca7af58da871736994ce360f51ec6cd28351a3df,GATSBY.png
Sentinel,DVPN,ETH,0xc81978862b6cE566400579a5F8975732D42BD410,DVPN.png
Morpheus.Network,MNW,ETH,0xd3E4Ba569045546D09CF021ECC5dFe42b1d7f6E4,MNW.png
Phantasma,SOUL,ETH,0x75858677e27C930FB622759FeafFeE2b754Af07F,SOUL.png
Blocksquare Token,BST,ETH,0x509a38b7a1cc0dcd83aa9d06214663d9ec7c7f4a,BST.png
PIBBLE,PIB,ETH,0x1864ce27e9f7517047933caae530674e8c70b8a7,PIB.png
ChangeNOW Token,NOW,ETH,0xe9a95d175a5f4c9369f3b74222402eb1b837693b,NOW.png
Nestree,EGG,ETH,0x65ccd72c0813ce6f2703593b633202a0f3ca6a0c,EGG.png
MUX Protocol,MCB,ETH,0x4e352cf164e64adcbad318c3a1e222e9eba4ce42,MCB.png
Electric Vehicle Zone,EVZ,ETH,0x7a939bb714fd2a48ebeb1e495aa9aaa74ba9fa68,EVZ.png
Origin Dollar,OUSD,ETH,0x2A8e1E676Ec238d8A992307B495b45B3fEAa5e86,OUSD.png
Keep3rV1,KP3R,ETH,0x1ceb5cb57c4d4e2b2433641b95dd330a33185a44,KP3R.png
Dvision Network,DVI,ETH,0x10633216e7e8281e33c86f02bf8e565a635d9770,DVI.png
UNCX Network,UNCX,ETH,0xaDB2437e6F65682B85F814fBc12FeC0508A7B1D0,UNCX.png
Polaris Share,POLA,ETH,0xc691bc298a304d591Ad9b352c7A8D216dE9f2CED,POLA.png
Adappter Token,ADP,ETH,0xc314b0e758d5ff74f63e307a86ebfe183c95767b,ADP.png
Rally,RLY,ETH,0xf1f955016EcbCd7321c7266BccFB96c68ea5E49b,RLY.png
OVR,OVR,ETH,0x21bfbda47a0b4b5b1248c767ee49f7caa9b23697,OVR.png
Stake DAO,SDT,ETH,0x73968b9a57c6e53d41345fd57a6e6ae27d6cdb2f,SDT.png
GAMEE,GMEE,ETH,0xd9016a907dc0ecfa3ca425ab20b6b785b42f2373,GMEE.png
UFO Gaming,UFO,ETH,0x249e38ea4102d0cf8264d3701f1a0e39c4f2dc3b,UFO.png
zkRace,ZERC,ETH,0xf8428A5a99cb452Ea50B6Ea70b052DaA3dF4934F,ZERC.png
Splintershards,SPS,ETH,0x00813e3421e1367353bfe7615c7f7f133c89df74,SPS.png
HI,HI,ETH,0xC4f6E93AEDdc11dc22268488465bAbcAF09399aC,HI.png
Tarot,TAROT,ETH,0xa10bf0aBa0C7953F279c4Cb8192d3B5dE5eA56E8,TAROT.png
Swarm Markets,SMT,ETH,0xb17548c7b510427baac4e267bea62e800b247173,SMT.png
ARC,ARC,ETH,0xc82e3db60a52cf7529253b4ec688f631aad9e7c2,ARC.png
NFT Worlds,WRLD,ETH,0xd5d86fc8d5c0ea1ac1ac5dfab6e529c9967a45e9,WRLD.png
QORPO WORLD,QORPO,ETH,0x22514fFb0d7232a56F0c24090E7B68f179FAA940,QORPO.png
DMAIL Network,DMAIL,ETH,0xcC6f1e1B87cfCbe9221808d2d85C501aab0B5192,DMAIL.png
DexCheck AI,DCK,ETH,0x672f4fa517894496b8a958b4b3fca068ce513a39,DCK.png
WAGMI Games,WAGMIGAMES,ETH,0x3b604747ad1720c01ded0455728b62c0d2f100f0,WAGMIGAMES.png
HELLO Labs,HELLO,ETH,0x411099C0b413f4fedDb10Edf6a8be63BD321311C,HELLO.png
VNX Swiss Franc,VCHF,ETH,0x79d4f0232A66c4c91b89c76362016A1707CFBF4f,VCHF.png
Moon Tropica,CAH,ETH,0x8e0e57dcb1ce8d9091df38ec1bfc3b224529754a,CAH.png
Shrapnel,SHRAP,ETH,0x31e4efe290973ebe91b3a875a7994f650942d28f,SHRAP.png
Multibit,MUBI,ETH,0x38e382f74dfb84608f3c1f10187f6bef5951de93,MUBI.png
TG Casino,TGC,ETH,0x25B4f5D4C314bCD5d7962734936C957B947cb7CF,TGC.png
Rake Coin,RAKE,ETH,0x6553565eac5daa9bfc5e2892b36291634c9b2ad6,RAKE.png
BLOCKLORDS,LRDS,ETH,0xd0a6053f087E87a25dC60701ba6E663b1a548E85,LRDS.png
Pandora,PANDORA,ETH,0x9e9fbde7c7a83c43913bddc8779158f1368f0413,PANDORA.png
Eesee,ESE,ETH,0x908dDb096BFb3AcB19e2280aAD858186ea4935C4,ESE.png
LinqAI,LNQ,ETH,0xD4F4D0a10BcaE123bB6655E8Fe93a30d01eEbD04,LNQ.png
OpenGPU,oGPU,ETH,0x067def80d66fb69c276e53b641f37ff7525162f6,oGPU.png
Book of Ethereum,BOOE,ETH,0x289ff00235d2b98b0145ff5d4435d3e92f9540a6,BOOE.png
RyuJin,RYU,ETH,0xca530408c3e552b020a2300debc7bd18820fb42f,RYU.png
Shrub,SHRUB,ETH,0x3b991130eae3cca364406d718da22fa1c3e7c256,SHRUB.png
Router Protocol (New),ROUTE,ETH,0x60f67e1015b3f069dd4358a78c38f83fe3a667a9,ROUTE.png
Strawberry AI,BERRY,ETH,0xCb76314C2540199f4B844D4ebbC7998C604880cA,BERRY.png
MSTR2100,MSTR,ETH,0x42069026EAC8Eee0Fd9b5f7aDFa4f6E6D69a2B39,MSTR.png
Sentio Protocol,SEN,ETH,0x421b05cf5ce28Cb7347E73e2278E84472F0E4a88,SEN.png
Augur,REP,ETH,0x1985365e9f78359a9B6AD760e32412f4a445E862,REP.png
LATOKEN,LA,ETH,0xe50365f5d679cb98a1dd62d6f6e58e59321bcddf,LA.png
KAN,KAN,ETH,0x1410434b0346f5be678d0fb554e5c7ab620f8f4a,KAN.png
Bitrue Coin,BTR,ETH,0xd433138d12beB9929FF6fd583DC83663eea6Aaa5,BTR.png
Emirex Token,EMRX,ETH,0xbdbC2a5B32F3a5141ACd18C39883066E4daB9774,EMRX.png
Numerico,NWC,ETH,0x968f6f898a6df937fc1859b323ac2f14643e3fed,NWC.png
apM Coin,APM,ETH,0xc8c424b91d8ce0137bab4b832b7f7d154156ba6c,APM.png
ASTA,ASTA,ETH,0xf2ddae89449b7d26309a5d54614b1fc99c608af5,ASTA.png
PowerPool,CVP,ETH,0x38e4adb44ef08f22f5b5b76a8f0c2d0dcbe7dca1,CVP.png
dHedge DAO,DHT,ETH,0xca1207647ff814039530d7d35df0e1dd2e91fa84,DHT.png
NFTX,NFTX,ETH,0x87d73E916D7057945c9BcD8cdd94e42A6F47f776,NFTX.png
Arianee,ARIA20,ETH,0xedf6568618a00c6f0908bf7758a16f76b6e04af9,ARIA20.png
Efinity Token,EFI,ETH,0x656C00e1BcD96f256F224AD9112FF426Ef053733,EFI.png
Chainge,XCHNG,ETH,0xb712d62fE84258292d1961B5150a19bC4Ab49026,XCHNG.png
Push Protocol,PUSH,ETH,0xf418588522d5dd018b425E472991E52EBBeEEEEE,PUSH.png
RocketX exchange,RVF,ETH,0x2fb652314C3d850E9049057bBE9813F1eEe882d3,RVF.png
CateCoin,CATE,ETH,0x051fb509e4a775fabd257611eea1efaed8f91359,CATE.png
Stratos,STOS,ETH,0x08c32b0726C5684024ea6e141C50aDe9690bBdcc,STOS.png
Open Custody Protocol,OPEN,ETH,0x4123a133ae3c521fd134d7b13a2dec35b56c2463,OPEN.png
Baanx,BXX,ETH,0x6b1a8f210ec6b7b6643cea3583fb0c079f367898,BXX.png
Buying.com,BUY,ETH,0x396ec402b42066864c406d1ac3bc86b575003ed8,BUY.png
TRVL (Dtravel),TRVL,ETH,0xd47bdf574b4f76210ed503e0efe81b58aa061f3d,TRVL.png
Katana Inu,KATA,ETH,0x2e85ae1C47602f7927bCabc2Ff99C40aA222aE15,KATA.png
Sipher,SIPHER,ETH,0x9F52c8ecbEe10e00D9faaAc5Ee9Ba0fF6550F511,SIPHER.png
LORDS,LORDS,ETH,0x686f2404e77ab0d9070a46cdfb0b7fecdd2318b0,LORDS.png
Cult DAO,CULT,ETH,0xf0f9d895aca5c8678f706fb8216fa22957685a13,CULT.png
KOMPETE,KOMPETE,ETH,0x1E0b2992079B620AA13A7c2E7c88D2e1E18E46E9,KOMPETE.png
Origin DeFi Governance,OGV,ETH,0x9c354503c38481a7a7a51629142963f98ecc12d0,OGV.png
Dogechain,DC,ETH,0x7B4328c127B85369D9f82ca0503B000D09CF9180,DC.png
Atlas Navi,NAVI,ETH,0xfc1c93a2507975e98b9d0e9260ded61a00152bf1,NAVI.png
imgnAI,IMGNAI,ETH,0xA735A3AF76CC30791C61c10d585833829d36CBe0,IMGNAI.png
tomi,TOMI,ETH,0x4385328cc4d643ca98dfea734360c0f596c83449,TOMI.png
BOB (ETH),BOB,ETH,0x7D8146cf21e8D7cbe46054e01588207b51198729,BOB.png
Jesus Coin,JESUS,ETH,0xba386A4Ca26B85FD057ab1Ef86e3DC7BdeB5ce70,JESUS.png
Pepe 2.0,PEPE2.0,ETH,0x0305f515fa978cf87226cf8A9776D25bcfb2Cc0B,PEPE2.0.png
Shido ETH,SHIDO,ETH,0xe2512A2f19F0388aD3D7A5263eaA82AcD564827b,SHIDO.png
Coupon Assets,CA,ETH,0x9ee8c380E1926730aD89e91665FF27063b13c90A,CA.png
GameGPT,DUEL,ETH,0x943Af2ece93118B973c95c2F698EE9D15002e604,DUEL.png
AIT Protocol,AIT,ETH,0x89d584A1EDB3A70B3B07963F9A3eA5399E38b136,AIT.png
Troll,TROLL,ETH,0xf8ebf4849f1fa4faf0dff2106a173d3a6cb2eb3a,TROLL.png
Commune AI,COMAI,ETH,0xc78b628b060258300218740b1a7a5b3c82b3bd9f,COMAI.png
Blendr Network,BLENDR,ETH,0x84018071282d4b2996272659d9c01cb08dd7327f,BLENDR.png
Zypto,ZYPTO,ETH,0x7a65cb87f596caf31a4932f074c59c0592be77d7,ZYPTO.png
Micro GPT,$MICRO,ETH,0x8CEDb0680531d26e62ABdBd0F4c5428b7fDC26d5,$MICRO.png
MAGA (maga-hat.vip),MAGA,ETH,0xd29da236dd4aac627346e1bba06a619e8c22d7c5,MAGA.png
Brett (ETH),BRETT,ETH,0x240D6FAF8c3B1A7394e371792A3bf9D28DD65515,BRETT.png
Data Ownership Protocol,DOP,ETH,0x97A9a15168C22B3C137E6381037E1499C8ad0978,DOP.png
TERMINUS,TERMINUS,ETH,0xcbde0453d4e7d748077c1b0ac2216c011dd2f406,TERMINUS.png
Patriot,PATRIOT,ETH,0xE9732d4b1E7d3789004fF029f032bA3034db059c,PATRIOT.png
CryptoAutos,AUTOS,ETH,0xf477AC7719e2e659001455cDDA0cc8f3aD10b604,AUTOS.png
Mysterium,MYST,ETH,0x4Cf89ca06ad997bC732Dc876ed2A7F26a9E7f361,MYST.png
BigONE Token,ONE,ETH,0x946551dd05c5abd7cc808927480225ce36d8c475,ONE.png
Celsius,CEL,ETH,0xaaaebe6fe48e54f431b0c390cfaf0b017d09d42d,CEL.png
TOKPIE,TKP,ETH,0xd31695a1d35e489252ce57b129fd4b1b05e6acac,TKP.png
ShareToken,SHR,ETH,0xd98f75b1a3261dab9eed4956c93f33749027a964,SHR.png
Project WITH,WIKEN,ETH,0xb7e77aebbe0687d2eff24cc90c41a3b6ea74bdab,WIKEN.png
BTSE Token,BTSE,ETH,0x666d875c600aa06ac1cf15641361dec3b00432ef,BTSE.png
Somnium Space Cubes,CUBE,ETH,0xdf801468a808a32656d2ed2d2d80b72a129739f4,CUBE.png
Fuse,FUSE,ETH,0x970b9bb2c0444f5e81e9d0efb84c8ccdcdcaf84d,FUSE.png
Frontier,FRONT,ETH,0xf8C3527CC04340b208C854E985240c02F7B7793f,FRONT.png
Blocery,BLY,ETH,0xf8aD7dFe656188A23e89da09506Adf7ad9290D5d,BLY.png
TriumphX,TRIX,ETH,0x056354F3Ff20743aa4c0DA365603871c7000b081,TRIX.png
ICHI,ICHI,ETH,0x111111517e4929d3dcbdfa7cce55d30d4b6bc4d6,ICHI.png
Muse,MUSE,ETH,0xb6ca7399b4f9ca56fc27cbff44f4d2e4eef1fc81,MUSE.png
Hoge Finance,HOGE,ETH,0xfad45e47083e4607302aa43c65fb3106f1cd7607,HOGE.png
HAPI Protocol,HAPI,ETH,0xd9c2d319cd7e6177336b0a9c93c21cb48d84fb54,HAPI.png
Saito,SAITO,ETH,0xFa14Fa6958401314851A17d6C5360cA29f74B57B,SAITO.png
XCAD Network,XCAD,ETH,0x7659ce147d0e714454073a5dd7003544234b6aa0,XCAD.png
Netvrk,NETVR,ETH,0x52498F8d9791736f1D6398fE95ba3BD868114d10,NETVR.png
Starlink,STARL,ETH,0x8e6cd950ad6ba651f6dd608dc70e5886b1aa6b24,STARL.png
GameZone,GZONE,ETH,0xb6adb74efb5801160ff749b1985fd3bd5000e938,GZONE.png
Swash,SWASH,ETH,0xa130e3a33a4d84b04c3918c4e5762223ae252f80,SWASH.png
Credefi,CREDI,ETH,0xaE6e307c3Fe9E922E5674DBD7F830Ed49c014c6B,CREDI.png
Izumi Finance,IZI,ETH,0x9ad37205d608b8b219e6a2573f922094cec5c200,IZI.png
RAI Finance,SOFI,ETH,0xB49fa25978abf9a248b8212Ab4b87277682301c0,SOFI.png
Creo Engine,CREO,ETH,0xe636f94a71eC52Cc61eF21787aE351AD832347B7,CREO.png
fanC,FANC,ETH,0xbB126042235E6bD38B17744cb31a8bF4A206c045,FANC.png
Choise.ai,CHO,ETH,0xBBa39Fd2935d5769116ce38d46a71bde9cf03099,CHO.png
Lumerin,LMR,ETH,0x4b1d0b9f081468d780ca1d5d79132b64301085d1,LMR.png
SOVRUN,SOVRN,ETH,0x031B8d752d73d7Fe9678ACEf26e818280D0646b4,SOVRN.png
Shina Inu,SHI,ETH,0x243cacb4d5ff6814ad668c3e225246efa886ad5a,SHI.png
CatCoin,CAT,ETH,0x59f4f336bf3d0c49dbfba4a74ebd2a6ace40539a,CAT.png
AIPAD,AIPAD,ETH,0xE55d97A97ae6A17706ee281486E98A84095d8AAf,AIPAD.png
Winnerz,WNZ,ETH,0x02795795196f563fdafce8dd97fca4871ded51c3,WNZ.png
Bitrock,BROCK,ETH,0xde67d97b8770dc98c746a3fc0093c538666eb493,BROCK.png
THE BALKAN DWARF,KEKEC,ETH,0x8c7ac134ed985367eadc6f727d79e8295e11435c,KEKEC.png
Smart Layer Network,SLN,ETH,0xdb82c0d91e057e05600c8f8dc836beb41da6df14,SLN.png
GAM3S.GG,G3,ETH,0xCF67815ccE72E682Eb4429eCa46843bed81Ca739,G3.png
Alvara Protocol,ALVA,ETH,0x8e729198d1C59B82bd6bBa579310C40d740A11C2,ALVA.png
Undeads Games,UDS,ETH,0x712bd4Beb54C6B958267d9dB0259abdBb0BFF606,UDS.png
Pikamoon,PIKA,ETH,0xD1e64bcc904Cfdc19d0FABA155a9EdC69b4bcdAe,PIKA.png
Mystiko Network,XZK,ETH,0xe8fC52b1bb3a40fd8889C0f8f75879676310dDf0,XZK.png
Cross The Ages,CTA,ETH,0x90685e300A4c4532EFCeFE91202DfE1Dfd572F47,CTA.png
Lovely Finance [New],LOVELY,ETH,0x0f6d4d4643A514132F84F4a270946dB3c7Cb701C,LOVELY.png
Ledger AI,LEDGER,ETH,0xD1F2586790a5bD6DA1e443441df53aF6EC213D83,LEDGER.png
Philtoken,PHIL,ETH,0xc328a59E7321747aEBBc49FD28d1b32C1af8d3b2,PHIL.png
LogX Network,LOGX,ETH,0xa3F4341C3fEf5963AB04135D2014AC7d68222E19,LOGX.png
WELF,WELF,ETH,0x2a92525fDA8D3AB481f8E2a913B64B64bD1c9fdD,WELF.png
CatSlap,SLAP,ETH,0xF107edABF59ba696E38DE62Ad5327415Bd4D4236,SLAP.png
Ithaca Protocol,ITHACA,ETH,0x1095ae55b62174d9ea3bc6a4136acacad461d7ce,ITHACA.png
SelfKey,KEY,ETH,0x4cc19356f2d37338b9802aa8e8fc58b0373296e7,KEY.png
Crypterium,CRPT,ETH,0x08389495D7456E1951ddF7c3a1314A4bfb646d8B,CRPT.png
BABB,BAX,ETH,0xf920e4f3fbef5b3ad0a25017514b769bdc4ac135,BAX.png
VestChain,VEST,ETH,0x37f04d2c3ae075fad5483bb918491f656b12bdb6,VEST.png
QuadrantProtocol,EQUAD,ETH,0xc28e931814725bbeb9e670676fabbcb694fe7df2,EQUAD.png
Nash,NEX,ETH,0xe2dc070524a6e305ddb64d8513dc444b6a1ec845,NEX.png
Valor Token,VALOR,ETH,0x297e4e5e59ad72b1b0a2fd446929e76117be0e0a,VALOR.png
BitForex Token,BF,ETH,0x5b71bee9d961b1b848f8485eec8d8787f80217f5,BF.png
Robonomics.network,XRT,ETH,0x7de91b204c1c737bcee6f000aaa6569cf7061cb7,XRT.png
WOM Protocol,WOM,ETH,0xBd356a39BFf2cAda8E9248532DD879147221Cf76,WOM.png
King DAG,KDAG,ETH,0x95e40e065afb3059dcabe4aaf404c1f92756603a,KDAG.png
WHALE,WHALE,ETH,0x9355372396e3F6daF13359B7b607a3374cc638e0,WHALE.png
Rubic,RBC,ETH,0x3330bfb7332ca23cd071631837dc289b09c33333,RBC.png
Onooks,OOKS,ETH,0x69d9905b2e5f6f5433212b7f3c954433f23c1572,OOKS.png
Akita Inu,AKITA,ETH,0x3301ee63fb29f863f2333bd4466acb46cd8323e6,AKITA.png
PoolTogether,POOL,ETH,0x0cec1a9154ff802e7934fc916ed7ca50bde6844e,POOL.png
Fei USD,FEI,ETH,0x956F47F50A910163D8BF957Cf5846D573E7f87CA,FEI.png
Deeper Network,DPR,ETH,0xf3ae5d769e153ef72b4e3591ac004e89f48107a1,DPR.png
Ternoa,CAPS,ETH,0x03be5c903c727ee2c8c4e9bc0acc860cca4715e2,CAPS.png
SpookySwap,BOO,ETH,0x55af5865807b196bd0197e0902746f31fbccfa58,BOO.png
Ispolink,ISP,ETH,0xc8807f0f5ba3fa45ffbdc66928d71c5289249014,ISP.png
EPIK Prime,EPIK,ETH,0x4da0c48376c277cdbd7fc6fdc6936dee3e4adf75,EPIK.png
Gracy,GRACY,ETH,0x7c95e7ad2b349dc2f82d0f1117a44b561fa2699a,GRACY.png
LABEL AI,LBL,ETH,0x2162f572B25f7358db9376AB58a947a4e45CeDE1,LBL.png
Pintu Token,PTU,ETH,0xC229c69eB3BB51828D0cAA3509A05a51083898dd,PTU.png
Symbiosis,SIS,ETH,0xd38BB40815d2B0c2d2c866e0c72c5728ffC76dd9,SIS.png
Neighbourhoods,NHT,ETH,0x84342e932797FC62814189f01F0Fb05F52519708,NHT.png
GensoKishi Metaverse,MV,ETH,0xAE788F80F2756A86aa2F410C651F2aF83639B95b,MV.png
STAT,STAT,ETH,0x4fc15c91a9c4a9efb404174464687e8e128730c2,STAT.png
ISKRA Token,ISK,ETH,0x17d2628D30F8e9E966c9Ba831c9B9b01ea8Ea75C,ISK.png
Verse,VERSE,ETH,0x249cA82617eC3DfB2589c4c17ab7EC9765350a18,VERSE.png
IMPT,IMPT,ETH,0x04c17b9d3b29a78f7bd062a57cf44fc633e71f85,IMPT.png
Carbon browser,CSIX,ETH,0x345887cdb19e12833ed376bbf8b8b38269f5f5c8,CSIX.png
KiboShib,KIBSHI,ETH,0x02e7f808990638e9e67e1f00313037ede2362361,KIBSHI.png
UniBot,UNIBOT,ETH,0xf819d9cb1c2a819fd991781a822de3ca8607c3c9,UNIBOT.png
Aviator,AVI,ETH,0xd2bdaaf2b9cc6981fd273dcb7c04023bfbe0a7fe,AVI.png
BobaCat,PSPS,ETH,0x03049b395147713ae53c0617093675b4b86dde78,PSPS.png
Meta Monopoly,MONOPOLY,ETH,0x7d4A7be025652995364E0E232063abd9e8d65e6E,MONOPOLY.png
Crypto Asset Governance Alliance,CAGA,ETH,0xbddc20ed7978b7d59ef190962f441cd18c14e19f,CAGA.png
Port3 Network,PORT3,ETH,0xb4357054c3da8d46ed642383f03139ac7f090343,PORT3.png
Alphakek AI,AIKEK,ETH,0x8dce83eca4af45dbe618da1779f9aaca43201084,AIKEK.png
Apeiron,APRS,ETH,0x95b4B8CaD3567B5d7EF7399C2aE1d7070692aB0D,APRS.png
Skillful AI,SKAI,ETH,0xCF078DA6e85389de507ceeDE0E3d217e457B9d49,SKAI.png
Azuro Protocol,AZUR,ETH,0x9E6be44cC1236eEf7e1f197418592D363BedCd5A,AZUR.png
Upland (SPARKLET),SPARKLET,ETH,0x0bc37BEA9068a86C221B8bd71eA6228260DAD5A2,SPARKLET.png
Sharpe AI,SAI,ETH,0x3567aa22cd3ab9aef23d7e18ee0d7cf16974d7e6,SAI.png
MetaCene,MAK,ETH,0xc283c54DF1d858570071a053057806ae73CB6A64,MAK.png
Nya,NYA,ETH,0x38F9bf9dCe51833Ec7f03C9dC218197999999999,NYA.png
Seedworld,SWORLD,ETH,0x968bE3F7bfeF0F8eDc3c1aD90232EbB0DA0867aA,SWORLD.png
Muhdo Hub,DNA,ETH,0x7d3e4165fd7D8590fB2a415A550F7bdecE5c4F52,DNA.png
VGX Token,VGX,ETH,0x3C4B6E6e1eA3D4863700D7F76b36B7f3D3f13E3d,VGX.png
Presearch,PRE,ETH,0xEC213F83defB583af3A000B1c0ada660b1902A0F,PRE.png
Unibright,UBT,ETH,0x8400d94a5cb0fa0d041a3788e395285d61c9ee5e,UBT.png
TOP AI Network,TOP,ETH,0xdcD85914b8aE28c1E62f1C488E1D968D5aaFfE2b,TOP.png
botXcoin,BOTX,ETH,0xEF19F4E48830093Ce5bC8b3Ff7f903A0AE3E9Fa1,BOTX.png
AmonD,AMON,ETH,0x00059ae69c1622a7542edc15e8d17b060fe307b6,AMON.png
Bepro,BEPRO,ETH,0xcf3c8be2e2c42331da80ef210e9b1b307c03d36a,BEPRO.png
Sylo,SYLO,ETH,0xf293d23bf2cdc05411ca0eddd588eb1977e8dcd4,SYLO.png
Darwinia Network,RING,ETH,0x9469d013805bffb7d3debe5e7839237e535ec483,RING.png
NEST Protocol,NEST,ETH,0xcd6926193308d3B371FdD6A6219067E550000000,NEST.png
Etherisc DIP Token,DIP,ETH,0xc719d010b63e5bbf2c0551872cd5316ed26acd83,DIP.png
Nuco.cloud,NCDT,ETH,0xe0c8b298db4cffe05d1bea0bb1ba414522b33c1b,NCDT.png
Mettalex,MTLX,ETH,0x2e1e15c44ffe4df6a0cb7371cd00d5028e571d14,MTLX.png
Unifi Protocol DAO,UNFI,ETH,0x441761326490cacf7af299725b6292597ee822c2,UNFI.png
Xend Finance,RWA,ETH,0x4563554284aA7148D6E6D0351519E954Ba3B6E02,RWA.png
Rai Reflex Index,RAI,ETH,0x03ab458634910aad20ef5f1c8ee96f1d6ac54919,RAI.png
Kylin,KYL,ETH,0x5d07F52aE5f779422447C2A32F58c93A15E7d6F2,KYL.png
Big Data Protocol,BDP,ETH,0xf3dcbc6D72a4E1892f7917b7C43b74131Df8480e,BDP.png
UnMarshal,MARSH,ETH,0x5a666c7d92E5fA7Edcb6390E4efD6d0CDd69cF37,MARSH.png
Arcas,ARCAS,ETH,0x570f09AC53b96929e3868f71864E36Ff6b1B67D7,ARCAS.png
Ctrl Wallet,CTRL,ETH,0xe50e009ddb1a4d8ec668eac9d8b2df1f96348707,CTRL.png
Gamium,GMM,ETH,0x4B19C70Da4c6fA4bAa0660825e889d2F7eaBc279,GMM.png
DappRadar,RADAR,ETH,0x44709a920fccf795fbc57baa433cc3dd53c44dbe,RADAR.png
EverRise,RISE,ETH,0xC17c30e98541188614dF99239cABD40280810cA3,RISE.png
ShibaDoge,SHIBDOGE,ETH,0x6adb2e268de2aa1abf6578e4a8119b960e02928f,SHIBDOGE.png
5ire,5IRE,ETH,0x3bd7d4F524D09F4e331577247A048D56e4b67a7F,5IRE.png
Multichain,MULTI,ETH,0x65ef703f5594d2573eb71aaf55bc0cb548492df4,MULTI.png
Arcana Network,XAR,ETH,0x5027Fc44a7Ba114B8f494B1e4970900C6652FEDF,XAR.png
Perion,PERC,ETH,0x60be1e1fe41c1370adaf5d8e66f07cf1c2df2268,PERC.png
Cosplay Token,COT,ETH,0x5cac718a3ae330d361e39244bf9e67ab17514ce8,COT.png
Mancium,MANC,ETH,0xe0c05ec44775e4ad62cdc2eecdf337aa7a143363,MANC.png
Dejitaru Tsuka,TSUKA,ETH,0xc5fb36dd2fb59d3b98deff88425a3f425ee469ed,TSUKA.png
VNX Euro,VEUR,ETH,0x6ba75d640bebfe5da1197bb5a2aff3327789b5d3,VEUR.png
Sabai Protocol,SABAI,ETH,0xb5d730d442e1d5b119fb4e5c843c48a64202ef92,SABAI.png
WeFi,WEFI,ETH,0xffa188493c15dfaf2c206c97d8633377847b6a52,WEFI.png
MongCoin,$MONG,ETH,0x1ce270557C1f68Cfb577b856766310Bf8B47FD9C,$MONG.png
Orbofi AI,OBI,ETH,0xbb3a8fd6ec4bf0fdc6cd2739b1e41192d12b1873,OBI.png
Real Smurf Cat,SMURFCAT,ETH,0xfF836A5821E69066c87E268bC51b849FaB94240C,SMURFCAT.png
Warped Games,WARPED,ETH,0x6af53c6ec427525f7240e211941223288a0e7c66,WARPED.png
Inspect,INSP,ETH,0x186eF81fd8E77EEC8BfFC3039e7eC41D5FC0b457,INSP.png
Byte,BYTE,ETH,0xdE342A3E269056fc3305f9e315F4C40D917BA521,BYTE.png
TypeAI,TYPE,ETH,0x443459d45c30a03f90037d011cbe22e2183d3b12,TYPE.png
HotKeySwap,HOTKEY,ETH,0x018DD3A0Dd7F213cc822076b3800816d3CE1ED86,HOTKEY.png
Everyworld,EVERY,ETH,0x9aFa9999e45484Adf5d8EED8D9Dfe0693BACd838,EVERY.png
Saakuru Protocol,SKR,ETH,0xe2dCA969624795985F2f083BcD0b674337ba130a,SKR.png
Sekuya Multiverse,SKYA,ETH,0x623cD3a3EdF080057892aaF8D773Bbb7A5C9b6e9,SKYA.png
Trog,TROG,ETH,0x2077D81d0c5258230D5a195233941547cB5f0989,TROG.png
Sage,SAGE,ETH,0xa71261c2b51cb8030700f5601ca597c522dc232e,SAGE.png
UNIT0,UNIT0,ETH,0x48b847cf774a5710f36f594b11fc10e2e59bba72,UNIT0.png
Mystery,MYSTERY,ETH,0x64c5cbA9A1BfBD2A5faf601D91Beff2dCac2c974,MYSTERY.png
SunContract,SNC,ETH,0xF4134146AF2d511Dd5EA8cDB1C4AC88C57D60404,SNC.png
Populous,PPT,ETH,0xd4fa1460f537bb9085d22c7bccb5dd450ef28e3a,PPT.png
Revain,REV,ETH,0x2ef52Ed7De8c5ce03a4eF0efbe9B7450F2D7Edc9,REV.png
Carbon Protocol,SWTH,ETH,0xb4371da53140417cbb3362055374b10d97e420bb,SWTH.png
BaaSid,BAAS,ETH,0x5d929AA919E489505CcAAd8A199619c6DCA0c2de,BAAS.png
Lambda,LAMB,ETH,0x8971f9fd7196e5cee2c1032b50f656855af7dd26,LAMB.png
SparkPoint,SRK,ETH,0x0488401c3f535193fa8df029d9ffe615a06e74e6,SRK.png
Kaon,AKRO,ETH,0x8ab7404063ec4dbcfd4598215992dc3f8ec853d7,AKRO.png
Orbit Chain,ORC,ETH,0x662b67d00a13faf93254714dd601f5ed49ef2f51,ORC.png
Spheroid Universe,SPH,ETH,0xa0cf46eb152656c7090e769916eb44a138aaa406,SPH.png
Crust Network,CRU,ETH,0x32a7C02e79c4ea1008dD6564b35F131428673c41,CRU.png
REVV,REVV,ETH,0x557b933a7c2c45672b610f8954a3deb39a51a8ca,REVV.png
BarnBridge,BOND,ETH,0x0391D2021f89DC339F60Fff84546EA23E337750f,BOND.png
Lattice Token,LTX,ETH,0xa393473d64d2F9F026B60b6Df7859A689715d092,LTX.png
MAHA.xyz,MAHA,ETH,0x745407c86df8db893011912d3ab28e68b62e49b0,MAHA.png
MASQ,MASQ,ETH,0x06f3c323f0238c72bf35011071f2b5b7f43a054c,MASQ.png
Everest,ID,ETH,0xebd9d99a3982d547c5bb4db7e3b1f9f14b67eb83,ID.png
AXIS Token,AXIS,ETH,0xF0c5831EC3Da15f3696B4DAd8B21c7Ce2f007f28,AXIS.png
Anchor Protocol,ANC,ETH,0x0F3ADC247E91c3c50bC08721355A41037E89Bc20,ANC.png
SHOPX,SHOPX,ETH,0x7bef710a5759d197ec0bf621c3df802c2d60d848,SHOPX.png
Gains,GAINS,ETH,0x056C1D42Fb1326f57da7f19eBB7dDA4673f1FF55,GAINS.png
Gamestarter,GAME,ETH,0xD567B5F02b9073aD3a982a099a23Bf019FF11d1c,GAME.png
Witch Token,WITCH,ETH,0xdc524e3c6910257744c1f93cf15e9f472b5bd236,WITCH.png
Paribus,PBX,ETH,0xd528cf2e081f72908e086f8800977df826b5a483,PBX.png
DOGAMÍ,DOGA,ETH,0x4dbe83285fc959011f65dc613aeea638f18d3b92,DOGA.png
SENATE,SENATE,ETH,0x34Be5b8C30eE4fDe069DC878989686aBE9884470,SENATE.png
Pip,PIP,ETH,0x76ff2AB6b34142421F44A68cC8Dd08f45F9Ee2F2,PIP.png
Ferro,FER,ETH,0x2f32b39023dA7d6A6486A85d12B346EB9C2A0D19,FER.png
Minted,MTD,ETH,0x809E130E10e787139c54e1d12d3D1971b7A675Bf,MTD.png
Rejuve.AI,RJV,ETH,0xa1f410f13B6007fCa76833ee7eb58478D47Bc5Ef,RJV.png
Optimus AI,OPTI,ETH,0x562e362876c8aee4744fc2c6aac8394c312d215d,OPTI.png
Suzuverse,SGT,ETH,0x5b649C07E7Ba0a1C529DEAabEd0b47699919B4a2,SGT.png
RabbitX,RBX,ETH,0x3Ba925fdeAe6B46d0BB4d424D829982Cb2F7309e,RBX.png
POOH,POOH,ETH,0xb69753c06bb5c366be51e73bfc0cc2e3dc07e371,POOH.png
Penpie,PNP,ETH,0x7DEdBce5a2E31E4c75f87FeA60bF796C17718715,PNP.png
GameSwift,GSWIFT,ETH,0x580e933d90091b9ce380740e3a4a39c67eb85b4c,GSWIFT.png
RepubliK,RPK,ETH,0x313cae7ad4454aac7b208c1f089da2b0e5825e46,RPK.png
beoble,BBL,ETH,0xD979c468a68062e7bdff4Ba6DF7842DfD3492E0f,BBL.png
Asterix Labs,ASTX,ETH,0x0000000000ca73A6df4C58b84C5B4b847FE8Ff39,ASTX.png
Q Protocol,QGOV,ETH,0xb933e6003Fc9b9152Ac64C26F09779825cE4cb66,QGOV.png
Bag,BAG,ETH,0x808688c820AB080A6Ff1019F03E5EC227D9b522B,BAG.png
Bitcoin Virtual Machine,BVM,ETH,0x069d89974f4edabde69450f9cf5cf7d8cbd2568d,BVM.png
Chickencoin,CHKN,ETH,0xD55210Bb6898C021a19de1F58d27b71f095921Ee,CHKN.png
Bubble,BUBBLE,ETH,0xe9689028eDE16c2FDFE3D11855D28f8E3fC452a3,BUBBLE.png
Baby Pepe,BABYPEPE,ETH,0x69babE9811CC86dCfC3B8f9a14de6470Dd18EDA4,BABYPEPE.png
ETHEREUM IS GOOD,EBULL,ETH,0x71297312753ea7a2570a5a3278ed70d9a75f4f44,EBULL.png
Mars,MARS,ETH,0xb8d6196d71cdd7d90a053a7769a077772aaac464,MARS.png
Klaus,KLAUS,ETH,0xb612bFC5cE2FB1337Bd29F5Af24ca85DbB181cE2,KLAUS.png
Didi Bam Bam,DDBAM,ETH,0x5832Fbf930DacbDd9a1697dCA7b3C518277FF0b0,DDBAM.png
Tomo Cat,$TOMO,ETH,0x6A4402a535d74Bd0C9cDb5Ce2d51822Fc9F6620E,$TOMO.png
Circuits of Value,COVAL,ETH,0x3d658390460295fb963f54dc0899cfb1c30776df,COVAL.png
TenX,PAY,ETH,0xb97048628db6b661d4c2aa833e95dbe1a905b280,PAY.png
OAX,OAX,ETH,0x701c244b988a513c945973defa05de933b23fe1d,OAX.png
Dentacoin,DCN,ETH,0x08d32b0da63e2C3bcF8019c9c5d849d7a9d791e6,DCN.png
ForTube,FOR,ETH,0x1fcdce58959f536621d76f5b7ffb955baa5a672f,FOR.png
Jobchain,JOB,ETH,0xdfbc9050f5b01df53512dcc39b4f2b2bbacd517a,JOB.png
ROOBEE,ROOBEE,ETH,0xa31b1767e09f842ecfd4bc471fe44f830e3891aa,ROOBEE.png
MAX Exchange Token,MAX,ETH,0xe7976c4Efc60d9f4C200Cc1bCEF1A1e3B02c73e7,MAX.png
Neutrino Index,XTN,ETH,0x674C6Ad92Fd080e4004b2312b45f796a192D27a0,XTN.png
Attila,ATT,ETH,0x89Fb927240750c1B15d4743cd58440fc5f14A11C,ATT.png
mStable Governance Token: Meta (MTA),MTA,ETH,0xa3BeD4E1c75D00fa6f4E5E6922DB7261B5E9AcD2,MTA.png
Geeq,GEEQ,ETH,0x6b9f031d718dded0d681c20cb754f97b3bb81b78,GEEQ.png
Vidya,VIDYA,ETH,0x3d3d35bb9bec23b06ca00fe472b50e7a4c692c30,VIDYA.png
Juggernaut,JGN,ETH,0x73374ea518de7addd4c2b624c0e8b113955ee041,JGN.png
Stobox Token,STBU,ETH,0xa6422e3e219ee6d4c1b18895275fe43556fd50ed,STBU.png
Rari Governance Token,RGT,ETH,0xd291e7a03283640fdc51b121ac401383a46cc623,RGT.png
Gameswap,GSWAP,ETH,0xaac41ec512808d64625576eddd580e7ea40ef8b2,GSWAP.png
saffron.finance,SFI,ETH,0xb753428af26e81097e7fd17f40c88aaa3e04902c,SFI.png
Mirror Protocol,MIR,ETH,0x09a3EcAFa817268f77BE1283176B946C4ff2E608,MIR.png
Umbrella Network,UMB,ETH,0x6fc13eace26590b80cccab1ba5d51890577d83b2,UMB.png
Vesper,VSP,ETH,0x1b40183efb4dd766f11bda7a7c3ad8982e998421,VSP.png
Red Kite,PKF,ETH,0x8b39b70e39aa811b69365398e0aace9bee238aeb,PKF.png
TOWER,TOWER,ETH,0x1c9922314ed1415c95b9fd453c3818fd41867d0b,TOWER.png
B-cube.ai,BCUBE,ETH,0x93C9175E26F57d2888c7Df8B470C9eeA5C0b0A93,BCUBE.png
MILC Platform,MLT,ETH,0x9506d37f70eB4C3d79C398d326C871aBBf10521d,MLT.png
Strips Finance,STRP,ETH,0x97872EAfd79940C7b24f7BCc1EADb1457347ADc9,STRP.png
Forward Protocol,FORWARD,ETH,0x01824357d7d7eaf4677bc17786abd26cbdec9ad7,FORWARD.png
holoride,RIDE,ETH,0xf97e2a78f1f3d1fd438ff7cc3bb7de01e5945b83,RIDE.png
XELS,XELS,ETH,0x397Deb686C72384FAd502A81f4d7fDb89e1f1280,XELS.png
UBXS Token,UBXS,ETH,0xfE6e6b60e441a383983eCe2139e3Ca3B3239E49E,UBXS.png
JMPT Rewards,JMPT,ETH,0x420a24c9c65bd44c48bfB1cC8D6cD1ea8B1Ac840,JMPT.png
MongolNFT Coin,MNFT,ETH,0x3235B13708F178Af6F110dE7177ED5De10c1093d,MNFT.png
Geojam Token,JAM,ETH,0x23894DC9da6c94ECb439911cAF7d337746575A72,JAM.png
Dust Protocol,DUST,ETH,0xB5b1b659dA79A2507C27AaD509f15B4874EDc0Cc,DUST.png
Shiba Predator,QOM,ETH,0xa71d0588EAf47f12B13cF8eC750430d21DF04974,QOM.png
Bubblefong,BBF,ETH,0xde075d9adbd0240b4462f124af926452ad0bac91,BBF.png
Astrafer,ASTRAFER,ETH,0xb51b97dd5569fab69495316b5a065cccff4b829d,ASTRAFER.png
Chirpley,CHRP,ETH,0x70Bc0DC6414EB8974BC70685F798838a87d8CCe4,CHRP.png
LightLink,LL,ETH,0x0921799CB1d702148131024d18fCdE022129Dc73,LL.png
Cogito Finance,CGV,ETH,0xaeF420fd77477d9Dc8B46D704D44dD09d6c27866,CGV.png
Prometheum Prodigy,PMPY,ETH,0x1123d17fcf93ed2b41440317503346a0fdfe3ed7,PMPY.png
Dypius [New],DYP,ETH,0x39b46b212bdf15b42b166779b9d1787a68b9d0c3,DYP.png
AGIX,AGX,ETH,0xE2432110C32D0717E33c245fe0CFA2B26c07f47a,AGX.png
Hemule,HEMULE,ETH,0xeAA63125dd63f10874F99CdBbb18410e7Fc79dD3,HEMULE.png
StablR Euro,EURR,ETH,0x50753cfaf86c094925bf976f218d043f8791e408,EURR.png
HOME3,HTS,ETH,0xC40629464351c37c1e1f47b3640eA2e7AeC31eA5,HTS.png
Qudefi,QUDEFI,ETH,0x1842f548295b222c56939745d8ddf74981d40030,QUDEFI.png
DeBox,BOX,ETH,0x32B77729cD87F1EF2bEa4C650c16f89f08472c69,BOX.png
XYRO,XYRO,ETH,0x4eddb15a0abfa2c349e8065af9214e942d9a6d36,XYRO.png
Quantoz EURQ,EURQ,ETH,0x8dF723295214Ea6f21026eeEb4382d475f146F9f,EURQ.png
Pillar,PLR,ETH,0xe3818504c1b32bf1557b16c238b2e01fd3149c17,PLR.png
Abyss,ABYSS,ETH,0x0e8d6b471e332f140e7d9dbb99e5e3822f728da6,ABYSS.png
Aurora,AOA,ETH,0x9ab165d795019b6d8b3e971dda91071421305e5a,AOA.png
DxChain Token,DX,ETH,0x973e52691176d36453868D9d86572788d27041A9,DX.png
FREEdom Coin,FREE,ETH,0x2f141ce366a2462f02cea3d12cf93e4dca49e4fd,FREE.png
SOLVE,SOLVE,ETH,0x446c9033e7516d820cc9a2ce2d0b7328b579406f,SOLVE.png
Unification,FUND,ETH,0xe9B076B476D8865cDF79D1Cf7DF420EE397a7f75,FUND.png
GNY,GNY,ETH,0xb1f871Ae9462F1b2C6826E88A7827e76f86751d4,GNY.png
TrustVerse,TRV,ETH,0x72955ecff76e48f2c8abcce11d54e5734d6f3657,TRV.png
Tap,XTP,ETH,0x6368e1E18c4C419DDFC608A0BEd1ccb87b9250fc,XTP.png
DSLA Protocol,DSLA,ETH,0x3affcca64c2a6f4e3b6bd9c64cd2c969efd1ecbe,DSLA.png
SENSO,SENSO,ETH,0xc19b6a4ac7c7cc24459f08984bbd09664af17bd1,SENSO.png
ClinTex CTi,CTI,ETH,0xcB8fb2438A805664cD8c3e640b85AC473DA5BE87,CTI.png
Forj (Bondly),BONDLY,ETH,0x91dfbee3965baaee32784c2d546b7a0c62f268c9,BONDLY.png
My Crypto Heroes,MCHC,ETH,0xd69f306549e9d96f183b1aeca30b8f4353c2ecc3,MCHC.png
Hot Cross,HOTCROSS,ETH,0x4297394c20800e8a38a619a243e9bbe7681ff24e,HOTCROSS.png
Lossless,LSS,ETH,0x3b9be07d622accaed78f479bc0edabfd6397e320,LSS.png
PureFi Protocol,UFI,ETH,0xcDa4e840411C00a614aD9205CAEC807c7458a0E3,UFI.png
Fenerbahçe Token,FB,ETH,0xfb19075d77a0f111796fb259819830f4780f1429,FB.png
RMRK,RMRK,ETH,0x524d524B4c9366be706D3A90dcf70076ca037aE3,RMRK.png
Rangers Protocol Gas,RPG,ETH,0x1f16D41f9B3dB03b462BDD6c92245ee708D1C103,RPG.png
Ooki Protocol,OOKI,ETH,0x0De05F6447ab4D22c8827449EE4bA2D5C288379B,OOKI.png
StreamCoin,STRM,ETH,0x94a7f270cd12545a277e656266aef5e27df3eb28,STRM.png
Aether Games,AEG,ETH,0xF0187b76be05C1FCAa24f39C0a3aAB4434099c4f,AEG.png
NanoByte Token,NBT,ETH,0x446F2A8A39Cc730ef378Be759A3c57f1a3fE824c,NBT.png
Blockchain Brawlers,BRWL,ETH,0x4086e77c5e993fdb90a406285d00111a974f877a,BRWL.png
AssetMantle,MNTL,ETH,0x2c4f1df9c7de0c59778936c9b145ff56813f3295,MNTL.png
MBD Financials,MBD,ETH,0xaAf449Bf8A33a32575C31BA8CBb90612Dd95aCFa,MBD.png
Tamadoge,TAMA,ETH,0x12b6893cE26Ea6341919FE289212ef77e51688c8,TAMA.png
STFX,STFX,ETH,0x9343e24716659A3551eB10Aff9472A2dcAD5Db2d,STFX.png
Reality Metaverse,RMV,ETH,0x423352f2c6e0e72422b69af03aba259310146d90,RMV.png
PLANET,PLANET,ETH,0x2ad9addd0d97ec3cdba27f92bf6077893b76ab0b,PLANET.png
BLOCX.,BLOCX,ETH,0x4ff57e25eeb7affbbb060e0bad2e1759efc8bec4,BLOCX.png
Veloce,VEXT,ETH,0xB2492E97a68a6E4B9E9a11B99F6C42E5aCCD38c7,VEXT.png
BEFE,BEFE,ETH,0x0cc488a3f6c9a569614912e421115995493fdfec,BEFE.png
Morpheus Infrastructure Node,MIND,ETH,0xc9eb61ffb66d5815d643bbb8195e17c49687ae1e,MIND.png
VoluMint,VMINT,ETH,0xD7B2C1a7F3c67fB0EA57a7ef29bC1F18D7bE3195,VMINT.png
Amulet,AMU,ETH,0x174c47D6A4E548ED2B7d369dC0fFb2E60A6ac0F8,AMU.png
LandX Finance,LNDX,ETH,0x08A1C30BBB26425c1031ee9E43FA0B9960742539,LNDX.png
Super Trump Coin,STRUMP,ETH,0x7039cd6D7966672F194E8139074C3D5c4e6DCf65,STRUMP.png
Neurahub,NEURA,ETH,0x3d1c949a761c11e4cc50c3ae6bdb0f24fd7a39da,NEURA.png
ELON Coin,ELON,ETH,0x69420e3a3aa9e17dea102bb3a9b3b73dcddb9528,ELON.png
Three Protocol Token,THREE,ETH,0xa059b81568fee88791de88232e838465826cf419,THREE.png
Pepoclown,HONK,ETH,0xd8e8438cf7beed13cfabc82f300fb6573962c9e3,HONK.png
Lollybomb Meme Coin,BOMB,ETH,0x6B6EE7393F07B3dD1427b6848d3576F31C313127,BOMB.png
KAI KEN,KAI,ETH,0xA045Fe936E26e1e1e1Fb27C1f2Ae3643acde0171,KAI.png
WELL3,$WELL,ETH,0x63696fc66795b51d02c1590b536484a41fbddf9a,$WELL.png
Speedy,SPEEDY,ETH,0xc8f69a9b46b235de8d0b77c355fff7994f1b090f,SPEEDY.png
bitSmiley,SMILE,ETH,0x6A9B3fdB4a3296eCba1EbFA2cF4A8B16032a769C,SMILE.png
Moonray,MNRY,ETH,0x06904a21f2dB805487FcBDC3b3Fe9607dAaa5D54,MNRY.png
Humaniq,HMQ,ETH,0xcbcc0f036ed4788f63fc0fee32873d6a7487b908,HMQ.png
SALT,SALT,ETH,0x4156D3342D5c385a87D264F90653733592000581,SALT.png
Tokoin,TOKO,ETH,0xa0f0546eb5e3ee7e8cfc5da12e5949f3ae622675,TOKO.png
RigoBlock,GRG,ETH,0x4fbb350052bca5417566f188eb2ebce5b19bc964,GRG.png
CEREAL,CEP,ETH,0x4168BbC34BaEa34e55721809911bcA5baAEF6ba6,CEP.png
Hakka.Finance,HAKKA,ETH,0x0e29e5abbb5fd88e28b2d355774e73bd47de3bcd,HAKKA.png
Pickle Finance,PICKLE,ETH,0x429881672B9AE42b8EbA0E26cD9C73711b891Ca5,PICKLE.png
Bridge Oracle,BRG,ETH,0xc9c4fd7579133701fa2769b6955e7e56bb386db1,BRG.png
DerivaDAO,DDX,ETH,0x3a880652f47bfaa771908c07dd8673a787daed3a,DDX.png
Efforce,WOZX,ETH,0x34950ff2b487d9e5282c5ab342d08a2f712eb79f,WOZX.png
Exeedme,XED,ETH,0xef7f7820a001aabAc5E0979b175C9ff8Af3Dd4ec,XED.png
MAPS,MAPS,ETH,0x2b915b505c017abb1547aa5ab355fbe69865cc6d,MAPS.png
ZKBase,ZKB,ETH,0xBBBbbBBB46A1dA0F0C3F64522c275BAA4C332636,ZKB.png
CPUcoin,CPU,ETH,0x6d52dfefb16bb9cdc78bfca09061e44574886626,CPU.png
Govi,GOVI,ETH,0xeeaa40b28a2d1b0b08f6f97bb1dd4b75316c6107,GOVI.png
Polkacity,POLC,ETH,0xaA8330FB2B4D5D07ABFE7A72262752a8505C6B37,POLC.png
Polkamarkets,POLK,ETH,0xd478161c952357f05f0292b56012cd8457f1cfbf,POLK.png
Aurox,URUS,ETH,0xc6dddb5bc6e61e0841c54f3e723ae1f3a807260b,URUS.png
Moss Carbon Credit,MCO2,ETH,0xfc98e825a2264d890f9a1e68ed50e1526abccacd,MCO2.png
Polkadex,PDEX,ETH,0xF59ae934f6fe444afC309586cC60a84a0F89Aaea,PDEX.png
K21,K21,ETH,0xb9d99c33ea2d86ec5ec6b8a4dd816ebba64404af,K21.png
Dfyn Network,DFYN,ETH,0x9695e0114e12c0d3a3636fab5a18e6b737529023,DFYN.png
ACENT,ACE,ETH,0xec5483804e637d45cde22fa0869656b64b5ab1ab,ACE.png
FEAR,FEAR,ETH,0x88a9a52f944315d5b4e917b9689e65445c401e83,FEAR.png
Dotmoovs,MOOV,ETH,0x4116f14b6d462b32a1c10f98049e4b1765e34fa9,MOOV.png
Vega Protocol,VEGA,ETH,0xcb84d72e61e383767c4dfeb2d8ff7f4fb89abc6e,VEGA.png
dAppstore,DAPPX,ETH,0x00d8318e44780edeefcf3020a5448f636788883c,DAPPX.png
TRAVA.FINANCE,TRAVA,ETH,0x186d0ba3dfc3386c464eecd96a61fbb1e2da00bf,TRAVA.png
Ariva,ARV,ETH,0x79C7EF95aD32DcD5ECadB231568Bb03dF7824815,ARV.png
MARS4,MARS4,ETH,0x16CDA4028e9E872a38AcB903176719299beAed87,MARS4.png
CheckDot,CDT,ETH,0xCdB37A4fBC2Da5b78aA4E41a432792f9533e85Cc,CDT.png
Kromatika,KROM,ETH,0x3af33bef05c2dcb3c7288b77fe1c8d2aeba4d789,KROM.png
3space Art,PACE,ETH,0x8Bc2bCb1b1896291942C36F3Cca3C1afA0Aaa7fd,PACE.png
Tribal Finance,TRIBL,ETH,0x6988A804C74Fd04F37DA1EA4781CEa68c9C00F86,TRIBL.png
Konnect,KCT,ETH,0x4c601dc69affb0d4fc8de1ac303705e432a4a27e,KCT.png
OpenLeverage,OLE,ETH,0x1B6e9c73beE68102d9dd4A2627f97bFf4183ab0A,OLE.png
Angola,AGLA,ETH,0x1F7e5118521B550bB1A9B435727c003eB033FC51,AGLA.png
VNX Gold,VNXAU,ETH,0x6d57B2E05F26C26b549231c866bdd39779e4a488,VNXAU.png
HAVAH,HVH,ETH,0xd076c4ba62c57b3fa10800bcfd8da66742110e0e,HVH.png
Gemach,GMAC,ETH,0xD96e84DDBc7CbE1D73c55B6fe8c64f3a6550deea,GMAC.png
Morra,MORRA,ETH,0xd9adfb67381d392c6e9671f64cdd9014bfcd74f2,MORRA.png
K9 Finance,KNINE,ETH,0x91fbB2503AC69702061f1AC6885759Fc853e6EaE,KNINE.png
MindAI,MDAI,ETH,0xb549116ac57b47c1b365a890e1d04fd547dfff97,MDAI.png
Ÿ,YAI,ETH,0x477a3d269266994F15E9C43A8D9C0561C4928088,YAI.png
Landwolf (landwolfcoin),WOLF,ETH,0x9c7d4fb43919def524c1a9d92fe836169eaf0615,WOLF.png
BlockProtocol,BLOCK,ETH,0x8fc17671D853341D9e8B001F5Fc3C892d09CB53A,BLOCK.png
Gondola,GONDOLA,ETH,0xd43fba1f38d9b306aeef9d78ad177d51ef802b46,GONDOLA.png
Neos.ai,NEOS,ETH,0xd2a08fF5F31d2F2d70C91960323C2ed31268ae25,NEOS.png
Pentagon Games,PEN,ETH,0x5ee3188a3f8adee1d736edd4ae85000105c88f66,PEN.png
USAcoin,USACOIN,ETH,0x5e3f09ab25548616b4b97f6163ff19cf6027930d,USACOIN.png
DomRaider,DRT,ETH,0x9af4f26941677c706cfecf6d3379ff01bb85d5ab,DRT.png
Zap,ZAP,ETH,0x6781a0f84c7e9e846dcb84a9a5bd49333067b104,ZAP.png
Linker Coin,LNC,ETH,0x6BEB418Fc6E1958204aC8baddCf109B8E9694966,LNC.png
0xBitcoin,0xBTC,ETH,0xb6ed7644c69416d67b522e20bc294a9a9b405b31,0xBTC.png
Safe Haven,SHA,ETH,0x40fEd5691e547885cABd7A2990De719DCc8497FC,SHA.png
EXMO Coin,EXM,ETH,0x83869de76b9ad8125e22b857f519f001588c0f62,EXM.png
STAKE,STAKE,ETH,0x0Ae055097C6d159879521C384F1D2123D1f195e6,STAKE.png
Ziktalk,ZIK,ETH,0x88303fed02b31db9c7a9eafb711da9ef4a03e5d3,ZIK.png
UniLayer,LAYER,ETH,0x0fF6ffcFDa92c53F615a4A75D982f399C989366b,LAYER.png
YAM V3,YAM,ETH,0x0aacfbec6a24756c20d41914f2caba817c0d8521,YAM.png
Freeway Token,FWT,ETH,0x20e7125677311Fca903A8897042b9983f22Ea295,FWT.png
RFOX,RFOX,ETH,0xa1d6df714f91debf4e0802a542e13067f31b8262,RFOX.png
Handy,HANDY,ETH,0x8bbe1a2961B41340468D0548c2cd5B7DFA9b684c,HANDY.png
Base Protocol,BASE,ETH,0x07150e919b4de5fd6a63de1f9384828396f25fdc,BASE.png
BiFi,BIFI,ETH,0x2791bfd60d232150bff86b39b7146c0eaaa2ba81,BIFI.png
XMON,XMON,ETH,0x3aaDA3e213aBf8529606924d8D1c55CbDc70Bf74,XMON.png
Tranche Finance,SLICE,ETH,0x0aee8703d34dd9ae107386d3eff22ae75dd616d1,SLICE.png
Bware,INFRA,ETH,0x013062189dc3dcc99e9Cee714c513033b8d99e3c,INFRA.png
Standard,STND,ETH,0x9040e237C3bF18347bb00957Dc22167D0f2b999d,STND.png
Reflexer Ungovernance Token,FLX,ETH,0x6243d8cea23066d098a15582d81a598b4e8391f4,FLX.png
Coldstack,CLS,ETH,0x675bbc7514013e2073db7a919f6e4cbef576de37,CLS.png
Pussy Financial,PUSSY,ETH,0x9196e18bc349b1f64bc08784eae259525329a1ad,PUSSY.png
Nabox,NABOX,ETH,0x03d1e72765545729a035e909edd9371a405f77fb,NABOX.png
Bistroo,BIST,ETH,0x6e8908cfa881c9f6f2c64d3436e7b80b1bf0093f,BIST.png
SafeMoon Inu,SMI,ETH,0xCd7492db29E2ab436e819b249452EE1bbDf52214,SMI.png
SafeBlast,BLAST,ETH,0x614D7f40701132E25fe6fc17801Fbd34212d2Eda,BLAST.png
Vodra,VDR,ETH,0xed3d4e446a96dc3b181b64b75c3c70da41dc3cbe,VDR.png
Integral,ITGR,ETH,0xd502f487e1841fdc805130e13eae80c61186bc98,ITGR.png
Lithium,LITH,ETH,0x188e817b02e635d482ae4d81e25dda98a97c4a42,LITH.png
Civilization,CIV,ETH,0x37fe0f067fa808ffbdd12891c0858532cfe7361d,CIV.png
Chainbing,CBG,ETH,0x1900E8B5619a3596745F715d0427Fe617c729BA9,CBG.png
VelasPad,VLXPAD,ETH,0xb8e3bB633F7276cc17735D86154E0ad5ec9928C0,VLXPAD.png
Decentral Games,DG,ETH,0x4b520c812e8430659fc9f12f6d0c39026c83588d,DG.png
OpenDAO,SOS,ETH,0x3b484b82567a09e2588a13d54d032153f0c0aee0,SOS.png
BBS Network,BBS,ETH,0xFe459828c90c0BA4bC8b42F5C5D44F316700B430,BBS.png
BendDAO,BEND,ETH,0x0d02755a5700414b26ff040e1de35d337df56218,BEND.png
Burn,BURN,ETH,0xa2fe5e51729be71261bcf42854012827bc44c044,BURN.png
Skeb Coin,SKEB,ETH,0x6D614686550B9E1c1DF4b2cD8f91C9D4df66C810,SKEB.png
DinoLFG,DINO,ETH,0x49642110b712c1fd7261bc074105e9e44676c68f,DINO.png
Wecan Group,WECAN,ETH,0xea60cd69f2b9fd6eb067bddbbf86a5bdeffbbc55,WECAN.png
Prisma mkUSD,MKUSD,ETH,0x4591dbff62656e7859afe5e45f6f47d3669fbb28,MKUSD.png
Element,ELMT,ETH,0x600D601D8b9EB5DE5Ac90fEfC68d0d08801bFd3f,ELMT.png
Gorilla,GORILLA,ETH,0x33C04Bed4533e31f2Afb8AC4a61A48Eda38C4fA0,GORILLA.png
Meme Alliance,MMA,ETH,0x9B3A8159e119eb09822115AE08Ee1526849e1116,MMA.png
ApeBond,ABOND,ETH,0xe6828d65bf5023ae1851d90d8783cc821ba7eee1,ABOND.png
BeFi Labs,BEFI,ETH,0x8b9b95292f890DF47fFf5aC9Cbe93d5fC242bd51,BEFI.png
DeFrogs,DEFROGS,ETH,0xd555498a524612c67f286df0e0a9a64a73a7cdc7,DEFROGS.png
Pullix,PLX,ETH,0x1cc7047e15825f639e0752eb1b89e4225f5327f2,PLX.png
Groyper,GROYPER,ETH,0x6942806D1B2d5886D95cE2f04314ece8eb825833,GROYPER.png
Draggy,DRAGGY,ETH,0xd12a99dbc40036cec6f1b776dccd2d36f5953b94,DRAGGY.png
Jetcoin,JET,ETH,0x8727c112c712c4a03371ac87a74dd6ab104af768,JET.png
Monetha,MTH,ETH,0xaf4dce16da2877f8c9e00544c93b62ac40631f16,MTH.png
Databroker,DTX,ETH,0x765f0c16d1ddc279295c1a7c24b0883f62d33f75,DTX.png
Ferrum Network,FRM,ETH,0xe5caef4af8780e59df925470b050fb23c43ca68c,FRM.png
DAD,DAD,ETH,0x5b322514ff727253292637d9054301600c2c81e8,DAD.png
CONTRACOIN,CTCN,ETH,0xfd6c31bb6f05fc8db64f4b740ab758605c271fd8,CTCN.png
PEAKDEFI,PEAK,ETH,0x630d98424efe0ea27fb1b3ab7741907dffeaad78,PEAK.png
ZeroSwap,ZEE,ETH,0x2eDf094dB69d6Dcd487f1B3dB9febE2eeC0dd4c5,ZEE.png
Rook,ROOK,ETH,0xfa5047c9c78b8877af97bdcb85db743fd7313d4a,ROOK.png
Razor Network,RAZOR,ETH,0x50de6856358cc35f3a9a57eaaa34bd4cb707d2cd,RAZOR.png
Olyverse,OLY,ETH,0x6595b8fd9c920c81500dca94e53cdc712513fb1f,OLY.png
Konomi Network,KONO,ETH,0x850aAB69f0e0171A9a49dB8BE3E71351c8247Df4,KONO.png
InsurAce,INSUR,ETH,0x544c42fbb96b39b21df61cf322b5edc285ee7429,INSUR.png
DAFI Protocol,DAFI,ETH,0xfc979087305a826c2b2a0056cfaba50aad3e6439,DAFI.png
X World Games,XWG,ETH,0x0a77ef9bf662d62fbf9ba4cf861eaa83f9cc4fec,XWG.png
Etherland,ELAND,ETH,0x33e07f5055173cf8febede8b21b12d1e2b523205,ELAND.png
Crust Shadow,CSM,ETH,0x2620638EDA99F9e7E902Ea24a285456EE9438861,CSM.png
Throne,THN,ETH,0x2e95cea14dd384429eb3c4331b776c4cfbb6fcd9,THN.png
ADAPad,ADAPAD,ETH,0xdb0170e2d0c1cc1b2e7a90313d9b9afa4f250289,ADAPAD.png
DEEPSPACE,DPS,ETH,0xB7B1570e26315BAAD369b8EA0a943b7F140DB9eB,DPS.png
Lyra,LYRA,ETH,0x01ba67aac7f75f647d94220cc98fb30fcc5105bf,LYRA.png
NvirWorld,NVIR,ETH,0x9d71CE49ab8A0E6D2a1e7BFB89374C9392FD6804,NVIR.png
Rainmaker Games,RAIN,ETH,0x71fc1f555a39e0b698653ab0b475488ec3c34d57,RAIN.png
Hillstone Finance,HSF,ETH,0xba6b0dbb2ba8daa8f5d6817946393aef8d3a4487,HSF.png
Kaizen Finance,KZEN,ETH,0x4550003152F12014558e5CE025707E4DD841100F,KZEN.png
Wombat Web 3 Gaming Platform,WOMBAT,ETH,0x0C9c7712C83B3C70e7c5E11100D33D9401BdF9dd,WOMBAT.png
Funex,FUNEX,ETH,0xD6e460F70e1CF60E55B770f66E568B44bf3657d0,FUNEX.png
Shopping.io,SHOP,ETH,0x64b78325d7495d6d4be92f234fa3f3b8d8964b8b,SHOP.png
ROND,ROND,ETH,0x82197d7446a435105d6f3a430d72a6713960e34d,ROND.png
APED,APED,ETH,0xe0151763455a8a021e64880c238ba1cff3787ff0,APED.png
KEK,KEKE,ETH,0xf7168c8abb0ff80116413a8d95396bbdc318a3ff,KEKE.png
Noggles,NOGS,ETH,0x5Fa20D59d2A907E5FEd9Fb80B4A8D9F0d069a48D,NOGS.png
LootBot,LOOT,ETH,0xb478c6245e3d85d6ec3486b62ea872128d562541,LOOT.png
HarryPotterObamaPacMan8Inu,XRP,ETH,0x07E0EDf8ce600FB51d44F51E3348D77D67F298ae,XRP.png
Nutcoin,NUT,ETH,0x473F4068073Cd5b2aB0E4Cc8E146F9EDC6fb52CC,NUT.png
Syncus,SYNC,ETH,0xa41d2f8Ee4F47D3B860A149765A7dF8c3287b7F0,SYNC.png
Meme Ai,MEMEAI,ETH,0x695d38EB4e57E0f137e36df7c1f0f2635981246b,MEMEAI.png
DeFi,DEFI,ETH,0x6B0FaCA7bA905a86F221CEb5CA404f605e5b3131,DEFI.png
MAGA VP,MVP,ETH,0x766d2fcECe1E3eeF32aae8711ab886eE95fd5B2A,MVP.png
Sheboshis,SHEB,ETH,0x5de869e3e62b0fb2c15573246ba3bb3fd97a2275,SHEB.png
Arcade,ARC,ETH,0x2903Bd7dB50f300b0884f7a15904bAffc77f3eC7,ARC.png
MetaDOS,SECOND,ETH,0x7979871595b80433183950ab6c6457752b585805,SECOND.png
TAIKAI,TKAI,ETH,0x7c5b267ed81009aa7374b5ca7e5137da47045ba8,TKAI.png
Wat,WAT,ETH,0x636bd98fc13908e475f56d8a38a6e03616ec5563,WAT.png
SAITAMA INU,SAITAMA,ETH,0x0000e3705d8735ee724a76f3440c0a7ea721ed00,SAITAMA.png
Living the Dream,LTD,ETH,0x1FdB29Ad49330B07aE5a87483F598AA6b292039E,LTD.png
Social DAO,SOCIAL,ETH,0xD3C68968137317a57a9bAbeacC7707Ec433548B4,SOCIAL.png
BOPPY,BOPPY,ETH,0xe79031B5aaEb3eE8D0145e3d75B81B36BFfe341d,BOPPY.png
Cros,CROS,ETH,0x5A59dD979754B09EA686ce93C98D4CE8bDCb43F2,CROS.png
OrbitAI,ORBIT,ETH,0x6499999951f0B5ba8B9187958884F9F5b50e45Fd,ORBIT.png
Internxt,INXT,ETH,0x4a8f5f96d5436e43112c2fbc6a9f70da9e4e16d4,INXT.png
Lympo,LYM,ETH,0xc690f7c7fcffa6a82b79fab7508c466fefdfc8c5,LYM.png
BOLT,BOLT,ETH,0xd5930c307d7395ff807f2921f12c5eb82131a789,BOLT.png
ALLY,ALY,ETH,0x9d5686eadea7327f5a0c4820dca90457a0e88763,ALY.png
Donut,DONUT,ETH,0xc0f9bd5fa5698b6505f643900ffa515ea5df54a9,DONUT.png
Niftyx Protocol,SHROOM,ETH,0xed0439eacf4c4965ae4613d77a5c2efe10e5f183,SHROOM.png
OctoFi,OCTO,ETH,0x7240aC91f01233BaAf8b064248E80feaA5912BA3,OCTO.png
PlotX,PLOT,ETH,0x72f020f8f3e8fd9382705723cd26380f8d0c66bb,PLOT.png
CyberFi Token,CFi,ETH,0x63b4f3e3fa4e438698ce330e365e831f7ccd1ef4,CFi.png
Leverj Gluon,L2,ETH,0xBbff34E47E559ef680067a6B1c980639EEb64D24,L2.png
Unbound,UNB,ETH,0x8dB253a1943DdDf1AF9bcF8706ac9A0Ce939d922,UNB.png
HollyGold,HGOLD,ETH,0x0c93b616933b0cd03b201b29cd8a22681dd9e0d9,HGOLD.png
DIGG,DIGG,ETH,0x798D1bE841a82a273720CE31c822C61a67a601C3,DIGG.png
PolkaBridge,PBR,ETH,0x298d492e8c1d909d3f63bc4a36c66c64acb3d695,PBR.png
Bridge Mutual,BMI,ETH,0x725c263e32c72ddc3a19bea12c5a0479a81ee688,BMI.png
Oddz,ODDZ,ETH,0xCd2828fc4D8E8a0eDe91bB38CF64B1a81De65Bf6,ODDZ.png
Hord,HORD,ETH,0x43a96962254855f16b925556f9e97be436a43448,HORD.png
LOCGame,LOCG,ETH,0x60eb57d085c59932d5faa6c6026268a4386927d0,LOCG.png
O3 Swap,O3,ETH,0xee9801669c6138e84bd50deb500827b776777d28,O3.png
Pleasure Coin,NSFW,ETH,0x8f006d1e1d9dc6c98996f50a4c810f17a47fbf19,NSFW.png
Tiger King Coin,TKING,ETH,0x24e89bdf2f65326b94e36978a7edeac63623dafa,TKING.png
Spores Network,SPO,ETH,0xcbE771323587EA16dACB6016e269D7F08A7ACC4E,SPO.png
Forest Knight,KNIGHT,ETH,0x4455eF8B4B4A007a93DaA12DE63a47EEAC700D9D,KNIGHT.png
EVRYNET,EVRY,ETH,0xd7dcd9b99787c619b4d57979521258d1a7267ad7,EVRY.png
DOSE,DOSE,ETH,0xb31ef9e52d94d4120eb44fe1ddfde5b4654a6515,DOSE.png
Internet of Energy Network,IOEN,ETH,0x1e4E46b7BF03ECE908c88FF7cC4975560010893A,IOEN.png
CropBytes,CBX,ETH,0x37fc4b48ce93469dbea9918468993c735049642a,CBX.png
Shiryo,SHIRYO,ETH,0x1E2F15302B90EddE696593607b6bD444B64e8F02,SHIRYO.png
Football World Community,FWC,ETH,0xad5f5edaa218b45866285252cb5662cd19cab99b,FWC.png
Hourglass,WAIT,ETH,0x2559813bbb508c4c79e9ccce4703bcb1f149edd7,WAIT.png
HanChain,HAN,ETH,0x0c90c57aaf95a3a87eadda6ec3974c99d786511f,HAN.png
Elmo,ELMO,ETH,0x335f4e66b9b61cee5ceade4e727fcec20156b2f0,ELMO.png
"Duckies, the canary network for Yellow",DUCKIES,ETH,0x90b7E285ab6cf4e3A2487669dba3E339dB8a3320,DUCKIES.png
EML Protocol,EML,ETH,0x03dDe9e5BB31ee40A471476e2FCcF75C67921062,EML.png
Epiko,EPIKO,ETH,0xb62e24b747eaa41454857cf6011832117df59cb8,EPIKO.png
Edelcoin,EDLC,ETH,0xc47ef9b19c3e29317a50f5fbe594eba361dada4a,EDLC.png
Shezmu,SHEZMU,ETH,0x5fe72ed557d8a02fff49b3b826792c765d5ce162,SHEZMU.png
Niza Global,NIZA,ETH,0xb58E26ac9cc14c0422C2b419b0CA555Ee4DcB7CB,NIZA.png
Earn Network,EARN,ETH,0x12Ed0641242e4C6c220e3ca8F616E9d5470AC99a,EARN.png
ZELIX,ZELIX,ETH,0x0257ffd7ea2ebba4aaa090c7adbdd032a08c1f74,ZELIX.png
Vestate,VES,ETH,0x1f557FB2aa33Dce484902695cA1374F413875519,VES.png
Palette,PLT,ETH,0x553Afe6468949E0685959022217336717dF5Fbe8,PLT.png
MAGA AGAIN,MAGAA,ETH,0x9EBb0895bD9C7C9dFAB0d8d877c66bA613Ac98Ea,MAGAA.png
Caitlyn Jenner (ETH),JENNER,ETH,0x482702745260ffd69fc19943f70cffe2cacd70e9,JENNER.png
Matt Furie,MATT,ETH,0x790814Cd782983FaB4d7B92CF155187a865d9F18,MATT.png
Department Of Government Efficiency (DOGE),DOGE,ETH,0x81FcC294d91bd8FFC8a822d7df0e2fD2f8526c39,DOGE.png
Cate,CATE,ETH,0xa00453052A36D43A99Ac1ca145DFe4A952cA33B8,CATE.png
Cheems,CHEEMS,ETH,0x41b1f9dcd5923c9542b6957b9b72169595acbc5c,CHEEMS.png
Hana,HANA,ETH,0xB3912b20b3aBc78C15e85E13EC0bF334fbB924f7,HANA.png
VIX777,VIX,ETH,0x283d480dfd6921055e9c335fc177bf8cb9c94184,VIX.png
Flixxo,FLIXX,ETH,0xf04a8ac553fcedb5ba99a64799155826c136b0be,FLIXX.png
Genaro Network,GNX,ETH,0x6ec8a24cabdc339a06a172f8223ea557055adaa5,GNX.png
Atomic Wallet Coin,AWC,ETH,0xad22f63404f7305e4713ccbd4f296f34770513f4,AWC.png
PERL.eco,PERL,ETH,0xeca82185adce47f39c684352b0439f030f860318,PERL.png
LINKA,LINKA,ETH,0x578b49c45961f98d8df92854b53f1641af0a5036,LINKA.png
Dawn Protocol,DAWN,ETH,0x580c8520deda0a441522aeae0f9f7a5f29629afa,DAWN.png
pNetwork,PNT,ETH,0x89ab32156e46f46d02ade3fecbe5fc4243b9aaed,PNT.png
Swingby,SWINGBY,ETH,0x8287c7b963b405b7b8d467db9d79eec40625b13a,SWINGBY.png
Arcona,ARCONA,ETH,0x0f71b8de197a1c84d31de0f1fa7926c365f052b3,ARCONA.png
Strong,STRONG,ETH,0x990f341946a3fdb507ae7e52d17851b87168017c,STRONG.png
DuckDaoDime,DDIM,ETH,0xfbeea1c75e4c4465cb2fccc9c6d6afe984558e20,DDIM.png
Empty Set Dollar,ESD,ETH,0x36f3fd68e7325a35eb768f1aedaae9ea0689d723,ESD.png
PowerTrade Fuel,PTF,ETH,0xC57d533c50bC22247d49a368880fb49a1caA39F7,PTF.png
AurusX,AX,ETH,0xCB0D82f4DFA503C9e3b8Abc7A3Caa01175b2dA39,AX.png
Neutrino System Base Token,NSBT,ETH,0x9d79d5b61de59d882ce90125b18f74af650acb93,NSBT.png
Hyve,HYVE,ETH,0xd794DD1CAda4cf79C9EebaAb8327a1B0507ef7d4,HYVE.png
Monavale,MONA,ETH,0x275f5Ad03be0Fa221B4C6649B8AeE09a42D9412A,MONA.png
Yield App,YLD,ETH,0xF94b5C5651c888d928439aB6514B93944eEE6F48,YLD.png
e-Money,NGM,ETH,0xed0d5747a9ab03a75fbfec3228cd55848245b75d,NGM.png
Cyclone Protocol,CYC,ETH,0x8861cff2366c1128fd699b68304ad99a0764ef9a,CYC.png
ChainGuardians,CGG,ETH,0x1fe24f25b1cf609b9c4e7e12d802e3640dfa5e43,CGG.png
Convergence,CONV,ETH,0xc834fa996fa3bec7aad3693af486ae53d8aa8b50,CONV.png
Chronicle,XNL,ETH,0x06a00715e6f92210af9d7680b584931faf71a833,XNL.png
Protocol Monsters,PMON,ETH,0x1796ae0b0fa4862485106a0de9b654eFE301D0b2,PMON.png
Drep [new],DREP,ETH,0x3ab6ed69ef663bd986ee59205ccad8a20f98b4c2,DREP.png
Signata,SATA,ETH,0x3ebb4A4e91Ad83BE51F8d596533818b246F4bEe1,SATA.png
PERI Finance,PERI,ETH,0x5d30aD9C6374Bf925D0A75454fa327AACf778492,PERI.png
XCarnival,XCV,ETH,0x493CbBd4A5da462E3dbc3E5c8e2A1E37D1D03CAc,XCV.png
ETHPad,ETHPAD,ETH,0x8dB1D28Ee0d822367aF8d220C0dc7cB6fe9DC442,ETHPAD.png
Cirus Foundation,CIRUS,ETH,0xa01199c61841fce3b3dafb83fefc1899715c8756,CIRUS.png
Blockchain Monster Hunt,BCMC,ETH,0x2BA8349123de45E931a8C8264c332E6e9CF593F9,BCMC.png
XY Finance,XY,ETH,0x77777777772cf0455fB38eE0e75f38034dFa50DE,XY.png
Avocado DAO Token,AVG,ETH,0xa41f142b6eb2b164f8164cae0716892ce02f311f,AVG.png
Fringe Finance,FRIN,ETH,0xC9fE6E1C76210bE83DC1B5b20ec7FD010B0b1D15,FRIN.png
Wombat Exchange,WOM,ETH,0xc0B314a8c08637685Fc3daFC477b92028c540CFB,WOM.png
Thrupenny,TPY,ETH,0x968Cbe62c830A0Ccf4381614662398505657A2A9,TPY.png
Shib Original Vision,SOV,ETH,0x2C5BC2Ba3614fD27FCc7022eA71d9172E2632c16,SOV.png
Papi,PAPI,ETH,0x693c216aa181ebf776730d16c7ba06842548415e,PAPI.png
WaifuAI,WFAI,ETH,0x8A001303158670E284950565164933372807cD48,WFAI.png
X,X,ETH,0xa62894D5196bC44e4C3978400Ad07E7b30352372,X.png
Gold,GOLD,ETH,0x089453742936dd35134383aee9d78bee63a69b01,GOLD.png
Love Power Market,LPM,ETH,0x504624040e0642921C2c266a9aC37CafBd8cDa4e,LPM.png
Atsuko Sato,SATO,ETH,0x5de758bba013e58dae2693aea3f0b12b31a3023d,SATO.png
Unio Coin,UNIO,ETH,0x01aaC2b594F7bdBeC740F0F1AA22910EbB4B74Ab,UNIO.png
Lemonrocks,LEMON,ETH,0x898843Fb909e3562C82F2B96F4e3d0693Af041Df,LEMON.png
ABDS Token,ABDS,ETH,0xB56AaAc80C931161548a49181c9E000a19489C44,ABDS.png
Cryptify AI,CRAI,ETH,0x3F66aE0c8E9Fb57f661aF4Ba8C8445D36ec5d7F7,CRAI.png
EVA Intelligence,EVAI,ETH,0x84F171f4c7b43966231847cc6e60416E6C3A7360,EVAI.png
Acid Toad,TOAD,ETH,0xac1d3d7a8878e655cbb063d58e453540641f4117,TOAD.png
Real Games,RG,ETH,0x1a920b0eaE5B49c51eBf042a61c3Fa58Dae04882,RG.png
GameCredits,GAME,ETH,0x63f88a2298a5c4aee3c216aa6d926b184a4b2437,GAME.png
CRYPTO20,C20,ETH,0x26e75307fc0c021472feb8f727839531f112f317,C20.png
Ruff,RUFF,ETH,0xf278c1ca969095ffddded020290cf8b5c424ace2,RUFF.png
Refereum,RFR,ETH,0xd0929d411954c47438dc1d871dd6081f5c5e149c,RFR.png
TE-FOOD,TONE,ETH,0x2ab6bb8408ca3199b8fa6c92d5b455f820af03c4,TONE.png
Mithril,MITH,ETH,0x3893b9422cd5d70a81edeffe3d5a1c6a978310bb,MITH.png
CyberVein,CVT,ETH,0xbe428c3867f05dea2a89fc76a102b544eac7f772,CVT.png
BidiPass,BDP,ETH,0x593114f03a0a575aece9ed675e52ed68d2172b8c,BDP.png
BonusCloud,BXC,ETH,0xdeCF7Be29F8832E9C2Ddf0388c9778B8Ba76af43,BXC.png
suterusu,SUTER,ETH,0xAA2ce7Ae64066175E0B90497CE7d9c190c315DB4,SUTER.png
Darwinia Commitment Token,KTON,ETH,0x9f284e1337a815fe77d2ff4ae46544645b20c5ff,KTON.png
Cat Token,CAT,ETH,0x56015bbe3c01fe05bc30a8a9a9fd9a88917e7db3,CAT.png
Opium,OPIUM,ETH,0x888888888889c00c67689029d7856aac1065ec11,OPIUM.png
Digital Reserve Currency,DRC,ETH,0xa150db9b1fa65b44799d4dd949d922c0a33ee606,DRC.png
88mph,MPH,ETH,0x8888801af4d980682e47f1a9036e589479e835c5,MPH.png
SYNC Network,SYNC,ETH,0xB6ff96B8A8d214544Ca0dBc9B33f7AD6503eFD32,SYNC.png
Peanut,NUX,ETH,0x89bd2e7e388fab44ae88bef4e1ad12b4f1e0911c,NUX.png
ApeSwap,BANANA,ETH,0x92DF60c51C710a1b1C20E42D85e221f3A1bFc7f2,BANANA.png
Kangal,KANGAL,ETH,0x6e765d26388a17a6e86c49a8e41df3f58abcd337,KANGAL.png
Float Protocol (Bank),BANK,ETH,0x24a6a37576377f63f194caa5f518a60f45b42921,BANK.png
MurAll,PAINT,ETH,0x4c6ec08cf3fc987c6c4beb03184d335a2dfc4042,PAINT.png
Equalizer,EQZ,ETH,0x1Da87b114f35E1DC91F72bF57fc07A768Ad40Bb0,EQZ.png
Kattana,KTN,ETH,0x491e136ff7ff03e6ab097e54734697bb5802fc1c,KTN.png
Loser Coin,LOWB,ETH,0x69e5C11a7C30f0bf84A9faECBd5161AA7a94decA,LOWB.png
Virtue Poker,VPP,ETH,0x5eeaa2dcb23056f4e8654a349e57ebe5e76b5e6e,VPP.png
Thorstarter,XRUNE,ETH,0x69fa0fee221ad11012bab0fdb45d444d3d2ce71c,XRUNE.png
Brokoli Network,BRKL,ETH,0x4674a4F24C5f63D53F22490Fb3A08eAAAD739ff8,BRKL.png
KamPay,KAMPAY,ETH,0x3907e6ff436e2b2B05D6B929fb05F14c0ee18d90,KAMPAY.png
Rhythm,RHYTHM,ETH,0xd73E883e203646e87F6d073BAF3D7719bDa68Bcb,RHYTHM.png
Life Crypto,LIFE,ETH,0x6c936D4AE98E6d2172dB18c16C4b601C99918EE6,LIFE.png
Prime Numbers Labs Ecosystem,PRNT,ETH,0x7cfea0dd176651e7b5a1ced9c4faf8ee295315fd,PRNT.png
OrbCity,ORB,ETH,0x3c917054e03485808137eb306eafa8da0ab695cd,ORB.png
Aurigami,PLY,ETH,0x1ab43204a195a0fd37edec621482afd3792ef90b,PLY.png
Acquire.Fi,ACQ,ETH,0x4BDCb66B968060D9390C1D12bd29734496205581,ACQ.png
OpenBlox,OBX,ETH,0x188fb5f5Ae5BBE4154d5778F2bbb2Fb985c94d25,OBX.png
PUMLx,PUMLX,ETH,0x8c088775e4139af116Ac1FA6f281Bbf71E8c1c73,PUMLX.png
All In,ALLIN,ETH,0x9B2b931d6AB97B6A887b2C5d8529537E6FE73Ebe,ALLIN.png
TemDAO,TEM,ETH,0xaE0585a259A3BCAB258D6EE02FB583f7B33C2a12,TEM.png
SELF Crypto,SELF,ETH,0x4af8aa621df6dd3e2d653188a357fc2b35c6a037,SELF.png
BABYTRUMP,BABYTRUMP,ETH,0x354c8cda7e3b737d360513a0dc5abcee8ee1cea3,BABYTRUMP.png
ArkiTech,ARKI,ETH,0xd3210F246Ae54C5a45A7b4A83315bf718F591bfc,ARKI.png
Castle of Blackwater,COBE,ETH,0xc61edb127f58f42f47a8be8aebe83cf602a53878,COBE.png
Galaxis,GALAXIS,ETH,0x423071774C43c0Aaf4210b439E7CDA8c797e2F26,GALAXIS.png
AMC,AMC,ETH,0x426a688eE72811773eB64F5717A32981B56F10c1,AMC.png
Baby Neiro Token,BABYNEIRO,ETH,0xbAbE3ce7835665464228dF00B03246115C30730A,BABYNEIRO.png
Fuku-Kun,FUKU,ETH,0x1001271083C249bd771E1bb76C22D935809a61Ee,FUKU.png
Izzy,IZZY,ETH,0x6969f3a3754ab674b48b7829a8572360e98132ba,IZZY.png
Zapicorn,ZAPI,ETH,0xc434268603cA8854e0Be1a3fF15CaD73BD6eC49A,ZAPI.png
Noti,NOTI,ETH,0xffB1018eff5FC021E15215290732F02a89b008E7,NOTI.png
Ducky,DUCKY,ETH,0x699ec925118567b6475fe495327ba0a778234aaa,DUCKY.png
Ubex,UBEX,ETH,0x6704b673c70de9bf74c8fba4b4bd748f0e2190e1,UBEX.png
CoTrader,COT,ETH,0x5c872500c00565505f3624ab435c222e558e9ff8,COT.png
DEXA COIN,DEXA,ETH,0x725440512cb7b78bf56b334e50e31707418231cb,DEXA.png
4P FOUR,FOUR,ETH,0x4730fb1463a6f1f44aeb45f6c5c422427f37f4d0,FOUR.png
Zelwin,ZLW,ETH,0x5319e86F0e41a06E49eb37046b8c11D78bcAd68C,ZLW.png
PhoenixDAO,PHNX,ETH,0x38A2fDc11f526Ddd5a607C1F251C065f40fBF2f7,PHNX.png
SORA,XOR,ETH,0x40FD72257597aA14C7231A7B1aaa29Fce868F677,XOR.png
Decentr,DEC,ETH,0x30f271c9e86d2b7d00a6376cd96a1cfbd5f0b9b3,DEC.png
OIN Finance,OIN,ETH,0x9aeB50f542050172359A0e1a25a9933Bc8c01259,OIN.png
Swerve,SWRV,ETH,0xb8baa0e4287890a5f79863ab62b7f175cecbd433,SWRV.png
Hedget,HGET,ETH,0x7968bc6a03017ea2de509aaa816f163db0f35148,HGET.png
SakeToken,SAKE,ETH,0x066798d9ef0833ccc719076dab77199ecbd178b0,SAKE.png
Autobahn Network,TXL,ETH,0x8eEF5a82E6Aa222a60F009ac18c24EE12dBf4b41,TXL.png
TitanSwap,TITAN,ETH,0x3A8cCCB969a61532d1E6005e2CE12C200caeCe87,TITAN.png
SaTT,SATT,ETH,0xDF49C9F599A0A9049D97CFF34D0C30E468987389,SATT.png
Eden,EDEN,ETH,0x1559fa1b8f28238fd5d76d9f434ad86fd20d1559,EDEN.png
Curate,XCUR,ETH,0xE1c7E30C42C24582888C758984f6e382096786bd,XCUR.png
Oxygen,OXY,ETH,0x965697b4ef02f0de01384d0d4f9f782b1670c163,OXY.png
Nord Finance,NORD,ETH,0x6e9730ecffbed43fd876a264c982e254ef05a0de,NORD.png
Furucombo,COMBO,ETH,0xfFffFffF2ba8F66D4e51811C5190992176930278,COMBO.png
Xeno Token,XNO,ETH,0xc03a652efbbacfabde37cd66c7a4ff4332f7186c,XNO.png
Modefi,MOD,ETH,0xea1ea0972fa092dd463f2968f9bb51cc4c981d71,MOD.png
Shadows,DOWS,ETH,0x661ab0ed68000491d98c796146bcf28c20d7c559,DOWS.png
Unido EP,UDO,ETH,0xea3983fc6d0fbbc41fb6f6091f68f3e08894dc06,UDO.png
BlockWallet,BLANK,ETH,0x41a3dba3d677e573636ba691a70ff2d606c29666,BLANK.png
Playcent,PCNT,ETH,0x657B83A0336561C8f64389a6f5aDE675C04b0C3b,PCNT.png
bAlpha,BALPHA,ETH,0x7a5ce6abD131EA6B148a022CB76fc180ae3315A6,BALPHA.png
Idavoll DAO,IDV,ETH,0x45448E05020576929fcDEabC228E35b420098840,IDV.png
DeHive,DHV,ETH,0x62Dc4817588d53a056cBbD18231d91ffCcd34b2A,DHV.png
disBalancer,DDOS,ETH,0x7fbec0bb6a7152e77c30d005b5d49cbc08a602c3,DDOS.png
8PAY,8PAY,ETH,0x06DDb3a8BC0aBc14f85e974CF1A93a6f8d4909d9,8PAY.png
Shirtum,SHI,ETH,0xaD996A45fd2373ed0B10Efa4A8eCB9de445A4302,SHI.png
Orion Money,ORION,ETH,0x727f064a78dc734d33eec18d5370aef32ffd46e4,ORION.png
NFTrade,NFTD,ETH,0x8e0fe2947752be0d5acf73aae77362daf79cb379,NFTD.png
Ojamu,OJA,ETH,0x0aa7efe4945db24d95ca6e117bba65ed326e291a,OJA.png
OneArt,1ART,ETH,0xD3c325848D7c6E29b574Cb0789998b2ff901f17E,1ART.png
UNIX Corp,UNIX,ETH,0xddd6a0ecc3c6f6c102e5ea3d8af7b801d1a77ac8,UNIX.png
Spellfire,SPELLFIRE,ETH,0x3a0b022f32b3191d44e5847da12dc0b63fb07c91,SPELLFIRE.png
Magical Blocks,MBLK,ETH,0xF47245e9A3Ba3dCa8B004E34afc1290B1d435a52,MBLK.png
KING,KING,ETH,0xe28027c99c7746ffb56b0113e5d9708ac86fae8f,KING.png
Scalia Infrastructure,SCALE,ETH,0x8a0a9b663693a22235b896f70a229c4a22597623,SCALE.png
Mars Battle,SHOOT,ETH,0xbc61e13ca6830fc7f035fd0e90a01cd08be6dcaa,SHOOT.png
RunesBridge,RB,ETH,0xe91598331a36a78f7fefe277ce7c1915da0afb93,RB.png
MoonBag,$MBAG,ETH,0xa7F4195F10F1a62B102bD683eAB131d657A6c6e4,$MBAG.png
Spike,SPIKE,ETH,0x19848077f45356b21164c412Eff3D3E4ff6Ebc31,SPIKE.png
Onigiri,ONI,ETH,0x7777cec341e7434126864195adef9b05dcc3489c,ONI.png
KOI,KOAI,ETH,0x7e331b55e4fbba7cb9c1fc855ed0dac2983e7798,KOAI.png
Medusa (medusa.cx),MEDUSA,ETH,0xE34ba9cbdF45c9d5Dcc80E96424337365b6Fe889,MEDUSA.png
Peanut,PEANUT,ETH,0x4947b72fED037AdE3365dA050A9be5c063E605A7,PEANUT.png
Mao,MAO,ETH,0x556c3cbDCA77a7f21AFE15b17e644e0e98e64Df4,MAO.png
Rublix,RBLX,ETH,0xFc2C4D8f95002C14eD0a7aA65102Cac9e5953b5E,RBLX.png
EveryCoin ,EVY,ETH,0xeed3ae7b0f8b5b9bb8c035a9941382b1822671cd,EVY.png
GoWithMi,GMAT,ETH,0xa110eeebc0751407bdcaea4cd230f04a2b82a33a,GMAT.png
Eminer,EM,ETH,0x35b08722aa26be119c1608029ccbc976ac5c1082,EM.png
Rapidz,RPZX,ETH,0x68350d30d9f58c81aaaa41929f1bfc52fff4ea49,RPZX.png
Jarvis Network,JRT,ETH,0x8a9c67fee641579deba04928c4bc45f66e26343a,JRT.png
Castweet,CTT,ETH,0x1a4743cf1af4c289351390a2b3fe7c13d2f7c235,CTT.png
Axis DeFi,AXIS,ETH,0xecc0f1f860a82ab3b442382d93853c02d6384389,AXIS.png
Seigniorage Shares,SHARE,ETH,0x39795344cbcc76cc3fb94b9d1b15c23c2070c66d,SHARE.png
YFDAI.FINANCE,YF-DAI,ETH,0xf4CD3d3Fda8d7Fd6C5a500203e38640A70Bf9577,YF-DAI.png
DeFiner,FIN,ETH,0x054f76beed60ab6dbeb23502178c52d6c5debe40,FIN.png
SnowSwap,SNOW,ETH,0xfe9a29ab92522d14fc65880d817214261d8479ae,SNOW.png
Coreto,COR,ETH,0x9C2dc0c3CC2BADdE84B0025Cf4df1c5aF288D835,COR.png
Value Liquidity,VALUE,ETH,0x49e833337ece7afe375e44f4e3e8481029218e5c,VALUE.png
Misbloc,MSB,ETH,0x84c722e6f1363e8d5c6db3ea600bef9a006da824,MSB.png
ReapChain,REAP,ETH,0x1fc5ef0337aea85c5f9198853a6e3a579a7a6987,REAP.png
Governor DAO,GDAO,ETH,0x515d7e9d75e2b76db60f8a051cd890eba23286bc,GDAO.png
Bird.Money,BIRD,ETH,0x70401dfd142a16dc7031c56e862fc88cb9537ce0,BIRD.png
Basis Cash,BAC,ETH,0x3449FC1Cd036255BA1EB19d65fF4BA2b8903A69a,BAC.png
Duck DAO (DLP Duck Token),DUCK,ETH,0xc0ba369c8db6eb3924965e5c4fd0b4c1b91e305f,DUCK.png
Finxflo,FXF,ETH,0x8a40c222996f9f3431f63bf80244c36822060f12,FXF.png
Fractal ID,FCL,ETH,0xf4d861575ecc9493420a3f5a14f85b13f0b50eb3,FCL.png
Bitune,TUNE,ETH,0x1fac00ccee478eced6a120a50ed2ab28ee7fe32b,TUNE.png
Ares Protocol,ARES,ETH,0x358AA737e033F34df7c54306960a38d09AaBd523,ARES.png
KINE,KINE,ETH,0xcbfef8fdd706cde6f208460f2bf39aa9c785f05d,KINE.png
Raze Network,RAZE,ETH,0x5Eaa69B29f99C84Fe5dE8200340b4e9b4Ab38EaC,RAZE.png
Genesis Shards,GS,ETH,0xe0b9a2c3e9f40cf74b2c7f591b2b0cca055c3112,GS.png
Mochi Market,MOMA,ETH,0xbd1848e1491d4308ad18287a745dd4db2a4bd55b,MOMA.png
Don-key,DON,ETH,0x217ddead61a42369a266f1fb754eb5d3ebadc88a,DON.png
IOI Token,IOI,ETH,0x8b3870df408ff4d7c3a26df852d41034eda11d81,IOI.png
Corite,CO,ETH,0x936B6659Ad0C1b244Ba8Efe639092acae30dc8d6,CO.png
DeFine,DFA,ETH,0x62959c699a52ec647622c91e79ce73344e4099f5,DFA.png
Kryptomon,KMON,ETH,0xc4170fd71eced3c80badca77f4e12e8aac1e3436,KMON.png
The HUSL,HUSL,ETH,0xa2881f7f441267042f9778ffa0d4f834693426be,HUSL.png
Polinate,POLI,ETH,0xa1a36d3537bbe375cc9694795f663ddc8d516db9,POLI.png
PulsePad,PLSPAD,ETH,0x8a74bc8c372bc7f0e9ca3f6ac0df51be15aec47a,PLSPAD.png
DEXGame,DXGM,ETH,0x66f73d0fd4161cfad4302dc145ff994375c13475,DXGM.png
Damex Token,DAMEX,ETH,0x00e679ba63b509182c349f5614f0a07cdd0ce0c5,DAMEX.png
Goons of Balatroon,GOB,ETH,0x830eb1204380e9c44434db8700257025358707c6,GOB.png
Traxx,TRAXX,ETH,0xd43be54c1aedf7ee4099104f2dae4ea88b18a249,TRAXX.png
Finblox,FBX,ETH,0x5de597849cf72c72f073e9085bdd0dadd8e6c199,FBX.png
Kingdomverse,KING,ETH,0x149d8290f653deb8e34c037d239d3d8eee9de5ad,KING.png
The QWAN,QWAN,ETH,0xeee0fe52299f2de8e2ed5111cd521ab67dcf0faf,QWAN.png
Quantum Network,QSWAP,ETH,0x6a8b188fadbe8b52a2c23ea2d0df74f8956e7730,QSWAP.png
monkey shit inu,MSI,ETH,0x2Be8e422cb4A5A7f217a8F1b0658952a79132F28,MSI.png
Bufficorn,BUFFI,ETH,0x4c1b1302220d7de5c22b495e78b72f2dd2457d45,BUFFI.png
Yawn's World,YAWN,ETH,0x88Ce174C655B6d11210A069B2c106632DaBDB068,YAWN.png
laikaCTO,LAIKA,ETH,0x4cd27e18757baa3a4fe7b0ab7db083002637a6c5,LAIKA.png
Janet,JANET,ETH,0xF63E309818E4EA13782678CE6C31C1234fa61809,JANET.png
Dogecast (dogecast.build),DOGE,ETH,0xf74f23b65e15910676877d45ced8ee0556a9c508,DOGE.png
Sentinel Chain,SENC,ETH,0xa13f0743951b4f6e3e3aa039f682e17279f52bc3,SENC.png
BoutsPro,BOUTS,ETH,0x139d9397274bb9e2c29a9aa8aa0b5874d30d62e3,BOUTS.png
Hashgard,GARD,ETH,0x5c64031c62061865e5fd0f53d3cdaef80f72e99d,GARD.png
Shard,SHARD,ETH,0xbebdab6da046bc49ffbb61fbd7b33157eb270d05,SHARD.png
BitBall,BTB,ETH,0x06e0feb0d74106c7ada8497754074d222ec6bcdf,BTB.png
LiquidApps,DAPP,ETH,0x939B462ee3311f8926c047D2B576C389092b1649,DAPP.png
Uptrennd,1UP,ETH,0x07597255910a51509ca469568b048f2597e72504,1UP.png
Pawtocol,UPI,ETH,0x70d2b7c19352bb76e4409858ff5746e500f2b67c,UPI.png
Coinsbit Token,CNB,ETH,0xC538143202f3b11382D8606aae90a96b042a19DB,CNB.png
KOK,KOK,ETH,0x9b9647431632af44be02ddd22477ed94d14aacaa,KOK.png
SynchroBitcoin,SNB,ETH,0x179e31fb25e433441a2839389a7b8ec9c4654b7b,SNB.png
Aluna.Social,ALN,ETH,0x8185bc4757572da2a610f887561c32298f1a5748,ALN.png
Blockchain Cuties Universe Governance,BCUG,ETH,0x14da7b27b2e0fedefe0a664118b0c9bc68e2e9af,BCUG.png
Golff,GOF,ETH,0x488E0369f9BC5C40C002eA7c1fe4fd01A198801c,GOF.png
extraDNA,XDNA,ETH,0x8e57c27761EBBd381b0f9d09Bb92CeB51a358AbB,XDNA.png
EasyFi,EZ,ETH,0x00aba6fe5557de1a1d565658cbddddf7c710a1eb,EZ.png
Dogeswap,DOGES,ETH,0xb4fbed161bebcb37afb1cb4a6f7ca18b977ccb25,DOGES.png
Residual Token,eRSDL,ETH,0x5218E472cFCFE0b64A064F055B43b4cdC9EfD3A6,eRSDL.png
Azuki,AZUKI,ETH,0x910524678C0B1B23FFB9285a81f99C29C11CBaEd,AZUKI.png
Idle,IDLE,ETH,0x875773784Af8135eA0ef43b5a374AaD105c5D39e,IDLE.png
Plasma Finance,PPAY,ETH,0x054d64b73d3d8a21af3d764efd76bcaa774f3bb2,PPAY.png
ROCKI,ROCKI,ETH,0xff44b937788215eca197baaf9af69dbdc214aa04,ROCKI.png
APYSwap,APYS,ETH,0xf7413489c474ca4399eee604716c72879eea3615,APYS.png
KeyFi,KEYFI,ETH,0xb8647e90c0645152fccf4d9abb6b59eb4aa99052,KEYFI.png
TotemFi,TOTM,ETH,0x6ff1bfa14a57594a5874b37ff6ac5efbd9f9599a,TOTM.png
ORAO Network,ORAO,ETH,0xEE1CeA7665bA7aa97e982EdeaeCb26B59a04d035,ORAO.png
Tidal Finance,TIDAL,ETH,0x29cbd0510eec0327992cd6006e63f9fa8e7f33b7,TIDAL.png
Lokr,LKR,ETH,0x80ce3027a70e0a928d9268994e9b85d03bd4cdcf,LKR.png
Busy DAO,BUSY,ETH,0x5CB3ce6D081fB00d5f6677d196f2d70010EA3f4a,BUSY.png
Rigel Protocol,RGP,ETH,0x4af5ff1a60a6ef6c7c8f9c4e304cd9051fca3ec0,RGP.png
MELX,MEL,ETH,0xed0889f7e1c7c7267407222be277e1f1ef4d4892,MEL.png
Terran Coin,TRR,ETH,0x490e3f4af13e1616ec97a8c6600c1061a8d0253e,TRR.png
Formation Fi,FORM,ETH,0x21381e026ad6d8266244f2a583b35f9e4413fa2a,FORM.png
Creaticles,CRE8,ETH,0xc36b4311b21fc0c2ead46f1ea6ce97c9c4d98d3d,CRE8.png
WagyuSwap,WAG,ETH,0x7FA7dF4996AC59F398476892cfB195eD38543520,WAG.png
Beyond Protocol,BP,ETH,0xdF290B162a7D3E0A328cF198308D421954f08b94,BP.png
VIXCO,VIX,ETH,0xc0b68eb52c89e3fffa62d78012ac8b661bfaa323,VIX.png
AdaSwap,ASW,ETH,0x56694577564fdd577a0abb20fe95c1e2756c2a11,ASW.png
Launchblock.com,LBP,ETH,0xa23c1194d421f252b4e6d5edcc3205f7650a4ebe,LBP.png
TomTomCoin,TOMS,ETH,0xbe9ab37a414c517b2be2bfa5945665bb07379054,TOMS.png
IQ Protocol,IQT,ETH,0x6dDa263994aAB33F5Ed612294E26f2A13DF0dA05,IQT.png
MetamonkeyAi,MMAI,ETH,0xaa0c5B3567fd1BAC8a2a11EB16c3F81a49eea90F,MMAI.png
Salad,SALD,ETH,0x5582a479f0c403E207D2578963CceF5D03BA636f,SALD.png
Oggy Inu (ETH),OGGY,ETH,0x7e877b99897D514da01bD1d177E693EC639961Af,OGGY.png
Nerd AI,NERD,ETH,0xED1273928bA97EEd7B49e82C2F39D512D7591112,NERD.png
DEVAI,0XDEV,ETH,0xf7498c98789957f4ee53b3e37ff5b7ef8a6cfc7b,0XDEV.png
Nvidia Inu,NINU,ETH,0x15ee3f09712f4715904e1923c1ad504a673e88ac,NINU.png
Dragonball Z Tribute,DBZ,ETH,0x9dcaf532dba85e565bf6b425f07377ec2bb6f46a,DBZ.png
Bruh,BRUH,ETH,0xD7CFDb3cdc33dBeb9e9A4C95b61953Cf12A008b3,BRUH.png
Envoy A.I,ENVOY,ETH,0xcFf252a3299bE44Fa73402966F30a0159308B2Ad,ENVOY.png
Tokenbox,TBX,ETH,0x3a92bd396aef82af98ebc0aa9030d25a23b11c6b,TBX.png
Elementeum,ELET,ETH,0x6c37bf4f042712c978a73e3fd56d1f5738dd7c43,ELET.png
Bitball Treasure,BTRS,ETH,0x73c9275c3a2dd84b5741fd59aebf102c91eb033f,BTRS.png
UNICORN Token,UNI,ETH,0x2730d6fdc86c95a74253beffaa8306b40fedecbb,UNI.png
Ormeus Ecosystem,ECO,ETH,0x191557728e4d8caa4ac94f86af842148c0fa8f7e,ECO.png
Guider,GDR,ETH,0x874d4c9b980f1a13dd44cbcdb912e24ef0671ed0,GDR.png
Kuverit,KUV,ETH,0xf70d160102cf7a22c1e432d6928a9d625db91170,KUV.png
Innovative Bioresearch Coin,INNBC,ETH,0xB67718b98d52318240c52E71A898335da4A28c42,INNBC.png
SeChain,SNN,ETH,0xF5717f5DF41eA67Ef67DFD3c1d02F9940bcF5d08,SNN.png
LGCY Network,LGCY,ETH,0xae697f994fc5ebc000f8e22ebffee04612f98a0d,LGCY.png
Nsure.Network,NSURE,ETH,0x20945ca1df56d237fd40036d47e866c7dccd2114,NSURE.png
Gem Exchange and Trading,GXT,ETH,0x4674672bcddda2ea5300f5207e1158185c944bc0,GXT.png
Spaceswap MILK2,MILK2,ETH,0x80c8c3dcfb854f9542567c8dac3f44d709ebc1de,MILK2.png
BonFi,BNF,ETH,0x1DE5e000C41C8d35b9f1f4985C23988f05831057,BNF.png
Yield Protocol,YIELD,ETH,0xa8B61CfF52564758A204F841E636265bEBC8db9B,YIELD.png
Smoothy,SMTY,ETH,0xbF776e4FCa664D791C4Ee3A71e2722990E003283,SMTY.png
CorionX,CORX,ETH,0x26a604DFFE3ddaB3BEE816097F81d3C4a2A4CF97,CORX.png
SORA Validator Token,VAL,ETH,0xe88f8313e61a97cec1871ee37fbbe2a8bf3ed1e4,VAL.png
Indexed Finance,NDX,ETH,0x86772b1409b61c639eaac9ba0acfbb6e238e5f83,NDX.png
Gourmet Galaxy,GUM,ETH,0x4f5fa8f2d12e5eb780f6082dd656c565c48e0f24,GUM.png
Flashstake,FLASH,ETH,0xB1f1F47061A7Be15C69f378CB3f69423bD58F2F8,FLASH.png
ETHA Lend,ETHA,ETH,0x59e9261255644c411afdd00bd89162d09d862e38,ETHA.png
Rage Fan,RAGE,ETH,0x94804dc4948184ffd7355f62ccbb221c9765886f,RAGE.png
NBX,BYN,ETH,0x4bb3205bf648b7f59ef90dee0f1b62f6116bc7ca,BYN.png
Alphr finance,ALPHR,ETH,0xaa99199d1e9644b588796F3215089878440D58e0,ALPHR.png
Jigstack,STAK,ETH,0x1f8a626883d7724dbd59ef51cbd4bf1cf2016d13,STAK.png
POLKARARE,PRARE,ETH,0x2C2f7e7C5604D162d75641256b80F1Bf6f4dC796,PRARE.png
blockbank,BBANK,ETH,0xf4b5470523ccd314c6b9da041076e7d79e0df267,BBANK.png
Knit Finance,KFT,ETH,0xef53462838000184f35f7d991452e5f25110b207,KFT.png
Bitspawn,SPWN,ETH,0xe516D78d784C77D479977BE58905B3f2b1111126,SPWN.png
DinoX,DNXC,ETH,0x20a8cec5fffea65be7122bcab2ffe32ed4ebf03a,DNXC.png
Gamerse,LFG,ETH,0x969786c4a8884013d1c9ff18dcca2aedbbbfaa8f,LFG.png
Project TXA,TXA,ETH,0x4463e6A3dEd0dBE3F6e15bC8420dFc55e5FeA830,TXA.png
Gaj Finance,GAJ,ETH,0x9fda7ceec4c18008096c2fe2b85f05dc300f94d0,GAJ.png
Skyrim Finance,SKYRIM,ETH,0x2610f0bfc21ef389fe4d03cfb7de9ac1e6c99d6e,SKYRIM.png
Ekta,EKTA,ETH,0x2f75113b13D136F861d212Fa9b572F2C79Ac81C4,EKTA.png
Phoenix Token,PHX,ETH,0xAeC65404DdC3af3C897AD89571d5772C1A695F22,PHX.png
ShoeFy,SHOE,ETH,0x0fD67B4ceb9b607Ef206904eC73459c4880132c9,SHOE.png
Sator,SAO,ETH,0x3EF389f264e07fFF3106A3926F2a166d1393086F,SAO.png
EarthFund,1EARTH,ETH,0x9e04f519b094f5f8210441e285f603f4d2b50084,1EARTH.png
GuildFi,GF,ETH,0xaaef88cea01475125522e117bfe45cf32044e238,GF.png
NuriFootBall,NRFB,ETH,0x00281dfce4cfd72c0b6fda2aaaf077258743f9e8,NRFB.png
Spume Protocol,SPUME,ETH,0xa16a609fF4e1A15b6cCb469E7a5dD14E89305283,SPUME.png
Mrweb Finance (new),AMA,ETH,0x39162D9f64C0f9d64D14EAC3B6d5a15D3D569Eea,AMA.png
RED TOKEN,RED,ETH,0xc744df3419a8c9bd4d6b9852a503eb1c5308a326,RED.png
Virtual Versions,VV,ETH,0x1f7e7a030aEF0A0f600dE1350c23D30B73fC7270,VV.png
ADreward,AD,ETH,0xe973e453977195422b48e1852a207b7ee9c913c7,AD.png
Shiba Saga,SHIA,ETH,0x43d7e65b8ff49698d9550a7f315c87e67344fb59,SHIA.png
Meme Cup,MEMECUP,ETH,0xa2b8e02ce95b54362f8db7273015478dd725d7e7,MEMECUP.png
BLOOP,BL00P,ETH,0x2156CD781c5e77323D92A4487a0eC45F128e165E,BL00P.png
Huobi Token,HT,ETH,0x6f259637dcd74c767781e37bc6133cd6a68aa161,HT.png
TrueFeedBack,TFBX,ETH,0x4057db5bd9f67a566aa10e5587b1a964affc6a16,TFBX.png
Mesefa,SEFA,ETH,0x27201232579491Ce9b116Ac6F37D354Cc723A2f3,SEFA.png
LBK,LBK,ETH,0x9cb1aeafcc8a9406632c5b084246ea72f62d37b6,LBK.png
CRDT,CRDT,ETH,0xDaab5E695bb0E8Ce8384ee56BA38fA8290618e52,CRDT.png
ECOSC,ECU,ETH,0x8fc9b6354E839AB1c8B31F4afa53607092B8C2e5,ECU.png
XT Smart Chain,XT,ETH,0x4be10da47a07716af28ad199fbe020501bddd7af,XT.png
Connectome,CNTM,ETH,0x9a1bf361798ef6538ccb8137ea900c4d4b48ca3d,CNTM.png
Lead Wallet,LEAD,ETH,0x1dd80016e3d4ae146ee2ebb484e8edd92dacc4ce,LEAD.png
S.Finance,SFG,ETH,0x8a6ACA71A218301c7081d4e96D64292D3B275ce0,SFG.png
YVS.Finance,YVS,ETH,0xec681f28f4561c2a9534799aa38e0d36a83cf478,YVS.png
Landbox,LAND,ETH,0x0e2ef8aecb3c01ad5d596f1b67134e178199984d,LAND.png
USDP Stablecoin,USDP,ETH,0x1456688345527bE1f37E9e627DA0837D6f08C925,USDP.png
WorkQuest Token,WQT,ETH,0x06677dc4fe12d3ba3c7ccfd0df8cd45e4d4095bf,WQT.png
UniFarm,UFARM,ETH,0x40986a85b4cfcdb054a6cbfb1210194fee51af88,UFARM.png
KingDeFi,KRW,ETH,0x499568c250Ab2a42292261d6121525d70691894b,KRW.png
P2P Solutions foundation,P2PS,ETH,0x4527a3b4a8a150403090a99b87effc96f2195047,P2PS.png
FBX by KXCO,FBX,ETH,0x60bb16c4a931b1a0b8a7d945c651dd90f41d42cf,FBX.png
Moneta Digital,MMXN,ETH,0x95c2e7cbc7ae370e28160bd04297c53f96d092b4,MMXN.png
SPORT,SPORT,ETH,0x96b14E64b53B9950d2a4D2292f8dc7d51a4f467A,SPORT.png
WhiteBIT Coin,WBT,ETH,0x925206b8a707096Ed26ae47C84747fE0bb734F59,WBT.png
PREMA,PRMX,ETH,0xe4dae00bc1c46ea2f44ae71b1beb8b171c15d812,PRMX.png
CareCoin,CARE,ETH,0x329cf160F30D21006bCD24b67EAde561E54CDE4c,CARE.png
GHO,GHO,ETH,0x40D16FC0246aD3160Ccc09B8D0D3A2cD28aE6C2f,GHO.png
UGOLD Inc.,UGOLD,ETH,0xa6089dbfed19d1bcd43146bbdca2b8f9d9f84a9a,UGOLD.png
SMILEY,SMILEY,ETH,0x4c6e2c495b974b8d4220e370f23c7e0e1da9b644,SMILEY.png
Meson Network,MSN,ETH,0xaa247c0d81b83812e1abf8bab078e4540d87e3fb,MSN.png
Savings Dai,SDAI,ETH,0x83f20f44975d03b1b09e64809b757c47f942beea,SDAI.png
Gala Music,MUSIC,ETH,0xD8c0b13B551718b808fc97eAd59499d5Ef862775,MUSIC.png
HTX,HTX,ETH,0x61ec85ab89377db65762e234c946b5c25a56e99e,HTX.png
HugeWin,HUGE,ETH,0xEC12BA5AC0F259e9ac6FC9A3bC23a76Ad2fDE5D9,HUGE.png
Pixelverse,PIXFI,ETH,0xd795eb12034C2b77d787a22292c26fab5f5C70Aa,PIXFI.png
pepe in a memes world,PEW,ETH,0x382ea807a61a418479318efd96f1efbc5c1f2c21,PEW.png
TYBENG,TYBENG,ETH,0xd9ebbc7970e26b4eced7323b9331763e8272d011,TYBENG.png
Teleport System Token,TST,ETH,0x0828096494ad6252F0F853abFC5b6ec9dfe9fDAd,TST.png
Gyroscope GYD,GYD,ETH,0xe07f9d810a48ab5c3c914ba3ca53af14e4491e8a,GYD.png
WEEX Token,WXT,ETH,0x1B66474c8ECA3827f16202907F41F63785579716,WXT.png
Layer3,L3,ETH,0x88909D489678dD17aA6D9609F89B0419Bf78FD9a,L3.png
TRUMP MAGA (trumpmaga.me),MAGA,ETH,0xf211B655431c10E72C1CAeae37688Ae9f7F7A549,MAGA.png
AUSD,AUSD,ETH,0x00000000eFE302BEAA2b3e6e1b18d08D69a9012a,AUSD.png
Resolv USR,USR,ETH,0x66a1e37c9b0eaddca17d3662d6c05f4decf3e110,USR.png
BOME TRUMP,TRUMP,ETH,0xCf01a5c02c9b9DD5bF73a5a56BcDbc9dca483D43,TRUMP.png
Sky,SKY,ETH,0x56072C95FAA701256059aa122697B133aDEd9279,SKY.png
ZND Token,ZND,ETH,0x2d8ea194902bc55431420bd26be92b0782dce91d,ZND.png
Finanx AI,FNXAI,ETH,0x939069722D568B5498CcBA4356E800EaefEFD2a5,FNXAI.png
HashKey Platform Token,HSK,ETH,0xe7c6bf469e97eeb0bfb74c8dbff5bd47d4c1c98a,HSK.png
Palapa,PLPA,ETH,0x2eb05470a5b54065569ba1ef0fb94509538fbaf2,PLPA.png
Everclear,CLEAR,ETH,0x58b9cB810A68a7f3e1E4f8Cb45D1B9B3c79705E8,CLEAR.png
Milady Cult Coin,CULT,ETH,0x0000000000c5dc95539589fbD24BE07c6C14eCa4,CULT.png
KIP Protocol,KIP,ETH,0x946fb08103b400d1c79e07acCCDEf5cfd26cd374,KIP.png
Metronome,MET,ETH,0x2Ebd53d035150f328bd754D6DC66B99B0eDB89aa,MET.png
SocialGood,SG,ETH,0xddf7fd345d54ff4b40079579d4c4670415dbfd0a,SG.png
FUTUREXCRYPTO,FXC,ETH,0x1e6063b7b3a1c1952ed2c4087fd528998db69ec7,FXC.png
Dypius [Old],DYP,ETH,0x961C8c0B1aaD0c0b10a51FeF6a867E3091BCef17,DYP.png
EscoinToken,ELG,ETH,0xA2085073878152aC3090eA13D1e41bD69e60Dc99,ELG.png
HitBTC Token,HIT,ETH,0x74b1af114274335598da72f5c6ed7b954a016eed,HIT.png
Chainflip,FLIP,ETH,0x826180541412D574cf1336d22c0C0a287822678A,FLIP.png
Terra Classic USD (Wormhole),USTC,ETH,0xa693b19d2931d498c5b318df961919bb4aee87a5,USTC.png
OMNIA Protocol,OMNIA,ETH,0x2e7e487d84b5baba5878a9833fb394bc89633fd7,OMNIA.png
Digital Financial Exchange,DIFX,ETH,0x9792409ae27726d337af30d701ab525372495607,DIFX.png
Altered State Token,ASTO,ETH,0x823556202e86763853b40e9cDE725f412e294689,ASTO.png
DOLA,DOLA,ETH,0x865377367054516e17014CcdED1e7d814EDC9ce4,DOLA.png
VitaDAO,VITA,ETH,0x81f8f0bb1cB2A06649E51913A151F0E7Ef6FA321,VITA.png
CAW(A Hunters Dream),CAW,ETH,0xf3b9569F82B18aEf890De263B84189bd33EBe452,CAW.png
Massive Protocol,MAV,ETH,0xbe1dbe6741fb988fb571ab1e28cffb36e3c62629,MAV.png
XEN Crypto,XEN,ETH,0x06450dEe7FD2Fb8E39061434BAbCFC05599a6Fb8,XEN.png
Chains of War,MIRA,ETH,0xf5207ac91c9e7ec7ebb03e93cbcbcad10878ac79,MIRA.png
Frax Finance - Frax Ether,FRXETH,ETH,0x5E8422345238F34275888049021821E8E08CAa1f,FRXETH.png
Smart Game Finance,SMART,ETH,0xce20bb92ccf9bbf5091ef85649e71e552819ad8c,SMART.png
Bitcoin ETF,ETF,ETH,0xa09e6f797223af66f3088ab8df35b2419165ea07,ETF.png
BitStable,BSSB,ETH,0xda31d0d1bc934fc34f7189e38a413ca0a5e8b44f,BSSB.png
Seamless,SEAM,ETH,0x6b66ccd1340c479b07b390d326eadcbb84e726ba,SEAM.png
TurtSat,TURT,ETH,0x0800394f6E23dD539929c8B77a3d45c96F76AEFC,TURT.png
Peapods Finance,PEAS,ETH,0x02f92800f57bcd74066f5709f1daa1a4302df875,PEAS.png
Sora,SORA,ETH,0xb8a87405d9a4F2F866319B77004e88dfF66c0d92,SORA.png
Mountain Protocol,USDM,ETH,0x59D9356E565Ab3A36dD77763Fc0d87fEaf85508C,USDM.png
StarHeroes,STAR,ETH,0xb299751b088336e165da313c33e3195b8c6663a6,STAR.png
Param,PARAM,ETH,0x69A1e699f562D7Af66Fc6cc473d99f4430C3AcD2,PARAM.png
4,FOUR,ETH,0xE6D6043D19e7479d1ffe76dDDc7F68467234462b,FOUR.png
FIGHT TO MAGA,FIGHT,ETH,0x8802269d1283cdb2a5a329649e5cb4cdcee91ab6,FIGHT.png
Gold Standard,BAR,ETH,0x777BE1c6075c20184C4fd76344b7b0B7c858fe6B,BAR.png
RYO Coin,RYO,ETH,0x4c7fe8f97db97cbccc76989ab742afc66ca6e75c,RYO.png
PINs Network Token,PINS,ETH,0x92ACA969b77BD899C05ca0e1DC050cd003457d60,PINS.png
SmartWorld Global,SWGT,ETH,0xc8bf8bc34874e07f6a0d4abc8be22ba9e372631b,SWGT.png
Black Agnus,FTW,ETH,0x306fD3e7b169Aa4ee19412323e1a5995B8c1a1f4,FTW.png
Catalorian (CatalorianOGETH),CATALORIAN,ETH,0x8baf5d75cae25c7df6d1e0d26c52d19ee848301a,CATALORIAN.png
Flayer,FLAY,ETH,0xF1A7000000950C7ad8Aff13118Bb7aB561A448ee,FLAY.png
TRUMP MEME (trumpmeme.net),MEME,ETH,0x05f226755b11cB3666340551EbBAa615CDFEFdD6,MEME.png
ParallelAI,PAI,ETH,0x13e4b8cffe704d3de6f19e52b201d92c21ec18bd,PAI.png
SORA GROK,GROK,ETH,0x2bB84fd8F7eD0FfAe3da36AD60d4D7840bdeEADa,GROK.png
PEPE MAGA,MAGA,ETH,0xDa2E903b0B67F30BF26bD3464f9EE1a383BbbE5F,MAGA.png
trumpwifhat,TRUMP,ETH,0x555907a0b5c32DF0fEb35401187aED60a9191D74,TRUMP.png
Turbo Trump,TURBO,ETH,0xb6aAa0EfDfAC186652e3b31a6f07A9A74D1B5A75,TURBO.png
DARAM AI,DARAM,ETH,0x128F3e482F5Bd5F08Fe1b216E60EC0A6013deAB9,DARAM.png
EYWA,EYWA,ETH,0x8cb8C4263EB26b2349d74ea2cB1B27bc40709e12,EYWA.png
STRATEGIC BITCOIN RESERVE,SBR,ETH,0xd6203889c22d9fe5e938a9200f50fdffe9dd8e02,SBR.png
Daram,DARAM,ETH,0xad86b91a1d1db15a4cd34d0634bbd4ecacb5b61a,DARAM.png
MSTR,MSTR,ETH,0x306227D964511A260D14563FbfA82AA75Db404b2,MSTR.png
Squid Game (squidgame.top),SQUID,ETH,0x57D9750893ADB0d1ee07bac44c8bB45c45b58f73,SQUID.png
ISLAND Token,ISLAND,ETH,0x157a6df6B74F4E5E45af4E4615FDe7B49225a662,ISLAND.png
Edge,EDGE,ETH,0x4ec1b60b96193a64acae44778e51f7bff2007831,EDGE.png
Jinbi Token,JNB,ETH,0x21d5a14e625d767ce6b7a167491c2d18e0785fda,JNB.png
Tokenize Xchange,TKX,ETH,0x667102BD3413bFEaa3Dffb48fa8288819E480a88,TKX.png
HEX,HEX,ETH,0x2b591e99afe9f32eaa6214f7b7629768c40eeb39,HEX.png
QANplatform,QANX,ETH,0xAAA9214F675316182Eaa21C85f0Ca99160CC3AAA,QANX.png
Olympus v2,OHM,ETH,0x64aa3364f17a4d01c6f1751fd97c2bd3d7e7f1d5,OHM.png
Convex CRV,CVXCRV,ETH,0x62b9c7356a2dc64a1969e19c23e4f579f9810aa7,CVXCRV.png
CoinW Token,CWT,ETH,0x901ea3606d567f9f1e964639d5cbb8659080be8a,CWT.png
Talken,TALK,ETH,0xcaabcaa4ca42e1d86de1a201c818639def0ba7a7,TALK.png
Kanga Exchange Token,KNG,ETH,0x471d113059324321749e097705197a2b44a070fc,KNG.png
Sommelier,SOMM,ETH,0xa670d7237398238DE01267472C6f13e5B8010FD1,SOMM.png
LIF3,LIF3,ETH,0x7138Eb0d563f3F6722500936A11DcAe99D738A2c,LIF3.png
BMAX,BMAX,ETH,0x116c4b65e14449947bc6fa1bbe844cb16a162d53,BMAX.png
EARNM,EARNM,ETH,0x3e62fED35c97145e6B445704B8CE74B2544776A9,EARNM.png
4EVERLAND,4EVER,ETH,0xe355de6a6043b0580ff5a26b46051a4809b12793,4EVER.png
Ten Best Coins,TBC,ETH,0x03042ae6fcfd53e3a0baa1fab5ce70e0cb74e6fb,TBC.png
SoonVerse,SOON,ETH,0x574D22E2555cAc0ce71e44778f6De2e7487aE229,SOON.png
Karate Combat,KARATE,ETH,0x80008BCD713c38AF90a9930288D446bc3bD2E684,KARATE.png
Empyreal,EMP,ETH,0x39D5313C3750140E5042887413bA8AA6145a9bd2,EMP.png
FOGNET,FOG,ETH,0x503cD987998824192578D0d7950148445667287c,FOG.png
Gekko HQ,GEKKO,ETH,0xf017d3690346eb8234b85F74cEe5E15821fEe1f4,GEKKO.png
Phemex Token,PT,ETH,0xbbb32f99e6f2cb29337eebaa43c5069386de6e6c,PT.png
Froge (ETH),FROGE,ETH,0xcAb254f1a32343f11aB41fbdE90eCB410cDe348a,FROGE.png
Bitcoin Cats,1CAT,ETH,0x508e00d5cef397b02d260d035e5ee80775e4c821,1CAT.png
RWAX,APP,ETH,0xC5d27F27F08D1FD1E3EbBAa50b3442e6c0D50439,APP.png
Inscribe,INS,ETH,0xe9572938bcbf08adcee86fd12a7c0d08dc4ab841,INS.png
I love puppies,PUPPIES,ETH,0xcf91b70017eabde82c9671e30e5502d312ea6eb2,PUPPIES.png
Sensay,SNSY,ETH,0x82a605d6d9114f4ad6d5ee461027477eeed31e34,SNSY.png
MAGA Trump,MAGATRUMP,ETH,0x225e5b78f289c6d7d7757ad2b9d23b6ab31a5eea,MAGATRUMP.png
QuantixAI,QAI,ETH,0xCb21311d3B91b5324F6C11B4f5A656fcAcBff122,QAI.png
Fjord Foundry,FJO,ETH,0x69457A1C9Ec492419344DA01Daf0DF0e0369d5D0,FJO.png
TUBES,TUBES,ETH,0xfCC24ec0cce31306a9541bFbFe45fF8A0f34f36E,TUBES.png
DogLibre,DOGL,ETH,0xd5EB7E91Ae88Ea2550F9bFD04208399c95dF4dC7,DOGL.png
NuLink,NLK,ETH,0x744030Ad4E6c10fAf5483b62473D88a254d62261,NLK.png
SOFA Org,RCH,ETH,0x57B96D4aF698605563A4653D882635da59Bf11AF,RCH.png
Ekubo Protocol,EKUBO,ETH,0x04C46E830Bb56ce22735d5d8Fc9CB90309317d0f,EKUBO.png
Carbon Capture,CCO2,ETH,0x51da83dbb0414cC2e1c26D7E77C8eF76Ee4c2910,CCO2.png
MISHA,MISHA,ETH,0x0CCAe1Bc46Fb018DD396Ed4c45565d4Cb9d41098,MISHA.png
Doggo (doggocto.com),DOGGO,ETH,0x240Cd7b53d364a208eD41f8cEd4965D11F571B7a,DOGGO.png
WeatherXM,WXM,ETH,0xde654f497A563dd7A121c176a125dD2F11F13a83,WXM.png
Book of Meme 3.0,BOME,ETH,0x634769EB87542EAf41C0008c05D5d8F5d8bEc3A5,BOME.png
PLAY,PLAY,ETH,0x7404ac09adf614603d9c16a7ce85a1101f3514ba,PLAY.png
OSCAR,OSCAR,ETH,0xebb66a88cedd12bfe3a289df6dfee377f2963f12,OSCAR.png
mETH Protocol,COOK,ETH,0x9F0C013016E8656bC256f948CD4B79ab25c7b94D,COOK.png
OpenServ,SERV,ETH,0x40e3d1A4B2C47d9AA61261F5606136ef73E28042,SERV.png
Dogecast,DOGECAST,ETH,0x4955f6641bf9c8c163604c321f4b36e988698f75,DOGECAST.png
KOLZ,KOLZ,ETH,0x288741b45AD4042f7b124E38b53cEc5E9ccA0376,KOLZ.png
Squad3,SQ3,ETH,0x5d18dE1A5292d5DF40F7edd6827AeF3b0Bd080F4,SQ3.png
STARS,STARS,ETH,0x04F121600c8C47A754636fc9d75661a9525e05D5,STARS.png
Gud Tech,GUD,ETH,0xA608512BBC9934E4b1DDeCF0F5Fb38b6Ad93308D,GUD.png
Autonio,NIOX,ETH,0xc813EA5e3b48BEbeedb796ab42A30C5599b01740,NIOX.png
QBX,QBX,ETH,0x72FDc31f4a9a1EDF6B6132D3C1754F1CdcF5D9B1,QBX.png
Orion,ORN,ETH,0x0258F474786DdFd37ABCE6df6BBb1Dd5dfC4434a,ORN.png
Vow,VOW,ETH,0x1BBf25e71EC48B84d773809B4bA55B6F4bE946Fb,VOW.png
Freela,FREL,ETH,0x29ceddcf0da3c1d8068a7dfbd0fb06c2e438ff70,FREL.png
Fluid,FLUID,ETH,0x6f40d4A6237C257fff2dB00FA0510DeEECd303eb,FLUID.png
Divergence,DIVER,ETH,0xfb782396c9b20e564a64896181c7ac8d8979d5f4,DIVER.png
SubQuery Network,SQT,ETH,0x09395a2A58DB45db0da254c7EAa5AC469D8bDc85,SQT.png
IX Swap,IXS,ETH,0x73d7c860998ca3c01ce8c808f5577d94d545d1b4,IXS.png
Ninja Squad Token,NST,ETH,0x70bef3bb2f001da2fddb207dae696cd9faff3f5d,NST.png
Faith Tribe,FTRB,ETH,0x2596825a84888E8f24b747DF29e11b5dd03C81D7,FTRB.png
Melos Studio,MELOS,ETH,0x1afb69dbc9f54d08dab1bd3436f8da1af819e647,MELOS.png
PDX Coin,PDX,ETH,0x6a8fee0E33Cb65a7E8D21BadCA62E87639ef74B3,PDX.png
HYPERCOMIC,HYCO,ETH,0x77F76483399Dc6328456105B1db23e2Aca455bf9,HYCO.png
Lybra Finance,LBR,ETH,0xed1167b6dc64e8a366db86f2e952a482d0981ebd,LBR.png
4-CHAN,4CHAN,ETH,0xe0A458BF4AcF353cB45e211281A334BB1d837885,4CHAN.png
ecoterra,ECOTERRA,ETH,0x982b50e55394641ca975a0eec630b120b671391a,ECOTERRA.png
Medicle,MDI,ETH,0x848896470d989f30503d8f883c331f63b73b66ea,MDI.png
Floor Protocol,FLC,ETH,0x102c776DDB30C754dEd4fDcC77A19230A60D4e4f,FLC.png
ETF,ETF,ETH,0x667210a731447F8B385e068205759BE2311b86d4,ETF.png
UNIPOLY,UNP,ETH,0x23d7Ff057c696fEE679c60cEf61Fee6614218f04,UNP.png
Ordiswap,ORDS,ETH,0x8AB2ff0116A279a99950C66A12298962D152B83c,ORDS.png
Wexo,WEXO,ETH,0xf31698DDAd0d11160Fe85c500397A470CD3d492E,WEXO.png
TitanX,TITANX,ETH,0xF19308F923582A6f7c465e5CE7a9Dc1BEC6665B1,TITANX.png
Forgotten Playland,FP,ETH,0xEeee2A2E650697d2A8e8BC990C2f3d04203bE06f,FP.png
Velar,VELAR,ETH,0x033BbDe722EA3Cdcec73cFFEA6581DF9F9C257de,VELAR.png
Freedom,FDM,ETH,0x60d91f6D394c5004A782E0D175E2b839e078FB83,FDM.png
Boomco,BOOM,ETH,0xda8a1f5eccabc80c26ec9ab493715d5b9ce8fef9,BOOM.png
Biaoqing,BIAO,ETH,0x9Fd9278f04f01c6a39a9d1c1CD79f7782C6ADe08,BIAO.png
Luxury Travel Token,LTT,ETH,0x3F91Ad19AF450B44cf5176b4dE719d77CB19EEc7,LTT.png
Zik coin,ZIK,ETH,0xD4419C2d3DAA986Dc30444Fa333a846be44Fd1eb,ZIK.png
HGEN DAO,HGEN,ETH,0xED9d16a9c15B47904F535abBFff3DAa2113dB560,HGEN.png
Max on ETH,MAXETH,ETH,0x68ad75469db9181a1144e769c16adf47f2f32cae,MAXETH.png
Caduceus Protocol (new),CAD,ETH,0x4349929808E515936A68903F6085F5e2B143ff3d,CAD.png
Legend of Arcadia,ARCA,ETH,0x1c00c3E03C3a10a0C1d9B6d1A42e797d7CB4147a,ARCA.png
Fefe,FEFE,ETH,0xfefe157c9d0ae025213092ff9a5cb56ab492bab8,FEFE.png
XUSD,XUSD,ETH,0xC08e7E23C235073C6807C2EFE7021304cb7c2815,XUSD.png
MAGA: Fight for Trump,TRUMPCOIN,ETH,0x03dCee0d21ab39614c768DAb67BFC33B0Fc0A047,TRUMPCOIN.png
Dinero,DINERO,ETH,0x6DF0E641FC9847c0c6Fde39bE6253045440c14d3,DINERO.png
Kelp DAO's Airdrop Gain ETH,AGETH,ETH,0xe1b4d34e8754600962cd944b535180bd758e6c2e,AGETH.png
Anzen Finance (USDZ),USDZ,ETH,0xA469B7Ee9ee773642b3e93E842e5D9b5BaA10067,USDZ.png
MOG CAT,MOG,ETH,0x7391425CA7ceE3eE03E09794b819291a572af83E,MOG.png
XBorg,XBG,ETH,0xEaE00D6F9B16Deb1BD584c7965e4c7d762f178a1,XBG.png
Neiro Pump,NEIRO,ETH,0x339058Ca41e17b55B6dd295373C5d3cBe8000Cd9,NEIRO.png
Peezy (peezy.vip),PEEZY,ETH,0x698b1d54E936b9F772b8F58447194bBc82EC1933,PEEZY.png
SpecialMetalX,SMETX,ETH,0x0bCC26e40d87873615e082c1b5df15E487f94737,SMETX.png
Nugget Trap Gold Token,NGTG$$,ETH,0x810296898a4F870619B015C0B13C8c6E65b305e3,NGTG$$.png
Renta Network,RENTA,ETH,0x792905A8B7c0a22d56E78e849F95c162018A4E2D,RENTA.png
Ponder,PNDR,ETH,0x73624d2dEF952C77a1f3B5AD995eef53E49639EC,PNDR.png
SUI Desci Agents,DESCI,ETH,0xAEc613188B1E178d42a05d352044D54854C3196a,DESCI.png
Starbase,STAR,ETH,0xf70a642bd387f94380ffb90451c2c81d4eb82cbc,STAR.png
DigiFinexToken,DFT,ETH,0xa2a54f1ec1f09316ef12c1770d32ed8f21b1fb6a,DFT.png
Ocean Protocol,OCEAN,ETH,0x967da4048cd07ab37855c090aaf366e4ce1b9f48,OCEAN.png
EQIFI,EQX,ETH,0xbd3de9a069648c84d27d74d701c9fa3253098b15,EQX.png
Wasder,WAS,ETH,0x0c572544a4Ee47904d54aaA6A970AF96B6f00E1b,WAS.png
Railgun,RAIL,ETH,0xe76c6c83af64e4c60245d8c7de953df673a7a33d,RAIL.png
Angle Protocol,EURA,ETH,0x1a7e4e63778b4f12a199c062f3efdd288afcbce8,EURA.png
Vader Protocol,VADER,ETH,0x2602278EE1882889B946eb11DC0E810075650983,VADER.png
X,X,ETH,0x7f3141c4d6b047fb930991b450f1ed996a51cb26,X.png
zkLend,ZEND,ETH,0xb2606492712D311be8f41d940AFE8CE742A52D44,ZEND.png
SpaceMine,MINE,ETH,0xb7DE92bE975ccb27e7352a1D47512aCBdb0BaC32,MINE.png
ENO,ENO,ETH,0x1C3d163219Bb74f430411b95D66b72056f366eC1,ENO.png
WoofWork.io,WOOF,ETH,0x6bc08509b36a98e829dffad49fde5e412645d0a3,WOOF.png
Origin Ether,OETH,ETH,0x856c4Efb76C1D1AE02e20CEB03A2A6a08b0b8dC3,OETH.png
Carbify,CBY,ETH,0xb9d27bc093ed0a3b7c18366266704cfe5e7af77b,CBY.png
Mumu,MUMU,ETH,0x2F573070E6090b3264Fe707e2C9F201716F123c7,MUMU.png
Wall Street Baby,WSB,ETH,0x15f20f9dfdf96ccf6ac96653b7c0abfe4a9c9f0f,WSB.png
C-cash,CCASH,ETH,0xE925Aa77D51746b865e5c05165A879820cb4b720,CCASH.png
Crown Token,CROWN,ETH,0xF3Bb9F16677F2B86EfD1DFca1c141A99783Fde58,CROWN.png
RefundCoin,RFD,ETH,0x955d5c14c8d4944da1ea7836bd44d54a8ec35ba1,RFD.png
Flappymoonbird,FMB,ETH,0x52284158E02425290f6B627Aeb5FFF65eDf058Ad,FMB.png
LuckysLeprecoin,LUCKYSLP,ETH,0x357c915d7c12dc506d13332bb06c932af13e99a0,LUCKYSLP.png
Pond Coin,PNDC,ETH,0x423f4e6138E475D85CF7Ea071AC92097Ed631eea,PNDC.png
spurdo,SPURDO,ETH,0x59C6766de1Dc50a9c9DB86CB0461b5Ce07408aB7,SPURDO.png
Fine,FINE,ETH,0x75c97384ca209f915381755c582ec0e2ce88c1ba,FINE.png
Wagmi,WAGMI,ETH,0x92CC36D66e9d739D50673d1f27929a371FB83a67,WAGMI.png
Dawg Coin,DAWG,ETH,0xd5fa38027462691769b8a8ba6c444890103b5b94,DAWG.png
Fame AI,FMC,ETH,0x6bfDB6f4E65Ead27118592A41eB927cEa6956198,FMC.png
Any Inu,AI,ETH,0x2598c30330D5771AE9F983979209486aE26dE875,AI.png
Crazy Frog,CRAZY,ETH,0xaD5FdC8c3C18d50315331fCa7f66eFE5033F6C4C,CRAZY.png
ZynCoin,ZYN,ETH,0x58cB30368ceB2d194740b144EAB4c2da8a917Dcb,ZYN.png
Ordibank,ORBK,ETH,0xce6e54daa1ea95fb3530859d69d4bdb978dd821b,ORBK.png
Puff The Dragon,PUFF,ETH,0x31b6100f5f4466e6daeb1edb2f2ce6e548cf8938,PUFF.png
lmeow,LMEOW,ETH,0x1aE7e1d0ce06364CED9aD58225a1705b3e5DB92b,LMEOW.png
Super Best Friends,SUBF,ETH,0x564A80d0123Bdd750fb6A9993834968fc595C09A,SUBF.png
OBI Real Estate,OBICOIN,ETH,0x76131b6D0ec94057e6dC6352adDa76B8165E08ab,OBICOIN.png
NexQloud,NXQ,ETH,0x5266479705d627b20FcD8BB3a45D9E99dd0556E3,NXQ.png
UAHg,UAHG,ETH,0xd1e0e39bd1758abe0865d5289895a9197c6cd549,UAHG.png
StakeVault.Network,SVN,ETH,0xcE872DB165d4F5623AF9c29e03AFd416Bc5f67bc,SVN.png
Mohameme Bit Salman,SALMAN,ETH,0x69Bb12b8eE418E4833b8Debe4A2BB997AB9cE18e,SALMAN.png
Vitreus,WVTRS,ETH,0x74950FC112473caba58193c6bF6412a6f1e4d7d2,WVTRS.png
Dork Lord,DORKY,ETH,0x95Ed629B028Cf6AADd1408Bb988c6d1DAAbe4767,DORKY.png
Thetanuts Finance,NUTS,ETH,0x23f3d4625aef6f0b84d50db1d53516e6015c0c9b,NUTS.png
melo,MELO,ETH,0x0dA2082905583cEdFfFd4847879d0F1Cf3d25C36,MELO.png
KabosuCoin (ERC),KABOSU,ETH,0xb3E41D6e0ea14b43BC5DE3C314A408af171b03dD,KABOSU.png
Groggo By Matt Furie,GROGGO,ETH,0x420110d74c4c3ea14043a09e81fad53e1932f54c,GROGGO.png
Yes Chad,YES,ETH,0x5da42c37dea61d1c31e7a810e7d2aff736a41643,YES.png
Glacier Network,GLS,ETH,0x68e2e5c9dff32419a108713f83274a4fb5e194ca,GLS.png
Optopia,OPAI,ETH,0xF8e57AC2730D3088D98B79209739b0D5Ba085a03,OPAI.png
NEOT,NEOTECH,ETH,0xD0E6D04c2f105344860D07912A857AD21204fC97,NEOTECH.png
Hydro Protocol,HOT,ETH,0x9af839687f6c94542ac5ece2e317daae355493a1,HOT.png
JFIN Coin,JFIN,ETH,0x940bdcb99a0ee5fb008a606778ae87ed9789f257,JFIN.png
ProBit Token,PROB,ETH,0xfb559ce67ff522ec0b9ba7f5dc9dc7ef6c139803,PROB.png
ARCS,ARX,ETH,0x7d8DafF6d70CEAd12c6f077048552Cf89130A2B1,ARX.png
GM Holding,GM,ETH,0xEC73A0F098073C4F43E393B9B2f36073a0484401,GM.png
Index Cooperative,INDEX,ETH,0x0954906da0Bf32d5479e25f46056d22f08464cab,INDEX.png
AI Network,AIN,ETH,0x3A810ff7211b40c4fA76205a14efe161615d0385,AIN.png
Idexo Token,IDO,ETH,0xF9c53268e9de692AE1b2ea5216E24e1c3ad7CB1E,IDO.png
Lovely Finance [Old],LOVELY,ETH,0x9E24415d1e549EBc626a13a482Bb117a2B43e9CF,LOVELY.png
THORSwap,THOR,ETH,0xa5f2211B9b8170F694421f2046281775E8468044,THOR.png
Pontoon,TOON,ETH,0xaeE433ADeBe0FBB88dAa47eF0C1A513CaA52EF02,TOON.png
Vancelian,AKTIO,ETH,0xe65d37F18A770643CB14c8611ACa7A67244BA480,AKTIO.png
X2Y2,X2Y2,ETH,0x1E4EDE388cbc9F4b5c79681B7f94d36a11ABEBC9,X2Y2.png
Medifakt,FAKT,ETH,0x0262E9374E95B9667B78136C3897Cb4e4Ef7f0c2,FAKT.png
Undead Blocks,UNDEAD,ETH,0x310C8F00b9dE3c31Ab95ea68feb6C877538f7947,UNDEAD.png
Amino,AMINO,ETH,0x4DfD742c6E5e28F11Bcbcf6c5e51A965d15ea315,AMINO.png
Zedxion,USDZ,ETH,0x0a661F6AD63a1500D714ED1EeEdb64ec493a54A8,USDZ.png
Monerium EUR emoney,EURe,ETH,0x3231Cb76718CDeF2155FC47b5286d82e6eDA273f,EURe.png
KAP Games,KAP,ETH,0x9625ce7753ace1fa1865a47aae2c5c2ce4418569,KAP.png
DOPE Coin,DOPE,ETH,0xDb529C2A773aD4f65712F13a50941Fa78eB2146a,DOPE.png
Icy,IC,ETH,0xa876f27f13a9eb6e621202cefdd5afc4a90e6457,IC.png
Ajna Protocol,AJNA,ETH,0x9a96ec9B57Fb64FbC60B423d1f4da7691Bd35079,AJNA.png
Advanced Project,AUC,ETH,0x87a92428bbc876d463c21c8e51b903f127d9a9f4,AUC.png
FourCoin,FOUR,ETH,0x244b797d622d4dee8b188b03546acaabd0cf91a0,FOUR.png
Ness LAB,NESS,ETH,0x524f61DEF05E5FA39482628C803Ba869899c07C6,NESS.png
El Hippo,HIPP,ETH,0x7b744eEa1dECa2f1B7b31F15Ba036Fa1759452d7,HIPP.png
Tipcoin,TIP,ETH,0x0176b898e92e814c06cc379e508ceb571f70bd40,TIP.png
AstroPepeX,APX,ETH,0xed4e879087ebD0e8A77d66870012B5e0dffd0Fa4,APX.png
DuckDAO,DD,ETH,0x7d51888C5ABb7CDfa9cdd6A50673c7F8afAccD7F,DD.png
AVAV,AVAV,ETH,0x5Ac6efe0D74c7938027C7c52130F2209A0C4F9a7,AVAV.png
Bharat Smart Chain Project,GNX,ETH,0xD4A0E8962611792a85A9ff176194022659e7184F,GNX.png
Florence Finance Medici,FFM,ETH,0x72a9b1c9b191781bb15f1b98f443a1d916557c92,FFM.png
Zuzalu Inu,ZUZALU,ETH,0xD1F17B7a6bfF962659ED608bCD6D318bB5fBb249,ZUZALU.png
dogwifhat,DOGWIFHAT,ETH,0x8aec4bbdcfb451aa289bfbd3c2f4e34a44ada1be,DOGWIFHAT.png
AxonDAO Governance Token,AXGT,ETH,0xDd66781D0E9a08D4FBb5eC7BAc80B691BE27F21D,AXGT.png
Root Protocol,ISME,ETH,0x87c22db324b8b0637c8f09d2670ae7777651dbb8,ISME.png
Nuklai,NAI,ETH,0x5Ac34C53A04B9aaA0BF047e7291fb4e8A48f2A18,NAI.png
Holograph,HLG,ETH,0x740df024CE73f589ACD5E8756b377ef8C6558BaB,HLG.png
Morpheus,MOR,ETH,0xcBB8f1BDA10b9696c57E13BC128Fe674769DCEc0,MOR.png
LAKE,LAK3,ETH,0x13d074303C95a34d304F29928dC8A16dEc797e9E,LAK3.png
Fautor,FTR,ETH,0xD6C7bB8531295e88D364EA67D5D1acC7D3F87454,FTR.png
MATT,MATT,ETH,0x7087c92EC764e75e7be7701EBA15cD95D90F501F,MATT.png
PepeBull,BEEF,ETH,0xbeef698bd78139829e540622d5863e723e8715f1,BEEF.png
HARRIS (kamala.vip),KAMALA,ETH,0x2b640A99991dea2916205ECdc9F9c58F80017ed8,KAMALA.png
TORA NEKO,TORA,ETH,0x1BB4aFbF2cE0C9ec86E6414ad4Ba4d9aab1c0De4,TORA.png
Popcat (ERC),POPCAT,ETH,0x05Aa4817c17825281474ae2Ee1ca492b89A16Bce,POPCAT.png
TRUMP DOGS,DOGS,ETH,0x9b69667F602f15ef2D09a9a18489c788e327461E,DOGS.png
Lily's Coin,LILY,ETH,0x7ce89243Cc0d9e746609c57845ECCbD9bB4B7315,LILY.png
Emotional Support Alligator,WALLY,ETH,0x4f7d2D728ce137dd01ec63EF7B225805C7b54575,WALLY.png
TROPPY,TROPPY,ETH,0x7eeab3de47a475fd2dec438aef05b128887c6105,TROPPY.png
SmartMesh,SMT,ETH,0x55f93985431fc9304077687a35a1ba103dc1e081,SMT.png
Mixin,XIN,ETH,0xa974c709cfb4566686553a20790685a47aceaa33,XIN.png
4ART Coin,4ART,ETH,0xff44b5719f0b77a9951636fc5e69d3a1fc9e7d73,4ART.png
BitoPro Exchange Token,BITO,ETH,0x93b1e78a3e652cd2e71c4a767595b77282344932,BITO.png
DeGate,DG,ETH,0x53c8395465a84955c95159814461466053dedede,DG.png
Arro Social,ARRO,ETH,0xE630943d2a62CfB48DBCd1be812f74f8DfA6EfF5,ARRO.png
Franklin,FLY,ETH,0x85f6eb2bd5a062f5f8560be93fb7147e16c81472,FLY.png
Charged Particles,IONX,ETH,0x02d3a27ac3f55d5d91fb0f52759842696a864217,IONX.png
Gold Fever,NGL,ETH,0x2653891204f463fb2a2f4f412564b19e955166ae,NGL.png
Own The Doge,DOG,ETH,0xbaac2b4491727d78d2b78815144570b9f2fe8899,DOG.png
Octopus Network,OCT,ETH,0xf5cfbc74057c610c8ef151a439252680ac68c6dc,OCT.png
Vera,VERA,ETH,0xd7f0cc50ad69408ae58be033f4f85d2367c2e468,VERA.png
Panther Protocol,ZKP,ETH,0x909E34d3f6124C324ac83DccA84b74398a6fa173,ZKP.png
Ridotto,RDT,ETH,0x4740735aa98dc8aa232bd049f8f0210458e7fca3,RDT.png
Defactor,FACTR,ETH,0xe0bceef36f3a6efdd5eebfacd591423f8549b9d5,FACTR.png
Silo Finance,SILO,ETH,0x6f80310ca7f2c654691d1383149fa1a57d8ab1f8,SILO.png
AngelBlock,THOL,ETH,0x207e14389183A94343942de7aFbC607F57460618,THOL.png
Hop Protocol,HOP,ETH,0xc5102fe9359fd9a28f877a67e36b0f050d81a3cc,HOP.png
HNB Protocol,HNB,ETH,0x6E0615a03eD9527a6013FcD5B556E36EF4DaB1FF,HNB.png
sudoswap,SUDO,ETH,0x3446Dd70B2D52A6Bf4a5a192D9b0A161295aB7F9,SUDO.png
Voxto Amplify,VXT,ETH,0xd7A5456a6fd8ce64A8eCf5eA8D1976EB03fD47B6,VXT.png
Satoshis Vision,SATS,ETH,0x6c22910c6f75f828b305e57c6a54855d8adeabf8,SATS.png
PAWZONE,PAW,ETH,0x1AA51bc7eb181ce48CE626Bf62f8956Fa9555136,PAW.png
Legacy Token,LGCT,ETH,0xD38B305CaC06990c0887032A02C03D6839f770A8,LGCT.png
FreeTrump,TRUMP,ETH,0xD015422879A1308ba557510345E944B912b9aB73,TRUMP.png
Financie Token,FNCT,ETH,0x8Af78f0c818302164F73B2365fE152C2D1FE80e1,FNCT.png
Open Exchange Token,OX,ETH,0x78a0a62fba6fb21a83fe8a3433d44c73a4017a6f,OX.png
Neo Tokyo,BYTES,ETH,0xa19f5264f7d7be11c451c093d8f92592820bea86,BYTES.png
Joe coin,JOE,ETH,0x76e222b07c53d28b89b0bac18602810fc22b49a8,JOE.png
MMX,MMX,ETH,0x614Da3b37B6F66F7Ce69B4Bbbcf9a55CE6168707,MMX.png
Decentralized ETF,DETF,ETH,0x5516AC1aaCa7BB2fD5b7bDDE1549Ef1Ea242953d,DETF.png
Retik Finance,RETIK,ETH,0x26EbB8213fb8D66156F1Af8908d43f7e3e367C1d,RETIK.png
Metahorse Unity,MUNITY,ETH,0xe97f6dde78b11b58cb3e394f15ab592cb2acd290,MUNITY.png
Chimpzee,CHMPZ,ETH,0x1161aB556bAA457994b1D6A6cCa3A7a6891009FD,CHMPZ.png
Shirushi Coin,SISC,ETH,0xC7AC64b37f93B90aa3A7809d35D8771de18Ab71e,SISC.png
Digital Asset Rights Token,DAR,ETH,0x1Db11E86fa9b9A87813A4DD3F747EEf12Ed55a55,DAR.png
GIOVE,GIOVE,ETH,0xf016D7848Cd3f4B42de810BEB116DBACd8eD1e92,GIOVE.png
Defispot,SPOT,ETH,0xe635efcfac44c5f44508f4d17c3a96cb4ce421dd,SPOT.png
Reform DAO,RFRM,ETH,0xea3eed8616877F5d3c4aEbf5A799F2e8D6DE9A5E,RFRM.png
SphereX,HERE,ETH,0xD722424cF94b583752dfc80C08e2531AB3b762dc,HERE.png
Banksters Token,BARS,ETH,0x5189688Ac92a1Eba1710bcba94Ab25c695A4dfa2,BARS.png
Roaring Kitty,ROAR,ETH,0xD8C978de79E12728e38aa952a6cB4166F891790f,ROAR.png
TRALA,TRALA,ETH,0xD5e0eda0214f1d05af466E483d9376a77A67448b,TRALA.png
Zygo the frog,ZYGO,ETH,0xEe2B9b7e168b5b2D40c507b891c7CfB13A6AaF2b,ZYGO.png
Twin Protocol,TWIN,ETH,0x48fd84c0dFC47F1b61eD6a86367895AaA6ad2a45,TWIN.png
Moo Deng (moodeng.sbs),MOODENG,ETH,0x68e686bC641605877AD72fF76a7047d7325D8D3e,MOODENG.png
TRUF.Network,TRUF,ETH,0x243c9be13fAbA09F945ccc565547293337Da0Ad7,TRUF.png
Content Bitcoin,CTB,ETH,0x435F6a29b100123ae46A3E8Bf0541aB402949243,CTB.png
Quantum Fusion Network,QF,ETH,0x6019Dcb2d0b3E0d1D8B0cE8D16191b3A4f93703d,QF.png
Reality Spiral,RSP,ETH,0x90e3532cf06d567ef7e6385be532311f10c30096,RSP.png
Coinmetro Token,XCM,ETH,0x36ac219f90f5a6a3c77f2a7b660e3cc701f68e25,XCM.png
UCX,UCX,ETH,0x3D3af44cf092a49280e316f09c8f20ecf97BC933,UCX.png
Aurix,AUR,ETH,0x6E98E5401ADCB0D76F4DEBfc3d794B3031F48790,AUR.png
MContent,MCONTENT,ETH,0xD3c51de3E6DD9b53D7f37699AFB3EE3Bf9B9b3F4,MCONTENT.png
Bumper,BUMP,ETH,0x785c34312dfa6b74f6f1829f79ade39042222168,BUMP.png
Enjinstarter,EJS,ETH,0x96610186F3ab8d73EBEe1CF950C750f3B1Fb79C2,EJS.png
Animal Concerts,ANML,ETH,0x38b0e3a59183814957d83df2a97492aed1f003e2,ANML.png
XRUN,XRUN,ETH,0x5833dbb0749887174b254ba4a5df747ff523a905,XRUN.png
NMKR,NMKR,ETH,0x68c54b0572c002ab7d80533ca254edf4046333e1,NMKR.png
ZigZag,ZZ,ETH,0xc91a71a1ffa3d8b22ba615ba1b9c01b2bbbf55ad,ZZ.png
Qlindo,QLINDO,ETH,0xc18c07a18198a6340cf4d94855fe5eb6dd33b46e,QLINDO.png
00 Token,00,ETH,0x881ba05de1e78f549cc63a8f6cabb1d4ad32250d,00.png
ECOx,ECOX,ETH,0xcccD1Ba9f7acD6117834E0D28F25645dECb1736a,ECOX.png
Super Athletes Token,SAT,ETH,0x5abf88cf3444611d13f6d1b39f3f3ee8575c91a2,SAT.png
Conic Finance,CNC,ETH,0x9aE380F0272E2162340a5bB646c354271c0F5cFC,CNC.png
Bogdanoff,BOG,ETH,0x0BA74fb26Ca523f2dc22fa4318581CC2452eAbA1,BOG.png
Hasaki,HAHA,ETH,0xd87D72248093597df8D56d2a53C1ab7c1A0Cc8DA,HAHA.png
Clips,CLIPS,ETH,0xecbee2fae67709f718426ddc3bf770b26b95ed20,CLIPS.png
MN Bridge,MNB,ETH,0xa922a70569a7555518bF4DED5094661a965E23cA,MNB.png
INU,INU,ETH,0xc76d53f988820fe70e01eccb0248b312c2f1c7ca,INU.png
CorgiAI,CORGIAI,ETH,0x6b431b8a964bfcf28191b07c91189ff4403957d0,CORGIAI.png
Shib2.0,SHIB2.0,ETH,0xdfEf6416EA3e6Ce587ED42Aa7cb2E586362cbBFa,SHIB2.0.png
Bitcoin 2.0,BTC2.0,ETH,0x3feb4fea5132695542f8ede5076ac43296d17c6d,BTC2.0.png
CYBRIA,CYBA,ETH,0x1063181dc986f76f7ea2dd109e16fc596d0f522a,CYBA.png
Calcium,CAL,ETH,0x20561172f791f915323241e885b4f7d5187c36e1,CAL.png
KIZUNA,KIZUNA,ETH,0x470c8950c0c3aa4b09654bc73b004615119a44b5,KIZUNA.png
go fu*k yourself.,GFY,ETH,0x2d9d7c64f6c00e16c28595ec4ebe4065ef3a250b,GFY.png
MILEI Token,MILEI,ETH,0x1a11ea9d61588d756d9f1014c3cf0d226aedd279,MILEI.png
SatoshiVM,SAVM,ETH,0x15e6E0D4ebeAC120F9a97e71FaA6a0235b85ED12,SAVM.png
Harambe AI,HARAMBEAI,ETH,0x5484581038cBf8EF33B7F6daEc7A2f01f71DB3C2,HARAMBEAI.png
TaoBank,TBANK,ETH,0x95CcffaE3Eb8767D4a941Ec43280961dde89F4dE,TBANK.png
Taτsu,TATSU,ETH,0x92f419fb7a750aed295b0ddf536276bf5a40124f,TATSU.png
Nettensor,NAO,ETH,0x72f713D11480DCF08b37E1898670e736688D218d,NAO.png
Mazze,MAZZE,ETH,0x4A029F7bCf33AcB03547D8fA7be840347973e24e,MAZZE.png
GPTPlus,GPTPLUS,ETH,0xeD9F6Aa6532869576211fD6367E3c328810fBeb3,GPTPLUS.png
Green Bitcoin,GBTC,ETH,0xdc9cb148ecb70876db0abeb92f515a5e1dc9f580,GBTC.png
Fofar (fofar.io),FOFAR,ETH,0xeff49b0F56a97C7FD3B51F0eCd2Ce999a7861420,FOFAR.png
Tomwifhat,TWIF,ETH,0x62760e76dce6b500349ec5f6119228d047913350,TWIF.png
HIRO,HRT,ETH,0x40787b15b30835c8da910b3da62c7d5691cc5c65,HRT.png
Kangamoon,KANG,ETH,0xB1c9D42FA4bA691eFe21656A7e6953d999B990c4,KANG.png
Flying Avocado Cat,FAC,ETH,0x1a3A8Cf347b2bF5890D3D6A1B981c4f4432C8661,FAC.png
Criptodólar,UXD,ETH,0x0f6011F7DBC40c17EcE894b1147f4ecfA712b600,UXD.png
Fast And Ai,FASTAI,ETH,0xF986408A1788CEB3BB4B4BE4AA96A43914168554,FASTAI.png
Len Sassaman (Ethereum),LEN,ETH,0xd0b0e54ebe7f450be3f1b438e45b95d0ec6f9bd7,LEN.png
TAXI,ROBOTAXI,ETH,0x119800a925217Ba9A2D656E868483a050C2F919F,ROBOTAXI.png
BOME AI,BOME,ETH,0x0c4785eE3CA8bF1fB90c772703210bd346AA3413,BOME.png
Tap Protocol,TAP,ETH,0x5e7f6e008c6d9d7ad4c7eb75bd4ce62864cc7454,TAP.png
Blast Royale,NOOB,ETH,0x06561dC5CEdCc012a4EA68609b17d41499622E4c,NOOB.png
Fanatico,FCO,ETH,0x41a1ef3d81D091465F22E8ED2a7e06d59A8532B7,FCO.png
Fleabone,BONE,ETH,0x7076De6fF1d91e00Be7E92458089C833De99E22E,BONE.png
XMax,XMX,ETH,0x0f8c45b896784a1e408526b9300519ef8660209c,XMX.png
Truebit,TRU,ETH,0xf65B5C5104c4faFD4b709d9D60a185eAE063276c,TRU.png
Rake Finance,RAK,ETH,0xa8b0f154a688c22142e361707df64277e0a0be66,RAK.png
Hello Pets,PET,ETH,0xb870679a7fa65b924026f496de7f27c1dd0e5c5f,PET.png
EpiK Protocol,AIEPK,ETH,0xac5b038058bcd0424c9c252c6487c25f032e5ddc,AIEPK.png
Your Future Exchange,YFX,ETH,0xf55a93b613d172b86c2ba3981a849dae2aecde2f,YFX.png
Moon Rabbit,AAA,ETH,0x8c6bf16c273636523c29db7db04396143770f6a0,AAA.png
Celestial,CELT,ETH,0xf6e06b54855eff198a2d9a8686113665499a6134,CELT.png
GM Wagmi,GM,ETH,0xbc7250c8c3eca1dfc1728620af835fca489bfdf3,GM.png
THORWallet,TGT,ETH,0x108a850856db3f85d0269a2693d896b394c80325,TGT.png
Crafting Finance,CRF,ETH,0x508df5aa4746be37b5b6a69684dfd8bdc322219d,CRF.png
FreeRossDAO,FREE,ETH,0x4cd0c43b0d53bc318cc5342b77eb6f124e47f526,FREE.png
SafeMoon V2,SFM,ETH,0xe574c0c33A7A67d9b09F9F0AdDBB3dCA71A8F3E0,SFM.png
PLT,PLT,ETH,0x0944d5848bd9f60a34ba92aea300d4286696eb76,PLT.png
BitMEX Token,BMEX,ETH,0xb113c6cf239f60d380359b762e95c13817275277,BMEX.png
Gas DAO,GAS,ETH,0x6bba316c48b49bd1eac44573c5c871ff02958469,GAS.png
The Winkyverse,WNK,ETH,0xE1BDA0c3Bfa2bE7f740f0119B6a34F057BD58Eba,WNK.png
MoonDAO,MOONEY,ETH,0x20d4DB1946859E2Adb0e5ACC2eac58047aD41395,MOONEY.png
AssangeDAO,JUSTICE,ETH,0x59d1e836F7b7210A978b25a855085cc46fd090B5,JUSTICE.png
JPEG'd,JPEG,ETH,0xE80C0cd204D654CEbe8dd64A4857cAb6Be8345a3,JPEG.png
Panda DAO,PANDA,ETH,0x3cbb7f5d7499af626026e96a2f05df806f2200dc,PANDA.png
Cardiocoin,CRDC,ETH,0xF81421fc15300c5a8CCa9aFE12F5CBAd502Fa756,CRDC.png
LunchDAO,LUNCH,ETH,0x71a28feaee902966dc8d355e7b8aa427d421e7e0,LUNCH.png
Egg N Partners,EGGT,ETH,0x096Cc1544FE972039353F3401Bce92F8e3978693,EGGT.png
The Protocol,THE,ETH,0x0cba60ca5ef4d42f92a5070a8fedd13be93e2861,THE.png
MaidSafeCoin,EMAID,ETH,0x329c6E459FFa7475718838145e5e85802Db2a303,EMAID.png
Renq Finance,RENQ,ETH,0xff8C479134A18918059493243943150776cF8CF2,RENQ.png
MEMEME,MEMEME,ETH,0x1a963df363d01eebb2816b366d61c917f20e1ebe,MEMEME.png
UnleashClub,UNLEASH,ETH,0x0E9cc0F7E550BD43BD2af2214563C47699F96479,UNLEASH.png
Doge 2.0,DOGE2.0,ETH,0xF2ec4a773ef90c58d98ea734c0eBDB538519b988,DOGE2.0.png
Babydoge 2.0,BABYDOGE2.0,ETH,0x41B6F91DAa1509bFbe06340D756560C4a1d146Fd,BABYDOGE2.0.png
HYTOPIA,TOPIA,ETH,0xcccCb68e1A848CBDB5b60a974E07aAE143ed40C3,TOPIA.png
Pepe Community,PEPE,ETH,0xbe042e9d09cb588331ff911c2b46fd833a3e5bd6,PEPE.png
DORK LORD,DORKL,ETH,0x94Be6962be41377d5BedA8dFe1b100F3BF0eaCf3,DORKL.png
HayCoin,HAY,ETH,0xfa3e941d1f6b7b10ed84a0c211bfa8aee907965e,HAY.png
Prisma Finance,PRISMA,ETH,0xdA47862a83dac0c112BA89c6abC2159b95afd71C,PRISMA.png
Greelance,GRL,ETH,0xA067237f8016d5e3770CF08b20E343Ab9ee813d5,GRL.png
AlienForm,A4M,ETH,0xf92D62Ed69242D655E685C96B98f32F1409c3262,A4M.png
Arbius,AIUS,ETH,0x8AFE4055Ebc86Bd2AFB3940c0095C9aca511d852,AIUS.png
Decentralized Cloud Infrastructure,DCI,ETH,0xC6221AC4E99066ea5443ACd67D6108F874E2533D,DCI.png
MetaToken,MTK,ETH,0x0e7375C46A0552520Ce6C976Dc268AE1B341F45f,MTK.png
Mini Donald,BARRON,ETH,0x1f70300bce8c2302780bd0a153ebb75b8ca7efcb,BARRON.png
StarChain,STRC,ETH,0xB37A6953F6B943B24a769Ea94eaCaD3E4C5495b5,STRC.png
Baby Neiro (ERC20),BABYNEIRO,ETH,0x7a2db92624fc80116cc209c9662ee2baa8adbeb1,BABYNEIRO.png
Otherworld,OWN,ETH,0x2d81F9460Bd21e8578350A4f06e62848ED4BB27e,OWN.png
America Pac,PAC,ETH,0x4C44A8B7823B80161Eb5E6D80c014024752607F2,PAC.png
DragonX,DRAGONX,ETH,0x96a5399D07896f757Bd4c6eF56461F58DB951862,DRAGONX.png
HarryPotterObamaSonic10Inu 2.0,BITCOIN,ETH,0x37d299D9900209c3566254cFE59bFE6fF8F8c295,BITCOIN.png
U Coin,U,ETH,0xe07710cdcD1c9F0FB04bfd013F9854E4552671cE,U.png
ProtoKOLs,KOL,ETH,0xd888A5460fFFA4B14340DD9Fe2710cbABd520659,KOL.png
SingularityNET,AGIX,ETH,0x5B7533812759B45C2B44C19e320ba2cD2681b542,AGIX.png
Covalent,CQT,ETH,0xD417144312DbF50465b1C641d016962017Ef6240,CQT.png
LP 3pool Curve,3CRV,ETH,0x6c3f90f043a72fa612cbac8115ee7e52bde6e490,3CRV.png
fBomb,BOMB,ETH,0x74ccbe53f77b08632ce0cb91d3a545bf6b8e0979,BOMB.png
Thales,THALES,ETH,0x8947da500eb47f82df21143d0c01a29862a8c3c5,THALES.png
Pancake Games,GCAKE,ETH,0x5f944b0c4315cb7c3a846b025ab4045da44abf6c,GCAKE.png
Day By Day,DBD,ETH,0xa5f1dbb0e55bc31f32c6d032bee330288490e722,DBD.png
Adana Demirspor Token,DEMIR,ETH,0xfec82a1b2638826bfe53ae2f87cfd94329cde60d,DEMIR.png
Governance OHM,GOHM,ETH,0x0ab87046fBb341D058F17CBC4c1133F25a20a52f,GOHM.png
ZURRENCY,ZURR,ETH,0x89509aa1d14a8e1e5364ec4c3b041213bcdbe08d,ZURR.png
YOUR AI,YOURAI,ETH,0xC5bA042BF8832999b17c9036E8212f49DCE0501A,YOURAI.png
Giresunspor Token,GRS,ETH,0x47d49d010c03B40F88F422502D694ff49fE6c9C8,GRS.png
CRYN,CRYN,ETH,0xc31cebf8f9e825d1d1244d73d0a65e44bd5210db,CRYN.png
Vanspor Token,VAN,ETH,0xe75097D3Ec88701361E670e065b8d5bC4dAfBC9D,VAN.png
ESG,ESG,ETH,0x20cd2e7ec8f5d8b337fe46a4f565ccef1561b9a9,ESG.png
QToken,QTO,ETH,0xea01906843ea8d910658a2c485ffce7c104ab2b6,QTO.png
OraiDEX,ORAIX,ETH,0x2d869aE129e308F94Cc47E66eaefb448CEe0d03e,ORAIX.png
Inu Inu,INUINU,ETH,0xc6bdb96e29c38dc43f014eed44de4106a6a8eb5f,INUINU.png
Yieldification,YDF,ETH,0x30dcba0405004cf124045793e1933c798af9e66a,YDF.png
KLEIN TOKEN,KLEIN,ETH,0x76Db65085E1c3102eDA71546aCf22b6Abd68712c,KLEIN.png
Kondux,KNDX,ETH,0x7ca5af5ba3472af6049f63c1abc324475d44efc1,KNDX.png
Metal Blockchain,METAL,ETH,0x294559fa758c88d639fd085751e463fee7806eab,METAL.png
edeXa,EDX,ETH,0xC114678C6e4654d041B2006C90f08478b444c4E2,EDX.png
Bunni,LIT,ETH,0xfd0205066521550d7d7ab19da8f72bb004b4c341,LIT.png
XENO Governance,GXE,ETH,0x510975edA48A97E0cA228dD04d1217292487bea6,GXE.png
Relation Labs,REL,ETH,0xe45dfc26215312edc131e34ea9299fbca53275ca,REL.png
Sturdy,STRDY,ETH,0xaeB3607eC434454ceB308f5Cd540875efb54309A,STRDY.png
The Habibiz,HABIBI,ETH,0x8526Be2379E853d5Cf02f9823BB9690e1a6Ff9e2,HABIBI.png
0xGasless,0XGAS,ETH,0x5FC111f3Fa4C6b32eAf65659CFEbdeed57234069,0XGAS.png
SNKRZ,FRC,ETH,0x58083B54013631BaCc0bbB6d4efa543Fee1D9cE0,FRC.png
ScamFari token,SCM,ETH,0x8353b92201f19B4812EeE32EFd325f7EDe123718,SCM.png
SpacePi (ETH),SPACEPI,ETH,0x69b14e8D3CEBfDD8196Bfe530954A0C226E5008E,SPACEPI.png
Aegis Ai,AEGIS,ETH,0x55a8f6c6b3aa58ad6d1f26f6afeded78f32e19f4,AEGIS.png
TonUP,UP,ETH,0x40A32606A4CE9b4F350421642Ebf65C052d5389b,UP.png
Unagi Token,UNA,ETH,0x0b6f3ea2814f3fff804ba5d5c237aebbc364fba9,UNA.png
Weave6,WX,ETH,0x2817cecf94465a9f7becf43d9b7c8025e88a4213,WX.png
Gaga (Pepe),GAGA,ETH,0xB29Dc1703fAcd2967BB8AdE2E392385644C6dCA9,GAGA.png
TPRO Network,TPRO,ETH,0x3540abe4f288b280a0740ad5121aec337c404d15,TPRO.png
Orchai,OCH,ETH,0x19373ecbb4b8cc2253d70f2a246fa299303227ba,OCH.png
GPT Protocol,GPT,ETH,0xCdb4A8742ed7D0259b51E3454C46C9D6C48d5e88,GPT.png
BounceBit USD,BBUSD,ETH,0x77776b40c3d75cb07ce54dea4b2fd1d07f865222,BBUSD.png
DedaCoin,DEDA,ETH,0x15F9EB4b9BEaFa9Db35341c5694c0b6573809808,DEDA.png
Open Meta City,OMZ,ETH,0xd7D9BaBf56A66dAFF2aC5dc96F7e886c05124676,OMZ.png
THE LAND ELF Crossing,ELF,ETH,0x8a13f32e2a556830f3a5e97a96ae941abfcb1d5c,ELF.png
eMetals,MTLS,ETH,0x197DC7A8a58a7e4f6A5cb82302e8646A125798E7,MTLS.png
HUSBY,HUSBY,ETH,0x41D06390b935356b46aD6750bdA30148Ad2044A4,HUSBY.png
COFFEE,COFFEE,ETH,0x18eF464fD73Ed484c12339eAa5d5E3C8f6C48180,COFFEE.png
Yelay,YLAY,ETH,0xAEe5913FFd19dBcA4Fd1eF6F3925ed0414407d37,YLAY.png
O.XYZ,O,ETH,0x81ad60e5dd6bd97edaa4adcc7237978b14adf4e6,O.png
Laïka,LAIKA,ETH,0x19E1F2f837a3b90EBd0730cb6111189Be0E1b6D6,LAIKA.png
Silent Notary,UBSN,ETH,0x86EFc496DcA70bcFD92D19194290e8457a375773,UBSN.png
Brazilian Digital Token,BRZ,ETH,0x01d33FD36ec67c6Ada32cf36b31e88EE190B1839,BRZ.png
Bincentive,BCNT,ETH,0x9669890e48f330acd88b78d63e1a6b3482652cd9,BCNT.png
LUXO,LUXO,ETH,0xD39a2CeCBA2657e125Ba6a5c98ad2F6b6D7E83FD,LUXO.png
Launchpool,LPOOL,ETH,0x6149c26cd2f7b5ccdb32029af817123f6e37df5b,LPOOL.png
Vent Finance,VENT,ETH,0x5f0bc16d50f72d10b719dbf6845de2e599eb5624,VENT.png
SavePlanetEarth,SPE,ETH,0x4b91dfa774acde7ed70e93a6438363feaaa40f54,SPE.png
STOA Network,STA,ETH,0x06874f973dc3c96dc22a10ef0d0609f877f335ea,STA.png
Swing.xyz,SWING,ETH,0xd8dD38cA016F3E0b3Bc545d33CcE72AF274Ce075,SWING.png
1Sol,1SOL,ETH,0x009178997aff09a67d4caccfeb897fb79d036214,1SOL.png
Bit.Store,STORE,ETH,0x31ea0de8119307aa264bb4b38727aab4e36b074f,STORE.png
Domi Online,DOMI,ETH,0x45C2F8c9B4c0bDC76200448cc26C48ab6ffef83F,DOMI.png
Antalyaspor Token,AKREP,ETH,0xb2f87efA44dE3008d6bA75D5e879422003D6dABB,AKREP.png
Diyarbekirspor Token,DIYAR,ETH,0x93CfE232311F49B53D4285cd54D31261980496BA,DIYAR.png
Icel Idman Yurdu Token,MIY,ETH,0x58aaB16f5bA19827505Bb4Fe0a867fA0B7977e72,MIY.png
Darüşşafaka Spor Kulübü Token,DSK,ETH,0x362bc4b0b2a8134d87ace9143d284a2eced3fd2a,DSK.png
Yeni Malatyaspor Token,YMS,ETH,0xd64126835ceCAcA345c8f137bda68e975f5aB790,YMS.png
Arnoya classic,ARNC,ETH,0x7495e5Cc8F27e0bd5bD4cb86d17F0D841cA58EE4,ARNC.png
Spot,SPOT,ETH,0xC1f33e0cf7e40a67375007104B929E49a581bafE,SPOT.png
Data Lake,LAKE,ETH,0xF9Ca9523E5b5A42C3018C62B084Db8543478C400,LAKE.png
Doge KaKi,KAKI,ETH,0x42414624c55a9cba80789f47c8f9828a7974e40f,KAKI.png
Glo Dollar,USDGLO,ETH,0x4F604735c1cF31399C6E711D5962b2B3E0225AD3,USDGLO.png
Degen Zoo,DZOO,ETH,0xc97d6c52f3add91fa1c5287a453d7444aecbca83,DZOO.png
enqAI,enqAI,ETH,0x710287D1D39DCf62094A83EBB3e736e79400068a,enqAI.png
Joseon Mun,JSM,ETH,0x04C618CDbc1D59142dFEB4B9864835A06983EC2d,JSM.png
Jeff World,JEFF,ETH,0x1a8b8e526d093476ac5c488a3ea057f8de9c0dee,JEFF.png
TOAD,TOAD,ETH,0x01e1d7cBD3Bc0EB1030485F33708421011459459,TOAD.png
OmniCat,OMNI,ETH,0x9e20461bc2c4c980f62f1B279D71734207a6A356,OMNI.png
OpSec,OPSEC,ETH,0x8be8c50e7d7acff6084899e71a6db085ff7134c8,OPSEC.png
Storm Warfare,JAN,ETH,0x5a9261B023692405F2F680240C6B010638e416Dd,JAN.png
Lends,LENDS,ETH,0x2c06ba9e7f0daccbc1f6a33ea67e85bb68fbee3a,LENDS.png
InspireAI,INSP,ETH,0x179f782d7fbe745f40b20e0c7dbb6205d43fa4b9,INSP.png
Clipper,SAIL,ETH,0xd8f1460044925d2d5c723c7054cd9247027415b7,SAIL.png
Raini Studios Token,RST,ETH,0xBE03E60757f21f4b6fC8f16676AD9D5B1002E512,RST.png
GENIUS AI,GNUS,ETH,0x614577036F0a024DBC1C88BA616b394DD65d105a,GNUS.png
Kinka,XNK,ETH,0x722a89f1b925fe41883978219c2176aecc7d6699,XNK.png
Shadow Node,SVPN,ETH,0xc668695dcbCf682dE106Da94bDE65c9bc79362d3,SVPN.png
Colle AI,COLLE,ETH,0xC36983d3D9d379dDFB306DFB919099cB6730e355,COLLE.png
Bretter Brett,BRETT,ETH,0x66bFf695f3B16a824869a8018a3A6e3685241269,BRETT.png
Boys Club,BOYS,ETH,0x706987611C5d2052541D64ef8f036916807c916A,BOYS.png
Pepe Trump,PTRUMP,ETH,0x441ec6748c51c19c93ce14439714b5401d6c3ded,PTRUMP.png
BlastUP,BLASTUP,ETH,0x901a020915bc3577d85d29f68024b4c5e240b8cd,BLASTUP.png
VOLT.WIN,VOLT,ETH,0x66b5228CfD34d9f4d9f03188d67816286C7c0b74,VOLT.png
ABE,ABE,ETH,0xD0dFCA0B404E866Dc9A3038BD2A545c6735D9fA9,ABE.png
Nasdaq420,NASDAQ420,ETH,0x615987d46003CC37387dBe544FF4F16FA1200077,NASDAQ420.png
World Liberty Financial (worldlibertyfinance.ai),WLFI,ETH,0x66f85E3865D0cFDC009acf6280a8621f12e46CCf,WLFI.png
Top Grass Club,TGRASS,ETH,0x71eD2Ce4A4eD4E487718E4B53C01bEEcfe5b14A7,TGRASS.png
KanzzAI,KAAI,ETH,0xa7d48da33cF6AC74Ed2Ba71b7E33005DC51ADbB7,KAAI.png
Matrixdock Gold,XAUM,ETH,0x2103E845C5E135493Bb6c2A4f0B8651956eA8682,XAUM.png
YieldBricks,YBR,ETH,0x9d9535dae62f5f12ab83f1183dca1ead244b0db3,YBR.png
NAGA,NGC,ETH,0x72dd4b6bd852a3aa172be4d6c5a6dbec588cf131,NGC.png
Airbloc,ABL,ETH,0xf8b358b3397a8ea5464f8cc753645d42e14b79ea,ABL.png
IZE,IZE,ETH,0x6944d3e38973C4831dA24E954fbD790c7E688bDd,IZE.png
Domani Protocol,DEXTF,ETH,0x5F64Ab1544D28732F0A24F4713c2C8ec0dA089f0,DEXTF.png
NiiFi,NIIFI,ETH,0x852e5427c86a3b46dd25e5fe027bb15f53c4bcb8,NIIFI.png
Shiba Girlfriend,SHIBGF,ETH,0x505a84a03e382331a1be487b632cf357748b65d6,SHIBGF.png
Cindrum,CIND,ETH,0xaC0968a3E2020aC8ca83e60CcF69081EBc6d3bC3,CIND.png
TFS Token,TFS,ETH,0xc2A81eb482cB4677136D8812cC6Db6E0cB580883,TFS.png
Kayserispor Token,KYSR,ETH,0x5fc251c13c4ef172d87a32ab082897132b49435c,KYSR.png
Artem Coin,ARTEM,ETH,0x9b83f827928abdf18cf1f7e67053572b9bceff3a,ARTEM.png
Sivasspor Token,SIV,ETH,0x6cf9464B2C628Db187f2Bc1DDc0C43fDA72EfDd5,SIV.png
Sakaryaspor Token,SKRY,ETH,0xC81946C6E0e15163b14aBD4B5008F3D900B2A736,SKRY.png
Erzurumspor Token,ERZ,ETH,0x1095D4a344a4760900071025d6103a17a361aBAD,ERZ.png
Nexum,NEXM,ETH,0xe831F96A7a1DcE1aa2EB760b1e296c6A74CaA9d5,NEXM.png
Urfaspor Token,URFA,ETH,0x6641B8df62e4b0e00D3b61F8ecA63B2052404FD9,URFA.png
Hatayspor Token,HATAY,ETH,0xf3c6327B4c58e38A7986Edb4a8F236031708f280,HATAY.png
Tuzlaspor Token,TUZLA,ETH,0x1e4EC900dD162EBaf6CF76cFE8A546f34D7a483d,TUZLA.png
Dohrnii,DHN,ETH,0x32462bA310E447eF34FF0D15BCE8613aa8C4A244,DHN.png
Okuru,XOT,ETH,0x22B48E1f20043D1Db5F2a11CbF1d520A4F20b198,XOT.png
Duzce Token,DUZCE,ETH,0xcdd2FA4c2b36a1a14eDC41dA1C9F9B2CB9f981aa,DUZCE.png
Changex,CHANGE,ETH,0x7051faed0775f664a0286af4f75ef5ed74e02754,CHANGE.png
USK,USK,ETH,0x1B3C515F58857E141A966b33182f2F3feECC10E9,USK.png
ZARP Stablecoin,ZARP,ETH,0xb755506531786C8aC63B756BaB1ac387bACB0C04,ZARP.png
Curve.fi FRAX/USDC,CRVFRAX,ETH,0x3175df0976dfa876431c2e9ee6bc45b65d3473cc,CRVFRAX.png
IPOR,IPOR,ETH,0x1e4746dc744503b53b4a082cb3607b169a289090,IPOR.png
Sponge,$SPONGE,ETH,0x25722cd432d02895d9be45f5deb60fc479c8781e,$SPONGE.png
Wagmi Coin,WAGMI,ETH,0xef8e456967122db4c3c160314bde8d2602ad6199,WAGMI.png
Patex,PATEX,ETH,0xfd4f2caf941b6d737382dce420b368de3fc7f2d4,PATEX.png
CruxDecussata,X,ETH,0xaBeC00542D141BDdF58649bfe860C6449807237c,X.png
Work X,WORK,ETH,0x8888888837f84a7a82668e0320ac454f5945d0b9,WORK.png
Tao Ceτi,CETI,ETH,0x1bfce574deff725a3f483c334b790e25c8fa9779,CETI.png
Scotty The Ai,SCOTTY,ETH,0xc0dB17Bc219C5ca8746C29ee47862ee3Ad742F4a,SCOTTY.png
1ex Trading Board,1EX,ETH,0x668d78571f124415581b38d32fa9a16f1aaa8417,1EX.png
The Emerald Company,EMRLD,ETH,0xeBB1AFb0A4ddC9b1f84D9Aa72FF956cD1c1Eb4be,EMRLD.png
CryptoGPT,CRGPT,ETH,0x50739bd5b6afF093ba2371365727C48a420a060D,CRGPT.png
infraX,INFRA,ETH,0xe9EccDE9d26FCBB5e93F536CFC4510A7f46274f8,INFRA.png
Cosmic Network,COSMIC,ETH,0x55A05Cf8898dd1c582eef939Df645d5D235C6f74,COSMIC.png
Bitcoin Pizza Day,PIZZA,ETH,0x1888847B50BC1833E268348896dEe58701fc06A9,PIZZA.png
Eternal AI,EAI,ETH,0xa84f95eb3DaBdc1bbD613709ef5F2fD42CE5bE8d,EAI.png
AIRian,AIR,ETH,0x294B9dA569c0d694870239813Bbe7B5824FD2339,AIR.png
Stonks,STONKS,ETH,0x7d4a23832fad83258b32ce4fd3109ceef4332af4,STONKS.png
Dollar,DOLLAR,ETH,0xE95076d9fe7155c17b455ac49497E78912c4AB65,DOLLAR.png
Marvin Inu (ETH),MARVIN,ETH,0x85bea4ee627b795a79583fcede229e198aa57055,MARVIN.png
Aventa,AVENT,ETH,0xd9641fc2826ecc9bebf4f3852fe4ed92a5239f02,AVENT.png
ESTEE,ESTEE,ETH,0x4298e4AD48be89BF63A6fDc470A4b4Fe9cE633B1,ESTEE.png
Rino,RINO,ETH,0x616254B3c79639f89E756495ac687735B27b5E17,RINO.png
Omira,OMIRA,ETH,0x06113abcef9d163c026441b112e70c82ee1c4a79,OMIRA.png
Sponstar,$STAR,ETH,0x04Cd37283E0F921B4a8838Fee72e4264c87A692B,$STAR.png
Chainpal AI,CPAL,ETH,0x78965b1c638a7ff408d1697a96d7b8e47bb7c75f,CPAL.png
Morph AI,MORPHAI,ETH,0x683989aFc948477fd38567F8327F501562C955ac,MORPHAI.png
Zeusshield,ZSC,ETH,0x7A41e0517a5ecA4FdbC7FbebA4D4c47B9fF6DC63,ZSC.png
LUKSO [Old],LYXe,ETH,0xA8b919680258d369114910511cc87595aec0be6D,LYXe.png
Akropolis Delphi,ADEL,ETH,0x94d863173ee77439e4292284ff13fad54b3ba182,ADEL.png
Molten,MOLTEN,ETH,0x66E535e8D2ebf13F49F3D49e5c50395a97C137b1,MOLTEN.png
Pando,PANDO,ETH,0x252b9F56359901a0BDE52d0675b1f1130d86F471,PANDO.png
Pastel,PSL,ETH,0xc775c0c30840cb9f51e21061b054ebf1a00acc29,PSL.png
xSUSHI,XSUSHI,ETH,0x8798249c2E607446EfB7Ad49eC89dD1865Ff4272,XSUSHI.png
Ethermon,EMON,ETH,0xd6a5ab46ead26f49b03bbb1f9eb1ad5c1767974a,EMON.png
MAI,MIMATIC,ETH,0x8d6cebd76f18e1558d4db88138e2defb3909fad6,MIMATIC.png
DATACHAIN FOUNDATION (DC),DC,ETH,0x0b44547be0a0df5dcd5327de8ea73680517c5a54,DC.png
Flourishing AI,AI,ETH,0x6ab4ce36260f201e4e2391eca2fd7538f71e4131,AI.png
EmiSwap,ESW,ETH,0x5a75a093747b72a0e14056352751edf03518031d,ESW.png
DogeGF,DOGEGF,ETH,0xfb130d93e49dca13264344966a611dc79a456bc5,DOGEGF.png
Angle,ANGLE,ETH,0x31429d1856ad1377a8a0079410b297e1a9e214c2,ANGLE.png
Covenant,COVN,ETH,0x19ac2659599fd01c853de846919544276ad26f50,COVN.png
ONINO,ONI,ETH,0x822757d09a8d5db5874be7f367eafae2af32d64b,ONI.png
Lootex,LOOT,ETH,0x721A1B990699eE9D90b6327FaaD0A3E840aE8335,LOOT.png
QMALL TOKEN,QMALL,ETH,0x2217e5921B7edfB4BB193a6228459974010D2198,QMALL.png
Balıkesirspor Token,BLKS,ETH,0xe8389374A482d031703AE0E4cb3FE34B045081Ee,BLKS.png
EdgeSwap,EGS,ETH,0xb009bfaaf85e53f55d8657781eb69feaaed83672,EGS.png
DOLZ,DOLZ,ETH,0xe939F011a3d8fC0AA874c97e8156053a903D7176,DOLZ.png
DOLA Borrowing Right,DBR,ETH,0xAD038Eb671c44b853887A7E32528FaB35dC5D710,DBR.png
USP Token,USP,ETH,0x79b87d52a03ed26a19c1914be4ce37f812e2056c,USP.png
Davos.xyz USD,DUSD,ETH,0xa48F322F8b3edff967629Af79E027628b9Dd1298,DUSD.png
Roko,ROKO,ETH,0x6f222E04F6c53Cc688FfB0Abe7206aAc66A8FF98,ROKO.png
MEMEVENGERS,MMVG,ETH,0xddf688e96cb2531a69bf6347c02f069266c1aa81,MMVG.png
DeepFakeAI,FAKEAI,ETH,0x5aef5bba19e6a1644805bd4f5c93c8557b87c62c,FAKEAI.png
SophiaVerse,SOPH,ETH,0x73fbd93bfda83b111ddc092aa3a4ca77fd30d380,SOPH.png
PlasticHero,PTH,ETH,0x8ab98330473101309db94b625f9997366a518223,PTH.png
Decentralized Music Chain,DMCC,ETH,0x148255a3b10666d9788ec48bc61ea3e48974bf2c,DMCC.png
Everybody Holds,HOLD,ETH,0x68b36248477277865c64dfc78884ef80577078f3,HOLD.png
BEBE,BEBE,ETH,0xec21890967a8ceb3e55a3f79dac4e90673ba3c2e,BEBE.png
Ring AI,RING,ETH,0xc092A137df3cF2B9e5971ba1874D26487C12626d,RING.png
VPS AI,VPS,ETH,0x00b78238925c320159023c2ac9ef89da8f16d007,VPS.png
Spatial Computing,CMPT,ETH,0x3d000462Fb9826804a45c0EA869b83b69587F2dB,CMPT.png
DODO,DODO,ETH,0x747e550a7b848ace786c3cfe754aa78febc8a022,DODO.png
Meta Masters Guild Games,MEMAGX,ETH,0x857dE36f92330E1B9a21e8745c692F2CE13866cb,MEMAGX.png
Landwolf (firstlandwolfeth),WOLF,ETH,0x33ABE795f9c1b6136608c36dB211bD7590f5FdAE,WOLF.png
Bird Dog,BIRDDOG,ETH,0xf6ce4be313ead51511215f1874c898239a331e37,BIRDDOG.png
CandleAI,CNDL,ETH,0x6efb32bc7893b793603e39643d86594ce3638157,CNDL.png
aUSDT,aUSDT,ETH,0x9EEAD9ce15383CaEED975427340b3A369410CFBF,aUSDT.png
EaveAI,EAVE,ETH,0x974D796E0Bea47038f39C3F98b1aA2c5240b5495,EAVE.png
Guru Network,GURU,ETH,0x525574c899a7c877a11865339e57376092168258,GURU.png
AutoLayer,LAY3R,ETH,0xf06ce11836851d71e74e4ffefa7b73fcc8a27786,LAY3R.png
Sharp AI,SHARP,ETH,0xAddB6dC7E2F7caEA67621DD3Ca2e8321ade33286,SHARP.png
NFINITY AI,NFNT,ETH,0x82d36570842fc1ac2a3b4dbe0e7c5c0e2e665090,NFNT.png
Just a chill guy (Ethereum),CHILLGUY,ETH,0x60215DB40B04Fe029C42c56fF2E02221c1F288ef,CHILLGUY.png
Toki,TOKI,ETH,0x65086e9928d297Ebae6A7d24D8c3Aea6f8f6b5d7,TOKI.png
STELSI,STLS,ETH,0x02Df0361f9332Be1Bd9774A8b51eF8540Fad4148,STLS.png
Hoodrat,HOODRAT,ETH,0x62B6d83d5aFBf395ece55136E7161c119a8FD80C,HOODRAT.png
Zus,ZCN,ETH,0xb9ef770b6a5e12e45983c5d80545258aa38f3b78,ZCN.png
Ecoreal Estate,ECOREAL,ETH,0x7ECbb21346C501Fd07eb165E406120fA32381C16,ECOREAL.png
Crypto Holding Frank Token,CHFT,ETH,0x58002a6b6e659a16de9f02f529b10536e307b0d9,CHFT.png
Wise Token,WISE,ETH,0x66a0f676479cee1d7373f3dc2e2952778bff5bd6,WISE.png
CFX Quantum,CFXQ,ETH,0x0557E0d15aeC0b9026dD17aA874fDf7d182A2cEB,CFXQ.png
Human,HMT,ETH,0xd1ba9BAC957322D6e8c07a160a3A8dA11A0d2867,HMT.png
BoringDAO,BORING,ETH,0xbc19712feb3a26080ebf6f2f7849b417fdd792ca,BORING.png
HalfPizza,PIZA,ETH,0x350ca33E2c75269A220c75D337E9B9AB177FA269,PIZA.png
Allbridge,ABR,ETH,0xa11bd36801d8fa4448f0ac4ea7a62e3634ce8c7c,ABR.png
PL^Gnet,PLUG,ETH,0x47da5456bc2e1ce391b645ce80f2e97192e4976a,PLUG.png
DEUS Finance,DEUS,ETH,0xde5ed76e7c05ec5e4572cfc88d1acea165109e44,DEUS.png
Kiba Inu,KIBA,ETH,0x005D1123878Fc55fbd56b54C73963b234a64af3c,KIBA.png
BlockBlend,BBL,ETH,0x0a44a7ccea34a7563ba1d45a5f757d0b02281124,BBL.png
STIMA,STIMA,ETH,0xD2e5decc08A80be6538F89f9AB8ff296e2f724Df,STIMA.png
JPYC Prepaid,JPYC,ETH,0x431D5dfF03120AFA4bDf332c61A6e1766eF37BDB,JPYC.png
Rebase GG,IRL,ETH,0xa80221d067603e30060f75e2458aa361f8ee5402,IRL.png
LEOX,LEOX,ETH,0xa444EC96Ee01bB219A44B285De47bf33C3447ad5,LEOX.png
Soulsaver,SOUL,ETH,0x992D339532A9C42F1b0E59A57e95F38da38c66F6,SOUL.png
Stake DAO CRV,SDCRV,ETH,0xd1b5651e55d4ceed36251c61c50c889b36f6abb5,SDCRV.png
Nostra,NSTR,ETH,0x610dbd98a28ebba525e9926b6aaf88f9159edbfd,NSTR.png
DigiHealth,DGH,ETH,0xfd2cf2202f049064865Dc32c6CF81eeB34074b39,DGH.png
Moonsama,SAMA,ETH,0xE04F47FF45576249bc5083DFDf987e03d0550113,SAMA.png
HILO,HILO,ETH,0x6c3fe25a4de7fa243c653cfe1f165bf11d99704e,HILO.png
Zeeverse,VEE,ETH,0x7616113782AaDAB041d7B10d474F8A0c04EFf258,VEE.png
Chad Coin,CHAD,ETH,0x6B89B97169a797d94F057F4a0B01E2cA303155e4,CHAD.png
Ethlas,ELS,ETH,0xEb575C45004bd7B61C6A8D3446a62a05a6Ce18d8,ELS.png
Bank AI,$BANK,ETH,0xe18ab3568fa19e0ed38bc1d974eddd501e61e12d,$BANK.png
The Nemesis,NEMS,ETH,0xb435A47eCea7F5366b2520e45B9beD7E01d2FFAe,NEMS.png
Love,LOVE,ETH,0xB22C05CeDbF879a661fcc566B5a759d005Cf7b4C,LOVE.png
Equilibria Finance,EQB,ETH,0xfE80D611c6403f70e5B1b9B722D2B3510B740B2B,EQB.png
HarryPotterTrumpHomerSimpson777Inu,ETHEREUM,ETH,0x24249b5a869a445C9B0CE269a08d73c618dF9d21,ETHEREUM.png
HMX,HMX,ETH,0x83d6c8c06ac276465e4c92e7ac8c23740f435140,HMX.png
Lush AI,LUSH,ETH,0xec9333e7dadeebf82d290d6cb12e66cc30ce46b0,LUSH.png
VectorChat.ai,CHAT,ETH,0xbb3d7f42c58abd83616ad7c8c72473ee46df2678,CHAT.png
DeepSouth AI,SOUTH,ETH,0xcd24ba0e3364233ee9301c1d608a14753c8739c5,SOUTH.png
GameStop (gamestopeth.io),GSTOP,ETH,0xdd157bd06c1840fa886da18a138c983a7d74c1d7,GSTOP.png
Kekistan,KEK,ETH,0x4ade2b180f65ed752b6f1296d0418ad21eb578c0,KEK.png
Bitcoin EDenRich,BITBEDR,ETH,0xb8176a66c0d0A84cfD4e403c89cF3416b1e798Ad,BITBEDR.png
Drops,DROPS,ETH,0xA562912e1328eEA987E04c2650EfB5703757850C,DROPS.png
Matt Furie's Mellow Man,MELLOW,ETH,0x6942040b6d25d6207e98f8e26c6101755d67ac89,MELLOW.png
Wiener AI,WAI,ETH,0xFE8526A77A2c3590E5973bA81308B90BEA21FBFF,WAI.png
ETFSwap,ETFS,ETH,0xcE6b17c16Df188fa721632b770a2ee5530589716,ETFS.png
Atua AI,TUA,ETH,0x791a5c2261823dbf69b27b63e851b7745532cfa2,TUA.png
Cortensor,COR,ETH,0x8e0EeF788350f40255D86DFE8D91ec0AD3a4547F,COR.png
INFERNO,INF,ETH,0x00F116ac0c304C570daAA68FA6c30a86A04B5C5F,INF.png
Wrapped  AyeAyeCoin,WAAC,ETH,0x30aE41D5f9988D359c733232C6c693c0e645C77E,WAAC.png
VYPER.WIN,VYPER,ETH,0xd7fa4cFC22eA07DfCeD53033fbE59d8b62B8Ee9E,VYPER.png
TRRUE,TRRUE,ETH,0x36E45dcfE1d3d85A78c65c3baD4068dEE4f2a25e,TRRUE.png
Craze,CRAZE,ETH,0x5c162Ec1c1679c67728d824deFC0b415a97539E5,CRAZE.png
Black Unicorn Corp.,MOON,ETH,0xb6c0189080a6441caf056b856dd4d795b909c460,MOON.png
Open Platform,OPEN,ETH,0x9d86b1b2554ec410eccffbf111a6994910111340,OPEN.png
Naka Bodhi Token,NBOT,ETH,0x09Ccd2DA5dCDd0510268d4979e792381337138b8,NBOT.png
Decentralized Vulnerability Platform,DVP,ETH,0x8e30ea2329d95802fd804f4291220b0e2f579812,DVP.png
Archethic,UCO,ETH,0x1A688D3d294ee7BcC1f59011DE93d608Dc21c377,UCO.png
Morpher,MPH,ETH,0x6369c3dadfc00054a42ba8b2c09c48131dd4aa38,MPH.png
NAOS Finance,NAOS,ETH,0x4a615bb7166210cce20e6642a6f8fb5d4d044496,NAOS.png
TCGCoin 2.0,TCG2,ETH,0x0d31DF7dedd78649A14aAe62D99CcB23aBCC3A5A,TCG2.png
Realm,REALM,ETH,0x464fdb8affc9bac185a7393fd4298137866dcfb8,REALM.png
Asia Coin,ASIA,ETH,0xf519381791c03dd7666c142d4e49fd94d3536011,ASIA.png
DAO Invest,VEST,ETH,0x1f19f83fC9a25F3C861260143E36c17706257986,VEST.png
Zamio,ZAM,ETH,0xd373576a9e738f37dc6882328358ff69c4caf4c6,ZAM.png
dForce USD,USX,ETH,0x0a5e677a6a24b2f1a2bf4f3bffc443231d2fdec8,USX.png
Nitro League,NITRO,ETH,0x0335A7610D817aeCA1bEBbEfbd392ecC2eD587B8,NITRO.png
Changer,CNG,ETH,0x5C1d9aA868a30795F92fAe903eDc9eFF269044bf,CNG.png
iCommunity Labs,ICOM,ETH,0xb131f337c45d386ceec234e194b2663d5c3d9dcf,ICOM.png
ELIS,XLS,ETH,0x6c862f803fF42A97D4A483AB761256ad8c90f4F8,XLS.png
STREETH,STREETH,ETH,0xB840d10D840eF47c233FEC1fd040F5B145a6DfA5,STREETH.png
CSR,CSR,ETH,0x75ecb52e403c617679fbd3e77a50f9d10a842387,CSR.png
ZED Token,ZED,ETH,0x5eC03C1f7fA7FF05EC476d19e34A22eDDb48ACdc,ZED.png
Cryptopia,TOS,ETH,0x68ccACa9ADF1552B3316d6067690eC27397c8ea8,TOS.png
Icosa,ICSA,ETH,0xfc4913214444af5c715cc9f7b52655e788a569ed,ICSA.png
stake.link,SDL,ETH,0xa95c5ebb86e0de73b4fb8c47a45b792cfea28c23,SDL.png
Xi Token,XI,ETH,0x295B42684F90c77DA7ea46336001010F2791Ec8c,XI.png
Olea Token,OLEA,ETH,0xc6Cc3d07C705E39D11c7f60d8836C7C78D4aC5f1,OLEA.png
Donald Trump,TRUMP2024,ETH,0xa41f7ED89D86258bB8fdeF8e77e91F43c28AB74C,TRUMP2024.png
BTEX,BTEX,ETH,0x182C00807F2D4904d02d5e0D179600ff6a3Ae67c,BTEX.png
STARSHIP,STARSHIP,ETH,0x319bcF115e35C18035BF1a405fE3c40c8B24533E,STARSHIP.png
Quick Intel,QKNTL,ETH,0xbcd4d5ac29e06e4973a1ddcd782cd035d04bc0b7,QKNTL.png
Satoshi Nakamoto,SATOSHI,ETH,0xCBF4D5efa82e32a9187385480A7c74cB062b956C,SATOSHI.png
Prospective,PROS,ETH,0xbe1936a67f503e0eaf2434b0cf9f4e3d7100008a,PROS.png
EDUM,EDUM,ETH,0xaC9518BA93EeB2336A03137d254d8CC2e4d0fA38,EDUM.png
X Project,XERS,ETH,0x6c10d1611a5a95cb967e4bcab5791fd101194949,XERS.png
BuildAI,BUILD,ETH,0xEFF9CDb294872b6553F4E9631Fb4D1fa4F9C5e6B,BUILD.png
TAO INU,TAONU,ETH,0x4e9fcD48Af4738e3bF1382009dC1e93eBFCE698F,TAONU.png
HOLD,EARN,ETH,0x0b61C4f33BCdEF83359ab97673Cb5961c6435F4E,EARN.png
Shiva Inu,SHIV,ETH,0xeb51b8dc2d43469c0f0b7365c8a18438907bdf21,SHIV.png
SatoshiSync,SSNC,ETH,0x6715515F5aA98e8Bd3624922E1Ba91e6f5fc4402,SSNC.png
NOBLEBLOCKS,NOBL,ETH,0x88b9f5c66342eBaf661b3E2836B807C8cb1B3195,NOBL.png
CryoDAO,CRYO,ETH,0xf4308b0263723b121056938c2172868E408079D0,CRYO.png
POG,POGS,ETH,0x906c012fa4C30d580537c2b72d1789F56F488a80,POGS.png
SPURDO,SPURDO,ETH,0x3927FB89F34BbeE63351A6340558Eebf51A19FB8,SPURDO.png
DRIP,DRIP,ETH,0xB8A914A00664e9361eaE187468EfF94905dfbC15,DRIP.png
GUA,GUA,ETH,0x393f1D49425d94f47b26E591a9D111df5cD61065,GUA.png
Make America Healthy Again,MAHA,ETH,0xf7554eac0bf20d702e69d08c425e817abb976aea,MAHA.png
Wigl,WIGL,ETH,0xF8206A19Fca5999425358DE4E4cDEFc7F5C5D4cA,WIGL.png
HedgeFi,HEDGE,ETH,0xe56a10448C632E44605dCc5201c36122FF9D0250,HEDGE.png
Oggie,OGGIE,ETH,0x11A001DC777f5bf8A5d63f246664d3Bb67Be496C,OGGIE.png
QSTaR,Q*,ETH,0x9abfc0f085c82ec1be31d30843965fcc63053ffe,Q*.png
CEDEN Network,CDN,ETH,0xC29bBE89E98250eE2eee3ac677BbeD542A049EFB,CDN.png
Free Speech,X,ETH,0x140007c65535aa9c3801ea3bbd3f83c378c7f457,X.png
OST,OST,ETH,0x2c4e8f2d746113d0696ce89b35f0d8bf88e0aeca,OST.png
CargoX,CXO,ETH,0xb6ee9668771a79be7967ee29a63d4184f8097143,CXO.png
FansTime,FTI,ETH,0x943ed852dadb5c3938ecdc6883718df8142de4c8,FTI.png
TON Token,TON,ETH,0x6a6c2ada3ce053561c2fbc3ee211f23d9b8c520a,TON.png
Alpaca City,ALPA,ETH,0x7cA4408137eb639570F8E647d9bD7B7E8717514A,ALPA.png
Metaverse Index,MVI,ETH,0x72e364f2abdc788b7e918bc238b21f109cd634d7,MVI.png
Elk Finance,ELK,ETH,0xeEeEEb57642040bE42185f49C52F7E9B38f8eeeE,ELK.png
AladdinDAO,ALD,ETH,0xb26C4B3Ca601136Daf98593feAeff9E0CA702a8D,ALD.png
Hypersign Identity,HID,ETH,0xb14ebf566511b9e6002bb286016ab2497b9b9c9d,HID.png
Dopex,DPX,ETH,0xeec2be5c91ae7f8a338e1e5f3b5de49d07afdc81,DPX.png
Regen Network,REGEN,ETH,0xeee10b3736d5978924f392ed67497cfae795128b,REGEN.png
Merit Circle,MC,ETH,0x949d48eca67b17269629c7194f4b727d4ef9e5d6,MC.png
Notional Finance,NOTE,ETH,0xcfeaead4947f0705a14ec42ac3d44129e1ef3ed5,NOTE.png
MetalSwap,XMT,ETH,0x3E5D9D8a63CC8a88748f229999CF59487e90721e,XMT.png
WX Token,WX,ETH,0x934ac3fFDC82A3ABcc71C1831BdF5c766f6EE8a9,WX.png
Blocksport,BSPT,ETH,0xa350da05405cc204e551c4eed19c3039646528d5,BSPT.png
Dreamverse,DV,ETH,0x2a03A891ADD2dc6d0F7b94419086630ba5cB65b6,DV.png
Rizespor Token,RIZE,ETH,0xf5bb30EBC95dcA53e3320eb05d3d1bcAb806B9bF,RIZE.png
Blueshift,BLUES,ETH,0xcE108380c39e4fE9DAcE9D5597E048Bcc5Ef743B,BLUES.png
Got Guaranteed,GOTG,ETH,0xceeb07dd26b36287b6d109f0b06d7e8202ce8c1d,GOTG.png
OpenAI ERC,OPENAI ERC,ETH,0x6a6aa13393b7d1100c00a57c76c39e8b6c835041,OPENAI ERC.png
COTI Governance Token,gCOTI,ETH,0xAf2CA40d3fc4459436D11B94d21FA4b8A89fB51d,gCOTI.png
Gora Network,GORA,ETH,0x3b9b5AD79cbb7649143DEcD5afc749a75F8e6C7F,GORA.png
EUROe Stablecoin,EUROE,ETH,0x820802fa8a99901f52e39acd21177b0be6ee2974,EUROE.png
Bear Inu,BEAR,ETH,0x17837004ea685690b32dbead02a274ec4333a26a,BEAR.png
DBXen,DXN,ETH,0x80f0C1c49891dcFDD40b6e0F960F84E6042bcB6F,DXN.png
EVEAI,EVEAI,ETH,0x05fE069626543842439Ef90D9FA1633640c50cF1,EVEAI.png
Homer,SIMPSON,ETH,0x44aAd22aFbB2606d7828Ca1f8f9E5af00e779AE1,SIMPSON.png
I LOVE SNOOPY,LOVESNOOPY,ETH,0xf0edac27aa3e85e2d176f689b0025f90c154393a,LOVESNOOPY.png
QUBY,QUBY,ETH,0xc785698504a70be37d0e939a4c5326f8eddd5beb,QUBY.png
Dogeclub,DOGC,ETH,0xda8263d8ce3f726233f8b5585bcb86a3120a58b6,DOGC.png
InfinityBit Token,IBIT,ETH,0xA3cB87080e68AD54D00573983D935Fa85d168FDE,IBIT.png
Gyrowin,GYROWIN,ETH,0x3CE242ceD1BA4f42c765C2B7f77ac2fa8939C433,GYROWIN.png
Derp,DERP,ETH,0x5DfC78C4D073fD343BC6661668948178522A0DE5,DERP.png
Oracle AI,ORACLE,ETH,0x57B49219614859176Ddb029298486B6c30193Cbd,ORACLE.png
Taylor Swift,SWIFTIES,ETH,0xe5344aa226f7bd5dad0c0b31a6426049e7adaca1,SWIFTIES.png
Koi Finance,KOI,ETH,0x9D14BcE1dADdf408d77295BB1be9b343814f44DE,KOI.png
Brett On ETH,BRETT,ETH,0x80eE5c641A8fFC607545219a3856562F56427FE9,BRETT.png
Conan,CONAN,ETH,0x85D19fb57CA7DA715695FCf347CA2169144523a7,CONAN.png
IVEX Financial,IVEX,ETH,0x663962C0D2B624776D6FD1bf6ba41236761e76a9,IVEX.png
Kinetix Finance Token,KAI,ETH,0x0bbcefa5f3630cae34842cb9d9b36bc0d4257a0d,KAI.png
JEJE,JJ,ETH,0x1FDD61eF9a5C31B9a2abC7D39c139c779e8412Af,JJ.png
OPEN Ticketing Ecosystem,OPN,ETH,0xc28eb2250d1AE32c7E74CFb6d6b86afC9BEb6509,OPN.png
DEGA,DEGA,ETH,0x97aeE01ed2aabAd9F54692f94461AE761D225f17,DEGA.png
FEAR NOT,FEARNOT,ETH,0x6135177a17e02658df99a07a2841464deb5b8589,FEARNOT.png
World Liberty Financial (worldlibertycto.vip),WLF,ETH,0xda0c0D0a0FF8262F3EE9Ee8A712B988Df897bE65,WLF.png
lifedog,LFDOG,ETH,0x425087BF4969f45818c225aE30f8560cE518582e,LFDOG.png
HarryPotterTrumpSonic100Inu,BTC,ETH,0x7099aB9E42Fa7327a6b15E0a0c120c3e50d11BeC,BTC.png
Bubsy AI,BUBSY,ETH,0xd699b83e43415b774b6ed4ce9999680f049af2ab,BUBSY.png
Shifu,SHIFU,ETH,0x2CC7A972ebC1865B346085655f929AbFa74CD4dC,SHIFU.png
Wibx,WBX,ETH,0xbb97e381f1d1e94ffa2a5844f6875e6146981009,WBX.png
Mt Pelerin Shares,MPS,ETH,0x96c645d3d3706f793ef52c19bbace441900ed47d,MPS.png
SPACE-iZ,SPIZ,ETH,0xa7A5c1058194Af8F00c187adB7FcC0c95f1C6c2d,SPIZ.png
cVault.finance,CORE,ETH,0x62359ed7505efc61ff1d56fef82158ccaffa23d7,CORE.png
Premia,PREMIA,ETH,0x6399C842dD2bE3dE30BF99Bc7D1bBF6Fa3650E70,PREMIA.png
Occam.Fi,OCC,ETH,0x2f109021afe75b949429fe30523ee7c0d5b27207,OCC.png
Rentible,RNB,ETH,0x20a62aca58526836165ca53fe67dd884288c8abf,RNB.png
StakeWise,SWISE,ETH,0x48c3399719b582dd63eb5aadf12a40b4c3f52fa2,SWISE.png
Nifty League,NFTL,ETH,0x3c8d2fce49906e11e71cb16fa0ffeb2b16c29638,NFTL.png
Sphynx Labs,SPHYNX,ETH,0x1901f826dfcbfd9d3138936932366b3493a50893,SPHYNX.png
MetaGaming Guild,MGG,ETH,0x7237c0b30b1355f1b76355582f182f6f04b08740,MGG.png
Frontrow,FRR,ETH,0xe6602b34d8510b033e000975b3322537c7172441,FRR.png
Gamma,GAMMA,ETH,0x6BeA7CFEF803D1e3d5f7C0103f7ded065644e197,GAMMA.png
Tiamonds,TIA,ETH,0x824E35f7A75324f99300aFAC75ECF7354E17Ea26,TIA.png
Export Mortos Platform,EMP,ETH,0x32a8e5c552e5cae231e33170d6495ab0af9e5a72,EMP.png
RadioShack,RADIO,ETH,0x7a5d3A9Dcd33cb8D527f7b5F96EB4Fef43d55636,RADIO.png
ULTRON,ULX,ETH,0x5Aa158404fEd6b4730C13F49d3a7F820e14A636F,ULX.png
Cramer Coin,CRAMER,ETH,0x64df3aab3b21cc275bb76c4a581cf8b726478ee0,CRAMER.png
Centurion Invest,CIX,ETH,0x6d60a8dfb16d09f67d46fcd36a0cd310078257ca,CIX.png
Universal ETH,UNIETH,ETH,0xF1376bceF0f78459C0Ed0ba5ddce976F1ddF51F4,UNIETH.png
Yesports,YESP,ETH,0x46cca329970b33e1a007dd4ef0594a1cedb3e72a,YESP.png
WOLVERINU (new),WOLVERINU,ETH,0x7cc97bf17c5adabe25f9d19d15a1ec8a1ad65f14,WOLVERINU.png
AIBabyDoge,AIBABYDOGE,ETH,0x77E0E0c2BAEf16db6a8c137B55403FD008686bd2,AIBABYDOGE.png
Ribbit,RIBBIT,ETH,0xb794ad95317f75c44090f64955954c3849315ffe,RIBBIT.png
Apes Go Bananas,AGB,ETH,0xBddF903F43dC7d9801F3F0034bA306169074EF8e,AGB.png
Hachi,HACHI,ETH,0x2a7e415c169ce3a580c6f374dc26f6aaad1eccfe,HACHI.png
Precipitate.AI,RAIN,ETH,0xe3944AB788A60ca266f1eEc3C26925b95f6370aD,RAIN.png
VoldemortTrumpRobotnik-10Neko,ETHEREUM,ETH,0xc32db1d3282e872d98f6437d3bcfa57801ca6d5c,ETHEREUM.png
0 Knowledge Network,0KN,ETH,0x4594cffbfc09bc5e7ecf1c2e1c1e24f0f7d29036,0KN.png
Verge (ETH),XVG,ETH,0x85614A474dBeED440d5BBDB8aC50b0f22367F997,XVG.png
0x Leverage,0XL,ETH,0x03ee5026c07d85ff8ae791370dd0f4c1ae6c97fc,0XL.png
/Reach,REACH,ETH,0x8B12BD54CA9B2311960057C8F3C88013e79316E3,REACH.png
Xtremeverse,XTREME,ETH,0x000000000503BE77A5ED27bef2C19943A8B5AE73,XTREME.png
Fottie,FOTTIE,ETH,0xe3b9cfb8ea8a4f1279fbc28d3e15b4d2d86f18a0,FOTTIE.png
WASD Studios,WASD,ETH,0xbDcD291C32e06bBf2d7B1fFc823959E3258E3583,WASD.png
Frankencoin,ZCHF,ETH,0xB58E61C3098d85632Df34EecfB899A1Ed80921cB,ZCHF.png
Peepo,PEPO,ETH,0xD1B89856D82F978D049116eBA8b7F9Df2f342fF3,PEPO.png
DogeVerse,DOGEVERSE,ETH,0x62F03b52c377FeA3EB71D451a95ad86C818755D1,DOGEVERSE.png
NFTfi,NFTFI,ETH,0x09D6F0F5A21f5BE4f59e209747E2d07F50BC694C,NFTFI.png
Game 5 BALL,BALL,ETH,0x393Bf304dD474f48210f5cE741F19A2a851703Ca,BALL.png
Bitcoin Dogs,0DOG,ETH,0xAA6624D7363Ef8284aA8ce4e18146dEd5f421b2c,0DOG.png
Robotaxi,TAXI,ETH,0x2597342ff387B63846eb456419590781C4bfCdAF,TAXI.png
Rally,RALLY,ETH,0x19640000000ba88d36206BeB10D0e86011C8d08c,RALLY.png
Chiba,CHIB,ETH,0xa5c45d48d36607741E90c0CCa29545A46f5eE121,CHIB.png
ChainFactory,FACTORY,ETH,0xD05D90A656FC375ac1478689D7bCD31098f2DD1f,FACTORY.png
Alien Pepe (alienpepe.xyz),APEPE,ETH,0x69825169E0c733d038B94322dB0590fF834c51c7,APEPE.png
Cultur,CULTUR,ETH,0x6cb25129314123BCD5aDCdc844cEaEEAd65A0896,CULTUR.png
BIG Ecosystem,CNCT,ETH,0x516D339afA72f6959b8E06a31FBc32Da3E49348B,CNCT.png
Cyclix Games,CYG,ETH,0x6b15602f008a05d9694d777dead2f05586216cb4,CYG.png
AI Crypto Marketplace,AICM,ETH,0x87904be82bc1c29e94a0b99474d183b4e08a7e47,AICM.png
Veritaseum,VERI,ETH,0x8f3470A7388c05eE4e7AF3d01D8C722b0FF52374,VERI.png
VEROX,VRX,ETH,0x87DE305311D5788e8da38D19bb427645b09CB4e5,VRX.png
Quantfury Token,QTF,ETH,0x0fcbc31c503b4a9ed90e87f8ff46c318a4a14260,QTF.png
BitDAO,BIT,ETH,0x1A4b46696b2bB4794Eb3D4c26f1c55F9170fa4C5,BIT.png
YEL.Finance,YEL,ETH,0x949185D3BE66775Ea648F4a306740EA9eFF9C567,YEL.png
bloXmove Token,BLXM,ETH,0x38d9eb07a7b8df7d86f440a4a5c4a4c1a27e1a08,BLXM.png
Wolf Game Wool,WOOL,ETH,0x8355dbe8b0e275abad27eb843f3eaf3fc855e525,WOOL.png
BlockchainSpace,GUILD,ETH,0x83e9f223e1edb3486f876ee888d76bfba26c475a,GUILD.png
NKCL Classic,NKCLC,ETH,0xd1b624f07a4d9b3e3746e33cb58f42df079b5444,NKCLC.png
Metavisa Protocol,MESA,ETH,0x5AFFF9876C1F98b7d2b53bCB69EB57e92408319F,MESA.png
MEME KONG,$MKONG,ETH,0x9609831BB1d77DE5eA10e18c9c718cB6c37D4284,$MKONG.png
MetaOctagon,MOTG,ETH,0x171d76d931529384639bc9aad5b77b77041ed604,MOTG.png
Laika,LAIKA,ETH,0x77f9CF0bd8C500CfFdF420e72343893aeCC2EC0b,LAIKA.png
Yaku,$YAKU,ETH,0x1155DB64b59265F57533bC0f9AE012FfFd34eB7F,$YAKU.png
RUG RADIO,RUG,ETH,0xd2d8d78087d0e43bc4804b6f946674b2ee406b80,RUG.png
New World Order,STATE,ETH,0x00c2999c8b2adf4abc835cc63209533973718eb1,STATE.png
CLever Token,CLEV,ETH,0x72953a5c32413614d24c29c84a66ae4b59581bbf,CLEV.png
PulseBitcoin,PLSB,ETH,0x5ee84583f67d5ecea5420dbb42b462896e7f8d06,PLSB.png
Monkeys,MONKEYS,ETH,0xf2a22b900dde3ba18ec2aef67d4c8c1a0dab6aac,MONKEYS.png
FX1 Sports,FXI,ETH,0xC5190E7FEC4d97a3a3b1aB42dfedac608e2d0793,FXI.png
XAI Corp,XAI,ETH,0x0a13a5929e5f0ff0eaba4bd9e9512c91fce40280,XAI.png
FE TECH,FETS,ETH,0xf4A509313437dfC64E2EFeD14e2b607B1AED30c5,FETS.png
Jungle Labz,JNGL,ETH,0x4c45bbec2ff7810ef4a77ad7bd4757c446fe4155,JNGL.png
X Payments,XPAY,ETH,0xf2fDD9c25D7BC8002ce89716d1be484b2D976944,XPAY.png
Casinu Inu,CASINU,ETH,0x1b54a6fa1360bd71a0f28f77a1d6fba215d498c3,CASINU.png
ValleyDAO,GROW,ETH,0x761A3557184cbC07b7493da0661c41177b2f97fA,GROW.png
PanoVerse,PANO,ETH,0x3850952491606a0e420eb929b1a2e1a450d013f1,PANO.png
Harambe Coin,HARAMBE,ETH,0x255f1B39172f65dC6406b8bEE8b08155C45Fe1b6,HARAMBE.png
Fort Block Games,FBG,ETH,0xeb935deb517e4c2abc282e5e251ed4d05db79e93,FBG.png
Honey Badger,HOBA,ETH,0x25cBB21A9dA7C3C63bb77CCCa5B2E2482AEdB710,HOBA.png
Dogecoin20,DOGE20,ETH,0x2541A36BE4cD39286ED61a3E6AFC2307602489d6,DOGE20.png
WIF on ETH,WIF,ETH,0x886c869cDc619214138C87f1DB0ADa522b16Dfa3,WIF.png
PROOF,PROOF,ETH,0x9b4a69de6ca0defdd02c0c4ce6cb84de5202944e,PROOF.png
XAlpha AI,XALPHA,ETH,0x369733153E6E08d38F2BC72ae2432E855Cfbe221,XALPHA.png
Cerebrum DAO,NEURON,ETH,0xab814ce69E15F6B9660A3B184c0B0C97B9394A6b,NEURON.png
Peace Network,PC,ETH,0x8C024CD50A94978537BDe537A1Fa25Ad89444222,PC.png
The Republican Party,GOP,ETH,0x80810a9c31E7243A0bFb9919b0B4020378d1C134,GOP.png
Digitra.com Token,DGTA,ETH,0x3590801eCFDF8C2f5e7a4fD171c2E3AF964F8b0D,DGTA.png
MIRAI,MIRAI,ETH,0x42c83a91B3a79dE5488CD9280A4dF564e13A79EE,MIRAI.png
Fuel,FUELX,ETH,0xcc54ac31164b5b3c39DB4Eef26D89275c468EC9d,FUELX.png
Department Of Government Efficiency,D.O.G.E,ETH,0x46fdcddfad7c72a621e8298d231033cc00e067c6,D.O.G.E.png
Dogei,DOGEI,ETH,0xe6705367880B4D5D1Aeae948Fd620f55EF7413e4,DOGEI.png
US Degen Index 6900,DXY,ETH,0x6900f7b42fb4abb615c938db6a26d73a9afbed69,DXY.png
Pochita (pochita-eth),POCHITA,ETH,0x4e6221c07dae8d3460a46fa01779cf17fdd72ad8,POCHITA.png
DARK MAGA (darkmagacoin.com),DMAGA,ETH,0x5640E0560e6AfD6A9f4dDb41230D0201d181FEA7,DMAGA.png
Wicked,WICKED,ETH,0xed2D1Ef84a6a07dD49E8cA934908E9De005b7824,WICKED.png
Peanut the Squirrel on Ethereum,PNUT,ETH,0xe69ccaaaea33ebfe5b76e0dd373cd9a1a31fd410,PNUT.png
BITCOIN Act,BTCACT,ETH,0x079d0150cc21e127898db0f51f18ca54db56b1ba,BTCACT.png
Frictionless,FRIC,ETH,0x23Fa3Aa82858E7aD1F0f04352f4bb7F5E1BbFb68,FRIC.png
Sproto Gremlin,SPROTO,ETH,0x3333ae5f9A8e27923fa0648617b4c69d59B661f0,SPROTO.png
Odyssey,OCN,ETH,0x4092678e4E78230F46A1534C0fbc8fA39780892B,OCN.png
GSENetwork,GSE,ETH,0xe530441f4f73bDB6DC2fA5aF7c3fC5fD551Ec838,GSE.png
Fire Protocol,FIRE,ETH,0xF921ae2DAC5fa128DC0F6168Bf153ea0943d2D43,FIRE.png
Curio Gas Token,CGT,ETH,0x0E186357c323c806C1efdad36D217F7a54b63D18,CGT.png
WardenSwap,WAD,ETH,0x0b6f3c17e1626a7cbfa4302ce4e3c45522d23a83,WAD.png
Empire Token,EMPIRE,ETH,0x9a2af0abb12bee5369b180976be01e8c80d0e7b6,EMPIRE.png
NFTLaunch,NFTL,ETH,0xe7F72Bc0252cA7B16dBb72eEee1AfcDb2429F2DD,NFTL.png
Punk Vault (NFTX),PUNK,ETH,0x269616D549D7e8Eaa82DFb17028d0B212D11232A,PUNK.png
Merchant Token,MTO,ETH,0xe66b3aa360bb78468c00bebe163630269db3324f,MTO.png
LiquidDriver,LQDR,ETH,0x98504C8afa7c74c87a0641a7bb0F7968d4e8F471,LQDR.png
EVERY GAME,EGAME,ETH,0x62d3c05b9c3d916fbc111819bbd3cee52906c1ae,EGAME.png
Kounotori,KTO,ETH,0x616ef40d55c0d2c506f4d6873bda8090b79bf8fc,KTO.png
MEOW,MEOW,ETH,0x0eC78ED49C2D27b315D462d43B5BAB94d2C79bf8,MEOW.png
Giveth,GIV,ETH,0x900db999074d9277c5da2a43f252d74366230da0,GIV.png
Stader MaticX,MATICX,ETH,0xf03a7eb46d01d9ecaa104558c732cf82f6b6b645,MATICX.png
Legacy ICHI,ICHI,ETH,0x903bef1736cddf2a537176cf3c64579c3867a881,ICHI.png
Real USD,USDR,ETH,0x6ceD48EfBb581A141667D7487222E42a3FA17cf7,USDR.png
GOLCOIN,GOLC,ETH,0x095797FD4297fb79883cC912a5Ba6313B15c445d,GOLC.png
Boop,BOOP,ETH,0x8013266cb5c9dd48bE3Ad7D1CE832874d64B3Ce1,BOOP.png
Acria.AI,ACRIA,ETH,0x44f5909e97e1cbf5fbbdf0fc92fd83cde5d5c58a,ACRIA.png
Convex FXS,CVXFXS,ETH,0xfeef77d3f69374f66429c91d732a244f074bdf74,CVXFXS.png
Exorde,EXD,ETH,0x02de007d412266a2e0fa9287c103474170f06560,EXD.png
OSEAN,OSEAN,ETH,0x50d5118Fb90D572B9d42ba65E0addC4900867809,OSEAN.png
Zoomer Coin,ZOOMER,ETH,0x0D505C03d30e65f6e9b4Ef88855a47a89e4b7676,ZOOMER.png
Treat,TREAT,ETH,0xfbd5fd3f85e9f4c5e8b40eec9f8b8ab1caaa146b,TREAT.png
Catboy,CATBOY,ETH,0x0DceE5F694E492F0DD842a7FBE5BEd4C6E4665a6,CATBOY.png
AGII,AGII,ETH,0x75d86078625d1e2f612de2627d34c7bc411c18b8,AGII.png
Fufu Token,FUFU,ETH,0x7b37A55FFB30C11D95F943672AE98F28cFB7b087,FUFU.png
BRC App,BRCT,ETH,0x455ad1Bc4E18fD4e369234b6e11D88acBC416758,BRCT.png
DECENTRACARD,DCARD,ETH,0x2F3d0d2317802A65FAAC6e4cd94067c37B4d4804,DCARD.png
Defender Bot,DFNDR,ETH,0x3f57c35633cb29834bb7577ba8052eab90f52a02,DFNDR.png
NEXUS,NEX,ETH,0xc01154B4CCB518232D6bbfC9B9E6C5068B766f82,NEX.png
[Fake] Melania Trump (melania.world),MELANIA,ETH,0x8cefbeb2172a9382753de431a493e21ba9694004,MELANIA.png
The GameHub,GHUB,ETH,0x58c896fA6857a9D67d02BC264c2b04CEa47E20e7,GHUB.png
Nitefeeder,NITEFEEDER,ETH,0x85F7cFe910393fB5593C65230622AA597e4223f1,NITEFEEDER.png
Matt Furie's Boys Club,BOYSCLUB,ETH,0x6968676661ac9851c38907bdfcc22d5dd77b564d,BOYSCLUB.png
BIRDDOG,BIRDDOG,ETH,0x70fd93fb088150e203d2243b9bd3190276f80c70,BIRDDOG.png
Pongo,PONGO,ETH,0x7C68e725b0B2FfCBa8947FdEd4198C3d1Db041E6,PONGO.png
PIRB,PIRB,ETH,0x7ad16874759348F04B6B6119463D66C07aE54899,PIRB.png
Monkas,MONKAS,ETH,0xdc7ac5d5d4a9c3b5d8f3183058a92776dc12f4f3,MONKAS.png
VTRADING,VT,ETH,0x69CadE383dF52ec02562869Da8Aa146Be08c5c3c,VT.png
CyPepe,CYPEPE,ETH,0x80A88dc663fa256E34ecb5a47314702313b162A5,CYPEPE.png
LandWu,LANDWU,ETH,0x67c4d14861f9c975d004cfb3ac305bee673e996e,LANDWU.png
NFMart,NFM,ETH,0x9DF03fBa103491fFFDE4FBC5FEa15efaa43C67a5,NFM.png
GigaChad (gigachad.com),GIGACHAD,ETH,0xF43F21384d03b5cBbddd58d2de64071e4Ce76AB0,GIGACHAD.png
KYRA,KYRA,ETH,0x4B41A481a7A3E0396751aA49BEe970B842FdAedE,KYRA.png
SPX6900 2.0,SPX2.0,ETH,0x230ea9aed5d08afdb22cd3c06c47cf24ad501301,SPX2.0.png
DUSTY,DUSTY,ETH,0x614A48C41BE6BA6762B63A92Cc33cFb5E8149332,DUSTY.png
GME Mascot,BUCK,ETH,0x5de5aca787818a2d485e278727ce575d54fedbe4,BUCK.png
Chocobo,CHOCOBO,ETH,0x77139957DFc53411D68BDC6a163BEf783B9Fe200,CHOCOBO.png
BnkToTheFuture,BFT,ETH,0x01ff50f8b7f74e4f00580d9596cd3d0d6d6e326f,BFT.png
HXRO,HXRO,ETH,0x4bd70556ae3f8a6ec6c4080a0c327b24325438f3,HXRO.png
BiLira,TRYB,ETH,0x2c537e5624e4af88a7ae4060c022609376c8d0eb,TRYB.png
Shardus,ULT,ETH,0x09617f6fd6cf8a71278ec86e23bbab29c04353a7,ULT.png
PROXI,CREDIT,ETH,0xc4cb5793bd58bad06bf51fb37717b86b02cbe8a4,CREDIT.png
Zugacoin,SZCB,ETH,0xf5832512CFDa8083E5b2dd0aA7C1B9265c03BA1F,SZCB.png
WAXE,WAXE,ETH,0x7a2bc711e19ba6aff6ce8246c546e8c4b4944dfd,WAXE.png
SX Network,SX,ETH,0xbe9f61555f50dd6167f2772e9cf7519790d96624,SX.png
EthicHub,ETHIX,ETH,0xfd09911130e6930bf87f2b0554c44f400bd80d3e,ETHIX.png
Gains Farm,GFARM2,ETH,0x831091dA075665168E01898c6DAC004A867f1e1B,GFARM2.png
Microtuber,MCT,ETH,0x6876eba317272fe221c67405c5e8eb3b24535547,MCT.png
ETH 2x Flexible Leverage Index,ETH2X-FLI,ETH,0xaa6e8127831c9de45ae56bb1b0d4d4da6e5665bd,ETH2X-FLI.png
Friends With Benefits Pro,FWB,ETH,0x35bd01fc9d6d5d81ca9e055db88dc49aa2c699a8,FWB.png
BankSocial,BSL,ETH,0x0AF55d5fF28A3269d69B98680Fd034f115dd53Ac,BSL.png
SpaceY,SPAY,ETH,0x58FaD9E3C3AE54c9BA98c3f0E4bF88aB3E8Cf3c5,SPAY.png
Million,MM,ETH,0x6b4c7a5e3f0b99fcd83e9c089bddd6c7fce5c611,MM.png
MCFinance,MCF,ETH,0xE33AE4E795114279721047484E5ad5cc7DF24fcB,MCF.png
Phantom Protocol,PHM,ETH,0x3f9bec82c776c47405bcb38070d2395fd18f89d3,PHM.png
XENT,XENT,ETH,0x17CaA121F5F95Ee9B85F756E41ad9e09Fe449964,XENT.png
e-Money EUR,EEUR,ETH,0x714bfD06Da6EB24fAc379f0d9DEBFa85261bF439,EEUR.png
Neton,NTO,ETH,0xb668473944d2e25b6af6d46917eb0233dbac53ae,NTO.png
CrowdSwap,CROWD,ETH,0xeDCC68Cc8b6Ec3eDE0979f8A52835b238A272027,CROWD.png
Reunit Wallet,REUNI,ETH,0x9ed7E4B1BFF939ad473dA5E7a218C771D1569456,REUNI.png
Switch,SWITCH,ETH,0xb10cc888cb2cce7036f4c7ecad8a57da16161338,SWITCH.png
Ethane,C2H6,ETH,0x6ad9a31f02f1e790ff85584ea3c3d0001e45cd64,C2H6.png
AIDOGE,AI,ETH,0xe1283567345349942acdfad3692924a1b16cf3cc,AI.png
AimBot AI,AIMBOT,ETH,0x0c48250Eb1f29491F1eFBeEc0261eb556f0973C7,AIMBOT.png
SHIB2,SHIB2,ETH,0x2dE7B02Ae3b1f11d51Ca7b2495e9094874A064c0,SHIB2.png
GOLD,GOLD,ETH,0x36737b4ac153c762d6a767056e1af7b17573a6b9,GOLD.png
TokenSight,TKST,ETH,0x7CdBfC86A0BFa20F133748B0CF5cEa5b787b182c,TKST.png
csas (Ordinals),CSAS,ETH,0x11bac0c3c81838022327198aa46124cdb8ce6ab9,CSAS.png
Kreaitor,KAI,ETH,0xd8695414822e25ab796c1d360914ddf510a01138,KAI.png
Bazed Games,BAZED,ETH,0x3ee4b152824b657644c7a9b50694787e80eb8f4a,BAZED.png
Mind,MND,ETH,0xa0Dd6dd7775E93EB842Db0AA142c9c581031Ed3B,MND.png
Win,WIN,ETH,0xb10CB07CA2CDac77FbB5707f6690301f9d036F45,WIN.png
MAGA 2024,MAGA,ETH,0x25d01b5b39e58843291586a5d8afddf744bdeb13,MAGA.png
Galaxy Fox,GFOX,ETH,0x8F1CecE048Cade6b8a05dFA2f90EE4025F4F2662,GFOX.png
DOGITA,DOGA,ETH,0x488542C2320F20D65405a1C03DA769Bc124F9A28,DOGA.png
LEGION,LEGION,ETH,0xb2a25f7d864636e44bc1bf7a316897652bf07463,LEGION.png
QLix,QLIX,ETH,0x0a907B0bBFF60702b29a36b19718D99253cFBD9F,QLIX.png
illumineX,IX,ETH,0x45e82579792dddf08cb3a037086604c262d78065,IX.png
Auction Light,ACL,ETH,0x15c12530382e8653904e81b8aad7ffdef55b0256,ACL.png
XRPEPE,XRPEPE,ETH,0xdE8ae95B1763D8fd23bD37D0EB30116AC60B0116,XRPEPE.png
FWOG,FWOG,ETH,0x69fd9281a920717ee54193a1c130b689ef341933,FWOG.png
LexiAI,LEXI,ETH,0x1cAf237D7A2D103e3e9b1855988C01ac10344600,LEXI.png
Baby DragonX,BDX,ETH,0x9f278Dc799BbC61ecB8e5Fb8035cbfA29803623B,BDX.png
LOTUS,LOTUS,ETH,0xCC42b2B6D90e3747c2b8E62581183A88E3Ca093a,LOTUS.png
Zon Token,ZON,ETH,0x25D29fA7Cf5cD5a11102b793F1a0149546e026e4,ZON.png
Claude Monet Memeory Coin,MONET,ETH,0x44d34975bF7Fe025007E236cE4e0b0395687773B,MONET.png
AltSignals,ASI,ETH,0x5d942F9872863645bCb181ABa66c7D9646A91378,ASI.png
Happy Birthday Coin,HBDC,ETH,0x39d30828a163713d91c4eadbba2c497a9139ec5c,HBDC.png
GYSR,GYSR,ETH,0xbea98c05eeae2f3bc8c3565db7551eb738c8ccab,GYSR.png
50x.com,50X,ETH,0x4049295fb42de67ccf028a2570b05564cb8cb785,50X.png
Futureswap,FST,ETH,0x0e192d382a36de7011f795acc4391cd302003606,FST.png
WallStreetBets DApp,WSB,ETH,0xe1590A6FA0CFf9C960181cb77d8a873601772f64,WSB.png
Cogecoin,COGE,ETH,0xc382e04099a435439725bb40647e2b32dc136806,COGE.png
Jax.Network,WJXN,ETH,0xca1262e77fb25c0a4112cfc9bad3ff54f617f2e6,WJXN.png
MetaVPad,METAV,ETH,0x62858686119135cc00C4A3102b436a0eB314D402,METAV.png
FrogSwap,FROG,ETH,0x4fEe21439F2b95b72da2F9f901b3956f27fE91D5,FROG.png
Olympus v1,OHM,ETH,0x383518188c0c6d7730d91b2c03a03c837814a899,OHM.png
Hummingbot,HBOT,ETH,0xe5097d9baeafb89f9bcb78c9290d545db5f9e9cb,HBOT.png
UNIUM,UNM,ETH,0x6570fFe19dA7e2b425329B157d9109b87f18304b,UNM.png
Frax Price Index Share,FPIS,ETH,0xc2544a32872a91f4a553b404c6950e89de901fdb,FPIS.png
Hippo Wallet Token (HPO),HPO,ETH,0xa0ED3C520dC0632657AD2EaaF19E26C4fD431a84,HPO.png
Kabosu Inu,KABOSU,ETH,0xbadff0ef41d2a68f22de21eabca8a59aaf495cf0,KABOSU.png
VetMe,VETME,ETH,0xe7ef051c6ea1026a70967e8f04da143c67fa4e1f,VETME.png
Offshift [New],XFT,ETH,0x76bc677d444f1e9d57daf5187ee2b7dc852745ae,XFT.png
Bull Market,BULL,ETH,0x9Be776559fED779cAbd67042a7B8987AAe592541,BULL.png
Pear Swap,PEAR,ETH,0x5dcd6272c3cbb250823f0b7e6c618bce11b21f90,PEAR.png
Magic Internet Cash,MIC,ETH,0x285db79fa7e0e89e822786f48a7c98c6c1dc1c7d,MIC.png
OTSea,OTSEA,ETH,0x5dA151B95657e788076D04d56234Bd93e409CB09,OTSEA.png
EthXY,SEXY,ETH,0xc52FaFDc900cB92Ae01E6E4F8979aF7f436e2EB2,SEXY.png
LuckyToad,TOAD,ETH,0xBfB2b6870501a6Ff17121D676A0A45a38c9eeD1e,TOAD.png
Veil,VEIL,ETH,0xb244b3574a5627849fca2057e3854340def63071,VEIL.png
Gec,GEC,ETH,0x3001f57F8308b189EB412a64322Aad5eF9951290,GEC.png
OrdBridge,BRGE,ETH,0x6602E9319f2c5eC0Ba31ffcdc4301d7Ef03b709E,BRGE.png
FlokiFork,FORK,ETH,0x7d225c4cc612e61d26523b099b0718d03152edef,FORK.png
0xNumber,OXN,ETH,0x9012744B7A564623b6C3E40b144fc196bdeDf1A9,OXN.png
Lanify,LAN,ETH,0xc01b1979e2244dc94e67891df0af4f7885e57fd4,LAN.png
Deep Whales AI,DEEPAI,ETH,0x18bc66f0c15e27179dd8e2277c1c9c056df0a14d,DEEPAI.png
OPCAT,$OPCAT,ETH,0xdaa7699352ac8709f3d2fd092226d3dd7da40474,$OPCAT.png
SNP adverse,SNPAD,ETH,0x772358ef6ed3e18BdE1263F7d229601c5fa81875,SNPAD.png
King Of Meme,LION,ETH,0xF3c3745894d979F8F85761bd060520BDdbc464e9,LION.png
Moge,MOGE,ETH,0x433F62964EDd67d7349088Fe44544F822F863a6C,MOGE.png
Flappy,FLAPPY,ETH,0x590246bfbf89b113d8ac36faeea12b7589f7fe5b,FLAPPY.png
jeffry,JEFFRY,ETH,0x073A3B3E890A3aAEb061E50e92fFFDd31197870b,JEFFRY.png
Gou,GOU,ETH,0xed89fc0f41d8be2c98b13b7e3cd3e876d73f1d30,GOU.png
Kage Network,KAGE,ETH,0x64945165255bcb83f2Ef9f31a575975832CA4dB4,KAGE.png
Department Of Government Efficiency (dogedepartment.com),DOGE,ETH,0xA4fb6e1781fBCc921DF51352aF4CC83FF6c1308f,DOGE.png
Ad Astra,AD ASTRA,ETH,0x161a95ae00e89e047dbb9b02a8e3085122a64bcd,AD ASTRA.png
TrumpChain,DJT,ETH,0x968496Dd59EFc1Caa11e94FDA99eA67Db7be5cd9,DJT.png
Wolt,WOLT,ETH,0x3D288A54e08fe41796556eFdfc24C015fe47F74E,WOLT.png
Goatseus Maximus (goatseusmaximuseth.lol),GOAT,ETH,0x5200b34e6a519f289f5258de4554ebd3db12e822,GOAT.png
Tux The Penguin,TUX,ETH,0x69c791c057bd45a0de50aff17d03ddd306726d9a,TUX.png
MINO,MINO,ETH,0x85a3b9f36fe35f86ebea072a682e506eeb7c43ae,MINO.png
DÆTA,DAETA,ETH,0x641c0f8b889f8336a69f464ddae3733e3de3788a,DAETA.png
Leslie,LESLIE,ETH,0xcc9e0bd9438ca0056653d134de794abeaff8c676,LESLIE.png
Rock (rockgoup.com),ROCK,ETH,0x724Af984b63FD53fDEdb5dEd17063001e3Afc3e5,ROCK.png
Solo,SOLO,ETH,0xd61a8bbd5c6d8cd9690a89616b33dc939c9fbda9,SOLO.png
Sudo Labs,SUDO,ETH,0x48129b305A94D68cE4773CA1F0b55782ac735eAc,SUDO.png
Cred,LBA,ETH,0xfe5f141bf94fe84bc28ded0ab966c16b17490657,LBA.png
Tether CNHt,CNHt,ETH,0x6e109e9dd7fa1a58bc3eff667e8e41fc3cc07aef,CNHt.png
Dark Energy Crystals,DEC,ETH,0x9393fdc77090f31c7db989390d43f454b1a6e7f3,DEC.png
Lien,LIEN,ETH,0xab37e1358b639fd877f015027bb62d3ddaa7557e,LIEN.png
MerchDAO,MRCH,ETH,0xbed4ab0019ff361d83ddeb74883dac8a70f5ea1e,MRCH.png
DeFinity,DEFX,ETH,0x5F474906637bdCDA05f29C74653F6962bb0f8eDa,DEFX.png
Spectra,APW,ETH,0x4104b135dbc9609fc1a9490e61369036497660c8,APW.png
BitBase Token,BTBS,ETH,0x32E6C34Cd57087aBBD59B5A4AECC4cB495924356,BTBS.png
Feisty Doge NFT,NFD,ETH,0xDFDb7f72c1F195C5951a234e8DB9806EB0635346,NFD.png
WELD,WELD,ETH,0xdd2a36ae937bc134ea694d77fc7e2e36f5d86de0,WELD.png
Mononoke Inu,Mononoke-Inu,ETH,0x4da08a1bff50be96bded5c7019227164b49c2bfc,Mononoke-Inu.png
HZM Coin,HZM,ETH,0x069f967be0ca21c7d793d8c343f71e597d9a49b3,HZM.png
FODL Finance,FODL,ETH,0x4c2e59d098df7b6cbae0848d66de2f8a4889b9c3,FODL.png
MELD,MELD,ETH,0x333000333b26ee30214b4af6419d9ab07a450400,MELD.png
Juicebox,JBX,ETH,0x4554CC10898f92D45378b98D6D6c2dD54c687Fb2,JBX.png
CryptoCart V2,CCV2,ETH,0x612e1726435fe38dd49a0b35b4065b56f49c8f11,CCV2.png
CATCOIN,CATS,ETH,0xd4b92b1700615afae333b9d16d28eb55e8e689b8,CATS.png
Colizeum,ZEUM,ETH,0x436dA116249044E8B4464F0Cf21Dd93311d88190,ZEUM.png
Hedron,HDRN,ETH,0x3819f64f282bf135d62168c1e513280daf905e06,HDRN.png
Tether MXNt,MXNt,ETH,0xed03Ed872159e199065401b6d0D487d78d9464AA,MXNt.png
Hoichi,HOICHI,ETH,0xc4ee0aa2d993ca7c9263ecfa26c6f7e13009d2b6,HOICHI.png
Jarvis Synthetic Euro,JEUR,ETH,0x0f17bc9a994b87b5225cfb6a2cd4d667adb4f20b,JEUR.png
Alongside Crypto Market Index,AMKT,ETH,0xF17A3fE536F8F7847F1385ec1bC967b2Ca9caE8D,AMKT.png
Blockchain Bets,BCB,ETH,0x2d886570a0da04885bfd6eb48ed8b8ff01a0eb7e,BCB.png
"Vector Space Biosciences, Inc.",SBIO,ETH,0x9b5C38cC2d1bA05Ed87C8f8A2418475bAcb20073,SBIO.png
Kermit,KERMIT,ETH,0x53250B5DFA8C911547aFeAf18DB025024C8E919A,KERMIT.png
Clown Pepe,HONK,ETH,0x5efcea234f7547de4569aad1215fa5d2adaced38,HONK.png
MASYA,MASYA,ETH,0x26f45C6D6bfdd89d37a8856838c2141348334E0F,MASYA.png
XRP 2.0,XRP 2.0,ETH,0xd61e1cafd50e570356dd5f6d679a7bd0535a7fcf,XRP 2.0.png
BarbieCrashBandicootRFK888Inu,SOLANA,ETH,0x3D806324b6Df5AF3c1a81aCbA14A8A62Fe6D643F,SOLANA.png
Kento,KNTO,ETH,0xc740181345c65552333e1edc797e03f11852b1c8,KNTO.png
Convertible JPY Token,CJPY,ETH,0x1cfa5641c01406ab8ac350ded7d735ec41298372,CJPY.png
XV,XV,ETH,0x34dce75a3d1910cc9d188aa5a75fb9addcae0fcc,XV.png
Green,GREEN,ETH,0xb2089a7069861c8d90c8da3aacab8e9188c0c531,GREEN.png
TMNT,$TMNT,ETH,0x6F6382F241E3C6ee0e9Bee2390d91A73aDc0aFFf,$TMNT.png
BRC-20 DEX,BD20,ETH,0x312d43881860807fa04b193d69744d087fc3308a,BD20.png
TensorSpace,TPU,ETH,0xd9812f24f34e0d727bbf6ea7caaee05b7f7a2603,TPU.png
Wicked Bet,WIK,ETH,0xa9049425b938c46ac3e312d4cdaeccb26282aeb2,WIK.png
MAGA PEPE,MAGAPEPE,ETH,0x8e7bd91f7d51d58145365341fdb37e0edfc8397f,MAGAPEPE.png
World Liberty Financial (wlfi.one),WLFI,ETH,0xC9bd9b4F5e96644B9C5C525E99f655Ff31ce5Ce6,WLFI.png
Infinet,INFI,ETH,0xfc21540d6b89667d167d42086e1feb04da3e9b21,INFI.png
CSI888,CSI,ETH,0x888c1a341ce9d9ae9c2d2a75a72a7f0d2551a2dc,CSI.png
Chasm,CAI,ETH,0x19247618d79e3fc4d4866169789e4b8eedef52e6,CAI.png
Shiba $Wing,WING,ETH,0xc47db7535B063a494F3619317b7633041737C8e9,WING.png
Homestar Runner,RUNNER,ETH,0x6fD46112C8ec76e7940dBfdC150774EE6EFf27B2,RUNNER.png
Chief D.O.G.E (chiefdog-cto.com),CDOGE,ETH,0x0d8cD7b47822670082C854382c323edA2B91E6A9,CDOGE.png
BALTO,BALTO,ETH,0xc77336FdD91e22c737B0f5EC33f4c429Caa1D13b,BALTO.png
Lizcoin,LIZ,ETH,0xAF4144cd943ed5362Fed2BaE6573184659CBe6FF,LIZ.png
BitcoinBlack,CARD,ETH,0xe0805C80588913c1C2C89EA4A8DCf485D4038A3E,CARD.png
Graphite Network,@G,ETH,0x440017A1b021006d556d7fc06A54c32E42Eb745B,@G.png
QASH,QASH,ETH,0x618e75ac90b12c6049ba3b27f5d5f8651b0037f6,QASH.png
UNIVERSAL CASH,UCASH,ETH,0x92e52a1a235d9a103d970901066ce910aacefd37,UCASH.png
Remme,REM,ETH,0x83984d6142934bb535793a82adb0a46ef0f66b6d,REM.png
NuCypher,NU,ETH,0x4fe83213d56308330ec302a8bd641f1d0113a4cc,NU.png
GGDApp,GGTK,ETH,0xfa99a87b14b02e2240c79240c5a20f945ca5ef76,GGTK.png
Blind Boxes,BLES,ETH,0xe796d6ca1ceb1b022ece5296226bf784110031cd,BLES.png
Globe Derivative Exchange,GDT,ETH,0xc67b12049c2d0cf6e476bc64c7f82fc6c63cffc5,GDT.png
Lion Token,LION,ETH,0xc8ff6772f605a139c40b32d5d87d54994c705c6b,LION.png
ASH,ASH,ETH,0x64d91f12ece7362f91a6f8e7940cd55f05060b92,ASH.png
Theos,THEOS,ETH,0x9e10f61749c4952c320412a6b26901605ff6da1d,THEOS.png
eBlockStock,EBSO,ETH,0x866f8a50a64e68ca66e97e032c5da99538b3f942,EBSO.png
Dinger Token,DINGER,ETH,0x9e5bd9d9fad182ff0a93ba8085b664bcab00fa68,DINGER.png
99Starz,STZ,ETH,0x3f5294df68f871241c4b18fcf78ebd8ac18ab654,STZ.png
ChainPort,PORTX,ETH,0x104f3152d8ebfc3f679392977356962ff36566ac,PORTX.png
Banana,BANANA,ETH,0x94e496474f1725f1c1824cb5bdb92d7691a4f03a,BANANA.png
Qawalla,QWLA,ETH,0x1D96Fd43EE07Aa79f8Fd003cbdF404fb5ce41AD2,QWLA.png
Frax Price Index,FPI,ETH,0x5ca135cb8527d76e932f34b5145575f9d8cbe08e,FPI.png
Lucky Block v2,LBLOCK,ETH,0x2b867efD2dE4Ad2B583Ca0CB3dF9C4040Ef4D329,LBLOCK.png
Pine,PINE,ETH,0x569424c5EE13884A193773fDC5d1c5f79C443a51,PINE.png
TCG Verse,TCGC,ETH,0x2FFdE077455f81E28bAa675a46B9c085740216d4,TCGC.png
Dash 2 Trade,D2T,ETH,0x4Dd942bAa75810a3C1E876e79d5cD35E09C97A76,D2T.png
The Rug Game,TRG,ETH,0x93eeb426782bd88fcd4b48d7b0368cf061044928,TRG.png
Luffy,LUFFY,ETH,0x54012cDF4119DE84218F7EB90eEB87e25aE6EBd7,LUFFY.png
Golden Inu,GOLDEN,ETH,0xd87996ff3d06858bfc20989aef50cc5fcd4d84ca,GOLDEN.png
Toku,TOKU,ETH,0x9eec1a4814323a7396c938bc86aec46b97f1bd82,TOKU.png
MOE,MOE,ETH,0xcBa78d126f0B1FeDa0c538bcAf4C852A7a171099,MOE.png
INRx,INRX,ETH,0xc71daC923823D748a86D0A3618ABdA2d6dCd6bf4,INRX.png
Tidalflats,TIDE,ETH,0xe0a6136F866684c0F19936c0C42a8C181C066f1b,TIDE.png
Pokemon,POKEMON,ETH,0x15A5343E60afFB7F711e5eD4d24c714E62a30ff6,POKEMON.png
Moxy,WMOXY,ETH,0x695AfdB42EDFf97AF470a15920a66dF81a234c0e,WMOXY.png
XRP20,XRP20,ETH,0xe4ab0be415e277d82c38625b72bd7dea232c2e7d,XRP20.png
Satellite Doge-1 Mission,DOGE-1,ETH,0xFfE203b59393593965842439ce1E7D7c78109b46,DOGE-1.png
PAW,PAW,ETH,0x419777D3E39AA9b00405724EaCE5ea57620c9062,PAW.png
VirtuSwap,VRSW,ETH,0x99a01a4d6a4d621094983050d9a2f10b2912e53d,VRSW.png
Meme Kombat,MK,ETH,0x9fdfb933ee990955d3219d4f892fd1f786b47c9b,MK.png
Hitmakr,HMKR,ETH,0x3300b02efa180c99a2F61f4731665b51e4E254C4,HMKR.png
LANDWOLF,LANDWOLF,ETH,0x02EeDc3D0cB09E0450C9ed2917005e9bd22Cf763,LANDWOLF.png
Plebz,PLEB,ETH,0x740a5ac14d0096c81d331adc1611cf2fd28ae317,PLEB.png
Flochi,FLOCHI,ETH,0x9cbefeec232cdbe428ec59ce310c6febc01d6163,FLOCHI.png
Chinese Andy,ANDWU,ETH,0x2E2e7a1F05946ecB2b43B99e3Fc2984Fa7d7e3Bc,ANDWU.png
Talentum,TAL,ETH,0xEe4F0B60b9c0E1B0Ae33083dAFc8a5CF0f5A015B,TAL.png
HeyFlork,FLORK,ETH,0xDB0238975Ce84f89212FFA56C64C0f2b47F8f153,FLORK.png
Dolphy,DOLPHY,ETH,0x9aD204436656b71Ce217297768812bb1D4FFd356,DOLPHY.png
Joker,JOKER,ETH,0xE0797ec1d0bb0BEc541A82c5262C3B0f93F68bfe,JOKER.png
American pepe,USPEPE,ETH,0x07040971246a73ebda9cf29ea1306bb47c7c4e76,USPEPE.png
FLEABONE,FLEA,ETH,0xC720d9e09212e1Ec258b733f517047de31db1134,FLEA.png
Ethereum Unicorn,UNICORN,ETH,0xcc524200264499d2434e071798a37e846cdd8d01,UNICORN.png
Welshare Health,WEL,ETH,0x1E762e1FAc176bbB341656035daf5601b1C69Be5,WEL.png
Dayhub,DAY,ETH,0x2282c726F54c93193E6b8E5BF1B82303DC11D36e,DAY.png
PEAR AI,PEAR,ETH,0xfC40B76CDd4E62ef0c8273FDBdbc458253776015,PEAR.png
MyBit,MYB,ETH,0x5d60d8d7ef6d37e16ebabc324de3be57f135e0bc,MYB.png
Bitpanda Ecosystem Token,BEST,ETH,0x1b073382e63411e3bcffe90ac1b9a43fefa1ec6f,BEST.png
Torex,TOR,ETH,0x9ea20fbfaa44efbc60c6728fcdba17f01b7e04fe,TOR.png
PayAccept,PAYT,ETH,0x8EF47555856f6Ce2E0cd7C36AeF4FAb317d2e2E2,PAYT.png
Sienna (ERC20),wSIENNA,ETH,0x9b00e6E8D787b13756eb919786c9745054DB64f9,wSIENNA.png
BaconDAO,BACON,ETH,0x34f797e7190c131cf630524655a618b5bd8738e7,BACON.png
Sekuritance,SKRT,ETH,0x887168120cb89fb06f3e74dc4af20d67df0977f6,SKRT.png
KnoxDAO,KNOX,ETH,0xe93a27d4ed64f44a2b356d78c06115e5c9d97da0,KNOX.png
Ethereans,OS,ETH,0x6100dd79fcaa88420750dcee3f735d168abcb771,OS.png
Mean DAO,MEAN,ETH,0x9b25889c493ae6df34ceef1ecb10d77c1ba73318,MEAN.png
Trace Network Labs,TRACE,ETH,0x9F7fC686CfD64aA5Ae15b351d03071e91533094b,TRACE.png
Bankera V2,BNK,ETH,0x7707aada3ce7722ac63b91727daf1999849f6835,BNK.png
bitcastle,CASTLE,ETH,0xf9d4daae1300cff251979722c4a3c45857973079,CASTLE.png
CryptoAI,CAI,ETH,0XF36C5F04127F7470834ED6F98BDDC1BE62ABA48D,CAI.png
Wrapped USDR,WUSDR,ETH,0xd5a14081a34d256711b02bbef17e567da48e80b5,WUSDR.png
BabyPepe,BABYPEPE,ETH,0x5c559f3ee9a81da83e069c0093471cb05d84052a,BABYPEPE.png
WASSIE,WASSIE,ETH,0x2c95d751da37a5c1d9c5a7fd465c1d50f3d96160,WASSIE.png
NYAN Meme Coin,NYAN,ETH,0x0ebE30595a44E5288C24161dDfC1E9fa08E33a0C,NYAN.png
GenieCoin,GNC,ETH,0x677fE4bd9EE5A3E36d3662505977Cc387CEe7b1A,GNC.png
Baby Doge 2.0,BABYDOGE2.0,ETH,0x2479F03e2beA89e636f1961272C6Ed6B8Cc20b29,BABYDOGE2.0.png
XRP2.0,XRP2,ETH,0x728b3F6A79f226BC2108D21aBd9b455d679ef725,XRP2.png
SECTBOT,SECT,ETH,0x59a73BEF0f729761bc3B9aA7F41872077E4Bf300,SECT.png
Steamboat Willie,MICKEY,ETH,0x9609b540e5Dedddb147AbBF9812ADE06b1e61B2C,MICKEY.png
daCat,DACAT,ETH,0x814A870726EdB7Dfc4798300ae1ce3E5Da0Ac467,DACAT.png
Bitcoin Inu,BTCINU,ETH,0x584a4dd38d28fd1ea0e147ba7b70aed29a37e335,BTCINU.png
TUCKER CARLSON,TUCKER,ETH,0x50B806C5fe274c07e46B96be8C68D2Fd2d9597B4,TUCKER.png
TRESTLE,TRESTLE,ETH,0xde8cd13b812bcd82218754a740b27e76ec1e86ad,TRESTLE.png
Oasis,OASIS,ETH,0xa74a05B17d72E9B0781d973e7963dfAACd266B94,OASIS.png
Spectra Chain,SPCT,ETH,0x02020595E6a34a03a8E9c1f5624b1b7713810083,SPCT.png
ZkLock,ZKLK,ETH,0x96884fcAAc082Db4B32601aDA5b177FD6cBFFA88,ZKLK.png
AGG,AGG,ETH,0xFB0489e9753B045DdB35e39c6B0Cc02EC6b99AC5,AGG.png
Bonk on ETH,BONK,ETH,0x4fbaf51b95b024d0d7cab575be2a1f0afedc9b64,BONK.png
HealthSci.AI,HSAI,ETH,0xaa3ACc21D184cEF6F7fC3385FBdB79575231aFbA,HSAI.png
Trump Pepe,TRUMPE,ETH,0x0FE13FfE64B28a172c58505e24c0c111d149BD47,TRUMPE.png
Wif on Eth,WIF,ETH,0xbfae33128ecf041856378b57adf0449181fffde7,WIF.png
Tuzki,TUZKI,ETH,0x6D68015171EAa7af9a5a0a103664CF1e506Ff699,TUZKI.png
Pepe Maga,PEGA,ETH,0x18b3236d6c6c1a79522696ee70b1c28932d8902f,PEGA.png
Rizz,RIZZ,ETH,0x582dD5e7C8AF79d45a96dE4af5D1152a061aBb50,RIZZ.png
Metaverse Convergence,META,ETH,0xe54613083F60BBabde389320074953053562c685,META.png
Code Token,$CODE,ETH,0x283344eEA472f0fE04d6f722595A2fFFEfE1901A,$CODE.png
Department Of Government Efficiency (doge.ong),DOGE,ETH,0xD09e5d8607f2541E13c3F014C360f0EE2A25Eb80,DOGE.png
Crypto Burger,BURGER,ETH,0x0c2e08E459fC43dDD1E2718C122F566473f59665,BURGER.png
Aguri-Chan,AGURI,ETH,0x8e42fe26fc1697f57076c9f2a8d1ff69cf7f6fda,AGURI.png
Fiona,FIONA,ETH,0x7e7ef0ee0305c1c195fcae22fd7b207a813eef86,FIONA.png
Smiling Dolphin(miharucto.com),MIHARU,ETH,0x5981E98440E41fa993B26912B080922b8Ed023c3,MIHARU.png
TSLA6900,TSLA,ETH,0xa3bc09171c009f05df7f0b8aaa818ee42d8a91bc,TSLA.png
Bary,BARY,ETH,0x1764C07922A66cABbC79f99cE71565dDf430Bf58,BARY.png
Elon Musks dog,GATSBY,ETH,0xEdA7d2C70cd75d06947B7D0b0b0910ca9B07148A,GATSBY.png
OddsNotify,ODDS],ETH,0x81De7654a08B0A37D136EB6e31a54543cDAbEb15,ODDS].png
Magnify Cash,MAG,ETH,0x71da932ccda723ba3ab730c976bc66daaf9c598c,MAG.png
Patientory,PTOY,ETH,0x8ae4bf2c33a8e667de34b54938b0ccd03eb8cc06,PTOY.png
FintruX Network,FTX,ETH,0xd559f20296FF4895da39b5bd9ADd54b442596a61,FTX.png
Zippie,ZIPT,ETH,0xedd7c94fd7b4971b916d15067bc454b9e1bad980,ZIPT.png
BlackPearl Token,BPLC,ETH,0x426fc8be95573230f6e6bc4af91873f0c67b21b4,BPLC.png
MiniSwap,MINI,ETH,0x4d953cf077c0c95ba090226e59a18fcf97db44ec,MINI.png
Chain Games,CHAIN,ETH,0xC4C2614E694cF534D407Ee49F8E44D125E4681c4,CHAIN.png
Bidao,BID,ETH,0x25e1474170c4c0aA64fa98123bdc8dB49D7802fa,BID.png
SafeStake,DVT,ETH,0x29FA1fee0F4F0Ab0e36eF7Ab8d7a35439eC6be75,DVT.png
MMAON,MMAON,ETH,0x8315472bae77f9a2b856a67eb0796480aafcd51c,MMAON.png
Phuture,PHTR,ETH,0xe1fc4455f62a6e89476f1072530c20cf1a0622da,PHTR.png
Yieldly,YLDY,ETH,0x88cb253d4c8cab8cdf7948a9251db85a13669e23,YLDY.png
Mimo Governance Token,MIMO,ETH,0x90b831fa3bebf58e9744a14d638e25b4ee06f9bc,MIMO.png
Hanu Yokia,HANU,ETH,0x72e5390edb7727e3d4e3436451dadaff675dbcc0,HANU.png
ReSource Protocol,SOURCE,ETH,0x7118057ff0F4Fd0994fb9d2D94de8231d5cca79E,SOURCE.png
Wonderful Memories,WMEMO,ETH,0x3b79a28264fC52c7b4CEA90558AA0B162f7Faf57,WMEMO.png
Lets Go Brandon,LETSGO,ETH,0xA6586E19EF681b1AC0ED3D46413D199a555dBB95,LETSGO.png
ℓUSD,LUSD,ETH,0x31a2E08F4232329e4EddB025C0275f43c9cD56D7,LUSD.png
Winter,WINTER,ETH,0xccba0b2bc4babe4cbfb6bd2f1edc2a9e86b7845f,WINTER.png
Don't Buy Inu,DBI,ETH,0x2de509bf0014ddf697b220be628213034d320ece,DBI.png
Matching Game,MATCH,ETH,0x7f78A88d77FA03F3cE4a94b14A0e1abB5eEEEDD7,MATCH.png
Koyo,KOY,ETH,0x198065e69a86cb8a9154b333aad8efe7a3c256f8,KOY.png
Galvan,IZE,ETH,0xf7e945FcE8F19302AaCc7E1418b0A0bdef89327B,IZE.png
PLEBToken,PLEB,ETH,0xe19f85c920b572ca48942315b06d6cac86585c87,PLEB.png
Peepo,PEEPO,ETH,0xaADA04204e9e1099DaF67cf3D5D137E84E41CF41,PEEPO.png
Toad Killer,$TOAD,ETH,0x370a366f402e2e41cdbbe54ecec12aae0cce1955,$TOAD.png
FORE Protocol,FORE,ETH,0xb2ee0adbe0ef1281025d0676511bb1df14600f4d,FORE.png
Shiba 2.0,Shiba 2.0,ETH,0xBE77212A6c7f55567470c2C95AFf7B0B0E0C3Ef5,Shiba 2.0.png
Global Token,GBL,ETH,0x38E3EA1f41AcceF53274f9544eD678a64C6eBd49,GBL.png
Mandox Token,MANDOX,ETH,0x7a8adcf432ebcc2311b955d176ee4bfed13bb9a7,MANDOX.png
MAGA,TRUMP,ETH,0x4f4a556361B8B4869F97b8709ff47c1B057Ea13b,TRUMP.png
GROK,GROK,ETH,0xc4D63EC16CaC683d76759fD10aCE60D08051c43b,GROK.png
GTAVI,GTAVI,ETH,0x50e366365B01Bf575538212A0155AF552120494E,GTAVI.png
SOLAV TOKEN,SOLAV,ETH,0xFC5E4ED56153b57AA8Ef769EbA3E79e58e19Be93,SOLAV.png
DGI Game,DGI,ETH,0xE453C3409f8Ad2B1FE1ED08E189634d359705A5B,DGI.png
Choppy,CHOPPY,ETH,0xF938346D7117534222B48D09325A6B8162B3A9E7,CHOPPY.png
Ishi,ISHI,ETH,0x85e0b9d3e7e4dba7e59090c533906d0e9211d8b6,ISHI.png
dogwifsaudihat,WIFSA,ETH,0x6630E3a2eC1e7e0A2F9F1d2289A9A89B0551683A,WIFSA.png
Gradient,GDT,ETH,0x396c95abE154b3b2eD204Cf45c8726AA7ad47A4D,GDT.png
Golden Magfi,GMFI,ETH,0xF07643d5dbfC2D9DAa080C5985E20f7D439FD926,GMFI.png
BloomBeans,BLOOM,ETH,0x6c4a8973e6633da2da7187669479c27830c7b1c4,BLOOM.png
Simpson Trump,TRUMP,ETH,0xCaB66bc319C96A2921Caed30E990b20F2322357e,TRUMP.png
NIQAB WORLD ORDER,NIQAB,ETH,0x1Cf763AE60891164bb0c6A04e63b373a76b16c02,NIQAB.png
Yidocy Plus,YIDO,ETH,0x9973ee0bb7f10988f23ecfff54dc654a7f173e2c,YIDO.png
PETE,PETE,ETH,0x34ac7e32ff0e580893aeb0743a1e798baa52d469,PETE.png
Ginnan Doge's Brother,GINNAN,ETH,0x375e104af98872E5B4Fe951919e504a47dB1757c,GINNAN.png
Fist Trump Pump,FTP,ETH,0x91F322e0D0bd688ACd511a789431a2b672A28013,FTP.png
ITO,ITO,ETH,0x465dbC39F46f9D43C581a5d90A43e4a0F2A6fF2d,ITO.png
Sanin,SANIN,ETH,0xd3C5BdBc6De5Ea3899a28f6cd419f29c09fa749f,SANIN.png
Truthfi (Truthfi_erc),TRUTHFI,ETH,0xFEC2598830379154E047aCE14A33FE2b91b964F0,TRUTHFI.png
Lockheed Martin Inu,LMI,ETH,0xAf05Ce8A2Cef336006E933c02fc89887F5B3C726,LMI.png
Stox,STX,ETH,0x006BeA43Baa3f7A6f765F14f10A1a1b08334EF45,STX.png
Delphy,DPY,ETH,0x6c2adc2073994fb2ccc5032cc2906fa221e9b391,DPY.png
Game.com,GTC,ETH,0xB70835D7822eBB9426B56543E391846C107bd32C,GTC.png
Electrify.Asia,ELEC,ETH,0xd49ff13661451313ca1553fd6954bd1d9b6e02b9,ELEC.png
LemoChain,LEMO,ETH,0x60c24407d01782c2175d32fe7c8921ed732371d1,LEMO.png
CNNS,CNNS,ETH,0x6c3be406174349cfa4501654313d97e6a31072e1,CNNS.png
K-Tune,KTT,ETH,0x14cc8dfaf2258e1b8b2869300dba1b734dc0fe43,KTT.png
Sashimi,SASHIMI,ETH,0xC28E27870558cF22ADD83540d2126da2e4b464c2,SASHIMI.png
Chicken,KFC,ETH,0xE63684BcF2987892CEfB4caA79BD21b34e98A291,KFC.png
OnX Finance,ONX,ETH,0xe0ad1806fd3e7edf6ff52fdb822432e847411033,ONX.png
A2A,A2A,ETH,0x11c039f368606d91664bfd10137b00eee13cde77,A2A.png
Pika,PIKA,ETH,0x60F5672A271C7E39E787427A18353ba59A4A3578,PIKA.png
Popsicle Finance,ICE,ETH,0xf16e81dce15b08f326220742020379b855b87df9,ICE.png
handleFOREX,FOREX,ETH,0xdb298285fe4c5410b05390ca80e8fbe9de1f259b,FOREX.png
DecentraWeb,DWEB,ETH,0xe7f58a92476056627f9fdb92286778abd83b285f,DWEB.png
Waste Digital Coin,WACO,ETH,0x910c4da718caf4ee38ce5c2490cddaeca689204e,WACO.png
Uplift,LIFT,ETH,0x513C3200F227ebB62e3B3d00B7a83779643a71CF,LIFT.png
Mimir Token,MIMIR,ETH,0x71dc40668682a124231301414167e4cf7f55383c,MIMIR.png
MetaDoge,METADOGE,ETH,0x8530b66ca3ddf50e0447eae8ad7ea7d5e62762ed,METADOGE.png
SportsIcon,ICONS,ETH,0x3F68e7B44e9bCB486C2FeAdB7A2289D9cdFC9088,ICONS.png
Animalia,ANIM,ETH,0xfbcb5cbedeebcc55dcd136d34db1daaf74cf67e8,ANIM.png
Tr3zor,TR3,ETH,0xF61BF4d1A948487d61b8fa63808AAC06bda55F98,TR3.png
Woozoo Music,WZM,ETH,0xD15A1A2A3211b58113e45809f05934252E34e2F8,WZM.png
FunFi,FNF,ETH,0xacf8d5e515ed005655dfefa09c22673a37a7cdee,FNF.png
Kanagawa Nami,OKINAMI,ETH,0x1c4853ec0d55e420002c5efabc7ed8e0ba7a4121,OKINAMI.png
Childhoods End,O,ETH,0xb53ecf1345cabee6ea1a65100ebb153cebcac40f,O.png
Calvaria: Duels of Eternity,RIA,ETH,0x9b110Fda4E20DB18Ad7052f8468a455de7449eb6,RIA.png
SHIKOKU,SHIK,ETH,0x24da31e7bb182cb2cabfef1d88db19c2ae1f5572,SHIK.png
ordinex,ORD,ETH,0xbe00734799a67a62af2819825580318ac1b1e4ec,ORD.png
unshETHing_Token,USH,ETH,0xe60779cc1b2c1d0580611c526a8df0e3f870ec48,USH.png
Elon Musk,MUSK,ETH,0x7bdf3ff2513a4f467bc25b7fd4b8404ad8126cb3,MUSK.png
2DAI.io,2DAI,ETH,0xb44b653f147569d88a684cbf6549e1968e8b2a1d,2DAI.png
CRYPTO,CRYPTO,ETH,0x586a7cfe21e55ec0e24f0bfb118f77fe4ca87bab,CRYPTO.png
Baby Shiba Inu,BABYSHIB,ETH,0x00000000051b48047be6dc0ada6de5c3de86a588,BABYSHIB.png
Ben (v2),BEN,ETH,0xdcc97d2c1048e8f3f2fc58ace9024ab8b350e4b1,BEN.png
Neuralink,NEURALINK,ETH,0x65Ee1361596439664059D1a5EF44014D08c95693,NEURALINK.png
TensorScan AI,TSA,ETH,0xf02c2dC9b3cB7F1ba21CCd82dFf4ebC92da8996F,TSA.png
Blocjerk,BJ,ETH,0x9cAAe40DCF950aFEA443119e51E821D6FE2437ca,BJ.png
Next Gem AI,GEMAI,ETH,0xFBE44caE91d7Df8382208fCdc1fE80E40FBc7e9a,GEMAI.png
Boy's club,BOYSCLUB,ETH,0x2d9996f3b9d2e73540fdbfdfe81d71e9e08cbf03,BOYSCLUB.png
Ponzio The Cat,PONZIO,ETH,0x873259322BE8e50d80A4b868D186Cc5aB148543A,PONZIO.png
Maga Pepe,MAPE,ETH,0x683A4ac99E65200921f556A19dADf4b0214B5938,MAPE.png
Simpson Harris,KAMA,ETH,0xa2b904BeE594ee6e573E358f9c58bcCe9F0492c1,KAMA.png
99 Bitcoins,99BTC,ETH,0xc2eb40516ecaac04ae9964934983d1e9ebdf51fd,99BTC.png
NeiRei,NEIREI,ETH,0x1d4fb9bfa1967be6ca74819e28b98c2aa5ae8b59,NEIREI.png
Cryptify,CRYPT,ETH,0x5F8b6827Ec4C0De4787E19C30D9EDA1e264a7858,CRYPT.png
ANDYMAN,ANDYMAN,ETH,0x68aaa0d94ea163b9bbf659dc3766defb4c0ac7be,ANDYMAN.png
Terminus,TERMINUS,ETH,0x44e18207b6e98f4a786957954e462ed46b8c95be,TERMINUS.png
Smidge,SMIDGE,ETH,0x694209b7612a6219eac9446d5718fe23599a991b,SMIDGE.png
MediChainX,MEDXT,ETH,0x755d61b9aCBC7FCc935E280291cD86cC1913af93,MEDXT.png
Moeda Loyalty Points,MDA,ETH,0x51db5ad35c671a87207d88fc11d593ac0c8415bd,MDA.png
Gems,GEM,ETH,0xc7bba5b765581efb2cdd2679db5bea9ee79b201f,GEM.png
SoPay,SOP,ETH,0x076641af1b8f06b7f8c92587156143c109002cbe,SOP.png
HitChain,HIT,ETH,0x7995ab36bB307Afa6A683C24a25d90Dc1Ea83566,HIT.png
EurocoinToken,ECTE,ETH,0xe9fa21e671bcfb04e6868784b89c19d5aa2424ea,ECTE.png
Homeros,HMR,ETH,0xB1A30851E3f7d841b231B086479608e17198363A,HMR.png
MONNOS,MNS,ETH,0x53884b61963351C283118a8E1Fc05BA464a11959,MNS.png
Bananatok,BNA,ETH,0x20910e5b5f087f6439dfcb0dda4e27d1014ac2b8,BNA.png
KStarCoin,KSC,ETH,0x990e081a7b7d3ccba26a2f49746a68cc4ff73280,KSC.png
DeFiato,DFIAT,ETH,0x1045f5ccb01daea4f8eab055f5fcbb7c0e7c89f0,DFIAT.png
UNION Protocol Governance Token,UNN,ETH,0x226f7b842e0f0120b7e194d05432b3fd14773a9d,UNN.png
DFX Finance,DFX,ETH,0x888888435fde8e7d4c54cab67f206e4199454c60,DFX.png
Lemond,LEMD,ETH,0xf45f6c8bb3d77ea762175b8f7ca4d251941649fa,LEMD.png
Shih Tzu,SHIH,ETH,0x841fb148863454a3b3570f515414759be9091465,SHIH.png
Flurry Finance,FLURRY,ETH,0x60F63B76E2Fc1649E57a3489162732A90ACf59FE,FLURRY.png
Burp,BURP,ETH,0x33f391f4c4fe802b70b77ae37670037a92114a7c,BURP.png
HappyFans,HAPPY,ETH,0x3079F61704E9eFa2BcF1db412f735d8d4cFa26f4,HAPPY.png
Shibaverse,VERSE,ETH,0x7ae0d42f23c33338de15bfa89c7405c068d9dc0a,VERSE.png
Revest Finance,RVST,ETH,0x120a3879da835a5af037bb2d1456bebd6b54d4ba,RVST.png
Filecoin Standard Hashrate Token,FILST,ETH,0x7346ad4c8cd1886ff6d16072bcea5dfc0bc24ca2,FILST.png
Open Rights Exchange,ORE,ETH,0x4f640F2529ee0cF119A2881485845FA8e61A782A,ORE.png
Yoshi.exchange,YOSHI,ETH,0x4374F26F0148a6331905eDf4cD33B89d8Eed78d1,YOSHI.png
Bit2Me,B2M,ETH,0xd7c302fc3ac829c7e896a32c4bd126f3e8bd0a1f,B2M.png
LIT,LIT,ETH,0xC5b3D3231001a776123194Cf1290068e8b0C783b,LIT.png
iDypius,IDYP,ETH,0xbd100d061e120b2c67a24453cf6368e63f1be056,IDYP.png
Doge Protocol,DOGEP,ETH,0xe7eaec9bca79d537539c00c58ae93117fb7280b9,DOGEP.png
AmazingTeamDAO,AMAZINGTEAM,ETH,0x38e2f9058651EA1B9a09495Ea7Fd23FD2dD12a3F,AMAZINGTEAM.png
Spring,SPRING,ETH,0xf04aF3f4E4929F7CD25A751E6149A3318373d4FE,SPRING.png
Summer,SUMMER,ETH,0x4d4f3715050571a447fffa2cd4cf091c7014ca5c,SUMMER.png
Genius,GENI,ETH,0x444444444444c1a66f394025ac839a535246fcc8,GENI.png
Tate,TATE,ETH,0xa589d8868607b8d79eE4288ce192796051263b64,TATE.png
JEFF,JEFF,ETH,0xf831938caf837cd505de196bbb408d81a06376ab,JEFF.png
Ben's Finale,FINALE,ETH,0xc7a2572fa8fdb0f7e81d6d3c4e3ccf78fb0dc374,FINALE.png
Web-x-ai,WEB,ETH,0x2b81945875f892aff04af0a298d35fb2cf848c7b,WEB.png
Squid Game (squid-game.cool),SQUID,ETH,0x561Cf9121E89926c27FA1cfC78dFcC4C422937a4,SQUID.png
XOX Labs,XOX,ETH,0x0f5c78f152152dda52a2ea45b0a8c10733010748,XOX.png
StorageChain,WSTOR,ETH,0x346B46280f559DEF274f80c5d16471b4b7EF2f14,WSTOR.png
MetaZero,MZERO,ETH,0x328a268b191ef593b72498a9e8a481c086eb21be,MZERO.png
Balance AI,BAI,ETH,0x8ccd897ca6160ed76755383b201c1948394328c7,BAI.png
CYBONK,CYBONK,ETH,0x9194337C06405623c0F374e63Fa1CC94e2788c58,CYBONK.png
SOAI,SOAI,ETH,0xe8196181c5fe192b83c5ca34be910d93d691d935,SOAI.png
Xeno,XENO,ETH,0x451fd37983d494bce294295f78a426832376b7df,XENO.png
FOMO Network,FOMO,ETH,0x9028C2A7f8C8530450549915c5338841Db2a5fEa,FOMO.png
Challenge,CT,ETH,0x2ac29781547EB7501d3CfD9733ce11e38dF5463A,CT.png
BARRON,BARRON,ETH,0x9361adf2b72f413d96f81ff40d794b47ce13b331,BARRON.png
Colon,COLON,ETH,0xD09Eb9099faC55eDCbF4965e0A866779ca365a0C,COLON.png
Make America Drill Again,MADA,ETH,0xf41A7B7C79840775F70A085C1fC5A762bBc6B180,MADA.png
MARVIN,MARVIN,ETH,0x70c29e99ca32592c0e88bb571b87444bb0e08e33,MARVIN.png
Doggo Inu,DOGGO,ETH,0x3739426e21D912B604C106f852d136bA58f61517,DOGGO.png
Cultel,CULTEL,ETH,0x0000003ceede5c40e5187784d3e8dd5b43dc85f6,CULTEL.png
Raiden Network Token,RDN,ETH,0x255aa6df07540cb5d3d297f0d0d4d84cb52bc8e6,RDN.png
Skrumble Network,SKM,ETH,0x048fe49be32adfc9ed68c37d32b5ec9df17b3603,SKM.png
Tronipay,TRP,ETH,0x9b1e1fc958b83e801d1342f9f9ba7da3a55ba1ef,TRP.png
VIDY,VIDY,ETH,0xc77b230f31b517f1ef362e59c173c2be6540b5e8,VIDY.png
Fisco Coin,FSCC,ETH,0x0789dbAE94fb18e5789B8e4489BCB7A1ADB58622,FSCC.png
Digex,DIGEX,ETH,0x763F8B4fB067190e739Ed6ACB12F40f2F3890840,DIGEX.png
Gera Coin,GERA,ETH,0x80d4f13acc30968fd6225b1ea79f5779f09fee60,GERA.png
LinkPool,LPL,ETH,0x99295f1141d58a99e939f7be6bbe734916a875b8,LPL.png
Kuma Inu,KUMA,ETH,0x48c276e8d03813224bb1e55f953adb6d02fd3e02,KUMA.png
Multiverse,AI,ETH,0xc91b523a59acc63a64f61fc7bbfb4bfc82dd25f2,AI.png
BOY X HIGHSPEED,BXH,ETH,0xEb637A9Ab6Be83c7F8c79fdAA62E1043b65534F0,BXH.png
Liquidus (old),LIQ,ETH,0x5f69b7ab8f7cab199a310fd5a27b43fef44ddcc0,LIQ.png
The CocktailBar,COC,ETH,0x22b6c31c2beb8f2d0d5373146eed41ab9ede3caf,COC.png
Kitty Inu,Kitty,ETH,0x61a35258107563f6b6f102ae25490901c8760b12,Kitty.png
Pacific,PAF,ETH,0x6a969D379700B2E5EA4E684d273d63C1c050Ba49,PAF.png
QUASA,QUA,ETH,0x4dAeb4a06F70f4b1A5C329115731fE4b89C0B227,QUA.png
Materium,MTRM,ETH,0xcd17fa52528f37facb3028688e62ec82d9417581,MTRM.png
Smart Reward Token,SRT,ETH,0x22987407fd1fc5a971e3fda3b3e74c88666cda91,SRT.png
Sanin Inu,SANI,ETH,0x4521c9ad6a3d4230803ab752ed238be11f8b342f,SANI.png
Shita-kiri Suzume,SUZUME,ETH,0x0b452278223d3954f4ac050949d7998e373e7e43,SUZUME.png
BOB,BOB,ETH,0xB0B195aEFA3650A6908f15CdaC7D92F8a5791B0B,BOB.png
Solidly,SOLID,ETH,0x777172d858dc1599914a1c4c6c9fc48c99a60990,SOLID.png
Shanghai Inu,SHANG,ETH,0xee772cec929d8430b4fa7a01cd7fbd159a68aa83,SHANG.png
Good Gensler,GENSLR,ETH,0xAd1A5B8538a866eCD56dDd328b50ed57cEd5D936,GENSLR.png
FairERC20,ferc,ETH,0x2eCBa91da63C29EA80Fbe7b52632CA2d1F8e5Be0,ferc.png
Ducker,DUCKER,ETH,0xF70ce9eE486106882d3dc43ddbd84E0fA71AC2A5,DUCKER.png
AI-X,X,ETH,0x5f5166c4fdb9055efb24a7e75cc1a21ca8ca61a3,X.png
FOOM,FOOM,ETH,0xd0D56273290D339aaF1417D9bfa1bb8cFe8A0933,FOOM.png
Liza,LIZA,ETH,0x8b227d72570d3ead66014bca8305cbef7f90d1ee,LIZA.png
MOROS NET,MOROS,ETH,0xAb85fc558d722A2b7c040FfB77dB676Bd9e7D322,MOROS.png
Magnum Trading,MAG,ETH,0xb9d4B6DC1e1Ee3577CC442dE015CC11F238B35ed,MAG.png
Metapro,MPRO,ETH,0xd88611a629265c9af294ffdd2e7fa4546612273e,MPRO.png
TRUMP INU,TRUMP INU,ETH,0xd3fb8597d260efb2e693efd500d62a330a00f1eb,TRUMP INU.png
Trump Doge,TRUMPDOGE,ETH,0x1D313B4D29B0E6F1A9Bdfcd289B41419d14541A2,TRUMPDOGE.png
GG MetaGame,GGMT,ETH,0x76aAb5FD2243d99EAc92d4d9EBF23525d3ACe4Ec,GGMT.png
America,AMERICA,ETH,0x1776B223FF636D0d76aDF2290821f176421DD889,AMERICA.png
Andy’s Alter Ego,$BADCAT,ETH,0xe4042c7c1bf740b8ddb2ab43df6d9ed766b2513e,$BADCAT.png
IVANKA TRUMP,IVANKA,ETH,0x7dbb51553f8222885d6d9933ea14196feb57fd78,IVANKA.png
Kirokugo,KIRO,ETH,0xc5903ced3c193b89cbbb5a0af584494c3d5d289d,KIRO.png
Maganomics,MAGANOMICS,ETH,0x7E744BBB1a49A44dfCC795014a4BA618E418FbBE,MAGANOMICS.png
Molly,MOLLY,ETH,0xbDbE9F26918918Bd3F43a0219d54e5fDA9ce1BB3,MOLLY.png
Gremly,GREMLY,ETH,0x80Aa87B47Da26b2dBa301708046fe467575fC355,GREMLY.png
FUKU (fukucoin.io),FUKU,ETH,0x6a159543abfc7baf816fdbc99efd48e4ee7acc63,FUKU.png
BitBonk,BBONK,ETH,0xbbBBBBe1da5EAB142B32f8887EE8d3872D847c20,BBONK.png
Freakoff,FREAK,ETH,0xcB43C88c980fF3A2C3f45f125d9886E7aabCD017,FREAK.png
Brian Griffin,BRIAN,ETH,0x13EcF9467683E838Fa8808E7a5B54974352B522f,BRIAN.png
World Liberty Financial(worldliberty.icu),WLFI,ETH,0xA6aFb62A7E2Ed8D66223493481E9FB2F64e7e850,WLFI.png
Bork,BORK,ETH,0x8808434a831eFea81170A56a9ddc57Cc9E6De1d8,BORK.png
Quantoz USDQ,USDQ,ETH,0xc83e27f270cce0A3A3A29521173a83F402c1768b,USDQ.png
Simian AI,SIMAI,ETH,0x90f29ccD18c9181A9243EfF8f7546eef4b64994c,SIMAI.png
MediShares,MDS,ETH,0x66186008C1050627F979d464eABb258860563dbE,MDS.png
Auctus,AUC,ETH,0xc12d099be31567add4e4e4d0d45691c3f58f5663,AUC.png
ZINC,ZINC,ETH,0x4aac461c86abfa71e9d00d9a2cde8d74e4e1aeea,ZINC.png
Mainstream For The Underground,MFTU,ETH,0xbA745513ACEbcBb977497C569D4F7d340f2A936B,MFTU.png
Krypton Galaxy Coin,KGC,ETH,0xa8262eb913fccea4c3f77fc95b8b4043b384cfbb,KGC.png
KittenFinance,KIF,ETH,0x177ba0cac51bfc7ea24bad39d81dcefd59d74faa,KIF.png
Zeedex,ZDEX,ETH,0x5150956E082C748Ca837a5dFa0a7C10CA4697f9c,ZDEX.png
TosDis,DIS,ETH,0x220b71671b649c03714da9c621285943f3cbcdc6,DIS.png
Mute,MUTE,ETH,0xa49d7499271ae71cd8ab9ac515e6694c755d400c,MUTE.png
BLACKHOLE PROTOCOL,BLACK,ETH,0xd714d91A169127e11D8FAb3665d72E8b7ef9Dbe2,BLACK.png
Sheesha Finance [ERC20],SHEESHA,ETH,0x232FB065D9d24c34708eeDbF03724f2e95ABE768,SHEESHA.png
EthereumMax,EMAX,ETH,0x15874d65e649880c2614e7a480cb7c9a55787ff6,EMAX.png
Duet Protocol,DUET,ETH,0xE8521b61f64Fc45A0bC3db36D2A524fe61a69b52,DUET.png
Creator Platform,CTR,ETH,0x923b83c26B3809d960fF80332Ed00aA46D7Ed375,CTR.png
Evanesco Network,EVA,ETH,0xd6caf5bd23cf057f5fccce295dcc50c01c198707,EVA.png
Mobius Finance,MOT,ETH,0x1E02cdbbA6729B6470de81Ad4D2cCA4c514521b9,MOT.png
delta.theta,DLTA,ETH,0x0000000de40dfa9b17854cbc7869d80f9f98d823,DLTA.png
Taxa Token,TXT,ETH,0x547b2f82cecfab9c2b1d36fdda96ef9f58c63b8c,TXT.png
XIDO FINANCE,XIDO,ETH,0xf6650117017ffd48b725b4ec5a00b414097108a7,XIDO.png
CouponBay,CUP,ETH,0x3209d14ff61766359e64aceff91877cec2ad968e,CUP.png
DegenX,DGNX,ETH,0x0000000000300dd8B0230efcfEf136eCdF6ABCDE,DGNX.png
Autumn,AUTUMN,ETH,0x4c3bae16c79c30eeb1004fb03c878d89695e3a99,AUTUMN.png
Trillant,TRI,ETH,0xcc06579a4cd31b79d5277ed637edbfeb7bb2686a,TRI.png
Not Financial Advice,NFAI,ETH,0x17c50d62e6e8d20d2dc18e9ad79c43263d0720d9,NFAI.png
Goerli ETH,GETH,ETH,0xdd69db25f6d620a7bad3023c5d32761d353d3de9,GETH.png
Bobo,BOBO,ETH,0x5888641e3e6cBeA6D84Ba81EDb217bD691d3bE38,BOBO.png
Derp Coin,DERP,ETH,0x878fCC2bdccCFf8c56812607b9a58F29b274C4f0,DERP.png
Foxe,FOXE,ETH,0x378E1BE15BE6d6D1f23Cfe7090b6a77660dBF14d,FOXE.png
Psyop,PSYOP,ETH,0x3007083eaa95497cd6b2b809fb97b6a30bdf53d3,PSYOP.png
unshETH Ether,UNSHETH,ETH,0x0Ae38f7E10A43B5b2fB064B42a2f4514cbA909ef,UNSHETH.png
LFG,LFG,ETH,0x40a9a694197a0b4b92f2aad48da6bc1b6ff194e9,LFG.png
LiquidLayer,LILA,ETH,0x96aDD417293a49E80f024734e96CFd8b355bCc14,LILA.png
Purple AI,PAI,ETH,0xa0cc4428fbb652c396f28dce8868b8743742a71c,PAI.png
Shiba 3.0,SHIBA 3.0,ETH,0xbc5311653dbbd1ecaff00fdb5985449cbfd77c98,SHIBA 3.0.png
Childrens Aid Foundation,CAF,ETH,0x096985703F584B9444CE9730B600fC39De29ccc8,CAF.png
TOTO,TOTO,ETH,0x973E00Eee6d180b5A0Eb08cE3047AC4eA7A45CD5,TOTO.png
Juice,JUICE,ETH,0xdE5d2530A877871F6f0fc240b9fCE117246DaDae,JUICE.png
Poodl Inu,POODL,ETH,0x4b7c762af92dbd917d159eb282b85aa13e955739,POODL.png
CHAD FROG,CHAD,ETH,0x9e22B4f836a461ddC7765E5fAd693688e76E6069,CHAD.png
DENTNet,DENTX,ETH,0xd65981da8d0bc8ef308d81c2b4955b0781fcdbfb,DENTX.png
MELLSTROY,MELLSTROY,ETH,0xddaf27167929cd045a7d97d09a4fa1046ece3d89,MELLSTROY.png
Pink Hood Froglicker,FROGLIC,ETH,0x4aBD5745F326932B1b673bfa592a20d7BB6bc455,FROGLIC.png
JD Vance,VANCE,ETH,0x9b465aaB9e8F325418F222C37de474b1bD38ded2,VANCE.png
Bullish On Ethereum,BOE,ETH,0x5ecAF4aaDD8317d515D7345C46E242526B099151,BOE.png
YieldStone,YIELD,ETH,0x8c19f7854b27758ddffdcdc8908f22bf55e00736,YIELD.png
Trump Force 47,TF47,ETH,0x281D0BBC59f96CbfaB4EbE590c05a4D06b494aD6,TF47.png
This Is Fine (thisisfine.vip),FINE,ETH,0x1634e10C9155BE623B5a52d6CA01C7A904D89b0a,FINE.png
Grimace,GRIMACE,ETH,0x0ad5a92a5d79a903b23823431cdb07650a5e4a44,GRIMACE.png
CULO (ETH),CULO,ETH,0xb646c4fE0090Bf6fdbA226D3ccd8f775b30fDbB5,CULO.png
Evnode Blockchain,EVO,ETH,0x8C11f1A80Afce494BAC9cc78339CB2768c955D4E,EVO.png
Medicalchain,MTN,ETH,0x41dbecc1cdc5517c6f76f6a6e836adbee2754de3,MTN.png
HashCoin,HSC,ETH,0x2bba3cf6de6058cc1b4457ce00deb359e2703d7f,HSC.png
Ethereum Meta,ETHM,ETH,0x37F04733C7E1C762f0Ed86533c9052bE5822c1fd,ETHM.png
HedgeTrade,HEDG,ETH,0xF1290473E210b2108A85237fbCd7b6eb42Cc654F,HEDG.png
Voltz,VOLTZ,ETH,0x60715e436c37444e29772c0d26a98ae1e8e1a989,VOLTZ.png
WadzPay Token,WTK,ETH,0x4cff49d0a19ed6ff845a9122fa912abcfb1f68a6,WTK.png
Marginswap,MFI,ETH,0xaa4e3edb11afa93c41db59842b29de64b72e355b,MFI.png
VKENAF,VKNF,ETH,0xD501900646641eAf5755758E11EeAA43dF691924,VKNF.png
renZEC,RENZEC,ETH,0x1c5db575e2ff833e46a2e9864c22f4b22e0b37c2,RENZEC.png
JPY Coin v1,JPYC,ETH,0x2370f9d504c7a6e775bf6e14b3f12846b594cd53,JPYC.png
Prostarter,PROT,ETH,0x2341dd0a96a0dab62aa1efb93d59ff7f3bdb8932,PROT.png
Exohood,EXO,ETH,0xbd8005612124DC30601E22D8B5d188A89767c640,EXO.png
CumInu,CUMINU,ETH,0xd6327ce1fb9d6020e8c2c0e124a1ec23dcab7536,CUMINU.png
Marnotaur,TAUR,ETH,0xF71288618F919FF0A779c757489A8B2e45925dDd,TAUR.png
Safle,SAFLE,ETH,0x3f95e5099cf3a125145212afd53039b8d8c5656e,SAFLE.png
Crypto Global United,CGU,ETH,0x849a226f327b89e3133d9930d927f9eb9346f8c9,CGU.png
humanDAO,HDAO,ETH,0xdac657ffd44a3b9d8aba8749830bf14beb66ff2d,HDAO.png
Axl Inu,AXL,ETH,0x25b24b3c47918b7962b3e49c4f468367f73cc0e0,AXL.png
DiemLibre,DLB,ETH,0x87c22615435998d69aca34889d03155b694a94fc,DLB.png
Oath,OATH,ETH,0x6F9C26Fa731C7Ea4139Fa669962Cf8F1CE6C8b0B,OATH.png
EdenLoop,ELT,ETH,0xfC1Cb4920dC1110fD61AfaB75Cf085C1f871b8C6,ELT.png
Pige,PIGE,ETH,0x995c0e3b9af4da89fc76c5c0784e97c7a36eec06,PIGE.png
WATTTON,WATT,ETH,0xe67f943af5eb6051ef56f05979cc30b732717fa6,WATT.png
0x0.com,0x0,ETH,0xb8fda5aee55120247f16225feff266dfdb381d4c,0x0.png
POPO,POPO,ETH,0xfe8546f4ac4180638edbc9ef9a5820450788e2ea,POPO.png
OGSMINEM,OGSM,ETH,0x9778ac3d5a2f916aa9abf1eb85c207d990ca2655,OGSM.png
MuratiAI,MURATIAI,ETH,0x69C2fcAe7e30b429166BD616A322e32BeC036bCf,MURATIAI.png
NiHao,NIHAO,ETH,0xc3681a720605bd6f8fe9a2fabff6a7cdecdc605d,NIHAO.png
TRUMP - Let's Make Memes Great Again,TRUMP,ETH,0x7c84d7e3829e004a49204d650883697bc7f06748,TRUMP.png
Crypto Rangers,CR,ETH,0x029b03ac808bc8bcbc706ccd1f82d45fb9182c3b,CR.png
Staked USDT,STUSDT,ETH,0x25ec98773d7b4ced4cafab96a2a1c0945f145e10,STUSDT.png
BREPE,BREPE,ETH,0xa0117792d4b100fd329b37e8ab4181df8a5b3326,BREPE.png
GROK 2.0,GROK2.0,ETH,0x87D907568A0761Ea45D2917E324557920668f224,GROK2.0.png
Bonsai3,BAI,ETH,0x31ea904A7eca45122890dEb8dA3473A2081bc9d1,BAI.png
Baby Trump,BABYTRUMP,ETH,0x9a52590BCE99dcAB5c6dC83b8dA08974EeEaA06b,BABYTRUMP.png
SHEBOSHIS,SHEB,ETH,0x6930450a416252c7206fbce76c01ecc850a36cb9,SHEB.png
0xScans,SCANS,ETH,0x10703ca5e253306e2ababd68e963198be8887c81,SCANS.png
Doggensnout Skeptic,DOGS,ETH,0x21e5c85a5b1f38bddde68307af77e38f747cd530,DOGS.png
Hokkaidu Inu,HOKK,ETH,0xC40AF1E4fEcFA05Ce6BAb79DcD8B373d2E436c4E,HOKK.png
SANSHU!,SANSHU!,ETH,0x0026dfbd8dbb6f8d0c88303cc1b1596409fda542,SANSHU!.png
Landwolf,WOLF,ETH,0x67859a9314b9dca2642023ad8231beaa6cbf1933,WOLF.png
Kennedy Coin,BOBBY,ETH,0xa462bde22d98335e18a21555b6752db93a937cff,BOBBY.png
Neva,NEVA,ETH,0x3aDa3BF9a5C5C59523d6193381C0d14787070e54,NEVA.png
Neuracat,NCAT,ETH,0x2b7c0fa747611d4412b54076c62119926474edb3,NCAT.png
Playable Coin,PC,ETH,0x30303101104100c397c069e0642acac518420205,PC.png
Kamala Harris (kamalaharristoken.xyz),HARRIS,ETH,0x155788dd4b3ccd955a5b2d461c7d6504f83f71fa,HARRIS.png
Iro-Chan,IRO,ETH,0xba2ae4e0a9c6ecaf172015aa2cdd70a21f5a290b,IRO.png
ZAI Stablecoin,ZAI,ETH,0x69000dFD5025E82f48Eb28325A2B88a241182CEd,ZAI.png
TrumpEffect69420,TRUMP,ETH,0x69420cB71f5Fa439A84545e79557977c0600c46E,TRUMP.png
El Sapo Pepe,PEPE,ETH,0x69E15ab0fD240de689d09e4851181A6667968008,PEPE.png
Ripio Credit Network,RCN,ETH,0xf970b8e36e23f7fc3fd752eea86f8be8d83375a6,RCN.png
Aigang,AIX,ETH,0x1063ce524265d5a3a624f4914acd573dd89ce988,AIX.png
Tidex Token,TDX,ETH,0x317eb4ad9cfac6232f0046831322e895507bcbeb,TDX.png
X8X Token,X8X,ETH,0x910dfc18d6ea3d6a7124a6f8b5458f281060fa4c,X8X.png
Kambria,KAT,ETH,0x14da230d6726C50F759Bc1838717F8CE6373509C,KAT.png
Lition,LIT,ETH,0x763fa6806e1acf68130d2d0f0df754c93cc546b2,LIT.png
EzyStayz,EZY,ETH,0xA6D5C720a9af5A405dFB6b9F44Fc44FaB5D4A58D,EZY.png
EYES Protocol,EYES,ETH,0xe42B7A17336B343569C82f682a493a837B7e0755,EYES.png
sETH,SETH,ETH,0x5e74c9036fb86bd7ecdcb084a0673efc32ea31cb,SETH.png
FLAMA,FMA,ETH,0x0f8794f66C7170c4f9163a8498371A747114f6C4,FMA.png
Dextoken,DEXG,ETH,0xb81d70802a816b5dacba06d708b5acf19dcd436d,DEXG.png
CoFiX,COFI,ETH,0x1a23a6BfBAdB59fa563008c0fB7cf96dfCF34Ea1,COFI.png
One Share,ONS,ETH,0x5BB29c33C4A3C29f56F8ACa40B4dB91d8a5fe2c5,ONS.png
Bancor Governance Token,VBNT,ETH,0x48fb253446873234f2febbf9bdeaa72d9d387f94,VBNT.png
EHash,EHASH,ETH,0x2942e3b38e33123965bfbc21e802be943a76bbc6,EHASH.png
Shibaken Finance,SHIBAKEN,ETH,0xa4cf2afd3b165975afffbf7e487cdd40c894ab6b,SHIBAKEN.png
CryptoArt.Ai,CART,ETH,0x5c8c8d560048f34e5f7f8ad71f2f81a89dbd273e,CART.png
MatrixETF,MDF,ETH,0x1a57367c6194199e5d9aea1ce027431682dfb411,MDF.png
Mondo Community Coin,MNDCC,ETH,0xcdb9d30a3ba48cdfcb0ecbe19317e6cf783672f1,MNDCC.png
Wakanda Inu,WKD,ETH,0x5444c30210d8a0a156178cfb8048b4137c0d40d1,WKD.png
TRYC,TRYC,ETH,0x0000000005c6b7c1fd10915a05f034f90d524d6e,TRYC.png
Mechanium,MECHA,ETH,0xc5bcc8ba3f33ab0d64f3473e861bdc0685b19ef5,MECHA.png
MultiPlanetary Inus,INUS,ETH,0x39207d2e2feef178fbda8083914554c59d9f8c00,INUS.png
GNFT,GNFT,ETH,0xc502002aEB1b9309FcCb016adF50507987Fc6C2b,GNFT.png
Artizen,ATNT,ETH,0xaa2d8c9a8bd0f7945143bfd509be3ff23dd78918,ATNT.png
IYKYK,IYKYK,ETH,0x7cB683151A83c2B10A30cBB003CDA9996228a2bA,IYKYK.png
Gravita Protocol,GRAI,ETH,0x15f74458aE0bFdAA1a96CA1aa779D715Cc1Eefe4,GRAI.png
Jim,JIM,ETH,0xD807f7e2818dB8edA0d28B5bE74866338eaEDB86,JIM.png
XDoge,XD,ETH,0x01eeffcd9a10266ed00946121df097eed173b43d,XD.png
AI PIN,AI,ETH,0xbc544207ff1c5b2bc47a35f745010b603b97e99e,AI.png
BoxBet,BXBT,ETH,0x33f289d91286535c47270C8479f6776Fb3AdEB3e,BXBT.png
Vuzz AI,VUZZ,ETH,0xE469699F617bfd0FBfFcd575970d34c2CeCfFA9f,VUZZ.png
Taproot Exchange,TAPROOT,ETH,0x07B701aC44Aacb03d8Bed42eb85Ec38210bDf513,TAPROOT.png
Flovi inu,FLOVI,ETH,0x725024200Cd4e1f259FCF2b7153d37Fb477e139C,FLOVI.png
RebelSatoshi,RBLZ,ETH,0xDC75176f4DBa6822C5d841AF2947D0064Ca8c1B3,RBLZ.png
Quant AI,QAI,ETH,0x64d93cf499054170f4c211f91f867f902afaece6,QAI.png
Monke,MONKE,ETH,0xc8168d5665f4418353728ac970713e09C0B7c20e,MONKE.png
MEGA,MEGA,ETH,0x449a917fb4910cb2f57335D619e71674fFB8BC44,MEGA.png
Pepega,PEPEGA,ETH,0x9634Bdb20bbaB07bB52D279FA6e0C53CCc89c879,PEPEGA.png
Pe,PE,ETH,0xbd32bec7c76d28aa054fc0c907d601b9263e22c7,PE.png
Shina Inu,SHIN,ETH,0xa0bbbe391b0d0957f1d013381b643041d2ca4022,SHIN.png
Peezy,PEEZY,ETH,0xc9bd7011ee97a13dc07087e01499a769ab7e75b4,PEEZY.png
Trump Media,DJT,ETH,0xF5aDF74EECA8B91a4A72298Ba260b14D9B6a89cd,DJT.png
Trump2024,TRUMP2024,ETH,0x880226cbcce551eeafd18c9a9e883c85811b82fc,TRUMP2024.png
LICKER,LICKER,ETH,0x1b3be8fCD2e7C5cE9C5c242E0066FdD9740220d0,LICKER.png
47th President of the United States,TRUMP47,ETH,0x535887989b9edffb63b1fd5c6b99a4d45443b49a,TRUMP47.png
Meh,MEH,ETH,0x1f38d22F4eC3479C8268C85476b9418716bdB115,MEH.png
Strategic Hub for Innovation in Blockchain,SHIB,ETH,0xF4b7B9ab55A2eeb3bD6123B8f45B0abfFd5089c7,SHIB.png
Destinys Chicken,DSTNY,ETH,0xac40cece46929c8212167a44c37732f801ffab6f,DSTNY.png
Peace Frog,PFROG,ETH,0xa44136dc2e7a1543abbbf1c2a97e57c8d885e0be,PFROG.png
Bounty0x,BNTY,ETH,0xd2d6158683aee4cc838067727209a0aaf4359de3,BNTY.png
IHT Real Estate Protocol,IHT,ETH,0xEda8B016efA8b1161208Cf041cD86972eeE0F31E,IHT.png
Tokenomy,TEN,ETH,0xdd16ec0f66e54d453e6756713e533355989040e4,TEN.png
eosDAC,EOSDAC,ETH,0x7e9e431a0b8c4d532c745b1043c7fa29a48d4fba,EOSDAC.png
Smart MFG,MFG,ETH,0x6710c63432a2de02954fc0f851db07146a6c0312,MFG.png
RED,RED,ETH,0x76960dccd5a1fe799f7c29be9f19ceb4627aeb2f,RED.png
Essentia,ESS,ETH,0xfc05987bd2be489ACCF0f509E44B0145d68240f7,ESS.png
Arbidex,ABX,ETH,0x9a794dc1939f1d78fa48613b89b8f9d0a20da00e,ABX.png
Snetwork,SNET,ETH,0xff19138b039d938db46bdda0067dc4ba132ec71c,SNET.png
Switch,ESH,ETH,0xd6a55c63865affd67e2fb9f284f87b7a9e5ff3bd,ESH.png
CitiOs,R2R,ETH,0x688ff43c3c19e4714f0beb76df8ee394207ab411,R2R.png
Intexcoin,INTX,ETH,0x7533D63A2558965472398Ef473908e1320520AE2,INTX.png
EcoG9coin,EGC,ETH,0xc0ec8caec55f37d47fbfa595727418868a21fd48,EGC.png
MiraQle,MQL,ETH,0x428dc22668e6f3468273634067e5545ed5417a3e,MQL.png
BNSD Finance,BNSD,ETH,0x668DbF100635f593A3847c0bDaF21f0a09380188,BNSD.png
SmartCredit Token,SMARTCREDIT,ETH,0x72e9d9038ce484ee986fea183f8d8df93f9ada13,SMARTCREDIT.png
DexKit,KIT,ETH,0x7866e48c74cbfb8183cd1a929cd9b95a7a5cb4f4,KIT.png
Paypolitan Token,EPAN,ETH,0x72630b1e3b42874bf335020ba0249e3e9e47bafc,EPAN.png
One Cash,ONC,ETH,0xD90E69f67203EBE02c917B5128629E77B4cd92dc,ONC.png
Luxurious Pro Network Token,LPNT,ETH,0x6a4c76874e686a7d080d173987a35a9c48905583,LPNT.png
Minter HUB,HUB,ETH,0x8e9A29e7Ed21DB7c5B2E1cd75e676dA0236dfB45,HUB.png
Zoo Token,ZOOT,ETH,0x1341a2257fa7b770420ef70616f888056f90926c,ZOOT.png
X Protocol,POT,ETH,0x049b98b31ef7d6448519f3642aad92ab5b8ada52,POT.png
Rice Wallet,RICE,ETH,0xa64c3a85ddc4cd351eeb7aecebc6a44a64a76392,RICE.png
JEFE TOKEN,JEFE,ETH,0x9fd22a17b4a96da3f83797d122172c450381fb88,JEFE.png
Luna Inu,LINU,ETH,0x78132543d8e20d2417d8a07d9ae199d458a0d581,LINU.png
Redacted,BTRFLY,ETH,0xc55126051b22ebb829d00368f4b12bde432de5da,BTRFLY.png
HistoryDAO,HAO,ETH,0x3c4008eca800ec1283e4cf500e68d06bfabc00a8,HAO.png
Minebase,MBASE,ETH,0x291aa47C58558aDfc2bCD6f060578FDAE1F6570C,MBASE.png
ELF Wallet,ELF,ETH,0x831be1970511c069ddedc452ffbbee55eeb70170,ELF.png
NightVerse Game,NVG,ETH,0x08f40811c7d6c013744166f3d4cb1a9a92d3d54e,NVG.png
Pepe Coin,PEPE,ETH,0xfe1ef2b469846d1832b25095ff51b004f090e0c6,PEPE.png
Ketaicoin,ETHEREUM,ETH,0xDC5E9445169C73Cf21e1da0B270e8433caC69959,ETHEREUM.png
FIDO,FIDO,ETH,0x6b985d38b1fc891bb57bff59573626b1896d4aa1,FIDO.png
DORK,DORK,ETH,0xae3359ed3c567482fb0102c584c23daa2693eacf,DORK.png
Onchain AI,OCAI,ETH,0x4309E88D1D511F3764Ee0F154cEE98d783B61f09,OCAI.png
Meow Meow Coin,MEOW,ETH,0x77be1ba1cd2d7a63bffc772d361168cc327dd8bc,MEOW.png
KAIJUNO8,KAIJU,ETH,0x4fE8d4775b7cB2546b9eE86182081CDF8f77B053,KAIJU.png
Joe Biden,BIDEN,ETH,0xc548e90589b166E1364DE744E6d35d8748996FE8,BIDEN.png
Tigra,TIGRA,ETH,0xbe8EFF45293598919c99D1cBE5297F2A6935BC64,TIGRA.png
The Infinite Garden,ETH,ETH,0x5e21d1ee5cf0077b314c381720273ae82378d613,ETH.png
Brainers,BRAINERS,ETH,0x5044d567F7B30891639d982A05726A6BFE8Bae6A,BRAINERS.png
RivusDAO,RIVUS,ETH,0x60e254E35Dd712394b3AbA7A1D19114732e143dD,RIVUS.png
Elon's Pet Fish ERIC,ERIC,ETH,0x16C22a91c705EC3C2d5945DBE2Aca37924F1D2ed,ERIC.png
BoostAI,$BOOST,ETH,0xa2ce8366603f3fffC460BeF0Fb90E980C9337967,$BOOST.png
Fresco,FRESCO,ETH,0xb9Eb6f357F040bE1d2a3d6B4bA750D1Ab8a4233C,FRESCO.png
Bulei,BULEI,ETH,0x069e4aa272d17d9625aa3b6f863c7ef6cfb96713,BULEI.png
B-money,BMONEY,ETH,0xf10da48d4aaa8d784c5e369cb998e263cfe32aa8,BMONEY.png
Gecky,GECKY,ETH,0x694200465963898a9Fef06a5b778d9e65721685c,GECKY.png
Brokie,BROKIE,ETH,0xbc5ca3c518c8a2930947661237b1b562e34f22b7,BROKIE.png
CoinFi,COFI,ETH,0x3136ef851592acf49ca4c825131e364170fa32b3,COFI.png
SPINDLE,SPD,ETH,0x1dEa979ae76f26071870F824088dA78979eb91C8,SPD.png
Mainframe,MFT,ETH,0xdf2c7238198ad8b389666574f2d8bc411a4b7428,MFT.png
CryptoFranc,XCHF,ETH,0xb4272071ecadd69d933adcd19ca99fe80664fc08,XCHF.png
Cryptyk Token,CTK,ETH,0x42a501903afaa1086b5975773375c80e363f4063,CTK.png
The Hustle App,HUSL,ETH,0x56be94d29e1125d2d61d06629c1b251d72c1b3b3,HUSL.png
TILWIKI,TLW,ETH,0x06f3cdabae564b0546529b4dd8fef1bcd4235753,TLW.png
Libfx,LIBFX,ETH,0xc0ea83113038987d974fe667831a36e442e661e7,LIBFX.png
Colibri Protocol,CLBR,ETH,0x47a60748de6dbd8dce3991adc5751ce0f32279dc,CLBR.png
Potentiam,PTM,ETH,0x7c32DB0645A259FaE61353c1f891151A2e7f8c1e,PTM.png
BambooDeFi,BAMBOO,ETH,0xf56842Af3B56Fd72d17cB103f92d027bBa912e89,BAMBOO.png
Alchemist,MIST,ETH,0x88acdd2a6425c3faae4bc9650fd7e27e0bebb7ab,MIST.png
Binance Smart Chain Girl,BSCGIRL,ETH,0x4E9A46EA6A22f3894aBEE2302Ad42fd3b69E21E2,BSCGIRL.png
Goldex Token,GLDX,ETH,0xC631120155621Ee625835ec810B9885cDd764cd6,GLDX.png
Continuum World,UM,ETH,0xb19dd661f076998e3b0456935092a233e12c2280,UM.png
Mainston,STON,ETH,0xdc47f2ba852669b178699449e50682d6ceaf8c07,STON.png
LunaChow,LUCHOW,ETH,0xa5ef74068d04ba0809b7379dd76af5ce34ab7c57,LUCHOW.png
Hundred Finance,HND,ETH,0x10010078a54396f62c96df8532dc2b4847d47ed3,HND.png
Somdejcoin,SOMDEJ,ETH,0x5a741d624214046F2820c2b6e67082c8849EBc9f,SOMDEJ.png
Telefy,TELE,ETH,0xF1e345Ea7c33fd6c05F5512a780Eb5839EE31674,TELE.png
MAIN,MAIN,ETH,0xfceb206e1a80527908521121358b5e26caabaa75,MAIN.png
BlueSparrow Token,BlueSparrow,ETH,0x24ccedebf841544c9e6a62af4e8c2fa6e5a46fde,BlueSparrow.png
Pre-retogeum,PRTG,ETH,0xBD04ccc050058a6A422851fA6c0F92BB65EB06ca,PRTG.png
DAYSTARTER,DST,ETH,0xe3a46b2bc1d83c731d58cab765d3b45bce789095,DST.png
Mineable,MNB,ETH,0x42b91f1d05afea671a2da3c780eda2abf0a2a366,MNB.png
Hermes DAO,HMX,ETH,0xb012be90957d70d9a070918027655f998c123a88,HMX.png
THX Network,THX,ETH,0xe632ea2ef2cfd8fc4a2731c76f99078aef6a4b31,THX.png
KEVIN,KEVIN,ETH,0x31555696dD1242B2AB67B9a53b6465c814502F2C,KEVIN.png
DegensTogether,DEGEN,ETH,0xbe92b510007bd3ec0adb3d1fca338dd631e98de7,DEGEN.png
Biaocoin,BIAO,ETH,0x00282FD551D03dC033256C4bf119532e8C735D8a,BIAO.png
Stable Coin,SBC,ETH,0xf9FB20B8E097904f0aB7d12e9DbeE88f2dcd0F16,SBC.png
Floor Cheese Burger,FLRBRG,ETH,0x9138c8779a0ac8a84d69617d5715bd8afa23c650,FLRBRG.png
Vault Tech,VAULT,ETH,0x7F9b09f4717072CF4DC18b95D1b09E2B30C76790,VAULT.png
Trump Shiba,TRUMPSHIBA,ETH,0xcb19633b629C5b7E316096FA465B4F86250DBB55,TRUMPSHIBA.png
Book of Pepe,BOPE,ETH,0x599955aa9fbc197a1b717d8da6a7012cafe70ab3,BOPE.png
Schrodinger,SGR,ETH,0x478156DeAbfAc918369044D52A6BdB5Cc5597994,SGR.png
MYSO Token,MYT,ETH,0x5fde99e121f3ac02e7d6acb081db1f89c1e93c17,MYT.png
Frog,FROG,ETH,0x0a2c375553e6965b42c135bb8b15a8914b08de0c,FROG.png
SheiShei,SHEI,ETH,0xb9d09bc374577dac1ab853de412a903408204ea8,SHEI.png
Mojo,MOJO,ETH,0x07DDaCf367f0d40bd68B4b80b4709A37BDC9F847,MOJO.png
Republican,REPUBLICAN,ETH,0x00380d12a12acf6f47481e8ca8be777931395200,REPUBLICAN.png
Ken,KEN,ETH,0x7316D973b0269863BbfeD87302e11334E25eA565,KEN.png
ELON TRUMP,ELONTRUMP,ETH,0x0255D663191e4D9bcD77ddeeab63F3Dd4dc5DD96,ELONTRUMP.png
FIGHT FOR THE PEOPLE,FFTP,ETH,0x02e79d42C3297Cd4154A1b52B4a3b27Cd75762F1,FFTP.png
Joker Pepe,JOPER,ETH,0x57a6dAdAf333582bcAafB95D04fCb9b6084Cf454,JOPER.png
Kermit,KERMIT,ETH,0x2E8F3eBC2Aacc6df50823DA82FC63b253a2272D1,KERMIT.png
XPAY,XPAY,ETH,0xd160fdad4b3cf8ff6ec5e1ec3343c6d21df19bc0,XPAY.png
neirowifhat,NWIF,ETH,0xb53f56aEe2807De9C98FD0E761dd079fA75e288a,NWIF.png
Hawk Tuah (overhere.tech),HAWK,ETH,0x05a89897A9d7F8A8C1f321e61e97ce239500fa70,HAWK.png
DALMATIAN,DALMATIAN,ETH,0x964cb40e1e45b06d34cb2f76991eb0c997a71e96,DALMATIAN.png
Cindicator,CND,ETH,0xd4c435f5b09f855c3317c8524cb1f586e42795fa,CND.png
Apple Network,ANK,ETH,0x3c45b24359fb0e107a4eaa56bd0f2ce66c99a0e5,ANK.png
USD Bancor,USDB,ETH,0x309627af60f0926daa6041b8279484312f2bf060,USDB.png
DXdao,DXD,ETH,0xa1d65e8fb6e87b60feccbc582f7f97804b725521,DXD.png
MDsquare,TMED,ETH,0xd32641191578ea9b208125ddd4ec5e7b84fcab4c,TMED.png
Satopay Network,STOP,ETH,0x8c3ee4f778e282b59d42d693a97b80b1ed80f4ee,STOP.png
POP Network Token,POP,ETH,0x5d858bcd53e085920620549214a8b27ce2f04670,POP.png
Zipmex,ZMT,ETH,0xaa602de53347579f86b996d2add74bb6f79462b2,ZMT.png
Cometh,MUST,ETH,0x9c78ee466d6cb57a4d01fd887d2b5dfb2d46288f,MUST.png
Paralink Network,PARA,ETH,0x3a8d5BC8A8948b68DfC0Ce9C14aC4150e083518c,PARA.png
TOZEX,TOZ,ETH,0x29239242A83479a4074Cb1c9e2A3e6705A4A4455,TOZ.png
Parallel,PAR,ETH,0x68037790A0229e9Ce6EaA8A99ea92964106C4703,PAR.png
Uhive,HVE2,ETH,0xd487892bb4c57edbe7ab401d9fe801c8fe6473f5,HVE2.png
CaliCoin,CALI,ETH,0xb8fa12f8409da31a4fc43d15c4c78c33d8213b9b,CALI.png
Bezoge Earth,BEZOGE,ETH,0xdc349913d53b446485e98b76800b6254f43df695,BEZOGE.png
METANOA,NOA,ETH,0x73474D0A549e32845F541e030C3d529de6ab8738,NOA.png
CoinWind,COW,ETH,0x34965f73Cfa05Bf8d8aF37cB4af64Fa950605Ea8,COW.png
TeraBlock,TBC,ETH,0x9798dF2f5d213a872c787bD03b2b91F54D0D04A1,TBC.png
reBaked,BAKED,ETH,0xa4cb0dce4849bdcad2d553e9e68644cf40e26cce,BAKED.png
Unreal Finance,UGT,ETH,0x9cf98eb8a8b28c83e8612046cf55701ce3eb0063,UGT.png
Decentral Games Governance (xDG),xDG,ETH,0x4f81c790581b240a5c948afd173620ecc8c71c8d,xDG.png
Multi-Chain Capital (new),MCC,ETH,0xc146b7cdbaff065090077151d391f4c96aa09e0c,MCC.png
GreenTek,GTE,ETH,0x8C7e3b5e720B7a9BBCF15c38Be5B657bB2B71dBa,GTE.png
TOR,TOR,ETH,0x6b37374fe7980ae33fc87b0d66a490ec6903e87a,TOR.png
Stronger,STRNGR,ETH,0xdc0327d50e6c73db2f8117760592c8bbf1cdcf38,STRNGR.png
BUILD,BUILD,ETH,0x57b59f981730c6257dF57cF6F0D98283749A9Eeb,BUILD.png
LakeViewMeta,LVM,ETH,0x5bb15141bb6def6d2bafeed8ff84bf889c0c573b,LVM.png
MAGIKAL.ai,MGKL,ETH,0x6a26ee7755d939b96cdcd8a0370630d48902fd7c,MGKL.png
Jaypeggers,JAY,ETH,0xda7c0810ce6f8329786160bb3d1734cf6661ca6e,JAY.png
$LAMBO,LAMBO,ETH,0x3d2b66bc4f9d6388bd2d97b95b565be1686aefb3,LAMBO.png
Capybara,CAPY,ETH,0xf03d5fc6e08de6ad886fca34abf9a59ef633b78a,CAPY.png
AppleSwap AI,AP,ETH,0xaB6B8392397e25F3C977c847dD8C0dDEFf98Ad62,AP.png
Raft,RAFT,ETH,0x4c5cb5d87709387f8821709f7a6664f00dcf0c93,RAFT.png
MicroPets,PETS,ETH,0x2466858ab5edAd0BB597FE9f008F568B00d25Fe3,PETS.png
YES,YES,ETH,0xfc10cd3895f2c66d6639ec33ae6360d6cfca7d6d,YES.png
Whirl,WHIRL,ETH,0xb7037457de15fed6cbecc0c62d5d610834b958ec,WHIRL.png
MFERS,MFERS,ETH,0xad913dcd987fe54ce823e4b755f90598cd62bb15,MFERS.png
ETH3.0,ETH 3.0,ETH,0xDf533D14A36fFf183109848663152A8c413cCC1c,ETH 3.0.png
Vatra INU,VATR,ETH,0x3d234A9d23F01c5556AD3dfA88F470f8982ab1b4,VATR.png
Popo,POPO,ETH,0x195be8ee12aa1591902c4232b5b25017a9cbbdea,POPO.png
Boost Trump Campaign,BTC,ETH,0x300e0d87f8c95d90cfe4b809baa3a6c90e83b850,BTC.png
krazy n.d.,KRAZY,ETH,0x187df9748016Da82578C83A61c3b3093ac6b8669,KRAZY.png
MoveMoveCoin,MMC,ETH,0x88ee7a3537667958d040216d9dc1752d1274d838,MMC.png
Make America Great Once Again,MAGOA,ETH,0x9f4aC5eA89B1623E35328904D7D61B08B55dAA50,MAGOA.png
Hemera,HEM,ETH,0xD0054b65B683Dbdd324B51F5F1F16AadEB99a74B,HEM.png
CATALORIAN (cataloriancat),CATALORIAN,ETH,0x07bf2cc7e965d061ec3a408980d89f3e322d33b8,CATALORIAN.png
Donald Trump,DJT,ETH,0xc234Cb1B59d12C0C2F0e984ee9112a6311B86223,DJT.png
Shiba San,SHIBADOG,ETH,0x2013C72c04D3071bE73f0af6eDC909F659656bda,SHIBADOG.png
WAGMICOIN,WAGMI,ETH,0x5f4ab80c2c7755d565371236f090597921d18ee5,WAGMI.png
SLIMER,SLIMER,ETH,0x928b2a1e6c5095e558454b795bcfd11b8f0791f0,SLIMER.png
SIRIN LABS Token,SRN,ETH,0x68d57c9a1c35f63e2c83ee8e49a64e9d70528d25,SRN.png
TokenClub,TCT,ETH,0x4824a7b64e3966b0133f4f4ffb1b9d6beb75fff7,TCT.png
Pundi X (Old),NPXS,ETH,0xa15c7ebe1f07caf6bff097d8a589fb8ac49ae5b3,NPXS.png
Amon,AMN,ETH,0x737f98ac8ca59f2c68ad658e3c3d8c8963e40a4c,AMN.png
Yobit Token,YO,ETH,0xebf4ca5319f406602eeff68da16261f1216011b5,YO.png
GoldeNugget,GNTO,ETH,0x7b3296198f8a548edf89bdb16864da8f37b7d9cb,GNTO.png
Skillchain,SKI,ETH,0x996dc5dfc819408dd98cd92c9a76f64b0738dc3d,SKI.png
Xank,XANK,ETH,0x0e7f79e89ba8c4a13431129fb2db0d4f444b5b9a,XANK.png
Bestay,BSY,ETH,0x7a647637e75d34a7798ba06bd1adf5c084bb5dd5,BSY.png
Anyswap,ANY,ETH,0xf99d58e463a2e07e5692127302c20a191861b4d6,ANY.png
Limestone Network,LIMEX,ETH,0x400b1d8a7dd8C471026B2c8CBe1062b27d120538,LIMEX.png
AGA Token,AGA,ETH,0x2d80f5f5328fdcb6eceb7cacf5dd8aedaec94e20,AGA.png
Aureus Nummus Gold,ANG,ETH,0x130914E1B240a7F4c5D460B7d3a2Fd3846b576fa,ANG.png
Camp,CAMP,ETH,0xE9E73E1aE76D17A16cC53E3e87a9a7dA78834d37,CAMP.png
Scaleswap,SCA,ETH,0x1FbD3dF007eB8A7477A1Eab2c63483dCc24EfFD6,SCA.png
HOKK Finance,HOKK,ETH,0xe87e15b9c7d989474cb6d8c56b3db4efad5b21e8,HOKK.png
SoMee.Social,SOMEE,ETH,0x65f9a292f1aeed5d755aa2fd2fb17ab2e9431447,SOMEE.png
Vendit,VNDT,ETH,0x5e9997684d061269564F94E5d11Ba6Ce6Fa9528C,VNDT.png
Cryptomeda,TECH,ETH,0x6286a9e6f7e745a6d884561d88f94542d6715698,TECH.png
TORG,TORG,ETH,0xcfa0885131f602d11d4da248d2c65a62063567a9,TORG.png
SokuSwap,SOKU,ETH,0x4c3a8eceb656ec63eae80a4ebd565e4887db6160,SOKU.png
Quidd,QUIDD,ETH,0xDA9FDAb21bC4A5811134A6E0Ba6CA06624e67c07,QUIDD.png
Catena,CMCX,ETH,0x5b685863494c33f344081f75e5430c260c224a32,CMCX.png
Hector Network,HEC,ETH,0x29b3d220f0f1E37b342Cf7c48c1164BF5bf79eFa,HEC.png
Flux,FLX,ETH,0x3ea8ea4237344c9931214796d9417af1a1180770,FLX.png
BetSwirl,BETS,ETH,0x94025780a1ab58868d9b2dbbb775f44b32e8e6e5,BETS.png
Xave Coin,XVC,ETH,0x4fABf135bCF8111671870d4399af739683198f96,XVC.png
Primate,PRIMATE,ETH,0x46e98FFE40E408bA6412bEb670507e083C8B95ff,PRIMATE.png
Generation,GEN,ETH,0x179b734D0291Fa9E3a4728C7c27866EE25CCC3e0,GEN.png
XREATORS,ORT,ETH,0x5c59a5B139B0538CB106D775a022caD98Dd14b5a,ORT.png
Open Proprietary Protocol,OPP,ETH,0xf51ccb15d3f2d304ae6c409303e8b3a3e397a80b,OPP.png
Metano,METANO,ETH,0x9D9e399e5385e2b9A58d4F775A1E16441b571afb,METANO.png
Ignore Fud,4TOKEN,ETH,0x8dB4beACcd1698892821a9a0Dc367792c0cB9940,4TOKEN.png
SWIM - Spread Wisdom,SWIM,ETH,0xAda756a0c650eADB38f0e06FB49c8062a7B402a4,SWIM.png
WEN Token,WEN,ETH,0x830a8512db4F6fCA51968593E2667156C2c483A8,WEN.png
Froggies Token,FRGST,ETH,0xcf6a03e353f0adb2c05992264835b4f03a371117,FRGST.png
Volta Club,VOLTA,ETH,0x9b06F3C5de42D4623D7A2Bd940EC735103c68A76,VOLTA.png
Shiba,SHIBA,ETH,0xfd1450a131599ff34f3be1775d8c8bf79e353d8c,SHIBA.png
Creso,CRE,ETH,0x41ea5d41eeacc2d5c4072260945118a13bb7ebce,CRE.png
Apu,APU,ETH,0x0b5a91a43cb798c45fd56bfb5d41c13c42a7afa8,APU.png
Wolf of Wall Street,WOLF,ETH,0x8365332d4baf69bc24ca2401b90c3853ab9f818e,WOLF.png
PairedWorld,$PAIRED,ETH,0xa7f3508cfcf054cc9cf1440580b78784e07382db,$PAIRED.png
Nutcash,NCASH,ETH,0xd105c45BCC7211F847Ae73B187A41b7D8184aDE2,NCASH.png
Satoshi Stablecoin,SATS,ETH,0x9d36f8f62347538440a212e9162f534f797542df,SATS.png
Fox,FOX,ETH,0x62e3b3c557c792c4a70765b3cdb5b56b1879f82d,FOX.png
DOGGY,DOGGY,ETH,0x09d92c109b475dd513292c76544b4e250da13faa,DOGGY.png
Dark Elon,DELON,ETH,0xc3dc991f2e0d39b3f3c4f8aaedb30f81207974c6,DELON.png
Department Of Government Efficiency (getdge.org),D.O.G.E.,ETH,0x0b6d588275bd85459Fadae832EFe860CC1F5d69E,D.O.G.E..png
CloudGPU,cGPU,ETH,0x49d1372124f9b018f32f13b81de6f4c83d89fcc3,cGPU.png
Goompy by Matt Furie,GOOMPY,ETH,0x42069f39C71816Cea208451598425b492Dd2B380,GOOMPY.png
Wings,WINGS,ETH,0x667088b212ce3d06a1b553a7221E1fD19000d9aF,WINGS.png
Swarm City,SWT,ETH,0xb9e7f8568e08d5659f5d29c4997173d84cdf2607,SWT.png
WeTrust,TRST,ETH,0xcb94be6f13a1182e4a4b6140cb7bf2025d28e41b,TRST.png
SpeedCash,SCS,ETH,0x81995ff7AEe5c780192b47e0B42a7a86692d1415,SCS.png
Lunyr,LUN,ETH,0xfa05A73FfE78ef8f1a739473e462c54bae6567D9,LUN.png
Monolith,TKN,ETH,0xaaaf91d9b90df800df4f55c205fd6989c977e73a,TKN.png
Polybius,PLBT,ETH,0x0affa06e7fbe5bc9a764c979aa66e8256a631f02,PLBT.png
InvestFeed,IFT,ETH,0x7654915a1b82d6d2d0afc37c52af556ea8983c7e,IFT.png
Primas,PST,ETH,0x5d4abc77b8405ad177d8ac6682d584ecbfd46cec,PST.png
Agrello,DLT,ETH,0x07e3c70653548B04f0A75970C1F81B4CBbFB606f,DLT.png
Hiveterminal Token,HVN,ETH,0xC0Eb85285d83217CD7c891702bcbC0FC401E2D9D,HVN.png
Indorse Token,IND,ETH,0xf8e386eda857484f5a12e4b5daa9984e06e73705,IND.png
VIBE,VIBE,ETH,0xe8ff5c9c75deb346acac493c463c8950be03dfba,VIBE.png
Substratum,SUB,ETH,0x8D75959f1E61EC2571aa72798237101F084DE63a,SUB.png
Rivetz,RVT,ETH,0x3d1ba9be9f66b8ee101911bc36d3fb562eac2244,RVT.png
Blue Protocol,BLUE,ETH,0x539efe69bcdd21a83efd9122571a64cc25e0282b,BLUE.png
iEthereum,IETH,ETH,0x859a9c0b44cb7066d956a958b0b82e54c9e44b4b,IETH.png
ATLANT,ATL,ETH,0x78b7fada55a64dd895d8c8c35779dd8b67fa8a05,ATL.png
Upfiring,UFR,ETH,0xea097a2b1db00627b2fa17460ad260c016016977,UFR.png
Privatix,PRIX,ETH,0x3adfc4999f77d04c8341bac5f3a76f58dff5b37a,PRIX.png
EncrypGen,DNA,ETH,0xef6344de1fcfC5F48c30234C16c1389e8CdC572C,DNA.png
BlockCDN,BCDN,ETH,0x1e797Ce986C3CFF4472F7D38d5C4aba55DfEFE40,BCDN.png
Worldcore,WRC,ETH,0x72adadb447784dd7ab1f472467750fc485e4cb2d,WRC.png
Bread,BRD,ETH,0x558ec3152e2eb2174905cd19aea4e34a23de9ad6,BRD.png
Bibox Token,BIX,ETH,0x009c43b42aefac590c719e971020575974122803,BIX.png
Transcodium,TNS,ETH,0xb0280743b44bf7db4b6be482b2ba7b75e5da096c,TNS.png
PumaPay,PMA,ETH,0x846c66cf71c43f80403b51fe3906b3599d63336f,PMA.png
Micromines,MICRO,ETH,0xbe6c8f2810ef39420d2dc2901b8414c8c45fee6d,MICRO.png
Epanus,EPS,ETH,0x50ec35d1e18d439f02fa895746fc3e1bef311780,EPS.png
Crypto Accept,ACPT,ETH,0xcAd2d4C4469fF09aB24d02A63BCeDfCD44bE0645,ACPT.png
Giftedhands [Old],GHD,ETH,0x3b544e6fcf6c8dce9d8b45a4fdf21c9b02f9fda9,GHD.png
ANSWER Governance,AGOV,ETH,0xd1420AF453Fd7bf940573431D416cAcE7fF8280c,AGOV.png
Grom,GR,ETH,0xcE593a29905951E8Fc579bC092ecA72577dA575c,GR.png
Community Business Token,CBT,ETH,0xfA93660C3f6a848556Bb8E265f994160A1F2B289,CBT.png
Daisy Launch Pad,DAISY,ETH,0x40955d77f87123b71b145098358a60573ac7be96,DAISY.png
Memecoin,MEM,ETH,0x42dbbd5ae373fea2fc320f62d44c058522bb3758,MEM.png
Crosschain IOTX,CIOTX,ETH,0x9F90B457Dea25eF802E38D470ddA7343691D8FE1,CIOTX.png
Mission Helios,HELIOS,ETH,0xc6d1f1d5a46de07e73091f1c8793293b203f01a1,HELIOS.png
Pollchain,POLL,ETH,0x4b0f027d0b694aae2761ed2d426295d4f949f5d0,POLL.png
Umi Digital,UMI,ETH,0x61107a409fffe1965126aa456af679719695c69c,UMI.png
WePiggy Coin,WPC,ETH,0x6F620EC89B8479e97A6985792d0c64F237566746,WPC.png
ArbiSmart,RBIS,ETH,0xf34b1db61aca1a371fe97bad2606c9f534fb9d7d,RBIS.png
Maxity,MAX,ETH,0x63f7b1b538a78cb699e5399621b3d2e047c40de4,MAX.png
L3USD,L3USD,ETH,0x2c2d8a078b33bf7782a16acce2c5ba6653a90d5f,L3USD.png
Interport Token,ITP,ETH,0x2b1d36f5b61addaf7da7ebbd11b35fd8cfb0de31,ITP.png
GalleryCoin,GLR,ETH,0xd54619E0b9899D74Cc9B981354Eb6b59732c43B1,GLR.png
Chat AI,AI,ETH,0xa89bf95c5f15a847c8eb8d348cd7fed719ad7d80,AI.png
Pepe Original Version,POV,ETH,0x15a3081B541e8daD25C4A5E0C4C4B4E8d105b2E8,POV.png
Gambex,GBE,ETH,0x176BC22E1855Cd5cf5A840081C6c5b92b55E2210,GBE.png
Cat Life,CATLIFE,ETH,0x555a29d0e0e00d573a63fb11dc37b61a9da52f86,CATLIFE.png
Neumark,NEU,ETH,0xa823e6722006afe99e91c30ff5295052fe6b8e32,NEU.png
United Traders Token,UTT,ETH,0x16f812be7fff02caf662b85d5d58a5da6572d4df,UTT.png
EchoLink,EKO,ETH,0x1cf3e03f7360288dd01d0a9cfab266cfcdb3e0c1,EKO.png
ArbitrageCT,ARCT,ETH,0x1245ef80f4d9e02ed9425375e8f649b9221b31d8,ARCT.png
Scry.info,DDD,ETH,0x9F5F3CFD7a32700C93F971637407ff17b91c7342,DDD.png
AidCoin,AID,ETH,0x37e8789bb9996cac9156cd5f5fd32599e6b91289,AID.png
LinkEye,LET,ETH,0xfa3118b34522580c35ae27f6cf52da1dbb756288,LET.png
CPChain,CPC,ETH,0xfae4ee59cdd86e3be9e8b90b53aa866327d7c090,CPC.png
DMarket,DMT,ETH,0x2ccbff3a042c68716ed2a2cb0c544a9f1d1935e1,DMT.png
Neurotoken,NTK,ETH,0x69beab403438253f13b6e92db91f7fb849258263,NTK.png
StarterCoin,STAC,ETH,0x9a005c9a89bd72a4bd27721e7a09a3c11d2b03c4,STAC.png
BlitzPick,XBP,ETH,0x28dee01d53fed0edf5f6e310bf8ef9311513ae40,XBP.png
MyToken,MT,ETH,0x9b4e2b4b13d125238aa0480dd42b4f6fc71b37cc,MT.png
Datarius Credit,DTRC,ETH,0xc20464e0c373486d2b3335576e83a218b1618a5e,DTRC.png
Digitex,DGTX,ETH,0xc666081073e8dff8d3d1c2292a29ae1a2153ec09,DGTX.png
Seele-N,SEELE,ETH,0xb1e93236ab6073fdac58ada5564897177d4bcc43,SEELE.png
Karatgold Coin,KBC,ETH,0xf3586684107ce0859c44aa2b2e0fb8cd8731a15a,KBC.png
PKG Token,PKG,ETH,0x02f2d4a04e6e01ace88bd2cd632875543b2ef577,PKG.png
ShowHand,HAND,ETH,0x48c1b2f3efa85fbafb2ab951bf4ba860a08cdbb7,HAND.png
DPRating,RATING,ETH,0xe8663a64a96169ff4d95b4299e7ae9a76b905b31,RATING.png
DAV Coin,DAV,ETH,0xd82df0abd3f51425eb15ef7580fda55727875f14,DAV.png
ABCC Token,AT,ETH,0xbf8fb919a8bbf28e590852aef2d284494ebc0657,AT.png
Fire Lotto,FLOT,ETH,0x049399a6b048d52971f7d122ae21a1532722285f,FLOT.png
MobilinkToken,MOLK,ETH,0x97cb5cc1b2e10cc56dc16ab9179f06dfedbe41a2,MOLK.png
Buggyra Coin Zero,BCZERO,ETH,0xd45247c07379d94904e0a87b4481f0a1ddfa0c64,BCZERO.png
MODEL-X-coin,MODX,ETH,0x3c6Da7763cAA0e4b684BbC733f04a8EC08Af3762,MODX.png
Cajutel,CAJ,ETH,0x3c6a7ab47b5f058be0e7c7fe1a4b7925b8aca40e,CAJ.png
The Currency Analytics,TCAT,ETH,0xaff84e86d72edb971341a6a66eb2da209446fa14,TCAT.png
DOS Network,DOS,ETH,0x0A913beaD80F321E7Ac35285Ee10d9d922659cB7,DOS.png
12Ships,TSHP,ETH,0x525794473f7ab5715c81d06d10f52d11cc052804,TSHP.png
D Community,DILI,ETH,0x37f74e99794853777a10ea1dc08a64c86958f06a,DILI.png
FinexboxToken,FNB,ETH,0xe6d2c3cb986db66818c14c7032db05d1d2a6ee74,FNB.png
SymVerse,SYM,ETH,0x79b4D12Fa63A8d1202b26c5Ba6d62136A4A09dDa,SYM.png
Bitcoin Pro,BTCP,ETH,0x723cbfc05e2cfcc71d3d89e770d32801a5eef5ab,BTCP.png
FLEX,FLEX,ETH,0xfcf8eda095e37a41e002e266daad7efc1579bc0a,FLEX.png
CoinLoan,CLT,ETH,0x2001f2a0cf801ecfda622f6c28fb6e10d803d969,CLT.png
Jack Token,JACK,ETH,0x4e12eb8e506ccd1427f6b8f7faa3e88fb698eb28,JACK.png
VARC,VARC,ETH,0x3f694635ab69b1b5e7f001de26892cc63ba94bad,VARC.png
STPAY,STP,ETH,0x5c250ff9b993c6991cc4a3cc543716e53b478018,STP.png
CoinZoom,ZOOM,ETH,0x69cf3091c91eb72db05e45c76e58225177dea742,ZOOM.png
DeFiPie,PIE,ETH,0x607C794cDa77efB21F8848B7910ecf27451Ae842,PIE.png
LinkCoin Token,LKN,ETH,0x9f549ebfd4974cd4ed4a1550d40394b44a7382aa,LKN.png
Banque Universal,CBU,ETH,0xcef46305d096fa876dd23048bf80f9345282e3fc,CBU.png
JBOX,JBX,ETH,0x884e3902c4d5cfa86de4ace7a96aa91ebc25c0ff,JBX.png
Upper Euro,EURU,ETH,0x6c139349ee94ebaaff55ed52d382673c263b22d6,EURU.png
Upper Pound,GBPU,ETH,0x27ed129c298c5df130364083f491e2920e5a2f29,GBPU.png
Upper Dollar,USDU,ETH,0x41a03e41ef555392c9f0ad60f4f61e263078bf10,USDU.png
Reflex,RFX,ETH,0x159A1dFAe19057de57dFfFcbB3DA1aE784678965,RFX.png
Behodler,EYE,ETH,0x155ff1A85F440EE0A382eA949f24CE4E0b751c65,EYE.png
Mars Network,MARS,ETH,0xedd8da5c20eb014e550008df3304213dde5e29f0,MARS.png
DefiDollar DAO,DFD,ETH,0x20c36f062a31865bED8a5B1e512D9a1A20AA333A,DFD.png
Libartysharetoken,LST,ETH,0x355376d6471e09a4ffca8790f50da625630c5270,LST.png
Basis Share,BAS,ETH,0x106538CC16F938776c7c180186975BCA23875287,BAS.png
Unicap.finance,UCAP,ETH,0xbaA70614C7AAfB568a93E62a98D55696bcc85DFE,UCAP.png
Alpha5,A5T,ETH,0xe8272210954ea85de6d2ae739806ab593b5d9c51,A5T.png
Unit Protocol Duck,DUCK,ETH,0x92e187a03b6cd19cb6af293ba17f2745fd2357d5,DUCK.png
Hub - Human Trust Protocol,HUB,ETH,0xba358b6f5b4c0215650444b8c30d870b55050d2d,HUB.png
Unique One,RARE,ETH,0x93dfaf57d986b9ca77df9376c50878e013d9c7c8,RARE.png
Mithril Share,MIS,ETH,0x4b4d2e899658fb59b1d518b68fe836b100ee8958,MIS.png
pBTC35A,pBTC35A,ETH,0xA8b12Cc90AbF65191532a12bb5394A714A46d358,pBTC35A.png
Mandala Exchange Token,MDX,ETH,0x947AEb02304391f8fbE5B25D7D98D649b57b1788,MDX.png
BT.Finance,BT,ETH,0x76c5449f4950f6338a393f53cda8b53b0cd3ca3a,BT.png
Ballswap,BSP,ETH,0xe51b8ab09008285a0380dd2680cd9dd5e13924d3,BSP.png
Advertise Coin,ADCO,ETH,0xb6c3dc857845a713d3531cea5ac546f6767992f4,ADCO.png
BSCStarter,START,ETH,0x1d7Ca62F6Af49ec66f6680b8606E634E55Ef22C1,START.png
ImpulseVen,VEN,ETH,0xe14e06671702f0db50055388c29adc66821d933b,VEN.png
Stater,STR,ETH,0x84bb947fcedba6b9c7dcead42df07e113bb03007,STR.png
Delta,DELTA,ETH,0x9ea3b5b4ec044b70375236a281986106457b20ef,DELTA.png
AMMYI Coin,AMI,ETH,0x72c14bC8e28f18e91a2E9551802d3fB2CB80E712,AMI.png
DAOhaus,HAUS,ETH,0xf2051511b9b121394fa75b8f7d4e7424337af687,HAUS.png
Stone DeFi,STN,ETH,0xe63d6b308bce0f6193aec6b7e6eba005f41e36ab,STN.png
MobiFi,MoFi,ETH,0xb2dbf14d0b47ed3ba02bdb7c954e05a72deb7544,MoFi.png
XFai,XFIT,ETH,0x4aa41bC1649C9C3177eD16CaaA11482295fC7441,XFIT.png
BeforeCoinMarketCap,BCMC1,ETH,0xd5e2a54fef5f9e4a6b21ec646bbed7a160a00f18,BCMC1.png
Lever Token,LEV,ETH,0xbc194e6f748a222754c3e8b9946922c09e7d4e91,LEV.png
dFund,DFND,ETH,0xd2adc1c84443ad06f0017adca346bd9b6fc52cab,DFND.png
GogolCoin,GOL,ETH,0x083d41d6dd21ee938f0c055ca4fb12268df0efac,GOL.png
Upfire,UPR,ETH,0xf720e38f678b29b243f7d53b56acbf5de98f2385,UPR.png
Sensitrust,SETS,ETH,0x04E0Af0af1b7f0023c6B12af5a94Df59B0e8cF59,SETS.png
Spherium,SPHRI,ETH,0x8a0cdfab62ed35b836dc0633482798421c81b3ec,SPHRI.png
American Shiba,USHIBA,ETH,0xb893a8049f250b57efa8c62d51527a22404d7c9a,USHIBA.png
Manifold Finance,FOLD,ETH,0xd084944d3c05CD115C09d072B9F44bA3E0E45921,FOLD.png
KleeKai,KLEE,ETH,0xa67e9f021b9d208f7e3365b2a155e3c55b27de71,KLEE.png
NFT STARS,NFTS,ETH,0x08037036451c768465369431da5c671ad9b37dbc,NFTS.png
Xiglute Coin,XGC,ETH,0x89d3c0249307Ae570A316030764D12f53BB191FD,XGC.png
CoinsPaid,CPD,ETH,0x9b31bb425d8263fa1b8b9d090b83cf0c31665355,CPD.png
Ryoshis Vision,RYOSHI,ETH,0x777E2ae845272a2F540ebf6a3D03734A5a8f618e,RYOSHI.png
Crypto Carbon Energy,CYCE,ETH,0x9681ee0d91e737c3b60aceba7fbdae61b5462f42,CYCE.png
Moonie NFT,MNY,ETH,0xA6F7645ed967FAF708A614a2fcA8D4790138586f,MNY.png
Hibiki Finance,HIBIKI,ETH,0xA693032e8cfDB8115c6E72B60Ae77a1A592fe4bD,HIBIKI.png
Raid Token,RAID,ETH,0x154e35c2b0024b3e079c5c5e4fc31c979c189ccb,RAID.png
Dope Wars Paper,PAPER,ETH,0x7ae1d57b58fa6411f32948314badd83583ee0e8c,PAPER.png
Structure finance,STF,ETH,0x1f4cb968b76931c494ff92ed80ccb169ad641cb1,STF.png
Matrix Labs,MATRIX,ETH,0xc8d3dcb63c38607cb0c9d3f55e8ecce628a01c36,MATRIX.png
NFTmall,GEM,ETH,0x9b17bAADf0f21F03e35249e0e59723F34994F806,GEM.png
IjasCoin,IJC,ETH,0xc7ff1e126cc81e816915ff48c940ed9d4e6d05d6,IJC.png
Swapr,SWPR,ETH,0x6cacdb97e3fc8136805a9e7c342d866ab77d0957,SWPR.png
Lightcoin,LHC,ETH,0x320d31183100280ccdf69366cd56180ea442a3e8,LHC.png
NFTY Token,NFTY,ETH,0xE1D7C7a4596B038CEd2A84bF65B8647271C53208,NFTY.png
Poken,PKN,ETH,0xdf09a216fac5adc3e640db418c0b956076509503,PKN.png
DAOSquare,RICE,ETH,0xbd9908b0cdd50386f92efcc8e1d71766c2782df0,RICE.png
Universal Basic Income,UBI,ETH,0xdd1ad9a21ce722c151a836373babe42c868ce9a4,UBI.png
Riot Racers,RIOT,ETH,0xf56408077487cb879c992909c5b5c66d68c02eb4,RIOT.png
Asia Pacific Electronic Coin,APECOIN,ETH,0x1E7fDe66aCC959fE02FBE7F830d6dcf4567cfd40,APECOIN.png
RBX,RBX,ETH,0x8254e26e453eb5abd29b3c37ac9e8da32e5d3299,RBX.png
ChilliSwap,CHLI,ETH,0x12b54baA8FFcFd6679CcF1AE618ca3006cFcc2aC,CHLI.png
MAGA Coin,MAGA,ETH,0xc9b6A17EbB43491635F603A01f8Bb3e4B5D22228,MAGA.png
Upper Swiss Franc,CHFU,ETH,0x430e705c7a90d380e9c2d9da4f547d221d6e88cb,CHFU.png
KEYS,KEYS,ETH,0xe0a189C975e4928222978A74517442239a0b86ff,KEYS.png
XIDR,XIDR,ETH,0xebF2096E01455108bAdCbAF86cE30b6e5A72aa52,XIDR.png
Firulais,FIRU,ETH,0xe276056f924e15beac26f7b10b6d2805f9c64bb5,FIRU.png
Decentralized Eternal Virtual Traveller,DEVT,ETH,0xB5c578947de0fd71303F71F2C3d41767438bD0de,DEVT.png
SORA Synthetic USD,XSTUSD,ETH,0xc7d9c108d4e1dd1484d3e2568d7f74bfd763d356,XSTUSD.png
Empower,MPWR,ETH,0x6731827Cb6879a2091ce3ab3423f7bf20539b579,MPWR.png
Marvin Inu,MARVIN,ETH,0x55a380d134d722006a5ce2d510562e1239d225b1,MARVIN.png
VCGamers,VCG,ETH,0x1F36FB2D91d9951Cf58aE4c1956C0b77e224F1E9,VCG.png
Dream,DREAM,ETH,0xb44377B74Ef1773639B663d0754cB8410A847d02,DREAM.png
BTC Proxy,BTCPX,ETH,0x9c32185b81766a051e08de671207b34466dd1021,BTCPX.png
Travel Care,TRAVEL,ETH,0x826e5Ec70DbC5607fF9218011FBb97F9a8D97953,TRAVEL.png
BB Gaming,BB,ETH,0x688eC465111ed639267cB17C47E790c9cc7279c1,BB.png
LYFE GOLD,LGOLD,ETH,0x27778E14Ce36d3B85e1efFeB43816a17bBB7088A,LGOLD.png
Hera Finance,HERA,ETH,0xA2c2C937333165d4c5f2dC5f31a43E1239FeCfeB,HERA.png
Tom Coin,TMC,ETH,0xd3977576465f05dbaee49cc25c65cb54c740976a,TMC.png
VIKTAMA,VIK,ETH,0xa791dbc054ece11bf241ecb8602a4dd9bfe7710c,VIK.png
Kyuubi,$KYUB,ETH,0xEE3D92710d912450FBF066D6f55a57Ae0F81129d,$KYUB.png
Stone,0NE,ETH,0x73a83269b9bbafc427e76be0a2c1a1db2a26f4c2,0NE.png
Universal Store of Value,USV,ETH,0x88536C9B2C4701b8dB824e6A16829D5B5Eb84440,USV.png
OmniaVerse,OMNIA,ETH,0xeFCd10A0aAf6825edD8418d298Ac607b6b39EeF8,OMNIA.png
USD Freedom,USDF,ETH,0x963035453633f6f7433032c958F82Eb3043D8cD2,USDF.png
Inu.,INU,ETH,0x050d94685c6b0477e1fc555888af6e2bb8dfbda5,INU.png
Aura BAL,AURABAL,ETH,0x616e8bfa43f920657b3497dbf40d6b1a02d4608d,AURABAL.png
D-Drops,DOP,ETH,0x2a7CAd775fd9C5c43f996A948660fFc21b4e628c,DOP.png
KumaDex Token,dKUMA,ETH,0x3f5dd1A1538a4F9f82E543098f01F22480B0A3a8,dKUMA.png
DRAC Network,DRAC,ETH,0xc8a34e86c187830922f841985e376f412ee0088a,DRAC.png
STEED,STD,ETH,0xBd4B2DD8FBceCb2af5904Ff5f218037B0f693275,STD.png
GigaSwap,GIGA,ETH,0x83249c6794bca5a77eb8c0af9f1a86e055459cea,GIGA.png
Coin98 Dollar,CUSD,ETH,0xC285B7E09A4584D027E5BC36571785B515898246,CUSD.png
JPGold Coin,JPGC,ETH,0x5891599664Ed15C6e88041B4F5bc08594f026f0e,JPGC.png
UwU Lend,UWU,ETH,0x55c08ca52497e2f1534b59e2917bf524d4765257,UWU.png
Beauty Bakery Linked Operation Transaction Technology,LOTT,ETH,0xba93ef534094f8b7001ece2691168140965341ab,LOTT.png
Ushi,USHI,ETH,0x6Dca182ac5E3f99985bC4Ee0f726d6472aB1ec55,USHI.png
ZudgeZury,ZZC,ETH,0x51A673e060E1ea091B23B53d192058fFE0F2D6b6,ZZC.png
Fable Of The Dragon,TYRANT,ETH,0x8ee325ae3e54e83956ef2d5952d3c8bc1fa6ec27,TYRANT.png
SILK,SILK,ETH,0xb045f7f363fe4949954811b113bd56d208c67b23,SILK.png
Upload Token,UPLOAD,ETH,0xD3cC3b3e226cF187181C57F8bcC2fA84250DF651,UPLOAD.png
Shibnobi(New),SHINJA,ETH,0x7DAc25b1A665e1c70F25F1fC37d88C99274984ed,SHINJA.png
TURBOCHAIN,TBC,ETH,0x440f52c497a0f5163259e16d3d95a533b99be961,TBC.png
LYFE,LYFE,ETH,0xd87de4cCef2c2FE651bc4d130cb1A365248f21fA,LYFE.png
Future AI,FUTURE-AI,ETH,0x0FF534801E98A4976246D1f418E441783fc9aa15,FUTURE-AI.png
Neuroni AI,NEURONI,ETH,0x922e2708462c7a3d014d8344f7c4d92b27ecf332,NEURONI.png
tehBag,BAG,ETH,0x235C8EE913d93c68D2902a8e0b5a643755705726,BAG.png
Generaitiv,GAI,ETH,0x0d8ca4b20b115d4da5c13dc45dd582a5de3e78bf,GAI.png
Liquid Staking Derivatives,LSD,ETH,0x97d4f49eeb0e2c96d5ebaa71ab8418e563ecd9fd,LSD.png
Doke Inu,DOKE,ETH,0x517abf1fcdbd76bc75b532683ada9113e313a128,DOKE.png
Musk Dao,MUSK,ETH,0x719e7f0daDFdeA25B78595da944F44d15d7E6795,MUSK.png
Mazuri GameFi,MZR,ETH,0xa98A8a74AA8d6F41f9E498a084548C4db63c8F01,MZR.png
Aidi Finance (new),AIDI,ETH,0xe3e24b4ea87935e15bbe99a24e9ace9998e4614d,AIDI.png
Hobbes,HOBBES,ETH,0xB475332D25d34b59176F5c1D94cb9Bc9B5E3954A,HOBBES.png
HairDAO,HAIR,ETH,0x9Ce115f0341ae5daBC8B477b74E83db2018A6f42,HAIR.png
Meeds,MEED,ETH,0x8503a7b00b4b52692cc6c14e5b96f142e30547b7,MEED.png
Agility LSD,AGI,ETH,0x5F18ea482ad5cc6BC65803817C99f477043DcE85,AGI.png
Crypto SDG,SDG,ETH,0x0F5dEF84CED3e9e295DAe28df96d0B846dE92C1A,SDG.png
Love Hate Inu,LHINU,ETH,0xcedefe438860d2789da6419b3a19cece2a41038d,LHINU.png
Cope,COPE,ETH,0xD8E163967FED76806Df0097B704bA721B9b37656,COPE.png
Feels Good Man,FGM,ETH,0x1f19D846D99a0E75581913B64510fE0e18BBc31F,FGM.png
Pepe Girl,PEPEG,ETH,0x8BCbef61ACd66537362f38167F11875134FfcD63,PEPEG.png
RUGAME,RUG,ETH,0xDD782657af86492771BdB369CaEB8c246bE362f5,RUG.png
Shrek ERC,SHREK,ETH,0x7463C17E3d91B17d9cD0b1E9fDFA18d4DdC3cF0E,SHREK.png
Smol Su,SU,ETH,0x064797Ac7f833D01FaeeAe0E69F3aF5a52a91fC8,SU.png
Smudge Lord,SMUDGE,ETH,0x516e2758b044433371076a48127b8cfa7b0bdb43,SMUDGE.png
NFTEarthOFT,NFTE,ETH,0x8c223a82e07fecb49d602150d7c2b3a4c9630310,NFTE.png
NGMI Coin,NGMI,ETH,0x759445ded88f2eb44d27e079025597af741e5301,NGMI.png
GMFAM,GMFAM,ETH,0xe9da5e227e3fa4fc933b5f540be021e7ecc3fd81,GMFAM.png
Rage,RAGE,ETH,0x699060b76f0269c19171b4e193c0a792fa25cad7,RAGE.png
Rin Tin Tin,RIN,ETH,0x3fd00038bfd3eb22f51118468c9d43c1eb7210f3,RIN.png
CHOW CHOW,CHOW,ETH,0x3E362038fD3d08887d498944D489aF7909619a9B,CHOW.png
Fat Cat Killer,KUSDC,ETH,0x2ffdfe146994670ee6668e2d8473c85d06a6c6ba,KUSDC.png
Chainback,ARCHIVE,ETH,0xc7f950271d118a5bdf250dffc39128dcced8472c,ARCHIVE.png
IMVU,VCORE,ETH,0x733B5056a0697e7a4357305FE452999a0C409feb,VCORE.png
President Donald Trump,DON,ETH,0xfa46b726733559c3CBf27A54435A579Db91cd7bf,DON.png
Reddit,REDDIT,ETH,0x86eab36585eddb7a949a0b4771ba733d942a8aa7,REDDIT.png
L,$L,ETH,0xf8C76dbeA329Ec4Fa987AFC514f805b21b249D79,$L.png
SaitaBit,SAITABIT,ETH,0x927402ab67c0cda3c187e9dfe34554ac581441f2,SAITABIT.png
Crypto Villains,CV,ETH,0x07919dd08bffe164c06e34edaea5e59f224a4e86,CV.png
Iclick inu,ICLICK,ETH,0xC819617f360f6347D222f260E9F4987cA1d0f879,ICLICK.png
Peepa,PEEPA,ETH,0x88417754Ff7062c10F4E3A4AB7E9F9D9cbDa6023,PEEPA.png
Luna 2.0,LUNA2.0,ETH,0xe9931386eA917bC6Fa5cB0A499bAdc91e1F7e2AD,LUNA2.0.png
Hoppy,HOPPY,ETH,0x8C130499D33097D4D000D3332E1672f75b431543,HOPPY.png
YOUWHO,YOU,ETH,0xb92ba0a6a843379499770de82aa936d6ba0fd8ca,YOU.png
Landwolf (ETH),WOLF,ETH,0xf6afc05fccea5a53f22a3e39ffee861e016bd9a0,WOLF.png
TiUSD,TIUSD,ETH,0x6eff556748ee452cbdaf31bcb8c76a28651509bd,TIUSD.png
Alpha Gardeners,AG,ETH,0xcc8e21f599995d1c8367054841b8af5024ddf01b,AG.png
LINQ,LINQ,ETH,0x3e34eabF5858a126cb583107E643080cEE20cA64,LINQ.png
Blocktools,TOOLS,ETH,0xc14B4d4CA66f40F352d7a50fd230EF8b2Fb3b8d4,TOOLS.png
CoinBot,COINBT,ETH,0x6fa5e1c43b5a466cbd1cae7993b67c982400d481,COINBT.png
DogeBonk,DOBO,ETH,0x73C6A7491d0dB90Bdb0060308CDE0F49dfD1D0B0,DOBO.png
Dejitaru Hoshi,HOSHI,ETH,0x5362ca75aa3c0e714bc628296640c43dc5cb9ed6,HOSHI.png
Block Browser,BLOCK,ETH,0x226d6d842d49b4d757bef1632053a198d5d9c8aa,BLOCK.png
On-Chain Dynamics,OCD,ETH,0x017e9db34fc69af0dc7c7b4b33511226971cddc7,OCD.png
ETH 2.0,ETH 2.0,ETH,0xfbe6f37d3db3fc939f665cfe21238c11a5447831,ETH 2.0.png
Mumu the Bull (ERC),BULL,ETH,0x9b7331c6e98bad1dc8f096ff3d98c93b3b9b1173,BULL.png
GBURN,GBURN,ETH,0x4eea762311be76f9071aa01058c047ad12a017a1,GBURN.png
DogeBoy,DOGB,ETH,0xb0f92f94d02A4d634FD394c1889Fe3cAb1FCffc7,DOGB.png
MetaZooMee,MZM,ETH,0x61b57bdc01e3072fab3e9e2f3c7b88d482734e05,MZM.png
EI Risitas,KEK,ETH,0xc0200B1c6598a996a339196259fFdC30C1f44339,KEK.png
Nova DAO,NOVA,ETH,0x82967568A57625675b260Ebab1294038C9ACcC6e,NOVA.png
VaultCraft,VCX,ETH,0xcE246eEa10988C495B4A90a905Ee9237a0f91543,VCX.png
BDID,BDID,ETH,0x5016878159e84daDB05bB04135F3eAc339ae201f,BDID.png
CODEX,CODEX,ETH,0xfd26e39807772251c3bb90fb1fcd9ce5b80c5c24,CODEX.png
Perro Dinero,JOTCHUA,ETH,0x808C16ACe7404777FE24a6777a9Cb2335Aa82451,JOTCHUA.png
Douglas Adams,HHGTTG,ETH,0xee3c722d177559f73288cec91fa3e4bbfd8c27fc,HHGTTG.png
Agnus Ai,AGN,ETH,0x550775e17ed6767621A1aEd580e6EB29EdE981E9,AGN.png
Fideum,FI,ETH,0x1294f4183763743c7c9519Bec51773fb3aCD78FD,FI.png
Invest Club Global,ICG,ETH,0x9F9643209dCCe8D7399D7BF932354768069Ebc64,ICG.png
Lacostoken,LCSN,ETH,0xc47b0443f8608943c596168504BB6D4a062E0edc,LCSN.png
Restake Finance,RSTK,ETH,0x12eF10A4fc6e1Ea44B4ca9508760fF51c647BB71,RSTK.png
xRealm.ai,XRLM,ETH,0xaca8b01f8e7f0251a235b7b143f999988fdcefac,XRLM.png
SPYRO,SPYRO,ETH,0x6d7497751656618fc38cfb5478994a20f7e235df,SPYRO.png
REAKTOR,RKR,ETH,0xb970E14Df2161c0A2f32EBA35901f2446581b482,RKR.png
SmartMoney,SMRT,ETH,0xddcc69879e1d2376ce799051afa98c689f234cca,SMRT.png
PaladinAI,PALAI,ETH,0x3Cb48AeB3D1abaDc23d2D8a6894B3A68338381C2,PALAI.png
NodeSynapse,NS,ETH,0x30672AE2680c319ec1028B69670A4a786baA0f35,NS.png
LittleMami,LMC,ETH,0x8983cf891867942d06ad6ceb9b9002de860e202d,LMC.png
Criminal Flamingo,CRIMINGO,ETH,0xedaa2fa0fd153b78efde805b0a46225bb95e3ca1,CRIMINGO.png
WoofOracle,WFO,ETH,0x97d2fc7d16bc34121c3311f2e2e05d298c19956f,WFO.png
SORA AI,SORAI,ETH,0x21E60DB1A07F0A9f688D321fD7682C6FfF734E47,SORAI.png
Grow,GROW,ETH,0x1223334444A7466fBf985B14E1F4EdAf3883bCa6,GROW.png
Dongo AI,DONGO,ETH,0x8c213ae332274e6314bf4cf989604e7f61162967,DONGO.png
zkHive,ZKHIVE,ETH,0x750c3a0a0ce9984eeb8c5d146dff024b584e5e33,ZKHIVE.png
PROPHET,PROPHT,ETH,0x0138f5e99cfdffbacf36e543800c19ef16fa294b,PROPHT.png
Artificial Idiot,AII,ETH,0x3c0BB14e8367c384885a97bAc6d5CcEab474ED75,AII.png
Apollo FTW,FTW,ETH,0xbc188b5dbb155b6ea693d46d98bf60b8482939b9,FTW.png
Value Interlocking exchange,VIC,ETH,0xe5868c9b16786C7DdB0d12c642b5221540583093,VIC.png
Voidz,VDZ,ETH,0x93c5a00b41FB5f3906b421b2399Ac64b79fdBD42,VDZ.png
ZEDXION,ZEDX,ETH,0x469b7AEbA4fbFca20eFC563C49d0c74445179D59,ZEDX.png
ByteAI,BYTE,ETH,0x9c2b4b0da5ebd20c29ef20758064554a55a88b68,BYTE.png
MindVerse,MVERSE,ETH,0xf67366e83cc9B115Ef8cCA93baeD1f03E6d3ca9A,MVERSE.png
Shill Guard Token,SGT,ETH,0xa0e7626287bd02cbe3531c65148261bf0c0ed98b,SGT.png
Blockdefend AI,DEFEND,ETH,0x9511ff502f982643935a39206f98a6c18d4527cf,DEFEND.png
Diment Dollar,DD,ETH,0x71b3a0566f4BF80331D115D8026a7022bF670cCe,DD.png
MeromAI,AIMR,ETH,0xcfd16933Cb1579eee9fe6031686534e87353B148,AIMR.png
SYLVESTER,SYLVE,ETH,0xE0337B8835D9887e8B1294CEcBbDBcff7b299f41,SYLVE.png
Predict Crypto,PREAI,ETH,0xabD0E3535EcFBf6959b1798220335faf1B7ADA3a,PREAI.png
Arky,ARKY,ETH,0x9727eaf447203be268e5D471b6503Bf47A71eA72,ARKY.png
ZELDA 2.0,ZLDA,ETH,0xB9Fa1E2c1F1199784a3e398E23e611dDA3A581cb,ZLDA.png
Zydio AI,ZDAI,ETH,0x8B683C400457ef31F3c27c90ACB6AB69304D1B77,ZDAI.png
Chatter Shield [New],SHIELD,ETH,0x46c0f8259c4e4d50320124e52f3040cb9e4d04c7,SHIELD.png
Patton,PATTON,ETH,0x2a961d752eaa791cbff05991e4613290aec0d9ac,PATTON.png
BNDR,SWIPES,ETH,0x4cb1e6c430bb4b874869fd6049ed07ae975b02f1,SWIPES.png
Non Human Intelligence,NHI,ETH,0x1bef0d587dde09d4cee9b13d4d38b5bec57a1397,NHI.png
Blockwise,WISE,ETH,0xDbD9F5E65314ABf3E4C12745861209C330B3B78a,WISE.png
Big Mike,BIGMIKE,ETH,0x1929761e87667283f087ea9ab8370c174681b4e9,BIGMIKE.png
NEVER SURRENDER,TRUMP,ETH,0x86b69f38bea3e02f68ff88534bc61ec60e772b19,TRUMP.png
SMIDGE,SMIDGE,ETH,0xEA3665e272f14052442E433fb0059424D16Cc6c7,SMIDGE.png
Marv,MARV,ETH,0x3BB1BE077f3F96722AE92ec985aB37Fd0a0c4C51,MARV.png
Fofar (fofar0x71.com),FOFAR,ETH,0x716BB5E0839451068885250442A5B8377F582933,FOFAR.png
INSPAD,INSP,ETH,0xd37ae8c16449e7ef858652e02555c51d2572552b,INSP.png
TrumpMAGA,$TRUMAGA,ETH,0x328Ea6e5Ba4cc4B58799F2AEC3d8BA839f4314Ba,$TRUMAGA.png
APU GURL,APUGURL,ETH,0x069f01cdd1e32d7bab5fc81527df191835136c9d,APUGURL.png
MollarsToken,MOLLARS,ETH,0x385d65ed9241e415cfc689c3e0bcf5ab2f0505c2,MOLLARS.png
Starbot,STAR,ETH,0x6953f27dB0701E22616e701DbA91acC2E4B6DecA,STAR.png
MAGA,TRUMP,ETH,0xB3a3606EA55Fe45e6635b221592674F5DbdA3292,TRUMP.png
Spurdo Spärde,SPURDO,ETH,0xd3999188ff689b99d8097a4876f61e70b22f7881,SPURDO.png
ICE LAND,ICELAND,ETH,0x420fbb6006fb251318414ffa530590c3d7618e33,ICELAND.png
Long Dragon,LD,ETH,0x5A4a3c69a746fC24880e3225762FeA93b765BF3D,LD.png
Kermit (ETH),KERMIT,ETH,0x9909e6b9B8c05636617763E5bB78c75E0EC45A85,KERMIT.png
White Yorkshire,WSH,ETH,0x12996C7B23c4012149bf9F5663FF9Aa08A9cF2E4,WSH.png
Baby Andy,BABYANDY,ETH,0x68baBe7B48A0353976cb4064542F7D8b6fDCdB94,BABYANDY.png
Matt Furie,FURIE,ETH,0x652c0E3d583A43C6230eb2a8e9C9634e0deD7765,FURIE.png
Mogutou,MOGU,ETH,0x3256CaDE5f8Cb1256AC2bd1E2D854Dec6d667bdF,MOGU.png
Super Trump,STRUMP,ETH,0x53288aa471511FB0de8bfe17923F8ECA64607a54,STRUMP.png
Zeus,ZEUS,ETH,0x7137e8a3b069C3F787c4fFbb901b91E4bA47d082,ZEUS.png
ETHEREUMPLUS,ETP,ETH,0xA14BC69975C4cf365B57cD3C81Ea98F67631dcb7,ETP.png
Pickle,PICKLE,ETH,0x6942016B8DE9d18a5831EEda915e48B27Cc8E23D,PICKLE.png
Big Bud,BUD,ETH,0x420b879b0d18cc182E7E82AD16a13877C3A88420,BUD.png
AgoraHub,AGA,ETH,0x87B46212e805A3998B7e8077E9019c90759Ea88C,AGA.png
Kernel,KERN,ETH,0xd7fc610f6595b3aa6e24466b5ca166d10a0fbdcb,KERN.png
American Shib,SHIBA,ETH,0xeb15a54e462e1ec239c09f1e6aa322b45c8da225,SHIBA.png
Dwarfy,$DWARFY,ETH,0x214549b0317564De15770561221433fB3E8c995c,$DWARFY.png
Towelie,TOWELI,ETH,0x420698cfdeddea6bc78d59bc17798113ad278f9d,TOWELI.png
LaunchR,LCR,ETH,0xbA00357FD9348Da1aDBaE9B2867B6B596EbA4F24,LCR.png
Crabby,CRAB,ETH,0x6096b8765Eb48cd2193F840a977f3727e7800356,CRAB.png
Book Of Matt Furie,BOM,ETH,0x0C4651a40A0390C081979ce1Ffd0755558aA87D9,BOM.png
Gnomy,GNOMY,ETH,0x6439221D2b06a4CDf38F52A55294Ddc28e1Bed08,GNOMY.png
Young Peezy,PEEZY,ETH,0x69EE720C120EC7c9C52A625C04414459B3185f23,PEEZY.png
Pendy,PENDY,ETH,0x69f137147025c63b7b523eefcc2cf587b9c19269,PENDY.png
Bitcoin Black Credit Card,BBCC,ETH,0xbbcc7c16d56fc3b0c0a9a2ced36c74bcf73e683e,BBCC.png
Bullish Trump Coin,BTC,ETH,0x43FD9De06bb69aD771556E171f960A91c42D2955,BTC.png
Degen Trump,DTRUMP,ETH,0xAAf2d31132d8094C9cAfb523cf601CACF2734126,DTRUMP.png
Book of Donald Trump,BOD,ETH,0x9128770751A6D810a1F63752570257a775606dE6,BOD.png
Rare Pepe,RARE,ETH,0x42069cc15F5BEfb510430d22Ff1c9A1b3ae22CfE,RARE.png
FWOG (ETH),FWOG,ETH,0x7f911119435d8ded9f018194b4b6661331379a3d,FWOG.png
Ito-chan,ITO,ETH,0x8Bcda22D51785A5540129feb90D47cb279826478,ITO.png
SHOG,SHOG,ETH,0xc8388e437031b09b2c61fc4277469091382a1b13,SHOG.png
Save America,USA,ETH,0x8e94cbfc24d32b14d23c87071f156e56781b8ee8,USA.png
KABOSU,KABOSU,ETH,0x180000dDA70Eb7fB7f3E10e52e88ce88f46E3b3a,KABOSU.png
Batonex Token,BTX,ETH,0xedD8d60BD6D5bC69B97995C071C721C4d2DeD737,BTX.png
Tsutsuji,TSUJI,ETH,0x52E6654AEe5d59E13aE30B48F8F5dBeb97F708Cd,TSUJI.png
POPO,POPO,ETH,0x69D0981FADffD225B93936d7436A412fA9821652,POPO.png
Baby PeiPei (babypeipeicoin.com),BABYPEIPEI,ETH,0x3fbabe48e137c9ef4f8cb517a4762add7e6242ae,BABYPEIPEI.png
WETH,WETH,ETH,0xc02aaa39b223fe8d0a0e5c4f27ead9083c756cc2,WETH.png
Wrapped Bitcoin,WBTC,ETH,0x2260fac5e5542a773aa44fbcfedf7c193bc2c599,WBTC.png
Lido Staked ETH,stETH,ETH,0xae7ab96520de3a18e5e111b5eaab095312d7fe84,stETH.png
Lido wstETH,WSTETH,ETH,0x7f39c581f595b53c5cb19bd0b3f8da6c935e2ca0,WSTETH.png
Wrapped Beacon ETH,WBETH,ETH,0xa2E3356610840701BDf5611a53974510Ae27E2e1,WBETH.png
Wrapped eETH,weETH,ETH,0xCd5fE23C85820F7B72D0926FC9b05b43E359b7ee,weETH.png
Kelp DAO Restaked ETH,RSETH,ETH,0xA1290d69c65A6Fe4DF752f95823fae25cB99e5A7,RSETH.png
Ethena Staked USDe,sUSDe,ETH,0x9d39a5de30e57443bff2a8307a4256c8797a3497,sUSDe.png
Coinbase Wrapped BTC,CBBTC,ETH,0xcbB7C0000aB88B473b1f5aFd9ef808440eed33Bf,CBBTC.png
USDS,USDS,ETH,0xdC035D45d973E3EC169d2276DDab16f1e407384F,USDS.png
RUNEVM,RUNEVM,ETH,0x72d4BC91FbD9b257EaE62a5758288D9797c9a76a,RUNEVM.png
ELON MARS,ELONMARS,ETH,0x47293Fe9dE5546A2D3Fc44F52a1C383075cDcd62,ELONMARS.png
Kaga No Fuuka Go Sapporo Kagasou,ESTEE,ETH,0x8bd35250918eD056304fA8641E083bE2c42308BB,ESTEE.png
Changpeng Zhao (cz.wtf),CZ,ETH,0x4444a0634b0829e0a38F59FE2cf2d5eB07748563,CZ.png
Neirocoin (neirocoin.club),NEIRO,ETH,0xd0630a2d243503591c84277342BaFf84854b14F8,NEIRO.png
THREE ARROWZ CAPITEL,3AC,ETH,0x2de1218c31a04e1040fc5501b89e3a58793b3ddf,3AC.png
Gilo,GLO,ETH,0x5a7157c30629Ce1792F2E445e2fE6B7C96Bb01e6,GLO.png
SolvBTC,SolvBTC,ETH,0x7a56e1c57c7475ccf742a1832b028f0456652f97,SolvBTC.png
GM,GM,ETH,0x89C1DA46D692D09814a88a27270D0DCa21e4734d,GM.png
Cheeseball the Wizard,CHEESEBALL,ETH,0x103143acf2e717acf8f021823e86a1dbfe944fb5,CHEESEBALL.png
Eartherium,EATH,ETH,0x02dcf420fe0bc0b3e02425f781a9f61ce0264b5b,EATH.png
Mock Capital,MOCK,ETH,0xF1Eccd41cCE1f4BEb8c5Ca87dE7949816Ce05A45,MOCK.png
JoyCat Coin,JOYCAT,ETH,0xaaee85310ea1c7136eb1aa436f2a6a963be6e617,JOYCAT.png
Chinese Neiro,NEINEI,ETH,0xF9F3c901ccD97e0A9456849333094e7Bf8543F58,NEINEI.png
Labubu,LABUBU,ETH,0x168168Db04dEF453b7e8BfaFf1E0102a3e810485,LABUBU.png
Bog Coin,BOG,ETH,0x11a7c8c9e9d5fc47134c305c59cebfcd1a4a9943,BOG.png
YOUNG PEEZY,PEEZY,ETH,0xb843cE5F8c8A3D0D72e089194f5d9F9df0dF74E5,PEEZY.png
Bellscoin ETH,BELLS,ETH,0xBa2A3Dad197D6fee75471215eFD5C30c8C854e11,BELLS.png
TAOTools,TAOTOOLS,ETH,0x01043bf843b88e1182b1db27bdcc93999aa74c56,TAOTOOLS.png
Sentra,STRA,ETH,0x93181f0625329fc0F5C35d1670cEB541867aCc65,STRA.png
Goatseus Maximus (ETH),GOAT,ETH,0x847f6695874fe9d2abB6fE8Bf56D809BBF1e83DA,GOAT.png
Lombard Staked BTC,LBTC,ETH,0x8236a87084f8b84306f72007f36f2618a5634494,LBTC.png
THE TICKER IS,ETH,ETH,0xC94729d93cB660BB346ce0084393015F99810919,ETH.png
Wolf Skull,SKULL,ETH,0x70eF0Df8B656403fc8c632C52661f19fc9934471,SKULL.png
Make Ethereum Great Again,MEGA,ETH,0x67DE8414DB712c1c21F23ba611785cfCb94b8135,MEGA.png
CPX50,CPX,ETH,0x73bb9070a89875f1a7592c626461dba332c08a4c,CPX.png
Joma,JOMA,ETH,0x038480645079e61b2852c04e1465da01928a6a20,JOMA.png
rats (Ethereum),RATS,ETH,0x8e18141efd10C3Df7a33B4D53f608E10Dc4D4fE3,RATS.png
Microsoft 6900,MSFT,ETH,0x69000e11c86b4F61dBeFd7DBcffD1C53fCD506e4,MSFT.png
Data Trade Token,DTT,ETH,0x93b170d1cba63a22f97ac7aaf014077ffe74b0bb,DTT.png
Gnome Child,GNOME,ETH,0x698e222aaa7082bdaE18CB4722BC5aEbB31C2002,GNOME.png
Run3scape,GOBLIN,ETH,0x0a18f1c2E10f9A0aF2328652bCD2eCE0207664B2,GOBLIN.png
TREND,TREND,ETH,0x42fa14d6e4642b3789d8b0272534a41d415663a9,TREND.png
Terra Ecosystem,TERRA,ETH,0x09f9e239801d2086b5e4a0232540faa1b3b9e1e7,TERRA.png
Paul Atkins,SEC CHAIR,ETH,0x741B30DfAE4c9bC0f3cfbc9465c25846918b1aCc,SEC CHAIR.png
[Fake] (ETH - pudgypenguin.xyz),PENGU,ETH,0x3D39e1F320D0468A8BAFFe77262A3f675F5B3F63,PENGU.png
Magic Eden Ether,ME,ETH,0x4F4f09831180F416890D857123506680B59263Bb,ME.png
DeBox Cloud,DEBOX,ETH,0x603437AD3627DCf5a85a3792686b31dc4FaC53b7,DEBOX.png
Options AI,$OPTION,ETH,0xb67cf01958b1a06c330f5a46501fe1fb2ec82aaa,$OPTION.png
StarShip,SSHIP,ETH,0x68a82c8a65e2e02e217f9baaf304c8d565f7fb59,SSHIP.png
tBTC,TBTC,ETH,0x8daebade922df735c38c80c7ebd708af50815faa,TBTC.png
renBTC,RENBTC,ETH,0xeb4c2781e4eba804ce9a9803c67d0893436bb27d,RENBTC.png
Wrapped NXM,WNXM,ETH,0x0d438f3b5175bebc262bf23753c1e53d03432bde,WNXM.png
Wrapped BNB,WBNB,ETH,0x418D75f65a02b3D53B2418FB8E1fe493759c7605,WBNB.png
Ankr Staked ETH,ankrETH,ETH,0xe95a203b1a91a908f9b9ce46459d101078c2c3cb,ankrETH.png
Wrapped Fantom,WFTM,ETH,0x4e15361fd6b4bb609fa63c81a2be19d873717870,WFTM.png
Wrapped Centrifuge,WCFG,ETH,0xc221b7e65ffc80de234bbb6667abdd46593d34f0,WCFG.png
Wrapped LUNA Classic,WLUNC,ETH,0xd2877702675e6ceb975b4a1dff9fb7baf4c91ea9,WLUNC.png
Marinade Staked SOL,MSOL,ETH,0x756bFb452cFE36A5Bc82e4F5f4261A89a18c242b,MSOL.png
Rocket Pool ETH,RETH,ETH,0xae78736cd615f374d3085123a210448e74fc6393,RETH.png
Wrapped Solana,SOL,ETH,0xD31a59c85aE9D8edEFeC411D448f90841571b89c,SOL.png
sETH2,SETH2,ETH,0xFe2e637202056d30016725477c5da089Ab0A043A,SETH2.png
Wrapped Ampleforth,WAMPL,ETH,0xedb171c18ce90b633db442f2a6f72874093b49ef,WAMPL.png
Lido Staked Matic,stMATIC,ETH,0x9ee91F9f426fA633d227f7a9b000E28b9dfd8599,stMATIC.png
Wrapped Alvey Chain,WALV,ETH,0x256D1fCE1b1221e8398f65F9B36033CE50B2D497,WALV.png
Coinbase Wrapped Staked ETH,cbETH,ETH,0xbe9895146f7af43049ca1c1ae358b0541ea49704,cbETH.png
Wrapped CANTO,WCANTO,ETH,0x56c03b8c4fa80ba37f5a7b60caaaef749bb5b220,WCANTO.png
Wrapped Venom,WVENOM,ETH,0x46f84dc6564cdd93922f7bfb88b03d35308d87c9,WVENOM.png
Frax Staked Ether,SFRXETH,ETH,0xac3E018457B222d93114458476f3E3416Abbe38F,SFRXETH.png
Wrapped Minima,WMINIMA,ETH,0x669c01CAF0eDcaD7c2b8Dc771474aD937A7CA4AF,WMINIMA.png
Wrapped TAO,WTAO,ETH,0x77E06c9eCCf2E797fd462A92B6D7642EF85b0A44,WTAO.png
Liquid Staked ETH,LSETH,ETH,0x8c1bed5b9a0928467c9b1341da1d7bd5e10b6549,LSETH.png
Wrapped Origin Ether,WOETH,ETH,0xDcEe70654261AF21C44c093C300eD3Bb97b78192,WOETH.png
crvUSD,CRVUSD,ETH,0xf939e0a03fb07f59a73314e73794be0e57ac1b4e,CRVUSD.png
swETH,SWETH,ETH,0xf951E335afb289353dc249e82926178EaC7DEd78,SWETH.png
tBTC,TBTC,ETH,0x18084fba666a33d37592fa2633fd49a74dd93a88,TBTC.png
Wrapped Kaspa,WKAS,ETH,0x112b08621E27e10773ec95d250604a041f36C582,WKAS.png
Stader ETHx,ETHX,ETH,0xA35b1B31Ce002FBF2058D22F30f95D405200A15b,ETHX.png
Wrapped POKT,WPOKT,ETH,0x67f4c72a50f8df6487720261e188f2abe83f57d7,WPOKT.png
StakeWise Staked ETH,osETH,ETH,0xf1C9acDc66974dFB6dEcB12aA385b9cD01190E38,osETH.png
ether.fi Staked ETH,EETH,ETH,0x35fA164735182de50811E8e2E824cFb9B6118ac2,EETH.png
Mantle Staked Ether,METH,ETH,0xd5F7838F5C461fefF7FE49ea5ebaF7728bB0ADfa,METH.png
pufETH,PUFETH,ETH,0xD9A442856C234a39a81a089C06451EBAa4306a72,PUFETH.png
Renzo Restaked ETH,EZETH,ETH,0xbf5495Efe5DB9ce00f80364C8B423567e58d2110,EZETH.png
Restaked Swell Ethereum,RSWETH,ETH,0xFAe103DC9cf190eD75350761e95403b7b8aFa6c0,RSWETH.png
Eigenpie mstETH,MSTETH,ETH,0x49446a0874197839d15395b908328a74ccc96bc0,MSTETH.png
Crypto.com Staked ETH,CDCETH,ETH,0xfe18ae03741a5b84e39c295ac9c856ed7991c38e,CDCETH.png
BounceBit BTC,BBTC,ETH,0xF5e11df1ebCf78b6b6D26E04FF19cD786a1e81dC,BBTC.png
Axelar Wrapped Frax Eth,AXLFRXETH,ETH,0xEcc68d0451E20292406967Fe7C04280E5238Ac7D,AXLFRXETH.png
pumpBTC,PUMPBTC,ETH,0xf469fbd2abcd6b9de8e169d128226c0fc90a012e,PUMPBTC.png
pzETH,PZETH,ETH,0x8c9532a60E0E7C6BbD2B2c1303F63aCE1c3E9811,PZETH.png
Ignition,FBTC,ETH,0xC96dE26018A54D51c097160568752c4E3BD6C364,FBTC.png
SolvBTC.BBN,SolvBTC.BBN,ETH,0xd9d920aa40f578ab794426f5c90f6c731d159def,SolvBTC.BBN.png
Restaked EIGEN,EZEIGEN,ETH,0xd4fcde9bb1d746Dd7e5463b01Dd819EE06aF25db,EZEIGEN.png
King Protocol,KING,ETH,0x8F08B70456eb22f6109F57b8fafE862ED28E6040,KING.png
ether.fi Staked BTC,EBTC,ETH,0x657e8C867D8B37dCC18fA4Caead9C45EB088C642,EBTC.png
Mantle Restaked Ether,CMETH,ETH,0xE6829d9a7eE3040e1276Fa75293Bde931859e8fA,CMETH.png
Savings crvUSD,SCRVUSD,ETH,0x0655977FEb2f289A4aB78af67BAB0d17aAb84367,SCRVUSD.png
Wrapped QUIL,WQUIL,ETH,0x8143182a775c54578c8b7b3ef77982498866945d,WQUIL.png
YieldFi yToken,YUSD,ETH,0x1CE7D9942ff78c328A4181b9F3826fEE6D845A97,YUSD.png
pTokens BTC,pBTC,ETH,0x62199B909FB8B8cf870f97BEf2cE6783493c4908,pBTC.png
Ankr Staked MATIC,ankrMATIC,ETH,0x26dcFbFa8Bc267b250432c01C982Eaf81cC5480C,ankrMATIC.png
Wrapped Accumulate,WACME,ETH,0xDF4Ef6EE483953fE3B84ABd08C6A060445c01170,WACME.png
Wrapped Dogecoin,WDOGE,ETH,0x8aa9381b2544b48c26f3b850F6e07E2c5161EB3e,WDOGE.png
ynETH MAX,ynETHx,ETH,0x657d9aba1dbb59e53f9f3ecaa878447dcfc96dcb,ynETHx.png
Staked USD0,USD0++,ETH,0x35D8949372D46B7a3D5A56006AE77B215fc69bC0,USD0++.png
Merlin Chain (M-BTC),M-BTC,ETH,0x2F913C820ed3bEb3a67391a6eFF64E70c4B20b19,M-BTC.png
