2025-08-22 17:01:25 - xrp_service - DEBUG - Logger initialized for xrp_service at level DEBUG
2025-08-22 17:01:25 - xrp_service - WARNING - XRP_NODE_URL environment variable is not set. Using default XRP node: https://s1.ripple.com:51234
2025-08-22 17:01:25 - xrp_service - INFO - XRP client initialization skipped - using Tatum API only
2025-08-22 17:01:25 - xrp_service - INFO - Tatum helper initialized for XRP service
2025-08-22 17:01:25 - xrp_service - WARNING - XRP_NODE_URL environment variable is not set. Using default XRP node: https://s1.ripple.com:51234
2025-08-22 17:01:25 - xrp_service - INFO - XRP client initialization skipped - using Tatum API only
2025-08-22 17:01:25 - xrp_service - INFO - Tatum helper initialized for XRP service
2025-08-22 17:01:25 - xrp_service - DEBUG - Logger initialized for xrp_service at level DEBUG
2025-08-22 17:01:25 - xrp_service - WARNING - XRP_NODE_URL environment variable is not set. Using default XRP node: https://s1.ripple.com:51234
2025-08-22 17:01:25 - xrp_service - INFO - XRP client initialization skipped - using Tatum API only
2025-08-22 17:01:25 - xrp_service - INFO - Tatum helper initialized for XRP service
2025-08-22 17:01:25 - xrp_service - WARNING - XRP_NODE_URL environment variable is not set. Using default XRP node: https://s1.ripple.com:51234
2025-08-22 17:01:25 - xrp_service - INFO - XRP client initialization skipped - using Tatum API only
2025-08-22 17:01:25 - xrp_service - INFO - Tatum helper initialized for XRP service
2025-08-22 17:01:25 - xrp_service - DEBUG - Logger initialized for xrp_service at level DEBUG
2025-08-22 17:01:25 - xrp_service - WARNING - XRP_NODE_URL environment variable is not set. Using default XRP node: https://s1.ripple.com:51234
2025-08-22 17:01:25 - xrp_service - INFO - XRP client initialization skipped - using Tatum API only
2025-08-22 17:01:25 - xrp_service - INFO - Tatum helper initialized for XRP service
2025-08-22 17:01:25 - xrp_service - WARNING - XRP_NODE_URL environment variable is not set. Using default XRP node: https://s1.ripple.com:51234
2025-08-22 17:01:25 - xrp_service - INFO - XRP client initialization skipped - using Tatum API only
2025-08-22 17:01:25 - xrp_service - INFO - Tatum helper initialized for XRP service
2025-08-22 17:02:14 - xrp_service - DEBUG - Logger initialized for xrp_service at level DEBUG
2025-08-22 17:02:14 - xrp_service - WARNING - XRP_NODE_URL environment variable is not set. Using default XRP node: https://s1.ripple.com:51234
2025-08-22 17:02:14 - xrp_service - INFO - XRP client initialization skipped - using Tatum API only
2025-08-22 17:02:14 - xrp_service - INFO - Tatum helper initialized for XRP service
2025-08-22 17:02:14 - xrp_service - WARNING - XRP_NODE_URL environment variable is not set. Using default XRP node: https://s1.ripple.com:51234
2025-08-22 17:02:14 - xrp_service - INFO - XRP client initialization skipped - using Tatum API only
2025-08-22 17:02:14 - xrp_service - INFO - Tatum helper initialized for XRP service
2025-08-22 17:02:14 - xrp_service - DEBUG - Logger initialized for xrp_service at level DEBUG
2025-08-22 17:02:14 - xrp_service - WARNING - XRP_NODE_URL environment variable is not set. Using default XRP node: https://s1.ripple.com:51234
2025-08-22 17:02:14 - xrp_service - INFO - XRP client initialization skipped - using Tatum API only
2025-08-22 17:02:14 - xrp_service - INFO - Tatum helper initialized for XRP service
2025-08-22 17:02:14 - xrp_service - WARNING - XRP_NODE_URL environment variable is not set. Using default XRP node: https://s1.ripple.com:51234
2025-08-22 17:02:14 - xrp_service - INFO - XRP client initialization skipped - using Tatum API only
2025-08-22 17:02:14 - xrp_service - INFO - Tatum helper initialized for XRP service
2025-08-22 17:02:14 - xrp_service - DEBUG - Logger initialized for xrp_service at level DEBUG
2025-08-22 17:02:14 - xrp_service - WARNING - XRP_NODE_URL environment variable is not set. Using default XRP node: https://s1.ripple.com:51234
2025-08-22 17:02:14 - xrp_service - INFO - XRP client initialization skipped - using Tatum API only
2025-08-22 17:02:14 - xrp_service - INFO - Tatum helper initialized for XRP service
2025-08-22 17:02:14 - xrp_service - WARNING - XRP_NODE_URL environment variable is not set. Using default XRP node: https://s1.ripple.com:51234
2025-08-22 17:02:14 - xrp_service - INFO - XRP client initialization skipped - using Tatum API only
2025-08-22 17:02:14 - xrp_service - INFO - Tatum helper initialized for XRP service
2025-08-22 17:02:54 - xrp_service - DEBUG - Logger initialized for xrp_service at level DEBUG
2025-08-22 17:02:54 - xrp_service - WARNING - XRP_NODE_URL environment variable is not set. Using default XRP node: https://s1.ripple.com:51234
2025-08-22 17:02:54 - xrp_service - INFO - XRP client initialization skipped - using Tatum API only
2025-08-22 17:02:54 - xrp_service - INFO - Tatum helper initialized for XRP service
2025-08-22 17:02:54 - xrp_service - WARNING - XRP_NODE_URL environment variable is not set. Using default XRP node: https://s1.ripple.com:51234
2025-08-22 17:02:54 - xrp_service - INFO - XRP client initialization skipped - using Tatum API only
2025-08-22 17:02:54 - xrp_service - INFO - Tatum helper initialized for XRP service
2025-08-22 17:02:55 - xrp_service - DEBUG - Logger initialized for xrp_service at level DEBUG
2025-08-22 17:02:55 - xrp_service - WARNING - XRP_NODE_URL environment variable is not set. Using default XRP node: https://s1.ripple.com:51234
2025-08-22 17:02:55 - xrp_service - INFO - XRP client initialization skipped - using Tatum API only
2025-08-22 17:02:55 - xrp_service - INFO - Tatum helper initialized for XRP service
2025-08-22 17:02:55 - xrp_service - WARNING - XRP_NODE_URL environment variable is not set. Using default XRP node: https://s1.ripple.com:51234
2025-08-22 17:02:55 - xrp_service - INFO - XRP client initialization skipped - using Tatum API only
2025-08-22 17:02:55 - xrp_service - INFO - Tatum helper initialized for XRP service
2025-08-22 17:02:55 - xrp_service - DEBUG - Logger initialized for xrp_service at level DEBUG
2025-08-22 17:02:55 - xrp_service - WARNING - XRP_NODE_URL environment variable is not set. Using default XRP node: https://s1.ripple.com:51234
2025-08-22 17:02:55 - xrp_service - INFO - XRP client initialization skipped - using Tatum API only
2025-08-22 17:02:55 - xrp_service - INFO - Tatum helper initialized for XRP service
2025-08-22 17:02:55 - xrp_service - WARNING - XRP_NODE_URL environment variable is not set. Using default XRP node: https://s1.ripple.com:51234
2025-08-22 17:02:55 - xrp_service - INFO - XRP client initialization skipped - using Tatum API only
2025-08-22 17:02:55 - xrp_service - INFO - Tatum helper initialized for XRP service
2025-08-22 17:03:08 - xrp_service - DEBUG - Logger initialized for xrp_service at level DEBUG
2025-08-22 17:03:08 - xrp_service - WARNING - XRP_NODE_URL environment variable is not set. Using default XRP node: https://s1.ripple.com:51234
2025-08-22 17:03:08 - xrp_service - INFO - XRP client initialization skipped - using Tatum API only
2025-08-22 17:03:08 - xrp_service - INFO - Tatum helper initialized for XRP service
2025-08-22 17:03:08 - xrp_service - WARNING - XRP_NODE_URL environment variable is not set. Using default XRP node: https://s1.ripple.com:51234
2025-08-22 17:03:08 - xrp_service - INFO - XRP client initialization skipped - using Tatum API only
2025-08-22 17:03:08 - xrp_service - INFO - Tatum helper initialized for XRP service
2025-08-22 17:03:08 - xrp_service - DEBUG - Logger initialized for xrp_service at level DEBUG
2025-08-22 17:03:08 - xrp_service - WARNING - XRP_NODE_URL environment variable is not set. Using default XRP node: https://s1.ripple.com:51234
2025-08-22 17:03:08 - xrp_service - INFO - XRP client initialization skipped - using Tatum API only
2025-08-22 17:03:08 - xrp_service - INFO - Tatum helper initialized for XRP service
2025-08-22 17:03:08 - xrp_service - WARNING - XRP_NODE_URL environment variable is not set. Using default XRP node: https://s1.ripple.com:51234
2025-08-22 17:03:08 - xrp_service - INFO - XRP client initialization skipped - using Tatum API only
2025-08-22 17:03:08 - xrp_service - INFO - Tatum helper initialized for XRP service
2025-08-22 17:03:08 - xrp_service - DEBUG - Logger initialized for xrp_service at level DEBUG
2025-08-22 17:03:08 - xrp_service - WARNING - XRP_NODE_URL environment variable is not set. Using default XRP node: https://s1.ripple.com:51234
2025-08-22 17:03:08 - xrp_service - INFO - XRP client initialization skipped - using Tatum API only
2025-08-22 17:03:08 - xrp_service - INFO - Tatum helper initialized for XRP service
2025-08-22 17:03:08 - xrp_service - WARNING - XRP_NODE_URL environment variable is not set. Using default XRP node: https://s1.ripple.com:51234
2025-08-22 17:03:08 - xrp_service - INFO - XRP client initialization skipped - using Tatum API only
2025-08-22 17:03:08 - xrp_service - INFO - Tatum helper initialized for XRP service
2025-08-22 17:03:32 - xrp_service - DEBUG - Logger initialized for xrp_service at level DEBUG
2025-08-22 17:03:32 - xrp_service - WARNING - XRP_NODE_URL environment variable is not set. Using default XRP node: https://s1.ripple.com:51234
2025-08-22 17:03:32 - xrp_service - INFO - XRP client initialization skipped - using Tatum API only
2025-08-22 17:03:32 - xrp_service - INFO - Tatum helper initialized for XRP service
2025-08-22 17:03:32 - xrp_service - WARNING - XRP_NODE_URL environment variable is not set. Using default XRP node: https://s1.ripple.com:51234
2025-08-22 17:03:32 - xrp_service - INFO - XRP client initialization skipped - using Tatum API only
2025-08-22 17:03:32 - xrp_service - INFO - Tatum helper initialized for XRP service
2025-08-22 17:03:32 - xrp_service - DEBUG - Logger initialized for xrp_service at level DEBUG
2025-08-22 17:03:32 - xrp_service - WARNING - XRP_NODE_URL environment variable is not set. Using default XRP node: https://s1.ripple.com:51234
2025-08-22 17:03:32 - xrp_service - INFO - XRP client initialization skipped - using Tatum API only
2025-08-22 17:03:32 - xrp_service - INFO - Tatum helper initialized for XRP service
2025-08-22 17:03:32 - xrp_service - WARNING - XRP_NODE_URL environment variable is not set. Using default XRP node: https://s1.ripple.com:51234
2025-08-22 17:03:32 - xrp_service - INFO - XRP client initialization skipped - using Tatum API only
2025-08-22 17:03:32 - xrp_service - INFO - Tatum helper initialized for XRP service
2025-08-22 17:03:33 - xrp_service - DEBUG - Logger initialized for xrp_service at level DEBUG
2025-08-22 17:03:33 - xrp_service - WARNING - XRP_NODE_URL environment variable is not set. Using default XRP node: https://s1.ripple.com:51234
2025-08-22 17:03:33 - xrp_service - INFO - XRP client initialization skipped - using Tatum API only
2025-08-22 17:03:33 - xrp_service - INFO - Tatum helper initialized for XRP service
2025-08-22 17:03:33 - xrp_service - WARNING - XRP_NODE_URL environment variable is not set. Using default XRP node: https://s1.ripple.com:51234
2025-08-22 17:03:33 - xrp_service - INFO - XRP client initialization skipped - using Tatum API only
2025-08-22 17:03:33 - xrp_service - INFO - Tatum helper initialized for XRP service
2025-08-22 17:03:55 - xrp_service - DEBUG - Logger initialized for xrp_service at level DEBUG
2025-08-22 17:03:55 - xrp_service - WARNING - XRP_NODE_URL environment variable is not set. Using default XRP node: https://s1.ripple.com:51234
2025-08-22 17:03:55 - xrp_service - INFO - XRP client initialization skipped - using Tatum API only
2025-08-22 17:03:55 - xrp_service - INFO - Tatum helper initialized for XRP service
2025-08-22 17:03:55 - xrp_service - WARNING - XRP_NODE_URL environment variable is not set. Using default XRP node: https://s1.ripple.com:51234
2025-08-22 17:03:55 - xrp_service - INFO - XRP client initialization skipped - using Tatum API only
2025-08-22 17:03:55 - xrp_service - INFO - Tatum helper initialized for XRP service
2025-08-22 17:03:56 - xrp_service - DEBUG - Logger initialized for xrp_service at level DEBUG
2025-08-22 17:03:56 - xrp_service - WARNING - XRP_NODE_URL environment variable is not set. Using default XRP node: https://s1.ripple.com:51234
2025-08-22 17:03:56 - xrp_service - INFO - XRP client initialization skipped - using Tatum API only
2025-08-22 17:03:56 - xrp_service - INFO - Tatum helper initialized for XRP service
2025-08-22 17:03:56 - xrp_service - WARNING - XRP_NODE_URL environment variable is not set. Using default XRP node: https://s1.ripple.com:51234
2025-08-22 17:03:56 - xrp_service - INFO - XRP client initialization skipped - using Tatum API only
2025-08-22 17:03:56 - xrp_service - INFO - Tatum helper initialized for XRP service
2025-08-22 17:03:56 - xrp_service - DEBUG - Logger initialized for xrp_service at level DEBUG
2025-08-22 17:03:56 - xrp_service - WARNING - XRP_NODE_URL environment variable is not set. Using default XRP node: https://s1.ripple.com:51234
2025-08-22 17:03:56 - xrp_service - INFO - XRP client initialization skipped - using Tatum API only
2025-08-22 17:03:56 - xrp_service - INFO - Tatum helper initialized for XRP service
2025-08-22 17:03:56 - xrp_service - WARNING - XRP_NODE_URL environment variable is not set. Using default XRP node: https://s1.ripple.com:51234
2025-08-22 17:03:56 - xrp_service - INFO - XRP client initialization skipped - using Tatum API only
2025-08-22 17:03:56 - xrp_service - INFO - Tatum helper initialized for XRP service
2025-08-22 17:04:09 - xrp_service - DEBUG - Logger initialized for xrp_service at level DEBUG
2025-08-22 17:04:09 - xrp_service - WARNING - XRP_NODE_URL environment variable is not set. Using default XRP node: https://s1.ripple.com:51234
2025-08-22 17:04:09 - xrp_service - INFO - XRP client initialization skipped - using Tatum API only
2025-08-22 17:04:09 - xrp_service - INFO - Tatum helper initialized for XRP service
2025-08-22 17:04:09 - xrp_service - WARNING - XRP_NODE_URL environment variable is not set. Using default XRP node: https://s1.ripple.com:51234
2025-08-22 17:04:09 - xrp_service - INFO - XRP client initialization skipped - using Tatum API only
2025-08-22 17:04:09 - xrp_service - INFO - Tatum helper initialized for XRP service
2025-08-22 17:04:09 - xrp_service - DEBUG - Logger initialized for xrp_service at level DEBUG
2025-08-22 17:04:09 - xrp_service - WARNING - XRP_NODE_URL environment variable is not set. Using default XRP node: https://s1.ripple.com:51234
2025-08-22 17:04:09 - xrp_service - INFO - XRP client initialization skipped - using Tatum API only
2025-08-22 17:04:09 - xrp_service - INFO - Tatum helper initialized for XRP service
2025-08-22 17:04:09 - xrp_service - WARNING - XRP_NODE_URL environment variable is not set. Using default XRP node: https://s1.ripple.com:51234
2025-08-22 17:04:09 - xrp_service - INFO - XRP client initialization skipped - using Tatum API only
2025-08-22 17:04:09 - xrp_service - INFO - Tatum helper initialized for XRP service
2025-08-22 17:04:09 - xrp_service - DEBUG - Logger initialized for xrp_service at level DEBUG
2025-08-22 17:04:09 - xrp_service - WARNING - XRP_NODE_URL environment variable is not set. Using default XRP node: https://s1.ripple.com:51234
2025-08-22 17:04:09 - xrp_service - INFO - XRP client initialization skipped - using Tatum API only
2025-08-22 17:04:09 - xrp_service - INFO - Tatum helper initialized for XRP service
2025-08-22 17:04:09 - xrp_service - WARNING - XRP_NODE_URL environment variable is not set. Using default XRP node: https://s1.ripple.com:51234
2025-08-22 17:04:09 - xrp_service - INFO - XRP client initialization skipped - using Tatum API only
2025-08-22 17:04:09 - xrp_service - INFO - Tatum helper initialized for XRP service
2025-08-22 17:04:35 - xrp_service - DEBUG - Logger initialized for xrp_service at level DEBUG
2025-08-22 17:04:35 - xrp_service - WARNING - XRP_NODE_URL environment variable is not set. Using default XRP node: https://s1.ripple.com:51234
2025-08-22 17:04:35 - xrp_service - INFO - XRP client initialization skipped - using Tatum API only
2025-08-22 17:04:35 - xrp_service - INFO - Tatum helper initialized for XRP service
2025-08-22 17:04:35 - xrp_service - WARNING - XRP_NODE_URL environment variable is not set. Using default XRP node: https://s1.ripple.com:51234
2025-08-22 17:04:35 - xrp_service - INFO - XRP client initialization skipped - using Tatum API only
2025-08-22 17:04:35 - xrp_service - INFO - Tatum helper initialized for XRP service
2025-08-22 17:04:35 - xrp_service - DEBUG - Logger initialized for xrp_service at level DEBUG
2025-08-22 17:04:35 - xrp_service - WARNING - XRP_NODE_URL environment variable is not set. Using default XRP node: https://s1.ripple.com:51234
2025-08-22 17:04:35 - xrp_service - INFO - XRP client initialization skipped - using Tatum API only
2025-08-22 17:04:35 - xrp_service - INFO - Tatum helper initialized for XRP service
2025-08-22 17:04:35 - xrp_service - WARNING - XRP_NODE_URL environment variable is not set. Using default XRP node: https://s1.ripple.com:51234
2025-08-22 17:04:35 - xrp_service - INFO - XRP client initialization skipped - using Tatum API only
2025-08-22 17:04:35 - xrp_service - INFO - Tatum helper initialized for XRP service
2025-08-22 17:04:35 - xrp_service - DEBUG - Logger initialized for xrp_service at level DEBUG
2025-08-22 17:04:35 - xrp_service - WARNING - XRP_NODE_URL environment variable is not set. Using default XRP node: https://s1.ripple.com:51234
2025-08-22 17:04:35 - xrp_service - INFO - XRP client initialization skipped - using Tatum API only
2025-08-22 17:04:35 - xrp_service - INFO - Tatum helper initialized for XRP service
2025-08-22 17:04:35 - xrp_service - WARNING - XRP_NODE_URL environment variable is not set. Using default XRP node: https://s1.ripple.com:51234
2025-08-22 17:04:35 - xrp_service - INFO - XRP client initialization skipped - using Tatum API only
2025-08-22 17:04:35 - xrp_service - INFO - Tatum helper initialized for XRP service
2025-08-22 17:05:21 - xrp_service - DEBUG - Logger initialized for xrp_service at level DEBUG
2025-08-22 17:05:21 - xrp_service - WARNING - XRP_NODE_URL environment variable is not set. Using default XRP node: https://s1.ripple.com:51234
2025-08-22 17:05:21 - xrp_service - INFO - XRP client initialization skipped - using Tatum API only
2025-08-22 17:05:21 - xrp_service - INFO - Tatum helper initialized for XRP service
2025-08-22 17:05:21 - xrp_service - WARNING - XRP_NODE_URL environment variable is not set. Using default XRP node: https://s1.ripple.com:51234
2025-08-22 17:05:21 - xrp_service - INFO - XRP client initialization skipped - using Tatum API only
2025-08-22 17:05:21 - xrp_service - INFO - Tatum helper initialized for XRP service
2025-08-22 17:05:21 - xrp_service - DEBUG - Logger initialized for xrp_service at level DEBUG
2025-08-22 17:05:21 - xrp_service - WARNING - XRP_NODE_URL environment variable is not set. Using default XRP node: https://s1.ripple.com:51234
2025-08-22 17:05:21 - xrp_service - INFO - XRP client initialization skipped - using Tatum API only
2025-08-22 17:05:21 - xrp_service - INFO - Tatum helper initialized for XRP service
2025-08-22 17:05:21 - xrp_service - WARNING - XRP_NODE_URL environment variable is not set. Using default XRP node: https://s1.ripple.com:51234
2025-08-22 17:05:21 - xrp_service - INFO - XRP client initialization skipped - using Tatum API only
2025-08-22 17:05:21 - xrp_service - INFO - Tatum helper initialized for XRP service
2025-08-22 17:05:21 - xrp_service - DEBUG - Logger initialized for xrp_service at level DEBUG
2025-08-22 17:05:21 - xrp_service - WARNING - XRP_NODE_URL environment variable is not set. Using default XRP node: https://s1.ripple.com:51234
2025-08-22 17:05:21 - xrp_service - INFO - XRP client initialization skipped - using Tatum API only
2025-08-22 17:05:21 - xrp_service - INFO - Tatum helper initialized for XRP service
2025-08-22 17:05:21 - xrp_service - WARNING - XRP_NODE_URL environment variable is not set. Using default XRP node: https://s1.ripple.com:51234
2025-08-22 17:05:21 - xrp_service - INFO - XRP client initialization skipped - using Tatum API only
2025-08-22 17:05:21 - xrp_service - INFO - Tatum helper initialized for XRP service
2025-08-22 17:06:07 - xrp_service - DEBUG - Logger initialized for xrp_service at level DEBUG
2025-08-22 17:06:07 - xrp_service - WARNING - XRP_NODE_URL environment variable is not set. Using default XRP node: https://s1.ripple.com:51234
2025-08-22 17:06:07 - xrp_service - INFO - XRP client initialization skipped - using Tatum API only
2025-08-22 17:06:07 - xrp_service - INFO - Tatum helper initialized for XRP service
2025-08-22 17:06:07 - xrp_service - WARNING - XRP_NODE_URL environment variable is not set. Using default XRP node: https://s1.ripple.com:51234
2025-08-22 17:06:07 - xrp_service - INFO - XRP client initialization skipped - using Tatum API only
2025-08-22 17:06:07 - xrp_service - INFO - Tatum helper initialized for XRP service
2025-08-22 17:06:08 - xrp_service - DEBUG - Logger initialized for xrp_service at level DEBUG
2025-08-22 17:06:08 - xrp_service - WARNING - XRP_NODE_URL environment variable is not set. Using default XRP node: https://s1.ripple.com:51234
2025-08-22 17:06:08 - xrp_service - INFO - XRP client initialization skipped - using Tatum API only
2025-08-22 17:06:08 - xrp_service - INFO - Tatum helper initialized for XRP service
2025-08-22 17:06:08 - xrp_service - WARNING - XRP_NODE_URL environment variable is not set. Using default XRP node: https://s1.ripple.com:51234
2025-08-22 17:06:08 - xrp_service - INFO - XRP client initialization skipped - using Tatum API only
2025-08-22 17:06:08 - xrp_service - INFO - Tatum helper initialized for XRP service
2025-08-22 17:06:08 - xrp_service - DEBUG - Logger initialized for xrp_service at level DEBUG
2025-08-22 17:06:08 - xrp_service - WARNING - XRP_NODE_URL environment variable is not set. Using default XRP node: https://s1.ripple.com:51234
2025-08-22 17:06:08 - xrp_service - INFO - XRP client initialization skipped - using Tatum API only
2025-08-22 17:06:08 - xrp_service - INFO - Tatum helper initialized for XRP service
2025-08-22 17:06:08 - xrp_service - WARNING - XRP_NODE_URL environment variable is not set. Using default XRP node: https://s1.ripple.com:51234
2025-08-22 17:06:08 - xrp_service - INFO - XRP client initialization skipped - using Tatum API only
2025-08-22 17:06:08 - xrp_service - INFO - Tatum helper initialized for XRP service
2025-08-22 17:06:21 - xrp_service - DEBUG - Logger initialized for xrp_service at level DEBUG
2025-08-22 17:06:21 - xrp_service - WARNING - XRP_NODE_URL environment variable is not set. Using default XRP node: https://s1.ripple.com:51234
2025-08-22 17:06:21 - xrp_service - INFO - XRP client initialization skipped - using Tatum API only
2025-08-22 17:06:21 - xrp_service - INFO - Tatum helper initialized for XRP service
2025-08-22 17:06:21 - xrp_service - WARNING - XRP_NODE_URL environment variable is not set. Using default XRP node: https://s1.ripple.com:51234
2025-08-22 17:06:21 - xrp_service - INFO - XRP client initialization skipped - using Tatum API only
2025-08-22 17:06:21 - xrp_service - INFO - Tatum helper initialized for XRP service
2025-08-22 17:06:21 - xrp_service - DEBUG - Logger initialized for xrp_service at level DEBUG
2025-08-22 17:06:21 - xrp_service - WARNING - XRP_NODE_URL environment variable is not set. Using default XRP node: https://s1.ripple.com:51234
2025-08-22 17:06:21 - xrp_service - INFO - XRP client initialization skipped - using Tatum API only
2025-08-22 17:06:21 - xrp_service - INFO - Tatum helper initialized for XRP service
2025-08-22 17:06:21 - xrp_service - WARNING - XRP_NODE_URL environment variable is not set. Using default XRP node: https://s1.ripple.com:51234
2025-08-22 17:06:21 - xrp_service - INFO - XRP client initialization skipped - using Tatum API only
2025-08-22 17:06:21 - xrp_service - INFO - Tatum helper initialized for XRP service
2025-08-22 17:06:21 - xrp_service - DEBUG - Logger initialized for xrp_service at level DEBUG
2025-08-22 17:06:21 - xrp_service - WARNING - XRP_NODE_URL environment variable is not set. Using default XRP node: https://s1.ripple.com:51234
2025-08-22 17:06:21 - xrp_service - INFO - XRP client initialization skipped - using Tatum API only
2025-08-22 17:06:21 - xrp_service - INFO - Tatum helper initialized for XRP service
2025-08-22 17:06:21 - xrp_service - WARNING - XRP_NODE_URL environment variable is not set. Using default XRP node: https://s1.ripple.com:51234
2025-08-22 17:06:21 - xrp_service - INFO - XRP client initialization skipped - using Tatum API only
2025-08-22 17:06:21 - xrp_service - INFO - Tatum helper initialized for XRP service
2025-08-22 17:06:33 - xrp_service - DEBUG - Logger initialized for xrp_service at level DEBUG
2025-08-22 17:06:33 - xrp_service - WARNING - XRP_NODE_URL environment variable is not set. Using default XRP node: https://s1.ripple.com:51234
2025-08-22 17:06:33 - xrp_service - INFO - XRP client initialization skipped - using Tatum API only
2025-08-22 17:06:33 - xrp_service - INFO - Tatum helper initialized for XRP service
2025-08-22 17:06:33 - xrp_service - WARNING - XRP_NODE_URL environment variable is not set. Using default XRP node: https://s1.ripple.com:51234
2025-08-22 17:06:33 - xrp_service - INFO - XRP client initialization skipped - using Tatum API only
2025-08-22 17:06:33 - xrp_service - INFO - Tatum helper initialized for XRP service
2025-08-22 17:06:33 - xrp_service - DEBUG - Logger initialized for xrp_service at level DEBUG
2025-08-22 17:06:33 - xrp_service - WARNING - XRP_NODE_URL environment variable is not set. Using default XRP node: https://s1.ripple.com:51234
2025-08-22 17:06:33 - xrp_service - INFO - XRP client initialization skipped - using Tatum API only
2025-08-22 17:06:33 - xrp_service - INFO - Tatum helper initialized for XRP service
2025-08-22 17:06:33 - xrp_service - WARNING - XRP_NODE_URL environment variable is not set. Using default XRP node: https://s1.ripple.com:51234
2025-08-22 17:06:33 - xrp_service - INFO - XRP client initialization skipped - using Tatum API only
2025-08-22 17:06:33 - xrp_service - INFO - Tatum helper initialized for XRP service
2025-08-22 17:06:33 - xrp_service - DEBUG - Logger initialized for xrp_service at level DEBUG
2025-08-22 17:06:33 - xrp_service - WARNING - XRP_NODE_URL environment variable is not set. Using default XRP node: https://s1.ripple.com:51234
2025-08-22 17:06:33 - xrp_service - INFO - XRP client initialization skipped - using Tatum API only
2025-08-22 17:06:33 - xrp_service - INFO - Tatum helper initialized for XRP service
2025-08-22 17:06:33 - xrp_service - WARNING - XRP_NODE_URL environment variable is not set. Using default XRP node: https://s1.ripple.com:51234
2025-08-22 17:06:33 - xrp_service - INFO - XRP client initialization skipped - using Tatum API only
2025-08-22 17:06:33 - xrp_service - INFO - Tatum helper initialized for XRP service
2025-08-22 17:07:02 - xrp_service - DEBUG - Logger initialized for xrp_service at level DEBUG
2025-08-22 17:07:02 - xrp_service - WARNING - XRP_NODE_URL environment variable is not set. Using default XRP node: https://s1.ripple.com:51234
2025-08-22 17:07:02 - xrp_service - INFO - XRP client initialization skipped - using Tatum API only
2025-08-22 17:07:02 - xrp_service - INFO - Tatum helper initialized for XRP service
2025-08-22 17:07:02 - xrp_service - WARNING - XRP_NODE_URL environment variable is not set. Using default XRP node: https://s1.ripple.com:51234
2025-08-22 17:07:02 - xrp_service - INFO - XRP client initialization skipped - using Tatum API only
2025-08-22 17:07:02 - xrp_service - INFO - Tatum helper initialized for XRP service
2025-08-22 17:07:02 - xrp_service - DEBUG - Logger initialized for xrp_service at level DEBUG
2025-08-22 17:07:02 - xrp_service - WARNING - XRP_NODE_URL environment variable is not set. Using default XRP node: https://s1.ripple.com:51234
2025-08-22 17:07:02 - xrp_service - INFO - XRP client initialization skipped - using Tatum API only
2025-08-22 17:07:02 - xrp_service - INFO - Tatum helper initialized for XRP service
2025-08-22 17:07:02 - xrp_service - WARNING - XRP_NODE_URL environment variable is not set. Using default XRP node: https://s1.ripple.com:51234
2025-08-22 17:07:02 - xrp_service - INFO - XRP client initialization skipped - using Tatum API only
2025-08-22 17:07:02 - xrp_service - INFO - Tatum helper initialized for XRP service
2025-08-22 17:07:02 - xrp_service - DEBUG - Logger initialized for xrp_service at level DEBUG
2025-08-22 17:07:02 - xrp_service - WARNING - XRP_NODE_URL environment variable is not set. Using default XRP node: https://s1.ripple.com:51234
2025-08-22 17:07:02 - xrp_service - INFO - XRP client initialization skipped - using Tatum API only
2025-08-22 17:07:02 - xrp_service - INFO - Tatum helper initialized for XRP service
2025-08-22 17:07:02 - xrp_service - WARNING - XRP_NODE_URL environment variable is not set. Using default XRP node: https://s1.ripple.com:51234
2025-08-22 17:07:02 - xrp_service - INFO - XRP client initialization skipped - using Tatum API only
2025-08-22 17:07:02 - xrp_service - INFO - Tatum helper initialized for XRP service
2025-08-22 17:07:33 - xrp_service - DEBUG - Logger initialized for xrp_service at level DEBUG
2025-08-22 17:07:33 - xrp_service - WARNING - XRP_NODE_URL environment variable is not set. Using default XRP node: https://s1.ripple.com:51234
2025-08-22 17:07:33 - xrp_service - INFO - XRP client initialization skipped - using Tatum API only
2025-08-22 17:07:33 - xrp_service - INFO - Tatum helper initialized for XRP service
2025-08-22 17:07:33 - xrp_service - WARNING - XRP_NODE_URL environment variable is not set. Using default XRP node: https://s1.ripple.com:51234
2025-08-22 17:07:33 - xrp_service - INFO - XRP client initialization skipped - using Tatum API only
2025-08-22 17:07:33 - xrp_service - INFO - Tatum helper initialized for XRP service
2025-08-22 17:07:33 - xrp_service - DEBUG - Logger initialized for xrp_service at level DEBUG
2025-08-22 17:07:33 - xrp_service - WARNING - XRP_NODE_URL environment variable is not set. Using default XRP node: https://s1.ripple.com:51234
2025-08-22 17:07:33 - xrp_service - INFO - XRP client initialization skipped - using Tatum API only
2025-08-22 17:07:33 - xrp_service - INFO - Tatum helper initialized for XRP service
2025-08-22 17:07:33 - xrp_service - WARNING - XRP_NODE_URL environment variable is not set. Using default XRP node: https://s1.ripple.com:51234
2025-08-22 17:07:33 - xrp_service - INFO - XRP client initialization skipped - using Tatum API only
2025-08-22 17:07:33 - xrp_service - INFO - Tatum helper initialized for XRP service
2025-08-22 17:07:33 - xrp_service - DEBUG - Logger initialized for xrp_service at level DEBUG
2025-08-22 17:07:33 - xrp_service - WARNING - XRP_NODE_URL environment variable is not set. Using default XRP node: https://s1.ripple.com:51234
2025-08-22 17:07:33 - xrp_service - INFO - XRP client initialization skipped - using Tatum API only
2025-08-22 17:07:33 - xrp_service - INFO - Tatum helper initialized for XRP service
2025-08-22 17:07:33 - xrp_service - WARNING - XRP_NODE_URL environment variable is not set. Using default XRP node: https://s1.ripple.com:51234
2025-08-22 17:07:33 - xrp_service - INFO - XRP client initialization skipped - using Tatum API only
2025-08-22 17:07:33 - xrp_service - INFO - Tatum helper initialized for XRP service
2025-08-22 17:08:38 - xrp_service - DEBUG - Logger initialized for xrp_service at level DEBUG
2025-08-22 17:08:38 - xrp_service - WARNING - XRP_NODE_URL environment variable is not set. Using default XRP node: https://s1.ripple.com:51234
2025-08-22 17:08:38 - xrp_service - INFO - XRP client initialization skipped - using Tatum API only
2025-08-22 17:08:38 - xrp_service - INFO - Tatum helper initialized for XRP service
2025-08-22 17:08:38 - xrp_service - WARNING - XRP_NODE_URL environment variable is not set. Using default XRP node: https://s1.ripple.com:51234
2025-08-22 17:08:38 - xrp_service - INFO - XRP client initialization skipped - using Tatum API only
2025-08-22 17:08:38 - xrp_service - INFO - Tatum helper initialized for XRP service
2025-08-22 17:08:39 - xrp_service - DEBUG - Logger initialized for xrp_service at level DEBUG
2025-08-22 17:08:39 - xrp_service - WARNING - XRP_NODE_URL environment variable is not set. Using default XRP node: https://s1.ripple.com:51234
2025-08-22 17:08:39 - xrp_service - INFO - XRP client initialization skipped - using Tatum API only
2025-08-22 17:08:39 - xrp_service - INFO - Tatum helper initialized for XRP service
2025-08-22 17:08:39 - xrp_service - WARNING - XRP_NODE_URL environment variable is not set. Using default XRP node: https://s1.ripple.com:51234
2025-08-22 17:08:39 - xrp_service - INFO - XRP client initialization skipped - using Tatum API only
2025-08-22 17:08:39 - xrp_service - INFO - Tatum helper initialized for XRP service
2025-08-22 17:08:39 - xrp_service - DEBUG - Logger initialized for xrp_service at level DEBUG
2025-08-22 17:08:39 - xrp_service - WARNING - XRP_NODE_URL environment variable is not set. Using default XRP node: https://s1.ripple.com:51234
2025-08-22 17:08:39 - xrp_service - INFO - XRP client initialization skipped - using Tatum API only
2025-08-22 17:08:39 - xrp_service - INFO - Tatum helper initialized for XRP service
2025-08-22 17:08:39 - xrp_service - WARNING - XRP_NODE_URL environment variable is not set. Using default XRP node: https://s1.ripple.com:51234
2025-08-22 17:08:39 - xrp_service - INFO - XRP client initialization skipped - using Tatum API only
2025-08-22 17:08:39 - xrp_service - INFO - Tatum helper initialized for XRP service
2025-08-22 17:09:04 - xrp_service - DEBUG - Logger initialized for xrp_service at level DEBUG
2025-08-22 17:09:04 - xrp_service - WARNING - XRP_NODE_URL environment variable is not set. Using default XRP node: https://s1.ripple.com:51234
2025-08-22 17:09:04 - xrp_service - INFO - XRP client initialization skipped - using Tatum API only
2025-08-22 17:09:04 - xrp_service - INFO - Tatum helper initialized for XRP service
2025-08-22 17:09:04 - xrp_service - WARNING - XRP_NODE_URL environment variable is not set. Using default XRP node: https://s1.ripple.com:51234
2025-08-22 17:09:04 - xrp_service - INFO - XRP client initialization skipped - using Tatum API only
2025-08-22 17:09:04 - xrp_service - INFO - Tatum helper initialized for XRP service
2025-08-22 17:09:05 - xrp_service - DEBUG - Logger initialized for xrp_service at level DEBUG
2025-08-22 17:09:05 - xrp_service - WARNING - XRP_NODE_URL environment variable is not set. Using default XRP node: https://s1.ripple.com:51234
2025-08-22 17:09:05 - xrp_service - INFO - XRP client initialization skipped - using Tatum API only
2025-08-22 17:09:05 - xrp_service - INFO - Tatum helper initialized for XRP service
2025-08-22 17:09:05 - xrp_service - WARNING - XRP_NODE_URL environment variable is not set. Using default XRP node: https://s1.ripple.com:51234
2025-08-22 17:09:05 - xrp_service - INFO - XRP client initialization skipped - using Tatum API only
2025-08-22 17:09:05 - xrp_service - INFO - Tatum helper initialized for XRP service
2025-08-22 17:09:05 - xrp_service - DEBUG - Logger initialized for xrp_service at level DEBUG
2025-08-22 17:09:05 - xrp_service - WARNING - XRP_NODE_URL environment variable is not set. Using default XRP node: https://s1.ripple.com:51234
2025-08-22 17:09:05 - xrp_service - INFO - XRP client initialization skipped - using Tatum API only
2025-08-22 17:09:05 - xrp_service - INFO - Tatum helper initialized for XRP service
2025-08-22 17:09:05 - xrp_service - WARNING - XRP_NODE_URL environment variable is not set. Using default XRP node: https://s1.ripple.com:51234
2025-08-22 17:09:05 - xrp_service - INFO - XRP client initialization skipped - using Tatum API only
2025-08-22 17:09:05 - xrp_service - INFO - Tatum helper initialized for XRP service
2025-08-22 17:09:34 - xrp_service - DEBUG - Logger initialized for xrp_service at level DEBUG
2025-08-22 17:09:34 - xrp_service - WARNING - XRP_NODE_URL environment variable is not set. Using default XRP node: https://s1.ripple.com:51234
2025-08-22 17:09:34 - xrp_service - INFO - XRP client initialization skipped - using Tatum API only
2025-08-22 17:09:34 - xrp_service - INFO - Tatum helper initialized for XRP service
2025-08-22 17:09:34 - xrp_service - WARNING - XRP_NODE_URL environment variable is not set. Using default XRP node: https://s1.ripple.com:51234
2025-08-22 17:09:34 - xrp_service - INFO - XRP client initialization skipped - using Tatum API only
2025-08-22 17:09:34 - xrp_service - INFO - Tatum helper initialized for XRP service
2025-08-22 17:09:34 - xrp_service - DEBUG - Logger initialized for xrp_service at level DEBUG
2025-08-22 17:09:34 - xrp_service - WARNING - XRP_NODE_URL environment variable is not set. Using default XRP node: https://s1.ripple.com:51234
2025-08-22 17:09:34 - xrp_service - INFO - XRP client initialization skipped - using Tatum API only
2025-08-22 17:09:34 - xrp_service - INFO - Tatum helper initialized for XRP service
2025-08-22 17:09:34 - xrp_service - WARNING - XRP_NODE_URL environment variable is not set. Using default XRP node: https://s1.ripple.com:51234
2025-08-22 17:09:34 - xrp_service - INFO - XRP client initialization skipped - using Tatum API only
2025-08-22 17:09:34 - xrp_service - INFO - Tatum helper initialized for XRP service
2025-08-22 17:09:34 - xrp_service - DEBUG - Logger initialized for xrp_service at level DEBUG
2025-08-22 17:09:34 - xrp_service - WARNING - XRP_NODE_URL environment variable is not set. Using default XRP node: https://s1.ripple.com:51234
2025-08-22 17:09:34 - xrp_service - INFO - XRP client initialization skipped - using Tatum API only
2025-08-22 17:09:34 - xrp_service - INFO - Tatum helper initialized for XRP service
2025-08-22 17:09:34 - xrp_service - WARNING - XRP_NODE_URL environment variable is not set. Using default XRP node: https://s1.ripple.com:51234
2025-08-22 17:09:34 - xrp_service - INFO - XRP client initialization skipped - using Tatum API only
2025-08-22 17:09:34 - xrp_service - INFO - Tatum helper initialized for XRP service
2025-08-22 17:09:57 - xrp_service - DEBUG - Logger initialized for xrp_service at level DEBUG
2025-08-22 17:09:57 - xrp_service - WARNING - XRP_NODE_URL environment variable is not set. Using default XRP node: https://s1.ripple.com:51234
2025-08-22 17:09:57 - xrp_service - INFO - XRP client initialization skipped - using Tatum API only
2025-08-22 17:09:57 - xrp_service - INFO - Tatum helper initialized for XRP service
2025-08-22 17:09:57 - xrp_service - WARNING - XRP_NODE_URL environment variable is not set. Using default XRP node: https://s1.ripple.com:51234
2025-08-22 17:09:57 - xrp_service - INFO - XRP client initialization skipped - using Tatum API only
2025-08-22 17:09:57 - xrp_service - INFO - Tatum helper initialized for XRP service
2025-08-22 17:09:57 - xrp_service - DEBUG - Logger initialized for xrp_service at level DEBUG
2025-08-22 17:09:57 - xrp_service - WARNING - XRP_NODE_URL environment variable is not set. Using default XRP node: https://s1.ripple.com:51234
2025-08-22 17:09:57 - xrp_service - INFO - XRP client initialization skipped - using Tatum API only
2025-08-22 17:09:57 - xrp_service - INFO - Tatum helper initialized for XRP service
2025-08-22 17:09:57 - xrp_service - WARNING - XRP_NODE_URL environment variable is not set. Using default XRP node: https://s1.ripple.com:51234
2025-08-22 17:09:57 - xrp_service - INFO - XRP client initialization skipped - using Tatum API only
2025-08-22 17:09:57 - xrp_service - INFO - Tatum helper initialized for XRP service
2025-08-22 17:09:57 - xrp_service - DEBUG - Logger initialized for xrp_service at level DEBUG
2025-08-22 17:09:57 - xrp_service - WARNING - XRP_NODE_URL environment variable is not set. Using default XRP node: https://s1.ripple.com:51234
2025-08-22 17:09:57 - xrp_service - INFO - XRP client initialization skipped - using Tatum API only
2025-08-22 17:09:57 - xrp_service - INFO - Tatum helper initialized for XRP service
2025-08-22 17:09:57 - xrp_service - WARNING - XRP_NODE_URL environment variable is not set. Using default XRP node: https://s1.ripple.com:51234
2025-08-22 17:09:57 - xrp_service - INFO - XRP client initialization skipped - using Tatum API only
2025-08-22 17:09:57 - xrp_service - INFO - Tatum helper initialized for XRP service
2025-08-22 17:10:29 - xrp_service - DEBUG - Logger initialized for xrp_service at level DEBUG
2025-08-22 17:10:29 - xrp_service - WARNING - XRP_NODE_URL environment variable is not set. Using default XRP node: https://s1.ripple.com:51234
2025-08-22 17:10:29 - xrp_service - INFO - XRP client initialization skipped - using Tatum API only
2025-08-22 17:10:29 - xrp_service - INFO - Tatum helper initialized for XRP service
2025-08-22 17:10:29 - xrp_service - WARNING - XRP_NODE_URL environment variable is not set. Using default XRP node: https://s1.ripple.com:51234
2025-08-22 17:10:29 - xrp_service - INFO - XRP client initialization skipped - using Tatum API only
2025-08-22 17:10:29 - xrp_service - INFO - Tatum helper initialized for XRP service
2025-08-22 17:10:29 - xrp_service - DEBUG - Logger initialized for xrp_service at level DEBUG
2025-08-22 17:10:29 - xrp_service - WARNING - XRP_NODE_URL environment variable is not set. Using default XRP node: https://s1.ripple.com:51234
2025-08-22 17:10:29 - xrp_service - INFO - XRP client initialization skipped - using Tatum API only
2025-08-22 17:10:29 - xrp_service - INFO - Tatum helper initialized for XRP service
2025-08-22 17:10:29 - xrp_service - WARNING - XRP_NODE_URL environment variable is not set. Using default XRP node: https://s1.ripple.com:51234
2025-08-22 17:10:29 - xrp_service - INFO - XRP client initialization skipped - using Tatum API only
2025-08-22 17:10:29 - xrp_service - INFO - Tatum helper initialized for XRP service
2025-08-22 17:10:29 - xrp_service - DEBUG - Logger initialized for xrp_service at level DEBUG
2025-08-22 17:10:29 - xrp_service - WARNING - XRP_NODE_URL environment variable is not set. Using default XRP node: https://s1.ripple.com:51234
2025-08-22 17:10:29 - xrp_service - INFO - XRP client initialization skipped - using Tatum API only
2025-08-22 17:10:29 - xrp_service - INFO - Tatum helper initialized for XRP service
2025-08-22 17:10:29 - xrp_service - WARNING - XRP_NODE_URL environment variable is not set. Using default XRP node: https://s1.ripple.com:51234
2025-08-22 17:10:29 - xrp_service - INFO - XRP client initialization skipped - using Tatum API only
2025-08-22 17:10:29 - xrp_service - INFO - Tatum helper initialized for XRP service
2025-08-22 17:11:00 - xrp_service - DEBUG - Logger initialized for xrp_service at level DEBUG
2025-08-22 17:11:00 - xrp_service - WARNING - XRP_NODE_URL environment variable is not set. Using default XRP node: https://s1.ripple.com:51234
2025-08-22 17:11:00 - xrp_service - INFO - XRP client initialization skipped - using Tatum API only
2025-08-22 17:11:00 - xrp_service - INFO - Tatum helper initialized for XRP service
2025-08-22 17:11:00 - xrp_service - WARNING - XRP_NODE_URL environment variable is not set. Using default XRP node: https://s1.ripple.com:51234
2025-08-22 17:11:00 - xrp_service - INFO - XRP client initialization skipped - using Tatum API only
2025-08-22 17:11:00 - xrp_service - INFO - Tatum helper initialized for XRP service
2025-08-22 17:11:00 - xrp_service - DEBUG - Logger initialized for xrp_service at level DEBUG
2025-08-22 17:11:00 - xrp_service - WARNING - XRP_NODE_URL environment variable is not set. Using default XRP node: https://s1.ripple.com:51234
2025-08-22 17:11:00 - xrp_service - INFO - XRP client initialization skipped - using Tatum API only
2025-08-22 17:11:00 - xrp_service - INFO - Tatum helper initialized for XRP service
2025-08-22 17:11:00 - xrp_service - WARNING - XRP_NODE_URL environment variable is not set. Using default XRP node: https://s1.ripple.com:51234
2025-08-22 17:11:00 - xrp_service - INFO - XRP client initialization skipped - using Tatum API only
2025-08-22 17:11:00 - xrp_service - INFO - Tatum helper initialized for XRP service
2025-08-22 17:11:00 - xrp_service - DEBUG - Logger initialized for xrp_service at level DEBUG
2025-08-22 17:11:00 - xrp_service - WARNING - XRP_NODE_URL environment variable is not set. Using default XRP node: https://s1.ripple.com:51234
2025-08-22 17:11:00 - xrp_service - INFO - XRP client initialization skipped - using Tatum API only
2025-08-22 17:11:00 - xrp_service - INFO - Tatum helper initialized for XRP service
2025-08-22 17:11:00 - xrp_service - WARNING - XRP_NODE_URL environment variable is not set. Using default XRP node: https://s1.ripple.com:51234
2025-08-22 17:11:00 - xrp_service - INFO - XRP client initialization skipped - using Tatum API only
2025-08-22 17:11:00 - xrp_service - INFO - Tatum helper initialized for XRP service
2025-08-22 17:11:28 - xrp_service - DEBUG - Logger initialized for xrp_service at level DEBUG
2025-08-22 17:11:28 - xrp_service - WARNING - XRP_NODE_URL environment variable is not set. Using default XRP node: https://s1.ripple.com:51234
2025-08-22 17:11:28 - xrp_service - INFO - XRP client initialization skipped - using Tatum API only
2025-08-22 17:11:28 - xrp_service - INFO - Tatum helper initialized for XRP service
2025-08-22 17:11:28 - xrp_service - WARNING - XRP_NODE_URL environment variable is not set. Using default XRP node: https://s1.ripple.com:51234
2025-08-22 17:11:28 - xrp_service - INFO - XRP client initialization skipped - using Tatum API only
2025-08-22 17:11:28 - xrp_service - INFO - Tatum helper initialized for XRP service
2025-08-22 17:11:29 - xrp_service - DEBUG - Logger initialized for xrp_service at level DEBUG
2025-08-22 17:11:29 - xrp_service - WARNING - XRP_NODE_URL environment variable is not set. Using default XRP node: https://s1.ripple.com:51234
2025-08-22 17:11:29 - xrp_service - INFO - XRP client initialization skipped - using Tatum API only
2025-08-22 17:11:29 - xrp_service - INFO - Tatum helper initialized for XRP service
2025-08-22 17:11:29 - xrp_service - WARNING - XRP_NODE_URL environment variable is not set. Using default XRP node: https://s1.ripple.com:51234
2025-08-22 17:11:29 - xrp_service - INFO - XRP client initialization skipped - using Tatum API only
2025-08-22 17:11:29 - xrp_service - INFO - Tatum helper initialized for XRP service
2025-08-22 17:11:29 - xrp_service - DEBUG - Logger initialized for xrp_service at level DEBUG
2025-08-22 17:11:29 - xrp_service - WARNING - XRP_NODE_URL environment variable is not set. Using default XRP node: https://s1.ripple.com:51234
2025-08-22 17:11:29 - xrp_service - INFO - XRP client initialization skipped - using Tatum API only
2025-08-22 17:11:29 - xrp_service - INFO - Tatum helper initialized for XRP service
2025-08-22 17:11:29 - xrp_service - WARNING - XRP_NODE_URL environment variable is not set. Using default XRP node: https://s1.ripple.com:51234
2025-08-22 17:11:29 - xrp_service - INFO - XRP client initialization skipped - using Tatum API only
2025-08-22 17:11:29 - xrp_service - INFO - Tatum helper initialized for XRP service
2025-08-22 17:11:57 - xrp_service - DEBUG - Logger initialized for xrp_service at level DEBUG
2025-08-22 17:11:57 - xrp_service - WARNING - XRP_NODE_URL environment variable is not set. Using default XRP node: https://s1.ripple.com:51234
2025-08-22 17:11:57 - xrp_service - INFO - XRP client initialization skipped - using Tatum API only
2025-08-22 17:11:57 - xrp_service - INFO - Tatum helper initialized for XRP service
2025-08-22 17:11:57 - xrp_service - WARNING - XRP_NODE_URL environment variable is not set. Using default XRP node: https://s1.ripple.com:51234
2025-08-22 17:11:57 - xrp_service - INFO - XRP client initialization skipped - using Tatum API only
2025-08-22 17:11:57 - xrp_service - INFO - Tatum helper initialized for XRP service
2025-08-22 17:11:58 - xrp_service - DEBUG - Logger initialized for xrp_service at level DEBUG
2025-08-22 17:11:58 - xrp_service - WARNING - XRP_NODE_URL environment variable is not set. Using default XRP node: https://s1.ripple.com:51234
2025-08-22 17:11:58 - xrp_service - INFO - XRP client initialization skipped - using Tatum API only
2025-08-22 17:11:58 - xrp_service - INFO - Tatum helper initialized for XRP service
2025-08-22 17:11:58 - xrp_service - WARNING - XRP_NODE_URL environment variable is not set. Using default XRP node: https://s1.ripple.com:51234
2025-08-22 17:11:58 - xrp_service - INFO - XRP client initialization skipped - using Tatum API only
2025-08-22 17:11:58 - xrp_service - INFO - Tatum helper initialized for XRP service
2025-08-22 17:11:58 - xrp_service - DEBUG - Logger initialized for xrp_service at level DEBUG
2025-08-22 17:11:58 - xrp_service - WARNING - XRP_NODE_URL environment variable is not set. Using default XRP node: https://s1.ripple.com:51234
2025-08-22 17:11:58 - xrp_service - INFO - XRP client initialization skipped - using Tatum API only
2025-08-22 17:11:58 - xrp_service - INFO - Tatum helper initialized for XRP service
2025-08-22 17:11:58 - xrp_service - WARNING - XRP_NODE_URL environment variable is not set. Using default XRP node: https://s1.ripple.com:51234
2025-08-22 17:11:58 - xrp_service - INFO - XRP client initialization skipped - using Tatum API only
2025-08-22 17:11:58 - xrp_service - INFO - Tatum helper initialized for XRP service
2025-08-22 17:12:28 - xrp_service - DEBUG - Logger initialized for xrp_service at level DEBUG
2025-08-22 17:12:28 - xrp_service - WARNING - XRP_NODE_URL environment variable is not set. Using default XRP node: https://s1.ripple.com:51234
2025-08-22 17:12:28 - xrp_service - INFO - XRP client initialization skipped - using Tatum API only
2025-08-22 17:12:28 - xrp_service - INFO - Tatum helper initialized for XRP service
2025-08-22 17:12:28 - xrp_service - WARNING - XRP_NODE_URL environment variable is not set. Using default XRP node: https://s1.ripple.com:51234
2025-08-22 17:12:28 - xrp_service - INFO - XRP client initialization skipped - using Tatum API only
2025-08-22 17:12:28 - xrp_service - INFO - Tatum helper initialized for XRP service
2025-08-22 17:12:28 - xrp_service - DEBUG - Logger initialized for xrp_service at level DEBUG
2025-08-22 17:12:28 - xrp_service - WARNING - XRP_NODE_URL environment variable is not set. Using default XRP node: https://s1.ripple.com:51234
2025-08-22 17:12:28 - xrp_service - INFO - XRP client initialization skipped - using Tatum API only
2025-08-22 17:12:28 - xrp_service - INFO - Tatum helper initialized for XRP service
2025-08-22 17:12:28 - xrp_service - WARNING - XRP_NODE_URL environment variable is not set. Using default XRP node: https://s1.ripple.com:51234
2025-08-22 17:12:28 - xrp_service - INFO - XRP client initialization skipped - using Tatum API only
2025-08-22 17:12:28 - xrp_service - INFO - Tatum helper initialized for XRP service
2025-08-22 17:12:28 - xrp_service - DEBUG - Logger initialized for xrp_service at level DEBUG
2025-08-22 17:12:28 - xrp_service - WARNING - XRP_NODE_URL environment variable is not set. Using default XRP node: https://s1.ripple.com:51234
2025-08-22 17:12:28 - xrp_service - INFO - XRP client initialization skipped - using Tatum API only
2025-08-22 17:12:28 - xrp_service - INFO - Tatum helper initialized for XRP service
2025-08-22 17:12:28 - xrp_service - WARNING - XRP_NODE_URL environment variable is not set. Using default XRP node: https://s1.ripple.com:51234
2025-08-22 17:12:28 - xrp_service - INFO - XRP client initialization skipped - using Tatum API only
2025-08-22 17:12:28 - xrp_service - INFO - Tatum helper initialized for XRP service
2025-08-22 17:13:14 - xrp_service - DEBUG - Logger initialized for xrp_service at level DEBUG
2025-08-22 17:13:14 - xrp_service - WARNING - XRP_NODE_URL environment variable is not set. Using default XRP node: https://s1.ripple.com:51234
2025-08-22 17:13:14 - xrp_service - INFO - XRP client initialization skipped - using Tatum API only
2025-08-22 17:13:14 - xrp_service - INFO - Tatum helper initialized for XRP service
2025-08-22 17:13:14 - xrp_service - WARNING - XRP_NODE_URL environment variable is not set. Using default XRP node: https://s1.ripple.com:51234
2025-08-22 17:13:14 - xrp_service - INFO - XRP client initialization skipped - using Tatum API only
2025-08-22 17:13:14 - xrp_service - INFO - Tatum helper initialized for XRP service
2025-08-22 17:13:15 - xrp_service - DEBUG - Logger initialized for xrp_service at level DEBUG
2025-08-22 17:13:15 - xrp_service - WARNING - XRP_NODE_URL environment variable is not set. Using default XRP node: https://s1.ripple.com:51234
2025-08-22 17:13:15 - xrp_service - INFO - XRP client initialization skipped - using Tatum API only
2025-08-22 17:13:15 - xrp_service - INFO - Tatum helper initialized for XRP service
2025-08-22 17:13:15 - xrp_service - WARNING - XRP_NODE_URL environment variable is not set. Using default XRP node: https://s1.ripple.com:51234
2025-08-22 17:13:15 - xrp_service - INFO - XRP client initialization skipped - using Tatum API only
2025-08-22 17:13:15 - xrp_service - INFO - Tatum helper initialized for XRP service
2025-08-22 17:13:15 - xrp_service - DEBUG - Logger initialized for xrp_service at level DEBUG
2025-08-22 17:13:15 - xrp_service - WARNING - XRP_NODE_URL environment variable is not set. Using default XRP node: https://s1.ripple.com:51234
2025-08-22 17:13:15 - xrp_service - INFO - XRP client initialization skipped - using Tatum API only
2025-08-22 17:13:15 - xrp_service - INFO - Tatum helper initialized for XRP service
2025-08-22 17:13:15 - xrp_service - WARNING - XRP_NODE_URL environment variable is not set. Using default XRP node: https://s1.ripple.com:51234
2025-08-22 17:13:15 - xrp_service - INFO - XRP client initialization skipped - using Tatum API only
2025-08-22 17:13:15 - xrp_service - INFO - Tatum helper initialized for XRP service
2025-08-22 17:14:02 - xrp_service - DEBUG - Logger initialized for xrp_service at level DEBUG
2025-08-22 17:14:02 - xrp_service - WARNING - XRP_NODE_URL environment variable is not set. Using default XRP node: https://s1.ripple.com:51234
2025-08-22 17:14:02 - xrp_service - INFO - XRP client initialization skipped - using Tatum API only
2025-08-22 17:14:02 - xrp_service - INFO - Tatum helper initialized for XRP service
2025-08-22 17:14:02 - xrp_service - WARNING - XRP_NODE_URL environment variable is not set. Using default XRP node: https://s1.ripple.com:51234
2025-08-22 17:14:02 - xrp_service - INFO - XRP client initialization skipped - using Tatum API only
2025-08-22 17:14:02 - xrp_service - INFO - Tatum helper initialized for XRP service
2025-08-22 17:14:02 - xrp_service - DEBUG - Logger initialized for xrp_service at level DEBUG
2025-08-22 17:14:02 - xrp_service - WARNING - XRP_NODE_URL environment variable is not set. Using default XRP node: https://s1.ripple.com:51234
2025-08-22 17:14:02 - xrp_service - INFO - XRP client initialization skipped - using Tatum API only
2025-08-22 17:14:02 - xrp_service - INFO - Tatum helper initialized for XRP service
2025-08-22 17:14:02 - xrp_service - WARNING - XRP_NODE_URL environment variable is not set. Using default XRP node: https://s1.ripple.com:51234
2025-08-22 17:14:02 - xrp_service - INFO - XRP client initialization skipped - using Tatum API only
2025-08-22 17:14:02 - xrp_service - INFO - Tatum helper initialized for XRP service
2025-08-22 17:14:02 - xrp_service - DEBUG - Logger initialized for xrp_service at level DEBUG
2025-08-22 17:14:02 - xrp_service - WARNING - XRP_NODE_URL environment variable is not set. Using default XRP node: https://s1.ripple.com:51234
2025-08-22 17:14:02 - xrp_service - INFO - XRP client initialization skipped - using Tatum API only
2025-08-22 17:14:02 - xrp_service - INFO - Tatum helper initialized for XRP service
2025-08-22 17:14:02 - xrp_service - WARNING - XRP_NODE_URL environment variable is not set. Using default XRP node: https://s1.ripple.com:51234
2025-08-22 17:14:02 - xrp_service - INFO - XRP client initialization skipped - using Tatum API only
2025-08-22 17:14:02 - xrp_service - INFO - Tatum helper initialized for XRP service
2025-08-22 17:14:28 - xrp_service - DEBUG - Logger initialized for xrp_service at level DEBUG
2025-08-22 17:14:28 - xrp_service - WARNING - XRP_NODE_URL environment variable is not set. Using default XRP node: https://s1.ripple.com:51234
2025-08-22 17:14:28 - xrp_service - INFO - XRP client initialization skipped - using Tatum API only
2025-08-22 17:14:28 - xrp_service - INFO - Tatum helper initialized for XRP service
2025-08-22 17:14:28 - xrp_service - WARNING - XRP_NODE_URL environment variable is not set. Using default XRP node: https://s1.ripple.com:51234
2025-08-22 17:14:28 - xrp_service - INFO - XRP client initialization skipped - using Tatum API only
2025-08-22 17:14:28 - xrp_service - INFO - Tatum helper initialized for XRP service
2025-08-22 17:14:28 - xrp_service - DEBUG - Logger initialized for xrp_service at level DEBUG
2025-08-22 17:14:28 - xrp_service - WARNING - XRP_NODE_URL environment variable is not set. Using default XRP node: https://s1.ripple.com:51234
2025-08-22 17:14:28 - xrp_service - INFO - XRP client initialization skipped - using Tatum API only
2025-08-22 17:14:28 - xrp_service - INFO - Tatum helper initialized for XRP service
2025-08-22 17:14:28 - xrp_service - WARNING - XRP_NODE_URL environment variable is not set. Using default XRP node: https://s1.ripple.com:51234
2025-08-22 17:14:28 - xrp_service - INFO - XRP client initialization skipped - using Tatum API only
2025-08-22 17:14:28 - xrp_service - INFO - Tatum helper initialized for XRP service
2025-08-22 17:14:28 - xrp_service - DEBUG - Logger initialized for xrp_service at level DEBUG
2025-08-22 17:14:28 - xrp_service - WARNING - XRP_NODE_URL environment variable is not set. Using default XRP node: https://s1.ripple.com:51234
2025-08-22 17:14:28 - xrp_service - INFO - XRP client initialization skipped - using Tatum API only
2025-08-22 17:14:28 - xrp_service - INFO - Tatum helper initialized for XRP service
2025-08-22 17:14:28 - xrp_service - WARNING - XRP_NODE_URL environment variable is not set. Using default XRP node: https://s1.ripple.com:51234
2025-08-22 17:14:28 - xrp_service - INFO - XRP client initialization skipped - using Tatum API only
2025-08-22 17:14:28 - xrp_service - INFO - Tatum helper initialized for XRP service
2025-08-22 17:14:59 - xrp_service - DEBUG - Logger initialized for xrp_service at level DEBUG
2025-08-22 17:14:59 - xrp_service - WARNING - XRP_NODE_URL environment variable is not set. Using default XRP node: https://s1.ripple.com:51234
2025-08-22 17:14:59 - xrp_service - INFO - XRP client initialization skipped - using Tatum API only
2025-08-22 17:14:59 - xrp_service - INFO - Tatum helper initialized for XRP service
2025-08-22 17:14:59 - xrp_service - WARNING - XRP_NODE_URL environment variable is not set. Using default XRP node: https://s1.ripple.com:51234
2025-08-22 17:14:59 - xrp_service - INFO - XRP client initialization skipped - using Tatum API only
2025-08-22 17:14:59 - xrp_service - INFO - Tatum helper initialized for XRP service
2025-08-22 17:14:59 - xrp_service - DEBUG - Logger initialized for xrp_service at level DEBUG
2025-08-22 17:14:59 - xrp_service - WARNING - XRP_NODE_URL environment variable is not set. Using default XRP node: https://s1.ripple.com:51234
2025-08-22 17:14:59 - xrp_service - INFO - XRP client initialization skipped - using Tatum API only
2025-08-22 17:14:59 - xrp_service - INFO - Tatum helper initialized for XRP service
2025-08-22 17:14:59 - xrp_service - WARNING - XRP_NODE_URL environment variable is not set. Using default XRP node: https://s1.ripple.com:51234
2025-08-22 17:14:59 - xrp_service - INFO - XRP client initialization skipped - using Tatum API only
2025-08-22 17:14:59 - xrp_service - INFO - Tatum helper initialized for XRP service
2025-08-22 17:14:59 - xrp_service - DEBUG - Logger initialized for xrp_service at level DEBUG
2025-08-22 17:14:59 - xrp_service - WARNING - XRP_NODE_URL environment variable is not set. Using default XRP node: https://s1.ripple.com:51234
2025-08-22 17:14:59 - xrp_service - INFO - XRP client initialization skipped - using Tatum API only
2025-08-22 17:14:59 - xrp_service - INFO - Tatum helper initialized for XRP service
2025-08-22 17:14:59 - xrp_service - WARNING - XRP_NODE_URL environment variable is not set. Using default XRP node: https://s1.ripple.com:51234
2025-08-22 17:14:59 - xrp_service - INFO - XRP client initialization skipped - using Tatum API only
2025-08-22 17:14:59 - xrp_service - INFO - Tatum helper initialized for XRP service
2025-08-22 17:15:29 - xrp_service - DEBUG - Logger initialized for xrp_service at level DEBUG
2025-08-22 17:15:29 - xrp_service - WARNING - XRP_NODE_URL environment variable is not set. Using default XRP node: https://s1.ripple.com:51234
2025-08-22 17:15:29 - xrp_service - INFO - XRP client initialization skipped - using Tatum API only
2025-08-22 17:15:29 - xrp_service - INFO - Tatum helper initialized for XRP service
2025-08-22 17:15:29 - xrp_service - WARNING - XRP_NODE_URL environment variable is not set. Using default XRP node: https://s1.ripple.com:51234
2025-08-22 17:15:29 - xrp_service - INFO - XRP client initialization skipped - using Tatum API only
2025-08-22 17:15:29 - xrp_service - INFO - Tatum helper initialized for XRP service
2025-08-22 17:15:29 - xrp_service - DEBUG - Logger initialized for xrp_service at level DEBUG
2025-08-22 17:15:29 - xrp_service - WARNING - XRP_NODE_URL environment variable is not set. Using default XRP node: https://s1.ripple.com:51234
2025-08-22 17:15:29 - xrp_service - INFO - XRP client initialization skipped - using Tatum API only
2025-08-22 17:15:29 - xrp_service - INFO - Tatum helper initialized for XRP service
2025-08-22 17:15:29 - xrp_service - WARNING - XRP_NODE_URL environment variable is not set. Using default XRP node: https://s1.ripple.com:51234
2025-08-22 17:15:29 - xrp_service - INFO - XRP client initialization skipped - using Tatum API only
2025-08-22 17:15:29 - xrp_service - INFO - Tatum helper initialized for XRP service
2025-08-22 17:15:29 - xrp_service - DEBUG - Logger initialized for xrp_service at level DEBUG
2025-08-22 17:15:29 - xrp_service - WARNING - XRP_NODE_URL environment variable is not set. Using default XRP node: https://s1.ripple.com:51234
2025-08-22 17:15:29 - xrp_service - INFO - XRP client initialization skipped - using Tatum API only
2025-08-22 17:15:29 - xrp_service - INFO - Tatum helper initialized for XRP service
2025-08-22 17:15:29 - xrp_service - WARNING - XRP_NODE_URL environment variable is not set. Using default XRP node: https://s1.ripple.com:51234
2025-08-22 17:15:29 - xrp_service - INFO - XRP client initialization skipped - using Tatum API only
2025-08-22 17:15:29 - xrp_service - INFO - Tatum helper initialized for XRP service
2025-08-22 17:16:00 - xrp_service - DEBUG - Logger initialized for xrp_service at level DEBUG
2025-08-22 17:16:00 - xrp_service - WARNING - XRP_NODE_URL environment variable is not set. Using default XRP node: https://s1.ripple.com:51234
2025-08-22 17:16:00 - xrp_service - INFO - XRP client initialization skipped - using Tatum API only
2025-08-22 17:16:00 - xrp_service - INFO - Tatum helper initialized for XRP service
2025-08-22 17:16:00 - xrp_service - WARNING - XRP_NODE_URL environment variable is not set. Using default XRP node: https://s1.ripple.com:51234
2025-08-22 17:16:00 - xrp_service - INFO - XRP client initialization skipped - using Tatum API only
2025-08-22 17:16:00 - xrp_service - INFO - Tatum helper initialized for XRP service
2025-08-22 17:16:00 - xrp_service - DEBUG - Logger initialized for xrp_service at level DEBUG
2025-08-22 17:16:00 - xrp_service - WARNING - XRP_NODE_URL environment variable is not set. Using default XRP node: https://s1.ripple.com:51234
2025-08-22 17:16:00 - xrp_service - INFO - XRP client initialization skipped - using Tatum API only
2025-08-22 17:16:00 - xrp_service - INFO - Tatum helper initialized for XRP service
2025-08-22 17:16:00 - xrp_service - WARNING - XRP_NODE_URL environment variable is not set. Using default XRP node: https://s1.ripple.com:51234
2025-08-22 17:16:00 - xrp_service - INFO - XRP client initialization skipped - using Tatum API only
2025-08-22 17:16:00 - xrp_service - INFO - Tatum helper initialized for XRP service
2025-08-22 17:16:00 - xrp_service - DEBUG - Logger initialized for xrp_service at level DEBUG
2025-08-22 17:16:00 - xrp_service - WARNING - XRP_NODE_URL environment variable is not set. Using default XRP node: https://s1.ripple.com:51234
2025-08-22 17:16:00 - xrp_service - INFO - XRP client initialization skipped - using Tatum API only
2025-08-22 17:16:00 - xrp_service - INFO - Tatum helper initialized for XRP service
2025-08-22 17:16:00 - xrp_service - WARNING - XRP_NODE_URL environment variable is not set. Using default XRP node: https://s1.ripple.com:51234
2025-08-22 17:16:00 - xrp_service - INFO - XRP client initialization skipped - using Tatum API only
2025-08-22 17:16:00 - xrp_service - INFO - Tatum helper initialized for XRP service
2025-08-22 17:16:31 - xrp_service - DEBUG - Logger initialized for xrp_service at level DEBUG
2025-08-22 17:16:31 - xrp_service - WARNING - XRP_NODE_URL environment variable is not set. Using default XRP node: https://s1.ripple.com:51234
2025-08-22 17:16:31 - xrp_service - INFO - XRP client initialization skipped - using Tatum API only
2025-08-22 17:16:31 - xrp_service - INFO - Tatum helper initialized for XRP service
2025-08-22 17:16:31 - xrp_service - WARNING - XRP_NODE_URL environment variable is not set. Using default XRP node: https://s1.ripple.com:51234
2025-08-22 17:16:31 - xrp_service - INFO - XRP client initialization skipped - using Tatum API only
2025-08-22 17:16:31 - xrp_service - INFO - Tatum helper initialized for XRP service
2025-08-22 17:16:31 - xrp_service - DEBUG - Logger initialized for xrp_service at level DEBUG
2025-08-22 17:16:31 - xrp_service - WARNING - XRP_NODE_URL environment variable is not set. Using default XRP node: https://s1.ripple.com:51234
2025-08-22 17:16:31 - xrp_service - INFO - XRP client initialization skipped - using Tatum API only
2025-08-22 17:16:31 - xrp_service - INFO - Tatum helper initialized for XRP service
2025-08-22 17:16:31 - xrp_service - WARNING - XRP_NODE_URL environment variable is not set. Using default XRP node: https://s1.ripple.com:51234
2025-08-22 17:16:31 - xrp_service - INFO - XRP client initialization skipped - using Tatum API only
2025-08-22 17:16:31 - xrp_service - INFO - Tatum helper initialized for XRP service
2025-08-22 17:16:31 - xrp_service - DEBUG - Logger initialized for xrp_service at level DEBUG
2025-08-22 17:16:31 - xrp_service - WARNING - XRP_NODE_URL environment variable is not set. Using default XRP node: https://s1.ripple.com:51234
2025-08-22 17:16:31 - xrp_service - INFO - XRP client initialization skipped - using Tatum API only
2025-08-22 17:16:31 - xrp_service - INFO - Tatum helper initialized for XRP service
2025-08-22 17:16:31 - xrp_service - WARNING - XRP_NODE_URL environment variable is not set. Using default XRP node: https://s1.ripple.com:51234
2025-08-22 17:16:31 - xrp_service - INFO - XRP client initialization skipped - using Tatum API only
2025-08-22 17:16:31 - xrp_service - INFO - Tatum helper initialized for XRP service
2025-08-22 17:17:34 - xrp_service - DEBUG - Logger initialized for xrp_service at level DEBUG
2025-08-22 17:17:34 - xrp_service - WARNING - XRP_NODE_URL environment variable is not set. Using default XRP node: https://s1.ripple.com:51234
2025-08-22 17:17:34 - xrp_service - INFO - XRP client initialization skipped - using Tatum API only
2025-08-22 17:17:34 - xrp_service - INFO - Tatum helper initialized for XRP service
2025-08-22 17:17:34 - xrp_service - WARNING - XRP_NODE_URL environment variable is not set. Using default XRP node: https://s1.ripple.com:51234
2025-08-22 17:17:34 - xrp_service - INFO - XRP client initialization skipped - using Tatum API only
2025-08-22 17:17:34 - xrp_service - INFO - Tatum helper initialized for XRP service
2025-08-22 17:17:34 - xrp_service - DEBUG - Logger initialized for xrp_service at level DEBUG
2025-08-22 17:17:34 - xrp_service - WARNING - XRP_NODE_URL environment variable is not set. Using default XRP node: https://s1.ripple.com:51234
2025-08-22 17:17:34 - xrp_service - INFO - XRP client initialization skipped - using Tatum API only
2025-08-22 17:17:34 - xrp_service - INFO - Tatum helper initialized for XRP service
2025-08-22 17:17:34 - xrp_service - WARNING - XRP_NODE_URL environment variable is not set. Using default XRP node: https://s1.ripple.com:51234
2025-08-22 17:17:34 - xrp_service - INFO - XRP client initialization skipped - using Tatum API only
2025-08-22 17:17:34 - xrp_service - INFO - Tatum helper initialized for XRP service
2025-08-22 17:17:34 - xrp_service - DEBUG - Logger initialized for xrp_service at level DEBUG
2025-08-22 17:17:34 - xrp_service - WARNING - XRP_NODE_URL environment variable is not set. Using default XRP node: https://s1.ripple.com:51234
2025-08-22 17:17:34 - xrp_service - INFO - XRP client initialization skipped - using Tatum API only
2025-08-22 17:17:34 - xrp_service - INFO - Tatum helper initialized for XRP service
2025-08-22 17:17:34 - xrp_service - WARNING - XRP_NODE_URL environment variable is not set. Using default XRP node: https://s1.ripple.com:51234
2025-08-22 17:17:34 - xrp_service - INFO - XRP client initialization skipped - using Tatum API only
2025-08-22 17:17:34 - xrp_service - INFO - Tatum helper initialized for XRP service
2025-08-22 17:18:06 - xrp_service - DEBUG - Logger initialized for xrp_service at level DEBUG
2025-08-22 17:18:06 - xrp_service - WARNING - XRP_NODE_URL environment variable is not set. Using default XRP node: https://s1.ripple.com:51234
2025-08-22 17:18:06 - xrp_service - INFO - XRP client initialization skipped - using Tatum API only
2025-08-22 17:18:06 - xrp_service - INFO - Tatum helper initialized for XRP service
2025-08-22 17:18:06 - xrp_service - WARNING - XRP_NODE_URL environment variable is not set. Using default XRP node: https://s1.ripple.com:51234
2025-08-22 17:18:06 - xrp_service - INFO - XRP client initialization skipped - using Tatum API only
2025-08-22 17:18:06 - xrp_service - INFO - Tatum helper initialized for XRP service
2025-08-22 17:18:06 - xrp_service - DEBUG - Logger initialized for xrp_service at level DEBUG
2025-08-22 17:18:06 - xrp_service - WARNING - XRP_NODE_URL environment variable is not set. Using default XRP node: https://s1.ripple.com:51234
2025-08-22 17:18:06 - xrp_service - INFO - XRP client initialization skipped - using Tatum API only
2025-08-22 17:18:06 - xrp_service - INFO - Tatum helper initialized for XRP service
2025-08-22 17:18:06 - xrp_service - WARNING - XRP_NODE_URL environment variable is not set. Using default XRP node: https://s1.ripple.com:51234
2025-08-22 17:18:06 - xrp_service - INFO - XRP client initialization skipped - using Tatum API only
2025-08-22 17:18:06 - xrp_service - INFO - Tatum helper initialized for XRP service
2025-08-22 17:18:06 - xrp_service - DEBUG - Logger initialized for xrp_service at level DEBUG
2025-08-22 17:18:06 - xrp_service - WARNING - XRP_NODE_URL environment variable is not set. Using default XRP node: https://s1.ripple.com:51234
2025-08-22 17:18:06 - xrp_service - INFO - XRP client initialization skipped - using Tatum API only
2025-08-22 17:18:06 - xrp_service - INFO - Tatum helper initialized for XRP service
2025-08-22 17:18:06 - xrp_service - WARNING - XRP_NODE_URL environment variable is not set. Using default XRP node: https://s1.ripple.com:51234
2025-08-22 17:18:06 - xrp_service - INFO - XRP client initialization skipped - using Tatum API only
2025-08-22 17:18:06 - xrp_service - INFO - Tatum helper initialized for XRP service
2025-08-22 17:18:38 - xrp_service - DEBUG - Logger initialized for xrp_service at level DEBUG
2025-08-22 17:18:38 - xrp_service - WARNING - XRP_NODE_URL environment variable is not set. Using default XRP node: https://s1.ripple.com:51234
2025-08-22 17:18:38 - xrp_service - INFO - XRP client initialization skipped - using Tatum API only
2025-08-22 17:18:38 - xrp_service - INFO - Tatum helper initialized for XRP service
2025-08-22 17:18:38 - xrp_service - WARNING - XRP_NODE_URL environment variable is not set. Using default XRP node: https://s1.ripple.com:51234
2025-08-22 17:18:38 - xrp_service - INFO - XRP client initialization skipped - using Tatum API only
2025-08-22 17:18:38 - xrp_service - INFO - Tatum helper initialized for XRP service
2025-08-22 17:18:38 - xrp_service - DEBUG - Logger initialized for xrp_service at level DEBUG
2025-08-22 17:18:38 - xrp_service - WARNING - XRP_NODE_URL environment variable is not set. Using default XRP node: https://s1.ripple.com:51234
2025-08-22 17:18:38 - xrp_service - INFO - XRP client initialization skipped - using Tatum API only
2025-08-22 17:18:38 - xrp_service - INFO - Tatum helper initialized for XRP service
2025-08-22 17:18:38 - xrp_service - WARNING - XRP_NODE_URL environment variable is not set. Using default XRP node: https://s1.ripple.com:51234
2025-08-22 17:18:38 - xrp_service - INFO - XRP client initialization skipped - using Tatum API only
2025-08-22 17:18:38 - xrp_service - INFO - Tatum helper initialized for XRP service
2025-08-22 17:18:38 - xrp_service - DEBUG - Logger initialized for xrp_service at level DEBUG
2025-08-22 17:18:38 - xrp_service - WARNING - XRP_NODE_URL environment variable is not set. Using default XRP node: https://s1.ripple.com:51234
2025-08-22 17:18:38 - xrp_service - INFO - XRP client initialization skipped - using Tatum API only
2025-08-22 17:18:38 - xrp_service - INFO - Tatum helper initialized for XRP service
2025-08-22 17:18:38 - xrp_service - WARNING - XRP_NODE_URL environment variable is not set. Using default XRP node: https://s1.ripple.com:51234
2025-08-22 17:18:38 - xrp_service - INFO - XRP client initialization skipped - using Tatum API only
2025-08-22 17:18:38 - xrp_service - INFO - Tatum helper initialized for XRP service
2025-08-22 17:19:09 - xrp_service - DEBUG - Logger initialized for xrp_service at level DEBUG
2025-08-22 17:19:09 - xrp_service - WARNING - XRP_NODE_URL environment variable is not set. Using default XRP node: https://s1.ripple.com:51234
2025-08-22 17:19:09 - xrp_service - INFO - XRP client initialization skipped - using Tatum API only
2025-08-22 17:19:09 - xrp_service - INFO - Tatum helper initialized for XRP service
2025-08-22 17:19:09 - xrp_service - WARNING - XRP_NODE_URL environment variable is not set. Using default XRP node: https://s1.ripple.com:51234
2025-08-22 17:19:09 - xrp_service - INFO - XRP client initialization skipped - using Tatum API only
2025-08-22 17:19:09 - xrp_service - INFO - Tatum helper initialized for XRP service
2025-08-22 17:19:09 - xrp_service - DEBUG - Logger initialized for xrp_service at level DEBUG
2025-08-22 17:19:09 - xrp_service - WARNING - XRP_NODE_URL environment variable is not set. Using default XRP node: https://s1.ripple.com:51234
2025-08-22 17:19:09 - xrp_service - INFO - XRP client initialization skipped - using Tatum API only
2025-08-22 17:19:09 - xrp_service - INFO - Tatum helper initialized for XRP service
2025-08-22 17:19:09 - xrp_service - WARNING - XRP_NODE_URL environment variable is not set. Using default XRP node: https://s1.ripple.com:51234
2025-08-22 17:19:09 - xrp_service - INFO - XRP client initialization skipped - using Tatum API only
2025-08-22 17:19:09 - xrp_service - INFO - Tatum helper initialized for XRP service
2025-08-22 17:19:09 - xrp_service - DEBUG - Logger initialized for xrp_service at level DEBUG
2025-08-22 17:19:09 - xrp_service - WARNING - XRP_NODE_URL environment variable is not set. Using default XRP node: https://s1.ripple.com:51234
2025-08-22 17:19:09 - xrp_service - INFO - XRP client initialization skipped - using Tatum API only
2025-08-22 17:19:09 - xrp_service - INFO - Tatum helper initialized for XRP service
2025-08-22 17:19:09 - xrp_service - WARNING - XRP_NODE_URL environment variable is not set. Using default XRP node: https://s1.ripple.com:51234
2025-08-22 17:19:09 - xrp_service - INFO - XRP client initialization skipped - using Tatum API only
2025-08-22 17:19:09 - xrp_service - INFO - Tatum helper initialized for XRP service
2025-08-22 17:19:40 - xrp_service - DEBUG - Logger initialized for xrp_service at level DEBUG
2025-08-22 17:19:40 - xrp_service - WARNING - XRP_NODE_URL environment variable is not set. Using default XRP node: https://s1.ripple.com:51234
2025-08-22 17:19:40 - xrp_service - INFO - XRP client initialization skipped - using Tatum API only
2025-08-22 17:19:40 - xrp_service - INFO - Tatum helper initialized for XRP service
2025-08-22 17:19:40 - xrp_service - WARNING - XRP_NODE_URL environment variable is not set. Using default XRP node: https://s1.ripple.com:51234
2025-08-22 17:19:40 - xrp_service - INFO - XRP client initialization skipped - using Tatum API only
2025-08-22 17:19:40 - xrp_service - INFO - Tatum helper initialized for XRP service
2025-08-22 17:19:40 - xrp_service - DEBUG - Logger initialized for xrp_service at level DEBUG
2025-08-22 17:19:40 - xrp_service - WARNING - XRP_NODE_URL environment variable is not set. Using default XRP node: https://s1.ripple.com:51234
2025-08-22 17:19:40 - xrp_service - INFO - XRP client initialization skipped - using Tatum API only
2025-08-22 17:19:40 - xrp_service - INFO - Tatum helper initialized for XRP service
2025-08-22 17:19:40 - xrp_service - WARNING - XRP_NODE_URL environment variable is not set. Using default XRP node: https://s1.ripple.com:51234
2025-08-22 17:19:40 - xrp_service - INFO - XRP client initialization skipped - using Tatum API only
2025-08-22 17:19:40 - xrp_service - INFO - Tatum helper initialized for XRP service
2025-08-22 17:19:41 - xrp_service - DEBUG - Logger initialized for xrp_service at level DEBUG
2025-08-22 17:19:41 - xrp_service - WARNING - XRP_NODE_URL environment variable is not set. Using default XRP node: https://s1.ripple.com:51234
2025-08-22 17:19:41 - xrp_service - INFO - XRP client initialization skipped - using Tatum API only
2025-08-22 17:19:41 - xrp_service - INFO - Tatum helper initialized for XRP service
2025-08-22 17:19:41 - xrp_service - WARNING - XRP_NODE_URL environment variable is not set. Using default XRP node: https://s1.ripple.com:51234
2025-08-22 17:19:41 - xrp_service - INFO - XRP client initialization skipped - using Tatum API only
2025-08-22 17:19:41 - xrp_service - INFO - Tatum helper initialized for XRP service
2025-08-22 17:20:14 - xrp_service - DEBUG - Logger initialized for xrp_service at level DEBUG
2025-08-22 17:20:14 - xrp_service - WARNING - XRP_NODE_URL environment variable is not set. Using default XRP node: https://s1.ripple.com:51234
2025-08-22 17:20:14 - xrp_service - INFO - XRP client initialization skipped - using Tatum API only
2025-08-22 17:20:14 - xrp_service - INFO - Tatum helper initialized for XRP service
2025-08-22 17:20:14 - xrp_service - WARNING - XRP_NODE_URL environment variable is not set. Using default XRP node: https://s1.ripple.com:51234
2025-08-22 17:20:14 - xrp_service - INFO - XRP client initialization skipped - using Tatum API only
2025-08-22 17:20:14 - xrp_service - INFO - Tatum helper initialized for XRP service
2025-08-22 17:20:14 - xrp_service - DEBUG - Logger initialized for xrp_service at level DEBUG
2025-08-22 17:20:14 - xrp_service - WARNING - XRP_NODE_URL environment variable is not set. Using default XRP node: https://s1.ripple.com:51234
2025-08-22 17:20:14 - xrp_service - INFO - XRP client initialization skipped - using Tatum API only
2025-08-22 17:20:14 - xrp_service - INFO - Tatum helper initialized for XRP service
2025-08-22 17:20:14 - xrp_service - WARNING - XRP_NODE_URL environment variable is not set. Using default XRP node: https://s1.ripple.com:51234
2025-08-22 17:20:14 - xrp_service - INFO - XRP client initialization skipped - using Tatum API only
2025-08-22 17:20:14 - xrp_service - INFO - Tatum helper initialized for XRP service
2025-08-22 17:20:14 - xrp_service - DEBUG - Logger initialized for xrp_service at level DEBUG
2025-08-22 17:20:14 - xrp_service - WARNING - XRP_NODE_URL environment variable is not set. Using default XRP node: https://s1.ripple.com:51234
2025-08-22 17:20:14 - xrp_service - INFO - XRP client initialization skipped - using Tatum API only
2025-08-22 17:20:14 - xrp_service - INFO - Tatum helper initialized for XRP service
2025-08-22 17:20:14 - xrp_service - WARNING - XRP_NODE_URL environment variable is not set. Using default XRP node: https://s1.ripple.com:51234
2025-08-22 17:20:14 - xrp_service - INFO - XRP client initialization skipped - using Tatum API only
2025-08-22 17:20:14 - xrp_service - INFO - Tatum helper initialized for XRP service
2025-08-22 17:20:48 - xrp_service - DEBUG - Logger initialized for xrp_service at level DEBUG
2025-08-22 17:20:48 - xrp_service - WARNING - XRP_NODE_URL environment variable is not set. Using default XRP node: https://s1.ripple.com:51234
2025-08-22 17:20:48 - xrp_service - INFO - XRP client initialization skipped - using Tatum API only
2025-08-22 17:20:48 - xrp_service - INFO - Tatum helper initialized for XRP service
2025-08-22 17:20:48 - xrp_service - WARNING - XRP_NODE_URL environment variable is not set. Using default XRP node: https://s1.ripple.com:51234
2025-08-22 17:20:48 - xrp_service - INFO - XRP client initialization skipped - using Tatum API only
2025-08-22 17:20:48 - xrp_service - INFO - Tatum helper initialized for XRP service
2025-08-22 17:20:48 - xrp_service - DEBUG - Logger initialized for xrp_service at level DEBUG
2025-08-22 17:20:48 - xrp_service - WARNING - XRP_NODE_URL environment variable is not set. Using default XRP node: https://s1.ripple.com:51234
2025-08-22 17:20:48 - xrp_service - INFO - XRP client initialization skipped - using Tatum API only
2025-08-22 17:20:48 - xrp_service - INFO - Tatum helper initialized for XRP service
2025-08-22 17:20:48 - xrp_service - WARNING - XRP_NODE_URL environment variable is not set. Using default XRP node: https://s1.ripple.com:51234
2025-08-22 17:20:48 - xrp_service - INFO - XRP client initialization skipped - using Tatum API only
2025-08-22 17:20:48 - xrp_service - INFO - Tatum helper initialized for XRP service
2025-08-22 17:20:48 - xrp_service - DEBUG - Logger initialized for xrp_service at level DEBUG
2025-08-22 17:20:48 - xrp_service - WARNING - XRP_NODE_URL environment variable is not set. Using default XRP node: https://s1.ripple.com:51234
2025-08-22 17:20:48 - xrp_service - INFO - XRP client initialization skipped - using Tatum API only
2025-08-22 17:20:48 - xrp_service - INFO - Tatum helper initialized for XRP service
2025-08-22 17:20:48 - xrp_service - WARNING - XRP_NODE_URL environment variable is not set. Using default XRP node: https://s1.ripple.com:51234
2025-08-22 17:20:48 - xrp_service - INFO - XRP client initialization skipped - using Tatum API only
2025-08-22 17:20:48 - xrp_service - INFO - Tatum helper initialized for XRP service
2025-08-22 17:21:17 - xrp_service - DEBUG - Logger initialized for xrp_service at level DEBUG
2025-08-22 17:21:17 - xrp_service - WARNING - XRP_NODE_URL environment variable is not set. Using default XRP node: https://s1.ripple.com:51234
2025-08-22 17:21:17 - xrp_service - INFO - XRP client initialization skipped - using Tatum API only
2025-08-22 17:21:17 - xrp_service - INFO - Tatum helper initialized for XRP service
2025-08-22 17:21:17 - xrp_service - WARNING - XRP_NODE_URL environment variable is not set. Using default XRP node: https://s1.ripple.com:51234
2025-08-22 17:21:17 - xrp_service - INFO - XRP client initialization skipped - using Tatum API only
2025-08-22 17:21:17 - xrp_service - INFO - Tatum helper initialized for XRP service
2025-08-22 17:21:17 - xrp_service - DEBUG - Logger initialized for xrp_service at level DEBUG
2025-08-22 17:21:17 - xrp_service - WARNING - XRP_NODE_URL environment variable is not set. Using default XRP node: https://s1.ripple.com:51234
2025-08-22 17:21:17 - xrp_service - INFO - XRP client initialization skipped - using Tatum API only
2025-08-22 17:21:17 - xrp_service - INFO - Tatum helper initialized for XRP service
2025-08-22 17:21:17 - xrp_service - WARNING - XRP_NODE_URL environment variable is not set. Using default XRP node: https://s1.ripple.com:51234
2025-08-22 17:21:17 - xrp_service - INFO - XRP client initialization skipped - using Tatum API only
2025-08-22 17:21:17 - xrp_service - INFO - Tatum helper initialized for XRP service
2025-08-22 17:21:17 - xrp_service - DEBUG - Logger initialized for xrp_service at level DEBUG
2025-08-22 17:21:17 - xrp_service - WARNING - XRP_NODE_URL environment variable is not set. Using default XRP node: https://s1.ripple.com:51234
2025-08-22 17:21:17 - xrp_service - INFO - XRP client initialization skipped - using Tatum API only
2025-08-22 17:21:17 - xrp_service - INFO - Tatum helper initialized for XRP service
2025-08-22 17:21:17 - xrp_service - WARNING - XRP_NODE_URL environment variable is not set. Using default XRP node: https://s1.ripple.com:51234
2025-08-22 17:21:17 - xrp_service - INFO - XRP client initialization skipped - using Tatum API only
2025-08-22 17:21:17 - xrp_service - INFO - Tatum helper initialized for XRP service
2025-08-22 17:21:49 - xrp_service - DEBUG - Logger initialized for xrp_service at level DEBUG
2025-08-22 17:21:49 - xrp_service - WARNING - XRP_NODE_URL environment variable is not set. Using default XRP node: https://s1.ripple.com:51234
2025-08-22 17:21:49 - xrp_service - INFO - XRP client initialization skipped - using Tatum API only
2025-08-22 17:21:49 - xrp_service - INFO - Tatum helper initialized for XRP service
2025-08-22 17:21:49 - xrp_service - WARNING - XRP_NODE_URL environment variable is not set. Using default XRP node: https://s1.ripple.com:51234
2025-08-22 17:21:49 - xrp_service - INFO - XRP client initialization skipped - using Tatum API only
2025-08-22 17:21:49 - xrp_service - INFO - Tatum helper initialized for XRP service
2025-08-22 17:21:49 - xrp_service - DEBUG - Logger initialized for xrp_service at level DEBUG
2025-08-22 17:21:49 - xrp_service - WARNING - XRP_NODE_URL environment variable is not set. Using default XRP node: https://s1.ripple.com:51234
2025-08-22 17:21:49 - xrp_service - INFO - XRP client initialization skipped - using Tatum API only
2025-08-22 17:21:49 - xrp_service - INFO - Tatum helper initialized for XRP service
2025-08-22 17:21:49 - xrp_service - WARNING - XRP_NODE_URL environment variable is not set. Using default XRP node: https://s1.ripple.com:51234
2025-08-22 17:21:49 - xrp_service - INFO - XRP client initialization skipped - using Tatum API only
2025-08-22 17:21:49 - xrp_service - INFO - Tatum helper initialized for XRP service
2025-08-22 17:21:49 - xrp_service - DEBUG - Logger initialized for xrp_service at level DEBUG
2025-08-22 17:21:49 - xrp_service - WARNING - XRP_NODE_URL environment variable is not set. Using default XRP node: https://s1.ripple.com:51234
2025-08-22 17:21:49 - xrp_service - INFO - XRP client initialization skipped - using Tatum API only
2025-08-22 17:21:49 - xrp_service - INFO - Tatum helper initialized for XRP service
2025-08-22 17:21:49 - xrp_service - WARNING - XRP_NODE_URL environment variable is not set. Using default XRP node: https://s1.ripple.com:51234
2025-08-22 17:21:49 - xrp_service - INFO - XRP client initialization skipped - using Tatum API only
2025-08-22 17:21:49 - xrp_service - INFO - Tatum helper initialized for XRP service
2025-08-22 17:22:19 - xrp_service - DEBUG - Logger initialized for xrp_service at level DEBUG
2025-08-22 17:22:19 - xrp_service - WARNING - XRP_NODE_URL environment variable is not set. Using default XRP node: https://s1.ripple.com:51234
2025-08-22 17:22:19 - xrp_service - INFO - XRP client initialization skipped - using Tatum API only
2025-08-22 17:22:19 - xrp_service - INFO - Tatum helper initialized for XRP service
2025-08-22 17:22:19 - xrp_service - WARNING - XRP_NODE_URL environment variable is not set. Using default XRP node: https://s1.ripple.com:51234
2025-08-22 17:22:19 - xrp_service - INFO - XRP client initialization skipped - using Tatum API only
2025-08-22 17:22:19 - xrp_service - INFO - Tatum helper initialized for XRP service
2025-08-22 17:22:19 - xrp_service - DEBUG - Logger initialized for xrp_service at level DEBUG
2025-08-22 17:22:19 - xrp_service - WARNING - XRP_NODE_URL environment variable is not set. Using default XRP node: https://s1.ripple.com:51234
2025-08-22 17:22:19 - xrp_service - INFO - XRP client initialization skipped - using Tatum API only
2025-08-22 17:22:19 - xrp_service - INFO - Tatum helper initialized for XRP service
2025-08-22 17:22:19 - xrp_service - WARNING - XRP_NODE_URL environment variable is not set. Using default XRP node: https://s1.ripple.com:51234
2025-08-22 17:22:19 - xrp_service - INFO - XRP client initialization skipped - using Tatum API only
2025-08-22 17:22:19 - xrp_service - INFO - Tatum helper initialized for XRP service
2025-08-22 17:22:20 - xrp_service - DEBUG - Logger initialized for xrp_service at level DEBUG
2025-08-22 17:22:20 - xrp_service - WARNING - XRP_NODE_URL environment variable is not set. Using default XRP node: https://s1.ripple.com:51234
2025-08-22 17:22:20 - xrp_service - INFO - XRP client initialization skipped - using Tatum API only
2025-08-22 17:22:20 - xrp_service - INFO - Tatum helper initialized for XRP service
2025-08-22 17:22:20 - xrp_service - WARNING - XRP_NODE_URL environment variable is not set. Using default XRP node: https://s1.ripple.com:51234
2025-08-22 17:22:20 - xrp_service - INFO - XRP client initialization skipped - using Tatum API only
2025-08-22 17:22:20 - xrp_service - INFO - Tatum helper initialized for XRP service
2025-08-22 17:22:48 - xrp_service - DEBUG - Logger initialized for xrp_service at level DEBUG
2025-08-22 17:22:48 - xrp_service - WARNING - XRP_NODE_URL environment variable is not set. Using default XRP node: https://s1.ripple.com:51234
2025-08-22 17:22:48 - xrp_service - INFO - XRP client initialization skipped - using Tatum API only
2025-08-22 17:22:48 - xrp_service - INFO - Tatum helper initialized for XRP service
2025-08-22 17:22:48 - xrp_service - WARNING - XRP_NODE_URL environment variable is not set. Using default XRP node: https://s1.ripple.com:51234
2025-08-22 17:22:48 - xrp_service - INFO - XRP client initialization skipped - using Tatum API only
2025-08-22 17:22:48 - xrp_service - INFO - Tatum helper initialized for XRP service
2025-08-22 17:22:48 - xrp_service - DEBUG - Logger initialized for xrp_service at level DEBUG
2025-08-22 17:22:48 - xrp_service - WARNING - XRP_NODE_URL environment variable is not set. Using default XRP node: https://s1.ripple.com:51234
2025-08-22 17:22:48 - xrp_service - INFO - XRP client initialization skipped - using Tatum API only
2025-08-22 17:22:48 - xrp_service - INFO - Tatum helper initialized for XRP service
2025-08-22 17:22:48 - xrp_service - WARNING - XRP_NODE_URL environment variable is not set. Using default XRP node: https://s1.ripple.com:51234
2025-08-22 17:22:48 - xrp_service - INFO - XRP client initialization skipped - using Tatum API only
2025-08-22 17:22:48 - xrp_service - INFO - Tatum helper initialized for XRP service
2025-08-22 17:22:49 - xrp_service - DEBUG - Logger initialized for xrp_service at level DEBUG
2025-08-22 17:22:49 - xrp_service - WARNING - XRP_NODE_URL environment variable is not set. Using default XRP node: https://s1.ripple.com:51234
2025-08-22 17:22:49 - xrp_service - INFO - XRP client initialization skipped - using Tatum API only
2025-08-22 17:22:49 - xrp_service - INFO - Tatum helper initialized for XRP service
2025-08-22 17:22:49 - xrp_service - WARNING - XRP_NODE_URL environment variable is not set. Using default XRP node: https://s1.ripple.com:51234
2025-08-22 17:22:49 - xrp_service - INFO - XRP client initialization skipped - using Tatum API only
2025-08-22 17:22:49 - xrp_service - INFO - Tatum helper initialized for XRP service
2025-08-22 17:23:19 - xrp_service - DEBUG - Logger initialized for xrp_service at level DEBUG
2025-08-22 17:23:19 - xrp_service - WARNING - XRP_NODE_URL environment variable is not set. Using default XRP node: https://s1.ripple.com:51234
2025-08-22 17:23:19 - xrp_service - INFO - XRP client initialization skipped - using Tatum API only
2025-08-22 17:23:19 - xrp_service - INFO - Tatum helper initialized for XRP service
2025-08-22 17:23:19 - xrp_service - WARNING - XRP_NODE_URL environment variable is not set. Using default XRP node: https://s1.ripple.com:51234
2025-08-22 17:23:19 - xrp_service - INFO - XRP client initialization skipped - using Tatum API only
2025-08-22 17:23:19 - xrp_service - INFO - Tatum helper initialized for XRP service
2025-08-22 17:23:20 - xrp_service - DEBUG - Logger initialized for xrp_service at level DEBUG
2025-08-22 17:23:20 - xrp_service - WARNING - XRP_NODE_URL environment variable is not set. Using default XRP node: https://s1.ripple.com:51234
2025-08-22 17:23:20 - xrp_service - INFO - XRP client initialization skipped - using Tatum API only
2025-08-22 17:23:20 - xrp_service - INFO - Tatum helper initialized for XRP service
2025-08-22 17:23:20 - xrp_service - WARNING - XRP_NODE_URL environment variable is not set. Using default XRP node: https://s1.ripple.com:51234
2025-08-22 17:23:20 - xrp_service - INFO - XRP client initialization skipped - using Tatum API only
2025-08-22 17:23:20 - xrp_service - INFO - Tatum helper initialized for XRP service
2025-08-22 17:23:20 - xrp_service - DEBUG - Logger initialized for xrp_service at level DEBUG
2025-08-22 17:23:20 - xrp_service - WARNING - XRP_NODE_URL environment variable is not set. Using default XRP node: https://s1.ripple.com:51234
2025-08-22 17:23:20 - xrp_service - INFO - XRP client initialization skipped - using Tatum API only
2025-08-22 17:23:20 - xrp_service - INFO - Tatum helper initialized for XRP service
2025-08-22 17:23:20 - xrp_service - WARNING - XRP_NODE_URL environment variable is not set. Using default XRP node: https://s1.ripple.com:51234
2025-08-22 17:23:20 - xrp_service - INFO - XRP client initialization skipped - using Tatum API only
2025-08-22 17:23:20 - xrp_service - INFO - Tatum helper initialized for XRP service
2025-08-22 17:23:51 - xrp_service - DEBUG - Logger initialized for xrp_service at level DEBUG
2025-08-22 17:23:51 - xrp_service - WARNING - XRP_NODE_URL environment variable is not set. Using default XRP node: https://s1.ripple.com:51234
2025-08-22 17:23:51 - xrp_service - INFO - XRP client initialization skipped - using Tatum API only
2025-08-22 17:23:51 - xrp_service - INFO - Tatum helper initialized for XRP service
2025-08-22 17:23:51 - xrp_service - WARNING - XRP_NODE_URL environment variable is not set. Using default XRP node: https://s1.ripple.com:51234
2025-08-22 17:23:51 - xrp_service - INFO - XRP client initialization skipped - using Tatum API only
2025-08-22 17:23:51 - xrp_service - INFO - Tatum helper initialized for XRP service
2025-08-22 17:23:51 - xrp_service - DEBUG - Logger initialized for xrp_service at level DEBUG
2025-08-22 17:23:51 - xrp_service - WARNING - XRP_NODE_URL environment variable is not set. Using default XRP node: https://s1.ripple.com:51234
2025-08-22 17:23:51 - xrp_service - INFO - XRP client initialization skipped - using Tatum API only
2025-08-22 17:23:51 - xrp_service - INFO - Tatum helper initialized for XRP service
2025-08-22 17:23:51 - xrp_service - WARNING - XRP_NODE_URL environment variable is not set. Using default XRP node: https://s1.ripple.com:51234
2025-08-22 17:23:51 - xrp_service - INFO - XRP client initialization skipped - using Tatum API only
2025-08-22 17:23:51 - xrp_service - INFO - Tatum helper initialized for XRP service
2025-08-22 17:23:51 - xrp_service - DEBUG - Logger initialized for xrp_service at level DEBUG
2025-08-22 17:23:51 - xrp_service - WARNING - XRP_NODE_URL environment variable is not set. Using default XRP node: https://s1.ripple.com:51234
2025-08-22 17:23:51 - xrp_service - INFO - XRP client initialization skipped - using Tatum API only
2025-08-22 17:23:51 - xrp_service - INFO - Tatum helper initialized for XRP service
2025-08-22 17:23:51 - xrp_service - WARNING - XRP_NODE_URL environment variable is not set. Using default XRP node: https://s1.ripple.com:51234
2025-08-22 17:23:51 - xrp_service - INFO - XRP client initialization skipped - using Tatum API only
2025-08-22 17:23:51 - xrp_service - INFO - Tatum helper initialized for XRP service
2025-08-22 17:24:22 - xrp_service - DEBUG - Logger initialized for xrp_service at level DEBUG
2025-08-22 17:24:22 - xrp_service - WARNING - XRP_NODE_URL environment variable is not set. Using default XRP node: https://s1.ripple.com:51234
2025-08-22 17:24:22 - xrp_service - INFO - XRP client initialization skipped - using Tatum API only
2025-08-22 17:24:22 - xrp_service - INFO - Tatum helper initialized for XRP service
2025-08-22 17:24:22 - xrp_service - WARNING - XRP_NODE_URL environment variable is not set. Using default XRP node: https://s1.ripple.com:51234
2025-08-22 17:24:22 - xrp_service - INFO - XRP client initialization skipped - using Tatum API only
2025-08-22 17:24:22 - xrp_service - INFO - Tatum helper initialized for XRP service
2025-08-22 17:24:22 - xrp_service - DEBUG - Logger initialized for xrp_service at level DEBUG
2025-08-22 17:24:22 - xrp_service - WARNING - XRP_NODE_URL environment variable is not set. Using default XRP node: https://s1.ripple.com:51234
2025-08-22 17:24:22 - xrp_service - INFO - XRP client initialization skipped - using Tatum API only
2025-08-22 17:24:22 - xrp_service - INFO - Tatum helper initialized for XRP service
2025-08-22 17:24:22 - xrp_service - WARNING - XRP_NODE_URL environment variable is not set. Using default XRP node: https://s1.ripple.com:51234
2025-08-22 17:24:22 - xrp_service - INFO - XRP client initialization skipped - using Tatum API only
2025-08-22 17:24:22 - xrp_service - INFO - Tatum helper initialized for XRP service
2025-08-22 17:24:23 - xrp_service - DEBUG - Logger initialized for xrp_service at level DEBUG
2025-08-22 17:24:23 - xrp_service - WARNING - XRP_NODE_URL environment variable is not set. Using default XRP node: https://s1.ripple.com:51234
2025-08-22 17:24:23 - xrp_service - INFO - XRP client initialization skipped - using Tatum API only
2025-08-22 17:24:23 - xrp_service - INFO - Tatum helper initialized for XRP service
2025-08-22 17:24:23 - xrp_service - WARNING - XRP_NODE_URL environment variable is not set. Using default XRP node: https://s1.ripple.com:51234
2025-08-22 17:24:23 - xrp_service - INFO - XRP client initialization skipped - using Tatum API only
2025-08-22 17:24:23 - xrp_service - INFO - Tatum helper initialized for XRP service
2025-08-22 17:24:50 - xrp_service - DEBUG - Logger initialized for xrp_service at level DEBUG
2025-08-22 17:24:50 - xrp_service - WARNING - XRP_NODE_URL environment variable is not set. Using default XRP node: https://s1.ripple.com:51234
2025-08-22 17:24:50 - xrp_service - INFO - XRP client initialization skipped - using Tatum API only
2025-08-22 17:24:50 - xrp_service - INFO - Tatum helper initialized for XRP service
2025-08-22 17:24:50 - xrp_service - WARNING - XRP_NODE_URL environment variable is not set. Using default XRP node: https://s1.ripple.com:51234
2025-08-22 17:24:50 - xrp_service - INFO - XRP client initialization skipped - using Tatum API only
2025-08-22 17:24:50 - xrp_service - INFO - Tatum helper initialized for XRP service
2025-08-22 17:24:50 - xrp_service - DEBUG - Logger initialized for xrp_service at level DEBUG
2025-08-22 17:24:50 - xrp_service - WARNING - XRP_NODE_URL environment variable is not set. Using default XRP node: https://s1.ripple.com:51234
2025-08-22 17:24:50 - xrp_service - INFO - XRP client initialization skipped - using Tatum API only
2025-08-22 17:24:50 - xrp_service - INFO - Tatum helper initialized for XRP service
2025-08-22 17:24:50 - xrp_service - WARNING - XRP_NODE_URL environment variable is not set. Using default XRP node: https://s1.ripple.com:51234
2025-08-22 17:24:50 - xrp_service - INFO - XRP client initialization skipped - using Tatum API only
2025-08-22 17:24:50 - xrp_service - INFO - Tatum helper initialized for XRP service
2025-08-22 17:24:50 - xrp_service - DEBUG - Logger initialized for xrp_service at level DEBUG
2025-08-22 17:24:50 - xrp_service - WARNING - XRP_NODE_URL environment variable is not set. Using default XRP node: https://s1.ripple.com:51234
2025-08-22 17:24:50 - xrp_service - INFO - XRP client initialization skipped - using Tatum API only
2025-08-22 17:24:50 - xrp_service - INFO - Tatum helper initialized for XRP service
2025-08-22 17:24:50 - xrp_service - WARNING - XRP_NODE_URL environment variable is not set. Using default XRP node: https://s1.ripple.com:51234
2025-08-22 17:24:50 - xrp_service - INFO - XRP client initialization skipped - using Tatum API only
2025-08-22 17:24:50 - xrp_service - INFO - Tatum helper initialized for XRP service
2025-08-22 17:25:21 - xrp_service - DEBUG - Logger initialized for xrp_service at level DEBUG
2025-08-22 17:25:21 - xrp_service - WARNING - XRP_NODE_URL environment variable is not set. Using default XRP node: https://s1.ripple.com:51234
2025-08-22 17:25:21 - xrp_service - INFO - XRP client initialization skipped - using Tatum API only
2025-08-22 17:25:21 - xrp_service - INFO - Tatum helper initialized for XRP service
2025-08-22 17:25:21 - xrp_service - WARNING - XRP_NODE_URL environment variable is not set. Using default XRP node: https://s1.ripple.com:51234
2025-08-22 17:25:21 - xrp_service - INFO - XRP client initialization skipped - using Tatum API only
2025-08-22 17:25:21 - xrp_service - INFO - Tatum helper initialized for XRP service
2025-08-22 17:25:21 - xrp_service - DEBUG - Logger initialized for xrp_service at level DEBUG
2025-08-22 17:25:21 - xrp_service - WARNING - XRP_NODE_URL environment variable is not set. Using default XRP node: https://s1.ripple.com:51234
2025-08-22 17:25:21 - xrp_service - INFO - XRP client initialization skipped - using Tatum API only
2025-08-22 17:25:21 - xrp_service - INFO - Tatum helper initialized for XRP service
2025-08-22 17:25:21 - xrp_service - WARNING - XRP_NODE_URL environment variable is not set. Using default XRP node: https://s1.ripple.com:51234
2025-08-22 17:25:21 - xrp_service - INFO - XRP client initialization skipped - using Tatum API only
2025-08-22 17:25:21 - xrp_service - INFO - Tatum helper initialized for XRP service
2025-08-22 17:25:21 - xrp_service - DEBUG - Logger initialized for xrp_service at level DEBUG
2025-08-22 17:25:21 - xrp_service - WARNING - XRP_NODE_URL environment variable is not set. Using default XRP node: https://s1.ripple.com:51234
2025-08-22 17:25:21 - xrp_service - INFO - XRP client initialization skipped - using Tatum API only
2025-08-22 17:25:21 - xrp_service - INFO - Tatum helper initialized for XRP service
2025-08-22 17:25:21 - xrp_service - WARNING - XRP_NODE_URL environment variable is not set. Using default XRP node: https://s1.ripple.com:51234
2025-08-22 17:25:21 - xrp_service - INFO - XRP client initialization skipped - using Tatum API only
2025-08-22 17:25:21 - xrp_service - INFO - Tatum helper initialized for XRP service
2025-08-22 17:25:51 - xrp_service - DEBUG - Logger initialized for xrp_service at level DEBUG
2025-08-22 17:25:51 - xrp_service - WARNING - XRP_NODE_URL environment variable is not set. Using default XRP node: https://s1.ripple.com:51234
2025-08-22 17:25:51 - xrp_service - INFO - XRP client initialization skipped - using Tatum API only
2025-08-22 17:25:51 - xrp_service - INFO - Tatum helper initialized for XRP service
2025-08-22 17:25:51 - xrp_service - WARNING - XRP_NODE_URL environment variable is not set. Using default XRP node: https://s1.ripple.com:51234
2025-08-22 17:25:51 - xrp_service - INFO - XRP client initialization skipped - using Tatum API only
2025-08-22 17:25:51 - xrp_service - INFO - Tatum helper initialized for XRP service
2025-08-22 17:25:51 - xrp_service - DEBUG - Logger initialized for xrp_service at level DEBUG
2025-08-22 17:25:51 - xrp_service - WARNING - XRP_NODE_URL environment variable is not set. Using default XRP node: https://s1.ripple.com:51234
2025-08-22 17:25:51 - xrp_service - INFO - XRP client initialization skipped - using Tatum API only
2025-08-22 17:25:51 - xrp_service - INFO - Tatum helper initialized for XRP service
2025-08-22 17:25:51 - xrp_service - WARNING - XRP_NODE_URL environment variable is not set. Using default XRP node: https://s1.ripple.com:51234
2025-08-22 17:25:51 - xrp_service - INFO - XRP client initialization skipped - using Tatum API only
2025-08-22 17:25:51 - xrp_service - INFO - Tatum helper initialized for XRP service
2025-08-22 17:25:51 - xrp_service - DEBUG - Logger initialized for xrp_service at level DEBUG
2025-08-22 17:25:51 - xrp_service - WARNING - XRP_NODE_URL environment variable is not set. Using default XRP node: https://s1.ripple.com:51234
2025-08-22 17:25:51 - xrp_service - INFO - XRP client initialization skipped - using Tatum API only
2025-08-22 17:25:51 - xrp_service - INFO - Tatum helper initialized for XRP service
2025-08-22 17:25:51 - xrp_service - WARNING - XRP_NODE_URL environment variable is not set. Using default XRP node: https://s1.ripple.com:51234
2025-08-22 17:25:51 - xrp_service - INFO - XRP client initialization skipped - using Tatum API only
2025-08-22 17:25:51 - xrp_service - INFO - Tatum helper initialized for XRP service
2025-08-22 17:26:21 - xrp_service - DEBUG - Logger initialized for xrp_service at level DEBUG
2025-08-22 17:26:21 - xrp_service - WARNING - XRP_NODE_URL environment variable is not set. Using default XRP node: https://s1.ripple.com:51234
2025-08-22 17:26:21 - xrp_service - INFO - XRP client initialization skipped - using Tatum API only
2025-08-22 17:26:21 - xrp_service - INFO - Tatum helper initialized for XRP service
2025-08-22 17:26:21 - xrp_service - WARNING - XRP_NODE_URL environment variable is not set. Using default XRP node: https://s1.ripple.com:51234
2025-08-22 17:26:21 - xrp_service - INFO - XRP client initialization skipped - using Tatum API only
2025-08-22 17:26:21 - xrp_service - INFO - Tatum helper initialized for XRP service
2025-08-22 17:26:21 - xrp_service - DEBUG - Logger initialized for xrp_service at level DEBUG
2025-08-22 17:26:21 - xrp_service - WARNING - XRP_NODE_URL environment variable is not set. Using default XRP node: https://s1.ripple.com:51234
2025-08-22 17:26:21 - xrp_service - INFO - XRP client initialization skipped - using Tatum API only
2025-08-22 17:26:21 - xrp_service - INFO - Tatum helper initialized for XRP service
2025-08-22 17:26:21 - xrp_service - WARNING - XRP_NODE_URL environment variable is not set. Using default XRP node: https://s1.ripple.com:51234
2025-08-22 17:26:21 - xrp_service - INFO - XRP client initialization skipped - using Tatum API only
2025-08-22 17:26:21 - xrp_service - INFO - Tatum helper initialized for XRP service
2025-08-22 17:26:21 - xrp_service - DEBUG - Logger initialized for xrp_service at level DEBUG
2025-08-22 17:26:21 - xrp_service - WARNING - XRP_NODE_URL environment variable is not set. Using default XRP node: https://s1.ripple.com:51234
2025-08-22 17:26:21 - xrp_service - INFO - XRP client initialization skipped - using Tatum API only
2025-08-22 17:26:21 - xrp_service - INFO - Tatum helper initialized for XRP service
2025-08-22 17:26:21 - xrp_service - WARNING - XRP_NODE_URL environment variable is not set. Using default XRP node: https://s1.ripple.com:51234
2025-08-22 17:26:21 - xrp_service - INFO - XRP client initialization skipped - using Tatum API only
2025-08-22 17:26:21 - xrp_service - INFO - Tatum helper initialized for XRP service
2025-08-22 17:26:52 - xrp_service - DEBUG - Logger initialized for xrp_service at level DEBUG
2025-08-22 17:26:52 - xrp_service - WARNING - XRP_NODE_URL environment variable is not set. Using default XRP node: https://s1.ripple.com:51234
2025-08-22 17:26:52 - xrp_service - INFO - XRP client initialization skipped - using Tatum API only
2025-08-22 17:26:52 - xrp_service - INFO - Tatum helper initialized for XRP service
2025-08-22 17:26:52 - xrp_service - WARNING - XRP_NODE_URL environment variable is not set. Using default XRP node: https://s1.ripple.com:51234
2025-08-22 17:26:52 - xrp_service - INFO - XRP client initialization skipped - using Tatum API only
2025-08-22 17:26:52 - xrp_service - INFO - Tatum helper initialized for XRP service
2025-08-22 17:26:52 - xrp_service - DEBUG - Logger initialized for xrp_service at level DEBUG
2025-08-22 17:26:52 - xrp_service - WARNING - XRP_NODE_URL environment variable is not set. Using default XRP node: https://s1.ripple.com:51234
2025-08-22 17:26:52 - xrp_service - INFO - XRP client initialization skipped - using Tatum API only
2025-08-22 17:26:52 - xrp_service - INFO - Tatum helper initialized for XRP service
2025-08-22 17:26:52 - xrp_service - WARNING - XRP_NODE_URL environment variable is not set. Using default XRP node: https://s1.ripple.com:51234
2025-08-22 17:26:52 - xrp_service - INFO - XRP client initialization skipped - using Tatum API only
2025-08-22 17:26:52 - xrp_service - INFO - Tatum helper initialized for XRP service
2025-08-22 17:26:52 - xrp_service - DEBUG - Logger initialized for xrp_service at level DEBUG
2025-08-22 17:26:52 - xrp_service - WARNING - XRP_NODE_URL environment variable is not set. Using default XRP node: https://s1.ripple.com:51234
2025-08-22 17:26:52 - xrp_service - INFO - XRP client initialization skipped - using Tatum API only
2025-08-22 17:26:52 - xrp_service - INFO - Tatum helper initialized for XRP service
2025-08-22 17:26:52 - xrp_service - WARNING - XRP_NODE_URL environment variable is not set. Using default XRP node: https://s1.ripple.com:51234
2025-08-22 17:26:52 - xrp_service - INFO - XRP client initialization skipped - using Tatum API only
2025-08-22 17:26:52 - xrp_service - INFO - Tatum helper initialized for XRP service
2025-08-22 17:27:23 - xrp_service - DEBUG - Logger initialized for xrp_service at level DEBUG
2025-08-22 17:27:23 - xrp_service - WARNING - XRP_NODE_URL environment variable is not set. Using default XRP node: https://s1.ripple.com:51234
2025-08-22 17:27:23 - xrp_service - INFO - XRP client initialization skipped - using Tatum API only
2025-08-22 17:27:23 - xrp_service - INFO - Tatum helper initialized for XRP service
2025-08-22 17:27:23 - xrp_service - WARNING - XRP_NODE_URL environment variable is not set. Using default XRP node: https://s1.ripple.com:51234
2025-08-22 17:27:23 - xrp_service - INFO - XRP client initialization skipped - using Tatum API only
2025-08-22 17:27:23 - xrp_service - INFO - Tatum helper initialized for XRP service
2025-08-22 17:27:23 - xrp_service - DEBUG - Logger initialized for xrp_service at level DEBUG
2025-08-22 17:27:23 - xrp_service - WARNING - XRP_NODE_URL environment variable is not set. Using default XRP node: https://s1.ripple.com:51234
2025-08-22 17:27:23 - xrp_service - INFO - XRP client initialization skipped - using Tatum API only
2025-08-22 17:27:23 - xrp_service - INFO - Tatum helper initialized for XRP service
2025-08-22 17:27:23 - xrp_service - WARNING - XRP_NODE_URL environment variable is not set. Using default XRP node: https://s1.ripple.com:51234
2025-08-22 17:27:23 - xrp_service - INFO - XRP client initialization skipped - using Tatum API only
2025-08-22 17:27:23 - xrp_service - INFO - Tatum helper initialized for XRP service
2025-08-22 17:27:23 - xrp_service - DEBUG - Logger initialized for xrp_service at level DEBUG
2025-08-22 17:27:23 - xrp_service - WARNING - XRP_NODE_URL environment variable is not set. Using default XRP node: https://s1.ripple.com:51234
2025-08-22 17:27:23 - xrp_service - INFO - XRP client initialization skipped - using Tatum API only
2025-08-22 17:27:23 - xrp_service - INFO - Tatum helper initialized for XRP service
2025-08-22 17:27:23 - xrp_service - WARNING - XRP_NODE_URL environment variable is not set. Using default XRP node: https://s1.ripple.com:51234
2025-08-22 17:27:23 - xrp_service - INFO - XRP client initialization skipped - using Tatum API only
2025-08-22 17:27:23 - xrp_service - INFO - Tatum helper initialized for XRP service
2025-08-22 17:27:51 - xrp_service - DEBUG - Logger initialized for xrp_service at level DEBUG
2025-08-22 17:27:51 - xrp_service - WARNING - XRP_NODE_URL environment variable is not set. Using default XRP node: https://s1.ripple.com:51234
2025-08-22 17:27:51 - xrp_service - INFO - XRP client initialization skipped - using Tatum API only
2025-08-22 17:27:51 - xrp_service - INFO - Tatum helper initialized for XRP service
2025-08-22 17:27:51 - xrp_service - WARNING - XRP_NODE_URL environment variable is not set. Using default XRP node: https://s1.ripple.com:51234
2025-08-22 17:27:51 - xrp_service - INFO - XRP client initialization skipped - using Tatum API only
2025-08-22 17:27:51 - xrp_service - INFO - Tatum helper initialized for XRP service
2025-08-22 17:27:51 - xrp_service - DEBUG - Logger initialized for xrp_service at level DEBUG
2025-08-22 17:27:51 - xrp_service - WARNING - XRP_NODE_URL environment variable is not set. Using default XRP node: https://s1.ripple.com:51234
2025-08-22 17:27:51 - xrp_service - INFO - XRP client initialization skipped - using Tatum API only
2025-08-22 17:27:51 - xrp_service - INFO - Tatum helper initialized for XRP service
2025-08-22 17:27:51 - xrp_service - WARNING - XRP_NODE_URL environment variable is not set. Using default XRP node: https://s1.ripple.com:51234
2025-08-22 17:27:51 - xrp_service - INFO - XRP client initialization skipped - using Tatum API only
2025-08-22 17:27:51 - xrp_service - INFO - Tatum helper initialized for XRP service
2025-08-22 17:27:51 - xrp_service - DEBUG - Logger initialized for xrp_service at level DEBUG
2025-08-22 17:27:51 - xrp_service - WARNING - XRP_NODE_URL environment variable is not set. Using default XRP node: https://s1.ripple.com:51234
2025-08-22 17:27:51 - xrp_service - INFO - XRP client initialization skipped - using Tatum API only
2025-08-22 17:27:51 - xrp_service - INFO - Tatum helper initialized for XRP service
2025-08-22 17:27:51 - xrp_service - WARNING - XRP_NODE_URL environment variable is not set. Using default XRP node: https://s1.ripple.com:51234
2025-08-22 17:27:51 - xrp_service - INFO - XRP client initialization skipped - using Tatum API only
2025-08-22 17:27:51 - xrp_service - INFO - Tatum helper initialized for XRP service
2025-08-22 17:28:22 - xrp_service - DEBUG - Logger initialized for xrp_service at level DEBUG
2025-08-22 17:28:22 - xrp_service - WARNING - XRP_NODE_URL environment variable is not set. Using default XRP node: https://s1.ripple.com:51234
2025-08-22 17:28:22 - xrp_service - INFO - XRP client initialization skipped - using Tatum API only
2025-08-22 17:28:22 - xrp_service - INFO - Tatum helper initialized for XRP service
2025-08-22 17:28:22 - xrp_service - WARNING - XRP_NODE_URL environment variable is not set. Using default XRP node: https://s1.ripple.com:51234
2025-08-22 17:28:22 - xrp_service - INFO - XRP client initialization skipped - using Tatum API only
2025-08-22 17:28:22 - xrp_service - INFO - Tatum helper initialized for XRP service
2025-08-22 17:28:22 - xrp_service - DEBUG - Logger initialized for xrp_service at level DEBUG
2025-08-22 17:28:22 - xrp_service - WARNING - XRP_NODE_URL environment variable is not set. Using default XRP node: https://s1.ripple.com:51234
2025-08-22 17:28:22 - xrp_service - INFO - XRP client initialization skipped - using Tatum API only
2025-08-22 17:28:22 - xrp_service - INFO - Tatum helper initialized for XRP service
2025-08-22 17:28:22 - xrp_service - WARNING - XRP_NODE_URL environment variable is not set. Using default XRP node: https://s1.ripple.com:51234
2025-08-22 17:28:22 - xrp_service - INFO - XRP client initialization skipped - using Tatum API only
2025-08-22 17:28:22 - xrp_service - INFO - Tatum helper initialized for XRP service
2025-08-22 17:28:22 - xrp_service - DEBUG - Logger initialized for xrp_service at level DEBUG
2025-08-22 17:28:22 - xrp_service - WARNING - XRP_NODE_URL environment variable is not set. Using default XRP node: https://s1.ripple.com:51234
2025-08-22 17:28:22 - xrp_service - INFO - XRP client initialization skipped - using Tatum API only
2025-08-22 17:28:22 - xrp_service - INFO - Tatum helper initialized for XRP service
2025-08-22 17:28:22 - xrp_service - WARNING - XRP_NODE_URL environment variable is not set. Using default XRP node: https://s1.ripple.com:51234
2025-08-22 17:28:22 - xrp_service - INFO - XRP client initialization skipped - using Tatum API only
2025-08-22 17:28:22 - xrp_service - INFO - Tatum helper initialized for XRP service
2025-08-22 17:28:54 - xrp_service - DEBUG - Logger initialized for xrp_service at level DEBUG
2025-08-22 17:28:54 - xrp_service - WARNING - XRP_NODE_URL environment variable is not set. Using default XRP node: https://s1.ripple.com:51234
2025-08-22 17:28:54 - xrp_service - INFO - XRP client initialization skipped - using Tatum API only
2025-08-22 17:28:54 - xrp_service - INFO - Tatum helper initialized for XRP service
2025-08-22 17:28:54 - xrp_service - WARNING - XRP_NODE_URL environment variable is not set. Using default XRP node: https://s1.ripple.com:51234
2025-08-22 17:28:54 - xrp_service - INFO - XRP client initialization skipped - using Tatum API only
2025-08-22 17:28:54 - xrp_service - INFO - Tatum helper initialized for XRP service
2025-08-22 17:28:54 - xrp_service - DEBUG - Logger initialized for xrp_service at level DEBUG
2025-08-22 17:28:54 - xrp_service - WARNING - XRP_NODE_URL environment variable is not set. Using default XRP node: https://s1.ripple.com:51234
2025-08-22 17:28:54 - xrp_service - INFO - XRP client initialization skipped - using Tatum API only
2025-08-22 17:28:54 - xrp_service - INFO - Tatum helper initialized for XRP service
2025-08-22 17:28:54 - xrp_service - WARNING - XRP_NODE_URL environment variable is not set. Using default XRP node: https://s1.ripple.com:51234
2025-08-22 17:28:54 - xrp_service - INFO - XRP client initialization skipped - using Tatum API only
2025-08-22 17:28:54 - xrp_service - INFO - Tatum helper initialized for XRP service
2025-08-22 17:28:54 - xrp_service - DEBUG - Logger initialized for xrp_service at level DEBUG
2025-08-22 17:28:54 - xrp_service - WARNING - XRP_NODE_URL environment variable is not set. Using default XRP node: https://s1.ripple.com:51234
2025-08-22 17:28:54 - xrp_service - INFO - XRP client initialization skipped - using Tatum API only
2025-08-22 17:28:54 - xrp_service - INFO - Tatum helper initialized for XRP service
2025-08-22 17:28:54 - xrp_service - WARNING - XRP_NODE_URL environment variable is not set. Using default XRP node: https://s1.ripple.com:51234
2025-08-22 17:28:54 - xrp_service - INFO - XRP client initialization skipped - using Tatum API only
2025-08-22 17:28:54 - xrp_service - INFO - Tatum helper initialized for XRP service
2025-08-22 17:29:41 - xrp_service - DEBUG - Logger initialized for xrp_service at level DEBUG
2025-08-22 17:29:41 - xrp_service - WARNING - XRP_NODE_URL environment variable is not set. Using default XRP node: https://s1.ripple.com:51234
2025-08-22 17:29:41 - xrp_service - INFO - XRP client initialization skipped - using Tatum API only
2025-08-22 17:29:41 - xrp_service - INFO - Tatum helper initialized for XRP service
2025-08-22 17:29:41 - xrp_service - WARNING - XRP_NODE_URL environment variable is not set. Using default XRP node: https://s1.ripple.com:51234
2025-08-22 17:29:41 - xrp_service - INFO - XRP client initialization skipped - using Tatum API only
2025-08-22 17:29:41 - xrp_service - INFO - Tatum helper initialized for XRP service
2025-08-22 17:29:41 - xrp_service - DEBUG - Logger initialized for xrp_service at level DEBUG
2025-08-22 17:29:41 - xrp_service - WARNING - XRP_NODE_URL environment variable is not set. Using default XRP node: https://s1.ripple.com:51234
2025-08-22 17:29:41 - xrp_service - INFO - XRP client initialization skipped - using Tatum API only
2025-08-22 17:29:41 - xrp_service - INFO - Tatum helper initialized for XRP service
2025-08-22 17:29:41 - xrp_service - WARNING - XRP_NODE_URL environment variable is not set. Using default XRP node: https://s1.ripple.com:51234
2025-08-22 17:29:41 - xrp_service - INFO - XRP client initialization skipped - using Tatum API only
2025-08-22 17:29:41 - xrp_service - INFO - Tatum helper initialized for XRP service
2025-08-22 17:29:41 - xrp_service - DEBUG - Logger initialized for xrp_service at level DEBUG
2025-08-22 17:29:41 - xrp_service - WARNING - XRP_NODE_URL environment variable is not set. Using default XRP node: https://s1.ripple.com:51234
2025-08-22 17:29:41 - xrp_service - INFO - XRP client initialization skipped - using Tatum API only
2025-08-22 17:29:41 - xrp_service - INFO - Tatum helper initialized for XRP service
2025-08-22 17:29:41 - xrp_service - WARNING - XRP_NODE_URL environment variable is not set. Using default XRP node: https://s1.ripple.com:51234
2025-08-22 17:29:41 - xrp_service - INFO - XRP client initialization skipped - using Tatum API only
2025-08-22 17:29:41 - xrp_service - INFO - Tatum helper initialized for XRP service
2025-08-22 17:30:23 - xrp_service - DEBUG - Logger initialized for xrp_service at level DEBUG
2025-08-22 17:30:23 - xrp_service - WARNING - XRP_NODE_URL environment variable is not set. Using default XRP node: https://s1.ripple.com:51234
2025-08-22 17:30:23 - xrp_service - INFO - XRP client initialization skipped - using Tatum API only
2025-08-22 17:30:23 - xrp_service - INFO - Tatum helper initialized for XRP service
2025-08-22 17:30:23 - xrp_service - WARNING - XRP_NODE_URL environment variable is not set. Using default XRP node: https://s1.ripple.com:51234
2025-08-22 17:30:23 - xrp_service - INFO - XRP client initialization skipped - using Tatum API only
2025-08-22 17:30:23 - xrp_service - INFO - Tatum helper initialized for XRP service
2025-08-22 17:30:23 - xrp_service - DEBUG - Logger initialized for xrp_service at level DEBUG
2025-08-22 17:30:23 - xrp_service - WARNING - XRP_NODE_URL environment variable is not set. Using default XRP node: https://s1.ripple.com:51234
2025-08-22 17:30:23 - xrp_service - INFO - XRP client initialization skipped - using Tatum API only
2025-08-22 17:30:23 - xrp_service - INFO - Tatum helper initialized for XRP service
2025-08-22 17:30:23 - xrp_service - WARNING - XRP_NODE_URL environment variable is not set. Using default XRP node: https://s1.ripple.com:51234
2025-08-22 17:30:23 - xrp_service - INFO - XRP client initialization skipped - using Tatum API only
2025-08-22 17:30:23 - xrp_service - INFO - Tatum helper initialized for XRP service
2025-08-22 17:30:23 - xrp_service - DEBUG - Logger initialized for xrp_service at level DEBUG
2025-08-22 17:30:23 - xrp_service - WARNING - XRP_NODE_URL environment variable is not set. Using default XRP node: https://s1.ripple.com:51234
2025-08-22 17:30:23 - xrp_service - INFO - XRP client initialization skipped - using Tatum API only
2025-08-22 17:30:23 - xrp_service - INFO - Tatum helper initialized for XRP service
2025-08-22 17:30:23 - xrp_service - WARNING - XRP_NODE_URL environment variable is not set. Using default XRP node: https://s1.ripple.com:51234
2025-08-22 17:30:23 - xrp_service - INFO - XRP client initialization skipped - using Tatum API only
2025-08-22 17:30:23 - xrp_service - INFO - Tatum helper initialized for XRP service
2025-08-22 17:30:23 - xrp_service - DEBUG - Logger initialized for xrp_service at level DEBUG
2025-08-22 17:30:23 - xrp_service - WARNING - XRP_NODE_URL environment variable is not set. Using default XRP node: https://s1.ripple.com:51234
2025-08-22 17:30:23 - xrp_service - INFO - XRP client initialization skipped - using Tatum API only
2025-08-22 17:30:23 - xrp_service - INFO - Tatum helper initialized for XRP service
2025-08-22 17:30:23 - xrp_service - WARNING - XRP_NODE_URL environment variable is not set. Using default XRP node: https://s1.ripple.com:51234
2025-08-22 17:30:23 - xrp_service - INFO - XRP client initialization skipped - using Tatum API only
2025-08-22 17:30:23 - xrp_service - INFO - Tatum helper initialized for XRP service
2025-08-22 17:30:23 - xrp_service - DEBUG - Logger initialized for xrp_service at level DEBUG
2025-08-22 17:30:23 - xrp_service - WARNING - XRP_NODE_URL environment variable is not set. Using default XRP node: https://s1.ripple.com:51234
2025-08-22 17:30:23 - xrp_service - INFO - XRP client initialization skipped - using Tatum API only
2025-08-22 17:30:23 - xrp_service - INFO - Tatum helper initialized for XRP service
2025-08-22 17:30:23 - xrp_service - WARNING - XRP_NODE_URL environment variable is not set. Using default XRP node: https://s1.ripple.com:51234
2025-08-22 17:30:23 - xrp_service - INFO - XRP client initialization skipped - using Tatum API only
2025-08-22 17:30:23 - xrp_service - INFO - Tatum helper initialized for XRP service
2025-08-22 17:30:26 - xrp_service - WARNING - XRP_NODE_URL environment variable is not set. Using default XRP node: https://s1.ripple.com:51234
2025-08-22 17:30:26 - xrp_service - WARNING - XRP_NODE_URL environment variable is not set. Using default XRP node: https://s1.ripple.com:51234
2025-08-22 17:30:26 - xrp_service - WARNING - XRP_NODE_URL environment variable is not set. Using default XRP node: https://s1.ripple.com:51234
2025-08-22 17:30:26 - xrp_service - WARNING - XRP_NODE_URL environment variable is not set. Using default XRP node: https://s1.ripple.com:51234
2025-08-22 17:30:26 - xrp_service - WARNING - XRP_NODE_URL environment variable is not set. Using default XRP node: https://s1.ripple.com:51234
2025-08-22 17:30:45 - xrp_service - DEBUG - Logger initialized for xrp_service at level DEBUG
2025-08-22 17:30:45 - xrp_service - WARNING - XRP_NODE_URL environment variable is not set. Using default XRP node: https://s1.ripple.com:51234
2025-08-22 17:30:45 - xrp_service - INFO - XRP client initialization skipped - using Tatum API only
2025-08-22 17:30:45 - xrp_service - INFO - Tatum helper initialized for XRP service
2025-08-22 17:30:45 - xrp_service - WARNING - XRP_NODE_URL environment variable is not set. Using default XRP node: https://s1.ripple.com:51234
2025-08-22 17:30:45 - xrp_service - INFO - XRP client initialization skipped - using Tatum API only
2025-08-22 17:30:45 - xrp_service - INFO - Tatum helper initialized for XRP service
2025-08-22 17:30:45 - xrp_service - DEBUG - Logger initialized for xrp_service at level DEBUG
2025-08-22 17:30:45 - xrp_service - WARNING - XRP_NODE_URL environment variable is not set. Using default XRP node: https://s1.ripple.com:51234
2025-08-22 17:30:45 - xrp_service - INFO - XRP client initialization skipped - using Tatum API only
2025-08-22 17:30:45 - xrp_service - INFO - Tatum helper initialized for XRP service
2025-08-22 17:30:45 - xrp_service - WARNING - XRP_NODE_URL environment variable is not set. Using default XRP node: https://s1.ripple.com:51234
2025-08-22 17:30:45 - xrp_service - INFO - XRP client initialization skipped - using Tatum API only
2025-08-22 17:30:45 - xrp_service - INFO - Tatum helper initialized for XRP service
2025-08-22 17:30:45 - xrp_service - DEBUG - Logger initialized for xrp_service at level DEBUG
2025-08-22 17:30:45 - xrp_service - WARNING - XRP_NODE_URL environment variable is not set. Using default XRP node: https://s1.ripple.com:51234
2025-08-22 17:30:45 - xrp_service - INFO - XRP client initialization skipped - using Tatum API only
2025-08-22 17:30:45 - xrp_service - INFO - Tatum helper initialized for XRP service
2025-08-22 17:30:45 - xrp_service - WARNING - XRP_NODE_URL environment variable is not set. Using default XRP node: https://s1.ripple.com:51234
2025-08-22 17:30:45 - xrp_service - INFO - XRP client initialization skipped - using Tatum API only
2025-08-22 17:30:45 - xrp_service - INFO - Tatum helper initialized for XRP service
2025-08-22 17:30:45 - xrp_service - DEBUG - Logger initialized for xrp_service at level DEBUG
2025-08-22 17:30:45 - xrp_service - WARNING - XRP_NODE_URL environment variable is not set. Using default XRP node: https://s1.ripple.com:51234
2025-08-22 17:30:45 - xrp_service - INFO - XRP client initialization skipped - using Tatum API only
2025-08-22 17:30:45 - xrp_service - INFO - Tatum helper initialized for XRP service
2025-08-22 17:30:45 - xrp_service - WARNING - XRP_NODE_URL environment variable is not set. Using default XRP node: https://s1.ripple.com:51234
2025-08-22 17:30:45 - xrp_service - INFO - XRP client initialization skipped - using Tatum API only
2025-08-22 17:30:45 - xrp_service - INFO - Tatum helper initialized for XRP service
2025-08-22 17:30:45 - xrp_service - DEBUG - Logger initialized for xrp_service at level DEBUG
2025-08-22 17:30:45 - xrp_service - WARNING - XRP_NODE_URL environment variable is not set. Using default XRP node: https://s1.ripple.com:51234
2025-08-22 17:30:45 - xrp_service - INFO - XRP client initialization skipped - using Tatum API only
2025-08-22 17:30:45 - xrp_service - INFO - Tatum helper initialized for XRP service
2025-08-22 17:30:45 - xrp_service - WARNING - XRP_NODE_URL environment variable is not set. Using default XRP node: https://s1.ripple.com:51234
2025-08-22 17:30:45 - xrp_service - INFO - XRP client initialization skipped - using Tatum API only
2025-08-22 17:30:45 - xrp_service - INFO - Tatum helper initialized for XRP service
2025-08-22 17:30:49 - xrp_service - WARNING - XRP_NODE_URL environment variable is not set. Using default XRP node: https://s1.ripple.com:51234
2025-08-22 17:30:49 - xrp_service - WARNING - XRP_NODE_URL environment variable is not set. Using default XRP node: https://s1.ripple.com:51234
2025-08-22 17:30:49 - xrp_service - WARNING - XRP_NODE_URL environment variable is not set. Using default XRP node: https://s1.ripple.com:51234
2025-08-22 17:30:49 - xrp_service - WARNING - XRP_NODE_URL environment variable is not set. Using default XRP node: https://s1.ripple.com:51234
2025-08-22 17:30:49 - xrp_service - WARNING - XRP_NODE_URL environment variable is not set. Using default XRP node: https://s1.ripple.com:51234
2025-08-22 18:29:24 - xrp_service - DEBUG - Logger initialized for xrp_service at level DEBUG
2025-08-22 18:29:24 - xrp_service - WARNING - XRP_NODE_URL environment variable is not set. Using default XRP node: https://s1.ripple.com:51234
2025-08-22 18:29:24 - xrp_service - INFO - XRP client initialization skipped - using Tatum API only
2025-08-22 18:29:24 - xrp_service - INFO - Tatum helper initialized for XRP service
2025-08-22 18:29:24 - xrp_service - WARNING - XRP_NODE_URL environment variable is not set. Using default XRP node: https://s1.ripple.com:51234
2025-08-22 18:29:24 - xrp_service - INFO - XRP client initialization skipped - using Tatum API only
2025-08-22 18:29:24 - xrp_service - INFO - Tatum helper initialized for XRP service
2025-08-22 18:29:25 - xrp_service - DEBUG - Logger initialized for xrp_service at level DEBUG
2025-08-22 18:29:25 - xrp_service - WARNING - XRP_NODE_URL environment variable is not set. Using default XRP node: https://s1.ripple.com:51234
2025-08-22 18:29:25 - xrp_service - INFO - XRP client initialization skipped - using Tatum API only
2025-08-22 18:29:25 - xrp_service - INFO - Tatum helper initialized for XRP service
2025-08-22 18:29:25 - xrp_service - WARNING - XRP_NODE_URL environment variable is not set. Using default XRP node: https://s1.ripple.com:51234
2025-08-22 18:29:25 - xrp_service - INFO - XRP client initialization skipped - using Tatum API only
2025-08-22 18:29:25 - xrp_service - INFO - Tatum helper initialized for XRP service
2025-08-22 18:29:25 - xrp_service - DEBUG - Logger initialized for xrp_service at level DEBUG
2025-08-22 18:29:25 - xrp_service - WARNING - XRP_NODE_URL environment variable is not set. Using default XRP node: https://s1.ripple.com:51234
2025-08-22 18:29:25 - xrp_service - INFO - XRP client initialization skipped - using Tatum API only
2025-08-22 18:29:25 - xrp_service - INFO - Tatum helper initialized for XRP service
2025-08-22 18:29:25 - xrp_service - WARNING - XRP_NODE_URL environment variable is not set. Using default XRP node: https://s1.ripple.com:51234
2025-08-22 18:29:25 - xrp_service - INFO - XRP client initialization skipped - using Tatum API only
2025-08-22 18:29:25 - xrp_service - INFO - Tatum helper initialized for XRP service
2025-08-22 18:29:25 - xrp_service - DEBUG - Logger initialized for xrp_service at level DEBUG
2025-08-22 18:29:25 - xrp_service - WARNING - XRP_NODE_URL environment variable is not set. Using default XRP node: https://s1.ripple.com:51234
2025-08-22 18:29:25 - xrp_service - INFO - XRP client initialization skipped - using Tatum API only
2025-08-22 18:29:25 - xrp_service - INFO - Tatum helper initialized for XRP service
2025-08-22 18:29:25 - xrp_service - WARNING - XRP_NODE_URL environment variable is not set. Using default XRP node: https://s1.ripple.com:51234
2025-08-22 18:29:25 - xrp_service - INFO - XRP client initialization skipped - using Tatum API only
2025-08-22 18:29:25 - xrp_service - INFO - Tatum helper initialized for XRP service
2025-08-22 18:29:25 - xrp_service - DEBUG - Logger initialized for xrp_service at level DEBUG
2025-08-22 18:29:25 - xrp_service - WARNING - XRP_NODE_URL environment variable is not set. Using default XRP node: https://s1.ripple.com:51234
2025-08-22 18:29:25 - xrp_service - INFO - XRP client initialization skipped - using Tatum API only
2025-08-22 18:29:25 - xrp_service - INFO - Tatum helper initialized for XRP service
2025-08-22 18:29:25 - xrp_service - WARNING - XRP_NODE_URL environment variable is not set. Using default XRP node: https://s1.ripple.com:51234
2025-08-22 18:29:25 - xrp_service - INFO - XRP client initialization skipped - using Tatum API only
2025-08-22 18:29:25 - xrp_service - INFO - Tatum helper initialized for XRP service
2025-08-22 18:29:28 - xrp_service - WARNING - XRP_NODE_URL environment variable is not set. Using default XRP node: https://s1.ripple.com:51234
2025-08-22 18:29:28 - xrp_service - WARNING - XRP_NODE_URL environment variable is not set. Using default XRP node: https://s1.ripple.com:51234
2025-08-22 18:29:28 - xrp_service - WARNING - XRP_NODE_URL environment variable is not set. Using default XRP node: https://s1.ripple.com:51234
2025-08-22 18:29:28 - xrp_service - WARNING - XRP_NODE_URL environment variable is not set. Using default XRP node: https://s1.ripple.com:51234
2025-08-22 18:29:28 - xrp_service - WARNING - XRP_NODE_URL environment variable is not set. Using default XRP node: https://s1.ripple.com:51234
2025-08-22 18:52:50 - xrp_service - DEBUG - Logger initialized for xrp_service at level DEBUG
2025-08-22 18:52:50 - xrp_service - WARNING - XRP_NODE_URL environment variable is not set. Using default XRP node: https://s1.ripple.com:51234
2025-08-22 18:52:50 - xrp_service - INFO - XRP client initialization skipped - using Tatum API only
2025-08-22 18:52:50 - xrp_service - INFO - Tatum helper initialized for XRP service
2025-08-22 18:52:50 - xrp_service - WARNING - XRP_NODE_URL environment variable is not set. Using default XRP node: https://s1.ripple.com:51234
2025-08-22 18:52:50 - xrp_service - INFO - XRP client initialization skipped - using Tatum API only
2025-08-22 18:52:50 - xrp_service - INFO - Tatum helper initialized for XRP service
2025-08-22 18:52:50 - xrp_service - DEBUG - Logger initialized for xrp_service at level DEBUG
2025-08-22 18:52:50 - xrp_service - WARNING - XRP_NODE_URL environment variable is not set. Using default XRP node: https://s1.ripple.com:51234
2025-08-22 18:52:50 - xrp_service - INFO - XRP client initialization skipped - using Tatum API only
2025-08-22 18:52:50 - xrp_service - INFO - Tatum helper initialized for XRP service
2025-08-22 18:52:50 - xrp_service - WARNING - XRP_NODE_URL environment variable is not set. Using default XRP node: https://s1.ripple.com:51234
2025-08-22 18:52:50 - xrp_service - INFO - XRP client initialization skipped - using Tatum API only
2025-08-22 18:52:50 - xrp_service - INFO - Tatum helper initialized for XRP service
2025-08-22 18:52:50 - xrp_service - DEBUG - Logger initialized for xrp_service at level DEBUG
2025-08-22 18:52:50 - xrp_service - WARNING - XRP_NODE_URL environment variable is not set. Using default XRP node: https://s1.ripple.com:51234
2025-08-22 18:52:50 - xrp_service - INFO - XRP client initialization skipped - using Tatum API only
2025-08-22 18:52:50 - xrp_service - INFO - Tatum helper initialized for XRP service
2025-08-22 18:52:50 - xrp_service - WARNING - XRP_NODE_URL environment variable is not set. Using default XRP node: https://s1.ripple.com:51234
2025-08-22 18:52:50 - xrp_service - INFO - XRP client initialization skipped - using Tatum API only
2025-08-22 18:52:50 - xrp_service - INFO - Tatum helper initialized for XRP service
2025-08-22 18:53:12 - xrp_service - DEBUG - Logger initialized for xrp_service at level DEBUG
2025-08-22 18:53:12 - xrp_service - WARNING - XRP_NODE_URL environment variable is not set. Using default XRP node: https://s1.ripple.com:51234
2025-08-22 18:53:12 - xrp_service - INFO - XRP client initialization skipped - using Tatum API only
2025-08-22 18:53:12 - xrp_service - INFO - Tatum helper initialized for XRP service
2025-08-22 18:53:12 - xrp_service - WARNING - XRP_NODE_URL environment variable is not set. Using default XRP node: https://s1.ripple.com:51234
2025-08-22 18:53:12 - xrp_service - INFO - XRP client initialization skipped - using Tatum API only
2025-08-22 18:53:12 - xrp_service - INFO - Tatum helper initialized for XRP service
2025-08-22 18:53:12 - xrp_service - DEBUG - Logger initialized for xrp_service at level DEBUG
2025-08-22 18:53:12 - xrp_service - WARNING - XRP_NODE_URL environment variable is not set. Using default XRP node: https://s1.ripple.com:51234
2025-08-22 18:53:12 - xrp_service - INFO - XRP client initialization skipped - using Tatum API only
2025-08-22 18:53:12 - xrp_service - INFO - Tatum helper initialized for XRP service
2025-08-22 18:53:12 - xrp_service - WARNING - XRP_NODE_URL environment variable is not set. Using default XRP node: https://s1.ripple.com:51234
2025-08-22 18:53:12 - xrp_service - INFO - XRP client initialization skipped - using Tatum API only
2025-08-22 18:53:12 - xrp_service - INFO - Tatum helper initialized for XRP service
2025-08-22 18:53:12 - xrp_service - DEBUG - Logger initialized for xrp_service at level DEBUG
2025-08-22 18:53:12 - xrp_service - WARNING - XRP_NODE_URL environment variable is not set. Using default XRP node: https://s1.ripple.com:51234
2025-08-22 18:53:12 - xrp_service - INFO - XRP client initialization skipped - using Tatum API only
2025-08-22 18:53:12 - xrp_service - INFO - Tatum helper initialized for XRP service
2025-08-22 18:53:12 - xrp_service - WARNING - XRP_NODE_URL environment variable is not set. Using default XRP node: https://s1.ripple.com:51234
2025-08-22 18:53:12 - xrp_service - INFO - XRP client initialization skipped - using Tatum API only
2025-08-22 18:53:12 - xrp_service - INFO - Tatum helper initialized for XRP service
2025-08-22 18:53:12 - xrp_service - DEBUG - Logger initialized for xrp_service at level DEBUG
2025-08-22 18:53:12 - xrp_service - WARNING - XRP_NODE_URL environment variable is not set. Using default XRP node: https://s1.ripple.com:51234
2025-08-22 18:53:12 - xrp_service - INFO - XRP client initialization skipped - using Tatum API only
2025-08-22 18:53:12 - xrp_service - INFO - Tatum helper initialized for XRP service
2025-08-22 18:53:12 - xrp_service - WARNING - XRP_NODE_URL environment variable is not set. Using default XRP node: https://s1.ripple.com:51234
2025-08-22 18:53:12 - xrp_service - INFO - XRP client initialization skipped - using Tatum API only
2025-08-22 18:53:12 - xrp_service - INFO - Tatum helper initialized for XRP service
2025-08-22 18:53:12 - xrp_service - DEBUG - Logger initialized for xrp_service at level DEBUG
2025-08-22 18:53:12 - xrp_service - WARNING - XRP_NODE_URL environment variable is not set. Using default XRP node: https://s1.ripple.com:51234
2025-08-22 18:53:12 - xrp_service - INFO - XRP client initialization skipped - using Tatum API only
2025-08-22 18:53:12 - xrp_service - INFO - Tatum helper initialized for XRP service
2025-08-22 18:53:12 - xrp_service - WARNING - XRP_NODE_URL environment variable is not set. Using default XRP node: https://s1.ripple.com:51234
2025-08-22 18:53:12 - xrp_service - INFO - XRP client initialization skipped - using Tatum API only
2025-08-22 18:53:12 - xrp_service - INFO - Tatum helper initialized for XRP service
2025-08-22 18:53:15 - xrp_service - WARNING - XRP_NODE_URL environment variable is not set. Using default XRP node: https://s1.ripple.com:51234
2025-08-22 18:53:16 - xrp_service - WARNING - XRP_NODE_URL environment variable is not set. Using default XRP node: https://s1.ripple.com:51234
2025-08-22 18:53:16 - xrp_service - WARNING - XRP_NODE_URL environment variable is not set. Using default XRP node: https://s1.ripple.com:51234
2025-08-22 18:53:16 - xrp_service - WARNING - XRP_NODE_URL environment variable is not set. Using default XRP node: https://s1.ripple.com:51234
2025-08-22 18:53:17 - xrp_service - WARNING - XRP_NODE_URL environment variable is not set. Using default XRP node: https://s1.ripple.com:51234
2025-08-22 18:53:37 - xrp_service - DEBUG - Logger initialized for xrp_service at level DEBUG
2025-08-22 18:53:37 - xrp_service - WARNING - XRP_NODE_URL environment variable is not set. Using default XRP node: https://s1.ripple.com:51234
2025-08-22 18:53:37 - xrp_service - INFO - XRP client initialization skipped - using Tatum API only
2025-08-22 18:53:37 - xrp_service - INFO - Tatum helper initialized for XRP service
2025-08-22 18:53:37 - xrp_service - WARNING - XRP_NODE_URL environment variable is not set. Using default XRP node: https://s1.ripple.com:51234
2025-08-22 18:53:37 - xrp_service - INFO - XRP client initialization skipped - using Tatum API only
2025-08-22 18:53:37 - xrp_service - INFO - Tatum helper initialized for XRP service
2025-08-22 18:53:37 - xrp_service - DEBUG - Logger initialized for xrp_service at level DEBUG
2025-08-22 18:53:37 - xrp_service - WARNING - XRP_NODE_URL environment variable is not set. Using default XRP node: https://s1.ripple.com:51234
2025-08-22 18:53:37 - xrp_service - INFO - XRP client initialization skipped - using Tatum API only
2025-08-22 18:53:37 - xrp_service - INFO - Tatum helper initialized for XRP service
2025-08-22 18:53:37 - xrp_service - WARNING - XRP_NODE_URL environment variable is not set. Using default XRP node: https://s1.ripple.com:51234
2025-08-22 18:53:37 - xrp_service - INFO - XRP client initialization skipped - using Tatum API only
2025-08-22 18:53:37 - xrp_service - INFO - Tatum helper initialized for XRP service
2025-08-22 18:53:37 - xrp_service - DEBUG - Logger initialized for xrp_service at level DEBUG
2025-08-22 18:53:37 - xrp_service - WARNING - XRP_NODE_URL environment variable is not set. Using default XRP node: https://s1.ripple.com:51234
2025-08-22 18:53:37 - xrp_service - INFO - XRP client initialization skipped - using Tatum API only
2025-08-22 18:53:37 - xrp_service - INFO - Tatum helper initialized for XRP service
2025-08-22 18:53:37 - xrp_service - WARNING - XRP_NODE_URL environment variable is not set. Using default XRP node: https://s1.ripple.com:51234
2025-08-22 18:53:37 - xrp_service - INFO - XRP client initialization skipped - using Tatum API only
2025-08-22 18:53:37 - xrp_service - INFO - Tatum helper initialized for XRP service
2025-08-22 18:53:37 - xrp_service - DEBUG - Logger initialized for xrp_service at level DEBUG
2025-08-22 18:53:37 - xrp_service - WARNING - XRP_NODE_URL environment variable is not set. Using default XRP node: https://s1.ripple.com:51234
2025-08-22 18:53:37 - xrp_service - INFO - XRP client initialization skipped - using Tatum API only
2025-08-22 18:53:37 - xrp_service - INFO - Tatum helper initialized for XRP service
2025-08-22 18:53:37 - xrp_service - WARNING - XRP_NODE_URL environment variable is not set. Using default XRP node: https://s1.ripple.com:51234
2025-08-22 18:53:37 - xrp_service - INFO - XRP client initialization skipped - using Tatum API only
2025-08-22 18:53:37 - xrp_service - INFO - Tatum helper initialized for XRP service
2025-08-22 18:53:37 - xrp_service - DEBUG - Logger initialized for xrp_service at level DEBUG
2025-08-22 18:53:37 - xrp_service - WARNING - XRP_NODE_URL environment variable is not set. Using default XRP node: https://s1.ripple.com:51234
2025-08-22 18:53:37 - xrp_service - INFO - XRP client initialization skipped - using Tatum API only
2025-08-22 18:53:37 - xrp_service - INFO - Tatum helper initialized for XRP service
2025-08-22 18:53:37 - xrp_service - WARNING - XRP_NODE_URL environment variable is not set. Using default XRP node: https://s1.ripple.com:51234
2025-08-22 18:53:37 - xrp_service - INFO - XRP client initialization skipped - using Tatum API only
2025-08-22 18:53:37 - xrp_service - INFO - Tatum helper initialized for XRP service
2025-08-22 18:53:39 - xrp_service - WARNING - XRP_NODE_URL environment variable is not set. Using default XRP node: https://s1.ripple.com:51234
2025-08-22 18:53:40 - xrp_service - WARNING - XRP_NODE_URL environment variable is not set. Using default XRP node: https://s1.ripple.com:51234
2025-08-22 18:53:40 - xrp_service - WARNING - XRP_NODE_URL environment variable is not set. Using default XRP node: https://s1.ripple.com:51234
2025-08-22 18:53:40 - xrp_service - WARNING - XRP_NODE_URL environment variable is not set. Using default XRP node: https://s1.ripple.com:51234
2025-08-22 18:53:41 - xrp_service - WARNING - XRP_NODE_URL environment variable is not set. Using default XRP node: https://s1.ripple.com:51234
