2025-07-17 05:54:33 - balance_service - DEBUG - Logger initialized for balance_service at level DEBUG
2025-07-17 06:03:11 - balance_service - DEBUG - Logger initialized for balance_service at level DEBUG
2025-07-17 06:03:35 - balance_service - DEBUG - Logger initialized for balance_service at level DEBUG
2025-07-17 06:03:36 - balance_service - DEBUG - Logger initialized for balance_service at level DEBUG
2025-07-17 06:03:36 - balance_service - DEBUG - Logger initialized for balance_service at level DEBUG
2025-07-17 06:03:45 - balance_service - DEBUG - Logger initialized for balance_service at level DEBUG
2025-07-17 06:09:06 - balance_service - DEBUG - Logger initialized for balance_service at level DEBUG
2025-07-17 06:09:06 - balance_service - DEBUG - Logger initialized for balance_service at level DEBUG
2025-07-17 06:09:06 - balance_service - DEBUG - Logger initialized for balance_service at level DEBUG
2025-07-17 06:09:15 - balance_service - DEBUG - Logger initialized for balance_service at level DEBUG
2025-07-17 06:11:46 - balance_service - DEBUG - Logger initialized for balance_service at level DEBUG
2025-07-17 06:11:47 - balance_service - DEBUG - Logger initialized for balance_service at level DEBUG
2025-07-17 06:11:47 - balance_service - DEBUG - Logger initialized for balance_service at level DEBUG
2025-07-17 06:12:02 - balance_service - DEBUG - Logger initialized for balance_service at level DEBUG
2025-07-17 06:27:38 - balance_service - DEBUG - Logger initialized for balance_service at level DEBUG
2025-07-17 06:27:38 - balance_service - DEBUG - Logger initialized for balance_service at level DEBUG
2025-07-17 06:27:39 - balance_service - DEBUG - Logger initialized for balance_service at level DEBUG
2025-07-17 06:28:05 - balance_service - DEBUG - Logger initialized for balance_service at level DEBUG
2025-07-17 06:31:30 - balance_service - DEBUG - Logger initialized for balance_service at level DEBUG
2025-07-17 06:31:30 - balance_service - DEBUG - Logger initialized for balance_service at level DEBUG
2025-07-17 06:31:30 - balance_service - DEBUG - Logger initialized for balance_service at level DEBUG
2025-07-17 06:32:11 - balance_service - DEBUG - Logger initialized for balance_service at level DEBUG
2025-07-17 06:35:26 - balance_service - DEBUG - Logger initialized for balance_service at level DEBUG
2025-07-17 06:35:27 - balance_service - DEBUG - Logger initialized for balance_service at level DEBUG
2025-07-17 06:35:27 - balance_service - DEBUG - Logger initialized for balance_service at level DEBUG
2025-07-17 06:35:54 - balance_service - DEBUG - Logger initialized for balance_service at level DEBUG
2025-07-17 06:36:40 - balance_service - DEBUG - Logger initialized for balance_service at level DEBUG
2025-07-17 06:36:40 - balance_service - DEBUG - Logger initialized for balance_service at level DEBUG
2025-07-17 06:36:41 - balance_service - DEBUG - Logger initialized for balance_service at level DEBUG
2025-07-17 06:36:57 - balance_service - DEBUG - Logger initialized for balance_service at level DEBUG
2025-07-17 06:59:01 - balance_service - DEBUG - Logger initialized for balance_service at level DEBUG
2025-07-17 06:59:01 - balance_service - DEBUG - Logger initialized for balance_service at level DEBUG
2025-07-17 06:59:01 - balance_service - DEBUG - Logger initialized for balance_service at level DEBUG
2025-07-17 06:59:14 - balance_service - DEBUG - Logger initialized for balance_service at level DEBUG
2025-07-17 07:00:49 - balance_service - DEBUG - Logger initialized for balance_service at level DEBUG
2025-07-17 07:00:50 - balance_service - DEBUG - Logger initialized for balance_service at level DEBUG
2025-07-17 07:00:50 - balance_service - DEBUG - Logger initialized for balance_service at level DEBUG
2025-07-17 07:01:08 - balance_service - DEBUG - Logger initialized for balance_service at level DEBUG
2025-07-17 07:01:08 - balance_service - DEBUG - Logger initialized for balance_service at level DEBUG
2025-07-17 07:01:09 - balance_service - DEBUG - Logger initialized for balance_service at level DEBUG
2025-07-17 07:01:20 - balance_service - DEBUG - Logger initialized for balance_service at level DEBUG
2025-07-17 07:07:11 - balance_service - WARNING - No native currency found for blockchain Bitcoin
2025-07-17 07:07:11 - balance_service - WARNING - No native currency found for blockchain Avalanche
2025-07-17 07:07:11 - balance_service - WARNING - No native currency found for blockchain Arbitrum
2025-07-17 07:07:11 - balance_service - WARNING - No native currency found for blockchain Polkadot
2025-07-17 07:07:11 - balance_service - WARNING - خطا در دریافت موجودی TRC20 با API اصلی: 404 - {"timestamp":"2025-07-17T07:07:11.807+00:00","status":404,"error":"Not Found","path":"/v1/accounts/TWxYj1EgkXikRh3SszVUQniB6NcLNKeRfy/tokens"}
2025-07-17 07:07:12 - balance_service - WARNING - خطا در دریافت موجودی TRC20 با API اصلی: 404 - {"timestamp":"2025-07-17T07:07:12.080+00:00","status":404,"error":"Not Found","path":"/v1/accounts/TWxYj1EgkXikRh3SszVUQniB6NcLNKeRfy/tokens"}
2025-07-17 07:07:12 - balance_service - ERROR - Error getting EVM token balance on Avalanche: when sending a str, it must be a hex string. Got: 'FvwEAhmxKfeiG8SnEvq42hc6whRyY3EFYAvebMqDNDGCgxN5Z'
Traceback (most recent call last):
  File "/www/wwwroot/coinceeper.com/CC/services/balance_service.py", line 157, in get_token_balance
    address=Web3.to_checksum_address(contract_address),
  File "/www/wwwroot/coinceeper.com/CC/venv/lib64/python3.9/site-packages/web3/main.py", line 268, in to_checksum_address
    return to_checksum_address(value)
  File "/www/wwwroot/coinceeper.com/CC/venv/lib64/python3.9/site-packages/eth_utils/address.py", line 129, in to_checksum_address
    norm_address = to_normalized_address(value)
  File "/www/wwwroot/coinceeper.com/CC/venv/lib64/python3.9/site-packages/eth_utils/address.py", line 73, in to_normalized_address
    hex_address = hexstr_if_str(to_hex, value).lower()
  File "/www/wwwroot/coinceeper.com/CC/venv/lib64/python3.9/site-packages/eth_utils/conversions.py", line 195, in hexstr_if_str
    raise ValueError(
ValueError: when sending a str, it must be a hex string. Got: 'FvwEAhmxKfeiG8SnEvq42hc6whRyY3EFYAvebMqDNDGCgxN5Z'
2025-07-17 07:07:12 - balance_service - WARNING - خطا در دریافت موجودی TRC20 با API اصلی: 404 - {"timestamp":"2025-07-17T07:07:12.742+00:00","status":404,"error":"Not Found","path":"/v1/accounts/TWxYj1EgkXikRh3SszVUQniB6NcLNKeRfy/tokens"}
2025-07-17 07:07:13 - balance_service - ERROR - خطا در استفاده از API جایگزین 8: HTTPSConnectionPool(host='api.tronstation.io', port=443): Max retries exceeded with url: /v1/accounts/TWxYj1EgkXikRh3SszVUQniB6NcLNKeRfy/tokens (Caused by NameResolutionError("<urllib3.connection.HTTPSConnection object at 0x7fa4141f66a0>: Failed to resolve 'api.tronstation.io' ([Errno -2] Name or service not known)"))
2025-07-17 07:07:14 - balance_service - ERROR - خطا در استفاده از API جایگزین 8: HTTPSConnectionPool(host='api.tronstation.io', port=443): Max retries exceeded with url: /v1/accounts/TWxYj1EgkXikRh3SszVUQniB6NcLNKeRfy/tokens (Caused by NameResolutionError("<urllib3.connection.HTTPSConnection object at 0x7fa4141ef940>: Failed to resolve 'api.tronstation.io' ([Errno -2] Name or service not known)"))
2025-07-17 07:07:14 - balance_service - ERROR - خطا در استفاده از API جایگزین 8: HTTPSConnectionPool(host='api.tronstation.io', port=443): Max retries exceeded with url: /v1/accounts/TWxYj1EgkXikRh3SszVUQniB6NcLNKeRfy/tokens (Caused by NameResolutionError("<urllib3.connection.HTTPSConnection object at 0x7fa4141ef670>: Failed to resolve 'api.tronstation.io' ([Errno -2] Name or service not known)"))
2025-07-17 07:07:15 - balance_service - WARNING - No native currency found for blockchain Bitcoin
2025-07-17 07:07:15 - balance_service - WARNING - No native currency found for blockchain Avalanche
2025-07-17 07:07:15 - balance_service - WARNING - No native currency found for blockchain Arbitrum
2025-07-17 07:07:15 - balance_service - WARNING - No native currency found for blockchain Polkadot
2025-07-17 07:07:16 - balance_service - WARNING - خطا در دریافت موجودی TRC20 با API اصلی: 404 - {"timestamp":"2025-07-17T07:07:16.044+00:00","status":404,"error":"Not Found","path":"/v1/accounts/TWxYj1EgkXikRh3SszVUQniB6NcLNKeRfy/tokens"}
2025-07-17 07:07:16 - balance_service - WARNING - خطا در دریافت موجودی TRC20 با API اصلی: 404 - {"timestamp":"2025-07-17T07:07:16.255+00:00","status":404,"error":"Not Found","path":"/v1/accounts/TWxYj1EgkXikRh3SszVUQniB6NcLNKeRfy/tokens"}
2025-07-17 07:07:16 - balance_service - ERROR - Error getting EVM token balance on Avalanche: when sending a str, it must be a hex string. Got: 'FvwEAhmxKfeiG8SnEvq42hc6whRyY3EFYAvebMqDNDGCgxN5Z'
Traceback (most recent call last):
  File "/www/wwwroot/coinceeper.com/CC/services/balance_service.py", line 157, in get_token_balance
    address=Web3.to_checksum_address(contract_address),
  File "/www/wwwroot/coinceeper.com/CC/venv/lib64/python3.9/site-packages/web3/main.py", line 268, in to_checksum_address
    return to_checksum_address(value)
  File "/www/wwwroot/coinceeper.com/CC/venv/lib64/python3.9/site-packages/eth_utils/address.py", line 129, in to_checksum_address
    norm_address = to_normalized_address(value)
  File "/www/wwwroot/coinceeper.com/CC/venv/lib64/python3.9/site-packages/eth_utils/address.py", line 73, in to_normalized_address
    hex_address = hexstr_if_str(to_hex, value).lower()
  File "/www/wwwroot/coinceeper.com/CC/venv/lib64/python3.9/site-packages/eth_utils/conversions.py", line 195, in hexstr_if_str
    raise ValueError(
ValueError: when sending a str, it must be a hex string. Got: 'FvwEAhmxKfeiG8SnEvq42hc6whRyY3EFYAvebMqDNDGCgxN5Z'
2025-07-17 07:07:17 - balance_service - WARNING - خطا در دریافت موجودی TRC20 با API اصلی: 404 - {"timestamp":"2025-07-17T07:07:17.247+00:00","status":404,"error":"Not Found","path":"/v1/accounts/TWxYj1EgkXikRh3SszVUQniB6NcLNKeRfy/tokens"}
2025-07-17 07:07:17 - balance_service - ERROR - خطا در استفاده از API جایگزین 8: HTTPSConnectionPool(host='api.tronstation.io', port=443): Max retries exceeded with url: /v1/accounts/TWxYj1EgkXikRh3SszVUQniB6NcLNKeRfy/tokens (Caused by NameResolutionError("<urllib3.connection.HTTPSConnection object at 0x7fa414185550>: Failed to resolve 'api.tronstation.io' ([Errno -2] Name or service not known)"))
2025-07-17 07:07:18 - balance_service - ERROR - خطا در استفاده از API جایگزین 8: HTTPSConnectionPool(host='api.tronstation.io', port=443): Max retries exceeded with url: /v1/accounts/TWxYj1EgkXikRh3SszVUQniB6NcLNKeRfy/tokens (Caused by NameResolutionError("<urllib3.connection.HTTPSConnection object at 0x7fa4141ef940>: Failed to resolve 'api.tronstation.io' ([Errno -2] Name or service not known)"))
2025-07-17 07:07:19 - balance_service - ERROR - خطا در استفاده از API جایگزین 8: HTTPSConnectionPool(host='api.tronstation.io', port=443): Max retries exceeded with url: /v1/accounts/TWxYj1EgkXikRh3SszVUQniB6NcLNKeRfy/tokens (Caused by NameResolutionError("<urllib3.connection.HTTPSConnection object at 0x7fa415298f40>: Failed to resolve 'api.tronstation.io' ([Errno -2] Name or service not known)"))
2025-07-17 07:09:09 - balance_service - WARNING - No native currency found for blockchain Bitcoin
2025-07-17 07:09:09 - balance_service - WARNING - No native currency found for blockchain Avalanche
2025-07-17 07:09:09 - balance_service - WARNING - No native currency found for blockchain Arbitrum
2025-07-17 07:09:09 - balance_service - WARNING - No native currency found for blockchain Polkadot
2025-07-17 07:09:09 - balance_service - WARNING - خطا در دریافت موجودی TRC20 با API اصلی: 404 - {"timestamp":"2025-07-17T07:09:09.880+00:00","status":404,"error":"Not Found","path":"/v1/accounts/TWxYj1EgkXikRh3SszVUQniB6NcLNKeRfy/tokens"}
2025-07-17 07:09:10 - balance_service - WARNING - خطا در دریافت موجودی TRC20 با API اصلی: 404 - {"timestamp":"2025-07-17T07:09:10.112+00:00","status":404,"error":"Not Found","path":"/v1/accounts/TWxYj1EgkXikRh3SszVUQniB6NcLNKeRfy/tokens"}
2025-07-17 07:09:10 - balance_service - ERROR - Error getting EVM token balance on Avalanche: when sending a str, it must be a hex string. Got: 'FvwEAhmxKfeiG8SnEvq42hc6whRyY3EFYAvebMqDNDGCgxN5Z'
Traceback (most recent call last):
  File "/www/wwwroot/coinceeper.com/CC/services/balance_service.py", line 157, in get_token_balance
    address=Web3.to_checksum_address(contract_address),
  File "/www/wwwroot/coinceeper.com/CC/venv/lib64/python3.9/site-packages/web3/main.py", line 268, in to_checksum_address
    return to_checksum_address(value)
  File "/www/wwwroot/coinceeper.com/CC/venv/lib64/python3.9/site-packages/eth_utils/address.py", line 129, in to_checksum_address
    norm_address = to_normalized_address(value)
  File "/www/wwwroot/coinceeper.com/CC/venv/lib64/python3.9/site-packages/eth_utils/address.py", line 73, in to_normalized_address
    hex_address = hexstr_if_str(to_hex, value).lower()
  File "/www/wwwroot/coinceeper.com/CC/venv/lib64/python3.9/site-packages/eth_utils/conversions.py", line 195, in hexstr_if_str
    raise ValueError(
ValueError: when sending a str, it must be a hex string. Got: 'FvwEAhmxKfeiG8SnEvq42hc6whRyY3EFYAvebMqDNDGCgxN5Z'
2025-07-17 07:09:10 - balance_service - WARNING - خطا در دریافت موجودی TRC20 با API اصلی: 404 - {"timestamp":"2025-07-17T07:09:10.597+00:00","status":404,"error":"Not Found","path":"/v1/accounts/TWxYj1EgkXikRh3SszVUQniB6NcLNKeRfy/tokens"}
2025-07-17 07:09:11 - balance_service - ERROR - خطا در استفاده از API جایگزین 8: HTTPSConnectionPool(host='api.tronstation.io', port=443): Max retries exceeded with url: /v1/accounts/TWxYj1EgkXikRh3SszVUQniB6NcLNKeRfy/tokens (Caused by NameResolutionError("<urllib3.connection.HTTPSConnection object at 0x7fa414132910>: Failed to resolve 'api.tronstation.io' ([Errno -2] Name or service not known)"))
2025-07-17 07:09:11 - balance_service - ERROR - خطا در استفاده از API جایگزین 8: HTTPSConnectionPool(host='api.tronstation.io', port=443): Max retries exceeded with url: /v1/accounts/TWxYj1EgkXikRh3SszVUQniB6NcLNKeRfy/tokens (Caused by NameResolutionError("<urllib3.connection.HTTPSConnection object at 0x7fa41483c160>: Failed to resolve 'api.tronstation.io' ([Errno -2] Name or service not known)"))
2025-07-17 07:09:12 - balance_service - ERROR - خطا در استفاده از API جایگزین 8: HTTPSConnectionPool(host='api.tronstation.io', port=443): Max retries exceeded with url: /v1/accounts/TWxYj1EgkXikRh3SszVUQniB6NcLNKeRfy/tokens (Caused by NameResolutionError("<urllib3.connection.HTTPSConnection object at 0x7fa41482f8b0>: Failed to resolve 'api.tronstation.io' ([Errno -2] Name or service not known)"))
2025-07-17 07:09:22 - balance_service - WARNING - No native currency found for blockchain Bitcoin
2025-07-17 07:09:22 - balance_service - WARNING - No native currency found for blockchain Avalanche
2025-07-17 07:09:22 - balance_service - WARNING - No native currency found for blockchain Arbitrum
2025-07-17 07:09:22 - balance_service - WARNING - No native currency found for blockchain Polkadot
2025-07-17 07:09:22 - balance_service - WARNING - No native currency found for blockchain Bitcoin
2025-07-17 07:09:22 - balance_service - WARNING - No native currency found for blockchain Avalanche
2025-07-17 07:09:22 - balance_service - WARNING - No native currency found for blockchain Arbitrum
2025-07-17 07:09:22 - balance_service - WARNING - No native currency found for blockchain Polkadot
2025-07-17 07:09:23 - balance_service - WARNING - خطا در دریافت موجودی TRC20 با API اصلی: 404 - {"timestamp":"2025-07-17T07:09:23.032+00:00","status":404,"error":"Not Found","path":"/v1/accounts/TWxYj1EgkXikRh3SszVUQniB6NcLNKeRfy/tokens"}
2025-07-17 07:09:23 - balance_service - WARNING - خطا در دریافت موجودی TRC20 با API اصلی: 404 - {"timestamp":"2025-07-17T07:09:23.249+00:00","status":404,"error":"Not Found","path":"/v1/accounts/TWxYj1EgkXikRh3SszVUQniB6NcLNKeRfy/tokens"}
2025-07-17 07:09:23 - balance_service - WARNING - خطا در دریافت موجودی TRC20 با API اصلی: 404 - {"timestamp":"2025-07-17T07:09:23.264+00:00","status":404,"error":"Not Found","path":"/v1/accounts/TWxYj1EgkXikRh3SszVUQniB6NcLNKeRfy/tokens"}
2025-07-17 07:09:23 - balance_service - WARNING - خطا در دریافت موجودی TRC20 با API اصلی: 404 - {"timestamp":"2025-07-17T07:09:23.466+00:00","status":404,"error":"Not Found","path":"/v1/accounts/TWxYj1EgkXikRh3SszVUQniB6NcLNKeRfy/tokens"}
2025-07-17 07:09:23 - balance_service - ERROR - Error getting EVM token balance on Avalanche: when sending a str, it must be a hex string. Got: 'FvwEAhmxKfeiG8SnEvq42hc6whRyY3EFYAvebMqDNDGCgxN5Z'
Traceback (most recent call last):
  File "/www/wwwroot/coinceeper.com/CC/services/balance_service.py", line 157, in get_token_balance
    address=Web3.to_checksum_address(contract_address),
  File "/www/wwwroot/coinceeper.com/CC/venv/lib64/python3.9/site-packages/web3/main.py", line 268, in to_checksum_address
    return to_checksum_address(value)
  File "/www/wwwroot/coinceeper.com/CC/venv/lib64/python3.9/site-packages/eth_utils/address.py", line 129, in to_checksum_address
    norm_address = to_normalized_address(value)
  File "/www/wwwroot/coinceeper.com/CC/venv/lib64/python3.9/site-packages/eth_utils/address.py", line 73, in to_normalized_address
    hex_address = hexstr_if_str(to_hex, value).lower()
  File "/www/wwwroot/coinceeper.com/CC/venv/lib64/python3.9/site-packages/eth_utils/conversions.py", line 195, in hexstr_if_str
    raise ValueError(
ValueError: when sending a str, it must be a hex string. Got: 'FvwEAhmxKfeiG8SnEvq42hc6whRyY3EFYAvebMqDNDGCgxN5Z'
2025-07-17 07:09:23 - balance_service - ERROR - Error getting EVM token balance on Avalanche: when sending a str, it must be a hex string. Got: 'FvwEAhmxKfeiG8SnEvq42hc6whRyY3EFYAvebMqDNDGCgxN5Z'
Traceback (most recent call last):
  File "/www/wwwroot/coinceeper.com/CC/services/balance_service.py", line 157, in get_token_balance
    address=Web3.to_checksum_address(contract_address),
  File "/www/wwwroot/coinceeper.com/CC/venv/lib64/python3.9/site-packages/web3/main.py", line 268, in to_checksum_address
    return to_checksum_address(value)
  File "/www/wwwroot/coinceeper.com/CC/venv/lib64/python3.9/site-packages/eth_utils/address.py", line 129, in to_checksum_address
    norm_address = to_normalized_address(value)
  File "/www/wwwroot/coinceeper.com/CC/venv/lib64/python3.9/site-packages/eth_utils/address.py", line 73, in to_normalized_address
    hex_address = hexstr_if_str(to_hex, value).lower()
  File "/www/wwwroot/coinceeper.com/CC/venv/lib64/python3.9/site-packages/eth_utils/conversions.py", line 195, in hexstr_if_str
    raise ValueError(
ValueError: when sending a str, it must be a hex string. Got: 'FvwEAhmxKfeiG8SnEvq42hc6whRyY3EFYAvebMqDNDGCgxN5Z'
2025-07-17 07:09:23 - balance_service - WARNING - خطا در دریافت موجودی TRC20 با API اصلی: 404 - {"timestamp":"2025-07-17T07:09:23.736+00:00","status":404,"error":"Not Found","path":"/v1/accounts/TWxYj1EgkXikRh3SszVUQniB6NcLNKeRfy/tokens"}
2025-07-17 07:09:23 - balance_service - WARNING - خطا در دریافت موجودی TRC20 با API اصلی: 404 - {"timestamp":"2025-07-17T07:09:23.883+00:00","status":404,"error":"Not Found","path":"/v1/accounts/TWxYj1EgkXikRh3SszVUQniB6NcLNKeRfy/tokens"}
2025-07-17 07:09:24 - balance_service - ERROR - خطا در استفاده از API جایگزین 8: HTTPSConnectionPool(host='api.tronstation.io', port=443): Max retries exceeded with url: /v1/accounts/TWxYj1EgkXikRh3SszVUQniB6NcLNKeRfy/tokens (Caused by NameResolutionError("<urllib3.connection.HTTPSConnection object at 0x7fa41486f9a0>: Failed to resolve 'api.tronstation.io' ([Errno -2] Name or service not known)"))
2025-07-17 07:09:24 - balance_service - ERROR - خطا در استفاده از API جایگزین 8: HTTPSConnectionPool(host='api.tronstation.io', port=443): Max retries exceeded with url: /v1/accounts/TWxYj1EgkXikRh3SszVUQniB6NcLNKeRfy/tokens (Caused by NameResolutionError("<urllib3.connection.HTTPSConnection object at 0x7fa3fc74fd60>: Failed to resolve 'api.tronstation.io' ([Errno -2] Name or service not known)"))
2025-07-17 07:09:25 - balance_service - ERROR - خطا در استفاده از API جایگزین 8: HTTPSConnectionPool(host='api.tronstation.io', port=443): Max retries exceeded with url: /v1/accounts/TWxYj1EgkXikRh3SszVUQniB6NcLNKeRfy/tokens (Caused by NameResolutionError("<urllib3.connection.HTTPSConnection object at 0x7fa4150a5ee0>: Failed to resolve 'api.tronstation.io' ([Errno -2] Name or service not known)"))
2025-07-17 07:09:25 - balance_service - ERROR - خطا در استفاده از API جایگزین 8: HTTPSConnectionPool(host='api.tronstation.io', port=443): Max retries exceeded with url: /v1/accounts/TWxYj1EgkXikRh3SszVUQniB6NcLNKeRfy/tokens (Caused by NameResolutionError("<urllib3.connection.HTTPSConnection object at 0x7fa3fc74f130>: Failed to resolve 'api.tronstation.io' ([Errno -2] Name or service not known)"))
2025-07-17 07:09:25 - balance_service - ERROR - خطا در استفاده از API جایگزین 8: HTTPSConnectionPool(host='api.tronstation.io', port=443): Max retries exceeded with url: /v1/accounts/TWxYj1EgkXikRh3SszVUQniB6NcLNKeRfy/tokens (Caused by NameResolutionError("<urllib3.connection.HTTPSConnection object at 0x7fa4148603a0>: Failed to resolve 'api.tronstation.io' ([Errno -2] Name or service not known)"))
2025-07-17 07:09:25 - balance_service - ERROR - خطا در استفاده از API جایگزین 8: HTTPSConnectionPool(host='api.tronstation.io', port=443): Max retries exceeded with url: /v1/accounts/TWxYj1EgkXikRh3SszVUQniB6NcLNKeRfy/tokens (Caused by NameResolutionError("<urllib3.connection.HTTPSConnection object at 0x7fa3fc77daf0>: Failed to resolve 'api.tronstation.io' ([Errno -2] Name or service not known)"))
2025-07-17 07:16:38 - balance_service - DEBUG - Logger initialized for balance_service at level DEBUG
2025-07-17 07:16:38 - balance_service - DEBUG - Logger initialized for balance_service at level DEBUG
2025-07-17 07:16:38 - balance_service - DEBUG - Logger initialized for balance_service at level DEBUG
2025-07-17 07:17:06 - balance_service - DEBUG - Logger initialized for balance_service at level DEBUG
2025-07-17 07:21:57 - balance_service - DEBUG - Logger initialized for balance_service at level DEBUG
2025-07-17 07:21:57 - balance_service - DEBUG - Logger initialized for balance_service at level DEBUG
2025-07-17 07:21:57 - balance_service - DEBUG - Logger initialized for balance_service at level DEBUG
2025-07-17 07:24:05 - balance_service - DEBUG - Logger initialized for balance_service at level DEBUG
2025-07-17 07:28:23 - balance_service - DEBUG - Logger initialized for balance_service at level DEBUG
2025-07-17 07:28:23 - balance_service - DEBUG - Logger initialized for balance_service at level DEBUG
2025-07-17 07:28:23 - balance_service - DEBUG - Logger initialized for balance_service at level DEBUG
2025-07-17 07:28:41 - balance_service - DEBUG - Logger initialized for balance_service at level DEBUG
2025-07-17 07:32:01 - balance_service - DEBUG - Logger initialized for balance_service at level DEBUG
2025-07-17 07:32:02 - balance_service - DEBUG - Logger initialized for balance_service at level DEBUG
2025-07-17 07:32:02 - balance_service - DEBUG - Logger initialized for balance_service at level DEBUG
2025-07-17 07:32:14 - balance_service - DEBUG - Logger initialized for balance_service at level DEBUG
2025-07-17 07:36:33 - balance_service - DEBUG - Logger initialized for balance_service at level DEBUG
2025-07-17 07:36:33 - balance_service - DEBUG - Logger initialized for balance_service at level DEBUG
2025-07-17 07:36:33 - balance_service - DEBUG - Logger initialized for balance_service at level DEBUG
2025-07-17 07:36:45 - balance_service - DEBUG - Logger initialized for balance_service at level DEBUG
2025-07-17 07:43:27 - balance_service - DEBUG - Logger initialized for balance_service at level DEBUG
2025-07-17 07:43:27 - balance_service - DEBUG - Logger initialized for balance_service at level DEBUG
2025-07-17 07:43:28 - balance_service - DEBUG - Logger initialized for balance_service at level DEBUG
2025-07-17 07:43:47 - balance_service - DEBUG - Logger initialized for balance_service at level DEBUG
2025-07-17 07:47:23 - balance_service - DEBUG - Logger initialized for balance_service at level DEBUG
2025-07-17 07:47:23 - balance_service - DEBUG - Logger initialized for balance_service at level DEBUG
2025-07-17 07:47:24 - balance_service - DEBUG - Logger initialized for balance_service at level DEBUG
2025-07-17 07:47:53 - balance_service - DEBUG - Logger initialized for balance_service at level DEBUG
2025-07-17 07:54:32 - balance_service - DEBUG - Logger initialized for balance_service at level DEBUG
2025-07-17 07:54:33 - balance_service - DEBUG - Logger initialized for balance_service at level DEBUG
2025-07-17 07:54:33 - balance_service - DEBUG - Logger initialized for balance_service at level DEBUG
2025-07-17 07:55:05 - balance_service - DEBUG - Logger initialized for balance_service at level DEBUG
2025-07-17 07:55:42 - balance_service - WARNING - No native currency found for blockchain Bitcoin
2025-07-17 07:55:42 - balance_service - WARNING - No native currency found for blockchain Avalanche
2025-07-17 07:55:42 - balance_service - WARNING - No native currency found for blockchain Arbitrum
2025-07-17 07:55:42 - balance_service - WARNING - No native currency found for blockchain Polkadot
2025-07-17 07:55:43 - balance_service - WARNING - خطا در دریافت موجودی TRC20 با API اصلی: 404 - {"timestamp":"2025-07-17T07:55:43.552+00:00","status":404,"error":"Not Found","path":"/v1/accounts/TSd4TnaMZa2xuuSg9JvaMNyny6HTSpS8wt/tokens"}
2025-07-17 07:55:43 - balance_service - WARNING - خطا در دریافت موجودی TRC20 با API اصلی: 404 - {"timestamp":"2025-07-17T07:55:43.778+00:00","status":404,"error":"Not Found","path":"/v1/accounts/TSd4TnaMZa2xuuSg9JvaMNyny6HTSpS8wt/tokens"}
2025-07-17 07:55:44 - balance_service - ERROR - Error getting EVM token balance on Avalanche: when sending a str, it must be a hex string. Got: 'FvwEAhmxKfeiG8SnEvq42hc6whRyY3EFYAvebMqDNDGCgxN5Z'
Traceback (most recent call last):
  File "/www/wwwroot/coinceeper.com/CC/services/balance_service.py", line 157, in get_token_balance
    address=Web3.to_checksum_address(contract_address),
  File "/www/wwwroot/coinceeper.com/CC/venv/lib64/python3.9/site-packages/web3/main.py", line 268, in to_checksum_address
    return to_checksum_address(value)
  File "/www/wwwroot/coinceeper.com/CC/venv/lib64/python3.9/site-packages/eth_utils/address.py", line 129, in to_checksum_address
    norm_address = to_normalized_address(value)
  File "/www/wwwroot/coinceeper.com/CC/venv/lib64/python3.9/site-packages/eth_utils/address.py", line 73, in to_normalized_address
    hex_address = hexstr_if_str(to_hex, value).lower()
  File "/www/wwwroot/coinceeper.com/CC/venv/lib64/python3.9/site-packages/eth_utils/conversions.py", line 195, in hexstr_if_str
    raise ValueError(
ValueError: when sending a str, it must be a hex string. Got: 'FvwEAhmxKfeiG8SnEvq42hc6whRyY3EFYAvebMqDNDGCgxN5Z'
2025-07-17 07:55:44 - balance_service - WARNING - خطا در دریافت موجودی TRC20 با API اصلی: 404 - {"timestamp":"2025-07-17T07:55:44.280+00:00","status":404,"error":"Not Found","path":"/v1/accounts/TSd4TnaMZa2xuuSg9JvaMNyny6HTSpS8wt/tokens"}
2025-07-17 07:55:45 - balance_service - ERROR - خطا در استفاده از API جایگزین 8: HTTPSConnectionPool(host='api.tronstation.io', port=443): Max retries exceeded with url: /v1/accounts/TSd4TnaMZa2xuuSg9JvaMNyny6HTSpS8wt/tokens (Caused by NameResolutionError("<urllib3.connection.HTTPSConnection object at 0x7f88701fbaf0>: Failed to resolve 'api.tronstation.io' ([Errno -2] Name or service not known)"))
2025-07-17 07:55:45 - balance_service - ERROR - خطا در استفاده از API جایگزین 8: HTTPSConnectionPool(host='api.tronstation.io', port=443): Max retries exceeded with url: /v1/accounts/TSd4TnaMZa2xuuSg9JvaMNyny6HTSpS8wt/tokens (Caused by NameResolutionError("<urllib3.connection.HTTPSConnection object at 0x7f88702afdc0>: Failed to resolve 'api.tronstation.io' ([Errno -2] Name or service not known)"))
2025-07-17 07:55:46 - balance_service - ERROR - خطا در استفاده از API جایگزین 8: HTTPSConnectionPool(host='api.tronstation.io', port=443): Max retries exceeded with url: /v1/accounts/TSd4TnaMZa2xuuSg9JvaMNyny6HTSpS8wt/tokens (Caused by NameResolutionError("<urllib3.connection.HTTPSConnection object at 0x7f88702036d0>: Failed to resolve 'api.tronstation.io' ([Errno -2] Name or service not known)"))
2025-07-17 08:06:13 - balance_service - WARNING - No native currency found for blockchain Bitcoin
2025-07-17 08:06:13 - balance_service - WARNING - No native currency found for blockchain Avalanche
2025-07-17 08:06:13 - balance_service - WARNING - No native currency found for blockchain Arbitrum
2025-07-17 08:06:13 - balance_service - WARNING - No native currency found for blockchain Polkadot
2025-07-17 08:06:14 - balance_service - WARNING - خطا در دریافت موجودی TRC20 با API اصلی: 404 - {"timestamp":"2025-07-17T08:06:14.227+00:00","status":404,"error":"Not Found","path":"/v1/accounts/THsUTJSKTCXnqpzsRKRztjgS9yiu4tUUyt/tokens"}
2025-07-17 08:06:14 - balance_service - WARNING - خطا در دریافت موجودی TRC20 با API اصلی: 404 - {"timestamp":"2025-07-17T08:06:14.549+00:00","status":404,"error":"Not Found","path":"/v1/accounts/THsUTJSKTCXnqpzsRKRztjgS9yiu4tUUyt/tokens"}
2025-07-17 08:06:14 - balance_service - ERROR - Error getting EVM token balance on Avalanche: when sending a str, it must be a hex string. Got: 'FvwEAhmxKfeiG8SnEvq42hc6whRyY3EFYAvebMqDNDGCgxN5Z'
Traceback (most recent call last):
  File "/www/wwwroot/coinceeper.com/CC/services/balance_service.py", line 157, in get_token_balance
    address=Web3.to_checksum_address(contract_address),
  File "/www/wwwroot/coinceeper.com/CC/venv/lib64/python3.9/site-packages/web3/main.py", line 268, in to_checksum_address
    return to_checksum_address(value)
  File "/www/wwwroot/coinceeper.com/CC/venv/lib64/python3.9/site-packages/eth_utils/address.py", line 129, in to_checksum_address
    norm_address = to_normalized_address(value)
  File "/www/wwwroot/coinceeper.com/CC/venv/lib64/python3.9/site-packages/eth_utils/address.py", line 73, in to_normalized_address
    hex_address = hexstr_if_str(to_hex, value).lower()
  File "/www/wwwroot/coinceeper.com/CC/venv/lib64/python3.9/site-packages/eth_utils/conversions.py", line 195, in hexstr_if_str
    raise ValueError(
ValueError: when sending a str, it must be a hex string. Got: 'FvwEAhmxKfeiG8SnEvq42hc6whRyY3EFYAvebMqDNDGCgxN5Z'
2025-07-17 08:06:15 - balance_service - WARNING - خطا در دریافت موجودی TRC20 با API اصلی: 404 - {"timestamp":"2025-07-17T08:06:14.978+00:00","status":404,"error":"Not Found","path":"/v1/accounts/THsUTJSKTCXnqpzsRKRztjgS9yiu4tUUyt/tokens"}
2025-07-17 08:06:15 - balance_service - ERROR - خطا در استفاده از API جایگزین 8: HTTPSConnectionPool(host='api.tronstation.io', port=443): Max retries exceeded with url: /v1/accounts/THsUTJSKTCXnqpzsRKRztjgS9yiu4tUUyt/tokens (Caused by NameResolutionError("<urllib3.connection.HTTPSConnection object at 0x7f88701e3a30>: Failed to resolve 'api.tronstation.io' ([Errno -2] Name or service not known)"))
2025-07-17 08:06:16 - balance_service - ERROR - خطا در استفاده از API جایگزین 8: HTTPSConnectionPool(host='api.tronstation.io', port=443): Max retries exceeded with url: /v1/accounts/THsUTJSKTCXnqpzsRKRztjgS9yiu4tUUyt/tokens (Caused by NameResolutionError("<urllib3.connection.HTTPSConnection object at 0x7f8870223430>: Failed to resolve 'api.tronstation.io' ([Errno -2] Name or service not known)"))
2025-07-17 08:06:16 - balance_service - ERROR - خطا در استفاده از API جایگزین 8: HTTPSConnectionPool(host='api.tronstation.io', port=443): Max retries exceeded with url: /v1/accounts/THsUTJSKTCXnqpzsRKRztjgS9yiu4tUUyt/tokens (Caused by NameResolutionError("<urllib3.connection.HTTPSConnection object at 0x7f88701dbc10>: Failed to resolve 'api.tronstation.io' ([Errno -2] Name or service not known)"))
2025-07-17 08:09:25 - balance_service - WARNING - No native currency found for blockchain Bitcoin
2025-07-17 08:09:25 - balance_service - WARNING - No native currency found for blockchain Avalanche
2025-07-17 08:09:25 - balance_service - WARNING - No native currency found for blockchain Arbitrum
2025-07-17 08:09:25 - balance_service - WARNING - No native currency found for blockchain Polkadot
2025-07-17 08:09:26 - balance_service - WARNING - خطا در دریافت موجودی TRC20 با API اصلی: 404 - {"timestamp":"2025-07-17T08:09:26.296+00:00","status":404,"error":"Not Found","path":"/v1/accounts/TWxYj1EgkXikRh3SszVUQniB6NcLNKeRfy/tokens"}
2025-07-17 08:09:26 - balance_service - WARNING - No native currency found for blockchain Bitcoin
2025-07-17 08:09:26 - balance_service - WARNING - No native currency found for blockchain Avalanche
2025-07-17 08:09:26 - balance_service - WARNING - No native currency found for blockchain Arbitrum
2025-07-17 08:09:26 - balance_service - WARNING - No native currency found for blockchain Polkadot
2025-07-17 08:09:26 - balance_service - WARNING - خطا در دریافت موجودی TRC20 با API اصلی: 404 - {"timestamp":"2025-07-17T08:09:26.544+00:00","status":404,"error":"Not Found","path":"/v1/accounts/TWxYj1EgkXikRh3SszVUQniB6NcLNKeRfy/tokens"}
2025-07-17 08:09:27 - balance_service - WARNING - خطا در دریافت موجودی TRC20 با API اصلی: 404 - {"timestamp":"2025-07-17T08:09:27.008+00:00","status":404,"error":"Not Found","path":"/v1/accounts/TWxYj1EgkXikRh3SszVUQniB6NcLNKeRfy/tokens"}
2025-07-17 08:09:27 - balance_service - WARNING - خطا در دریافت موجودی TRC20 با API اصلی: 404 - {"timestamp":"2025-07-17T08:09:27.265+00:00","status":404,"error":"Not Found","path":"/v1/accounts/TWxYj1EgkXikRh3SszVUQniB6NcLNKeRfy/tokens"}
2025-07-17 08:09:27 - balance_service - ERROR - Error getting EVM token balance on Avalanche: when sending a str, it must be a hex string. Got: 'FvwEAhmxKfeiG8SnEvq42hc6whRyY3EFYAvebMqDNDGCgxN5Z'
Traceback (most recent call last):
  File "/www/wwwroot/coinceeper.com/CC/services/balance_service.py", line 157, in get_token_balance
    address=Web3.to_checksum_address(contract_address),
  File "/www/wwwroot/coinceeper.com/CC/venv/lib64/python3.9/site-packages/web3/main.py", line 268, in to_checksum_address
    return to_checksum_address(value)
  File "/www/wwwroot/coinceeper.com/CC/venv/lib64/python3.9/site-packages/eth_utils/address.py", line 129, in to_checksum_address
    norm_address = to_normalized_address(value)
  File "/www/wwwroot/coinceeper.com/CC/venv/lib64/python3.9/site-packages/eth_utils/address.py", line 73, in to_normalized_address
    hex_address = hexstr_if_str(to_hex, value).lower()
  File "/www/wwwroot/coinceeper.com/CC/venv/lib64/python3.9/site-packages/eth_utils/conversions.py", line 195, in hexstr_if_str
    raise ValueError(
ValueError: when sending a str, it must be a hex string. Got: 'FvwEAhmxKfeiG8SnEvq42hc6whRyY3EFYAvebMqDNDGCgxN5Z'
2025-07-17 08:09:27 - balance_service - WARNING - خطا در دریافت موجودی TRC20 با API اصلی: 404 - {"timestamp":"2025-07-17T08:09:27.470+00:00","status":404,"error":"Not Found","path":"/v1/accounts/TWxYj1EgkXikRh3SszVUQniB6NcLNKeRfy/tokens"}
2025-07-17 08:09:28 - balance_service - ERROR - خطا در استفاده از API جایگزین 8: HTTPSConnectionPool(host='api.tronstation.io', port=443): Max retries exceeded with url: /v1/accounts/TWxYj1EgkXikRh3SszVUQniB6NcLNKeRfy/tokens (Caused by NameResolutionError("<urllib3.connection.HTTPSConnection object at 0x7f88702148e0>: Failed to resolve 'api.tronstation.io' ([Errno -2] Name or service not known)"))
2025-07-17 08:09:28 - balance_service - ERROR - خطا در استفاده از API جایگزین 8: HTTPSConnectionPool(host='api.tronstation.io', port=443): Max retries exceeded with url: /v1/accounts/TWxYj1EgkXikRh3SszVUQniB6NcLNKeRfy/tokens (Caused by NameResolutionError("<urllib3.connection.HTTPSConnection object at 0x7f887020bfd0>: Failed to resolve 'api.tronstation.io' ([Errno -2] Name or service not known)"))
2025-07-17 08:09:28 - balance_service - ERROR - خطا در استفاده از API جایگزین 8: HTTPSConnectionPool(host='api.tronstation.io', port=443): Max retries exceeded with url: /v1/accounts/TWxYj1EgkXikRh3SszVUQniB6NcLNKeRfy/tokens (Caused by NameResolutionError("<urllib3.connection.HTTPSConnection object at 0x7f88700acfd0>: Failed to resolve 'api.tronstation.io' ([Errno -2] Name or service not known)"))
2025-07-17 08:09:29 - balance_service - WARNING - خطا در دریافت موجودی TRC20 با API اصلی: 404 - {"timestamp":"2025-07-17T08:09:29.024+00:00","status":404,"error":"Not Found","path":"/v1/accounts/TWxYj1EgkXikRh3SszVUQniB6NcLNKeRfy/tokens"}
2025-07-17 08:09:29 - balance_service - ERROR - خطا در استفاده از API جایگزین 8: HTTPSConnectionPool(host='api.tronstation.io', port=443): Max retries exceeded with url: /v1/accounts/TWxYj1EgkXikRh3SszVUQniB6NcLNKeRfy/tokens (Caused by NameResolutionError("<urllib3.connection.HTTPSConnection object at 0x7f887236da30>: Failed to resolve 'api.tronstation.io' ([Errno -2] Name or service not known)"))
2025-07-17 08:09:29 - balance_service - ERROR - Error getting EVM token balance on Avalanche: when sending a str, it must be a hex string. Got: 'FvwEAhmxKfeiG8SnEvq42hc6whRyY3EFYAvebMqDNDGCgxN5Z'
Traceback (most recent call last):
  File "/www/wwwroot/coinceeper.com/CC/services/balance_service.py", line 157, in get_token_balance
    address=Web3.to_checksum_address(contract_address),
  File "/www/wwwroot/coinceeper.com/CC/venv/lib64/python3.9/site-packages/web3/main.py", line 268, in to_checksum_address
    return to_checksum_address(value)
  File "/www/wwwroot/coinceeper.com/CC/venv/lib64/python3.9/site-packages/eth_utils/address.py", line 129, in to_checksum_address
    norm_address = to_normalized_address(value)
  File "/www/wwwroot/coinceeper.com/CC/venv/lib64/python3.9/site-packages/eth_utils/address.py", line 73, in to_normalized_address
    hex_address = hexstr_if_str(to_hex, value).lower()
  File "/www/wwwroot/coinceeper.com/CC/venv/lib64/python3.9/site-packages/eth_utils/conversions.py", line 195, in hexstr_if_str
    raise ValueError(
ValueError: when sending a str, it must be a hex string. Got: 'FvwEAhmxKfeiG8SnEvq42hc6whRyY3EFYAvebMqDNDGCgxN5Z'
2025-07-17 08:09:29 - balance_service - ERROR - خطا در استفاده از API جایگزین 8: HTTPSConnectionPool(host='api.tronstation.io', port=443): Max retries exceeded with url: /v1/accounts/TWxYj1EgkXikRh3SszVUQniB6NcLNKeRfy/tokens (Caused by NameResolutionError("<urllib3.connection.HTTPSConnection object at 0x7f88718edca0>: Failed to resolve 'api.tronstation.io' ([Errno -2] Name or service not known)"))
2025-07-17 08:09:30 - balance_service - ERROR - Error getting EVM token balance on Ethereum: 429 Client Error: Too Many Requests for url: https://mainnet.infura.io/v3/a8ab43a04ce044de988a838d92f478a7
Traceback (most recent call last):
  File "/www/wwwroot/coinceeper.com/CC/services/balance_service.py", line 163, in get_token_balance
    balance = token_contract.functions.balanceOf(
  File "/www/wwwroot/coinceeper.com/CC/venv/lib64/python3.9/site-packages/web3/contract/contract.py", line 291, in call
    return call_contract_function(
  File "/www/wwwroot/coinceeper.com/CC/venv/lib64/python3.9/site-packages/web3/contract/utils.py", line 154, in call_contract_function
    return_data = w3.eth.call(
  File "/www/wwwroot/coinceeper.com/CC/venv/lib64/python3.9/site-packages/web3/eth/eth.py", line 247, in call
    return self._durin_call(transaction, block_identifier, state_override)
  File "/www/wwwroot/coinceeper.com/CC/venv/lib64/python3.9/site-packages/web3/eth/eth.py", line 266, in _durin_call
    return self._call(transaction, block_identifier, state_override)
  File "/www/wwwroot/coinceeper.com/CC/venv/lib64/python3.9/site-packages/web3/module.py", line 112, in caller
    result = w3.manager.request_blocking(
  File "/www/wwwroot/coinceeper.com/CC/venv/lib64/python3.9/site-packages/web3/manager.py", line 231, in request_blocking
    response = self._make_request(method, params)
  File "/www/wwwroot/coinceeper.com/CC/venv/lib64/python3.9/site-packages/web3/manager.py", line 163, in _make_request
    return request_func(method, params)
  File "/www/wwwroot/coinceeper.com/CC/venv/lib64/python3.9/site-packages/web3/middleware/base.py", line 56, in middleware
    return self.response_processor(method, make_request(method, params))
  File "/www/wwwroot/coinceeper.com/CC/venv/lib64/python3.9/site-packages/web3/middleware/base.py", line 56, in middleware
    return self.response_processor(method, make_request(method, params))
  File "/www/wwwroot/coinceeper.com/CC/venv/lib64/python3.9/site-packages/web3/middleware/base.py", line 56, in middleware
    return self.response_processor(method, make_request(method, params))
  [Previous line repeated 2 more times]
  File "/www/wwwroot/coinceeper.com/CC/venv/lib64/python3.9/site-packages/web3/_utils/caching/caching_utils.py", line 261, in wrapper
    return func(provider, method, params)
  File "/www/wwwroot/coinceeper.com/CC/venv/lib64/python3.9/site-packages/web3/providers/rpc/rpc.py", line 170, in make_request
    raw_response = self._make_request(method, request_data)
  File "/www/wwwroot/coinceeper.com/CC/venv/lib64/python3.9/site-packages/web3/providers/rpc/rpc.py", line 157, in _make_request
    raise e
  File "/www/wwwroot/coinceeper.com/CC/venv/lib64/python3.9/site-packages/web3/providers/rpc/rpc.py", line 147, in _make_request
    return self._request_session_manager.make_post_request(
  File "/www/wwwroot/coinceeper.com/CC/venv/lib64/python3.9/site-packages/web3/_utils/http_session_manager.py", line 148, in make_post_request
    response.raise_for_status()
  File "/www/wwwroot/coinceeper.com/CC/venv/lib64/python3.9/site-packages/requests/models.py", line 1024, in raise_for_status
    raise HTTPError(http_error_msg, response=self)
requests.exceptions.HTTPError: 429 Client Error: Too Many Requests for url: https://mainnet.infura.io/v3/a8ab43a04ce044de988a838d92f478a7
2025-07-17 08:09:30 - balance_service - ERROR - خطا در استفاده از API جایگزین 8: HTTPSConnectionPool(host='api.tronstation.io', port=443): Max retries exceeded with url: /v1/accounts/TWxYj1EgkXikRh3SszVUQniB6NcLNKeRfy/tokens (Caused by NameResolutionError("<urllib3.connection.HTTPSConnection object at 0x7f887230ebe0>: Failed to resolve 'api.tronstation.io' ([Errno -2] Name or service not known)"))
2025-07-17 08:18:09 - balance_service - WARNING - No native currency found for blockchain Bitcoin
2025-07-17 08:18:09 - balance_service - WARNING - No native currency found for blockchain Avalanche
2025-07-17 08:18:09 - balance_service - WARNING - No native currency found for blockchain Arbitrum
2025-07-17 08:18:09 - balance_service - WARNING - No native currency found for blockchain Polkadot
2025-07-17 08:18:10 - balance_service - WARNING - خطا در دریافت موجودی TRC20 با API اصلی: 404 - {"timestamp":"2025-07-17T08:18:10.730+00:00","status":404,"error":"Not Found","path":"/v1/accounts/TBkJ3j4MzdxonSJvwE6Ph2ve2k3nENS4LL/tokens"}
2025-07-17 08:18:11 - balance_service - WARNING - خطا در دریافت موجودی TRC20 با API اصلی: 404 - {"timestamp":"2025-07-17T08:18:10.972+00:00","status":404,"error":"Not Found","path":"/v1/accounts/TBkJ3j4MzdxonSJvwE6Ph2ve2k3nENS4LL/tokens"}
2025-07-17 08:18:11 - balance_service - WARNING - خطا در دریافت موجودی TRC20 با API اصلی: 404 - {"timestamp":"2025-07-17T08:18:11.624+00:00","status":404,"error":"Not Found","path":"/v1/accounts/TBkJ3j4MzdxonSJvwE6Ph2ve2k3nENS4LL/tokens"}
2025-07-17 08:18:11 - balance_service - ERROR - Error getting EVM token balance on Avalanche: when sending a str, it must be a hex string. Got: 'FvwEAhmxKfeiG8SnEvq42hc6whRyY3EFYAvebMqDNDGCgxN5Z'
Traceback (most recent call last):
  File "/www/wwwroot/coinceeper.com/CC/services/balance_service.py", line 157, in get_token_balance
    address=Web3.to_checksum_address(contract_address),
  File "/www/wwwroot/coinceeper.com/CC/venv/lib64/python3.9/site-packages/web3/main.py", line 268, in to_checksum_address
    return to_checksum_address(value)
  File "/www/wwwroot/coinceeper.com/CC/venv/lib64/python3.9/site-packages/eth_utils/address.py", line 129, in to_checksum_address
    norm_address = to_normalized_address(value)
  File "/www/wwwroot/coinceeper.com/CC/venv/lib64/python3.9/site-packages/eth_utils/address.py", line 73, in to_normalized_address
    hex_address = hexstr_if_str(to_hex, value).lower()
  File "/www/wwwroot/coinceeper.com/CC/venv/lib64/python3.9/site-packages/eth_utils/conversions.py", line 195, in hexstr_if_str
    raise ValueError(
ValueError: when sending a str, it must be a hex string. Got: 'FvwEAhmxKfeiG8SnEvq42hc6whRyY3EFYAvebMqDNDGCgxN5Z'
2025-07-17 08:18:12 - balance_service - ERROR - خطا در استفاده از API جایگزین 8: HTTPSConnectionPool(host='api.tronstation.io', port=443): Max retries exceeded with url: /v1/accounts/TBkJ3j4MzdxonSJvwE6Ph2ve2k3nENS4LL/tokens (Caused by NameResolutionError("<urllib3.connection.HTTPSConnection object at 0x7f88720af520>: Failed to resolve 'api.tronstation.io' ([Errno -2] Name or service not known)"))
2025-07-17 08:18:12 - balance_service - ERROR - خطا در استفاده از API جایگزین 8: HTTPSConnectionPool(host='api.tronstation.io', port=443): Max retries exceeded with url: /v1/accounts/TBkJ3j4MzdxonSJvwE6Ph2ve2k3nENS4LL/tokens (Caused by NameResolutionError("<urllib3.connection.HTTPSConnection object at 0x7f887006dc70>: Failed to resolve 'api.tronstation.io' ([Errno -2] Name or service not known)"))
2025-07-17 08:18:13 - balance_service - ERROR - خطا در استفاده از API جایگزین 8: HTTPSConnectionPool(host='api.tronstation.io', port=443): Max retries exceeded with url: /v1/accounts/TBkJ3j4MzdxonSJvwE6Ph2ve2k3nENS4LL/tokens (Caused by NameResolutionError("<urllib3.connection.HTTPSConnection object at 0x7f8858feb8e0>: Failed to resolve 'api.tronstation.io' ([Errno -2] Name or service not known)"))
2025-07-17 08:18:21 - balance_service - WARNING - No native currency found for blockchain Bitcoin
2025-07-17 08:18:21 - balance_service - WARNING - No native currency found for blockchain Avalanche
2025-07-17 08:18:21 - balance_service - WARNING - No native currency found for blockchain Arbitrum
2025-07-17 08:18:21 - balance_service - WARNING - No native currency found for blockchain Polkadot
2025-07-17 08:18:22 - balance_service - WARNING - خطا در دریافت موجودی TRC20 با API اصلی: 404 - {"timestamp":"2025-07-17T08:18:22.733+00:00","status":404,"error":"Not Found","path":"/v1/accounts/TBkJ3j4MzdxonSJvwE6Ph2ve2k3nENS4LL/tokens"}
2025-07-17 08:18:22 - balance_service - WARNING - خطا در دریافت موجودی TRC20 با API اصلی: 404 - {"timestamp":"2025-07-17T08:18:22.916+00:00","status":404,"error":"Not Found","path":"/v1/accounts/TBkJ3j4MzdxonSJvwE6Ph2ve2k3nENS4LL/tokens"}
2025-07-17 08:18:24 - balance_service - ERROR - خطا در استفاده از API جایگزین 8: HTTPSConnectionPool(host='api.tronstation.io', port=443): Max retries exceeded with url: /v1/accounts/TBkJ3j4MzdxonSJvwE6Ph2ve2k3nENS4LL/tokens (Caused by NameResolutionError("<urllib3.connection.HTTPSConnection object at 0x7f88723709a0>: Failed to resolve 'api.tronstation.io' ([Errno -2] Name or service not known)"))
2025-07-17 08:18:24 - balance_service - ERROR - خطا در استفاده از API جایگزین 8: HTTPSConnectionPool(host='api.tronstation.io', port=443): Max retries exceeded with url: /v1/accounts/TBkJ3j4MzdxonSJvwE6Ph2ve2k3nENS4LL/tokens (Caused by NameResolutionError("<urllib3.connection.HTTPSConnection object at 0x7f88719c9910>: Failed to resolve 'api.tronstation.io' ([Errno -2] Name or service not known)"))
2025-07-17 08:18:24 - balance_service - WARNING - خطا در دریافت موجودی TRC20 با API اصلی: 404 - {"timestamp":"2025-07-17T08:18:24.713+00:00","status":404,"error":"Not Found","path":"/v1/accounts/TBkJ3j4MzdxonSJvwE6Ph2ve2k3nENS4LL/tokens"}
2025-07-17 08:18:25 - balance_service - ERROR - Error getting EVM token balance on Avalanche: when sending a str, it must be a hex string. Got: 'FvwEAhmxKfeiG8SnEvq42hc6whRyY3EFYAvebMqDNDGCgxN5Z'
Traceback (most recent call last):
  File "/www/wwwroot/coinceeper.com/CC/services/balance_service.py", line 157, in get_token_balance
    address=Web3.to_checksum_address(contract_address),
  File "/www/wwwroot/coinceeper.com/CC/venv/lib64/python3.9/site-packages/web3/main.py", line 268, in to_checksum_address
    return to_checksum_address(value)
  File "/www/wwwroot/coinceeper.com/CC/venv/lib64/python3.9/site-packages/eth_utils/address.py", line 129, in to_checksum_address
    norm_address = to_normalized_address(value)
  File "/www/wwwroot/coinceeper.com/CC/venv/lib64/python3.9/site-packages/eth_utils/address.py", line 73, in to_normalized_address
    hex_address = hexstr_if_str(to_hex, value).lower()
  File "/www/wwwroot/coinceeper.com/CC/venv/lib64/python3.9/site-packages/eth_utils/conversions.py", line 195, in hexstr_if_str
    raise ValueError(
ValueError: when sending a str, it must be a hex string. Got: 'FvwEAhmxKfeiG8SnEvq42hc6whRyY3EFYAvebMqDNDGCgxN5Z'
2025-07-17 08:18:25 - balance_service - ERROR - Error getting EVM token balance on Ethereum: 429 Client Error: Too Many Requests for url: https://mainnet.infura.io/v3/a8ab43a04ce044de988a838d92f478a7
Traceback (most recent call last):
  File "/www/wwwroot/coinceeper.com/CC/services/balance_service.py", line 163, in get_token_balance
    balance = token_contract.functions.balanceOf(
  File "/www/wwwroot/coinceeper.com/CC/venv/lib64/python3.9/site-packages/web3/contract/contract.py", line 291, in call
    return call_contract_function(
  File "/www/wwwroot/coinceeper.com/CC/venv/lib64/python3.9/site-packages/web3/contract/utils.py", line 154, in call_contract_function
    return_data = w3.eth.call(
  File "/www/wwwroot/coinceeper.com/CC/venv/lib64/python3.9/site-packages/web3/eth/eth.py", line 247, in call
    return self._durin_call(transaction, block_identifier, state_override)
  File "/www/wwwroot/coinceeper.com/CC/venv/lib64/python3.9/site-packages/web3/eth/eth.py", line 266, in _durin_call
    return self._call(transaction, block_identifier, state_override)
  File "/www/wwwroot/coinceeper.com/CC/venv/lib64/python3.9/site-packages/web3/module.py", line 112, in caller
    result = w3.manager.request_blocking(
  File "/www/wwwroot/coinceeper.com/CC/venv/lib64/python3.9/site-packages/web3/manager.py", line 231, in request_blocking
    response = self._make_request(method, params)
  File "/www/wwwroot/coinceeper.com/CC/venv/lib64/python3.9/site-packages/web3/manager.py", line 163, in _make_request
    return request_func(method, params)
  File "/www/wwwroot/coinceeper.com/CC/venv/lib64/python3.9/site-packages/web3/middleware/base.py", line 56, in middleware
    return self.response_processor(method, make_request(method, params))
  File "/www/wwwroot/coinceeper.com/CC/venv/lib64/python3.9/site-packages/web3/middleware/base.py", line 56, in middleware
    return self.response_processor(method, make_request(method, params))
  File "/www/wwwroot/coinceeper.com/CC/venv/lib64/python3.9/site-packages/web3/middleware/base.py", line 56, in middleware
    return self.response_processor(method, make_request(method, params))
  File "/www/wwwroot/coinceeper.com/CC/venv/lib64/python3.9/site-packages/web3/middleware/base.py", line 55, in middleware
    method, params = self.request_processor(method, params)
  File "/www/wwwroot/coinceeper.com/CC/venv/lib64/python3.9/site-packages/web3/middleware/formatting.py", line 150, in request_processor
    self.sync_formatters_builder(cast("Web3", self._w3), method),
  File "/www/wwwroot/coinceeper.com/CC/venv/lib64/python3.9/site-packages/web3/middleware/validation.py", line 141, in build_method_validators
    w3_chain_id = w3.eth.chain_id
  File "/www/wwwroot/coinceeper.com/CC/venv/lib64/python3.9/site-packages/web3/eth/eth.py", line 156, in chain_id
    return self._chain_id()
  File "/www/wwwroot/coinceeper.com/CC/venv/lib64/python3.9/site-packages/web3/module.py", line 112, in caller
    result = w3.manager.request_blocking(
  File "/www/wwwroot/coinceeper.com/CC/venv/lib64/python3.9/site-packages/web3/manager.py", line 231, in request_blocking
    response = self._make_request(method, params)
  File "/www/wwwroot/coinceeper.com/CC/venv/lib64/python3.9/site-packages/web3/manager.py", line 163, in _make_request
    return request_func(method, params)
  File "/www/wwwroot/coinceeper.com/CC/venv/lib64/python3.9/site-packages/web3/middleware/base.py", line 56, in middleware
    return self.response_processor(method, make_request(method, params))
  File "/www/wwwroot/coinceeper.com/CC/venv/lib64/python3.9/site-packages/web3/middleware/base.py", line 56, in middleware
    return self.response_processor(method, make_request(method, params))
  File "/www/wwwroot/coinceeper.com/CC/venv/lib64/python3.9/site-packages/web3/middleware/base.py", line 56, in middleware
    return self.response_processor(method, make_request(method, params))
  [Previous line repeated 2 more times]
  File "/www/wwwroot/coinceeper.com/CC/venv/lib64/python3.9/site-packages/web3/_utils/caching/caching_utils.py", line 261, in wrapper
    return func(provider, method, params)
  File "/www/wwwroot/coinceeper.com/CC/venv/lib64/python3.9/site-packages/web3/providers/rpc/rpc.py", line 170, in make_request
    raw_response = self._make_request(method, request_data)
  File "/www/wwwroot/coinceeper.com/CC/venv/lib64/python3.9/site-packages/web3/providers/rpc/rpc.py", line 157, in _make_request
    raise e
  File "/www/wwwroot/coinceeper.com/CC/venv/lib64/python3.9/site-packages/web3/providers/rpc/rpc.py", line 147, in _make_request
    return self._request_session_manager.make_post_request(
  File "/www/wwwroot/coinceeper.com/CC/venv/lib64/python3.9/site-packages/web3/_utils/http_session_manager.py", line 148, in make_post_request
    response.raise_for_status()
  File "/www/wwwroot/coinceeper.com/CC/venv/lib64/python3.9/site-packages/requests/models.py", line 1024, in raise_for_status
    raise HTTPError(http_error_msg, response=self)
requests.exceptions.HTTPError: 429 Client Error: Too Many Requests for url: https://mainnet.infura.io/v3/a8ab43a04ce044de988a838d92f478a7
2025-07-17 08:18:25 - balance_service - WARNING - Error getting token decimals, using default 18: 429 Client Error: Too Many Requests for url: https://mainnet.infura.io/v3/a8ab43a04ce044de988a838d92f478a7
2025-07-17 08:18:26 - balance_service - ERROR - خطا در استفاده از API جایگزین 8: HTTPSConnectionPool(host='api.tronstation.io', port=443): Max retries exceeded with url: /v1/accounts/TBkJ3j4MzdxonSJvwE6Ph2ve2k3nENS4LL/tokens (Caused by NameResolutionError("<urllib3.connection.HTTPSConnection object at 0x7f88719f9160>: Failed to resolve 'api.tronstation.io' ([Errno -2] Name or service not known)"))
2025-07-17 08:18:26 - balance_service - WARNING - Error getting token decimals, using default 18: 429 Client Error: Too Many Requests for url: https://mainnet.infura.io/v3/a8ab43a04ce044de988a838d92f478a7
2025-07-17 08:19:40 - balance_service - WARNING - No native currency found for blockchain Bitcoin
2025-07-17 08:19:40 - balance_service - WARNING - No native currency found for blockchain Avalanche
2025-07-17 08:19:40 - balance_service - WARNING - No native currency found for blockchain Arbitrum
2025-07-17 08:19:40 - balance_service - WARNING - No native currency found for blockchain Polkadot
2025-07-17 08:19:41 - balance_service - WARNING - خطا در دریافت موجودی TRC20 با API اصلی: 404 - {"timestamp":"2025-07-17T08:19:41.319+00:00","status":404,"error":"Not Found","path":"/v1/accounts/TWxYj1EgkXikRh3SszVUQniB6NcLNKeRfy/tokens"}
2025-07-17 08:19:41 - balance_service - WARNING - No native currency found for blockchain Bitcoin
2025-07-17 08:19:41 - balance_service - WARNING - No native currency found for blockchain Avalanche
2025-07-17 08:19:41 - balance_service - WARNING - No native currency found for blockchain Arbitrum
2025-07-17 08:19:41 - balance_service - WARNING - No native currency found for blockchain Polkadot
2025-07-17 08:19:41 - balance_service - WARNING - خطا در دریافت موجودی TRC20 با API اصلی: 404 - {"timestamp":"2025-07-17T08:19:41.584+00:00","status":404,"error":"Not Found","path":"/v1/accounts/TWxYj1EgkXikRh3SszVUQniB6NcLNKeRfy/tokens"}
2025-07-17 08:19:42 - balance_service - WARNING - خطا در دریافت موجودی TRC20 با API اصلی: 404 - {"timestamp":"2025-07-17T08:19:42.409+00:00","status":404,"error":"Not Found","path":"/v1/accounts/TWxYj1EgkXikRh3SszVUQniB6NcLNKeRfy/tokens"}
2025-07-17 08:19:42 - balance_service - ERROR - Error getting EVM token balance on Avalanche: when sending a str, it must be a hex string. Got: 'FvwEAhmxKfeiG8SnEvq42hc6whRyY3EFYAvebMqDNDGCgxN5Z'
Traceback (most recent call last):
  File "/www/wwwroot/coinceeper.com/CC/services/balance_service.py", line 157, in get_token_balance
    address=Web3.to_checksum_address(contract_address),
  File "/www/wwwroot/coinceeper.com/CC/venv/lib64/python3.9/site-packages/web3/main.py", line 268, in to_checksum_address
    return to_checksum_address(value)
  File "/www/wwwroot/coinceeper.com/CC/venv/lib64/python3.9/site-packages/eth_utils/address.py", line 129, in to_checksum_address
    norm_address = to_normalized_address(value)
  File "/www/wwwroot/coinceeper.com/CC/venv/lib64/python3.9/site-packages/eth_utils/address.py", line 73, in to_normalized_address
    hex_address = hexstr_if_str(to_hex, value).lower()
  File "/www/wwwroot/coinceeper.com/CC/venv/lib64/python3.9/site-packages/eth_utils/conversions.py", line 195, in hexstr_if_str
    raise ValueError(
ValueError: when sending a str, it must be a hex string. Got: 'FvwEAhmxKfeiG8SnEvq42hc6whRyY3EFYAvebMqDNDGCgxN5Z'
2025-07-17 08:19:42 - balance_service - WARNING - خطا در دریافت موجودی TRC20 با API اصلی: 404 - {"timestamp":"2025-07-17T08:19:42.491+00:00","status":404,"error":"Not Found","path":"/v1/accounts/TWxYj1EgkXikRh3SszVUQniB6NcLNKeRfy/tokens"}
2025-07-17 08:19:42 - balance_service - WARNING - خطا در دریافت موجودی TRC20 با API اصلی: 404 - {"timestamp":"2025-07-17T08:19:42.573+00:00","status":404,"error":"Not Found","path":"/v1/accounts/TWxYj1EgkXikRh3SszVUQniB6NcLNKeRfy/tokens"}
2025-07-17 08:19:42 - balance_service - ERROR - خطا در استفاده از API جایگزین 8: HTTPSConnectionPool(host='api.tronstation.io', port=443): Max retries exceeded with url: /v1/accounts/TWxYj1EgkXikRh3SszVUQniB6NcLNKeRfy/tokens (Caused by NameResolutionError("<urllib3.connection.HTTPSConnection object at 0x7f88701ab8e0>: Failed to resolve 'api.tronstation.io' ([Errno -2] Name or service not known)"))
2025-07-17 08:19:43 - balance_service - ERROR - خطا در استفاده از API جایگزین 8: HTTPSConnectionPool(host='api.tronstation.io', port=443): Max retries exceeded with url: /v1/accounts/TWxYj1EgkXikRh3SszVUQniB6NcLNKeRfy/tokens (Caused by NameResolutionError("<urllib3.connection.HTTPSConnection object at 0x7f887021d340>: Failed to resolve 'api.tronstation.io' ([Errno -2] Name or service not known)"))
2025-07-17 08:19:43 - balance_service - WARNING - خطا در دریافت موجودی TRC20 با API اصلی: 404 - {"timestamp":"2025-07-17T08:19:43.601+00:00","status":404,"error":"Not Found","path":"/v1/accounts/TWxYj1EgkXikRh3SszVUQniB6NcLNKeRfy/tokens"}
2025-07-17 08:19:44 - balance_service - ERROR - خطا در استفاده از API جایگزین 8: HTTPSConnectionPool(host='api.tronstation.io', port=443): Max retries exceeded with url: /v1/accounts/TWxYj1EgkXikRh3SszVUQniB6NcLNKeRfy/tokens (Caused by NameResolutionError("<urllib3.connection.HTTPSConnection object at 0x7f8871aeca30>: Failed to resolve 'api.tronstation.io' ([Errno -2] Name or service not known)"))
2025-07-17 08:19:44 - balance_service - ERROR - Error getting EVM token balance on Avalanche: when sending a str, it must be a hex string. Got: 'FvwEAhmxKfeiG8SnEvq42hc6whRyY3EFYAvebMqDNDGCgxN5Z'
Traceback (most recent call last):
  File "/www/wwwroot/coinceeper.com/CC/services/balance_service.py", line 157, in get_token_balance
    address=Web3.to_checksum_address(contract_address),
  File "/www/wwwroot/coinceeper.com/CC/venv/lib64/python3.9/site-packages/web3/main.py", line 268, in to_checksum_address
    return to_checksum_address(value)
  File "/www/wwwroot/coinceeper.com/CC/venv/lib64/python3.9/site-packages/eth_utils/address.py", line 129, in to_checksum_address
    norm_address = to_normalized_address(value)
  File "/www/wwwroot/coinceeper.com/CC/venv/lib64/python3.9/site-packages/eth_utils/address.py", line 73, in to_normalized_address
    hex_address = hexstr_if_str(to_hex, value).lower()
  File "/www/wwwroot/coinceeper.com/CC/venv/lib64/python3.9/site-packages/eth_utils/conversions.py", line 195, in hexstr_if_str
    raise ValueError(
ValueError: when sending a str, it must be a hex string. Got: 'FvwEAhmxKfeiG8SnEvq42hc6whRyY3EFYAvebMqDNDGCgxN5Z'
2025-07-17 08:19:44 - balance_service - ERROR - خطا در استفاده از API جایگزین 8: HTTPSConnectionPool(host='api.tronstation.io', port=443): Max retries exceeded with url: /v1/accounts/TWxYj1EgkXikRh3SszVUQniB6NcLNKeRfy/tokens (Caused by NameResolutionError("<urllib3.connection.HTTPSConnection object at 0x7f8870111c10>: Failed to resolve 'api.tronstation.io' ([Errno -2] Name or service not known)"))
2025-07-17 08:19:44 - balance_service - ERROR - خطا در استفاده از API جایگزین 8: HTTPSConnectionPool(host='api.tronstation.io', port=443): Max retries exceeded with url: /v1/accounts/TWxYj1EgkXikRh3SszVUQniB6NcLNKeRfy/tokens (Caused by NameResolutionError("<urllib3.connection.HTTPSConnection object at 0x7f8871af4b20>: Failed to resolve 'api.tronstation.io' ([Errno -2] Name or service not known)"))
2025-07-17 08:19:44 - balance_service - ERROR - Error getting EVM token balance on Ethereum: 429 Client Error: Too Many Requests for url: https://mainnet.infura.io/v3/a8ab43a04ce044de988a838d92f478a7
Traceback (most recent call last):
  File "/www/wwwroot/coinceeper.com/CC/services/balance_service.py", line 163, in get_token_balance
    balance = token_contract.functions.balanceOf(
  File "/www/wwwroot/coinceeper.com/CC/venv/lib64/python3.9/site-packages/web3/contract/contract.py", line 291, in call
    return call_contract_function(
  File "/www/wwwroot/coinceeper.com/CC/venv/lib64/python3.9/site-packages/web3/contract/utils.py", line 154, in call_contract_function
    return_data = w3.eth.call(
  File "/www/wwwroot/coinceeper.com/CC/venv/lib64/python3.9/site-packages/web3/eth/eth.py", line 247, in call
    return self._durin_call(transaction, block_identifier, state_override)
  File "/www/wwwroot/coinceeper.com/CC/venv/lib64/python3.9/site-packages/web3/eth/eth.py", line 266, in _durin_call
    return self._call(transaction, block_identifier, state_override)
  File "/www/wwwroot/coinceeper.com/CC/venv/lib64/python3.9/site-packages/web3/module.py", line 112, in caller
    result = w3.manager.request_blocking(
  File "/www/wwwroot/coinceeper.com/CC/venv/lib64/python3.9/site-packages/web3/manager.py", line 231, in request_blocking
    response = self._make_request(method, params)
  File "/www/wwwroot/coinceeper.com/CC/venv/lib64/python3.9/site-packages/web3/manager.py", line 163, in _make_request
    return request_func(method, params)
  File "/www/wwwroot/coinceeper.com/CC/venv/lib64/python3.9/site-packages/web3/middleware/base.py", line 56, in middleware
    return self.response_processor(method, make_request(method, params))
  File "/www/wwwroot/coinceeper.com/CC/venv/lib64/python3.9/site-packages/web3/middleware/base.py", line 56, in middleware
    return self.response_processor(method, make_request(method, params))
  File "/www/wwwroot/coinceeper.com/CC/venv/lib64/python3.9/site-packages/web3/middleware/base.py", line 56, in middleware
    return self.response_processor(method, make_request(method, params))
  [Previous line repeated 2 more times]
  File "/www/wwwroot/coinceeper.com/CC/venv/lib64/python3.9/site-packages/web3/_utils/caching/caching_utils.py", line 261, in wrapper
    return func(provider, method, params)
  File "/www/wwwroot/coinceeper.com/CC/venv/lib64/python3.9/site-packages/web3/providers/rpc/rpc.py", line 170, in make_request
    raw_response = self._make_request(method, request_data)
  File "/www/wwwroot/coinceeper.com/CC/venv/lib64/python3.9/site-packages/web3/providers/rpc/rpc.py", line 157, in _make_request
    raise e
  File "/www/wwwroot/coinceeper.com/CC/venv/lib64/python3.9/site-packages/web3/providers/rpc/rpc.py", line 147, in _make_request
    return self._request_session_manager.make_post_request(
  File "/www/wwwroot/coinceeper.com/CC/venv/lib64/python3.9/site-packages/web3/_utils/http_session_manager.py", line 148, in make_post_request
    response.raise_for_status()
  File "/www/wwwroot/coinceeper.com/CC/venv/lib64/python3.9/site-packages/requests/models.py", line 1024, in raise_for_status
    raise HTTPError(http_error_msg, response=self)
requests.exceptions.HTTPError: 429 Client Error: Too Many Requests for url: https://mainnet.infura.io/v3/a8ab43a04ce044de988a838d92f478a7
2025-07-17 08:19:44 - balance_service - WARNING - Error getting token decimals, using default 18: 429 Client Error: Too Many Requests for url: https://mainnet.infura.io/v3/a8ab43a04ce044de988a838d92f478a7
2025-07-17 08:19:45 - balance_service - WARNING - Error getting token decimals, using default 18: 429 Client Error: Too Many Requests for url: https://mainnet.infura.io/v3/a8ab43a04ce044de988a838d92f478a7
2025-07-17 08:19:45 - balance_service - WARNING - Error getting token decimals, using default 18: 429 Client Error: Too Many Requests for url: https://mainnet.infura.io/v3/a8ab43a04ce044de988a838d92f478a7
2025-07-17 08:19:45 - balance_service - ERROR - خطا در استفاده از API جایگزین 8: HTTPSConnectionPool(host='api.tronstation.io', port=443): Max retries exceeded with url: /v1/accounts/TWxYj1EgkXikRh3SszVUQniB6NcLNKeRfy/tokens (Caused by NameResolutionError("<urllib3.connection.HTTPSConnection object at 0x7f887188be20>: Failed to resolve 'api.tronstation.io' ([Errno -2] Name or service not known)"))
2025-07-17 08:19:45 - balance_service - WARNING - Error getting token decimals, using default 18: 429 Client Error: Too Many Requests for url: https://mainnet.infura.io/v3/a8ab43a04ce044de988a838d92f478a7
2025-07-17 08:19:46 - balance_service - WARNING - Error getting token decimals, using default 18: 429 Client Error: Too Many Requests for url: https://mainnet.infura.io/v3/a8ab43a04ce044de988a838d92f478a7
2025-07-17 08:20:14 - balance_service - DEBUG - Logger initialized for balance_service at level DEBUG
2025-07-17 08:22:24 - balance_service - WARNING - No native currency found for blockchain Bitcoin
2025-07-17 08:22:24 - balance_service - WARNING - No native currency found for blockchain Avalanche
2025-07-17 08:22:24 - balance_service - WARNING - No native currency found for blockchain Arbitrum
2025-07-17 08:22:24 - balance_service - WARNING - No native currency found for blockchain Polkadot
2025-07-17 08:22:24 - balance_service - WARNING - خطا در دریافت موجودی TRC20 با API اصلی: 404 - {"timestamp":"2025-07-17T08:22:24.745+00:00","status":404,"error":"Not Found","path":"/v1/accounts/TWxYj1EgkXikRh3SszVUQniB6NcLNKeRfy/tokens"}
2025-07-17 08:22:25 - balance_service - WARNING - خطا در دریافت موجودی TRC20 با API اصلی: 404 - {"timestamp":"2025-07-17T08:22:25.200+00:00","status":404,"error":"Not Found","path":"/v1/accounts/TWxYj1EgkXikRh3SszVUQniB6NcLNKeRfy/tokens"}
2025-07-17 08:22:25 - balance_service - WARNING - No native currency found for blockchain Bitcoin
2025-07-17 08:22:25 - balance_service - WARNING - No native currency found for blockchain Avalanche
2025-07-17 08:22:25 - balance_service - WARNING - No native currency found for blockchain Arbitrum
2025-07-17 08:22:25 - balance_service - WARNING - No native currency found for blockchain Polkadot
2025-07-17 08:22:25 - balance_service - ERROR - Error getting EVM token balance on Avalanche: when sending a str, it must be a hex string. Got: 'FvwEAhmxKfeiG8SnEvq42hc6whRyY3EFYAvebMqDNDGCgxN5Z'
Traceback (most recent call last):
  File "/www/wwwroot/coinceeper.com/CC/services/balance_service.py", line 157, in get_token_balance
    address=Web3.to_checksum_address(contract_address),
  File "/www/wwwroot/coinceeper.com/CC/venv/lib64/python3.9/site-packages/web3/main.py", line 268, in to_checksum_address
    return to_checksum_address(value)
  File "/www/wwwroot/coinceeper.com/CC/venv/lib64/python3.9/site-packages/eth_utils/address.py", line 129, in to_checksum_address
    norm_address = to_normalized_address(value)
  File "/www/wwwroot/coinceeper.com/CC/venv/lib64/python3.9/site-packages/eth_utils/address.py", line 73, in to_normalized_address
    hex_address = hexstr_if_str(to_hex, value).lower()
  File "/www/wwwroot/coinceeper.com/CC/venv/lib64/python3.9/site-packages/eth_utils/conversions.py", line 195, in hexstr_if_str
    raise ValueError(
ValueError: when sending a str, it must be a hex string. Got: 'FvwEAhmxKfeiG8SnEvq42hc6whRyY3EFYAvebMqDNDGCgxN5Z'
2025-07-17 08:22:25 - balance_service - WARNING - خطا در دریافت موجودی TRC20 با API اصلی: 404 - {"timestamp":"2025-07-17T08:22:25.551+00:00","status":404,"error":"Not Found","path":"/v1/accounts/TWxYj1EgkXikRh3SszVUQniB6NcLNKeRfy/tokens"}
2025-07-17 08:22:26 - balance_service - ERROR - خطا در استفاده از API جایگزین 8: HTTPSConnectionPool(host='api.tronstation.io', port=443): Max retries exceeded with url: /v1/accounts/TWxYj1EgkXikRh3SszVUQniB6NcLNKeRfy/tokens (Caused by NameResolutionError("<urllib3.connection.HTTPSConnection object at 0x7f88725ff880>: Failed to resolve 'api.tronstation.io' ([Errno -2] Name or service not known)"))
2025-07-17 08:22:27 - balance_service - ERROR - خطا در استفاده از API جایگزین 8: HTTPSConnectionPool(host='api.tronstation.io', port=443): Max retries exceeded with url: /v1/accounts/TWxYj1EgkXikRh3SszVUQniB6NcLNKeRfy/tokens (Caused by NameResolutionError("<urllib3.connection.HTTPSConnection object at 0x7f88738061f0>: Failed to resolve 'api.tronstation.io' ([Errno -2] Name or service not known)"))
2025-07-17 08:22:27 - balance_service - ERROR - خطا در استفاده از API جایگزین 8: HTTPSConnectionPool(host='api.tronstation.io', port=443): Max retries exceeded with url: /v1/accounts/TWxYj1EgkXikRh3SszVUQniB6NcLNKeRfy/tokens (Caused by NameResolutionError("<urllib3.connection.HTTPSConnection object at 0x7f8858fde550>: Failed to resolve 'api.tronstation.io' ([Errno -2] Name or service not known)"))
2025-07-17 08:22:27 - balance_service - WARNING - خطا در دریافت موجودی TRC20 با API اصلی: 404 - {"timestamp":"2025-07-17T08:22:27.919+00:00","status":404,"error":"Not Found","path":"/v1/accounts/TWxYj1EgkXikRh3SszVUQniB6NcLNKeRfy/tokens"}
2025-07-17 08:22:28 - balance_service - WARNING - خطا در دریافت موجودی TRC20 با API اصلی: 404 - {"timestamp":"2025-07-17T08:22:28.203+00:00","status":404,"error":"Not Found","path":"/v1/accounts/TWxYj1EgkXikRh3SszVUQniB6NcLNKeRfy/tokens"}
2025-07-17 08:22:28 - balance_service - WARNING - خطا در دریافت موجودی TRC20 با API اصلی: 404 - {"timestamp":"2025-07-17T08:22:28.906+00:00","status":404,"error":"Not Found","path":"/v1/accounts/TWxYj1EgkXikRh3SszVUQniB6NcLNKeRfy/tokens"}
2025-07-17 08:22:29 - balance_service - ERROR - خطا در استفاده از API جایگزین 8: HTTPSConnectionPool(host='api.tronstation.io', port=443): Max retries exceeded with url: /v1/accounts/TWxYj1EgkXikRh3SszVUQniB6NcLNKeRfy/tokens (Caused by NameResolutionError("<urllib3.connection.HTTPSConnection object at 0x7f88703b3cd0>: Failed to resolve 'api.tronstation.io' ([Errno -2] Name or service not known)"))
2025-07-17 08:22:29 - balance_service - ERROR - Error getting EVM token balance on Avalanche: when sending a str, it must be a hex string. Got: 'FvwEAhmxKfeiG8SnEvq42hc6whRyY3EFYAvebMqDNDGCgxN5Z'
Traceback (most recent call last):
  File "/www/wwwroot/coinceeper.com/CC/services/balance_service.py", line 157, in get_token_balance
    address=Web3.to_checksum_address(contract_address),
  File "/www/wwwroot/coinceeper.com/CC/venv/lib64/python3.9/site-packages/web3/main.py", line 268, in to_checksum_address
    return to_checksum_address(value)
  File "/www/wwwroot/coinceeper.com/CC/venv/lib64/python3.9/site-packages/eth_utils/address.py", line 129, in to_checksum_address
    norm_address = to_normalized_address(value)
  File "/www/wwwroot/coinceeper.com/CC/venv/lib64/python3.9/site-packages/eth_utils/address.py", line 73, in to_normalized_address
    hex_address = hexstr_if_str(to_hex, value).lower()
  File "/www/wwwroot/coinceeper.com/CC/venv/lib64/python3.9/site-packages/eth_utils/conversions.py", line 195, in hexstr_if_str
    raise ValueError(
ValueError: when sending a str, it must be a hex string. Got: 'FvwEAhmxKfeiG8SnEvq42hc6whRyY3EFYAvebMqDNDGCgxN5Z'
2025-07-17 08:22:30 - balance_service - ERROR - خطا در استفاده از API جایگزین 8: HTTPSConnectionPool(host='api.tronstation.io', port=443): Max retries exceeded with url: /v1/accounts/TWxYj1EgkXikRh3SszVUQniB6NcLNKeRfy/tokens (Caused by NameResolutionError("<urllib3.connection.HTTPSConnection object at 0x7f88703c6160>: Failed to resolve 'api.tronstation.io' ([Errno -2] Name or service not known)"))
2025-07-17 08:22:30 - balance_service - ERROR - Error getting EVM token balance on Ethereum: 429 Client Error: Too Many Requests for url: https://mainnet.infura.io/v3/a8ab43a04ce044de988a838d92f478a7
Traceback (most recent call last):
  File "/www/wwwroot/coinceeper.com/CC/services/balance_service.py", line 163, in get_token_balance
    balance = token_contract.functions.balanceOf(
  File "/www/wwwroot/coinceeper.com/CC/venv/lib64/python3.9/site-packages/web3/contract/contract.py", line 291, in call
    return call_contract_function(
  File "/www/wwwroot/coinceeper.com/CC/venv/lib64/python3.9/site-packages/web3/contract/utils.py", line 154, in call_contract_function
    return_data = w3.eth.call(
  File "/www/wwwroot/coinceeper.com/CC/venv/lib64/python3.9/site-packages/web3/eth/eth.py", line 247, in call
    return self._durin_call(transaction, block_identifier, state_override)
  File "/www/wwwroot/coinceeper.com/CC/venv/lib64/python3.9/site-packages/web3/eth/eth.py", line 266, in _durin_call
    return self._call(transaction, block_identifier, state_override)
  File "/www/wwwroot/coinceeper.com/CC/venv/lib64/python3.9/site-packages/web3/module.py", line 112, in caller
    result = w3.manager.request_blocking(
  File "/www/wwwroot/coinceeper.com/CC/venv/lib64/python3.9/site-packages/web3/manager.py", line 231, in request_blocking
    response = self._make_request(method, params)
  File "/www/wwwroot/coinceeper.com/CC/venv/lib64/python3.9/site-packages/web3/manager.py", line 163, in _make_request
    return request_func(method, params)
  File "/www/wwwroot/coinceeper.com/CC/venv/lib64/python3.9/site-packages/web3/middleware/base.py", line 56, in middleware
    return self.response_processor(method, make_request(method, params))
  File "/www/wwwroot/coinceeper.com/CC/venv/lib64/python3.9/site-packages/web3/middleware/base.py", line 56, in middleware
    return self.response_processor(method, make_request(method, params))
  File "/www/wwwroot/coinceeper.com/CC/venv/lib64/python3.9/site-packages/web3/middleware/base.py", line 56, in middleware
    return self.response_processor(method, make_request(method, params))
  File "/www/wwwroot/coinceeper.com/CC/venv/lib64/python3.9/site-packages/web3/middleware/base.py", line 55, in middleware
    method, params = self.request_processor(method, params)
  File "/www/wwwroot/coinceeper.com/CC/venv/lib64/python3.9/site-packages/web3/middleware/formatting.py", line 150, in request_processor
    self.sync_formatters_builder(cast("Web3", self._w3), method),
  File "/www/wwwroot/coinceeper.com/CC/venv/lib64/python3.9/site-packages/web3/middleware/validation.py", line 141, in build_method_validators
    w3_chain_id = w3.eth.chain_id
  File "/www/wwwroot/coinceeper.com/CC/venv/lib64/python3.9/site-packages/web3/eth/eth.py", line 156, in chain_id
    return self._chain_id()
  File "/www/wwwroot/coinceeper.com/CC/venv/lib64/python3.9/site-packages/web3/module.py", line 112, in caller
    result = w3.manager.request_blocking(
  File "/www/wwwroot/coinceeper.com/CC/venv/lib64/python3.9/site-packages/web3/manager.py", line 231, in request_blocking
    response = self._make_request(method, params)
  File "/www/wwwroot/coinceeper.com/CC/venv/lib64/python3.9/site-packages/web3/manager.py", line 163, in _make_request
    return request_func(method, params)
  File "/www/wwwroot/coinceeper.com/CC/venv/lib64/python3.9/site-packages/web3/middleware/base.py", line 56, in middleware
    return self.response_processor(method, make_request(method, params))
  File "/www/wwwroot/coinceeper.com/CC/venv/lib64/python3.9/site-packages/web3/middleware/base.py", line 56, in middleware
    return self.response_processor(method, make_request(method, params))
  File "/www/wwwroot/coinceeper.com/CC/venv/lib64/python3.9/site-packages/web3/middleware/base.py", line 56, in middleware
    return self.response_processor(method, make_request(method, params))
  [Previous line repeated 2 more times]
  File "/www/wwwroot/coinceeper.com/CC/venv/lib64/python3.9/site-packages/web3/_utils/caching/caching_utils.py", line 261, in wrapper
    return func(provider, method, params)
  File "/www/wwwroot/coinceeper.com/CC/venv/lib64/python3.9/site-packages/web3/providers/rpc/rpc.py", line 170, in make_request
    raw_response = self._make_request(method, request_data)
  File "/www/wwwroot/coinceeper.com/CC/venv/lib64/python3.9/site-packages/web3/providers/rpc/rpc.py", line 157, in _make_request
    raise e
  File "/www/wwwroot/coinceeper.com/CC/venv/lib64/python3.9/site-packages/web3/providers/rpc/rpc.py", line 147, in _make_request
    return self._request_session_manager.make_post_request(
  File "/www/wwwroot/coinceeper.com/CC/venv/lib64/python3.9/site-packages/web3/_utils/http_session_manager.py", line 148, in make_post_request
    response.raise_for_status()
  File "/www/wwwroot/coinceeper.com/CC/venv/lib64/python3.9/site-packages/requests/models.py", line 1024, in raise_for_status
    raise HTTPError(http_error_msg, response=self)
requests.exceptions.HTTPError: 429 Client Error: Too Many Requests for url: https://mainnet.infura.io/v3/a8ab43a04ce044de988a838d92f478a7
2025-07-17 08:22:30 - balance_service - ERROR - خطا در استفاده از API جایگزین 8: HTTPSConnectionPool(host='api.tronstation.io', port=443): Max retries exceeded with url: /v1/accounts/TWxYj1EgkXikRh3SszVUQniB6NcLNKeRfy/tokens (Caused by NameResolutionError("<urllib3.connection.HTTPSConnection object at 0x7f887034fd00>: Failed to resolve 'api.tronstation.io' ([Errno -2] Name or service not known)"))
2025-07-17 08:36:35 - balance_service - ERROR - Error getting simple user balance: (mysql.connector.errors.DatabaseError) 2003 (HY000): Can't connect to MySQL server on 'localhost:3306' (111)
(Background on this error at: https://sqlalche.me/e/20/4xp6)
2025-07-17 08:53:33 - balance_service - WARNING - No native currency found for blockchain Bitcoin
2025-07-17 08:53:33 - balance_service - WARNING - No native currency found for blockchain Avalanche
2025-07-17 08:53:33 - balance_service - WARNING - No native currency found for blockchain Arbitrum
2025-07-17 08:53:33 - balance_service - WARNING - No native currency found for blockchain Polkadot
2025-07-17 08:53:33 - balance_service - WARNING - خطا در دریافت موجودی TRC20 با API اصلی: 404 - {"timestamp":"2025-07-17T08:53:33.657+00:00","status":404,"error":"Not Found","path":"/v1/accounts/TWxYj1EgkXikRh3SszVUQniB6NcLNKeRfy/tokens"}
2025-07-17 08:53:33 - balance_service - WARNING - خطا در دریافت موجودی TRC20 با API اصلی: 404 - {"timestamp":"2025-07-17T08:53:33.875+00:00","status":404,"error":"Not Found","path":"/v1/accounts/TWxYj1EgkXikRh3SszVUQniB6NcLNKeRfy/tokens"}
2025-07-17 08:53:34 - balance_service - ERROR - Error getting EVM token balance on Avalanche: when sending a str, it must be a hex string. Got: 'FvwEAhmxKfeiG8SnEvq42hc6whRyY3EFYAvebMqDNDGCgxN5Z'
Traceback (most recent call last):
  File "/www/wwwroot/coinceeper.com/CC/services/balance_service.py", line 157, in get_token_balance
    address=Web3.to_checksum_address(contract_address),
  File "/www/wwwroot/coinceeper.com/CC/venv/lib64/python3.9/site-packages/web3/main.py", line 268, in to_checksum_address
    return to_checksum_address(value)
  File "/www/wwwroot/coinceeper.com/CC/venv/lib64/python3.9/site-packages/eth_utils/address.py", line 129, in to_checksum_address
    norm_address = to_normalized_address(value)
  File "/www/wwwroot/coinceeper.com/CC/venv/lib64/python3.9/site-packages/eth_utils/address.py", line 73, in to_normalized_address
    hex_address = hexstr_if_str(to_hex, value).lower()
  File "/www/wwwroot/coinceeper.com/CC/venv/lib64/python3.9/site-packages/eth_utils/conversions.py", line 195, in hexstr_if_str
    raise ValueError(
ValueError: when sending a str, it must be a hex string. Got: 'FvwEAhmxKfeiG8SnEvq42hc6whRyY3EFYAvebMqDNDGCgxN5Z'
2025-07-17 08:53:34 - balance_service - WARNING - خطا در دریافت موجودی TRC20 با API اصلی: 404 - {"timestamp":"2025-07-17T08:53:34.542+00:00","status":404,"error":"Not Found","path":"/v1/accounts/TWxYj1EgkXikRh3SszVUQniB6NcLNKeRfy/tokens"}
2025-07-17 08:53:35 - balance_service - ERROR - خطا در استفاده از API جایگزین 8: HTTPSConnectionPool(host='api.tronstation.io', port=443): Max retries exceeded with url: /v1/accounts/TWxYj1EgkXikRh3SszVUQniB6NcLNKeRfy/tokens (Caused by NameResolutionError("<urllib3.connection.HTTPSConnection object at 0x7f88703bde20>: Failed to resolve 'api.tronstation.io' ([Errno -2] Name or service not known)"))
2025-07-17 08:53:35 - balance_service - ERROR - خطا در استفاده از API جایگزین 8: HTTPSConnectionPool(host='api.tronstation.io', port=443): Max retries exceeded with url: /v1/accounts/TWxYj1EgkXikRh3SszVUQniB6NcLNKeRfy/tokens (Caused by NameResolutionError("<urllib3.connection.HTTPSConnection object at 0x7f887247b640>: Failed to resolve 'api.tronstation.io' ([Errno -2] Name or service not known)"))
2025-07-17 08:53:36 - balance_service - ERROR - خطا در استفاده از API جایگزین 8: HTTPSConnectionPool(host='api.tronstation.io', port=443): Max retries exceeded with url: /v1/accounts/TWxYj1EgkXikRh3SszVUQniB6NcLNKeRfy/tokens (Caused by NameResolutionError("<urllib3.connection.HTTPSConnection object at 0x7f8872436eb0>: Failed to resolve 'api.tronstation.io' ([Errno -2] Name or service not known)"))
2025-07-17 08:55:20 - balance_service - DEBUG - Logger initialized for balance_service at level DEBUG
2025-07-17 09:13:41 - balance_service - WARNING - No native currency found for blockchain Bitcoin
2025-07-17 09:13:41 - balance_service - WARNING - No native currency found for blockchain Avalanche
2025-07-17 09:13:41 - balance_service - WARNING - No native currency found for blockchain Arbitrum
2025-07-17 09:13:41 - balance_service - WARNING - No native currency found for blockchain Polkadot
2025-07-17 09:13:42 - balance_service - WARNING - خطا در دریافت موجودی TRC20 با API اصلی: 404 - {"timestamp":"2025-07-17T09:13:42.141+00:00","status":404,"error":"Not Found","path":"/v1/accounts/TK6tAdc2kH8XjnmZtUXUW9cDbxV7NV1yBa/tokens"}
2025-07-17 09:13:42 - balance_service - WARNING - خطا در دریافت موجودی TRC20 با API اصلی: 404 - {"timestamp":"2025-07-17T09:13:42.371+00:00","status":404,"error":"Not Found","path":"/v1/accounts/TK6tAdc2kH8XjnmZtUXUW9cDbxV7NV1yBa/tokens"}
2025-07-17 09:13:42 - balance_service - ERROR - Error getting EVM token balance on Avalanche: when sending a str, it must be a hex string. Got: 'FvwEAhmxKfeiG8SnEvq42hc6whRyY3EFYAvebMqDNDGCgxN5Z'
Traceback (most recent call last):
  File "/www/wwwroot/coinceeper.com/CC/services/balance_service.py", line 157, in get_token_balance
    address=Web3.to_checksum_address(contract_address),
  File "/www/wwwroot/coinceeper.com/CC/venv/lib64/python3.9/site-packages/web3/main.py", line 268, in to_checksum_address
    return to_checksum_address(value)
  File "/www/wwwroot/coinceeper.com/CC/venv/lib64/python3.9/site-packages/eth_utils/address.py", line 129, in to_checksum_address
    norm_address = to_normalized_address(value)
  File "/www/wwwroot/coinceeper.com/CC/venv/lib64/python3.9/site-packages/eth_utils/address.py", line 73, in to_normalized_address
    hex_address = hexstr_if_str(to_hex, value).lower()
  File "/www/wwwroot/coinceeper.com/CC/venv/lib64/python3.9/site-packages/eth_utils/conversions.py", line 195, in hexstr_if_str
    raise ValueError(
ValueError: when sending a str, it must be a hex string. Got: 'FvwEAhmxKfeiG8SnEvq42hc6whRyY3EFYAvebMqDNDGCgxN5Z'
2025-07-17 09:13:42 - balance_service - WARNING - خطا در دریافت موجودی TRC20 با API اصلی: 404 - {"timestamp":"2025-07-17T09:13:42.853+00:00","status":404,"error":"Not Found","path":"/v1/accounts/TK6tAdc2kH8XjnmZtUXUW9cDbxV7NV1yBa/tokens"}
2025-07-17 09:13:43 - balance_service - ERROR - خطا در استفاده از API جایگزین 8: HTTPSConnectionPool(host='api.tronstation.io', port=443): Max retries exceeded with url: /v1/accounts/TK6tAdc2kH8XjnmZtUXUW9cDbxV7NV1yBa/tokens (Caused by NameResolutionError("<urllib3.connection.HTTPSConnection object at 0x7f8871031d90>: Failed to resolve 'api.tronstation.io' ([Errno -2] Name or service not known)"))
2025-07-17 09:13:44 - balance_service - ERROR - خطا در استفاده از API جایگزین 8: HTTPSConnectionPool(host='api.tronstation.io', port=443): Max retries exceeded with url: /v1/accounts/TK6tAdc2kH8XjnmZtUXUW9cDbxV7NV1yBa/tokens (Caused by NameResolutionError("<urllib3.connection.HTTPSConnection object at 0x7f8871012c10>: Failed to resolve 'api.tronstation.io' ([Errno -2] Name or service not known)"))
2025-07-17 09:13:44 - balance_service - ERROR - خطا در استفاده از API جایگزین 8: HTTPSConnectionPool(host='api.tronstation.io', port=443): Max retries exceeded with url: /v1/accounts/TK6tAdc2kH8XjnmZtUXUW9cDbxV7NV1yBa/tokens (Caused by NameResolutionError("<urllib3.connection.HTTPSConnection object at 0x7f8858fdedf0>: Failed to resolve 'api.tronstation.io' ([Errno -2] Name or service not known)"))
2025-07-17 09:13:53 - balance_service - WARNING - No native currency found for blockchain Bitcoin
2025-07-17 09:13:53 - balance_service - WARNING - No native currency found for blockchain Avalanche
2025-07-17 09:13:53 - balance_service - WARNING - No native currency found for blockchain Arbitrum
2025-07-17 09:13:53 - balance_service - WARNING - No native currency found for blockchain Polkadot
2025-07-17 09:13:54 - balance_service - WARNING - خطا در دریافت موجودی TRC20 با API اصلی: 404 - {"timestamp":"2025-07-17T09:13:54.154+00:00","status":404,"error":"Not Found","path":"/v1/accounts/TK6tAdc2kH8XjnmZtUXUW9cDbxV7NV1yBa/tokens"}
2025-07-17 09:13:54 - balance_service - WARNING - خطا در دریافت موجودی TRC20 با API اصلی: 404 - {"timestamp":"2025-07-17T09:13:54.338+00:00","status":404,"error":"Not Found","path":"/v1/accounts/TK6tAdc2kH8XjnmZtUXUW9cDbxV7NV1yBa/tokens"}
2025-07-17 09:13:54 - balance_service - ERROR - Error getting EVM token balance on Avalanche: when sending a str, it must be a hex string. Got: 'FvwEAhmxKfeiG8SnEvq42hc6whRyY3EFYAvebMqDNDGCgxN5Z'
Traceback (most recent call last):
  File "/www/wwwroot/coinceeper.com/CC/services/balance_service.py", line 157, in get_token_balance
    address=Web3.to_checksum_address(contract_address),
  File "/www/wwwroot/coinceeper.com/CC/venv/lib64/python3.9/site-packages/web3/main.py", line 268, in to_checksum_address
    return to_checksum_address(value)
  File "/www/wwwroot/coinceeper.com/CC/venv/lib64/python3.9/site-packages/eth_utils/address.py", line 129, in to_checksum_address
    norm_address = to_normalized_address(value)
  File "/www/wwwroot/coinceeper.com/CC/venv/lib64/python3.9/site-packages/eth_utils/address.py", line 73, in to_normalized_address
    hex_address = hexstr_if_str(to_hex, value).lower()
  File "/www/wwwroot/coinceeper.com/CC/venv/lib64/python3.9/site-packages/eth_utils/conversions.py", line 195, in hexstr_if_str
    raise ValueError(
ValueError: when sending a str, it must be a hex string. Got: 'FvwEAhmxKfeiG8SnEvq42hc6whRyY3EFYAvebMqDNDGCgxN5Z'
2025-07-17 09:13:55 - balance_service - WARNING - خطا در دریافت موجودی TRC20 با API اصلی: 404 - {"timestamp":"2025-07-17T09:13:55.045+00:00","status":404,"error":"Not Found","path":"/v1/accounts/TK6tAdc2kH8XjnmZtUXUW9cDbxV7NV1yBa/tokens"}
2025-07-17 09:13:55 - balance_service - ERROR - خطا در استفاده از API جایگزین 8: HTTPSConnectionPool(host='api.tronstation.io', port=443): Max retries exceeded with url: /v1/accounts/TK6tAdc2kH8XjnmZtUXUW9cDbxV7NV1yBa/tokens (Caused by NameResolutionError("<urllib3.connection.HTTPSConnection object at 0x7f8872192550>: Failed to resolve 'api.tronstation.io' ([Errno -2] Name or service not known)"))
2025-07-17 09:13:56 - balance_service - ERROR - خطا در استفاده از API جایگزین 8: HTTPSConnectionPool(host='api.tronstation.io', port=443): Max retries exceeded with url: /v1/accounts/TK6tAdc2kH8XjnmZtUXUW9cDbxV7NV1yBa/tokens (Caused by NameResolutionError("<urllib3.connection.HTTPSConnection object at 0x7f8871fddd60>: Failed to resolve 'api.tronstation.io' ([Errno -2] Name or service not known)"))
2025-07-17 09:13:56 - balance_service - ERROR - خطا در استفاده از API جایگزین 8: HTTPSConnectionPool(host='api.tronstation.io', port=443): Max retries exceeded with url: /v1/accounts/TK6tAdc2kH8XjnmZtUXUW9cDbxV7NV1yBa/tokens (Caused by NameResolutionError("<urllib3.connection.HTTPSConnection object at 0x7f8871fc4d60>: Failed to resolve 'api.tronstation.io' ([Errno -2] Name or service not known)"))
2025-07-17 09:34:44 - balance_service - WARNING - No native currency found for blockchain Bitcoin
2025-07-17 09:34:44 - balance_service - WARNING - No native currency found for blockchain Avalanche
2025-07-17 09:34:44 - balance_service - WARNING - No native currency found for blockchain Arbitrum
2025-07-17 09:34:44 - balance_service - WARNING - No native currency found for blockchain Polkadot
2025-07-17 09:34:45 - balance_service - WARNING - خطا در دریافت موجودی TRC20 با API اصلی: 404 - {"timestamp":"2025-07-17T09:34:45.041+00:00","status":404,"error":"Not Found","path":"/v1/accounts/TJt2uwSiMuaL51NFMycMWGddGpyByYAY65/tokens"}
2025-07-17 09:34:45 - balance_service - WARNING - خطا در دریافت موجودی TRC20 با API اصلی: 404 - {"timestamp":"2025-07-17T09:34:45.384+00:00","status":404,"error":"Not Found","path":"/v1/accounts/TJt2uwSiMuaL51NFMycMWGddGpyByYAY65/tokens"}
2025-07-17 09:34:45 - balance_service - ERROR - Error getting EVM token balance on Avalanche: when sending a str, it must be a hex string. Got: 'FvwEAhmxKfeiG8SnEvq42hc6whRyY3EFYAvebMqDNDGCgxN5Z'
Traceback (most recent call last):
  File "/www/wwwroot/coinceeper.com/CC/services/balance_service.py", line 157, in get_token_balance
    address=Web3.to_checksum_address(contract_address),
  File "/www/wwwroot/coinceeper.com/CC/venv/lib64/python3.9/site-packages/web3/main.py", line 268, in to_checksum_address
    return to_checksum_address(value)
  File "/www/wwwroot/coinceeper.com/CC/venv/lib64/python3.9/site-packages/eth_utils/address.py", line 129, in to_checksum_address
    norm_address = to_normalized_address(value)
  File "/www/wwwroot/coinceeper.com/CC/venv/lib64/python3.9/site-packages/eth_utils/address.py", line 73, in to_normalized_address
    hex_address = hexstr_if_str(to_hex, value).lower()
  File "/www/wwwroot/coinceeper.com/CC/venv/lib64/python3.9/site-packages/eth_utils/conversions.py", line 195, in hexstr_if_str
    raise ValueError(
ValueError: when sending a str, it must be a hex string. Got: 'FvwEAhmxKfeiG8SnEvq42hc6whRyY3EFYAvebMqDNDGCgxN5Z'
2025-07-17 09:34:46 - balance_service - ERROR - خطا در استفاده از API جایگزین 8: HTTPSConnectionPool(host='api.tronstation.io', port=443): Max retries exceeded with url: /v1/accounts/TJt2uwSiMuaL51NFMycMWGddGpyByYAY65/tokens (Caused by NameResolutionError("<urllib3.connection.HTTPSConnection object at 0x7f887243cc10>: Failed to resolve 'api.tronstation.io' ([Errno -2] Name or service not known)"))
2025-07-17 09:34:47 - balance_service - ERROR - خطا در استفاده از API جایگزین 8: HTTPSConnectionPool(host='api.tronstation.io', port=443): Max retries exceeded with url: /v1/accounts/TJt2uwSiMuaL51NFMycMWGddGpyByYAY65/tokens (Caused by NameResolutionError("<urllib3.connection.HTTPSConnection object at 0x7f88703bd430>: Failed to resolve 'api.tronstation.io' ([Errno -2] Name or service not known)"))
2025-07-17 10:46:15 - balance_service - WARNING - No native currency found for blockchain Bitcoin
2025-07-17 10:46:15 - balance_service - WARNING - No native currency found for blockchain Avalanche
2025-07-17 10:46:15 - balance_service - WARNING - No native currency found for blockchain Arbitrum
2025-07-17 10:46:15 - balance_service - WARNING - No native currency found for blockchain Polkadot
2025-07-17 10:46:16 - balance_service - WARNING - خطا در دریافت موجودی TRC20 با API اصلی: 404 - {"timestamp":"2025-07-17T10:46:15.937+00:00","status":404,"error":"Not Found","path":"/v1/accounts/TFH7UedWcD8fegNkRfGRAom299MFz22hmU/tokens"}
2025-07-17 10:46:16 - balance_service - WARNING - خطا در دریافت موجودی TRC20 با API اصلی: 404 - {"timestamp":"2025-07-17T10:46:16.282+00:00","status":404,"error":"Not Found","path":"/v1/accounts/TFH7UedWcD8fegNkRfGRAom299MFz22hmU/tokens"}
2025-07-17 10:46:16 - balance_service - ERROR - Error getting EVM token balance on Avalanche: when sending a str, it must be a hex string. Got: 'FvwEAhmxKfeiG8SnEvq42hc6whRyY3EFYAvebMqDNDGCgxN5Z'
Traceback (most recent call last):
  File "/www/wwwroot/coinceeper.com/CC/services/balance_service.py", line 157, in get_token_balance
    address=Web3.to_checksum_address(contract_address),
  File "/www/wwwroot/coinceeper.com/CC/venv/lib64/python3.9/site-packages/web3/main.py", line 268, in to_checksum_address
    return to_checksum_address(value)
  File "/www/wwwroot/coinceeper.com/CC/venv/lib64/python3.9/site-packages/eth_utils/address.py", line 129, in to_checksum_address
    norm_address = to_normalized_address(value)
  File "/www/wwwroot/coinceeper.com/CC/venv/lib64/python3.9/site-packages/eth_utils/address.py", line 73, in to_normalized_address
    hex_address = hexstr_if_str(to_hex, value).lower()
  File "/www/wwwroot/coinceeper.com/CC/venv/lib64/python3.9/site-packages/eth_utils/conversions.py", line 195, in hexstr_if_str
    raise ValueError(
ValueError: when sending a str, it must be a hex string. Got: 'FvwEAhmxKfeiG8SnEvq42hc6whRyY3EFYAvebMqDNDGCgxN5Z'
2025-07-17 10:46:18 - balance_service - WARNING - خطا در دریافت موجودی TRC20 با API اصلی: 404 - {"timestamp":"2025-07-17T10:46:17.992+00:00","status":404,"error":"Not Found","path":"/v1/accounts/TFH7UedWcD8fegNkRfGRAom299MFz22hmU/tokens"}
2025-07-17 10:46:19 - balance_service - ERROR - خطا در استفاده از API جایگزین 8: HTTPSConnectionPool(host='api.tronstation.io', port=443): Max retries exceeded with url: /v1/accounts/TFH7UedWcD8fegNkRfGRAom299MFz22hmU/tokens (Caused by NameResolutionError("<urllib3.connection.HTTPSConnection object at 0x7f8870dc0df0>: Failed to resolve 'api.tronstation.io' ([Errno -2] Name or service not known)"))
2025-07-17 10:46:19 - balance_service - ERROR - خطا در استفاده از API جایگزین 8: HTTPSConnectionPool(host='api.tronstation.io', port=443): Max retries exceeded with url: /v1/accounts/TFH7UedWcD8fegNkRfGRAom299MFz22hmU/tokens (Caused by NameResolutionError("<urllib3.connection.HTTPSConnection object at 0x7f8870e38790>: Failed to resolve 'api.tronstation.io' ([Errno -2] Name or service not known)"))
2025-07-17 10:46:19 - balance_service - ERROR - خطا در استفاده از API جایگزین 8: HTTPSConnectionPool(host='api.tronstation.io', port=443): Max retries exceeded with url: /v1/accounts/TFH7UedWcD8fegNkRfGRAom299MFz22hmU/tokens (Caused by NameResolutionError("<urllib3.connection.HTTPSConnection object at 0x7f8870ff6a90>: Failed to resolve 'api.tronstation.io' ([Errno -2] Name or service not known)"))
2025-07-17 10:46:22 - balance_service - WARNING - No native currency found for blockchain Bitcoin
2025-07-17 10:46:22 - balance_service - WARNING - No native currency found for blockchain Avalanche
2025-07-17 10:46:22 - balance_service - WARNING - No native currency found for blockchain Arbitrum
2025-07-17 10:46:22 - balance_service - WARNING - No native currency found for blockchain Polkadot
2025-07-17 10:46:23 - balance_service - WARNING - خطا در دریافت موجودی TRC20 با API اصلی: 404 - {"timestamp":"2025-07-17T10:46:23.344+00:00","status":404,"error":"Not Found","path":"/v1/accounts/TBt6v5Wgm3392xfPm2f6ctEBEgZeizmtHJ/tokens"}
2025-07-17 10:46:23 - balance_service - WARNING - خطا در دریافت موجودی TRC20 با API اصلی: 404 - {"timestamp":"2025-07-17T10:46:23.508+00:00","status":404,"error":"Not Found","path":"/v1/accounts/TBt6v5Wgm3392xfPm2f6ctEBEgZeizmtHJ/tokens"}
2025-07-17 10:46:24 - balance_service - WARNING - خطا در دریافت موجودی TRC20 با API اصلی: 404 - {"timestamp":"2025-07-17T10:46:24.279+00:00","status":404,"error":"Not Found","path":"/v1/accounts/TBt6v5Wgm3392xfPm2f6ctEBEgZeizmtHJ/tokens"}
2025-07-17 10:46:24 - balance_service - ERROR - Error getting EVM token balance on Avalanche: when sending a str, it must be a hex string. Got: 'FvwEAhmxKfeiG8SnEvq42hc6whRyY3EFYAvebMqDNDGCgxN5Z'
Traceback (most recent call last):
  File "/www/wwwroot/coinceeper.com/CC/services/balance_service.py", line 157, in get_token_balance
    address=Web3.to_checksum_address(contract_address),
  File "/www/wwwroot/coinceeper.com/CC/venv/lib64/python3.9/site-packages/web3/main.py", line 268, in to_checksum_address
    return to_checksum_address(value)
  File "/www/wwwroot/coinceeper.com/CC/venv/lib64/python3.9/site-packages/eth_utils/address.py", line 129, in to_checksum_address
    norm_address = to_normalized_address(value)
  File "/www/wwwroot/coinceeper.com/CC/venv/lib64/python3.9/site-packages/eth_utils/address.py", line 73, in to_normalized_address
    hex_address = hexstr_if_str(to_hex, value).lower()
  File "/www/wwwroot/coinceeper.com/CC/venv/lib64/python3.9/site-packages/eth_utils/conversions.py", line 195, in hexstr_if_str
    raise ValueError(
ValueError: when sending a str, it must be a hex string. Got: 'FvwEAhmxKfeiG8SnEvq42hc6whRyY3EFYAvebMqDNDGCgxN5Z'
2025-07-17 10:46:25 - balance_service - ERROR - خطا در استفاده از API جایگزین 8: HTTPSConnectionPool(host='api.tronstation.io', port=443): Max retries exceeded with url: /v1/accounts/TBt6v5Wgm3392xfPm2f6ctEBEgZeizmtHJ/tokens (Caused by NameResolutionError("<urllib3.connection.HTTPSConnection object at 0x7f8871e70610>: Failed to resolve 'api.tronstation.io' ([Errno -2] Name or service not known)"))
2025-07-17 10:46:25 - balance_service - ERROR - خطا در استفاده از API جایگزین 8: HTTPSConnectionPool(host='api.tronstation.io', port=443): Max retries exceeded with url: /v1/accounts/TBt6v5Wgm3392xfPm2f6ctEBEgZeizmtHJ/tokens (Caused by NameResolutionError("<urllib3.connection.HTTPSConnection object at 0x7f8871e38b20>: Failed to resolve 'api.tronstation.io' ([Errno -2] Name or service not known)"))
2025-07-17 10:46:25 - balance_service - ERROR - Error getting EVM token balance on Ethereum: 429 Client Error: Too Many Requests for url: https://mainnet.infura.io/v3/a8ab43a04ce044de988a838d92f478a7
Traceback (most recent call last):
  File "/www/wwwroot/coinceeper.com/CC/services/balance_service.py", line 163, in get_token_balance
    balance = token_contract.functions.balanceOf(
  File "/www/wwwroot/coinceeper.com/CC/venv/lib64/python3.9/site-packages/web3/contract/contract.py", line 291, in call
    return call_contract_function(
  File "/www/wwwroot/coinceeper.com/CC/venv/lib64/python3.9/site-packages/web3/contract/utils.py", line 154, in call_contract_function
    return_data = w3.eth.call(
  File "/www/wwwroot/coinceeper.com/CC/venv/lib64/python3.9/site-packages/web3/eth/eth.py", line 247, in call
    return self._durin_call(transaction, block_identifier, state_override)
  File "/www/wwwroot/coinceeper.com/CC/venv/lib64/python3.9/site-packages/web3/eth/eth.py", line 266, in _durin_call
    return self._call(transaction, block_identifier, state_override)
  File "/www/wwwroot/coinceeper.com/CC/venv/lib64/python3.9/site-packages/web3/module.py", line 112, in caller
    result = w3.manager.request_blocking(
  File "/www/wwwroot/coinceeper.com/CC/venv/lib64/python3.9/site-packages/web3/manager.py", line 231, in request_blocking
    response = self._make_request(method, params)
  File "/www/wwwroot/coinceeper.com/CC/venv/lib64/python3.9/site-packages/web3/manager.py", line 163, in _make_request
    return request_func(method, params)
  File "/www/wwwroot/coinceeper.com/CC/venv/lib64/python3.9/site-packages/web3/middleware/base.py", line 56, in middleware
    return self.response_processor(method, make_request(method, params))
  File "/www/wwwroot/coinceeper.com/CC/venv/lib64/python3.9/site-packages/web3/middleware/base.py", line 56, in middleware
    return self.response_processor(method, make_request(method, params))
  File "/www/wwwroot/coinceeper.com/CC/venv/lib64/python3.9/site-packages/web3/middleware/base.py", line 56, in middleware
    return self.response_processor(method, make_request(method, params))
  [Previous line repeated 2 more times]
  File "/www/wwwroot/coinceeper.com/CC/venv/lib64/python3.9/site-packages/web3/_utils/caching/caching_utils.py", line 261, in wrapper
    return func(provider, method, params)
  File "/www/wwwroot/coinceeper.com/CC/venv/lib64/python3.9/site-packages/web3/providers/rpc/rpc.py", line 170, in make_request
    raw_response = self._make_request(method, request_data)
  File "/www/wwwroot/coinceeper.com/CC/venv/lib64/python3.9/site-packages/web3/providers/rpc/rpc.py", line 157, in _make_request
    raise e
  File "/www/wwwroot/coinceeper.com/CC/venv/lib64/python3.9/site-packages/web3/providers/rpc/rpc.py", line 147, in _make_request
    return self._request_session_manager.make_post_request(
  File "/www/wwwroot/coinceeper.com/CC/venv/lib64/python3.9/site-packages/web3/_utils/http_session_manager.py", line 148, in make_post_request
    response.raise_for_status()
  File "/www/wwwroot/coinceeper.com/CC/venv/lib64/python3.9/site-packages/requests/models.py", line 1024, in raise_for_status
    raise HTTPError(http_error_msg, response=self)
requests.exceptions.HTTPError: 429 Client Error: Too Many Requests for url: https://mainnet.infura.io/v3/a8ab43a04ce044de988a838d92f478a7
2025-07-17 10:46:26 - balance_service - ERROR - خطا در استفاده از API جایگزین 8: HTTPSConnectionPool(host='api.tronstation.io', port=443): Max retries exceeded with url: /v1/accounts/TBt6v5Wgm3392xfPm2f6ctEBEgZeizmtHJ/tokens (Caused by NameResolutionError("<urllib3.connection.HTTPSConnection object at 0x7f8871e65b20>: Failed to resolve 'api.tronstation.io' ([Errno -2] Name or service not known)"))
2025-07-17 10:46:27 - balance_service - WARNING - No native currency found for blockchain Bitcoin
2025-07-17 10:46:27 - balance_service - WARNING - No native currency found for blockchain Avalanche
2025-07-17 10:46:27 - balance_service - WARNING - No native currency found for blockchain Arbitrum
2025-07-17 10:46:27 - balance_service - WARNING - No native currency found for blockchain Polkadot
2025-07-17 10:46:28 - balance_service - WARNING - خطا در دریافت موجودی TRC20 با API اصلی: 404 - {"timestamp":"2025-07-17T10:46:28.425+00:00","status":404,"error":"Not Found","path":"/v1/accounts/TFH7UedWcD8fegNkRfGRAom299MFz22hmU/tokens"}
2025-07-17 10:46:28 - balance_service - WARNING - خطا در دریافت موجودی TRC20 با API اصلی: 404 - {"timestamp":"2025-07-17T10:46:28.639+00:00","status":404,"error":"Not Found","path":"/v1/accounts/TFH7UedWcD8fegNkRfGRAom299MFz22hmU/tokens"}
2025-07-17 10:46:29 - balance_service - WARNING - خطا در دریافت موجودی TRC20 با API اصلی: 404 - {"timestamp":"2025-07-17T10:46:29.682+00:00","status":404,"error":"Not Found","path":"/v1/accounts/TFH7UedWcD8fegNkRfGRAom299MFz22hmU/tokens"}
2025-07-17 10:46:29 - balance_service - ERROR - Error getting EVM token balance on Avalanche: when sending a str, it must be a hex string. Got: 'FvwEAhmxKfeiG8SnEvq42hc6whRyY3EFYAvebMqDNDGCgxN5Z'
Traceback (most recent call last):
  File "/www/wwwroot/coinceeper.com/CC/services/balance_service.py", line 157, in get_token_balance
    address=Web3.to_checksum_address(contract_address),
  File "/www/wwwroot/coinceeper.com/CC/venv/lib64/python3.9/site-packages/web3/main.py", line 268, in to_checksum_address
    return to_checksum_address(value)
  File "/www/wwwroot/coinceeper.com/CC/venv/lib64/python3.9/site-packages/eth_utils/address.py", line 129, in to_checksum_address
    norm_address = to_normalized_address(value)
  File "/www/wwwroot/coinceeper.com/CC/venv/lib64/python3.9/site-packages/eth_utils/address.py", line 73, in to_normalized_address
    hex_address = hexstr_if_str(to_hex, value).lower()
  File "/www/wwwroot/coinceeper.com/CC/venv/lib64/python3.9/site-packages/eth_utils/conversions.py", line 195, in hexstr_if_str
    raise ValueError(
ValueError: when sending a str, it must be a hex string. Got: 'FvwEAhmxKfeiG8SnEvq42hc6whRyY3EFYAvebMqDNDGCgxN5Z'
2025-07-17 10:46:30 - balance_service - ERROR - خطا در استفاده از API جایگزین 8: HTTPSConnectionPool(host='api.tronstation.io', port=443): Max retries exceeded with url: /v1/accounts/TFH7UedWcD8fegNkRfGRAom299MFz22hmU/tokens (Caused by NameResolutionError("<urllib3.connection.HTTPSConnection object at 0x7f8871158730>: Failed to resolve 'api.tronstation.io' ([Errno -2] Name or service not known)"))
2025-07-17 10:46:30 - balance_service - ERROR - خطا در استفاده از API جایگزین 8: HTTPSConnectionPool(host='api.tronstation.io', port=443): Max retries exceeded with url: /v1/accounts/TFH7UedWcD8fegNkRfGRAom299MFz22hmU/tokens (Caused by NameResolutionError("<urllib3.connection.HTTPSConnection object at 0x7f88711735b0>: Failed to resolve 'api.tronstation.io' ([Errno -2] Name or service not known)"))
2025-07-17 10:46:31 - balance_service - ERROR - خطا در استفاده از API جایگزین 8: HTTPSConnectionPool(host='api.tronstation.io', port=443): Max retries exceeded with url: /v1/accounts/TFH7UedWcD8fegNkRfGRAom299MFz22hmU/tokens (Caused by NameResolutionError("<urllib3.connection.HTTPSConnection object at 0x7f887221daf0>: Failed to resolve 'api.tronstation.io' ([Errno -2] Name or service not known)"))
2025-07-17 10:46:40 - balance_service - WARNING - No native currency found for blockchain Bitcoin
2025-07-17 10:46:40 - balance_service - WARNING - No native currency found for blockchain Avalanche
2025-07-17 10:46:40 - balance_service - WARNING - No native currency found for blockchain Arbitrum
2025-07-17 10:46:40 - balance_service - WARNING - No native currency found for blockchain Polkadot
2025-07-17 10:46:41 - balance_service - WARNING - خطا در دریافت موجودی TRC20 با API اصلی: 404 - {"timestamp":"2025-07-17T10:46:41.536+00:00","status":404,"error":"Not Found","path":"/v1/accounts/TBt6v5Wgm3392xfPm2f6ctEBEgZeizmtHJ/tokens"}
2025-07-17 10:46:41 - balance_service - WARNING - خطا در دریافت موجودی TRC20 با API اصلی: 404 - {"timestamp":"2025-07-17T10:46:41.699+00:00","status":404,"error":"Not Found","path":"/v1/accounts/TBt6v5Wgm3392xfPm2f6ctEBEgZeizmtHJ/tokens"}
2025-07-17 10:46:42 - balance_service - WARNING - خطا در دریافت موجودی TRC20 با API اصلی: 404 - {"timestamp":"2025-07-17T10:46:42.643+00:00","status":404,"error":"Not Found","path":"/v1/accounts/TBt6v5Wgm3392xfPm2f6ctEBEgZeizmtHJ/tokens"}
2025-07-17 10:46:42 - balance_service - ERROR - Error getting EVM token balance on Avalanche: when sending a str, it must be a hex string. Got: 'FvwEAhmxKfeiG8SnEvq42hc6whRyY3EFYAvebMqDNDGCgxN5Z'
Traceback (most recent call last):
  File "/www/wwwroot/coinceeper.com/CC/services/balance_service.py", line 157, in get_token_balance
    address=Web3.to_checksum_address(contract_address),
  File "/www/wwwroot/coinceeper.com/CC/venv/lib64/python3.9/site-packages/web3/main.py", line 268, in to_checksum_address
    return to_checksum_address(value)
  File "/www/wwwroot/coinceeper.com/CC/venv/lib64/python3.9/site-packages/eth_utils/address.py", line 129, in to_checksum_address
    norm_address = to_normalized_address(value)
  File "/www/wwwroot/coinceeper.com/CC/venv/lib64/python3.9/site-packages/eth_utils/address.py", line 73, in to_normalized_address
    hex_address = hexstr_if_str(to_hex, value).lower()
  File "/www/wwwroot/coinceeper.com/CC/venv/lib64/python3.9/site-packages/eth_utils/conversions.py", line 195, in hexstr_if_str
    raise ValueError(
ValueError: when sending a str, it must be a hex string. Got: 'FvwEAhmxKfeiG8SnEvq42hc6whRyY3EFYAvebMqDNDGCgxN5Z'
2025-07-17 10:46:43 - balance_service - ERROR - خطا در استفاده از API جایگزین 8: HTTPSConnectionPool(host='api.tronstation.io', port=443): Max retries exceeded with url: /v1/accounts/TBt6v5Wgm3392xfPm2f6ctEBEgZeizmtHJ/tokens (Caused by NameResolutionError("<urllib3.connection.HTTPSConnection object at 0x7f8870f89520>: Failed to resolve 'api.tronstation.io' ([Errno -2] Name or service not known)"))
2025-07-17 10:46:43 - balance_service - ERROR - خطا در استفاده از API جایگزین 8: HTTPSConnectionPool(host='api.tronstation.io', port=443): Max retries exceeded with url: /v1/accounts/TBt6v5Wgm3392xfPm2f6ctEBEgZeizmtHJ/tokens (Caused by NameResolutionError("<urllib3.connection.HTTPSConnection object at 0x7f8870de42e0>: Failed to resolve 'api.tronstation.io' ([Errno -2] Name or service not known)"))
2025-07-17 10:46:44 - balance_service - ERROR - خطا در استفاده از API جایگزین 8: HTTPSConnectionPool(host='api.tronstation.io', port=443): Max retries exceeded with url: /v1/accounts/TBt6v5Wgm3392xfPm2f6ctEBEgZeizmtHJ/tokens (Caused by NameResolutionError("<urllib3.connection.HTTPSConnection object at 0x7f8870df69d0>: Failed to resolve 'api.tronstation.io' ([Errno -2] Name or service not known)"))
2025-07-17 10:46:50 - balance_service - WARNING - No native currency found for blockchain Bitcoin
2025-07-17 10:46:50 - balance_service - WARNING - No native currency found for blockchain Avalanche
2025-07-17 10:46:50 - balance_service - WARNING - No native currency found for blockchain Arbitrum
2025-07-17 10:46:50 - balance_service - WARNING - No native currency found for blockchain Polkadot
2025-07-17 10:46:51 - balance_service - WARNING - خطا در دریافت موجودی TRC20 با API اصلی: 404 - {"timestamp":"2025-07-17T10:46:51.346+00:00","status":404,"error":"Not Found","path":"/v1/accounts/TBt6v5Wgm3392xfPm2f6ctEBEgZeizmtHJ/tokens"}
2025-07-17 10:46:51 - balance_service - WARNING - خطا در دریافت موجودی TRC20 با API اصلی: 404 - {"timestamp":"2025-07-17T10:46:51.415+00:00","status":404,"error":"Not Found","path":"/v1/accounts/TBt6v5Wgm3392xfPm2f6ctEBEgZeizmtHJ/tokens"}
2025-07-17 10:46:52 - balance_service - ERROR - Error getting EVM token balance on Avalanche: when sending a str, it must be a hex string. Got: 'FvwEAhmxKfeiG8SnEvq42hc6whRyY3EFYAvebMqDNDGCgxN5Z'
Traceback (most recent call last):
  File "/www/wwwroot/coinceeper.com/CC/services/balance_service.py", line 157, in get_token_balance
    address=Web3.to_checksum_address(contract_address),
  File "/www/wwwroot/coinceeper.com/CC/venv/lib64/python3.9/site-packages/web3/main.py", line 268, in to_checksum_address
    return to_checksum_address(value)
  File "/www/wwwroot/coinceeper.com/CC/venv/lib64/python3.9/site-packages/eth_utils/address.py", line 129, in to_checksum_address
    norm_address = to_normalized_address(value)
  File "/www/wwwroot/coinceeper.com/CC/venv/lib64/python3.9/site-packages/eth_utils/address.py", line 73, in to_normalized_address
    hex_address = hexstr_if_str(to_hex, value).lower()
  File "/www/wwwroot/coinceeper.com/CC/venv/lib64/python3.9/site-packages/eth_utils/conversions.py", line 195, in hexstr_if_str
    raise ValueError(
ValueError: when sending a str, it must be a hex string. Got: 'FvwEAhmxKfeiG8SnEvq42hc6whRyY3EFYAvebMqDNDGCgxN5Z'
2025-07-17 10:46:52 - balance_service - WARNING - خطا در دریافت موجودی TRC20 با API اصلی: 404 - {"timestamp":"2025-07-17T10:46:52.324+00:00","status":404,"error":"Not Found","path":"/v1/accounts/TBt6v5Wgm3392xfPm2f6ctEBEgZeizmtHJ/tokens"}
2025-07-17 10:46:52 - balance_service - ERROR - خطا در استفاده از API جایگزین 8: HTTPSConnectionPool(host='api.tronstation.io', port=443): Max retries exceeded with url: /v1/accounts/TBt6v5Wgm3392xfPm2f6ctEBEgZeizmtHJ/tokens (Caused by NameResolutionError("<urllib3.connection.HTTPSConnection object at 0x7f88710baf10>: Failed to resolve 'api.tronstation.io' ([Errno -2] Name or service not known)"))
2025-07-17 10:46:53 - balance_service - ERROR - خطا در استفاده از API جایگزین 8: HTTPSConnectionPool(host='api.tronstation.io', port=443): Max retries exceeded with url: /v1/accounts/TBt6v5Wgm3392xfPm2f6ctEBEgZeizmtHJ/tokens (Caused by NameResolutionError("<urllib3.connection.HTTPSConnection object at 0x7f88710c59a0>: Failed to resolve 'api.tronstation.io' ([Errno -2] Name or service not known)"))
2025-07-17 10:46:54 - balance_service - ERROR - خطا در استفاده از API جایگزین 8: HTTPSConnectionPool(host='api.tronstation.io', port=443): Max retries exceeded with url: /v1/accounts/TBt6v5Wgm3392xfPm2f6ctEBEgZeizmtHJ/tokens (Caused by NameResolutionError("<urllib3.connection.HTTPSConnection object at 0x7f88710c5670>: Failed to resolve 'api.tronstation.io' ([Errno -2] Name or service not known)"))
2025-07-17 10:46:55 - balance_service - DEBUG - Logger initialized for balance_service at level DEBUG
2025-07-17 10:47:14 - balance_service - DEBUG - Logger initialized for balance_service at level DEBUG
2025-07-17 11:32:04 - balance_service - WARNING - No native currency found for blockchain Bitcoin
2025-07-17 11:32:04 - balance_service - WARNING - No native currency found for blockchain Avalanche
2025-07-17 11:32:04 - balance_service - WARNING - No native currency found for blockchain Arbitrum
2025-07-17 11:32:04 - balance_service - WARNING - No native currency found for blockchain Polkadot
2025-07-17 11:32:04 - balance_service - WARNING - خطا در دریافت موجودی TRC20 با API اصلی: 404 - {"timestamp":"2025-07-17T11:32:04.627+00:00","status":404,"error":"Not Found","path":"/v1/accounts/TSMPag9W8P4EeDW3z2g4AVb6FoifwVWwNe/tokens"}
2025-07-17 11:32:04 - balance_service - WARNING - خطا در دریافت موجودی TRC20 با API اصلی: 404 - {"timestamp":"2025-07-17T11:32:04.859+00:00","status":404,"error":"Not Found","path":"/v1/accounts/TSMPag9W8P4EeDW3z2g4AVb6FoifwVWwNe/tokens"}
2025-07-17 11:32:05 - balance_service - WARNING - خطا در دریافت موجودی TRC20 با API اصلی: 404 - {"timestamp":"2025-07-17T11:32:05.414+00:00","status":404,"error":"Not Found","path":"/v1/accounts/TSMPag9W8P4EeDW3z2g4AVb6FoifwVWwNe/tokens"}
2025-07-17 11:32:05 - balance_service - ERROR - Error getting EVM token balance on Avalanche: when sending a str, it must be a hex string. Got: 'FvwEAhmxKfeiG8SnEvq42hc6whRyY3EFYAvebMqDNDGCgxN5Z'
Traceback (most recent call last):
  File "/www/wwwroot/coinceeper.com/CC/services/balance_service.py", line 157, in get_token_balance
    address=Web3.to_checksum_address(contract_address),
  File "/www/wwwroot/coinceeper.com/CC/venv/lib64/python3.9/site-packages/web3/main.py", line 268, in to_checksum_address
    return to_checksum_address(value)
  File "/www/wwwroot/coinceeper.com/CC/venv/lib64/python3.9/site-packages/eth_utils/address.py", line 129, in to_checksum_address
    norm_address = to_normalized_address(value)
  File "/www/wwwroot/coinceeper.com/CC/venv/lib64/python3.9/site-packages/eth_utils/address.py", line 73, in to_normalized_address
    hex_address = hexstr_if_str(to_hex, value).lower()
  File "/www/wwwroot/coinceeper.com/CC/venv/lib64/python3.9/site-packages/eth_utils/conversions.py", line 195, in hexstr_if_str
    raise ValueError(
ValueError: when sending a str, it must be a hex string. Got: 'FvwEAhmxKfeiG8SnEvq42hc6whRyY3EFYAvebMqDNDGCgxN5Z'
2025-07-17 11:32:06 - balance_service - ERROR - خطا در استفاده از API جایگزین 8: HTTPSConnectionPool(host='api.tronstation.io', port=443): Max retries exceeded with url: /v1/accounts/TSMPag9W8P4EeDW3z2g4AVb6FoifwVWwNe/tokens (Caused by NameResolutionError("<urllib3.connection.HTTPSConnection object at 0x7f88710726d0>: Failed to resolve 'api.tronstation.io' ([Errno -2] Name or service not known)"))
2025-07-17 11:32:06 - balance_service - ERROR - خطا در استفاده از API جایگزین 8: HTTPSConnectionPool(host='api.tronstation.io', port=443): Max retries exceeded with url: /v1/accounts/TSMPag9W8P4EeDW3z2g4AVb6FoifwVWwNe/tokens (Caused by NameResolutionError("<urllib3.connection.HTTPSConnection object at 0x7f8870ffbc40>: Failed to resolve 'api.tronstation.io' ([Errno -2] Name or service not known)"))
2025-07-17 11:32:07 - balance_service - ERROR - خطا در استفاده از API جایگزین 8: HTTPSConnectionPool(host='api.tronstation.io', port=443): Max retries exceeded with url: /v1/accounts/TSMPag9W8P4EeDW3z2g4AVb6FoifwVWwNe/tokens (Caused by NameResolutionError("<urllib3.connection.HTTPSConnection object at 0x7f8871072880>: Failed to resolve 'api.tronstation.io' ([Errno -2] Name or service not known)"))
2025-07-17 11:32:16 - balance_service - WARNING - No native currency found for blockchain Bitcoin
2025-07-17 11:32:16 - balance_service - WARNING - No native currency found for blockchain Avalanche
2025-07-17 11:32:16 - balance_service - WARNING - No native currency found for blockchain Arbitrum
2025-07-17 11:32:16 - balance_service - WARNING - No native currency found for blockchain Polkadot
2025-07-17 11:32:18 - balance_service - WARNING - خطا در دریافت موجودی TRC20 با API اصلی: 404 - {"timestamp":"2025-07-17T11:32:18.846+00:00","status":404,"error":"Not Found","path":"/v1/accounts/TSMPag9W8P4EeDW3z2g4AVb6FoifwVWwNe/tokens"}
2025-07-17 11:32:19 - balance_service - WARNING - خطا در دریافت موجودی TRC20 با API اصلی: 404 - {"timestamp":"2025-07-17T11:32:18.925+00:00","status":404,"error":"Not Found","path":"/v1/accounts/TSMPag9W8P4EeDW3z2g4AVb6FoifwVWwNe/tokens"}
2025-07-17 11:32:19 - balance_service - ERROR - Error getting EVM token balance on Avalanche: when sending a str, it must be a hex string. Got: 'FvwEAhmxKfeiG8SnEvq42hc6whRyY3EFYAvebMqDNDGCgxN5Z'
Traceback (most recent call last):
  File "/www/wwwroot/coinceeper.com/CC/services/balance_service.py", line 157, in get_token_balance
    address=Web3.to_checksum_address(contract_address),
  File "/www/wwwroot/coinceeper.com/CC/venv/lib64/python3.9/site-packages/web3/main.py", line 268, in to_checksum_address
    return to_checksum_address(value)
  File "/www/wwwroot/coinceeper.com/CC/venv/lib64/python3.9/site-packages/eth_utils/address.py", line 129, in to_checksum_address
    norm_address = to_normalized_address(value)
  File "/www/wwwroot/coinceeper.com/CC/venv/lib64/python3.9/site-packages/eth_utils/address.py", line 73, in to_normalized_address
    hex_address = hexstr_if_str(to_hex, value).lower()
  File "/www/wwwroot/coinceeper.com/CC/venv/lib64/python3.9/site-packages/eth_utils/conversions.py", line 195, in hexstr_if_str
    raise ValueError(
ValueError: when sending a str, it must be a hex string. Got: 'FvwEAhmxKfeiG8SnEvq42hc6whRyY3EFYAvebMqDNDGCgxN5Z'
2025-07-17 11:32:20 - balance_service - WARNING - خطا در دریافت موجودی TRC20 با API اصلی: 404 - {"timestamp":"2025-07-17T11:32:19.933+00:00","status":404,"error":"Not Found","path":"/v1/accounts/TSMPag9W8P4EeDW3z2g4AVb6FoifwVWwNe/tokens"}
2025-07-17 11:32:20 - balance_service - ERROR - خطا در استفاده از API جایگزین 8: HTTPSConnectionPool(host='api.tronstation.io', port=443): Max retries exceeded with url: /v1/accounts/TSMPag9W8P4EeDW3z2g4AVb6FoifwVWwNe/tokens (Caused by NameResolutionError("<urllib3.connection.HTTPSConnection object at 0x7f88701829a0>: Failed to resolve 'api.tronstation.io' ([Errno -2] Name or service not known)"))
2025-07-17 11:32:20 - balance_service - ERROR - خطا در استفاده از API جایگزین 8: HTTPSConnectionPool(host='api.tronstation.io', port=443): Max retries exceeded with url: /v1/accounts/TSMPag9W8P4EeDW3z2g4AVb6FoifwVWwNe/tokens (Caused by NameResolutionError("<urllib3.connection.HTTPSConnection object at 0x7f8870141340>: Failed to resolve 'api.tronstation.io' ([Errno -2] Name or service not known)"))
2025-07-17 11:32:21 - balance_service - ERROR - خطا در استفاده از API جایگزین 8: HTTPSConnectionPool(host='api.tronstation.io', port=443): Max retries exceeded with url: /v1/accounts/TSMPag9W8P4EeDW3z2g4AVb6FoifwVWwNe/tokens (Caused by NameResolutionError("<urllib3.connection.HTTPSConnection object at 0x7f8870149ca0>: Failed to resolve 'api.tronstation.io' ([Errno -2] Name or service not known)"))
2025-07-17 11:32:23 - balance_service - WARNING - Error getting token decimals, using default 18: 429 Client Error: Too Many Requests for url: https://mainnet.infura.io/v3/a8ab43a04ce044de988a838d92f478a7
2025-07-17 11:32:26 - balance_service - WARNING - No native currency found for blockchain Bitcoin
2025-07-17 11:32:26 - balance_service - WARNING - No native currency found for blockchain Avalanche
2025-07-17 11:32:26 - balance_service - WARNING - No native currency found for blockchain Arbitrum
2025-07-17 11:32:26 - balance_service - WARNING - No native currency found for blockchain Polkadot
2025-07-17 11:32:27 - balance_service - WARNING - خطا در دریافت موجودی TRC20 با API اصلی: 404 - {"timestamp":"2025-07-17T11:32:27.653+00:00","status":404,"error":"Not Found","path":"/v1/accounts/TSMPag9W8P4EeDW3z2g4AVb6FoifwVWwNe/tokens"}
2025-07-17 11:32:27 - balance_service - WARNING - No native currency found for blockchain Bitcoin
2025-07-17 11:32:27 - balance_service - WARNING - No native currency found for blockchain Avalanche
2025-07-17 11:32:27 - balance_service - WARNING - No native currency found for blockchain Arbitrum
2025-07-17 11:32:27 - balance_service - WARNING - No native currency found for blockchain Polkadot
2025-07-17 11:32:27 - balance_service - WARNING - خطا در دریافت موجودی TRC20 با API اصلی: 404 - {"timestamp":"2025-07-17T11:32:27.840+00:00","status":404,"error":"Not Found","path":"/v1/accounts/TSMPag9W8P4EeDW3z2g4AVb6FoifwVWwNe/tokens"}
2025-07-17 11:32:28 - balance_service - WARNING - خطا در دریافت موجودی TRC20 با API اصلی: 404 - {"timestamp":"2025-07-17T11:32:28.879+00:00","status":404,"error":"Not Found","path":"/v1/accounts/TSMPag9W8P4EeDW3z2g4AVb6FoifwVWwNe/tokens"}
2025-07-17 11:32:29 - balance_service - ERROR - خطا در استفاده از API جایگزین 8: HTTPSConnectionPool(host='api.tronstation.io', port=443): Max retries exceeded with url: /v1/accounts/TSMPag9W8P4EeDW3z2g4AVb6FoifwVWwNe/tokens (Caused by NameResolutionError("<urllib3.connection.HTTPSConnection object at 0x7f88712c4fd0>: Failed to resolve 'api.tronstation.io' ([Errno -2] Name or service not known)"))
2025-07-17 11:32:29 - balance_service - ERROR - Error getting EVM token balance on Avalanche: when sending a str, it must be a hex string. Got: 'FvwEAhmxKfeiG8SnEvq42hc6whRyY3EFYAvebMqDNDGCgxN5Z'
Traceback (most recent call last):
  File "/www/wwwroot/coinceeper.com/CC/services/balance_service.py", line 157, in get_token_balance
    address=Web3.to_checksum_address(contract_address),
  File "/www/wwwroot/coinceeper.com/CC/venv/lib64/python3.9/site-packages/web3/main.py", line 268, in to_checksum_address
    return to_checksum_address(value)
  File "/www/wwwroot/coinceeper.com/CC/venv/lib64/python3.9/site-packages/eth_utils/address.py", line 129, in to_checksum_address
    norm_address = to_normalized_address(value)
  File "/www/wwwroot/coinceeper.com/CC/venv/lib64/python3.9/site-packages/eth_utils/address.py", line 73, in to_normalized_address
    hex_address = hexstr_if_str(to_hex, value).lower()
  File "/www/wwwroot/coinceeper.com/CC/venv/lib64/python3.9/site-packages/eth_utils/conversions.py", line 195, in hexstr_if_str
    raise ValueError(
ValueError: when sending a str, it must be a hex string. Got: 'FvwEAhmxKfeiG8SnEvq42hc6whRyY3EFYAvebMqDNDGCgxN5Z'
2025-07-17 11:32:29 - balance_service - ERROR - خطا در استفاده از API جایگزین 8: HTTPSConnectionPool(host='api.tronstation.io', port=443): Max retries exceeded with url: /v1/accounts/TSMPag9W8P4EeDW3z2g4AVb6FoifwVWwNe/tokens (Caused by NameResolutionError("<urllib3.connection.HTTPSConnection object at 0x7f88712f5c70>: Failed to resolve 'api.tronstation.io' ([Errno -2] Name or service not known)"))
2025-07-17 11:32:30 - balance_service - ERROR - Error getting EVM token balance on Ethereum: 429 Client Error: Too Many Requests for url: https://mainnet.infura.io/v3/a8ab43a04ce044de988a838d92f478a7
Traceback (most recent call last):
  File "/www/wwwroot/coinceeper.com/CC/services/balance_service.py", line 163, in get_token_balance
    balance = token_contract.functions.balanceOf(
  File "/www/wwwroot/coinceeper.com/CC/venv/lib64/python3.9/site-packages/web3/contract/contract.py", line 291, in call
    return call_contract_function(
  File "/www/wwwroot/coinceeper.com/CC/venv/lib64/python3.9/site-packages/web3/contract/utils.py", line 154, in call_contract_function
    return_data = w3.eth.call(
  File "/www/wwwroot/coinceeper.com/CC/venv/lib64/python3.9/site-packages/web3/eth/eth.py", line 247, in call
    return self._durin_call(transaction, block_identifier, state_override)
  File "/www/wwwroot/coinceeper.com/CC/venv/lib64/python3.9/site-packages/web3/eth/eth.py", line 266, in _durin_call
    return self._call(transaction, block_identifier, state_override)
  File "/www/wwwroot/coinceeper.com/CC/venv/lib64/python3.9/site-packages/web3/module.py", line 112, in caller
    result = w3.manager.request_blocking(
  File "/www/wwwroot/coinceeper.com/CC/venv/lib64/python3.9/site-packages/web3/manager.py", line 231, in request_blocking
    response = self._make_request(method, params)
  File "/www/wwwroot/coinceeper.com/CC/venv/lib64/python3.9/site-packages/web3/manager.py", line 163, in _make_request
    return request_func(method, params)
  File "/www/wwwroot/coinceeper.com/CC/venv/lib64/python3.9/site-packages/web3/middleware/base.py", line 56, in middleware
    return self.response_processor(method, make_request(method, params))
  File "/www/wwwroot/coinceeper.com/CC/venv/lib64/python3.9/site-packages/web3/middleware/base.py", line 56, in middleware
    return self.response_processor(method, make_request(method, params))
  File "/www/wwwroot/coinceeper.com/CC/venv/lib64/python3.9/site-packages/web3/middleware/base.py", line 56, in middleware
    return self.response_processor(method, make_request(method, params))
  [Previous line repeated 1 more time]
  File "/www/wwwroot/coinceeper.com/CC/venv/lib64/python3.9/site-packages/web3/middleware/formatting.py", line 164, in response_processor
    self.sync_formatters_builder(cast("Web3", self._w3), method),
  File "/www/wwwroot/coinceeper.com/CC/venv/lib64/python3.9/site-packages/web3/middleware/validation.py", line 141, in build_method_validators
    w3_chain_id = w3.eth.chain_id
  File "/www/wwwroot/coinceeper.com/CC/venv/lib64/python3.9/site-packages/web3/eth/eth.py", line 156, in chain_id
    return self._chain_id()
  File "/www/wwwroot/coinceeper.com/CC/venv/lib64/python3.9/site-packages/web3/module.py", line 112, in caller
    result = w3.manager.request_blocking(
  File "/www/wwwroot/coinceeper.com/CC/venv/lib64/python3.9/site-packages/web3/manager.py", line 231, in request_blocking
    response = self._make_request(method, params)
  File "/www/wwwroot/coinceeper.com/CC/venv/lib64/python3.9/site-packages/web3/manager.py", line 163, in _make_request
    return request_func(method, params)
  File "/www/wwwroot/coinceeper.com/CC/venv/lib64/python3.9/site-packages/web3/middleware/base.py", line 56, in middleware
    return self.response_processor(method, make_request(method, params))
  File "/www/wwwroot/coinceeper.com/CC/venv/lib64/python3.9/site-packages/web3/middleware/base.py", line 56, in middleware
    return self.response_processor(method, make_request(method, params))
  File "/www/wwwroot/coinceeper.com/CC/venv/lib64/python3.9/site-packages/web3/middleware/base.py", line 56, in middleware
    return self.response_processor(method, make_request(method, params))
  [Previous line repeated 2 more times]
  File "/www/wwwroot/coinceeper.com/CC/venv/lib64/python3.9/site-packages/web3/_utils/caching/caching_utils.py", line 261, in wrapper
    return func(provider, method, params)
  File "/www/wwwroot/coinceeper.com/CC/venv/lib64/python3.9/site-packages/web3/providers/rpc/rpc.py", line 170, in make_request
    raw_response = self._make_request(method, request_data)
  File "/www/wwwroot/coinceeper.com/CC/venv/lib64/python3.9/site-packages/web3/providers/rpc/rpc.py", line 157, in _make_request
    raise e
  File "/www/wwwroot/coinceeper.com/CC/venv/lib64/python3.9/site-packages/web3/providers/rpc/rpc.py", line 147, in _make_request
    return self._request_session_manager.make_post_request(
  File "/www/wwwroot/coinceeper.com/CC/venv/lib64/python3.9/site-packages/web3/_utils/http_session_manager.py", line 148, in make_post_request
    response.raise_for_status()
  File "/www/wwwroot/coinceeper.com/CC/venv/lib64/python3.9/site-packages/requests/models.py", line 1024, in raise_for_status
    raise HTTPError(http_error_msg, response=self)
requests.exceptions.HTTPError: 429 Client Error: Too Many Requests for url: https://mainnet.infura.io/v3/a8ab43a04ce044de988a838d92f478a7
2025-07-17 11:32:30 - balance_service - ERROR - Error getting EVM token balance on Ethereum: 429 Client Error: Too Many Requests for url: https://mainnet.infura.io/v3/a8ab43a04ce044de988a838d92f478a7
Traceback (most recent call last):
  File "/www/wwwroot/coinceeper.com/CC/services/balance_service.py", line 163, in get_token_balance
    balance = token_contract.functions.balanceOf(
  File "/www/wwwroot/coinceeper.com/CC/venv/lib64/python3.9/site-packages/web3/contract/contract.py", line 291, in call
    return call_contract_function(
  File "/www/wwwroot/coinceeper.com/CC/venv/lib64/python3.9/site-packages/web3/contract/utils.py", line 154, in call_contract_function
    return_data = w3.eth.call(
  File "/www/wwwroot/coinceeper.com/CC/venv/lib64/python3.9/site-packages/web3/eth/eth.py", line 247, in call
    return self._durin_call(transaction, block_identifier, state_override)
  File "/www/wwwroot/coinceeper.com/CC/venv/lib64/python3.9/site-packages/web3/eth/eth.py", line 266, in _durin_call
    return self._call(transaction, block_identifier, state_override)
  File "/www/wwwroot/coinceeper.com/CC/venv/lib64/python3.9/site-packages/web3/module.py", line 112, in caller
    result = w3.manager.request_blocking(
  File "/www/wwwroot/coinceeper.com/CC/venv/lib64/python3.9/site-packages/web3/manager.py", line 231, in request_blocking
    response = self._make_request(method, params)
  File "/www/wwwroot/coinceeper.com/CC/venv/lib64/python3.9/site-packages/web3/manager.py", line 163, in _make_request
    return request_func(method, params)
  File "/www/wwwroot/coinceeper.com/CC/venv/lib64/python3.9/site-packages/web3/middleware/base.py", line 56, in middleware
    return self.response_processor(method, make_request(method, params))
  File "/www/wwwroot/coinceeper.com/CC/venv/lib64/python3.9/site-packages/web3/middleware/base.py", line 56, in middleware
    return self.response_processor(method, make_request(method, params))
  File "/www/wwwroot/coinceeper.com/CC/venv/lib64/python3.9/site-packages/web3/middleware/base.py", line 56, in middleware
    return self.response_processor(method, make_request(method, params))
  [Previous line repeated 2 more times]
  File "/www/wwwroot/coinceeper.com/CC/venv/lib64/python3.9/site-packages/web3/_utils/caching/caching_utils.py", line 261, in wrapper
    return func(provider, method, params)
  File "/www/wwwroot/coinceeper.com/CC/venv/lib64/python3.9/site-packages/web3/providers/rpc/rpc.py", line 170, in make_request
    raw_response = self._make_request(method, request_data)
  File "/www/wwwroot/coinceeper.com/CC/venv/lib64/python3.9/site-packages/web3/providers/rpc/rpc.py", line 157, in _make_request
    raise e
  File "/www/wwwroot/coinceeper.com/CC/venv/lib64/python3.9/site-packages/web3/providers/rpc/rpc.py", line 147, in _make_request
    return self._request_session_manager.make_post_request(
  File "/www/wwwroot/coinceeper.com/CC/venv/lib64/python3.9/site-packages/web3/_utils/http_session_manager.py", line 148, in make_post_request
    response.raise_for_status()
  File "/www/wwwroot/coinceeper.com/CC/venv/lib64/python3.9/site-packages/requests/models.py", line 1024, in raise_for_status
    raise HTTPError(http_error_msg, response=self)
requests.exceptions.HTTPError: 429 Client Error: Too Many Requests for url: https://mainnet.infura.io/v3/a8ab43a04ce044de988a838d92f478a7
2025-07-17 11:32:30 - balance_service - ERROR - Error getting native balance for 0xF2C6ae74c866c20B5D62534012495A3DE0Dd4423 on ethereum: 429 Client Error: Too Many Requests for url: https://mainnet.infura.io/v3/a8ab43a04ce044de988a838d92f478a7
Traceback (most recent call last):
  File "/www/wwwroot/coinceeper.com/CC/services/balance_service.py", line 326, in get_native_balance
    balance_wei = web3.eth.get_balance(checksum_address)
  File "/www/wwwroot/coinceeper.com/CC/venv/lib64/python3.9/site-packages/web3/eth/eth.py", line 440, in get_balance
    return self._get_balance(account, block_identifier)
  File "/www/wwwroot/coinceeper.com/CC/venv/lib64/python3.9/site-packages/web3/module.py", line 112, in caller
    result = w3.manager.request_blocking(
  File "/www/wwwroot/coinceeper.com/CC/venv/lib64/python3.9/site-packages/web3/manager.py", line 231, in request_blocking
    response = self._make_request(method, params)
  File "/www/wwwroot/coinceeper.com/CC/venv/lib64/python3.9/site-packages/web3/manager.py", line 163, in _make_request
    return request_func(method, params)
  File "/www/wwwroot/coinceeper.com/CC/venv/lib64/python3.9/site-packages/web3/middleware/base.py", line 56, in middleware
    return self.response_processor(method, make_request(method, params))
  File "/www/wwwroot/coinceeper.com/CC/venv/lib64/python3.9/site-packages/web3/middleware/base.py", line 56, in middleware
    return self.response_processor(method, make_request(method, params))
  File "/www/wwwroot/coinceeper.com/CC/venv/lib64/python3.9/site-packages/web3/middleware/base.py", line 56, in middleware
    return self.response_processor(method, make_request(method, params))
  [Previous line repeated 2 more times]
  File "/www/wwwroot/coinceeper.com/CC/venv/lib64/python3.9/site-packages/web3/_utils/caching/caching_utils.py", line 261, in wrapper
    return func(provider, method, params)
  File "/www/wwwroot/coinceeper.com/CC/venv/lib64/python3.9/site-packages/web3/providers/rpc/rpc.py", line 170, in make_request
    raw_response = self._make_request(method, request_data)
  File "/www/wwwroot/coinceeper.com/CC/venv/lib64/python3.9/site-packages/web3/providers/rpc/rpc.py", line 157, in _make_request
    raise e
  File "/www/wwwroot/coinceeper.com/CC/venv/lib64/python3.9/site-packages/web3/providers/rpc/rpc.py", line 147, in _make_request
    return self._request_session_manager.make_post_request(
  File "/www/wwwroot/coinceeper.com/CC/venv/lib64/python3.9/site-packages/web3/_utils/http_session_manager.py", line 148, in make_post_request
    response.raise_for_status()
  File "/www/wwwroot/coinceeper.com/CC/venv/lib64/python3.9/site-packages/requests/models.py", line 1024, in raise_for_status
    raise HTTPError(http_error_msg, response=self)
requests.exceptions.HTTPError: 429 Client Error: Too Many Requests for url: https://mainnet.infura.io/v3/a8ab43a04ce044de988a838d92f478a7
2025-07-17 11:32:30 - balance_service - WARNING - خطا در دریافت موجودی TRC20 با API اصلی: 404 - {"timestamp":"2025-07-17T11:32:30.445+00:00","status":404,"error":"Not Found","path":"/v1/accounts/TSMPag9W8P4EeDW3z2g4AVb6FoifwVWwNe/tokens"}
2025-07-17 11:32:30 - balance_service - WARNING - خطا در دریافت موجودی TRC20 با API اصلی: 404 - {"timestamp":"2025-07-17T11:32:30.615+00:00","status":404,"error":"Not Found","path":"/v1/accounts/TSMPag9W8P4EeDW3z2g4AVb6FoifwVWwNe/tokens"}
2025-07-17 11:32:30 - balance_service - ERROR - خطا در استفاده از API جایگزین 8: HTTPSConnectionPool(host='api.tronstation.io', port=443): Max retries exceeded with url: /v1/accounts/TSMPag9W8P4EeDW3z2g4AVb6FoifwVWwNe/tokens (Caused by NameResolutionError("<urllib3.connection.HTTPSConnection object at 0x7f88712d30d0>: Failed to resolve 'api.tronstation.io' ([Errno -2] Name or service not known)"))
2025-07-17 11:32:31 - balance_service - WARNING - خطا در دریافت موجودی TRC20 با API اصلی: 404 - {"timestamp":"2025-07-17T11:32:31.730+00:00","status":404,"error":"Not Found","path":"/v1/accounts/TSMPag9W8P4EeDW3z2g4AVb6FoifwVWwNe/tokens"}
2025-07-17 11:32:32 - balance_service - ERROR - خطا در استفاده از API جایگزین 8: HTTPSConnectionPool(host='api.tronstation.io', port=443): Max retries exceeded with url: /v1/accounts/TSMPag9W8P4EeDW3z2g4AVb6FoifwVWwNe/tokens (Caused by NameResolutionError("<urllib3.connection.HTTPSConnection object at 0x7f8870fdcee0>: Failed to resolve 'api.tronstation.io' ([Errno -2] Name or service not known)"))
2025-07-17 11:32:32 - balance_service - ERROR - Error getting EVM token balance on Avalanche: when sending a str, it must be a hex string. Got: 'FvwEAhmxKfeiG8SnEvq42hc6whRyY3EFYAvebMqDNDGCgxN5Z'
Traceback (most recent call last):
  File "/www/wwwroot/coinceeper.com/CC/services/balance_service.py", line 157, in get_token_balance
    address=Web3.to_checksum_address(contract_address),
  File "/www/wwwroot/coinceeper.com/CC/venv/lib64/python3.9/site-packages/web3/main.py", line 268, in to_checksum_address
    return to_checksum_address(value)
  File "/www/wwwroot/coinceeper.com/CC/venv/lib64/python3.9/site-packages/eth_utils/address.py", line 129, in to_checksum_address
    norm_address = to_normalized_address(value)
  File "/www/wwwroot/coinceeper.com/CC/venv/lib64/python3.9/site-packages/eth_utils/address.py", line 73, in to_normalized_address
    hex_address = hexstr_if_str(to_hex, value).lower()
  File "/www/wwwroot/coinceeper.com/CC/venv/lib64/python3.9/site-packages/eth_utils/conversions.py", line 195, in hexstr_if_str
    raise ValueError(
ValueError: when sending a str, it must be a hex string. Got: 'FvwEAhmxKfeiG8SnEvq42hc6whRyY3EFYAvebMqDNDGCgxN5Z'
2025-07-17 11:32:32 - balance_service - ERROR - خطا در استفاده از API جایگزین 8: HTTPSConnectionPool(host='api.tronstation.io', port=443): Max retries exceeded with url: /v1/accounts/TSMPag9W8P4EeDW3z2g4AVb6FoifwVWwNe/tokens (Caused by NameResolutionError("<urllib3.connection.HTTPSConnection object at 0x7f88710484f0>: Failed to resolve 'api.tronstation.io' ([Errno -2] Name or service not known)"))
2025-07-17 11:32:32 - balance_service - ERROR - Error getting EVM token balance on Ethereum: 429 Client Error: Too Many Requests for url: https://mainnet.infura.io/v3/a8ab43a04ce044de988a838d92f478a7
Traceback (most recent call last):
  File "/www/wwwroot/coinceeper.com/CC/services/balance_service.py", line 163, in get_token_balance
    balance = token_contract.functions.balanceOf(
  File "/www/wwwroot/coinceeper.com/CC/venv/lib64/python3.9/site-packages/web3/contract/contract.py", line 291, in call
    return call_contract_function(
  File "/www/wwwroot/coinceeper.com/CC/venv/lib64/python3.9/site-packages/web3/contract/utils.py", line 154, in call_contract_function
    return_data = w3.eth.call(
  File "/www/wwwroot/coinceeper.com/CC/venv/lib64/python3.9/site-packages/web3/eth/eth.py", line 247, in call
    return self._durin_call(transaction, block_identifier, state_override)
  File "/www/wwwroot/coinceeper.com/CC/venv/lib64/python3.9/site-packages/web3/eth/eth.py", line 266, in _durin_call
    return self._call(transaction, block_identifier, state_override)
  File "/www/wwwroot/coinceeper.com/CC/venv/lib64/python3.9/site-packages/web3/module.py", line 112, in caller
    result = w3.manager.request_blocking(
  File "/www/wwwroot/coinceeper.com/CC/venv/lib64/python3.9/site-packages/web3/manager.py", line 231, in request_blocking
    response = self._make_request(method, params)
  File "/www/wwwroot/coinceeper.com/CC/venv/lib64/python3.9/site-packages/web3/manager.py", line 163, in _make_request
    return request_func(method, params)
  File "/www/wwwroot/coinceeper.com/CC/venv/lib64/python3.9/site-packages/web3/middleware/base.py", line 56, in middleware
    return self.response_processor(method, make_request(method, params))
  File "/www/wwwroot/coinceeper.com/CC/venv/lib64/python3.9/site-packages/web3/middleware/base.py", line 56, in middleware
    return self.response_processor(method, make_request(method, params))
  File "/www/wwwroot/coinceeper.com/CC/venv/lib64/python3.9/site-packages/web3/middleware/base.py", line 56, in middleware
    return self.response_processor(method, make_request(method, params))
  File "/www/wwwroot/coinceeper.com/CC/venv/lib64/python3.9/site-packages/web3/middleware/base.py", line 55, in middleware
    method, params = self.request_processor(method, params)
  File "/www/wwwroot/coinceeper.com/CC/venv/lib64/python3.9/site-packages/web3/middleware/formatting.py", line 150, in request_processor
    self.sync_formatters_builder(cast("Web3", self._w3), method),
  File "/www/wwwroot/coinceeper.com/CC/venv/lib64/python3.9/site-packages/web3/middleware/validation.py", line 141, in build_method_validators
    w3_chain_id = w3.eth.chain_id
  File "/www/wwwroot/coinceeper.com/CC/venv/lib64/python3.9/site-packages/web3/eth/eth.py", line 156, in chain_id
    return self._chain_id()
  File "/www/wwwroot/coinceeper.com/CC/venv/lib64/python3.9/site-packages/web3/module.py", line 112, in caller
    result = w3.manager.request_blocking(
  File "/www/wwwroot/coinceeper.com/CC/venv/lib64/python3.9/site-packages/web3/manager.py", line 231, in request_blocking
    response = self._make_request(method, params)
  File "/www/wwwroot/coinceeper.com/CC/venv/lib64/python3.9/site-packages/web3/manager.py", line 163, in _make_request
    return request_func(method, params)
  File "/www/wwwroot/coinceeper.com/CC/venv/lib64/python3.9/site-packages/web3/middleware/base.py", line 56, in middleware
    return self.response_processor(method, make_request(method, params))
  File "/www/wwwroot/coinceeper.com/CC/venv/lib64/python3.9/site-packages/web3/middleware/base.py", line 56, in middleware
    return self.response_processor(method, make_request(method, params))
  File "/www/wwwroot/coinceeper.com/CC/venv/lib64/python3.9/site-packages/web3/middleware/base.py", line 56, in middleware
    return self.response_processor(method, make_request(method, params))
  [Previous line repeated 2 more times]
  File "/www/wwwroot/coinceeper.com/CC/venv/lib64/python3.9/site-packages/web3/_utils/caching/caching_utils.py", line 261, in wrapper
    return func(provider, method, params)
  File "/www/wwwroot/coinceeper.com/CC/venv/lib64/python3.9/site-packages/web3/providers/rpc/rpc.py", line 170, in make_request
    raw_response = self._make_request(method, request_data)
  File "/www/wwwroot/coinceeper.com/CC/venv/lib64/python3.9/site-packages/web3/providers/rpc/rpc.py", line 157, in _make_request
    raise e
  File "/www/wwwroot/coinceeper.com/CC/venv/lib64/python3.9/site-packages/web3/providers/rpc/rpc.py", line 147, in _make_request
    return self._request_session_manager.make_post_request(
  File "/www/wwwroot/coinceeper.com/CC/venv/lib64/python3.9/site-packages/web3/_utils/http_session_manager.py", line 148, in make_post_request
    response.raise_for_status()
  File "/www/wwwroot/coinceeper.com/CC/venv/lib64/python3.9/site-packages/requests/models.py", line 1024, in raise_for_status
    raise HTTPError(http_error_msg, response=self)
requests.exceptions.HTTPError: 429 Client Error: Too Many Requests for url: https://mainnet.infura.io/v3/a8ab43a04ce044de988a838d92f478a7
2025-07-17 11:32:32 - balance_service - WARNING - Error getting token decimals, using default 18: 429 Client Error: Too Many Requests for url: https://mainnet.infura.io/v3/a8ab43a04ce044de988a838d92f478a7
2025-07-17 11:32:33 - balance_service - ERROR - Error getting EVM token balance on Ethereum: 429 Client Error: Too Many Requests for url: https://mainnet.infura.io/v3/a8ab43a04ce044de988a838d92f478a7
Traceback (most recent call last):
  File "/www/wwwroot/coinceeper.com/CC/services/balance_service.py", line 163, in get_token_balance
    balance = token_contract.functions.balanceOf(
  File "/www/wwwroot/coinceeper.com/CC/venv/lib64/python3.9/site-packages/web3/contract/contract.py", line 291, in call
    return call_contract_function(
  File "/www/wwwroot/coinceeper.com/CC/venv/lib64/python3.9/site-packages/web3/contract/utils.py", line 154, in call_contract_function
    return_data = w3.eth.call(
  File "/www/wwwroot/coinceeper.com/CC/venv/lib64/python3.9/site-packages/web3/eth/eth.py", line 247, in call
    return self._durin_call(transaction, block_identifier, state_override)
  File "/www/wwwroot/coinceeper.com/CC/venv/lib64/python3.9/site-packages/web3/eth/eth.py", line 266, in _durin_call
    return self._call(transaction, block_identifier, state_override)
  File "/www/wwwroot/coinceeper.com/CC/venv/lib64/python3.9/site-packages/web3/module.py", line 112, in caller
    result = w3.manager.request_blocking(
  File "/www/wwwroot/coinceeper.com/CC/venv/lib64/python3.9/site-packages/web3/manager.py", line 231, in request_blocking
    response = self._make_request(method, params)
  File "/www/wwwroot/coinceeper.com/CC/venv/lib64/python3.9/site-packages/web3/manager.py", line 163, in _make_request
    return request_func(method, params)
  File "/www/wwwroot/coinceeper.com/CC/venv/lib64/python3.9/site-packages/web3/middleware/base.py", line 56, in middleware
    return self.response_processor(method, make_request(method, params))
  File "/www/wwwroot/coinceeper.com/CC/venv/lib64/python3.9/site-packages/web3/middleware/base.py", line 56, in middleware
    return self.response_processor(method, make_request(method, params))
  File "/www/wwwroot/coinceeper.com/CC/venv/lib64/python3.9/site-packages/web3/middleware/base.py", line 56, in middleware
    return self.response_processor(method, make_request(method, params))
  [Previous line repeated 2 more times]
  File "/www/wwwroot/coinceeper.com/CC/venv/lib64/python3.9/site-packages/web3/_utils/caching/caching_utils.py", line 261, in wrapper
    return func(provider, method, params)
  File "/www/wwwroot/coinceeper.com/CC/venv/lib64/python3.9/site-packages/web3/providers/rpc/rpc.py", line 170, in make_request
    raw_response = self._make_request(method, request_data)
  File "/www/wwwroot/coinceeper.com/CC/venv/lib64/python3.9/site-packages/web3/providers/rpc/rpc.py", line 157, in _make_request
    raise e
  File "/www/wwwroot/coinceeper.com/CC/venv/lib64/python3.9/site-packages/web3/providers/rpc/rpc.py", line 147, in _make_request
    return self._request_session_manager.make_post_request(
  File "/www/wwwroot/coinceeper.com/CC/venv/lib64/python3.9/site-packages/web3/_utils/http_session_manager.py", line 148, in make_post_request
    response.raise_for_status()
  File "/www/wwwroot/coinceeper.com/CC/venv/lib64/python3.9/site-packages/requests/models.py", line 1024, in raise_for_status
    raise HTTPError(http_error_msg, response=self)
requests.exceptions.HTTPError: 429 Client Error: Too Many Requests for url: https://mainnet.infura.io/v3/a8ab43a04ce044de988a838d92f478a7
2025-07-17 11:32:33 - balance_service - WARNING - Error getting token decimals, using default 18: 429 Client Error: Too Many Requests for url: https://mainnet.infura.io/v3/a8ab43a04ce044de988a838d92f478a7
2025-07-17 11:32:33 - balance_service - WARNING - Error getting token decimals, using default 18: 429 Client Error: Too Many Requests for url: https://mainnet.infura.io/v3/a8ab43a04ce044de988a838d92f478a7
2025-07-17 11:32:33 - balance_service - ERROR - خطا در استفاده از API جایگزین 8: HTTPSConnectionPool(host='api.tronstation.io', port=443): Max retries exceeded with url: /v1/accounts/TSMPag9W8P4EeDW3z2g4AVb6FoifwVWwNe/tokens (Caused by NameResolutionError("<urllib3.connection.HTTPSConnection object at 0x7f8870ff7370>: Failed to resolve 'api.tronstation.io' ([Errno -2] Name or service not known)"))
2025-07-17 11:32:39 - balance_service - ERROR - Error updating balance for user c14d3c63-0783-4987-ba91-86edc6678b24: (mysql.connector.errors.OperationalError) MySQL Connection not available.
[SQL: DELETE FROM userholding WHERE userholding.`UserID` = %(UserID_1)s]
[parameters: [{}]]
(Background on this error at: https://sqlalche.me/e/20/e3q8)
Traceback (most recent call last):
  File "/www/wwwroot/coinceeper.com/CC/venv/lib64/python3.9/site-packages/sqlalchemy/engine/base.py", line 1811, in _execute_context
    context = constructor(
  File "/www/wwwroot/coinceeper.com/CC/venv/lib64/python3.9/site-packages/sqlalchemy/engine/default.py", line 1427, in _init_compiled
    self.cursor = self.create_cursor()
  File "/www/wwwroot/coinceeper.com/CC/venv/lib64/python3.9/site-packages/sqlalchemy/engine/default.py", line 1766, in create_cursor
    return self.create_default_cursor()
  File "/www/wwwroot/coinceeper.com/CC/venv/lib64/python3.9/site-packages/sqlalchemy/dialects/mysql/mysqlconnector.py", line 67, in create_default_cursor
    return self._dbapi_connection.cursor(buffered=True)
  File "/www/wwwroot/coinceeper.com/CC/venv/lib64/python3.9/site-packages/sqlalchemy/pool/base.py", line 1486, in cursor
    return self.dbapi_connection.cursor(*args, **kwargs)
  File "/www/wwwroot/coinceeper.com/CC/venv/lib64/python3.9/site-packages/mysql/connector/connection_cext.py", line 841, in cursor
    raise OperationalError("MySQL Connection not available.")
mysql.connector.errors.OperationalError: MySQL Connection not available.

The above exception was the direct cause of the following exception:

Traceback (most recent call last):
  File "/www/wwwroot/coinceeper.com/CC/services/balance_service.py", line 1262, in _update_user_balance
    deleted = self.session.query(UserHolding).filter(UserHolding.UserID == user_id).delete()
  File "/www/wwwroot/coinceeper.com/CC/venv/lib64/python3.9/site-packages/sqlalchemy/orm/query.py", line 3208, in delete
    result: CursorResult[Any] = self.session.execute(
  File "/www/wwwroot/coinceeper.com/CC/venv/lib64/python3.9/site-packages/sqlalchemy/orm/session.py", line 2365, in execute
    return self._execute_internal(
  File "/www/wwwroot/coinceeper.com/CC/venv/lib64/python3.9/site-packages/sqlalchemy/orm/session.py", line 2251, in _execute_internal
    result: Result[Any] = compile_state_cls.orm_execute_statement(
  File "/www/wwwroot/coinceeper.com/CC/venv/lib64/python3.9/site-packages/sqlalchemy/orm/bulk_persistence.py", line 2021, in orm_execute_statement
    return super().orm_execute_statement(
  File "/www/wwwroot/coinceeper.com/CC/venv/lib64/python3.9/site-packages/sqlalchemy/orm/context.py", line 306, in orm_execute_statement
    result = conn.execute(
  File "/www/wwwroot/coinceeper.com/CC/venv/lib64/python3.9/site-packages/sqlalchemy/engine/base.py", line 1415, in execute
    return meth(
  File "/www/wwwroot/coinceeper.com/CC/venv/lib64/python3.9/site-packages/sqlalchemy/sql/elements.py", line 523, in _execute_on_connection
    return connection._execute_clauseelement(
  File "/www/wwwroot/coinceeper.com/CC/venv/lib64/python3.9/site-packages/sqlalchemy/engine/base.py", line 1637, in _execute_clauseelement
    ret = self._execute_context(
  File "/www/wwwroot/coinceeper.com/CC/venv/lib64/python3.9/site-packages/sqlalchemy/engine/base.py", line 1817, in _execute_context
    self._handle_dbapi_exception(
  File "/www/wwwroot/coinceeper.com/CC/venv/lib64/python3.9/site-packages/sqlalchemy/engine/base.py", line 2351, in _handle_dbapi_exception
    raise sqlalchemy_exception.with_traceback(exc_info[2]) from e
  File "/www/wwwroot/coinceeper.com/CC/venv/lib64/python3.9/site-packages/sqlalchemy/engine/base.py", line 1811, in _execute_context
    context = constructor(
  File "/www/wwwroot/coinceeper.com/CC/venv/lib64/python3.9/site-packages/sqlalchemy/engine/default.py", line 1427, in _init_compiled
    self.cursor = self.create_cursor()
  File "/www/wwwroot/coinceeper.com/CC/venv/lib64/python3.9/site-packages/sqlalchemy/engine/default.py", line 1766, in create_cursor
    return self.create_default_cursor()
  File "/www/wwwroot/coinceeper.com/CC/venv/lib64/python3.9/site-packages/sqlalchemy/dialects/mysql/mysqlconnector.py", line 67, in create_default_cursor
    return self._dbapi_connection.cursor(buffered=True)
  File "/www/wwwroot/coinceeper.com/CC/venv/lib64/python3.9/site-packages/sqlalchemy/pool/base.py", line 1486, in cursor
    return self.dbapi_connection.cursor(*args, **kwargs)
  File "/www/wwwroot/coinceeper.com/CC/venv/lib64/python3.9/site-packages/mysql/connector/connection_cext.py", line 841, in cursor
    raise OperationalError("MySQL Connection not available.")
sqlalchemy.exc.OperationalError: (mysql.connector.errors.OperationalError) MySQL Connection not available.
[SQL: DELETE FROM userholding WHERE userholding.`UserID` = %(UserID_1)s]
[parameters: [{}]]
(Background on this error at: https://sqlalche.me/e/20/e3q8)
2025-07-17 11:32:39 - balance_service - WARNING - No native currency found for blockchain Bitcoin
2025-07-17 11:32:39 - balance_service - WARNING - No native currency found for blockchain Avalanche
2025-07-17 11:32:39 - balance_service - WARNING - No native currency found for blockchain Arbitrum
2025-07-17 11:32:39 - balance_service - WARNING - No native currency found for blockchain Polkadot
2025-07-17 11:32:39 - balance_service - ERROR - Error updating balance for user c14d3c63-0783-4987-ba91-86edc6678b24: (mysql.connector.errors.OperationalError) MySQL Connection not available.
[SQL: DELETE FROM userholding WHERE userholding.`UserID` = %(UserID_1)s]
[parameters: [{}]]
(Background on this error at: https://sqlalche.me/e/20/e3q8)
Traceback (most recent call last):
  File "/www/wwwroot/coinceeper.com/CC/venv/lib64/python3.9/site-packages/sqlalchemy/engine/base.py", line 1811, in _execute_context
    context = constructor(
  File "/www/wwwroot/coinceeper.com/CC/venv/lib64/python3.9/site-packages/sqlalchemy/engine/default.py", line 1427, in _init_compiled
    self.cursor = self.create_cursor()
  File "/www/wwwroot/coinceeper.com/CC/venv/lib64/python3.9/site-packages/sqlalchemy/engine/default.py", line 1766, in create_cursor
    return self.create_default_cursor()
  File "/www/wwwroot/coinceeper.com/CC/venv/lib64/python3.9/site-packages/sqlalchemy/dialects/mysql/mysqlconnector.py", line 67, in create_default_cursor
    return self._dbapi_connection.cursor(buffered=True)
  File "/www/wwwroot/coinceeper.com/CC/venv/lib64/python3.9/site-packages/sqlalchemy/pool/base.py", line 1486, in cursor
    return self.dbapi_connection.cursor(*args, **kwargs)
  File "/www/wwwroot/coinceeper.com/CC/venv/lib64/python3.9/site-packages/mysql/connector/connection_cext.py", line 841, in cursor
    raise OperationalError("MySQL Connection not available.")
mysql.connector.errors.OperationalError: MySQL Connection not available.

The above exception was the direct cause of the following exception:

Traceback (most recent call last):
  File "/www/wwwroot/coinceeper.com/CC/services/balance_service.py", line 1262, in _update_user_balance
    deleted = self.session.query(UserHolding).filter(UserHolding.UserID == user_id).delete()
  File "/www/wwwroot/coinceeper.com/CC/venv/lib64/python3.9/site-packages/sqlalchemy/orm/query.py", line 3208, in delete
    result: CursorResult[Any] = self.session.execute(
  File "/www/wwwroot/coinceeper.com/CC/venv/lib64/python3.9/site-packages/sqlalchemy/orm/session.py", line 2365, in execute
    return self._execute_internal(
  File "/www/wwwroot/coinceeper.com/CC/venv/lib64/python3.9/site-packages/sqlalchemy/orm/session.py", line 2251, in _execute_internal
    result: Result[Any] = compile_state_cls.orm_execute_statement(
  File "/www/wwwroot/coinceeper.com/CC/venv/lib64/python3.9/site-packages/sqlalchemy/orm/bulk_persistence.py", line 2021, in orm_execute_statement
    return super().orm_execute_statement(
  File "/www/wwwroot/coinceeper.com/CC/venv/lib64/python3.9/site-packages/sqlalchemy/orm/context.py", line 306, in orm_execute_statement
    result = conn.execute(
  File "/www/wwwroot/coinceeper.com/CC/venv/lib64/python3.9/site-packages/sqlalchemy/engine/base.py", line 1415, in execute
    return meth(
  File "/www/wwwroot/coinceeper.com/CC/venv/lib64/python3.9/site-packages/sqlalchemy/sql/elements.py", line 523, in _execute_on_connection
    return connection._execute_clauseelement(
  File "/www/wwwroot/coinceeper.com/CC/venv/lib64/python3.9/site-packages/sqlalchemy/engine/base.py", line 1637, in _execute_clauseelement
    ret = self._execute_context(
  File "/www/wwwroot/coinceeper.com/CC/venv/lib64/python3.9/site-packages/sqlalchemy/engine/base.py", line 1817, in _execute_context
    self._handle_dbapi_exception(
  File "/www/wwwroot/coinceeper.com/CC/venv/lib64/python3.9/site-packages/sqlalchemy/engine/base.py", line 2351, in _handle_dbapi_exception
    raise sqlalchemy_exception.with_traceback(exc_info[2]) from e
  File "/www/wwwroot/coinceeper.com/CC/venv/lib64/python3.9/site-packages/sqlalchemy/engine/base.py", line 1811, in _execute_context
    context = constructor(
  File "/www/wwwroot/coinceeper.com/CC/venv/lib64/python3.9/site-packages/sqlalchemy/engine/default.py", line 1427, in _init_compiled
    self.cursor = self.create_cursor()
  File "/www/wwwroot/coinceeper.com/CC/venv/lib64/python3.9/site-packages/sqlalchemy/engine/default.py", line 1766, in create_cursor
    return self.create_default_cursor()
  File "/www/wwwroot/coinceeper.com/CC/venv/lib64/python3.9/site-packages/sqlalchemy/dialects/mysql/mysqlconnector.py", line 67, in create_default_cursor
    return self._dbapi_connection.cursor(buffered=True)
  File "/www/wwwroot/coinceeper.com/CC/venv/lib64/python3.9/site-packages/sqlalchemy/pool/base.py", line 1486, in cursor
    return self.dbapi_connection.cursor(*args, **kwargs)
  File "/www/wwwroot/coinceeper.com/CC/venv/lib64/python3.9/site-packages/mysql/connector/connection_cext.py", line 841, in cursor
    raise OperationalError("MySQL Connection not available.")
sqlalchemy.exc.OperationalError: (mysql.connector.errors.OperationalError) MySQL Connection not available.
[SQL: DELETE FROM userholding WHERE userholding.`UserID` = %(UserID_1)s]
[parameters: [{}]]
(Background on this error at: https://sqlalche.me/e/20/e3q8)
2025-07-17 11:32:40 - balance_service - WARNING - خطا در دریافت موجودی TRC20 با API اصلی: 404 - {"timestamp":"2025-07-17T11:32:40.426+00:00","status":404,"error":"Not Found","path":"/v1/accounts/TSMPag9W8P4EeDW3z2g4AVb6FoifwVWwNe/tokens"}
2025-07-17 11:32:40 - balance_service - WARNING - خطا در دریافت موجودی TRC20 با API اصلی: 404 - {"timestamp":"2025-07-17T11:32:40.680+00:00","status":404,"error":"Not Found","path":"/v1/accounts/TSMPag9W8P4EeDW3z2g4AVb6FoifwVWwNe/tokens"}
2025-07-17 11:32:41 - balance_service - WARNING - خطا در دریافت موجودی TRC20 با API اصلی: 404 - {"timestamp":"2025-07-17T11:32:41.619+00:00","status":404,"error":"Not Found","path":"/v1/accounts/TSMPag9W8P4EeDW3z2g4AVb6FoifwVWwNe/tokens"}
2025-07-17 11:32:42 - balance_service - ERROR - خطا در استفاده از API جایگزین 8: HTTPSConnectionPool(host='api.tronstation.io', port=443): Max retries exceeded with url: /v1/accounts/TSMPag9W8P4EeDW3z2g4AVb6FoifwVWwNe/tokens (Caused by NameResolutionError("<urllib3.connection.HTTPSConnection object at 0x7f8870740d90>: Failed to resolve 'api.tronstation.io' ([Errno -2] Name or service not known)"))
2025-07-17 11:32:42 - balance_service - ERROR - Error getting EVM token balance on Avalanche: when sending a str, it must be a hex string. Got: 'FvwEAhmxKfeiG8SnEvq42hc6whRyY3EFYAvebMqDNDGCgxN5Z'
Traceback (most recent call last):
  File "/www/wwwroot/coinceeper.com/CC/services/balance_service.py", line 157, in get_token_balance
    address=Web3.to_checksum_address(contract_address),
  File "/www/wwwroot/coinceeper.com/CC/venv/lib64/python3.9/site-packages/web3/main.py", line 268, in to_checksum_address
    return to_checksum_address(value)
  File "/www/wwwroot/coinceeper.com/CC/venv/lib64/python3.9/site-packages/eth_utils/address.py", line 129, in to_checksum_address
    norm_address = to_normalized_address(value)
  File "/www/wwwroot/coinceeper.com/CC/venv/lib64/python3.9/site-packages/eth_utils/address.py", line 73, in to_normalized_address
    hex_address = hexstr_if_str(to_hex, value).lower()
  File "/www/wwwroot/coinceeper.com/CC/venv/lib64/python3.9/site-packages/eth_utils/conversions.py", line 195, in hexstr_if_str
    raise ValueError(
ValueError: when sending a str, it must be a hex string. Got: 'FvwEAhmxKfeiG8SnEvq42hc6whRyY3EFYAvebMqDNDGCgxN5Z'
2025-07-17 11:32:42 - balance_service - ERROR - خطا در استفاده از API جایگزین 8: HTTPSConnectionPool(host='api.tronstation.io', port=443): Max retries exceeded with url: /v1/accounts/TSMPag9W8P4EeDW3z2g4AVb6FoifwVWwNe/tokens (Caused by NameResolutionError("<urllib3.connection.HTTPSConnection object at 0x7f887072dbe0>: Failed to resolve 'api.tronstation.io' ([Errno -2] Name or service not known)"))
2025-07-17 11:32:43 - balance_service - ERROR - Error getting EVM token balance on Ethereum: 429 Client Error: Too Many Requests for url: https://mainnet.infura.io/v3/a8ab43a04ce044de988a838d92f478a7
Traceback (most recent call last):
  File "/www/wwwroot/coinceeper.com/CC/services/balance_service.py", line 163, in get_token_balance
    balance = token_contract.functions.balanceOf(
  File "/www/wwwroot/coinceeper.com/CC/venv/lib64/python3.9/site-packages/web3/contract/contract.py", line 291, in call
    return call_contract_function(
  File "/www/wwwroot/coinceeper.com/CC/venv/lib64/python3.9/site-packages/web3/contract/utils.py", line 154, in call_contract_function
    return_data = w3.eth.call(
  File "/www/wwwroot/coinceeper.com/CC/venv/lib64/python3.9/site-packages/web3/eth/eth.py", line 247, in call
    return self._durin_call(transaction, block_identifier, state_override)
  File "/www/wwwroot/coinceeper.com/CC/venv/lib64/python3.9/site-packages/web3/eth/eth.py", line 266, in _durin_call
    return self._call(transaction, block_identifier, state_override)
  File "/www/wwwroot/coinceeper.com/CC/venv/lib64/python3.9/site-packages/web3/module.py", line 112, in caller
    result = w3.manager.request_blocking(
  File "/www/wwwroot/coinceeper.com/CC/venv/lib64/python3.9/site-packages/web3/manager.py", line 231, in request_blocking
    response = self._make_request(method, params)
  File "/www/wwwroot/coinceeper.com/CC/venv/lib64/python3.9/site-packages/web3/manager.py", line 163, in _make_request
    return request_func(method, params)
  File "/www/wwwroot/coinceeper.com/CC/venv/lib64/python3.9/site-packages/web3/middleware/base.py", line 56, in middleware
    return self.response_processor(method, make_request(method, params))
  File "/www/wwwroot/coinceeper.com/CC/venv/lib64/python3.9/site-packages/web3/middleware/base.py", line 56, in middleware
    return self.response_processor(method, make_request(method, params))
  File "/www/wwwroot/coinceeper.com/CC/venv/lib64/python3.9/site-packages/web3/middleware/base.py", line 56, in middleware
    return self.response_processor(method, make_request(method, params))
  [Previous line repeated 1 more time]
  File "/www/wwwroot/coinceeper.com/CC/venv/lib64/python3.9/site-packages/web3/middleware/formatting.py", line 164, in response_processor
    self.sync_formatters_builder(cast("Web3", self._w3), method),
  File "/www/wwwroot/coinceeper.com/CC/venv/lib64/python3.9/site-packages/web3/middleware/validation.py", line 141, in build_method_validators
    w3_chain_id = w3.eth.chain_id
  File "/www/wwwroot/coinceeper.com/CC/venv/lib64/python3.9/site-packages/web3/eth/eth.py", line 156, in chain_id
    return self._chain_id()
  File "/www/wwwroot/coinceeper.com/CC/venv/lib64/python3.9/site-packages/web3/module.py", line 112, in caller
    result = w3.manager.request_blocking(
  File "/www/wwwroot/coinceeper.com/CC/venv/lib64/python3.9/site-packages/web3/manager.py", line 231, in request_blocking
    response = self._make_request(method, params)
  File "/www/wwwroot/coinceeper.com/CC/venv/lib64/python3.9/site-packages/web3/manager.py", line 163, in _make_request
    return request_func(method, params)
  File "/www/wwwroot/coinceeper.com/CC/venv/lib64/python3.9/site-packages/web3/middleware/base.py", line 56, in middleware
    return self.response_processor(method, make_request(method, params))
  File "/www/wwwroot/coinceeper.com/CC/venv/lib64/python3.9/site-packages/web3/middleware/base.py", line 56, in middleware
    return self.response_processor(method, make_request(method, params))
  File "/www/wwwroot/coinceeper.com/CC/venv/lib64/python3.9/site-packages/web3/middleware/base.py", line 56, in middleware
    return self.response_processor(method, make_request(method, params))
  [Previous line repeated 2 more times]
  File "/www/wwwroot/coinceeper.com/CC/venv/lib64/python3.9/site-packages/web3/_utils/caching/caching_utils.py", line 261, in wrapper
    return func(provider, method, params)
  File "/www/wwwroot/coinceeper.com/CC/venv/lib64/python3.9/site-packages/web3/providers/rpc/rpc.py", line 170, in make_request
    raw_response = self._make_request(method, request_data)
  File "/www/wwwroot/coinceeper.com/CC/venv/lib64/python3.9/site-packages/web3/providers/rpc/rpc.py", line 157, in _make_request
    raise e
  File "/www/wwwroot/coinceeper.com/CC/venv/lib64/python3.9/site-packages/web3/providers/rpc/rpc.py", line 147, in _make_request
    return self._request_session_manager.make_post_request(
  File "/www/wwwroot/coinceeper.com/CC/venv/lib64/python3.9/site-packages/web3/_utils/http_session_manager.py", line 148, in make_post_request
    response.raise_for_status()
  File "/www/wwwroot/coinceeper.com/CC/venv/lib64/python3.9/site-packages/requests/models.py", line 1024, in raise_for_status
    raise HTTPError(http_error_msg, response=self)
requests.exceptions.HTTPError: 429 Client Error: Too Many Requests for url: https://mainnet.infura.io/v3/a8ab43a04ce044de988a838d92f478a7
2025-07-17 11:32:43 - balance_service - ERROR - خطا در استفاده از API جایگزین 8: HTTPSConnectionPool(host='api.tronstation.io', port=443): Max retries exceeded with url: /v1/accounts/TSMPag9W8P4EeDW3z2g4AVb6FoifwVWwNe/tokens (Caused by NameResolutionError("<urllib3.connection.HTTPSConnection object at 0x7f8870f90310>: Failed to resolve 'api.tronstation.io' ([Errno -2] Name or service not known)"))
2025-07-17 11:32:44 - balance_service - ERROR - Error getting EVM token balance on Ethereum: 429 Client Error: Too Many Requests for url: https://mainnet.infura.io/v3/a8ab43a04ce044de988a838d92f478a7
Traceback (most recent call last):
  File "/www/wwwroot/coinceeper.com/CC/services/balance_service.py", line 163, in get_token_balance
    balance = token_contract.functions.balanceOf(
  File "/www/wwwroot/coinceeper.com/CC/venv/lib64/python3.9/site-packages/web3/contract/contract.py", line 291, in call
    return call_contract_function(
  File "/www/wwwroot/coinceeper.com/CC/venv/lib64/python3.9/site-packages/web3/contract/utils.py", line 154, in call_contract_function
    return_data = w3.eth.call(
  File "/www/wwwroot/coinceeper.com/CC/venv/lib64/python3.9/site-packages/web3/eth/eth.py", line 247, in call
    return self._durin_call(transaction, block_identifier, state_override)
  File "/www/wwwroot/coinceeper.com/CC/venv/lib64/python3.9/site-packages/web3/eth/eth.py", line 266, in _durin_call
    return self._call(transaction, block_identifier, state_override)
  File "/www/wwwroot/coinceeper.com/CC/venv/lib64/python3.9/site-packages/web3/module.py", line 112, in caller
    result = w3.manager.request_blocking(
  File "/www/wwwroot/coinceeper.com/CC/venv/lib64/python3.9/site-packages/web3/manager.py", line 231, in request_blocking
    response = self._make_request(method, params)
  File "/www/wwwroot/coinceeper.com/CC/venv/lib64/python3.9/site-packages/web3/manager.py", line 163, in _make_request
    return request_func(method, params)
  File "/www/wwwroot/coinceeper.com/CC/venv/lib64/python3.9/site-packages/web3/middleware/base.py", line 56, in middleware
    return self.response_processor(method, make_request(method, params))
  File "/www/wwwroot/coinceeper.com/CC/venv/lib64/python3.9/site-packages/web3/middleware/base.py", line 56, in middleware
    return self.response_processor(method, make_request(method, params))
  File "/www/wwwroot/coinceeper.com/CC/venv/lib64/python3.9/site-packages/web3/middleware/base.py", line 56, in middleware
    return self.response_processor(method, make_request(method, params))
  [Previous line repeated 1 more time]
  File "/www/wwwroot/coinceeper.com/CC/venv/lib64/python3.9/site-packages/web3/middleware/formatting.py", line 164, in response_processor
    self.sync_formatters_builder(cast("Web3", self._w3), method),
  File "/www/wwwroot/coinceeper.com/CC/venv/lib64/python3.9/site-packages/web3/middleware/validation.py", line 141, in build_method_validators
    w3_chain_id = w3.eth.chain_id
  File "/www/wwwroot/coinceeper.com/CC/venv/lib64/python3.9/site-packages/web3/eth/eth.py", line 156, in chain_id
    return self._chain_id()
  File "/www/wwwroot/coinceeper.com/CC/venv/lib64/python3.9/site-packages/web3/module.py", line 112, in caller
    result = w3.manager.request_blocking(
  File "/www/wwwroot/coinceeper.com/CC/venv/lib64/python3.9/site-packages/web3/manager.py", line 231, in request_blocking
    response = self._make_request(method, params)
  File "/www/wwwroot/coinceeper.com/CC/venv/lib64/python3.9/site-packages/web3/manager.py", line 163, in _make_request
    return request_func(method, params)
  File "/www/wwwroot/coinceeper.com/CC/venv/lib64/python3.9/site-packages/web3/middleware/base.py", line 56, in middleware
    return self.response_processor(method, make_request(method, params))
  File "/www/wwwroot/coinceeper.com/CC/venv/lib64/python3.9/site-packages/web3/middleware/base.py", line 56, in middleware
    return self.response_processor(method, make_request(method, params))
  File "/www/wwwroot/coinceeper.com/CC/venv/lib64/python3.9/site-packages/web3/middleware/base.py", line 56, in middleware
    return self.response_processor(method, make_request(method, params))
  [Previous line repeated 2 more times]
  File "/www/wwwroot/coinceeper.com/CC/venv/lib64/python3.9/site-packages/web3/_utils/caching/caching_utils.py", line 261, in wrapper
    return func(provider, method, params)
  File "/www/wwwroot/coinceeper.com/CC/venv/lib64/python3.9/site-packages/web3/providers/rpc/rpc.py", line 170, in make_request
    raw_response = self._make_request(method, request_data)
  File "/www/wwwroot/coinceeper.com/CC/venv/lib64/python3.9/site-packages/web3/providers/rpc/rpc.py", line 157, in _make_request
    raise e
  File "/www/wwwroot/coinceeper.com/CC/venv/lib64/python3.9/site-packages/web3/providers/rpc/rpc.py", line 147, in _make_request
    return self._request_session_manager.make_post_request(
  File "/www/wwwroot/coinceeper.com/CC/venv/lib64/python3.9/site-packages/web3/_utils/http_session_manager.py", line 148, in make_post_request
    response.raise_for_status()
  File "/www/wwwroot/coinceeper.com/CC/venv/lib64/python3.9/site-packages/requests/models.py", line 1024, in raise_for_status
    raise HTTPError(http_error_msg, response=self)
requests.exceptions.HTTPError: 429 Client Error: Too Many Requests for url: https://mainnet.infura.io/v3/a8ab43a04ce044de988a838d92f478a7
2025-07-17 11:32:45 - balance_service - WARNING - Error getting token decimals, using default 18: 429 Client Error: Too Many Requests for url: https://mainnet.infura.io/v3/a8ab43a04ce044de988a838d92f478a7
2025-07-17 11:32:47 - balance_service - ERROR - Error updating balance for user c14d3c63-0783-4987-ba91-86edc6678b24: (mysql.connector.errors.OperationalError) MySQL Connection not available.
[SQL: DELETE FROM userholding WHERE userholding.`UserID` = %(UserID_1)s]
[parameters: [{}]]
(Background on this error at: https://sqlalche.me/e/20/e3q8)
Traceback (most recent call last):
  File "/www/wwwroot/coinceeper.com/CC/venv/lib64/python3.9/site-packages/sqlalchemy/engine/base.py", line 1811, in _execute_context
    context = constructor(
  File "/www/wwwroot/coinceeper.com/CC/venv/lib64/python3.9/site-packages/sqlalchemy/engine/default.py", line 1427, in _init_compiled
    self.cursor = self.create_cursor()
  File "/www/wwwroot/coinceeper.com/CC/venv/lib64/python3.9/site-packages/sqlalchemy/engine/default.py", line 1766, in create_cursor
    return self.create_default_cursor()
  File "/www/wwwroot/coinceeper.com/CC/venv/lib64/python3.9/site-packages/sqlalchemy/dialects/mysql/mysqlconnector.py", line 67, in create_default_cursor
    return self._dbapi_connection.cursor(buffered=True)
  File "/www/wwwroot/coinceeper.com/CC/venv/lib64/python3.9/site-packages/sqlalchemy/pool/base.py", line 1486, in cursor
    return self.dbapi_connection.cursor(*args, **kwargs)
  File "/www/wwwroot/coinceeper.com/CC/venv/lib64/python3.9/site-packages/mysql/connector/connection_cext.py", line 841, in cursor
    raise OperationalError("MySQL Connection not available.")
mysql.connector.errors.OperationalError: MySQL Connection not available.

The above exception was the direct cause of the following exception:

Traceback (most recent call last):
  File "/www/wwwroot/coinceeper.com/CC/services/balance_service.py", line 1262, in _update_user_balance
    deleted = self.session.query(UserHolding).filter(UserHolding.UserID == user_id).delete()
  File "/www/wwwroot/coinceeper.com/CC/venv/lib64/python3.9/site-packages/sqlalchemy/orm/query.py", line 3208, in delete
    result: CursorResult[Any] = self.session.execute(
  File "/www/wwwroot/coinceeper.com/CC/venv/lib64/python3.9/site-packages/sqlalchemy/orm/session.py", line 2365, in execute
    return self._execute_internal(
  File "/www/wwwroot/coinceeper.com/CC/venv/lib64/python3.9/site-packages/sqlalchemy/orm/session.py", line 2251, in _execute_internal
    result: Result[Any] = compile_state_cls.orm_execute_statement(
  File "/www/wwwroot/coinceeper.com/CC/venv/lib64/python3.9/site-packages/sqlalchemy/orm/bulk_persistence.py", line 2021, in orm_execute_statement
    return super().orm_execute_statement(
  File "/www/wwwroot/coinceeper.com/CC/venv/lib64/python3.9/site-packages/sqlalchemy/orm/context.py", line 306, in orm_execute_statement
    result = conn.execute(
  File "/www/wwwroot/coinceeper.com/CC/venv/lib64/python3.9/site-packages/sqlalchemy/engine/base.py", line 1415, in execute
    return meth(
  File "/www/wwwroot/coinceeper.com/CC/venv/lib64/python3.9/site-packages/sqlalchemy/sql/elements.py", line 523, in _execute_on_connection
    return connection._execute_clauseelement(
  File "/www/wwwroot/coinceeper.com/CC/venv/lib64/python3.9/site-packages/sqlalchemy/engine/base.py", line 1637, in _execute_clauseelement
    ret = self._execute_context(
  File "/www/wwwroot/coinceeper.com/CC/venv/lib64/python3.9/site-packages/sqlalchemy/engine/base.py", line 1817, in _execute_context
    self._handle_dbapi_exception(
  File "/www/wwwroot/coinceeper.com/CC/venv/lib64/python3.9/site-packages/sqlalchemy/engine/base.py", line 2351, in _handle_dbapi_exception
    raise sqlalchemy_exception.with_traceback(exc_info[2]) from e
  File "/www/wwwroot/coinceeper.com/CC/venv/lib64/python3.9/site-packages/sqlalchemy/engine/base.py", line 1811, in _execute_context
    context = constructor(
  File "/www/wwwroot/coinceeper.com/CC/venv/lib64/python3.9/site-packages/sqlalchemy/engine/default.py", line 1427, in _init_compiled
    self.cursor = self.create_cursor()
  File "/www/wwwroot/coinceeper.com/CC/venv/lib64/python3.9/site-packages/sqlalchemy/engine/default.py", line 1766, in create_cursor
    return self.create_default_cursor()
  File "/www/wwwroot/coinceeper.com/CC/venv/lib64/python3.9/site-packages/sqlalchemy/dialects/mysql/mysqlconnector.py", line 67, in create_default_cursor
    return self._dbapi_connection.cursor(buffered=True)
  File "/www/wwwroot/coinceeper.com/CC/venv/lib64/python3.9/site-packages/sqlalchemy/pool/base.py", line 1486, in cursor
    return self.dbapi_connection.cursor(*args, **kwargs)
  File "/www/wwwroot/coinceeper.com/CC/venv/lib64/python3.9/site-packages/mysql/connector/connection_cext.py", line 841, in cursor
    raise OperationalError("MySQL Connection not available.")
sqlalchemy.exc.OperationalError: (mysql.connector.errors.OperationalError) MySQL Connection not available.
[SQL: DELETE FROM userholding WHERE userholding.`UserID` = %(UserID_1)s]
[parameters: [{}]]
(Background on this error at: https://sqlalche.me/e/20/e3q8)
2025-07-17 11:33:08 - balance_service - ERROR - Error updating balance for user c14d3c63-0783-4987-ba91-86edc6678b24: (mysql.connector.errors.OperationalError) MySQL Connection not available.
[SQL: DELETE FROM userholding WHERE userholding.`UserID` = %(UserID_1)s]
[parameters: [{}]]
(Background on this error at: https://sqlalche.me/e/20/e3q8)
Traceback (most recent call last):
  File "/www/wwwroot/coinceeper.com/CC/venv/lib64/python3.9/site-packages/sqlalchemy/engine/base.py", line 1811, in _execute_context
    context = constructor(
  File "/www/wwwroot/coinceeper.com/CC/venv/lib64/python3.9/site-packages/sqlalchemy/engine/default.py", line 1427, in _init_compiled
    self.cursor = self.create_cursor()
  File "/www/wwwroot/coinceeper.com/CC/venv/lib64/python3.9/site-packages/sqlalchemy/engine/default.py", line 1766, in create_cursor
    return self.create_default_cursor()
  File "/www/wwwroot/coinceeper.com/CC/venv/lib64/python3.9/site-packages/sqlalchemy/dialects/mysql/mysqlconnector.py", line 67, in create_default_cursor
    return self._dbapi_connection.cursor(buffered=True)
  File "/www/wwwroot/coinceeper.com/CC/venv/lib64/python3.9/site-packages/sqlalchemy/pool/base.py", line 1486, in cursor
    return self.dbapi_connection.cursor(*args, **kwargs)
  File "/www/wwwroot/coinceeper.com/CC/venv/lib64/python3.9/site-packages/mysql/connector/connection_cext.py", line 841, in cursor
    raise OperationalError("MySQL Connection not available.")
mysql.connector.errors.OperationalError: MySQL Connection not available.

The above exception was the direct cause of the following exception:

Traceback (most recent call last):
  File "/www/wwwroot/coinceeper.com/CC/services/balance_service.py", line 1262, in _update_user_balance
    deleted = self.session.query(UserHolding).filter(UserHolding.UserID == user_id).delete()
  File "/www/wwwroot/coinceeper.com/CC/venv/lib64/python3.9/site-packages/sqlalchemy/orm/query.py", line 3208, in delete
    result: CursorResult[Any] = self.session.execute(
  File "/www/wwwroot/coinceeper.com/CC/venv/lib64/python3.9/site-packages/sqlalchemy/orm/session.py", line 2365, in execute
    return self._execute_internal(
  File "/www/wwwroot/coinceeper.com/CC/venv/lib64/python3.9/site-packages/sqlalchemy/orm/session.py", line 2251, in _execute_internal
    result: Result[Any] = compile_state_cls.orm_execute_statement(
  File "/www/wwwroot/coinceeper.com/CC/venv/lib64/python3.9/site-packages/sqlalchemy/orm/bulk_persistence.py", line 2021, in orm_execute_statement
    return super().orm_execute_statement(
  File "/www/wwwroot/coinceeper.com/CC/venv/lib64/python3.9/site-packages/sqlalchemy/orm/context.py", line 306, in orm_execute_statement
    result = conn.execute(
  File "/www/wwwroot/coinceeper.com/CC/venv/lib64/python3.9/site-packages/sqlalchemy/engine/base.py", line 1415, in execute
    return meth(
  File "/www/wwwroot/coinceeper.com/CC/venv/lib64/python3.9/site-packages/sqlalchemy/sql/elements.py", line 523, in _execute_on_connection
    return connection._execute_clauseelement(
  File "/www/wwwroot/coinceeper.com/CC/venv/lib64/python3.9/site-packages/sqlalchemy/engine/base.py", line 1637, in _execute_clauseelement
    ret = self._execute_context(
  File "/www/wwwroot/coinceeper.com/CC/venv/lib64/python3.9/site-packages/sqlalchemy/engine/base.py", line 1817, in _execute_context
    self._handle_dbapi_exception(
  File "/www/wwwroot/coinceeper.com/CC/venv/lib64/python3.9/site-packages/sqlalchemy/engine/base.py", line 2351, in _handle_dbapi_exception
    raise sqlalchemy_exception.with_traceback(exc_info[2]) from e
  File "/www/wwwroot/coinceeper.com/CC/venv/lib64/python3.9/site-packages/sqlalchemy/engine/base.py", line 1811, in _execute_context
    context = constructor(
  File "/www/wwwroot/coinceeper.com/CC/venv/lib64/python3.9/site-packages/sqlalchemy/engine/default.py", line 1427, in _init_compiled
    self.cursor = self.create_cursor()
  File "/www/wwwroot/coinceeper.com/CC/venv/lib64/python3.9/site-packages/sqlalchemy/engine/default.py", line 1766, in create_cursor
    return self.create_default_cursor()
  File "/www/wwwroot/coinceeper.com/CC/venv/lib64/python3.9/site-packages/sqlalchemy/dialects/mysql/mysqlconnector.py", line 67, in create_default_cursor
    return self._dbapi_connection.cursor(buffered=True)
  File "/www/wwwroot/coinceeper.com/CC/venv/lib64/python3.9/site-packages/sqlalchemy/pool/base.py", line 1486, in cursor
    return self.dbapi_connection.cursor(*args, **kwargs)
  File "/www/wwwroot/coinceeper.com/CC/venv/lib64/python3.9/site-packages/mysql/connector/connection_cext.py", line 841, in cursor
    raise OperationalError("MySQL Connection not available.")
sqlalchemy.exc.OperationalError: (mysql.connector.errors.OperationalError) MySQL Connection not available.
[SQL: DELETE FROM userholding WHERE userholding.`UserID` = %(UserID_1)s]
[parameters: [{}]]
(Background on this error at: https://sqlalche.me/e/20/e3q8)
2025-07-17 12:05:59 - balance_service - ERROR - Error getting simple user balance: (mysql.connector.errors.DatabaseError) 2003 (HY000): Can't connect to MySQL server on 'localhost:3306' (111)
(Background on this error at: https://sqlalche.me/e/20/4xp6)
2025-07-17 12:05:59 - balance_service - ERROR - Error getting simple user balance: (mysql.connector.errors.DatabaseError) 2003 (HY000): Can't connect to MySQL server on 'localhost:3306' (111)
(Background on this error at: https://sqlalche.me/e/20/4xp6)
2025-07-17 13:33:50 - balance_service - ERROR - Error getting simple user balance: (mysql.connector.errors.OperationalError) MySQL Connection not available.
[SQL: SELECT users.`UserID` AS `users_UserID`, users.`ID` AS `users_ID`, users.`Email` AS `users_Email`, users.`CreatedAt` AS `users_CreatedAt`, users.`UpdatedAt` AS `users_UpdatedAt`, users.`Device` AS `users_Device`, users.`IP` AS `users_IP` 
FROM users 
WHERE users.`UserID` = %(UserID_1)s 
 LIMIT %(param_1)s]
[parameters: [{}]]
(Background on this error at: https://sqlalche.me/e/20/e3q8)
2025-07-17 13:33:51 - balance_service - ERROR - Error getting simple user balance: (mysql.connector.errors.DatabaseError) 2003 (HY000): Can't connect to MySQL server on 'localhost:3306' (111)
(Background on this error at: https://sqlalche.me/e/20/4xp6)
2025-07-17 17:36:01 - balance_service - ERROR - Error getting simple user balance: (mysql.connector.errors.DatabaseError) 2003 (HY000): Can't connect to MySQL server on 'localhost:3306' (111)
(Background on this error at: https://sqlalche.me/e/20/4xp6)
2025-07-17 17:36:01 - balance_service - ERROR - Error getting simple user balance: (mysql.connector.errors.DatabaseError) 2003 (HY000): Can't connect to MySQL server on 'localhost:3306' (111)
(Background on this error at: https://sqlalche.me/e/20/4xp6)
2025-07-17 17:36:02 - balance_service - ERROR - Error getting simple user balance: (mysql.connector.errors.DatabaseError) 2003 (HY000): Can't connect to MySQL server on 'localhost:3306' (111)
(Background on this error at: https://sqlalche.me/e/20/4xp6)
2025-07-17 18:23:00 - balance_service - WARNING - No native currency found for blockchain Bitcoin
2025-07-17 18:23:00 - balance_service - WARNING - No native currency found for blockchain Avalanche
2025-07-17 18:23:00 - balance_service - WARNING - No native currency found for blockchain Arbitrum
2025-07-17 18:23:00 - balance_service - WARNING - No native currency found for blockchain Polkadot
2025-07-17 18:23:01 - balance_service - WARNING - خطا در دریافت موجودی TRC20 با API اصلی: 404 - {"timestamp":"2025-07-17T18:23:01.219+00:00","status":404,"error":"Not Found","path":"/v1/accounts/TWxYj1EgkXikRh3SszVUQniB6NcLNKeRfy/tokens"}
2025-07-17 18:23:01 - balance_service - WARNING - خطا در دریافت موجودی TRC20 با API اصلی: 404 - {"timestamp":"2025-07-17T18:23:01.471+00:00","status":404,"error":"Not Found","path":"/v1/accounts/TWxYj1EgkXikRh3SszVUQniB6NcLNKeRfy/tokens"}
2025-07-17 18:23:01 - balance_service - WARNING - خطا در دریافت موجودی TRC20 با API اصلی: 404 - {"timestamp":"2025-07-17T18:23:01.885+00:00","status":404,"error":"Not Found","path":"/v1/accounts/TWxYj1EgkXikRh3SszVUQniB6NcLNKeRfy/tokens"}
2025-07-17 18:23:02 - balance_service - ERROR - Error getting EVM token balance on Avalanche: when sending a str, it must be a hex string. Got: 'FvwEAhmxKfeiG8SnEvq42hc6whRyY3EFYAvebMqDNDGCgxN5Z'
Traceback (most recent call last):
  File "/www/wwwroot/coinceeper.com/CC/services/balance_service.py", line 157, in get_token_balance
    address=Web3.to_checksum_address(contract_address),
  File "/www/wwwroot/coinceeper.com/CC/venv/lib64/python3.9/site-packages/web3/main.py", line 268, in to_checksum_address
    return to_checksum_address(value)
  File "/www/wwwroot/coinceeper.com/CC/venv/lib64/python3.9/site-packages/eth_utils/address.py", line 129, in to_checksum_address
    norm_address = to_normalized_address(value)
  File "/www/wwwroot/coinceeper.com/CC/venv/lib64/python3.9/site-packages/eth_utils/address.py", line 73, in to_normalized_address
    hex_address = hexstr_if_str(to_hex, value).lower()
  File "/www/wwwroot/coinceeper.com/CC/venv/lib64/python3.9/site-packages/eth_utils/conversions.py", line 195, in hexstr_if_str
    raise ValueError(
ValueError: when sending a str, it must be a hex string. Got: 'FvwEAhmxKfeiG8SnEvq42hc6whRyY3EFYAvebMqDNDGCgxN5Z'
2025-07-17 18:23:02 - balance_service - ERROR - خطا در استفاده از API جایگزین 8: HTTPSConnectionPool(host='api.tronstation.io', port=443): Max retries exceeded with url: /v1/accounts/TWxYj1EgkXikRh3SszVUQniB6NcLNKeRfy/tokens (Caused by NameResolutionError("<urllib3.connection.HTTPSConnection object at 0x7f8871a319d0>: Failed to resolve 'api.tronstation.io' ([Errno -2] Name or service not known)"))
2025-07-17 18:23:03 - balance_service - ERROR - خطا در استفاده از API جایگزین 8: HTTPSConnectionPool(host='api.tronstation.io', port=443): Max retries exceeded with url: /v1/accounts/TWxYj1EgkXikRh3SszVUQniB6NcLNKeRfy/tokens (Caused by NameResolutionError("<urllib3.connection.HTTPSConnection object at 0x7f88719d5400>: Failed to resolve 'api.tronstation.io' ([Errno -2] Name or service not known)"))
2025-07-17 18:23:03 - balance_service - ERROR - خطا در استفاده از API جایگزین 8: HTTPSConnectionPool(host='api.tronstation.io', port=443): Max retries exceeded with url: /v1/accounts/TWxYj1EgkXikRh3SszVUQniB6NcLNKeRfy/tokens (Caused by NameResolutionError("<urllib3.connection.HTTPSConnection object at 0x7f8871981580>: Failed to resolve 'api.tronstation.io' ([Errno -2] Name or service not known)"))
2025-07-17 18:23:05 - balance_service - WARNING - No native currency found for blockchain Bitcoin
2025-07-17 18:23:05 - balance_service - WARNING - No native currency found for blockchain Avalanche
2025-07-17 18:23:05 - balance_service - WARNING - No native currency found for blockchain Arbitrum
2025-07-17 18:23:05 - balance_service - WARNING - No native currency found for blockchain Polkadot
2025-07-17 18:23:06 - balance_service - WARNING - خطا در دریافت موجودی TRC20 با API اصلی: 404 - {"timestamp":"2025-07-17T18:23:06.071+00:00","status":404,"error":"Not Found","path":"/v1/accounts/TWxYj1EgkXikRh3SszVUQniB6NcLNKeRfy/tokens"}
2025-07-17 18:23:06 - balance_service - WARNING - خطا در دریافت موجودی TRC20 با API اصلی: 404 - {"timestamp":"2025-07-17T18:23:06.264+00:00","status":404,"error":"Not Found","path":"/v1/accounts/TWxYj1EgkXikRh3SszVUQniB6NcLNKeRfy/tokens"}
2025-07-17 18:23:06 - balance_service - WARNING - خطا در دریافت موجودی TRC20 با API اصلی: 404 - {"timestamp":"2025-07-17T18:23:06.699+00:00","status":404,"error":"Not Found","path":"/v1/accounts/TWxYj1EgkXikRh3SszVUQniB6NcLNKeRfy/tokens"}
2025-07-17 18:23:06 - balance_service - ERROR - Error getting EVM token balance on Avalanche: when sending a str, it must be a hex string. Got: 'FvwEAhmxKfeiG8SnEvq42hc6whRyY3EFYAvebMqDNDGCgxN5Z'
Traceback (most recent call last):
  File "/www/wwwroot/coinceeper.com/CC/services/balance_service.py", line 157, in get_token_balance
    address=Web3.to_checksum_address(contract_address),
  File "/www/wwwroot/coinceeper.com/CC/venv/lib64/python3.9/site-packages/web3/main.py", line 268, in to_checksum_address
    return to_checksum_address(value)
  File "/www/wwwroot/coinceeper.com/CC/venv/lib64/python3.9/site-packages/eth_utils/address.py", line 129, in to_checksum_address
    norm_address = to_normalized_address(value)
  File "/www/wwwroot/coinceeper.com/CC/venv/lib64/python3.9/site-packages/eth_utils/address.py", line 73, in to_normalized_address
    hex_address = hexstr_if_str(to_hex, value).lower()
  File "/www/wwwroot/coinceeper.com/CC/venv/lib64/python3.9/site-packages/eth_utils/conversions.py", line 195, in hexstr_if_str
    raise ValueError(
ValueError: when sending a str, it must be a hex string. Got: 'FvwEAhmxKfeiG8SnEvq42hc6whRyY3EFYAvebMqDNDGCgxN5Z'
2025-07-17 18:23:07 - balance_service - ERROR - خطا در استفاده از API جایگزین 8: HTTPSConnectionPool(host='api.tronstation.io', port=443): Max retries exceeded with url: /v1/accounts/TWxYj1EgkXikRh3SszVUQniB6NcLNKeRfy/tokens (Caused by NameResolutionError("<urllib3.connection.HTTPSConnection object at 0x7f8870ff0d90>: Failed to resolve 'api.tronstation.io' ([Errno -2] Name or service not known)"))
2025-07-17 18:23:08 - balance_service - ERROR - خطا در استفاده از API جایگزین 8: HTTPSConnectionPool(host='api.tronstation.io', port=443): Max retries exceeded with url: /v1/accounts/TWxYj1EgkXikRh3SszVUQniB6NcLNKeRfy/tokens (Caused by NameResolutionError("<urllib3.connection.HTTPSConnection object at 0x7f88703df190>: Failed to resolve 'api.tronstation.io' ([Errno -2] Name or service not known)"))
2025-07-17 18:23:08 - balance_service - ERROR - خطا در استفاده از API جایگزین 8: HTTPSConnectionPool(host='api.tronstation.io', port=443): Max retries exceeded with url: /v1/accounts/TWxYj1EgkXikRh3SszVUQniB6NcLNKeRfy/tokens (Caused by NameResolutionError("<urllib3.connection.HTTPSConnection object at 0x7f8872188580>: Failed to resolve 'api.tronstation.io' ([Errno -2] Name or service not known)"))
2025-07-17 18:31:01 - balance_service - ERROR - Error getting simple user balance: (mysql.connector.errors.OperationalError) MySQL Connection not available.
[SQL: SELECT users.`UserID` AS `users_UserID`, users.`ID` AS `users_ID`, users.`Email` AS `users_Email`, users.`CreatedAt` AS `users_CreatedAt`, users.`UpdatedAt` AS `users_UpdatedAt`, users.`Device` AS `users_Device`, users.`IP` AS `users_IP` 
FROM users 
WHERE users.`UserID` = %(UserID_1)s 
 LIMIT %(param_1)s]
[parameters: [{}]]
(Background on this error at: https://sqlalche.me/e/20/e3q8)
2025-07-17 18:31:04 - balance_service - ERROR - Error getting simple user balance: (mysql.connector.errors.DatabaseError) 2003 (HY000): Can't connect to MySQL server on 'localhost:3306' (111)
(Background on this error at: https://sqlalche.me/e/20/4xp6)
2025-07-17 18:32:47 - balance_service - WARNING - No native currency found for blockchain Bitcoin
2025-07-17 18:32:48 - balance_service - WARNING - No native currency found for blockchain Avalanche
2025-07-17 18:32:48 - balance_service - WARNING - No native currency found for blockchain Arbitrum
2025-07-17 18:32:48 - balance_service - WARNING - No native currency found for blockchain Polkadot
2025-07-17 18:32:48 - balance_service - WARNING - خطا در دریافت موجودی TRC20 با API اصلی: 404 - {"timestamp":"2025-07-17T18:32:48.480+00:00","status":404,"error":"Not Found","path":"/v1/accounts/TWxYj1EgkXikRh3SszVUQniB6NcLNKeRfy/tokens"}
2025-07-17 18:32:48 - balance_service - WARNING - خطا در دریافت موجودی TRC20 با API اصلی: 404 - {"timestamp":"2025-07-17T18:32:48.772+00:00","status":404,"error":"Not Found","path":"/v1/accounts/TWxYj1EgkXikRh3SszVUQniB6NcLNKeRfy/tokens"}
2025-07-17 18:32:49 - balance_service - ERROR - Error getting EVM token balance on Avalanche: when sending a str, it must be a hex string. Got: 'FvwEAhmxKfeiG8SnEvq42hc6whRyY3EFYAvebMqDNDGCgxN5Z'
Traceback (most recent call last):
  File "/www/wwwroot/coinceeper.com/CC/services/balance_service.py", line 157, in get_token_balance
    address=Web3.to_checksum_address(contract_address),
  File "/www/wwwroot/coinceeper.com/CC/venv/lib64/python3.9/site-packages/web3/main.py", line 268, in to_checksum_address
    return to_checksum_address(value)
  File "/www/wwwroot/coinceeper.com/CC/venv/lib64/python3.9/site-packages/eth_utils/address.py", line 129, in to_checksum_address
    norm_address = to_normalized_address(value)
  File "/www/wwwroot/coinceeper.com/CC/venv/lib64/python3.9/site-packages/eth_utils/address.py", line 73, in to_normalized_address
    hex_address = hexstr_if_str(to_hex, value).lower()
  File "/www/wwwroot/coinceeper.com/CC/venv/lib64/python3.9/site-packages/eth_utils/conversions.py", line 195, in hexstr_if_str
    raise ValueError(
ValueError: when sending a str, it must be a hex string. Got: 'FvwEAhmxKfeiG8SnEvq42hc6whRyY3EFYAvebMqDNDGCgxN5Z'
2025-07-17 18:32:49 - balance_service - WARNING - خطا در دریافت موجودی TRC20 با API اصلی: 404 - {"timestamp":"2025-07-17T18:32:49.266+00:00","status":404,"error":"Not Found","path":"/v1/accounts/TWxYj1EgkXikRh3SszVUQniB6NcLNKeRfy/tokens"}
2025-07-17 18:32:50 - balance_service - ERROR - خطا در استفاده از API جایگزین 8: HTTPSConnectionPool(host='api.tronstation.io', port=443): Max retries exceeded with url: /v1/accounts/TWxYj1EgkXikRh3SszVUQniB6NcLNKeRfy/tokens (Caused by NameResolutionError("<urllib3.connection.HTTPSConnection object at 0x7f8871971af0>: Failed to resolve 'api.tronstation.io' ([Errno -2] Name or service not known)"))
2025-07-17 18:32:50 - balance_service - ERROR - خطا در استفاده از API جایگزین 8: HTTPSConnectionPool(host='api.tronstation.io', port=443): Max retries exceeded with url: /v1/accounts/TWxYj1EgkXikRh3SszVUQniB6NcLNKeRfy/tokens (Caused by NameResolutionError("<urllib3.connection.HTTPSConnection object at 0x7f8871952ca0>: Failed to resolve 'api.tronstation.io' ([Errno -2] Name or service not known)"))
2025-07-17 18:32:51 - balance_service - ERROR - خطا در استفاده از API جایگزین 8: HTTPSConnectionPool(host='api.tronstation.io', port=443): Max retries exceeded with url: /v1/accounts/TWxYj1EgkXikRh3SszVUQniB6NcLNKeRfy/tokens (Caused by NameResolutionError("<urllib3.connection.HTTPSConnection object at 0x7f88719f3e50>: Failed to resolve 'api.tronstation.io' ([Errno -2] Name or service not known)"))
2025-07-17 18:41:40 - balance_service - ERROR - Error getting simple user balance: (mysql.connector.errors.DatabaseError) 2003 (HY000): Can't connect to MySQL server on 'localhost:3306' (111)
(Background on this error at: https://sqlalche.me/e/20/4xp6)
2025-07-17 18:41:40 - balance_service - ERROR - Error getting simple user balance: (mysql.connector.errors.DatabaseError) 2003 (HY000): Can't connect to MySQL server on 'localhost:3306' (111)
(Background on this error at: https://sqlalche.me/e/20/4xp6)
2025-07-17 20:57:32 - balance_service - WARNING - No native currency found for blockchain Bitcoin
2025-07-17 20:57:32 - balance_service - WARNING - No native currency found for blockchain Avalanche
2025-07-17 20:57:32 - balance_service - WARNING - No native currency found for blockchain Arbitrum
2025-07-17 20:57:32 - balance_service - WARNING - No native currency found for blockchain Polkadot
2025-07-17 20:57:33 - balance_service - WARNING - خطا در دریافت موجودی TRC20 با API اصلی: 404 - {"timestamp":"2025-07-17T20:57:33.231+00:00","status":404,"error":"Not Found","path":"/v1/accounts/TCLX1HYnGShc3BjjZd97skpMxkwvhiFJyr/tokens"}
2025-07-17 20:57:33 - balance_service - WARNING - خطا در دریافت موجودی TRC20 با API اصلی: 404 - {"timestamp":"2025-07-17T20:57:33.476+00:00","status":404,"error":"Not Found","path":"/v1/accounts/TCLX1HYnGShc3BjjZd97skpMxkwvhiFJyr/tokens"}
2025-07-17 20:57:33 - balance_service - ERROR - Error getting EVM token balance on Avalanche: when sending a str, it must be a hex string. Got: 'FvwEAhmxKfeiG8SnEvq42hc6whRyY3EFYAvebMqDNDGCgxN5Z'
Traceback (most recent call last):
  File "/www/wwwroot/coinceeper.com/CC/services/balance_service.py", line 157, in get_token_balance
    address=Web3.to_checksum_address(contract_address),
  File "/www/wwwroot/coinceeper.com/CC/venv/lib64/python3.9/site-packages/web3/main.py", line 268, in to_checksum_address
    return to_checksum_address(value)
  File "/www/wwwroot/coinceeper.com/CC/venv/lib64/python3.9/site-packages/eth_utils/address.py", line 129, in to_checksum_address
    norm_address = to_normalized_address(value)
  File "/www/wwwroot/coinceeper.com/CC/venv/lib64/python3.9/site-packages/eth_utils/address.py", line 73, in to_normalized_address
    hex_address = hexstr_if_str(to_hex, value).lower()
  File "/www/wwwroot/coinceeper.com/CC/venv/lib64/python3.9/site-packages/eth_utils/conversions.py", line 195, in hexstr_if_str
    raise ValueError(
ValueError: when sending a str, it must be a hex string. Got: 'FvwEAhmxKfeiG8SnEvq42hc6whRyY3EFYAvebMqDNDGCgxN5Z'
2025-07-17 20:57:33 - balance_service - WARNING - خطا در دریافت موجودی TRC20 با API اصلی: 404 - {"timestamp":"2025-07-17T20:57:33.921+00:00","status":404,"error":"Not Found","path":"/v1/accounts/TCLX1HYnGShc3BjjZd97skpMxkwvhiFJyr/tokens"}
2025-07-17 20:57:34 - balance_service - ERROR - خطا در استفاده از API جایگزین 8: HTTPSConnectionPool(host='api.tronstation.io', port=443): Max retries exceeded with url: /v1/accounts/TCLX1HYnGShc3BjjZd97skpMxkwvhiFJyr/tokens (Caused by NameResolutionError("<urllib3.connection.HTTPSConnection object at 0x7f8870e581c0>: Failed to resolve 'api.tronstation.io' ([Errno -2] Name or service not known)"))
2025-07-17 20:57:35 - balance_service - ERROR - خطا در استفاده از API جایگزین 8: HTTPSConnectionPool(host='api.tronstation.io', port=443): Max retries exceeded with url: /v1/accounts/TCLX1HYnGShc3BjjZd97skpMxkwvhiFJyr/tokens (Caused by NameResolutionError("<urllib3.connection.HTTPSConnection object at 0x7f8871711cd0>: Failed to resolve 'api.tronstation.io' ([Errno -2] Name or service not known)"))
2025-07-17 20:57:35 - balance_service - ERROR - خطا در استفاده از API جایگزین 8: HTTPSConnectionPool(host='api.tronstation.io', port=443): Max retries exceeded with url: /v1/accounts/TCLX1HYnGShc3BjjZd97skpMxkwvhiFJyr/tokens (Caused by NameResolutionError("<urllib3.connection.HTTPSConnection object at 0x7f8870e6d6d0>: Failed to resolve 'api.tronstation.io' ([Errno -2] Name or service not known)"))
2025-07-17 21:20:09 - balance_service - WARNING - No native currency found for blockchain Bitcoin
2025-07-17 21:20:09 - balance_service - WARNING - No native currency found for blockchain Avalanche
2025-07-17 21:20:09 - balance_service - WARNING - No native currency found for blockchain Arbitrum
2025-07-17 21:20:09 - balance_service - WARNING - No native currency found for blockchain Polkadot
2025-07-17 21:20:10 - balance_service - WARNING - خطا در دریافت موجودی TRC20 با API اصلی: 404 - {"timestamp":"2025-07-17T21:20:10.362+00:00","status":404,"error":"Not Found","path":"/v1/accounts/TWjVTQAs23mc1KYE9Bqm5XhbbqJFSqP2k9/tokens"}
2025-07-17 21:20:10 - balance_service - WARNING - خطا در دریافت موجودی TRC20 با API اصلی: 404 - {"timestamp":"2025-07-17T21:20:10.590+00:00","status":404,"error":"Not Found","path":"/v1/accounts/TWjVTQAs23mc1KYE9Bqm5XhbbqJFSqP2k9/tokens"}
2025-07-17 21:20:10 - balance_service - ERROR - Error getting EVM token balance on Avalanche: when sending a str, it must be a hex string. Got: 'FvwEAhmxKfeiG8SnEvq42hc6whRyY3EFYAvebMqDNDGCgxN5Z'
Traceback (most recent call last):
  File "/www/wwwroot/coinceeper.com/CC/services/balance_service.py", line 157, in get_token_balance
    address=Web3.to_checksum_address(contract_address),
  File "/www/wwwroot/coinceeper.com/CC/venv/lib64/python3.9/site-packages/web3/main.py", line 268, in to_checksum_address
    return to_checksum_address(value)
  File "/www/wwwroot/coinceeper.com/CC/venv/lib64/python3.9/site-packages/eth_utils/address.py", line 129, in to_checksum_address
    norm_address = to_normalized_address(value)
  File "/www/wwwroot/coinceeper.com/CC/venv/lib64/python3.9/site-packages/eth_utils/address.py", line 73, in to_normalized_address
    hex_address = hexstr_if_str(to_hex, value).lower()
  File "/www/wwwroot/coinceeper.com/CC/venv/lib64/python3.9/site-packages/eth_utils/conversions.py", line 195, in hexstr_if_str
    raise ValueError(
ValueError: when sending a str, it must be a hex string. Got: 'FvwEAhmxKfeiG8SnEvq42hc6whRyY3EFYAvebMqDNDGCgxN5Z'
2025-07-17 21:20:11 - balance_service - WARNING - خطا در دریافت موجودی TRC20 با API اصلی: 404 - {"timestamp":"2025-07-17T21:20:11.089+00:00","status":404,"error":"Not Found","path":"/v1/accounts/TWjVTQAs23mc1KYE9Bqm5XhbbqJFSqP2k9/tokens"}
2025-07-17 21:20:11 - balance_service - ERROR - خطا در استفاده از API جایگزین 8: HTTPSConnectionPool(host='api.tronstation.io', port=443): Max retries exceeded with url: /v1/accounts/TWjVTQAs23mc1KYE9Bqm5XhbbqJFSqP2k9/tokens (Caused by NameResolutionError("<urllib3.connection.HTTPSConnection object at 0x7f8872278b50>: Failed to resolve 'api.tronstation.io' ([Errno -2] Name or service not known)"))
2025-07-17 21:20:12 - balance_service - ERROR - خطا در استفاده از API جایگزین 8: HTTPSConnectionPool(host='api.tronstation.io', port=443): Max retries exceeded with url: /v1/accounts/TWjVTQAs23mc1KYE9Bqm5XhbbqJFSqP2k9/tokens (Caused by NameResolutionError("<urllib3.connection.HTTPSConnection object at 0x7f887220cc70>: Failed to resolve 'api.tronstation.io' ([Errno -2] Name or service not known)"))
2025-07-17 21:20:12 - balance_service - ERROR - خطا در استفاده از API جایگزین 8: HTTPSConnectionPool(host='api.tronstation.io', port=443): Max retries exceeded with url: /v1/accounts/TWjVTQAs23mc1KYE9Bqm5XhbbqJFSqP2k9/tokens (Caused by NameResolutionError("<urllib3.connection.HTTPSConnection object at 0x7f88721e6430>: Failed to resolve 'api.tronstation.io' ([Errno -2] Name or service not known)"))
2025-07-17 21:37:37 - balance_service - ERROR - Error getting simple user balance: (mysql.connector.errors.OperationalError) MySQL Connection not available.
[SQL: SELECT users.`UserID` AS `users_UserID`, users.`ID` AS `users_ID`, users.`Email` AS `users_Email`, users.`CreatedAt` AS `users_CreatedAt`, users.`UpdatedAt` AS `users_UpdatedAt`, users.`Device` AS `users_Device`, users.`IP` AS `users_IP` 
FROM users 
WHERE users.`UserID` = %(UserID_1)s 
 LIMIT %(param_1)s]
[parameters: [{}]]
(Background on this error at: https://sqlalche.me/e/20/e3q8)
2025-07-17 21:37:38 - balance_service - ERROR - Error getting simple user balance: (mysql.connector.errors.DatabaseError) 2003 (HY000): Can't connect to MySQL server on 'localhost:3306' (111)
(Background on this error at: https://sqlalche.me/e/20/4xp6)
2025-07-17 21:37:38 - balance_service - ERROR - Error getting simple user balance: (mysql.connector.errors.DatabaseError) 2003 (HY000): Can't connect to MySQL server on 'localhost:3306' (111)
(Background on this error at: https://sqlalche.me/e/20/4xp6)
2025-07-17 21:43:17 - balance_service - WARNING - No native currency found for blockchain Bitcoin
2025-07-17 21:43:17 - balance_service - WARNING - No native currency found for blockchain Avalanche
2025-07-17 21:43:17 - balance_service - WARNING - No native currency found for blockchain Arbitrum
2025-07-17 21:43:17 - balance_service - WARNING - No native currency found for blockchain Polkadot
2025-07-17 21:43:18 - balance_service - WARNING - خطا در دریافت موجودی TRC20 با API اصلی: 404 - {"timestamp":"2025-07-17T21:43:18.325+00:00","status":404,"error":"Not Found","path":"/v1/accounts/TJY3qxGhz9BxeKjroEgwmuZA9aKKfZxYbu/tokens"}
2025-07-17 21:43:18 - balance_service - WARNING - خطا در دریافت موجودی TRC20 با API اصلی: 404 - {"timestamp":"2025-07-17T21:43:18.594+00:00","status":404,"error":"Not Found","path":"/v1/accounts/TJY3qxGhz9BxeKjroEgwmuZA9aKKfZxYbu/tokens"}
2025-07-17 21:43:19 - balance_service - WARNING - خطا در دریافت موجودی TRC20 با API اصلی: 404 - {"timestamp":"2025-07-17T21:43:18.994+00:00","status":404,"error":"Not Found","path":"/v1/accounts/TJY3qxGhz9BxeKjroEgwmuZA9aKKfZxYbu/tokens"}
2025-07-17 21:43:19 - balance_service - ERROR - Error getting EVM token balance on Avalanche: when sending a str, it must be a hex string. Got: 'FvwEAhmxKfeiG8SnEvq42hc6whRyY3EFYAvebMqDNDGCgxN5Z'
Traceback (most recent call last):
  File "/www/wwwroot/coinceeper.com/CC/services/balance_service.py", line 157, in get_token_balance
    address=Web3.to_checksum_address(contract_address),
  File "/www/wwwroot/coinceeper.com/CC/venv/lib64/python3.9/site-packages/web3/main.py", line 268, in to_checksum_address
    return to_checksum_address(value)
  File "/www/wwwroot/coinceeper.com/CC/venv/lib64/python3.9/site-packages/eth_utils/address.py", line 129, in to_checksum_address
    norm_address = to_normalized_address(value)
  File "/www/wwwroot/coinceeper.com/CC/venv/lib64/python3.9/site-packages/eth_utils/address.py", line 73, in to_normalized_address
    hex_address = hexstr_if_str(to_hex, value).lower()
  File "/www/wwwroot/coinceeper.com/CC/venv/lib64/python3.9/site-packages/eth_utils/conversions.py", line 195, in hexstr_if_str
    raise ValueError(
ValueError: when sending a str, it must be a hex string. Got: 'FvwEAhmxKfeiG8SnEvq42hc6whRyY3EFYAvebMqDNDGCgxN5Z'
2025-07-17 21:43:19 - balance_service - ERROR - خطا در استفاده از API جایگزین 8: HTTPSConnectionPool(host='api.tronstation.io', port=443): Max retries exceeded with url: /v1/accounts/TJY3qxGhz9BxeKjroEgwmuZA9aKKfZxYbu/tokens (Caused by NameResolutionError("<urllib3.connection.HTTPSConnection object at 0x7f887038d310>: Failed to resolve 'api.tronstation.io' ([Errno -2] Name or service not known)"))
2025-07-17 21:43:20 - balance_service - ERROR - خطا در استفاده از API جایگزین 8: HTTPSConnectionPool(host='api.tronstation.io', port=443): Max retries exceeded with url: /v1/accounts/TJY3qxGhz9BxeKjroEgwmuZA9aKKfZxYbu/tokens (Caused by NameResolutionError("<urllib3.connection.HTTPSConnection object at 0x7f8871e1e190>: Failed to resolve 'api.tronstation.io' ([Errno -2] Name or service not known)"))
2025-07-17 21:43:20 - balance_service - ERROR - خطا در استفاده از API جایگزین 8: HTTPSConnectionPool(host='api.tronstation.io', port=443): Max retries exceeded with url: /v1/accounts/TJY3qxGhz9BxeKjroEgwmuZA9aKKfZxYbu/tokens (Caused by NameResolutionError("<urllib3.connection.HTTPSConnection object at 0x7f8871e10760>: Failed to resolve 'api.tronstation.io' ([Errno -2] Name or service not known)"))
2025-07-17 22:28:18 - balance_service - WARNING - No native currency found for blockchain Bitcoin
2025-07-17 22:28:18 - balance_service - WARNING - No native currency found for blockchain Avalanche
2025-07-17 22:28:18 - balance_service - WARNING - No native currency found for blockchain Arbitrum
2025-07-17 22:28:18 - balance_service - WARNING - No native currency found for blockchain Polkadot
2025-07-17 22:28:18 - balance_service - WARNING - خطا در دریافت موجودی TRC20 با API اصلی: 404 - {"timestamp":"2025-07-17T22:28:18.573+00:00","status":404,"error":"Not Found","path":"/v1/accounts/TWxYj1EgkXikRh3SszVUQniB6NcLNKeRfy/tokens"}
2025-07-17 22:28:18 - balance_service - WARNING - خطا در دریافت موجودی TRC20 با API اصلی: 404 - {"timestamp":"2025-07-17T22:28:18.835+00:00","status":404,"error":"Not Found","path":"/v1/accounts/TWxYj1EgkXikRh3SszVUQniB6NcLNKeRfy/tokens"}
2025-07-17 22:28:19 - balance_service - ERROR - Error getting EVM token balance on Avalanche: when sending a str, it must be a hex string. Got: 'FvwEAhmxKfeiG8SnEvq42hc6whRyY3EFYAvebMqDNDGCgxN5Z'
Traceback (most recent call last):
  File "/www/wwwroot/coinceeper.com/CC/services/balance_service.py", line 157, in get_token_balance
    address=Web3.to_checksum_address(contract_address),
  File "/www/wwwroot/coinceeper.com/CC/venv/lib64/python3.9/site-packages/web3/main.py", line 268, in to_checksum_address
    return to_checksum_address(value)
  File "/www/wwwroot/coinceeper.com/CC/venv/lib64/python3.9/site-packages/eth_utils/address.py", line 129, in to_checksum_address
    norm_address = to_normalized_address(value)
  File "/www/wwwroot/coinceeper.com/CC/venv/lib64/python3.9/site-packages/eth_utils/address.py", line 73, in to_normalized_address
    hex_address = hexstr_if_str(to_hex, value).lower()
  File "/www/wwwroot/coinceeper.com/CC/venv/lib64/python3.9/site-packages/eth_utils/conversions.py", line 195, in hexstr_if_str
    raise ValueError(
ValueError: when sending a str, it must be a hex string. Got: 'FvwEAhmxKfeiG8SnEvq42hc6whRyY3EFYAvebMqDNDGCgxN5Z'
2025-07-17 22:28:19 - balance_service - WARNING - خطا در دریافت موجودی TRC20 با API اصلی: 404 - {"timestamp":"2025-07-17T22:28:19.474+00:00","status":404,"error":"Not Found","path":"/v1/accounts/TWxYj1EgkXikRh3SszVUQniB6NcLNKeRfy/tokens"}
2025-07-17 22:28:20 - balance_service - ERROR - خطا در استفاده از API جایگزین 8: HTTPSConnectionPool(host='api.tronstation.io', port=443): Max retries exceeded with url: /v1/accounts/TWxYj1EgkXikRh3SszVUQniB6NcLNKeRfy/tokens (Caused by NameResolutionError("<urllib3.connection.HTTPSConnection object at 0x7f8871e1e5e0>: Failed to resolve 'api.tronstation.io' ([Errno -2] Name or service not known)"))
2025-07-17 22:28:20 - balance_service - ERROR - خطا در استفاده از API جایگزین 8: HTTPSConnectionPool(host='api.tronstation.io', port=443): Max retries exceeded with url: /v1/accounts/TWxYj1EgkXikRh3SszVUQniB6NcLNKeRfy/tokens (Caused by NameResolutionError("<urllib3.connection.HTTPSConnection object at 0x7f887104fe50>: Failed to resolve 'api.tronstation.io' ([Errno -2] Name or service not known)"))
2025-07-17 22:28:21 - balance_service - ERROR - خطا در استفاده از API جایگزین 8: HTTPSConnectionPool(host='api.tronstation.io', port=443): Max retries exceeded with url: /v1/accounts/TWxYj1EgkXikRh3SszVUQniB6NcLNKeRfy/tokens (Caused by NameResolutionError("<urllib3.connection.HTTPSConnection object at 0x7f88703a5250>: Failed to resolve 'api.tronstation.io' ([Errno -2] Name or service not known)"))
2025-07-17 22:28:55 - balance_service - WARNING - No native currency found for blockchain Bitcoin
2025-07-17 22:28:55 - balance_service - WARNING - No native currency found for blockchain Avalanche
2025-07-17 22:28:55 - balance_service - WARNING - No native currency found for blockchain Arbitrum
2025-07-17 22:28:55 - balance_service - WARNING - No native currency found for blockchain Polkadot
2025-07-17 22:28:56 - balance_service - WARNING - خطا در دریافت موجودی TRC20 با API اصلی: 404 - {"timestamp":"2025-07-17T22:28:56.305+00:00","status":404,"error":"Not Found","path":"/v1/accounts/TWxYj1EgkXikRh3SszVUQniB6NcLNKeRfy/tokens"}
2025-07-17 22:28:56 - balance_service - WARNING - خطا در دریافت موجودی TRC20 با API اصلی: 404 - {"timestamp":"2025-07-17T22:28:56.492+00:00","status":404,"error":"Not Found","path":"/v1/accounts/TWxYj1EgkXikRh3SszVUQniB6NcLNKeRfy/tokens"}
2025-07-17 22:28:57 - balance_service - ERROR - Error getting EVM token balance on Avalanche: when sending a str, it must be a hex string. Got: 'FvwEAhmxKfeiG8SnEvq42hc6whRyY3EFYAvebMqDNDGCgxN5Z'
Traceback (most recent call last):
  File "/www/wwwroot/coinceeper.com/CC/services/balance_service.py", line 157, in get_token_balance
    address=Web3.to_checksum_address(contract_address),
  File "/www/wwwroot/coinceeper.com/CC/venv/lib64/python3.9/site-packages/web3/main.py", line 268, in to_checksum_address
    return to_checksum_address(value)
  File "/www/wwwroot/coinceeper.com/CC/venv/lib64/python3.9/site-packages/eth_utils/address.py", line 129, in to_checksum_address
    norm_address = to_normalized_address(value)
  File "/www/wwwroot/coinceeper.com/CC/venv/lib64/python3.9/site-packages/eth_utils/address.py", line 73, in to_normalized_address
    hex_address = hexstr_if_str(to_hex, value).lower()
  File "/www/wwwroot/coinceeper.com/CC/venv/lib64/python3.9/site-packages/eth_utils/conversions.py", line 195, in hexstr_if_str
    raise ValueError(
ValueError: when sending a str, it must be a hex string. Got: 'FvwEAhmxKfeiG8SnEvq42hc6whRyY3EFYAvebMqDNDGCgxN5Z'
2025-07-17 22:28:57 - balance_service - WARNING - خطا در دریافت موجودی TRC20 با API اصلی: 404 - {"timestamp":"2025-07-17T22:28:57.121+00:00","status":404,"error":"Not Found","path":"/v1/accounts/TWxYj1EgkXikRh3SszVUQniB6NcLNKeRfy/tokens"}
2025-07-17 22:28:57 - balance_service - ERROR - خطا در استفاده از API جایگزین 8: HTTPSConnectionPool(host='api.tronstation.io', port=443): Max retries exceeded with url: /v1/accounts/TWxYj1EgkXikRh3SszVUQniB6NcLNKeRfy/tokens (Caused by NameResolutionError("<urllib3.connection.HTTPSConnection object at 0x7f8872339910>: Failed to resolve 'api.tronstation.io' ([Errno -2] Name or service not known)"))
2025-07-17 22:28:58 - balance_service - ERROR - خطا در استفاده از API جایگزین 8: HTTPSConnectionPool(host='api.tronstation.io', port=443): Max retries exceeded with url: /v1/accounts/TWxYj1EgkXikRh3SszVUQniB6NcLNKeRfy/tokens (Caused by NameResolutionError("<urllib3.connection.HTTPSConnection object at 0x7f88721e67c0>: Failed to resolve 'api.tronstation.io' ([Errno -2] Name or service not known)"))
2025-07-17 22:28:58 - balance_service - ERROR - خطا در استفاده از API جایگزین 8: HTTPSConnectionPool(host='api.tronstation.io', port=443): Max retries exceeded with url: /v1/accounts/TWxYj1EgkXikRh3SszVUQniB6NcLNKeRfy/tokens (Caused by NameResolutionError("<urllib3.connection.HTTPSConnection object at 0x7f887208f670>: Failed to resolve 'api.tronstation.io' ([Errno -2] Name or service not known)"))
2025-07-17 22:36:40 - balance_service - WARNING - No native currency found for blockchain Bitcoin
2025-07-17 22:36:40 - balance_service - WARNING - No native currency found for blockchain Avalanche
2025-07-17 22:36:40 - balance_service - WARNING - No native currency found for blockchain Arbitrum
2025-07-17 22:36:40 - balance_service - WARNING - No native currency found for blockchain Polkadot
2025-07-17 22:36:41 - balance_service - WARNING - خطا در دریافت موجودی TRC20 با API اصلی: 404 - {"timestamp":"2025-07-17T22:36:41.075+00:00","status":404,"error":"Not Found","path":"/v1/accounts/TWxYj1EgkXikRh3SszVUQniB6NcLNKeRfy/tokens"}
2025-07-17 22:36:41 - balance_service - WARNING - خطا در دریافت موجودی TRC20 با API اصلی: 404 - {"timestamp":"2025-07-17T22:36:41.319+00:00","status":404,"error":"Not Found","path":"/v1/accounts/TWxYj1EgkXikRh3SszVUQniB6NcLNKeRfy/tokens"}
2025-07-17 22:36:41 - balance_service - ERROR - Error getting EVM token balance on Avalanche: when sending a str, it must be a hex string. Got: 'FvwEAhmxKfeiG8SnEvq42hc6whRyY3EFYAvebMqDNDGCgxN5Z'
Traceback (most recent call last):
  File "/www/wwwroot/coinceeper.com/CC/services/balance_service.py", line 157, in get_token_balance
    address=Web3.to_checksum_address(contract_address),
  File "/www/wwwroot/coinceeper.com/CC/venv/lib64/python3.9/site-packages/web3/main.py", line 268, in to_checksum_address
    return to_checksum_address(value)
  File "/www/wwwroot/coinceeper.com/CC/venv/lib64/python3.9/site-packages/eth_utils/address.py", line 129, in to_checksum_address
    norm_address = to_normalized_address(value)
  File "/www/wwwroot/coinceeper.com/CC/venv/lib64/python3.9/site-packages/eth_utils/address.py", line 73, in to_normalized_address
    hex_address = hexstr_if_str(to_hex, value).lower()
  File "/www/wwwroot/coinceeper.com/CC/venv/lib64/python3.9/site-packages/eth_utils/conversions.py", line 195, in hexstr_if_str
    raise ValueError(
ValueError: when sending a str, it must be a hex string. Got: 'FvwEAhmxKfeiG8SnEvq42hc6whRyY3EFYAvebMqDNDGCgxN5Z'
2025-07-17 22:36:41 - balance_service - WARNING - خطا در دریافت موجودی TRC20 با API اصلی: 404 - {"timestamp":"2025-07-17T22:36:41.951+00:00","status":404,"error":"Not Found","path":"/v1/accounts/TWxYj1EgkXikRh3SszVUQniB6NcLNKeRfy/tokens"}
2025-07-17 22:36:42 - balance_service - ERROR - خطا در استفاده از API جایگزین 8: HTTPSConnectionPool(host='api.tronstation.io', port=443): Max retries exceeded with url: /v1/accounts/TWxYj1EgkXikRh3SszVUQniB6NcLNKeRfy/tokens (Caused by NameResolutionError("<urllib3.connection.HTTPSConnection object at 0x7f88720db1f0>: Failed to resolve 'api.tronstation.io' ([Errno -2] Name or service not known)"))
2025-07-17 22:36:43 - balance_service - ERROR - خطا در استفاده از API جایگزین 8: HTTPSConnectionPool(host='api.tronstation.io', port=443): Max retries exceeded with url: /v1/accounts/TWxYj1EgkXikRh3SszVUQniB6NcLNKeRfy/tokens (Caused by NameResolutionError("<urllib3.connection.HTTPSConnection object at 0x7f88720c90d0>: Failed to resolve 'api.tronstation.io' ([Errno -2] Name or service not known)"))
2025-07-17 22:36:43 - balance_service - ERROR - خطا در استفاده از API جایگزین 8: HTTPSConnectionPool(host='api.tronstation.io', port=443): Max retries exceeded with url: /v1/accounts/TWxYj1EgkXikRh3SszVUQniB6NcLNKeRfy/tokens (Caused by NameResolutionError("<urllib3.connection.HTTPSConnection object at 0x7f88720e7eb0>: Failed to resolve 'api.tronstation.io' ([Errno -2] Name or service not known)"))
2025-07-17 22:36:44 - balance_service - WARNING - No native currency found for blockchain Bitcoin
2025-07-17 22:36:44 - balance_service - WARNING - No native currency found for blockchain Avalanche
2025-07-17 22:36:44 - balance_service - WARNING - No native currency found for blockchain Arbitrum
2025-07-17 22:36:44 - balance_service - WARNING - No native currency found for blockchain Polkadot
2025-07-17 22:36:45 - balance_service - WARNING - خطا در دریافت موجودی TRC20 با API اصلی: 404 - {"timestamp":"2025-07-17T22:36:44.964+00:00","status":404,"error":"Not Found","path":"/v1/accounts/TWxYj1EgkXikRh3SszVUQniB6NcLNKeRfy/tokens"}
2025-07-17 22:36:45 - balance_service - WARNING - No native currency found for blockchain Bitcoin
2025-07-17 22:36:45 - balance_service - WARNING - No native currency found for blockchain Avalanche
2025-07-17 22:36:45 - balance_service - WARNING - No native currency found for blockchain Arbitrum
2025-07-17 22:36:45 - balance_service - WARNING - No native currency found for blockchain Polkadot
2025-07-17 22:36:45 - balance_service - WARNING - خطا در دریافت موجودی TRC20 با API اصلی: 404 - {"timestamp":"2025-07-17T22:36:45.175+00:00","status":404,"error":"Not Found","path":"/v1/accounts/TWxYj1EgkXikRh3SszVUQniB6NcLNKeRfy/tokens"}
2025-07-17 22:36:45 - balance_service - WARNING - خطا در دریافت موجودی TRC20 با API اصلی: 404 - {"timestamp":"2025-07-17T22:36:45.691+00:00","status":404,"error":"Not Found","path":"/v1/accounts/TWxYj1EgkXikRh3SszVUQniB6NcLNKeRfy/tokens"}
2025-07-17 22:36:45 - balance_service - WARNING - خطا در دریافت موجودی TRC20 با API اصلی: 404 - {"timestamp":"2025-07-17T22:36:45.855+00:00","status":404,"error":"Not Found","path":"/v1/accounts/TWxYj1EgkXikRh3SszVUQniB6NcLNKeRfy/tokens"}
2025-07-17 22:36:45 - balance_service - WARNING - خطا در دریافت موجودی TRC20 با API اصلی: 404 - {"timestamp":"2025-07-17T22:36:45.878+00:00","status":404,"error":"Not Found","path":"/v1/accounts/TWxYj1EgkXikRh3SszVUQniB6NcLNKeRfy/tokens"}
2025-07-17 22:36:46 - balance_service - ERROR - Error getting EVM token balance on Avalanche: when sending a str, it must be a hex string. Got: 'FvwEAhmxKfeiG8SnEvq42hc6whRyY3EFYAvebMqDNDGCgxN5Z'
Traceback (most recent call last):
  File "/www/wwwroot/coinceeper.com/CC/services/balance_service.py", line 157, in get_token_balance
    address=Web3.to_checksum_address(contract_address),
  File "/www/wwwroot/coinceeper.com/CC/venv/lib64/python3.9/site-packages/web3/main.py", line 268, in to_checksum_address
    return to_checksum_address(value)
  File "/www/wwwroot/coinceeper.com/CC/venv/lib64/python3.9/site-packages/eth_utils/address.py", line 129, in to_checksum_address
    norm_address = to_normalized_address(value)
  File "/www/wwwroot/coinceeper.com/CC/venv/lib64/python3.9/site-packages/eth_utils/address.py", line 73, in to_normalized_address
    hex_address = hexstr_if_str(to_hex, value).lower()
  File "/www/wwwroot/coinceeper.com/CC/venv/lib64/python3.9/site-packages/eth_utils/conversions.py", line 195, in hexstr_if_str
    raise ValueError(
ValueError: when sending a str, it must be a hex string. Got: 'FvwEAhmxKfeiG8SnEvq42hc6whRyY3EFYAvebMqDNDGCgxN5Z'
2025-07-17 22:36:46 - balance_service - ERROR - خطا در استفاده از API جایگزین 8: HTTPSConnectionPool(host='api.tronstation.io', port=443): Max retries exceeded with url: /v1/accounts/TWxYj1EgkXikRh3SszVUQniB6NcLNKeRfy/tokens (Caused by NameResolutionError("<urllib3.connection.HTTPSConnection object at 0x7f88722fb550>: Failed to resolve 'api.tronstation.io' ([Errno -2] Name or service not known)"))
2025-07-17 22:36:46 - balance_service - WARNING - خطا در دریافت موجودی TRC20 با API اصلی: 404 - {"timestamp":"2025-07-17T22:36:46.778+00:00","status":404,"error":"Not Found","path":"/v1/accounts/TWxYj1EgkXikRh3SszVUQniB6NcLNKeRfy/tokens"}
2025-07-17 22:36:46 - balance_service - ERROR - خطا در استفاده از API جایگزین 8: HTTPSConnectionPool(host='api.tronstation.io', port=443): Max retries exceeded with url: /v1/accounts/TWxYj1EgkXikRh3SszVUQniB6NcLNKeRfy/tokens (Caused by NameResolutionError("<urllib3.connection.HTTPSConnection object at 0x7f8872165e20>: Failed to resolve 'api.tronstation.io' ([Errno -2] Name or service not known)"))
2025-07-17 22:36:47 - balance_service - ERROR - خطا در استفاده از API جایگزین 8: HTTPSConnectionPool(host='api.tronstation.io', port=443): Max retries exceeded with url: /v1/accounts/TWxYj1EgkXikRh3SszVUQniB6NcLNKeRfy/tokens (Caused by NameResolutionError("<urllib3.connection.HTTPSConnection object at 0x7f88722989a0>: Failed to resolve 'api.tronstation.io' ([Errno -2] Name or service not known)"))
2025-07-17 22:36:47 - balance_service - ERROR - Error getting EVM token balance on Avalanche: when sending a str, it must be a hex string. Got: 'FvwEAhmxKfeiG8SnEvq42hc6whRyY3EFYAvebMqDNDGCgxN5Z'
Traceback (most recent call last):
  File "/www/wwwroot/coinceeper.com/CC/services/balance_service.py", line 157, in get_token_balance
    address=Web3.to_checksum_address(contract_address),
  File "/www/wwwroot/coinceeper.com/CC/venv/lib64/python3.9/site-packages/web3/main.py", line 268, in to_checksum_address
    return to_checksum_address(value)
  File "/www/wwwroot/coinceeper.com/CC/venv/lib64/python3.9/site-packages/eth_utils/address.py", line 129, in to_checksum_address
    norm_address = to_normalized_address(value)
  File "/www/wwwroot/coinceeper.com/CC/venv/lib64/python3.9/site-packages/eth_utils/address.py", line 73, in to_normalized_address
    hex_address = hexstr_if_str(to_hex, value).lower()
  File "/www/wwwroot/coinceeper.com/CC/venv/lib64/python3.9/site-packages/eth_utils/conversions.py", line 195, in hexstr_if_str
    raise ValueError(
ValueError: when sending a str, it must be a hex string. Got: 'FvwEAhmxKfeiG8SnEvq42hc6whRyY3EFYAvebMqDNDGCgxN5Z'
2025-07-17 22:36:47 - balance_service - ERROR - خطا در استفاده از API جایگزین 8: HTTPSConnectionPool(host='api.tronstation.io', port=443): Max retries exceeded with url: /v1/accounts/TWxYj1EgkXikRh3SszVUQniB6NcLNKeRfy/tokens (Caused by NameResolutionError("<urllib3.connection.HTTPSConnection object at 0x7f887216f280>: Failed to resolve 'api.tronstation.io' ([Errno -2] Name or service not known)"))
2025-07-17 22:36:47 - balance_service - ERROR - خطا در استفاده از API جایگزین 8: HTTPSConnectionPool(host='api.tronstation.io', port=443): Max retries exceeded with url: /v1/accounts/TWxYj1EgkXikRh3SszVUQniB6NcLNKeRfy/tokens (Caused by NameResolutionError("<urllib3.connection.HTTPSConnection object at 0x7f88723354c0>: Failed to resolve 'api.tronstation.io' ([Errno -2] Name or service not known)"))
2025-07-17 22:36:48 - balance_service - ERROR - خطا در استفاده از API جایگزین 8: HTTPSConnectionPool(host='api.tronstation.io', port=443): Max retries exceeded with url: /v1/accounts/TWxYj1EgkXikRh3SszVUQniB6NcLNKeRfy/tokens (Caused by NameResolutionError("<urllib3.connection.HTTPSConnection object at 0x7f8872279f70>: Failed to resolve 'api.tronstation.io' ([Errno -2] Name or service not known)"))
2025-07-17 22:36:49 - balance_service - WARNING - No native currency found for blockchain Bitcoin
2025-07-17 22:36:49 - balance_service - WARNING - No native currency found for blockchain Avalanche
2025-07-17 22:36:49 - balance_service - WARNING - No native currency found for blockchain Arbitrum
2025-07-17 22:36:49 - balance_service - WARNING - No native currency found for blockchain Polkadot
2025-07-17 22:36:50 - balance_service - WARNING - Error getting token decimals, using default 18: 429 Client Error: Too Many Requests for url: https://mainnet.infura.io/v3/a8ab43a04ce044de988a838d92f478a7
2025-07-17 22:36:50 - balance_service - WARNING - خطا در دریافت موجودی TRC20 با API اصلی: 404 - {"timestamp":"2025-07-17T22:36:50.399+00:00","status":404,"error":"Not Found","path":"/v1/accounts/TWxYj1EgkXikRh3SszVUQniB6NcLNKeRfy/tokens"}
2025-07-17 22:36:50 - balance_service - WARNING - خطا در دریافت موجودی TRC20 با API اصلی: 404 - {"timestamp":"2025-07-17T22:36:50.577+00:00","status":404,"error":"Not Found","path":"/v1/accounts/TWxYj1EgkXikRh3SszVUQniB6NcLNKeRfy/tokens"}
2025-07-17 22:36:51 - balance_service - WARNING - خطا در دریافت موجودی TRC20 با API اصلی: 404 - {"timestamp":"2025-07-17T22:36:51.268+00:00","status":404,"error":"Not Found","path":"/v1/accounts/TWxYj1EgkXikRh3SszVUQniB6NcLNKeRfy/tokens"}
2025-07-17 22:36:51 - balance_service - ERROR - Error getting EVM token balance on Avalanche: when sending a str, it must be a hex string. Got: 'FvwEAhmxKfeiG8SnEvq42hc6whRyY3EFYAvebMqDNDGCgxN5Z'
Traceback (most recent call last):
  File "/www/wwwroot/coinceeper.com/CC/services/balance_service.py", line 157, in get_token_balance
    address=Web3.to_checksum_address(contract_address),
  File "/www/wwwroot/coinceeper.com/CC/venv/lib64/python3.9/site-packages/web3/main.py", line 268, in to_checksum_address
    return to_checksum_address(value)
  File "/www/wwwroot/coinceeper.com/CC/venv/lib64/python3.9/site-packages/eth_utils/address.py", line 129, in to_checksum_address
    norm_address = to_normalized_address(value)
  File "/www/wwwroot/coinceeper.com/CC/venv/lib64/python3.9/site-packages/eth_utils/address.py", line 73, in to_normalized_address
    hex_address = hexstr_if_str(to_hex, value).lower()
  File "/www/wwwroot/coinceeper.com/CC/venv/lib64/python3.9/site-packages/eth_utils/conversions.py", line 195, in hexstr_if_str
    raise ValueError(
ValueError: when sending a str, it must be a hex string. Got: 'FvwEAhmxKfeiG8SnEvq42hc6whRyY3EFYAvebMqDNDGCgxN5Z'
2025-07-17 22:36:51 - balance_service - ERROR - خطا در استفاده از API جایگزین 8: HTTPSConnectionPool(host='api.tronstation.io', port=443): Max retries exceeded with url: /v1/accounts/TWxYj1EgkXikRh3SszVUQniB6NcLNKeRfy/tokens (Caused by NameResolutionError("<urllib3.connection.HTTPSConnection object at 0x7f8871abaa00>: Failed to resolve 'api.tronstation.io' ([Errno -2] Name or service not known)"))
2025-07-17 22:36:52 - balance_service - ERROR - خطا در استفاده از API جایگزین 8: HTTPSConnectionPool(host='api.tronstation.io', port=443): Max retries exceeded with url: /v1/accounts/TWxYj1EgkXikRh3SszVUQniB6NcLNKeRfy/tokens (Caused by NameResolutionError("<urllib3.connection.HTTPSConnection object at 0x7f88727705e0>: Failed to resolve 'api.tronstation.io' ([Errno -2] Name or service not known)"))
2025-07-17 22:36:52 - balance_service - ERROR - خطا در استفاده از API جایگزین 8: HTTPSConnectionPool(host='api.tronstation.io', port=443): Max retries exceeded with url: /v1/accounts/TWxYj1EgkXikRh3SszVUQniB6NcLNKeRfy/tokens (Caused by NameResolutionError("<urllib3.connection.HTTPSConnection object at 0x7f8870718fa0>: Failed to resolve 'api.tronstation.io' ([Errno -2] Name or service not known)"))
2025-07-17 22:36:53 - balance_service - WARNING - No native currency found for blockchain Bitcoin
2025-07-17 22:36:53 - balance_service - WARNING - No native currency found for blockchain Avalanche
2025-07-17 22:36:53 - balance_service - WARNING - No native currency found for blockchain Arbitrum
2025-07-17 22:36:53 - balance_service - WARNING - No native currency found for blockchain Polkadot
2025-07-17 22:36:53 - balance_service - WARNING - خطا در دریافت موجودی TRC20 با API اصلی: 404 - {"timestamp":"2025-07-17T22:36:53.840+00:00","status":404,"error":"Not Found","path":"/v1/accounts/TWxYj1EgkXikRh3SszVUQniB6NcLNKeRfy/tokens"}
2025-07-17 22:36:54 - balance_service - WARNING - خطا در دریافت موجودی TRC20 با API اصلی: 404 - {"timestamp":"2025-07-17T22:36:54.040+00:00","status":404,"error":"Not Found","path":"/v1/accounts/TWxYj1EgkXikRh3SszVUQniB6NcLNKeRfy/tokens"}
2025-07-17 22:36:54 - balance_service - WARNING - خطا در دریافت موجودی TRC20 با API اصلی: 404 - {"timestamp":"2025-07-17T22:36:54.927+00:00","status":404,"error":"Not Found","path":"/v1/accounts/TWxYj1EgkXikRh3SszVUQniB6NcLNKeRfy/tokens"}
2025-07-17 22:36:55 - balance_service - ERROR - خطا در استفاده از API جایگزین 8: HTTPSConnectionPool(host='api.tronstation.io', port=443): Max retries exceeded with url: /v1/accounts/TWxYj1EgkXikRh3SszVUQniB6NcLNKeRfy/tokens (Caused by NameResolutionError("<urllib3.connection.HTTPSConnection object at 0x7f8872239700>: Failed to resolve 'api.tronstation.io' ([Errno -2] Name or service not known)"))
2025-07-17 22:36:55 - balance_service - ERROR - Error getting EVM token balance on Avalanche: when sending a str, it must be a hex string. Got: 'FvwEAhmxKfeiG8SnEvq42hc6whRyY3EFYAvebMqDNDGCgxN5Z'
Traceback (most recent call last):
  File "/www/wwwroot/coinceeper.com/CC/services/balance_service.py", line 157, in get_token_balance
    address=Web3.to_checksum_address(contract_address),
  File "/www/wwwroot/coinceeper.com/CC/venv/lib64/python3.9/site-packages/web3/main.py", line 268, in to_checksum_address
    return to_checksum_address(value)
  File "/www/wwwroot/coinceeper.com/CC/venv/lib64/python3.9/site-packages/eth_utils/address.py", line 129, in to_checksum_address
    norm_address = to_normalized_address(value)
  File "/www/wwwroot/coinceeper.com/CC/venv/lib64/python3.9/site-packages/eth_utils/address.py", line 73, in to_normalized_address
    hex_address = hexstr_if_str(to_hex, value).lower()
  File "/www/wwwroot/coinceeper.com/CC/venv/lib64/python3.9/site-packages/eth_utils/conversions.py", line 195, in hexstr_if_str
    raise ValueError(
ValueError: when sending a str, it must be a hex string. Got: 'FvwEAhmxKfeiG8SnEvq42hc6whRyY3EFYAvebMqDNDGCgxN5Z'
2025-07-17 22:36:55 - balance_service - ERROR - خطا در استفاده از API جایگزین 8: HTTPSConnectionPool(host='api.tronstation.io', port=443): Max retries exceeded with url: /v1/accounts/TWxYj1EgkXikRh3SszVUQniB6NcLNKeRfy/tokens (Caused by NameResolutionError("<urllib3.connection.HTTPSConnection object at 0x7f88721f8760>: Failed to resolve 'api.tronstation.io' ([Errno -2] Name or service not known)"))
2025-07-17 22:36:56 - balance_service - WARNING - Error getting token decimals, using default 18: 429 Client Error: Too Many Requests for url: https://mainnet.infura.io/v3/a8ab43a04ce044de988a838d92f478a7
2025-07-17 22:36:56 - balance_service - ERROR - Error getting EVM token balance on Ethereum: 429 Client Error: Too Many Requests for url: https://mainnet.infura.io/v3/a8ab43a04ce044de988a838d92f478a7
Traceback (most recent call last):
  File "/www/wwwroot/coinceeper.com/CC/services/balance_service.py", line 163, in get_token_balance
    balance = token_contract.functions.balanceOf(
  File "/www/wwwroot/coinceeper.com/CC/venv/lib64/python3.9/site-packages/web3/contract/contract.py", line 291, in call
    return call_contract_function(
  File "/www/wwwroot/coinceeper.com/CC/venv/lib64/python3.9/site-packages/web3/contract/utils.py", line 154, in call_contract_function
    return_data = w3.eth.call(
  File "/www/wwwroot/coinceeper.com/CC/venv/lib64/python3.9/site-packages/web3/eth/eth.py", line 247, in call
    return self._durin_call(transaction, block_identifier, state_override)
  File "/www/wwwroot/coinceeper.com/CC/venv/lib64/python3.9/site-packages/web3/eth/eth.py", line 266, in _durin_call
    return self._call(transaction, block_identifier, state_override)
  File "/www/wwwroot/coinceeper.com/CC/venv/lib64/python3.9/site-packages/web3/module.py", line 112, in caller
    result = w3.manager.request_blocking(
  File "/www/wwwroot/coinceeper.com/CC/venv/lib64/python3.9/site-packages/web3/manager.py", line 231, in request_blocking
    response = self._make_request(method, params)
  File "/www/wwwroot/coinceeper.com/CC/venv/lib64/python3.9/site-packages/web3/manager.py", line 163, in _make_request
    return request_func(method, params)
  File "/www/wwwroot/coinceeper.com/CC/venv/lib64/python3.9/site-packages/web3/middleware/base.py", line 56, in middleware
    return self.response_processor(method, make_request(method, params))
  File "/www/wwwroot/coinceeper.com/CC/venv/lib64/python3.9/site-packages/web3/middleware/base.py", line 56, in middleware
    return self.response_processor(method, make_request(method, params))
  File "/www/wwwroot/coinceeper.com/CC/venv/lib64/python3.9/site-packages/web3/middleware/base.py", line 56, in middleware
    return self.response_processor(method, make_request(method, params))
  [Previous line repeated 1 more time]
  File "/www/wwwroot/coinceeper.com/CC/venv/lib64/python3.9/site-packages/web3/middleware/formatting.py", line 164, in response_processor
    self.sync_formatters_builder(cast("Web3", self._w3), method),
  File "/www/wwwroot/coinceeper.com/CC/venv/lib64/python3.9/site-packages/web3/middleware/validation.py", line 141, in build_method_validators
    w3_chain_id = w3.eth.chain_id
  File "/www/wwwroot/coinceeper.com/CC/venv/lib64/python3.9/site-packages/web3/eth/eth.py", line 156, in chain_id
    return self._chain_id()
  File "/www/wwwroot/coinceeper.com/CC/venv/lib64/python3.9/site-packages/web3/module.py", line 112, in caller
    result = w3.manager.request_blocking(
  File "/www/wwwroot/coinceeper.com/CC/venv/lib64/python3.9/site-packages/web3/manager.py", line 231, in request_blocking
    response = self._make_request(method, params)
  File "/www/wwwroot/coinceeper.com/CC/venv/lib64/python3.9/site-packages/web3/manager.py", line 163, in _make_request
    return request_func(method, params)
  File "/www/wwwroot/coinceeper.com/CC/venv/lib64/python3.9/site-packages/web3/middleware/base.py", line 56, in middleware
    return self.response_processor(method, make_request(method, params))
  File "/www/wwwroot/coinceeper.com/CC/venv/lib64/python3.9/site-packages/web3/middleware/base.py", line 56, in middleware
    return self.response_processor(method, make_request(method, params))
  File "/www/wwwroot/coinceeper.com/CC/venv/lib64/python3.9/site-packages/web3/middleware/base.py", line 56, in middleware
    return self.response_processor(method, make_request(method, params))
  [Previous line repeated 2 more times]
  File "/www/wwwroot/coinceeper.com/CC/venv/lib64/python3.9/site-packages/web3/_utils/caching/caching_utils.py", line 261, in wrapper
    return func(provider, method, params)
  File "/www/wwwroot/coinceeper.com/CC/venv/lib64/python3.9/site-packages/web3/providers/rpc/rpc.py", line 170, in make_request
    raw_response = self._make_request(method, request_data)
  File "/www/wwwroot/coinceeper.com/CC/venv/lib64/python3.9/site-packages/web3/providers/rpc/rpc.py", line 157, in _make_request
    raise e
  File "/www/wwwroot/coinceeper.com/CC/venv/lib64/python3.9/site-packages/web3/providers/rpc/rpc.py", line 147, in _make_request
    return self._request_session_manager.make_post_request(
  File "/www/wwwroot/coinceeper.com/CC/venv/lib64/python3.9/site-packages/web3/_utils/http_session_manager.py", line 148, in make_post_request
    response.raise_for_status()
  File "/www/wwwroot/coinceeper.com/CC/venv/lib64/python3.9/site-packages/requests/models.py", line 1024, in raise_for_status
    raise HTTPError(http_error_msg, response=self)
requests.exceptions.HTTPError: 429 Client Error: Too Many Requests for url: https://mainnet.infura.io/v3/a8ab43a04ce044de988a838d92f478a7
2025-07-17 22:36:56 - balance_service - ERROR - خطا در استفاده از API جایگزین 8: HTTPSConnectionPool(host='api.tronstation.io', port=443): Max retries exceeded with url: /v1/accounts/TWxYj1EgkXikRh3SszVUQniB6NcLNKeRfy/tokens (Caused by NameResolutionError("<urllib3.connection.HTTPSConnection object at 0x7f88721bffa0>: Failed to resolve 'api.tronstation.io' ([Errno -2] Name or service not known)"))
2025-07-17 22:42:00 - balance_service - WARNING - No native currency found for blockchain Bitcoin
2025-07-17 22:42:00 - balance_service - WARNING - No native currency found for blockchain Avalanche
2025-07-17 22:42:00 - balance_service - WARNING - No native currency found for blockchain Arbitrum
2025-07-17 22:42:00 - balance_service - WARNING - No native currency found for blockchain Polkadot
2025-07-17 22:42:01 - balance_service - WARNING - خطا در دریافت موجودی TRC20 با API اصلی: 404 - {"timestamp":"2025-07-17T22:42:01.503+00:00","status":404,"error":"Not Found","path":"/v1/accounts/TWxYj1EgkXikRh3SszVUQniB6NcLNKeRfy/tokens"}
2025-07-17 22:42:01 - balance_service - WARNING - خطا در دریافت موجودی TRC20 با API اصلی: 404 - {"timestamp":"2025-07-17T22:42:01.851+00:00","status":404,"error":"Not Found","path":"/v1/accounts/TWxYj1EgkXikRh3SszVUQniB6NcLNKeRfy/tokens"}
2025-07-17 22:42:02 - balance_service - ERROR - Error getting EVM token balance on Avalanche: when sending a str, it must be a hex string. Got: 'FvwEAhmxKfeiG8SnEvq42hc6whRyY3EFYAvebMqDNDGCgxN5Z'
Traceback (most recent call last):
  File "/www/wwwroot/coinceeper.com/CC/services/balance_service.py", line 157, in get_token_balance
    address=Web3.to_checksum_address(contract_address),
  File "/www/wwwroot/coinceeper.com/CC/venv/lib64/python3.9/site-packages/web3/main.py", line 268, in to_checksum_address
    return to_checksum_address(value)
  File "/www/wwwroot/coinceeper.com/CC/venv/lib64/python3.9/site-packages/eth_utils/address.py", line 129, in to_checksum_address
    norm_address = to_normalized_address(value)
  File "/www/wwwroot/coinceeper.com/CC/venv/lib64/python3.9/site-packages/eth_utils/address.py", line 73, in to_normalized_address
    hex_address = hexstr_if_str(to_hex, value).lower()
  File "/www/wwwroot/coinceeper.com/CC/venv/lib64/python3.9/site-packages/eth_utils/conversions.py", line 195, in hexstr_if_str
    raise ValueError(
ValueError: when sending a str, it must be a hex string. Got: 'FvwEAhmxKfeiG8SnEvq42hc6whRyY3EFYAvebMqDNDGCgxN5Z'
2025-07-17 22:42:02 - balance_service - WARNING - خطا در دریافت موجودی TRC20 با API اصلی: 404 - {"timestamp":"2025-07-17T22:42:02.312+00:00","status":404,"error":"Not Found","path":"/v1/accounts/TWxYj1EgkXikRh3SszVUQniB6NcLNKeRfy/tokens"}
2025-07-17 22:42:03 - balance_service - ERROR - خطا در استفاده از API جایگزین 8: HTTPSConnectionPool(host='api.tronstation.io', port=443): Max retries exceeded with url: /v1/accounts/TWxYj1EgkXikRh3SszVUQniB6NcLNKeRfy/tokens (Caused by NameResolutionError("<urllib3.connection.HTTPSConnection object at 0x7f88721a7c10>: Failed to resolve 'api.tronstation.io' ([Errno -2] Name or service not known)"))
2025-07-17 22:42:03 - balance_service - ERROR - خطا در استفاده از API جایگزین 8: HTTPSConnectionPool(host='api.tronstation.io', port=443): Max retries exceeded with url: /v1/accounts/TWxYj1EgkXikRh3SszVUQniB6NcLNKeRfy/tokens (Caused by NameResolutionError("<urllib3.connection.HTTPSConnection object at 0x7f887207eeb0>: Failed to resolve 'api.tronstation.io' ([Errno -2] Name or service not known)"))
2025-07-17 22:42:04 - balance_service - ERROR - خطا در استفاده از API جایگزین 8: HTTPSConnectionPool(host='api.tronstation.io', port=443): Max retries exceeded with url: /v1/accounts/TWxYj1EgkXikRh3SszVUQniB6NcLNKeRfy/tokens (Caused by NameResolutionError("<urllib3.connection.HTTPSConnection object at 0x7f887211ddc0>: Failed to resolve 'api.tronstation.io' ([Errno -2] Name or service not known)"))
2025-07-17 22:42:04 - balance_service - WARNING - Error getting token decimals, using default 18: 429 Client Error: Too Many Requests for url: https://mainnet.infura.io/v3/a8ab43a04ce044de988a838d92f478a7
2025-07-18 05:10:22 - balance_service - WARNING - No native currency found for blockchain Bitcoin
2025-07-18 05:10:22 - balance_service - WARNING - No native currency found for blockchain Avalanche
2025-07-18 05:10:22 - balance_service - WARNING - No native currency found for blockchain Arbitrum
2025-07-18 05:10:22 - balance_service - WARNING - No native currency found for blockchain Polkadot
2025-07-18 05:10:22 - balance_service - WARNING - خطا در دریافت موجودی TRC20 با API اصلی: 404 - {"timestamp":"2025-07-18T05:10:22.567+00:00","status":404,"error":"Not Found","path":"/v1/accounts/TGtnneGJEh2M6d6zJMTmFYZsJAuCMBcr4k/tokens"}
2025-07-18 05:10:22 - balance_service - WARNING - خطا در دریافت موجودی TRC20 با API اصلی: 404 - {"timestamp":"2025-07-18T05:10:22.858+00:00","status":404,"error":"Not Found","path":"/v1/accounts/TGtnneGJEh2M6d6zJMTmFYZsJAuCMBcr4k/tokens"}
2025-07-18 05:10:23 - balance_service - ERROR - Error getting EVM token balance on Avalanche: when sending a str, it must be a hex string. Got: 'FvwEAhmxKfeiG8SnEvq42hc6whRyY3EFYAvebMqDNDGCgxN5Z'
Traceback (most recent call last):
  File "/www/wwwroot/coinceeper.com/CC/services/balance_service.py", line 157, in get_token_balance
    address=Web3.to_checksum_address(contract_address),
  File "/www/wwwroot/coinceeper.com/CC/venv/lib64/python3.9/site-packages/web3/main.py", line 268, in to_checksum_address
    return to_checksum_address(value)
  File "/www/wwwroot/coinceeper.com/CC/venv/lib64/python3.9/site-packages/eth_utils/address.py", line 129, in to_checksum_address
    norm_address = to_normalized_address(value)
  File "/www/wwwroot/coinceeper.com/CC/venv/lib64/python3.9/site-packages/eth_utils/address.py", line 73, in to_normalized_address
    hex_address = hexstr_if_str(to_hex, value).lower()
  File "/www/wwwroot/coinceeper.com/CC/venv/lib64/python3.9/site-packages/eth_utils/conversions.py", line 195, in hexstr_if_str
    raise ValueError(
ValueError: when sending a str, it must be a hex string. Got: 'FvwEAhmxKfeiG8SnEvq42hc6whRyY3EFYAvebMqDNDGCgxN5Z'
2025-07-18 05:10:23 - balance_service - WARNING - خطا در دریافت موجودی TRC20 با API اصلی: 404 - {"timestamp":"2025-07-18T05:10:23.500+00:00","status":404,"error":"Not Found","path":"/v1/accounts/TGtnneGJEh2M6d6zJMTmFYZsJAuCMBcr4k/tokens"}
2025-07-18 05:10:24 - balance_service - ERROR - خطا در استفاده از API جایگزین 8: HTTPSConnectionPool(host='api.tronstation.io', port=443): Max retries exceeded with url: /v1/accounts/TGtnneGJEh2M6d6zJMTmFYZsJAuCMBcr4k/tokens (Caused by NameResolutionError("<urllib3.connection.HTTPSConnection object at 0x7f8871dcfe80>: Failed to resolve 'api.tronstation.io' ([Errno -2] Name or service not known)"))
2025-07-18 05:10:24 - balance_service - ERROR - خطا در استفاده از API جایگزین 8: HTTPSConnectionPool(host='api.tronstation.io', port=443): Max retries exceeded with url: /v1/accounts/TGtnneGJEh2M6d6zJMTmFYZsJAuCMBcr4k/tokens (Caused by NameResolutionError("<urllib3.connection.HTTPSConnection object at 0x7f8871d6b100>: Failed to resolve 'api.tronstation.io' ([Errno -2] Name or service not known)"))
2025-07-18 05:10:25 - balance_service - ERROR - خطا در استفاده از API جایگزین 8: HTTPSConnectionPool(host='api.tronstation.io', port=443): Max retries exceeded with url: /v1/accounts/TGtnneGJEh2M6d6zJMTmFYZsJAuCMBcr4k/tokens (Caused by NameResolutionError("<urllib3.connection.HTTPSConnection object at 0x7f88710bd310>: Failed to resolve 'api.tronstation.io' ([Errno -2] Name or service not known)"))
2025-07-18 05:10:34 - balance_service - WARNING - No native currency found for blockchain Bitcoin
2025-07-18 05:10:34 - balance_service - WARNING - No native currency found for blockchain Avalanche
2025-07-18 05:10:34 - balance_service - WARNING - No native currency found for blockchain Arbitrum
2025-07-18 05:10:34 - balance_service - WARNING - No native currency found for blockchain Polkadot
2025-07-18 05:10:34 - balance_service - WARNING - خطا در دریافت موجودی TRC20 با API اصلی: 404 - {"timestamp":"2025-07-18T05:10:34.769+00:00","status":404,"error":"Not Found","path":"/v1/accounts/TGtnneGJEh2M6d6zJMTmFYZsJAuCMBcr4k/tokens"}
2025-07-18 05:10:35 - balance_service - WARNING - خطا در دریافت موجودی TRC20 با API اصلی: 404 - {"timestamp":"2025-07-18T05:10:34.962+00:00","status":404,"error":"Not Found","path":"/v1/accounts/TGtnneGJEh2M6d6zJMTmFYZsJAuCMBcr4k/tokens"}
2025-07-18 05:10:35 - balance_service - WARNING - خطا در دریافت موجودی TRC20 با API اصلی: 404 - {"timestamp":"2025-07-18T05:10:35.640+00:00","status":404,"error":"Not Found","path":"/v1/accounts/TGtnneGJEh2M6d6zJMTmFYZsJAuCMBcr4k/tokens"}
2025-07-18 05:10:36 - balance_service - ERROR - Error getting EVM token balance on Avalanche: when sending a str, it must be a hex string. Got: 'FvwEAhmxKfeiG8SnEvq42hc6whRyY3EFYAvebMqDNDGCgxN5Z'
Traceback (most recent call last):
  File "/www/wwwroot/coinceeper.com/CC/services/balance_service.py", line 157, in get_token_balance
    address=Web3.to_checksum_address(contract_address),
  File "/www/wwwroot/coinceeper.com/CC/venv/lib64/python3.9/site-packages/web3/main.py", line 268, in to_checksum_address
    return to_checksum_address(value)
  File "/www/wwwroot/coinceeper.com/CC/venv/lib64/python3.9/site-packages/eth_utils/address.py", line 129, in to_checksum_address
    norm_address = to_normalized_address(value)
  File "/www/wwwroot/coinceeper.com/CC/venv/lib64/python3.9/site-packages/eth_utils/address.py", line 73, in to_normalized_address
    hex_address = hexstr_if_str(to_hex, value).lower()
  File "/www/wwwroot/coinceeper.com/CC/venv/lib64/python3.9/site-packages/eth_utils/conversions.py", line 195, in hexstr_if_str
    raise ValueError(
ValueError: when sending a str, it must be a hex string. Got: 'FvwEAhmxKfeiG8SnEvq42hc6whRyY3EFYAvebMqDNDGCgxN5Z'
2025-07-18 05:10:36 - balance_service - ERROR - خطا در استفاده از API جایگزین 8: HTTPSConnectionPool(host='api.tronstation.io', port=443): Max retries exceeded with url: /v1/accounts/TGtnneGJEh2M6d6zJMTmFYZsJAuCMBcr4k/tokens (Caused by NameResolutionError("<urllib3.connection.HTTPSConnection object at 0x7f8872004d00>: Failed to resolve 'api.tronstation.io' ([Errno -2] Name or service not known)"))
2025-07-18 05:10:36 - balance_service - ERROR - خطا در استفاده از API جایگزین 8: HTTPSConnectionPool(host='api.tronstation.io', port=443): Max retries exceeded with url: /v1/accounts/TGtnneGJEh2M6d6zJMTmFYZsJAuCMBcr4k/tokens (Caused by NameResolutionError("<urllib3.connection.HTTPSConnection object at 0x7f88721a7a90>: Failed to resolve 'api.tronstation.io' ([Errno -2] Name or service not known)"))
2025-07-18 05:10:37 - balance_service - ERROR - Error getting EVM token balance on Ethereum: 429 Client Error: Too Many Requests for url: https://mainnet.infura.io/v3/a8ab43a04ce044de988a838d92f478a7
Traceback (most recent call last):
  File "/www/wwwroot/coinceeper.com/CC/services/balance_service.py", line 163, in get_token_balance
    balance = token_contract.functions.balanceOf(
  File "/www/wwwroot/coinceeper.com/CC/venv/lib64/python3.9/site-packages/web3/contract/contract.py", line 291, in call
    return call_contract_function(
  File "/www/wwwroot/coinceeper.com/CC/venv/lib64/python3.9/site-packages/web3/contract/utils.py", line 154, in call_contract_function
    return_data = w3.eth.call(
  File "/www/wwwroot/coinceeper.com/CC/venv/lib64/python3.9/site-packages/web3/eth/eth.py", line 247, in call
    return self._durin_call(transaction, block_identifier, state_override)
  File "/www/wwwroot/coinceeper.com/CC/venv/lib64/python3.9/site-packages/web3/eth/eth.py", line 266, in _durin_call
    return self._call(transaction, block_identifier, state_override)
  File "/www/wwwroot/coinceeper.com/CC/venv/lib64/python3.9/site-packages/web3/module.py", line 112, in caller
    result = w3.manager.request_blocking(
  File "/www/wwwroot/coinceeper.com/CC/venv/lib64/python3.9/site-packages/web3/manager.py", line 231, in request_blocking
    response = self._make_request(method, params)
  File "/www/wwwroot/coinceeper.com/CC/venv/lib64/python3.9/site-packages/web3/manager.py", line 163, in _make_request
    return request_func(method, params)
  File "/www/wwwroot/coinceeper.com/CC/venv/lib64/python3.9/site-packages/web3/middleware/base.py", line 56, in middleware
    return self.response_processor(method, make_request(method, params))
  File "/www/wwwroot/coinceeper.com/CC/venv/lib64/python3.9/site-packages/web3/middleware/base.py", line 56, in middleware
    return self.response_processor(method, make_request(method, params))
  File "/www/wwwroot/coinceeper.com/CC/venv/lib64/python3.9/site-packages/web3/middleware/base.py", line 56, in middleware
    return self.response_processor(method, make_request(method, params))
  [Previous line repeated 2 more times]
  File "/www/wwwroot/coinceeper.com/CC/venv/lib64/python3.9/site-packages/web3/_utils/caching/caching_utils.py", line 261, in wrapper
    return func(provider, method, params)
  File "/www/wwwroot/coinceeper.com/CC/venv/lib64/python3.9/site-packages/web3/providers/rpc/rpc.py", line 170, in make_request
    raw_response = self._make_request(method, request_data)
  File "/www/wwwroot/coinceeper.com/CC/venv/lib64/python3.9/site-packages/web3/providers/rpc/rpc.py", line 157, in _make_request
    raise e
  File "/www/wwwroot/coinceeper.com/CC/venv/lib64/python3.9/site-packages/web3/providers/rpc/rpc.py", line 147, in _make_request
    return self._request_session_manager.make_post_request(
  File "/www/wwwroot/coinceeper.com/CC/venv/lib64/python3.9/site-packages/web3/_utils/http_session_manager.py", line 148, in make_post_request
    response.raise_for_status()
  File "/www/wwwroot/coinceeper.com/CC/venv/lib64/python3.9/site-packages/requests/models.py", line 1024, in raise_for_status
    raise HTTPError(http_error_msg, response=self)
requests.exceptions.HTTPError: 429 Client Error: Too Many Requests for url: https://mainnet.infura.io/v3/a8ab43a04ce044de988a838d92f478a7
2025-07-18 05:10:37 - balance_service - ERROR - خطا در استفاده از API جایگزین 8: HTTPSConnectionPool(host='api.tronstation.io', port=443): Max retries exceeded with url: /v1/accounts/TGtnneGJEh2M6d6zJMTmFYZsJAuCMBcr4k/tokens (Caused by NameResolutionError("<urllib3.connection.HTTPSConnection object at 0x7f88720a2e50>: Failed to resolve 'api.tronstation.io' ([Errno -2] Name or service not known)"))
2025-07-18 08:26:38 - balance_service - ERROR - Error getting simple user balance: (mysql.connector.errors.OperationalError) MySQL Connection not available.
[SQL: SELECT users.`UserID` AS `users_UserID`, users.`ID` AS `users_ID`, users.`Email` AS `users_Email`, users.`CreatedAt` AS `users_CreatedAt`, users.`UpdatedAt` AS `users_UpdatedAt`, users.`Device` AS `users_Device`, users.`IP` AS `users_IP` 
FROM users 
WHERE users.`UserID` = %(UserID_1)s 
 LIMIT %(param_1)s]
[parameters: [{}]]
(Background on this error at: https://sqlalche.me/e/20/e3q8)
2025-07-18 08:26:38 - balance_service - ERROR - Error getting simple user balance: (mysql.connector.errors.DatabaseError) 2003 (HY000): Can't connect to MySQL server on 'localhost:3306' (111)
(Background on this error at: https://sqlalche.me/e/20/4xp6)
2025-07-18 08:26:39 - balance_service - ERROR - Error getting simple user balance: (mysql.connector.errors.DatabaseError) 2003 (HY000): Can't connect to MySQL server on 'localhost:3306' (111)
(Background on this error at: https://sqlalche.me/e/20/4xp6)
2025-07-18 08:26:39 - balance_service - ERROR - Error getting simple user balance: (mysql.connector.errors.DatabaseError) 2003 (HY000): Can't connect to MySQL server on 'localhost:3306' (111)
(Background on this error at: https://sqlalche.me/e/20/4xp6)
2025-07-18 08:27:40 - balance_service - WARNING - No native currency found for blockchain Bitcoin
2025-07-18 08:27:40 - balance_service - WARNING - No native currency found for blockchain Avalanche
2025-07-18 08:27:40 - balance_service - WARNING - No native currency found for blockchain Arbitrum
2025-07-18 08:27:40 - balance_service - WARNING - No native currency found for blockchain Polkadot
2025-07-18 08:27:41 - balance_service - WARNING - خطا در دریافت موجودی TRC20 با API اصلی: 404 - {"timestamp":"2025-07-18T08:27:41.401+00:00","status":404,"error":"Not Found","path":"/v1/accounts/TGQ9LAyrHf1JJ6umByBghBaFP5dH15A8qr/tokens"}
2025-07-18 08:27:41 - balance_service - WARNING - خطا در دریافت موجودی TRC20 با API اصلی: 404 - {"timestamp":"2025-07-18T08:27:41.639+00:00","status":404,"error":"Not Found","path":"/v1/accounts/TGQ9LAyrHf1JJ6umByBghBaFP5dH15A8qr/tokens"}
2025-07-18 08:27:41 - balance_service - ERROR - Error getting EVM token balance on Avalanche: when sending a str, it must be a hex string. Got: 'FvwEAhmxKfeiG8SnEvq42hc6whRyY3EFYAvebMqDNDGCgxN5Z'
Traceback (most recent call last):
  File "/www/wwwroot/coinceeper.com/CC/services/balance_service.py", line 157, in get_token_balance
    address=Web3.to_checksum_address(contract_address),
  File "/www/wwwroot/coinceeper.com/CC/venv/lib64/python3.9/site-packages/web3/main.py", line 268, in to_checksum_address
    return to_checksum_address(value)
  File "/www/wwwroot/coinceeper.com/CC/venv/lib64/python3.9/site-packages/eth_utils/address.py", line 129, in to_checksum_address
    norm_address = to_normalized_address(value)
  File "/www/wwwroot/coinceeper.com/CC/venv/lib64/python3.9/site-packages/eth_utils/address.py", line 73, in to_normalized_address
    hex_address = hexstr_if_str(to_hex, value).lower()
  File "/www/wwwroot/coinceeper.com/CC/venv/lib64/python3.9/site-packages/eth_utils/conversions.py", line 195, in hexstr_if_str
    raise ValueError(
ValueError: when sending a str, it must be a hex string. Got: 'FvwEAhmxKfeiG8SnEvq42hc6whRyY3EFYAvebMqDNDGCgxN5Z'
2025-07-18 08:27:42 - balance_service - ERROR - خطا در استفاده از API جایگزین 8: HTTPSConnectionPool(host='api.tronstation.io', port=443): Max retries exceeded with url: /v1/accounts/TGQ9LAyrHf1JJ6umByBghBaFP5dH15A8qr/tokens (Caused by NameResolutionError("<urllib3.connection.HTTPSConnection object at 0x7f8870c240d0>: Failed to resolve 'api.tronstation.io' ([Errno -2] Name or service not known)"))
2025-07-18 08:27:43 - balance_service - ERROR - خطا در استفاده از API جایگزین 8: HTTPSConnectionPool(host='api.tronstation.io', port=443): Max retries exceeded with url: /v1/accounts/TGQ9LAyrHf1JJ6umByBghBaFP5dH15A8qr/tokens (Caused by NameResolutionError("<urllib3.connection.HTTPSConnection object at 0x7f8871e0a040>: Failed to resolve 'api.tronstation.io' ([Errno -2] Name or service not known)"))
2025-07-18 08:27:52 - balance_service - WARNING - No native currency found for blockchain Bitcoin
2025-07-18 08:27:52 - balance_service - WARNING - No native currency found for blockchain Avalanche
2025-07-18 08:27:52 - balance_service - WARNING - No native currency found for blockchain Arbitrum
2025-07-18 08:27:52 - balance_service - WARNING - No native currency found for blockchain Polkadot
2025-07-18 08:27:53 - balance_service - WARNING - خطا در دریافت موجودی TRC20 با API اصلی: 404 - {"timestamp":"2025-07-18T08:27:53.259+00:00","status":404,"error":"Not Found","path":"/v1/accounts/TGQ9LAyrHf1JJ6umByBghBaFP5dH15A8qr/tokens"}
2025-07-18 08:27:53 - balance_service - WARNING - خطا در دریافت موجودی TRC20 با API اصلی: 404 - {"timestamp":"2025-07-18T08:27:53.485+00:00","status":404,"error":"Not Found","path":"/v1/accounts/TGQ9LAyrHf1JJ6umByBghBaFP5dH15A8qr/tokens"}
2025-07-18 08:27:54 - balance_service - ERROR - Error getting EVM token balance on Avalanche: when sending a str, it must be a hex string. Got: 'FvwEAhmxKfeiG8SnEvq42hc6whRyY3EFYAvebMqDNDGCgxN5Z'
Traceback (most recent call last):
  File "/www/wwwroot/coinceeper.com/CC/services/balance_service.py", line 157, in get_token_balance
    address=Web3.to_checksum_address(contract_address),
  File "/www/wwwroot/coinceeper.com/CC/venv/lib64/python3.9/site-packages/web3/main.py", line 268, in to_checksum_address
    return to_checksum_address(value)
  File "/www/wwwroot/coinceeper.com/CC/venv/lib64/python3.9/site-packages/eth_utils/address.py", line 129, in to_checksum_address
    norm_address = to_normalized_address(value)
  File "/www/wwwroot/coinceeper.com/CC/venv/lib64/python3.9/site-packages/eth_utils/address.py", line 73, in to_normalized_address
    hex_address = hexstr_if_str(to_hex, value).lower()
  File "/www/wwwroot/coinceeper.com/CC/venv/lib64/python3.9/site-packages/eth_utils/conversions.py", line 195, in hexstr_if_str
    raise ValueError(
ValueError: when sending a str, it must be a hex string. Got: 'FvwEAhmxKfeiG8SnEvq42hc6whRyY3EFYAvebMqDNDGCgxN5Z'
2025-07-18 08:27:54 - balance_service - WARNING - خطا در دریافت موجودی TRC20 با API اصلی: 404 - {"timestamp":"2025-07-18T08:27:54.168+00:00","status":404,"error":"Not Found","path":"/v1/accounts/TGQ9LAyrHf1JJ6umByBghBaFP5dH15A8qr/tokens"}
2025-07-18 08:27:54 - balance_service - ERROR - خطا در استفاده از API جایگزین 8: HTTPSConnectionPool(host='api.tronstation.io', port=443): Max retries exceeded with url: /v1/accounts/TGQ9LAyrHf1JJ6umByBghBaFP5dH15A8qr/tokens (Caused by NameResolutionError("<urllib3.connection.HTTPSConnection object at 0x7f88722aea60>: Failed to resolve 'api.tronstation.io' ([Errno -2] Name or service not known)"))
2025-07-18 08:27:55 - balance_service - ERROR - خطا در استفاده از API جایگزین 8: HTTPSConnectionPool(host='api.tronstation.io', port=443): Max retries exceeded with url: /v1/accounts/TGQ9LAyrHf1JJ6umByBghBaFP5dH15A8qr/tokens (Caused by NameResolutionError("<urllib3.connection.HTTPSConnection object at 0x7f8871930d30>: Failed to resolve 'api.tronstation.io' ([Errno -2] Name or service not known)"))
2025-07-18 08:27:55 - balance_service - ERROR - خطا در استفاده از API جایگزین 8: HTTPSConnectionPool(host='api.tronstation.io', port=443): Max retries exceeded with url: /v1/accounts/TGQ9LAyrHf1JJ6umByBghBaFP5dH15A8qr/tokens (Caused by NameResolutionError("<urllib3.connection.HTTPSConnection object at 0x7f88721804c0>: Failed to resolve 'api.tronstation.io' ([Errno -2] Name or service not known)"))
2025-07-18 08:28:49 - balance_service - ERROR - Error getting simple user balance: (mysql.connector.errors.DatabaseError) 2003 (HY000): Can't connect to MySQL server on 'localhost:3306' (111)
(Background on this error at: https://sqlalche.me/e/20/4xp6)
2025-07-18 08:28:49 - balance_service - ERROR - Error getting simple user balance: (mysql.connector.errors.DatabaseError) 2003 (HY000): Can't connect to MySQL server on 'localhost:3306' (111)
(Background on this error at: https://sqlalche.me/e/20/4xp6)
2025-07-18 08:32:37 - balance_service - WARNING - No native currency found for blockchain Bitcoin
2025-07-18 08:32:37 - balance_service - WARNING - No native currency found for blockchain Avalanche
2025-07-18 08:32:37 - balance_service - WARNING - No native currency found for blockchain Arbitrum
2025-07-18 08:32:37 - balance_service - WARNING - No native currency found for blockchain Polkadot
2025-07-18 08:32:38 - balance_service - WARNING - خطا در دریافت موجودی TRC20 با API اصلی: 404 - {"timestamp":"2025-07-18T08:32:38.328+00:00","status":404,"error":"Not Found","path":"/v1/accounts/TGKyoMF2Gf83jbqu9eisyQFCTTnicZJGoK/tokens"}
2025-07-18 08:32:38 - balance_service - WARNING - خطا در دریافت موجودی TRC20 با API اصلی: 404 - {"timestamp":"2025-07-18T08:32:38.555+00:00","status":404,"error":"Not Found","path":"/v1/accounts/TGKyoMF2Gf83jbqu9eisyQFCTTnicZJGoK/tokens"}
2025-07-18 08:32:39 - balance_service - WARNING - خطا در دریافت موجودی TRC20 با API اصلی: 404 - {"timestamp":"2025-07-18T08:32:39.034+00:00","status":404,"error":"Not Found","path":"/v1/accounts/TGKyoMF2Gf83jbqu9eisyQFCTTnicZJGoK/tokens"}
2025-07-18 08:32:39 - balance_service - ERROR - Error getting EVM token balance on Avalanche: when sending a str, it must be a hex string. Got: 'FvwEAhmxKfeiG8SnEvq42hc6whRyY3EFYAvebMqDNDGCgxN5Z'
Traceback (most recent call last):
  File "/www/wwwroot/coinceeper.com/CC/services/balance_service.py", line 157, in get_token_balance
    address=Web3.to_checksum_address(contract_address),
  File "/www/wwwroot/coinceeper.com/CC/venv/lib64/python3.9/site-packages/web3/main.py", line 268, in to_checksum_address
    return to_checksum_address(value)
  File "/www/wwwroot/coinceeper.com/CC/venv/lib64/python3.9/site-packages/eth_utils/address.py", line 129, in to_checksum_address
    norm_address = to_normalized_address(value)
  File "/www/wwwroot/coinceeper.com/CC/venv/lib64/python3.9/site-packages/eth_utils/address.py", line 73, in to_normalized_address
    hex_address = hexstr_if_str(to_hex, value).lower()
  File "/www/wwwroot/coinceeper.com/CC/venv/lib64/python3.9/site-packages/eth_utils/conversions.py", line 195, in hexstr_if_str
    raise ValueError(
ValueError: when sending a str, it must be a hex string. Got: 'FvwEAhmxKfeiG8SnEvq42hc6whRyY3EFYAvebMqDNDGCgxN5Z'
2025-07-18 08:32:40 - balance_service - ERROR - خطا در استفاده از API جایگزین 8: HTTPSConnectionPool(host='api.tronstation.io', port=443): Max retries exceeded with url: /v1/accounts/TGKyoMF2Gf83jbqu9eisyQFCTTnicZJGoK/tokens (Caused by NameResolutionError("<urllib3.connection.HTTPSConnection object at 0x7f8872207730>: Failed to resolve 'api.tronstation.io' ([Errno -2] Name or service not known)"))
2025-07-18 08:32:40 - balance_service - ERROR - خطا در استفاده از API جایگزین 8: HTTPSConnectionPool(host='api.tronstation.io', port=443): Max retries exceeded with url: /v1/accounts/TGKyoMF2Gf83jbqu9eisyQFCTTnicZJGoK/tokens (Caused by NameResolutionError("<urllib3.connection.HTTPSConnection object at 0x7f88701f70a0>: Failed to resolve 'api.tronstation.io' ([Errno -2] Name or service not known)"))
2025-07-18 08:32:40 - balance_service - ERROR - خطا در استفاده از API جایگزین 8: HTTPSConnectionPool(host='api.tronstation.io', port=443): Max retries exceeded with url: /v1/accounts/TGKyoMF2Gf83jbqu9eisyQFCTTnicZJGoK/tokens (Caused by NameResolutionError("<urllib3.connection.HTTPSConnection object at 0x7f8872207d30>: Failed to resolve 'api.tronstation.io' ([Errno -2] Name or service not known)"))
2025-07-18 08:32:40 - balance_service - WARNING - Error getting token decimals, using default 18: 429 Client Error: Too Many Requests for url: https://mainnet.infura.io/v3/a8ab43a04ce044de988a838d92f478a7
2025-07-18 08:37:55 - balance_service - ERROR - Error getting simple user balance: (mysql.connector.errors.DatabaseError) 2003 (HY000): Can't connect to MySQL server on 'localhost:3306' (111)
(Background on this error at: https://sqlalche.me/e/20/4xp6)
2025-07-18 08:37:56 - balance_service - ERROR - Error getting simple user balance: (mysql.connector.errors.DatabaseError) 2003 (HY000): Can't connect to MySQL server on 'localhost:3306' (111)
(Background on this error at: https://sqlalche.me/e/20/4xp6)
2025-07-18 08:37:56 - balance_service - ERROR - Error getting simple user balance: (mysql.connector.errors.DatabaseError) 2003 (HY000): Can't connect to MySQL server on 'localhost:3306' (111)
(Background on this error at: https://sqlalche.me/e/20/4xp6)
2025-07-18 08:42:39 - balance_service - WARNING - No native currency found for blockchain Bitcoin
2025-07-18 08:42:39 - balance_service - WARNING - No native currency found for blockchain Avalanche
2025-07-18 08:42:39 - balance_service - WARNING - No native currency found for blockchain Arbitrum
2025-07-18 08:42:39 - balance_service - WARNING - No native currency found for blockchain Polkadot
2025-07-18 08:42:40 - balance_service - WARNING - خطا در دریافت موجودی TRC20 با API اصلی: 404 - {"timestamp":"2025-07-18T08:42:40.228+00:00","status":404,"error":"Not Found","path":"/v1/accounts/TCSWB7z5WUD43xoLSLrUDAgt1E7wvj2rQB/tokens"}
2025-07-18 08:42:40 - balance_service - WARNING - خطا در دریافت موجودی TRC20 با API اصلی: 404 - {"timestamp":"2025-07-18T08:42:40.373+00:00","status":404,"error":"Not Found","path":"/v1/accounts/TCSWB7z5WUD43xoLSLrUDAgt1E7wvj2rQB/tokens"}
2025-07-18 08:42:40 - balance_service - ERROR - Error getting EVM token balance on Avalanche: when sending a str, it must be a hex string. Got: 'FvwEAhmxKfeiG8SnEvq42hc6whRyY3EFYAvebMqDNDGCgxN5Z'
Traceback (most recent call last):
  File "/www/wwwroot/coinceeper.com/CC/services/balance_service.py", line 157, in get_token_balance
    address=Web3.to_checksum_address(contract_address),
  File "/www/wwwroot/coinceeper.com/CC/venv/lib64/python3.9/site-packages/web3/main.py", line 268, in to_checksum_address
    return to_checksum_address(value)
  File "/www/wwwroot/coinceeper.com/CC/venv/lib64/python3.9/site-packages/eth_utils/address.py", line 129, in to_checksum_address
    norm_address = to_normalized_address(value)
  File "/www/wwwroot/coinceeper.com/CC/venv/lib64/python3.9/site-packages/eth_utils/address.py", line 73, in to_normalized_address
    hex_address = hexstr_if_str(to_hex, value).lower()
  File "/www/wwwroot/coinceeper.com/CC/venv/lib64/python3.9/site-packages/eth_utils/conversions.py", line 195, in hexstr_if_str
    raise ValueError(
ValueError: when sending a str, it must be a hex string. Got: 'FvwEAhmxKfeiG8SnEvq42hc6whRyY3EFYAvebMqDNDGCgxN5Z'
2025-07-18 08:42:40 - balance_service - WARNING - خطا در دریافت موجودی TRC20 با API اصلی: 404 - {"timestamp":"2025-07-18T08:42:40.853+00:00","status":404,"error":"Not Found","path":"/v1/accounts/TCSWB7z5WUD43xoLSLrUDAgt1E7wvj2rQB/tokens"}
2025-07-18 08:42:41 - balance_service - ERROR - خطا در استفاده از API جایگزین 8: HTTPSConnectionPool(host='api.tronstation.io', port=443): Max retries exceeded with url: /v1/accounts/TCSWB7z5WUD43xoLSLrUDAgt1E7wvj2rQB/tokens (Caused by NameResolutionError("<urllib3.connection.HTTPSConnection object at 0x7f88721bfd00>: Failed to resolve 'api.tronstation.io' ([Errno -2] Name or service not known)"))
2025-07-18 08:42:42 - balance_service - ERROR - خطا در استفاده از API جایگزین 8: HTTPSConnectionPool(host='api.tronstation.io', port=443): Max retries exceeded with url: /v1/accounts/TCSWB7z5WUD43xoLSLrUDAgt1E7wvj2rQB/tokens (Caused by NameResolutionError("<urllib3.connection.HTTPSConnection object at 0x7f8872216160>: Failed to resolve 'api.tronstation.io' ([Errno -2] Name or service not known)"))
2025-07-18 08:42:42 - balance_service - ERROR - خطا در استفاده از API جایگزین 8: HTTPSConnectionPool(host='api.tronstation.io', port=443): Max retries exceeded with url: /v1/accounts/TCSWB7z5WUD43xoLSLrUDAgt1E7wvj2rQB/tokens (Caused by NameResolutionError("<urllib3.connection.HTTPSConnection object at 0x7f8872220340>: Failed to resolve 'api.tronstation.io' ([Errno -2] Name or service not known)"))
2025-07-18 09:21:54 - balance_service - ERROR - Error getting simple user balance: (mysql.connector.errors.DatabaseError) 2003 (HY000): Can't connect to MySQL server on 'localhost:3306' (111)
(Background on this error at: https://sqlalche.me/e/20/4xp6)
2025-07-18 09:22:06 - balance_service - ERROR - Error getting simple user balance: (mysql.connector.errors.DatabaseError) 2003 (HY000): Can't connect to MySQL server on 'localhost:3306' (111)
(Background on this error at: https://sqlalche.me/e/20/4xp6)
2025-07-18 09:53:04 - balance_service - WARNING - No native currency found for blockchain Bitcoin
2025-07-18 09:53:04 - balance_service - WARNING - No native currency found for blockchain Avalanche
2025-07-18 09:53:04 - balance_service - WARNING - No native currency found for blockchain Arbitrum
2025-07-18 09:53:04 - balance_service - WARNING - No native currency found for blockchain Polkadot
2025-07-18 09:53:05 - balance_service - WARNING - خطا در دریافت موجودی TRC20 با API اصلی: 404 - {"timestamp":"2025-07-18T09:53:04.970+00:00","status":404,"error":"Not Found","path":"/v1/accounts/T9yLuVDM5W3oQLhHrXV4h6np5dqxrZmL8n/tokens"}
2025-07-18 09:53:05 - balance_service - WARNING - خطا در دریافت موجودی TRC20 با API اصلی: 404 - {"timestamp":"2025-07-18T09:53:05.407+00:00","status":404,"error":"Not Found","path":"/v1/accounts/T9yLuVDM5W3oQLhHrXV4h6np5dqxrZmL8n/tokens"}
2025-07-18 09:53:05 - balance_service - ERROR - Error getting EVM token balance on Avalanche: when sending a str, it must be a hex string. Got: 'FvwEAhmxKfeiG8SnEvq42hc6whRyY3EFYAvebMqDNDGCgxN5Z'
Traceback (most recent call last):
  File "/www/wwwroot/coinceeper.com/CC/services/balance_service.py", line 157, in get_token_balance
    address=Web3.to_checksum_address(contract_address),
  File "/www/wwwroot/coinceeper.com/CC/venv/lib64/python3.9/site-packages/web3/main.py", line 268, in to_checksum_address
    return to_checksum_address(value)
  File "/www/wwwroot/coinceeper.com/CC/venv/lib64/python3.9/site-packages/eth_utils/address.py", line 129, in to_checksum_address
    norm_address = to_normalized_address(value)
  File "/www/wwwroot/coinceeper.com/CC/venv/lib64/python3.9/site-packages/eth_utils/address.py", line 73, in to_normalized_address
    hex_address = hexstr_if_str(to_hex, value).lower()
  File "/www/wwwroot/coinceeper.com/CC/venv/lib64/python3.9/site-packages/eth_utils/conversions.py", line 195, in hexstr_if_str
    raise ValueError(
ValueError: when sending a str, it must be a hex string. Got: 'FvwEAhmxKfeiG8SnEvq42hc6whRyY3EFYAvebMqDNDGCgxN5Z'
2025-07-18 09:53:05 - balance_service - WARNING - خطا در دریافت موجودی TRC20 با API اصلی: 404 - {"timestamp":"2025-07-18T09:53:05.681+00:00","status":404,"error":"Not Found","path":"/v1/accounts/T9yLuVDM5W3oQLhHrXV4h6np5dqxrZmL8n/tokens"}
2025-07-18 09:53:06 - balance_service - ERROR - خطا در استفاده از API جایگزین 8: HTTPSConnectionPool(host='api.tronstation.io', port=443): Max retries exceeded with url: /v1/accounts/T9yLuVDM5W3oQLhHrXV4h6np5dqxrZmL8n/tokens (Caused by NameResolutionError("<urllib3.connection.HTTPSConnection object at 0x7f88716c0190>: Failed to resolve 'api.tronstation.io' ([Errno -2] Name or service not known)"))
2025-07-18 09:53:07 - balance_service - ERROR - خطا در استفاده از API جایگزین 8: HTTPSConnectionPool(host='api.tronstation.io', port=443): Max retries exceeded with url: /v1/accounts/T9yLuVDM5W3oQLhHrXV4h6np5dqxrZmL8n/tokens (Caused by NameResolutionError("<urllib3.connection.HTTPSConnection object at 0x7f88716cfdf0>: Failed to resolve 'api.tronstation.io' ([Errno -2] Name or service not known)"))
2025-07-18 09:53:07 - balance_service - ERROR - خطا در استفاده از API جایگزین 8: HTTPSConnectionPool(host='api.tronstation.io', port=443): Max retries exceeded with url: /v1/accounts/T9yLuVDM5W3oQLhHrXV4h6np5dqxrZmL8n/tokens (Caused by NameResolutionError("<urllib3.connection.HTTPSConnection object at 0x7f88716c0460>: Failed to resolve 'api.tronstation.io' ([Errno -2] Name or service not known)"))
2025-07-18 09:53:16 - balance_service - WARNING - No native currency found for blockchain Bitcoin
2025-07-18 09:53:16 - balance_service - WARNING - No native currency found for blockchain Avalanche
2025-07-18 09:53:16 - balance_service - WARNING - No native currency found for blockchain Arbitrum
2025-07-18 09:53:16 - balance_service - WARNING - No native currency found for blockchain Polkadot
2025-07-18 09:53:16 - balance_service - WARNING - خطا در دریافت موجودی TRC20 با API اصلی: 404 - {"timestamp":"2025-07-18T09:53:16.744+00:00","status":404,"error":"Not Found","path":"/v1/accounts/T9yLuVDM5W3oQLhHrXV4h6np5dqxrZmL8n/tokens"}
2025-07-18 09:53:17 - balance_service - WARNING - خطا در دریافت موجودی TRC20 با API اصلی: 404 - {"timestamp":"2025-07-18T09:53:16.992+00:00","status":404,"error":"Not Found","path":"/v1/accounts/T9yLuVDM5W3oQLhHrXV4h6np5dqxrZmL8n/tokens"}
2025-07-18 09:53:17 - balance_service - WARNING - خطا در دریافت موجودی TRC20 با API اصلی: 404 - {"timestamp":"2025-07-18T09:53:17.817+00:00","status":404,"error":"Not Found","path":"/v1/accounts/T9yLuVDM5W3oQLhHrXV4h6np5dqxrZmL8n/tokens"}
2025-07-18 09:53:17 - balance_service - ERROR - Error getting EVM token balance on Avalanche: when sending a str, it must be a hex string. Got: 'FvwEAhmxKfeiG8SnEvq42hc6whRyY3EFYAvebMqDNDGCgxN5Z'
Traceback (most recent call last):
  File "/www/wwwroot/coinceeper.com/CC/services/balance_service.py", line 157, in get_token_balance
    address=Web3.to_checksum_address(contract_address),
  File "/www/wwwroot/coinceeper.com/CC/venv/lib64/python3.9/site-packages/web3/main.py", line 268, in to_checksum_address
    return to_checksum_address(value)
  File "/www/wwwroot/coinceeper.com/CC/venv/lib64/python3.9/site-packages/eth_utils/address.py", line 129, in to_checksum_address
    norm_address = to_normalized_address(value)
  File "/www/wwwroot/coinceeper.com/CC/venv/lib64/python3.9/site-packages/eth_utils/address.py", line 73, in to_normalized_address
    hex_address = hexstr_if_str(to_hex, value).lower()
  File "/www/wwwroot/coinceeper.com/CC/venv/lib64/python3.9/site-packages/eth_utils/conversions.py", line 195, in hexstr_if_str
    raise ValueError(
ValueError: when sending a str, it must be a hex string. Got: 'FvwEAhmxKfeiG8SnEvq42hc6whRyY3EFYAvebMqDNDGCgxN5Z'
2025-07-18 09:53:18 - balance_service - ERROR - خطا در استفاده از API جایگزین 8: HTTPSConnectionPool(host='api.tronstation.io', port=443): Max retries exceeded with url: /v1/accounts/T9yLuVDM5W3oQLhHrXV4h6np5dqxrZmL8n/tokens (Caused by NameResolutionError("<urllib3.connection.HTTPSConnection object at 0x7f88722b0af0>: Failed to resolve 'api.tronstation.io' ([Errno -2] Name or service not known)"))
2025-07-18 09:53:18 - balance_service - ERROR - خطا در استفاده از API جایگزین 8: HTTPSConnectionPool(host='api.tronstation.io', port=443): Max retries exceeded with url: /v1/accounts/T9yLuVDM5W3oQLhHrXV4h6np5dqxrZmL8n/tokens (Caused by NameResolutionError("<urllib3.connection.HTTPSConnection object at 0x7f8871ef3b20>: Failed to resolve 'api.tronstation.io' ([Errno -2] Name or service not known)"))
2025-07-18 09:53:19 - balance_service - ERROR - خطا در استفاده از API جایگزین 8: HTTPSConnectionPool(host='api.tronstation.io', port=443): Max retries exceeded with url: /v1/accounts/T9yLuVDM5W3oQLhHrXV4h6np5dqxrZmL8n/tokens (Caused by NameResolutionError("<urllib3.connection.HTTPSConnection object at 0x7f8871eb5d60>: Failed to resolve 'api.tronstation.io' ([Errno -2] Name or service not known)"))
2025-07-18 09:54:54 - balance_service - ERROR - Error getting simple user balance: (mysql.connector.errors.OperationalError) MySQL Connection not available.
[SQL: SELECT users.`UserID` AS `users_UserID`, users.`ID` AS `users_ID`, users.`Email` AS `users_Email`, users.`CreatedAt` AS `users_CreatedAt`, users.`UpdatedAt` AS `users_UpdatedAt`, users.`Device` AS `users_Device`, users.`IP` AS `users_IP` 
FROM users 
WHERE users.`UserID` = %(UserID_1)s 
 LIMIT %(param_1)s]
[parameters: [{}]]
(Background on this error at: https://sqlalche.me/e/20/e3q8)
2025-07-18 09:54:55 - balance_service - ERROR - Error getting simple user balance: (mysql.connector.errors.DatabaseError) 2003 (HY000): Can't connect to MySQL server on 'localhost:3306' (111)
(Background on this error at: https://sqlalche.me/e/20/4xp6)
2025-07-18 10:38:53 - balance_service - ERROR - Error getting simple user balance: (mysql.connector.errors.DatabaseError) 2003 (HY000): Can't connect to MySQL server on 'localhost:3306' (111)
(Background on this error at: https://sqlalche.me/e/20/4xp6)
2025-07-18 10:38:53 - balance_service - ERROR - Error getting simple user balance: (mysql.connector.errors.OperationalError) MySQL Connection not available.
[SQL: SELECT users.`UserID` AS `users_UserID`, users.`ID` AS `users_ID`, users.`Email` AS `users_Email`, users.`CreatedAt` AS `users_CreatedAt`, users.`UpdatedAt` AS `users_UpdatedAt`, users.`Device` AS `users_Device`, users.`IP` AS `users_IP` 
FROM users 
WHERE users.`UserID` = %(UserID_1)s 
 LIMIT %(param_1)s]
[parameters: [{}]]
(Background on this error at: https://sqlalche.me/e/20/e3q8)
2025-07-18 10:38:56 - balance_service - ERROR - Error getting simple user balance: (mysql.connector.errors.DatabaseError) 2003 (HY000): Can't connect to MySQL server on 'localhost:3306' (111)
(Background on this error at: https://sqlalche.me/e/20/4xp6)
2025-07-18 11:45:04 - balance_service - ERROR - Error getting simple user balance: (mysql.connector.errors.DatabaseError) 2003 (HY000): Can't connect to MySQL server on 'localhost:3306' (111)
(Background on this error at: https://sqlalche.me/e/20/4xp6)
2025-07-18 11:45:04 - balance_service - ERROR - Error getting simple user balance: (mysql.connector.errors.DatabaseError) 2003 (HY000): Can't connect to MySQL server on 'localhost:3306' (111)
(Background on this error at: https://sqlalche.me/e/20/4xp6)
2025-07-18 12:17:39 - balance_service - ERROR - Error getting simple user balance: (mysql.connector.errors.OperationalError) MySQL Connection not available.
[SQL: SELECT users.`UserID` AS `users_UserID`, users.`ID` AS `users_ID`, users.`Email` AS `users_Email`, users.`CreatedAt` AS `users_CreatedAt`, users.`UpdatedAt` AS `users_UpdatedAt`, users.`Device` AS `users_Device`, users.`IP` AS `users_IP` 
FROM users 
WHERE users.`UserID` = %(UserID_1)s 
 LIMIT %(param_1)s]
[parameters: [{}]]
(Background on this error at: https://sqlalche.me/e/20/e3q8)
2025-07-18 12:17:40 - balance_service - ERROR - Error getting simple user balance: (mysql.connector.errors.DatabaseError) 2003 (HY000): Can't connect to MySQL server on 'localhost:3306' (111)
(Background on this error at: https://sqlalche.me/e/20/4xp6)
2025-07-18 12:17:40 - balance_service - ERROR - Error getting simple user balance: (mysql.connector.errors.DatabaseError) 2003 (HY000): Can't connect to MySQL server on 'localhost:3306' (111)
(Background on this error at: https://sqlalche.me/e/20/4xp6)
2025-07-18 15:02:30 - balance_service - WARNING - No native currency found for blockchain Bitcoin
2025-07-18 15:02:30 - balance_service - WARNING - No native currency found for blockchain Avalanche
2025-07-18 15:02:30 - balance_service - WARNING - No native currency found for blockchain Arbitrum
2025-07-18 15:02:30 - balance_service - WARNING - No native currency found for blockchain Polkadot
2025-07-18 15:02:31 - balance_service - WARNING - خطا در دریافت موجودی TRC20 با API اصلی: 404 - {"timestamp":"2025-07-18T15:02:31.558+00:00","status":404,"error":"Not Found","path":"/v1/accounts/TJdLcKtSKpYAXJkKRMgzoFB86bKQzAQ1oy/tokens"}
2025-07-18 15:02:31 - balance_service - WARNING - خطا در دریافت موجودی TRC20 با API اصلی: 404 - {"timestamp":"2025-07-18T15:02:31.862+00:00","status":404,"error":"Not Found","path":"/v1/accounts/TJdLcKtSKpYAXJkKRMgzoFB86bKQzAQ1oy/tokens"}
2025-07-18 15:02:32 - balance_service - WARNING - خطا در دریافت موجودی TRC20 با API اصلی: 404 - {"timestamp":"2025-07-18T15:02:32.439+00:00","status":404,"error":"Not Found","path":"/v1/accounts/TJdLcKtSKpYAXJkKRMgzoFB86bKQzAQ1oy/tokens"}
2025-07-18 15:02:32 - balance_service - ERROR - Error getting EVM token balance on Avalanche: when sending a str, it must be a hex string. Got: 'FvwEAhmxKfeiG8SnEvq42hc6whRyY3EFYAvebMqDNDGCgxN5Z'
Traceback (most recent call last):
  File "/www/wwwroot/coinceeper.com/CC/services/balance_service.py", line 157, in get_token_balance
    address=Web3.to_checksum_address(contract_address),
  File "/www/wwwroot/coinceeper.com/CC/venv/lib64/python3.9/site-packages/web3/main.py", line 268, in to_checksum_address
    return to_checksum_address(value)
  File "/www/wwwroot/coinceeper.com/CC/venv/lib64/python3.9/site-packages/eth_utils/address.py", line 129, in to_checksum_address
    norm_address = to_normalized_address(value)
  File "/www/wwwroot/coinceeper.com/CC/venv/lib64/python3.9/site-packages/eth_utils/address.py", line 73, in to_normalized_address
    hex_address = hexstr_if_str(to_hex, value).lower()
  File "/www/wwwroot/coinceeper.com/CC/venv/lib64/python3.9/site-packages/eth_utils/conversions.py", line 195, in hexstr_if_str
    raise ValueError(
ValueError: when sending a str, it must be a hex string. Got: 'FvwEAhmxKfeiG8SnEvq42hc6whRyY3EFYAvebMqDNDGCgxN5Z'
2025-07-18 15:02:33 - balance_service - ERROR - خطا در استفاده از API جایگزین 8: HTTPSConnectionPool(host='api.tronstation.io', port=443): Max retries exceeded with url: /v1/accounts/TJdLcKtSKpYAXJkKRMgzoFB86bKQzAQ1oy/tokens (Caused by NameResolutionError("<urllib3.connection.HTTPSConnection object at 0x7f887074bdc0>: Failed to resolve 'api.tronstation.io' ([Errno -2] Name or service not known)"))
2025-07-18 15:02:33 - balance_service - ERROR - خطا در استفاده از API جایگزین 8: HTTPSConnectionPool(host='api.tronstation.io', port=443): Max retries exceeded with url: /v1/accounts/TJdLcKtSKpYAXJkKRMgzoFB86bKQzAQ1oy/tokens (Caused by NameResolutionError("<urllib3.connection.HTTPSConnection object at 0x7f8871ad02b0>: Failed to resolve 'api.tronstation.io' ([Errno -2] Name or service not known)"))
2025-07-18 15:02:34 - balance_service - ERROR - خطا در استفاده از API جایگزین 8: HTTPSConnectionPool(host='api.tronstation.io', port=443): Max retries exceeded with url: /v1/accounts/TJdLcKtSKpYAXJkKRMgzoFB86bKQzAQ1oy/tokens (Caused by NameResolutionError("<urllib3.connection.HTTPSConnection object at 0x7f88739a6fa0>: Failed to resolve 'api.tronstation.io' ([Errno -2] Name or service not known)"))
2025-07-18 15:03:05 - balance_service - ERROR - Error getting simple user balance: (mysql.connector.errors.DatabaseError) 2003 (HY000): Can't connect to MySQL server on 'localhost:3306' (111)
(Background on this error at: https://sqlalche.me/e/20/4xp6)
2025-07-18 15:14:26 - balance_service - WARNING - No native currency found for blockchain Bitcoin
2025-07-18 15:14:26 - balance_service - WARNING - No native currency found for blockchain Avalanche
2025-07-18 15:14:26 - balance_service - WARNING - No native currency found for blockchain Arbitrum
2025-07-18 15:14:26 - balance_service - WARNING - No native currency found for blockchain Polkadot
2025-07-18 15:14:27 - balance_service - WARNING - خطا در دریافت موجودی TRC20 با API اصلی: 404 - {"timestamp":"2025-07-18T15:14:27.283+00:00","status":404,"error":"Not Found","path":"/v1/accounts/TMqywZ5t6AU7JiwBNxbRGxrfcJ6DuNKWpu/tokens"}
2025-07-18 15:14:27 - balance_service - WARNING - خطا در دریافت موجودی TRC20 با API اصلی: 404 - {"timestamp":"2025-07-18T15:14:27.564+00:00","status":404,"error":"Not Found","path":"/v1/accounts/TMqywZ5t6AU7JiwBNxbRGxrfcJ6DuNKWpu/tokens"}
2025-07-18 15:14:27 - balance_service - ERROR - Error getting EVM token balance on Avalanche: when sending a str, it must be a hex string. Got: 'FvwEAhmxKfeiG8SnEvq42hc6whRyY3EFYAvebMqDNDGCgxN5Z'
Traceback (most recent call last):
  File "/www/wwwroot/coinceeper.com/CC/services/balance_service.py", line 157, in get_token_balance
    address=Web3.to_checksum_address(contract_address),
  File "/www/wwwroot/coinceeper.com/CC/venv/lib64/python3.9/site-packages/web3/main.py", line 268, in to_checksum_address
    return to_checksum_address(value)
  File "/www/wwwroot/coinceeper.com/CC/venv/lib64/python3.9/site-packages/eth_utils/address.py", line 129, in to_checksum_address
    norm_address = to_normalized_address(value)
  File "/www/wwwroot/coinceeper.com/CC/venv/lib64/python3.9/site-packages/eth_utils/address.py", line 73, in to_normalized_address
    hex_address = hexstr_if_str(to_hex, value).lower()
  File "/www/wwwroot/coinceeper.com/CC/venv/lib64/python3.9/site-packages/eth_utils/conversions.py", line 195, in hexstr_if_str
    raise ValueError(
ValueError: when sending a str, it must be a hex string. Got: 'FvwEAhmxKfeiG8SnEvq42hc6whRyY3EFYAvebMqDNDGCgxN5Z'
2025-07-18 15:14:28 - balance_service - WARNING - خطا در دریافت موجودی TRC20 با API اصلی: 404 - {"timestamp":"2025-07-18T15:14:27.968+00:00","status":404,"error":"Not Found","path":"/v1/accounts/TMqywZ5t6AU7JiwBNxbRGxrfcJ6DuNKWpu/tokens"}
2025-07-18 15:14:28 - balance_service - ERROR - خطا در استفاده از API جایگزین 8: HTTPSConnectionPool(host='api.tronstation.io', port=443): Max retries exceeded with url: /v1/accounts/TMqywZ5t6AU7JiwBNxbRGxrfcJ6DuNKWpu/tokens (Caused by NameResolutionError("<urllib3.connection.HTTPSConnection object at 0x7f8872154670>: Failed to resolve 'api.tronstation.io' ([Errno -2] Name or service not known)"))
2025-07-18 15:14:29 - balance_service - ERROR - خطا در استفاده از API جایگزین 8: HTTPSConnectionPool(host='api.tronstation.io', port=443): Max retries exceeded with url: /v1/accounts/TMqywZ5t6AU7JiwBNxbRGxrfcJ6DuNKWpu/tokens (Caused by NameResolutionError("<urllib3.connection.HTTPSConnection object at 0x7f88722dbeb0>: Failed to resolve 'api.tronstation.io' ([Errno -2] Name or service not known)"))
2025-07-18 15:14:29 - balance_service - ERROR - خطا در استفاده از API جایگزین 8: HTTPSConnectionPool(host='api.tronstation.io', port=443): Max retries exceeded with url: /v1/accounts/TMqywZ5t6AU7JiwBNxbRGxrfcJ6DuNKWpu/tokens (Caused by NameResolutionError("<urllib3.connection.HTTPSConnection object at 0x7f88722a7c10>: Failed to resolve 'api.tronstation.io' ([Errno -2] Name or service not known)"))
2025-07-18 15:14:38 - balance_service - WARNING - No native currency found for blockchain Bitcoin
2025-07-18 15:14:38 - balance_service - WARNING - No native currency found for blockchain Avalanche
2025-07-18 15:14:38 - balance_service - WARNING - No native currency found for blockchain Arbitrum
2025-07-18 15:14:38 - balance_service - WARNING - No native currency found for blockchain Polkadot
2025-07-18 15:14:39 - balance_service - WARNING - خطا در دریافت موجودی TRC20 با API اصلی: 404 - {"timestamp":"2025-07-18T15:14:39.275+00:00","status":404,"error":"Not Found","path":"/v1/accounts/TMqywZ5t6AU7JiwBNxbRGxrfcJ6DuNKWpu/tokens"}
2025-07-18 15:14:39 - balance_service - WARNING - خطا در دریافت موجودی TRC20 با API اصلی: 404 - {"timestamp":"2025-07-18T15:14:39.487+00:00","status":404,"error":"Not Found","path":"/v1/accounts/TMqywZ5t6AU7JiwBNxbRGxrfcJ6DuNKWpu/tokens"}
2025-07-18 15:14:40 - balance_service - ERROR - Error getting EVM token balance on Avalanche: when sending a str, it must be a hex string. Got: 'FvwEAhmxKfeiG8SnEvq42hc6whRyY3EFYAvebMqDNDGCgxN5Z'
Traceback (most recent call last):
  File "/www/wwwroot/coinceeper.com/CC/services/balance_service.py", line 157, in get_token_balance
    address=Web3.to_checksum_address(contract_address),
  File "/www/wwwroot/coinceeper.com/CC/venv/lib64/python3.9/site-packages/web3/main.py", line 268, in to_checksum_address
    return to_checksum_address(value)
  File "/www/wwwroot/coinceeper.com/CC/venv/lib64/python3.9/site-packages/eth_utils/address.py", line 129, in to_checksum_address
    norm_address = to_normalized_address(value)
  File "/www/wwwroot/coinceeper.com/CC/venv/lib64/python3.9/site-packages/eth_utils/address.py", line 73, in to_normalized_address
    hex_address = hexstr_if_str(to_hex, value).lower()
  File "/www/wwwroot/coinceeper.com/CC/venv/lib64/python3.9/site-packages/eth_utils/conversions.py", line 195, in hexstr_if_str
    raise ValueError(
ValueError: when sending a str, it must be a hex string. Got: 'FvwEAhmxKfeiG8SnEvq42hc6whRyY3EFYAvebMqDNDGCgxN5Z'
2025-07-18 15:14:40 - balance_service - WARNING - خطا در دریافت موجودی TRC20 با API اصلی: 404 - {"timestamp":"2025-07-18T15:14:40.150+00:00","status":404,"error":"Not Found","path":"/v1/accounts/TMqywZ5t6AU7JiwBNxbRGxrfcJ6DuNKWpu/tokens"}
2025-07-18 15:14:40 - balance_service - ERROR - خطا در استفاده از API جایگزین 8: HTTPSConnectionPool(host='api.tronstation.io', port=443): Max retries exceeded with url: /v1/accounts/TMqywZ5t6AU7JiwBNxbRGxrfcJ6DuNKWpu/tokens (Caused by NameResolutionError("<urllib3.connection.HTTPSConnection object at 0x7f88720effd0>: Failed to resolve 'api.tronstation.io' ([Errno -2] Name or service not known)"))
2025-07-18 15:14:41 - balance_service - ERROR - خطا در استفاده از API جایگزین 8: HTTPSConnectionPool(host='api.tronstation.io', port=443): Max retries exceeded with url: /v1/accounts/TMqywZ5t6AU7JiwBNxbRGxrfcJ6DuNKWpu/tokens (Caused by NameResolutionError("<urllib3.connection.HTTPSConnection object at 0x7f8870e0e340>: Failed to resolve 'api.tronstation.io' ([Errno -2] Name or service not known)"))
2025-07-18 15:14:41 - balance_service - ERROR - خطا در استفاده از API جایگزین 8: HTTPSConnectionPool(host='api.tronstation.io', port=443): Max retries exceeded with url: /v1/accounts/TMqywZ5t6AU7JiwBNxbRGxrfcJ6DuNKWpu/tokens (Caused by NameResolutionError("<urllib3.connection.HTTPSConnection object at 0x7f88720e6d00>: Failed to resolve 'api.tronstation.io' ([Errno -2] Name or service not known)"))
2025-07-18 15:20:04 - balance_service - WARNING - No native currency found for blockchain Bitcoin
2025-07-18 15:20:04 - balance_service - WARNING - No native currency found for blockchain Avalanche
2025-07-18 15:20:04 - balance_service - WARNING - No native currency found for blockchain Arbitrum
2025-07-18 15:20:04 - balance_service - WARNING - No native currency found for blockchain Polkadot
2025-07-18 15:20:05 - balance_service - WARNING - خطا در دریافت موجودی TRC20 با API اصلی: 404 - {"timestamp":"2025-07-18T15:20:05.163+00:00","status":404,"error":"Not Found","path":"/v1/accounts/TZ47WV6faZjgk7dJmBXJgthfiqtJvAPkjA/tokens"}
2025-07-18 15:20:05 - balance_service - WARNING - خطا در دریافت موجودی TRC20 با API اصلی: 404 - {"timestamp":"2025-07-18T15:20:05.403+00:00","status":404,"error":"Not Found","path":"/v1/accounts/TZ47WV6faZjgk7dJmBXJgthfiqtJvAPkjA/tokens"}
2025-07-18 15:20:05 - balance_service - ERROR - Error getting EVM token balance on Avalanche: when sending a str, it must be a hex string. Got: 'FvwEAhmxKfeiG8SnEvq42hc6whRyY3EFYAvebMqDNDGCgxN5Z'
Traceback (most recent call last):
  File "/www/wwwroot/coinceeper.com/CC/services/balance_service.py", line 157, in get_token_balance
    address=Web3.to_checksum_address(contract_address),
  File "/www/wwwroot/coinceeper.com/CC/venv/lib64/python3.9/site-packages/web3/main.py", line 268, in to_checksum_address
    return to_checksum_address(value)
  File "/www/wwwroot/coinceeper.com/CC/venv/lib64/python3.9/site-packages/eth_utils/address.py", line 129, in to_checksum_address
    norm_address = to_normalized_address(value)
  File "/www/wwwroot/coinceeper.com/CC/venv/lib64/python3.9/site-packages/eth_utils/address.py", line 73, in to_normalized_address
    hex_address = hexstr_if_str(to_hex, value).lower()
  File "/www/wwwroot/coinceeper.com/CC/venv/lib64/python3.9/site-packages/eth_utils/conversions.py", line 195, in hexstr_if_str
    raise ValueError(
ValueError: when sending a str, it must be a hex string. Got: 'FvwEAhmxKfeiG8SnEvq42hc6whRyY3EFYAvebMqDNDGCgxN5Z'
2025-07-18 15:20:06 - balance_service - WARNING - خطا در دریافت موجودی TRC20 با API اصلی: 404 - {"timestamp":"2025-07-18T15:20:06.064+00:00","status":404,"error":"Not Found","path":"/v1/accounts/TZ47WV6faZjgk7dJmBXJgthfiqtJvAPkjA/tokens"}
2025-07-18 15:20:06 - balance_service - ERROR - خطا در استفاده از API جایگزین 8: HTTPSConnectionPool(host='api.tronstation.io', port=443): Max retries exceeded with url: /v1/accounts/TZ47WV6faZjgk7dJmBXJgthfiqtJvAPkjA/tokens (Caused by NameResolutionError("<urllib3.connection.HTTPSConnection object at 0x7f8871965a30>: Failed to resolve 'api.tronstation.io' ([Errno -2] Name or service not known)"))
2025-07-18 15:20:07 - balance_service - ERROR - خطا در استفاده از API جایگزین 8: HTTPSConnectionPool(host='api.tronstation.io', port=443): Max retries exceeded with url: /v1/accounts/TZ47WV6faZjgk7dJmBXJgthfiqtJvAPkjA/tokens (Caused by NameResolutionError("<urllib3.connection.HTTPSConnection object at 0x7f887212be50>: Failed to resolve 'api.tronstation.io' ([Errno -2] Name or service not known)"))
2025-07-18 15:20:07 - balance_service - ERROR - خطا در استفاده از API جایگزین 8: HTTPSConnectionPool(host='api.tronstation.io', port=443): Max retries exceeded with url: /v1/accounts/TZ47WV6faZjgk7dJmBXJgthfiqtJvAPkjA/tokens (Caused by NameResolutionError("<urllib3.connection.HTTPSConnection object at 0x7f887216f310>: Failed to resolve 'api.tronstation.io' ([Errno -2] Name or service not known)"))
2025-07-18 17:01:40 - balance_service - WARNING - No native currency found for blockchain Bitcoin
2025-07-18 17:01:40 - balance_service - WARNING - No native currency found for blockchain Avalanche
2025-07-18 17:01:40 - balance_service - WARNING - No native currency found for blockchain Arbitrum
2025-07-18 17:01:40 - balance_service - WARNING - No native currency found for blockchain Polkadot
2025-07-18 17:01:41 - balance_service - WARNING - خطا در دریافت موجودی TRC20 با API اصلی: 404 - {"timestamp":"2025-07-18T17:01:41.277+00:00","status":404,"error":"Not Found","path":"/v1/accounts/TQnYxrgWbpyZTPfJPZn8ZkMbAHWs2S5yZB/tokens"}
2025-07-18 17:01:41 - balance_service - WARNING - خطا در دریافت موجودی TRC20 با API اصلی: 404 - {"timestamp":"2025-07-18T17:01:41.577+00:00","status":404,"error":"Not Found","path":"/v1/accounts/TQnYxrgWbpyZTPfJPZn8ZkMbAHWs2S5yZB/tokens"}
2025-07-18 17:01:41 - balance_service - ERROR - Error getting EVM token balance on Avalanche: when sending a str, it must be a hex string. Got: 'FvwEAhmxKfeiG8SnEvq42hc6whRyY3EFYAvebMqDNDGCgxN5Z'
Traceback (most recent call last):
  File "/www/wwwroot/coinceeper.com/CC/services/balance_service.py", line 157, in get_token_balance
    address=Web3.to_checksum_address(contract_address),
  File "/www/wwwroot/coinceeper.com/CC/venv/lib64/python3.9/site-packages/web3/main.py", line 268, in to_checksum_address
    return to_checksum_address(value)
  File "/www/wwwroot/coinceeper.com/CC/venv/lib64/python3.9/site-packages/eth_utils/address.py", line 129, in to_checksum_address
    norm_address = to_normalized_address(value)
  File "/www/wwwroot/coinceeper.com/CC/venv/lib64/python3.9/site-packages/eth_utils/address.py", line 73, in to_normalized_address
    hex_address = hexstr_if_str(to_hex, value).lower()
  File "/www/wwwroot/coinceeper.com/CC/venv/lib64/python3.9/site-packages/eth_utils/conversions.py", line 195, in hexstr_if_str
    raise ValueError(
ValueError: when sending a str, it must be a hex string. Got: 'FvwEAhmxKfeiG8SnEvq42hc6whRyY3EFYAvebMqDNDGCgxN5Z'
2025-07-18 17:01:42 - balance_service - WARNING - خطا در دریافت موجودی TRC20 با API اصلی: 404 - {"timestamp":"2025-07-18T17:01:41.950+00:00","status":404,"error":"Not Found","path":"/v1/accounts/TQnYxrgWbpyZTPfJPZn8ZkMbAHWs2S5yZB/tokens"}
2025-07-18 17:01:42 - balance_service - ERROR - خطا در استفاده از API جایگزین 8: HTTPSConnectionPool(host='api.tronstation.io', port=443): Max retries exceeded with url: /v1/accounts/TQnYxrgWbpyZTPfJPZn8ZkMbAHWs2S5yZB/tokens (Caused by NameResolutionError("<urllib3.connection.HTTPSConnection object at 0x7f8871e74f10>: Failed to resolve 'api.tronstation.io' ([Errno -2] Name or service not known)"))
2025-07-18 17:01:43 - balance_service - ERROR - خطا در استفاده از API جایگزین 8: HTTPSConnectionPool(host='api.tronstation.io', port=443): Max retries exceeded with url: /v1/accounts/TQnYxrgWbpyZTPfJPZn8ZkMbAHWs2S5yZB/tokens (Caused by NameResolutionError("<urllib3.connection.HTTPSConnection object at 0x7f88710485e0>: Failed to resolve 'api.tronstation.io' ([Errno -2] Name or service not known)"))
2025-07-18 17:01:43 - balance_service - ERROR - خطا در استفاده از API جایگزین 8: HTTPSConnectionPool(host='api.tronstation.io', port=443): Max retries exceeded with url: /v1/accounts/TQnYxrgWbpyZTPfJPZn8ZkMbAHWs2S5yZB/tokens (Caused by NameResolutionError("<urllib3.connection.HTTPSConnection object at 0x7f8871de1a00>: Failed to resolve 'api.tronstation.io' ([Errno -2] Name or service not known)"))
2025-07-18 17:01:52 - balance_service - WARNING - No native currency found for blockchain Bitcoin
2025-07-18 17:01:52 - balance_service - WARNING - No native currency found for blockchain Avalanche
2025-07-18 17:01:52 - balance_service - WARNING - No native currency found for blockchain Arbitrum
2025-07-18 17:01:52 - balance_service - WARNING - No native currency found for blockchain Polkadot
2025-07-18 17:01:53 - balance_service - WARNING - خطا در دریافت موجودی TRC20 با API اصلی: 404 - {"timestamp":"2025-07-18T17:01:53.218+00:00","status":404,"error":"Not Found","path":"/v1/accounts/TQnYxrgWbpyZTPfJPZn8ZkMbAHWs2S5yZB/tokens"}
2025-07-18 17:01:53 - balance_service - WARNING - خطا در دریافت موجودی TRC20 با API اصلی: 404 - {"timestamp":"2025-07-18T17:01:53.462+00:00","status":404,"error":"Not Found","path":"/v1/accounts/TQnYxrgWbpyZTPfJPZn8ZkMbAHWs2S5yZB/tokens"}
2025-07-18 17:01:54 - balance_service - ERROR - Error getting EVM token balance on Avalanche: when sending a str, it must be a hex string. Got: 'FvwEAhmxKfeiG8SnEvq42hc6whRyY3EFYAvebMqDNDGCgxN5Z'
Traceback (most recent call last):
  File "/www/wwwroot/coinceeper.com/CC/services/balance_service.py", line 157, in get_token_balance
    address=Web3.to_checksum_address(contract_address),
  File "/www/wwwroot/coinceeper.com/CC/venv/lib64/python3.9/site-packages/web3/main.py", line 268, in to_checksum_address
    return to_checksum_address(value)
  File "/www/wwwroot/coinceeper.com/CC/venv/lib64/python3.9/site-packages/eth_utils/address.py", line 129, in to_checksum_address
    norm_address = to_normalized_address(value)
  File "/www/wwwroot/coinceeper.com/CC/venv/lib64/python3.9/site-packages/eth_utils/address.py", line 73, in to_normalized_address
    hex_address = hexstr_if_str(to_hex, value).lower()
  File "/www/wwwroot/coinceeper.com/CC/venv/lib64/python3.9/site-packages/eth_utils/conversions.py", line 195, in hexstr_if_str
    raise ValueError(
ValueError: when sending a str, it must be a hex string. Got: 'FvwEAhmxKfeiG8SnEvq42hc6whRyY3EFYAvebMqDNDGCgxN5Z'
2025-07-18 17:01:54 - balance_service - WARNING - خطا در دریافت موجودی TRC20 با API اصلی: 404 - {"timestamp":"2025-07-18T17:01:54.162+00:00","status":404,"error":"Not Found","path":"/v1/accounts/TQnYxrgWbpyZTPfJPZn8ZkMbAHWs2S5yZB/tokens"}
2025-07-18 17:01:55 - balance_service - ERROR - خطا در استفاده از API جایگزین 8: HTTPSConnectionPool(host='api.tronstation.io', port=443): Max retries exceeded with url: /v1/accounts/TQnYxrgWbpyZTPfJPZn8ZkMbAHWs2S5yZB/tokens (Caused by NameResolutionError("<urllib3.connection.HTTPSConnection object at 0x7f8871fec190>: Failed to resolve 'api.tronstation.io' ([Errno -2] Name or service not known)"))
2025-07-18 17:01:55 - balance_service - ERROR - خطا در استفاده از API جایگزین 8: HTTPSConnectionPool(host='api.tronstation.io', port=443): Max retries exceeded with url: /v1/accounts/TQnYxrgWbpyZTPfJPZn8ZkMbAHWs2S5yZB/tokens (Caused by NameResolutionError("<urllib3.connection.HTTPSConnection object at 0x7f887209bbb0>: Failed to resolve 'api.tronstation.io' ([Errno -2] Name or service not known)"))
2025-07-18 17:01:55 - balance_service - ERROR - خطا در استفاده از API جایگزین 8: HTTPSConnectionPool(host='api.tronstation.io', port=443): Max retries exceeded with url: /v1/accounts/TQnYxrgWbpyZTPfJPZn8ZkMbAHWs2S5yZB/tokens (Caused by NameResolutionError("<urllib3.connection.HTTPSConnection object at 0x7f88717194c0>: Failed to resolve 'api.tronstation.io' ([Errno -2] Name or service not known)"))
2025-07-18 17:52:03 - balance_service - WARNING - No native currency found for blockchain Bitcoin
2025-07-18 17:52:03 - balance_service - WARNING - No native currency found for blockchain Avalanche
2025-07-18 17:52:03 - balance_service - WARNING - No native currency found for blockchain Arbitrum
2025-07-18 17:52:03 - balance_service - WARNING - No native currency found for blockchain Polkadot
2025-07-18 17:52:04 - balance_service - WARNING - خطا در دریافت موجودی TRC20 با API اصلی: 404 - {"timestamp":"2025-07-18T17:52:04.080+00:00","status":404,"error":"Not Found","path":"/v1/accounts/TYmS7mqVWE9KUZ8KFu6LnHowWE53WfiYAH/tokens"}
2025-07-18 17:52:04 - balance_service - WARNING - خطا در دریافت موجودی TRC20 با API اصلی: 404 - {"timestamp":"2025-07-18T17:52:04.337+00:00","status":404,"error":"Not Found","path":"/v1/accounts/TYmS7mqVWE9KUZ8KFu6LnHowWE53WfiYAH/tokens"}
2025-07-18 17:52:04 - balance_service - ERROR - Error getting EVM token balance on Avalanche: when sending a str, it must be a hex string. Got: 'FvwEAhmxKfeiG8SnEvq42hc6whRyY3EFYAvebMqDNDGCgxN5Z'
Traceback (most recent call last):
  File "/www/wwwroot/coinceeper.com/CC/services/balance_service.py", line 157, in get_token_balance
    address=Web3.to_checksum_address(contract_address),
  File "/www/wwwroot/coinceeper.com/CC/venv/lib64/python3.9/site-packages/web3/main.py", line 268, in to_checksum_address
    return to_checksum_address(value)
  File "/www/wwwroot/coinceeper.com/CC/venv/lib64/python3.9/site-packages/eth_utils/address.py", line 129, in to_checksum_address
    norm_address = to_normalized_address(value)
  File "/www/wwwroot/coinceeper.com/CC/venv/lib64/python3.9/site-packages/eth_utils/address.py", line 73, in to_normalized_address
    hex_address = hexstr_if_str(to_hex, value).lower()
  File "/www/wwwroot/coinceeper.com/CC/venv/lib64/python3.9/site-packages/eth_utils/conversions.py", line 195, in hexstr_if_str
    raise ValueError(
ValueError: when sending a str, it must be a hex string. Got: 'FvwEAhmxKfeiG8SnEvq42hc6whRyY3EFYAvebMqDNDGCgxN5Z'
2025-07-18 17:52:05 - balance_service - WARNING - خطا در دریافت موجودی TRC20 با API اصلی: 404 - {"timestamp":"2025-07-18T17:52:04.999+00:00","status":404,"error":"Not Found","path":"/v1/accounts/TYmS7mqVWE9KUZ8KFu6LnHowWE53WfiYAH/tokens"}
2025-07-18 17:52:05 - balance_service - ERROR - خطا در استفاده از API جایگزین 8: HTTPSConnectionPool(host='api.tronstation.io', port=443): Max retries exceeded with url: /v1/accounts/TYmS7mqVWE9KUZ8KFu6LnHowWE53WfiYAH/tokens (Caused by NameResolutionError("<urllib3.connection.HTTPSConnection object at 0x7f88723e1b20>: Failed to resolve 'api.tronstation.io' ([Errno -2] Name or service not known)"))
2025-07-18 17:52:06 - balance_service - ERROR - خطا در استفاده از API جایگزین 8: HTTPSConnectionPool(host='api.tronstation.io', port=443): Max retries exceeded with url: /v1/accounts/TYmS7mqVWE9KUZ8KFu6LnHowWE53WfiYAH/tokens (Caused by NameResolutionError("<urllib3.connection.HTTPSConnection object at 0x7f887074fbb0>: Failed to resolve 'api.tronstation.io' ([Errno -2] Name or service not known)"))
2025-07-18 17:52:06 - balance_service - WARNING - Error getting token decimals, using default 18: 429 Client Error: Too Many Requests for url: https://mainnet.infura.io/v3/a8ab43a04ce044de988a838d92f478a7
2025-07-18 17:52:06 - balance_service - ERROR - خطا در استفاده از API جایگزین 8: HTTPSConnectionPool(host='api.tronstation.io', port=443): Max retries exceeded with url: /v1/accounts/TYmS7mqVWE9KUZ8KFu6LnHowWE53WfiYAH/tokens (Caused by NameResolutionError("<urllib3.connection.HTTPSConnection object at 0x7f88707404f0>: Failed to resolve 'api.tronstation.io' ([Errno -2] Name or service not known)"))
2025-07-18 17:52:15 - balance_service - WARNING - No native currency found for blockchain Bitcoin
2025-07-18 17:52:15 - balance_service - WARNING - No native currency found for blockchain Avalanche
2025-07-18 17:52:15 - balance_service - WARNING - No native currency found for blockchain Arbitrum
2025-07-18 17:52:15 - balance_service - WARNING - No native currency found for blockchain Polkadot
2025-07-18 17:52:16 - balance_service - WARNING - خطا در دریافت موجودی TRC20 با API اصلی: 404 - {"timestamp":"2025-07-18T17:52:16.191+00:00","status":404,"error":"Not Found","path":"/v1/accounts/TYmS7mqVWE9KUZ8KFu6LnHowWE53WfiYAH/tokens"}
2025-07-18 17:52:16 - balance_service - WARNING - خطا در دریافت موجودی TRC20 با API اصلی: 404 - {"timestamp":"2025-07-18T17:52:16.411+00:00","status":404,"error":"Not Found","path":"/v1/accounts/TYmS7mqVWE9KUZ8KFu6LnHowWE53WfiYAH/tokens"}
2025-07-18 17:52:17 - balance_service - WARNING - خطا در دریافت موجودی TRC20 با API اصلی: 404 - {"timestamp":"2025-07-18T17:52:17.047+00:00","status":404,"error":"Not Found","path":"/v1/accounts/TYmS7mqVWE9KUZ8KFu6LnHowWE53WfiYAH/tokens"}
2025-07-18 17:52:17 - balance_service - ERROR - خطا در استفاده از API جایگزین 8: HTTPSConnectionPool(host='api.tronstation.io', port=443): Max retries exceeded with url: /v1/accounts/TYmS7mqVWE9KUZ8KFu6LnHowWE53WfiYAH/tokens (Caused by NameResolutionError("<urllib3.connection.HTTPSConnection object at 0x7f8872218280>: Failed to resolve 'api.tronstation.io' ([Errno -2] Name or service not known)"))
2025-07-18 17:52:18 - balance_service - ERROR - خطا در استفاده از API جایگزین 8: HTTPSConnectionPool(host='api.tronstation.io', port=443): Max retries exceeded with url: /v1/accounts/TYmS7mqVWE9KUZ8KFu6LnHowWE53WfiYAH/tokens (Caused by NameResolutionError("<urllib3.connection.HTTPSConnection object at 0x7f88721800d0>: Failed to resolve 'api.tronstation.io' ([Errno -2] Name or service not known)"))
2025-07-18 17:52:18 - balance_service - ERROR - Error getting EVM token balance on Avalanche: when sending a str, it must be a hex string. Got: 'FvwEAhmxKfeiG8SnEvq42hc6whRyY3EFYAvebMqDNDGCgxN5Z'
Traceback (most recent call last):
  File "/www/wwwroot/coinceeper.com/CC/services/balance_service.py", line 157, in get_token_balance
    address=Web3.to_checksum_address(contract_address),
  File "/www/wwwroot/coinceeper.com/CC/venv/lib64/python3.9/site-packages/web3/main.py", line 268, in to_checksum_address
    return to_checksum_address(value)
  File "/www/wwwroot/coinceeper.com/CC/venv/lib64/python3.9/site-packages/eth_utils/address.py", line 129, in to_checksum_address
    norm_address = to_normalized_address(value)
  File "/www/wwwroot/coinceeper.com/CC/venv/lib64/python3.9/site-packages/eth_utils/address.py", line 73, in to_normalized_address
    hex_address = hexstr_if_str(to_hex, value).lower()
  File "/www/wwwroot/coinceeper.com/CC/venv/lib64/python3.9/site-packages/eth_utils/conversions.py", line 195, in hexstr_if_str
    raise ValueError(
ValueError: when sending a str, it must be a hex string. Got: 'FvwEAhmxKfeiG8SnEvq42hc6whRyY3EFYAvebMqDNDGCgxN5Z'
2025-07-18 17:52:18 - balance_service - ERROR - Error getting EVM token balance on Ethereum: 429 Client Error: Too Many Requests for url: https://mainnet.infura.io/v3/a8ab43a04ce044de988a838d92f478a7
Traceback (most recent call last):
  File "/www/wwwroot/coinceeper.com/CC/services/balance_service.py", line 163, in get_token_balance
    balance = token_contract.functions.balanceOf(
  File "/www/wwwroot/coinceeper.com/CC/venv/lib64/python3.9/site-packages/web3/contract/contract.py", line 291, in call
    return call_contract_function(
  File "/www/wwwroot/coinceeper.com/CC/venv/lib64/python3.9/site-packages/web3/contract/utils.py", line 154, in call_contract_function
    return_data = w3.eth.call(
  File "/www/wwwroot/coinceeper.com/CC/venv/lib64/python3.9/site-packages/web3/eth/eth.py", line 247, in call
    return self._durin_call(transaction, block_identifier, state_override)
  File "/www/wwwroot/coinceeper.com/CC/venv/lib64/python3.9/site-packages/web3/eth/eth.py", line 266, in _durin_call
    return self._call(transaction, block_identifier, state_override)
  File "/www/wwwroot/coinceeper.com/CC/venv/lib64/python3.9/site-packages/web3/module.py", line 112, in caller
    result = w3.manager.request_blocking(
  File "/www/wwwroot/coinceeper.com/CC/venv/lib64/python3.9/site-packages/web3/manager.py", line 231, in request_blocking
    response = self._make_request(method, params)
  File "/www/wwwroot/coinceeper.com/CC/venv/lib64/python3.9/site-packages/web3/manager.py", line 163, in _make_request
    return request_func(method, params)
  File "/www/wwwroot/coinceeper.com/CC/venv/lib64/python3.9/site-packages/web3/middleware/base.py", line 56, in middleware
    return self.response_processor(method, make_request(method, params))
  File "/www/wwwroot/coinceeper.com/CC/venv/lib64/python3.9/site-packages/web3/middleware/base.py", line 56, in middleware
    return self.response_processor(method, make_request(method, params))
  File "/www/wwwroot/coinceeper.com/CC/venv/lib64/python3.9/site-packages/web3/middleware/base.py", line 56, in middleware
    return self.response_processor(method, make_request(method, params))
  File "/www/wwwroot/coinceeper.com/CC/venv/lib64/python3.9/site-packages/web3/middleware/base.py", line 55, in middleware
    method, params = self.request_processor(method, params)
  File "/www/wwwroot/coinceeper.com/CC/venv/lib64/python3.9/site-packages/web3/middleware/formatting.py", line 150, in request_processor
    self.sync_formatters_builder(cast("Web3", self._w3), method),
  File "/www/wwwroot/coinceeper.com/CC/venv/lib64/python3.9/site-packages/web3/middleware/validation.py", line 141, in build_method_validators
    w3_chain_id = w3.eth.chain_id
  File "/www/wwwroot/coinceeper.com/CC/venv/lib64/python3.9/site-packages/web3/eth/eth.py", line 156, in chain_id
    return self._chain_id()
  File "/www/wwwroot/coinceeper.com/CC/venv/lib64/python3.9/site-packages/web3/module.py", line 112, in caller
    result = w3.manager.request_blocking(
  File "/www/wwwroot/coinceeper.com/CC/venv/lib64/python3.9/site-packages/web3/manager.py", line 231, in request_blocking
    response = self._make_request(method, params)
  File "/www/wwwroot/coinceeper.com/CC/venv/lib64/python3.9/site-packages/web3/manager.py", line 163, in _make_request
    return request_func(method, params)
  File "/www/wwwroot/coinceeper.com/CC/venv/lib64/python3.9/site-packages/web3/middleware/base.py", line 56, in middleware
    return self.response_processor(method, make_request(method, params))
  File "/www/wwwroot/coinceeper.com/CC/venv/lib64/python3.9/site-packages/web3/middleware/base.py", line 56, in middleware
    return self.response_processor(method, make_request(method, params))
  File "/www/wwwroot/coinceeper.com/CC/venv/lib64/python3.9/site-packages/web3/middleware/base.py", line 56, in middleware
    return self.response_processor(method, make_request(method, params))
  [Previous line repeated 2 more times]
  File "/www/wwwroot/coinceeper.com/CC/venv/lib64/python3.9/site-packages/web3/_utils/caching/caching_utils.py", line 261, in wrapper
    return func(provider, method, params)
  File "/www/wwwroot/coinceeper.com/CC/venv/lib64/python3.9/site-packages/web3/providers/rpc/rpc.py", line 170, in make_request
    raw_response = self._make_request(method, request_data)
  File "/www/wwwroot/coinceeper.com/CC/venv/lib64/python3.9/site-packages/web3/providers/rpc/rpc.py", line 157, in _make_request
    raise e
  File "/www/wwwroot/coinceeper.com/CC/venv/lib64/python3.9/site-packages/web3/providers/rpc/rpc.py", line 147, in _make_request
    return self._request_session_manager.make_post_request(
  File "/www/wwwroot/coinceeper.com/CC/venv/lib64/python3.9/site-packages/web3/_utils/http_session_manager.py", line 148, in make_post_request
    response.raise_for_status()
  File "/www/wwwroot/coinceeper.com/CC/venv/lib64/python3.9/site-packages/requests/models.py", line 1024, in raise_for_status
    raise HTTPError(http_error_msg, response=self)
requests.exceptions.HTTPError: 429 Client Error: Too Many Requests for url: https://mainnet.infura.io/v3/a8ab43a04ce044de988a838d92f478a7
2025-07-18 17:52:18 - balance_service - ERROR - خطا در استفاده از API جایگزین 8: HTTPSConnectionPool(host='api.tronstation.io', port=443): Max retries exceeded with url: /v1/accounts/TYmS7mqVWE9KUZ8KFu6LnHowWE53WfiYAH/tokens (Caused by NameResolutionError("<urllib3.connection.HTTPSConnection object at 0x7f8871743730>: Failed to resolve 'api.tronstation.io' ([Errno -2] Name or service not known)"))
2025-07-18 17:52:18 - balance_service - ERROR - Error getting EVM token balance on Ethereum: 429 Client Error: Too Many Requests for url: https://mainnet.infura.io/v3/a8ab43a04ce044de988a838d92f478a7
Traceback (most recent call last):
  File "/www/wwwroot/coinceeper.com/CC/services/balance_service.py", line 163, in get_token_balance
    balance = token_contract.functions.balanceOf(
  File "/www/wwwroot/coinceeper.com/CC/venv/lib64/python3.9/site-packages/web3/contract/contract.py", line 291, in call
    return call_contract_function(
  File "/www/wwwroot/coinceeper.com/CC/venv/lib64/python3.9/site-packages/web3/contract/utils.py", line 154, in call_contract_function
    return_data = w3.eth.call(
  File "/www/wwwroot/coinceeper.com/CC/venv/lib64/python3.9/site-packages/web3/eth/eth.py", line 247, in call
    return self._durin_call(transaction, block_identifier, state_override)
  File "/www/wwwroot/coinceeper.com/CC/venv/lib64/python3.9/site-packages/web3/eth/eth.py", line 266, in _durin_call
    return self._call(transaction, block_identifier, state_override)
  File "/www/wwwroot/coinceeper.com/CC/venv/lib64/python3.9/site-packages/web3/module.py", line 112, in caller
    result = w3.manager.request_blocking(
  File "/www/wwwroot/coinceeper.com/CC/venv/lib64/python3.9/site-packages/web3/manager.py", line 231, in request_blocking
    response = self._make_request(method, params)
  File "/www/wwwroot/coinceeper.com/CC/venv/lib64/python3.9/site-packages/web3/manager.py", line 163, in _make_request
    return request_func(method, params)
  File "/www/wwwroot/coinceeper.com/CC/venv/lib64/python3.9/site-packages/web3/middleware/base.py", line 56, in middleware
    return self.response_processor(method, make_request(method, params))
  File "/www/wwwroot/coinceeper.com/CC/venv/lib64/python3.9/site-packages/web3/middleware/base.py", line 56, in middleware
    return self.response_processor(method, make_request(method, params))
  File "/www/wwwroot/coinceeper.com/CC/venv/lib64/python3.9/site-packages/web3/middleware/base.py", line 56, in middleware
    return self.response_processor(method, make_request(method, params))
  [Previous line repeated 2 more times]
  File "/www/wwwroot/coinceeper.com/CC/venv/lib64/python3.9/site-packages/web3/_utils/caching/caching_utils.py", line 261, in wrapper
    return func(provider, method, params)
  File "/www/wwwroot/coinceeper.com/CC/venv/lib64/python3.9/site-packages/web3/providers/rpc/rpc.py", line 170, in make_request
    raw_response = self._make_request(method, request_data)
  File "/www/wwwroot/coinceeper.com/CC/venv/lib64/python3.9/site-packages/web3/providers/rpc/rpc.py", line 157, in _make_request
    raise e
  File "/www/wwwroot/coinceeper.com/CC/venv/lib64/python3.9/site-packages/web3/providers/rpc/rpc.py", line 147, in _make_request
    return self._request_session_manager.make_post_request(
  File "/www/wwwroot/coinceeper.com/CC/venv/lib64/python3.9/site-packages/web3/_utils/http_session_manager.py", line 148, in make_post_request
    response.raise_for_status()
  File "/www/wwwroot/coinceeper.com/CC/venv/lib64/python3.9/site-packages/requests/models.py", line 1024, in raise_for_status
    raise HTTPError(http_error_msg, response=self)
requests.exceptions.HTTPError: 429 Client Error: Too Many Requests for url: https://mainnet.infura.io/v3/a8ab43a04ce044de988a838d92f478a7
2025-07-18 19:03:52 - balance_service - WARNING - No native currency found for blockchain Bitcoin
2025-07-18 19:03:52 - balance_service - WARNING - No native currency found for blockchain Avalanche
2025-07-18 19:03:52 - balance_service - WARNING - No native currency found for blockchain Arbitrum
2025-07-18 19:03:52 - balance_service - WARNING - No native currency found for blockchain Polkadot
2025-07-18 19:03:53 - balance_service - WARNING - خطا در دریافت موجودی TRC20 با API اصلی: 404 - {"timestamp":"2025-07-18T19:03:53.045+00:00","status":404,"error":"Not Found","path":"/v1/accounts/TWxYj1EgkXikRh3SszVUQniB6NcLNKeRfy/tokens"}
2025-07-18 19:03:53 - balance_service - WARNING - خطا در دریافت موجودی TRC20 با API اصلی: 404 - {"timestamp":"2025-07-18T19:03:53.376+00:00","status":404,"error":"Not Found","path":"/v1/accounts/TWxYj1EgkXikRh3SszVUQniB6NcLNKeRfy/tokens"}
2025-07-18 19:03:53 - balance_service - ERROR - Error getting EVM token balance on Avalanche: when sending a str, it must be a hex string. Got: 'FvwEAhmxKfeiG8SnEvq42hc6whRyY3EFYAvebMqDNDGCgxN5Z'
Traceback (most recent call last):
  File "/www/wwwroot/coinceeper.com/CC/services/balance_service.py", line 157, in get_token_balance
    address=Web3.to_checksum_address(contract_address),
  File "/www/wwwroot/coinceeper.com/CC/venv/lib64/python3.9/site-packages/web3/main.py", line 268, in to_checksum_address
    return to_checksum_address(value)
  File "/www/wwwroot/coinceeper.com/CC/venv/lib64/python3.9/site-packages/eth_utils/address.py", line 129, in to_checksum_address
    norm_address = to_normalized_address(value)
  File "/www/wwwroot/coinceeper.com/CC/venv/lib64/python3.9/site-packages/eth_utils/address.py", line 73, in to_normalized_address
    hex_address = hexstr_if_str(to_hex, value).lower()
  File "/www/wwwroot/coinceeper.com/CC/venv/lib64/python3.9/site-packages/eth_utils/conversions.py", line 195, in hexstr_if_str
    raise ValueError(
ValueError: when sending a str, it must be a hex string. Got: 'FvwEAhmxKfeiG8SnEvq42hc6whRyY3EFYAvebMqDNDGCgxN5Z'
2025-07-18 19:03:53 - balance_service - WARNING - خطا در دریافت موجودی TRC20 با API اصلی: 404 - {"timestamp":"2025-07-18T19:03:53.957+00:00","status":404,"error":"Not Found","path":"/v1/accounts/TWxYj1EgkXikRh3SszVUQniB6NcLNKeRfy/tokens"}
2025-07-18 19:03:54 - balance_service - WARNING - No native currency found for blockchain Bitcoin
2025-07-18 19:03:54 - balance_service - WARNING - No native currency found for blockchain Avalanche
2025-07-18 19:03:54 - balance_service - WARNING - No native currency found for blockchain Arbitrum
2025-07-18 19:03:54 - balance_service - WARNING - No native currency found for blockchain Polkadot
2025-07-18 19:03:54 - balance_service - WARNING - خطا در دریافت موجودی TRC20 با API اصلی: 404 - {"timestamp":"2025-07-18T19:03:54.590+00:00","status":404,"error":"Not Found","path":"/v1/accounts/TWxYj1EgkXikRh3SszVUQniB6NcLNKeRfy/tokens"}
2025-07-18 19:03:54 - balance_service - WARNING - خطا در دریافت موجودی TRC20 با API اصلی: 404 - {"timestamp":"2025-07-18T19:03:54.802+00:00","status":404,"error":"Not Found","path":"/v1/accounts/TWxYj1EgkXikRh3SszVUQniB6NcLNKeRfy/tokens"}
2025-07-18 19:03:54 - balance_service - ERROR - خطا در استفاده از API جایگزین 8: HTTPSConnectionPool(host='api.tronstation.io', port=443): Max retries exceeded with url: /v1/accounts/TWxYj1EgkXikRh3SszVUQniB6NcLNKeRfy/tokens (Caused by NameResolutionError("<urllib3.connection.HTTPSConnection object at 0x7f88700bd610>: Failed to resolve 'api.tronstation.io' ([Errno -2] Name or service not known)"))
2025-07-18 19:03:54 - balance_service - WARNING - No native currency found for blockchain Bitcoin
2025-07-18 19:03:54 - balance_service - WARNING - No native currency found for blockchain Avalanche
2025-07-18 19:03:54 - balance_service - WARNING - No native currency found for blockchain Arbitrum
2025-07-18 19:03:54 - balance_service - WARNING - No native currency found for blockchain Polkadot
2025-07-18 19:03:55 - balance_service - ERROR - خطا در استفاده از API جایگزین 8: HTTPSConnectionPool(host='api.tronstation.io', port=443): Max retries exceeded with url: /v1/accounts/TWxYj1EgkXikRh3SszVUQniB6NcLNKeRfy/tokens (Caused by NameResolutionError("<urllib3.connection.HTTPSConnection object at 0x7f88709fbd00>: Failed to resolve 'api.tronstation.io' ([Errno -2] Name or service not known)"))
2025-07-18 19:03:55 - balance_service - WARNING - خطا در دریافت موجودی TRC20 با API اصلی: 404 - {"timestamp":"2025-07-18T19:03:55.470+00:00","status":404,"error":"Not Found","path":"/v1/accounts/TWxYj1EgkXikRh3SszVUQniB6NcLNKeRfy/tokens"}
2025-07-18 19:03:55 - balance_service - ERROR - Error getting EVM token balance on Avalanche: when sending a str, it must be a hex string. Got: 'FvwEAhmxKfeiG8SnEvq42hc6whRyY3EFYAvebMqDNDGCgxN5Z'
Traceback (most recent call last):
  File "/www/wwwroot/coinceeper.com/CC/services/balance_service.py", line 157, in get_token_balance
    address=Web3.to_checksum_address(contract_address),
  File "/www/wwwroot/coinceeper.com/CC/venv/lib64/python3.9/site-packages/web3/main.py", line 268, in to_checksum_address
    return to_checksum_address(value)
  File "/www/wwwroot/coinceeper.com/CC/venv/lib64/python3.9/site-packages/eth_utils/address.py", line 129, in to_checksum_address
    norm_address = to_normalized_address(value)
  File "/www/wwwroot/coinceeper.com/CC/venv/lib64/python3.9/site-packages/eth_utils/address.py", line 73, in to_normalized_address
    hex_address = hexstr_if_str(to_hex, value).lower()
  File "/www/wwwroot/coinceeper.com/CC/venv/lib64/python3.9/site-packages/eth_utils/conversions.py", line 195, in hexstr_if_str
    raise ValueError(
ValueError: when sending a str, it must be a hex string. Got: 'FvwEAhmxKfeiG8SnEvq42hc6whRyY3EFYAvebMqDNDGCgxN5Z'
2025-07-18 19:03:55 - balance_service - ERROR - خطا در استفاده از API جایگزین 8: HTTPSConnectionPool(host='api.tronstation.io', port=443): Max retries exceeded with url: /v1/accounts/TWxYj1EgkXikRh3SszVUQniB6NcLNKeRfy/tokens (Caused by NameResolutionError("<urllib3.connection.HTTPSConnection object at 0x7f8872214280>: Failed to resolve 'api.tronstation.io' ([Errno -2] Name or service not known)"))
2025-07-18 19:03:55 - balance_service - WARNING - خطا در دریافت موجودی TRC20 با API اصلی: 404 - {"timestamp":"2025-07-18T19:03:55.747+00:00","status":404,"error":"Not Found","path":"/v1/accounts/TWxYj1EgkXikRh3SszVUQniB6NcLNKeRfy/tokens"}
2025-07-18 19:03:56 - balance_service - WARNING - خطا در دریافت موجودی TRC20 با API اصلی: 404 - {"timestamp":"2025-07-18T19:03:55.968+00:00","status":404,"error":"Not Found","path":"/v1/accounts/TWxYj1EgkXikRh3SszVUQniB6NcLNKeRfy/tokens"}
2025-07-18 19:03:56 - balance_service - ERROR - خطا در استفاده از API جایگزین 8: HTTPSConnectionPool(host='api.tronstation.io', port=443): Max retries exceeded with url: /v1/accounts/TWxYj1EgkXikRh3SszVUQniB6NcLNKeRfy/tokens (Caused by NameResolutionError("<urllib3.connection.HTTPSConnection object at 0x7f8870f90be0>: Failed to resolve 'api.tronstation.io' ([Errno -2] Name or service not known)"))
2025-07-18 19:03:56 - balance_service - ERROR - خطا در استفاده از API جایگزین 8: HTTPSConnectionPool(host='api.tronstation.io', port=443): Max retries exceeded with url: /v1/accounts/TWxYj1EgkXikRh3SszVUQniB6NcLNKeRfy/tokens (Caused by NameResolutionError("<urllib3.connection.HTTPSConnection object at 0x7f88719f31f0>: Failed to resolve 'api.tronstation.io' ([Errno -2] Name or service not known)"))
2025-07-18 19:03:56 - balance_service - WARNING - خطا در دریافت موجودی TRC20 با API اصلی: 404 - {"timestamp":"2025-07-18T19:03:56.823+00:00","status":404,"error":"Not Found","path":"/v1/accounts/TWxYj1EgkXikRh3SszVUQniB6NcLNKeRfy/tokens"}
2025-07-18 19:03:56 - balance_service - ERROR - Error getting EVM token balance on Avalanche: when sending a str, it must be a hex string. Got: 'FvwEAhmxKfeiG8SnEvq42hc6whRyY3EFYAvebMqDNDGCgxN5Z'
Traceback (most recent call last):
  File "/www/wwwroot/coinceeper.com/CC/services/balance_service.py", line 157, in get_token_balance
    address=Web3.to_checksum_address(contract_address),
  File "/www/wwwroot/coinceeper.com/CC/venv/lib64/python3.9/site-packages/web3/main.py", line 268, in to_checksum_address
    return to_checksum_address(value)
  File "/www/wwwroot/coinceeper.com/CC/venv/lib64/python3.9/site-packages/eth_utils/address.py", line 129, in to_checksum_address
    norm_address = to_normalized_address(value)
  File "/www/wwwroot/coinceeper.com/CC/venv/lib64/python3.9/site-packages/eth_utils/address.py", line 73, in to_normalized_address
    hex_address = hexstr_if_str(to_hex, value).lower()
  File "/www/wwwroot/coinceeper.com/CC/venv/lib64/python3.9/site-packages/eth_utils/conversions.py", line 195, in hexstr_if_str
    raise ValueError(
ValueError: when sending a str, it must be a hex string. Got: 'FvwEAhmxKfeiG8SnEvq42hc6whRyY3EFYAvebMqDNDGCgxN5Z'
2025-07-18 19:03:57 - balance_service - ERROR - خطا در استفاده از API جایگزین 8: HTTPSConnectionPool(host='api.tronstation.io', port=443): Max retries exceeded with url: /v1/accounts/TWxYj1EgkXikRh3SszVUQniB6NcLNKeRfy/tokens (Caused by NameResolutionError("<urllib3.connection.HTTPSConnection object at 0x7f8871a8db80>: Failed to resolve 'api.tronstation.io' ([Errno -2] Name or service not known)"))
2025-07-18 19:03:57 - balance_service - ERROR - خطا در استفاده از API جایگزین 8: HTTPSConnectionPool(host='api.tronstation.io', port=443): Max retries exceeded with url: /v1/accounts/TWxYj1EgkXikRh3SszVUQniB6NcLNKeRfy/tokens (Caused by NameResolutionError("<urllib3.connection.HTTPSConnection object at 0x7f8871e8f520>: Failed to resolve 'api.tronstation.io' ([Errno -2] Name or service not known)"))
2025-07-18 19:03:57 - balance_service - ERROR - خطا در استفاده از API جایگزین 8: HTTPSConnectionPool(host='api.tronstation.io', port=443): Max retries exceeded with url: /v1/accounts/TWxYj1EgkXikRh3SszVUQniB6NcLNKeRfy/tokens (Caused by NameResolutionError("<urllib3.connection.HTTPSConnection object at 0x7f88703aa790>: Failed to resolve 'api.tronstation.io' ([Errno -2] Name or service not known)"))
2025-07-18 19:03:58 - balance_service - ERROR - خطا در استفاده از API جایگزین 8: HTTPSConnectionPool(host='api.tronstation.io', port=443): Max retries exceeded with url: /v1/accounts/TWxYj1EgkXikRh3SszVUQniB6NcLNKeRfy/tokens (Caused by NameResolutionError("<urllib3.connection.HTTPSConnection object at 0x7f887105cdf0>: Failed to resolve 'api.tronstation.io' ([Errno -2] Name or service not known)"))
2025-07-18 19:04:22 - balance_service - WARNING - No native currency found for blockchain Bitcoin
2025-07-18 19:04:22 - balance_service - WARNING - No native currency found for blockchain Avalanche
2025-07-18 19:04:22 - balance_service - WARNING - No native currency found for blockchain Arbitrum
2025-07-18 19:04:22 - balance_service - WARNING - No native currency found for blockchain Polkadot
2025-07-18 19:04:23 - balance_service - WARNING - خطا در دریافت موجودی TRC20 با API اصلی: 404 - {"timestamp":"2025-07-18T19:04:23.602+00:00","status":404,"error":"Not Found","path":"/v1/accounts/TWxYj1EgkXikRh3SszVUQniB6NcLNKeRfy/tokens"}
2025-07-18 19:04:23 - balance_service - WARNING - خطا در دریافت موجودی TRC20 با API اصلی: 404 - {"timestamp":"2025-07-18T19:04:23.808+00:00","status":404,"error":"Not Found","path":"/v1/accounts/TWxYj1EgkXikRh3SszVUQniB6NcLNKeRfy/tokens"}
2025-07-18 19:04:24 - balance_service - WARNING - خطا در دریافت موجودی TRC20 با API اصلی: 404 - {"timestamp":"2025-07-18T19:04:24.509+00:00","status":404,"error":"Not Found","path":"/v1/accounts/TWxYj1EgkXikRh3SszVUQniB6NcLNKeRfy/tokens"}
2025-07-18 19:04:24 - balance_service - ERROR - Error getting EVM token balance on Avalanche: when sending a str, it must be a hex string. Got: 'FvwEAhmxKfeiG8SnEvq42hc6whRyY3EFYAvebMqDNDGCgxN5Z'
Traceback (most recent call last):
  File "/www/wwwroot/coinceeper.com/CC/services/balance_service.py", line 157, in get_token_balance
    address=Web3.to_checksum_address(contract_address),
  File "/www/wwwroot/coinceeper.com/CC/venv/lib64/python3.9/site-packages/web3/main.py", line 268, in to_checksum_address
    return to_checksum_address(value)
  File "/www/wwwroot/coinceeper.com/CC/venv/lib64/python3.9/site-packages/eth_utils/address.py", line 129, in to_checksum_address
    norm_address = to_normalized_address(value)
  File "/www/wwwroot/coinceeper.com/CC/venv/lib64/python3.9/site-packages/eth_utils/address.py", line 73, in to_normalized_address
    hex_address = hexstr_if_str(to_hex, value).lower()
  File "/www/wwwroot/coinceeper.com/CC/venv/lib64/python3.9/site-packages/eth_utils/conversions.py", line 195, in hexstr_if_str
    raise ValueError(
ValueError: when sending a str, it must be a hex string. Got: 'FvwEAhmxKfeiG8SnEvq42hc6whRyY3EFYAvebMqDNDGCgxN5Z'
2025-07-18 19:04:25 - balance_service - ERROR - خطا در استفاده از API جایگزین 8: HTTPSConnectionPool(host='api.tronstation.io', port=443): Max retries exceeded with url: /v1/accounts/TWxYj1EgkXikRh3SszVUQniB6NcLNKeRfy/tokens (Caused by NameResolutionError("<urllib3.connection.HTTPSConnection object at 0x7f88721fef70>: Failed to resolve 'api.tronstation.io' ([Errno -2] Name or service not known)"))
2025-07-18 19:04:25 - balance_service - ERROR - خطا در استفاده از API جایگزین 8: HTTPSConnectionPool(host='api.tronstation.io', port=443): Max retries exceeded with url: /v1/accounts/TWxYj1EgkXikRh3SszVUQniB6NcLNKeRfy/tokens (Caused by NameResolutionError("<urllib3.connection.HTTPSConnection object at 0x7f8872203ee0>: Failed to resolve 'api.tronstation.io' ([Errno -2] Name or service not known)"))
2025-07-18 19:04:26 - balance_service - ERROR - خطا در استفاده از API جایگزین 8: HTTPSConnectionPool(host='api.tronstation.io', port=443): Max retries exceeded with url: /v1/accounts/TWxYj1EgkXikRh3SszVUQniB6NcLNKeRfy/tokens (Caused by NameResolutionError("<urllib3.connection.HTTPSConnection object at 0x7f88716cc280>: Failed to resolve 'api.tronstation.io' ([Errno -2] Name or service not known)"))
2025-07-18 19:04:38 - balance_service - WARNING - No native currency found for blockchain Bitcoin
2025-07-18 19:04:38 - balance_service - WARNING - No native currency found for blockchain Avalanche
2025-07-18 19:04:38 - balance_service - WARNING - No native currency found for blockchain Arbitrum
2025-07-18 19:04:38 - balance_service - WARNING - No native currency found for blockchain Polkadot
2025-07-18 19:04:38 - balance_service - WARNING - No native currency found for blockchain Bitcoin
2025-07-18 19:04:38 - balance_service - WARNING - No native currency found for blockchain Avalanche
2025-07-18 19:04:38 - balance_service - WARNING - No native currency found for blockchain Arbitrum
2025-07-18 19:04:38 - balance_service - WARNING - No native currency found for blockchain Polkadot
2025-07-18 19:04:39 - balance_service - WARNING - خطا در دریافت موجودی TRC20 با API اصلی: 404 - {"timestamp":"2025-07-18T19:04:39.330+00:00","status":404,"error":"Not Found","path":"/v1/accounts/TWxYj1EgkXikRh3SszVUQniB6NcLNKeRfy/tokens"}
2025-07-18 19:04:39 - balance_service - WARNING - خطا در دریافت موجودی TRC20 با API اصلی: 404 - {"timestamp":"2025-07-18T19:04:39.528+00:00","status":404,"error":"Not Found","path":"/v1/accounts/TWxYj1EgkXikRh3SszVUQniB6NcLNKeRfy/tokens"}
2025-07-18 19:04:39 - balance_service - WARNING - خطا در دریافت موجودی TRC20 با API اصلی: 404 - {"timestamp":"2025-07-18T19:04:39.779+00:00","status":404,"error":"Not Found","path":"/v1/accounts/TWxYj1EgkXikRh3SszVUQniB6NcLNKeRfy/tokens"}
2025-07-18 19:04:40 - balance_service - WARNING - خطا در دریافت موجودی TRC20 با API اصلی: 404 - {"timestamp":"2025-07-18T19:04:39.967+00:00","status":404,"error":"Not Found","path":"/v1/accounts/TWxYj1EgkXikRh3SszVUQniB6NcLNKeRfy/tokens"}
2025-07-18 19:04:40 - balance_service - WARNING - خطا در دریافت موجودی TRC20 با API اصلی: 404 - {"timestamp":"2025-07-18T19:04:40.238+00:00","status":404,"error":"Not Found","path":"/v1/accounts/TWxYj1EgkXikRh3SszVUQniB6NcLNKeRfy/tokens"}
2025-07-18 19:04:40 - balance_service - WARNING - خطا در دریافت موجودی TRC20 با API اصلی: 404 - {"timestamp":"2025-07-18T19:04:40.443+00:00","status":404,"error":"Not Found","path":"/v1/accounts/TWxYj1EgkXikRh3SszVUQniB6NcLNKeRfy/tokens"}
2025-07-18 19:04:40 - balance_service - ERROR - Error getting EVM token balance on Avalanche: when sending a str, it must be a hex string. Got: 'FvwEAhmxKfeiG8SnEvq42hc6whRyY3EFYAvebMqDNDGCgxN5Z'
Traceback (most recent call last):
  File "/www/wwwroot/coinceeper.com/CC/services/balance_service.py", line 157, in get_token_balance
    address=Web3.to_checksum_address(contract_address),
  File "/www/wwwroot/coinceeper.com/CC/venv/lib64/python3.9/site-packages/web3/main.py", line 268, in to_checksum_address
    return to_checksum_address(value)
  File "/www/wwwroot/coinceeper.com/CC/venv/lib64/python3.9/site-packages/eth_utils/address.py", line 129, in to_checksum_address
    norm_address = to_normalized_address(value)
  File "/www/wwwroot/coinceeper.com/CC/venv/lib64/python3.9/site-packages/eth_utils/address.py", line 73, in to_normalized_address
    hex_address = hexstr_if_str(to_hex, value).lower()
  File "/www/wwwroot/coinceeper.com/CC/venv/lib64/python3.9/site-packages/eth_utils/conversions.py", line 195, in hexstr_if_str
    raise ValueError(
ValueError: when sending a str, it must be a hex string. Got: 'FvwEAhmxKfeiG8SnEvq42hc6whRyY3EFYAvebMqDNDGCgxN5Z'
2025-07-18 19:04:40 - balance_service - ERROR - Error getting EVM token balance on Avalanche: when sending a str, it must be a hex string. Got: 'FvwEAhmxKfeiG8SnEvq42hc6whRyY3EFYAvebMqDNDGCgxN5Z'
Traceback (most recent call last):
  File "/www/wwwroot/coinceeper.com/CC/services/balance_service.py", line 157, in get_token_balance
    address=Web3.to_checksum_address(contract_address),
  File "/www/wwwroot/coinceeper.com/CC/venv/lib64/python3.9/site-packages/web3/main.py", line 268, in to_checksum_address
    return to_checksum_address(value)
  File "/www/wwwroot/coinceeper.com/CC/venv/lib64/python3.9/site-packages/eth_utils/address.py", line 129, in to_checksum_address
    norm_address = to_normalized_address(value)
  File "/www/wwwroot/coinceeper.com/CC/venv/lib64/python3.9/site-packages/eth_utils/address.py", line 73, in to_normalized_address
    hex_address = hexstr_if_str(to_hex, value).lower()
  File "/www/wwwroot/coinceeper.com/CC/venv/lib64/python3.9/site-packages/eth_utils/conversions.py", line 195, in hexstr_if_str
    raise ValueError(
ValueError: when sending a str, it must be a hex string. Got: 'FvwEAhmxKfeiG8SnEvq42hc6whRyY3EFYAvebMqDNDGCgxN5Z'
2025-07-18 19:04:40 - balance_service - ERROR - خطا در استفاده از API جایگزین 8: HTTPSConnectionPool(host='api.tronstation.io', port=443): Max retries exceeded with url: /v1/accounts/TWxYj1EgkXikRh3SszVUQniB6NcLNKeRfy/tokens (Caused by NameResolutionError("<urllib3.connection.HTTPSConnection object at 0x7f88701a20a0>: Failed to resolve 'api.tronstation.io' ([Errno -2] Name or service not known)"))
2025-07-18 19:04:41 - balance_service - ERROR - خطا در استفاده از API جایگزین 8: HTTPSConnectionPool(host='api.tronstation.io', port=443): Max retries exceeded with url: /v1/accounts/TWxYj1EgkXikRh3SszVUQniB6NcLNKeRfy/tokens (Caused by NameResolutionError("<urllib3.connection.HTTPSConnection object at 0x7f8872207670>: Failed to resolve 'api.tronstation.io' ([Errno -2] Name or service not known)"))
2025-07-18 19:04:41 - balance_service - ERROR - خطا در استفاده از API جایگزین 8: HTTPSConnectionPool(host='api.tronstation.io', port=443): Max retries exceeded with url: /v1/accounts/TWxYj1EgkXikRh3SszVUQniB6NcLNKeRfy/tokens (Caused by NameResolutionError("<urllib3.connection.HTTPSConnection object at 0x7f887d647370>: Failed to resolve 'api.tronstation.io' ([Errno -2] Name or service not known)"))
2025-07-18 19:04:41 - balance_service - ERROR - خطا در استفاده از API جایگزین 8: HTTPSConnectionPool(host='api.tronstation.io', port=443): Max retries exceeded with url: /v1/accounts/TWxYj1EgkXikRh3SszVUQniB6NcLNKeRfy/tokens (Caused by NameResolutionError("<urllib3.connection.HTTPSConnection object at 0x7f887d6553a0>: Failed to resolve 'api.tronstation.io' ([Errno -2] Name or service not known)"))
2025-07-18 19:04:41 - balance_service - ERROR - خطا در استفاده از API جایگزین 8: HTTPSConnectionPool(host='api.tronstation.io', port=443): Max retries exceeded with url: /v1/accounts/TWxYj1EgkXikRh3SszVUQniB6NcLNKeRfy/tokens (Caused by NameResolutionError("<urllib3.connection.HTTPSConnection object at 0x7f88722622e0>: Failed to resolve 'api.tronstation.io' ([Errno -2] Name or service not known)"))
2025-07-18 19:04:42 - balance_service - ERROR - خطا در استفاده از API جایگزین 8: HTTPSConnectionPool(host='api.tronstation.io', port=443): Max retries exceeded with url: /v1/accounts/TWxYj1EgkXikRh3SszVUQniB6NcLNKeRfy/tokens (Caused by NameResolutionError("<urllib3.connection.HTTPSConnection object at 0x7f887d66d580>: Failed to resolve 'api.tronstation.io' ([Errno -2] Name or service not known)"))
2025-07-18 19:04:54 - balance_service - ERROR - Error updating balance for user c1bf9df0-8263-41f1-844f-2e587f9b4050: (mysql.connector.errors.OperationalError) MySQL Connection not available.
[SQL: DELETE FROM userholding WHERE userholding.`UserID` = %(UserID_1)s]
[parameters: [{}]]
(Background on this error at: https://sqlalche.me/e/20/e3q8)
Traceback (most recent call last):
  File "/www/wwwroot/coinceeper.com/CC/venv/lib64/python3.9/site-packages/sqlalchemy/engine/base.py", line 1811, in _execute_context
    context = constructor(
  File "/www/wwwroot/coinceeper.com/CC/venv/lib64/python3.9/site-packages/sqlalchemy/engine/default.py", line 1427, in _init_compiled
    self.cursor = self.create_cursor()
  File "/www/wwwroot/coinceeper.com/CC/venv/lib64/python3.9/site-packages/sqlalchemy/engine/default.py", line 1766, in create_cursor
    return self.create_default_cursor()
  File "/www/wwwroot/coinceeper.com/CC/venv/lib64/python3.9/site-packages/sqlalchemy/dialects/mysql/mysqlconnector.py", line 67, in create_default_cursor
    return self._dbapi_connection.cursor(buffered=True)
  File "/www/wwwroot/coinceeper.com/CC/venv/lib64/python3.9/site-packages/sqlalchemy/pool/base.py", line 1486, in cursor
    return self.dbapi_connection.cursor(*args, **kwargs)
  File "/www/wwwroot/coinceeper.com/CC/venv/lib64/python3.9/site-packages/mysql/connector/connection_cext.py", line 841, in cursor
    raise OperationalError("MySQL Connection not available.")
mysql.connector.errors.OperationalError: MySQL Connection not available.

The above exception was the direct cause of the following exception:

Traceback (most recent call last):
  File "/www/wwwroot/coinceeper.com/CC/services/balance_service.py", line 1262, in _update_user_balance
    deleted = self.session.query(UserHolding).filter(UserHolding.UserID == user_id).delete()
  File "/www/wwwroot/coinceeper.com/CC/venv/lib64/python3.9/site-packages/sqlalchemy/orm/query.py", line 3208, in delete
    result: CursorResult[Any] = self.session.execute(
  File "/www/wwwroot/coinceeper.com/CC/venv/lib64/python3.9/site-packages/sqlalchemy/orm/session.py", line 2365, in execute
    return self._execute_internal(
  File "/www/wwwroot/coinceeper.com/CC/venv/lib64/python3.9/site-packages/sqlalchemy/orm/session.py", line 2251, in _execute_internal
    result: Result[Any] = compile_state_cls.orm_execute_statement(
  File "/www/wwwroot/coinceeper.com/CC/venv/lib64/python3.9/site-packages/sqlalchemy/orm/bulk_persistence.py", line 2021, in orm_execute_statement
    return super().orm_execute_statement(
  File "/www/wwwroot/coinceeper.com/CC/venv/lib64/python3.9/site-packages/sqlalchemy/orm/context.py", line 306, in orm_execute_statement
    result = conn.execute(
  File "/www/wwwroot/coinceeper.com/CC/venv/lib64/python3.9/site-packages/sqlalchemy/engine/base.py", line 1415, in execute
    return meth(
  File "/www/wwwroot/coinceeper.com/CC/venv/lib64/python3.9/site-packages/sqlalchemy/sql/elements.py", line 523, in _execute_on_connection
    return connection._execute_clauseelement(
  File "/www/wwwroot/coinceeper.com/CC/venv/lib64/python3.9/site-packages/sqlalchemy/engine/base.py", line 1637, in _execute_clauseelement
    ret = self._execute_context(
  File "/www/wwwroot/coinceeper.com/CC/venv/lib64/python3.9/site-packages/sqlalchemy/engine/base.py", line 1817, in _execute_context
    self._handle_dbapi_exception(
  File "/www/wwwroot/coinceeper.com/CC/venv/lib64/python3.9/site-packages/sqlalchemy/engine/base.py", line 2351, in _handle_dbapi_exception
    raise sqlalchemy_exception.with_traceback(exc_info[2]) from e
  File "/www/wwwroot/coinceeper.com/CC/venv/lib64/python3.9/site-packages/sqlalchemy/engine/base.py", line 1811, in _execute_context
    context = constructor(
  File "/www/wwwroot/coinceeper.com/CC/venv/lib64/python3.9/site-packages/sqlalchemy/engine/default.py", line 1427, in _init_compiled
    self.cursor = self.create_cursor()
  File "/www/wwwroot/coinceeper.com/CC/venv/lib64/python3.9/site-packages/sqlalchemy/engine/default.py", line 1766, in create_cursor
    return self.create_default_cursor()
  File "/www/wwwroot/coinceeper.com/CC/venv/lib64/python3.9/site-packages/sqlalchemy/dialects/mysql/mysqlconnector.py", line 67, in create_default_cursor
    return self._dbapi_connection.cursor(buffered=True)
  File "/www/wwwroot/coinceeper.com/CC/venv/lib64/python3.9/site-packages/sqlalchemy/pool/base.py", line 1486, in cursor
    return self.dbapi_connection.cursor(*args, **kwargs)
  File "/www/wwwroot/coinceeper.com/CC/venv/lib64/python3.9/site-packages/mysql/connector/connection_cext.py", line 841, in cursor
    raise OperationalError("MySQL Connection not available.")
sqlalchemy.exc.OperationalError: (mysql.connector.errors.OperationalError) MySQL Connection not available.
[SQL: DELETE FROM userholding WHERE userholding.`UserID` = %(UserID_1)s]
[parameters: [{}]]
(Background on this error at: https://sqlalche.me/e/20/e3q8)
2025-07-18 19:04:54 - balance_service - ERROR - Error updating balance for user c1bf9df0-8263-41f1-844f-2e587f9b4050: (mysql.connector.errors.OperationalError) MySQL Connection not available.
[SQL: DELETE FROM userholding WHERE userholding.`UserID` = %(UserID_1)s]
[parameters: [{}]]
(Background on this error at: https://sqlalche.me/e/20/e3q8)
Traceback (most recent call last):
  File "/www/wwwroot/coinceeper.com/CC/venv/lib64/python3.9/site-packages/sqlalchemy/engine/base.py", line 1811, in _execute_context
    context = constructor(
  File "/www/wwwroot/coinceeper.com/CC/venv/lib64/python3.9/site-packages/sqlalchemy/engine/default.py", line 1427, in _init_compiled
    self.cursor = self.create_cursor()
  File "/www/wwwroot/coinceeper.com/CC/venv/lib64/python3.9/site-packages/sqlalchemy/engine/default.py", line 1766, in create_cursor
    return self.create_default_cursor()
  File "/www/wwwroot/coinceeper.com/CC/venv/lib64/python3.9/site-packages/sqlalchemy/dialects/mysql/mysqlconnector.py", line 67, in create_default_cursor
    return self._dbapi_connection.cursor(buffered=True)
  File "/www/wwwroot/coinceeper.com/CC/venv/lib64/python3.9/site-packages/sqlalchemy/pool/base.py", line 1486, in cursor
    return self.dbapi_connection.cursor(*args, **kwargs)
  File "/www/wwwroot/coinceeper.com/CC/venv/lib64/python3.9/site-packages/mysql/connector/connection_cext.py", line 841, in cursor
    raise OperationalError("MySQL Connection not available.")
mysql.connector.errors.OperationalError: MySQL Connection not available.

The above exception was the direct cause of the following exception:

Traceback (most recent call last):
  File "/www/wwwroot/coinceeper.com/CC/services/balance_service.py", line 1262, in _update_user_balance
    deleted = self.session.query(UserHolding).filter(UserHolding.UserID == user_id).delete()
  File "/www/wwwroot/coinceeper.com/CC/venv/lib64/python3.9/site-packages/sqlalchemy/orm/query.py", line 3208, in delete
    result: CursorResult[Any] = self.session.execute(
  File "/www/wwwroot/coinceeper.com/CC/venv/lib64/python3.9/site-packages/sqlalchemy/orm/session.py", line 2365, in execute
    return self._execute_internal(
  File "/www/wwwroot/coinceeper.com/CC/venv/lib64/python3.9/site-packages/sqlalchemy/orm/session.py", line 2251, in _execute_internal
    result: Result[Any] = compile_state_cls.orm_execute_statement(
  File "/www/wwwroot/coinceeper.com/CC/venv/lib64/python3.9/site-packages/sqlalchemy/orm/bulk_persistence.py", line 2021, in orm_execute_statement
    return super().orm_execute_statement(
  File "/www/wwwroot/coinceeper.com/CC/venv/lib64/python3.9/site-packages/sqlalchemy/orm/context.py", line 306, in orm_execute_statement
    result = conn.execute(
  File "/www/wwwroot/coinceeper.com/CC/venv/lib64/python3.9/site-packages/sqlalchemy/engine/base.py", line 1415, in execute
    return meth(
  File "/www/wwwroot/coinceeper.com/CC/venv/lib64/python3.9/site-packages/sqlalchemy/sql/elements.py", line 523, in _execute_on_connection
    return connection._execute_clauseelement(
  File "/www/wwwroot/coinceeper.com/CC/venv/lib64/python3.9/site-packages/sqlalchemy/engine/base.py", line 1637, in _execute_clauseelement
    ret = self._execute_context(
  File "/www/wwwroot/coinceeper.com/CC/venv/lib64/python3.9/site-packages/sqlalchemy/engine/base.py", line 1817, in _execute_context
    self._handle_dbapi_exception(
  File "/www/wwwroot/coinceeper.com/CC/venv/lib64/python3.9/site-packages/sqlalchemy/engine/base.py", line 2351, in _handle_dbapi_exception
    raise sqlalchemy_exception.with_traceback(exc_info[2]) from e
  File "/www/wwwroot/coinceeper.com/CC/venv/lib64/python3.9/site-packages/sqlalchemy/engine/base.py", line 1811, in _execute_context
    context = constructor(
  File "/www/wwwroot/coinceeper.com/CC/venv/lib64/python3.9/site-packages/sqlalchemy/engine/default.py", line 1427, in _init_compiled
    self.cursor = self.create_cursor()
  File "/www/wwwroot/coinceeper.com/CC/venv/lib64/python3.9/site-packages/sqlalchemy/engine/default.py", line 1766, in create_cursor
    return self.create_default_cursor()
  File "/www/wwwroot/coinceeper.com/CC/venv/lib64/python3.9/site-packages/sqlalchemy/dialects/mysql/mysqlconnector.py", line 67, in create_default_cursor
    return self._dbapi_connection.cursor(buffered=True)
  File "/www/wwwroot/coinceeper.com/CC/venv/lib64/python3.9/site-packages/sqlalchemy/pool/base.py", line 1486, in cursor
    return self.dbapi_connection.cursor(*args, **kwargs)
  File "/www/wwwroot/coinceeper.com/CC/venv/lib64/python3.9/site-packages/mysql/connector/connection_cext.py", line 841, in cursor
    raise OperationalError("MySQL Connection not available.")
sqlalchemy.exc.OperationalError: (mysql.connector.errors.OperationalError) MySQL Connection not available.
[SQL: DELETE FROM userholding WHERE userholding.`UserID` = %(UserID_1)s]
[parameters: [{}]]
(Background on this error at: https://sqlalche.me/e/20/e3q8)
2025-07-18 19:12:47 - balance_service - WARNING - No native currency found for blockchain Bitcoin
2025-07-18 19:12:47 - balance_service - WARNING - No native currency found for blockchain Avalanche
2025-07-18 19:12:47 - balance_service - WARNING - No native currency found for blockchain Arbitrum
2025-07-18 19:12:47 - balance_service - WARNING - No native currency found for blockchain Polkadot
2025-07-18 19:12:48 - balance_service - WARNING - خطا در دریافت موجودی TRC20 با API اصلی: 404 - {"timestamp":"2025-07-18T19:12:48.111+00:00","status":404,"error":"Not Found","path":"/v1/accounts/TWxYj1EgkXikRh3SszVUQniB6NcLNKeRfy/tokens"}
2025-07-18 19:12:48 - balance_service - WARNING - خطا در دریافت موجودی TRC20 با API اصلی: 404 - {"timestamp":"2025-07-18T19:12:48.351+00:00","status":404,"error":"Not Found","path":"/v1/accounts/TWxYj1EgkXikRh3SszVUQniB6NcLNKeRfy/tokens"}
2025-07-18 19:12:48 - balance_service - ERROR - Error getting EVM token balance on Avalanche: when sending a str, it must be a hex string. Got: 'FvwEAhmxKfeiG8SnEvq42hc6whRyY3EFYAvebMqDNDGCgxN5Z'
Traceback (most recent call last):
  File "/www/wwwroot/coinceeper.com/CC/services/balance_service.py", line 157, in get_token_balance
    address=Web3.to_checksum_address(contract_address),
  File "/www/wwwroot/coinceeper.com/CC/venv/lib64/python3.9/site-packages/web3/main.py", line 268, in to_checksum_address
    return to_checksum_address(value)
  File "/www/wwwroot/coinceeper.com/CC/venv/lib64/python3.9/site-packages/eth_utils/address.py", line 129, in to_checksum_address
    norm_address = to_normalized_address(value)
  File "/www/wwwroot/coinceeper.com/CC/venv/lib64/python3.9/site-packages/eth_utils/address.py", line 73, in to_normalized_address
    hex_address = hexstr_if_str(to_hex, value).lower()
  File "/www/wwwroot/coinceeper.com/CC/venv/lib64/python3.9/site-packages/eth_utils/conversions.py", line 195, in hexstr_if_str
    raise ValueError(
ValueError: when sending a str, it must be a hex string. Got: 'FvwEAhmxKfeiG8SnEvq42hc6whRyY3EFYAvebMqDNDGCgxN5Z'
2025-07-18 19:12:48 - balance_service - WARNING - خطا در دریافت موجودی TRC20 با API اصلی: 404 - {"timestamp":"2025-07-18T19:12:48.831+00:00","status":404,"error":"Not Found","path":"/v1/accounts/TWxYj1EgkXikRh3SszVUQniB6NcLNKeRfy/tokens"}
2025-07-18 19:12:49 - balance_service - ERROR - خطا در استفاده از API جایگزین 8: HTTPSConnectionPool(host='api.tronstation.io', port=443): Max retries exceeded with url: /v1/accounts/TWxYj1EgkXikRh3SszVUQniB6NcLNKeRfy/tokens (Caused by NameResolutionError("<urllib3.connection.HTTPSConnection object at 0x7f8871046b20>: Failed to resolve 'api.tronstation.io' ([Errno -2] Name or service not known)"))
2025-07-18 19:12:50 - balance_service - ERROR - خطا در استفاده از API جایگزین 8: HTTPSConnectionPool(host='api.tronstation.io', port=443): Max retries exceeded with url: /v1/accounts/TWxYj1EgkXikRh3SszVUQniB6NcLNKeRfy/tokens (Caused by NameResolutionError("<urllib3.connection.HTTPSConnection object at 0x7f88710eaac0>: Failed to resolve 'api.tronstation.io' ([Errno -2] Name or service not known)"))
2025-07-18 19:12:50 - balance_service - ERROR - خطا در استفاده از API جایگزین 8: HTTPSConnectionPool(host='api.tronstation.io', port=443): Max retries exceeded with url: /v1/accounts/TWxYj1EgkXikRh3SszVUQniB6NcLNKeRfy/tokens (Caused by NameResolutionError("<urllib3.connection.HTTPSConnection object at 0x7f887104f970>: Failed to resolve 'api.tronstation.io' ([Errno -2] Name or service not known)"))
2025-07-18 19:24:26 - balance_service - WARNING - No native currency found for blockchain Bitcoin
2025-07-18 19:24:26 - balance_service - WARNING - No native currency found for blockchain Avalanche
2025-07-18 19:24:26 - balance_service - WARNING - No native currency found for blockchain Arbitrum
2025-07-18 19:24:26 - balance_service - WARNING - No native currency found for blockchain Polkadot
2025-07-18 19:24:26 - balance_service - WARNING - خطا در دریافت موجودی TRC20 با API اصلی: 404 - {"timestamp":"2025-07-18T19:24:26.653+00:00","status":404,"error":"Not Found","path":"/v1/accounts/TWxYj1EgkXikRh3SszVUQniB6NcLNKeRfy/tokens"}
2025-07-18 19:24:26 - balance_service - WARNING - خطا در دریافت موجودی TRC20 با API اصلی: 404 - {"timestamp":"2025-07-18T19:24:26.911+00:00","status":404,"error":"Not Found","path":"/v1/accounts/TWxYj1EgkXikRh3SszVUQniB6NcLNKeRfy/tokens"}
2025-07-18 19:24:27 - balance_service - WARNING - خطا در دریافت موجودی TRC20 با API اصلی: 404 - {"timestamp":"2025-07-18T19:24:27.347+00:00","status":404,"error":"Not Found","path":"/v1/accounts/TWxYj1EgkXikRh3SszVUQniB6NcLNKeRfy/tokens"}
2025-07-18 19:24:27 - balance_service - ERROR - Error getting EVM token balance on Avalanche: when sending a str, it must be a hex string. Got: 'FvwEAhmxKfeiG8SnEvq42hc6whRyY3EFYAvebMqDNDGCgxN5Z'
Traceback (most recent call last):
  File "/www/wwwroot/coinceeper.com/CC/services/balance_service.py", line 157, in get_token_balance
    address=Web3.to_checksum_address(contract_address),
  File "/www/wwwroot/coinceeper.com/CC/venv/lib64/python3.9/site-packages/web3/main.py", line 268, in to_checksum_address
    return to_checksum_address(value)
  File "/www/wwwroot/coinceeper.com/CC/venv/lib64/python3.9/site-packages/eth_utils/address.py", line 129, in to_checksum_address
    norm_address = to_normalized_address(value)
  File "/www/wwwroot/coinceeper.com/CC/venv/lib64/python3.9/site-packages/eth_utils/address.py", line 73, in to_normalized_address
    hex_address = hexstr_if_str(to_hex, value).lower()
  File "/www/wwwroot/coinceeper.com/CC/venv/lib64/python3.9/site-packages/eth_utils/conversions.py", line 195, in hexstr_if_str
    raise ValueError(
ValueError: when sending a str, it must be a hex string. Got: 'FvwEAhmxKfeiG8SnEvq42hc6whRyY3EFYAvebMqDNDGCgxN5Z'
2025-07-18 19:24:28 - balance_service - ERROR - خطا در استفاده از API جایگزین 8: HTTPSConnectionPool(host='api.tronstation.io', port=443): Max retries exceeded with url: /v1/accounts/TWxYj1EgkXikRh3SszVUQniB6NcLNKeRfy/tokens (Caused by NameResolutionError("<urllib3.connection.HTTPSConnection object at 0x7f8871e8d9d0>: Failed to resolve 'api.tronstation.io' ([Errno -2] Name or service not known)"))
2025-07-18 19:24:28 - balance_service - ERROR - خطا در استفاده از API جایگزین 8: HTTPSConnectionPool(host='api.tronstation.io', port=443): Max retries exceeded with url: /v1/accounts/TWxYj1EgkXikRh3SszVUQniB6NcLNKeRfy/tokens (Caused by NameResolutionError("<urllib3.connection.HTTPSConnection object at 0x7f8871e9f610>: Failed to resolve 'api.tronstation.io' ([Errno -2] Name or service not known)"))
2025-07-18 19:24:29 - balance_service - ERROR - خطا در استفاده از API جایگزین 8: HTTPSConnectionPool(host='api.tronstation.io', port=443): Max retries exceeded with url: /v1/accounts/TWxYj1EgkXikRh3SszVUQniB6NcLNKeRfy/tokens (Caused by NameResolutionError("<urllib3.connection.HTTPSConnection object at 0x7f8871c2eca0>: Failed to resolve 'api.tronstation.io' ([Errno -2] Name or service not known)"))
2025-07-18 19:25:05 - balance_service - WARNING - No native currency found for blockchain Bitcoin
2025-07-18 19:25:05 - balance_service - WARNING - No native currency found for blockchain Avalanche
2025-07-18 19:25:05 - balance_service - WARNING - No native currency found for blockchain Arbitrum
2025-07-18 19:25:05 - balance_service - WARNING - No native currency found for blockchain Polkadot
2025-07-18 19:25:06 - balance_service - WARNING - خطا در دریافت موجودی TRC20 با API اصلی: 404 - {"timestamp":"2025-07-18T19:25:06.472+00:00","status":404,"error":"Not Found","path":"/v1/accounts/TWxYj1EgkXikRh3SszVUQniB6NcLNKeRfy/tokens"}
2025-07-18 19:25:06 - balance_service - WARNING - خطا در دریافت موجودی TRC20 با API اصلی: 404 - {"timestamp":"2025-07-18T19:25:06.676+00:00","status":404,"error":"Not Found","path":"/v1/accounts/TWxYj1EgkXikRh3SszVUQniB6NcLNKeRfy/tokens"}
2025-07-18 19:25:07 - balance_service - ERROR - Error getting EVM token balance on Avalanche: when sending a str, it must be a hex string. Got: 'FvwEAhmxKfeiG8SnEvq42hc6whRyY3EFYAvebMqDNDGCgxN5Z'
Traceback (most recent call last):
  File "/www/wwwroot/coinceeper.com/CC/services/balance_service.py", line 157, in get_token_balance
    address=Web3.to_checksum_address(contract_address),
  File "/www/wwwroot/coinceeper.com/CC/venv/lib64/python3.9/site-packages/web3/main.py", line 268, in to_checksum_address
    return to_checksum_address(value)
  File "/www/wwwroot/coinceeper.com/CC/venv/lib64/python3.9/site-packages/eth_utils/address.py", line 129, in to_checksum_address
    norm_address = to_normalized_address(value)
  File "/www/wwwroot/coinceeper.com/CC/venv/lib64/python3.9/site-packages/eth_utils/address.py", line 73, in to_normalized_address
    hex_address = hexstr_if_str(to_hex, value).lower()
  File "/www/wwwroot/coinceeper.com/CC/venv/lib64/python3.9/site-packages/eth_utils/conversions.py", line 195, in hexstr_if_str
    raise ValueError(
ValueError: when sending a str, it must be a hex string. Got: 'FvwEAhmxKfeiG8SnEvq42hc6whRyY3EFYAvebMqDNDGCgxN5Z'
2025-07-18 19:25:07 - balance_service - WARNING - خطا در دریافت موجودی TRC20 با API اصلی: 404 - {"timestamp":"2025-07-18T19:25:07.777+00:00","status":404,"error":"Not Found","path":"/v1/accounts/TWxYj1EgkXikRh3SszVUQniB6NcLNKeRfy/tokens"}
2025-07-18 19:25:08 - balance_service - ERROR - خطا در استفاده از API جایگزین 8: HTTPSConnectionPool(host='api.tronstation.io', port=443): Max retries exceeded with url: /v1/accounts/TWxYj1EgkXikRh3SszVUQniB6NcLNKeRfy/tokens (Caused by NameResolutionError("<urllib3.connection.HTTPSConnection object at 0x7f8872416520>: Failed to resolve 'api.tronstation.io' ([Errno -2] Name or service not known)"))
2025-07-18 19:25:08 - balance_service - ERROR - خطا در استفاده از API جایگزین 8: HTTPSConnectionPool(host='api.tronstation.io', port=443): Max retries exceeded with url: /v1/accounts/TWxYj1EgkXikRh3SszVUQniB6NcLNKeRfy/tokens (Caused by NameResolutionError("<urllib3.connection.HTTPSConnection object at 0x7f8871024f70>: Failed to resolve 'api.tronstation.io' ([Errno -2] Name or service not known)"))
2025-07-18 19:25:09 - balance_service - ERROR - خطا در استفاده از API جایگزین 8: HTTPSConnectionPool(host='api.tronstation.io', port=443): Max retries exceeded with url: /v1/accounts/TWxYj1EgkXikRh3SszVUQniB6NcLNKeRfy/tokens (Caused by NameResolutionError("<urllib3.connection.HTTPSConnection object at 0x7f887d67bac0>: Failed to resolve 'api.tronstation.io' ([Errno -2] Name or service not known)"))
2025-07-18 19:32:38 - balance_service - WARNING - No native currency found for blockchain Bitcoin
2025-07-18 19:32:38 - balance_service - WARNING - No native currency found for blockchain Avalanche
2025-07-18 19:32:38 - balance_service - WARNING - No native currency found for blockchain Arbitrum
2025-07-18 19:32:38 - balance_service - WARNING - No native currency found for blockchain Polkadot
2025-07-18 19:32:38 - balance_service - WARNING - خطا در دریافت موجودی TRC20 با API اصلی: 404 - {"timestamp":"2025-07-18T19:32:38.955+00:00","status":404,"error":"Not Found","path":"/v1/accounts/TWxYj1EgkXikRh3SszVUQniB6NcLNKeRfy/tokens"}
2025-07-18 19:32:39 - balance_service - WARNING - خطا در دریافت موجودی TRC20 با API اصلی: 404 - {"timestamp":"2025-07-18T19:32:39.178+00:00","status":404,"error":"Not Found","path":"/v1/accounts/TWxYj1EgkXikRh3SszVUQniB6NcLNKeRfy/tokens"}
2025-07-18 19:32:39 - balance_service - WARNING - خطا در دریافت موجودی TRC20 با API اصلی: 404 - {"timestamp":"2025-07-18T19:32:39.651+00:00","status":404,"error":"Not Found","path":"/v1/accounts/TWxYj1EgkXikRh3SszVUQniB6NcLNKeRfy/tokens"}
2025-07-18 19:32:39 - balance_service - ERROR - Error getting EVM token balance on Avalanche: when sending a str, it must be a hex string. Got: 'FvwEAhmxKfeiG8SnEvq42hc6whRyY3EFYAvebMqDNDGCgxN5Z'
Traceback (most recent call last):
  File "/www/wwwroot/coinceeper.com/CC/services/balance_service.py", line 157, in get_token_balance
    address=Web3.to_checksum_address(contract_address),
  File "/www/wwwroot/coinceeper.com/CC/venv/lib64/python3.9/site-packages/web3/main.py", line 268, in to_checksum_address
    return to_checksum_address(value)
  File "/www/wwwroot/coinceeper.com/CC/venv/lib64/python3.9/site-packages/eth_utils/address.py", line 129, in to_checksum_address
    norm_address = to_normalized_address(value)
  File "/www/wwwroot/coinceeper.com/CC/venv/lib64/python3.9/site-packages/eth_utils/address.py", line 73, in to_normalized_address
    hex_address = hexstr_if_str(to_hex, value).lower()
  File "/www/wwwroot/coinceeper.com/CC/venv/lib64/python3.9/site-packages/eth_utils/conversions.py", line 195, in hexstr_if_str
    raise ValueError(
ValueError: when sending a str, it must be a hex string. Got: 'FvwEAhmxKfeiG8SnEvq42hc6whRyY3EFYAvebMqDNDGCgxN5Z'
2025-07-18 19:32:40 - balance_service - ERROR - خطا در استفاده از API جایگزین 8: HTTPSConnectionPool(host='api.tronstation.io', port=443): Max retries exceeded with url: /v1/accounts/TWxYj1EgkXikRh3SszVUQniB6NcLNKeRfy/tokens (Caused by NameResolutionError("<urllib3.connection.HTTPSConnection object at 0x7f8871a8b2e0>: Failed to resolve 'api.tronstation.io' ([Errno -2] Name or service not known)"))
2025-07-18 19:32:40 - balance_service - ERROR - خطا در استفاده از API جایگزین 8: HTTPSConnectionPool(host='api.tronstation.io', port=443): Max retries exceeded with url: /v1/accounts/TWxYj1EgkXikRh3SszVUQniB6NcLNKeRfy/tokens (Caused by NameResolutionError("<urllib3.connection.HTTPSConnection object at 0x7f88722496a0>: Failed to resolve 'api.tronstation.io' ([Errno -2] Name or service not known)"))
2025-07-18 19:32:41 - balance_service - ERROR - خطا در استفاده از API جایگزین 8: HTTPSConnectionPool(host='api.tronstation.io', port=443): Max retries exceeded with url: /v1/accounts/TWxYj1EgkXikRh3SszVUQniB6NcLNKeRfy/tokens (Caused by NameResolutionError("<urllib3.connection.HTTPSConnection object at 0x7f8870738640>: Failed to resolve 'api.tronstation.io' ([Errno -2] Name or service not known)"))
2025-07-18 19:36:08 - balance_service - WARNING - No native currency found for blockchain Bitcoin
2025-07-18 19:36:08 - balance_service - WARNING - No native currency found for blockchain Avalanche
2025-07-18 19:36:08 - balance_service - WARNING - No native currency found for blockchain Arbitrum
2025-07-18 19:36:08 - balance_service - WARNING - No native currency found for blockchain Polkadot
2025-07-18 19:36:09 - balance_service - WARNING - خطا در دریافت موجودی TRC20 با API اصلی: 404 - {"timestamp":"2025-07-18T19:36:09.182+00:00","status":404,"error":"Not Found","path":"/v1/accounts/TWxYj1EgkXikRh3SszVUQniB6NcLNKeRfy/tokens"}
2025-07-18 19:36:09 - balance_service - WARNING - خطا در دریافت موجودی TRC20 با API اصلی: 404 - {"timestamp":"2025-07-18T19:36:09.390+00:00","status":404,"error":"Not Found","path":"/v1/accounts/TWxYj1EgkXikRh3SszVUQniB6NcLNKeRfy/tokens"}
2025-07-18 19:36:09 - balance_service - WARNING - خطا در دریافت موجودی TRC20 با API اصلی: 404 - {"timestamp":"2025-07-18T19:36:09.850+00:00","status":404,"error":"Not Found","path":"/v1/accounts/TWxYj1EgkXikRh3SszVUQniB6NcLNKeRfy/tokens"}
2025-07-18 19:36:10 - balance_service - ERROR - Error getting EVM token balance on Avalanche: when sending a str, it must be a hex string. Got: 'FvwEAhmxKfeiG8SnEvq42hc6whRyY3EFYAvebMqDNDGCgxN5Z'
Traceback (most recent call last):
  File "/www/wwwroot/coinceeper.com/CC/services/balance_service.py", line 157, in get_token_balance
    address=Web3.to_checksum_address(contract_address),
  File "/www/wwwroot/coinceeper.com/CC/venv/lib64/python3.9/site-packages/web3/main.py", line 268, in to_checksum_address
    return to_checksum_address(value)
  File "/www/wwwroot/coinceeper.com/CC/venv/lib64/python3.9/site-packages/eth_utils/address.py", line 129, in to_checksum_address
    norm_address = to_normalized_address(value)
  File "/www/wwwroot/coinceeper.com/CC/venv/lib64/python3.9/site-packages/eth_utils/address.py", line 73, in to_normalized_address
    hex_address = hexstr_if_str(to_hex, value).lower()
  File "/www/wwwroot/coinceeper.com/CC/venv/lib64/python3.9/site-packages/eth_utils/conversions.py", line 195, in hexstr_if_str
    raise ValueError(
ValueError: when sending a str, it must be a hex string. Got: 'FvwEAhmxKfeiG8SnEvq42hc6whRyY3EFYAvebMqDNDGCgxN5Z'
2025-07-18 19:36:10 - balance_service - ERROR - خطا در استفاده از API جایگزین 8: HTTPSConnectionPool(host='api.tronstation.io', port=443): Max retries exceeded with url: /v1/accounts/TWxYj1EgkXikRh3SszVUQniB6NcLNKeRfy/tokens (Caused by NameResolutionError("<urllib3.connection.HTTPSConnection object at 0x7f8871e39460>: Failed to resolve 'api.tronstation.io' ([Errno -2] Name or service not known)"))
2025-07-18 19:36:11 - balance_service - ERROR - خطا در استفاده از API جایگزین 8: HTTPSConnectionPool(host='api.tronstation.io', port=443): Max retries exceeded with url: /v1/accounts/TWxYj1EgkXikRh3SszVUQniB6NcLNKeRfy/tokens (Caused by NameResolutionError("<urllib3.connection.HTTPSConnection object at 0x7f8871024d60>: Failed to resolve 'api.tronstation.io' ([Errno -2] Name or service not known)"))
2025-07-18 19:36:11 - balance_service - ERROR - خطا در استفاده از API جایگزین 8: HTTPSConnectionPool(host='api.tronstation.io', port=443): Max retries exceeded with url: /v1/accounts/TWxYj1EgkXikRh3SszVUQniB6NcLNKeRfy/tokens (Caused by NameResolutionError("<urllib3.connection.HTTPSConnection object at 0x7f88723f2e80>: Failed to resolve 'api.tronstation.io' ([Errno -2] Name or service not known)"))
2025-07-18 19:36:11 - balance_service - ERROR - Error getting EVM token balance on Ethereum: 429 Client Error: Too Many Requests for url: https://mainnet.infura.io/v3/a8ab43a04ce044de988a838d92f478a7
Traceback (most recent call last):
  File "/www/wwwroot/coinceeper.com/CC/services/balance_service.py", line 163, in get_token_balance
    balance = token_contract.functions.balanceOf(
  File "/www/wwwroot/coinceeper.com/CC/venv/lib64/python3.9/site-packages/web3/contract/contract.py", line 291, in call
    return call_contract_function(
  File "/www/wwwroot/coinceeper.com/CC/venv/lib64/python3.9/site-packages/web3/contract/utils.py", line 154, in call_contract_function
    return_data = w3.eth.call(
  File "/www/wwwroot/coinceeper.com/CC/venv/lib64/python3.9/site-packages/web3/eth/eth.py", line 247, in call
    return self._durin_call(transaction, block_identifier, state_override)
  File "/www/wwwroot/coinceeper.com/CC/venv/lib64/python3.9/site-packages/web3/eth/eth.py", line 266, in _durin_call
    return self._call(transaction, block_identifier, state_override)
  File "/www/wwwroot/coinceeper.com/CC/venv/lib64/python3.9/site-packages/web3/module.py", line 112, in caller
    result = w3.manager.request_blocking(
  File "/www/wwwroot/coinceeper.com/CC/venv/lib64/python3.9/site-packages/web3/manager.py", line 231, in request_blocking
    response = self._make_request(method, params)
  File "/www/wwwroot/coinceeper.com/CC/venv/lib64/python3.9/site-packages/web3/manager.py", line 163, in _make_request
    return request_func(method, params)
  File "/www/wwwroot/coinceeper.com/CC/venv/lib64/python3.9/site-packages/web3/middleware/base.py", line 56, in middleware
    return self.response_processor(method, make_request(method, params))
  File "/www/wwwroot/coinceeper.com/CC/venv/lib64/python3.9/site-packages/web3/middleware/base.py", line 56, in middleware
    return self.response_processor(method, make_request(method, params))
  File "/www/wwwroot/coinceeper.com/CC/venv/lib64/python3.9/site-packages/web3/middleware/base.py", line 56, in middleware
    return self.response_processor(method, make_request(method, params))
  [Previous line repeated 2 more times]
  File "/www/wwwroot/coinceeper.com/CC/venv/lib64/python3.9/site-packages/web3/_utils/caching/caching_utils.py", line 261, in wrapper
    return func(provider, method, params)
  File "/www/wwwroot/coinceeper.com/CC/venv/lib64/python3.9/site-packages/web3/providers/rpc/rpc.py", line 170, in make_request
    raw_response = self._make_request(method, request_data)
  File "/www/wwwroot/coinceeper.com/CC/venv/lib64/python3.9/site-packages/web3/providers/rpc/rpc.py", line 157, in _make_request
    raise e
  File "/www/wwwroot/coinceeper.com/CC/venv/lib64/python3.9/site-packages/web3/providers/rpc/rpc.py", line 147, in _make_request
    return self._request_session_manager.make_post_request(
  File "/www/wwwroot/coinceeper.com/CC/venv/lib64/python3.9/site-packages/web3/_utils/http_session_manager.py", line 148, in make_post_request
    response.raise_for_status()
  File "/www/wwwroot/coinceeper.com/CC/venv/lib64/python3.9/site-packages/requests/models.py", line 1024, in raise_for_status
    raise HTTPError(http_error_msg, response=self)
requests.exceptions.HTTPError: 429 Client Error: Too Many Requests for url: https://mainnet.infura.io/v3/a8ab43a04ce044de988a838d92f478a7
2025-07-18 19:36:11 - balance_service - WARNING - Error getting token decimals, using default 18: 429 Client Error: Too Many Requests for url: https://mainnet.infura.io/v3/a8ab43a04ce044de988a838d92f478a7
2025-07-18 19:48:41 - balance_service - ERROR - Error getting simple user balance: (mysql.connector.errors.OperationalError) MySQL Connection not available.
[SQL: SELECT users.`UserID` AS `users_UserID`, users.`ID` AS `users_ID`, users.`Email` AS `users_Email`, users.`CreatedAt` AS `users_CreatedAt`, users.`UpdatedAt` AS `users_UpdatedAt`, users.`Device` AS `users_Device`, users.`IP` AS `users_IP` 
FROM users 
WHERE users.`UserID` = %(UserID_1)s 
 LIMIT %(param_1)s]
[parameters: [{}]]
(Background on this error at: https://sqlalche.me/e/20/e3q8)
2025-07-18 19:48:42 - balance_service - ERROR - Error getting simple user balance: (mysql.connector.errors.OperationalError) MySQL Connection not available.
[SQL: SELECT users.`UserID` AS `users_UserID`, users.`ID` AS `users_ID`, users.`Email` AS `users_Email`, users.`CreatedAt` AS `users_CreatedAt`, users.`UpdatedAt` AS `users_UpdatedAt`, users.`Device` AS `users_Device`, users.`IP` AS `users_IP` 
FROM users 
WHERE users.`UserID` = %(UserID_1)s 
 LIMIT %(param_1)s]
[parameters: [{}]]
(Background on this error at: https://sqlalche.me/e/20/e3q8)
2025-07-18 19:48:42 - balance_service - ERROR - Error getting simple user balance: (mysql.connector.errors.DatabaseError) 2003 (HY000): Can't connect to MySQL server on 'localhost:3306' (111)
(Background on this error at: https://sqlalche.me/e/20/4xp6)
2025-07-18 19:48:43 - balance_service - ERROR - Error getting simple user balance: (mysql.connector.errors.DatabaseError) 2003 (HY000): Can't connect to MySQL server on 'localhost:3306' (111)
(Background on this error at: https://sqlalche.me/e/20/4xp6)
2025-07-18 20:00:05 - balance_service - ERROR - Error getting simple user balance: (mysql.connector.errors.OperationalError) 2013 (HY000): Lost connection to MySQL server at 'reading initial communication packet', system error: 104
(Background on this error at: https://sqlalche.me/e/20/e3q8)
2025-07-18 20:00:05 - balance_service - ERROR - Error getting simple user balance: (mysql.connector.errors.DatabaseError) 2003 (HY000): Can't connect to MySQL server on 'localhost:3306' (111)
(Background on this error at: https://sqlalche.me/e/20/4xp6)
2025-07-18 20:00:06 - balance_service - ERROR - Error getting simple user balance: (mysql.connector.errors.DatabaseError) 2003 (HY000): Can't connect to MySQL server on 'localhost:3306' (111)
(Background on this error at: https://sqlalche.me/e/20/4xp6)
2025-07-18 20:21:44 - balance_service - ERROR - Error getting simple user balance: (mysql.connector.errors.DatabaseError) 2003 (HY000): Can't connect to MySQL server on 'localhost:3306' (111)
(Background on this error at: https://sqlalche.me/e/20/4xp6)
2025-07-18 20:32:05 - balance_service - WARNING - No native currency found for blockchain Bitcoin
2025-07-18 20:32:05 - balance_service - WARNING - No native currency found for blockchain Avalanche
2025-07-18 20:32:05 - balance_service - WARNING - No native currency found for blockchain Arbitrum
2025-07-18 20:32:05 - balance_service - WARNING - No native currency found for blockchain Polkadot
2025-07-18 20:32:06 - balance_service - WARNING - خطا در دریافت موجودی TRC20 با API اصلی: 404 - {"timestamp":"2025-07-18T20:32:06.168+00:00","status":404,"error":"Not Found","path":"/v1/accounts/TTfYJ7aqTcKwkRM3e1UodDRPuyzbvpTNFc/tokens"}
2025-07-18 20:32:06 - balance_service - WARNING - خطا در دریافت موجودی TRC20 با API اصلی: 404 - {"timestamp":"2025-07-18T20:32:06.426+00:00","status":404,"error":"Not Found","path":"/v1/accounts/TTfYJ7aqTcKwkRM3e1UodDRPuyzbvpTNFc/tokens"}
2025-07-18 20:32:06 - balance_service - ERROR - Error getting EVM token balance on Avalanche: when sending a str, it must be a hex string. Got: 'FvwEAhmxKfeiG8SnEvq42hc6whRyY3EFYAvebMqDNDGCgxN5Z'
Traceback (most recent call last):
  File "/www/wwwroot/coinceeper.com/CC/services/balance_service.py", line 157, in get_token_balance
    address=Web3.to_checksum_address(contract_address),
  File "/www/wwwroot/coinceeper.com/CC/venv/lib64/python3.9/site-packages/web3/main.py", line 268, in to_checksum_address
    return to_checksum_address(value)
  File "/www/wwwroot/coinceeper.com/CC/venv/lib64/python3.9/site-packages/eth_utils/address.py", line 129, in to_checksum_address
    norm_address = to_normalized_address(value)
  File "/www/wwwroot/coinceeper.com/CC/venv/lib64/python3.9/site-packages/eth_utils/address.py", line 73, in to_normalized_address
    hex_address = hexstr_if_str(to_hex, value).lower()
  File "/www/wwwroot/coinceeper.com/CC/venv/lib64/python3.9/site-packages/eth_utils/conversions.py", line 195, in hexstr_if_str
    raise ValueError(
ValueError: when sending a str, it must be a hex string. Got: 'FvwEAhmxKfeiG8SnEvq42hc6whRyY3EFYAvebMqDNDGCgxN5Z'
2025-07-18 20:32:06 - balance_service - WARNING - خطا در دریافت موجودی TRC20 با API اصلی: 404 - {"timestamp":"2025-07-18T20:32:06.859+00:00","status":404,"error":"Not Found","path":"/v1/accounts/TTfYJ7aqTcKwkRM3e1UodDRPuyzbvpTNFc/tokens"}
2025-07-18 20:32:07 - balance_service - ERROR - خطا در استفاده از API جایگزین 8: HTTPSConnectionPool(host='api.tronstation.io', port=443): Max retries exceeded with url: /v1/accounts/TTfYJ7aqTcKwkRM3e1UodDRPuyzbvpTNFc/tokens (Caused by NameResolutionError("<urllib3.connection.HTTPSConnection object at 0x7f88716f6eb0>: Failed to resolve 'api.tronstation.io' ([Errno -2] Name or service not known)"))
2025-07-18 20:32:08 - balance_service - ERROR - خطا در استفاده از API جایگزین 8: HTTPSConnectionPool(host='api.tronstation.io', port=443): Max retries exceeded with url: /v1/accounts/TTfYJ7aqTcKwkRM3e1UodDRPuyzbvpTNFc/tokens (Caused by NameResolutionError("<urllib3.connection.HTTPSConnection object at 0x7f8871f3c7c0>: Failed to resolve 'api.tronstation.io' ([Errno -2] Name or service not known)"))
2025-07-18 20:32:08 - balance_service - ERROR - خطا در استفاده از API جایگزین 8: HTTPSConnectionPool(host='api.tronstation.io', port=443): Max retries exceeded with url: /v1/accounts/TTfYJ7aqTcKwkRM3e1UodDRPuyzbvpTNFc/tokens (Caused by NameResolutionError("<urllib3.connection.HTTPSConnection object at 0x7f8871f42c40>: Failed to resolve 'api.tronstation.io' ([Errno -2] Name or service not known)"))
2025-07-18 20:32:17 - balance_service - WARNING - No native currency found for blockchain Bitcoin
2025-07-18 20:32:17 - balance_service - WARNING - No native currency found for blockchain Avalanche
2025-07-18 20:32:17 - balance_service - WARNING - No native currency found for blockchain Arbitrum
2025-07-18 20:32:17 - balance_service - WARNING - No native currency found for blockchain Polkadot
2025-07-18 20:32:18 - balance_service - WARNING - خطا در دریافت موجودی TRC20 با API اصلی: 404 - {"timestamp":"2025-07-18T20:32:18.426+00:00","status":404,"error":"Not Found","path":"/v1/accounts/TTfYJ7aqTcKwkRM3e1UodDRPuyzbvpTNFc/tokens"}
2025-07-18 20:32:18 - balance_service - WARNING - خطا در دریافت موجودی TRC20 با API اصلی: 404 - {"timestamp":"2025-07-18T20:32:18.612+00:00","status":404,"error":"Not Found","path":"/v1/accounts/TTfYJ7aqTcKwkRM3e1UodDRPuyzbvpTNFc/tokens"}
2025-07-18 20:32:19 - balance_service - ERROR - Error getting EVM token balance on Avalanche: when sending a str, it must be a hex string. Got: 'FvwEAhmxKfeiG8SnEvq42hc6whRyY3EFYAvebMqDNDGCgxN5Z'
Traceback (most recent call last):
  File "/www/wwwroot/coinceeper.com/CC/services/balance_service.py", line 157, in get_token_balance
    address=Web3.to_checksum_address(contract_address),
  File "/www/wwwroot/coinceeper.com/CC/venv/lib64/python3.9/site-packages/web3/main.py", line 268, in to_checksum_address
    return to_checksum_address(value)
  File "/www/wwwroot/coinceeper.com/CC/venv/lib64/python3.9/site-packages/eth_utils/address.py", line 129, in to_checksum_address
    norm_address = to_normalized_address(value)
  File "/www/wwwroot/coinceeper.com/CC/venv/lib64/python3.9/site-packages/eth_utils/address.py", line 73, in to_normalized_address
    hex_address = hexstr_if_str(to_hex, value).lower()
  File "/www/wwwroot/coinceeper.com/CC/venv/lib64/python3.9/site-packages/eth_utils/conversions.py", line 195, in hexstr_if_str
    raise ValueError(
ValueError: when sending a str, it must be a hex string. Got: 'FvwEAhmxKfeiG8SnEvq42hc6whRyY3EFYAvebMqDNDGCgxN5Z'
2025-07-18 20:32:19 - balance_service - WARNING - خطا در دریافت موجودی TRC20 با API اصلی: 404 - {"timestamp":"2025-07-18T20:32:19.111+00:00","status":404,"error":"Not Found","path":"/v1/accounts/TTfYJ7aqTcKwkRM3e1UodDRPuyzbvpTNFc/tokens"}
2025-07-18 20:32:20 - balance_service - ERROR - خطا در استفاده از API جایگزین 8: HTTPSConnectionPool(host='api.tronstation.io', port=443): Max retries exceeded with url: /v1/accounts/TTfYJ7aqTcKwkRM3e1UodDRPuyzbvpTNFc/tokens (Caused by NameResolutionError("<urllib3.connection.HTTPSConnection object at 0x7f88722cd460>: Failed to resolve 'api.tronstation.io' ([Errno -2] Name or service not known)"))
2025-07-18 20:32:20 - balance_service - ERROR - خطا در استفاده از API جایگزین 8: HTTPSConnectionPool(host='api.tronstation.io', port=443): Max retries exceeded with url: /v1/accounts/TTfYJ7aqTcKwkRM3e1UodDRPuyzbvpTNFc/tokens (Caused by NameResolutionError("<urllib3.connection.HTTPSConnection object at 0x7f8870f7a1f0>: Failed to resolve 'api.tronstation.io' ([Errno -2] Name or service not known)"))
2025-07-18 20:32:20 - balance_service - ERROR - خطا در استفاده از API جایگزین 8: HTTPSConnectionPool(host='api.tronstation.io', port=443): Max retries exceeded with url: /v1/accounts/TTfYJ7aqTcKwkRM3e1UodDRPuyzbvpTNFc/tokens (Caused by NameResolutionError("<urllib3.connection.HTTPSConnection object at 0x7f8872300070>: Failed to resolve 'api.tronstation.io' ([Errno -2] Name or service not known)"))
2025-07-18 20:32:31 - balance_service - WARNING - No native currency found for blockchain Bitcoin
2025-07-18 20:32:31 - balance_service - WARNING - No native currency found for blockchain Avalanche
2025-07-18 20:32:31 - balance_service - WARNING - No native currency found for blockchain Arbitrum
2025-07-18 20:32:31 - balance_service - WARNING - No native currency found for blockchain Polkadot
2025-07-18 20:32:32 - balance_service - WARNING - خطا در دریافت موجودی TRC20 با API اصلی: 404 - {"timestamp":"2025-07-18T20:32:32.213+00:00","status":404,"error":"Not Found","path":"/v1/accounts/TTfYJ7aqTcKwkRM3e1UodDRPuyzbvpTNFc/tokens"}
2025-07-18 20:32:32 - balance_service - WARNING - خطا در دریافت موجودی TRC20 با API اصلی: 404 - {"timestamp":"2025-07-18T20:32:32.407+00:00","status":404,"error":"Not Found","path":"/v1/accounts/TTfYJ7aqTcKwkRM3e1UodDRPuyzbvpTNFc/tokens"}
2025-07-18 20:32:32 - balance_service - WARNING - خطا در دریافت موجودی TRC20 با API اصلی: 404 - {"timestamp":"2025-07-18T20:32:32.920+00:00","status":404,"error":"Not Found","path":"/v1/accounts/TTfYJ7aqTcKwkRM3e1UodDRPuyzbvpTNFc/tokens"}
2025-07-18 20:32:33 - balance_service - ERROR - Error getting EVM token balance on Avalanche: when sending a str, it must be a hex string. Got: 'FvwEAhmxKfeiG8SnEvq42hc6whRyY3EFYAvebMqDNDGCgxN5Z'
Traceback (most recent call last):
  File "/www/wwwroot/coinceeper.com/CC/services/balance_service.py", line 157, in get_token_balance
    address=Web3.to_checksum_address(contract_address),
  File "/www/wwwroot/coinceeper.com/CC/venv/lib64/python3.9/site-packages/web3/main.py", line 268, in to_checksum_address
    return to_checksum_address(value)
  File "/www/wwwroot/coinceeper.com/CC/venv/lib64/python3.9/site-packages/eth_utils/address.py", line 129, in to_checksum_address
    norm_address = to_normalized_address(value)
  File "/www/wwwroot/coinceeper.com/CC/venv/lib64/python3.9/site-packages/eth_utils/address.py", line 73, in to_normalized_address
    hex_address = hexstr_if_str(to_hex, value).lower()
  File "/www/wwwroot/coinceeper.com/CC/venv/lib64/python3.9/site-packages/eth_utils/conversions.py", line 195, in hexstr_if_str
    raise ValueError(
ValueError: when sending a str, it must be a hex string. Got: 'FvwEAhmxKfeiG8SnEvq42hc6whRyY3EFYAvebMqDNDGCgxN5Z'
2025-07-18 20:32:33 - balance_service - ERROR - خطا در استفاده از API جایگزین 8: HTTPSConnectionPool(host='api.tronstation.io', port=443): Max retries exceeded with url: /v1/accounts/TTfYJ7aqTcKwkRM3e1UodDRPuyzbvpTNFc/tokens (Caused by NameResolutionError("<urllib3.connection.HTTPSConnection object at 0x7f88721c6640>: Failed to resolve 'api.tronstation.io' ([Errno -2] Name or service not known)"))
2025-07-18 20:32:34 - balance_service - ERROR - خطا در استفاده از API جایگزین 8: HTTPSConnectionPool(host='api.tronstation.io', port=443): Max retries exceeded with url: /v1/accounts/TTfYJ7aqTcKwkRM3e1UodDRPuyzbvpTNFc/tokens (Caused by NameResolutionError("<urllib3.connection.HTTPSConnection object at 0x7f8871dfe040>: Failed to resolve 'api.tronstation.io' ([Errno -2] Name or service not known)"))
2025-07-18 20:32:34 - balance_service - ERROR - خطا در استفاده از API جایگزین 8: HTTPSConnectionPool(host='api.tronstation.io', port=443): Max retries exceeded with url: /v1/accounts/TTfYJ7aqTcKwkRM3e1UodDRPuyzbvpTNFc/tokens (Caused by NameResolutionError("<urllib3.connection.HTTPSConnection object at 0x7f8871d74670>: Failed to resolve 'api.tronstation.io' ([Errno -2] Name or service not known)"))
2025-07-19 01:51:58 - balance_service - ERROR - Error getting simple user balance: (mysql.connector.errors.DatabaseError) 2003 (HY000): Can't connect to MySQL server on 'localhost:3306' (111)
(Background on this error at: https://sqlalche.me/e/20/4xp6)
2025-07-19 05:49:30 - balance_service - WARNING - No native currency found for blockchain Bitcoin
2025-07-19 05:49:30 - balance_service - WARNING - No native currency found for blockchain Avalanche
2025-07-19 05:49:30 - balance_service - WARNING - No native currency found for blockchain Arbitrum
2025-07-19 05:49:30 - balance_service - WARNING - No native currency found for blockchain Polkadot
2025-07-19 05:49:31 - balance_service - WARNING - خطا در دریافت موجودی TRC20 با API اصلی: 404 - {"timestamp":"2025-07-19T05:49:31.403+00:00","status":404,"error":"Not Found","path":"/v1/accounts/TGsSyxBQeNDDUDiiPTY6mgsP12Fx75C375/tokens"}
2025-07-19 05:49:31 - balance_service - WARNING - خطا در دریافت موجودی TRC20 با API اصلی: 404 - {"timestamp":"2025-07-19T05:49:31.745+00:00","status":404,"error":"Not Found","path":"/v1/accounts/TGsSyxBQeNDDUDiiPTY6mgsP12Fx75C375/tokens"}
2025-07-19 05:49:31 - balance_service - ERROR - Error getting EVM token balance on Avalanche: when sending a str, it must be a hex string. Got: 'FvwEAhmxKfeiG8SnEvq42hc6whRyY3EFYAvebMqDNDGCgxN5Z'
Traceback (most recent call last):
  File "/www/wwwroot/coinceeper.com/CC/services/balance_service.py", line 157, in get_token_balance
    address=Web3.to_checksum_address(contract_address),
  File "/www/wwwroot/coinceeper.com/CC/venv/lib64/python3.9/site-packages/web3/main.py", line 268, in to_checksum_address
    return to_checksum_address(value)
  File "/www/wwwroot/coinceeper.com/CC/venv/lib64/python3.9/site-packages/eth_utils/address.py", line 129, in to_checksum_address
    norm_address = to_normalized_address(value)
  File "/www/wwwroot/coinceeper.com/CC/venv/lib64/python3.9/site-packages/eth_utils/address.py", line 73, in to_normalized_address
    hex_address = hexstr_if_str(to_hex, value).lower()
  File "/www/wwwroot/coinceeper.com/CC/venv/lib64/python3.9/site-packages/eth_utils/conversions.py", line 195, in hexstr_if_str
    raise ValueError(
ValueError: when sending a str, it must be a hex string. Got: 'FvwEAhmxKfeiG8SnEvq42hc6whRyY3EFYAvebMqDNDGCgxN5Z'
2025-07-19 05:49:32 - balance_service - WARNING - خطا در دریافت موجودی TRC20 با API اصلی: 404 - {"timestamp":"2025-07-19T05:49:32.136+00:00","status":404,"error":"Not Found","path":"/v1/accounts/TGsSyxBQeNDDUDiiPTY6mgsP12Fx75C375/tokens"}
2025-07-19 05:49:32 - balance_service - ERROR - خطا در استفاده از API جایگزین 8: HTTPSConnectionPool(host='api.tronstation.io', port=443): Max retries exceeded with url: /v1/accounts/TGsSyxBQeNDDUDiiPTY6mgsP12Fx75C375/tokens (Caused by NameResolutionError("<urllib3.connection.HTTPSConnection object at 0x7f8872136550>: Failed to resolve 'api.tronstation.io' ([Errno -2] Name or service not known)"))
2025-07-19 05:49:33 - balance_service - ERROR - خطا در استفاده از API جایگزین 8: HTTPSConnectionPool(host='api.tronstation.io', port=443): Max retries exceeded with url: /v1/accounts/TGsSyxBQeNDDUDiiPTY6mgsP12Fx75C375/tokens (Caused by NameResolutionError("<urllib3.connection.HTTPSConnection object at 0x7f8872154ac0>: Failed to resolve 'api.tronstation.io' ([Errno -2] Name or service not known)"))
2025-07-19 05:49:33 - balance_service - ERROR - خطا در استفاده از API جایگزین 8: HTTPSConnectionPool(host='api.tronstation.io', port=443): Max retries exceeded with url: /v1/accounts/TGsSyxBQeNDDUDiiPTY6mgsP12Fx75C375/tokens (Caused by NameResolutionError("<urllib3.connection.HTTPSConnection object at 0x7f8871ab8d60>: Failed to resolve 'api.tronstation.io' ([Errno -2] Name or service not known)"))
2025-07-19 08:03:25 - balance_service - WARNING - No native currency found for blockchain Bitcoin
2025-07-19 08:03:25 - balance_service - WARNING - No native currency found for blockchain Avalanche
2025-07-19 08:03:25 - balance_service - WARNING - No native currency found for blockchain Arbitrum
2025-07-19 08:03:25 - balance_service - WARNING - No native currency found for blockchain Polkadot
2025-07-19 08:03:26 - balance_service - WARNING - خطا در دریافت موجودی TRC20 با API اصلی: 404 - {"timestamp":"2025-07-19T08:03:26.026+00:00","status":404,"error":"Not Found","path":"/v1/accounts/TWxYj1EgkXikRh3SszVUQniB6NcLNKeRfy/tokens"}
2025-07-19 08:03:26 - balance_service - WARNING - خطا در دریافت موجودی TRC20 با API اصلی: 404 - {"timestamp":"2025-07-19T08:03:26.242+00:00","status":404,"error":"Not Found","path":"/v1/accounts/TWxYj1EgkXikRh3SszVUQniB6NcLNKeRfy/tokens"}
2025-07-19 08:03:26 - balance_service - ERROR - Error getting EVM token balance on Avalanche: when sending a str, it must be a hex string. Got: 'FvwEAhmxKfeiG8SnEvq42hc6whRyY3EFYAvebMqDNDGCgxN5Z'
Traceback (most recent call last):
  File "/www/wwwroot/coinceeper.com/CC/services/balance_service.py", line 157, in get_token_balance
    address=Web3.to_checksum_address(contract_address),
  File "/www/wwwroot/coinceeper.com/CC/venv/lib64/python3.9/site-packages/web3/main.py", line 268, in to_checksum_address
    return to_checksum_address(value)
  File "/www/wwwroot/coinceeper.com/CC/venv/lib64/python3.9/site-packages/eth_utils/address.py", line 129, in to_checksum_address
    norm_address = to_normalized_address(value)
  File "/www/wwwroot/coinceeper.com/CC/venv/lib64/python3.9/site-packages/eth_utils/address.py", line 73, in to_normalized_address
    hex_address = hexstr_if_str(to_hex, value).lower()
  File "/www/wwwroot/coinceeper.com/CC/venv/lib64/python3.9/site-packages/eth_utils/conversions.py", line 195, in hexstr_if_str
    raise ValueError(
ValueError: when sending a str, it must be a hex string. Got: 'FvwEAhmxKfeiG8SnEvq42hc6whRyY3EFYAvebMqDNDGCgxN5Z'
2025-07-19 08:03:26 - balance_service - WARNING - خطا در دریافت موجودی TRC20 با API اصلی: 404 - {"timestamp":"2025-07-19T08:03:26.935+00:00","status":404,"error":"Not Found","path":"/v1/accounts/TWxYj1EgkXikRh3SszVUQniB6NcLNKeRfy/tokens"}
2025-07-19 08:03:27 - balance_service - ERROR - خطا در استفاده از API جایگزین 8: HTTPSConnectionPool(host='api.tronstation.io', port=443): Max retries exceeded with url: /v1/accounts/TWxYj1EgkXikRh3SszVUQniB6NcLNKeRfy/tokens (Caused by NameResolutionError("<urllib3.connection.HTTPSConnection object at 0x7f887d5824c0>: Failed to resolve 'api.tronstation.io' ([Errno -2] Name or service not known)"))
2025-07-19 08:03:27 - balance_service - ERROR - خطا در استفاده از API جایگزین 8: HTTPSConnectionPool(host='api.tronstation.io', port=443): Max retries exceeded with url: /v1/accounts/TWxYj1EgkXikRh3SszVUQniB6NcLNKeRfy/tokens (Caused by NameResolutionError("<urllib3.connection.HTTPSConnection object at 0x7f887d590c70>: Failed to resolve 'api.tronstation.io' ([Errno -2] Name or service not known)"))
2025-07-19 08:03:28 - balance_service - ERROR - خطا در استفاده از API جایگزین 8: HTTPSConnectionPool(host='api.tronstation.io', port=443): Max retries exceeded with url: /v1/accounts/TWxYj1EgkXikRh3SszVUQniB6NcLNKeRfy/tokens (Caused by NameResolutionError("<urllib3.connection.HTTPSConnection object at 0x7f887d5b00d0>: Failed to resolve 'api.tronstation.io' ([Errno -2] Name or service not known)"))
2025-07-19 09:26:20 - balance_service - WARNING - No native currency found for blockchain Bitcoin
2025-07-19 09:26:20 - balance_service - WARNING - No native currency found for blockchain Avalanche
2025-07-19 09:26:20 - balance_service - WARNING - No native currency found for blockchain Arbitrum
2025-07-19 09:26:20 - balance_service - WARNING - No native currency found for blockchain Polkadot
2025-07-19 09:26:21 - balance_service - WARNING - خطا در دریافت موجودی TRC20 با API اصلی: 404 - {"timestamp":"2025-07-19T09:26:21.212+00:00","status":404,"error":"Not Found","path":"/v1/accounts/TWxYj1EgkXikRh3SszVUQniB6NcLNKeRfy/tokens"}
2025-07-19 09:26:21 - balance_service - WARNING - خطا در دریافت موجودی TRC20 با API اصلی: 404 - {"timestamp":"2025-07-19T09:26:21.485+00:00","status":404,"error":"Not Found","path":"/v1/accounts/TWxYj1EgkXikRh3SszVUQniB6NcLNKeRfy/tokens"}
2025-07-19 09:26:22 - balance_service - ERROR - Error getting EVM token balance on Avalanche: when sending a str, it must be a hex string. Got: 'FvwEAhmxKfeiG8SnEvq42hc6whRyY3EFYAvebMqDNDGCgxN5Z'
Traceback (most recent call last):
  File "/www/wwwroot/coinceeper.com/CC/services/balance_service.py", line 157, in get_token_balance
    address=Web3.to_checksum_address(contract_address),
  File "/www/wwwroot/coinceeper.com/CC/venv/lib64/python3.9/site-packages/web3/main.py", line 268, in to_checksum_address
    return to_checksum_address(value)
  File "/www/wwwroot/coinceeper.com/CC/venv/lib64/python3.9/site-packages/eth_utils/address.py", line 129, in to_checksum_address
    norm_address = to_normalized_address(value)
  File "/www/wwwroot/coinceeper.com/CC/venv/lib64/python3.9/site-packages/eth_utils/address.py", line 73, in to_normalized_address
    hex_address = hexstr_if_str(to_hex, value).lower()
  File "/www/wwwroot/coinceeper.com/CC/venv/lib64/python3.9/site-packages/eth_utils/conversions.py", line 195, in hexstr_if_str
    raise ValueError(
ValueError: when sending a str, it must be a hex string. Got: 'FvwEAhmxKfeiG8SnEvq42hc6whRyY3EFYAvebMqDNDGCgxN5Z'
2025-07-19 09:26:22 - balance_service - WARNING - خطا در دریافت موجودی TRC20 با API اصلی: 404 - {"timestamp":"2025-07-19T09:26:22.153+00:00","status":404,"error":"Not Found","path":"/v1/accounts/TWxYj1EgkXikRh3SszVUQniB6NcLNKeRfy/tokens"}
2025-07-19 09:26:22 - balance_service - ERROR - خطا در استفاده از API جایگزین 8: HTTPSConnectionPool(host='api.tronstation.io', port=443): Max retries exceeded with url: /v1/accounts/TWxYj1EgkXikRh3SszVUQniB6NcLNKeRfy/tokens (Caused by NameResolutionError("<urllib3.connection.HTTPSConnection object at 0x7f887d566250>: Failed to resolve 'api.tronstation.io' ([Errno -2] Name or service not known)"))
2025-07-19 09:26:23 - balance_service - ERROR - خطا در استفاده از API جایگزین 8: HTTPSConnectionPool(host='api.tronstation.io', port=443): Max retries exceeded with url: /v1/accounts/TWxYj1EgkXikRh3SszVUQniB6NcLNKeRfy/tokens (Caused by NameResolutionError("<urllib3.connection.HTTPSConnection object at 0x7f887d566c70>: Failed to resolve 'api.tronstation.io' ([Errno -2] Name or service not known)"))
2025-07-19 09:26:23 - balance_service - ERROR - خطا در استفاده از API جایگزین 8: HTTPSConnectionPool(host='api.tronstation.io', port=443): Max retries exceeded with url: /v1/accounts/TWxYj1EgkXikRh3SszVUQniB6NcLNKeRfy/tokens (Caused by NameResolutionError("<urllib3.connection.HTTPSConnection object at 0x7f887d566400>: Failed to resolve 'api.tronstation.io' ([Errno -2] Name or service not known)"))
2025-07-19 09:27:18 - balance_service - WARNING - No native currency found for blockchain Bitcoin
2025-07-19 09:27:18 - balance_service - WARNING - No native currency found for blockchain Avalanche
2025-07-19 09:27:18 - balance_service - WARNING - No native currency found for blockchain Arbitrum
2025-07-19 09:27:18 - balance_service - WARNING - No native currency found for blockchain Polkadot
2025-07-19 09:27:19 - balance_service - WARNING - خطا در دریافت موجودی TRC20 با API اصلی: 404 - {"timestamp":"2025-07-19T09:27:19.055+00:00","status":404,"error":"Not Found","path":"/v1/accounts/TWxYj1EgkXikRh3SszVUQniB6NcLNKeRfy/tokens"}
2025-07-19 09:27:19 - balance_service - WARNING - خطا در دریافت موجودی TRC20 با API اصلی: 404 - {"timestamp":"2025-07-19T09:27:19.239+00:00","status":404,"error":"Not Found","path":"/v1/accounts/TWxYj1EgkXikRh3SszVUQniB6NcLNKeRfy/tokens"}
2025-07-19 09:27:20 - balance_service - WARNING - خطا در دریافت موجودی TRC20 با API اصلی: 404 - {"timestamp":"2025-07-19T09:27:20.357+00:00","status":404,"error":"Not Found","path":"/v1/accounts/TWxYj1EgkXikRh3SszVUQniB6NcLNKeRfy/tokens"}
2025-07-19 09:27:20 - balance_service - ERROR - خطا در استفاده از API جایگزین 8: HTTPSConnectionPool(host='api.tronstation.io', port=443): Max retries exceeded with url: /v1/accounts/TWxYj1EgkXikRh3SszVUQniB6NcLNKeRfy/tokens (Caused by NameResolutionError("<urllib3.connection.HTTPSConnection object at 0x7f88706dd640>: Failed to resolve 'api.tronstation.io' ([Errno -2] Name or service not known)"))
2025-07-19 09:27:20 - balance_service - ERROR - Error getting EVM token balance on Avalanche: when sending a str, it must be a hex string. Got: 'FvwEAhmxKfeiG8SnEvq42hc6whRyY3EFYAvebMqDNDGCgxN5Z'
Traceback (most recent call last):
  File "/www/wwwroot/coinceeper.com/CC/services/balance_service.py", line 157, in get_token_balance
    address=Web3.to_checksum_address(contract_address),
  File "/www/wwwroot/coinceeper.com/CC/venv/lib64/python3.9/site-packages/web3/main.py", line 268, in to_checksum_address
    return to_checksum_address(value)
  File "/www/wwwroot/coinceeper.com/CC/venv/lib64/python3.9/site-packages/eth_utils/address.py", line 129, in to_checksum_address
    norm_address = to_normalized_address(value)
  File "/www/wwwroot/coinceeper.com/CC/venv/lib64/python3.9/site-packages/eth_utils/address.py", line 73, in to_normalized_address
    hex_address = hexstr_if_str(to_hex, value).lower()
  File "/www/wwwroot/coinceeper.com/CC/venv/lib64/python3.9/site-packages/eth_utils/conversions.py", line 195, in hexstr_if_str
    raise ValueError(
ValueError: when sending a str, it must be a hex string. Got: 'FvwEAhmxKfeiG8SnEvq42hc6whRyY3EFYAvebMqDNDGCgxN5Z'
2025-07-19 09:27:20 - balance_service - ERROR - خطا در استفاده از API جایگزین 8: HTTPSConnectionPool(host='api.tronstation.io', port=443): Max retries exceeded with url: /v1/accounts/TWxYj1EgkXikRh3SszVUQniB6NcLNKeRfy/tokens (Caused by NameResolutionError("<urllib3.connection.HTTPSConnection object at 0x7f8872076eb0>: Failed to resolve 'api.tronstation.io' ([Errno -2] Name or service not known)"))
2025-07-19 09:27:22 - balance_service - ERROR - خطا در استفاده از API جایگزین 8: HTTPSConnectionPool(host='api.tronstation.io', port=443): Max retries exceeded with url: /v1/accounts/TWxYj1EgkXikRh3SszVUQniB6NcLNKeRfy/tokens (Caused by NameResolutionError("<urllib3.connection.HTTPSConnection object at 0x7f8873942f70>: Failed to resolve 'api.tronstation.io' ([Errno -2] Name or service not known)"))
2025-07-19 09:27:23 - balance_service - WARNING - Error getting token decimals, using default 18: 429 Client Error: Too Many Requests for url: https://mainnet.infura.io/v3/a8ab43a04ce044de988a838d92f478a7
2025-07-19 09:31:51 - balance_service - WARNING - No native currency found for blockchain Bitcoin
2025-07-19 09:31:51 - balance_service - WARNING - No native currency found for blockchain Avalanche
2025-07-19 09:31:51 - balance_service - WARNING - No native currency found for blockchain Arbitrum
2025-07-19 09:31:51 - balance_service - WARNING - No native currency found for blockchain Polkadot
2025-07-19 09:31:52 - balance_service - WARNING - خطا در دریافت موجودی TRC20 با API اصلی: 404 - {"timestamp":"2025-07-19T09:31:52.233+00:00","status":404,"error":"Not Found","path":"/v1/accounts/TWxYj1EgkXikRh3SszVUQniB6NcLNKeRfy/tokens"}
2025-07-19 09:31:52 - balance_service - WARNING - خطا در دریافت موجودی TRC20 با API اصلی: 404 - {"timestamp":"2025-07-19T09:31:52.567+00:00","status":404,"error":"Not Found","path":"/v1/accounts/TWxYj1EgkXikRh3SszVUQniB6NcLNKeRfy/tokens"}
2025-07-19 09:31:53 - balance_service - WARNING - خطا در دریافت موجودی TRC20 با API اصلی: 404 - {"timestamp":"2025-07-19T09:31:53.127+00:00","status":404,"error":"Not Found","path":"/v1/accounts/TWxYj1EgkXikRh3SszVUQniB6NcLNKeRfy/tokens"}
2025-07-19 09:31:53 - balance_service - ERROR - Error getting EVM token balance on Avalanche: when sending a str, it must be a hex string. Got: 'FvwEAhmxKfeiG8SnEvq42hc6whRyY3EFYAvebMqDNDGCgxN5Z'
Traceback (most recent call last):
  File "/www/wwwroot/coinceeper.com/CC/services/balance_service.py", line 157, in get_token_balance
    address=Web3.to_checksum_address(contract_address),
  File "/www/wwwroot/coinceeper.com/CC/venv/lib64/python3.9/site-packages/web3/main.py", line 268, in to_checksum_address
    return to_checksum_address(value)
  File "/www/wwwroot/coinceeper.com/CC/venv/lib64/python3.9/site-packages/eth_utils/address.py", line 129, in to_checksum_address
    norm_address = to_normalized_address(value)
  File "/www/wwwroot/coinceeper.com/CC/venv/lib64/python3.9/site-packages/eth_utils/address.py", line 73, in to_normalized_address
    hex_address = hexstr_if_str(to_hex, value).lower()
  File "/www/wwwroot/coinceeper.com/CC/venv/lib64/python3.9/site-packages/eth_utils/conversions.py", line 195, in hexstr_if_str
    raise ValueError(
ValueError: when sending a str, it must be a hex string. Got: 'FvwEAhmxKfeiG8SnEvq42hc6whRyY3EFYAvebMqDNDGCgxN5Z'
2025-07-19 09:31:53 - balance_service - ERROR - خطا در استفاده از API جایگزین 8: HTTPSConnectionPool(host='api.tronstation.io', port=443): Max retries exceeded with url: /v1/accounts/TWxYj1EgkXikRh3SszVUQniB6NcLNKeRfy/tokens (Caused by NameResolutionError("<urllib3.connection.HTTPSConnection object at 0x7f887d7f37f0>: Failed to resolve 'api.tronstation.io' ([Errno -2] Name or service not known)"))
2025-07-19 09:31:54 - balance_service - ERROR - خطا در استفاده از API جایگزین 8: HTTPSConnectionPool(host='api.tronstation.io', port=443): Max retries exceeded with url: /v1/accounts/TWxYj1EgkXikRh3SszVUQniB6NcLNKeRfy/tokens (Caused by NameResolutionError("<urllib3.connection.HTTPSConnection object at 0x7f887d7d9640>: Failed to resolve 'api.tronstation.io' ([Errno -2] Name or service not known)"))
2025-07-19 09:31:54 - balance_service - ERROR - خطا در استفاده از API جایگزین 8: HTTPSConnectionPool(host='api.tronstation.io', port=443): Max retries exceeded with url: /v1/accounts/TWxYj1EgkXikRh3SszVUQniB6NcLNKeRfy/tokens (Caused by NameResolutionError("<urllib3.connection.HTTPSConnection object at 0x7f8871989700>: Failed to resolve 'api.tronstation.io' ([Errno -2] Name or service not known)"))
2025-07-19 09:36:48 - balance_service - WARNING - No native currency found for blockchain Bitcoin
2025-07-19 09:36:48 - balance_service - WARNING - No native currency found for blockchain Avalanche
2025-07-19 09:36:48 - balance_service - WARNING - No native currency found for blockchain Arbitrum
2025-07-19 09:36:48 - balance_service - WARNING - No native currency found for blockchain Polkadot
2025-07-19 09:36:48 - balance_service - WARNING - خطا در دریافت موجودی TRC20 با API اصلی: 404 - {"timestamp":"2025-07-19T09:36:48.702+00:00","status":404,"error":"Not Found","path":"/v1/accounts/TWxYj1EgkXikRh3SszVUQniB6NcLNKeRfy/tokens"}
2025-07-19 09:36:48 - balance_service - WARNING - خطا در دریافت موجودی TRC20 با API اصلی: 404 - {"timestamp":"2025-07-19T09:36:48.933+00:00","status":404,"error":"Not Found","path":"/v1/accounts/TWxYj1EgkXikRh3SszVUQniB6NcLNKeRfy/tokens"}
2025-07-19 09:36:49 - balance_service - WARNING - خطا در دریافت موجودی TRC20 با API اصلی: 404 - {"timestamp":"2025-07-19T09:36:49.839+00:00","status":404,"error":"Not Found","path":"/v1/accounts/TWxYj1EgkXikRh3SszVUQniB6NcLNKeRfy/tokens"}
2025-07-19 09:36:50 - balance_service - ERROR - خطا در استفاده از API جایگزین 8: HTTPSConnectionPool(host='api.tronstation.io', port=443): Max retries exceeded with url: /v1/accounts/TWxYj1EgkXikRh3SszVUQniB6NcLNKeRfy/tokens (Caused by NameResolutionError("<urllib3.connection.HTTPSConnection object at 0x7f887072d4f0>: Failed to resolve 'api.tronstation.io' ([Errno -2] Name or service not known)"))
2025-07-19 09:36:50 - balance_service - ERROR - خطا در استفاده از API جایگزین 8: HTTPSConnectionPool(host='api.tronstation.io', port=443): Max retries exceeded with url: /v1/accounts/TWxYj1EgkXikRh3SszVUQniB6NcLNKeRfy/tokens (Caused by NameResolutionError("<urllib3.connection.HTTPSConnection object at 0x7f8871ad05b0>: Failed to resolve 'api.tronstation.io' ([Errno -2] Name or service not known)"))
2025-07-19 09:36:50 - balance_service - ERROR - Error getting EVM token balance on Avalanche: when sending a str, it must be a hex string. Got: 'FvwEAhmxKfeiG8SnEvq42hc6whRyY3EFYAvebMqDNDGCgxN5Z'
Traceback (most recent call last):
  File "/www/wwwroot/coinceeper.com/CC/services/balance_service.py", line 157, in get_token_balance
    address=Web3.to_checksum_address(contract_address),
  File "/www/wwwroot/coinceeper.com/CC/venv/lib64/python3.9/site-packages/web3/main.py", line 268, in to_checksum_address
    return to_checksum_address(value)
  File "/www/wwwroot/coinceeper.com/CC/venv/lib64/python3.9/site-packages/eth_utils/address.py", line 129, in to_checksum_address
    norm_address = to_normalized_address(value)
  File "/www/wwwroot/coinceeper.com/CC/venv/lib64/python3.9/site-packages/eth_utils/address.py", line 73, in to_normalized_address
    hex_address = hexstr_if_str(to_hex, value).lower()
  File "/www/wwwroot/coinceeper.com/CC/venv/lib64/python3.9/site-packages/eth_utils/conversions.py", line 195, in hexstr_if_str
    raise ValueError(
ValueError: when sending a str, it must be a hex string. Got: 'FvwEAhmxKfeiG8SnEvq42hc6whRyY3EFYAvebMqDNDGCgxN5Z'
2025-07-19 09:36:51 - balance_service - ERROR - خطا در استفاده از API جایگزین 8: HTTPSConnectionPool(host='api.tronstation.io', port=443): Max retries exceeded with url: /v1/accounts/TWxYj1EgkXikRh3SszVUQniB6NcLNKeRfy/tokens (Caused by NameResolutionError("<urllib3.connection.HTTPSConnection object at 0x7f88721b5640>: Failed to resolve 'api.tronstation.io' ([Errno -2] Name or service not known)"))
2025-07-19 09:36:51 - balance_service - WARNING - Error getting token decimals, using default 18: 429 Client Error: Too Many Requests for url: https://mainnet.infura.io/v3/a8ab43a04ce044de988a838d92f478a7
2025-07-19 09:36:51 - balance_service - WARNING - Error getting token decimals, using default 18: 429 Client Error: Too Many Requests for url: https://mainnet.infura.io/v3/a8ab43a04ce044de988a838d92f478a7
2025-07-19 09:36:51 - balance_service - WARNING - Error getting token decimals, using default 18: 429 Client Error: Too Many Requests for url: https://mainnet.infura.io/v3/a8ab43a04ce044de988a838d92f478a7
2025-07-19 09:36:52 - balance_service - WARNING - Error getting token decimals, using default 18: 429 Client Error: Too Many Requests for url: https://mainnet.infura.io/v3/a8ab43a04ce044de988a838d92f478a7
2025-07-19 09:36:53 - balance_service - WARNING - Error getting token decimals, using default 18: 429 Client Error: Too Many Requests for url: https://mainnet.infura.io/v3/a8ab43a04ce044de988a838d92f478a7
2025-07-19 09:39:56 - balance_service - WARNING - No native currency found for blockchain Bitcoin
2025-07-19 09:39:56 - balance_service - WARNING - No native currency found for blockchain Avalanche
2025-07-19 09:39:56 - balance_service - WARNING - No native currency found for blockchain Arbitrum
2025-07-19 09:39:56 - balance_service - WARNING - No native currency found for blockchain Polkadot
2025-07-19 09:39:57 - balance_service - WARNING - خطا در دریافت موجودی TRC20 با API اصلی: 404 - {"timestamp":"2025-07-19T09:39:57.011+00:00","status":404,"error":"Not Found","path":"/v1/accounts/TWxYj1EgkXikRh3SszVUQniB6NcLNKeRfy/tokens"}
2025-07-19 09:39:57 - balance_service - WARNING - خطا در دریافت موجودی TRC20 با API اصلی: 404 - {"timestamp":"2025-07-19T09:39:57.240+00:00","status":404,"error":"Not Found","path":"/v1/accounts/TWxYj1EgkXikRh3SszVUQniB6NcLNKeRfy/tokens"}
2025-07-19 09:39:57 - balance_service - ERROR - Error getting EVM token balance on Avalanche: when sending a str, it must be a hex string. Got: 'FvwEAhmxKfeiG8SnEvq42hc6whRyY3EFYAvebMqDNDGCgxN5Z'
Traceback (most recent call last):
  File "/www/wwwroot/coinceeper.com/CC/services/balance_service.py", line 157, in get_token_balance
    address=Web3.to_checksum_address(contract_address),
  File "/www/wwwroot/coinceeper.com/CC/venv/lib64/python3.9/site-packages/web3/main.py", line 268, in to_checksum_address
    return to_checksum_address(value)
  File "/www/wwwroot/coinceeper.com/CC/venv/lib64/python3.9/site-packages/eth_utils/address.py", line 129, in to_checksum_address
    norm_address = to_normalized_address(value)
  File "/www/wwwroot/coinceeper.com/CC/venv/lib64/python3.9/site-packages/eth_utils/address.py", line 73, in to_normalized_address
    hex_address = hexstr_if_str(to_hex, value).lower()
  File "/www/wwwroot/coinceeper.com/CC/venv/lib64/python3.9/site-packages/eth_utils/conversions.py", line 195, in hexstr_if_str
    raise ValueError(
ValueError: when sending a str, it must be a hex string. Got: 'FvwEAhmxKfeiG8SnEvq42hc6whRyY3EFYAvebMqDNDGCgxN5Z'
2025-07-19 09:39:57 - balance_service - WARNING - خطا در دریافت موجودی TRC20 با API اصلی: 404 - {"timestamp":"2025-07-19T09:39:57.689+00:00","status":404,"error":"Not Found","path":"/v1/accounts/TWxYj1EgkXikRh3SszVUQniB6NcLNKeRfy/tokens"}
2025-07-19 09:39:58 - balance_service - ERROR - خطا در استفاده از API جایگزین 8: HTTPSConnectionPool(host='api.tronstation.io', port=443): Max retries exceeded with url: /v1/accounts/TWxYj1EgkXikRh3SszVUQniB6NcLNKeRfy/tokens (Caused by NameResolutionError("<urllib3.connection.HTTPSConnection object at 0x7f88722a7d90>: Failed to resolve 'api.tronstation.io' ([Errno -2] Name or service not known)"))
2025-07-19 09:39:58 - balance_service - ERROR - خطا در استفاده از API جایگزین 8: HTTPSConnectionPool(host='api.tronstation.io', port=443): Max retries exceeded with url: /v1/accounts/TWxYj1EgkXikRh3SszVUQniB6NcLNKeRfy/tokens (Caused by NameResolutionError("<urllib3.connection.HTTPSConnection object at 0x7f88721e2610>: Failed to resolve 'api.tronstation.io' ([Errno -2] Name or service not known)"))
2025-07-19 09:39:59 - balance_service - ERROR - خطا در استفاده از API جایگزین 8: HTTPSConnectionPool(host='api.tronstation.io', port=443): Max retries exceeded with url: /v1/accounts/TWxYj1EgkXikRh3SszVUQniB6NcLNKeRfy/tokens (Caused by NameResolutionError("<urllib3.connection.HTTPSConnection object at 0x7f88712e05b0>: Failed to resolve 'api.tronstation.io' ([Errno -2] Name or service not known)"))
2025-07-19 10:01:38 - balance_service - WARNING - No native currency found for blockchain Bitcoin
2025-07-19 10:01:38 - balance_service - WARNING - No native currency found for blockchain Avalanche
2025-07-19 10:01:38 - balance_service - WARNING - No native currency found for blockchain Arbitrum
2025-07-19 10:01:38 - balance_service - WARNING - No native currency found for blockchain Polkadot
2025-07-19 10:01:38 - balance_service - WARNING - خطا در دریافت موجودی TRC20 با API اصلی: 404 - {"timestamp":"2025-07-19T10:01:38.822+00:00","status":404,"error":"Not Found","path":"/v1/accounts/TWxYj1EgkXikRh3SszVUQniB6NcLNKeRfy/tokens"}
2025-07-19 10:01:39 - balance_service - WARNING - خطا در دریافت موجودی TRC20 با API اصلی: 404 - {"timestamp":"2025-07-19T10:01:39.013+00:00","status":404,"error":"Not Found","path":"/v1/accounts/TWxYj1EgkXikRh3SszVUQniB6NcLNKeRfy/tokens"}
2025-07-19 10:01:39 - balance_service - ERROR - Error getting EVM token balance on Avalanche: when sending a str, it must be a hex string. Got: 'FvwEAhmxKfeiG8SnEvq42hc6whRyY3EFYAvebMqDNDGCgxN5Z'
Traceback (most recent call last):
  File "/www/wwwroot/coinceeper.com/CC/services/balance_service.py", line 157, in get_token_balance
    address=Web3.to_checksum_address(contract_address),
  File "/www/wwwroot/coinceeper.com/CC/venv/lib64/python3.9/site-packages/web3/main.py", line 268, in to_checksum_address
    return to_checksum_address(value)
  File "/www/wwwroot/coinceeper.com/CC/venv/lib64/python3.9/site-packages/eth_utils/address.py", line 129, in to_checksum_address
    norm_address = to_normalized_address(value)
  File "/www/wwwroot/coinceeper.com/CC/venv/lib64/python3.9/site-packages/eth_utils/address.py", line 73, in to_normalized_address
    hex_address = hexstr_if_str(to_hex, value).lower()
  File "/www/wwwroot/coinceeper.com/CC/venv/lib64/python3.9/site-packages/eth_utils/conversions.py", line 195, in hexstr_if_str
    raise ValueError(
ValueError: when sending a str, it must be a hex string. Got: 'FvwEAhmxKfeiG8SnEvq42hc6whRyY3EFYAvebMqDNDGCgxN5Z'
2025-07-19 10:01:39 - balance_service - WARNING - خطا در دریافت موجودی TRC20 با API اصلی: 404 - {"timestamp":"2025-07-19T10:01:39.720+00:00","status":404,"error":"Not Found","path":"/v1/accounts/TWxYj1EgkXikRh3SszVUQniB6NcLNKeRfy/tokens"}
2025-07-19 10:01:40 - balance_service - ERROR - خطا در استفاده از API جایگزین 8: HTTPSConnectionPool(host='api.tronstation.io', port=443): Max retries exceeded with url: /v1/accounts/TWxYj1EgkXikRh3SszVUQniB6NcLNKeRfy/tokens (Caused by NameResolutionError("<urllib3.connection.HTTPSConnection object at 0x7f887d7ca9d0>: Failed to resolve 'api.tronstation.io' ([Errno -2] Name or service not known)"))
2025-07-19 10:01:40 - balance_service - ERROR - خطا در استفاده از API جایگزین 8: HTTPSConnectionPool(host='api.tronstation.io', port=443): Max retries exceeded with url: /v1/accounts/TWxYj1EgkXikRh3SszVUQniB6NcLNKeRfy/tokens (Caused by NameResolutionError("<urllib3.connection.HTTPSConnection object at 0x7f8872419040>: Failed to resolve 'api.tronstation.io' ([Errno -2] Name or service not known)"))
2025-07-19 10:01:41 - balance_service - ERROR - خطا در استفاده از API جایگزین 8: HTTPSConnectionPool(host='api.tronstation.io', port=443): Max retries exceeded with url: /v1/accounts/TWxYj1EgkXikRh3SszVUQniB6NcLNKeRfy/tokens (Caused by NameResolutionError("<urllib3.connection.HTTPSConnection object at 0x7f88721e2700>: Failed to resolve 'api.tronstation.io' ([Errno -2] Name or service not known)"))
2025-07-19 10:09:07 - balance_service - WARNING - No native currency found for blockchain Bitcoin
2025-07-19 10:09:07 - balance_service - WARNING - No native currency found for blockchain Avalanche
2025-07-19 10:09:07 - balance_service - WARNING - No native currency found for blockchain Arbitrum
2025-07-19 10:09:07 - balance_service - WARNING - No native currency found for blockchain Polkadot
2025-07-19 10:09:07 - balance_service - WARNING - خطا در دریافت موجودی TRC20 با API اصلی: 404 - {"timestamp":"2025-07-19T10:09:07.835+00:00","status":404,"error":"Not Found","path":"/v1/accounts/TWxYj1EgkXikRh3SszVUQniB6NcLNKeRfy/tokens"}
2025-07-19 10:09:08 - balance_service - WARNING - خطا در دریافت موجودی TRC20 با API اصلی: 404 - {"timestamp":"2025-07-19T10:09:08.106+00:00","status":404,"error":"Not Found","path":"/v1/accounts/TWxYj1EgkXikRh3SszVUQniB6NcLNKeRfy/tokens"}
2025-07-19 10:09:08 - balance_service - ERROR - Error getting EVM token balance on Avalanche: when sending a str, it must be a hex string. Got: 'FvwEAhmxKfeiG8SnEvq42hc6whRyY3EFYAvebMqDNDGCgxN5Z'
Traceback (most recent call last):
  File "/www/wwwroot/coinceeper.com/CC/services/balance_service.py", line 157, in get_token_balance
    address=Web3.to_checksum_address(contract_address),
  File "/www/wwwroot/coinceeper.com/CC/venv/lib64/python3.9/site-packages/web3/main.py", line 268, in to_checksum_address
    return to_checksum_address(value)
  File "/www/wwwroot/coinceeper.com/CC/venv/lib64/python3.9/site-packages/eth_utils/address.py", line 129, in to_checksum_address
    norm_address = to_normalized_address(value)
  File "/www/wwwroot/coinceeper.com/CC/venv/lib64/python3.9/site-packages/eth_utils/address.py", line 73, in to_normalized_address
    hex_address = hexstr_if_str(to_hex, value).lower()
  File "/www/wwwroot/coinceeper.com/CC/venv/lib64/python3.9/site-packages/eth_utils/conversions.py", line 195, in hexstr_if_str
    raise ValueError(
ValueError: when sending a str, it must be a hex string. Got: 'FvwEAhmxKfeiG8SnEvq42hc6whRyY3EFYAvebMqDNDGCgxN5Z'
2025-07-19 10:09:08 - balance_service - WARNING - خطا در دریافت موجودی TRC20 با API اصلی: 404 - {"timestamp":"2025-07-19T10:09:08.751+00:00","status":404,"error":"Not Found","path":"/v1/accounts/TWxYj1EgkXikRh3SszVUQniB6NcLNKeRfy/tokens"}
2025-07-19 10:09:09 - balance_service - ERROR - خطا در استفاده از API جایگزین 8: HTTPSConnectionPool(host='api.tronstation.io', port=443): Max retries exceeded with url: /v1/accounts/TWxYj1EgkXikRh3SszVUQniB6NcLNKeRfy/tokens (Caused by NameResolutionError("<urllib3.connection.HTTPSConnection object at 0x7f8871338bb0>: Failed to resolve 'api.tronstation.io' ([Errno -2] Name or service not known)"))
2025-07-19 10:09:09 - balance_service - ERROR - خطا در استفاده از API جایگزین 8: HTTPSConnectionPool(host='api.tronstation.io', port=443): Max retries exceeded with url: /v1/accounts/TWxYj1EgkXikRh3SszVUQniB6NcLNKeRfy/tokens (Caused by NameResolutionError("<urllib3.connection.HTTPSConnection object at 0x7f88719a2bb0>: Failed to resolve 'api.tronstation.io' ([Errno -2] Name or service not known)"))
2025-07-19 10:09:10 - balance_service - ERROR - خطا در استفاده از API جایگزین 8: HTTPSConnectionPool(host='api.tronstation.io', port=443): Max retries exceeded with url: /v1/accounts/TWxYj1EgkXikRh3SszVUQniB6NcLNKeRfy/tokens (Caused by NameResolutionError("<urllib3.connection.HTTPSConnection object at 0x7f8871a8b3d0>: Failed to resolve 'api.tronstation.io' ([Errno -2] Name or service not known)"))
2025-07-19 10:36:30 - balance_service - WARNING - No native currency found for blockchain Bitcoin
2025-07-19 10:36:30 - balance_service - WARNING - No native currency found for blockchain Avalanche
2025-07-19 10:36:30 - balance_service - WARNING - No native currency found for blockchain Arbitrum
2025-07-19 10:36:30 - balance_service - WARNING - No native currency found for blockchain Polkadot
2025-07-19 10:36:31 - balance_service - WARNING - خطا در دریافت موجودی TRC20 با API اصلی: 404 - {"timestamp":"2025-07-19T10:36:31.223+00:00","status":404,"error":"Not Found","path":"/v1/accounts/TWxYj1EgkXikRh3SszVUQniB6NcLNKeRfy/tokens"}
2025-07-19 10:36:31 - balance_service - WARNING - خطا در دریافت موجودی TRC20 با API اصلی: 404 - {"timestamp":"2025-07-19T10:36:31.474+00:00","status":404,"error":"Not Found","path":"/v1/accounts/TWxYj1EgkXikRh3SszVUQniB6NcLNKeRfy/tokens"}
2025-07-19 10:36:32 - balance_service - ERROR - Error getting EVM token balance on Avalanche: when sending a str, it must be a hex string. Got: 'FvwEAhmxKfeiG8SnEvq42hc6whRyY3EFYAvebMqDNDGCgxN5Z'
Traceback (most recent call last):
  File "/www/wwwroot/coinceeper.com/CC/services/balance_service.py", line 157, in get_token_balance
    address=Web3.to_checksum_address(contract_address),
  File "/www/wwwroot/coinceeper.com/CC/venv/lib64/python3.9/site-packages/web3/main.py", line 268, in to_checksum_address
    return to_checksum_address(value)
  File "/www/wwwroot/coinceeper.com/CC/venv/lib64/python3.9/site-packages/eth_utils/address.py", line 129, in to_checksum_address
    norm_address = to_normalized_address(value)
  File "/www/wwwroot/coinceeper.com/CC/venv/lib64/python3.9/site-packages/eth_utils/address.py", line 73, in to_normalized_address
    hex_address = hexstr_if_str(to_hex, value).lower()
  File "/www/wwwroot/coinceeper.com/CC/venv/lib64/python3.9/site-packages/eth_utils/conversions.py", line 195, in hexstr_if_str
    raise ValueError(
ValueError: when sending a str, it must be a hex string. Got: 'FvwEAhmxKfeiG8SnEvq42hc6whRyY3EFYAvebMqDNDGCgxN5Z'
2025-07-19 10:36:32 - balance_service - WARNING - خطا در دریافت موجودی TRC20 با API اصلی: 404 - {"timestamp":"2025-07-19T10:36:32.215+00:00","status":404,"error":"Not Found","path":"/v1/accounts/TWxYj1EgkXikRh3SszVUQniB6NcLNKeRfy/tokens"}
2025-07-19 10:36:32 - balance_service - ERROR - خطا در استفاده از API جایگزین 8: HTTPSConnectionPool(host='api.tronstation.io', port=443): Max retries exceeded with url: /v1/accounts/TWxYj1EgkXikRh3SszVUQniB6NcLNKeRfy/tokens (Caused by NameResolutionError("<urllib3.connection.HTTPSConnection object at 0x7f88719f3dc0>: Failed to resolve 'api.tronstation.io' ([Errno -2] Name or service not known)"))
2025-07-19 10:36:33 - balance_service - ERROR - خطا در استفاده از API جایگزین 8: HTTPSConnectionPool(host='api.tronstation.io', port=443): Max retries exceeded with url: /v1/accounts/TWxYj1EgkXikRh3SszVUQniB6NcLNKeRfy/tokens (Caused by NameResolutionError("<urllib3.connection.HTTPSConnection object at 0x7f887d7fa850>: Failed to resolve 'api.tronstation.io' ([Errno -2] Name or service not known)"))
2025-07-19 10:36:33 - balance_service - ERROR - خطا در استفاده از API جایگزین 8: HTTPSConnectionPool(host='api.tronstation.io', port=443): Max retries exceeded with url: /v1/accounts/TWxYj1EgkXikRh3SszVUQniB6NcLNKeRfy/tokens (Caused by NameResolutionError("<urllib3.connection.HTTPSConnection object at 0x7f88720af190>: Failed to resolve 'api.tronstation.io' ([Errno -2] Name or service not known)"))
