2025-08-01 10:47:55 - price_service - DEBUG - Logger initialized for price_service at level DEBUG
2025-08-01 10:47:55 - price_service - INFO - Initializing price service module
2025-08-01 10:47:55 - price_service - DEBUG - Logger initialized for price_service at level DEBUG
2025-08-01 10:47:55 - price_service - INFO - Initializing price service module
2025-08-01 10:47:55 - price_service - DEBUG - Logger initialized for price_service at level DEBUG
2025-08-01 10:47:55 - price_service - INFO - Initializing price service module
2025-08-01 10:47:57 - price_service - INFO - Initializing price service module
2025-08-01 10:47:57 - price_service - INFO - Initializing price service module
2025-08-01 10:47:57 - price_service - INFO - Initializing price service module
2025-08-01 10:48:13 - price_service - DEBUG - Logger initialized for price_service at level DEBUG
2025-08-01 10:48:13 - price_service - INFO - Initializing price service module
2025-08-01 10:48:13 - price_service - DEBUG - Logger initialized for price_service at level DEBUG
2025-08-01 10:48:13 - price_service - INFO - Initializing price service module
2025-08-01 10:48:13 - price_service - DEBUG - Logger initialized for price_service at level DEBUG
2025-08-01 10:48:13 - price_service - INFO - Initializing price service module
2025-08-01 10:48:14 - price_service - INFO - Initializing price service module
2025-08-01 10:48:14 - price_service - INFO - Initializing price service module
2025-08-01 10:48:14 - price_service - INFO - Initializing price service module
2025-08-01 10:50:51 - price_service - DEBUG - Logger initialized for price_service at level DEBUG
2025-08-01 10:50:51 - price_service - INFO - Initializing price service module
2025-08-01 10:50:51 - price_service - DEBUG - Logger initialized for price_service at level DEBUG
2025-08-01 10:50:51 - price_service - INFO - Initializing price service module
2025-08-01 10:50:51 - price_service - DEBUG - Logger initialized for price_service at level DEBUG
2025-08-01 10:50:51 - price_service - INFO - Initializing price service module
2025-08-01 10:50:52 - price_service - INFO - Initializing price service module
2025-08-01 10:50:53 - price_service - INFO - Initializing price service module
2025-08-01 10:50:53 - price_service - INFO - Initializing price service module
2025-08-01 11:27:31 - price_service - ERROR - Price update failed after 0.01 seconds
2025-08-01 11:30:32 - price_service - WARNING - No price record found for 2 in USD, using default values
2025-08-01 11:30:32 - price_service - WARNING - No price record found for 4 in USD, using default values
2025-08-01 11:30:32 - price_service - WARNING - No price record found for 5 in USD, using default values
2025-08-01 11:30:32 - price_service - WARNING - No price record found for 6 in USD, using default values
2025-08-01 11:30:32 - price_service - WARNING - No price record found for 7 in USD, using default values
2025-08-01 11:30:32 - price_service - WARNING - No price record found for 8 in USD, using default values
2025-08-01 11:30:33 - price_service - WARNING - No price record found for 2 in USD, using default values
2025-08-01 11:30:33 - price_service - WARNING - No price record found for 4 in USD, using default values
2025-08-01 11:30:33 - price_service - WARNING - No price record found for 5 in USD, using default values
2025-08-01 11:30:33 - price_service - WARNING - No price record found for 6 in USD, using default values
2025-08-01 11:30:33 - price_service - WARNING - No price record found for 7 in USD, using default values
2025-08-01 11:30:33 - price_service - WARNING - No price record found for 8 in USD, using default values
2025-08-01 11:30:48 - price_service - WARNING - No price record found for 2 in USD, using default values
2025-08-01 11:30:48 - price_service - WARNING - No price record found for 4 in USD, using default values
2025-08-01 11:30:48 - price_service - WARNING - No price record found for 5 in USD, using default values
2025-08-01 11:30:48 - price_service - WARNING - No price record found for 6 in USD, using default values
2025-08-01 11:30:48 - price_service - WARNING - No price record found for 7 in USD, using default values
2025-08-01 11:30:48 - price_service - WARNING - No price record found for 8 in USD, using default values
2025-08-01 11:30:48 - price_service - WARNING - No price record found for 2 in USD, using default values
2025-08-01 11:30:48 - price_service - WARNING - No price record found for 4 in USD, using default values
2025-08-01 11:30:48 - price_service - WARNING - No price record found for 5 in USD, using default values
2025-08-01 11:30:48 - price_service - WARNING - No price record found for 6 in USD, using default values
2025-08-01 11:30:48 - price_service - WARNING - No price record found for 7 in USD, using default values
2025-08-01 11:30:48 - price_service - WARNING - No price record found for 8 in USD, using default values
2025-08-01 11:31:24 - price_service - WARNING - No price record found for 2 in USD, using default values
2025-08-01 11:31:24 - price_service - WARNING - No price record found for 4 in USD, using default values
2025-08-01 11:31:24 - price_service - WARNING - No price record found for 5 in USD, using default values
2025-08-01 11:31:24 - price_service - WARNING - No price record found for 6 in USD, using default values
2025-08-01 11:31:24 - price_service - WARNING - No price record found for 7 in USD, using default values
2025-08-01 11:31:24 - price_service - WARNING - No price record found for 8 in USD, using default values
2025-08-01 11:31:24 - price_service - WARNING - No price record found for 2 in USD, using default values
2025-08-01 11:31:24 - price_service - WARNING - No price record found for 4 in USD, using default values
2025-08-01 11:31:24 - price_service - WARNING - No price record found for 5 in USD, using default values
2025-08-01 11:31:24 - price_service - WARNING - No price record found for 6 in USD, using default values
2025-08-01 11:31:24 - price_service - WARNING - No price record found for 7 in USD, using default values
2025-08-01 11:31:24 - price_service - WARNING - No price record found for 8 in USD, using default values
2025-08-01 11:31:24 - price_service - WARNING - No price record found for 2 in USD, using default values
2025-08-01 11:31:24 - price_service - WARNING - No price record found for 4 in USD, using default values
2025-08-01 11:31:24 - price_service - WARNING - No price record found for 5 in USD, using default values
2025-08-01 11:31:24 - price_service - WARNING - No price record found for 6 in USD, using default values
2025-08-01 11:31:24 - price_service - WARNING - No price record found for 7 in USD, using default values
2025-08-01 11:31:24 - price_service - WARNING - No price record found for 8 in USD, using default values
2025-08-01 11:31:33 - price_service - WARNING - No price record found for 2 in USD, using default values
2025-08-01 11:31:33 - price_service - WARNING - No price record found for 4 in USD, using default values
2025-08-01 11:31:33 - price_service - WARNING - No price record found for 5 in USD, using default values
2025-08-01 11:31:33 - price_service - WARNING - No price record found for 6 in USD, using default values
2025-08-01 11:31:33 - price_service - WARNING - No price record found for 7 in USD, using default values
2025-08-01 11:31:33 - price_service - WARNING - No price record found for 8 in USD, using default values
2025-08-01 11:31:36 - price_service - WARNING - No price record found for 2 in USD, using default values
2025-08-01 11:31:36 - price_service - WARNING - No price record found for 4 in USD, using default values
2025-08-01 11:31:36 - price_service - WARNING - No price record found for 5 in USD, using default values
2025-08-01 11:31:36 - price_service - WARNING - No price record found for 6 in USD, using default values
2025-08-01 11:31:36 - price_service - WARNING - No price record found for 7 in USD, using default values
2025-08-01 11:31:36 - price_service - WARNING - No price record found for 8 in USD, using default values
2025-08-01 11:31:39 - price_service - WARNING - No price record found for 2 in USD, using default values
2025-08-01 11:31:39 - price_service - WARNING - No price record found for 4 in USD, using default values
2025-08-01 11:31:39 - price_service - WARNING - No price record found for 5 in USD, using default values
2025-08-01 11:31:39 - price_service - WARNING - No price record found for 6 in USD, using default values
2025-08-01 11:31:39 - price_service - WARNING - No price record found for 7 in USD, using default values
2025-08-01 11:31:39 - price_service - WARNING - No price record found for 8 in USD, using default values
2025-08-01 11:32:22 - price_service - WARNING - No price record found for 2 in USD, using default values
2025-08-01 11:32:22 - price_service - WARNING - No price record found for 4 in USD, using default values
2025-08-01 11:32:22 - price_service - WARNING - No price record found for 5 in USD, using default values
2025-08-01 11:32:22 - price_service - WARNING - No price record found for 6 in USD, using default values
2025-08-01 11:32:22 - price_service - WARNING - No price record found for 7 in USD, using default values
2025-08-01 11:32:22 - price_service - WARNING - No price record found for 8 in USD, using default values
2025-08-01 11:32:22 - price_service - WARNING - No price record found for 2 in USD, using default values
2025-08-01 11:32:22 - price_service - WARNING - No price record found for 4 in USD, using default values
2025-08-01 11:32:22 - price_service - WARNING - No price record found for 5 in USD, using default values
2025-08-01 11:32:22 - price_service - WARNING - No price record found for 6 in USD, using default values
2025-08-01 11:32:22 - price_service - WARNING - No price record found for 7 in USD, using default values
2025-08-01 11:32:22 - price_service - WARNING - No price record found for 8 in USD, using default values
2025-08-01 11:32:22 - price_service - WARNING - No price record found for 2 in USD, using default values
2025-08-01 11:32:22 - price_service - WARNING - No price record found for 4 in USD, using default values
2025-08-01 11:32:22 - price_service - WARNING - No price record found for 5 in USD, using default values
2025-08-01 11:32:22 - price_service - WARNING - No price record found for 6 in USD, using default values
2025-08-01 11:32:22 - price_service - WARNING - No price record found for 7 in USD, using default values
2025-08-01 11:32:22 - price_service - WARNING - No price record found for 8 in USD, using default values
2025-08-01 11:32:23 - price_service - WARNING - No price record found for 2 in USD, using default values
2025-08-01 11:32:23 - price_service - WARNING - No price record found for 4 in USD, using default values
2025-08-01 11:32:23 - price_service - WARNING - No price record found for 5 in USD, using default values
2025-08-01 11:32:23 - price_service - WARNING - No price record found for 6 in USD, using default values
2025-08-01 11:32:23 - price_service - WARNING - No price record found for 7 in USD, using default values
2025-08-01 11:32:23 - price_service - WARNING - No price record found for 8 in USD, using default values
2025-08-01 11:32:26 - price_service - WARNING - No price record found for 2 in USD, using default values
2025-08-01 11:32:26 - price_service - WARNING - No price record found for 4 in USD, using default values
2025-08-01 11:32:26 - price_service - WARNING - No price record found for 5 in USD, using default values
2025-08-01 11:32:26 - price_service - WARNING - No price record found for 6 in USD, using default values
2025-08-01 11:32:26 - price_service - WARNING - No price record found for 7 in USD, using default values
2025-08-01 11:32:26 - price_service - WARNING - No price record found for 8 in USD, using default values
2025-08-01 11:32:29 - price_service - WARNING - No price record found for 2 in USD, using default values
2025-08-01 11:32:29 - price_service - WARNING - No price record found for 4 in USD, using default values
2025-08-01 11:32:29 - price_service - WARNING - No price record found for 5 in USD, using default values
2025-08-01 11:32:29 - price_service - WARNING - No price record found for 6 in USD, using default values
2025-08-01 11:32:29 - price_service - WARNING - No price record found for 7 in USD, using default values
2025-08-01 11:32:29 - price_service - WARNING - No price record found for 8 in USD, using default values
2025-08-01 11:39:16 - price_service - WARNING - No price record found for 2 in USD, using default values
2025-08-01 11:39:16 - price_service - WARNING - No price record found for 4 in USD, using default values
2025-08-01 11:39:16 - price_service - WARNING - No price record found for 5 in USD, using default values
2025-08-01 11:39:16 - price_service - WARNING - No price record found for 6 in USD, using default values
2025-08-01 11:39:16 - price_service - WARNING - No price record found for 7 in USD, using default values
2025-08-01 11:39:16 - price_service - WARNING - No price record found for 8 in USD, using default values
2025-08-01 11:39:16 - price_service - WARNING - No price record found for 2 in USD, using default values
2025-08-01 11:39:16 - price_service - WARNING - No price record found for 4 in USD, using default values
2025-08-01 11:39:16 - price_service - WARNING - No price record found for 5 in USD, using default values
2025-08-01 11:39:16 - price_service - WARNING - No price record found for 6 in USD, using default values
2025-08-01 11:39:16 - price_service - WARNING - No price record found for 7 in USD, using default values
2025-08-01 11:39:16 - price_service - WARNING - No price record found for 8 in USD, using default values
2025-08-01 11:39:17 - price_service - WARNING - No price record found for 2 in USD, using default values
2025-08-01 11:39:17 - price_service - WARNING - No price record found for 4 in USD, using default values
2025-08-01 11:39:17 - price_service - WARNING - No price record found for 5 in USD, using default values
2025-08-01 11:39:17 - price_service - WARNING - No price record found for 6 in USD, using default values
2025-08-01 11:39:17 - price_service - WARNING - No price record found for 7 in USD, using default values
2025-08-01 11:39:17 - price_service - WARNING - No price record found for 8 in USD, using default values
2025-08-01 11:39:19 - price_service - WARNING - No price record found for 2 in USD, using default values
2025-08-01 11:39:19 - price_service - WARNING - No price record found for 4 in USD, using default values
2025-08-01 11:39:19 - price_service - WARNING - No price record found for 5 in USD, using default values
2025-08-01 11:39:19 - price_service - WARNING - No price record found for 6 in USD, using default values
2025-08-01 11:39:19 - price_service - WARNING - No price record found for 7 in USD, using default values
2025-08-01 11:39:19 - price_service - WARNING - No price record found for 8 in USD, using default values
2025-08-01 11:39:21 - price_service - WARNING - No price record found for 2 in USD, using default values
2025-08-01 11:39:21 - price_service - WARNING - No price record found for 4 in USD, using default values
2025-08-01 11:39:21 - price_service - WARNING - No price record found for 5 in USD, using default values
2025-08-01 11:39:21 - price_service - WARNING - No price record found for 6 in USD, using default values
2025-08-01 11:39:21 - price_service - WARNING - No price record found for 7 in USD, using default values
2025-08-01 11:39:21 - price_service - WARNING - No price record found for 8 in USD, using default values
2025-08-01 11:39:25 - price_service - WARNING - No price record found for 2 in USD, using default values
2025-08-01 11:39:25 - price_service - WARNING - No price record found for 4 in USD, using default values
2025-08-01 11:39:25 - price_service - WARNING - No price record found for 5 in USD, using default values
2025-08-01 11:39:25 - price_service - WARNING - No price record found for 6 in USD, using default values
2025-08-01 11:39:25 - price_service - WARNING - No price record found for 7 in USD, using default values
2025-08-01 11:39:25 - price_service - WARNING - No price record found for 8 in USD, using default values
2025-08-01 11:40:15 - price_service - WARNING - No price record found for 2 in USD, using default values
2025-08-01 11:40:15 - price_service - WARNING - No price record found for 4 in USD, using default values
2025-08-01 11:40:15 - price_service - WARNING - No price record found for 5 in USD, using default values
2025-08-01 11:40:15 - price_service - WARNING - No price record found for 6 in USD, using default values
2025-08-01 11:40:15 - price_service - WARNING - No price record found for 7 in USD, using default values
2025-08-01 11:40:15 - price_service - WARNING - No price record found for 8 in USD, using default values
2025-08-01 11:40:17 - price_service - WARNING - No price record found for 2 in USD, using default values
2025-08-01 11:40:17 - price_service - WARNING - No price record found for 4 in USD, using default values
2025-08-01 11:40:17 - price_service - WARNING - No price record found for 5 in USD, using default values
2025-08-01 11:40:17 - price_service - WARNING - No price record found for 6 in USD, using default values
2025-08-01 11:40:17 - price_service - WARNING - No price record found for 7 in USD, using default values
2025-08-01 11:40:17 - price_service - WARNING - No price record found for 8 in USD, using default values
2025-08-01 11:40:17 - price_service - WARNING - No price record found for 2 in USD, using default values
2025-08-01 11:40:17 - price_service - WARNING - No price record found for 4 in USD, using default values
2025-08-01 11:40:17 - price_service - WARNING - No price record found for 5 in USD, using default values
2025-08-01 11:40:17 - price_service - WARNING - No price record found for 6 in USD, using default values
2025-08-01 11:40:17 - price_service - WARNING - No price record found for 7 in USD, using default values
2025-08-01 11:40:17 - price_service - WARNING - No price record found for 8 in USD, using default values
2025-08-01 11:40:17 - price_service - WARNING - No price record found for 2 in USD, using default values
2025-08-01 11:40:17 - price_service - WARNING - No price record found for 4 in USD, using default values
2025-08-01 11:40:17 - price_service - WARNING - No price record found for 5 in USD, using default values
2025-08-01 11:40:17 - price_service - WARNING - No price record found for 6 in USD, using default values
2025-08-01 11:40:17 - price_service - WARNING - No price record found for 7 in USD, using default values
2025-08-01 11:40:17 - price_service - WARNING - No price record found for 8 in USD, using default values
2025-08-01 11:40:22 - price_service - WARNING - No price record found for 2 in USD, using default values
2025-08-01 11:40:22 - price_service - WARNING - No price record found for 4 in USD, using default values
2025-08-01 11:40:22 - price_service - WARNING - No price record found for 5 in USD, using default values
2025-08-01 11:40:22 - price_service - WARNING - No price record found for 6 in USD, using default values
2025-08-01 11:40:22 - price_service - WARNING - No price record found for 7 in USD, using default values
2025-08-01 11:40:22 - price_service - WARNING - No price record found for 8 in USD, using default values
2025-08-01 11:40:23 - price_service - WARNING - No price record found for 2 in USD, using default values
2025-08-01 11:40:23 - price_service - WARNING - No price record found for 4 in USD, using default values
2025-08-01 11:40:23 - price_service - WARNING - No price record found for 5 in USD, using default values
2025-08-01 11:40:23 - price_service - WARNING - No price record found for 6 in USD, using default values
2025-08-01 11:40:23 - price_service - WARNING - No price record found for 7 in USD, using default values
2025-08-01 11:40:23 - price_service - WARNING - No price record found for 8 in USD, using default values
2025-08-01 11:40:25 - price_service - WARNING - No price record found for 2 in USD, using default values
2025-08-01 11:40:25 - price_service - WARNING - No price record found for 4 in USD, using default values
2025-08-01 11:40:25 - price_service - WARNING - No price record found for 5 in USD, using default values
2025-08-01 11:40:25 - price_service - WARNING - No price record found for 6 in USD, using default values
2025-08-01 11:40:25 - price_service - WARNING - No price record found for 7 in USD, using default values
2025-08-01 11:40:25 - price_service - WARNING - No price record found for 8 in USD, using default values
2025-08-01 11:40:26 - price_service - WARNING - No price record found for 2 in USD, using default values
2025-08-01 11:40:26 - price_service - WARNING - No price record found for 4 in USD, using default values
2025-08-01 11:40:26 - price_service - WARNING - No price record found for 5 in USD, using default values
2025-08-01 11:40:26 - price_service - WARNING - No price record found for 6 in USD, using default values
2025-08-01 11:40:26 - price_service - WARNING - No price record found for 7 in USD, using default values
2025-08-01 11:40:26 - price_service - WARNING - No price record found for 8 in USD, using default values
2025-08-01 11:40:26 - price_service - WARNING - No price record found for 2 in USD, using default values
2025-08-01 11:40:26 - price_service - WARNING - No price record found for 4 in USD, using default values
2025-08-01 11:40:26 - price_service - WARNING - No price record found for 5 in USD, using default values
2025-08-01 11:40:26 - price_service - WARNING - No price record found for 6 in USD, using default values
2025-08-01 11:40:26 - price_service - WARNING - No price record found for 7 in USD, using default values
2025-08-01 11:40:26 - price_service - WARNING - No price record found for 8 in USD, using default values
2025-08-01 11:40:26 - price_service - WARNING - No price record found for 2 in USD, using default values
2025-08-01 11:40:26 - price_service - WARNING - No price record found for 4 in USD, using default values
2025-08-01 11:40:26 - price_service - WARNING - No price record found for 5 in USD, using default values
2025-08-01 11:40:26 - price_service - WARNING - No price record found for 6 in USD, using default values
2025-08-01 11:40:26 - price_service - WARNING - No price record found for 7 in USD, using default values
2025-08-01 11:40:26 - price_service - WARNING - No price record found for 8 in USD, using default values
2025-08-01 11:40:26 - price_service - WARNING - No price record found for 2 in USD, using default values
2025-08-01 11:40:26 - price_service - WARNING - No price record found for 4 in USD, using default values
2025-08-01 11:40:26 - price_service - WARNING - No price record found for 5 in USD, using default values
2025-08-01 11:40:26 - price_service - WARNING - No price record found for 6 in USD, using default values
2025-08-01 11:40:26 - price_service - WARNING - No price record found for 7 in USD, using default values
2025-08-01 11:40:26 - price_service - WARNING - No price record found for 8 in USD, using default values
2025-08-01 11:40:28 - price_service - WARNING - No price record found for 2 in USD, using default values
2025-08-01 11:40:28 - price_service - WARNING - No price record found for 4 in USD, using default values
2025-08-01 11:40:28 - price_service - WARNING - No price record found for 5 in USD, using default values
2025-08-01 11:40:28 - price_service - WARNING - No price record found for 6 in USD, using default values
2025-08-01 11:40:28 - price_service - WARNING - No price record found for 7 in USD, using default values
2025-08-01 11:40:28 - price_service - WARNING - No price record found for 8 in USD, using default values
2025-08-01 11:40:30 - price_service - WARNING - No price record found for 2 in USD, using default values
2025-08-01 11:40:30 - price_service - WARNING - No price record found for 4 in USD, using default values
2025-08-01 11:40:30 - price_service - WARNING - No price record found for 5 in USD, using default values
2025-08-01 11:40:30 - price_service - WARNING - No price record found for 6 in USD, using default values
2025-08-01 11:40:30 - price_service - WARNING - No price record found for 7 in USD, using default values
2025-08-01 11:40:30 - price_service - WARNING - No price record found for 8 in USD, using default values
2025-08-01 11:40:32 - price_service - WARNING - No price record found for 2 in USD, using default values
2025-08-01 11:40:32 - price_service - WARNING - No price record found for 4 in USD, using default values
2025-08-01 11:40:32 - price_service - WARNING - No price record found for 5 in USD, using default values
2025-08-01 11:40:32 - price_service - WARNING - No price record found for 6 in USD, using default values
2025-08-01 11:40:32 - price_service - WARNING - No price record found for 7 in USD, using default values
2025-08-01 11:40:32 - price_service - WARNING - No price record found for 8 in USD, using default values
2025-08-01 11:40:35 - price_service - WARNING - No price record found for 2 in USD, using default values
2025-08-01 11:40:35 - price_service - WARNING - No price record found for 4 in USD, using default values
2025-08-01 11:40:35 - price_service - WARNING - No price record found for 5 in USD, using default values
2025-08-01 11:40:35 - price_service - WARNING - No price record found for 6 in USD, using default values
2025-08-01 11:40:35 - price_service - WARNING - No price record found for 7 in USD, using default values
2025-08-01 11:40:35 - price_service - WARNING - No price record found for 8 in USD, using default values
2025-08-01 11:40:35 - price_service - WARNING - No price record found for 2 in USD, using default values
2025-08-01 11:40:35 - price_service - WARNING - No price record found for 4 in USD, using default values
2025-08-01 11:40:35 - price_service - WARNING - No price record found for 5 in USD, using default values
2025-08-01 11:40:35 - price_service - WARNING - No price record found for 6 in USD, using default values
2025-08-01 11:40:35 - price_service - WARNING - No price record found for 7 in USD, using default values
2025-08-01 11:40:35 - price_service - WARNING - No price record found for 8 in USD, using default values
2025-08-01 11:40:36 - price_service - WARNING - No price record found for 2 in USD, using default values
2025-08-01 11:40:36 - price_service - WARNING - No price record found for 4 in USD, using default values
2025-08-01 11:40:36 - price_service - WARNING - No price record found for 5 in USD, using default values
2025-08-01 11:40:36 - price_service - WARNING - No price record found for 6 in USD, using default values
2025-08-01 11:40:36 - price_service - WARNING - No price record found for 7 in USD, using default values
2025-08-01 11:40:36 - price_service - WARNING - No price record found for 8 in USD, using default values
2025-08-01 11:40:36 - price_service - WARNING - No price record found for 2 in USD, using default values
2025-08-01 11:40:36 - price_service - WARNING - No price record found for 4 in USD, using default values
2025-08-01 11:40:36 - price_service - WARNING - No price record found for 5 in USD, using default values
2025-08-01 11:40:36 - price_service - WARNING - No price record found for 6 in USD, using default values
2025-08-01 11:40:36 - price_service - WARNING - No price record found for 7 in USD, using default values
2025-08-01 11:40:36 - price_service - WARNING - No price record found for 8 in USD, using default values
2025-08-01 11:40:36 - price_service - WARNING - No price record found for 2 in USD, using default values
2025-08-01 11:40:36 - price_service - WARNING - No price record found for 4 in USD, using default values
2025-08-01 11:40:36 - price_service - WARNING - No price record found for 5 in USD, using default values
2025-08-01 11:40:36 - price_service - WARNING - No price record found for 6 in USD, using default values
2025-08-01 11:40:36 - price_service - WARNING - No price record found for 7 in USD, using default values
2025-08-01 11:40:36 - price_service - WARNING - No price record found for 8 in USD, using default values
2025-08-01 11:40:37 - price_service - WARNING - No price record found for 2 in USD, using default values
2025-08-01 11:40:37 - price_service - WARNING - No price record found for 4 in USD, using default values
2025-08-01 11:40:37 - price_service - WARNING - No price record found for 5 in USD, using default values
2025-08-01 11:40:37 - price_service - WARNING - No price record found for 6 in USD, using default values
2025-08-01 11:40:37 - price_service - WARNING - No price record found for 7 in USD, using default values
2025-08-01 11:40:37 - price_service - WARNING - No price record found for 8 in USD, using default values
2025-08-01 11:40:37 - price_service - WARNING - No price record found for 2 in USD, using default values
2025-08-01 11:40:37 - price_service - WARNING - No price record found for 4 in USD, using default values
2025-08-01 11:40:37 - price_service - WARNING - No price record found for 5 in USD, using default values
2025-08-01 11:40:37 - price_service - WARNING - No price record found for 6 in USD, using default values
2025-08-01 11:40:37 - price_service - WARNING - No price record found for 7 in USD, using default values
2025-08-01 11:40:37 - price_service - WARNING - No price record found for 8 in USD, using default values
2025-08-01 11:40:41 - price_service - WARNING - No price record found for 2 in USD, using default values
2025-08-01 11:40:41 - price_service - WARNING - No price record found for 4 in USD, using default values
2025-08-01 11:40:41 - price_service - WARNING - No price record found for 5 in USD, using default values
2025-08-01 11:40:41 - price_service - WARNING - No price record found for 6 in USD, using default values
2025-08-01 11:40:41 - price_service - WARNING - No price record found for 7 in USD, using default values
2025-08-01 11:40:41 - price_service - WARNING - No price record found for 8 in USD, using default values
2025-08-01 11:40:41 - price_service - WARNING - No price record found for 2 in USD, using default values
2025-08-01 11:40:41 - price_service - WARNING - No price record found for 4 in USD, using default values
2025-08-01 11:40:41 - price_service - WARNING - No price record found for 5 in USD, using default values
2025-08-01 11:40:41 - price_service - WARNING - No price record found for 6 in USD, using default values
2025-08-01 11:40:41 - price_service - WARNING - No price record found for 7 in USD, using default values
2025-08-01 11:40:41 - price_service - WARNING - No price record found for 8 in USD, using default values
2025-08-01 11:40:42 - price_service - WARNING - No price record found for 2 in USD, using default values
2025-08-01 11:40:42 - price_service - WARNING - No price record found for 4 in USD, using default values
2025-08-01 11:40:42 - price_service - WARNING - No price record found for 5 in USD, using default values
2025-08-01 11:40:42 - price_service - WARNING - No price record found for 6 in USD, using default values
2025-08-01 11:40:42 - price_service - WARNING - No price record found for 7 in USD, using default values
2025-08-01 11:40:42 - price_service - WARNING - No price record found for 8 in USD, using default values
2025-08-01 11:40:42 - price_service - WARNING - No price record found for 2 in USD, using default values
2025-08-01 11:40:42 - price_service - WARNING - No price record found for 4 in USD, using default values
2025-08-01 11:40:42 - price_service - WARNING - No price record found for 5 in USD, using default values
2025-08-01 11:40:42 - price_service - WARNING - No price record found for 6 in USD, using default values
2025-08-01 11:40:42 - price_service - WARNING - No price record found for 7 in USD, using default values
2025-08-01 11:40:42 - price_service - WARNING - No price record found for 8 in USD, using default values
2025-08-01 11:40:42 - price_service - WARNING - No price record found for 2 in USD, using default values
2025-08-01 11:40:42 - price_service - WARNING - No price record found for 4 in USD, using default values
2025-08-01 11:40:42 - price_service - WARNING - No price record found for 5 in USD, using default values
2025-08-01 11:40:42 - price_service - WARNING - No price record found for 6 in USD, using default values
2025-08-01 11:40:42 - price_service - WARNING - No price record found for 7 in USD, using default values
2025-08-01 11:40:42 - price_service - WARNING - No price record found for 8 in USD, using default values
2025-08-01 11:40:42 - price_service - WARNING - No price record found for 2 in USD, using default values
2025-08-01 11:40:42 - price_service - WARNING - No price record found for 4 in USD, using default values
2025-08-01 11:40:42 - price_service - WARNING - No price record found for 5 in USD, using default values
2025-08-01 11:40:42 - price_service - WARNING - No price record found for 6 in USD, using default values
2025-08-01 11:40:42 - price_service - WARNING - No price record found for 7 in USD, using default values
2025-08-01 11:40:42 - price_service - WARNING - No price record found for 8 in USD, using default values
2025-08-01 11:40:43 - price_service - WARNING - No price record found for 2 in USD, using default values
2025-08-01 11:40:43 - price_service - WARNING - No price record found for 4 in USD, using default values
2025-08-01 11:40:43 - price_service - WARNING - No price record found for 5 in USD, using default values
2025-08-01 11:40:43 - price_service - WARNING - No price record found for 6 in USD, using default values
2025-08-01 11:40:43 - price_service - WARNING - No price record found for 7 in USD, using default values
2025-08-01 11:40:43 - price_service - WARNING - No price record found for 8 in USD, using default values
2025-08-01 11:40:45 - price_service - WARNING - No price record found for 2 in USD, using default values
2025-08-01 11:40:45 - price_service - WARNING - No price record found for 4 in USD, using default values
2025-08-01 11:40:45 - price_service - WARNING - No price record found for 5 in USD, using default values
2025-08-01 11:40:45 - price_service - WARNING - No price record found for 6 in USD, using default values
2025-08-01 11:40:45 - price_service - WARNING - No price record found for 7 in USD, using default values
2025-08-01 11:40:45 - price_service - WARNING - No price record found for 8 in USD, using default values
2025-08-01 11:40:45 - price_service - WARNING - No price record found for 2 in USD, using default values
2025-08-01 11:40:45 - price_service - WARNING - No price record found for 4 in USD, using default values
2025-08-01 11:40:45 - price_service - WARNING - No price record found for 5 in USD, using default values
2025-08-01 11:40:45 - price_service - WARNING - No price record found for 6 in USD, using default values
2025-08-01 11:40:45 - price_service - WARNING - No price record found for 7 in USD, using default values
2025-08-01 11:40:45 - price_service - WARNING - No price record found for 8 in USD, using default values
2025-08-01 11:40:46 - price_service - WARNING - No price record found for 2 in USD, using default values
2025-08-01 11:40:46 - price_service - WARNING - No price record found for 4 in USD, using default values
2025-08-01 11:40:46 - price_service - WARNING - No price record found for 5 in USD, using default values
2025-08-01 11:40:46 - price_service - WARNING - No price record found for 6 in USD, using default values
2025-08-01 11:40:46 - price_service - WARNING - No price record found for 7 in USD, using default values
2025-08-01 11:40:46 - price_service - WARNING - No price record found for 8 in USD, using default values
2025-08-01 11:40:46 - price_service - WARNING - No price record found for 2 in USD, using default values
2025-08-01 11:40:46 - price_service - WARNING - No price record found for 4 in USD, using default values
2025-08-01 11:40:46 - price_service - WARNING - No price record found for 5 in USD, using default values
2025-08-01 11:40:46 - price_service - WARNING - No price record found for 6 in USD, using default values
2025-08-01 11:40:46 - price_service - WARNING - No price record found for 7 in USD, using default values
2025-08-01 11:40:46 - price_service - WARNING - No price record found for 8 in USD, using default values
2025-08-01 11:40:46 - price_service - WARNING - No price record found for 2 in USD, using default values
2025-08-01 11:40:46 - price_service - WARNING - No price record found for 4 in USD, using default values
2025-08-01 11:40:46 - price_service - WARNING - No price record found for 5 in USD, using default values
2025-08-01 11:40:46 - price_service - WARNING - No price record found for 6 in USD, using default values
2025-08-01 11:40:46 - price_service - WARNING - No price record found for 7 in USD, using default values
2025-08-01 11:40:46 - price_service - WARNING - No price record found for 8 in USD, using default values
2025-08-01 11:40:46 - price_service - WARNING - No price record found for 2 in USD, using default values
2025-08-01 11:40:46 - price_service - WARNING - No price record found for 4 in USD, using default values
2025-08-01 11:40:46 - price_service - WARNING - No price record found for 5 in USD, using default values
2025-08-01 11:40:46 - price_service - WARNING - No price record found for 6 in USD, using default values
2025-08-01 11:40:46 - price_service - WARNING - No price record found for 7 in USD, using default values
2025-08-01 11:40:46 - price_service - WARNING - No price record found for 8 in USD, using default values
2025-08-01 11:40:47 - price_service - WARNING - No price record found for 2 in USD, using default values
2025-08-01 11:40:47 - price_service - WARNING - No price record found for 4 in USD, using default values
2025-08-01 11:40:47 - price_service - WARNING - No price record found for 5 in USD, using default values
2025-08-01 11:40:47 - price_service - WARNING - No price record found for 6 in USD, using default values
2025-08-01 11:40:47 - price_service - WARNING - No price record found for 7 in USD, using default values
2025-08-01 11:40:47 - price_service - WARNING - No price record found for 8 in USD, using default values
2025-08-01 11:40:49 - price_service - WARNING - No price record found for 2 in USD, using default values
2025-08-01 11:40:49 - price_service - WARNING - No price record found for 4 in USD, using default values
2025-08-01 11:40:49 - price_service - WARNING - No price record found for 5 in USD, using default values
2025-08-01 11:40:49 - price_service - WARNING - No price record found for 6 in USD, using default values
2025-08-01 11:40:49 - price_service - WARNING - No price record found for 7 in USD, using default values
2025-08-01 11:40:49 - price_service - WARNING - No price record found for 8 in USD, using default values
2025-08-01 11:40:49 - price_service - WARNING - No price record found for 2 in USD, using default values
2025-08-01 11:40:49 - price_service - WARNING - No price record found for 4 in USD, using default values
2025-08-01 11:40:49 - price_service - WARNING - No price record found for 5 in USD, using default values
2025-08-01 11:40:49 - price_service - WARNING - No price record found for 6 in USD, using default values
2025-08-01 11:40:49 - price_service - WARNING - No price record found for 7 in USD, using default values
2025-08-01 11:40:49 - price_service - WARNING - No price record found for 8 in USD, using default values
2025-08-01 11:40:49 - price_service - WARNING - No price record found for 2 in USD, using default values
2025-08-01 11:40:49 - price_service - WARNING - No price record found for 4 in USD, using default values
2025-08-01 11:40:49 - price_service - WARNING - No price record found for 5 in USD, using default values
2025-08-01 11:40:49 - price_service - WARNING - No price record found for 6 in USD, using default values
2025-08-01 11:40:49 - price_service - WARNING - No price record found for 7 in USD, using default values
2025-08-01 11:40:49 - price_service - WARNING - No price record found for 8 in USD, using default values
2025-08-01 11:40:49 - price_service - WARNING - No price record found for 2 in USD, using default values
2025-08-01 11:40:49 - price_service - WARNING - No price record found for 4 in USD, using default values
2025-08-01 11:40:49 - price_service - WARNING - No price record found for 5 in USD, using default values
2025-08-01 11:40:49 - price_service - WARNING - No price record found for 6 in USD, using default values
2025-08-01 11:40:49 - price_service - WARNING - No price record found for 7 in USD, using default values
2025-08-01 11:40:49 - price_service - WARNING - No price record found for 8 in USD, using default values
2025-08-01 11:40:49 - price_service - WARNING - No price record found for 2 in USD, using default values
2025-08-01 11:40:49 - price_service - WARNING - No price record found for 4 in USD, using default values
2025-08-01 11:40:49 - price_service - WARNING - No price record found for 5 in USD, using default values
2025-08-01 11:40:49 - price_service - WARNING - No price record found for 6 in USD, using default values
2025-08-01 11:40:49 - price_service - WARNING - No price record found for 7 in USD, using default values
2025-08-01 11:40:49 - price_service - WARNING - No price record found for 8 in USD, using default values
2025-08-01 11:40:50 - price_service - WARNING - No price record found for 2 in USD, using default values
2025-08-01 11:40:50 - price_service - WARNING - No price record found for 4 in USD, using default values
2025-08-01 11:40:50 - price_service - WARNING - No price record found for 5 in USD, using default values
2025-08-01 11:40:50 - price_service - WARNING - No price record found for 6 in USD, using default values
2025-08-01 11:40:50 - price_service - WARNING - No price record found for 7 in USD, using default values
2025-08-01 11:40:50 - price_service - WARNING - No price record found for 8 in USD, using default values
2025-08-01 11:40:50 - price_service - WARNING - No price record found for 2 in USD, using default values
2025-08-01 11:40:50 - price_service - WARNING - No price record found for 4 in USD, using default values
2025-08-01 11:40:50 - price_service - WARNING - No price record found for 5 in USD, using default values
2025-08-01 11:40:50 - price_service - WARNING - No price record found for 6 in USD, using default values
2025-08-01 11:40:50 - price_service - WARNING - No price record found for 7 in USD, using default values
2025-08-01 11:40:50 - price_service - WARNING - No price record found for 8 in USD, using default values
2025-08-01 11:40:52 - price_service - WARNING - No price record found for 2 in USD, using default values
2025-08-01 11:40:52 - price_service - WARNING - No price record found for 4 in USD, using default values
2025-08-01 11:40:52 - price_service - WARNING - No price record found for 5 in USD, using default values
2025-08-01 11:40:52 - price_service - WARNING - No price record found for 6 in USD, using default values
2025-08-01 11:40:52 - price_service - WARNING - No price record found for 7 in USD, using default values
2025-08-01 11:40:52 - price_service - WARNING - No price record found for 8 in USD, using default values
2025-08-01 11:40:52 - price_service - WARNING - No price record found for 2 in USD, using default values
2025-08-01 11:40:52 - price_service - WARNING - No price record found for 4 in USD, using default values
2025-08-01 11:40:52 - price_service - WARNING - No price record found for 5 in USD, using default values
2025-08-01 11:40:52 - price_service - WARNING - No price record found for 6 in USD, using default values
2025-08-01 11:40:52 - price_service - WARNING - No price record found for 7 in USD, using default values
2025-08-01 11:40:52 - price_service - WARNING - No price record found for 8 in USD, using default values
2025-08-01 11:40:52 - price_service - WARNING - No price record found for 2 in USD, using default values
2025-08-01 11:40:52 - price_service - WARNING - No price record found for 4 in USD, using default values
2025-08-01 11:40:52 - price_service - WARNING - No price record found for 5 in USD, using default values
2025-08-01 11:40:52 - price_service - WARNING - No price record found for 6 in USD, using default values
2025-08-01 11:40:52 - price_service - WARNING - No price record found for 7 in USD, using default values
2025-08-01 11:40:52 - price_service - WARNING - No price record found for 8 in USD, using default values
2025-08-01 11:40:53 - price_service - WARNING - No price record found for 2 in USD, using default values
2025-08-01 11:40:53 - price_service - WARNING - No price record found for 4 in USD, using default values
2025-08-01 11:40:53 - price_service - WARNING - No price record found for 5 in USD, using default values
2025-08-01 11:40:53 - price_service - WARNING - No price record found for 6 in USD, using default values
2025-08-01 11:40:53 - price_service - WARNING - No price record found for 7 in USD, using default values
2025-08-01 11:40:53 - price_service - WARNING - No price record found for 8 in USD, using default values
2025-08-01 11:40:53 - price_service - WARNING - No price record found for 2 in USD, using default values
2025-08-01 11:40:53 - price_service - WARNING - No price record found for 4 in USD, using default values
2025-08-01 11:40:53 - price_service - WARNING - No price record found for 5 in USD, using default values
2025-08-01 11:40:53 - price_service - WARNING - No price record found for 6 in USD, using default values
2025-08-01 11:40:53 - price_service - WARNING - No price record found for 7 in USD, using default values
2025-08-01 11:40:53 - price_service - WARNING - No price record found for 8 in USD, using default values
2025-08-01 11:40:53 - price_service - WARNING - No price record found for 2 in USD, using default values
2025-08-01 11:40:53 - price_service - WARNING - No price record found for 4 in USD, using default values
2025-08-01 11:40:53 - price_service - WARNING - No price record found for 5 in USD, using default values
2025-08-01 11:40:53 - price_service - WARNING - No price record found for 6 in USD, using default values
2025-08-01 11:40:53 - price_service - WARNING - No price record found for 7 in USD, using default values
2025-08-01 11:40:53 - price_service - WARNING - No price record found for 8 in USD, using default values
2025-08-01 11:40:54 - price_service - WARNING - No price record found for 2 in USD, using default values
2025-08-01 11:40:54 - price_service - WARNING - No price record found for 4 in USD, using default values
2025-08-01 11:40:54 - price_service - WARNING - No price record found for 5 in USD, using default values
2025-08-01 11:40:54 - price_service - WARNING - No price record found for 6 in USD, using default values
2025-08-01 11:40:54 - price_service - WARNING - No price record found for 7 in USD, using default values
2025-08-01 11:40:54 - price_service - WARNING - No price record found for 8 in USD, using default values
2025-08-01 11:40:57 - price_service - WARNING - No price record found for 2 in USD, using default values
2025-08-01 11:40:57 - price_service - WARNING - No price record found for 4 in USD, using default values
2025-08-01 11:40:57 - price_service - WARNING - No price record found for 5 in USD, using default values
2025-08-01 11:40:57 - price_service - WARNING - No price record found for 6 in USD, using default values
2025-08-01 11:40:57 - price_service - WARNING - No price record found for 7 in USD, using default values
2025-08-01 11:40:57 - price_service - WARNING - No price record found for 8 in USD, using default values
2025-08-01 11:40:58 - price_service - WARNING - No price record found for 2 in USD, using default values
2025-08-01 11:40:58 - price_service - WARNING - No price record found for 4 in USD, using default values
2025-08-01 11:40:58 - price_service - WARNING - No price record found for 5 in USD, using default values
2025-08-01 11:40:58 - price_service - WARNING - No price record found for 6 in USD, using default values
2025-08-01 11:40:58 - price_service - WARNING - No price record found for 7 in USD, using default values
2025-08-01 11:40:58 - price_service - WARNING - No price record found for 8 in USD, using default values
2025-08-01 11:40:58 - price_service - WARNING - No price record found for 2 in USD, using default values
2025-08-01 11:40:58 - price_service - WARNING - No price record found for 4 in USD, using default values
2025-08-01 11:40:58 - price_service - WARNING - No price record found for 5 in USD, using default values
2025-08-01 11:40:58 - price_service - WARNING - No price record found for 6 in USD, using default values
2025-08-01 11:40:58 - price_service - WARNING - No price record found for 7 in USD, using default values
2025-08-01 11:40:58 - price_service - WARNING - No price record found for 8 in USD, using default values
2025-08-01 11:40:58 - price_service - WARNING - No price record found for 2 in USD, using default values
2025-08-01 11:40:58 - price_service - WARNING - No price record found for 4 in USD, using default values
2025-08-01 11:40:58 - price_service - WARNING - No price record found for 5 in USD, using default values
2025-08-01 11:40:58 - price_service - WARNING - No price record found for 6 in USD, using default values
2025-08-01 11:40:58 - price_service - WARNING - No price record found for 7 in USD, using default values
2025-08-01 11:40:58 - price_service - WARNING - No price record found for 8 in USD, using default values
2025-08-01 11:40:58 - price_service - WARNING - No price record found for 2 in USD, using default values
2025-08-01 11:40:58 - price_service - WARNING - No price record found for 4 in USD, using default values
2025-08-01 11:40:58 - price_service - WARNING - No price record found for 5 in USD, using default values
2025-08-01 11:40:58 - price_service - WARNING - No price record found for 6 in USD, using default values
2025-08-01 11:40:58 - price_service - WARNING - No price record found for 7 in USD, using default values
2025-08-01 11:40:58 - price_service - WARNING - No price record found for 8 in USD, using default values
2025-08-01 11:40:58 - price_service - WARNING - No price record found for 2 in USD, using default values
2025-08-01 11:40:58 - price_service - WARNING - No price record found for 4 in USD, using default values
2025-08-01 11:40:58 - price_service - WARNING - No price record found for 5 in USD, using default values
2025-08-01 11:40:58 - price_service - WARNING - No price record found for 6 in USD, using default values
2025-08-01 11:40:58 - price_service - WARNING - No price record found for 7 in USD, using default values
2025-08-01 11:40:58 - price_service - WARNING - No price record found for 8 in USD, using default values
2025-08-01 11:40:59 - price_service - WARNING - No price record found for 2 in USD, using default values
2025-08-01 11:40:59 - price_service - WARNING - No price record found for 4 in USD, using default values
2025-08-01 11:40:59 - price_service - WARNING - No price record found for 5 in USD, using default values
2025-08-01 11:40:59 - price_service - WARNING - No price record found for 6 in USD, using default values
2025-08-01 11:40:59 - price_service - WARNING - No price record found for 7 in USD, using default values
2025-08-01 11:40:59 - price_service - WARNING - No price record found for 8 in USD, using default values
2025-08-01 11:41:00 - price_service - WARNING - No price record found for 2 in USD, using default values
2025-08-01 11:41:00 - price_service - WARNING - No price record found for 4 in USD, using default values
2025-08-01 11:41:00 - price_service - WARNING - No price record found for 5 in USD, using default values
2025-08-01 11:41:00 - price_service - WARNING - No price record found for 6 in USD, using default values
2025-08-01 11:41:00 - price_service - WARNING - No price record found for 7 in USD, using default values
2025-08-01 11:41:00 - price_service - WARNING - No price record found for 8 in USD, using default values
2025-08-01 11:41:01 - price_service - WARNING - No price record found for 2 in USD, using default values
2025-08-01 11:41:01 - price_service - WARNING - No price record found for 4 in USD, using default values
2025-08-01 11:41:01 - price_service - WARNING - No price record found for 5 in USD, using default values
2025-08-01 11:41:01 - price_service - WARNING - No price record found for 6 in USD, using default values
2025-08-01 11:41:01 - price_service - WARNING - No price record found for 7 in USD, using default values
2025-08-01 11:41:01 - price_service - WARNING - No price record found for 8 in USD, using default values
2025-08-01 11:41:01 - price_service - WARNING - No price record found for 2 in USD, using default values
2025-08-01 11:41:01 - price_service - WARNING - No price record found for 4 in USD, using default values
2025-08-01 11:41:01 - price_service - WARNING - No price record found for 5 in USD, using default values
2025-08-01 11:41:01 - price_service - WARNING - No price record found for 6 in USD, using default values
2025-08-01 11:41:01 - price_service - WARNING - No price record found for 7 in USD, using default values
2025-08-01 11:41:01 - price_service - WARNING - No price record found for 8 in USD, using default values
2025-08-01 11:41:02 - price_service - WARNING - No price record found for 2 in USD, using default values
2025-08-01 11:41:02 - price_service - WARNING - No price record found for 4 in USD, using default values
2025-08-01 11:41:02 - price_service - WARNING - No price record found for 5 in USD, using default values
2025-08-01 11:41:02 - price_service - WARNING - No price record found for 6 in USD, using default values
2025-08-01 11:41:02 - price_service - WARNING - No price record found for 7 in USD, using default values
2025-08-01 11:41:02 - price_service - WARNING - No price record found for 8 in USD, using default values
2025-08-01 11:41:02 - price_service - WARNING - No price record found for 2 in USD, using default values
2025-08-01 11:41:02 - price_service - WARNING - No price record found for 4 in USD, using default values
2025-08-01 11:41:02 - price_service - WARNING - No price record found for 5 in USD, using default values
2025-08-01 11:41:02 - price_service - WARNING - No price record found for 6 in USD, using default values
2025-08-01 11:41:02 - price_service - WARNING - No price record found for 7 in USD, using default values
2025-08-01 11:41:02 - price_service - WARNING - No price record found for 8 in USD, using default values
2025-08-01 11:41:02 - price_service - WARNING - No price record found for 2 in USD, using default values
2025-08-01 11:41:02 - price_service - WARNING - No price record found for 4 in USD, using default values
2025-08-01 11:41:02 - price_service - WARNING - No price record found for 5 in USD, using default values
2025-08-01 11:41:02 - price_service - WARNING - No price record found for 6 in USD, using default values
2025-08-01 11:41:02 - price_service - WARNING - No price record found for 7 in USD, using default values
2025-08-01 11:41:02 - price_service - WARNING - No price record found for 8 in USD, using default values
2025-08-01 11:41:03 - price_service - WARNING - No price record found for 2 in USD, using default values
2025-08-01 11:41:03 - price_service - WARNING - No price record found for 4 in USD, using default values
2025-08-01 11:41:03 - price_service - WARNING - No price record found for 5 in USD, using default values
2025-08-01 11:41:03 - price_service - WARNING - No price record found for 6 in USD, using default values
2025-08-01 11:41:03 - price_service - WARNING - No price record found for 7 in USD, using default values
2025-08-01 11:41:03 - price_service - WARNING - No price record found for 8 in USD, using default values
2025-08-01 11:41:26 - price_service - WARNING - No price record found for 2 in USD, using default values
2025-08-01 11:41:26 - price_service - WARNING - No price record found for 4 in USD, using default values
2025-08-01 11:41:26 - price_service - WARNING - No price record found for 5 in USD, using default values
2025-08-01 11:41:26 - price_service - WARNING - No price record found for 6 in USD, using default values
2025-08-01 11:41:26 - price_service - WARNING - No price record found for 7 in USD, using default values
2025-08-01 11:41:26 - price_service - WARNING - No price record found for 8 in USD, using default values
2025-08-01 11:41:26 - price_service - WARNING - No price record found for 2 in USD, using default values
2025-08-01 11:41:26 - price_service - WARNING - No price record found for 4 in USD, using default values
2025-08-01 11:41:26 - price_service - WARNING - No price record found for 5 in USD, using default values
2025-08-01 11:41:26 - price_service - WARNING - No price record found for 6 in USD, using default values
2025-08-01 11:41:26 - price_service - WARNING - No price record found for 7 in USD, using default values
2025-08-01 11:41:26 - price_service - WARNING - No price record found for 8 in USD, using default values
2025-08-01 11:41:26 - price_service - WARNING - No price record found for 2 in USD, using default values
2025-08-01 11:41:26 - price_service - WARNING - No price record found for 4 in USD, using default values
2025-08-01 11:41:26 - price_service - WARNING - No price record found for 5 in USD, using default values
2025-08-01 11:41:26 - price_service - WARNING - No price record found for 6 in USD, using default values
2025-08-01 11:41:26 - price_service - WARNING - No price record found for 7 in USD, using default values
2025-08-01 11:41:26 - price_service - WARNING - No price record found for 8 in USD, using default values
2025-08-01 11:41:28 - price_service - WARNING - No price record found for 2 in USD, using default values
2025-08-01 11:41:28 - price_service - WARNING - No price record found for 4 in USD, using default values
2025-08-01 11:41:28 - price_service - WARNING - No price record found for 5 in USD, using default values
2025-08-01 11:41:28 - price_service - WARNING - No price record found for 6 in USD, using default values
2025-08-01 11:41:28 - price_service - WARNING - No price record found for 7 in USD, using default values
2025-08-01 11:41:28 - price_service - WARNING - No price record found for 8 in USD, using default values
2025-08-01 11:41:30 - price_service - WARNING - No price record found for 2 in USD, using default values
2025-08-01 11:41:30 - price_service - WARNING - No price record found for 4 in USD, using default values
2025-08-01 11:41:30 - price_service - WARNING - No price record found for 5 in USD, using default values
2025-08-01 11:41:30 - price_service - WARNING - No price record found for 6 in USD, using default values
2025-08-01 11:41:30 - price_service - WARNING - No price record found for 7 in USD, using default values
2025-08-01 11:41:30 - price_service - WARNING - No price record found for 8 in USD, using default values
2025-08-01 11:41:31 - price_service - WARNING - No price record found for 2 in USD, using default values
2025-08-01 11:41:31 - price_service - WARNING - No price record found for 4 in USD, using default values
2025-08-01 11:41:31 - price_service - WARNING - No price record found for 5 in USD, using default values
2025-08-01 11:41:31 - price_service - WARNING - No price record found for 6 in USD, using default values
2025-08-01 11:41:31 - price_service - WARNING - No price record found for 7 in USD, using default values
2025-08-01 11:41:31 - price_service - WARNING - No price record found for 8 in USD, using default values
2025-08-01 11:41:31 - price_service - WARNING - No price record found for 2 in USD, using default values
2025-08-01 11:41:31 - price_service - WARNING - No price record found for 4 in USD, using default values
2025-08-01 11:41:31 - price_service - WARNING - No price record found for 5 in USD, using default values
2025-08-01 11:41:31 - price_service - WARNING - No price record found for 6 in USD, using default values
2025-08-01 11:41:31 - price_service - WARNING - No price record found for 7 in USD, using default values
2025-08-01 11:41:31 - price_service - WARNING - No price record found for 8 in USD, using default values
2025-08-01 11:41:33 - price_service - WARNING - No price record found for 2 in USD, using default values
2025-08-01 11:41:33 - price_service - WARNING - No price record found for 4 in USD, using default values
2025-08-01 11:41:33 - price_service - WARNING - No price record found for 5 in USD, using default values
2025-08-01 11:41:33 - price_service - WARNING - No price record found for 6 in USD, using default values
2025-08-01 11:41:33 - price_service - WARNING - No price record found for 7 in USD, using default values
2025-08-01 11:41:33 - price_service - WARNING - No price record found for 8 in USD, using default values
2025-08-01 11:41:43 - price_service - WARNING - No price record found for 2 in USD, using default values
2025-08-01 11:41:43 - price_service - WARNING - No price record found for 4 in USD, using default values
2025-08-01 11:41:43 - price_service - WARNING - No price record found for 5 in USD, using default values
2025-08-01 11:41:43 - price_service - WARNING - No price record found for 6 in USD, using default values
2025-08-01 11:41:43 - price_service - WARNING - No price record found for 7 in USD, using default values
2025-08-01 11:41:43 - price_service - WARNING - No price record found for 8 in USD, using default values
2025-08-01 11:41:43 - price_service - WARNING - No price record found for 2 in USD, using default values
2025-08-01 11:41:43 - price_service - WARNING - No price record found for 4 in USD, using default values
2025-08-01 11:41:43 - price_service - WARNING - No price record found for 5 in USD, using default values
2025-08-01 11:41:43 - price_service - WARNING - No price record found for 6 in USD, using default values
2025-08-01 11:41:43 - price_service - WARNING - No price record found for 7 in USD, using default values
2025-08-01 11:41:43 - price_service - WARNING - No price record found for 8 in USD, using default values
2025-08-01 11:41:44 - price_service - WARNING - No price record found for 2 in USD, using default values
2025-08-01 11:41:44 - price_service - WARNING - No price record found for 4 in USD, using default values
2025-08-01 11:41:44 - price_service - WARNING - No price record found for 5 in USD, using default values
2025-08-01 11:41:44 - price_service - WARNING - No price record found for 6 in USD, using default values
2025-08-01 11:41:44 - price_service - WARNING - No price record found for 7 in USD, using default values
2025-08-01 11:41:44 - price_service - WARNING - No price record found for 8 in USD, using default values
2025-08-01 11:41:45 - price_service - WARNING - No price record found for 2 in USD, using default values
2025-08-01 11:41:45 - price_service - WARNING - No price record found for 4 in USD, using default values
2025-08-01 11:41:45 - price_service - WARNING - No price record found for 5 in USD, using default values
2025-08-01 11:41:45 - price_service - WARNING - No price record found for 6 in USD, using default values
2025-08-01 11:41:45 - price_service - WARNING - No price record found for 7 in USD, using default values
2025-08-01 11:41:45 - price_service - WARNING - No price record found for 8 in USD, using default values
2025-08-01 11:41:57 - price_service - WARNING - No price record found for 2 in USD, using default values
2025-08-01 11:41:57 - price_service - WARNING - No price record found for 4 in USD, using default values
2025-08-01 11:41:57 - price_service - WARNING - No price record found for 5 in USD, using default values
2025-08-01 11:41:57 - price_service - WARNING - No price record found for 6 in USD, using default values
2025-08-01 11:41:57 - price_service - WARNING - No price record found for 7 in USD, using default values
2025-08-01 11:41:57 - price_service - WARNING - No price record found for 8 in USD, using default values
2025-08-01 11:41:57 - price_service - WARNING - No price record found for 2 in USD, using default values
2025-08-01 11:41:57 - price_service - WARNING - No price record found for 4 in USD, using default values
2025-08-01 11:41:57 - price_service - WARNING - No price record found for 5 in USD, using default values
2025-08-01 11:41:57 - price_service - WARNING - No price record found for 6 in USD, using default values
2025-08-01 11:41:57 - price_service - WARNING - No price record found for 7 in USD, using default values
2025-08-01 11:41:57 - price_service - WARNING - No price record found for 8 in USD, using default values
2025-08-01 11:41:58 - price_service - WARNING - No price record found for 2 in USD, using default values
2025-08-01 11:41:58 - price_service - WARNING - No price record found for 4 in USD, using default values
2025-08-01 11:41:58 - price_service - WARNING - No price record found for 5 in USD, using default values
2025-08-01 11:41:58 - price_service - WARNING - No price record found for 6 in USD, using default values
2025-08-01 11:41:58 - price_service - WARNING - No price record found for 7 in USD, using default values
2025-08-01 11:41:58 - price_service - WARNING - No price record found for 8 in USD, using default values
2025-08-01 11:43:39 - price_service - WARNING - No price record found for 1 in IRR, using default values
2025-08-01 11:43:39 - price_service - WARNING - No price record found for 16 in IRR, using default values
2025-08-01 11:43:39 - price_service - WARNING - No price record found for 18 in IRR, using default values
2025-08-01 11:43:45 - price_service - WARNING - No price record found for 1 in IRR, using default values
2025-08-01 11:43:45 - price_service - WARNING - No price record found for 16 in IRR, using default values
2025-08-01 11:43:45 - price_service - WARNING - No price record found for 18 in IRR, using default values
2025-08-01 11:43:46 - price_service - WARNING - No price record found for 1 in IRR, using default values
2025-08-01 11:43:46 - price_service - WARNING - No price record found for 16 in IRR, using default values
2025-08-01 11:43:46 - price_service - WARNING - No price record found for 18 in IRR, using default values
2025-08-01 12:21:39 - price_service - WARNING - No price record found for 2 in USD, using default values
2025-08-01 12:21:39 - price_service - WARNING - No price record found for 4 in USD, using default values
2025-08-01 12:21:39 - price_service - WARNING - No price record found for 5 in USD, using default values
2025-08-01 12:21:39 - price_service - WARNING - No price record found for 6 in USD, using default values
2025-08-01 12:21:39 - price_service - WARNING - No price record found for 7 in USD, using default values
2025-08-01 12:21:39 - price_service - WARNING - No price record found for 8 in USD, using default values
2025-08-01 12:21:47 - price_service - WARNING - No price record found for 2 in USD, using default values
2025-08-01 12:21:47 - price_service - WARNING - No price record found for 4 in USD, using default values
2025-08-01 12:21:47 - price_service - WARNING - No price record found for 5 in USD, using default values
2025-08-01 12:21:47 - price_service - WARNING - No price record found for 6 in USD, using default values
2025-08-01 12:21:47 - price_service - WARNING - No price record found for 7 in USD, using default values
2025-08-01 12:21:47 - price_service - WARNING - No price record found for 8 in USD, using default values
2025-08-01 12:21:47 - price_service - WARNING - No price record found for 2 in USD, using default values
2025-08-01 12:21:47 - price_service - WARNING - No price record found for 4 in USD, using default values
2025-08-01 12:21:47 - price_service - WARNING - No price record found for 5 in USD, using default values
2025-08-01 12:21:47 - price_service - WARNING - No price record found for 6 in USD, using default values
2025-08-01 12:21:47 - price_service - WARNING - No price record found for 7 in USD, using default values
2025-08-01 12:21:47 - price_service - WARNING - No price record found for 8 in USD, using default values
2025-08-01 12:21:47 - price_service - WARNING - No price record found for 2 in USD, using default values
2025-08-01 12:21:47 - price_service - WARNING - No price record found for 4 in USD, using default values
2025-08-01 12:21:47 - price_service - WARNING - No price record found for 5 in USD, using default values
2025-08-01 12:21:47 - price_service - WARNING - No price record found for 6 in USD, using default values
2025-08-01 12:21:47 - price_service - WARNING - No price record found for 7 in USD, using default values
2025-08-01 12:21:47 - price_service - WARNING - No price record found for 8 in USD, using default values
2025-08-01 12:21:48 - price_service - WARNING - No price record found for 2 in USD, using default values
2025-08-01 12:21:48 - price_service - WARNING - No price record found for 4 in USD, using default values
2025-08-01 12:21:48 - price_service - WARNING - No price record found for 5 in USD, using default values
2025-08-01 12:21:48 - price_service - WARNING - No price record found for 6 in USD, using default values
2025-08-01 12:21:48 - price_service - WARNING - No price record found for 7 in USD, using default values
2025-08-01 12:21:48 - price_service - WARNING - No price record found for 8 in USD, using default values
2025-08-01 12:21:51 - price_service - WARNING - No price record found for 2 in USD, using default values
2025-08-01 12:21:51 - price_service - WARNING - No price record found for 4 in USD, using default values
2025-08-01 12:21:51 - price_service - WARNING - No price record found for 5 in USD, using default values
2025-08-01 12:21:51 - price_service - WARNING - No price record found for 6 in USD, using default values
2025-08-01 12:21:51 - price_service - WARNING - No price record found for 7 in USD, using default values
2025-08-01 12:21:51 - price_service - WARNING - No price record found for 8 in USD, using default values
2025-08-01 12:21:54 - price_service - WARNING - No price record found for 2 in USD, using default values
2025-08-01 12:21:54 - price_service - WARNING - No price record found for 4 in USD, using default values
2025-08-01 12:21:54 - price_service - WARNING - No price record found for 5 in USD, using default values
2025-08-01 12:21:54 - price_service - WARNING - No price record found for 6 in USD, using default values
2025-08-01 12:21:54 - price_service - WARNING - No price record found for 7 in USD, using default values
2025-08-01 12:21:54 - price_service - WARNING - No price record found for 8 in USD, using default values
2025-08-01 13:02:11 - price_service - ERROR - Price update failed after 0.00 seconds
2025-08-01 14:17:28 - price_service - ERROR - Price update failed after 0.00 seconds
2025-08-01 14:27:34 - price_service - WARNING - No price record found for 2 in USD, using default values
2025-08-01 14:27:34 - price_service - WARNING - No price record found for 4 in USD, using default values
2025-08-01 14:27:34 - price_service - WARNING - No price record found for 5 in USD, using default values
2025-08-01 14:27:34 - price_service - WARNING - No price record found for 6 in USD, using default values
2025-08-01 14:27:34 - price_service - WARNING - No price record found for 7 in USD, using default values
2025-08-01 14:27:34 - price_service - WARNING - No price record found for 8 in USD, using default values
2025-08-01 14:27:35 - price_service - WARNING - No price record found for 2 in USD, using default values
2025-08-01 14:27:35 - price_service - WARNING - No price record found for 4 in USD, using default values
2025-08-01 14:27:35 - price_service - WARNING - No price record found for 5 in USD, using default values
2025-08-01 14:27:35 - price_service - WARNING - No price record found for 6 in USD, using default values
2025-08-01 14:27:35 - price_service - WARNING - No price record found for 7 in USD, using default values
2025-08-01 14:27:35 - price_service - WARNING - No price record found for 8 in USD, using default values
2025-08-01 14:27:35 - price_service - WARNING - No price record found for 2 in USD, using default values
2025-08-01 14:27:35 - price_service - WARNING - No price record found for 4 in USD, using default values
2025-08-01 14:27:35 - price_service - WARNING - No price record found for 5 in USD, using default values
2025-08-01 14:27:35 - price_service - WARNING - No price record found for 6 in USD, using default values
2025-08-01 14:27:35 - price_service - WARNING - No price record found for 7 in USD, using default values
2025-08-01 14:27:35 - price_service - WARNING - No price record found for 8 in USD, using default values
2025-08-01 14:27:35 - price_service - WARNING - No price record found for 2 in USD, using default values
2025-08-01 14:27:35 - price_service - WARNING - No price record found for 4 in USD, using default values
2025-08-01 14:27:35 - price_service - WARNING - No price record found for 5 in USD, using default values
2025-08-01 14:27:35 - price_service - WARNING - No price record found for 6 in USD, using default values
2025-08-01 14:27:35 - price_service - WARNING - No price record found for 7 in USD, using default values
2025-08-01 14:27:35 - price_service - WARNING - No price record found for 8 in USD, using default values
2025-08-01 14:27:36 - price_service - WARNING - No price record found for 2 in USD, using default values
2025-08-01 14:27:36 - price_service - WARNING - No price record found for 4 in USD, using default values
2025-08-01 14:27:36 - price_service - WARNING - No price record found for 5 in USD, using default values
2025-08-01 14:27:36 - price_service - WARNING - No price record found for 6 in USD, using default values
2025-08-01 14:27:36 - price_service - WARNING - No price record found for 7 in USD, using default values
2025-08-01 14:27:36 - price_service - WARNING - No price record found for 8 in USD, using default values
2025-08-01 14:27:40 - price_service - WARNING - No price record found for 2 in USD, using default values
2025-08-01 14:27:40 - price_service - WARNING - No price record found for 4 in USD, using default values
2025-08-01 14:27:40 - price_service - WARNING - No price record found for 5 in USD, using default values
2025-08-01 14:27:40 - price_service - WARNING - No price record found for 6 in USD, using default values
2025-08-01 14:27:40 - price_service - WARNING - No price record found for 7 in USD, using default values
2025-08-01 14:27:40 - price_service - WARNING - No price record found for 8 in USD, using default values
2025-08-01 14:27:42 - price_service - WARNING - No price record found for 2 in USD, using default values
2025-08-01 14:27:42 - price_service - WARNING - No price record found for 4 in USD, using default values
2025-08-01 14:27:42 - price_service - WARNING - No price record found for 5 in USD, using default values
2025-08-01 14:27:42 - price_service - WARNING - No price record found for 6 in USD, using default values
2025-08-01 14:27:42 - price_service - WARNING - No price record found for 7 in USD, using default values
2025-08-01 14:27:42 - price_service - WARNING - No price record found for 8 in USD, using default values
2025-08-01 14:42:11 - price_service - ERROR - Price update failed after 0.00 seconds
2025-08-01 14:42:55 - price_service - ERROR - Price update failed after 0.01 seconds
2025-08-01 14:44:32 - price_service - WARNING - No price record found for 2 in USD, using default values
2025-08-01 14:44:32 - price_service - WARNING - No price record found for 4 in USD, using default values
2025-08-01 14:44:32 - price_service - WARNING - No price record found for 5 in USD, using default values
2025-08-01 14:44:32 - price_service - WARNING - No price record found for 6 in USD, using default values
2025-08-01 14:44:32 - price_service - WARNING - No price record found for 7 in USD, using default values
2025-08-01 14:44:32 - price_service - WARNING - No price record found for 8 in USD, using default values
2025-08-01 14:44:36 - price_service - WARNING - No price record found for 2 in USD, using default values
2025-08-01 14:44:36 - price_service - WARNING - No price record found for 4 in USD, using default values
2025-08-01 14:44:36 - price_service - WARNING - No price record found for 5 in USD, using default values
2025-08-01 14:44:36 - price_service - WARNING - No price record found for 6 in USD, using default values
2025-08-01 14:44:36 - price_service - WARNING - No price record found for 7 in USD, using default values
2025-08-01 14:44:36 - price_service - WARNING - No price record found for 8 in USD, using default values
2025-08-01 14:45:31 - price_service - WARNING - No price record found for 2 in USD, using default values
2025-08-01 14:45:31 - price_service - WARNING - No price record found for 4 in USD, using default values
2025-08-01 14:45:31 - price_service - WARNING - No price record found for 5 in USD, using default values
2025-08-01 14:45:31 - price_service - WARNING - No price record found for 6 in USD, using default values
2025-08-01 14:45:31 - price_service - WARNING - No price record found for 7 in USD, using default values
2025-08-01 14:45:31 - price_service - WARNING - No price record found for 8 in USD, using default values
2025-08-01 14:45:32 - price_service - WARNING - No price record found for 2 in USD, using default values
2025-08-01 14:45:32 - price_service - WARNING - No price record found for 4 in USD, using default values
2025-08-01 14:45:32 - price_service - WARNING - No price record found for 5 in USD, using default values
2025-08-01 14:45:32 - price_service - WARNING - No price record found for 6 in USD, using default values
2025-08-01 14:45:32 - price_service - WARNING - No price record found for 7 in USD, using default values
2025-08-01 14:45:32 - price_service - WARNING - No price record found for 8 in USD, using default values
2025-08-01 14:45:32 - price_service - WARNING - No price record found for 2 in USD, using default values
2025-08-01 14:45:32 - price_service - WARNING - No price record found for 4 in USD, using default values
2025-08-01 14:45:32 - price_service - WARNING - No price record found for 5 in USD, using default values
2025-08-01 14:45:32 - price_service - WARNING - No price record found for 6 in USD, using default values
2025-08-01 14:45:32 - price_service - WARNING - No price record found for 7 in USD, using default values
2025-08-01 14:45:32 - price_service - WARNING - No price record found for 8 in USD, using default values
2025-08-01 14:45:33 - price_service - WARNING - No price record found for 2 in USD, using default values
2025-08-01 14:45:33 - price_service - WARNING - No price record found for 4 in USD, using default values
2025-08-01 14:45:33 - price_service - WARNING - No price record found for 5 in USD, using default values
2025-08-01 14:45:33 - price_service - WARNING - No price record found for 6 in USD, using default values
2025-08-01 14:45:33 - price_service - WARNING - No price record found for 7 in USD, using default values
2025-08-01 14:45:33 - price_service - WARNING - No price record found for 8 in USD, using default values
2025-08-01 14:45:33 - price_service - WARNING - No price record found for 2 in USD, using default values
2025-08-01 14:45:33 - price_service - WARNING - No price record found for 4 in USD, using default values
2025-08-01 14:45:33 - price_service - WARNING - No price record found for 5 in USD, using default values
2025-08-01 14:45:33 - price_service - WARNING - No price record found for 6 in USD, using default values
2025-08-01 14:45:33 - price_service - WARNING - No price record found for 7 in USD, using default values
2025-08-01 14:45:33 - price_service - WARNING - No price record found for 8 in USD, using default values
2025-08-01 14:45:34 - price_service - WARNING - No price record found for 2 in USD, using default values
2025-08-01 14:45:34 - price_service - WARNING - No price record found for 4 in USD, using default values
2025-08-01 14:45:34 - price_service - WARNING - No price record found for 5 in USD, using default values
2025-08-01 14:45:34 - price_service - WARNING - No price record found for 6 in USD, using default values
2025-08-01 14:45:34 - price_service - WARNING - No price record found for 7 in USD, using default values
2025-08-01 14:45:34 - price_service - WARNING - No price record found for 8 in USD, using default values
2025-08-01 14:45:34 - price_service - WARNING - No price record found for 2 in USD, using default values
2025-08-01 14:45:34 - price_service - WARNING - No price record found for 4 in USD, using default values
2025-08-01 14:45:34 - price_service - WARNING - No price record found for 5 in USD, using default values
2025-08-01 14:45:34 - price_service - WARNING - No price record found for 6 in USD, using default values
2025-08-01 14:45:34 - price_service - WARNING - No price record found for 7 in USD, using default values
2025-08-01 14:45:34 - price_service - WARNING - No price record found for 8 in USD, using default values
2025-08-01 15:14:33 - price_service - WARNING - No price record found for 1 in IRR, using default values
2025-08-01 15:14:33 - price_service - WARNING - No price record found for 16 in IRR, using default values
2025-08-01 15:14:33 - price_service - WARNING - No price record found for 18 in IRR, using default values
2025-08-01 15:14:33 - price_service - WARNING - No price record found for 1 in IRR, using default values
2025-08-01 15:14:33 - price_service - WARNING - No price record found for 16 in IRR, using default values
2025-08-01 15:14:33 - price_service - WARNING - No price record found for 18 in IRR, using default values
2025-08-01 15:14:33 - price_service - WARNING - No price record found for 1 in IRR, using default values
2025-08-01 15:14:33 - price_service - WARNING - No price record found for 16 in IRR, using default values
2025-08-01 15:14:33 - price_service - WARNING - No price record found for 18 in IRR, using default values
2025-08-01 16:03:08 - price_service - DEBUG - Logger initialized for price_service at level DEBUG
2025-08-01 16:03:08 - price_service - INFO - Initializing price service module
2025-08-01 16:03:08 - price_service - DEBUG - Logger initialized for price_service at level DEBUG
2025-08-01 16:03:08 - price_service - INFO - Initializing price service module
2025-08-01 16:03:08 - price_service - DEBUG - Logger initialized for price_service at level DEBUG
2025-08-01 16:03:08 - price_service - INFO - Initializing price service module
2025-08-01 16:03:09 - price_service - INFO - Initializing price service module
2025-08-01 16:03:10 - price_service - INFO - Initializing price service module
2025-08-01 16:03:10 - price_service - INFO - Initializing price service module
2025-08-01 16:03:17 - price_service - DEBUG - Logger initialized for price_service at level DEBUG
2025-08-01 16:03:17 - price_service - INFO - Initializing price service module
2025-08-01 16:03:17 - price_service - DEBUG - Logger initialized for price_service at level DEBUG
2025-08-01 16:03:17 - price_service - INFO - Initializing price service module
2025-08-01 16:03:17 - price_service - DEBUG - Logger initialized for price_service at level DEBUG
2025-08-01 16:03:17 - price_service - INFO - Initializing price service module
2025-08-01 16:03:22 - price_service - DEBUG - Logger initialized for price_service at level DEBUG
2025-08-01 16:03:22 - price_service - INFO - Initializing price service module
2025-08-01 16:03:22 - price_service - DEBUG - Logger initialized for price_service at level DEBUG
2025-08-01 16:03:22 - price_service - INFO - Initializing price service module
2025-08-01 16:03:22 - price_service - DEBUG - Logger initialized for price_service at level DEBUG
2025-08-01 16:03:22 - price_service - INFO - Initializing price service module
2025-08-01 16:03:26 - price_service - DEBUG - Logger initialized for price_service at level DEBUG
2025-08-01 16:03:26 - price_service - INFO - Initializing price service module
2025-08-01 16:03:26 - price_service - DEBUG - Logger initialized for price_service at level DEBUG
2025-08-01 16:03:26 - price_service - INFO - Initializing price service module
2025-08-01 16:03:26 - price_service - DEBUG - Logger initialized for price_service at level DEBUG
2025-08-01 16:03:26 - price_service - INFO - Initializing price service module
2025-08-01 16:03:30 - price_service - DEBUG - Logger initialized for price_service at level DEBUG
2025-08-01 16:03:30 - price_service - INFO - Initializing price service module
2025-08-01 16:03:30 - price_service - DEBUG - Logger initialized for price_service at level DEBUG
2025-08-01 16:03:30 - price_service - INFO - Initializing price service module
2025-08-01 16:03:31 - price_service - DEBUG - Logger initialized for price_service at level DEBUG
2025-08-01 16:03:31 - price_service - INFO - Initializing price service module
2025-08-01 16:03:34 - price_service - DEBUG - Logger initialized for price_service at level DEBUG
2025-08-01 16:03:34 - price_service - INFO - Initializing price service module
2025-08-01 16:03:35 - price_service - DEBUG - Logger initialized for price_service at level DEBUG
2025-08-01 16:03:35 - price_service - INFO - Initializing price service module
2025-08-01 16:03:35 - price_service - DEBUG - Logger initialized for price_service at level DEBUG
2025-08-01 16:03:35 - price_service - INFO - Initializing price service module
2025-08-01 16:03:38 - price_service - DEBUG - Logger initialized for price_service at level DEBUG
2025-08-01 16:03:38 - price_service - INFO - Initializing price service module
2025-08-01 16:03:39 - price_service - DEBUG - Logger initialized for price_service at level DEBUG
2025-08-01 16:03:39 - price_service - INFO - Initializing price service module
2025-08-01 16:03:40 - price_service - DEBUG - Logger initialized for price_service at level DEBUG
2025-08-01 16:03:40 - price_service - INFO - Initializing price service module
2025-08-01 16:03:43 - price_service - DEBUG - Logger initialized for price_service at level DEBUG
2025-08-01 16:03:43 - price_service - INFO - Initializing price service module
2025-08-01 16:03:44 - price_service - DEBUG - Logger initialized for price_service at level DEBUG
2025-08-01 16:03:44 - price_service - INFO - Initializing price service module
2025-08-01 16:03:45 - price_service - DEBUG - Logger initialized for price_service at level DEBUG
2025-08-01 16:03:45 - price_service - INFO - Initializing price service module
2025-08-01 16:03:48 - price_service - DEBUG - Logger initialized for price_service at level DEBUG
2025-08-01 16:03:48 - price_service - INFO - Initializing price service module
2025-08-01 16:03:48 - price_service - DEBUG - Logger initialized for price_service at level DEBUG
2025-08-01 16:03:48 - price_service - INFO - Initializing price service module
2025-08-01 16:03:49 - price_service - DEBUG - Logger initialized for price_service at level DEBUG
2025-08-01 16:03:49 - price_service - INFO - Initializing price service module
2025-08-01 16:03:52 - price_service - DEBUG - Logger initialized for price_service at level DEBUG
2025-08-01 16:03:52 - price_service - INFO - Initializing price service module
2025-08-01 16:03:52 - price_service - DEBUG - Logger initialized for price_service at level DEBUG
2025-08-01 16:03:52 - price_service - INFO - Initializing price service module
2025-08-01 16:03:53 - price_service - DEBUG - Logger initialized for price_service at level DEBUG
2025-08-01 16:03:53 - price_service - INFO - Initializing price service module
2025-08-01 16:03:56 - price_service - DEBUG - Logger initialized for price_service at level DEBUG
2025-08-01 16:03:56 - price_service - INFO - Initializing price service module
2025-08-01 16:03:57 - price_service - DEBUG - Logger initialized for price_service at level DEBUG
2025-08-01 16:03:57 - price_service - INFO - Initializing price service module
2025-08-01 16:03:58 - price_service - DEBUG - Logger initialized for price_service at level DEBUG
2025-08-01 16:03:58 - price_service - INFO - Initializing price service module
2025-08-01 16:04:00 - price_service - DEBUG - Logger initialized for price_service at level DEBUG
2025-08-01 16:04:00 - price_service - INFO - Initializing price service module
2025-08-01 16:04:01 - price_service - DEBUG - Logger initialized for price_service at level DEBUG
2025-08-01 16:04:01 - price_service - INFO - Initializing price service module
2025-08-01 16:04:02 - price_service - DEBUG - Logger initialized for price_service at level DEBUG
2025-08-01 16:04:02 - price_service - INFO - Initializing price service module
2025-08-01 16:04:05 - price_service - DEBUG - Logger initialized for price_service at level DEBUG
2025-08-01 16:04:05 - price_service - INFO - Initializing price service module
2025-08-01 16:04:06 - price_service - DEBUG - Logger initialized for price_service at level DEBUG
2025-08-01 16:04:06 - price_service - INFO - Initializing price service module
2025-08-01 16:04:07 - price_service - DEBUG - Logger initialized for price_service at level DEBUG
2025-08-01 16:04:07 - price_service - INFO - Initializing price service module
2025-08-01 16:04:10 - price_service - DEBUG - Logger initialized for price_service at level DEBUG
2025-08-01 16:04:10 - price_service - INFO - Initializing price service module
2025-08-01 16:04:10 - price_service - DEBUG - Logger initialized for price_service at level DEBUG
2025-08-01 16:04:10 - price_service - INFO - Initializing price service module
2025-08-01 16:04:12 - price_service - DEBUG - Logger initialized for price_service at level DEBUG
2025-08-01 16:04:12 - price_service - INFO - Initializing price service module
2025-08-01 16:04:14 - price_service - DEBUG - Logger initialized for price_service at level DEBUG
2025-08-01 16:04:14 - price_service - INFO - Initializing price service module
2025-08-01 16:04:15 - price_service - DEBUG - Logger initialized for price_service at level DEBUG
2025-08-01 16:04:15 - price_service - INFO - Initializing price service module
2025-08-01 16:04:16 - price_service - DEBUG - Logger initialized for price_service at level DEBUG
2025-08-01 16:04:16 - price_service - INFO - Initializing price service module
2025-08-01 16:04:19 - price_service - DEBUG - Logger initialized for price_service at level DEBUG
2025-08-01 16:04:19 - price_service - INFO - Initializing price service module
2025-08-01 16:04:20 - price_service - DEBUG - Logger initialized for price_service at level DEBUG
2025-08-01 16:04:20 - price_service - INFO - Initializing price service module
2025-08-01 16:04:21 - price_service - DEBUG - Logger initialized for price_service at level DEBUG
2025-08-01 16:04:21 - price_service - INFO - Initializing price service module
2025-08-01 16:04:24 - price_service - DEBUG - Logger initialized for price_service at level DEBUG
2025-08-01 16:04:24 - price_service - INFO - Initializing price service module
2025-08-01 16:04:25 - price_service - DEBUG - Logger initialized for price_service at level DEBUG
2025-08-01 16:04:25 - price_service - INFO - Initializing price service module
2025-08-01 16:04:26 - price_service - DEBUG - Logger initialized for price_service at level DEBUG
2025-08-01 16:04:26 - price_service - INFO - Initializing price service module
2025-08-01 16:04:28 - price_service - DEBUG - Logger initialized for price_service at level DEBUG
2025-08-01 16:04:28 - price_service - INFO - Initializing price service module
2025-08-01 16:04:29 - price_service - DEBUG - Logger initialized for price_service at level DEBUG
2025-08-01 16:04:29 - price_service - INFO - Initializing price service module
2025-08-01 16:04:30 - price_service - DEBUG - Logger initialized for price_service at level DEBUG
2025-08-01 16:04:30 - price_service - INFO - Initializing price service module
2025-08-01 16:04:32 - price_service - DEBUG - Logger initialized for price_service at level DEBUG
2025-08-01 16:04:32 - price_service - INFO - Initializing price service module
2025-08-01 16:04:33 - price_service - DEBUG - Logger initialized for price_service at level DEBUG
2025-08-01 16:04:33 - price_service - INFO - Initializing price service module
2025-08-01 16:04:34 - price_service - DEBUG - Logger initialized for price_service at level DEBUG
2025-08-01 16:04:34 - price_service - INFO - Initializing price service module
2025-08-01 16:04:36 - price_service - DEBUG - Logger initialized for price_service at level DEBUG
2025-08-01 16:04:36 - price_service - INFO - Initializing price service module
2025-08-01 16:04:37 - price_service - DEBUG - Logger initialized for price_service at level DEBUG
2025-08-01 16:04:37 - price_service - INFO - Initializing price service module
2025-08-01 16:04:38 - price_service - DEBUG - Logger initialized for price_service at level DEBUG
2025-08-01 16:04:38 - price_service - INFO - Initializing price service module
2025-08-01 16:04:41 - price_service - DEBUG - Logger initialized for price_service at level DEBUG
2025-08-01 16:04:41 - price_service - INFO - Initializing price service module
2025-08-01 16:04:42 - price_service - DEBUG - Logger initialized for price_service at level DEBUG
2025-08-01 16:04:42 - price_service - INFO - Initializing price service module
2025-08-01 16:04:42 - price_service - DEBUG - Logger initialized for price_service at level DEBUG
2025-08-01 16:04:42 - price_service - INFO - Initializing price service module
2025-08-01 16:04:46 - price_service - DEBUG - Logger initialized for price_service at level DEBUG
2025-08-01 16:04:46 - price_service - INFO - Initializing price service module
2025-08-01 16:04:46 - price_service - DEBUG - Logger initialized for price_service at level DEBUG
2025-08-01 16:04:46 - price_service - INFO - Initializing price service module
2025-08-01 16:04:47 - price_service - DEBUG - Logger initialized for price_service at level DEBUG
2025-08-01 16:04:47 - price_service - INFO - Initializing price service module
2025-08-01 16:04:50 - price_service - DEBUG - Logger initialized for price_service at level DEBUG
2025-08-01 16:04:50 - price_service - INFO - Initializing price service module
2025-08-01 16:04:50 - price_service - DEBUG - Logger initialized for price_service at level DEBUG
2025-08-01 16:04:50 - price_service - INFO - Initializing price service module
2025-08-01 16:04:51 - price_service - DEBUG - Logger initialized for price_service at level DEBUG
2025-08-01 16:04:51 - price_service - INFO - Initializing price service module
2025-08-01 16:04:55 - price_service - DEBUG - Logger initialized for price_service at level DEBUG
2025-08-01 16:04:55 - price_service - INFO - Initializing price service module
2025-08-01 16:04:55 - price_service - DEBUG - Logger initialized for price_service at level DEBUG
2025-08-01 16:04:55 - price_service - INFO - Initializing price service module
2025-08-01 16:04:56 - price_service - DEBUG - Logger initialized for price_service at level DEBUG
2025-08-01 16:04:56 - price_service - INFO - Initializing price service module
2025-08-01 16:04:59 - price_service - DEBUG - Logger initialized for price_service at level DEBUG
2025-08-01 16:04:59 - price_service - INFO - Initializing price service module
2025-08-01 16:04:59 - price_service - DEBUG - Logger initialized for price_service at level DEBUG
2025-08-01 16:04:59 - price_service - INFO - Initializing price service module
2025-08-01 16:05:02 - price_service - DEBUG - Logger initialized for price_service at level DEBUG
2025-08-01 16:05:02 - price_service - INFO - Initializing price service module
2025-08-01 16:05:10 - price_service - DEBUG - Logger initialized for price_service at level DEBUG
2025-08-01 16:05:10 - price_service - INFO - Initializing price service module
2025-08-01 16:05:10 - price_service - DEBUG - Logger initialized for price_service at level DEBUG
2025-08-01 16:05:10 - price_service - INFO - Initializing price service module
2025-08-01 16:05:11 - price_service - DEBUG - Logger initialized for price_service at level DEBUG
2025-08-01 16:05:11 - price_service - INFO - Initializing price service module
2025-08-01 16:05:14 - price_service - DEBUG - Logger initialized for price_service at level DEBUG
2025-08-01 16:05:14 - price_service - INFO - Initializing price service module
2025-08-01 16:05:14 - price_service - DEBUG - Logger initialized for price_service at level DEBUG
2025-08-01 16:05:14 - price_service - INFO - Initializing price service module
2025-08-01 16:05:15 - price_service - DEBUG - Logger initialized for price_service at level DEBUG
2025-08-01 16:05:15 - price_service - INFO - Initializing price service module
2025-08-01 16:05:19 - price_service - DEBUG - Logger initialized for price_service at level DEBUG
2025-08-01 16:05:19 - price_service - INFO - Initializing price service module
2025-08-01 16:05:20 - price_service - DEBUG - Logger initialized for price_service at level DEBUG
2025-08-01 16:05:20 - price_service - INFO - Initializing price service module
2025-08-01 16:05:20 - price_service - DEBUG - Logger initialized for price_service at level DEBUG
2025-08-01 16:05:20 - price_service - INFO - Initializing price service module
2025-08-01 16:05:22 - price_service - DEBUG - Logger initialized for price_service at level DEBUG
2025-08-01 16:05:22 - price_service - INFO - Initializing price service module
2025-08-01 16:05:23 - price_service - DEBUG - Logger initialized for price_service at level DEBUG
2025-08-01 16:05:23 - price_service - INFO - Initializing price service module
2025-08-01 16:05:23 - price_service - DEBUG - Logger initialized for price_service at level DEBUG
2025-08-01 16:05:23 - price_service - INFO - Initializing price service module
2025-08-01 16:05:27 - price_service - DEBUG - Logger initialized for price_service at level DEBUG
2025-08-01 16:05:27 - price_service - INFO - Initializing price service module
2025-08-01 16:05:27 - price_service - DEBUG - Logger initialized for price_service at level DEBUG
2025-08-01 16:05:27 - price_service - INFO - Initializing price service module
2025-08-01 16:05:28 - price_service - DEBUG - Logger initialized for price_service at level DEBUG
2025-08-01 16:05:28 - price_service - INFO - Initializing price service module
2025-08-01 16:05:31 - price_service - DEBUG - Logger initialized for price_service at level DEBUG
2025-08-01 16:05:31 - price_service - INFO - Initializing price service module
2025-08-01 16:05:31 - price_service - DEBUG - Logger initialized for price_service at level DEBUG
2025-08-01 16:05:31 - price_service - INFO - Initializing price service module
2025-08-01 16:05:32 - price_service - DEBUG - Logger initialized for price_service at level DEBUG
2025-08-01 16:05:32 - price_service - INFO - Initializing price service module
2025-08-01 16:05:35 - price_service - DEBUG - Logger initialized for price_service at level DEBUG
2025-08-01 16:05:35 - price_service - INFO - Initializing price service module
2025-08-01 16:05:36 - price_service - DEBUG - Logger initialized for price_service at level DEBUG
2025-08-01 16:05:36 - price_service - INFO - Initializing price service module
2025-08-01 16:05:37 - price_service - DEBUG - Logger initialized for price_service at level DEBUG
2025-08-01 16:05:37 - price_service - INFO - Initializing price service module
2025-08-01 16:05:39 - price_service - DEBUG - Logger initialized for price_service at level DEBUG
2025-08-01 16:05:39 - price_service - INFO - Initializing price service module
2025-08-01 16:05:40 - price_service - DEBUG - Logger initialized for price_service at level DEBUG
2025-08-01 16:05:40 - price_service - INFO - Initializing price service module
2025-08-01 16:05:41 - price_service - DEBUG - Logger initialized for price_service at level DEBUG
2025-08-01 16:05:41 - price_service - INFO - Initializing price service module
2025-08-01 16:05:45 - price_service - DEBUG - Logger initialized for price_service at level DEBUG
2025-08-01 16:05:45 - price_service - INFO - Initializing price service module
2025-08-01 16:05:45 - price_service - DEBUG - Logger initialized for price_service at level DEBUG
2025-08-01 16:05:45 - price_service - INFO - Initializing price service module
2025-08-01 16:05:47 - price_service - DEBUG - Logger initialized for price_service at level DEBUG
2025-08-01 16:05:47 - price_service - INFO - Initializing price service module
2025-08-01 16:05:52 - price_service - DEBUG - Logger initialized for price_service at level DEBUG
2025-08-01 16:05:52 - price_service - INFO - Initializing price service module
2025-08-01 16:05:52 - price_service - DEBUG - Logger initialized for price_service at level DEBUG
2025-08-01 16:05:52 - price_service - INFO - Initializing price service module
2025-08-01 16:05:53 - price_service - DEBUG - Logger initialized for price_service at level DEBUG
2025-08-01 16:05:53 - price_service - INFO - Initializing price service module
2025-08-01 16:05:56 - price_service - DEBUG - Logger initialized for price_service at level DEBUG
2025-08-01 16:05:56 - price_service - INFO - Initializing price service module
2025-08-01 16:05:56 - price_service - DEBUG - Logger initialized for price_service at level DEBUG
2025-08-01 16:05:56 - price_service - INFO - Initializing price service module
2025-08-01 16:05:57 - price_service - DEBUG - Logger initialized for price_service at level DEBUG
2025-08-01 16:05:57 - price_service - INFO - Initializing price service module
2025-08-01 16:06:00 - price_service - DEBUG - Logger initialized for price_service at level DEBUG
2025-08-01 16:06:00 - price_service - INFO - Initializing price service module
2025-08-01 16:06:01 - price_service - DEBUG - Logger initialized for price_service at level DEBUG
2025-08-01 16:06:01 - price_service - INFO - Initializing price service module
2025-08-01 16:06:01 - price_service - DEBUG - Logger initialized for price_service at level DEBUG
2025-08-01 16:06:01 - price_service - INFO - Initializing price service module
2025-08-01 16:06:04 - price_service - DEBUG - Logger initialized for price_service at level DEBUG
2025-08-01 16:06:04 - price_service - INFO - Initializing price service module
2025-08-01 16:06:05 - price_service - DEBUG - Logger initialized for price_service at level DEBUG
2025-08-01 16:06:05 - price_service - INFO - Initializing price service module
2025-08-01 16:06:05 - price_service - DEBUG - Logger initialized for price_service at level DEBUG
2025-08-01 16:06:05 - price_service - INFO - Initializing price service module
2025-08-01 16:06:08 - price_service - DEBUG - Logger initialized for price_service at level DEBUG
2025-08-01 16:06:08 - price_service - INFO - Initializing price service module
2025-08-01 16:06:10 - price_service - DEBUG - Logger initialized for price_service at level DEBUG
2025-08-01 16:06:10 - price_service - INFO - Initializing price service module
2025-08-01 16:06:10 - price_service - DEBUG - Logger initialized for price_service at level DEBUG
2025-08-01 16:06:10 - price_service - INFO - Initializing price service module
2025-08-01 16:06:12 - price_service - DEBUG - Logger initialized for price_service at level DEBUG
2025-08-01 16:06:12 - price_service - INFO - Initializing price service module
2025-08-01 16:06:14 - price_service - DEBUG - Logger initialized for price_service at level DEBUG
2025-08-01 16:06:14 - price_service - INFO - Initializing price service module
2025-08-01 16:06:15 - price_service - DEBUG - Logger initialized for price_service at level DEBUG
2025-08-01 16:06:15 - price_service - INFO - Initializing price service module
2025-08-01 16:06:17 - price_service - DEBUG - Logger initialized for price_service at level DEBUG
2025-08-01 16:06:17 - price_service - INFO - Initializing price service module
2025-08-01 16:06:19 - price_service - DEBUG - Logger initialized for price_service at level DEBUG
2025-08-01 16:06:19 - price_service - INFO - Initializing price service module
2025-08-01 16:06:19 - price_service - DEBUG - Logger initialized for price_service at level DEBUG
2025-08-01 16:06:19 - price_service - INFO - Initializing price service module
2025-08-01 16:06:21 - price_service - DEBUG - Logger initialized for price_service at level DEBUG
2025-08-01 16:06:21 - price_service - INFO - Initializing price service module
2025-08-01 16:06:23 - price_service - DEBUG - Logger initialized for price_service at level DEBUG
2025-08-01 16:06:23 - price_service - INFO - Initializing price service module
2025-08-01 16:06:24 - price_service - DEBUG - Logger initialized for price_service at level DEBUG
2025-08-01 16:06:24 - price_service - INFO - Initializing price service module
2025-08-01 16:06:26 - price_service - DEBUG - Logger initialized for price_service at level DEBUG
2025-08-01 16:06:26 - price_service - INFO - Initializing price service module
2025-08-01 16:06:27 - price_service - DEBUG - Logger initialized for price_service at level DEBUG
2025-08-01 16:06:27 - price_service - INFO - Initializing price service module
2025-08-01 16:06:28 - price_service - DEBUG - Logger initialized for price_service at level DEBUG
2025-08-01 16:06:28 - price_service - INFO - Initializing price service module
2025-08-01 16:06:30 - price_service - DEBUG - Logger initialized for price_service at level DEBUG
2025-08-01 16:06:30 - price_service - INFO - Initializing price service module
2025-08-01 16:06:31 - price_service - DEBUG - Logger initialized for price_service at level DEBUG
2025-08-01 16:06:31 - price_service - INFO - Initializing price service module
2025-08-01 16:06:32 - price_service - DEBUG - Logger initialized for price_service at level DEBUG
2025-08-01 16:06:32 - price_service - INFO - Initializing price service module
2025-08-01 16:06:34 - price_service - DEBUG - Logger initialized for price_service at level DEBUG
2025-08-01 16:06:34 - price_service - INFO - Initializing price service module
2025-08-01 16:06:35 - price_service - DEBUG - Logger initialized for price_service at level DEBUG
2025-08-01 16:06:35 - price_service - INFO - Initializing price service module
2025-08-01 16:06:36 - price_service - DEBUG - Logger initialized for price_service at level DEBUG
2025-08-01 16:06:36 - price_service - INFO - Initializing price service module
2025-08-01 16:06:38 - price_service - DEBUG - Logger initialized for price_service at level DEBUG
2025-08-01 16:06:38 - price_service - INFO - Initializing price service module
2025-08-01 16:06:39 - price_service - DEBUG - Logger initialized for price_service at level DEBUG
2025-08-01 16:06:39 - price_service - INFO - Initializing price service module
2025-08-01 16:06:41 - price_service - DEBUG - Logger initialized for price_service at level DEBUG
2025-08-01 16:06:41 - price_service - INFO - Initializing price service module
2025-08-01 16:06:42 - price_service - DEBUG - Logger initialized for price_service at level DEBUG
2025-08-01 16:06:42 - price_service - INFO - Initializing price service module
2025-08-01 16:06:43 - price_service - DEBUG - Logger initialized for price_service at level DEBUG
2025-08-01 16:06:43 - price_service - INFO - Initializing price service module
2025-08-01 16:06:45 - price_service - DEBUG - Logger initialized for price_service at level DEBUG
2025-08-01 16:06:45 - price_service - INFO - Initializing price service module
2025-08-01 16:06:47 - price_service - DEBUG - Logger initialized for price_service at level DEBUG
2025-08-01 16:06:47 - price_service - INFO - Initializing price service module
2025-08-01 16:06:47 - price_service - DEBUG - Logger initialized for price_service at level DEBUG
2025-08-01 16:06:47 - price_service - INFO - Initializing price service module
2025-08-01 16:06:49 - price_service - DEBUG - Logger initialized for price_service at level DEBUG
2025-08-01 16:06:49 - price_service - INFO - Initializing price service module
2025-08-01 16:06:50 - price_service - DEBUG - Logger initialized for price_service at level DEBUG
2025-08-01 16:06:50 - price_service - INFO - Initializing price service module
2025-08-01 16:06:51 - price_service - DEBUG - Logger initialized for price_service at level DEBUG
2025-08-01 16:06:51 - price_service - INFO - Initializing price service module
2025-08-01 16:06:52 - price_service - DEBUG - Logger initialized for price_service at level DEBUG
2025-08-01 16:06:52 - price_service - INFO - Initializing price service module
2025-08-01 16:06:54 - price_service - DEBUG - Logger initialized for price_service at level DEBUG
2025-08-01 16:06:54 - price_service - INFO - Initializing price service module
2025-08-01 16:06:55 - price_service - DEBUG - Logger initialized for price_service at level DEBUG
2025-08-01 16:06:55 - price_service - INFO - Initializing price service module
2025-08-01 16:06:57 - price_service - DEBUG - Logger initialized for price_service at level DEBUG
2025-08-01 16:06:57 - price_service - INFO - Initializing price service module
2025-08-01 16:06:58 - price_service - DEBUG - Logger initialized for price_service at level DEBUG
2025-08-01 16:06:58 - price_service - INFO - Initializing price service module
2025-08-01 16:06:59 - price_service - DEBUG - Logger initialized for price_service at level DEBUG
2025-08-01 16:06:59 - price_service - INFO - Initializing price service module
2025-08-01 16:07:01 - price_service - DEBUG - Logger initialized for price_service at level DEBUG
2025-08-01 16:07:01 - price_service - INFO - Initializing price service module
2025-08-01 16:07:03 - price_service - DEBUG - Logger initialized for price_service at level DEBUG
2025-08-01 16:07:03 - price_service - INFO - Initializing price service module
2025-08-01 16:07:03 - price_service - DEBUG - Logger initialized for price_service at level DEBUG
2025-08-01 16:07:03 - price_service - INFO - Initializing price service module
2025-08-01 16:07:05 - price_service - DEBUG - Logger initialized for price_service at level DEBUG
2025-08-01 16:07:05 - price_service - INFO - Initializing price service module
2025-08-01 16:07:07 - price_service - DEBUG - Logger initialized for price_service at level DEBUG
2025-08-01 16:07:07 - price_service - INFO - Initializing price service module
2025-08-01 16:07:07 - price_service - DEBUG - Logger initialized for price_service at level DEBUG
2025-08-01 16:07:07 - price_service - INFO - Initializing price service module
2025-08-01 16:07:09 - price_service - DEBUG - Logger initialized for price_service at level DEBUG
2025-08-01 16:07:09 - price_service - INFO - Initializing price service module
2025-08-01 16:07:11 - price_service - DEBUG - Logger initialized for price_service at level DEBUG
2025-08-01 16:07:11 - price_service - INFO - Initializing price service module
2025-08-01 16:07:12 - price_service - DEBUG - Logger initialized for price_service at level DEBUG
2025-08-01 16:07:12 - price_service - INFO - Initializing price service module
2025-08-01 16:07:13 - price_service - DEBUG - Logger initialized for price_service at level DEBUG
2025-08-01 16:07:13 - price_service - INFO - Initializing price service module
2025-08-01 16:07:15 - price_service - DEBUG - Logger initialized for price_service at level DEBUG
2025-08-01 16:07:15 - price_service - INFO - Initializing price service module
2025-08-01 16:07:16 - price_service - DEBUG - Logger initialized for price_service at level DEBUG
2025-08-01 16:07:16 - price_service - INFO - Initializing price service module
2025-08-01 16:07:18 - price_service - DEBUG - Logger initialized for price_service at level DEBUG
2025-08-01 16:07:18 - price_service - INFO - Initializing price service module
2025-08-01 16:07:20 - price_service - DEBUG - Logger initialized for price_service at level DEBUG
2025-08-01 16:07:20 - price_service - INFO - Initializing price service module
2025-08-01 16:07:20 - price_service - DEBUG - Logger initialized for price_service at level DEBUG
2025-08-01 16:07:20 - price_service - INFO - Initializing price service module
2025-08-01 16:07:22 - price_service - DEBUG - Logger initialized for price_service at level DEBUG
2025-08-01 16:07:22 - price_service - INFO - Initializing price service module
2025-08-01 16:07:23 - price_service - DEBUG - Logger initialized for price_service at level DEBUG
2025-08-01 16:07:23 - price_service - INFO - Initializing price service module
2025-08-01 16:07:25 - price_service - DEBUG - Logger initialized for price_service at level DEBUG
2025-08-01 16:07:25 - price_service - INFO - Initializing price service module
2025-08-01 16:07:26 - price_service - DEBUG - Logger initialized for price_service at level DEBUG
2025-08-01 16:07:26 - price_service - INFO - Initializing price service module
2025-08-01 16:07:27 - price_service - DEBUG - Logger initialized for price_service at level DEBUG
2025-08-01 16:07:27 - price_service - INFO - Initializing price service module
2025-08-01 16:07:29 - price_service - DEBUG - Logger initialized for price_service at level DEBUG
2025-08-01 16:07:29 - price_service - INFO - Initializing price service module
2025-08-01 16:07:31 - price_service - DEBUG - Logger initialized for price_service at level DEBUG
2025-08-01 16:07:31 - price_service - INFO - Initializing price service module
2025-08-01 16:07:32 - price_service - DEBUG - Logger initialized for price_service at level DEBUG
2025-08-01 16:07:32 - price_service - INFO - Initializing price service module
2025-08-01 16:07:33 - price_service - DEBUG - Logger initialized for price_service at level DEBUG
2025-08-01 16:07:33 - price_service - INFO - Initializing price service module
2025-08-01 16:07:35 - price_service - DEBUG - Logger initialized for price_service at level DEBUG
2025-08-01 16:07:35 - price_service - INFO - Initializing price service module
2025-08-01 16:07:36 - price_service - DEBUG - Logger initialized for price_service at level DEBUG
2025-08-01 16:07:36 - price_service - INFO - Initializing price service module
2025-08-01 16:07:37 - price_service - DEBUG - Logger initialized for price_service at level DEBUG
2025-08-01 16:07:37 - price_service - INFO - Initializing price service module
2025-08-01 16:07:39 - price_service - DEBUG - Logger initialized for price_service at level DEBUG
2025-08-01 16:07:39 - price_service - INFO - Initializing price service module
2025-08-01 16:07:40 - price_service - DEBUG - Logger initialized for price_service at level DEBUG
2025-08-01 16:07:40 - price_service - INFO - Initializing price service module
2025-08-01 16:07:41 - price_service - DEBUG - Logger initialized for price_service at level DEBUG
2025-08-01 16:07:41 - price_service - INFO - Initializing price service module
2025-08-01 16:07:43 - price_service - DEBUG - Logger initialized for price_service at level DEBUG
2025-08-01 16:07:43 - price_service - INFO - Initializing price service module
2025-08-01 16:07:44 - price_service - DEBUG - Logger initialized for price_service at level DEBUG
2025-08-01 16:07:44 - price_service - INFO - Initializing price service module
2025-08-01 16:07:45 - price_service - DEBUG - Logger initialized for price_service at level DEBUG
2025-08-01 16:07:45 - price_service - INFO - Initializing price service module
2025-08-01 16:07:47 - price_service - DEBUG - Logger initialized for price_service at level DEBUG
2025-08-01 16:07:47 - price_service - INFO - Initializing price service module
2025-08-01 16:07:48 - price_service - DEBUG - Logger initialized for price_service at level DEBUG
2025-08-01 16:07:48 - price_service - INFO - Initializing price service module
2025-08-01 16:07:49 - price_service - DEBUG - Logger initialized for price_service at level DEBUG
2025-08-01 16:07:49 - price_service - INFO - Initializing price service module
2025-08-01 16:07:51 - price_service - DEBUG - Logger initialized for price_service at level DEBUG
2025-08-01 16:07:51 - price_service - INFO - Initializing price service module
2025-08-01 16:07:53 - price_service - DEBUG - Logger initialized for price_service at level DEBUG
2025-08-01 16:07:53 - price_service - INFO - Initializing price service module
2025-08-01 16:07:53 - price_service - DEBUG - Logger initialized for price_service at level DEBUG
2025-08-01 16:07:53 - price_service - INFO - Initializing price service module
2025-08-01 16:07:55 - price_service - DEBUG - Logger initialized for price_service at level DEBUG
2025-08-01 16:07:55 - price_service - INFO - Initializing price service module
2025-08-01 16:07:57 - price_service - DEBUG - Logger initialized for price_service at level DEBUG
2025-08-01 16:07:57 - price_service - INFO - Initializing price service module
2025-08-01 16:07:58 - price_service - DEBUG - Logger initialized for price_service at level DEBUG
2025-08-01 16:07:58 - price_service - INFO - Initializing price service module
2025-08-01 16:08:00 - price_service - DEBUG - Logger initialized for price_service at level DEBUG
2025-08-01 16:08:00 - price_service - INFO - Initializing price service module
2025-08-01 16:08:01 - price_service - DEBUG - Logger initialized for price_service at level DEBUG
2025-08-01 16:08:01 - price_service - INFO - Initializing price service module
2025-08-01 16:08:02 - price_service - DEBUG - Logger initialized for price_service at level DEBUG
2025-08-01 16:08:02 - price_service - INFO - Initializing price service module
2025-08-01 16:08:04 - price_service - DEBUG - Logger initialized for price_service at level DEBUG
2025-08-01 16:08:04 - price_service - INFO - Initializing price service module
2025-08-01 16:08:06 - price_service - DEBUG - Logger initialized for price_service at level DEBUG
2025-08-01 16:08:06 - price_service - INFO - Initializing price service module
2025-08-01 16:08:07 - price_service - DEBUG - Logger initialized for price_service at level DEBUG
2025-08-01 16:08:07 - price_service - INFO - Initializing price service module
2025-08-01 16:08:09 - price_service - DEBUG - Logger initialized for price_service at level DEBUG
2025-08-01 16:08:09 - price_service - INFO - Initializing price service module
2025-08-01 16:08:11 - price_service - DEBUG - Logger initialized for price_service at level DEBUG
2025-08-01 16:08:11 - price_service - INFO - Initializing price service module
2025-08-01 16:08:11 - price_service - DEBUG - Logger initialized for price_service at level DEBUG
2025-08-01 16:08:11 - price_service - INFO - Initializing price service module
2025-08-01 16:08:14 - price_service - DEBUG - Logger initialized for price_service at level DEBUG
2025-08-01 16:08:14 - price_service - INFO - Initializing price service module
2025-08-01 16:08:16 - price_service - DEBUG - Logger initialized for price_service at level DEBUG
2025-08-01 16:08:16 - price_service - INFO - Initializing price service module
2025-08-01 16:08:16 - price_service - DEBUG - Logger initialized for price_service at level DEBUG
2025-08-01 16:08:16 - price_service - INFO - Initializing price service module
2025-08-01 16:08:19 - price_service - DEBUG - Logger initialized for price_service at level DEBUG
2025-08-01 16:08:19 - price_service - INFO - Initializing price service module
2025-08-01 16:08:21 - price_service - DEBUG - Logger initialized for price_service at level DEBUG
2025-08-01 16:08:21 - price_service - INFO - Initializing price service module
2025-08-01 16:08:21 - price_service - DEBUG - Logger initialized for price_service at level DEBUG
2025-08-01 16:08:21 - price_service - INFO - Initializing price service module
2025-08-01 16:08:23 - price_service - DEBUG - Logger initialized for price_service at level DEBUG
2025-08-01 16:08:23 - price_service - INFO - Initializing price service module
2025-08-01 16:08:25 - price_service - DEBUG - Logger initialized for price_service at level DEBUG
2025-08-01 16:08:25 - price_service - INFO - Initializing price service module
2025-08-01 16:08:25 - price_service - DEBUG - Logger initialized for price_service at level DEBUG
2025-08-01 16:08:25 - price_service - INFO - Initializing price service module
2025-08-01 16:08:28 - price_service - DEBUG - Logger initialized for price_service at level DEBUG
2025-08-01 16:08:28 - price_service - INFO - Initializing price service module
2025-08-01 16:08:29 - price_service - DEBUG - Logger initialized for price_service at level DEBUG
2025-08-01 16:08:29 - price_service - INFO - Initializing price service module
2025-08-01 16:08:29 - price_service - DEBUG - Logger initialized for price_service at level DEBUG
2025-08-01 16:08:29 - price_service - INFO - Initializing price service module
2025-08-01 16:08:32 - price_service - DEBUG - Logger initialized for price_service at level DEBUG
2025-08-01 16:08:32 - price_service - INFO - Initializing price service module
2025-08-01 16:08:33 - price_service - DEBUG - Logger initialized for price_service at level DEBUG
2025-08-01 16:08:33 - price_service - INFO - Initializing price service module
2025-08-01 16:08:34 - price_service - DEBUG - Logger initialized for price_service at level DEBUG
2025-08-01 16:08:34 - price_service - INFO - Initializing price service module
2025-08-01 16:08:35 - price_service - DEBUG - Logger initialized for price_service at level DEBUG
2025-08-01 16:08:35 - price_service - INFO - Initializing price service module
2025-08-01 16:08:37 - price_service - DEBUG - Logger initialized for price_service at level DEBUG
2025-08-01 16:08:37 - price_service - INFO - Initializing price service module
2025-08-01 16:08:38 - price_service - DEBUG - Logger initialized for price_service at level DEBUG
2025-08-01 16:08:38 - price_service - INFO - Initializing price service module
2025-08-01 16:08:40 - price_service - DEBUG - Logger initialized for price_service at level DEBUG
2025-08-01 16:08:40 - price_service - INFO - Initializing price service module
2025-08-01 16:08:42 - price_service - DEBUG - Logger initialized for price_service at level DEBUG
2025-08-01 16:08:42 - price_service - INFO - Initializing price service module
2025-08-01 16:08:43 - price_service - DEBUG - Logger initialized for price_service at level DEBUG
2025-08-01 16:08:43 - price_service - INFO - Initializing price service module
2025-08-01 16:08:44 - price_service - DEBUG - Logger initialized for price_service at level DEBUG
2025-08-01 16:08:44 - price_service - INFO - Initializing price service module
2025-08-01 16:08:46 - price_service - DEBUG - Logger initialized for price_service at level DEBUG
2025-08-01 16:08:46 - price_service - INFO - Initializing price service module
2025-08-01 16:08:47 - price_service - DEBUG - Logger initialized for price_service at level DEBUG
2025-08-01 16:08:47 - price_service - INFO - Initializing price service module
2025-08-01 16:08:48 - price_service - DEBUG - Logger initialized for price_service at level DEBUG
2025-08-01 16:08:48 - price_service - INFO - Initializing price service module
2025-08-01 16:08:50 - price_service - DEBUG - Logger initialized for price_service at level DEBUG
2025-08-01 16:08:50 - price_service - INFO - Initializing price service module
2025-08-01 16:08:51 - price_service - DEBUG - Logger initialized for price_service at level DEBUG
2025-08-01 16:08:51 - price_service - INFO - Initializing price service module
2025-08-01 16:08:52 - price_service - DEBUG - Logger initialized for price_service at level DEBUG
2025-08-01 16:08:52 - price_service - INFO - Initializing price service module
2025-08-01 16:08:54 - price_service - DEBUG - Logger initialized for price_service at level DEBUG
2025-08-01 16:08:54 - price_service - INFO - Initializing price service module
2025-08-01 16:08:55 - price_service - DEBUG - Logger initialized for price_service at level DEBUG
2025-08-01 16:08:55 - price_service - INFO - Initializing price service module
2025-08-01 16:08:56 - price_service - DEBUG - Logger initialized for price_service at level DEBUG
2025-08-01 16:08:56 - price_service - INFO - Initializing price service module
2025-08-01 16:08:58 - price_service - DEBUG - Logger initialized for price_service at level DEBUG
2025-08-01 16:08:58 - price_service - INFO - Initializing price service module
2025-08-01 16:08:59 - price_service - DEBUG - Logger initialized for price_service at level DEBUG
2025-08-01 16:08:59 - price_service - INFO - Initializing price service module
2025-08-01 16:09:00 - price_service - DEBUG - Logger initialized for price_service at level DEBUG
2025-08-01 16:09:00 - price_service - INFO - Initializing price service module
2025-08-01 16:09:03 - price_service - DEBUG - Logger initialized for price_service at level DEBUG
2025-08-01 16:09:03 - price_service - INFO - Initializing price service module
2025-08-01 16:09:04 - price_service - DEBUG - Logger initialized for price_service at level DEBUG
2025-08-01 16:09:04 - price_service - INFO - Initializing price service module
2025-08-01 16:09:05 - price_service - DEBUG - Logger initialized for price_service at level DEBUG
2025-08-01 16:09:05 - price_service - INFO - Initializing price service module
2025-08-01 16:09:07 - price_service - DEBUG - Logger initialized for price_service at level DEBUG
2025-08-01 16:09:07 - price_service - INFO - Initializing price service module
2025-08-01 16:09:08 - price_service - DEBUG - Logger initialized for price_service at level DEBUG
2025-08-01 16:09:08 - price_service - INFO - Initializing price service module
2025-08-01 16:09:10 - price_service - DEBUG - Logger initialized for price_service at level DEBUG
2025-08-01 16:09:10 - price_service - INFO - Initializing price service module
2025-08-01 16:09:12 - price_service - DEBUG - Logger initialized for price_service at level DEBUG
2025-08-01 16:09:12 - price_service - INFO - Initializing price service module
2025-08-01 16:09:12 - price_service - DEBUG - Logger initialized for price_service at level DEBUG
2025-08-01 16:09:12 - price_service - INFO - Initializing price service module
2025-08-01 16:09:14 - price_service - DEBUG - Logger initialized for price_service at level DEBUG
2025-08-01 16:09:14 - price_service - INFO - Initializing price service module
2025-08-01 16:09:16 - price_service - DEBUG - Logger initialized for price_service at level DEBUG
2025-08-01 16:09:16 - price_service - INFO - Initializing price service module
2025-08-01 16:09:17 - price_service - DEBUG - Logger initialized for price_service at level DEBUG
2025-08-01 16:09:17 - price_service - INFO - Initializing price service module
2025-08-01 16:09:19 - price_service - DEBUG - Logger initialized for price_service at level DEBUG
2025-08-01 16:09:19 - price_service - INFO - Initializing price service module
2025-08-01 16:09:21 - price_service - DEBUG - Logger initialized for price_service at level DEBUG
2025-08-01 16:09:21 - price_service - INFO - Initializing price service module
2025-08-01 16:09:21 - price_service - DEBUG - Logger initialized for price_service at level DEBUG
2025-08-01 16:09:21 - price_service - INFO - Initializing price service module
2025-08-01 16:09:23 - price_service - DEBUG - Logger initialized for price_service at level DEBUG
2025-08-01 16:09:23 - price_service - INFO - Initializing price service module
2025-08-01 16:09:25 - price_service - DEBUG - Logger initialized for price_service at level DEBUG
2025-08-01 16:09:25 - price_service - INFO - Initializing price service module
2025-08-01 16:09:26 - price_service - DEBUG - Logger initialized for price_service at level DEBUG
2025-08-01 16:09:26 - price_service - INFO - Initializing price service module
2025-08-01 16:09:27 - price_service - DEBUG - Logger initialized for price_service at level DEBUG
2025-08-01 16:09:27 - price_service - INFO - Initializing price service module
2025-08-01 16:09:30 - price_service - DEBUG - Logger initialized for price_service at level DEBUG
2025-08-01 16:09:30 - price_service - INFO - Initializing price service module
2025-08-01 16:09:30 - price_service - DEBUG - Logger initialized for price_service at level DEBUG
2025-08-01 16:09:30 - price_service - INFO - Initializing price service module
2025-08-01 16:09:33 - price_service - DEBUG - Logger initialized for price_service at level DEBUG
2025-08-01 16:09:33 - price_service - INFO - Initializing price service module
2025-08-01 16:09:35 - price_service - DEBUG - Logger initialized for price_service at level DEBUG
2025-08-01 16:09:35 - price_service - INFO - Initializing price service module
2025-08-01 16:09:35 - price_service - DEBUG - Logger initialized for price_service at level DEBUG
2025-08-01 16:09:35 - price_service - INFO - Initializing price service module
2025-08-01 16:09:37 - price_service - DEBUG - Logger initialized for price_service at level DEBUG
2025-08-01 16:09:37 - price_service - INFO - Initializing price service module
2025-08-01 16:09:39 - price_service - DEBUG - Logger initialized for price_service at level DEBUG
2025-08-01 16:09:39 - price_service - INFO - Initializing price service module
2025-08-01 16:09:40 - price_service - DEBUG - Logger initialized for price_service at level DEBUG
2025-08-01 16:09:40 - price_service - INFO - Initializing price service module
2025-08-01 16:09:41 - price_service - DEBUG - Logger initialized for price_service at level DEBUG
2025-08-01 16:09:41 - price_service - INFO - Initializing price service module
2025-08-01 16:09:44 - price_service - DEBUG - Logger initialized for price_service at level DEBUG
2025-08-01 16:09:44 - price_service - INFO - Initializing price service module
2025-08-01 16:09:44 - price_service - DEBUG - Logger initialized for price_service at level DEBUG
2025-08-01 16:09:44 - price_service - INFO - Initializing price service module
2025-08-01 16:09:45 - price_service - DEBUG - Logger initialized for price_service at level DEBUG
2025-08-01 16:09:45 - price_service - INFO - Initializing price service module
2025-08-01 16:09:48 - price_service - DEBUG - Logger initialized for price_service at level DEBUG
2025-08-01 16:09:48 - price_service - INFO - Initializing price service module
2025-08-01 16:09:49 - price_service - DEBUG - Logger initialized for price_service at level DEBUG
2025-08-01 16:09:49 - price_service - INFO - Initializing price service module
2025-08-01 16:09:51 - price_service - DEBUG - Logger initialized for price_service at level DEBUG
2025-08-01 16:09:51 - price_service - INFO - Initializing price service module
2025-08-01 16:09:53 - price_service - DEBUG - Logger initialized for price_service at level DEBUG
2025-08-01 16:09:53 - price_service - INFO - Initializing price service module
2025-08-01 16:09:53 - price_service - DEBUG - Logger initialized for price_service at level DEBUG
2025-08-01 16:09:53 - price_service - INFO - Initializing price service module
2025-08-01 16:09:56 - price_service - DEBUG - Logger initialized for price_service at level DEBUG
2025-08-01 16:09:56 - price_service - INFO - Initializing price service module
2025-08-01 16:09:57 - price_service - DEBUG - Logger initialized for price_service at level DEBUG
2025-08-01 16:09:57 - price_service - INFO - Initializing price service module
2025-08-01 16:09:57 - price_service - DEBUG - Logger initialized for price_service at level DEBUG
2025-08-01 16:09:57 - price_service - INFO - Initializing price service module
2025-08-01 16:10:01 - price_service - DEBUG - Logger initialized for price_service at level DEBUG
2025-08-01 16:10:01 - price_service - INFO - Initializing price service module
2025-08-01 16:10:03 - price_service - DEBUG - Logger initialized for price_service at level DEBUG
2025-08-01 16:10:03 - price_service - INFO - Initializing price service module
2025-08-01 16:10:04 - price_service - DEBUG - Logger initialized for price_service at level DEBUG
2025-08-01 16:10:04 - price_service - INFO - Initializing price service module
2025-08-01 16:10:08 - price_service - DEBUG - Logger initialized for price_service at level DEBUG
2025-08-01 16:10:08 - price_service - INFO - Initializing price service module
2025-08-01 16:10:09 - price_service - DEBUG - Logger initialized for price_service at level DEBUG
2025-08-01 16:10:09 - price_service - INFO - Initializing price service module
2025-08-01 16:10:10 - price_service - DEBUG - Logger initialized for price_service at level DEBUG
2025-08-01 16:10:10 - price_service - INFO - Initializing price service module
2025-08-01 16:10:12 - price_service - DEBUG - Logger initialized for price_service at level DEBUG
2025-08-01 16:10:12 - price_service - INFO - Initializing price service module
2025-08-01 16:10:14 - price_service - DEBUG - Logger initialized for price_service at level DEBUG
2025-08-01 16:10:14 - price_service - INFO - Initializing price service module
2025-08-01 16:10:14 - price_service - DEBUG - Logger initialized for price_service at level DEBUG
2025-08-01 16:10:14 - price_service - INFO - Initializing price service module
2025-08-01 16:10:18 - price_service - DEBUG - Logger initialized for price_service at level DEBUG
2025-08-01 16:10:18 - price_service - INFO - Initializing price service module
2025-08-01 16:10:19 - price_service - DEBUG - Logger initialized for price_service at level DEBUG
2025-08-01 16:10:19 - price_service - INFO - Initializing price service module
2025-08-01 16:10:20 - price_service - DEBUG - Logger initialized for price_service at level DEBUG
2025-08-01 16:10:20 - price_service - INFO - Initializing price service module
2025-08-01 16:10:23 - price_service - DEBUG - Logger initialized for price_service at level DEBUG
2025-08-01 16:10:23 - price_service - INFO - Initializing price service module
2025-08-01 16:10:24 - price_service - DEBUG - Logger initialized for price_service at level DEBUG
2025-08-01 16:10:24 - price_service - INFO - Initializing price service module
2025-08-01 16:10:24 - price_service - DEBUG - Logger initialized for price_service at level DEBUG
2025-08-01 16:10:24 - price_service - INFO - Initializing price service module
2025-08-01 16:10:26 - price_service - DEBUG - Logger initialized for price_service at level DEBUG
2025-08-01 16:10:26 - price_service - INFO - Initializing price service module
2025-08-01 16:10:28 - price_service - DEBUG - Logger initialized for price_service at level DEBUG
2025-08-01 16:10:28 - price_service - INFO - Initializing price service module
2025-08-01 16:10:29 - price_service - DEBUG - Logger initialized for price_service at level DEBUG
2025-08-01 16:10:29 - price_service - INFO - Initializing price service module
2025-08-01 16:10:31 - price_service - DEBUG - Logger initialized for price_service at level DEBUG
2025-08-01 16:10:31 - price_service - INFO - Initializing price service module
2025-08-01 16:10:32 - price_service - DEBUG - Logger initialized for price_service at level DEBUG
2025-08-01 16:10:32 - price_service - INFO - Initializing price service module
2025-08-01 16:10:33 - price_service - DEBUG - Logger initialized for price_service at level DEBUG
2025-08-01 16:10:33 - price_service - INFO - Initializing price service module
2025-08-01 16:10:35 - price_service - DEBUG - Logger initialized for price_service at level DEBUG
2025-08-01 16:10:35 - price_service - INFO - Initializing price service module
2025-08-01 16:10:36 - price_service - DEBUG - Logger initialized for price_service at level DEBUG
2025-08-01 16:10:36 - price_service - INFO - Initializing price service module
2025-08-01 16:10:37 - price_service - DEBUG - Logger initialized for price_service at level DEBUG
2025-08-01 16:10:37 - price_service - INFO - Initializing price service module
2025-08-01 16:10:39 - price_service - DEBUG - Logger initialized for price_service at level DEBUG
2025-08-01 16:10:39 - price_service - INFO - Initializing price service module
2025-08-01 16:10:40 - price_service - DEBUG - Logger initialized for price_service at level DEBUG
2025-08-01 16:10:40 - price_service - INFO - Initializing price service module
2025-08-01 16:10:41 - price_service - DEBUG - Logger initialized for price_service at level DEBUG
2025-08-01 16:10:41 - price_service - INFO - Initializing price service module
2025-08-01 16:10:43 - price_service - DEBUG - Logger initialized for price_service at level DEBUG
2025-08-01 16:10:43 - price_service - INFO - Initializing price service module
2025-08-01 16:10:44 - price_service - DEBUG - Logger initialized for price_service at level DEBUG
2025-08-01 16:10:44 - price_service - INFO - Initializing price service module
2025-08-01 16:10:46 - price_service - DEBUG - Logger initialized for price_service at level DEBUG
2025-08-01 16:10:46 - price_service - INFO - Initializing price service module
2025-08-01 16:10:47 - price_service - DEBUG - Logger initialized for price_service at level DEBUG
2025-08-01 16:10:47 - price_service - INFO - Initializing price service module
2025-08-01 16:10:49 - price_service - DEBUG - Logger initialized for price_service at level DEBUG
2025-08-01 16:10:49 - price_service - INFO - Initializing price service module
2025-08-01 16:10:50 - price_service - DEBUG - Logger initialized for price_service at level DEBUG
2025-08-01 16:10:50 - price_service - INFO - Initializing price service module
2025-08-01 16:10:51 - price_service - DEBUG - Logger initialized for price_service at level DEBUG
2025-08-01 16:10:51 - price_service - INFO - Initializing price service module
2025-08-01 16:10:53 - price_service - DEBUG - Logger initialized for price_service at level DEBUG
2025-08-01 16:10:53 - price_service - INFO - Initializing price service module
2025-08-01 16:10:54 - price_service - DEBUG - Logger initialized for price_service at level DEBUG
2025-08-01 16:10:54 - price_service - INFO - Initializing price service module
2025-08-01 16:10:56 - price_service - DEBUG - Logger initialized for price_service at level DEBUG
2025-08-01 16:10:56 - price_service - INFO - Initializing price service module
2025-08-01 16:10:57 - price_service - DEBUG - Logger initialized for price_service at level DEBUG
2025-08-01 16:10:57 - price_service - INFO - Initializing price service module
2025-08-01 16:10:58 - price_service - DEBUG - Logger initialized for price_service at level DEBUG
2025-08-01 16:10:58 - price_service - INFO - Initializing price service module
2025-08-01 16:11:00 - price_service - DEBUG - Logger initialized for price_service at level DEBUG
2025-08-01 16:11:00 - price_service - INFO - Initializing price service module
2025-08-01 16:11:02 - price_service - DEBUG - Logger initialized for price_service at level DEBUG
2025-08-01 16:11:02 - price_service - INFO - Initializing price service module
2025-08-01 16:11:03 - price_service - DEBUG - Logger initialized for price_service at level DEBUG
2025-08-01 16:11:03 - price_service - INFO - Initializing price service module
2025-08-01 16:11:05 - price_service - DEBUG - Logger initialized for price_service at level DEBUG
2025-08-01 16:11:05 - price_service - INFO - Initializing price service module
2025-08-01 16:11:06 - price_service - DEBUG - Logger initialized for price_service at level DEBUG
2025-08-01 16:11:06 - price_service - INFO - Initializing price service module
2025-08-01 16:11:07 - price_service - DEBUG - Logger initialized for price_service at level DEBUG
2025-08-01 16:11:07 - price_service - INFO - Initializing price service module
2025-08-01 16:11:09 - price_service - DEBUG - Logger initialized for price_service at level DEBUG
2025-08-01 16:11:09 - price_service - INFO - Initializing price service module
2025-08-01 16:11:10 - price_service - DEBUG - Logger initialized for price_service at level DEBUG
2025-08-01 16:11:10 - price_service - INFO - Initializing price service module
2025-08-01 16:11:11 - price_service - DEBUG - Logger initialized for price_service at level DEBUG
2025-08-01 16:11:11 - price_service - INFO - Initializing price service module
2025-08-01 16:11:13 - price_service - DEBUG - Logger initialized for price_service at level DEBUG
2025-08-01 16:11:13 - price_service - INFO - Initializing price service module
2025-08-01 16:11:14 - price_service - DEBUG - Logger initialized for price_service at level DEBUG
2025-08-01 16:11:14 - price_service - INFO - Initializing price service module
2025-08-01 16:11:16 - price_service - DEBUG - Logger initialized for price_service at level DEBUG
2025-08-01 16:11:16 - price_service - INFO - Initializing price service module
2025-08-01 16:11:18 - price_service - DEBUG - Logger initialized for price_service at level DEBUG
2025-08-01 16:11:18 - price_service - INFO - Initializing price service module
2025-08-01 16:11:19 - price_service - DEBUG - Logger initialized for price_service at level DEBUG
2025-08-01 16:11:19 - price_service - INFO - Initializing price service module
2025-08-01 16:11:20 - price_service - DEBUG - Logger initialized for price_service at level DEBUG
2025-08-01 16:11:20 - price_service - INFO - Initializing price service module
2025-08-01 16:11:22 - price_service - DEBUG - Logger initialized for price_service at level DEBUG
2025-08-01 16:11:22 - price_service - INFO - Initializing price service module
2025-08-01 16:11:23 - price_service - DEBUG - Logger initialized for price_service at level DEBUG
2025-08-01 16:11:23 - price_service - INFO - Initializing price service module
2025-08-01 16:11:24 - price_service - DEBUG - Logger initialized for price_service at level DEBUG
2025-08-01 16:11:24 - price_service - INFO - Initializing price service module
2025-08-01 16:11:26 - price_service - DEBUG - Logger initialized for price_service at level DEBUG
2025-08-01 16:11:26 - price_service - INFO - Initializing price service module
2025-08-01 16:11:28 - price_service - DEBUG - Logger initialized for price_service at level DEBUG
2025-08-01 16:11:28 - price_service - INFO - Initializing price service module
2025-08-01 16:11:28 - price_service - DEBUG - Logger initialized for price_service at level DEBUG
2025-08-01 16:11:28 - price_service - INFO - Initializing price service module
2025-08-01 16:11:30 - price_service - DEBUG - Logger initialized for price_service at level DEBUG
2025-08-01 16:11:30 - price_service - INFO - Initializing price service module
2025-08-01 16:11:32 - price_service - DEBUG - Logger initialized for price_service at level DEBUG
2025-08-01 16:11:32 - price_service - INFO - Initializing price service module
2025-08-01 16:11:32 - price_service - DEBUG - Logger initialized for price_service at level DEBUG
2025-08-01 16:11:32 - price_service - INFO - Initializing price service module
2025-08-01 16:11:34 - price_service - DEBUG - Logger initialized for price_service at level DEBUG
2025-08-01 16:11:34 - price_service - INFO - Initializing price service module
2025-08-01 16:11:36 - price_service - DEBUG - Logger initialized for price_service at level DEBUG
2025-08-01 16:11:36 - price_service - INFO - Initializing price service module
2025-08-01 16:11:36 - price_service - DEBUG - Logger initialized for price_service at level DEBUG
2025-08-01 16:11:36 - price_service - INFO - Initializing price service module
2025-08-01 16:11:38 - price_service - DEBUG - Logger initialized for price_service at level DEBUG
2025-08-01 16:11:38 - price_service - INFO - Initializing price service module
2025-08-01 16:11:40 - price_service - DEBUG - Logger initialized for price_service at level DEBUG
2025-08-01 16:11:40 - price_service - INFO - Initializing price service module
2025-08-01 16:11:40 - price_service - DEBUG - Logger initialized for price_service at level DEBUG
2025-08-01 16:11:40 - price_service - INFO - Initializing price service module
2025-08-01 16:11:42 - price_service - DEBUG - Logger initialized for price_service at level DEBUG
2025-08-01 16:11:42 - price_service - INFO - Initializing price service module
2025-08-01 16:11:44 - price_service - DEBUG - Logger initialized for price_service at level DEBUG
2025-08-01 16:11:44 - price_service - INFO - Initializing price service module
2025-08-01 16:11:44 - price_service - DEBUG - Logger initialized for price_service at level DEBUG
2025-08-01 16:11:44 - price_service - INFO - Initializing price service module
2025-08-01 16:11:46 - price_service - DEBUG - Logger initialized for price_service at level DEBUG
2025-08-01 16:11:46 - price_service - INFO - Initializing price service module
2025-08-01 16:11:48 - price_service - DEBUG - Logger initialized for price_service at level DEBUG
2025-08-01 16:11:48 - price_service - INFO - Initializing price service module
2025-08-01 16:11:49 - price_service - DEBUG - Logger initialized for price_service at level DEBUG
2025-08-01 16:11:49 - price_service - INFO - Initializing price service module
2025-08-01 16:11:51 - price_service - DEBUG - Logger initialized for price_service at level DEBUG
2025-08-01 16:11:51 - price_service - INFO - Initializing price service module
2025-08-01 16:11:52 - price_service - DEBUG - Logger initialized for price_service at level DEBUG
2025-08-01 16:11:52 - price_service - INFO - Initializing price service module
2025-08-01 16:11:53 - price_service - DEBUG - Logger initialized for price_service at level DEBUG
2025-08-01 16:11:53 - price_service - INFO - Initializing price service module
2025-08-01 16:11:55 - price_service - DEBUG - Logger initialized for price_service at level DEBUG
2025-08-01 16:11:55 - price_service - INFO - Initializing price service module
2025-08-01 16:11:56 - price_service - DEBUG - Logger initialized for price_service at level DEBUG
2025-08-01 16:11:56 - price_service - INFO - Initializing price service module
2025-08-01 16:11:57 - price_service - DEBUG - Logger initialized for price_service at level DEBUG
2025-08-01 16:11:57 - price_service - INFO - Initializing price service module
2025-08-01 16:11:59 - price_service - DEBUG - Logger initialized for price_service at level DEBUG
2025-08-01 16:11:59 - price_service - INFO - Initializing price service module
2025-08-01 16:12:00 - price_service - DEBUG - Logger initialized for price_service at level DEBUG
2025-08-01 16:12:00 - price_service - INFO - Initializing price service module
2025-08-01 16:12:01 - price_service - DEBUG - Logger initialized for price_service at level DEBUG
2025-08-01 16:12:01 - price_service - INFO - Initializing price service module
2025-08-01 16:12:04 - price_service - DEBUG - Logger initialized for price_service at level DEBUG
2025-08-01 16:12:04 - price_service - INFO - Initializing price service module
2025-08-01 16:12:05 - price_service - DEBUG - Logger initialized for price_service at level DEBUG
2025-08-01 16:12:05 - price_service - INFO - Initializing price service module
2025-08-01 16:12:05 - price_service - DEBUG - Logger initialized for price_service at level DEBUG
2025-08-01 16:12:05 - price_service - INFO - Initializing price service module
2025-08-01 16:12:08 - price_service - DEBUG - Logger initialized for price_service at level DEBUG
2025-08-01 16:12:08 - price_service - INFO - Initializing price service module
2025-08-01 16:12:09 - price_service - DEBUG - Logger initialized for price_service at level DEBUG
2025-08-01 16:12:09 - price_service - INFO - Initializing price service module
2025-08-01 16:12:10 - price_service - DEBUG - Logger initialized for price_service at level DEBUG
2025-08-01 16:12:10 - price_service - INFO - Initializing price service module
2025-08-01 16:12:13 - price_service - DEBUG - Logger initialized for price_service at level DEBUG
2025-08-01 16:12:13 - price_service - INFO - Initializing price service module
2025-08-01 16:12:14 - price_service - DEBUG - Logger initialized for price_service at level DEBUG
2025-08-01 16:12:14 - price_service - INFO - Initializing price service module
2025-08-01 16:12:15 - price_service - DEBUG - Logger initialized for price_service at level DEBUG
2025-08-01 16:12:15 - price_service - INFO - Initializing price service module
2025-08-01 16:12:17 - price_service - DEBUG - Logger initialized for price_service at level DEBUG
2025-08-01 16:12:17 - price_service - INFO - Initializing price service module
2025-08-01 16:12:20 - price_service - DEBUG - Logger initialized for price_service at level DEBUG
2025-08-01 16:12:20 - price_service - INFO - Initializing price service module
2025-08-01 16:12:22 - price_service - DEBUG - Logger initialized for price_service at level DEBUG
2025-08-01 16:12:22 - price_service - INFO - Initializing price service module
2025-08-01 16:12:26 - price_service - DEBUG - Logger initialized for price_service at level DEBUG
2025-08-01 16:12:26 - price_service - INFO - Initializing price service module
2025-08-01 16:12:28 - price_service - DEBUG - Logger initialized for price_service at level DEBUG
2025-08-01 16:12:28 - price_service - INFO - Initializing price service module
2025-08-01 16:12:28 - price_service - DEBUG - Logger initialized for price_service at level DEBUG
2025-08-01 16:12:28 - price_service - INFO - Initializing price service module
2025-08-01 16:12:30 - price_service - DEBUG - Logger initialized for price_service at level DEBUG
2025-08-01 16:12:30 - price_service - INFO - Initializing price service module
2025-08-01 16:12:32 - price_service - DEBUG - Logger initialized for price_service at level DEBUG
2025-08-01 16:12:32 - price_service - INFO - Initializing price service module
2025-08-01 16:12:32 - price_service - DEBUG - Logger initialized for price_service at level DEBUG
2025-08-01 16:12:32 - price_service - INFO - Initializing price service module
2025-08-01 16:12:35 - price_service - DEBUG - Logger initialized for price_service at level DEBUG
2025-08-01 16:12:35 - price_service - INFO - Initializing price service module
2025-08-01 16:12:36 - price_service - DEBUG - Logger initialized for price_service at level DEBUG
2025-08-01 16:12:36 - price_service - INFO - Initializing price service module
2025-08-01 16:12:37 - price_service - DEBUG - Logger initialized for price_service at level DEBUG
2025-08-01 16:12:37 - price_service - INFO - Initializing price service module
2025-08-01 16:12:39 - price_service - DEBUG - Logger initialized for price_service at level DEBUG
2025-08-01 16:12:39 - price_service - INFO - Initializing price service module
2025-08-01 16:12:40 - price_service - DEBUG - Logger initialized for price_service at level DEBUG
2025-08-01 16:12:40 - price_service - INFO - Initializing price service module
2025-08-01 16:12:41 - price_service - DEBUG - Logger initialized for price_service at level DEBUG
2025-08-01 16:12:41 - price_service - INFO - Initializing price service module
2025-08-01 16:12:43 - price_service - DEBUG - Logger initialized for price_service at level DEBUG
2025-08-01 16:12:43 - price_service - INFO - Initializing price service module
2025-08-01 16:12:44 - price_service - DEBUG - Logger initialized for price_service at level DEBUG
2025-08-01 16:12:44 - price_service - INFO - Initializing price service module
2025-08-01 16:12:44 - price_service - DEBUG - Logger initialized for price_service at level DEBUG
2025-08-01 16:12:44 - price_service - INFO - Initializing price service module
2025-08-01 16:12:47 - price_service - DEBUG - Logger initialized for price_service at level DEBUG
2025-08-01 16:12:47 - price_service - INFO - Initializing price service module
2025-08-01 16:12:48 - price_service - DEBUG - Logger initialized for price_service at level DEBUG
2025-08-01 16:12:48 - price_service - INFO - Initializing price service module
2025-08-01 16:12:49 - price_service - DEBUG - Logger initialized for price_service at level DEBUG
2025-08-01 16:12:49 - price_service - INFO - Initializing price service module
2025-08-01 16:12:51 - price_service - DEBUG - Logger initialized for price_service at level DEBUG
2025-08-01 16:12:51 - price_service - INFO - Initializing price service module
2025-08-01 16:12:52 - price_service - DEBUG - Logger initialized for price_service at level DEBUG
2025-08-01 16:12:52 - price_service - INFO - Initializing price service module
2025-08-01 16:12:53 - price_service - DEBUG - Logger initialized for price_service at level DEBUG
2025-08-01 16:12:53 - price_service - INFO - Initializing price service module
2025-08-01 16:12:55 - price_service - DEBUG - Logger initialized for price_service at level DEBUG
2025-08-01 16:12:55 - price_service - INFO - Initializing price service module
2025-08-01 16:12:56 - price_service - DEBUG - Logger initialized for price_service at level DEBUG
2025-08-01 16:12:56 - price_service - INFO - Initializing price service module
2025-08-01 16:12:57 - price_service - DEBUG - Logger initialized for price_service at level DEBUG
2025-08-01 16:12:57 - price_service - INFO - Initializing price service module
2025-08-01 16:12:59 - price_service - DEBUG - Logger initialized for price_service at level DEBUG
2025-08-01 16:12:59 - price_service - INFO - Initializing price service module
2025-08-01 16:13:00 - price_service - DEBUG - Logger initialized for price_service at level DEBUG
2025-08-01 16:13:00 - price_service - INFO - Initializing price service module
2025-08-01 16:13:01 - price_service - DEBUG - Logger initialized for price_service at level DEBUG
2025-08-01 16:13:01 - price_service - INFO - Initializing price service module
2025-08-01 16:13:04 - price_service - DEBUG - Logger initialized for price_service at level DEBUG
2025-08-01 16:13:04 - price_service - INFO - Initializing price service module
2025-08-01 16:13:05 - price_service - DEBUG - Logger initialized for price_service at level DEBUG
2025-08-01 16:13:05 - price_service - INFO - Initializing price service module
2025-08-01 16:13:06 - price_service - DEBUG - Logger initialized for price_service at level DEBUG
2025-08-01 16:13:06 - price_service - INFO - Initializing price service module
2025-08-01 16:13:09 - price_service - DEBUG - Logger initialized for price_service at level DEBUG
2025-08-01 16:13:09 - price_service - INFO - Initializing price service module
2025-08-01 16:13:10 - price_service - DEBUG - Logger initialized for price_service at level DEBUG
2025-08-01 16:13:10 - price_service - INFO - Initializing price service module
2025-08-01 16:13:11 - price_service - DEBUG - Logger initialized for price_service at level DEBUG
2025-08-01 16:13:11 - price_service - INFO - Initializing price service module
2025-08-01 16:13:13 - price_service - DEBUG - Logger initialized for price_service at level DEBUG
2025-08-01 16:13:13 - price_service - INFO - Initializing price service module
2025-08-01 16:13:14 - price_service - DEBUG - Logger initialized for price_service at level DEBUG
2025-08-01 16:13:14 - price_service - INFO - Initializing price service module
2025-08-01 16:13:16 - price_service - DEBUG - Logger initialized for price_service at level DEBUG
2025-08-01 16:13:16 - price_service - INFO - Initializing price service module
2025-08-01 16:13:18 - price_service - DEBUG - Logger initialized for price_service at level DEBUG
2025-08-01 16:13:18 - price_service - INFO - Initializing price service module
2025-08-01 16:13:19 - price_service - DEBUG - Logger initialized for price_service at level DEBUG
2025-08-01 16:13:19 - price_service - INFO - Initializing price service module
2025-08-01 16:13:21 - price_service - DEBUG - Logger initialized for price_service at level DEBUG
2025-08-01 16:13:21 - price_service - INFO - Initializing price service module
2025-08-01 16:13:23 - price_service - DEBUG - Logger initialized for price_service at level DEBUG
2025-08-01 16:13:23 - price_service - INFO - Initializing price service module
2025-08-01 16:13:24 - price_service - DEBUG - Logger initialized for price_service at level DEBUG
2025-08-01 16:13:24 - price_service - INFO - Initializing price service module
2025-08-01 16:13:24 - price_service - DEBUG - Logger initialized for price_service at level DEBUG
2025-08-01 16:13:24 - price_service - INFO - Initializing price service module
2025-08-01 16:13:29 - price_service - DEBUG - Logger initialized for price_service at level DEBUG
2025-08-01 16:13:29 - price_service - INFO - Initializing price service module
2025-08-01 16:13:29 - price_service - DEBUG - Logger initialized for price_service at level DEBUG
2025-08-01 16:13:29 - price_service - INFO - Initializing price service module
2025-08-01 16:13:29 - price_service - DEBUG - Logger initialized for price_service at level DEBUG
2025-08-01 16:13:29 - price_service - INFO - Initializing price service module
2025-08-01 16:13:30 - price_service - INFO - Initializing price service module
2025-08-01 16:13:30 - price_service - INFO - Initializing price service module
2025-08-01 16:13:30 - price_service - INFO - Initializing price service module
2025-08-01 16:13:37 - price_service - DEBUG - Logger initialized for price_service at level DEBUG
2025-08-01 16:13:37 - price_service - INFO - Initializing price service module
2025-08-01 16:13:37 - price_service - DEBUG - Logger initialized for price_service at level DEBUG
2025-08-01 16:13:37 - price_service - INFO - Initializing price service module
2025-08-01 16:13:37 - price_service - DEBUG - Logger initialized for price_service at level DEBUG
2025-08-01 16:13:37 - price_service - INFO - Initializing price service module
2025-08-01 16:13:38 - price_service - INFO - Initializing price service module
2025-08-01 16:13:38 - price_service - INFO - Initializing price service module
2025-08-01 16:13:39 - price_service - INFO - Initializing price service module
2025-08-01 16:13:49 - price_service - WARNING - No price record found for 2 in USD, using default values
2025-08-01 16:13:49 - price_service - WARNING - No price record found for 4 in USD, using default values
2025-08-01 16:13:49 - price_service - WARNING - No price record found for 5 in USD, using default values
2025-08-01 16:13:49 - price_service - WARNING - No price record found for 6 in USD, using default values
2025-08-01 16:13:49 - price_service - WARNING - No price record found for 7 in USD, using default values
2025-08-01 16:13:49 - price_service - WARNING - No price record found for 8 in USD, using default values
2025-08-01 16:16:18 - price_service - DEBUG - Logger initialized for price_service at level DEBUG
2025-08-01 16:16:18 - price_service - INFO - Initializing price service module
2025-08-01 16:16:18 - price_service - DEBUG - Logger initialized for price_service at level DEBUG
2025-08-01 16:16:18 - price_service - INFO - Initializing price service module
2025-08-01 16:16:18 - price_service - DEBUG - Logger initialized for price_service at level DEBUG
2025-08-01 16:16:18 - price_service - INFO - Initializing price service module
2025-08-01 16:16:20 - price_service - INFO - Initializing price service module
2025-08-01 16:16:20 - price_service - INFO - Initializing price service module
2025-08-01 16:16:20 - price_service - INFO - Initializing price service module
2025-08-01 16:20:41 - price_service - DEBUG - Logger initialized for price_service at level DEBUG
2025-08-01 16:20:41 - price_service - INFO - Initializing price service module
2025-08-01 16:20:42 - price_service - DEBUG - Logger initialized for price_service at level DEBUG
2025-08-01 16:20:42 - price_service - INFO - Initializing price service module
2025-08-01 16:20:42 - price_service - DEBUG - Logger initialized for price_service at level DEBUG
2025-08-01 16:20:42 - price_service - INFO - Initializing price service module
2025-08-01 16:20:43 - price_service - INFO - Initializing price service module
2025-08-01 16:20:43 - price_service - INFO - Initializing price service module
2025-08-01 16:20:44 - price_service - INFO - Initializing price service module
2025-08-01 16:22:23 - price_service - DEBUG - Logger initialized for price_service at level DEBUG
2025-08-01 16:22:23 - price_service - INFO - Initializing price service module
2025-08-01 16:22:23 - price_service - DEBUG - Logger initialized for price_service at level DEBUG
2025-08-01 16:22:23 - price_service - INFO - Initializing price service module
2025-08-01 16:22:23 - price_service - DEBUG - Logger initialized for price_service at level DEBUG
2025-08-01 16:22:23 - price_service - INFO - Initializing price service module
2025-08-01 16:22:25 - price_service - INFO - Initializing price service module
2025-08-01 16:22:25 - price_service - INFO - Initializing price service module
2025-08-01 16:22:25 - price_service - INFO - Initializing price service module
2025-08-01 17:41:00 - price_service - DEBUG - Logger initialized for price_service at level DEBUG
2025-08-01 17:41:00 - price_service - INFO - Initializing price service module
2025-08-01 17:41:00 - price_service - DEBUG - Logger initialized for price_service at level DEBUG
2025-08-01 17:41:00 - price_service - INFO - Initializing price service module
2025-08-01 17:41:00 - price_service - DEBUG - Logger initialized for price_service at level DEBUG
2025-08-01 17:41:00 - price_service - INFO - Initializing price service module
2025-08-01 17:41:01 - price_service - INFO - Initializing price service module
2025-08-01 17:41:02 - price_service - INFO - Initializing price service module
2025-08-01 17:41:02 - price_service - INFO - Initializing price service module
2025-08-01 17:41:26 - price_service - DEBUG - Logger initialized for price_service at level DEBUG
2025-08-01 17:41:26 - price_service - INFO - Initializing price service module
2025-08-01 17:41:27 - price_service - DEBUG - Logger initialized for price_service at level DEBUG
2025-08-01 17:41:27 - price_service - INFO - Initializing price service module
2025-08-01 17:41:27 - price_service - DEBUG - Logger initialized for price_service at level DEBUG
2025-08-01 17:41:27 - price_service - INFO - Initializing price service module
2025-08-01 17:41:28 - price_service - INFO - Initializing price service module
2025-08-01 17:41:28 - price_service - INFO - Initializing price service module
2025-08-01 17:41:29 - price_service - INFO - Initializing price service module
2025-08-01 18:20:20 - price_service - WARNING - No price record found for 2 in USD, using default values
2025-08-01 18:20:20 - price_service - WARNING - No price record found for 4 in USD, using default values
2025-08-01 18:20:20 - price_service - WARNING - No price record found for 5 in USD, using default values
2025-08-01 18:20:20 - price_service - WARNING - No price record found for 6 in USD, using default values
2025-08-01 18:20:20 - price_service - WARNING - No price record found for 7 in USD, using default values
2025-08-01 18:20:20 - price_service - WARNING - No price record found for 8 in USD, using default values
2025-08-01 18:20:22 - price_service - WARNING - No price record found for 2 in USD, using default values
2025-08-01 18:20:22 - price_service - WARNING - No price record found for 4 in USD, using default values
2025-08-01 18:20:22 - price_service - WARNING - No price record found for 5 in USD, using default values
2025-08-01 18:20:22 - price_service - WARNING - No price record found for 6 in USD, using default values
2025-08-01 18:20:22 - price_service - WARNING - No price record found for 7 in USD, using default values
2025-08-01 18:20:22 - price_service - WARNING - No price record found for 8 in USD, using default values
2025-08-01 18:20:32 - price_service - WARNING - No price record found for 2 in USD, using default values
2025-08-01 18:20:32 - price_service - WARNING - No price record found for 4 in USD, using default values
2025-08-01 18:20:32 - price_service - WARNING - No price record found for 5 in USD, using default values
2025-08-01 18:20:32 - price_service - WARNING - No price record found for 6 in USD, using default values
2025-08-01 18:20:32 - price_service - WARNING - No price record found for 7 in USD, using default values
2025-08-01 18:20:32 - price_service - WARNING - No price record found for 8 in USD, using default values
2025-08-01 18:20:37 - price_service - WARNING - No price record found for 2 in USD, using default values
2025-08-01 18:20:37 - price_service - WARNING - No price record found for 4 in USD, using default values
2025-08-01 18:20:37 - price_service - WARNING - No price record found for 5 in USD, using default values
2025-08-01 18:20:37 - price_service - WARNING - No price record found for 6 in USD, using default values
2025-08-01 18:20:37 - price_service - WARNING - No price record found for 7 in USD, using default values
2025-08-01 18:20:37 - price_service - WARNING - No price record found for 8 in USD, using default values
2025-08-01 18:20:38 - price_service - WARNING - No price record found for 2 in USD, using default values
2025-08-01 18:20:38 - price_service - WARNING - No price record found for 4 in USD, using default values
2025-08-01 18:20:38 - price_service - WARNING - No price record found for 5 in USD, using default values
2025-08-01 18:20:38 - price_service - WARNING - No price record found for 6 in USD, using default values
2025-08-01 18:20:38 - price_service - WARNING - No price record found for 7 in USD, using default values
2025-08-01 18:20:38 - price_service - WARNING - No price record found for 8 in USD, using default values
2025-08-01 18:20:38 - price_service - WARNING - No price record found for 2 in USD, using default values
2025-08-01 18:20:38 - price_service - WARNING - No price record found for 4 in USD, using default values
2025-08-01 18:20:38 - price_service - WARNING - No price record found for 5 in USD, using default values
2025-08-01 18:20:38 - price_service - WARNING - No price record found for 6 in USD, using default values
2025-08-01 18:20:38 - price_service - WARNING - No price record found for 7 in USD, using default values
2025-08-01 18:20:38 - price_service - WARNING - No price record found for 8 in USD, using default values
2025-08-01 18:20:38 - price_service - WARNING - No price record found for 2 in USD, using default values
2025-08-01 18:20:38 - price_service - WARNING - No price record found for 4 in USD, using default values
2025-08-01 18:20:38 - price_service - WARNING - No price record found for 5 in USD, using default values
2025-08-01 18:20:38 - price_service - WARNING - No price record found for 6 in USD, using default values
2025-08-01 18:20:38 - price_service - WARNING - No price record found for 7 in USD, using default values
2025-08-01 18:20:38 - price_service - WARNING - No price record found for 8 in USD, using default values
2025-08-01 18:20:40 - price_service - WARNING - No price record found for 2 in USD, using default values
2025-08-01 18:20:40 - price_service - WARNING - No price record found for 4 in USD, using default values
2025-08-01 18:20:40 - price_service - WARNING - No price record found for 5 in USD, using default values
2025-08-01 18:20:40 - price_service - WARNING - No price record found for 6 in USD, using default values
2025-08-01 18:20:40 - price_service - WARNING - No price record found for 7 in USD, using default values
2025-08-01 18:20:40 - price_service - WARNING - No price record found for 8 in USD, using default values
2025-08-01 18:20:40 - price_service - WARNING - No price record found for 2 in USD, using default values
2025-08-01 18:20:40 - price_service - WARNING - No price record found for 4 in USD, using default values
2025-08-01 18:20:40 - price_service - WARNING - No price record found for 5 in USD, using default values
2025-08-01 18:20:40 - price_service - WARNING - No price record found for 6 in USD, using default values
2025-08-01 18:20:40 - price_service - WARNING - No price record found for 7 in USD, using default values
2025-08-01 18:20:40 - price_service - WARNING - No price record found for 8 in USD, using default values
2025-08-01 18:20:40 - price_service - WARNING - No price record found for 2 in USD, using default values
2025-08-01 18:20:40 - price_service - WARNING - No price record found for 4 in USD, using default values
2025-08-01 18:20:40 - price_service - WARNING - No price record found for 5 in USD, using default values
2025-08-01 18:20:40 - price_service - WARNING - No price record found for 6 in USD, using default values
2025-08-01 18:20:40 - price_service - WARNING - No price record found for 7 in USD, using default values
2025-08-01 18:20:40 - price_service - WARNING - No price record found for 8 in USD, using default values
2025-08-01 18:20:40 - price_service - WARNING - No price record found for 2 in USD, using default values
2025-08-01 18:20:40 - price_service - WARNING - No price record found for 4 in USD, using default values
2025-08-01 18:20:40 - price_service - WARNING - No price record found for 5 in USD, using default values
2025-08-01 18:20:40 - price_service - WARNING - No price record found for 6 in USD, using default values
2025-08-01 18:20:40 - price_service - WARNING - No price record found for 7 in USD, using default values
2025-08-01 18:20:40 - price_service - WARNING - No price record found for 8 in USD, using default values
2025-08-01 18:20:41 - price_service - WARNING - No price record found for 2 in USD, using default values
2025-08-01 18:20:41 - price_service - WARNING - No price record found for 4 in USD, using default values
2025-08-01 18:20:41 - price_service - WARNING - No price record found for 5 in USD, using default values
2025-08-01 18:20:41 - price_service - WARNING - No price record found for 6 in USD, using default values
2025-08-01 18:20:41 - price_service - WARNING - No price record found for 7 in USD, using default values
2025-08-01 18:20:41 - price_service - WARNING - No price record found for 8 in USD, using default values
2025-08-01 18:20:50 - price_service - WARNING - No price record found for 2 in USD, using default values
2025-08-01 18:20:50 - price_service - WARNING - No price record found for 4 in USD, using default values
2025-08-01 18:20:50 - price_service - WARNING - No price record found for 5 in USD, using default values
2025-08-01 18:20:50 - price_service - WARNING - No price record found for 6 in USD, using default values
2025-08-01 18:20:50 - price_service - WARNING - No price record found for 7 in USD, using default values
2025-08-01 18:20:50 - price_service - WARNING - No price record found for 8 in USD, using default values
2025-08-01 18:20:55 - price_service - WARNING - No price record found for 2 in USD, using default values
2025-08-01 18:20:55 - price_service - WARNING - No price record found for 4 in USD, using default values
2025-08-01 18:20:55 - price_service - WARNING - No price record found for 5 in USD, using default values
2025-08-01 18:20:55 - price_service - WARNING - No price record found for 6 in USD, using default values
2025-08-01 18:20:55 - price_service - WARNING - No price record found for 7 in USD, using default values
2025-08-01 18:20:55 - price_service - WARNING - No price record found for 8 in USD, using default values
2025-08-01 18:20:56 - price_service - WARNING - No price record found for 2 in USD, using default values
2025-08-01 18:20:56 - price_service - WARNING - No price record found for 4 in USD, using default values
2025-08-01 18:20:56 - price_service - WARNING - No price record found for 5 in USD, using default values
2025-08-01 18:20:56 - price_service - WARNING - No price record found for 6 in USD, using default values
2025-08-01 18:20:56 - price_service - WARNING - No price record found for 7 in USD, using default values
2025-08-01 18:20:56 - price_service - WARNING - No price record found for 8 in USD, using default values
2025-08-01 18:20:57 - price_service - WARNING - No price record found for 2 in USD, using default values
2025-08-01 18:20:57 - price_service - WARNING - No price record found for 4 in USD, using default values
2025-08-01 18:20:57 - price_service - WARNING - No price record found for 5 in USD, using default values
2025-08-01 18:20:57 - price_service - WARNING - No price record found for 6 in USD, using default values
2025-08-01 18:20:57 - price_service - WARNING - No price record found for 7 in USD, using default values
2025-08-01 18:20:57 - price_service - WARNING - No price record found for 8 in USD, using default values
2025-08-01 18:20:57 - price_service - WARNING - No price record found for 2 in USD, using default values
2025-08-01 18:20:57 - price_service - WARNING - No price record found for 4 in USD, using default values
2025-08-01 18:20:57 - price_service - WARNING - No price record found for 5 in USD, using default values
2025-08-01 18:20:57 - price_service - WARNING - No price record found for 6 in USD, using default values
2025-08-01 18:20:57 - price_service - WARNING - No price record found for 7 in USD, using default values
2025-08-01 18:20:57 - price_service - WARNING - No price record found for 8 in USD, using default values
2025-08-01 19:11:46 - price_service - WARNING - No price record found for 2 in USD, using default values
2025-08-01 19:11:46 - price_service - WARNING - No price record found for 4 in USD, using default values
2025-08-01 19:11:46 - price_service - WARNING - No price record found for 5 in USD, using default values
2025-08-01 19:11:46 - price_service - WARNING - No price record found for 6 in USD, using default values
2025-08-01 19:11:46 - price_service - WARNING - No price record found for 7 in USD, using default values
2025-08-01 19:11:46 - price_service - WARNING - No price record found for 8 in USD, using default values
2025-08-01 19:11:48 - price_service - WARNING - No price record found for 2 in USD, using default values
2025-08-01 19:11:48 - price_service - WARNING - No price record found for 4 in USD, using default values
2025-08-01 19:11:48 - price_service - WARNING - No price record found for 5 in USD, using default values
2025-08-01 19:11:48 - price_service - WARNING - No price record found for 6 in USD, using default values
2025-08-01 19:11:48 - price_service - WARNING - No price record found for 7 in USD, using default values
2025-08-01 19:11:48 - price_service - WARNING - No price record found for 8 in USD, using default values
2025-08-01 20:47:43 - price_service - WARNING - No price record found for 2 in USD, using default values
2025-08-01 20:47:43 - price_service - WARNING - No price record found for 4 in USD, using default values
2025-08-01 20:47:43 - price_service - WARNING - No price record found for 5 in USD, using default values
2025-08-01 20:47:43 - price_service - WARNING - No price record found for 6 in USD, using default values
2025-08-01 20:47:43 - price_service - WARNING - No price record found for 7 in USD, using default values
2025-08-01 20:47:43 - price_service - WARNING - No price record found for 8 in USD, using default values
2025-08-01 20:47:44 - price_service - WARNING - No price record found for 2 in USD, using default values
2025-08-01 20:47:44 - price_service - WARNING - No price record found for 4 in USD, using default values
2025-08-01 20:47:44 - price_service - WARNING - No price record found for 5 in USD, using default values
2025-08-01 20:47:44 - price_service - WARNING - No price record found for 6 in USD, using default values
2025-08-01 20:47:44 - price_service - WARNING - No price record found for 7 in USD, using default values
2025-08-01 20:47:44 - price_service - WARNING - No price record found for 8 in USD, using default values
2025-08-01 20:58:35 - price_service - WARNING - No price record found for 2 in USD, using default values
2025-08-01 20:58:35 - price_service - WARNING - No price record found for 4 in USD, using default values
2025-08-01 20:58:35 - price_service - WARNING - No price record found for 5 in USD, using default values
2025-08-01 20:58:35 - price_service - WARNING - No price record found for 6 in USD, using default values
2025-08-01 20:58:35 - price_service - WARNING - No price record found for 7 in USD, using default values
2025-08-01 20:58:35 - price_service - WARNING - No price record found for 8 in USD, using default values
2025-08-01 20:58:38 - price_service - WARNING - No price record found for 2 in USD, using default values
2025-08-01 20:58:38 - price_service - WARNING - No price record found for 4 in USD, using default values
2025-08-01 20:58:38 - price_service - WARNING - No price record found for 5 in USD, using default values
2025-08-01 20:58:38 - price_service - WARNING - No price record found for 6 in USD, using default values
2025-08-01 20:58:38 - price_service - WARNING - No price record found for 7 in USD, using default values
2025-08-01 20:58:38 - price_service - WARNING - No price record found for 8 in USD, using default values
2025-08-01 22:18:33 - price_service - WARNING - No price record found for 2 in USD, using default values
2025-08-01 22:18:33 - price_service - WARNING - No price record found for 4 in USD, using default values
2025-08-01 22:18:33 - price_service - WARNING - No price record found for 5 in USD, using default values
2025-08-01 22:18:33 - price_service - WARNING - No price record found for 6 in USD, using default values
2025-08-01 22:18:33 - price_service - WARNING - No price record found for 7 in USD, using default values
2025-08-01 22:18:33 - price_service - WARNING - No price record found for 8 in USD, using default values
2025-08-01 22:18:33 - price_service - WARNING - No price record found for 2 in USD, using default values
2025-08-01 22:18:33 - price_service - WARNING - No price record found for 4 in USD, using default values
2025-08-01 22:18:33 - price_service - WARNING - No price record found for 5 in USD, using default values
2025-08-01 22:18:33 - price_service - WARNING - No price record found for 6 in USD, using default values
2025-08-01 22:18:33 - price_service - WARNING - No price record found for 7 in USD, using default values
2025-08-01 22:18:33 - price_service - WARNING - No price record found for 8 in USD, using default values
2025-08-01 22:18:33 - price_service - WARNING - No price record found for 2 in USD, using default values
2025-08-01 22:18:33 - price_service - WARNING - No price record found for 4 in USD, using default values
2025-08-01 22:18:33 - price_service - WARNING - No price record found for 5 in USD, using default values
2025-08-01 22:18:33 - price_service - WARNING - No price record found for 6 in USD, using default values
2025-08-01 22:18:33 - price_service - WARNING - No price record found for 7 in USD, using default values
2025-08-01 22:18:33 - price_service - WARNING - No price record found for 8 in USD, using default values
2025-08-01 22:40:10 - price_service - DEBUG - Logger initialized for price_service at level DEBUG
2025-08-01 22:40:10 - price_service - INFO - Initializing price service module
2025-08-01 22:40:10 - price_service - DEBUG - Logger initialized for price_service at level DEBUG
2025-08-01 22:40:10 - price_service - INFO - Initializing price service module
2025-08-01 22:40:10 - price_service - DEBUG - Logger initialized for price_service at level DEBUG
2025-08-01 22:40:10 - price_service - INFO - Initializing price service module
2025-08-01 22:40:12 - price_service - INFO - Initializing price service module
2025-08-01 22:40:12 - price_service - INFO - Initializing price service module
2025-08-01 22:40:12 - price_service - INFO - Initializing price service module
2025-08-01 23:23:23 - price_service - WARNING - No price record found for 2 in USD, using default values
2025-08-01 23:23:23 - price_service - WARNING - No price record found for 4 in USD, using default values
2025-08-01 23:23:23 - price_service - WARNING - No price record found for 5 in USD, using default values
2025-08-01 23:23:23 - price_service - WARNING - No price record found for 6 in USD, using default values
2025-08-01 23:23:23 - price_service - WARNING - No price record found for 7 in USD, using default values
2025-08-01 23:23:23 - price_service - WARNING - No price record found for 8 in USD, using default values
2025-08-01 23:23:27 - price_service - WARNING - No price record found for 2 in USD, using default values
2025-08-01 23:23:27 - price_service - WARNING - No price record found for 4 in USD, using default values
2025-08-01 23:23:27 - price_service - WARNING - No price record found for 5 in USD, using default values
2025-08-01 23:23:27 - price_service - WARNING - No price record found for 6 in USD, using default values
2025-08-01 23:23:27 - price_service - WARNING - No price record found for 7 in USD, using default values
2025-08-01 23:23:27 - price_service - WARNING - No price record found for 8 in USD, using default values
2025-08-01 23:23:35 - price_service - WARNING - No price record found for 2 in USD, using default values
2025-08-01 23:23:35 - price_service - WARNING - No price record found for 4 in USD, using default values
2025-08-01 23:23:35 - price_service - WARNING - No price record found for 5 in USD, using default values
2025-08-01 23:23:35 - price_service - WARNING - No price record found for 6 in USD, using default values
2025-08-01 23:23:35 - price_service - WARNING - No price record found for 7 in USD, using default values
2025-08-01 23:23:35 - price_service - WARNING - No price record found for 8 in USD, using default values
2025-08-01 23:23:42 - price_service - WARNING - No price record found for 2 in USD, using default values
2025-08-01 23:23:42 - price_service - WARNING - No price record found for 2 in USD, using default values
2025-08-01 23:23:42 - price_service - WARNING - No price record found for 4 in USD, using default values
2025-08-01 23:23:42 - price_service - WARNING - No price record found for 5 in USD, using default values
2025-08-01 23:23:42 - price_service - WARNING - No price record found for 6 in USD, using default values
2025-08-01 23:23:42 - price_service - WARNING - No price record found for 7 in USD, using default values
2025-08-01 23:23:42 - price_service - WARNING - No price record found for 8 in USD, using default values
2025-08-01 23:23:42 - price_service - WARNING - No price record found for 4 in USD, using default values
2025-08-01 23:23:42 - price_service - WARNING - No price record found for 5 in USD, using default values
2025-08-01 23:23:42 - price_service - WARNING - No price record found for 6 in USD, using default values
2025-08-01 23:23:42 - price_service - WARNING - No price record found for 7 in USD, using default values
2025-08-01 23:23:42 - price_service - WARNING - No price record found for 8 in USD, using default values
2025-08-01 23:23:43 - price_service - WARNING - No price record found for 2 in USD, using default values
2025-08-01 23:23:43 - price_service - WARNING - No price record found for 4 in USD, using default values
2025-08-01 23:23:43 - price_service - WARNING - No price record found for 5 in USD, using default values
2025-08-01 23:23:43 - price_service - WARNING - No price record found for 6 in USD, using default values
2025-08-01 23:23:43 - price_service - WARNING - No price record found for 7 in USD, using default values
2025-08-01 23:23:43 - price_service - WARNING - No price record found for 8 in USD, using default values
2025-08-02 00:15:31 - price_service - ERROR - Price update failed after 0.01 seconds
2025-08-02 01:56:15 - price_service - ERROR - Price update failed after 0.01 seconds
2025-08-02 02:46:57 - price_service - ERROR - Price update failed after 0.00 seconds
2025-08-02 04:53:45 - price_service - WARNING - No price record found for 2 in USD, using default values
2025-08-02 04:53:45 - price_service - WARNING - No price record found for 4 in USD, using default values
2025-08-02 04:53:45 - price_service - WARNING - No price record found for 5 in USD, using default values
2025-08-02 04:53:45 - price_service - WARNING - No price record found for 6 in USD, using default values
2025-08-02 04:53:45 - price_service - WARNING - No price record found for 7 in USD, using default values
2025-08-02 04:53:45 - price_service - WARNING - No price record found for 8 in USD, using default values
2025-08-02 04:53:48 - price_service - WARNING - No price record found for 2 in USD, using default values
2025-08-02 04:53:48 - price_service - WARNING - No price record found for 4 in USD, using default values
2025-08-02 04:53:48 - price_service - WARNING - No price record found for 5 in USD, using default values
2025-08-02 04:53:48 - price_service - WARNING - No price record found for 6 in USD, using default values
2025-08-02 04:53:48 - price_service - WARNING - No price record found for 7 in USD, using default values
2025-08-02 04:53:48 - price_service - WARNING - No price record found for 8 in USD, using default values
2025-08-02 04:53:57 - price_service - WARNING - No price record found for 2 in USD, using default values
2025-08-02 04:53:57 - price_service - WARNING - No price record found for 4 in USD, using default values
2025-08-02 04:53:57 - price_service - WARNING - No price record found for 5 in USD, using default values
2025-08-02 04:53:57 - price_service - WARNING - No price record found for 6 in USD, using default values
2025-08-02 04:53:57 - price_service - WARNING - No price record found for 7 in USD, using default values
2025-08-02 04:53:57 - price_service - WARNING - No price record found for 8 in USD, using default values
2025-08-02 04:54:03 - price_service - WARNING - No price record found for 2 in USD, using default values
2025-08-02 04:54:03 - price_service - WARNING - No price record found for 4 in USD, using default values
2025-08-02 04:54:03 - price_service - WARNING - No price record found for 5 in USD, using default values
2025-08-02 04:54:03 - price_service - WARNING - No price record found for 6 in USD, using default values
2025-08-02 04:54:03 - price_service - WARNING - No price record found for 7 in USD, using default values
2025-08-02 04:54:03 - price_service - WARNING - No price record found for 8 in USD, using default values
2025-08-02 04:54:08 - price_service - WARNING - No price record found for 2 in USD, using default values
2025-08-02 04:54:08 - price_service - WARNING - No price record found for 4 in USD, using default values
2025-08-02 04:54:08 - price_service - WARNING - No price record found for 5 in USD, using default values
2025-08-02 04:54:08 - price_service - WARNING - No price record found for 6 in USD, using default values
2025-08-02 04:54:08 - price_service - WARNING - No price record found for 7 in USD, using default values
2025-08-02 04:54:08 - price_service - WARNING - No price record found for 8 in USD, using default values
2025-08-02 04:54:14 - price_service - WARNING - No price record found for 2 in USD, using default values
2025-08-02 04:54:14 - price_service - WARNING - No price record found for 4 in USD, using default values
2025-08-02 04:54:14 - price_service - WARNING - No price record found for 5 in USD, using default values
2025-08-02 04:54:14 - price_service - WARNING - No price record found for 6 in USD, using default values
2025-08-02 04:54:14 - price_service - WARNING - No price record found for 7 in USD, using default values
2025-08-02 04:54:14 - price_service - WARNING - No price record found for 8 in USD, using default values
2025-08-02 04:54:17 - price_service - WARNING - No price record found for 2 in USD, using default values
2025-08-02 04:54:17 - price_service - WARNING - No price record found for 4 in USD, using default values
2025-08-02 04:54:17 - price_service - WARNING - No price record found for 5 in USD, using default values
2025-08-02 04:54:17 - price_service - WARNING - No price record found for 6 in USD, using default values
2025-08-02 04:54:17 - price_service - WARNING - No price record found for 7 in USD, using default values
2025-08-02 04:54:17 - price_service - WARNING - No price record found for 8 in USD, using default values
2025-08-02 04:54:17 - price_service - WARNING - No price record found for 2 in USD, using default values
2025-08-02 04:54:17 - price_service - WARNING - No price record found for 4 in USD, using default values
2025-08-02 04:54:17 - price_service - WARNING - No price record found for 5 in USD, using default values
2025-08-02 04:54:17 - price_service - WARNING - No price record found for 6 in USD, using default values
2025-08-02 04:54:17 - price_service - WARNING - No price record found for 7 in USD, using default values
2025-08-02 04:54:17 - price_service - WARNING - No price record found for 8 in USD, using default values
2025-08-02 04:54:18 - price_service - WARNING - No price record found for 2 in USD, using default values
2025-08-02 04:54:18 - price_service - WARNING - No price record found for 4 in USD, using default values
2025-08-02 04:54:18 - price_service - WARNING - No price record found for 5 in USD, using default values
2025-08-02 04:54:18 - price_service - WARNING - No price record found for 6 in USD, using default values
2025-08-02 04:54:18 - price_service - WARNING - No price record found for 7 in USD, using default values
2025-08-02 04:54:18 - price_service - WARNING - No price record found for 8 in USD, using default values
2025-08-02 04:54:20 - price_service - WARNING - No price record found for 2 in USD, using default values
2025-08-02 04:54:20 - price_service - WARNING - No price record found for 4 in USD, using default values
2025-08-02 04:54:20 - price_service - WARNING - No price record found for 5 in USD, using default values
2025-08-02 04:54:20 - price_service - WARNING - No price record found for 6 in USD, using default values
2025-08-02 04:54:20 - price_service - WARNING - No price record found for 7 in USD, using default values
2025-08-02 04:54:20 - price_service - WARNING - No price record found for 8 in USD, using default values
2025-08-02 04:54:20 - price_service - WARNING - No price record found for 2 in USD, using default values
2025-08-02 04:54:20 - price_service - WARNING - No price record found for 4 in USD, using default values
2025-08-02 04:54:20 - price_service - WARNING - No price record found for 5 in USD, using default values
2025-08-02 04:54:20 - price_service - WARNING - No price record found for 6 in USD, using default values
2025-08-02 04:54:20 - price_service - WARNING - No price record found for 7 in USD, using default values
2025-08-02 04:54:20 - price_service - WARNING - No price record found for 8 in USD, using default values
2025-08-02 04:54:23 - price_service - WARNING - No price record found for 2 in USD, using default values
2025-08-02 04:54:23 - price_service - WARNING - No price record found for 4 in USD, using default values
2025-08-02 04:54:23 - price_service - WARNING - No price record found for 5 in USD, using default values
2025-08-02 04:54:23 - price_service - WARNING - No price record found for 6 in USD, using default values
2025-08-02 04:54:23 - price_service - WARNING - No price record found for 7 in USD, using default values
2025-08-02 04:54:23 - price_service - WARNING - No price record found for 8 in USD, using default values
2025-08-02 04:54:26 - price_service - WARNING - No price record found for 2 in USD, using default values
2025-08-02 04:54:26 - price_service - WARNING - No price record found for 4 in USD, using default values
2025-08-02 04:54:26 - price_service - WARNING - No price record found for 5 in USD, using default values
2025-08-02 04:54:26 - price_service - WARNING - No price record found for 6 in USD, using default values
2025-08-02 04:54:26 - price_service - WARNING - No price record found for 7 in USD, using default values
2025-08-02 04:54:26 - price_service - WARNING - No price record found for 8 in USD, using default values
2025-08-02 04:54:29 - price_service - WARNING - No price record found for 2 in USD, using default values
2025-08-02 04:54:29 - price_service - WARNING - No price record found for 4 in USD, using default values
2025-08-02 04:54:29 - price_service - WARNING - No price record found for 5 in USD, using default values
2025-08-02 04:54:29 - price_service - WARNING - No price record found for 6 in USD, using default values
2025-08-02 04:54:29 - price_service - WARNING - No price record found for 7 in USD, using default values
2025-08-02 04:54:29 - price_service - WARNING - No price record found for 8 in USD, using default values
2025-08-02 04:54:35 - price_service - WARNING - No price record found for 2 in USD, using default values
2025-08-02 04:54:35 - price_service - WARNING - No price record found for 4 in USD, using default values
2025-08-02 04:54:35 - price_service - WARNING - No price record found for 5 in USD, using default values
2025-08-02 04:54:35 - price_service - WARNING - No price record found for 6 in USD, using default values
2025-08-02 04:54:35 - price_service - WARNING - No price record found for 7 in USD, using default values
2025-08-02 04:54:35 - price_service - WARNING - No price record found for 8 in USD, using default values
2025-08-02 04:54:39 - price_service - WARNING - No price record found for 2 in USD, using default values
2025-08-02 04:54:39 - price_service - WARNING - No price record found for 4 in USD, using default values
2025-08-02 04:54:39 - price_service - WARNING - No price record found for 5 in USD, using default values
2025-08-02 04:54:39 - price_service - WARNING - No price record found for 6 in USD, using default values
2025-08-02 04:54:39 - price_service - WARNING - No price record found for 7 in USD, using default values
2025-08-02 04:54:39 - price_service - WARNING - No price record found for 8 in USD, using default values
2025-08-02 04:54:39 - price_service - WARNING - No price record found for 2 in USD, using default values
2025-08-02 04:54:39 - price_service - WARNING - No price record found for 4 in USD, using default values
2025-08-02 04:54:39 - price_service - WARNING - No price record found for 5 in USD, using default values
2025-08-02 04:54:39 - price_service - WARNING - No price record found for 6 in USD, using default values
2025-08-02 04:54:39 - price_service - WARNING - No price record found for 7 in USD, using default values
2025-08-02 04:54:39 - price_service - WARNING - No price record found for 8 in USD, using default values
2025-08-02 04:54:39 - price_service - WARNING - No price record found for 2 in USD, using default values
2025-08-02 04:54:39 - price_service - WARNING - No price record found for 4 in USD, using default values
2025-08-02 04:54:39 - price_service - WARNING - No price record found for 5 in USD, using default values
2025-08-02 04:54:39 - price_service - WARNING - No price record found for 6 in USD, using default values
2025-08-02 04:54:39 - price_service - WARNING - No price record found for 7 in USD, using default values
2025-08-02 04:54:39 - price_service - WARNING - No price record found for 8 in USD, using default values
2025-08-02 04:54:41 - price_service - WARNING - No price record found for 2 in USD, using default values
2025-08-02 04:54:41 - price_service - WARNING - No price record found for 4 in USD, using default values
2025-08-02 04:54:41 - price_service - WARNING - No price record found for 5 in USD, using default values
2025-08-02 04:54:41 - price_service - WARNING - No price record found for 6 in USD, using default values
2025-08-02 04:54:41 - price_service - WARNING - No price record found for 7 in USD, using default values
2025-08-02 04:54:41 - price_service - WARNING - No price record found for 8 in USD, using default values
2025-08-02 04:54:47 - price_service - WARNING - No price record found for 2 in USD, using default values
2025-08-02 04:54:47 - price_service - WARNING - No price record found for 4 in USD, using default values
2025-08-02 04:54:47 - price_service - WARNING - No price record found for 5 in USD, using default values
2025-08-02 04:54:47 - price_service - WARNING - No price record found for 6 in USD, using default values
2025-08-02 04:54:47 - price_service - WARNING - No price record found for 7 in USD, using default values
2025-08-02 04:54:47 - price_service - WARNING - No price record found for 8 in USD, using default values
2025-08-02 04:54:49 - price_service - WARNING - No price record found for 2 in USD, using default values
2025-08-02 04:54:49 - price_service - WARNING - No price record found for 4 in USD, using default values
2025-08-02 04:54:49 - price_service - WARNING - No price record found for 5 in USD, using default values
2025-08-02 04:54:49 - price_service - WARNING - No price record found for 6 in USD, using default values
2025-08-02 04:54:49 - price_service - WARNING - No price record found for 7 in USD, using default values
2025-08-02 04:54:49 - price_service - WARNING - No price record found for 8 in USD, using default values
2025-08-02 04:54:49 - price_service - WARNING - No price record found for 2 in USD, using default values
2025-08-02 04:54:49 - price_service - WARNING - No price record found for 4 in USD, using default values
2025-08-02 04:54:49 - price_service - WARNING - No price record found for 5 in USD, using default values
2025-08-02 04:54:49 - price_service - WARNING - No price record found for 6 in USD, using default values
2025-08-02 04:54:49 - price_service - WARNING - No price record found for 7 in USD, using default values
2025-08-02 04:54:49 - price_service - WARNING - No price record found for 8 in USD, using default values
2025-08-02 04:54:50 - price_service - WARNING - No price record found for 2 in USD, using default values
2025-08-02 04:54:50 - price_service - WARNING - No price record found for 4 in USD, using default values
2025-08-02 04:54:50 - price_service - WARNING - No price record found for 5 in USD, using default values
2025-08-02 04:54:50 - price_service - WARNING - No price record found for 6 in USD, using default values
2025-08-02 04:54:50 - price_service - WARNING - No price record found for 7 in USD, using default values
2025-08-02 04:54:50 - price_service - WARNING - No price record found for 8 in USD, using default values
2025-08-02 04:54:55 - price_service - WARNING - No price record found for 2 in USD, using default values
2025-08-02 04:54:55 - price_service - WARNING - No price record found for 4 in USD, using default values
2025-08-02 04:54:55 - price_service - WARNING - No price record found for 5 in USD, using default values
2025-08-02 04:54:55 - price_service - WARNING - No price record found for 6 in USD, using default values
2025-08-02 04:54:55 - price_service - WARNING - No price record found for 7 in USD, using default values
2025-08-02 04:54:55 - price_service - WARNING - No price record found for 8 in USD, using default values
2025-08-02 04:55:01 - price_service - WARNING - No price record found for 2 in USD, using default values
2025-08-02 04:55:01 - price_service - WARNING - No price record found for 4 in USD, using default values
2025-08-02 04:55:01 - price_service - WARNING - No price record found for 5 in USD, using default values
2025-08-02 04:55:01 - price_service - WARNING - No price record found for 6 in USD, using default values
2025-08-02 04:55:01 - price_service - WARNING - No price record found for 7 in USD, using default values
2025-08-02 04:55:01 - price_service - WARNING - No price record found for 8 in USD, using default values
2025-08-02 04:55:03 - price_service - WARNING - No price record found for 2 in USD, using default values
2025-08-02 04:55:03 - price_service - WARNING - No price record found for 2 in USD, using default values
2025-08-02 04:55:03 - price_service - WARNING - No price record found for 4 in USD, using default values
2025-08-02 04:55:03 - price_service - WARNING - No price record found for 5 in USD, using default values
2025-08-02 04:55:03 - price_service - WARNING - No price record found for 6 in USD, using default values
2025-08-02 04:55:03 - price_service - WARNING - No price record found for 7 in USD, using default values
2025-08-02 04:55:03 - price_service - WARNING - No price record found for 8 in USD, using default values
2025-08-02 04:55:03 - price_service - WARNING - No price record found for 4 in USD, using default values
2025-08-02 04:55:03 - price_service - WARNING - No price record found for 5 in USD, using default values
2025-08-02 04:55:03 - price_service - WARNING - No price record found for 6 in USD, using default values
2025-08-02 04:55:03 - price_service - WARNING - No price record found for 7 in USD, using default values
2025-08-02 04:55:03 - price_service - WARNING - No price record found for 8 in USD, using default values
2025-08-02 04:55:04 - price_service - WARNING - No price record found for 2 in USD, using default values
2025-08-02 04:55:04 - price_service - WARNING - No price record found for 4 in USD, using default values
2025-08-02 04:55:04 - price_service - WARNING - No price record found for 5 in USD, using default values
2025-08-02 04:55:04 - price_service - WARNING - No price record found for 6 in USD, using default values
2025-08-02 04:55:04 - price_service - WARNING - No price record found for 7 in USD, using default values
2025-08-02 04:55:04 - price_service - WARNING - No price record found for 8 in USD, using default values
2025-08-02 04:55:05 - price_service - WARNING - No price record found for 2 in USD, using default values
2025-08-02 04:55:05 - price_service - WARNING - No price record found for 4 in USD, using default values
2025-08-02 04:55:05 - price_service - WARNING - No price record found for 5 in USD, using default values
2025-08-02 04:55:05 - price_service - WARNING - No price record found for 6 in USD, using default values
2025-08-02 04:55:05 - price_service - WARNING - No price record found for 7 in USD, using default values
2025-08-02 04:55:05 - price_service - WARNING - No price record found for 8 in USD, using default values
2025-08-02 04:55:08 - price_service - WARNING - No price record found for 2 in USD, using default values
2025-08-02 04:55:08 - price_service - WARNING - No price record found for 4 in USD, using default values
2025-08-02 04:55:08 - price_service - WARNING - No price record found for 5 in USD, using default values
2025-08-02 04:55:08 - price_service - WARNING - No price record found for 6 in USD, using default values
2025-08-02 04:55:08 - price_service - WARNING - No price record found for 7 in USD, using default values
2025-08-02 04:55:08 - price_service - WARNING - No price record found for 8 in USD, using default values
2025-08-02 04:55:10 - price_service - WARNING - No price record found for 2 in USD, using default values
2025-08-02 04:55:10 - price_service - WARNING - No price record found for 4 in USD, using default values
2025-08-02 04:55:10 - price_service - WARNING - No price record found for 5 in USD, using default values
2025-08-02 04:55:10 - price_service - WARNING - No price record found for 6 in USD, using default values
2025-08-02 04:55:10 - price_service - WARNING - No price record found for 7 in USD, using default values
2025-08-02 04:55:10 - price_service - WARNING - No price record found for 8 in USD, using default values
2025-08-02 04:55:33 - price_service - WARNING - No price record found for 2 in USD, using default values
2025-08-02 04:55:33 - price_service - WARNING - No price record found for 4 in USD, using default values
2025-08-02 04:55:33 - price_service - WARNING - No price record found for 5 in USD, using default values
2025-08-02 04:55:33 - price_service - WARNING - No price record found for 6 in USD, using default values
2025-08-02 04:55:33 - price_service - WARNING - No price record found for 7 in USD, using default values
2025-08-02 04:55:33 - price_service - WARNING - No price record found for 8 in USD, using default values
2025-08-02 04:55:37 - price_service - WARNING - No price record found for 2 in USD, using default values
2025-08-02 04:55:37 - price_service - WARNING - No price record found for 4 in USD, using default values
2025-08-02 04:55:37 - price_service - WARNING - No price record found for 5 in USD, using default values
2025-08-02 04:55:37 - price_service - WARNING - No price record found for 6 in USD, using default values
2025-08-02 04:55:37 - price_service - WARNING - No price record found for 7 in USD, using default values
2025-08-02 04:55:37 - price_service - WARNING - No price record found for 8 in USD, using default values
2025-08-02 04:55:37 - price_service - WARNING - No price record found for 2 in USD, using default values
2025-08-02 04:55:37 - price_service - WARNING - No price record found for 4 in USD, using default values
2025-08-02 04:55:37 - price_service - WARNING - No price record found for 5 in USD, using default values
2025-08-02 04:55:37 - price_service - WARNING - No price record found for 6 in USD, using default values
2025-08-02 04:55:37 - price_service - WARNING - No price record found for 7 in USD, using default values
2025-08-02 04:55:37 - price_service - WARNING - No price record found for 8 in USD, using default values
2025-08-02 04:55:37 - price_service - WARNING - No price record found for 2 in USD, using default values
2025-08-02 04:55:37 - price_service - WARNING - No price record found for 4 in USD, using default values
2025-08-02 04:55:37 - price_service - WARNING - No price record found for 5 in USD, using default values
2025-08-02 04:55:37 - price_service - WARNING - No price record found for 6 in USD, using default values
2025-08-02 04:55:37 - price_service - WARNING - No price record found for 7 in USD, using default values
2025-08-02 04:55:37 - price_service - WARNING - No price record found for 8 in USD, using default values
2025-08-02 04:55:39 - price_service - WARNING - No price record found for 2 in USD, using default values
2025-08-02 04:55:39 - price_service - WARNING - No price record found for 4 in USD, using default values
2025-08-02 04:55:39 - price_service - WARNING - No price record found for 5 in USD, using default values
2025-08-02 04:55:39 - price_service - WARNING - No price record found for 6 in USD, using default values
2025-08-02 04:55:39 - price_service - WARNING - No price record found for 7 in USD, using default values
2025-08-02 04:55:39 - price_service - WARNING - No price record found for 8 in USD, using default values
2025-08-02 05:03:21 - price_service - WARNING - No price record found for 2 in USD, using default values
2025-08-02 05:03:21 - price_service - WARNING - No price record found for 4 in USD, using default values
2025-08-02 05:03:21 - price_service - WARNING - No price record found for 5 in USD, using default values
2025-08-02 05:03:21 - price_service - WARNING - No price record found for 6 in USD, using default values
2025-08-02 05:03:21 - price_service - WARNING - No price record found for 7 in USD, using default values
2025-08-02 05:03:21 - price_service - WARNING - No price record found for 8 in USD, using default values
2025-08-02 05:03:21 - price_service - WARNING - No price record found for 2 in USD, using default values
2025-08-02 05:03:21 - price_service - WARNING - No price record found for 4 in USD, using default values
2025-08-02 05:03:21 - price_service - WARNING - No price record found for 5 in USD, using default values
2025-08-02 05:03:21 - price_service - WARNING - No price record found for 6 in USD, using default values
2025-08-02 05:03:21 - price_service - WARNING - No price record found for 7 in USD, using default values
2025-08-02 05:03:21 - price_service - WARNING - No price record found for 8 in USD, using default values
2025-08-02 05:03:21 - price_service - WARNING - No price record found for 2 in USD, using default values
2025-08-02 05:03:21 - price_service - WARNING - No price record found for 4 in USD, using default values
2025-08-02 05:03:21 - price_service - WARNING - No price record found for 5 in USD, using default values
2025-08-02 05:03:21 - price_service - WARNING - No price record found for 6 in USD, using default values
2025-08-02 05:03:21 - price_service - WARNING - No price record found for 7 in USD, using default values
2025-08-02 05:03:21 - price_service - WARNING - No price record found for 8 in USD, using default values
2025-08-02 05:03:26 - price_service - WARNING - No price record found for 2 in USD, using default values
2025-08-02 05:03:26 - price_service - WARNING - No price record found for 4 in USD, using default values
2025-08-02 05:03:26 - price_service - WARNING - No price record found for 5 in USD, using default values
2025-08-02 05:03:26 - price_service - WARNING - No price record found for 6 in USD, using default values
2025-08-02 05:03:26 - price_service - WARNING - No price record found for 7 in USD, using default values
2025-08-02 05:03:26 - price_service - WARNING - No price record found for 8 in USD, using default values
2025-08-02 05:03:43 - price_service - WARNING - No price record found for 2 in USD, using default values
2025-08-02 05:03:43 - price_service - WARNING - No price record found for 4 in USD, using default values
2025-08-02 05:03:43 - price_service - WARNING - No price record found for 5 in USD, using default values
2025-08-02 05:03:43 - price_service - WARNING - No price record found for 6 in USD, using default values
2025-08-02 05:03:43 - price_service - WARNING - No price record found for 7 in USD, using default values
2025-08-02 05:03:43 - price_service - WARNING - No price record found for 8 in USD, using default values
2025-08-02 05:03:43 - price_service - WARNING - No price record found for 2 in USD, using default values
2025-08-02 05:03:43 - price_service - WARNING - No price record found for 4 in USD, using default values
2025-08-02 05:03:43 - price_service - WARNING - No price record found for 5 in USD, using default values
2025-08-02 05:03:43 - price_service - WARNING - No price record found for 6 in USD, using default values
2025-08-02 05:03:43 - price_service - WARNING - No price record found for 7 in USD, using default values
2025-08-02 05:03:43 - price_service - WARNING - No price record found for 8 in USD, using default values
2025-08-02 05:03:43 - price_service - WARNING - No price record found for 2 in USD, using default values
2025-08-02 05:03:43 - price_service - WARNING - No price record found for 4 in USD, using default values
2025-08-02 05:03:43 - price_service - WARNING - No price record found for 5 in USD, using default values
2025-08-02 05:03:43 - price_service - WARNING - No price record found for 6 in USD, using default values
2025-08-02 05:03:43 - price_service - WARNING - No price record found for 7 in USD, using default values
2025-08-02 05:03:43 - price_service - WARNING - No price record found for 8 in USD, using default values
2025-08-02 05:03:45 - price_service - WARNING - No price record found for 2 in USD, using default values
2025-08-02 05:03:45 - price_service - WARNING - No price record found for 4 in USD, using default values
2025-08-02 05:03:45 - price_service - WARNING - No price record found for 5 in USD, using default values
2025-08-02 05:03:45 - price_service - WARNING - No price record found for 6 in USD, using default values
2025-08-02 05:03:45 - price_service - WARNING - No price record found for 7 in USD, using default values
2025-08-02 05:03:45 - price_service - WARNING - No price record found for 8 in USD, using default values
2025-08-02 05:03:50 - price_service - WARNING - No price record found for 2 in USD, using default values
2025-08-02 05:03:50 - price_service - WARNING - No price record found for 4 in USD, using default values
2025-08-02 05:03:50 - price_service - WARNING - No price record found for 5 in USD, using default values
2025-08-02 05:03:50 - price_service - WARNING - No price record found for 6 in USD, using default values
2025-08-02 05:03:50 - price_service - WARNING - No price record found for 7 in USD, using default values
2025-08-02 05:03:50 - price_service - WARNING - No price record found for 8 in USD, using default values
2025-08-02 05:03:52 - price_service - WARNING - No price record found for 2 in USD, using default values
2025-08-02 05:03:52 - price_service - WARNING - No price record found for 4 in USD, using default values
2025-08-02 05:03:52 - price_service - WARNING - No price record found for 5 in USD, using default values
2025-08-02 05:03:52 - price_service - WARNING - No price record found for 6 in USD, using default values
2025-08-02 05:03:52 - price_service - WARNING - No price record found for 7 in USD, using default values
2025-08-02 05:03:52 - price_service - WARNING - No price record found for 8 in USD, using default values
2025-08-02 05:03:52 - price_service - WARNING - No price record found for 2 in USD, using default values
2025-08-02 05:03:52 - price_service - WARNING - No price record found for 4 in USD, using default values
2025-08-02 05:03:52 - price_service - WARNING - No price record found for 5 in USD, using default values
2025-08-02 05:03:52 - price_service - WARNING - No price record found for 6 in USD, using default values
2025-08-02 05:03:52 - price_service - WARNING - No price record found for 7 in USD, using default values
2025-08-02 05:03:52 - price_service - WARNING - No price record found for 8 in USD, using default values
2025-08-02 05:04:01 - price_service - WARNING - No price record found for 2 in USD, using default values
2025-08-02 05:04:01 - price_service - WARNING - No price record found for 4 in USD, using default values
2025-08-02 05:04:01 - price_service - WARNING - No price record found for 5 in USD, using default values
2025-08-02 05:04:01 - price_service - WARNING - No price record found for 6 in USD, using default values
2025-08-02 05:04:01 - price_service - WARNING - No price record found for 7 in USD, using default values
2025-08-02 05:04:01 - price_service - WARNING - No price record found for 8 in USD, using default values
2025-08-02 05:04:01 - price_service - WARNING - No price record found for 2 in USD, using default values
2025-08-02 05:04:01 - price_service - WARNING - No price record found for 4 in USD, using default values
2025-08-02 05:04:01 - price_service - WARNING - No price record found for 5 in USD, using default values
2025-08-02 05:04:01 - price_service - WARNING - No price record found for 6 in USD, using default values
2025-08-02 05:04:01 - price_service - WARNING - No price record found for 7 in USD, using default values
2025-08-02 05:04:01 - price_service - WARNING - No price record found for 8 in USD, using default values
2025-08-02 05:04:01 - price_service - WARNING - No price record found for 2 in USD, using default values
2025-08-02 05:04:01 - price_service - WARNING - No price record found for 4 in USD, using default values
2025-08-02 05:04:01 - price_service - WARNING - No price record found for 5 in USD, using default values
2025-08-02 05:04:01 - price_service - WARNING - No price record found for 6 in USD, using default values
2025-08-02 05:04:01 - price_service - WARNING - No price record found for 7 in USD, using default values
2025-08-02 05:04:01 - price_service - WARNING - No price record found for 8 in USD, using default values
2025-08-02 05:04:01 - price_service - WARNING - No price record found for 2 in USD, using default values
2025-08-02 05:04:01 - price_service - WARNING - No price record found for 4 in USD, using default values
2025-08-02 05:04:01 - price_service - WARNING - No price record found for 5 in USD, using default values
2025-08-02 05:04:01 - price_service - WARNING - No price record found for 6 in USD, using default values
2025-08-02 05:04:01 - price_service - WARNING - No price record found for 7 in USD, using default values
2025-08-02 05:04:01 - price_service - WARNING - No price record found for 8 in USD, using default values
2025-08-02 05:04:01 - price_service - WARNING - No price record found for 2 in USD, using default values
2025-08-02 05:04:01 - price_service - WARNING - No price record found for 4 in USD, using default values
2025-08-02 05:04:01 - price_service - WARNING - No price record found for 5 in USD, using default values
2025-08-02 05:04:01 - price_service - WARNING - No price record found for 6 in USD, using default values
2025-08-02 05:04:01 - price_service - WARNING - No price record found for 7 in USD, using default values
2025-08-02 05:04:01 - price_service - WARNING - No price record found for 8 in USD, using default values
2025-08-02 05:04:01 - price_service - WARNING - No price record found for 2 in USD, using default values
2025-08-02 05:04:01 - price_service - WARNING - No price record found for 4 in USD, using default values
2025-08-02 05:04:01 - price_service - WARNING - No price record found for 5 in USD, using default values
2025-08-02 05:04:01 - price_service - WARNING - No price record found for 6 in USD, using default values
2025-08-02 05:04:01 - price_service - WARNING - No price record found for 7 in USD, using default values
2025-08-02 05:04:01 - price_service - WARNING - No price record found for 8 in USD, using default values
2025-08-02 05:04:04 - price_service - WARNING - No price record found for 2 in USD, using default values
2025-08-02 05:04:04 - price_service - WARNING - No price record found for 4 in USD, using default values
2025-08-02 05:04:04 - price_service - WARNING - No price record found for 5 in USD, using default values
2025-08-02 05:04:04 - price_service - WARNING - No price record found for 6 in USD, using default values
2025-08-02 05:04:04 - price_service - WARNING - No price record found for 7 in USD, using default values
2025-08-02 05:04:04 - price_service - WARNING - No price record found for 8 in USD, using default values
2025-08-02 05:04:09 - price_service - WARNING - No price record found for 2 in USD, using default values
2025-08-02 05:04:09 - price_service - WARNING - No price record found for 4 in USD, using default values
2025-08-02 05:04:09 - price_service - WARNING - No price record found for 5 in USD, using default values
2025-08-02 05:04:09 - price_service - WARNING - No price record found for 6 in USD, using default values
2025-08-02 05:04:09 - price_service - WARNING - No price record found for 7 in USD, using default values
2025-08-02 05:04:09 - price_service - WARNING - No price record found for 8 in USD, using default values
2025-08-02 05:04:10 - price_service - WARNING - No price record found for 2 in USD, using default values
2025-08-02 05:04:10 - price_service - WARNING - No price record found for 4 in USD, using default values
2025-08-02 05:04:10 - price_service - WARNING - No price record found for 5 in USD, using default values
2025-08-02 05:04:10 - price_service - WARNING - No price record found for 6 in USD, using default values
2025-08-02 05:04:10 - price_service - WARNING - No price record found for 7 in USD, using default values
2025-08-02 05:04:10 - price_service - WARNING - No price record found for 8 in USD, using default values
2025-08-02 05:04:19 - price_service - WARNING - No price record found for 2 in USD, using default values
2025-08-02 05:04:19 - price_service - WARNING - No price record found for 4 in USD, using default values
2025-08-02 05:04:19 - price_service - WARNING - No price record found for 5 in USD, using default values
2025-08-02 05:04:19 - price_service - WARNING - No price record found for 6 in USD, using default values
2025-08-02 05:04:19 - price_service - WARNING - No price record found for 7 in USD, using default values
2025-08-02 05:04:19 - price_service - WARNING - No price record found for 8 in USD, using default values
2025-08-02 05:04:21 - price_service - WARNING - No price record found for 2 in USD, using default values
2025-08-02 05:04:21 - price_service - WARNING - No price record found for 4 in USD, using default values
2025-08-02 05:04:21 - price_service - WARNING - No price record found for 5 in USD, using default values
2025-08-02 05:04:21 - price_service - WARNING - No price record found for 6 in USD, using default values
2025-08-02 05:04:21 - price_service - WARNING - No price record found for 7 in USD, using default values
2025-08-02 05:04:21 - price_service - WARNING - No price record found for 8 in USD, using default values
2025-08-02 05:04:21 - price_service - WARNING - No price record found for 2 in USD, using default values
2025-08-02 05:04:21 - price_service - WARNING - No price record found for 4 in USD, using default values
2025-08-02 05:04:21 - price_service - WARNING - No price record found for 5 in USD, using default values
2025-08-02 05:04:21 - price_service - WARNING - No price record found for 6 in USD, using default values
2025-08-02 05:04:21 - price_service - WARNING - No price record found for 7 in USD, using default values
2025-08-02 05:04:21 - price_service - WARNING - No price record found for 8 in USD, using default values
2025-08-02 05:04:21 - price_service - WARNING - No price record found for 2 in USD, using default values
2025-08-02 05:04:21 - price_service - WARNING - No price record found for 4 in USD, using default values
2025-08-02 05:04:21 - price_service - WARNING - No price record found for 5 in USD, using default values
2025-08-02 05:04:21 - price_service - WARNING - No price record found for 6 in USD, using default values
2025-08-02 05:04:21 - price_service - WARNING - No price record found for 7 in USD, using default values
2025-08-02 05:04:21 - price_service - WARNING - No price record found for 8 in USD, using default values
2025-08-02 06:26:54 - price_service - ERROR - Price update failed after 0.00 seconds
2025-08-02 06:33:18 - price_service - WARNING - No price record found for 2 in USD, using default values
2025-08-02 06:33:18 - price_service - WARNING - No price record found for 4 in USD, using default values
2025-08-02 06:33:18 - price_service - WARNING - No price record found for 5 in USD, using default values
2025-08-02 06:33:18 - price_service - WARNING - No price record found for 6 in USD, using default values
2025-08-02 06:33:18 - price_service - WARNING - No price record found for 7 in USD, using default values
2025-08-02 06:33:18 - price_service - WARNING - No price record found for 8 in USD, using default values
2025-08-02 06:33:18 - price_service - WARNING - No price record found for 2 in USD, using default values
2025-08-02 06:33:18 - price_service - WARNING - No price record found for 4 in USD, using default values
2025-08-02 06:33:18 - price_service - WARNING - No price record found for 5 in USD, using default values
2025-08-02 06:33:18 - price_service - WARNING - No price record found for 6 in USD, using default values
2025-08-02 06:33:18 - price_service - WARNING - No price record found for 7 in USD, using default values
2025-08-02 06:33:18 - price_service - WARNING - No price record found for 8 in USD, using default values
2025-08-02 06:33:18 - price_service - WARNING - No price record found for 2 in USD, using default values
2025-08-02 06:33:18 - price_service - WARNING - No price record found for 4 in USD, using default values
2025-08-02 06:33:18 - price_service - WARNING - No price record found for 5 in USD, using default values
2025-08-02 06:33:18 - price_service - WARNING - No price record found for 6 in USD, using default values
2025-08-02 06:33:18 - price_service - WARNING - No price record found for 7 in USD, using default values
2025-08-02 06:33:18 - price_service - WARNING - No price record found for 8 in USD, using default values
2025-08-02 06:33:21 - price_service - WARNING - No price record found for 2 in USD, using default values
2025-08-02 06:33:21 - price_service - WARNING - No price record found for 4 in USD, using default values
2025-08-02 06:33:21 - price_service - WARNING - No price record found for 5 in USD, using default values
2025-08-02 06:33:21 - price_service - WARNING - No price record found for 6 in USD, using default values
2025-08-02 06:33:21 - price_service - WARNING - No price record found for 7 in USD, using default values
2025-08-02 06:33:21 - price_service - WARNING - No price record found for 8 in USD, using default values
