2025-08-01 10:47:55 - transaction_storage - DEBUG - Logger initialized for transaction_storage at level DEBUG
2025-08-01 10:47:55 - transaction_storage - INFO - Attempting Redis connection - URL: redis://:2a4efe20e40e332d@localhost:6379/0, Host: localhost, Port: 6379, DB: 0
2025-08-01 10:47:55 - transaction_storage - INFO - Trying Redis connection method: URL
2025-08-01 10:47:55 - transaction_storage - INFO - Redis connection successful using URL: True
2025-08-01 10:47:55 - transaction_storage - INFO - Using Redis storage for transactions
2025-08-01 10:47:55 - transaction_storage - DEBUG - Logger initialized for transaction_storage at level DEBUG
2025-08-01 10:47:55 - transaction_storage - INFO - Attempting Redis connection - URL: redis://:2a4efe20e40e332d@localhost:6379/0, Host: localhost, Port: 6379, DB: 0
2025-08-01 10:47:55 - transaction_storage - INFO - Trying Redis connection method: URL
2025-08-01 10:47:55 - transaction_storage - INFO - Redis connection successful using URL: True
2025-08-01 10:47:55 - transaction_storage - INFO - Using Redis storage for transactions
2025-08-01 10:47:55 - transaction_storage - DEBUG - Logger initialized for transaction_storage at level DEBUG
2025-08-01 10:47:55 - transaction_storage - INFO - Attempting Redis connection - URL: redis://:2a4efe20e40e332d@localhost:6379/0, Host: localhost, Port: 6379, DB: 0
2025-08-01 10:47:55 - transaction_storage - INFO - Trying Redis connection method: URL
2025-08-01 10:47:55 - transaction_storage - INFO - Redis connection successful using URL: True
2025-08-01 10:47:55 - transaction_storage - INFO - Using Redis storage for transactions
2025-08-01 10:48:13 - transaction_storage - DEBUG - Logger initialized for transaction_storage at level DEBUG
2025-08-01 10:48:13 - transaction_storage - INFO - Attempting Redis connection - URL: redis://:2a4efe20e40e332d@localhost:6379/0, Host: localhost, Port: 6379, DB: 0
2025-08-01 10:48:13 - transaction_storage - INFO - Trying Redis connection method: URL
2025-08-01 10:48:13 - transaction_storage - INFO - Redis connection successful using URL: True
2025-08-01 10:48:13 - transaction_storage - INFO - Using Redis storage for transactions
2025-08-01 10:48:13 - transaction_storage - DEBUG - Logger initialized for transaction_storage at level DEBUG
2025-08-01 10:48:13 - transaction_storage - INFO - Attempting Redis connection - URL: redis://:2a4efe20e40e332d@localhost:6379/0, Host: localhost, Port: 6379, DB: 0
2025-08-01 10:48:13 - transaction_storage - INFO - Trying Redis connection method: URL
2025-08-01 10:48:13 - transaction_storage - INFO - Redis connection successful using URL: True
2025-08-01 10:48:13 - transaction_storage - INFO - Using Redis storage for transactions
2025-08-01 10:48:13 - transaction_storage - DEBUG - Logger initialized for transaction_storage at level DEBUG
2025-08-01 10:48:13 - transaction_storage - INFO - Attempting Redis connection - URL: redis://:2a4efe20e40e332d@localhost:6379/0, Host: localhost, Port: 6379, DB: 0
2025-08-01 10:48:13 - transaction_storage - INFO - Trying Redis connection method: URL
2025-08-01 10:48:13 - transaction_storage - INFO - Redis connection successful using URL: True
2025-08-01 10:48:13 - transaction_storage - INFO - Using Redis storage for transactions
2025-08-01 10:50:51 - transaction_storage - DEBUG - Logger initialized for transaction_storage at level DEBUG
2025-08-01 10:50:51 - transaction_storage - INFO - Attempting Redis connection - URL: redis://:2a4efe20e40e332d@localhost:6379/0, Host: localhost, Port: 6379, DB: 0
2025-08-01 10:50:51 - transaction_storage - INFO - Trying Redis connection method: URL
2025-08-01 10:50:51 - transaction_storage - INFO - Redis connection successful using URL: True
2025-08-01 10:50:51 - transaction_storage - INFO - Using Redis storage for transactions
2025-08-01 10:50:51 - transaction_storage - DEBUG - Logger initialized for transaction_storage at level DEBUG
2025-08-01 10:50:51 - transaction_storage - INFO - Attempting Redis connection - URL: redis://:2a4efe20e40e332d@localhost:6379/0, Host: localhost, Port: 6379, DB: 0
2025-08-01 10:50:51 - transaction_storage - INFO - Trying Redis connection method: URL
2025-08-01 10:50:51 - transaction_storage - INFO - Redis connection successful using URL: True
2025-08-01 10:50:51 - transaction_storage - INFO - Using Redis storage for transactions
2025-08-01 10:50:51 - transaction_storage - DEBUG - Logger initialized for transaction_storage at level DEBUG
2025-08-01 10:50:51 - transaction_storage - INFO - Attempting Redis connection - URL: redis://:2a4efe20e40e332d@localhost:6379/0, Host: localhost, Port: 6379, DB: 0
2025-08-01 10:50:51 - transaction_storage - INFO - Trying Redis connection method: URL
2025-08-01 10:50:51 - transaction_storage - INFO - Redis connection successful using URL: True
2025-08-01 10:50:51 - transaction_storage - INFO - Using Redis storage for transactions
2025-08-01 16:03:08 - transaction_storage - DEBUG - Logger initialized for transaction_storage at level DEBUG
2025-08-01 16:03:08 - transaction_storage - INFO - Attempting Redis connection - URL: redis://:2a4efe20e40e332d@localhost:6379/0, Host: localhost, Port: 6379, DB: 0
2025-08-01 16:03:08 - transaction_storage - INFO - Trying Redis connection method: URL
2025-08-01 16:03:08 - transaction_storage - INFO - Redis connection successful using URL: True
2025-08-01 16:03:08 - transaction_storage - INFO - Using Redis storage for transactions
2025-08-01 16:03:08 - transaction_storage - DEBUG - Logger initialized for transaction_storage at level DEBUG
2025-08-01 16:03:08 - transaction_storage - INFO - Attempting Redis connection - URL: redis://:2a4efe20e40e332d@localhost:6379/0, Host: localhost, Port: 6379, DB: 0
2025-08-01 16:03:08 - transaction_storage - INFO - Trying Redis connection method: URL
2025-08-01 16:03:08 - transaction_storage - INFO - Redis connection successful using URL: True
2025-08-01 16:03:08 - transaction_storage - INFO - Using Redis storage for transactions
2025-08-01 16:03:08 - transaction_storage - DEBUG - Logger initialized for transaction_storage at level DEBUG
2025-08-01 16:03:08 - transaction_storage - INFO - Attempting Redis connection - URL: redis://:2a4efe20e40e332d@localhost:6379/0, Host: localhost, Port: 6379, DB: 0
2025-08-01 16:03:08 - transaction_storage - INFO - Trying Redis connection method: URL
2025-08-01 16:03:08 - transaction_storage - INFO - Redis connection successful using URL: True
2025-08-01 16:03:08 - transaction_storage - INFO - Using Redis storage for transactions
2025-08-01 16:03:17 - transaction_storage - DEBUG - Logger initialized for transaction_storage at level DEBUG
2025-08-01 16:03:17 - transaction_storage - INFO - Attempting Redis connection - URL: redis://:2a4efe20e40e332d@localhost:6379/0, Host: localhost, Port: 6379, DB: 0
2025-08-01 16:03:17 - transaction_storage - INFO - Trying Redis connection method: URL
2025-08-01 16:03:17 - transaction_storage - INFO - Redis connection successful using URL: True
2025-08-01 16:03:17 - transaction_storage - INFO - Using Redis storage for transactions
2025-08-01 16:03:17 - transaction_storage - DEBUG - Logger initialized for transaction_storage at level DEBUG
2025-08-01 16:03:17 - transaction_storage - INFO - Attempting Redis connection - URL: redis://:2a4efe20e40e332d@localhost:6379/0, Host: localhost, Port: 6379, DB: 0
2025-08-01 16:03:17 - transaction_storage - INFO - Trying Redis connection method: URL
2025-08-01 16:03:17 - transaction_storage - INFO - Redis connection successful using URL: True
2025-08-01 16:03:17 - transaction_storage - INFO - Using Redis storage for transactions
2025-08-01 16:03:17 - transaction_storage - DEBUG - Logger initialized for transaction_storage at level DEBUG
2025-08-01 16:03:17 - transaction_storage - INFO - Attempting Redis connection - URL: redis://:2a4efe20e40e332d@localhost:6379/0, Host: localhost, Port: 6379, DB: 0
2025-08-01 16:03:17 - transaction_storage - INFO - Trying Redis connection method: URL
2025-08-01 16:03:17 - transaction_storage - INFO - Redis connection successful using URL: True
2025-08-01 16:03:17 - transaction_storage - INFO - Using Redis storage for transactions
2025-08-01 16:03:22 - transaction_storage - DEBUG - Logger initialized for transaction_storage at level DEBUG
2025-08-01 16:03:22 - transaction_storage - INFO - Attempting Redis connection - URL: redis://:2a4efe20e40e332d@localhost:6379/0, Host: localhost, Port: 6379, DB: 0
2025-08-01 16:03:22 - transaction_storage - INFO - Trying Redis connection method: URL
2025-08-01 16:03:22 - transaction_storage - INFO - Redis connection successful using URL: True
2025-08-01 16:03:22 - transaction_storage - INFO - Using Redis storage for transactions
2025-08-01 16:03:22 - transaction_storage - DEBUG - Logger initialized for transaction_storage at level DEBUG
2025-08-01 16:03:22 - transaction_storage - INFO - Attempting Redis connection - URL: redis://:2a4efe20e40e332d@localhost:6379/0, Host: localhost, Port: 6379, DB: 0
2025-08-01 16:03:22 - transaction_storage - INFO - Trying Redis connection method: URL
2025-08-01 16:03:22 - transaction_storage - INFO - Redis connection successful using URL: True
2025-08-01 16:03:22 - transaction_storage - INFO - Using Redis storage for transactions
2025-08-01 16:03:22 - transaction_storage - DEBUG - Logger initialized for transaction_storage at level DEBUG
2025-08-01 16:03:22 - transaction_storage - INFO - Attempting Redis connection - URL: redis://:2a4efe20e40e332d@localhost:6379/0, Host: localhost, Port: 6379, DB: 0
2025-08-01 16:03:22 - transaction_storage - INFO - Trying Redis connection method: URL
2025-08-01 16:03:22 - transaction_storage - INFO - Redis connection successful using URL: True
2025-08-01 16:03:22 - transaction_storage - INFO - Using Redis storage for transactions
2025-08-01 16:03:26 - transaction_storage - DEBUG - Logger initialized for transaction_storage at level DEBUG
2025-08-01 16:03:26 - transaction_storage - INFO - Attempting Redis connection - URL: redis://:2a4efe20e40e332d@localhost:6379/0, Host: localhost, Port: 6379, DB: 0
2025-08-01 16:03:26 - transaction_storage - INFO - Trying Redis connection method: URL
2025-08-01 16:03:26 - transaction_storage - INFO - Redis connection successful using URL: True
2025-08-01 16:03:26 - transaction_storage - INFO - Using Redis storage for transactions
2025-08-01 16:03:26 - transaction_storage - DEBUG - Logger initialized for transaction_storage at level DEBUG
2025-08-01 16:03:26 - transaction_storage - INFO - Attempting Redis connection - URL: redis://:2a4efe20e40e332d@localhost:6379/0, Host: localhost, Port: 6379, DB: 0
2025-08-01 16:03:26 - transaction_storage - INFO - Trying Redis connection method: URL
2025-08-01 16:03:26 - transaction_storage - INFO - Redis connection successful using URL: True
2025-08-01 16:03:26 - transaction_storage - INFO - Using Redis storage for transactions
2025-08-01 16:03:26 - transaction_storage - DEBUG - Logger initialized for transaction_storage at level DEBUG
2025-08-01 16:03:26 - transaction_storage - INFO - Attempting Redis connection - URL: redis://:2a4efe20e40e332d@localhost:6379/0, Host: localhost, Port: 6379, DB: 0
2025-08-01 16:03:26 - transaction_storage - INFO - Trying Redis connection method: URL
2025-08-01 16:03:26 - transaction_storage - INFO - Redis connection successful using URL: True
2025-08-01 16:03:26 - transaction_storage - INFO - Using Redis storage for transactions
2025-08-01 16:03:30 - transaction_storage - DEBUG - Logger initialized for transaction_storage at level DEBUG
2025-08-01 16:03:30 - transaction_storage - INFO - Attempting Redis connection - URL: redis://:2a4efe20e40e332d@localhost:6379/0, Host: localhost, Port: 6379, DB: 0
2025-08-01 16:03:30 - transaction_storage - INFO - Trying Redis connection method: URL
2025-08-01 16:03:30 - transaction_storage - INFO - Redis connection successful using URL: True
2025-08-01 16:03:30 - transaction_storage - INFO - Using Redis storage for transactions
2025-08-01 16:03:30 - transaction_storage - DEBUG - Logger initialized for transaction_storage at level DEBUG
2025-08-01 16:03:30 - transaction_storage - INFO - Attempting Redis connection - URL: redis://:2a4efe20e40e332d@localhost:6379/0, Host: localhost, Port: 6379, DB: 0
2025-08-01 16:03:30 - transaction_storage - INFO - Trying Redis connection method: URL
2025-08-01 16:03:30 - transaction_storage - INFO - Redis connection successful using URL: True
2025-08-01 16:03:30 - transaction_storage - INFO - Using Redis storage for transactions
2025-08-01 16:03:31 - transaction_storage - DEBUG - Logger initialized for transaction_storage at level DEBUG
2025-08-01 16:03:31 - transaction_storage - INFO - Attempting Redis connection - URL: redis://:2a4efe20e40e332d@localhost:6379/0, Host: localhost, Port: 6379, DB: 0
2025-08-01 16:03:31 - transaction_storage - INFO - Trying Redis connection method: URL
2025-08-01 16:03:31 - transaction_storage - INFO - Redis connection successful using URL: True
2025-08-01 16:03:31 - transaction_storage - INFO - Using Redis storage for transactions
2025-08-01 16:03:34 - transaction_storage - DEBUG - Logger initialized for transaction_storage at level DEBUG
2025-08-01 16:03:34 - transaction_storage - INFO - Attempting Redis connection - URL: redis://:2a4efe20e40e332d@localhost:6379/0, Host: localhost, Port: 6379, DB: 0
2025-08-01 16:03:34 - transaction_storage - INFO - Trying Redis connection method: URL
2025-08-01 16:03:34 - transaction_storage - INFO - Redis connection successful using URL: True
2025-08-01 16:03:34 - transaction_storage - INFO - Using Redis storage for transactions
2025-08-01 16:03:35 - transaction_storage - DEBUG - Logger initialized for transaction_storage at level DEBUG
2025-08-01 16:03:35 - transaction_storage - INFO - Attempting Redis connection - URL: redis://:2a4efe20e40e332d@localhost:6379/0, Host: localhost, Port: 6379, DB: 0
2025-08-01 16:03:35 - transaction_storage - INFO - Trying Redis connection method: URL
2025-08-01 16:03:35 - transaction_storage - INFO - Redis connection successful using URL: True
2025-08-01 16:03:35 - transaction_storage - INFO - Using Redis storage for transactions
2025-08-01 16:03:36 - transaction_storage - DEBUG - Logger initialized for transaction_storage at level DEBUG
2025-08-01 16:03:36 - transaction_storage - INFO - Attempting Redis connection - URL: redis://:2a4efe20e40e332d@localhost:6379/0, Host: localhost, Port: 6379, DB: 0
2025-08-01 16:03:36 - transaction_storage - INFO - Trying Redis connection method: URL
2025-08-01 16:03:36 - transaction_storage - INFO - Redis connection successful using URL: True
2025-08-01 16:03:36 - transaction_storage - INFO - Using Redis storage for transactions
2025-08-01 16:03:38 - transaction_storage - DEBUG - Logger initialized for transaction_storage at level DEBUG
2025-08-01 16:03:38 - transaction_storage - INFO - Attempting Redis connection - URL: redis://:2a4efe20e40e332d@localhost:6379/0, Host: localhost, Port: 6379, DB: 0
2025-08-01 16:03:38 - transaction_storage - INFO - Trying Redis connection method: URL
2025-08-01 16:03:38 - transaction_storage - INFO - Redis connection successful using URL: True
2025-08-01 16:03:38 - transaction_storage - INFO - Using Redis storage for transactions
2025-08-01 16:03:39 - transaction_storage - DEBUG - Logger initialized for transaction_storage at level DEBUG
2025-08-01 16:03:39 - transaction_storage - INFO - Attempting Redis connection - URL: redis://:2a4efe20e40e332d@localhost:6379/0, Host: localhost, Port: 6379, DB: 0
2025-08-01 16:03:39 - transaction_storage - INFO - Trying Redis connection method: URL
2025-08-01 16:03:39 - transaction_storage - INFO - Redis connection successful using URL: True
2025-08-01 16:03:39 - transaction_storage - INFO - Using Redis storage for transactions
2025-08-01 16:03:41 - transaction_storage - DEBUG - Logger initialized for transaction_storage at level DEBUG
2025-08-01 16:03:41 - transaction_storage - INFO - Attempting Redis connection - URL: redis://:2a4efe20e40e332d@localhost:6379/0, Host: localhost, Port: 6379, DB: 0
2025-08-01 16:03:41 - transaction_storage - INFO - Trying Redis connection method: URL
2025-08-01 16:03:41 - transaction_storage - INFO - Redis connection successful using URL: True
2025-08-01 16:03:41 - transaction_storage - INFO - Using Redis storage for transactions
2025-08-01 16:03:43 - transaction_storage - DEBUG - Logger initialized for transaction_storage at level DEBUG
2025-08-01 16:03:43 - transaction_storage - INFO - Attempting Redis connection - URL: redis://:2a4efe20e40e332d@localhost:6379/0, Host: localhost, Port: 6379, DB: 0
2025-08-01 16:03:43 - transaction_storage - INFO - Trying Redis connection method: URL
2025-08-01 16:03:43 - transaction_storage - INFO - Redis connection successful using URL: True
2025-08-01 16:03:43 - transaction_storage - INFO - Using Redis storage for transactions
2025-08-01 16:03:44 - transaction_storage - DEBUG - Logger initialized for transaction_storage at level DEBUG
2025-08-01 16:03:44 - transaction_storage - INFO - Attempting Redis connection - URL: redis://:2a4efe20e40e332d@localhost:6379/0, Host: localhost, Port: 6379, DB: 0
2025-08-01 16:03:44 - transaction_storage - INFO - Trying Redis connection method: URL
2025-08-01 16:03:44 - transaction_storage - INFO - Redis connection successful using URL: True
2025-08-01 16:03:44 - transaction_storage - INFO - Using Redis storage for transactions
2025-08-01 16:03:45 - transaction_storage - DEBUG - Logger initialized for transaction_storage at level DEBUG
2025-08-01 16:03:45 - transaction_storage - INFO - Attempting Redis connection - URL: redis://:2a4efe20e40e332d@localhost:6379/0, Host: localhost, Port: 6379, DB: 0
2025-08-01 16:03:45 - transaction_storage - INFO - Trying Redis connection method: URL
2025-08-01 16:03:45 - transaction_storage - INFO - Redis connection successful using URL: True
2025-08-01 16:03:45 - transaction_storage - INFO - Using Redis storage for transactions
2025-08-01 16:03:48 - transaction_storage - DEBUG - Logger initialized for transaction_storage at level DEBUG
2025-08-01 16:03:48 - transaction_storage - INFO - Attempting Redis connection - URL: redis://:2a4efe20e40e332d@localhost:6379/0, Host: localhost, Port: 6379, DB: 0
2025-08-01 16:03:48 - transaction_storage - INFO - Trying Redis connection method: URL
2025-08-01 16:03:48 - transaction_storage - INFO - Redis connection successful using URL: True
2025-08-01 16:03:48 - transaction_storage - INFO - Using Redis storage for transactions
2025-08-01 16:03:48 - transaction_storage - DEBUG - Logger initialized for transaction_storage at level DEBUG
2025-08-01 16:03:48 - transaction_storage - INFO - Attempting Redis connection - URL: redis://:2a4efe20e40e332d@localhost:6379/0, Host: localhost, Port: 6379, DB: 0
2025-08-01 16:03:48 - transaction_storage - INFO - Trying Redis connection method: URL
2025-08-01 16:03:48 - transaction_storage - INFO - Redis connection successful using URL: True
2025-08-01 16:03:48 - transaction_storage - INFO - Using Redis storage for transactions
2025-08-01 16:03:49 - transaction_storage - DEBUG - Logger initialized for transaction_storage at level DEBUG
2025-08-01 16:03:49 - transaction_storage - INFO - Attempting Redis connection - URL: redis://:2a4efe20e40e332d@localhost:6379/0, Host: localhost, Port: 6379, DB: 0
2025-08-01 16:03:49 - transaction_storage - INFO - Trying Redis connection method: URL
2025-08-01 16:03:49 - transaction_storage - INFO - Redis connection successful using URL: True
2025-08-01 16:03:49 - transaction_storage - INFO - Using Redis storage for transactions
2025-08-01 16:03:52 - transaction_storage - DEBUG - Logger initialized for transaction_storage at level DEBUG
2025-08-01 16:03:52 - transaction_storage - INFO - Attempting Redis connection - URL: redis://:2a4efe20e40e332d@localhost:6379/0, Host: localhost, Port: 6379, DB: 0
2025-08-01 16:03:52 - transaction_storage - INFO - Trying Redis connection method: URL
2025-08-01 16:03:52 - transaction_storage - INFO - Redis connection successful using URL: True
2025-08-01 16:03:52 - transaction_storage - INFO - Using Redis storage for transactions
2025-08-01 16:03:52 - transaction_storage - DEBUG - Logger initialized for transaction_storage at level DEBUG
2025-08-01 16:03:52 - transaction_storage - INFO - Attempting Redis connection - URL: redis://:2a4efe20e40e332d@localhost:6379/0, Host: localhost, Port: 6379, DB: 0
2025-08-01 16:03:52 - transaction_storage - INFO - Trying Redis connection method: URL
2025-08-01 16:03:52 - transaction_storage - INFO - Redis connection successful using URL: True
2025-08-01 16:03:52 - transaction_storage - INFO - Using Redis storage for transactions
2025-08-01 16:03:53 - transaction_storage - DEBUG - Logger initialized for transaction_storage at level DEBUG
2025-08-01 16:03:53 - transaction_storage - INFO - Attempting Redis connection - URL: redis://:2a4efe20e40e332d@localhost:6379/0, Host: localhost, Port: 6379, DB: 0
2025-08-01 16:03:53 - transaction_storage - INFO - Trying Redis connection method: URL
2025-08-01 16:03:53 - transaction_storage - INFO - Redis connection successful using URL: True
2025-08-01 16:03:53 - transaction_storage - INFO - Using Redis storage for transactions
2025-08-01 16:03:56 - transaction_storage - DEBUG - Logger initialized for transaction_storage at level DEBUG
2025-08-01 16:03:56 - transaction_storage - INFO - Attempting Redis connection - URL: redis://:2a4efe20e40e332d@localhost:6379/0, Host: localhost, Port: 6379, DB: 0
2025-08-01 16:03:56 - transaction_storage - INFO - Trying Redis connection method: URL
2025-08-01 16:03:56 - transaction_storage - INFO - Redis connection successful using URL: True
2025-08-01 16:03:56 - transaction_storage - INFO - Using Redis storage for transactions
2025-08-01 16:03:57 - transaction_storage - DEBUG - Logger initialized for transaction_storage at level DEBUG
2025-08-01 16:03:57 - transaction_storage - INFO - Attempting Redis connection - URL: redis://:2a4efe20e40e332d@localhost:6379/0, Host: localhost, Port: 6379, DB: 0
2025-08-01 16:03:57 - transaction_storage - INFO - Trying Redis connection method: URL
2025-08-01 16:03:57 - transaction_storage - INFO - Redis connection successful using URL: True
2025-08-01 16:03:57 - transaction_storage - INFO - Using Redis storage for transactions
2025-08-01 16:03:58 - transaction_storage - DEBUG - Logger initialized for transaction_storage at level DEBUG
2025-08-01 16:03:58 - transaction_storage - INFO - Attempting Redis connection - URL: redis://:2a4efe20e40e332d@localhost:6379/0, Host: localhost, Port: 6379, DB: 0
2025-08-01 16:03:58 - transaction_storage - INFO - Trying Redis connection method: URL
2025-08-01 16:03:58 - transaction_storage - INFO - Redis connection successful using URL: True
2025-08-01 16:03:58 - transaction_storage - INFO - Using Redis storage for transactions
2025-08-01 16:04:00 - transaction_storage - DEBUG - Logger initialized for transaction_storage at level DEBUG
2025-08-01 16:04:00 - transaction_storage - INFO - Attempting Redis connection - URL: redis://:2a4efe20e40e332d@localhost:6379/0, Host: localhost, Port: 6379, DB: 0
2025-08-01 16:04:00 - transaction_storage - INFO - Trying Redis connection method: URL
2025-08-01 16:04:00 - transaction_storage - INFO - Redis connection successful using URL: True
2025-08-01 16:04:00 - transaction_storage - INFO - Using Redis storage for transactions
2025-08-01 16:04:01 - transaction_storage - DEBUG - Logger initialized for transaction_storage at level DEBUG
2025-08-01 16:04:01 - transaction_storage - INFO - Attempting Redis connection - URL: redis://:2a4efe20e40e332d@localhost:6379/0, Host: localhost, Port: 6379, DB: 0
2025-08-01 16:04:01 - transaction_storage - INFO - Trying Redis connection method: URL
2025-08-01 16:04:01 - transaction_storage - INFO - Redis connection successful using URL: True
2025-08-01 16:04:01 - transaction_storage - INFO - Using Redis storage for transactions
2025-08-01 16:04:02 - transaction_storage - DEBUG - Logger initialized for transaction_storage at level DEBUG
2025-08-01 16:04:02 - transaction_storage - INFO - Attempting Redis connection - URL: redis://:2a4efe20e40e332d@localhost:6379/0, Host: localhost, Port: 6379, DB: 0
2025-08-01 16:04:02 - transaction_storage - INFO - Trying Redis connection method: URL
2025-08-01 16:04:02 - transaction_storage - INFO - Redis connection successful using URL: True
2025-08-01 16:04:02 - transaction_storage - INFO - Using Redis storage for transactions
2025-08-01 16:04:05 - transaction_storage - DEBUG - Logger initialized for transaction_storage at level DEBUG
2025-08-01 16:04:05 - transaction_storage - INFO - Attempting Redis connection - URL: redis://:2a4efe20e40e332d@localhost:6379/0, Host: localhost, Port: 6379, DB: 0
2025-08-01 16:04:05 - transaction_storage - INFO - Trying Redis connection method: URL
2025-08-01 16:04:05 - transaction_storage - INFO - Redis connection successful using URL: True
2025-08-01 16:04:05 - transaction_storage - INFO - Using Redis storage for transactions
2025-08-01 16:04:06 - transaction_storage - DEBUG - Logger initialized for transaction_storage at level DEBUG
2025-08-01 16:04:06 - transaction_storage - INFO - Attempting Redis connection - URL: redis://:2a4efe20e40e332d@localhost:6379/0, Host: localhost, Port: 6379, DB: 0
2025-08-01 16:04:06 - transaction_storage - INFO - Trying Redis connection method: URL
2025-08-01 16:04:06 - transaction_storage - INFO - Redis connection successful using URL: True
2025-08-01 16:04:06 - transaction_storage - INFO - Using Redis storage for transactions
2025-08-01 16:04:07 - transaction_storage - DEBUG - Logger initialized for transaction_storage at level DEBUG
2025-08-01 16:04:07 - transaction_storage - INFO - Attempting Redis connection - URL: redis://:2a4efe20e40e332d@localhost:6379/0, Host: localhost, Port: 6379, DB: 0
2025-08-01 16:04:07 - transaction_storage - INFO - Trying Redis connection method: URL
2025-08-01 16:04:07 - transaction_storage - INFO - Redis connection successful using URL: True
2025-08-01 16:04:07 - transaction_storage - INFO - Using Redis storage for transactions
2025-08-01 16:04:10 - transaction_storage - DEBUG - Logger initialized for transaction_storage at level DEBUG
2025-08-01 16:04:10 - transaction_storage - INFO - Attempting Redis connection - URL: redis://:2a4efe20e40e332d@localhost:6379/0, Host: localhost, Port: 6379, DB: 0
2025-08-01 16:04:10 - transaction_storage - INFO - Trying Redis connection method: URL
2025-08-01 16:04:10 - transaction_storage - INFO - Redis connection successful using URL: True
2025-08-01 16:04:10 - transaction_storage - INFO - Using Redis storage for transactions
2025-08-01 16:04:10 - transaction_storage - DEBUG - Logger initialized for transaction_storage at level DEBUG
2025-08-01 16:04:10 - transaction_storage - INFO - Attempting Redis connection - URL: redis://:2a4efe20e40e332d@localhost:6379/0, Host: localhost, Port: 6379, DB: 0
2025-08-01 16:04:10 - transaction_storage - INFO - Trying Redis connection method: URL
2025-08-01 16:04:10 - transaction_storage - INFO - Redis connection successful using URL: True
2025-08-01 16:04:10 - transaction_storage - INFO - Using Redis storage for transactions
2025-08-01 16:04:12 - transaction_storage - DEBUG - Logger initialized for transaction_storage at level DEBUG
2025-08-01 16:04:12 - transaction_storage - INFO - Attempting Redis connection - URL: redis://:2a4efe20e40e332d@localhost:6379/0, Host: localhost, Port: 6379, DB: 0
2025-08-01 16:04:12 - transaction_storage - INFO - Trying Redis connection method: URL
2025-08-01 16:04:12 - transaction_storage - INFO - Redis connection successful using URL: True
2025-08-01 16:04:12 - transaction_storage - INFO - Using Redis storage for transactions
2025-08-01 16:04:14 - transaction_storage - DEBUG - Logger initialized for transaction_storage at level DEBUG
2025-08-01 16:04:14 - transaction_storage - INFO - Attempting Redis connection - URL: redis://:2a4efe20e40e332d@localhost:6379/0, Host: localhost, Port: 6379, DB: 0
2025-08-01 16:04:14 - transaction_storage - INFO - Trying Redis connection method: URL
2025-08-01 16:04:14 - transaction_storage - INFO - Redis connection successful using URL: True
2025-08-01 16:04:14 - transaction_storage - INFO - Using Redis storage for transactions
2025-08-01 16:04:15 - transaction_storage - DEBUG - Logger initialized for transaction_storage at level DEBUG
2025-08-01 16:04:15 - transaction_storage - INFO - Attempting Redis connection - URL: redis://:2a4efe20e40e332d@localhost:6379/0, Host: localhost, Port: 6379, DB: 0
2025-08-01 16:04:15 - transaction_storage - INFO - Trying Redis connection method: URL
2025-08-01 16:04:15 - transaction_storage - INFO - Redis connection successful using URL: True
2025-08-01 16:04:15 - transaction_storage - INFO - Using Redis storage for transactions
2025-08-01 16:04:16 - transaction_storage - DEBUG - Logger initialized for transaction_storage at level DEBUG
2025-08-01 16:04:16 - transaction_storage - INFO - Attempting Redis connection - URL: redis://:2a4efe20e40e332d@localhost:6379/0, Host: localhost, Port: 6379, DB: 0
2025-08-01 16:04:16 - transaction_storage - INFO - Trying Redis connection method: URL
2025-08-01 16:04:16 - transaction_storage - INFO - Redis connection successful using URL: True
2025-08-01 16:04:16 - transaction_storage - INFO - Using Redis storage for transactions
2025-08-01 16:04:19 - transaction_storage - DEBUG - Logger initialized for transaction_storage at level DEBUG
2025-08-01 16:04:19 - transaction_storage - INFO - Attempting Redis connection - URL: redis://:2a4efe20e40e332d@localhost:6379/0, Host: localhost, Port: 6379, DB: 0
2025-08-01 16:04:19 - transaction_storage - INFO - Trying Redis connection method: URL
2025-08-01 16:04:19 - transaction_storage - INFO - Redis connection successful using URL: True
2025-08-01 16:04:19 - transaction_storage - INFO - Using Redis storage for transactions
2025-08-01 16:04:20 - transaction_storage - DEBUG - Logger initialized for transaction_storage at level DEBUG
2025-08-01 16:04:20 - transaction_storage - INFO - Attempting Redis connection - URL: redis://:2a4efe20e40e332d@localhost:6379/0, Host: localhost, Port: 6379, DB: 0
2025-08-01 16:04:20 - transaction_storage - INFO - Trying Redis connection method: URL
2025-08-01 16:04:20 - transaction_storage - INFO - Redis connection successful using URL: True
2025-08-01 16:04:20 - transaction_storage - INFO - Using Redis storage for transactions
2025-08-01 16:04:21 - transaction_storage - DEBUG - Logger initialized for transaction_storage at level DEBUG
2025-08-01 16:04:21 - transaction_storage - INFO - Attempting Redis connection - URL: redis://:2a4efe20e40e332d@localhost:6379/0, Host: localhost, Port: 6379, DB: 0
2025-08-01 16:04:21 - transaction_storage - INFO - Trying Redis connection method: URL
2025-08-01 16:04:21 - transaction_storage - INFO - Redis connection successful using URL: True
2025-08-01 16:04:21 - transaction_storage - INFO - Using Redis storage for transactions
2025-08-01 16:04:24 - transaction_storage - DEBUG - Logger initialized for transaction_storage at level DEBUG
2025-08-01 16:04:24 - transaction_storage - INFO - Attempting Redis connection - URL: redis://:2a4efe20e40e332d@localhost:6379/0, Host: localhost, Port: 6379, DB: 0
2025-08-01 16:04:24 - transaction_storage - INFO - Trying Redis connection method: URL
2025-08-01 16:04:24 - transaction_storage - INFO - Redis connection successful using URL: True
2025-08-01 16:04:24 - transaction_storage - INFO - Using Redis storage for transactions
2025-08-01 16:04:25 - transaction_storage - DEBUG - Logger initialized for transaction_storage at level DEBUG
2025-08-01 16:04:25 - transaction_storage - INFO - Attempting Redis connection - URL: redis://:2a4efe20e40e332d@localhost:6379/0, Host: localhost, Port: 6379, DB: 0
2025-08-01 16:04:25 - transaction_storage - INFO - Trying Redis connection method: URL
2025-08-01 16:04:25 - transaction_storage - INFO - Redis connection successful using URL: True
2025-08-01 16:04:25 - transaction_storage - INFO - Using Redis storage for transactions
2025-08-01 16:04:26 - transaction_storage - DEBUG - Logger initialized for transaction_storage at level DEBUG
2025-08-01 16:04:26 - transaction_storage - INFO - Attempting Redis connection - URL: redis://:2a4efe20e40e332d@localhost:6379/0, Host: localhost, Port: 6379, DB: 0
2025-08-01 16:04:26 - transaction_storage - INFO - Trying Redis connection method: URL
2025-08-01 16:04:26 - transaction_storage - INFO - Redis connection successful using URL: True
2025-08-01 16:04:26 - transaction_storage - INFO - Using Redis storage for transactions
2025-08-01 16:04:28 - transaction_storage - DEBUG - Logger initialized for transaction_storage at level DEBUG
2025-08-01 16:04:28 - transaction_storage - INFO - Attempting Redis connection - URL: redis://:2a4efe20e40e332d@localhost:6379/0, Host: localhost, Port: 6379, DB: 0
2025-08-01 16:04:28 - transaction_storage - INFO - Trying Redis connection method: URL
2025-08-01 16:04:28 - transaction_storage - INFO - Redis connection successful using URL: True
2025-08-01 16:04:28 - transaction_storage - INFO - Using Redis storage for transactions
2025-08-01 16:04:29 - transaction_storage - DEBUG - Logger initialized for transaction_storage at level DEBUG
2025-08-01 16:04:29 - transaction_storage - INFO - Attempting Redis connection - URL: redis://:2a4efe20e40e332d@localhost:6379/0, Host: localhost, Port: 6379, DB: 0
2025-08-01 16:04:29 - transaction_storage - INFO - Trying Redis connection method: URL
2025-08-01 16:04:29 - transaction_storage - INFO - Redis connection successful using URL: True
2025-08-01 16:04:29 - transaction_storage - INFO - Using Redis storage for transactions
2025-08-01 16:04:30 - transaction_storage - DEBUG - Logger initialized for transaction_storage at level DEBUG
2025-08-01 16:04:30 - transaction_storage - INFO - Attempting Redis connection - URL: redis://:2a4efe20e40e332d@localhost:6379/0, Host: localhost, Port: 6379, DB: 0
2025-08-01 16:04:30 - transaction_storage - INFO - Trying Redis connection method: URL
2025-08-01 16:04:30 - transaction_storage - INFO - Redis connection successful using URL: True
2025-08-01 16:04:30 - transaction_storage - INFO - Using Redis storage for transactions
2025-08-01 16:04:32 - transaction_storage - DEBUG - Logger initialized for transaction_storage at level DEBUG
2025-08-01 16:04:32 - transaction_storage - INFO - Attempting Redis connection - URL: redis://:2a4efe20e40e332d@localhost:6379/0, Host: localhost, Port: 6379, DB: 0
2025-08-01 16:04:32 - transaction_storage - INFO - Trying Redis connection method: URL
2025-08-01 16:04:32 - transaction_storage - INFO - Redis connection successful using URL: True
2025-08-01 16:04:32 - transaction_storage - INFO - Using Redis storage for transactions
2025-08-01 16:04:33 - transaction_storage - DEBUG - Logger initialized for transaction_storage at level DEBUG
2025-08-01 16:04:33 - transaction_storage - INFO - Attempting Redis connection - URL: redis://:2a4efe20e40e332d@localhost:6379/0, Host: localhost, Port: 6379, DB: 0
2025-08-01 16:04:33 - transaction_storage - INFO - Trying Redis connection method: URL
2025-08-01 16:04:33 - transaction_storage - INFO - Redis connection successful using URL: True
2025-08-01 16:04:33 - transaction_storage - INFO - Using Redis storage for transactions
2025-08-01 16:04:34 - transaction_storage - DEBUG - Logger initialized for transaction_storage at level DEBUG
2025-08-01 16:04:34 - transaction_storage - INFO - Attempting Redis connection - URL: redis://:2a4efe20e40e332d@localhost:6379/0, Host: localhost, Port: 6379, DB: 0
2025-08-01 16:04:34 - transaction_storage - INFO - Trying Redis connection method: URL
2025-08-01 16:04:34 - transaction_storage - INFO - Redis connection successful using URL: True
2025-08-01 16:04:34 - transaction_storage - INFO - Using Redis storage for transactions
2025-08-01 16:04:36 - transaction_storage - DEBUG - Logger initialized for transaction_storage at level DEBUG
2025-08-01 16:04:36 - transaction_storage - INFO - Attempting Redis connection - URL: redis://:2a4efe20e40e332d@localhost:6379/0, Host: localhost, Port: 6379, DB: 0
2025-08-01 16:04:36 - transaction_storage - INFO - Trying Redis connection method: URL
2025-08-01 16:04:36 - transaction_storage - INFO - Redis connection successful using URL: True
2025-08-01 16:04:36 - transaction_storage - INFO - Using Redis storage for transactions
2025-08-01 16:04:37 - transaction_storage - DEBUG - Logger initialized for transaction_storage at level DEBUG
2025-08-01 16:04:37 - transaction_storage - INFO - Attempting Redis connection - URL: redis://:2a4efe20e40e332d@localhost:6379/0, Host: localhost, Port: 6379, DB: 0
2025-08-01 16:04:37 - transaction_storage - INFO - Trying Redis connection method: URL
2025-08-01 16:04:37 - transaction_storage - INFO - Redis connection successful using URL: True
2025-08-01 16:04:37 - transaction_storage - INFO - Using Redis storage for transactions
2025-08-01 16:04:38 - transaction_storage - DEBUG - Logger initialized for transaction_storage at level DEBUG
2025-08-01 16:04:38 - transaction_storage - INFO - Attempting Redis connection - URL: redis://:2a4efe20e40e332d@localhost:6379/0, Host: localhost, Port: 6379, DB: 0
2025-08-01 16:04:38 - transaction_storage - INFO - Trying Redis connection method: URL
2025-08-01 16:04:38 - transaction_storage - INFO - Redis connection successful using URL: True
2025-08-01 16:04:38 - transaction_storage - INFO - Using Redis storage for transactions
2025-08-01 16:04:41 - transaction_storage - DEBUG - Logger initialized for transaction_storage at level DEBUG
2025-08-01 16:04:41 - transaction_storage - INFO - Attempting Redis connection - URL: redis://:2a4efe20e40e332d@localhost:6379/0, Host: localhost, Port: 6379, DB: 0
2025-08-01 16:04:41 - transaction_storage - INFO - Trying Redis connection method: URL
2025-08-01 16:04:41 - transaction_storage - INFO - Redis connection successful using URL: True
2025-08-01 16:04:41 - transaction_storage - INFO - Using Redis storage for transactions
2025-08-01 16:04:42 - transaction_storage - DEBUG - Logger initialized for transaction_storage at level DEBUG
2025-08-01 16:04:42 - transaction_storage - INFO - Attempting Redis connection - URL: redis://:2a4efe20e40e332d@localhost:6379/0, Host: localhost, Port: 6379, DB: 0
2025-08-01 16:04:42 - transaction_storage - INFO - Trying Redis connection method: URL
2025-08-01 16:04:42 - transaction_storage - INFO - Redis connection successful using URL: True
2025-08-01 16:04:42 - transaction_storage - INFO - Using Redis storage for transactions
2025-08-01 16:04:42 - transaction_storage - DEBUG - Logger initialized for transaction_storage at level DEBUG
2025-08-01 16:04:42 - transaction_storage - INFO - Attempting Redis connection - URL: redis://:2a4efe20e40e332d@localhost:6379/0, Host: localhost, Port: 6379, DB: 0
2025-08-01 16:04:42 - transaction_storage - INFO - Trying Redis connection method: URL
2025-08-01 16:04:42 - transaction_storage - INFO - Redis connection successful using URL: True
2025-08-01 16:04:42 - transaction_storage - INFO - Using Redis storage for transactions
2025-08-01 16:04:46 - transaction_storage - DEBUG - Logger initialized for transaction_storage at level DEBUG
2025-08-01 16:04:46 - transaction_storage - INFO - Attempting Redis connection - URL: redis://:2a4efe20e40e332d@localhost:6379/0, Host: localhost, Port: 6379, DB: 0
2025-08-01 16:04:46 - transaction_storage - INFO - Trying Redis connection method: URL
2025-08-01 16:04:46 - transaction_storage - INFO - Redis connection successful using URL: True
2025-08-01 16:04:46 - transaction_storage - INFO - Using Redis storage for transactions
2025-08-01 16:04:46 - transaction_storage - DEBUG - Logger initialized for transaction_storage at level DEBUG
2025-08-01 16:04:46 - transaction_storage - INFO - Attempting Redis connection - URL: redis://:2a4efe20e40e332d@localhost:6379/0, Host: localhost, Port: 6379, DB: 0
2025-08-01 16:04:46 - transaction_storage - INFO - Trying Redis connection method: URL
2025-08-01 16:04:46 - transaction_storage - INFO - Redis connection successful using URL: True
2025-08-01 16:04:46 - transaction_storage - INFO - Using Redis storage for transactions
2025-08-01 16:04:47 - transaction_storage - DEBUG - Logger initialized for transaction_storage at level DEBUG
2025-08-01 16:04:47 - transaction_storage - INFO - Attempting Redis connection - URL: redis://:2a4efe20e40e332d@localhost:6379/0, Host: localhost, Port: 6379, DB: 0
2025-08-01 16:04:47 - transaction_storage - INFO - Trying Redis connection method: URL
2025-08-01 16:04:47 - transaction_storage - INFO - Redis connection successful using URL: True
2025-08-01 16:04:47 - transaction_storage - INFO - Using Redis storage for transactions
2025-08-01 16:04:50 - transaction_storage - DEBUG - Logger initialized for transaction_storage at level DEBUG
2025-08-01 16:04:50 - transaction_storage - INFO - Attempting Redis connection - URL: redis://:2a4efe20e40e332d@localhost:6379/0, Host: localhost, Port: 6379, DB: 0
2025-08-01 16:04:50 - transaction_storage - INFO - Trying Redis connection method: URL
2025-08-01 16:04:50 - transaction_storage - INFO - Redis connection successful using URL: True
2025-08-01 16:04:50 - transaction_storage - INFO - Using Redis storage for transactions
2025-08-01 16:04:50 - transaction_storage - DEBUG - Logger initialized for transaction_storage at level DEBUG
2025-08-01 16:04:50 - transaction_storage - INFO - Attempting Redis connection - URL: redis://:2a4efe20e40e332d@localhost:6379/0, Host: localhost, Port: 6379, DB: 0
2025-08-01 16:04:50 - transaction_storage - INFO - Trying Redis connection method: URL
2025-08-01 16:04:50 - transaction_storage - INFO - Redis connection successful using URL: True
2025-08-01 16:04:50 - transaction_storage - INFO - Using Redis storage for transactions
2025-08-01 16:04:51 - transaction_storage - DEBUG - Logger initialized for transaction_storage at level DEBUG
2025-08-01 16:04:51 - transaction_storage - INFO - Attempting Redis connection - URL: redis://:2a4efe20e40e332d@localhost:6379/0, Host: localhost, Port: 6379, DB: 0
2025-08-01 16:04:51 - transaction_storage - INFO - Trying Redis connection method: URL
2025-08-01 16:04:51 - transaction_storage - INFO - Redis connection successful using URL: True
2025-08-01 16:04:51 - transaction_storage - INFO - Using Redis storage for transactions
2025-08-01 16:04:55 - transaction_storage - DEBUG - Logger initialized for transaction_storage at level DEBUG
2025-08-01 16:04:55 - transaction_storage - INFO - Attempting Redis connection - URL: redis://:2a4efe20e40e332d@localhost:6379/0, Host: localhost, Port: 6379, DB: 0
2025-08-01 16:04:55 - transaction_storage - INFO - Trying Redis connection method: URL
2025-08-01 16:04:55 - transaction_storage - INFO - Redis connection successful using URL: True
2025-08-01 16:04:55 - transaction_storage - INFO - Using Redis storage for transactions
2025-08-01 16:04:55 - transaction_storage - DEBUG - Logger initialized for transaction_storage at level DEBUG
2025-08-01 16:04:55 - transaction_storage - INFO - Attempting Redis connection - URL: redis://:2a4efe20e40e332d@localhost:6379/0, Host: localhost, Port: 6379, DB: 0
2025-08-01 16:04:55 - transaction_storage - INFO - Trying Redis connection method: URL
2025-08-01 16:04:55 - transaction_storage - INFO - Redis connection successful using URL: True
2025-08-01 16:04:55 - transaction_storage - INFO - Using Redis storage for transactions
2025-08-01 16:04:56 - transaction_storage - DEBUG - Logger initialized for transaction_storage at level DEBUG
2025-08-01 16:04:56 - transaction_storage - INFO - Attempting Redis connection - URL: redis://:2a4efe20e40e332d@localhost:6379/0, Host: localhost, Port: 6379, DB: 0
2025-08-01 16:04:56 - transaction_storage - INFO - Trying Redis connection method: URL
2025-08-01 16:04:56 - transaction_storage - INFO - Redis connection successful using URL: True
2025-08-01 16:04:56 - transaction_storage - INFO - Using Redis storage for transactions
2025-08-01 16:04:59 - transaction_storage - DEBUG - Logger initialized for transaction_storage at level DEBUG
2025-08-01 16:04:59 - transaction_storage - INFO - Attempting Redis connection - URL: redis://:2a4efe20e40e332d@localhost:6379/0, Host: localhost, Port: 6379, DB: 0
2025-08-01 16:04:59 - transaction_storage - INFO - Trying Redis connection method: URL
2025-08-01 16:04:59 - transaction_storage - INFO - Redis connection successful using URL: True
2025-08-01 16:04:59 - transaction_storage - INFO - Using Redis storage for transactions
2025-08-01 16:04:59 - transaction_storage - DEBUG - Logger initialized for transaction_storage at level DEBUG
2025-08-01 16:04:59 - transaction_storage - INFO - Attempting Redis connection - URL: redis://:2a4efe20e40e332d@localhost:6379/0, Host: localhost, Port: 6379, DB: 0
2025-08-01 16:04:59 - transaction_storage - INFO - Trying Redis connection method: URL
2025-08-01 16:04:59 - transaction_storage - INFO - Redis connection successful using URL: True
2025-08-01 16:04:59 - transaction_storage - INFO - Using Redis storage for transactions
2025-08-01 16:05:02 - transaction_storage - DEBUG - Logger initialized for transaction_storage at level DEBUG
2025-08-01 16:05:02 - transaction_storage - INFO - Attempting Redis connection - URL: redis://:2a4efe20e40e332d@localhost:6379/0, Host: localhost, Port: 6379, DB: 0
2025-08-01 16:05:02 - transaction_storage - INFO - Trying Redis connection method: URL
2025-08-01 16:05:02 - transaction_storage - INFO - Redis connection successful using URL: True
2025-08-01 16:05:02 - transaction_storage - INFO - Using Redis storage for transactions
2025-08-01 16:05:10 - transaction_storage - DEBUG - Logger initialized for transaction_storage at level DEBUG
2025-08-01 16:05:10 - transaction_storage - INFO - Attempting Redis connection - URL: redis://:2a4efe20e40e332d@localhost:6379/0, Host: localhost, Port: 6379, DB: 0
2025-08-01 16:05:10 - transaction_storage - INFO - Trying Redis connection method: URL
2025-08-01 16:05:10 - transaction_storage - INFO - Redis connection successful using URL: True
2025-08-01 16:05:10 - transaction_storage - INFO - Using Redis storage for transactions
2025-08-01 16:05:10 - transaction_storage - DEBUG - Logger initialized for transaction_storage at level DEBUG
2025-08-01 16:05:10 - transaction_storage - INFO - Attempting Redis connection - URL: redis://:2a4efe20e40e332d@localhost:6379/0, Host: localhost, Port: 6379, DB: 0
2025-08-01 16:05:10 - transaction_storage - INFO - Trying Redis connection method: URL
2025-08-01 16:05:10 - transaction_storage - INFO - Redis connection successful using URL: True
2025-08-01 16:05:10 - transaction_storage - INFO - Using Redis storage for transactions
2025-08-01 16:05:11 - transaction_storage - DEBUG - Logger initialized for transaction_storage at level DEBUG
2025-08-01 16:05:11 - transaction_storage - INFO - Attempting Redis connection - URL: redis://:2a4efe20e40e332d@localhost:6379/0, Host: localhost, Port: 6379, DB: 0
2025-08-01 16:05:11 - transaction_storage - INFO - Trying Redis connection method: URL
2025-08-01 16:05:11 - transaction_storage - INFO - Redis connection successful using URL: True
2025-08-01 16:05:11 - transaction_storage - INFO - Using Redis storage for transactions
2025-08-01 16:05:14 - transaction_storage - DEBUG - Logger initialized for transaction_storage at level DEBUG
2025-08-01 16:05:14 - transaction_storage - INFO - Attempting Redis connection - URL: redis://:2a4efe20e40e332d@localhost:6379/0, Host: localhost, Port: 6379, DB: 0
2025-08-01 16:05:14 - transaction_storage - INFO - Trying Redis connection method: URL
2025-08-01 16:05:14 - transaction_storage - INFO - Redis connection successful using URL: True
2025-08-01 16:05:14 - transaction_storage - INFO - Using Redis storage for transactions
2025-08-01 16:05:14 - transaction_storage - DEBUG - Logger initialized for transaction_storage at level DEBUG
2025-08-01 16:05:14 - transaction_storage - INFO - Attempting Redis connection - URL: redis://:2a4efe20e40e332d@localhost:6379/0, Host: localhost, Port: 6379, DB: 0
2025-08-01 16:05:14 - transaction_storage - INFO - Trying Redis connection method: URL
2025-08-01 16:05:14 - transaction_storage - INFO - Redis connection successful using URL: True
2025-08-01 16:05:14 - transaction_storage - INFO - Using Redis storage for transactions
2025-08-01 16:05:15 - transaction_storage - DEBUG - Logger initialized for transaction_storage at level DEBUG
2025-08-01 16:05:15 - transaction_storage - INFO - Attempting Redis connection - URL: redis://:2a4efe20e40e332d@localhost:6379/0, Host: localhost, Port: 6379, DB: 0
2025-08-01 16:05:15 - transaction_storage - INFO - Trying Redis connection method: URL
2025-08-01 16:05:15 - transaction_storage - INFO - Redis connection successful using URL: True
2025-08-01 16:05:15 - transaction_storage - INFO - Using Redis storage for transactions
2025-08-01 16:05:19 - transaction_storage - DEBUG - Logger initialized for transaction_storage at level DEBUG
2025-08-01 16:05:19 - transaction_storage - INFO - Attempting Redis connection - URL: redis://:2a4efe20e40e332d@localhost:6379/0, Host: localhost, Port: 6379, DB: 0
2025-08-01 16:05:19 - transaction_storage - INFO - Trying Redis connection method: URL
2025-08-01 16:05:19 - transaction_storage - INFO - Redis connection successful using URL: True
2025-08-01 16:05:19 - transaction_storage - INFO - Using Redis storage for transactions
2025-08-01 16:05:20 - transaction_storage - DEBUG - Logger initialized for transaction_storage at level DEBUG
2025-08-01 16:05:20 - transaction_storage - INFO - Attempting Redis connection - URL: redis://:2a4efe20e40e332d@localhost:6379/0, Host: localhost, Port: 6379, DB: 0
2025-08-01 16:05:20 - transaction_storage - INFO - Trying Redis connection method: URL
2025-08-01 16:05:20 - transaction_storage - INFO - Redis connection successful using URL: True
2025-08-01 16:05:20 - transaction_storage - INFO - Using Redis storage for transactions
2025-08-01 16:05:20 - transaction_storage - DEBUG - Logger initialized for transaction_storage at level DEBUG
2025-08-01 16:05:20 - transaction_storage - INFO - Attempting Redis connection - URL: redis://:2a4efe20e40e332d@localhost:6379/0, Host: localhost, Port: 6379, DB: 0
2025-08-01 16:05:20 - transaction_storage - INFO - Trying Redis connection method: URL
2025-08-01 16:05:20 - transaction_storage - INFO - Redis connection successful using URL: True
2025-08-01 16:05:20 - transaction_storage - INFO - Using Redis storage for transactions
2025-08-01 16:05:22 - transaction_storage - DEBUG - Logger initialized for transaction_storage at level DEBUG
2025-08-01 16:05:22 - transaction_storage - INFO - Attempting Redis connection - URL: redis://:2a4efe20e40e332d@localhost:6379/0, Host: localhost, Port: 6379, DB: 0
2025-08-01 16:05:22 - transaction_storage - INFO - Trying Redis connection method: URL
2025-08-01 16:05:22 - transaction_storage - INFO - Redis connection successful using URL: True
2025-08-01 16:05:22 - transaction_storage - INFO - Using Redis storage for transactions
2025-08-01 16:05:23 - transaction_storage - DEBUG - Logger initialized for transaction_storage at level DEBUG
2025-08-01 16:05:23 - transaction_storage - INFO - Attempting Redis connection - URL: redis://:2a4efe20e40e332d@localhost:6379/0, Host: localhost, Port: 6379, DB: 0
2025-08-01 16:05:23 - transaction_storage - INFO - Trying Redis connection method: URL
2025-08-01 16:05:23 - transaction_storage - INFO - Redis connection successful using URL: True
2025-08-01 16:05:23 - transaction_storage - INFO - Using Redis storage for transactions
2025-08-01 16:05:23 - transaction_storage - DEBUG - Logger initialized for transaction_storage at level DEBUG
2025-08-01 16:05:23 - transaction_storage - INFO - Attempting Redis connection - URL: redis://:2a4efe20e40e332d@localhost:6379/0, Host: localhost, Port: 6379, DB: 0
2025-08-01 16:05:23 - transaction_storage - INFO - Trying Redis connection method: URL
2025-08-01 16:05:23 - transaction_storage - INFO - Redis connection successful using URL: True
2025-08-01 16:05:23 - transaction_storage - INFO - Using Redis storage for transactions
2025-08-01 16:05:27 - transaction_storage - DEBUG - Logger initialized for transaction_storage at level DEBUG
2025-08-01 16:05:27 - transaction_storage - INFO - Attempting Redis connection - URL: redis://:2a4efe20e40e332d@localhost:6379/0, Host: localhost, Port: 6379, DB: 0
2025-08-01 16:05:27 - transaction_storage - INFO - Trying Redis connection method: URL
2025-08-01 16:05:27 - transaction_storage - INFO - Redis connection successful using URL: True
2025-08-01 16:05:27 - transaction_storage - INFO - Using Redis storage for transactions
2025-08-01 16:05:27 - transaction_storage - DEBUG - Logger initialized for transaction_storage at level DEBUG
2025-08-01 16:05:27 - transaction_storage - INFO - Attempting Redis connection - URL: redis://:2a4efe20e40e332d@localhost:6379/0, Host: localhost, Port: 6379, DB: 0
2025-08-01 16:05:27 - transaction_storage - INFO - Trying Redis connection method: URL
2025-08-01 16:05:27 - transaction_storage - INFO - Redis connection successful using URL: True
2025-08-01 16:05:27 - transaction_storage - INFO - Using Redis storage for transactions
2025-08-01 16:05:28 - transaction_storage - DEBUG - Logger initialized for transaction_storage at level DEBUG
2025-08-01 16:05:28 - transaction_storage - INFO - Attempting Redis connection - URL: redis://:2a4efe20e40e332d@localhost:6379/0, Host: localhost, Port: 6379, DB: 0
2025-08-01 16:05:28 - transaction_storage - INFO - Trying Redis connection method: URL
2025-08-01 16:05:28 - transaction_storage - INFO - Redis connection successful using URL: True
2025-08-01 16:05:28 - transaction_storage - INFO - Using Redis storage for transactions
2025-08-01 16:05:31 - transaction_storage - DEBUG - Logger initialized for transaction_storage at level DEBUG
2025-08-01 16:05:31 - transaction_storage - INFO - Attempting Redis connection - URL: redis://:2a4efe20e40e332d@localhost:6379/0, Host: localhost, Port: 6379, DB: 0
2025-08-01 16:05:31 - transaction_storage - INFO - Trying Redis connection method: URL
2025-08-01 16:05:31 - transaction_storage - INFO - Redis connection successful using URL: True
2025-08-01 16:05:31 - transaction_storage - INFO - Using Redis storage for transactions
2025-08-01 16:05:31 - transaction_storage - DEBUG - Logger initialized for transaction_storage at level DEBUG
2025-08-01 16:05:31 - transaction_storage - INFO - Attempting Redis connection - URL: redis://:2a4efe20e40e332d@localhost:6379/0, Host: localhost, Port: 6379, DB: 0
2025-08-01 16:05:31 - transaction_storage - INFO - Trying Redis connection method: URL
2025-08-01 16:05:31 - transaction_storage - INFO - Redis connection successful using URL: True
2025-08-01 16:05:31 - transaction_storage - INFO - Using Redis storage for transactions
2025-08-01 16:05:32 - transaction_storage - DEBUG - Logger initialized for transaction_storage at level DEBUG
2025-08-01 16:05:32 - transaction_storage - INFO - Attempting Redis connection - URL: redis://:2a4efe20e40e332d@localhost:6379/0, Host: localhost, Port: 6379, DB: 0
2025-08-01 16:05:32 - transaction_storage - INFO - Trying Redis connection method: URL
2025-08-01 16:05:32 - transaction_storage - INFO - Redis connection successful using URL: True
2025-08-01 16:05:32 - transaction_storage - INFO - Using Redis storage for transactions
2025-08-01 16:05:35 - transaction_storage - DEBUG - Logger initialized for transaction_storage at level DEBUG
2025-08-01 16:05:35 - transaction_storage - INFO - Attempting Redis connection - URL: redis://:2a4efe20e40e332d@localhost:6379/0, Host: localhost, Port: 6379, DB: 0
2025-08-01 16:05:35 - transaction_storage - INFO - Trying Redis connection method: URL
2025-08-01 16:05:35 - transaction_storage - INFO - Redis connection successful using URL: True
2025-08-01 16:05:35 - transaction_storage - INFO - Using Redis storage for transactions
2025-08-01 16:05:36 - transaction_storage - DEBUG - Logger initialized for transaction_storage at level DEBUG
2025-08-01 16:05:36 - transaction_storage - INFO - Attempting Redis connection - URL: redis://:2a4efe20e40e332d@localhost:6379/0, Host: localhost, Port: 6379, DB: 0
2025-08-01 16:05:36 - transaction_storage - INFO - Trying Redis connection method: URL
2025-08-01 16:05:36 - transaction_storage - INFO - Redis connection successful using URL: True
2025-08-01 16:05:36 - transaction_storage - INFO - Using Redis storage for transactions
2025-08-01 16:05:37 - transaction_storage - DEBUG - Logger initialized for transaction_storage at level DEBUG
2025-08-01 16:05:37 - transaction_storage - INFO - Attempting Redis connection - URL: redis://:2a4efe20e40e332d@localhost:6379/0, Host: localhost, Port: 6379, DB: 0
2025-08-01 16:05:37 - transaction_storage - INFO - Trying Redis connection method: URL
2025-08-01 16:05:37 - transaction_storage - INFO - Redis connection successful using URL: True
2025-08-01 16:05:37 - transaction_storage - INFO - Using Redis storage for transactions
2025-08-01 16:05:39 - transaction_storage - DEBUG - Logger initialized for transaction_storage at level DEBUG
2025-08-01 16:05:39 - transaction_storage - INFO - Attempting Redis connection - URL: redis://:2a4efe20e40e332d@localhost:6379/0, Host: localhost, Port: 6379, DB: 0
2025-08-01 16:05:39 - transaction_storage - INFO - Trying Redis connection method: URL
2025-08-01 16:05:39 - transaction_storage - INFO - Redis connection successful using URL: True
2025-08-01 16:05:39 - transaction_storage - INFO - Using Redis storage for transactions
2025-08-01 16:05:40 - transaction_storage - DEBUG - Logger initialized for transaction_storage at level DEBUG
2025-08-01 16:05:40 - transaction_storage - INFO - Attempting Redis connection - URL: redis://:2a4efe20e40e332d@localhost:6379/0, Host: localhost, Port: 6379, DB: 0
2025-08-01 16:05:40 - transaction_storage - INFO - Trying Redis connection method: URL
2025-08-01 16:05:40 - transaction_storage - INFO - Redis connection successful using URL: True
2025-08-01 16:05:40 - transaction_storage - INFO - Using Redis storage for transactions
2025-08-01 16:05:41 - transaction_storage - DEBUG - Logger initialized for transaction_storage at level DEBUG
2025-08-01 16:05:41 - transaction_storage - INFO - Attempting Redis connection - URL: redis://:2a4efe20e40e332d@localhost:6379/0, Host: localhost, Port: 6379, DB: 0
2025-08-01 16:05:41 - transaction_storage - INFO - Trying Redis connection method: URL
2025-08-01 16:05:41 - transaction_storage - INFO - Redis connection successful using URL: True
2025-08-01 16:05:41 - transaction_storage - INFO - Using Redis storage for transactions
2025-08-01 16:05:45 - transaction_storage - DEBUG - Logger initialized for transaction_storage at level DEBUG
2025-08-01 16:05:45 - transaction_storage - INFO - Attempting Redis connection - URL: redis://:2a4efe20e40e332d@localhost:6379/0, Host: localhost, Port: 6379, DB: 0
2025-08-01 16:05:45 - transaction_storage - INFO - Trying Redis connection method: URL
2025-08-01 16:05:45 - transaction_storage - INFO - Redis connection successful using URL: True
2025-08-01 16:05:45 - transaction_storage - INFO - Using Redis storage for transactions
2025-08-01 16:05:45 - transaction_storage - DEBUG - Logger initialized for transaction_storage at level DEBUG
2025-08-01 16:05:45 - transaction_storage - INFO - Attempting Redis connection - URL: redis://:2a4efe20e40e332d@localhost:6379/0, Host: localhost, Port: 6379, DB: 0
2025-08-01 16:05:45 - transaction_storage - INFO - Trying Redis connection method: URL
2025-08-01 16:05:45 - transaction_storage - INFO - Redis connection successful using URL: True
2025-08-01 16:05:45 - transaction_storage - INFO - Using Redis storage for transactions
2025-08-01 16:05:47 - transaction_storage - DEBUG - Logger initialized for transaction_storage at level DEBUG
2025-08-01 16:05:47 - transaction_storage - INFO - Attempting Redis connection - URL: redis://:2a4efe20e40e332d@localhost:6379/0, Host: localhost, Port: 6379, DB: 0
2025-08-01 16:05:47 - transaction_storage - INFO - Trying Redis connection method: URL
2025-08-01 16:05:47 - transaction_storage - INFO - Redis connection successful using URL: True
2025-08-01 16:05:47 - transaction_storage - INFO - Using Redis storage for transactions
2025-08-01 16:05:52 - transaction_storage - DEBUG - Logger initialized for transaction_storage at level DEBUG
2025-08-01 16:05:52 - transaction_storage - INFO - Attempting Redis connection - URL: redis://:2a4efe20e40e332d@localhost:6379/0, Host: localhost, Port: 6379, DB: 0
2025-08-01 16:05:52 - transaction_storage - INFO - Trying Redis connection method: URL
2025-08-01 16:05:52 - transaction_storage - INFO - Redis connection successful using URL: True
2025-08-01 16:05:52 - transaction_storage - INFO - Using Redis storage for transactions
2025-08-01 16:05:52 - transaction_storage - DEBUG - Logger initialized for transaction_storage at level DEBUG
2025-08-01 16:05:52 - transaction_storage - INFO - Attempting Redis connection - URL: redis://:2a4efe20e40e332d@localhost:6379/0, Host: localhost, Port: 6379, DB: 0
2025-08-01 16:05:52 - transaction_storage - INFO - Trying Redis connection method: URL
2025-08-01 16:05:52 - transaction_storage - INFO - Redis connection successful using URL: True
2025-08-01 16:05:52 - transaction_storage - INFO - Using Redis storage for transactions
2025-08-01 16:05:53 - transaction_storage - DEBUG - Logger initialized for transaction_storage at level DEBUG
2025-08-01 16:05:53 - transaction_storage - INFO - Attempting Redis connection - URL: redis://:2a4efe20e40e332d@localhost:6379/0, Host: localhost, Port: 6379, DB: 0
2025-08-01 16:05:53 - transaction_storage - INFO - Trying Redis connection method: URL
2025-08-01 16:05:53 - transaction_storage - INFO - Redis connection successful using URL: True
2025-08-01 16:05:53 - transaction_storage - INFO - Using Redis storage for transactions
2025-08-01 16:05:56 - transaction_storage - DEBUG - Logger initialized for transaction_storage at level DEBUG
2025-08-01 16:05:56 - transaction_storage - INFO - Attempting Redis connection - URL: redis://:2a4efe20e40e332d@localhost:6379/0, Host: localhost, Port: 6379, DB: 0
2025-08-01 16:05:56 - transaction_storage - INFO - Trying Redis connection method: URL
2025-08-01 16:05:56 - transaction_storage - INFO - Redis connection successful using URL: True
2025-08-01 16:05:56 - transaction_storage - INFO - Using Redis storage for transactions
2025-08-01 16:05:56 - transaction_storage - DEBUG - Logger initialized for transaction_storage at level DEBUG
2025-08-01 16:05:56 - transaction_storage - INFO - Attempting Redis connection - URL: redis://:2a4efe20e40e332d@localhost:6379/0, Host: localhost, Port: 6379, DB: 0
2025-08-01 16:05:56 - transaction_storage - INFO - Trying Redis connection method: URL
2025-08-01 16:05:56 - transaction_storage - INFO - Redis connection successful using URL: True
2025-08-01 16:05:56 - transaction_storage - INFO - Using Redis storage for transactions
2025-08-01 16:05:57 - transaction_storage - DEBUG - Logger initialized for transaction_storage at level DEBUG
2025-08-01 16:05:57 - transaction_storage - INFO - Attempting Redis connection - URL: redis://:2a4efe20e40e332d@localhost:6379/0, Host: localhost, Port: 6379, DB: 0
2025-08-01 16:05:57 - transaction_storage - INFO - Trying Redis connection method: URL
2025-08-01 16:05:57 - transaction_storage - INFO - Redis connection successful using URL: True
2025-08-01 16:05:57 - transaction_storage - INFO - Using Redis storage for transactions
2025-08-01 16:06:00 - transaction_storage - DEBUG - Logger initialized for transaction_storage at level DEBUG
2025-08-01 16:06:00 - transaction_storage - INFO - Attempting Redis connection - URL: redis://:2a4efe20e40e332d@localhost:6379/0, Host: localhost, Port: 6379, DB: 0
2025-08-01 16:06:00 - transaction_storage - INFO - Trying Redis connection method: URL
2025-08-01 16:06:00 - transaction_storage - INFO - Redis connection successful using URL: True
2025-08-01 16:06:00 - transaction_storage - INFO - Using Redis storage for transactions
2025-08-01 16:06:01 - transaction_storage - DEBUG - Logger initialized for transaction_storage at level DEBUG
2025-08-01 16:06:01 - transaction_storage - INFO - Attempting Redis connection - URL: redis://:2a4efe20e40e332d@localhost:6379/0, Host: localhost, Port: 6379, DB: 0
2025-08-01 16:06:01 - transaction_storage - INFO - Trying Redis connection method: URL
2025-08-01 16:06:01 - transaction_storage - INFO - Redis connection successful using URL: True
2025-08-01 16:06:01 - transaction_storage - INFO - Using Redis storage for transactions
2025-08-01 16:06:01 - transaction_storage - DEBUG - Logger initialized for transaction_storage at level DEBUG
2025-08-01 16:06:01 - transaction_storage - INFO - Attempting Redis connection - URL: redis://:2a4efe20e40e332d@localhost:6379/0, Host: localhost, Port: 6379, DB: 0
2025-08-01 16:06:01 - transaction_storage - INFO - Trying Redis connection method: URL
2025-08-01 16:06:01 - transaction_storage - INFO - Redis connection successful using URL: True
2025-08-01 16:06:01 - transaction_storage - INFO - Using Redis storage for transactions
2025-08-01 16:06:04 - transaction_storage - DEBUG - Logger initialized for transaction_storage at level DEBUG
2025-08-01 16:06:04 - transaction_storage - INFO - Attempting Redis connection - URL: redis://:2a4efe20e40e332d@localhost:6379/0, Host: localhost, Port: 6379, DB: 0
2025-08-01 16:06:04 - transaction_storage - INFO - Trying Redis connection method: URL
2025-08-01 16:06:04 - transaction_storage - INFO - Redis connection successful using URL: True
2025-08-01 16:06:04 - transaction_storage - INFO - Using Redis storage for transactions
2025-08-01 16:06:05 - transaction_storage - DEBUG - Logger initialized for transaction_storage at level DEBUG
2025-08-01 16:06:05 - transaction_storage - INFO - Attempting Redis connection - URL: redis://:2a4efe20e40e332d@localhost:6379/0, Host: localhost, Port: 6379, DB: 0
2025-08-01 16:06:05 - transaction_storage - INFO - Trying Redis connection method: URL
2025-08-01 16:06:05 - transaction_storage - INFO - Redis connection successful using URL: True
2025-08-01 16:06:05 - transaction_storage - INFO - Using Redis storage for transactions
2025-08-01 16:06:05 - transaction_storage - DEBUG - Logger initialized for transaction_storage at level DEBUG
2025-08-01 16:06:05 - transaction_storage - INFO - Attempting Redis connection - URL: redis://:2a4efe20e40e332d@localhost:6379/0, Host: localhost, Port: 6379, DB: 0
2025-08-01 16:06:05 - transaction_storage - INFO - Trying Redis connection method: URL
2025-08-01 16:06:05 - transaction_storage - INFO - Redis connection successful using URL: True
2025-08-01 16:06:05 - transaction_storage - INFO - Using Redis storage for transactions
2025-08-01 16:06:08 - transaction_storage - DEBUG - Logger initialized for transaction_storage at level DEBUG
2025-08-01 16:06:08 - transaction_storage - INFO - Attempting Redis connection - URL: redis://:2a4efe20e40e332d@localhost:6379/0, Host: localhost, Port: 6379, DB: 0
2025-08-01 16:06:08 - transaction_storage - INFO - Trying Redis connection method: URL
2025-08-01 16:06:08 - transaction_storage - INFO - Redis connection successful using URL: True
2025-08-01 16:06:08 - transaction_storage - INFO - Using Redis storage for transactions
2025-08-01 16:06:10 - transaction_storage - DEBUG - Logger initialized for transaction_storage at level DEBUG
2025-08-01 16:06:10 - transaction_storage - INFO - Attempting Redis connection - URL: redis://:2a4efe20e40e332d@localhost:6379/0, Host: localhost, Port: 6379, DB: 0
2025-08-01 16:06:10 - transaction_storage - INFO - Trying Redis connection method: URL
2025-08-01 16:06:10 - transaction_storage - INFO - Redis connection successful using URL: True
2025-08-01 16:06:10 - transaction_storage - INFO - Using Redis storage for transactions
2025-08-01 16:06:10 - transaction_storage - DEBUG - Logger initialized for transaction_storage at level DEBUG
2025-08-01 16:06:10 - transaction_storage - INFO - Attempting Redis connection - URL: redis://:2a4efe20e40e332d@localhost:6379/0, Host: localhost, Port: 6379, DB: 0
2025-08-01 16:06:10 - transaction_storage - INFO - Trying Redis connection method: URL
2025-08-01 16:06:10 - transaction_storage - INFO - Redis connection successful using URL: True
2025-08-01 16:06:10 - transaction_storage - INFO - Using Redis storage for transactions
2025-08-01 16:06:12 - transaction_storage - DEBUG - Logger initialized for transaction_storage at level DEBUG
2025-08-01 16:06:12 - transaction_storage - INFO - Attempting Redis connection - URL: redis://:2a4efe20e40e332d@localhost:6379/0, Host: localhost, Port: 6379, DB: 0
2025-08-01 16:06:12 - transaction_storage - INFO - Trying Redis connection method: URL
2025-08-01 16:06:12 - transaction_storage - INFO - Redis connection successful using URL: True
2025-08-01 16:06:12 - transaction_storage - INFO - Using Redis storage for transactions
2025-08-01 16:06:14 - transaction_storage - DEBUG - Logger initialized for transaction_storage at level DEBUG
2025-08-01 16:06:14 - transaction_storage - INFO - Attempting Redis connection - URL: redis://:2a4efe20e40e332d@localhost:6379/0, Host: localhost, Port: 6379, DB: 0
2025-08-01 16:06:14 - transaction_storage - INFO - Trying Redis connection method: URL
2025-08-01 16:06:14 - transaction_storage - INFO - Redis connection successful using URL: True
2025-08-01 16:06:14 - transaction_storage - INFO - Using Redis storage for transactions
2025-08-01 16:06:15 - transaction_storage - DEBUG - Logger initialized for transaction_storage at level DEBUG
2025-08-01 16:06:15 - transaction_storage - INFO - Attempting Redis connection - URL: redis://:2a4efe20e40e332d@localhost:6379/0, Host: localhost, Port: 6379, DB: 0
2025-08-01 16:06:15 - transaction_storage - INFO - Trying Redis connection method: URL
2025-08-01 16:06:15 - transaction_storage - INFO - Redis connection successful using URL: True
2025-08-01 16:06:15 - transaction_storage - INFO - Using Redis storage for transactions
2025-08-01 16:06:17 - transaction_storage - DEBUG - Logger initialized for transaction_storage at level DEBUG
2025-08-01 16:06:17 - transaction_storage - INFO - Attempting Redis connection - URL: redis://:2a4efe20e40e332d@localhost:6379/0, Host: localhost, Port: 6379, DB: 0
2025-08-01 16:06:17 - transaction_storage - INFO - Trying Redis connection method: URL
2025-08-01 16:06:17 - transaction_storage - INFO - Redis connection successful using URL: True
2025-08-01 16:06:17 - transaction_storage - INFO - Using Redis storage for transactions
2025-08-01 16:06:19 - transaction_storage - DEBUG - Logger initialized for transaction_storage at level DEBUG
2025-08-01 16:06:19 - transaction_storage - INFO - Attempting Redis connection - URL: redis://:2a4efe20e40e332d@localhost:6379/0, Host: localhost, Port: 6379, DB: 0
2025-08-01 16:06:19 - transaction_storage - INFO - Trying Redis connection method: URL
2025-08-01 16:06:19 - transaction_storage - INFO - Redis connection successful using URL: True
2025-08-01 16:06:19 - transaction_storage - INFO - Using Redis storage for transactions
2025-08-01 16:06:19 - transaction_storage - DEBUG - Logger initialized for transaction_storage at level DEBUG
2025-08-01 16:06:19 - transaction_storage - INFO - Attempting Redis connection - URL: redis://:2a4efe20e40e332d@localhost:6379/0, Host: localhost, Port: 6379, DB: 0
2025-08-01 16:06:19 - transaction_storage - INFO - Trying Redis connection method: URL
2025-08-01 16:06:19 - transaction_storage - INFO - Redis connection successful using URL: True
2025-08-01 16:06:19 - transaction_storage - INFO - Using Redis storage for transactions
2025-08-01 16:06:21 - transaction_storage - DEBUG - Logger initialized for transaction_storage at level DEBUG
2025-08-01 16:06:21 - transaction_storage - INFO - Attempting Redis connection - URL: redis://:2a4efe20e40e332d@localhost:6379/0, Host: localhost, Port: 6379, DB: 0
2025-08-01 16:06:21 - transaction_storage - INFO - Trying Redis connection method: URL
2025-08-01 16:06:21 - transaction_storage - INFO - Redis connection successful using URL: True
2025-08-01 16:06:21 - transaction_storage - INFO - Using Redis storage for transactions
2025-08-01 16:06:23 - transaction_storage - DEBUG - Logger initialized for transaction_storage at level DEBUG
2025-08-01 16:06:23 - transaction_storage - INFO - Attempting Redis connection - URL: redis://:2a4efe20e40e332d@localhost:6379/0, Host: localhost, Port: 6379, DB: 0
2025-08-01 16:06:23 - transaction_storage - INFO - Trying Redis connection method: URL
2025-08-01 16:06:23 - transaction_storage - INFO - Redis connection successful using URL: True
2025-08-01 16:06:23 - transaction_storage - INFO - Using Redis storage for transactions
2025-08-01 16:06:24 - transaction_storage - DEBUG - Logger initialized for transaction_storage at level DEBUG
2025-08-01 16:06:24 - transaction_storage - INFO - Attempting Redis connection - URL: redis://:2a4efe20e40e332d@localhost:6379/0, Host: localhost, Port: 6379, DB: 0
2025-08-01 16:06:24 - transaction_storage - INFO - Trying Redis connection method: URL
2025-08-01 16:06:24 - transaction_storage - INFO - Redis connection successful using URL: True
2025-08-01 16:06:24 - transaction_storage - INFO - Using Redis storage for transactions
2025-08-01 16:06:26 - transaction_storage - DEBUG - Logger initialized for transaction_storage at level DEBUG
2025-08-01 16:06:26 - transaction_storage - INFO - Attempting Redis connection - URL: redis://:2a4efe20e40e332d@localhost:6379/0, Host: localhost, Port: 6379, DB: 0
2025-08-01 16:06:26 - transaction_storage - INFO - Trying Redis connection method: URL
2025-08-01 16:06:26 - transaction_storage - INFO - Redis connection successful using URL: True
2025-08-01 16:06:26 - transaction_storage - INFO - Using Redis storage for transactions
2025-08-01 16:06:27 - transaction_storage - DEBUG - Logger initialized for transaction_storage at level DEBUG
2025-08-01 16:06:27 - transaction_storage - INFO - Attempting Redis connection - URL: redis://:2a4efe20e40e332d@localhost:6379/0, Host: localhost, Port: 6379, DB: 0
2025-08-01 16:06:27 - transaction_storage - INFO - Trying Redis connection method: URL
2025-08-01 16:06:27 - transaction_storage - INFO - Redis connection successful using URL: True
2025-08-01 16:06:27 - transaction_storage - INFO - Using Redis storage for transactions
2025-08-01 16:06:28 - transaction_storage - DEBUG - Logger initialized for transaction_storage at level DEBUG
2025-08-01 16:06:28 - transaction_storage - INFO - Attempting Redis connection - URL: redis://:2a4efe20e40e332d@localhost:6379/0, Host: localhost, Port: 6379, DB: 0
2025-08-01 16:06:28 - transaction_storage - INFO - Trying Redis connection method: URL
2025-08-01 16:06:28 - transaction_storage - INFO - Redis connection successful using URL: True
2025-08-01 16:06:28 - transaction_storage - INFO - Using Redis storage for transactions
2025-08-01 16:06:30 - transaction_storage - DEBUG - Logger initialized for transaction_storage at level DEBUG
2025-08-01 16:06:30 - transaction_storage - INFO - Attempting Redis connection - URL: redis://:2a4efe20e40e332d@localhost:6379/0, Host: localhost, Port: 6379, DB: 0
2025-08-01 16:06:30 - transaction_storage - INFO - Trying Redis connection method: URL
2025-08-01 16:06:30 - transaction_storage - INFO - Redis connection successful using URL: True
2025-08-01 16:06:30 - transaction_storage - INFO - Using Redis storage for transactions
2025-08-01 16:06:31 - transaction_storage - DEBUG - Logger initialized for transaction_storage at level DEBUG
2025-08-01 16:06:31 - transaction_storage - INFO - Attempting Redis connection - URL: redis://:2a4efe20e40e332d@localhost:6379/0, Host: localhost, Port: 6379, DB: 0
2025-08-01 16:06:31 - transaction_storage - INFO - Trying Redis connection method: URL
2025-08-01 16:06:31 - transaction_storage - INFO - Redis connection successful using URL: True
2025-08-01 16:06:31 - transaction_storage - INFO - Using Redis storage for transactions
2025-08-01 16:06:32 - transaction_storage - DEBUG - Logger initialized for transaction_storage at level DEBUG
2025-08-01 16:06:32 - transaction_storage - INFO - Attempting Redis connection - URL: redis://:2a4efe20e40e332d@localhost:6379/0, Host: localhost, Port: 6379, DB: 0
2025-08-01 16:06:32 - transaction_storage - INFO - Trying Redis connection method: URL
2025-08-01 16:06:32 - transaction_storage - INFO - Redis connection successful using URL: True
2025-08-01 16:06:32 - transaction_storage - INFO - Using Redis storage for transactions
2025-08-01 16:06:34 - transaction_storage - DEBUG - Logger initialized for transaction_storage at level DEBUG
2025-08-01 16:06:34 - transaction_storage - INFO - Attempting Redis connection - URL: redis://:2a4efe20e40e332d@localhost:6379/0, Host: localhost, Port: 6379, DB: 0
2025-08-01 16:06:34 - transaction_storage - INFO - Trying Redis connection method: URL
2025-08-01 16:06:34 - transaction_storage - INFO - Redis connection successful using URL: True
2025-08-01 16:06:34 - transaction_storage - INFO - Using Redis storage for transactions
2025-08-01 16:06:35 - transaction_storage - DEBUG - Logger initialized for transaction_storage at level DEBUG
2025-08-01 16:06:35 - transaction_storage - INFO - Attempting Redis connection - URL: redis://:2a4efe20e40e332d@localhost:6379/0, Host: localhost, Port: 6379, DB: 0
2025-08-01 16:06:35 - transaction_storage - INFO - Trying Redis connection method: URL
2025-08-01 16:06:35 - transaction_storage - INFO - Redis connection successful using URL: True
2025-08-01 16:06:35 - transaction_storage - INFO - Using Redis storage for transactions
2025-08-01 16:06:36 - transaction_storage - DEBUG - Logger initialized for transaction_storage at level DEBUG
2025-08-01 16:06:36 - transaction_storage - INFO - Attempting Redis connection - URL: redis://:2a4efe20e40e332d@localhost:6379/0, Host: localhost, Port: 6379, DB: 0
2025-08-01 16:06:36 - transaction_storage - INFO - Trying Redis connection method: URL
2025-08-01 16:06:36 - transaction_storage - INFO - Redis connection successful using URL: True
2025-08-01 16:06:36 - transaction_storage - INFO - Using Redis storage for transactions
2025-08-01 16:06:38 - transaction_storage - DEBUG - Logger initialized for transaction_storage at level DEBUG
2025-08-01 16:06:38 - transaction_storage - INFO - Attempting Redis connection - URL: redis://:2a4efe20e40e332d@localhost:6379/0, Host: localhost, Port: 6379, DB: 0
2025-08-01 16:06:38 - transaction_storage - INFO - Trying Redis connection method: URL
2025-08-01 16:06:38 - transaction_storage - INFO - Redis connection successful using URL: True
2025-08-01 16:06:38 - transaction_storage - INFO - Using Redis storage for transactions
2025-08-01 16:06:39 - transaction_storage - DEBUG - Logger initialized for transaction_storage at level DEBUG
2025-08-01 16:06:39 - transaction_storage - INFO - Attempting Redis connection - URL: redis://:2a4efe20e40e332d@localhost:6379/0, Host: localhost, Port: 6379, DB: 0
2025-08-01 16:06:39 - transaction_storage - INFO - Trying Redis connection method: URL
2025-08-01 16:06:39 - transaction_storage - INFO - Redis connection successful using URL: True
2025-08-01 16:06:39 - transaction_storage - INFO - Using Redis storage for transactions
2025-08-01 16:06:41 - transaction_storage - DEBUG - Logger initialized for transaction_storage at level DEBUG
2025-08-01 16:06:41 - transaction_storage - INFO - Attempting Redis connection - URL: redis://:2a4efe20e40e332d@localhost:6379/0, Host: localhost, Port: 6379, DB: 0
2025-08-01 16:06:41 - transaction_storage - INFO - Trying Redis connection method: URL
2025-08-01 16:06:41 - transaction_storage - INFO - Redis connection successful using URL: True
2025-08-01 16:06:41 - transaction_storage - INFO - Using Redis storage for transactions
2025-08-01 16:06:42 - transaction_storage - DEBUG - Logger initialized for transaction_storage at level DEBUG
2025-08-01 16:06:42 - transaction_storage - INFO - Attempting Redis connection - URL: redis://:2a4efe20e40e332d@localhost:6379/0, Host: localhost, Port: 6379, DB: 0
2025-08-01 16:06:42 - transaction_storage - INFO - Trying Redis connection method: URL
2025-08-01 16:06:42 - transaction_storage - INFO - Redis connection successful using URL: True
2025-08-01 16:06:42 - transaction_storage - INFO - Using Redis storage for transactions
2025-08-01 16:06:43 - transaction_storage - DEBUG - Logger initialized for transaction_storage at level DEBUG
2025-08-01 16:06:43 - transaction_storage - INFO - Attempting Redis connection - URL: redis://:2a4efe20e40e332d@localhost:6379/0, Host: localhost, Port: 6379, DB: 0
2025-08-01 16:06:43 - transaction_storage - INFO - Trying Redis connection method: URL
2025-08-01 16:06:43 - transaction_storage - INFO - Redis connection successful using URL: True
2025-08-01 16:06:43 - transaction_storage - INFO - Using Redis storage for transactions
2025-08-01 16:06:45 - transaction_storage - DEBUG - Logger initialized for transaction_storage at level DEBUG
2025-08-01 16:06:45 - transaction_storage - INFO - Attempting Redis connection - URL: redis://:2a4efe20e40e332d@localhost:6379/0, Host: localhost, Port: 6379, DB: 0
2025-08-01 16:06:45 - transaction_storage - INFO - Trying Redis connection method: URL
2025-08-01 16:06:45 - transaction_storage - INFO - Redis connection successful using URL: True
2025-08-01 16:06:45 - transaction_storage - INFO - Using Redis storage for transactions
2025-08-01 16:06:47 - transaction_storage - DEBUG - Logger initialized for transaction_storage at level DEBUG
2025-08-01 16:06:47 - transaction_storage - INFO - Attempting Redis connection - URL: redis://:2a4efe20e40e332d@localhost:6379/0, Host: localhost, Port: 6379, DB: 0
2025-08-01 16:06:47 - transaction_storage - INFO - Trying Redis connection method: URL
2025-08-01 16:06:47 - transaction_storage - INFO - Redis connection successful using URL: True
2025-08-01 16:06:47 - transaction_storage - INFO - Using Redis storage for transactions
2025-08-01 16:06:47 - transaction_storage - DEBUG - Logger initialized for transaction_storage at level DEBUG
2025-08-01 16:06:47 - transaction_storage - INFO - Attempting Redis connection - URL: redis://:2a4efe20e40e332d@localhost:6379/0, Host: localhost, Port: 6379, DB: 0
2025-08-01 16:06:47 - transaction_storage - INFO - Trying Redis connection method: URL
2025-08-01 16:06:47 - transaction_storage - INFO - Redis connection successful using URL: True
2025-08-01 16:06:47 - transaction_storage - INFO - Using Redis storage for transactions
2025-08-01 16:06:49 - transaction_storage - DEBUG - Logger initialized for transaction_storage at level DEBUG
2025-08-01 16:06:49 - transaction_storage - INFO - Attempting Redis connection - URL: redis://:2a4efe20e40e332d@localhost:6379/0, Host: localhost, Port: 6379, DB: 0
2025-08-01 16:06:49 - transaction_storage - INFO - Trying Redis connection method: URL
2025-08-01 16:06:49 - transaction_storage - INFO - Redis connection successful using URL: True
2025-08-01 16:06:49 - transaction_storage - INFO - Using Redis storage for transactions
2025-08-01 16:06:50 - transaction_storage - DEBUG - Logger initialized for transaction_storage at level DEBUG
2025-08-01 16:06:50 - transaction_storage - INFO - Attempting Redis connection - URL: redis://:2a4efe20e40e332d@localhost:6379/0, Host: localhost, Port: 6379, DB: 0
2025-08-01 16:06:50 - transaction_storage - INFO - Trying Redis connection method: URL
2025-08-01 16:06:50 - transaction_storage - INFO - Redis connection successful using URL: True
2025-08-01 16:06:50 - transaction_storage - INFO - Using Redis storage for transactions
2025-08-01 16:06:51 - transaction_storage - DEBUG - Logger initialized for transaction_storage at level DEBUG
2025-08-01 16:06:51 - transaction_storage - INFO - Attempting Redis connection - URL: redis://:2a4efe20e40e332d@localhost:6379/0, Host: localhost, Port: 6379, DB: 0
2025-08-01 16:06:51 - transaction_storage - INFO - Trying Redis connection method: URL
2025-08-01 16:06:51 - transaction_storage - INFO - Redis connection successful using URL: True
2025-08-01 16:06:51 - transaction_storage - INFO - Using Redis storage for transactions
2025-08-01 16:06:52 - transaction_storage - DEBUG - Logger initialized for transaction_storage at level DEBUG
2025-08-01 16:06:52 - transaction_storage - INFO - Attempting Redis connection - URL: redis://:2a4efe20e40e332d@localhost:6379/0, Host: localhost, Port: 6379, DB: 0
2025-08-01 16:06:52 - transaction_storage - INFO - Trying Redis connection method: URL
2025-08-01 16:06:52 - transaction_storage - INFO - Redis connection successful using URL: True
2025-08-01 16:06:52 - transaction_storage - INFO - Using Redis storage for transactions
2025-08-01 16:06:54 - transaction_storage - DEBUG - Logger initialized for transaction_storage at level DEBUG
2025-08-01 16:06:54 - transaction_storage - INFO - Attempting Redis connection - URL: redis://:2a4efe20e40e332d@localhost:6379/0, Host: localhost, Port: 6379, DB: 0
2025-08-01 16:06:54 - transaction_storage - INFO - Trying Redis connection method: URL
2025-08-01 16:06:54 - transaction_storage - INFO - Redis connection successful using URL: True
2025-08-01 16:06:54 - transaction_storage - INFO - Using Redis storage for transactions
2025-08-01 16:06:55 - transaction_storage - DEBUG - Logger initialized for transaction_storage at level DEBUG
2025-08-01 16:06:55 - transaction_storage - INFO - Attempting Redis connection - URL: redis://:2a4efe20e40e332d@localhost:6379/0, Host: localhost, Port: 6379, DB: 0
2025-08-01 16:06:55 - transaction_storage - INFO - Trying Redis connection method: URL
2025-08-01 16:06:55 - transaction_storage - INFO - Redis connection successful using URL: True
2025-08-01 16:06:55 - transaction_storage - INFO - Using Redis storage for transactions
2025-08-01 16:06:57 - transaction_storage - DEBUG - Logger initialized for transaction_storage at level DEBUG
2025-08-01 16:06:57 - transaction_storage - INFO - Attempting Redis connection - URL: redis://:2a4efe20e40e332d@localhost:6379/0, Host: localhost, Port: 6379, DB: 0
2025-08-01 16:06:57 - transaction_storage - INFO - Trying Redis connection method: URL
2025-08-01 16:06:57 - transaction_storage - INFO - Redis connection successful using URL: True
2025-08-01 16:06:57 - transaction_storage - INFO - Using Redis storage for transactions
2025-08-01 16:06:58 - transaction_storage - DEBUG - Logger initialized for transaction_storage at level DEBUG
2025-08-01 16:06:58 - transaction_storage - INFO - Attempting Redis connection - URL: redis://:2a4efe20e40e332d@localhost:6379/0, Host: localhost, Port: 6379, DB: 0
2025-08-01 16:06:58 - transaction_storage - INFO - Trying Redis connection method: URL
2025-08-01 16:06:58 - transaction_storage - INFO - Redis connection successful using URL: True
2025-08-01 16:06:58 - transaction_storage - INFO - Using Redis storage for transactions
2025-08-01 16:06:59 - transaction_storage - DEBUG - Logger initialized for transaction_storage at level DEBUG
2025-08-01 16:06:59 - transaction_storage - INFO - Attempting Redis connection - URL: redis://:2a4efe20e40e332d@localhost:6379/0, Host: localhost, Port: 6379, DB: 0
2025-08-01 16:06:59 - transaction_storage - INFO - Trying Redis connection method: URL
2025-08-01 16:06:59 - transaction_storage - INFO - Redis connection successful using URL: True
2025-08-01 16:06:59 - transaction_storage - INFO - Using Redis storage for transactions
2025-08-01 16:07:01 - transaction_storage - DEBUG - Logger initialized for transaction_storage at level DEBUG
2025-08-01 16:07:01 - transaction_storage - INFO - Attempting Redis connection - URL: redis://:2a4efe20e40e332d@localhost:6379/0, Host: localhost, Port: 6379, DB: 0
2025-08-01 16:07:01 - transaction_storage - INFO - Trying Redis connection method: URL
2025-08-01 16:07:01 - transaction_storage - INFO - Redis connection successful using URL: True
2025-08-01 16:07:01 - transaction_storage - INFO - Using Redis storage for transactions
2025-08-01 16:07:03 - transaction_storage - DEBUG - Logger initialized for transaction_storage at level DEBUG
2025-08-01 16:07:03 - transaction_storage - INFO - Attempting Redis connection - URL: redis://:2a4efe20e40e332d@localhost:6379/0, Host: localhost, Port: 6379, DB: 0
2025-08-01 16:07:03 - transaction_storage - INFO - Trying Redis connection method: URL
2025-08-01 16:07:03 - transaction_storage - INFO - Redis connection successful using URL: True
2025-08-01 16:07:03 - transaction_storage - INFO - Using Redis storage for transactions
2025-08-01 16:07:03 - transaction_storage - DEBUG - Logger initialized for transaction_storage at level DEBUG
2025-08-01 16:07:03 - transaction_storage - INFO - Attempting Redis connection - URL: redis://:2a4efe20e40e332d@localhost:6379/0, Host: localhost, Port: 6379, DB: 0
2025-08-01 16:07:03 - transaction_storage - INFO - Trying Redis connection method: URL
2025-08-01 16:07:03 - transaction_storage - INFO - Redis connection successful using URL: True
2025-08-01 16:07:03 - transaction_storage - INFO - Using Redis storage for transactions
2025-08-01 16:07:05 - transaction_storage - DEBUG - Logger initialized for transaction_storage at level DEBUG
2025-08-01 16:07:05 - transaction_storage - INFO - Attempting Redis connection - URL: redis://:2a4efe20e40e332d@localhost:6379/0, Host: localhost, Port: 6379, DB: 0
2025-08-01 16:07:05 - transaction_storage - INFO - Trying Redis connection method: URL
2025-08-01 16:07:05 - transaction_storage - INFO - Redis connection successful using URL: True
2025-08-01 16:07:05 - transaction_storage - INFO - Using Redis storage for transactions
2025-08-01 16:07:07 - transaction_storage - DEBUG - Logger initialized for transaction_storage at level DEBUG
2025-08-01 16:07:07 - transaction_storage - INFO - Attempting Redis connection - URL: redis://:2a4efe20e40e332d@localhost:6379/0, Host: localhost, Port: 6379, DB: 0
2025-08-01 16:07:07 - transaction_storage - INFO - Trying Redis connection method: URL
2025-08-01 16:07:07 - transaction_storage - INFO - Redis connection successful using URL: True
2025-08-01 16:07:07 - transaction_storage - INFO - Using Redis storage for transactions
2025-08-01 16:07:07 - transaction_storage - DEBUG - Logger initialized for transaction_storage at level DEBUG
2025-08-01 16:07:07 - transaction_storage - INFO - Attempting Redis connection - URL: redis://:2a4efe20e40e332d@localhost:6379/0, Host: localhost, Port: 6379, DB: 0
2025-08-01 16:07:07 - transaction_storage - INFO - Trying Redis connection method: URL
2025-08-01 16:07:07 - transaction_storage - INFO - Redis connection successful using URL: True
2025-08-01 16:07:07 - transaction_storage - INFO - Using Redis storage for transactions
2025-08-01 16:07:09 - transaction_storage - DEBUG - Logger initialized for transaction_storage at level DEBUG
2025-08-01 16:07:09 - transaction_storage - INFO - Attempting Redis connection - URL: redis://:2a4efe20e40e332d@localhost:6379/0, Host: localhost, Port: 6379, DB: 0
2025-08-01 16:07:09 - transaction_storage - INFO - Trying Redis connection method: URL
2025-08-01 16:07:09 - transaction_storage - INFO - Redis connection successful using URL: True
2025-08-01 16:07:09 - transaction_storage - INFO - Using Redis storage for transactions
2025-08-01 16:07:11 - transaction_storage - DEBUG - Logger initialized for transaction_storage at level DEBUG
2025-08-01 16:07:11 - transaction_storage - INFO - Attempting Redis connection - URL: redis://:2a4efe20e40e332d@localhost:6379/0, Host: localhost, Port: 6379, DB: 0
2025-08-01 16:07:11 - transaction_storage - INFO - Trying Redis connection method: URL
2025-08-01 16:07:11 - transaction_storage - INFO - Redis connection successful using URL: True
2025-08-01 16:07:11 - transaction_storage - INFO - Using Redis storage for transactions
2025-08-01 16:07:12 - transaction_storage - DEBUG - Logger initialized for transaction_storage at level DEBUG
2025-08-01 16:07:12 - transaction_storage - INFO - Attempting Redis connection - URL: redis://:2a4efe20e40e332d@localhost:6379/0, Host: localhost, Port: 6379, DB: 0
2025-08-01 16:07:12 - transaction_storage - INFO - Trying Redis connection method: URL
2025-08-01 16:07:12 - transaction_storage - INFO - Redis connection successful using URL: True
2025-08-01 16:07:12 - transaction_storage - INFO - Using Redis storage for transactions
2025-08-01 16:07:13 - transaction_storage - DEBUG - Logger initialized for transaction_storage at level DEBUG
2025-08-01 16:07:13 - transaction_storage - INFO - Attempting Redis connection - URL: redis://:2a4efe20e40e332d@localhost:6379/0, Host: localhost, Port: 6379, DB: 0
2025-08-01 16:07:13 - transaction_storage - INFO - Trying Redis connection method: URL
2025-08-01 16:07:13 - transaction_storage - INFO - Redis connection successful using URL: True
2025-08-01 16:07:13 - transaction_storage - INFO - Using Redis storage for transactions
2025-08-01 16:07:15 - transaction_storage - DEBUG - Logger initialized for transaction_storage at level DEBUG
2025-08-01 16:07:15 - transaction_storage - INFO - Attempting Redis connection - URL: redis://:2a4efe20e40e332d@localhost:6379/0, Host: localhost, Port: 6379, DB: 0
2025-08-01 16:07:15 - transaction_storage - INFO - Trying Redis connection method: URL
2025-08-01 16:07:15 - transaction_storage - INFO - Redis connection successful using URL: True
2025-08-01 16:07:15 - transaction_storage - INFO - Using Redis storage for transactions
2025-08-01 16:07:16 - transaction_storage - DEBUG - Logger initialized for transaction_storage at level DEBUG
2025-08-01 16:07:16 - transaction_storage - INFO - Attempting Redis connection - URL: redis://:2a4efe20e40e332d@localhost:6379/0, Host: localhost, Port: 6379, DB: 0
2025-08-01 16:07:16 - transaction_storage - INFO - Trying Redis connection method: URL
2025-08-01 16:07:16 - transaction_storage - INFO - Redis connection successful using URL: True
2025-08-01 16:07:16 - transaction_storage - INFO - Using Redis storage for transactions
2025-08-01 16:07:18 - transaction_storage - DEBUG - Logger initialized for transaction_storage at level DEBUG
2025-08-01 16:07:18 - transaction_storage - INFO - Attempting Redis connection - URL: redis://:2a4efe20e40e332d@localhost:6379/0, Host: localhost, Port: 6379, DB: 0
2025-08-01 16:07:18 - transaction_storage - INFO - Trying Redis connection method: URL
2025-08-01 16:07:18 - transaction_storage - INFO - Redis connection successful using URL: True
2025-08-01 16:07:18 - transaction_storage - INFO - Using Redis storage for transactions
2025-08-01 16:07:20 - transaction_storage - DEBUG - Logger initialized for transaction_storage at level DEBUG
2025-08-01 16:07:20 - transaction_storage - INFO - Attempting Redis connection - URL: redis://:2a4efe20e40e332d@localhost:6379/0, Host: localhost, Port: 6379, DB: 0
2025-08-01 16:07:20 - transaction_storage - INFO - Trying Redis connection method: URL
2025-08-01 16:07:20 - transaction_storage - INFO - Redis connection successful using URL: True
2025-08-01 16:07:20 - transaction_storage - INFO - Using Redis storage for transactions
2025-08-01 16:07:20 - transaction_storage - DEBUG - Logger initialized for transaction_storage at level DEBUG
2025-08-01 16:07:20 - transaction_storage - INFO - Attempting Redis connection - URL: redis://:2a4efe20e40e332d@localhost:6379/0, Host: localhost, Port: 6379, DB: 0
2025-08-01 16:07:20 - transaction_storage - INFO - Trying Redis connection method: URL
2025-08-01 16:07:20 - transaction_storage - INFO - Redis connection successful using URL: True
2025-08-01 16:07:20 - transaction_storage - INFO - Using Redis storage for transactions
2025-08-01 16:07:22 - transaction_storage - DEBUG - Logger initialized for transaction_storage at level DEBUG
2025-08-01 16:07:22 - transaction_storage - INFO - Attempting Redis connection - URL: redis://:2a4efe20e40e332d@localhost:6379/0, Host: localhost, Port: 6379, DB: 0
2025-08-01 16:07:22 - transaction_storage - INFO - Trying Redis connection method: URL
2025-08-01 16:07:22 - transaction_storage - INFO - Redis connection successful using URL: True
2025-08-01 16:07:22 - transaction_storage - INFO - Using Redis storage for transactions
2025-08-01 16:07:24 - transaction_storage - DEBUG - Logger initialized for transaction_storage at level DEBUG
2025-08-01 16:07:24 - transaction_storage - INFO - Attempting Redis connection - URL: redis://:2a4efe20e40e332d@localhost:6379/0, Host: localhost, Port: 6379, DB: 0
2025-08-01 16:07:24 - transaction_storage - INFO - Trying Redis connection method: URL
2025-08-01 16:07:24 - transaction_storage - INFO - Redis connection successful using URL: True
2025-08-01 16:07:24 - transaction_storage - INFO - Using Redis storage for transactions
2025-08-01 16:07:25 - transaction_storage - DEBUG - Logger initialized for transaction_storage at level DEBUG
2025-08-01 16:07:25 - transaction_storage - INFO - Attempting Redis connection - URL: redis://:2a4efe20e40e332d@localhost:6379/0, Host: localhost, Port: 6379, DB: 0
2025-08-01 16:07:25 - transaction_storage - INFO - Trying Redis connection method: URL
2025-08-01 16:07:25 - transaction_storage - INFO - Redis connection successful using URL: True
2025-08-01 16:07:25 - transaction_storage - INFO - Using Redis storage for transactions
2025-08-01 16:07:26 - transaction_storage - DEBUG - Logger initialized for transaction_storage at level DEBUG
2025-08-01 16:07:26 - transaction_storage - INFO - Attempting Redis connection - URL: redis://:2a4efe20e40e332d@localhost:6379/0, Host: localhost, Port: 6379, DB: 0
2025-08-01 16:07:26 - transaction_storage - INFO - Trying Redis connection method: URL
2025-08-01 16:07:26 - transaction_storage - INFO - Redis connection successful using URL: True
2025-08-01 16:07:26 - transaction_storage - INFO - Using Redis storage for transactions
2025-08-01 16:07:27 - transaction_storage - DEBUG - Logger initialized for transaction_storage at level DEBUG
2025-08-01 16:07:27 - transaction_storage - INFO - Attempting Redis connection - URL: redis://:2a4efe20e40e332d@localhost:6379/0, Host: localhost, Port: 6379, DB: 0
2025-08-01 16:07:27 - transaction_storage - INFO - Trying Redis connection method: URL
2025-08-01 16:07:27 - transaction_storage - INFO - Redis connection successful using URL: True
2025-08-01 16:07:27 - transaction_storage - INFO - Using Redis storage for transactions
2025-08-01 16:07:29 - transaction_storage - DEBUG - Logger initialized for transaction_storage at level DEBUG
2025-08-01 16:07:29 - transaction_storage - INFO - Attempting Redis connection - URL: redis://:2a4efe20e40e332d@localhost:6379/0, Host: localhost, Port: 6379, DB: 0
2025-08-01 16:07:29 - transaction_storage - INFO - Trying Redis connection method: URL
2025-08-01 16:07:29 - transaction_storage - INFO - Redis connection successful using URL: True
2025-08-01 16:07:29 - transaction_storage - INFO - Using Redis storage for transactions
2025-08-01 16:07:31 - transaction_storage - DEBUG - Logger initialized for transaction_storage at level DEBUG
2025-08-01 16:07:31 - transaction_storage - INFO - Attempting Redis connection - URL: redis://:2a4efe20e40e332d@localhost:6379/0, Host: localhost, Port: 6379, DB: 0
2025-08-01 16:07:31 - transaction_storage - INFO - Trying Redis connection method: URL
2025-08-01 16:07:31 - transaction_storage - INFO - Redis connection successful using URL: True
2025-08-01 16:07:31 - transaction_storage - INFO - Using Redis storage for transactions
2025-08-01 16:07:32 - transaction_storage - DEBUG - Logger initialized for transaction_storage at level DEBUG
2025-08-01 16:07:32 - transaction_storage - INFO - Attempting Redis connection - URL: redis://:2a4efe20e40e332d@localhost:6379/0, Host: localhost, Port: 6379, DB: 0
2025-08-01 16:07:32 - transaction_storage - INFO - Trying Redis connection method: URL
2025-08-01 16:07:32 - transaction_storage - INFO - Redis connection successful using URL: True
2025-08-01 16:07:32 - transaction_storage - INFO - Using Redis storage for transactions
2025-08-01 16:07:33 - transaction_storage - DEBUG - Logger initialized for transaction_storage at level DEBUG
2025-08-01 16:07:33 - transaction_storage - INFO - Attempting Redis connection - URL: redis://:2a4efe20e40e332d@localhost:6379/0, Host: localhost, Port: 6379, DB: 0
2025-08-01 16:07:33 - transaction_storage - INFO - Trying Redis connection method: URL
2025-08-01 16:07:33 - transaction_storage - INFO - Redis connection successful using URL: True
2025-08-01 16:07:33 - transaction_storage - INFO - Using Redis storage for transactions
2025-08-01 16:07:35 - transaction_storage - DEBUG - Logger initialized for transaction_storage at level DEBUG
2025-08-01 16:07:35 - transaction_storage - INFO - Attempting Redis connection - URL: redis://:2a4efe20e40e332d@localhost:6379/0, Host: localhost, Port: 6379, DB: 0
2025-08-01 16:07:35 - transaction_storage - INFO - Trying Redis connection method: URL
2025-08-01 16:07:35 - transaction_storage - INFO - Redis connection successful using URL: True
2025-08-01 16:07:35 - transaction_storage - INFO - Using Redis storage for transactions
2025-08-01 16:07:36 - transaction_storage - DEBUG - Logger initialized for transaction_storage at level DEBUG
2025-08-01 16:07:36 - transaction_storage - INFO - Attempting Redis connection - URL: redis://:2a4efe20e40e332d@localhost:6379/0, Host: localhost, Port: 6379, DB: 0
2025-08-01 16:07:36 - transaction_storage - INFO - Trying Redis connection method: URL
2025-08-01 16:07:36 - transaction_storage - INFO - Redis connection successful using URL: True
2025-08-01 16:07:36 - transaction_storage - INFO - Using Redis storage for transactions
2025-08-01 16:07:37 - transaction_storage - DEBUG - Logger initialized for transaction_storage at level DEBUG
2025-08-01 16:07:37 - transaction_storage - INFO - Attempting Redis connection - URL: redis://:2a4efe20e40e332d@localhost:6379/0, Host: localhost, Port: 6379, DB: 0
2025-08-01 16:07:37 - transaction_storage - INFO - Trying Redis connection method: URL
2025-08-01 16:07:37 - transaction_storage - INFO - Redis connection successful using URL: True
2025-08-01 16:07:37 - transaction_storage - INFO - Using Redis storage for transactions
2025-08-01 16:07:39 - transaction_storage - DEBUG - Logger initialized for transaction_storage at level DEBUG
2025-08-01 16:07:39 - transaction_storage - INFO - Attempting Redis connection - URL: redis://:2a4efe20e40e332d@localhost:6379/0, Host: localhost, Port: 6379, DB: 0
2025-08-01 16:07:39 - transaction_storage - INFO - Trying Redis connection method: URL
2025-08-01 16:07:39 - transaction_storage - INFO - Redis connection successful using URL: True
2025-08-01 16:07:39 - transaction_storage - INFO - Using Redis storage for transactions
2025-08-01 16:07:40 - transaction_storage - DEBUG - Logger initialized for transaction_storage at level DEBUG
2025-08-01 16:07:40 - transaction_storage - INFO - Attempting Redis connection - URL: redis://:2a4efe20e40e332d@localhost:6379/0, Host: localhost, Port: 6379, DB: 0
2025-08-01 16:07:40 - transaction_storage - INFO - Trying Redis connection method: URL
2025-08-01 16:07:40 - transaction_storage - INFO - Redis connection successful using URL: True
2025-08-01 16:07:40 - transaction_storage - INFO - Using Redis storage for transactions
2025-08-01 16:07:41 - transaction_storage - DEBUG - Logger initialized for transaction_storage at level DEBUG
2025-08-01 16:07:41 - transaction_storage - INFO - Attempting Redis connection - URL: redis://:2a4efe20e40e332d@localhost:6379/0, Host: localhost, Port: 6379, DB: 0
2025-08-01 16:07:41 - transaction_storage - INFO - Trying Redis connection method: URL
2025-08-01 16:07:41 - transaction_storage - INFO - Redis connection successful using URL: True
2025-08-01 16:07:41 - transaction_storage - INFO - Using Redis storage for transactions
2025-08-01 16:07:43 - transaction_storage - DEBUG - Logger initialized for transaction_storage at level DEBUG
2025-08-01 16:07:43 - transaction_storage - INFO - Attempting Redis connection - URL: redis://:2a4efe20e40e332d@localhost:6379/0, Host: localhost, Port: 6379, DB: 0
2025-08-01 16:07:43 - transaction_storage - INFO - Trying Redis connection method: URL
2025-08-01 16:07:43 - transaction_storage - INFO - Redis connection successful using URL: True
2025-08-01 16:07:43 - transaction_storage - INFO - Using Redis storage for transactions
2025-08-01 16:07:44 - transaction_storage - DEBUG - Logger initialized for transaction_storage at level DEBUG
2025-08-01 16:07:44 - transaction_storage - INFO - Attempting Redis connection - URL: redis://:2a4efe20e40e332d@localhost:6379/0, Host: localhost, Port: 6379, DB: 0
2025-08-01 16:07:44 - transaction_storage - INFO - Trying Redis connection method: URL
2025-08-01 16:07:44 - transaction_storage - INFO - Redis connection successful using URL: True
2025-08-01 16:07:44 - transaction_storage - INFO - Using Redis storage for transactions
2025-08-01 16:07:45 - transaction_storage - DEBUG - Logger initialized for transaction_storage at level DEBUG
2025-08-01 16:07:45 - transaction_storage - INFO - Attempting Redis connection - URL: redis://:2a4efe20e40e332d@localhost:6379/0, Host: localhost, Port: 6379, DB: 0
2025-08-01 16:07:45 - transaction_storage - INFO - Trying Redis connection method: URL
2025-08-01 16:07:45 - transaction_storage - INFO - Redis connection successful using URL: True
2025-08-01 16:07:45 - transaction_storage - INFO - Using Redis storage for transactions
2025-08-01 16:07:47 - transaction_storage - DEBUG - Logger initialized for transaction_storage at level DEBUG
2025-08-01 16:07:47 - transaction_storage - INFO - Attempting Redis connection - URL: redis://:2a4efe20e40e332d@localhost:6379/0, Host: localhost, Port: 6379, DB: 0
2025-08-01 16:07:47 - transaction_storage - INFO - Trying Redis connection method: URL
2025-08-01 16:07:47 - transaction_storage - INFO - Redis connection successful using URL: True
2025-08-01 16:07:47 - transaction_storage - INFO - Using Redis storage for transactions
2025-08-01 16:07:48 - transaction_storage - DEBUG - Logger initialized for transaction_storage at level DEBUG
2025-08-01 16:07:48 - transaction_storage - INFO - Attempting Redis connection - URL: redis://:2a4efe20e40e332d@localhost:6379/0, Host: localhost, Port: 6379, DB: 0
2025-08-01 16:07:48 - transaction_storage - INFO - Trying Redis connection method: URL
2025-08-01 16:07:48 - transaction_storage - INFO - Redis connection successful using URL: True
2025-08-01 16:07:48 - transaction_storage - INFO - Using Redis storage for transactions
2025-08-01 16:07:49 - transaction_storage - DEBUG - Logger initialized for transaction_storage at level DEBUG
2025-08-01 16:07:49 - transaction_storage - INFO - Attempting Redis connection - URL: redis://:2a4efe20e40e332d@localhost:6379/0, Host: localhost, Port: 6379, DB: 0
2025-08-01 16:07:49 - transaction_storage - INFO - Trying Redis connection method: URL
2025-08-01 16:07:49 - transaction_storage - INFO - Redis connection successful using URL: True
2025-08-01 16:07:49 - transaction_storage - INFO - Using Redis storage for transactions
2025-08-01 16:07:51 - transaction_storage - DEBUG - Logger initialized for transaction_storage at level DEBUG
2025-08-01 16:07:51 - transaction_storage - INFO - Attempting Redis connection - URL: redis://:2a4efe20e40e332d@localhost:6379/0, Host: localhost, Port: 6379, DB: 0
2025-08-01 16:07:51 - transaction_storage - INFO - Trying Redis connection method: URL
2025-08-01 16:07:51 - transaction_storage - INFO - Redis connection successful using URL: True
2025-08-01 16:07:51 - transaction_storage - INFO - Using Redis storage for transactions
2025-08-01 16:07:53 - transaction_storage - DEBUG - Logger initialized for transaction_storage at level DEBUG
2025-08-01 16:07:53 - transaction_storage - INFO - Attempting Redis connection - URL: redis://:2a4efe20e40e332d@localhost:6379/0, Host: localhost, Port: 6379, DB: 0
2025-08-01 16:07:53 - transaction_storage - INFO - Trying Redis connection method: URL
2025-08-01 16:07:53 - transaction_storage - INFO - Redis connection successful using URL: True
2025-08-01 16:07:53 - transaction_storage - INFO - Using Redis storage for transactions
2025-08-01 16:07:53 - transaction_storage - DEBUG - Logger initialized for transaction_storage at level DEBUG
2025-08-01 16:07:53 - transaction_storage - INFO - Attempting Redis connection - URL: redis://:2a4efe20e40e332d@localhost:6379/0, Host: localhost, Port: 6379, DB: 0
2025-08-01 16:07:53 - transaction_storage - INFO - Trying Redis connection method: URL
2025-08-01 16:07:53 - transaction_storage - INFO - Redis connection successful using URL: True
2025-08-01 16:07:53 - transaction_storage - INFO - Using Redis storage for transactions
2025-08-01 16:07:55 - transaction_storage - DEBUG - Logger initialized for transaction_storage at level DEBUG
2025-08-01 16:07:55 - transaction_storage - INFO - Attempting Redis connection - URL: redis://:2a4efe20e40e332d@localhost:6379/0, Host: localhost, Port: 6379, DB: 0
2025-08-01 16:07:55 - transaction_storage - INFO - Trying Redis connection method: URL
2025-08-01 16:07:55 - transaction_storage - INFO - Redis connection successful using URL: True
2025-08-01 16:07:55 - transaction_storage - INFO - Using Redis storage for transactions
2025-08-01 16:07:57 - transaction_storage - DEBUG - Logger initialized for transaction_storage at level DEBUG
2025-08-01 16:07:57 - transaction_storage - INFO - Attempting Redis connection - URL: redis://:2a4efe20e40e332d@localhost:6379/0, Host: localhost, Port: 6379, DB: 0
2025-08-01 16:07:57 - transaction_storage - INFO - Trying Redis connection method: URL
2025-08-01 16:07:57 - transaction_storage - INFO - Redis connection successful using URL: True
2025-08-01 16:07:57 - transaction_storage - INFO - Using Redis storage for transactions
2025-08-01 16:07:58 - transaction_storage - DEBUG - Logger initialized for transaction_storage at level DEBUG
2025-08-01 16:07:58 - transaction_storage - INFO - Attempting Redis connection - URL: redis://:2a4efe20e40e332d@localhost:6379/0, Host: localhost, Port: 6379, DB: 0
2025-08-01 16:07:58 - transaction_storage - INFO - Trying Redis connection method: URL
2025-08-01 16:07:58 - transaction_storage - INFO - Redis connection successful using URL: True
2025-08-01 16:07:58 - transaction_storage - INFO - Using Redis storage for transactions
2025-08-01 16:08:00 - transaction_storage - DEBUG - Logger initialized for transaction_storage at level DEBUG
2025-08-01 16:08:00 - transaction_storage - INFO - Attempting Redis connection - URL: redis://:2a4efe20e40e332d@localhost:6379/0, Host: localhost, Port: 6379, DB: 0
2025-08-01 16:08:00 - transaction_storage - INFO - Trying Redis connection method: URL
2025-08-01 16:08:00 - transaction_storage - INFO - Redis connection successful using URL: True
2025-08-01 16:08:00 - transaction_storage - INFO - Using Redis storage for transactions
2025-08-01 16:08:01 - transaction_storage - DEBUG - Logger initialized for transaction_storage at level DEBUG
2025-08-01 16:08:01 - transaction_storage - INFO - Attempting Redis connection - URL: redis://:2a4efe20e40e332d@localhost:6379/0, Host: localhost, Port: 6379, DB: 0
2025-08-01 16:08:01 - transaction_storage - INFO - Trying Redis connection method: URL
2025-08-01 16:08:01 - transaction_storage - INFO - Redis connection successful using URL: True
2025-08-01 16:08:01 - transaction_storage - INFO - Using Redis storage for transactions
2025-08-01 16:08:02 - transaction_storage - DEBUG - Logger initialized for transaction_storage at level DEBUG
2025-08-01 16:08:02 - transaction_storage - INFO - Attempting Redis connection - URL: redis://:2a4efe20e40e332d@localhost:6379/0, Host: localhost, Port: 6379, DB: 0
2025-08-01 16:08:02 - transaction_storage - INFO - Trying Redis connection method: URL
2025-08-01 16:08:02 - transaction_storage - INFO - Redis connection successful using URL: True
2025-08-01 16:08:02 - transaction_storage - INFO - Using Redis storage for transactions
2025-08-01 16:08:04 - transaction_storage - DEBUG - Logger initialized for transaction_storage at level DEBUG
2025-08-01 16:08:04 - transaction_storage - INFO - Attempting Redis connection - URL: redis://:2a4efe20e40e332d@localhost:6379/0, Host: localhost, Port: 6379, DB: 0
2025-08-01 16:08:04 - transaction_storage - INFO - Trying Redis connection method: URL
2025-08-01 16:08:04 - transaction_storage - INFO - Redis connection successful using URL: True
2025-08-01 16:08:04 - transaction_storage - INFO - Using Redis storage for transactions
2025-08-01 16:08:06 - transaction_storage - DEBUG - Logger initialized for transaction_storage at level DEBUG
2025-08-01 16:08:06 - transaction_storage - INFO - Attempting Redis connection - URL: redis://:2a4efe20e40e332d@localhost:6379/0, Host: localhost, Port: 6379, DB: 0
2025-08-01 16:08:06 - transaction_storage - INFO - Trying Redis connection method: URL
2025-08-01 16:08:06 - transaction_storage - INFO - Redis connection successful using URL: True
2025-08-01 16:08:06 - transaction_storage - INFO - Using Redis storage for transactions
2025-08-01 16:08:07 - transaction_storage - DEBUG - Logger initialized for transaction_storage at level DEBUG
2025-08-01 16:08:07 - transaction_storage - INFO - Attempting Redis connection - URL: redis://:2a4efe20e40e332d@localhost:6379/0, Host: localhost, Port: 6379, DB: 0
2025-08-01 16:08:07 - transaction_storage - INFO - Trying Redis connection method: URL
2025-08-01 16:08:07 - transaction_storage - INFO - Redis connection successful using URL: True
2025-08-01 16:08:07 - transaction_storage - INFO - Using Redis storage for transactions
2025-08-01 16:08:09 - transaction_storage - DEBUG - Logger initialized for transaction_storage at level DEBUG
2025-08-01 16:08:09 - transaction_storage - INFO - Attempting Redis connection - URL: redis://:2a4efe20e40e332d@localhost:6379/0, Host: localhost, Port: 6379, DB: 0
2025-08-01 16:08:09 - transaction_storage - INFO - Trying Redis connection method: URL
2025-08-01 16:08:09 - transaction_storage - INFO - Redis connection successful using URL: True
2025-08-01 16:08:09 - transaction_storage - INFO - Using Redis storage for transactions
2025-08-01 16:08:11 - transaction_storage - DEBUG - Logger initialized for transaction_storage at level DEBUG
2025-08-01 16:08:11 - transaction_storage - INFO - Attempting Redis connection - URL: redis://:2a4efe20e40e332d@localhost:6379/0, Host: localhost, Port: 6379, DB: 0
2025-08-01 16:08:11 - transaction_storage - INFO - Trying Redis connection method: URL
2025-08-01 16:08:11 - transaction_storage - INFO - Redis connection successful using URL: True
2025-08-01 16:08:11 - transaction_storage - INFO - Using Redis storage for transactions
2025-08-01 16:08:11 - transaction_storage - DEBUG - Logger initialized for transaction_storage at level DEBUG
2025-08-01 16:08:11 - transaction_storage - INFO - Attempting Redis connection - URL: redis://:2a4efe20e40e332d@localhost:6379/0, Host: localhost, Port: 6379, DB: 0
2025-08-01 16:08:11 - transaction_storage - INFO - Trying Redis connection method: URL
2025-08-01 16:08:11 - transaction_storage - INFO - Redis connection successful using URL: True
2025-08-01 16:08:11 - transaction_storage - INFO - Using Redis storage for transactions
2025-08-01 16:08:14 - transaction_storage - DEBUG - Logger initialized for transaction_storage at level DEBUG
2025-08-01 16:08:14 - transaction_storage - INFO - Attempting Redis connection - URL: redis://:2a4efe20e40e332d@localhost:6379/0, Host: localhost, Port: 6379, DB: 0
2025-08-01 16:08:14 - transaction_storage - INFO - Trying Redis connection method: URL
2025-08-01 16:08:14 - transaction_storage - INFO - Redis connection successful using URL: True
2025-08-01 16:08:14 - transaction_storage - INFO - Using Redis storage for transactions
2025-08-01 16:08:16 - transaction_storage - DEBUG - Logger initialized for transaction_storage at level DEBUG
2025-08-01 16:08:16 - transaction_storage - INFO - Attempting Redis connection - URL: redis://:2a4efe20e40e332d@localhost:6379/0, Host: localhost, Port: 6379, DB: 0
2025-08-01 16:08:16 - transaction_storage - INFO - Trying Redis connection method: URL
2025-08-01 16:08:16 - transaction_storage - INFO - Redis connection successful using URL: True
2025-08-01 16:08:16 - transaction_storage - INFO - Using Redis storage for transactions
2025-08-01 16:08:16 - transaction_storage - DEBUG - Logger initialized for transaction_storage at level DEBUG
2025-08-01 16:08:16 - transaction_storage - INFO - Attempting Redis connection - URL: redis://:2a4efe20e40e332d@localhost:6379/0, Host: localhost, Port: 6379, DB: 0
2025-08-01 16:08:16 - transaction_storage - INFO - Trying Redis connection method: URL
2025-08-01 16:08:16 - transaction_storage - INFO - Redis connection successful using URL: True
2025-08-01 16:08:16 - transaction_storage - INFO - Using Redis storage for transactions
2025-08-01 16:08:19 - transaction_storage - DEBUG - Logger initialized for transaction_storage at level DEBUG
2025-08-01 16:08:19 - transaction_storage - INFO - Attempting Redis connection - URL: redis://:2a4efe20e40e332d@localhost:6379/0, Host: localhost, Port: 6379, DB: 0
2025-08-01 16:08:19 - transaction_storage - INFO - Trying Redis connection method: URL
2025-08-01 16:08:19 - transaction_storage - INFO - Redis connection successful using URL: True
2025-08-01 16:08:19 - transaction_storage - INFO - Using Redis storage for transactions
2025-08-01 16:08:21 - transaction_storage - DEBUG - Logger initialized for transaction_storage at level DEBUG
2025-08-01 16:08:21 - transaction_storage - INFO - Attempting Redis connection - URL: redis://:2a4efe20e40e332d@localhost:6379/0, Host: localhost, Port: 6379, DB: 0
2025-08-01 16:08:21 - transaction_storage - INFO - Trying Redis connection method: URL
2025-08-01 16:08:21 - transaction_storage - INFO - Redis connection successful using URL: True
2025-08-01 16:08:21 - transaction_storage - INFO - Using Redis storage for transactions
2025-08-01 16:08:21 - transaction_storage - DEBUG - Logger initialized for transaction_storage at level DEBUG
2025-08-01 16:08:21 - transaction_storage - INFO - Attempting Redis connection - URL: redis://:2a4efe20e40e332d@localhost:6379/0, Host: localhost, Port: 6379, DB: 0
2025-08-01 16:08:21 - transaction_storage - INFO - Trying Redis connection method: URL
2025-08-01 16:08:21 - transaction_storage - INFO - Redis connection successful using URL: True
2025-08-01 16:08:21 - transaction_storage - INFO - Using Redis storage for transactions
2025-08-01 16:08:23 - transaction_storage - DEBUG - Logger initialized for transaction_storage at level DEBUG
2025-08-01 16:08:23 - transaction_storage - INFO - Attempting Redis connection - URL: redis://:2a4efe20e40e332d@localhost:6379/0, Host: localhost, Port: 6379, DB: 0
2025-08-01 16:08:23 - transaction_storage - INFO - Trying Redis connection method: URL
2025-08-01 16:08:23 - transaction_storage - INFO - Redis connection successful using URL: True
2025-08-01 16:08:23 - transaction_storage - INFO - Using Redis storage for transactions
2025-08-01 16:08:25 - transaction_storage - DEBUG - Logger initialized for transaction_storage at level DEBUG
2025-08-01 16:08:25 - transaction_storage - INFO - Attempting Redis connection - URL: redis://:2a4efe20e40e332d@localhost:6379/0, Host: localhost, Port: 6379, DB: 0
2025-08-01 16:08:25 - transaction_storage - INFO - Trying Redis connection method: URL
2025-08-01 16:08:25 - transaction_storage - INFO - Redis connection successful using URL: True
2025-08-01 16:08:25 - transaction_storage - INFO - Using Redis storage for transactions
2025-08-01 16:08:25 - transaction_storage - DEBUG - Logger initialized for transaction_storage at level DEBUG
2025-08-01 16:08:25 - transaction_storage - INFO - Attempting Redis connection - URL: redis://:2a4efe20e40e332d@localhost:6379/0, Host: localhost, Port: 6379, DB: 0
2025-08-01 16:08:25 - transaction_storage - INFO - Trying Redis connection method: URL
2025-08-01 16:08:25 - transaction_storage - INFO - Redis connection successful using URL: True
2025-08-01 16:08:25 - transaction_storage - INFO - Using Redis storage for transactions
2025-08-01 16:08:28 - transaction_storage - DEBUG - Logger initialized for transaction_storage at level DEBUG
2025-08-01 16:08:28 - transaction_storage - INFO - Attempting Redis connection - URL: redis://:2a4efe20e40e332d@localhost:6379/0, Host: localhost, Port: 6379, DB: 0
2025-08-01 16:08:28 - transaction_storage - INFO - Trying Redis connection method: URL
2025-08-01 16:08:28 - transaction_storage - INFO - Redis connection successful using URL: True
2025-08-01 16:08:28 - transaction_storage - INFO - Using Redis storage for transactions
2025-08-01 16:08:29 - transaction_storage - DEBUG - Logger initialized for transaction_storage at level DEBUG
2025-08-01 16:08:29 - transaction_storage - INFO - Attempting Redis connection - URL: redis://:2a4efe20e40e332d@localhost:6379/0, Host: localhost, Port: 6379, DB: 0
2025-08-01 16:08:29 - transaction_storage - INFO - Trying Redis connection method: URL
2025-08-01 16:08:29 - transaction_storage - INFO - Redis connection successful using URL: True
2025-08-01 16:08:29 - transaction_storage - INFO - Using Redis storage for transactions
2025-08-01 16:08:30 - transaction_storage - DEBUG - Logger initialized for transaction_storage at level DEBUG
2025-08-01 16:08:30 - transaction_storage - INFO - Attempting Redis connection - URL: redis://:2a4efe20e40e332d@localhost:6379/0, Host: localhost, Port: 6379, DB: 0
2025-08-01 16:08:30 - transaction_storage - INFO - Trying Redis connection method: URL
2025-08-01 16:08:30 - transaction_storage - INFO - Redis connection successful using URL: True
2025-08-01 16:08:30 - transaction_storage - INFO - Using Redis storage for transactions
2025-08-01 16:08:32 - transaction_storage - DEBUG - Logger initialized for transaction_storage at level DEBUG
2025-08-01 16:08:32 - transaction_storage - INFO - Attempting Redis connection - URL: redis://:2a4efe20e40e332d@localhost:6379/0, Host: localhost, Port: 6379, DB: 0
2025-08-01 16:08:32 - transaction_storage - INFO - Trying Redis connection method: URL
2025-08-01 16:08:32 - transaction_storage - INFO - Redis connection successful using URL: True
2025-08-01 16:08:32 - transaction_storage - INFO - Using Redis storage for transactions
2025-08-01 16:08:33 - transaction_storage - DEBUG - Logger initialized for transaction_storage at level DEBUG
2025-08-01 16:08:33 - transaction_storage - INFO - Attempting Redis connection - URL: redis://:2a4efe20e40e332d@localhost:6379/0, Host: localhost, Port: 6379, DB: 0
2025-08-01 16:08:33 - transaction_storage - INFO - Trying Redis connection method: URL
2025-08-01 16:08:33 - transaction_storage - INFO - Redis connection successful using URL: True
2025-08-01 16:08:33 - transaction_storage - INFO - Using Redis storage for transactions
2025-08-01 16:08:34 - transaction_storage - DEBUG - Logger initialized for transaction_storage at level DEBUG
2025-08-01 16:08:34 - transaction_storage - INFO - Attempting Redis connection - URL: redis://:2a4efe20e40e332d@localhost:6379/0, Host: localhost, Port: 6379, DB: 0
2025-08-01 16:08:34 - transaction_storage - INFO - Trying Redis connection method: URL
2025-08-01 16:08:34 - transaction_storage - INFO - Redis connection successful using URL: True
2025-08-01 16:08:34 - transaction_storage - INFO - Using Redis storage for transactions
2025-08-01 16:08:35 - transaction_storage - DEBUG - Logger initialized for transaction_storage at level DEBUG
2025-08-01 16:08:35 - transaction_storage - INFO - Attempting Redis connection - URL: redis://:2a4efe20e40e332d@localhost:6379/0, Host: localhost, Port: 6379, DB: 0
2025-08-01 16:08:35 - transaction_storage - INFO - Trying Redis connection method: URL
2025-08-01 16:08:35 - transaction_storage - INFO - Redis connection successful using URL: True
2025-08-01 16:08:35 - transaction_storage - INFO - Using Redis storage for transactions
2025-08-01 16:08:37 - transaction_storage - DEBUG - Logger initialized for transaction_storage at level DEBUG
2025-08-01 16:08:37 - transaction_storage - INFO - Attempting Redis connection - URL: redis://:2a4efe20e40e332d@localhost:6379/0, Host: localhost, Port: 6379, DB: 0
2025-08-01 16:08:37 - transaction_storage - INFO - Trying Redis connection method: URL
2025-08-01 16:08:37 - transaction_storage - INFO - Redis connection successful using URL: True
2025-08-01 16:08:37 - transaction_storage - INFO - Using Redis storage for transactions
2025-08-01 16:08:38 - transaction_storage - DEBUG - Logger initialized for transaction_storage at level DEBUG
2025-08-01 16:08:38 - transaction_storage - INFO - Attempting Redis connection - URL: redis://:2a4efe20e40e332d@localhost:6379/0, Host: localhost, Port: 6379, DB: 0
2025-08-01 16:08:38 - transaction_storage - INFO - Trying Redis connection method: URL
2025-08-01 16:08:38 - transaction_storage - INFO - Redis connection successful using URL: True
2025-08-01 16:08:38 - transaction_storage - INFO - Using Redis storage for transactions
2025-08-01 16:08:40 - transaction_storage - DEBUG - Logger initialized for transaction_storage at level DEBUG
2025-08-01 16:08:40 - transaction_storage - INFO - Attempting Redis connection - URL: redis://:2a4efe20e40e332d@localhost:6379/0, Host: localhost, Port: 6379, DB: 0
2025-08-01 16:08:40 - transaction_storage - INFO - Trying Redis connection method: URL
2025-08-01 16:08:40 - transaction_storage - INFO - Redis connection successful using URL: True
2025-08-01 16:08:40 - transaction_storage - INFO - Using Redis storage for transactions
2025-08-01 16:08:42 - transaction_storage - DEBUG - Logger initialized for transaction_storage at level DEBUG
2025-08-01 16:08:42 - transaction_storage - INFO - Attempting Redis connection - URL: redis://:2a4efe20e40e332d@localhost:6379/0, Host: localhost, Port: 6379, DB: 0
2025-08-01 16:08:42 - transaction_storage - INFO - Trying Redis connection method: URL
2025-08-01 16:08:42 - transaction_storage - INFO - Redis connection successful using URL: True
2025-08-01 16:08:42 - transaction_storage - INFO - Using Redis storage for transactions
2025-08-01 16:08:43 - transaction_storage - DEBUG - Logger initialized for transaction_storage at level DEBUG
2025-08-01 16:08:43 - transaction_storage - INFO - Attempting Redis connection - URL: redis://:2a4efe20e40e332d@localhost:6379/0, Host: localhost, Port: 6379, DB: 0
2025-08-01 16:08:43 - transaction_storage - INFO - Trying Redis connection method: URL
2025-08-01 16:08:43 - transaction_storage - INFO - Redis connection successful using URL: True
2025-08-01 16:08:43 - transaction_storage - INFO - Using Redis storage for transactions
2025-08-01 16:08:44 - transaction_storage - DEBUG - Logger initialized for transaction_storage at level DEBUG
2025-08-01 16:08:44 - transaction_storage - INFO - Attempting Redis connection - URL: redis://:2a4efe20e40e332d@localhost:6379/0, Host: localhost, Port: 6379, DB: 0
2025-08-01 16:08:44 - transaction_storage - INFO - Trying Redis connection method: URL
2025-08-01 16:08:44 - transaction_storage - INFO - Redis connection successful using URL: True
2025-08-01 16:08:44 - transaction_storage - INFO - Using Redis storage for transactions
2025-08-01 16:08:46 - transaction_storage - DEBUG - Logger initialized for transaction_storage at level DEBUG
2025-08-01 16:08:46 - transaction_storage - INFO - Attempting Redis connection - URL: redis://:2a4efe20e40e332d@localhost:6379/0, Host: localhost, Port: 6379, DB: 0
2025-08-01 16:08:46 - transaction_storage - INFO - Trying Redis connection method: URL
2025-08-01 16:08:46 - transaction_storage - INFO - Redis connection successful using URL: True
2025-08-01 16:08:46 - transaction_storage - INFO - Using Redis storage for transactions
2025-08-01 16:08:47 - transaction_storage - DEBUG - Logger initialized for transaction_storage at level DEBUG
2025-08-01 16:08:47 - transaction_storage - INFO - Attempting Redis connection - URL: redis://:2a4efe20e40e332d@localhost:6379/0, Host: localhost, Port: 6379, DB: 0
2025-08-01 16:08:47 - transaction_storage - INFO - Trying Redis connection method: URL
2025-08-01 16:08:47 - transaction_storage - INFO - Redis connection successful using URL: True
2025-08-01 16:08:47 - transaction_storage - INFO - Using Redis storage for transactions
2025-08-01 16:08:48 - transaction_storage - DEBUG - Logger initialized for transaction_storage at level DEBUG
2025-08-01 16:08:48 - transaction_storage - INFO - Attempting Redis connection - URL: redis://:2a4efe20e40e332d@localhost:6379/0, Host: localhost, Port: 6379, DB: 0
2025-08-01 16:08:48 - transaction_storage - INFO - Trying Redis connection method: URL
2025-08-01 16:08:48 - transaction_storage - INFO - Redis connection successful using URL: True
2025-08-01 16:08:48 - transaction_storage - INFO - Using Redis storage for transactions
2025-08-01 16:08:50 - transaction_storage - DEBUG - Logger initialized for transaction_storage at level DEBUG
2025-08-01 16:08:50 - transaction_storage - INFO - Attempting Redis connection - URL: redis://:2a4efe20e40e332d@localhost:6379/0, Host: localhost, Port: 6379, DB: 0
2025-08-01 16:08:50 - transaction_storage - INFO - Trying Redis connection method: URL
2025-08-01 16:08:50 - transaction_storage - INFO - Redis connection successful using URL: True
2025-08-01 16:08:50 - transaction_storage - INFO - Using Redis storage for transactions
2025-08-01 16:08:51 - transaction_storage - DEBUG - Logger initialized for transaction_storage at level DEBUG
2025-08-01 16:08:51 - transaction_storage - INFO - Attempting Redis connection - URL: redis://:2a4efe20e40e332d@localhost:6379/0, Host: localhost, Port: 6379, DB: 0
2025-08-01 16:08:51 - transaction_storage - INFO - Trying Redis connection method: URL
2025-08-01 16:08:51 - transaction_storage - INFO - Redis connection successful using URL: True
2025-08-01 16:08:51 - transaction_storage - INFO - Using Redis storage for transactions
2025-08-01 16:08:52 - transaction_storage - DEBUG - Logger initialized for transaction_storage at level DEBUG
2025-08-01 16:08:52 - transaction_storage - INFO - Attempting Redis connection - URL: redis://:2a4efe20e40e332d@localhost:6379/0, Host: localhost, Port: 6379, DB: 0
2025-08-01 16:08:52 - transaction_storage - INFO - Trying Redis connection method: URL
2025-08-01 16:08:52 - transaction_storage - INFO - Redis connection successful using URL: True
2025-08-01 16:08:52 - transaction_storage - INFO - Using Redis storage for transactions
2025-08-01 16:08:54 - transaction_storage - DEBUG - Logger initialized for transaction_storage at level DEBUG
2025-08-01 16:08:54 - transaction_storage - INFO - Attempting Redis connection - URL: redis://:2a4efe20e40e332d@localhost:6379/0, Host: localhost, Port: 6379, DB: 0
2025-08-01 16:08:54 - transaction_storage - INFO - Trying Redis connection method: URL
2025-08-01 16:08:54 - transaction_storage - INFO - Redis connection successful using URL: True
2025-08-01 16:08:54 - transaction_storage - INFO - Using Redis storage for transactions
2025-08-01 16:08:55 - transaction_storage - DEBUG - Logger initialized for transaction_storage at level DEBUG
2025-08-01 16:08:55 - transaction_storage - INFO - Attempting Redis connection - URL: redis://:2a4efe20e40e332d@localhost:6379/0, Host: localhost, Port: 6379, DB: 0
2025-08-01 16:08:55 - transaction_storage - INFO - Trying Redis connection method: URL
2025-08-01 16:08:55 - transaction_storage - INFO - Redis connection successful using URL: True
2025-08-01 16:08:55 - transaction_storage - INFO - Using Redis storage for transactions
2025-08-01 16:08:56 - transaction_storage - DEBUG - Logger initialized for transaction_storage at level DEBUG
2025-08-01 16:08:56 - transaction_storage - INFO - Attempting Redis connection - URL: redis://:2a4efe20e40e332d@localhost:6379/0, Host: localhost, Port: 6379, DB: 0
2025-08-01 16:08:56 - transaction_storage - INFO - Trying Redis connection method: URL
2025-08-01 16:08:56 - transaction_storage - INFO - Redis connection successful using URL: True
2025-08-01 16:08:56 - transaction_storage - INFO - Using Redis storage for transactions
2025-08-01 16:08:58 - transaction_storage - DEBUG - Logger initialized for transaction_storage at level DEBUG
2025-08-01 16:08:58 - transaction_storage - INFO - Attempting Redis connection - URL: redis://:2a4efe20e40e332d@localhost:6379/0, Host: localhost, Port: 6379, DB: 0
2025-08-01 16:08:58 - transaction_storage - INFO - Trying Redis connection method: URL
2025-08-01 16:08:58 - transaction_storage - INFO - Redis connection successful using URL: True
2025-08-01 16:08:58 - transaction_storage - INFO - Using Redis storage for transactions
2025-08-01 16:08:59 - transaction_storage - DEBUG - Logger initialized for transaction_storage at level DEBUG
2025-08-01 16:08:59 - transaction_storage - INFO - Attempting Redis connection - URL: redis://:2a4efe20e40e332d@localhost:6379/0, Host: localhost, Port: 6379, DB: 0
2025-08-01 16:08:59 - transaction_storage - INFO - Trying Redis connection method: URL
2025-08-01 16:08:59 - transaction_storage - INFO - Redis connection successful using URL: True
2025-08-01 16:08:59 - transaction_storage - INFO - Using Redis storage for transactions
2025-08-01 16:09:00 - transaction_storage - DEBUG - Logger initialized for transaction_storage at level DEBUG
2025-08-01 16:09:00 - transaction_storage - INFO - Attempting Redis connection - URL: redis://:2a4efe20e40e332d@localhost:6379/0, Host: localhost, Port: 6379, DB: 0
2025-08-01 16:09:00 - transaction_storage - INFO - Trying Redis connection method: URL
2025-08-01 16:09:00 - transaction_storage - INFO - Redis connection successful using URL: True
2025-08-01 16:09:00 - transaction_storage - INFO - Using Redis storage for transactions
2025-08-01 16:09:03 - transaction_storage - DEBUG - Logger initialized for transaction_storage at level DEBUG
2025-08-01 16:09:03 - transaction_storage - INFO - Attempting Redis connection - URL: redis://:2a4efe20e40e332d@localhost:6379/0, Host: localhost, Port: 6379, DB: 0
2025-08-01 16:09:03 - transaction_storage - INFO - Trying Redis connection method: URL
2025-08-01 16:09:03 - transaction_storage - INFO - Redis connection successful using URL: True
2025-08-01 16:09:03 - transaction_storage - INFO - Using Redis storage for transactions
2025-08-01 16:09:04 - transaction_storage - DEBUG - Logger initialized for transaction_storage at level DEBUG
2025-08-01 16:09:04 - transaction_storage - INFO - Attempting Redis connection - URL: redis://:2a4efe20e40e332d@localhost:6379/0, Host: localhost, Port: 6379, DB: 0
2025-08-01 16:09:04 - transaction_storage - INFO - Trying Redis connection method: URL
2025-08-01 16:09:04 - transaction_storage - INFO - Redis connection successful using URL: True
2025-08-01 16:09:04 - transaction_storage - INFO - Using Redis storage for transactions
2025-08-01 16:09:05 - transaction_storage - DEBUG - Logger initialized for transaction_storage at level DEBUG
2025-08-01 16:09:05 - transaction_storage - INFO - Attempting Redis connection - URL: redis://:2a4efe20e40e332d@localhost:6379/0, Host: localhost, Port: 6379, DB: 0
2025-08-01 16:09:05 - transaction_storage - INFO - Trying Redis connection method: URL
2025-08-01 16:09:05 - transaction_storage - INFO - Redis connection successful using URL: True
2025-08-01 16:09:05 - transaction_storage - INFO - Using Redis storage for transactions
2025-08-01 16:09:07 - transaction_storage - DEBUG - Logger initialized for transaction_storage at level DEBUG
2025-08-01 16:09:07 - transaction_storage - INFO - Attempting Redis connection - URL: redis://:2a4efe20e40e332d@localhost:6379/0, Host: localhost, Port: 6379, DB: 0
2025-08-01 16:09:07 - transaction_storage - INFO - Trying Redis connection method: URL
2025-08-01 16:09:07 - transaction_storage - INFO - Redis connection successful using URL: True
2025-08-01 16:09:07 - transaction_storage - INFO - Using Redis storage for transactions
2025-08-01 16:09:08 - transaction_storage - DEBUG - Logger initialized for transaction_storage at level DEBUG
2025-08-01 16:09:08 - transaction_storage - INFO - Attempting Redis connection - URL: redis://:2a4efe20e40e332d@localhost:6379/0, Host: localhost, Port: 6379, DB: 0
2025-08-01 16:09:08 - transaction_storage - INFO - Trying Redis connection method: URL
2025-08-01 16:09:08 - transaction_storage - INFO - Redis connection successful using URL: True
2025-08-01 16:09:08 - transaction_storage - INFO - Using Redis storage for transactions
2025-08-01 16:09:10 - transaction_storage - DEBUG - Logger initialized for transaction_storage at level DEBUG
2025-08-01 16:09:10 - transaction_storage - INFO - Attempting Redis connection - URL: redis://:2a4efe20e40e332d@localhost:6379/0, Host: localhost, Port: 6379, DB: 0
2025-08-01 16:09:10 - transaction_storage - INFO - Trying Redis connection method: URL
2025-08-01 16:09:10 - transaction_storage - INFO - Redis connection successful using URL: True
2025-08-01 16:09:10 - transaction_storage - INFO - Using Redis storage for transactions
2025-08-01 16:09:12 - transaction_storage - DEBUG - Logger initialized for transaction_storage at level DEBUG
2025-08-01 16:09:12 - transaction_storage - INFO - Attempting Redis connection - URL: redis://:2a4efe20e40e332d@localhost:6379/0, Host: localhost, Port: 6379, DB: 0
2025-08-01 16:09:12 - transaction_storage - INFO - Trying Redis connection method: URL
2025-08-01 16:09:12 - transaction_storage - INFO - Redis connection successful using URL: True
2025-08-01 16:09:12 - transaction_storage - INFO - Using Redis storage for transactions
2025-08-01 16:09:12 - transaction_storage - DEBUG - Logger initialized for transaction_storage at level DEBUG
2025-08-01 16:09:12 - transaction_storage - INFO - Attempting Redis connection - URL: redis://:2a4efe20e40e332d@localhost:6379/0, Host: localhost, Port: 6379, DB: 0
2025-08-01 16:09:12 - transaction_storage - INFO - Trying Redis connection method: URL
2025-08-01 16:09:12 - transaction_storage - INFO - Redis connection successful using URL: True
2025-08-01 16:09:12 - transaction_storage - INFO - Using Redis storage for transactions
2025-08-01 16:09:14 - transaction_storage - DEBUG - Logger initialized for transaction_storage at level DEBUG
2025-08-01 16:09:14 - transaction_storage - INFO - Attempting Redis connection - URL: redis://:2a4efe20e40e332d@localhost:6379/0, Host: localhost, Port: 6379, DB: 0
2025-08-01 16:09:14 - transaction_storage - INFO - Trying Redis connection method: URL
2025-08-01 16:09:14 - transaction_storage - INFO - Redis connection successful using URL: True
2025-08-01 16:09:14 - transaction_storage - INFO - Using Redis storage for transactions
2025-08-01 16:09:16 - transaction_storage - DEBUG - Logger initialized for transaction_storage at level DEBUG
2025-08-01 16:09:16 - transaction_storage - INFO - Attempting Redis connection - URL: redis://:2a4efe20e40e332d@localhost:6379/0, Host: localhost, Port: 6379, DB: 0
2025-08-01 16:09:16 - transaction_storage - INFO - Trying Redis connection method: URL
2025-08-01 16:09:16 - transaction_storage - INFO - Redis connection successful using URL: True
2025-08-01 16:09:16 - transaction_storage - INFO - Using Redis storage for transactions
2025-08-01 16:09:17 - transaction_storage - DEBUG - Logger initialized for transaction_storage at level DEBUG
2025-08-01 16:09:17 - transaction_storage - INFO - Attempting Redis connection - URL: redis://:2a4efe20e40e332d@localhost:6379/0, Host: localhost, Port: 6379, DB: 0
2025-08-01 16:09:17 - transaction_storage - INFO - Trying Redis connection method: URL
2025-08-01 16:09:17 - transaction_storage - INFO - Redis connection successful using URL: True
2025-08-01 16:09:17 - transaction_storage - INFO - Using Redis storage for transactions
2025-08-01 16:09:19 - transaction_storage - DEBUG - Logger initialized for transaction_storage at level DEBUG
2025-08-01 16:09:19 - transaction_storage - INFO - Attempting Redis connection - URL: redis://:2a4efe20e40e332d@localhost:6379/0, Host: localhost, Port: 6379, DB: 0
2025-08-01 16:09:19 - transaction_storage - INFO - Trying Redis connection method: URL
2025-08-01 16:09:19 - transaction_storage - INFO - Redis connection successful using URL: True
2025-08-01 16:09:19 - transaction_storage - INFO - Using Redis storage for transactions
2025-08-01 16:09:21 - transaction_storage - DEBUG - Logger initialized for transaction_storage at level DEBUG
2025-08-01 16:09:21 - transaction_storage - INFO - Attempting Redis connection - URL: redis://:2a4efe20e40e332d@localhost:6379/0, Host: localhost, Port: 6379, DB: 0
2025-08-01 16:09:21 - transaction_storage - INFO - Trying Redis connection method: URL
2025-08-01 16:09:21 - transaction_storage - INFO - Redis connection successful using URL: True
2025-08-01 16:09:21 - transaction_storage - INFO - Using Redis storage for transactions
2025-08-01 16:09:21 - transaction_storage - DEBUG - Logger initialized for transaction_storage at level DEBUG
2025-08-01 16:09:21 - transaction_storage - INFO - Attempting Redis connection - URL: redis://:2a4efe20e40e332d@localhost:6379/0, Host: localhost, Port: 6379, DB: 0
2025-08-01 16:09:21 - transaction_storage - INFO - Trying Redis connection method: URL
2025-08-01 16:09:21 - transaction_storage - INFO - Redis connection successful using URL: True
2025-08-01 16:09:21 - transaction_storage - INFO - Using Redis storage for transactions
2025-08-01 16:09:23 - transaction_storage - DEBUG - Logger initialized for transaction_storage at level DEBUG
2025-08-01 16:09:23 - transaction_storage - INFO - Attempting Redis connection - URL: redis://:2a4efe20e40e332d@localhost:6379/0, Host: localhost, Port: 6379, DB: 0
2025-08-01 16:09:23 - transaction_storage - INFO - Trying Redis connection method: URL
2025-08-01 16:09:23 - transaction_storage - INFO - Redis connection successful using URL: True
2025-08-01 16:09:23 - transaction_storage - INFO - Using Redis storage for transactions
2025-08-01 16:09:25 - transaction_storage - DEBUG - Logger initialized for transaction_storage at level DEBUG
2025-08-01 16:09:25 - transaction_storage - INFO - Attempting Redis connection - URL: redis://:2a4efe20e40e332d@localhost:6379/0, Host: localhost, Port: 6379, DB: 0
2025-08-01 16:09:25 - transaction_storage - INFO - Trying Redis connection method: URL
2025-08-01 16:09:26 - transaction_storage - INFO - Redis connection successful using URL: True
2025-08-01 16:09:26 - transaction_storage - INFO - Using Redis storage for transactions
2025-08-01 16:09:26 - transaction_storage - DEBUG - Logger initialized for transaction_storage at level DEBUG
2025-08-01 16:09:26 - transaction_storage - INFO - Attempting Redis connection - URL: redis://:2a4efe20e40e332d@localhost:6379/0, Host: localhost, Port: 6379, DB: 0
2025-08-01 16:09:26 - transaction_storage - INFO - Trying Redis connection method: URL
2025-08-01 16:09:26 - transaction_storage - INFO - Redis connection successful using URL: True
2025-08-01 16:09:26 - transaction_storage - INFO - Using Redis storage for transactions
2025-08-01 16:09:27 - transaction_storage - DEBUG - Logger initialized for transaction_storage at level DEBUG
2025-08-01 16:09:27 - transaction_storage - INFO - Attempting Redis connection - URL: redis://:2a4efe20e40e332d@localhost:6379/0, Host: localhost, Port: 6379, DB: 0
2025-08-01 16:09:27 - transaction_storage - INFO - Trying Redis connection method: URL
2025-08-01 16:09:27 - transaction_storage - INFO - Redis connection successful using URL: True
2025-08-01 16:09:27 - transaction_storage - INFO - Using Redis storage for transactions
2025-08-01 16:09:30 - transaction_storage - DEBUG - Logger initialized for transaction_storage at level DEBUG
2025-08-01 16:09:30 - transaction_storage - INFO - Attempting Redis connection - URL: redis://:2a4efe20e40e332d@localhost:6379/0, Host: localhost, Port: 6379, DB: 0
2025-08-01 16:09:30 - transaction_storage - INFO - Trying Redis connection method: URL
2025-08-01 16:09:30 - transaction_storage - INFO - Redis connection successful using URL: True
2025-08-01 16:09:30 - transaction_storage - INFO - Using Redis storage for transactions
2025-08-01 16:09:30 - transaction_storage - DEBUG - Logger initialized for transaction_storage at level DEBUG
2025-08-01 16:09:30 - transaction_storage - INFO - Attempting Redis connection - URL: redis://:2a4efe20e40e332d@localhost:6379/0, Host: localhost, Port: 6379, DB: 0
2025-08-01 16:09:30 - transaction_storage - INFO - Trying Redis connection method: URL
2025-08-01 16:09:30 - transaction_storage - INFO - Redis connection successful using URL: True
2025-08-01 16:09:30 - transaction_storage - INFO - Using Redis storage for transactions
2025-08-01 16:09:33 - transaction_storage - DEBUG - Logger initialized for transaction_storage at level DEBUG
2025-08-01 16:09:33 - transaction_storage - INFO - Attempting Redis connection - URL: redis://:2a4efe20e40e332d@localhost:6379/0, Host: localhost, Port: 6379, DB: 0
2025-08-01 16:09:33 - transaction_storage - INFO - Trying Redis connection method: URL
2025-08-01 16:09:33 - transaction_storage - INFO - Redis connection successful using URL: True
2025-08-01 16:09:33 - transaction_storage - INFO - Using Redis storage for transactions
2025-08-01 16:09:35 - transaction_storage - DEBUG - Logger initialized for transaction_storage at level DEBUG
2025-08-01 16:09:35 - transaction_storage - INFO - Attempting Redis connection - URL: redis://:2a4efe20e40e332d@localhost:6379/0, Host: localhost, Port: 6379, DB: 0
2025-08-01 16:09:35 - transaction_storage - INFO - Trying Redis connection method: URL
2025-08-01 16:09:35 - transaction_storage - INFO - Redis connection successful using URL: True
2025-08-01 16:09:35 - transaction_storage - INFO - Using Redis storage for transactions
2025-08-01 16:09:35 - transaction_storage - DEBUG - Logger initialized for transaction_storage at level DEBUG
2025-08-01 16:09:35 - transaction_storage - INFO - Attempting Redis connection - URL: redis://:2a4efe20e40e332d@localhost:6379/0, Host: localhost, Port: 6379, DB: 0
2025-08-01 16:09:35 - transaction_storage - INFO - Trying Redis connection method: URL
2025-08-01 16:09:35 - transaction_storage - INFO - Redis connection successful using URL: True
2025-08-01 16:09:35 - transaction_storage - INFO - Using Redis storage for transactions
2025-08-01 16:09:37 - transaction_storage - DEBUG - Logger initialized for transaction_storage at level DEBUG
2025-08-01 16:09:37 - transaction_storage - INFO - Attempting Redis connection - URL: redis://:2a4efe20e40e332d@localhost:6379/0, Host: localhost, Port: 6379, DB: 0
2025-08-01 16:09:37 - transaction_storage - INFO - Trying Redis connection method: URL
2025-08-01 16:09:37 - transaction_storage - INFO - Redis connection successful using URL: True
2025-08-01 16:09:37 - transaction_storage - INFO - Using Redis storage for transactions
2025-08-01 16:09:40 - transaction_storage - DEBUG - Logger initialized for transaction_storage at level DEBUG
2025-08-01 16:09:40 - transaction_storage - INFO - Attempting Redis connection - URL: redis://:2a4efe20e40e332d@localhost:6379/0, Host: localhost, Port: 6379, DB: 0
2025-08-01 16:09:40 - transaction_storage - INFO - Trying Redis connection method: URL
2025-08-01 16:09:40 - transaction_storage - INFO - Redis connection successful using URL: True
2025-08-01 16:09:40 - transaction_storage - INFO - Using Redis storage for transactions
2025-08-01 16:09:40 - transaction_storage - DEBUG - Logger initialized for transaction_storage at level DEBUG
2025-08-01 16:09:40 - transaction_storage - INFO - Attempting Redis connection - URL: redis://:2a4efe20e40e332d@localhost:6379/0, Host: localhost, Port: 6379, DB: 0
2025-08-01 16:09:40 - transaction_storage - INFO - Trying Redis connection method: URL
2025-08-01 16:09:40 - transaction_storage - INFO - Redis connection successful using URL: True
2025-08-01 16:09:40 - transaction_storage - INFO - Using Redis storage for transactions
2025-08-01 16:09:41 - transaction_storage - DEBUG - Logger initialized for transaction_storage at level DEBUG
2025-08-01 16:09:41 - transaction_storage - INFO - Attempting Redis connection - URL: redis://:2a4efe20e40e332d@localhost:6379/0, Host: localhost, Port: 6379, DB: 0
2025-08-01 16:09:41 - transaction_storage - INFO - Trying Redis connection method: URL
2025-08-01 16:09:41 - transaction_storage - INFO - Redis connection successful using URL: True
2025-08-01 16:09:41 - transaction_storage - INFO - Using Redis storage for transactions
2025-08-01 16:09:44 - transaction_storage - DEBUG - Logger initialized for transaction_storage at level DEBUG
2025-08-01 16:09:44 - transaction_storage - INFO - Attempting Redis connection - URL: redis://:2a4efe20e40e332d@localhost:6379/0, Host: localhost, Port: 6379, DB: 0
2025-08-01 16:09:44 - transaction_storage - INFO - Trying Redis connection method: URL
2025-08-01 16:09:44 - transaction_storage - INFO - Redis connection successful using URL: True
2025-08-01 16:09:44 - transaction_storage - INFO - Using Redis storage for transactions
2025-08-01 16:09:44 - transaction_storage - DEBUG - Logger initialized for transaction_storage at level DEBUG
2025-08-01 16:09:44 - transaction_storage - INFO - Attempting Redis connection - URL: redis://:2a4efe20e40e332d@localhost:6379/0, Host: localhost, Port: 6379, DB: 0
2025-08-01 16:09:44 - transaction_storage - INFO - Trying Redis connection method: URL
2025-08-01 16:09:44 - transaction_storage - INFO - Redis connection successful using URL: True
2025-08-01 16:09:44 - transaction_storage - INFO - Using Redis storage for transactions
2025-08-01 16:09:45 - transaction_storage - DEBUG - Logger initialized for transaction_storage at level DEBUG
2025-08-01 16:09:45 - transaction_storage - INFO - Attempting Redis connection - URL: redis://:2a4efe20e40e332d@localhost:6379/0, Host: localhost, Port: 6379, DB: 0
2025-08-01 16:09:45 - transaction_storage - INFO - Trying Redis connection method: URL
2025-08-01 16:09:45 - transaction_storage - INFO - Redis connection successful using URL: True
2025-08-01 16:09:45 - transaction_storage - INFO - Using Redis storage for transactions
2025-08-01 16:09:48 - transaction_storage - DEBUG - Logger initialized for transaction_storage at level DEBUG
2025-08-01 16:09:48 - transaction_storage - INFO - Attempting Redis connection - URL: redis://:2a4efe20e40e332d@localhost:6379/0, Host: localhost, Port: 6379, DB: 0
2025-08-01 16:09:48 - transaction_storage - INFO - Trying Redis connection method: URL
2025-08-01 16:09:48 - transaction_storage - INFO - Redis connection successful using URL: True
2025-08-01 16:09:48 - transaction_storage - INFO - Using Redis storage for transactions
2025-08-01 16:09:49 - transaction_storage - DEBUG - Logger initialized for transaction_storage at level DEBUG
2025-08-01 16:09:49 - transaction_storage - INFO - Attempting Redis connection - URL: redis://:2a4efe20e40e332d@localhost:6379/0, Host: localhost, Port: 6379, DB: 0
2025-08-01 16:09:49 - transaction_storage - INFO - Trying Redis connection method: URL
2025-08-01 16:09:49 - transaction_storage - INFO - Redis connection successful using URL: True
2025-08-01 16:09:49 - transaction_storage - INFO - Using Redis storage for transactions
2025-08-01 16:09:51 - transaction_storage - DEBUG - Logger initialized for transaction_storage at level DEBUG
2025-08-01 16:09:51 - transaction_storage - INFO - Attempting Redis connection - URL: redis://:2a4efe20e40e332d@localhost:6379/0, Host: localhost, Port: 6379, DB: 0
2025-08-01 16:09:51 - transaction_storage - INFO - Trying Redis connection method: URL
2025-08-01 16:09:51 - transaction_storage - INFO - Redis connection successful using URL: True
2025-08-01 16:09:51 - transaction_storage - INFO - Using Redis storage for transactions
2025-08-01 16:09:53 - transaction_storage - DEBUG - Logger initialized for transaction_storage at level DEBUG
2025-08-01 16:09:53 - transaction_storage - INFO - Attempting Redis connection - URL: redis://:2a4efe20e40e332d@localhost:6379/0, Host: localhost, Port: 6379, DB: 0
2025-08-01 16:09:53 - transaction_storage - INFO - Trying Redis connection method: URL
2025-08-01 16:09:53 - transaction_storage - INFO - Redis connection successful using URL: True
2025-08-01 16:09:53 - transaction_storage - INFO - Using Redis storage for transactions
2025-08-01 16:09:54 - transaction_storage - DEBUG - Logger initialized for transaction_storage at level DEBUG
2025-08-01 16:09:54 - transaction_storage - INFO - Attempting Redis connection - URL: redis://:2a4efe20e40e332d@localhost:6379/0, Host: localhost, Port: 6379, DB: 0
2025-08-01 16:09:54 - transaction_storage - INFO - Trying Redis connection method: URL
2025-08-01 16:09:54 - transaction_storage - INFO - Redis connection successful using URL: True
2025-08-01 16:09:54 - transaction_storage - INFO - Using Redis storage for transactions
2025-08-01 16:09:56 - transaction_storage - DEBUG - Logger initialized for transaction_storage at level DEBUG
2025-08-01 16:09:56 - transaction_storage - INFO - Attempting Redis connection - URL: redis://:2a4efe20e40e332d@localhost:6379/0, Host: localhost, Port: 6379, DB: 0
2025-08-01 16:09:56 - transaction_storage - INFO - Trying Redis connection method: URL
2025-08-01 16:09:56 - transaction_storage - INFO - Redis connection successful using URL: True
2025-08-01 16:09:56 - transaction_storage - INFO - Using Redis storage for transactions
2025-08-01 16:09:57 - transaction_storage - DEBUG - Logger initialized for transaction_storage at level DEBUG
2025-08-01 16:09:57 - transaction_storage - INFO - Attempting Redis connection - URL: redis://:2a4efe20e40e332d@localhost:6379/0, Host: localhost, Port: 6379, DB: 0
2025-08-01 16:09:57 - transaction_storage - INFO - Trying Redis connection method: URL
2025-08-01 16:09:57 - transaction_storage - INFO - Redis connection successful using URL: True
2025-08-01 16:09:57 - transaction_storage - INFO - Using Redis storage for transactions
2025-08-01 16:09:57 - transaction_storage - DEBUG - Logger initialized for transaction_storage at level DEBUG
2025-08-01 16:09:57 - transaction_storage - INFO - Attempting Redis connection - URL: redis://:2a4efe20e40e332d@localhost:6379/0, Host: localhost, Port: 6379, DB: 0
2025-08-01 16:09:57 - transaction_storage - INFO - Trying Redis connection method: URL
2025-08-01 16:09:57 - transaction_storage - INFO - Redis connection successful using URL: True
2025-08-01 16:09:57 - transaction_storage - INFO - Using Redis storage for transactions
2025-08-01 16:10:01 - transaction_storage - DEBUG - Logger initialized for transaction_storage at level DEBUG
2025-08-01 16:10:01 - transaction_storage - INFO - Attempting Redis connection - URL: redis://:2a4efe20e40e332d@localhost:6379/0, Host: localhost, Port: 6379, DB: 0
2025-08-01 16:10:01 - transaction_storage - INFO - Trying Redis connection method: URL
2025-08-01 16:10:01 - transaction_storage - INFO - Redis connection successful using URL: True
2025-08-01 16:10:01 - transaction_storage - INFO - Using Redis storage for transactions
2025-08-01 16:10:03 - transaction_storage - DEBUG - Logger initialized for transaction_storage at level DEBUG
2025-08-01 16:10:03 - transaction_storage - INFO - Attempting Redis connection - URL: redis://:2a4efe20e40e332d@localhost:6379/0, Host: localhost, Port: 6379, DB: 0
2025-08-01 16:10:03 - transaction_storage - INFO - Trying Redis connection method: URL
2025-08-01 16:10:03 - transaction_storage - INFO - Redis connection successful using URL: True
2025-08-01 16:10:03 - transaction_storage - INFO - Using Redis storage for transactions
2025-08-01 16:10:04 - transaction_storage - DEBUG - Logger initialized for transaction_storage at level DEBUG
2025-08-01 16:10:04 - transaction_storage - INFO - Attempting Redis connection - URL: redis://:2a4efe20e40e332d@localhost:6379/0, Host: localhost, Port: 6379, DB: 0
2025-08-01 16:10:04 - transaction_storage - INFO - Trying Redis connection method: URL
2025-08-01 16:10:04 - transaction_storage - INFO - Redis connection successful using URL: True
2025-08-01 16:10:04 - transaction_storage - INFO - Using Redis storage for transactions
2025-08-01 16:10:08 - transaction_storage - DEBUG - Logger initialized for transaction_storage at level DEBUG
2025-08-01 16:10:08 - transaction_storage - INFO - Attempting Redis connection - URL: redis://:2a4efe20e40e332d@localhost:6379/0, Host: localhost, Port: 6379, DB: 0
2025-08-01 16:10:08 - transaction_storage - INFO - Trying Redis connection method: URL
2025-08-01 16:10:08 - transaction_storage - INFO - Redis connection successful using URL: True
2025-08-01 16:10:08 - transaction_storage - INFO - Using Redis storage for transactions
2025-08-01 16:10:09 - transaction_storage - DEBUG - Logger initialized for transaction_storage at level DEBUG
2025-08-01 16:10:09 - transaction_storage - INFO - Attempting Redis connection - URL: redis://:2a4efe20e40e332d@localhost:6379/0, Host: localhost, Port: 6379, DB: 0
2025-08-01 16:10:09 - transaction_storage - INFO - Trying Redis connection method: URL
2025-08-01 16:10:09 - transaction_storage - INFO - Redis connection successful using URL: True
2025-08-01 16:10:09 - transaction_storage - INFO - Using Redis storage for transactions
2025-08-01 16:10:10 - transaction_storage - DEBUG - Logger initialized for transaction_storage at level DEBUG
2025-08-01 16:10:10 - transaction_storage - INFO - Attempting Redis connection - URL: redis://:2a4efe20e40e332d@localhost:6379/0, Host: localhost, Port: 6379, DB: 0
2025-08-01 16:10:10 - transaction_storage - INFO - Trying Redis connection method: URL
2025-08-01 16:10:10 - transaction_storage - INFO - Redis connection successful using URL: True
2025-08-01 16:10:10 - transaction_storage - INFO - Using Redis storage for transactions
2025-08-01 16:10:13 - transaction_storage - DEBUG - Logger initialized for transaction_storage at level DEBUG
2025-08-01 16:10:13 - transaction_storage - INFO - Attempting Redis connection - URL: redis://:2a4efe20e40e332d@localhost:6379/0, Host: localhost, Port: 6379, DB: 0
2025-08-01 16:10:13 - transaction_storage - INFO - Trying Redis connection method: URL
2025-08-01 16:10:13 - transaction_storage - INFO - Redis connection successful using URL: True
2025-08-01 16:10:13 - transaction_storage - INFO - Using Redis storage for transactions
2025-08-01 16:10:14 - transaction_storage - DEBUG - Logger initialized for transaction_storage at level DEBUG
2025-08-01 16:10:14 - transaction_storage - INFO - Attempting Redis connection - URL: redis://:2a4efe20e40e332d@localhost:6379/0, Host: localhost, Port: 6379, DB: 0
2025-08-01 16:10:14 - transaction_storage - INFO - Trying Redis connection method: URL
2025-08-01 16:10:14 - transaction_storage - INFO - Redis connection successful using URL: True
2025-08-01 16:10:14 - transaction_storage - INFO - Using Redis storage for transactions
2025-08-01 16:10:14 - transaction_storage - DEBUG - Logger initialized for transaction_storage at level DEBUG
2025-08-01 16:10:14 - transaction_storage - INFO - Attempting Redis connection - URL: redis://:2a4efe20e40e332d@localhost:6379/0, Host: localhost, Port: 6379, DB: 0
2025-08-01 16:10:14 - transaction_storage - INFO - Trying Redis connection method: URL
2025-08-01 16:10:14 - transaction_storage - INFO - Redis connection successful using URL: True
2025-08-01 16:10:14 - transaction_storage - INFO - Using Redis storage for transactions
2025-08-01 16:10:18 - transaction_storage - DEBUG - Logger initialized for transaction_storage at level DEBUG
2025-08-01 16:10:18 - transaction_storage - INFO - Attempting Redis connection - URL: redis://:2a4efe20e40e332d@localhost:6379/0, Host: localhost, Port: 6379, DB: 0
2025-08-01 16:10:18 - transaction_storage - INFO - Trying Redis connection method: URL
2025-08-01 16:10:18 - transaction_storage - INFO - Redis connection successful using URL: True
2025-08-01 16:10:18 - transaction_storage - INFO - Using Redis storage for transactions
2025-08-01 16:10:19 - transaction_storage - DEBUG - Logger initialized for transaction_storage at level DEBUG
2025-08-01 16:10:19 - transaction_storage - INFO - Attempting Redis connection - URL: redis://:2a4efe20e40e332d@localhost:6379/0, Host: localhost, Port: 6379, DB: 0
2025-08-01 16:10:19 - transaction_storage - INFO - Trying Redis connection method: URL
2025-08-01 16:10:19 - transaction_storage - INFO - Redis connection successful using URL: True
2025-08-01 16:10:19 - transaction_storage - INFO - Using Redis storage for transactions
2025-08-01 16:10:20 - transaction_storage - DEBUG - Logger initialized for transaction_storage at level DEBUG
2025-08-01 16:10:20 - transaction_storage - INFO - Attempting Redis connection - URL: redis://:2a4efe20e40e332d@localhost:6379/0, Host: localhost, Port: 6379, DB: 0
2025-08-01 16:10:20 - transaction_storage - INFO - Trying Redis connection method: URL
2025-08-01 16:10:20 - transaction_storage - INFO - Redis connection successful using URL: True
2025-08-01 16:10:20 - transaction_storage - INFO - Using Redis storage for transactions
2025-08-01 16:10:23 - transaction_storage - DEBUG - Logger initialized for transaction_storage at level DEBUG
2025-08-01 16:10:23 - transaction_storage - INFO - Attempting Redis connection - URL: redis://:2a4efe20e40e332d@localhost:6379/0, Host: localhost, Port: 6379, DB: 0
2025-08-01 16:10:23 - transaction_storage - INFO - Trying Redis connection method: URL
2025-08-01 16:10:23 - transaction_storage - INFO - Redis connection successful using URL: True
2025-08-01 16:10:23 - transaction_storage - INFO - Using Redis storage for transactions
2025-08-01 16:10:24 - transaction_storage - DEBUG - Logger initialized for transaction_storage at level DEBUG
2025-08-01 16:10:24 - transaction_storage - INFO - Attempting Redis connection - URL: redis://:2a4efe20e40e332d@localhost:6379/0, Host: localhost, Port: 6379, DB: 0
2025-08-01 16:10:24 - transaction_storage - INFO - Trying Redis connection method: URL
2025-08-01 16:10:24 - transaction_storage - INFO - Redis connection successful using URL: True
2025-08-01 16:10:24 - transaction_storage - INFO - Using Redis storage for transactions
2025-08-01 16:10:24 - transaction_storage - DEBUG - Logger initialized for transaction_storage at level DEBUG
2025-08-01 16:10:24 - transaction_storage - INFO - Attempting Redis connection - URL: redis://:2a4efe20e40e332d@localhost:6379/0, Host: localhost, Port: 6379, DB: 0
2025-08-01 16:10:24 - transaction_storage - INFO - Trying Redis connection method: URL
2025-08-01 16:10:24 - transaction_storage - INFO - Redis connection successful using URL: True
2025-08-01 16:10:24 - transaction_storage - INFO - Using Redis storage for transactions
2025-08-01 16:10:26 - transaction_storage - DEBUG - Logger initialized for transaction_storage at level DEBUG
2025-08-01 16:10:26 - transaction_storage - INFO - Attempting Redis connection - URL: redis://:2a4efe20e40e332d@localhost:6379/0, Host: localhost, Port: 6379, DB: 0
2025-08-01 16:10:26 - transaction_storage - INFO - Trying Redis connection method: URL
2025-08-01 16:10:26 - transaction_storage - INFO - Redis connection successful using URL: True
2025-08-01 16:10:26 - transaction_storage - INFO - Using Redis storage for transactions
2025-08-01 16:10:28 - transaction_storage - DEBUG - Logger initialized for transaction_storage at level DEBUG
2025-08-01 16:10:28 - transaction_storage - INFO - Attempting Redis connection - URL: redis://:2a4efe20e40e332d@localhost:6379/0, Host: localhost, Port: 6379, DB: 0
2025-08-01 16:10:28 - transaction_storage - INFO - Trying Redis connection method: URL
2025-08-01 16:10:28 - transaction_storage - INFO - Redis connection successful using URL: True
2025-08-01 16:10:28 - transaction_storage - INFO - Using Redis storage for transactions
2025-08-01 16:10:29 - transaction_storage - DEBUG - Logger initialized for transaction_storage at level DEBUG
2025-08-01 16:10:29 - transaction_storage - INFO - Attempting Redis connection - URL: redis://:2a4efe20e40e332d@localhost:6379/0, Host: localhost, Port: 6379, DB: 0
2025-08-01 16:10:29 - transaction_storage - INFO - Trying Redis connection method: URL
2025-08-01 16:10:29 - transaction_storage - INFO - Redis connection successful using URL: True
2025-08-01 16:10:29 - transaction_storage - INFO - Using Redis storage for transactions
2025-08-01 16:10:31 - transaction_storage - DEBUG - Logger initialized for transaction_storage at level DEBUG
2025-08-01 16:10:31 - transaction_storage - INFO - Attempting Redis connection - URL: redis://:2a4efe20e40e332d@localhost:6379/0, Host: localhost, Port: 6379, DB: 0
2025-08-01 16:10:31 - transaction_storage - INFO - Trying Redis connection method: URL
2025-08-01 16:10:31 - transaction_storage - INFO - Redis connection successful using URL: True
2025-08-01 16:10:31 - transaction_storage - INFO - Using Redis storage for transactions
2025-08-01 16:10:33 - transaction_storage - DEBUG - Logger initialized for transaction_storage at level DEBUG
2025-08-01 16:10:33 - transaction_storage - INFO - Attempting Redis connection - URL: redis://:2a4efe20e40e332d@localhost:6379/0, Host: localhost, Port: 6379, DB: 0
2025-08-01 16:10:33 - transaction_storage - INFO - Trying Redis connection method: URL
2025-08-01 16:10:33 - transaction_storage - INFO - Redis connection successful using URL: True
2025-08-01 16:10:33 - transaction_storage - INFO - Using Redis storage for transactions
2025-08-01 16:10:33 - transaction_storage - DEBUG - Logger initialized for transaction_storage at level DEBUG
2025-08-01 16:10:33 - transaction_storage - INFO - Attempting Redis connection - URL: redis://:2a4efe20e40e332d@localhost:6379/0, Host: localhost, Port: 6379, DB: 0
2025-08-01 16:10:33 - transaction_storage - INFO - Trying Redis connection method: URL
2025-08-01 16:10:33 - transaction_storage - INFO - Redis connection successful using URL: True
2025-08-01 16:10:33 - transaction_storage - INFO - Using Redis storage for transactions
2025-08-01 16:10:35 - transaction_storage - DEBUG - Logger initialized for transaction_storage at level DEBUG
2025-08-01 16:10:35 - transaction_storage - INFO - Attempting Redis connection - URL: redis://:2a4efe20e40e332d@localhost:6379/0, Host: localhost, Port: 6379, DB: 0
2025-08-01 16:10:35 - transaction_storage - INFO - Trying Redis connection method: URL
2025-08-01 16:10:35 - transaction_storage - INFO - Redis connection successful using URL: True
2025-08-01 16:10:35 - transaction_storage - INFO - Using Redis storage for transactions
2025-08-01 16:10:36 - transaction_storage - DEBUG - Logger initialized for transaction_storage at level DEBUG
2025-08-01 16:10:36 - transaction_storage - INFO - Attempting Redis connection - URL: redis://:2a4efe20e40e332d@localhost:6379/0, Host: localhost, Port: 6379, DB: 0
2025-08-01 16:10:36 - transaction_storage - INFO - Trying Redis connection method: URL
2025-08-01 16:10:36 - transaction_storage - INFO - Redis connection successful using URL: True
2025-08-01 16:10:36 - transaction_storage - INFO - Using Redis storage for transactions
2025-08-01 16:10:37 - transaction_storage - DEBUG - Logger initialized for transaction_storage at level DEBUG
2025-08-01 16:10:37 - transaction_storage - INFO - Attempting Redis connection - URL: redis://:2a4efe20e40e332d@localhost:6379/0, Host: localhost, Port: 6379, DB: 0
2025-08-01 16:10:37 - transaction_storage - INFO - Trying Redis connection method: URL
2025-08-01 16:10:37 - transaction_storage - INFO - Redis connection successful using URL: True
2025-08-01 16:10:37 - transaction_storage - INFO - Using Redis storage for transactions
2025-08-01 16:10:39 - transaction_storage - DEBUG - Logger initialized for transaction_storage at level DEBUG
2025-08-01 16:10:39 - transaction_storage - INFO - Attempting Redis connection - URL: redis://:2a4efe20e40e332d@localhost:6379/0, Host: localhost, Port: 6379, DB: 0
2025-08-01 16:10:39 - transaction_storage - INFO - Trying Redis connection method: URL
2025-08-01 16:10:39 - transaction_storage - INFO - Redis connection successful using URL: True
2025-08-01 16:10:39 - transaction_storage - INFO - Using Redis storage for transactions
2025-08-01 16:10:40 - transaction_storage - DEBUG - Logger initialized for transaction_storage at level DEBUG
2025-08-01 16:10:40 - transaction_storage - INFO - Attempting Redis connection - URL: redis://:2a4efe20e40e332d@localhost:6379/0, Host: localhost, Port: 6379, DB: 0
2025-08-01 16:10:40 - transaction_storage - INFO - Trying Redis connection method: URL
2025-08-01 16:10:40 - transaction_storage - INFO - Redis connection successful using URL: True
2025-08-01 16:10:40 - transaction_storage - INFO - Using Redis storage for transactions
2025-08-01 16:10:41 - transaction_storage - DEBUG - Logger initialized for transaction_storage at level DEBUG
2025-08-01 16:10:41 - transaction_storage - INFO - Attempting Redis connection - URL: redis://:2a4efe20e40e332d@localhost:6379/0, Host: localhost, Port: 6379, DB: 0
2025-08-01 16:10:41 - transaction_storage - INFO - Trying Redis connection method: URL
2025-08-01 16:10:41 - transaction_storage - INFO - Redis connection successful using URL: True
2025-08-01 16:10:41 - transaction_storage - INFO - Using Redis storage for transactions
2025-08-01 16:10:43 - transaction_storage - DEBUG - Logger initialized for transaction_storage at level DEBUG
2025-08-01 16:10:43 - transaction_storage - INFO - Attempting Redis connection - URL: redis://:2a4efe20e40e332d@localhost:6379/0, Host: localhost, Port: 6379, DB: 0
2025-08-01 16:10:43 - transaction_storage - INFO - Trying Redis connection method: URL
2025-08-01 16:10:43 - transaction_storage - INFO - Redis connection successful using URL: True
2025-08-01 16:10:43 - transaction_storage - INFO - Using Redis storage for transactions
2025-08-01 16:10:44 - transaction_storage - DEBUG - Logger initialized for transaction_storage at level DEBUG
2025-08-01 16:10:44 - transaction_storage - INFO - Attempting Redis connection - URL: redis://:2a4efe20e40e332d@localhost:6379/0, Host: localhost, Port: 6379, DB: 0
2025-08-01 16:10:44 - transaction_storage - INFO - Trying Redis connection method: URL
2025-08-01 16:10:44 - transaction_storage - INFO - Redis connection successful using URL: True
2025-08-01 16:10:44 - transaction_storage - INFO - Using Redis storage for transactions
2025-08-01 16:10:46 - transaction_storage - DEBUG - Logger initialized for transaction_storage at level DEBUG
2025-08-01 16:10:46 - transaction_storage - INFO - Attempting Redis connection - URL: redis://:2a4efe20e40e332d@localhost:6379/0, Host: localhost, Port: 6379, DB: 0
2025-08-01 16:10:46 - transaction_storage - INFO - Trying Redis connection method: URL
2025-08-01 16:10:46 - transaction_storage - INFO - Redis connection successful using URL: True
2025-08-01 16:10:46 - transaction_storage - INFO - Using Redis storage for transactions
2025-08-01 16:10:47 - transaction_storage - DEBUG - Logger initialized for transaction_storage at level DEBUG
2025-08-01 16:10:47 - transaction_storage - INFO - Attempting Redis connection - URL: redis://:2a4efe20e40e332d@localhost:6379/0, Host: localhost, Port: 6379, DB: 0
2025-08-01 16:10:47 - transaction_storage - INFO - Trying Redis connection method: URL
2025-08-01 16:10:47 - transaction_storage - INFO - Redis connection successful using URL: True
2025-08-01 16:10:47 - transaction_storage - INFO - Using Redis storage for transactions
2025-08-01 16:10:49 - transaction_storage - DEBUG - Logger initialized for transaction_storage at level DEBUG
2025-08-01 16:10:49 - transaction_storage - INFO - Attempting Redis connection - URL: redis://:2a4efe20e40e332d@localhost:6379/0, Host: localhost, Port: 6379, DB: 0
2025-08-01 16:10:49 - transaction_storage - INFO - Trying Redis connection method: URL
2025-08-01 16:10:49 - transaction_storage - INFO - Redis connection successful using URL: True
2025-08-01 16:10:49 - transaction_storage - INFO - Using Redis storage for transactions
2025-08-01 16:10:50 - transaction_storage - DEBUG - Logger initialized for transaction_storage at level DEBUG
2025-08-01 16:10:50 - transaction_storage - INFO - Attempting Redis connection - URL: redis://:2a4efe20e40e332d@localhost:6379/0, Host: localhost, Port: 6379, DB: 0
2025-08-01 16:10:50 - transaction_storage - INFO - Trying Redis connection method: URL
2025-08-01 16:10:50 - transaction_storage - INFO - Redis connection successful using URL: True
2025-08-01 16:10:50 - transaction_storage - INFO - Using Redis storage for transactions
2025-08-01 16:10:51 - transaction_storage - DEBUG - Logger initialized for transaction_storage at level DEBUG
2025-08-01 16:10:51 - transaction_storage - INFO - Attempting Redis connection - URL: redis://:2a4efe20e40e332d@localhost:6379/0, Host: localhost, Port: 6379, DB: 0
2025-08-01 16:10:51 - transaction_storage - INFO - Trying Redis connection method: URL
2025-08-01 16:10:51 - transaction_storage - INFO - Redis connection successful using URL: True
2025-08-01 16:10:51 - transaction_storage - INFO - Using Redis storage for transactions
2025-08-01 16:10:53 - transaction_storage - DEBUG - Logger initialized for transaction_storage at level DEBUG
2025-08-01 16:10:53 - transaction_storage - INFO - Attempting Redis connection - URL: redis://:2a4efe20e40e332d@localhost:6379/0, Host: localhost, Port: 6379, DB: 0
2025-08-01 16:10:53 - transaction_storage - INFO - Trying Redis connection method: URL
2025-08-01 16:10:53 - transaction_storage - INFO - Redis connection successful using URL: True
2025-08-01 16:10:53 - transaction_storage - INFO - Using Redis storage for transactions
2025-08-01 16:10:54 - transaction_storage - DEBUG - Logger initialized for transaction_storage at level DEBUG
2025-08-01 16:10:54 - transaction_storage - INFO - Attempting Redis connection - URL: redis://:2a4efe20e40e332d@localhost:6379/0, Host: localhost, Port: 6379, DB: 0
2025-08-01 16:10:54 - transaction_storage - INFO - Trying Redis connection method: URL
2025-08-01 16:10:54 - transaction_storage - INFO - Redis connection successful using URL: True
2025-08-01 16:10:54 - transaction_storage - INFO - Using Redis storage for transactions
2025-08-01 16:10:56 - transaction_storage - DEBUG - Logger initialized for transaction_storage at level DEBUG
2025-08-01 16:10:56 - transaction_storage - INFO - Attempting Redis connection - URL: redis://:2a4efe20e40e332d@localhost:6379/0, Host: localhost, Port: 6379, DB: 0
2025-08-01 16:10:56 - transaction_storage - INFO - Trying Redis connection method: URL
2025-08-01 16:10:56 - transaction_storage - INFO - Redis connection successful using URL: True
2025-08-01 16:10:56 - transaction_storage - INFO - Using Redis storage for transactions
2025-08-01 16:10:57 - transaction_storage - DEBUG - Logger initialized for transaction_storage at level DEBUG
2025-08-01 16:10:57 - transaction_storage - INFO - Attempting Redis connection - URL: redis://:2a4efe20e40e332d@localhost:6379/0, Host: localhost, Port: 6379, DB: 0
2025-08-01 16:10:57 - transaction_storage - INFO - Trying Redis connection method: URL
2025-08-01 16:10:57 - transaction_storage - INFO - Redis connection successful using URL: True
2025-08-01 16:10:57 - transaction_storage - INFO - Using Redis storage for transactions
2025-08-01 16:10:58 - transaction_storage - DEBUG - Logger initialized for transaction_storage at level DEBUG
2025-08-01 16:10:58 - transaction_storage - INFO - Attempting Redis connection - URL: redis://:2a4efe20e40e332d@localhost:6379/0, Host: localhost, Port: 6379, DB: 0
2025-08-01 16:10:58 - transaction_storage - INFO - Trying Redis connection method: URL
2025-08-01 16:10:58 - transaction_storage - INFO - Redis connection successful using URL: True
2025-08-01 16:10:58 - transaction_storage - INFO - Using Redis storage for transactions
2025-08-01 16:11:00 - transaction_storage - DEBUG - Logger initialized for transaction_storage at level DEBUG
2025-08-01 16:11:00 - transaction_storage - INFO - Attempting Redis connection - URL: redis://:2a4efe20e40e332d@localhost:6379/0, Host: localhost, Port: 6379, DB: 0
2025-08-01 16:11:00 - transaction_storage - INFO - Trying Redis connection method: URL
2025-08-01 16:11:00 - transaction_storage - INFO - Redis connection successful using URL: True
2025-08-01 16:11:00 - transaction_storage - INFO - Using Redis storage for transactions
2025-08-01 16:11:02 - transaction_storage - DEBUG - Logger initialized for transaction_storage at level DEBUG
2025-08-01 16:11:02 - transaction_storage - INFO - Attempting Redis connection - URL: redis://:2a4efe20e40e332d@localhost:6379/0, Host: localhost, Port: 6379, DB: 0
2025-08-01 16:11:02 - transaction_storage - INFO - Trying Redis connection method: URL
2025-08-01 16:11:02 - transaction_storage - INFO - Redis connection successful using URL: True
2025-08-01 16:11:02 - transaction_storage - INFO - Using Redis storage for transactions
2025-08-01 16:11:03 - transaction_storage - DEBUG - Logger initialized for transaction_storage at level DEBUG
2025-08-01 16:11:03 - transaction_storage - INFO - Attempting Redis connection - URL: redis://:2a4efe20e40e332d@localhost:6379/0, Host: localhost, Port: 6379, DB: 0
2025-08-01 16:11:03 - transaction_storage - INFO - Trying Redis connection method: URL
2025-08-01 16:11:03 - transaction_storage - INFO - Redis connection successful using URL: True
2025-08-01 16:11:03 - transaction_storage - INFO - Using Redis storage for transactions
2025-08-01 16:11:05 - transaction_storage - DEBUG - Logger initialized for transaction_storage at level DEBUG
2025-08-01 16:11:05 - transaction_storage - INFO - Attempting Redis connection - URL: redis://:2a4efe20e40e332d@localhost:6379/0, Host: localhost, Port: 6379, DB: 0
2025-08-01 16:11:05 - transaction_storage - INFO - Trying Redis connection method: URL
2025-08-01 16:11:05 - transaction_storage - INFO - Redis connection successful using URL: True
2025-08-01 16:11:05 - transaction_storage - INFO - Using Redis storage for transactions
2025-08-01 16:11:06 - transaction_storage - DEBUG - Logger initialized for transaction_storage at level DEBUG
2025-08-01 16:11:06 - transaction_storage - INFO - Attempting Redis connection - URL: redis://:2a4efe20e40e332d@localhost:6379/0, Host: localhost, Port: 6379, DB: 0
2025-08-01 16:11:06 - transaction_storage - INFO - Trying Redis connection method: URL
2025-08-01 16:11:06 - transaction_storage - INFO - Redis connection successful using URL: True
2025-08-01 16:11:06 - transaction_storage - INFO - Using Redis storage for transactions
2025-08-01 16:11:07 - transaction_storage - DEBUG - Logger initialized for transaction_storage at level DEBUG
2025-08-01 16:11:07 - transaction_storage - INFO - Attempting Redis connection - URL: redis://:2a4efe20e40e332d@localhost:6379/0, Host: localhost, Port: 6379, DB: 0
2025-08-01 16:11:07 - transaction_storage - INFO - Trying Redis connection method: URL
2025-08-01 16:11:07 - transaction_storage - INFO - Redis connection successful using URL: True
2025-08-01 16:11:07 - transaction_storage - INFO - Using Redis storage for transactions
2025-08-01 16:11:09 - transaction_storage - DEBUG - Logger initialized for transaction_storage at level DEBUG
2025-08-01 16:11:09 - transaction_storage - INFO - Attempting Redis connection - URL: redis://:2a4efe20e40e332d@localhost:6379/0, Host: localhost, Port: 6379, DB: 0
2025-08-01 16:11:09 - transaction_storage - INFO - Trying Redis connection method: URL
2025-08-01 16:11:09 - transaction_storage - INFO - Redis connection successful using URL: True
2025-08-01 16:11:09 - transaction_storage - INFO - Using Redis storage for transactions
2025-08-01 16:11:10 - transaction_storage - DEBUG - Logger initialized for transaction_storage at level DEBUG
2025-08-01 16:11:10 - transaction_storage - INFO - Attempting Redis connection - URL: redis://:2a4efe20e40e332d@localhost:6379/0, Host: localhost, Port: 6379, DB: 0
2025-08-01 16:11:10 - transaction_storage - INFO - Trying Redis connection method: URL
2025-08-01 16:11:10 - transaction_storage - INFO - Redis connection successful using URL: True
2025-08-01 16:11:10 - transaction_storage - INFO - Using Redis storage for transactions
2025-08-01 16:11:11 - transaction_storage - DEBUG - Logger initialized for transaction_storage at level DEBUG
2025-08-01 16:11:11 - transaction_storage - INFO - Attempting Redis connection - URL: redis://:2a4efe20e40e332d@localhost:6379/0, Host: localhost, Port: 6379, DB: 0
2025-08-01 16:11:11 - transaction_storage - INFO - Trying Redis connection method: URL
2025-08-01 16:11:11 - transaction_storage - INFO - Redis connection successful using URL: True
2025-08-01 16:11:11 - transaction_storage - INFO - Using Redis storage for transactions
2025-08-01 16:11:13 - transaction_storage - DEBUG - Logger initialized for transaction_storage at level DEBUG
2025-08-01 16:11:13 - transaction_storage - INFO - Attempting Redis connection - URL: redis://:2a4efe20e40e332d@localhost:6379/0, Host: localhost, Port: 6379, DB: 0
2025-08-01 16:11:13 - transaction_storage - INFO - Trying Redis connection method: URL
2025-08-01 16:11:13 - transaction_storage - INFO - Redis connection successful using URL: True
2025-08-01 16:11:13 - transaction_storage - INFO - Using Redis storage for transactions
2025-08-01 16:11:14 - transaction_storage - DEBUG - Logger initialized for transaction_storage at level DEBUG
2025-08-01 16:11:14 - transaction_storage - INFO - Attempting Redis connection - URL: redis://:2a4efe20e40e332d@localhost:6379/0, Host: localhost, Port: 6379, DB: 0
2025-08-01 16:11:14 - transaction_storage - INFO - Trying Redis connection method: URL
2025-08-01 16:11:14 - transaction_storage - INFO - Redis connection successful using URL: True
2025-08-01 16:11:14 - transaction_storage - INFO - Using Redis storage for transactions
2025-08-01 16:11:16 - transaction_storage - DEBUG - Logger initialized for transaction_storage at level DEBUG
2025-08-01 16:11:16 - transaction_storage - INFO - Attempting Redis connection - URL: redis://:2a4efe20e40e332d@localhost:6379/0, Host: localhost, Port: 6379, DB: 0
2025-08-01 16:11:16 - transaction_storage - INFO - Trying Redis connection method: URL
2025-08-01 16:11:16 - transaction_storage - INFO - Redis connection successful using URL: True
2025-08-01 16:11:16 - transaction_storage - INFO - Using Redis storage for transactions
2025-08-01 16:11:18 - transaction_storage - DEBUG - Logger initialized for transaction_storage at level DEBUG
2025-08-01 16:11:18 - transaction_storage - INFO - Attempting Redis connection - URL: redis://:2a4efe20e40e332d@localhost:6379/0, Host: localhost, Port: 6379, DB: 0
2025-08-01 16:11:18 - transaction_storage - INFO - Trying Redis connection method: URL
2025-08-01 16:11:18 - transaction_storage - INFO - Redis connection successful using URL: True
2025-08-01 16:11:18 - transaction_storage - INFO - Using Redis storage for transactions
2025-08-01 16:11:19 - transaction_storage - DEBUG - Logger initialized for transaction_storage at level DEBUG
2025-08-01 16:11:19 - transaction_storage - INFO - Attempting Redis connection - URL: redis://:2a4efe20e40e332d@localhost:6379/0, Host: localhost, Port: 6379, DB: 0
2025-08-01 16:11:19 - transaction_storage - INFO - Trying Redis connection method: URL
2025-08-01 16:11:19 - transaction_storage - INFO - Redis connection successful using URL: True
2025-08-01 16:11:19 - transaction_storage - INFO - Using Redis storage for transactions
2025-08-01 16:11:21 - transaction_storage - DEBUG - Logger initialized for transaction_storage at level DEBUG
2025-08-01 16:11:21 - transaction_storage - INFO - Attempting Redis connection - URL: redis://:2a4efe20e40e332d@localhost:6379/0, Host: localhost, Port: 6379, DB: 0
2025-08-01 16:11:21 - transaction_storage - INFO - Trying Redis connection method: URL
2025-08-01 16:11:21 - transaction_storage - INFO - Redis connection successful using URL: True
2025-08-01 16:11:21 - transaction_storage - INFO - Using Redis storage for transactions
2025-08-01 16:11:22 - transaction_storage - DEBUG - Logger initialized for transaction_storage at level DEBUG
2025-08-01 16:11:22 - transaction_storage - INFO - Attempting Redis connection - URL: redis://:2a4efe20e40e332d@localhost:6379/0, Host: localhost, Port: 6379, DB: 0
2025-08-01 16:11:22 - transaction_storage - INFO - Trying Redis connection method: URL
2025-08-01 16:11:22 - transaction_storage - INFO - Redis connection successful using URL: True
2025-08-01 16:11:22 - transaction_storage - INFO - Using Redis storage for transactions
2025-08-01 16:11:23 - transaction_storage - DEBUG - Logger initialized for transaction_storage at level DEBUG
2025-08-01 16:11:23 - transaction_storage - INFO - Attempting Redis connection - URL: redis://:2a4efe20e40e332d@localhost:6379/0, Host: localhost, Port: 6379, DB: 0
2025-08-01 16:11:23 - transaction_storage - INFO - Trying Redis connection method: URL
2025-08-01 16:11:23 - transaction_storage - INFO - Redis connection successful using URL: True
2025-08-01 16:11:23 - transaction_storage - INFO - Using Redis storage for transactions
2025-08-01 16:11:24 - transaction_storage - DEBUG - Logger initialized for transaction_storage at level DEBUG
2025-08-01 16:11:24 - transaction_storage - INFO - Attempting Redis connection - URL: redis://:2a4efe20e40e332d@localhost:6379/0, Host: localhost, Port: 6379, DB: 0
2025-08-01 16:11:24 - transaction_storage - INFO - Trying Redis connection method: URL
2025-08-01 16:11:24 - transaction_storage - INFO - Redis connection successful using URL: True
2025-08-01 16:11:24 - transaction_storage - INFO - Using Redis storage for transactions
2025-08-01 16:11:26 - transaction_storage - DEBUG - Logger initialized for transaction_storage at level DEBUG
2025-08-01 16:11:26 - transaction_storage - INFO - Attempting Redis connection - URL: redis://:2a4efe20e40e332d@localhost:6379/0, Host: localhost, Port: 6379, DB: 0
2025-08-01 16:11:26 - transaction_storage - INFO - Trying Redis connection method: URL
2025-08-01 16:11:26 - transaction_storage - INFO - Redis connection successful using URL: True
2025-08-01 16:11:26 - transaction_storage - INFO - Using Redis storage for transactions
2025-08-01 16:11:28 - transaction_storage - DEBUG - Logger initialized for transaction_storage at level DEBUG
2025-08-01 16:11:28 - transaction_storage - INFO - Attempting Redis connection - URL: redis://:2a4efe20e40e332d@localhost:6379/0, Host: localhost, Port: 6379, DB: 0
2025-08-01 16:11:28 - transaction_storage - INFO - Trying Redis connection method: URL
2025-08-01 16:11:28 - transaction_storage - INFO - Redis connection successful using URL: True
2025-08-01 16:11:28 - transaction_storage - INFO - Using Redis storage for transactions
2025-08-01 16:11:28 - transaction_storage - DEBUG - Logger initialized for transaction_storage at level DEBUG
2025-08-01 16:11:28 - transaction_storage - INFO - Attempting Redis connection - URL: redis://:2a4efe20e40e332d@localhost:6379/0, Host: localhost, Port: 6379, DB: 0
2025-08-01 16:11:28 - transaction_storage - INFO - Trying Redis connection method: URL
2025-08-01 16:11:28 - transaction_storage - INFO - Redis connection successful using URL: True
2025-08-01 16:11:28 - transaction_storage - INFO - Using Redis storage for transactions
2025-08-01 16:11:30 - transaction_storage - DEBUG - Logger initialized for transaction_storage at level DEBUG
2025-08-01 16:11:30 - transaction_storage - INFO - Attempting Redis connection - URL: redis://:2a4efe20e40e332d@localhost:6379/0, Host: localhost, Port: 6379, DB: 0
2025-08-01 16:11:30 - transaction_storage - INFO - Trying Redis connection method: URL
2025-08-01 16:11:30 - transaction_storage - INFO - Redis connection successful using URL: True
2025-08-01 16:11:30 - transaction_storage - INFO - Using Redis storage for transactions
2025-08-01 16:11:32 - transaction_storage - DEBUG - Logger initialized for transaction_storage at level DEBUG
2025-08-01 16:11:32 - transaction_storage - INFO - Attempting Redis connection - URL: redis://:2a4efe20e40e332d@localhost:6379/0, Host: localhost, Port: 6379, DB: 0
2025-08-01 16:11:32 - transaction_storage - INFO - Trying Redis connection method: URL
2025-08-01 16:11:32 - transaction_storage - INFO - Redis connection successful using URL: True
2025-08-01 16:11:32 - transaction_storage - INFO - Using Redis storage for transactions
2025-08-01 16:11:32 - transaction_storage - DEBUG - Logger initialized for transaction_storage at level DEBUG
2025-08-01 16:11:32 - transaction_storage - INFO - Attempting Redis connection - URL: redis://:2a4efe20e40e332d@localhost:6379/0, Host: localhost, Port: 6379, DB: 0
2025-08-01 16:11:32 - transaction_storage - INFO - Trying Redis connection method: URL
2025-08-01 16:11:32 - transaction_storage - INFO - Redis connection successful using URL: True
2025-08-01 16:11:32 - transaction_storage - INFO - Using Redis storage for transactions
2025-08-01 16:11:34 - transaction_storage - DEBUG - Logger initialized for transaction_storage at level DEBUG
2025-08-01 16:11:34 - transaction_storage - INFO - Attempting Redis connection - URL: redis://:2a4efe20e40e332d@localhost:6379/0, Host: localhost, Port: 6379, DB: 0
2025-08-01 16:11:34 - transaction_storage - INFO - Trying Redis connection method: URL
2025-08-01 16:11:34 - transaction_storage - INFO - Redis connection successful using URL: True
2025-08-01 16:11:34 - transaction_storage - INFO - Using Redis storage for transactions
2025-08-01 16:11:36 - transaction_storage - DEBUG - Logger initialized for transaction_storage at level DEBUG
2025-08-01 16:11:36 - transaction_storage - INFO - Attempting Redis connection - URL: redis://:2a4efe20e40e332d@localhost:6379/0, Host: localhost, Port: 6379, DB: 0
2025-08-01 16:11:36 - transaction_storage - INFO - Trying Redis connection method: URL
2025-08-01 16:11:36 - transaction_storage - INFO - Redis connection successful using URL: True
2025-08-01 16:11:36 - transaction_storage - INFO - Using Redis storage for transactions
2025-08-01 16:11:36 - transaction_storage - DEBUG - Logger initialized for transaction_storage at level DEBUG
2025-08-01 16:11:36 - transaction_storage - INFO - Attempting Redis connection - URL: redis://:2a4efe20e40e332d@localhost:6379/0, Host: localhost, Port: 6379, DB: 0
2025-08-01 16:11:36 - transaction_storage - INFO - Trying Redis connection method: URL
2025-08-01 16:11:36 - transaction_storage - INFO - Redis connection successful using URL: True
2025-08-01 16:11:36 - transaction_storage - INFO - Using Redis storage for transactions
2025-08-01 16:11:38 - transaction_storage - DEBUG - Logger initialized for transaction_storage at level DEBUG
2025-08-01 16:11:38 - transaction_storage - INFO - Attempting Redis connection - URL: redis://:2a4efe20e40e332d@localhost:6379/0, Host: localhost, Port: 6379, DB: 0
2025-08-01 16:11:38 - transaction_storage - INFO - Trying Redis connection method: URL
2025-08-01 16:11:38 - transaction_storage - INFO - Redis connection successful using URL: True
2025-08-01 16:11:38 - transaction_storage - INFO - Using Redis storage for transactions
2025-08-01 16:11:40 - transaction_storage - DEBUG - Logger initialized for transaction_storage at level DEBUG
2025-08-01 16:11:40 - transaction_storage - INFO - Attempting Redis connection - URL: redis://:2a4efe20e40e332d@localhost:6379/0, Host: localhost, Port: 6379, DB: 0
2025-08-01 16:11:40 - transaction_storage - INFO - Trying Redis connection method: URL
2025-08-01 16:11:40 - transaction_storage - INFO - Redis connection successful using URL: True
2025-08-01 16:11:40 - transaction_storage - INFO - Using Redis storage for transactions
2025-08-01 16:11:40 - transaction_storage - DEBUG - Logger initialized for transaction_storage at level DEBUG
2025-08-01 16:11:40 - transaction_storage - INFO - Attempting Redis connection - URL: redis://:2a4efe20e40e332d@localhost:6379/0, Host: localhost, Port: 6379, DB: 0
2025-08-01 16:11:40 - transaction_storage - INFO - Trying Redis connection method: URL
2025-08-01 16:11:40 - transaction_storage - INFO - Redis connection successful using URL: True
2025-08-01 16:11:40 - transaction_storage - INFO - Using Redis storage for transactions
2025-08-01 16:11:42 - transaction_storage - DEBUG - Logger initialized for transaction_storage at level DEBUG
2025-08-01 16:11:42 - transaction_storage - INFO - Attempting Redis connection - URL: redis://:2a4efe20e40e332d@localhost:6379/0, Host: localhost, Port: 6379, DB: 0
2025-08-01 16:11:42 - transaction_storage - INFO - Trying Redis connection method: URL
2025-08-01 16:11:42 - transaction_storage - INFO - Redis connection successful using URL: True
2025-08-01 16:11:42 - transaction_storage - INFO - Using Redis storage for transactions
2025-08-01 16:11:44 - transaction_storage - DEBUG - Logger initialized for transaction_storage at level DEBUG
2025-08-01 16:11:44 - transaction_storage - INFO - Attempting Redis connection - URL: redis://:2a4efe20e40e332d@localhost:6379/0, Host: localhost, Port: 6379, DB: 0
2025-08-01 16:11:44 - transaction_storage - INFO - Trying Redis connection method: URL
2025-08-01 16:11:44 - transaction_storage - INFO - Redis connection successful using URL: True
2025-08-01 16:11:44 - transaction_storage - INFO - Using Redis storage for transactions
2025-08-01 16:11:44 - transaction_storage - DEBUG - Logger initialized for transaction_storage at level DEBUG
2025-08-01 16:11:44 - transaction_storage - INFO - Attempting Redis connection - URL: redis://:2a4efe20e40e332d@localhost:6379/0, Host: localhost, Port: 6379, DB: 0
2025-08-01 16:11:44 - transaction_storage - INFO - Trying Redis connection method: URL
2025-08-01 16:11:44 - transaction_storage - INFO - Redis connection successful using URL: True
2025-08-01 16:11:44 - transaction_storage - INFO - Using Redis storage for transactions
2025-08-01 16:11:46 - transaction_storage - DEBUG - Logger initialized for transaction_storage at level DEBUG
2025-08-01 16:11:46 - transaction_storage - INFO - Attempting Redis connection - URL: redis://:2a4efe20e40e332d@localhost:6379/0, Host: localhost, Port: 6379, DB: 0
2025-08-01 16:11:46 - transaction_storage - INFO - Trying Redis connection method: URL
2025-08-01 16:11:46 - transaction_storage - INFO - Redis connection successful using URL: True
2025-08-01 16:11:46 - transaction_storage - INFO - Using Redis storage for transactions
2025-08-01 16:11:48 - transaction_storage - DEBUG - Logger initialized for transaction_storage at level DEBUG
2025-08-01 16:11:48 - transaction_storage - INFO - Attempting Redis connection - URL: redis://:2a4efe20e40e332d@localhost:6379/0, Host: localhost, Port: 6379, DB: 0
2025-08-01 16:11:48 - transaction_storage - INFO - Trying Redis connection method: URL
2025-08-01 16:11:48 - transaction_storage - INFO - Redis connection successful using URL: True
2025-08-01 16:11:48 - transaction_storage - INFO - Using Redis storage for transactions
2025-08-01 16:11:49 - transaction_storage - DEBUG - Logger initialized for transaction_storage at level DEBUG
2025-08-01 16:11:49 - transaction_storage - INFO - Attempting Redis connection - URL: redis://:2a4efe20e40e332d@localhost:6379/0, Host: localhost, Port: 6379, DB: 0
2025-08-01 16:11:49 - transaction_storage - INFO - Trying Redis connection method: URL
2025-08-01 16:11:49 - transaction_storage - INFO - Redis connection successful using URL: True
2025-08-01 16:11:49 - transaction_storage - INFO - Using Redis storage for transactions
2025-08-01 16:11:51 - transaction_storage - DEBUG - Logger initialized for transaction_storage at level DEBUG
2025-08-01 16:11:51 - transaction_storage - INFO - Attempting Redis connection - URL: redis://:2a4efe20e40e332d@localhost:6379/0, Host: localhost, Port: 6379, DB: 0
2025-08-01 16:11:51 - transaction_storage - INFO - Trying Redis connection method: URL
2025-08-01 16:11:51 - transaction_storage - INFO - Redis connection successful using URL: True
2025-08-01 16:11:51 - transaction_storage - INFO - Using Redis storage for transactions
2025-08-01 16:11:52 - transaction_storage - DEBUG - Logger initialized for transaction_storage at level DEBUG
2025-08-01 16:11:52 - transaction_storage - INFO - Attempting Redis connection - URL: redis://:2a4efe20e40e332d@localhost:6379/0, Host: localhost, Port: 6379, DB: 0
2025-08-01 16:11:52 - transaction_storage - INFO - Trying Redis connection method: URL
2025-08-01 16:11:52 - transaction_storage - INFO - Redis connection successful using URL: True
2025-08-01 16:11:52 - transaction_storage - INFO - Using Redis storage for transactions
2025-08-01 16:11:53 - transaction_storage - DEBUG - Logger initialized for transaction_storage at level DEBUG
2025-08-01 16:11:53 - transaction_storage - INFO - Attempting Redis connection - URL: redis://:2a4efe20e40e332d@localhost:6379/0, Host: localhost, Port: 6379, DB: 0
2025-08-01 16:11:53 - transaction_storage - INFO - Trying Redis connection method: URL
2025-08-01 16:11:53 - transaction_storage - INFO - Redis connection successful using URL: True
2025-08-01 16:11:53 - transaction_storage - INFO - Using Redis storage for transactions
2025-08-01 16:11:55 - transaction_storage - DEBUG - Logger initialized for transaction_storage at level DEBUG
2025-08-01 16:11:55 - transaction_storage - INFO - Attempting Redis connection - URL: redis://:2a4efe20e40e332d@localhost:6379/0, Host: localhost, Port: 6379, DB: 0
2025-08-01 16:11:55 - transaction_storage - INFO - Trying Redis connection method: URL
2025-08-01 16:11:55 - transaction_storage - INFO - Redis connection successful using URL: True
2025-08-01 16:11:55 - transaction_storage - INFO - Using Redis storage for transactions
2025-08-01 16:11:56 - transaction_storage - DEBUG - Logger initialized for transaction_storage at level DEBUG
2025-08-01 16:11:56 - transaction_storage - INFO - Attempting Redis connection - URL: redis://:2a4efe20e40e332d@localhost:6379/0, Host: localhost, Port: 6379, DB: 0
2025-08-01 16:11:56 - transaction_storage - INFO - Trying Redis connection method: URL
2025-08-01 16:11:56 - transaction_storage - INFO - Redis connection successful using URL: True
2025-08-01 16:11:56 - transaction_storage - INFO - Using Redis storage for transactions
2025-08-01 16:11:57 - transaction_storage - DEBUG - Logger initialized for transaction_storage at level DEBUG
2025-08-01 16:11:57 - transaction_storage - INFO - Attempting Redis connection - URL: redis://:2a4efe20e40e332d@localhost:6379/0, Host: localhost, Port: 6379, DB: 0
2025-08-01 16:11:57 - transaction_storage - INFO - Trying Redis connection method: URL
2025-08-01 16:11:57 - transaction_storage - INFO - Redis connection successful using URL: True
2025-08-01 16:11:57 - transaction_storage - INFO - Using Redis storage for transactions
2025-08-01 16:11:59 - transaction_storage - DEBUG - Logger initialized for transaction_storage at level DEBUG
2025-08-01 16:11:59 - transaction_storage - INFO - Attempting Redis connection - URL: redis://:2a4efe20e40e332d@localhost:6379/0, Host: localhost, Port: 6379, DB: 0
2025-08-01 16:11:59 - transaction_storage - INFO - Trying Redis connection method: URL
2025-08-01 16:11:59 - transaction_storage - INFO - Redis connection successful using URL: True
2025-08-01 16:11:59 - transaction_storage - INFO - Using Redis storage for transactions
2025-08-01 16:12:00 - transaction_storage - DEBUG - Logger initialized for transaction_storage at level DEBUG
2025-08-01 16:12:00 - transaction_storage - INFO - Attempting Redis connection - URL: redis://:2a4efe20e40e332d@localhost:6379/0, Host: localhost, Port: 6379, DB: 0
2025-08-01 16:12:00 - transaction_storage - INFO - Trying Redis connection method: URL
2025-08-01 16:12:00 - transaction_storage - INFO - Redis connection successful using URL: True
2025-08-01 16:12:00 - transaction_storage - INFO - Using Redis storage for transactions
2025-08-01 16:12:01 - transaction_storage - DEBUG - Logger initialized for transaction_storage at level DEBUG
2025-08-01 16:12:01 - transaction_storage - INFO - Attempting Redis connection - URL: redis://:2a4efe20e40e332d@localhost:6379/0, Host: localhost, Port: 6379, DB: 0
2025-08-01 16:12:01 - transaction_storage - INFO - Trying Redis connection method: URL
2025-08-01 16:12:01 - transaction_storage - INFO - Redis connection successful using URL: True
2025-08-01 16:12:01 - transaction_storage - INFO - Using Redis storage for transactions
2025-08-01 16:12:04 - transaction_storage - DEBUG - Logger initialized for transaction_storage at level DEBUG
2025-08-01 16:12:04 - transaction_storage - INFO - Attempting Redis connection - URL: redis://:2a4efe20e40e332d@localhost:6379/0, Host: localhost, Port: 6379, DB: 0
2025-08-01 16:12:04 - transaction_storage - INFO - Trying Redis connection method: URL
2025-08-01 16:12:04 - transaction_storage - INFO - Redis connection successful using URL: True
2025-08-01 16:12:04 - transaction_storage - INFO - Using Redis storage for transactions
2025-08-01 16:12:05 - transaction_storage - DEBUG - Logger initialized for transaction_storage at level DEBUG
2025-08-01 16:12:05 - transaction_storage - INFO - Attempting Redis connection - URL: redis://:2a4efe20e40e332d@localhost:6379/0, Host: localhost, Port: 6379, DB: 0
2025-08-01 16:12:05 - transaction_storage - INFO - Trying Redis connection method: URL
2025-08-01 16:12:05 - transaction_storage - INFO - Redis connection successful using URL: True
2025-08-01 16:12:05 - transaction_storage - INFO - Using Redis storage for transactions
2025-08-01 16:12:05 - transaction_storage - DEBUG - Logger initialized for transaction_storage at level DEBUG
2025-08-01 16:12:05 - transaction_storage - INFO - Attempting Redis connection - URL: redis://:2a4efe20e40e332d@localhost:6379/0, Host: localhost, Port: 6379, DB: 0
2025-08-01 16:12:05 - transaction_storage - INFO - Trying Redis connection method: URL
2025-08-01 16:12:05 - transaction_storage - INFO - Redis connection successful using URL: True
2025-08-01 16:12:05 - transaction_storage - INFO - Using Redis storage for transactions
2025-08-01 16:12:08 - transaction_storage - DEBUG - Logger initialized for transaction_storage at level DEBUG
2025-08-01 16:12:08 - transaction_storage - INFO - Attempting Redis connection - URL: redis://:2a4efe20e40e332d@localhost:6379/0, Host: localhost, Port: 6379, DB: 0
2025-08-01 16:12:08 - transaction_storage - INFO - Trying Redis connection method: URL
2025-08-01 16:12:08 - transaction_storage - INFO - Redis connection successful using URL: True
2025-08-01 16:12:08 - transaction_storage - INFO - Using Redis storage for transactions
2025-08-01 16:12:09 - transaction_storage - DEBUG - Logger initialized for transaction_storage at level DEBUG
2025-08-01 16:12:09 - transaction_storage - INFO - Attempting Redis connection - URL: redis://:2a4efe20e40e332d@localhost:6379/0, Host: localhost, Port: 6379, DB: 0
2025-08-01 16:12:09 - transaction_storage - INFO - Trying Redis connection method: URL
2025-08-01 16:12:09 - transaction_storage - INFO - Redis connection successful using URL: True
2025-08-01 16:12:09 - transaction_storage - INFO - Using Redis storage for transactions
2025-08-01 16:12:10 - transaction_storage - DEBUG - Logger initialized for transaction_storage at level DEBUG
2025-08-01 16:12:10 - transaction_storage - INFO - Attempting Redis connection - URL: redis://:2a4efe20e40e332d@localhost:6379/0, Host: localhost, Port: 6379, DB: 0
2025-08-01 16:12:10 - transaction_storage - INFO - Trying Redis connection method: URL
2025-08-01 16:12:10 - transaction_storage - INFO - Redis connection successful using URL: True
2025-08-01 16:12:10 - transaction_storage - INFO - Using Redis storage for transactions
2025-08-01 16:12:13 - transaction_storage - DEBUG - Logger initialized for transaction_storage at level DEBUG
2025-08-01 16:12:13 - transaction_storage - INFO - Attempting Redis connection - URL: redis://:2a4efe20e40e332d@localhost:6379/0, Host: localhost, Port: 6379, DB: 0
2025-08-01 16:12:13 - transaction_storage - INFO - Trying Redis connection method: URL
2025-08-01 16:12:13 - transaction_storage - INFO - Redis connection successful using URL: True
2025-08-01 16:12:13 - transaction_storage - INFO - Using Redis storage for transactions
2025-08-01 16:12:14 - transaction_storage - DEBUG - Logger initialized for transaction_storage at level DEBUG
2025-08-01 16:12:14 - transaction_storage - INFO - Attempting Redis connection - URL: redis://:2a4efe20e40e332d@localhost:6379/0, Host: localhost, Port: 6379, DB: 0
2025-08-01 16:12:14 - transaction_storage - INFO - Trying Redis connection method: URL
2025-08-01 16:12:14 - transaction_storage - INFO - Redis connection successful using URL: True
2025-08-01 16:12:14 - transaction_storage - INFO - Using Redis storage for transactions
2025-08-01 16:12:15 - transaction_storage - DEBUG - Logger initialized for transaction_storage at level DEBUG
2025-08-01 16:12:15 - transaction_storage - INFO - Attempting Redis connection - URL: redis://:2a4efe20e40e332d@localhost:6379/0, Host: localhost, Port: 6379, DB: 0
2025-08-01 16:12:15 - transaction_storage - INFO - Trying Redis connection method: URL
2025-08-01 16:12:15 - transaction_storage - INFO - Redis connection successful using URL: True
2025-08-01 16:12:15 - transaction_storage - INFO - Using Redis storage for transactions
2025-08-01 16:12:17 - transaction_storage - DEBUG - Logger initialized for transaction_storage at level DEBUG
2025-08-01 16:12:17 - transaction_storage - INFO - Attempting Redis connection - URL: redis://:2a4efe20e40e332d@localhost:6379/0, Host: localhost, Port: 6379, DB: 0
2025-08-01 16:12:17 - transaction_storage - INFO - Trying Redis connection method: URL
2025-08-01 16:12:17 - transaction_storage - INFO - Redis connection successful using URL: True
2025-08-01 16:12:17 - transaction_storage - INFO - Using Redis storage for transactions
2025-08-01 16:12:20 - transaction_storage - DEBUG - Logger initialized for transaction_storage at level DEBUG
2025-08-01 16:12:20 - transaction_storage - INFO - Attempting Redis connection - URL: redis://:2a4efe20e40e332d@localhost:6379/0, Host: localhost, Port: 6379, DB: 0
2025-08-01 16:12:20 - transaction_storage - INFO - Trying Redis connection method: URL
2025-08-01 16:12:20 - transaction_storage - INFO - Redis connection successful using URL: True
2025-08-01 16:12:20 - transaction_storage - INFO - Using Redis storage for transactions
2025-08-01 16:12:22 - transaction_storage - DEBUG - Logger initialized for transaction_storage at level DEBUG
2025-08-01 16:12:22 - transaction_storage - INFO - Attempting Redis connection - URL: redis://:2a4efe20e40e332d@localhost:6379/0, Host: localhost, Port: 6379, DB: 0
2025-08-01 16:12:22 - transaction_storage - INFO - Trying Redis connection method: URL
2025-08-01 16:12:22 - transaction_storage - INFO - Redis connection successful using URL: True
2025-08-01 16:12:22 - transaction_storage - INFO - Using Redis storage for transactions
2025-08-01 16:12:26 - transaction_storage - DEBUG - Logger initialized for transaction_storage at level DEBUG
2025-08-01 16:12:26 - transaction_storage - INFO - Attempting Redis connection - URL: redis://:2a4efe20e40e332d@localhost:6379/0, Host: localhost, Port: 6379, DB: 0
2025-08-01 16:12:26 - transaction_storage - INFO - Trying Redis connection method: URL
2025-08-01 16:12:26 - transaction_storage - INFO - Redis connection successful using URL: True
2025-08-01 16:12:26 - transaction_storage - INFO - Using Redis storage for transactions
2025-08-01 16:12:28 - transaction_storage - DEBUG - Logger initialized for transaction_storage at level DEBUG
2025-08-01 16:12:28 - transaction_storage - INFO - Attempting Redis connection - URL: redis://:2a4efe20e40e332d@localhost:6379/0, Host: localhost, Port: 6379, DB: 0
2025-08-01 16:12:28 - transaction_storage - INFO - Trying Redis connection method: URL
2025-08-01 16:12:28 - transaction_storage - INFO - Redis connection successful using URL: True
2025-08-01 16:12:28 - transaction_storage - INFO - Using Redis storage for transactions
2025-08-01 16:12:28 - transaction_storage - DEBUG - Logger initialized for transaction_storage at level DEBUG
2025-08-01 16:12:28 - transaction_storage - INFO - Attempting Redis connection - URL: redis://:2a4efe20e40e332d@localhost:6379/0, Host: localhost, Port: 6379, DB: 0
2025-08-01 16:12:28 - transaction_storage - INFO - Trying Redis connection method: URL
2025-08-01 16:12:28 - transaction_storage - INFO - Redis connection successful using URL: True
2025-08-01 16:12:28 - transaction_storage - INFO - Using Redis storage for transactions
2025-08-01 16:12:30 - transaction_storage - DEBUG - Logger initialized for transaction_storage at level DEBUG
2025-08-01 16:12:30 - transaction_storage - INFO - Attempting Redis connection - URL: redis://:2a4efe20e40e332d@localhost:6379/0, Host: localhost, Port: 6379, DB: 0
2025-08-01 16:12:30 - transaction_storage - INFO - Trying Redis connection method: URL
2025-08-01 16:12:31 - transaction_storage - INFO - Redis connection successful using URL: True
2025-08-01 16:12:31 - transaction_storage - INFO - Using Redis storage for transactions
2025-08-01 16:12:32 - transaction_storage - DEBUG - Logger initialized for transaction_storage at level DEBUG
2025-08-01 16:12:32 - transaction_storage - INFO - Attempting Redis connection - URL: redis://:2a4efe20e40e332d@localhost:6379/0, Host: localhost, Port: 6379, DB: 0
2025-08-01 16:12:32 - transaction_storage - INFO - Trying Redis connection method: URL
2025-08-01 16:12:32 - transaction_storage - INFO - Redis connection successful using URL: True
2025-08-01 16:12:32 - transaction_storage - INFO - Using Redis storage for transactions
2025-08-01 16:12:32 - transaction_storage - DEBUG - Logger initialized for transaction_storage at level DEBUG
2025-08-01 16:12:32 - transaction_storage - INFO - Attempting Redis connection - URL: redis://:2a4efe20e40e332d@localhost:6379/0, Host: localhost, Port: 6379, DB: 0
2025-08-01 16:12:32 - transaction_storage - INFO - Trying Redis connection method: URL
2025-08-01 16:12:32 - transaction_storage - INFO - Redis connection successful using URL: True
2025-08-01 16:12:32 - transaction_storage - INFO - Using Redis storage for transactions
2025-08-01 16:12:35 - transaction_storage - DEBUG - Logger initialized for transaction_storage at level DEBUG
2025-08-01 16:12:35 - transaction_storage - INFO - Attempting Redis connection - URL: redis://:2a4efe20e40e332d@localhost:6379/0, Host: localhost, Port: 6379, DB: 0
2025-08-01 16:12:35 - transaction_storage - INFO - Trying Redis connection method: URL
2025-08-01 16:12:35 - transaction_storage - INFO - Redis connection successful using URL: True
2025-08-01 16:12:35 - transaction_storage - INFO - Using Redis storage for transactions
2025-08-01 16:12:36 - transaction_storage - DEBUG - Logger initialized for transaction_storage at level DEBUG
2025-08-01 16:12:36 - transaction_storage - INFO - Attempting Redis connection - URL: redis://:2a4efe20e40e332d@localhost:6379/0, Host: localhost, Port: 6379, DB: 0
2025-08-01 16:12:36 - transaction_storage - INFO - Trying Redis connection method: URL
2025-08-01 16:12:36 - transaction_storage - INFO - Redis connection successful using URL: True
2025-08-01 16:12:36 - transaction_storage - INFO - Using Redis storage for transactions
2025-08-01 16:12:37 - transaction_storage - DEBUG - Logger initialized for transaction_storage at level DEBUG
2025-08-01 16:12:37 - transaction_storage - INFO - Attempting Redis connection - URL: redis://:2a4efe20e40e332d@localhost:6379/0, Host: localhost, Port: 6379, DB: 0
2025-08-01 16:12:37 - transaction_storage - INFO - Trying Redis connection method: URL
2025-08-01 16:12:37 - transaction_storage - INFO - Redis connection successful using URL: True
2025-08-01 16:12:37 - transaction_storage - INFO - Using Redis storage for transactions
2025-08-01 16:12:39 - transaction_storage - DEBUG - Logger initialized for transaction_storage at level DEBUG
2025-08-01 16:12:39 - transaction_storage - INFO - Attempting Redis connection - URL: redis://:2a4efe20e40e332d@localhost:6379/0, Host: localhost, Port: 6379, DB: 0
2025-08-01 16:12:39 - transaction_storage - INFO - Trying Redis connection method: URL
2025-08-01 16:12:39 - transaction_storage - INFO - Redis connection successful using URL: True
2025-08-01 16:12:39 - transaction_storage - INFO - Using Redis storage for transactions
2025-08-01 16:12:40 - transaction_storage - DEBUG - Logger initialized for transaction_storage at level DEBUG
2025-08-01 16:12:40 - transaction_storage - INFO - Attempting Redis connection - URL: redis://:2a4efe20e40e332d@localhost:6379/0, Host: localhost, Port: 6379, DB: 0
2025-08-01 16:12:40 - transaction_storage - INFO - Trying Redis connection method: URL
2025-08-01 16:12:40 - transaction_storage - INFO - Redis connection successful using URL: True
2025-08-01 16:12:40 - transaction_storage - INFO - Using Redis storage for transactions
2025-08-01 16:12:41 - transaction_storage - DEBUG - Logger initialized for transaction_storage at level DEBUG
2025-08-01 16:12:41 - transaction_storage - INFO - Attempting Redis connection - URL: redis://:2a4efe20e40e332d@localhost:6379/0, Host: localhost, Port: 6379, DB: 0
2025-08-01 16:12:41 - transaction_storage - INFO - Trying Redis connection method: URL
2025-08-01 16:12:41 - transaction_storage - INFO - Redis connection successful using URL: True
2025-08-01 16:12:41 - transaction_storage - INFO - Using Redis storage for transactions
2025-08-01 16:12:43 - transaction_storage - DEBUG - Logger initialized for transaction_storage at level DEBUG
2025-08-01 16:12:43 - transaction_storage - INFO - Attempting Redis connection - URL: redis://:2a4efe20e40e332d@localhost:6379/0, Host: localhost, Port: 6379, DB: 0
2025-08-01 16:12:43 - transaction_storage - INFO - Trying Redis connection method: URL
2025-08-01 16:12:43 - transaction_storage - INFO - Redis connection successful using URL: True
2025-08-01 16:12:43 - transaction_storage - INFO - Using Redis storage for transactions
2025-08-01 16:12:44 - transaction_storage - DEBUG - Logger initialized for transaction_storage at level DEBUG
2025-08-01 16:12:44 - transaction_storage - INFO - Attempting Redis connection - URL: redis://:2a4efe20e40e332d@localhost:6379/0, Host: localhost, Port: 6379, DB: 0
2025-08-01 16:12:44 - transaction_storage - INFO - Trying Redis connection method: URL
2025-08-01 16:12:44 - transaction_storage - INFO - Redis connection successful using URL: True
2025-08-01 16:12:44 - transaction_storage - INFO - Using Redis storage for transactions
2025-08-01 16:12:44 - transaction_storage - DEBUG - Logger initialized for transaction_storage at level DEBUG
2025-08-01 16:12:44 - transaction_storage - INFO - Attempting Redis connection - URL: redis://:2a4efe20e40e332d@localhost:6379/0, Host: localhost, Port: 6379, DB: 0
2025-08-01 16:12:44 - transaction_storage - INFO - Trying Redis connection method: URL
2025-08-01 16:12:44 - transaction_storage - INFO - Redis connection successful using URL: True
2025-08-01 16:12:44 - transaction_storage - INFO - Using Redis storage for transactions
2025-08-01 16:12:47 - transaction_storage - DEBUG - Logger initialized for transaction_storage at level DEBUG
2025-08-01 16:12:47 - transaction_storage - INFO - Attempting Redis connection - URL: redis://:2a4efe20e40e332d@localhost:6379/0, Host: localhost, Port: 6379, DB: 0
2025-08-01 16:12:47 - transaction_storage - INFO - Trying Redis connection method: URL
2025-08-01 16:12:47 - transaction_storage - INFO - Redis connection successful using URL: True
2025-08-01 16:12:47 - transaction_storage - INFO - Using Redis storage for transactions
2025-08-01 16:12:48 - transaction_storage - DEBUG - Logger initialized for transaction_storage at level DEBUG
2025-08-01 16:12:48 - transaction_storage - INFO - Attempting Redis connection - URL: redis://:2a4efe20e40e332d@localhost:6379/0, Host: localhost, Port: 6379, DB: 0
2025-08-01 16:12:48 - transaction_storage - INFO - Trying Redis connection method: URL
2025-08-01 16:12:48 - transaction_storage - INFO - Redis connection successful using URL: True
2025-08-01 16:12:48 - transaction_storage - INFO - Using Redis storage for transactions
2025-08-01 16:12:49 - transaction_storage - DEBUG - Logger initialized for transaction_storage at level DEBUG
2025-08-01 16:12:49 - transaction_storage - INFO - Attempting Redis connection - URL: redis://:2a4efe20e40e332d@localhost:6379/0, Host: localhost, Port: 6379, DB: 0
2025-08-01 16:12:49 - transaction_storage - INFO - Trying Redis connection method: URL
2025-08-01 16:12:49 - transaction_storage - INFO - Redis connection successful using URL: True
2025-08-01 16:12:49 - transaction_storage - INFO - Using Redis storage for transactions
2025-08-01 16:12:51 - transaction_storage - DEBUG - Logger initialized for transaction_storage at level DEBUG
2025-08-01 16:12:51 - transaction_storage - INFO - Attempting Redis connection - URL: redis://:2a4efe20e40e332d@localhost:6379/0, Host: localhost, Port: 6379, DB: 0
2025-08-01 16:12:51 - transaction_storage - INFO - Trying Redis connection method: URL
2025-08-01 16:12:51 - transaction_storage - INFO - Redis connection successful using URL: True
2025-08-01 16:12:51 - transaction_storage - INFO - Using Redis storage for transactions
2025-08-01 16:12:52 - transaction_storage - DEBUG - Logger initialized for transaction_storage at level DEBUG
2025-08-01 16:12:52 - transaction_storage - INFO - Attempting Redis connection - URL: redis://:2a4efe20e40e332d@localhost:6379/0, Host: localhost, Port: 6379, DB: 0
2025-08-01 16:12:52 - transaction_storage - INFO - Trying Redis connection method: URL
2025-08-01 16:12:52 - transaction_storage - INFO - Redis connection successful using URL: True
2025-08-01 16:12:52 - transaction_storage - INFO - Using Redis storage for transactions
2025-08-01 16:12:53 - transaction_storage - DEBUG - Logger initialized for transaction_storage at level DEBUG
2025-08-01 16:12:53 - transaction_storage - INFO - Attempting Redis connection - URL: redis://:2a4efe20e40e332d@localhost:6379/0, Host: localhost, Port: 6379, DB: 0
2025-08-01 16:12:53 - transaction_storage - INFO - Trying Redis connection method: URL
2025-08-01 16:12:53 - transaction_storage - INFO - Redis connection successful using URL: True
2025-08-01 16:12:53 - transaction_storage - INFO - Using Redis storage for transactions
2025-08-01 16:12:55 - transaction_storage - DEBUG - Logger initialized for transaction_storage at level DEBUG
2025-08-01 16:12:55 - transaction_storage - INFO - Attempting Redis connection - URL: redis://:2a4efe20e40e332d@localhost:6379/0, Host: localhost, Port: 6379, DB: 0
2025-08-01 16:12:55 - transaction_storage - INFO - Trying Redis connection method: URL
2025-08-01 16:12:55 - transaction_storage - INFO - Redis connection successful using URL: True
2025-08-01 16:12:55 - transaction_storage - INFO - Using Redis storage for transactions
2025-08-01 16:12:56 - transaction_storage - DEBUG - Logger initialized for transaction_storage at level DEBUG
2025-08-01 16:12:56 - transaction_storage - INFO - Attempting Redis connection - URL: redis://:2a4efe20e40e332d@localhost:6379/0, Host: localhost, Port: 6379, DB: 0
2025-08-01 16:12:56 - transaction_storage - INFO - Trying Redis connection method: URL
2025-08-01 16:12:56 - transaction_storage - INFO - Redis connection successful using URL: True
2025-08-01 16:12:56 - transaction_storage - INFO - Using Redis storage for transactions
2025-08-01 16:12:57 - transaction_storage - DEBUG - Logger initialized for transaction_storage at level DEBUG
2025-08-01 16:12:57 - transaction_storage - INFO - Attempting Redis connection - URL: redis://:2a4efe20e40e332d@localhost:6379/0, Host: localhost, Port: 6379, DB: 0
2025-08-01 16:12:57 - transaction_storage - INFO - Trying Redis connection method: URL
2025-08-01 16:12:57 - transaction_storage - INFO - Redis connection successful using URL: True
2025-08-01 16:12:57 - transaction_storage - INFO - Using Redis storage for transactions
2025-08-01 16:12:59 - transaction_storage - DEBUG - Logger initialized for transaction_storage at level DEBUG
2025-08-01 16:12:59 - transaction_storage - INFO - Attempting Redis connection - URL: redis://:2a4efe20e40e332d@localhost:6379/0, Host: localhost, Port: 6379, DB: 0
2025-08-01 16:12:59 - transaction_storage - INFO - Trying Redis connection method: URL
2025-08-01 16:12:59 - transaction_storage - INFO - Redis connection successful using URL: True
2025-08-01 16:12:59 - transaction_storage - INFO - Using Redis storage for transactions
2025-08-01 16:13:00 - transaction_storage - DEBUG - Logger initialized for transaction_storage at level DEBUG
2025-08-01 16:13:00 - transaction_storage - INFO - Attempting Redis connection - URL: redis://:2a4efe20e40e332d@localhost:6379/0, Host: localhost, Port: 6379, DB: 0
2025-08-01 16:13:00 - transaction_storage - INFO - Trying Redis connection method: URL
2025-08-01 16:13:00 - transaction_storage - INFO - Redis connection successful using URL: True
2025-08-01 16:13:00 - transaction_storage - INFO - Using Redis storage for transactions
2025-08-01 16:13:01 - transaction_storage - DEBUG - Logger initialized for transaction_storage at level DEBUG
2025-08-01 16:13:01 - transaction_storage - INFO - Attempting Redis connection - URL: redis://:2a4efe20e40e332d@localhost:6379/0, Host: localhost, Port: 6379, DB: 0
2025-08-01 16:13:01 - transaction_storage - INFO - Trying Redis connection method: URL
2025-08-01 16:13:01 - transaction_storage - INFO - Redis connection successful using URL: True
2025-08-01 16:13:01 - transaction_storage - INFO - Using Redis storage for transactions
2025-08-01 16:13:04 - transaction_storage - DEBUG - Logger initialized for transaction_storage at level DEBUG
2025-08-01 16:13:04 - transaction_storage - INFO - Attempting Redis connection - URL: redis://:2a4efe20e40e332d@localhost:6379/0, Host: localhost, Port: 6379, DB: 0
2025-08-01 16:13:04 - transaction_storage - INFO - Trying Redis connection method: URL
2025-08-01 16:13:04 - transaction_storage - INFO - Redis connection successful using URL: True
2025-08-01 16:13:04 - transaction_storage - INFO - Using Redis storage for transactions
2025-08-01 16:13:05 - transaction_storage - DEBUG - Logger initialized for transaction_storage at level DEBUG
2025-08-01 16:13:05 - transaction_storage - INFO - Attempting Redis connection - URL: redis://:2a4efe20e40e332d@localhost:6379/0, Host: localhost, Port: 6379, DB: 0
2025-08-01 16:13:05 - transaction_storage - INFO - Trying Redis connection method: URL
2025-08-01 16:13:05 - transaction_storage - INFO - Redis connection successful using URL: True
2025-08-01 16:13:05 - transaction_storage - INFO - Using Redis storage for transactions
2025-08-01 16:13:06 - transaction_storage - DEBUG - Logger initialized for transaction_storage at level DEBUG
2025-08-01 16:13:06 - transaction_storage - INFO - Attempting Redis connection - URL: redis://:2a4efe20e40e332d@localhost:6379/0, Host: localhost, Port: 6379, DB: 0
2025-08-01 16:13:06 - transaction_storage - INFO - Trying Redis connection method: URL
2025-08-01 16:13:06 - transaction_storage - INFO - Redis connection successful using URL: True
2025-08-01 16:13:06 - transaction_storage - INFO - Using Redis storage for transactions
2025-08-01 16:13:09 - transaction_storage - DEBUG - Logger initialized for transaction_storage at level DEBUG
2025-08-01 16:13:09 - transaction_storage - INFO - Attempting Redis connection - URL: redis://:2a4efe20e40e332d@localhost:6379/0, Host: localhost, Port: 6379, DB: 0
2025-08-01 16:13:09 - transaction_storage - INFO - Trying Redis connection method: URL
2025-08-01 16:13:09 - transaction_storage - INFO - Redis connection successful using URL: True
2025-08-01 16:13:09 - transaction_storage - INFO - Using Redis storage for transactions
2025-08-01 16:13:10 - transaction_storage - DEBUG - Logger initialized for transaction_storage at level DEBUG
2025-08-01 16:13:10 - transaction_storage - INFO - Attempting Redis connection - URL: redis://:2a4efe20e40e332d@localhost:6379/0, Host: localhost, Port: 6379, DB: 0
2025-08-01 16:13:10 - transaction_storage - INFO - Trying Redis connection method: URL
2025-08-01 16:13:10 - transaction_storage - INFO - Redis connection successful using URL: True
2025-08-01 16:13:10 - transaction_storage - INFO - Using Redis storage for transactions
2025-08-01 16:13:11 - transaction_storage - DEBUG - Logger initialized for transaction_storage at level DEBUG
2025-08-01 16:13:11 - transaction_storage - INFO - Attempting Redis connection - URL: redis://:2a4efe20e40e332d@localhost:6379/0, Host: localhost, Port: 6379, DB: 0
2025-08-01 16:13:11 - transaction_storage - INFO - Trying Redis connection method: URL
2025-08-01 16:13:11 - transaction_storage - INFO - Redis connection successful using URL: True
2025-08-01 16:13:11 - transaction_storage - INFO - Using Redis storage for transactions
2025-08-01 16:13:13 - transaction_storage - DEBUG - Logger initialized for transaction_storage at level DEBUG
2025-08-01 16:13:13 - transaction_storage - INFO - Attempting Redis connection - URL: redis://:2a4efe20e40e332d@localhost:6379/0, Host: localhost, Port: 6379, DB: 0
2025-08-01 16:13:13 - transaction_storage - INFO - Trying Redis connection method: URL
2025-08-01 16:13:13 - transaction_storage - INFO - Redis connection successful using URL: True
2025-08-01 16:13:13 - transaction_storage - INFO - Using Redis storage for transactions
2025-08-01 16:13:14 - transaction_storage - DEBUG - Logger initialized for transaction_storage at level DEBUG
2025-08-01 16:13:14 - transaction_storage - INFO - Attempting Redis connection - URL: redis://:2a4efe20e40e332d@localhost:6379/0, Host: localhost, Port: 6379, DB: 0
2025-08-01 16:13:14 - transaction_storage - INFO - Trying Redis connection method: URL
2025-08-01 16:13:14 - transaction_storage - INFO - Redis connection successful using URL: True
2025-08-01 16:13:14 - transaction_storage - INFO - Using Redis storage for transactions
2025-08-01 16:13:16 - transaction_storage - DEBUG - Logger initialized for transaction_storage at level DEBUG
2025-08-01 16:13:16 - transaction_storage - INFO - Attempting Redis connection - URL: redis://:2a4efe20e40e332d@localhost:6379/0, Host: localhost, Port: 6379, DB: 0
2025-08-01 16:13:16 - transaction_storage - INFO - Trying Redis connection method: URL
2025-08-01 16:13:16 - transaction_storage - INFO - Redis connection successful using URL: True
2025-08-01 16:13:16 - transaction_storage - INFO - Using Redis storage for transactions
2025-08-01 16:13:18 - transaction_storage - DEBUG - Logger initialized for transaction_storage at level DEBUG
2025-08-01 16:13:18 - transaction_storage - INFO - Attempting Redis connection - URL: redis://:2a4efe20e40e332d@localhost:6379/0, Host: localhost, Port: 6379, DB: 0
2025-08-01 16:13:18 - transaction_storage - INFO - Trying Redis connection method: URL
2025-08-01 16:13:18 - transaction_storage - INFO - Redis connection successful using URL: True
2025-08-01 16:13:18 - transaction_storage - INFO - Using Redis storage for transactions
2025-08-01 16:13:19 - transaction_storage - DEBUG - Logger initialized for transaction_storage at level DEBUG
2025-08-01 16:13:19 - transaction_storage - INFO - Attempting Redis connection - URL: redis://:2a4efe20e40e332d@localhost:6379/0, Host: localhost, Port: 6379, DB: 0
2025-08-01 16:13:19 - transaction_storage - INFO - Trying Redis connection method: URL
2025-08-01 16:13:19 - transaction_storage - INFO - Redis connection successful using URL: True
2025-08-01 16:13:19 - transaction_storage - INFO - Using Redis storage for transactions
2025-08-01 16:13:21 - transaction_storage - DEBUG - Logger initialized for transaction_storage at level DEBUG
2025-08-01 16:13:21 - transaction_storage - INFO - Attempting Redis connection - URL: redis://:2a4efe20e40e332d@localhost:6379/0, Host: localhost, Port: 6379, DB: 0
2025-08-01 16:13:21 - transaction_storage - INFO - Trying Redis connection method: URL
2025-08-01 16:13:21 - transaction_storage - INFO - Redis connection successful using URL: True
2025-08-01 16:13:21 - transaction_storage - INFO - Using Redis storage for transactions
2025-08-01 16:13:23 - transaction_storage - DEBUG - Logger initialized for transaction_storage at level DEBUG
2025-08-01 16:13:23 - transaction_storage - INFO - Attempting Redis connection - URL: redis://:2a4efe20e40e332d@localhost:6379/0, Host: localhost, Port: 6379, DB: 0
2025-08-01 16:13:23 - transaction_storage - INFO - Trying Redis connection method: URL
2025-08-01 16:13:23 - transaction_storage - INFO - Redis connection successful using URL: True
2025-08-01 16:13:23 - transaction_storage - INFO - Using Redis storage for transactions
2025-08-01 16:13:24 - transaction_storage - DEBUG - Logger initialized for transaction_storage at level DEBUG
2025-08-01 16:13:24 - transaction_storage - INFO - Attempting Redis connection - URL: redis://:2a4efe20e40e332d@localhost:6379/0, Host: localhost, Port: 6379, DB: 0
2025-08-01 16:13:24 - transaction_storage - INFO - Trying Redis connection method: URL
2025-08-01 16:13:24 - transaction_storage - INFO - Redis connection successful using URL: True
2025-08-01 16:13:24 - transaction_storage - INFO - Using Redis storage for transactions
2025-08-01 16:13:24 - transaction_storage - DEBUG - Logger initialized for transaction_storage at level DEBUG
2025-08-01 16:13:24 - transaction_storage - INFO - Attempting Redis connection - URL: redis://:2a4efe20e40e332d@localhost:6379/0, Host: localhost, Port: 6379, DB: 0
2025-08-01 16:13:24 - transaction_storage - INFO - Trying Redis connection method: URL
2025-08-01 16:13:24 - transaction_storage - INFO - Redis connection successful using URL: True
2025-08-01 16:13:24 - transaction_storage - INFO - Using Redis storage for transactions
2025-08-01 16:13:29 - transaction_storage - DEBUG - Logger initialized for transaction_storage at level DEBUG
2025-08-01 16:13:29 - transaction_storage - INFO - Attempting Redis connection - URL: redis://:2a4efe20e40e332d@localhost:6379/0, Host: localhost, Port: 6379, DB: 0
2025-08-01 16:13:29 - transaction_storage - INFO - Trying Redis connection method: URL
2025-08-01 16:13:29 - transaction_storage - INFO - Redis connection successful using URL: True
2025-08-01 16:13:29 - transaction_storage - INFO - Using Redis storage for transactions
2025-08-01 16:13:29 - transaction_storage - DEBUG - Logger initialized for transaction_storage at level DEBUG
2025-08-01 16:13:29 - transaction_storage - INFO - Attempting Redis connection - URL: redis://:2a4efe20e40e332d@localhost:6379/0, Host: localhost, Port: 6379, DB: 0
2025-08-01 16:13:29 - transaction_storage - INFO - Trying Redis connection method: URL
2025-08-01 16:13:29 - transaction_storage - INFO - Redis connection successful using URL: True
2025-08-01 16:13:29 - transaction_storage - INFO - Using Redis storage for transactions
2025-08-01 16:13:29 - transaction_storage - DEBUG - Logger initialized for transaction_storage at level DEBUG
2025-08-01 16:13:29 - transaction_storage - INFO - Attempting Redis connection - URL: redis://:2a4efe20e40e332d@localhost:6379/0, Host: localhost, Port: 6379, DB: 0
2025-08-01 16:13:29 - transaction_storage - INFO - Trying Redis connection method: URL
2025-08-01 16:13:29 - transaction_storage - INFO - Redis connection successful using URL: True
2025-08-01 16:13:29 - transaction_storage - INFO - Using Redis storage for transactions
2025-08-01 16:13:37 - transaction_storage - DEBUG - Logger initialized for transaction_storage at level DEBUG
2025-08-01 16:13:37 - transaction_storage - INFO - Attempting Redis connection - URL: redis://:2a4efe20e40e332d@localhost:6379/0, Host: localhost, Port: 6379, DB: 0
2025-08-01 16:13:37 - transaction_storage - INFO - Trying Redis connection method: URL
2025-08-01 16:13:37 - transaction_storage - INFO - Redis connection successful using URL: True
2025-08-01 16:13:37 - transaction_storage - INFO - Using Redis storage for transactions
2025-08-01 16:13:37 - transaction_storage - DEBUG - Logger initialized for transaction_storage at level DEBUG
2025-08-01 16:13:37 - transaction_storage - INFO - Attempting Redis connection - URL: redis://:2a4efe20e40e332d@localhost:6379/0, Host: localhost, Port: 6379, DB: 0
2025-08-01 16:13:37 - transaction_storage - INFO - Trying Redis connection method: URL
2025-08-01 16:13:37 - transaction_storage - INFO - Redis connection successful using URL: True
2025-08-01 16:13:37 - transaction_storage - INFO - Using Redis storage for transactions
2025-08-01 16:13:37 - transaction_storage - DEBUG - Logger initialized for transaction_storage at level DEBUG
2025-08-01 16:13:37 - transaction_storage - INFO - Attempting Redis connection - URL: redis://:2a4efe20e40e332d@localhost:6379/0, Host: localhost, Port: 6379, DB: 0
2025-08-01 16:13:37 - transaction_storage - INFO - Trying Redis connection method: URL
2025-08-01 16:13:37 - transaction_storage - INFO - Redis connection successful using URL: True
2025-08-01 16:13:37 - transaction_storage - INFO - Using Redis storage for transactions
2025-08-01 16:16:18 - transaction_storage - DEBUG - Logger initialized for transaction_storage at level DEBUG
2025-08-01 16:16:18 - transaction_storage - INFO - Attempting Redis connection - URL: redis://:2a4efe20e40e332d@localhost:6379/0, Host: localhost, Port: 6379, DB: 0
2025-08-01 16:16:18 - transaction_storage - INFO - Trying Redis connection method: URL
2025-08-01 16:16:18 - transaction_storage - INFO - Redis connection successful using URL: True
2025-08-01 16:16:18 - transaction_storage - INFO - Using Redis storage for transactions
2025-08-01 16:16:18 - transaction_storage - DEBUG - Logger initialized for transaction_storage at level DEBUG
2025-08-01 16:16:18 - transaction_storage - INFO - Attempting Redis connection - URL: redis://:2a4efe20e40e332d@localhost:6379/0, Host: localhost, Port: 6379, DB: 0
2025-08-01 16:16:18 - transaction_storage - INFO - Trying Redis connection method: URL
2025-08-01 16:16:18 - transaction_storage - INFO - Redis connection successful using URL: True
2025-08-01 16:16:18 - transaction_storage - INFO - Using Redis storage for transactions
2025-08-01 16:16:18 - transaction_storage - DEBUG - Logger initialized for transaction_storage at level DEBUG
2025-08-01 16:16:18 - transaction_storage - INFO - Attempting Redis connection - URL: redis://:2a4efe20e40e332d@localhost:6379/0, Host: localhost, Port: 6379, DB: 0
2025-08-01 16:16:18 - transaction_storage - INFO - Trying Redis connection method: URL
2025-08-01 16:16:18 - transaction_storage - INFO - Redis connection successful using URL: True
2025-08-01 16:16:18 - transaction_storage - INFO - Using Redis storage for transactions
2025-08-01 16:20:41 - transaction_storage - DEBUG - Logger initialized for transaction_storage at level DEBUG
2025-08-01 16:20:41 - transaction_storage - INFO - Attempting Redis connection - URL: redis://:2a4efe20e40e332d@localhost:6379/0, Host: localhost, Port: 6379, DB: 0
2025-08-01 16:20:41 - transaction_storage - INFO - Trying Redis connection method: URL
2025-08-01 16:20:42 - transaction_storage - INFO - Redis connection successful using URL: True
2025-08-01 16:20:42 - transaction_storage - INFO - Using Redis storage for transactions
2025-08-01 16:20:42 - transaction_storage - DEBUG - Logger initialized for transaction_storage at level DEBUG
2025-08-01 16:20:42 - transaction_storage - INFO - Attempting Redis connection - URL: redis://:2a4efe20e40e332d@localhost:6379/0, Host: localhost, Port: 6379, DB: 0
2025-08-01 16:20:42 - transaction_storage - INFO - Trying Redis connection method: URL
2025-08-01 16:20:42 - transaction_storage - INFO - Redis connection successful using URL: True
2025-08-01 16:20:42 - transaction_storage - INFO - Using Redis storage for transactions
2025-08-01 16:20:42 - transaction_storage - DEBUG - Logger initialized for transaction_storage at level DEBUG
2025-08-01 16:20:42 - transaction_storage - INFO - Attempting Redis connection - URL: redis://:2a4efe20e40e332d@localhost:6379/0, Host: localhost, Port: 6379, DB: 0
2025-08-01 16:20:42 - transaction_storage - INFO - Trying Redis connection method: URL
2025-08-01 16:20:42 - transaction_storage - INFO - Redis connection successful using URL: True
2025-08-01 16:20:42 - transaction_storage - INFO - Using Redis storage for transactions
2025-08-01 16:22:23 - transaction_storage - DEBUG - Logger initialized for transaction_storage at level DEBUG
2025-08-01 16:22:23 - transaction_storage - INFO - Attempting Redis connection - URL: redis://:2a4efe20e40e332d@localhost:6379/0, Host: localhost, Port: 6379, DB: 0
2025-08-01 16:22:23 - transaction_storage - INFO - Trying Redis connection method: URL
2025-08-01 16:22:23 - transaction_storage - INFO - Redis connection successful using URL: True
2025-08-01 16:22:23 - transaction_storage - INFO - Using Redis storage for transactions
2025-08-01 16:22:23 - transaction_storage - DEBUG - Logger initialized for transaction_storage at level DEBUG
2025-08-01 16:22:23 - transaction_storage - INFO - Attempting Redis connection - URL: redis://:2a4efe20e40e332d@localhost:6379/0, Host: localhost, Port: 6379, DB: 0
2025-08-01 16:22:23 - transaction_storage - INFO - Trying Redis connection method: URL
2025-08-01 16:22:23 - transaction_storage - INFO - Redis connection successful using URL: True
2025-08-01 16:22:23 - transaction_storage - INFO - Using Redis storage for transactions
2025-08-01 16:22:23 - transaction_storage - DEBUG - Logger initialized for transaction_storage at level DEBUG
2025-08-01 16:22:23 - transaction_storage - INFO - Attempting Redis connection - URL: redis://:2a4efe20e40e332d@localhost:6379/0, Host: localhost, Port: 6379, DB: 0
2025-08-01 16:22:23 - transaction_storage - INFO - Trying Redis connection method: URL
2025-08-01 16:22:23 - transaction_storage - INFO - Redis connection successful using URL: True
2025-08-01 16:22:23 - transaction_storage - INFO - Using Redis storage for transactions
2025-08-01 17:41:00 - transaction_storage - DEBUG - Logger initialized for transaction_storage at level DEBUG
2025-08-01 17:41:00 - transaction_storage - INFO - Attempting Redis connection - URL: redis://:2a4efe20e40e332d@localhost:6379/0, Host: localhost, Port: 6379, DB: 0
2025-08-01 17:41:00 - transaction_storage - INFO - Trying Redis connection method: URL
2025-08-01 17:41:00 - transaction_storage - INFO - Redis connection successful using URL: True
2025-08-01 17:41:00 - transaction_storage - INFO - Using Redis storage for transactions
2025-08-01 17:41:00 - transaction_storage - DEBUG - Logger initialized for transaction_storage at level DEBUG
2025-08-01 17:41:00 - transaction_storage - INFO - Attempting Redis connection - URL: redis://:2a4efe20e40e332d@localhost:6379/0, Host: localhost, Port: 6379, DB: 0
2025-08-01 17:41:00 - transaction_storage - INFO - Trying Redis connection method: URL
2025-08-01 17:41:00 - transaction_storage - INFO - Redis connection successful using URL: True
2025-08-01 17:41:00 - transaction_storage - INFO - Using Redis storage for transactions
2025-08-01 17:41:00 - transaction_storage - DEBUG - Logger initialized for transaction_storage at level DEBUG
2025-08-01 17:41:00 - transaction_storage - INFO - Attempting Redis connection - URL: redis://:2a4efe20e40e332d@localhost:6379/0, Host: localhost, Port: 6379, DB: 0
2025-08-01 17:41:00 - transaction_storage - INFO - Trying Redis connection method: URL
2025-08-01 17:41:00 - transaction_storage - INFO - Redis connection successful using URL: True
2025-08-01 17:41:00 - transaction_storage - INFO - Using Redis storage for transactions
2025-08-01 17:41:26 - transaction_storage - DEBUG - Logger initialized for transaction_storage at level DEBUG
2025-08-01 17:41:26 - transaction_storage - INFO - Attempting Redis connection - URL: redis://:2a4efe20e40e332d@localhost:6379/0, Host: localhost, Port: 6379, DB: 0
2025-08-01 17:41:26 - transaction_storage - INFO - Trying Redis connection method: URL
2025-08-01 17:41:26 - transaction_storage - INFO - Redis connection successful using URL: True
2025-08-01 17:41:26 - transaction_storage - INFO - Using Redis storage for transactions
2025-08-01 17:41:27 - transaction_storage - DEBUG - Logger initialized for transaction_storage at level DEBUG
2025-08-01 17:41:27 - transaction_storage - INFO - Attempting Redis connection - URL: redis://:2a4efe20e40e332d@localhost:6379/0, Host: localhost, Port: 6379, DB: 0
2025-08-01 17:41:27 - transaction_storage - INFO - Trying Redis connection method: URL
2025-08-01 17:41:27 - transaction_storage - INFO - Redis connection successful using URL: True
2025-08-01 17:41:27 - transaction_storage - INFO - Using Redis storage for transactions
2025-08-01 17:41:27 - transaction_storage - DEBUG - Logger initialized for transaction_storage at level DEBUG
2025-08-01 17:41:27 - transaction_storage - INFO - Attempting Redis connection - URL: redis://:2a4efe20e40e332d@localhost:6379/0, Host: localhost, Port: 6379, DB: 0
2025-08-01 17:41:27 - transaction_storage - INFO - Trying Redis connection method: URL
2025-08-01 17:41:27 - transaction_storage - INFO - Redis connection successful using URL: True
2025-08-01 17:41:27 - transaction_storage - INFO - Using Redis storage for transactions
2025-08-01 22:40:10 - transaction_storage - DEBUG - Logger initialized for transaction_storage at level DEBUG
2025-08-01 22:40:10 - transaction_storage - INFO - Attempting Redis connection - URL: redis://:2a4efe20e40e332d@localhost:6379/0, Host: localhost, Port: 6379, DB: 0
2025-08-01 22:40:10 - transaction_storage - INFO - Trying Redis connection method: URL
2025-08-01 22:40:10 - transaction_storage - INFO - Redis connection successful using URL: True
2025-08-01 22:40:10 - transaction_storage - INFO - Using Redis storage for transactions
2025-08-01 22:40:10 - transaction_storage - DEBUG - Logger initialized for transaction_storage at level DEBUG
2025-08-01 22:40:10 - transaction_storage - INFO - Attempting Redis connection - URL: redis://:2a4efe20e40e332d@localhost:6379/0, Host: localhost, Port: 6379, DB: 0
2025-08-01 22:40:10 - transaction_storage - INFO - Trying Redis connection method: URL
2025-08-01 22:40:10 - transaction_storage - INFO - Redis connection successful using URL: True
2025-08-01 22:40:10 - transaction_storage - INFO - Using Redis storage for transactions
2025-08-01 22:40:10 - transaction_storage - DEBUG - Logger initialized for transaction_storage at level DEBUG
2025-08-01 22:40:10 - transaction_storage - INFO - Attempting Redis connection - URL: redis://:2a4efe20e40e332d@localhost:6379/0, Host: localhost, Port: 6379, DB: 0
2025-08-01 22:40:10 - transaction_storage - INFO - Trying Redis connection method: URL
2025-08-01 22:40:10 - transaction_storage - INFO - Redis connection successful using URL: True
2025-08-01 22:40:10 - transaction_storage - INFO - Using Redis storage for transactions
