2025-07-23 12:46:48 - balance_service - DEBUG - Logger initialized for balance_service at level DEBUG
2025-07-23 13:21:59 - balance_service - DEBUG - Logger initialized for balance_service at level DEBUG
2025-07-23 13:33:29 - balance_service - WARNING - No native currency found for blockchain Bitcoin
2025-07-23 13:33:29 - balance_service - WARNING - No native currency found for blockchain Avalanche
2025-07-23 13:33:29 - balance_service - WARNING - No native currency found for blockchain Arbitrum
2025-07-23 13:33:29 - balance_service - WARNING - No native currency found for blockchain Polkadot
2025-07-23 13:33:29 - balance_service - WARNING - خطا در دریافت موجودی TRC20 با API اصلی: 404 - {"timestamp":"2025-07-23T13:33:29.538+00:00","status":404,"error":"Not Found","path":"/v1/accounts/TWxYj1EgkXikRh3SszVUQniB6NcLNKeRfy/tokens"}
2025-07-23 13:33:29 - balance_service - WARNING - خطا در دریافت موجودی TRC20 با API اصلی: 404 - {"timestamp":"2025-07-23T13:33:29.771+00:00","status":404,"error":"Not Found","path":"/v1/accounts/TWxYj1EgkXikRh3SszVUQniB6NcLNKeRfy/tokens"}
2025-07-23 13:33:30 - balance_service - ERROR - Error getting EVM token balance on Avalanche: when sending a str, it must be a hex string. Got: 'FvwEAhmxKfeiG8SnEvq42hc6whRyY3EFYAvebMqDNDGCgxN5Z'
Traceback (most recent call last):
  File "/www/wwwroot/coinceeper.com/CC/services/balance_service.py", line 157, in get_token_balance
    address=Web3.to_checksum_address(contract_address),
  File "/www/wwwroot/coinceeper.com/CC/venv/lib64/python3.9/site-packages/web3/main.py", line 268, in to_checksum_address
    return to_checksum_address(value)
  File "/www/wwwroot/coinceeper.com/CC/venv/lib64/python3.9/site-packages/eth_utils/address.py", line 129, in to_checksum_address
    norm_address = to_normalized_address(value)
  File "/www/wwwroot/coinceeper.com/CC/venv/lib64/python3.9/site-packages/eth_utils/address.py", line 73, in to_normalized_address
    hex_address = hexstr_if_str(to_hex, value).lower()
  File "/www/wwwroot/coinceeper.com/CC/venv/lib64/python3.9/site-packages/eth_utils/conversions.py", line 195, in hexstr_if_str
    raise ValueError(
ValueError: when sending a str, it must be a hex string. Got: 'FvwEAhmxKfeiG8SnEvq42hc6whRyY3EFYAvebMqDNDGCgxN5Z'
2025-07-23 13:33:30 - balance_service - WARNING - خطا در دریافت موجودی TRC20 با API اصلی: 404 - {"timestamp":"2025-07-23T13:33:30.416+00:00","status":404,"error":"Not Found","path":"/v1/accounts/TWxYj1EgkXikRh3SszVUQniB6NcLNKeRfy/tokens"}
2025-07-23 13:33:31 - balance_service - ERROR - خطا در استفاده از API جایگزین 8: HTTPSConnectionPool(host='api.tronstation.io', port=443): Max retries exceeded with url: /v1/accounts/TWxYj1EgkXikRh3SszVUQniB6NcLNKeRfy/tokens (Caused by NameResolutionError("<urllib3.connection.HTTPSConnection object at 0x7fdcd5c43730>: Failed to resolve 'api.tronstation.io' ([Errno -2] Name or service not known)"))
2025-07-23 13:33:31 - balance_service - ERROR - خطا در استفاده از API جایگزین 8: HTTPSConnectionPool(host='api.tronstation.io', port=443): Max retries exceeded with url: /v1/accounts/TWxYj1EgkXikRh3SszVUQniB6NcLNKeRfy/tokens (Caused by NameResolutionError("<urllib3.connection.HTTPSConnection object at 0x7fdcd5bb5220>: Failed to resolve 'api.tronstation.io' ([Errno -2] Name or service not known)"))
2025-07-23 13:33:32 - balance_service - ERROR - خطا در استفاده از API جایگزین 8: HTTPSConnectionPool(host='api.tronstation.io', port=443): Max retries exceeded with url: /v1/accounts/TWxYj1EgkXikRh3SszVUQniB6NcLNKeRfy/tokens (Caused by NameResolutionError("<urllib3.connection.HTTPSConnection object at 0x7fdcd5bb5a00>: Failed to resolve 'api.tronstation.io' ([Errno -2] Name or service not known)"))
2025-07-23 13:40:24 - balance_service - WARNING - No native currency found for blockchain Bitcoin
2025-07-23 13:40:24 - balance_service - WARNING - No native currency found for blockchain Avalanche
2025-07-23 13:40:24 - balance_service - WARNING - No native currency found for blockchain Arbitrum
2025-07-23 13:40:24 - balance_service - WARNING - No native currency found for blockchain Polkadot
2025-07-23 13:40:25 - balance_service - WARNING - خطا در دریافت موجودی TRC20 با API اصلی: 404 - {"timestamp":"2025-07-23T13:40:25.232+00:00","status":404,"error":"Not Found","path":"/v1/accounts/TYKD3Z1scNu4v6GkP3LRfPK9eYpyHD9pY6/tokens"}
2025-07-23 13:40:25 - balance_service - WARNING - خطا در دریافت موجودی TRC20 با API اصلی: 404 - {"timestamp":"2025-07-23T13:40:25.562+00:00","status":404,"error":"Not Found","path":"/v1/accounts/TYKD3Z1scNu4v6GkP3LRfPK9eYpyHD9pY6/tokens"}
2025-07-23 13:40:25 - balance_service - ERROR - Error getting EVM token balance on Avalanche: when sending a str, it must be a hex string. Got: 'FvwEAhmxKfeiG8SnEvq42hc6whRyY3EFYAvebMqDNDGCgxN5Z'
Traceback (most recent call last):
  File "/www/wwwroot/coinceeper.com/CC/services/balance_service.py", line 157, in get_token_balance
    address=Web3.to_checksum_address(contract_address),
  File "/www/wwwroot/coinceeper.com/CC/venv/lib64/python3.9/site-packages/web3/main.py", line 268, in to_checksum_address
    return to_checksum_address(value)
  File "/www/wwwroot/coinceeper.com/CC/venv/lib64/python3.9/site-packages/eth_utils/address.py", line 129, in to_checksum_address
    norm_address = to_normalized_address(value)
  File "/www/wwwroot/coinceeper.com/CC/venv/lib64/python3.9/site-packages/eth_utils/address.py", line 73, in to_normalized_address
    hex_address = hexstr_if_str(to_hex, value).lower()
  File "/www/wwwroot/coinceeper.com/CC/venv/lib64/python3.9/site-packages/eth_utils/conversions.py", line 195, in hexstr_if_str
    raise ValueError(
ValueError: when sending a str, it must be a hex string. Got: 'FvwEAhmxKfeiG8SnEvq42hc6whRyY3EFYAvebMqDNDGCgxN5Z'
2025-07-23 13:40:25 - balance_service - WARNING - خطا در دریافت موجودی TRC20 با API اصلی: 404 - {"timestamp":"2025-07-23T13:40:25.928+00:00","status":404,"error":"Not Found","path":"/v1/accounts/TYKD3Z1scNu4v6GkP3LRfPK9eYpyHD9pY6/tokens"}
2025-07-23 13:40:26 - balance_service - ERROR - خطا در استفاده از API جایگزین 8: HTTPSConnectionPool(host='api.tronstation.io', port=443): Max retries exceeded with url: /v1/accounts/TYKD3Z1scNu4v6GkP3LRfPK9eYpyHD9pY6/tokens (Caused by NameResolutionError("<urllib3.connection.HTTPSConnection object at 0x7fdcd40c1b20>: Failed to resolve 'api.tronstation.io' ([Errno -2] Name or service not known)"))
2025-07-23 13:40:27 - balance_service - ERROR - خطا در استفاده از API جایگزین 8: HTTPSConnectionPool(host='api.tronstation.io', port=443): Max retries exceeded with url: /v1/accounts/TYKD3Z1scNu4v6GkP3LRfPK9eYpyHD9pY6/tokens (Caused by NameResolutionError("<urllib3.connection.HTTPSConnection object at 0x7fdcd40727f0>: Failed to resolve 'api.tronstation.io' ([Errno -2] Name or service not known)"))
2025-07-23 13:40:27 - balance_service - ERROR - خطا در استفاده از API جایگزین 8: HTTPSConnectionPool(host='api.tronstation.io', port=443): Max retries exceeded with url: /v1/accounts/TYKD3Z1scNu4v6GkP3LRfPK9eYpyHD9pY6/tokens (Caused by NameResolutionError("<urllib3.connection.HTTPSConnection object at 0x7fdcbc7e6f40>: Failed to resolve 'api.tronstation.io' ([Errno -2] Name or service not known)"))
2025-07-23 13:40:34 - balance_service - ERROR - Error updating balance for user 3cb5035c-1095-4545-84d0-b3ef86c8850d: (mysql.connector.errors.OperationalError) MySQL Connection not available.
[SQL: DELETE FROM userholding WHERE userholding.`UserID` = %(UserID_1)s]
[parameters: [{}]]
(Background on this error at: https://sqlalche.me/e/20/e3q8)
Traceback (most recent call last):
  File "/www/wwwroot/coinceeper.com/CC/venv/lib64/python3.9/site-packages/sqlalchemy/engine/base.py", line 1811, in _execute_context
    context = constructor(
  File "/www/wwwroot/coinceeper.com/CC/venv/lib64/python3.9/site-packages/sqlalchemy/engine/default.py", line 1427, in _init_compiled
    self.cursor = self.create_cursor()
  File "/www/wwwroot/coinceeper.com/CC/venv/lib64/python3.9/site-packages/sqlalchemy/engine/default.py", line 1766, in create_cursor
    return self.create_default_cursor()
  File "/www/wwwroot/coinceeper.com/CC/venv/lib64/python3.9/site-packages/sqlalchemy/dialects/mysql/mysqlconnector.py", line 67, in create_default_cursor
    return self._dbapi_connection.cursor(buffered=True)
  File "/www/wwwroot/coinceeper.com/CC/venv/lib64/python3.9/site-packages/sqlalchemy/pool/base.py", line 1486, in cursor
    return self.dbapi_connection.cursor(*args, **kwargs)
  File "/www/wwwroot/coinceeper.com/CC/venv/lib64/python3.9/site-packages/mysql/connector/connection_cext.py", line 841, in cursor
    raise OperationalError("MySQL Connection not available.")
mysql.connector.errors.OperationalError: MySQL Connection not available.

The above exception was the direct cause of the following exception:

Traceback (most recent call last):
  File "/www/wwwroot/coinceeper.com/CC/services/balance_service.py", line 1262, in _update_user_balance
    deleted = self.session.query(UserHolding).filter(UserHolding.UserID == user_id).delete()
  File "/www/wwwroot/coinceeper.com/CC/venv/lib64/python3.9/site-packages/sqlalchemy/orm/query.py", line 3208, in delete
    result: CursorResult[Any] = self.session.execute(
  File "/www/wwwroot/coinceeper.com/CC/venv/lib64/python3.9/site-packages/sqlalchemy/orm/session.py", line 2365, in execute
    return self._execute_internal(
  File "/www/wwwroot/coinceeper.com/CC/venv/lib64/python3.9/site-packages/sqlalchemy/orm/session.py", line 2251, in _execute_internal
    result: Result[Any] = compile_state_cls.orm_execute_statement(
  File "/www/wwwroot/coinceeper.com/CC/venv/lib64/python3.9/site-packages/sqlalchemy/orm/bulk_persistence.py", line 2021, in orm_execute_statement
    return super().orm_execute_statement(
  File "/www/wwwroot/coinceeper.com/CC/venv/lib64/python3.9/site-packages/sqlalchemy/orm/context.py", line 306, in orm_execute_statement
    result = conn.execute(
  File "/www/wwwroot/coinceeper.com/CC/venv/lib64/python3.9/site-packages/sqlalchemy/engine/base.py", line 1415, in execute
    return meth(
  File "/www/wwwroot/coinceeper.com/CC/venv/lib64/python3.9/site-packages/sqlalchemy/sql/elements.py", line 523, in _execute_on_connection
    return connection._execute_clauseelement(
  File "/www/wwwroot/coinceeper.com/CC/venv/lib64/python3.9/site-packages/sqlalchemy/engine/base.py", line 1637, in _execute_clauseelement
    ret = self._execute_context(
  File "/www/wwwroot/coinceeper.com/CC/venv/lib64/python3.9/site-packages/sqlalchemy/engine/base.py", line 1817, in _execute_context
    self._handle_dbapi_exception(
  File "/www/wwwroot/coinceeper.com/CC/venv/lib64/python3.9/site-packages/sqlalchemy/engine/base.py", line 2351, in _handle_dbapi_exception
    raise sqlalchemy_exception.with_traceback(exc_info[2]) from e
  File "/www/wwwroot/coinceeper.com/CC/venv/lib64/python3.9/site-packages/sqlalchemy/engine/base.py", line 1811, in _execute_context
    context = constructor(
  File "/www/wwwroot/coinceeper.com/CC/venv/lib64/python3.9/site-packages/sqlalchemy/engine/default.py", line 1427, in _init_compiled
    self.cursor = self.create_cursor()
  File "/www/wwwroot/coinceeper.com/CC/venv/lib64/python3.9/site-packages/sqlalchemy/engine/default.py", line 1766, in create_cursor
    return self.create_default_cursor()
  File "/www/wwwroot/coinceeper.com/CC/venv/lib64/python3.9/site-packages/sqlalchemy/dialects/mysql/mysqlconnector.py", line 67, in create_default_cursor
    return self._dbapi_connection.cursor(buffered=True)
  File "/www/wwwroot/coinceeper.com/CC/venv/lib64/python3.9/site-packages/sqlalchemy/pool/base.py", line 1486, in cursor
    return self.dbapi_connection.cursor(*args, **kwargs)
  File "/www/wwwroot/coinceeper.com/CC/venv/lib64/python3.9/site-packages/mysql/connector/connection_cext.py", line 841, in cursor
    raise OperationalError("MySQL Connection not available.")
sqlalchemy.exc.OperationalError: (mysql.connector.errors.OperationalError) MySQL Connection not available.
[SQL: DELETE FROM userholding WHERE userholding.`UserID` = %(UserID_1)s]
[parameters: [{}]]
(Background on this error at: https://sqlalche.me/e/20/e3q8)
2025-07-23 13:40:36 - balance_service - WARNING - No native currency found for blockchain Bitcoin
2025-07-23 13:40:36 - balance_service - WARNING - No native currency found for blockchain Avalanche
2025-07-23 13:40:36 - balance_service - WARNING - No native currency found for blockchain Arbitrum
2025-07-23 13:40:36 - balance_service - WARNING - No native currency found for blockchain Polkadot
2025-07-23 13:40:36 - balance_service - WARNING - خطا در دریافت موجودی TRC20 با API اصلی: 404 - {"timestamp":"2025-07-23T13:40:36.845+00:00","status":404,"error":"Not Found","path":"/v1/accounts/TYKD3Z1scNu4v6GkP3LRfPK9eYpyHD9pY6/tokens"}
2025-07-23 13:40:37 - balance_service - WARNING - خطا در دریافت موجودی TRC20 با API اصلی: 404 - {"timestamp":"2025-07-23T13:40:37.041+00:00","status":404,"error":"Not Found","path":"/v1/accounts/TYKD3Z1scNu4v6GkP3LRfPK9eYpyHD9pY6/tokens"}
2025-07-23 13:40:37 - balance_service - ERROR - Error getting EVM token balance on Avalanche: when sending a str, it must be a hex string. Got: 'FvwEAhmxKfeiG8SnEvq42hc6whRyY3EFYAvebMqDNDGCgxN5Z'
Traceback (most recent call last):
  File "/www/wwwroot/coinceeper.com/CC/services/balance_service.py", line 157, in get_token_balance
    address=Web3.to_checksum_address(contract_address),
  File "/www/wwwroot/coinceeper.com/CC/venv/lib64/python3.9/site-packages/web3/main.py", line 268, in to_checksum_address
    return to_checksum_address(value)
  File "/www/wwwroot/coinceeper.com/CC/venv/lib64/python3.9/site-packages/eth_utils/address.py", line 129, in to_checksum_address
    norm_address = to_normalized_address(value)
  File "/www/wwwroot/coinceeper.com/CC/venv/lib64/python3.9/site-packages/eth_utils/address.py", line 73, in to_normalized_address
    hex_address = hexstr_if_str(to_hex, value).lower()
  File "/www/wwwroot/coinceeper.com/CC/venv/lib64/python3.9/site-packages/eth_utils/conversions.py", line 195, in hexstr_if_str
    raise ValueError(
ValueError: when sending a str, it must be a hex string. Got: 'FvwEAhmxKfeiG8SnEvq42hc6whRyY3EFYAvebMqDNDGCgxN5Z'
2025-07-23 13:40:37 - balance_service - WARNING - خطا در دریافت موجودی TRC20 با API اصلی: 404 - {"timestamp":"2025-07-23T13:40:37.873+00:00","status":404,"error":"Not Found","path":"/v1/accounts/TYKD3Z1scNu4v6GkP3LRfPK9eYpyHD9pY6/tokens"}
2025-07-23 13:40:38 - balance_service - ERROR - خطا در استفاده از API جایگزین 8: HTTPSConnectionPool(host='api.tronstation.io', port=443): Max retries exceeded with url: /v1/accounts/TYKD3Z1scNu4v6GkP3LRfPK9eYpyHD9pY6/tokens (Caused by NameResolutionError("<urllib3.connection.HTTPSConnection object at 0x7fdcd4f63370>: Failed to resolve 'api.tronstation.io' ([Errno -2] Name or service not known)"))
2025-07-23 13:40:38 - balance_service - ERROR - خطا در استفاده از API جایگزین 8: HTTPSConnectionPool(host='api.tronstation.io', port=443): Max retries exceeded with url: /v1/accounts/TYKD3Z1scNu4v6GkP3LRfPK9eYpyHD9pY6/tokens (Caused by NameResolutionError("<urllib3.connection.HTTPSConnection object at 0x7fdcd4f9d850>: Failed to resolve 'api.tronstation.io' ([Errno -2] Name or service not known)"))
2025-07-23 13:40:39 - balance_service - ERROR - خطا در استفاده از API جایگزین 8: HTTPSConnectionPool(host='api.tronstation.io', port=443): Max retries exceeded with url: /v1/accounts/TYKD3Z1scNu4v6GkP3LRfPK9eYpyHD9pY6/tokens (Caused by NameResolutionError("<urllib3.connection.HTTPSConnection object at 0x7fdcd4056cd0>: Failed to resolve 'api.tronstation.io' ([Errno -2] Name or service not known)"))
2025-07-23 13:45:14 - balance_service - WARNING - No native currency found for blockchain Bitcoin
2025-07-23 13:45:14 - balance_service - WARNING - No native currency found for blockchain Avalanche
2025-07-23 13:45:14 - balance_service - WARNING - No native currency found for blockchain Arbitrum
2025-07-23 13:45:14 - balance_service - WARNING - No native currency found for blockchain Polkadot
2025-07-23 13:45:15 - balance_service - WARNING - خطا در دریافت موجودی TRC20 با API اصلی: 404 - {"timestamp":"2025-07-23T13:45:15.058+00:00","status":404,"error":"Not Found","path":"/v1/accounts/TGR3iCY7HHNQeiLLa8N7Mq7dcQo6ybPGf1/tokens"}
2025-07-23 13:45:15 - balance_service - WARNING - خطا در دریافت موجودی TRC20 با API اصلی: 404 - {"timestamp":"2025-07-23T13:45:15.336+00:00","status":404,"error":"Not Found","path":"/v1/accounts/TGR3iCY7HHNQeiLLa8N7Mq7dcQo6ybPGf1/tokens"}
2025-07-23 13:45:16 - balance_service - WARNING - خطا در دریافت موجودی TRC20 با API اصلی: 404 - {"timestamp":"2025-07-23T13:45:16.233+00:00","status":404,"error":"Not Found","path":"/v1/accounts/TGR3iCY7HHNQeiLLa8N7Mq7dcQo6ybPGf1/tokens"}
2025-07-23 13:45:16 - balance_service - ERROR - Error getting EVM token balance on Avalanche: when sending a str, it must be a hex string. Got: 'FvwEAhmxKfeiG8SnEvq42hc6whRyY3EFYAvebMqDNDGCgxN5Z'
Traceback (most recent call last):
  File "/www/wwwroot/coinceeper.com/CC/services/balance_service.py", line 157, in get_token_balance
    address=Web3.to_checksum_address(contract_address),
  File "/www/wwwroot/coinceeper.com/CC/venv/lib64/python3.9/site-packages/web3/main.py", line 268, in to_checksum_address
    return to_checksum_address(value)
  File "/www/wwwroot/coinceeper.com/CC/venv/lib64/python3.9/site-packages/eth_utils/address.py", line 129, in to_checksum_address
    norm_address = to_normalized_address(value)
  File "/www/wwwroot/coinceeper.com/CC/venv/lib64/python3.9/site-packages/eth_utils/address.py", line 73, in to_normalized_address
    hex_address = hexstr_if_str(to_hex, value).lower()
  File "/www/wwwroot/coinceeper.com/CC/venv/lib64/python3.9/site-packages/eth_utils/conversions.py", line 195, in hexstr_if_str
    raise ValueError(
ValueError: when sending a str, it must be a hex string. Got: 'FvwEAhmxKfeiG8SnEvq42hc6whRyY3EFYAvebMqDNDGCgxN5Z'
2025-07-23 13:45:16 - balance_service - ERROR - خطا در استفاده از API جایگزین 8: HTTPSConnectionPool(host='api.tronstation.io', port=443): Max retries exceeded with url: /v1/accounts/TGR3iCY7HHNQeiLLa8N7Mq7dcQo6ybPGf1/tokens (Caused by NameResolutionError("<urllib3.connection.HTTPSConnection object at 0x7fdcd5b4b400>: Failed to resolve 'api.tronstation.io' ([Errno -2] Name or service not known)"))
2025-07-23 13:45:17 - balance_service - ERROR - خطا در استفاده از API جایگزین 8: HTTPSConnectionPool(host='api.tronstation.io', port=443): Max retries exceeded with url: /v1/accounts/TGR3iCY7HHNQeiLLa8N7Mq7dcQo6ybPGf1/tokens (Caused by NameResolutionError("<urllib3.connection.HTTPSConnection object at 0x7fdcd5968c40>: Failed to resolve 'api.tronstation.io' ([Errno -2] Name or service not known)"))
2025-07-23 13:45:18 - balance_service - ERROR - خطا در استفاده از API جایگزین 8: HTTPSConnectionPool(host='api.tronstation.io', port=443): Max retries exceeded with url: /v1/accounts/TGR3iCY7HHNQeiLLa8N7Mq7dcQo6ybPGf1/tokens (Caused by NameResolutionError("<urllib3.connection.HTTPSConnection object at 0x7fdcd5b53040>: Failed to resolve 'api.tronstation.io' ([Errno -2] Name or service not known)"))
2025-07-23 13:45:40 - balance_service - WARNING - No native currency found for blockchain Bitcoin
2025-07-23 13:45:40 - balance_service - WARNING - No native currency found for blockchain Avalanche
2025-07-23 13:45:40 - balance_service - WARNING - No native currency found for blockchain Arbitrum
2025-07-23 13:45:40 - balance_service - WARNING - No native currency found for blockchain Polkadot
2025-07-23 13:45:40 - balance_service - WARNING - خطا در دریافت موجودی TRC20 با API اصلی: 404 - {"timestamp":"2025-07-23T13:45:40.902+00:00","status":404,"error":"Not Found","path":"/v1/accounts/TGR3iCY7HHNQeiLLa8N7Mq7dcQo6ybPGf1/tokens"}
2025-07-23 13:45:41 - balance_service - WARNING - خطا در دریافت موجودی TRC20 با API اصلی: 404 - {"timestamp":"2025-07-23T13:45:41.174+00:00","status":404,"error":"Not Found","path":"/v1/accounts/TGR3iCY7HHNQeiLLa8N7Mq7dcQo6ybPGf1/tokens"}
2025-07-23 13:45:42 - balance_service - WARNING - خطا در دریافت موجودی TRC20 با API اصلی: 404 - {"timestamp":"2025-07-23T13:45:41.956+00:00","status":404,"error":"Not Found","path":"/v1/accounts/TGR3iCY7HHNQeiLLa8N7Mq7dcQo6ybPGf1/tokens"}
2025-07-23 13:45:42 - balance_service - ERROR - Error getting EVM token balance on Avalanche: when sending a str, it must be a hex string. Got: 'FvwEAhmxKfeiG8SnEvq42hc6whRyY3EFYAvebMqDNDGCgxN5Z'
Traceback (most recent call last):
  File "/www/wwwroot/coinceeper.com/CC/services/balance_service.py", line 157, in get_token_balance
    address=Web3.to_checksum_address(contract_address),
  File "/www/wwwroot/coinceeper.com/CC/venv/lib64/python3.9/site-packages/web3/main.py", line 268, in to_checksum_address
    return to_checksum_address(value)
  File "/www/wwwroot/coinceeper.com/CC/venv/lib64/python3.9/site-packages/eth_utils/address.py", line 129, in to_checksum_address
    norm_address = to_normalized_address(value)
  File "/www/wwwroot/coinceeper.com/CC/venv/lib64/python3.9/site-packages/eth_utils/address.py", line 73, in to_normalized_address
    hex_address = hexstr_if_str(to_hex, value).lower()
  File "/www/wwwroot/coinceeper.com/CC/venv/lib64/python3.9/site-packages/eth_utils/conversions.py", line 195, in hexstr_if_str
    raise ValueError(
ValueError: when sending a str, it must be a hex string. Got: 'FvwEAhmxKfeiG8SnEvq42hc6whRyY3EFYAvebMqDNDGCgxN5Z'
2025-07-23 13:45:42 - balance_service - ERROR - خطا در استفاده از API جایگزین 8: HTTPSConnectionPool(host='api.tronstation.io', port=443): Max retries exceeded with url: /v1/accounts/TGR3iCY7HHNQeiLLa8N7Mq7dcQo6ybPGf1/tokens (Caused by NameResolutionError("<urllib3.connection.HTTPSConnection object at 0x7fdcbc78b6d0>: Failed to resolve 'api.tronstation.io' ([Errno -2] Name or service not known)"))
2025-07-23 13:45:42 - balance_service - ERROR - خطا در استفاده از API جایگزین 8: HTTPSConnectionPool(host='api.tronstation.io', port=443): Max retries exceeded with url: /v1/accounts/TGR3iCY7HHNQeiLLa8N7Mq7dcQo6ybPGf1/tokens (Caused by NameResolutionError("<urllib3.connection.HTTPSConnection object at 0x7fdcd5adca30>: Failed to resolve 'api.tronstation.io' ([Errno -2] Name or service not known)"))
2025-07-23 13:45:43 - balance_service - ERROR - خطا در استفاده از API جایگزین 8: HTTPSConnectionPool(host='api.tronstation.io', port=443): Max retries exceeded with url: /v1/accounts/TGR3iCY7HHNQeiLLa8N7Mq7dcQo6ybPGf1/tokens (Caused by NameResolutionError("<urllib3.connection.HTTPSConnection object at 0x7fdcbc7e63d0>: Failed to resolve 'api.tronstation.io' ([Errno -2] Name or service not known)"))
2025-07-23 13:45:47 - balance_service - DEBUG - Logger initialized for balance_service at level DEBUG
2025-07-23 13:45:56 - balance_service - WARNING - No native currency found for blockchain Bitcoin
2025-07-23 13:45:56 - balance_service - WARNING - No native currency found for blockchain Avalanche
2025-07-23 13:45:56 - balance_service - WARNING - No native currency found for blockchain Arbitrum
2025-07-23 13:45:56 - balance_service - WARNING - No native currency found for blockchain Polkadot
2025-07-23 13:45:57 - balance_service - WARNING - خطا در دریافت موجودی TRC20 با API اصلی: 404 - {"timestamp":"2025-07-23T13:45:57.240+00:00","status":404,"error":"Not Found","path":"/v1/accounts/TGR3iCY7HHNQeiLLa8N7Mq7dcQo6ybPGf1/tokens"}
2025-07-23 13:45:57 - balance_service - WARNING - خطا در دریافت موجودی TRC20 با API اصلی: 404 - {"timestamp":"2025-07-23T13:45:57.447+00:00","status":404,"error":"Not Found","path":"/v1/accounts/TGR3iCY7HHNQeiLLa8N7Mq7dcQo6ybPGf1/tokens"}
2025-07-23 13:45:58 - balance_service - WARNING - خطا در دریافت موجودی TRC20 با API اصلی: 404 - {"timestamp":"2025-07-23T13:45:58.304+00:00","status":404,"error":"Not Found","path":"/v1/accounts/TGR3iCY7HHNQeiLLa8N7Mq7dcQo6ybPGf1/tokens"}
2025-07-23 13:45:58 - balance_service - ERROR - Error getting EVM token balance on Avalanche: when sending a str, it must be a hex string. Got: 'FvwEAhmxKfeiG8SnEvq42hc6whRyY3EFYAvebMqDNDGCgxN5Z'
Traceback (most recent call last):
  File "/www/wwwroot/coinceeper.com/CC/services/balance_service.py", line 157, in get_token_balance
    address=Web3.to_checksum_address(contract_address),
  File "/www/wwwroot/coinceeper.com/CC/venv/lib64/python3.9/site-packages/web3/main.py", line 268, in to_checksum_address
    return to_checksum_address(value)
  File "/www/wwwroot/coinceeper.com/CC/venv/lib64/python3.9/site-packages/eth_utils/address.py", line 129, in to_checksum_address
    norm_address = to_normalized_address(value)
  File "/www/wwwroot/coinceeper.com/CC/venv/lib64/python3.9/site-packages/eth_utils/address.py", line 73, in to_normalized_address
    hex_address = hexstr_if_str(to_hex, value).lower()
  File "/www/wwwroot/coinceeper.com/CC/venv/lib64/python3.9/site-packages/eth_utils/conversions.py", line 195, in hexstr_if_str
    raise ValueError(
ValueError: when sending a str, it must be a hex string. Got: 'FvwEAhmxKfeiG8SnEvq42hc6whRyY3EFYAvebMqDNDGCgxN5Z'
2025-07-23 13:45:58 - balance_service - ERROR - خطا در استفاده از API جایگزین 8: HTTPSConnectionPool(host='api.tronstation.io', port=443): Max retries exceeded with url: /v1/accounts/TGR3iCY7HHNQeiLLa8N7Mq7dcQo6ybPGf1/tokens (Caused by NameResolutionError("<urllib3.connection.HTTPSConnection object at 0x7fdcd47b09d0>: Failed to resolve 'api.tronstation.io' ([Errno -2] Name or service not known)"))
2025-07-23 13:45:59 - balance_service - ERROR - خطا در استفاده از API جایگزین 8: HTTPSConnectionPool(host='api.tronstation.io', port=443): Max retries exceeded with url: /v1/accounts/TGR3iCY7HHNQeiLLa8N7Mq7dcQo6ybPGf1/tokens (Caused by NameResolutionError("<urllib3.connection.HTTPSConnection object at 0x7fdcd47902b0>: Failed to resolve 'api.tronstation.io' ([Errno -2] Name or service not known)"))
2025-07-23 13:45:59 - balance_service - ERROR - خطا در استفاده از API جایگزین 8: HTTPSConnectionPool(host='api.tronstation.io', port=443): Max retries exceeded with url: /v1/accounts/TGR3iCY7HHNQeiLLa8N7Mq7dcQo6ybPGf1/tokens (Caused by NameResolutionError("<urllib3.connection.HTTPSConnection object at 0x7fdcd47c14c0>: Failed to resolve 'api.tronstation.io' ([Errno -2] Name or service not known)"))
2025-07-23 13:46:04 - balance_service - WARNING - No native currency found for blockchain Bitcoin
2025-07-23 13:46:04 - balance_service - WARNING - No native currency found for blockchain Avalanche
2025-07-23 13:46:04 - balance_service - WARNING - No native currency found for blockchain Arbitrum
2025-07-23 13:46:04 - balance_service - WARNING - No native currency found for blockchain Polkadot
2025-07-23 13:46:05 - balance_service - WARNING - خطا در دریافت موجودی TRC20 با API اصلی: 404 - {"timestamp":"2025-07-23T13:46:05.044+00:00","status":404,"error":"Not Found","path":"/v1/accounts/TGR3iCY7HHNQeiLLa8N7Mq7dcQo6ybPGf1/tokens"}
2025-07-23 13:46:05 - balance_service - WARNING - خطا در دریافت موجودی TRC20 با API اصلی: 404 - {"timestamp":"2025-07-23T13:46:05.257+00:00","status":404,"error":"Not Found","path":"/v1/accounts/TGR3iCY7HHNQeiLLa8N7Mq7dcQo6ybPGf1/tokens"}
2025-07-23 13:46:05 - balance_service - WARNING - خطا در دریافت موجودی TRC20 با API اصلی: 404 - {"timestamp":"2025-07-23T13:46:05.938+00:00","status":404,"error":"Not Found","path":"/v1/accounts/TGR3iCY7HHNQeiLLa8N7Mq7dcQo6ybPGf1/tokens"}
2025-07-23 13:46:06 - balance_service - ERROR - Error getting EVM token balance on Avalanche: when sending a str, it must be a hex string. Got: 'FvwEAhmxKfeiG8SnEvq42hc6whRyY3EFYAvebMqDNDGCgxN5Z'
Traceback (most recent call last):
  File "/www/wwwroot/coinceeper.com/CC/services/balance_service.py", line 157, in get_token_balance
    address=Web3.to_checksum_address(contract_address),
  File "/www/wwwroot/coinceeper.com/CC/venv/lib64/python3.9/site-packages/web3/main.py", line 268, in to_checksum_address
    return to_checksum_address(value)
  File "/www/wwwroot/coinceeper.com/CC/venv/lib64/python3.9/site-packages/eth_utils/address.py", line 129, in to_checksum_address
    norm_address = to_normalized_address(value)
  File "/www/wwwroot/coinceeper.com/CC/venv/lib64/python3.9/site-packages/eth_utils/address.py", line 73, in to_normalized_address
    hex_address = hexstr_if_str(to_hex, value).lower()
  File "/www/wwwroot/coinceeper.com/CC/venv/lib64/python3.9/site-packages/eth_utils/conversions.py", line 195, in hexstr_if_str
    raise ValueError(
ValueError: when sending a str, it must be a hex string. Got: 'FvwEAhmxKfeiG8SnEvq42hc6whRyY3EFYAvebMqDNDGCgxN5Z'
2025-07-23 13:46:06 - balance_service - ERROR - خطا در استفاده از API جایگزین 8: HTTPSConnectionPool(host='api.tronstation.io', port=443): Max retries exceeded with url: /v1/accounts/TGR3iCY7HHNQeiLLa8N7Mq7dcQo6ybPGf1/tokens (Caused by NameResolutionError("<urllib3.connection.HTTPSConnection object at 0x7fdcd5f96310>: Failed to resolve 'api.tronstation.io' ([Errno -2] Name or service not known)"))
2025-07-23 13:46:06 - balance_service - ERROR - خطا در استفاده از API جایگزین 8: HTTPSConnectionPool(host='api.tronstation.io', port=443): Max retries exceeded with url: /v1/accounts/TGR3iCY7HHNQeiLLa8N7Mq7dcQo6ybPGf1/tokens (Caused by NameResolutionError("<urllib3.connection.HTTPSConnection object at 0x7fdcd5fe03a0>: Failed to resolve 'api.tronstation.io' ([Errno -2] Name or service not known)"))
2025-07-23 13:46:07 - balance_service - ERROR - خطا در استفاده از API جایگزین 8: HTTPSConnectionPool(host='api.tronstation.io', port=443): Max retries exceeded with url: /v1/accounts/TGR3iCY7HHNQeiLLa8N7Mq7dcQo6ybPGf1/tokens (Caused by NameResolutionError("<urllib3.connection.HTTPSConnection object at 0x7fdcd5fb32b0>: Failed to resolve 'api.tronstation.io' ([Errno -2] Name or service not known)"))
2025-07-23 13:46:19 - balance_service - WARNING - No native currency found for blockchain Bitcoin
2025-07-23 13:46:19 - balance_service - WARNING - No native currency found for blockchain Avalanche
2025-07-23 13:46:19 - balance_service - WARNING - No native currency found for blockchain Arbitrum
2025-07-23 13:46:19 - balance_service - WARNING - No native currency found for blockchain Polkadot
2025-07-23 13:46:19 - balance_service - WARNING - خطا در دریافت موجودی TRC20 با API اصلی: 404 - {"timestamp":"2025-07-23T13:46:19.817+00:00","status":404,"error":"Not Found","path":"/v1/accounts/TGR3iCY7HHNQeiLLa8N7Mq7dcQo6ybPGf1/tokens"}
2025-07-23 13:46:20 - balance_service - WARNING - خطا در دریافت موجودی TRC20 با API اصلی: 404 - {"timestamp":"2025-07-23T13:46:20.035+00:00","status":404,"error":"Not Found","path":"/v1/accounts/TGR3iCY7HHNQeiLLa8N7Mq7dcQo6ybPGf1/tokens"}
2025-07-23 13:46:20 - balance_service - WARNING - خطا در دریافت موجودی TRC20 با API اصلی: 404 - {"timestamp":"2025-07-23T13:46:20.498+00:00","status":404,"error":"Not Found","path":"/v1/accounts/TGR3iCY7HHNQeiLLa8N7Mq7dcQo6ybPGf1/tokens"}
2025-07-23 13:46:21 - balance_service - ERROR - Error getting EVM token balance on Avalanche: when sending a str, it must be a hex string. Got: 'FvwEAhmxKfeiG8SnEvq42hc6whRyY3EFYAvebMqDNDGCgxN5Z'
Traceback (most recent call last):
  File "/www/wwwroot/coinceeper.com/CC/services/balance_service.py", line 157, in get_token_balance
    address=Web3.to_checksum_address(contract_address),
  File "/www/wwwroot/coinceeper.com/CC/venv/lib64/python3.9/site-packages/web3/main.py", line 268, in to_checksum_address
    return to_checksum_address(value)
  File "/www/wwwroot/coinceeper.com/CC/venv/lib64/python3.9/site-packages/eth_utils/address.py", line 129, in to_checksum_address
    norm_address = to_normalized_address(value)
  File "/www/wwwroot/coinceeper.com/CC/venv/lib64/python3.9/site-packages/eth_utils/address.py", line 73, in to_normalized_address
    hex_address = hexstr_if_str(to_hex, value).lower()
  File "/www/wwwroot/coinceeper.com/CC/venv/lib64/python3.9/site-packages/eth_utils/conversions.py", line 195, in hexstr_if_str
    raise ValueError(
ValueError: when sending a str, it must be a hex string. Got: 'FvwEAhmxKfeiG8SnEvq42hc6whRyY3EFYAvebMqDNDGCgxN5Z'
2025-07-23 13:46:21 - balance_service - ERROR - خطا در استفاده از API جایگزین 8: HTTPSConnectionPool(host='api.tronstation.io', port=443): Max retries exceeded with url: /v1/accounts/TGR3iCY7HHNQeiLLa8N7Mq7dcQo6ybPGf1/tokens (Caused by NameResolutionError("<urllib3.connection.HTTPSConnection object at 0x7fdcd5f96e20>: Failed to resolve 'api.tronstation.io' ([Errno -2] Name or service not known)"))
2025-07-23 13:46:21 - balance_service - ERROR - خطا در استفاده از API جایگزین 8: HTTPSConnectionPool(host='api.tronstation.io', port=443): Max retries exceeded with url: /v1/accounts/TGR3iCY7HHNQeiLLa8N7Mq7dcQo6ybPGf1/tokens (Caused by NameResolutionError("<urllib3.connection.HTTPSConnection object at 0x7fdcd4ec3cd0>: Failed to resolve 'api.tronstation.io' ([Errno -2] Name or service not known)"))
2025-07-23 13:46:22 - balance_service - ERROR - خطا در استفاده از API جایگزین 8: HTTPSConnectionPool(host='api.tronstation.io', port=443): Max retries exceeded with url: /v1/accounts/TGR3iCY7HHNQeiLLa8N7Mq7dcQo6ybPGf1/tokens (Caused by NameResolutionError("<urllib3.connection.HTTPSConnection object at 0x7fdcd5faa040>: Failed to resolve 'api.tronstation.io' ([Errno -2] Name or service not known)"))
2025-07-23 13:46:22 - balance_service - WARNING - Error getting token decimals, using default 18: 429 Client Error: Too Many Requests for url: https://mainnet.infura.io/v3/a8ab43a04ce044de988a838d92f478a7
2025-07-23 13:46:51 - balance_service - WARNING - No native currency found for blockchain Bitcoin
2025-07-23 13:46:51 - balance_service - WARNING - No native currency found for blockchain Avalanche
2025-07-23 13:46:51 - balance_service - WARNING - No native currency found for blockchain Arbitrum
2025-07-23 13:46:51 - balance_service - WARNING - No native currency found for blockchain Polkadot
2025-07-23 13:46:52 - balance_service - WARNING - خطا در دریافت موجودی TRC20 با API اصلی: 404 - {"timestamp":"2025-07-23T13:46:52.288+00:00","status":404,"error":"Not Found","path":"/v1/accounts/TWxYj1EgkXikRh3SszVUQniB6NcLNKeRfy/tokens"}
2025-07-23 13:46:52 - balance_service - WARNING - خطا در دریافت موجودی TRC20 با API اصلی: 404 - {"timestamp":"2025-07-23T13:46:52.503+00:00","status":404,"error":"Not Found","path":"/v1/accounts/TWxYj1EgkXikRh3SszVUQniB6NcLNKeRfy/tokens"}
2025-07-23 13:46:53 - balance_service - ERROR - خطا در استفاده از API جایگزین 8: HTTPSConnectionPool(host='api.tronstation.io', port=443): Max retries exceeded with url: /v1/accounts/TWxYj1EgkXikRh3SszVUQniB6NcLNKeRfy/tokens (Caused by NameResolutionError("<urllib3.connection.HTTPSConnection object at 0x7fdcd541b520>: Failed to resolve 'api.tronstation.io' ([Errno -2] Name or service not known)"))
2025-07-23 13:46:54 - balance_service - WARNING - خطا در دریافت موجودی TRC20 با API اصلی: 404 - {"timestamp":"2025-07-23T13:46:54.114+00:00","status":404,"error":"Not Found","path":"/v1/accounts/TWxYj1EgkXikRh3SszVUQniB6NcLNKeRfy/tokens"}
2025-07-23 13:46:54 - balance_service - ERROR - Error getting EVM token balance on Avalanche: when sending a str, it must be a hex string. Got: 'FvwEAhmxKfeiG8SnEvq42hc6whRyY3EFYAvebMqDNDGCgxN5Z'
Traceback (most recent call last):
  File "/www/wwwroot/coinceeper.com/CC/services/balance_service.py", line 157, in get_token_balance
    address=Web3.to_checksum_address(contract_address),
  File "/www/wwwroot/coinceeper.com/CC/venv/lib64/python3.9/site-packages/web3/main.py", line 268, in to_checksum_address
    return to_checksum_address(value)
  File "/www/wwwroot/coinceeper.com/CC/venv/lib64/python3.9/site-packages/eth_utils/address.py", line 129, in to_checksum_address
    norm_address = to_normalized_address(value)
  File "/www/wwwroot/coinceeper.com/CC/venv/lib64/python3.9/site-packages/eth_utils/address.py", line 73, in to_normalized_address
    hex_address = hexstr_if_str(to_hex, value).lower()
  File "/www/wwwroot/coinceeper.com/CC/venv/lib64/python3.9/site-packages/eth_utils/conversions.py", line 195, in hexstr_if_str
    raise ValueError(
ValueError: when sending a str, it must be a hex string. Got: 'FvwEAhmxKfeiG8SnEvq42hc6whRyY3EFYAvebMqDNDGCgxN5Z'
2025-07-23 13:46:54 - balance_service - ERROR - خطا در استفاده از API جایگزین 8: HTTPSConnectionPool(host='api.tronstation.io', port=443): Max retries exceeded with url: /v1/accounts/TWxYj1EgkXikRh3SszVUQniB6NcLNKeRfy/tokens (Caused by NameResolutionError("<urllib3.connection.HTTPSConnection object at 0x7fdcd541bcd0>: Failed to resolve 'api.tronstation.io' ([Errno -2] Name or service not known)"))
2025-07-23 13:46:55 - balance_service - ERROR - خطا در استفاده از API جایگزین 8: HTTPSConnectionPool(host='api.tronstation.io', port=443): Max retries exceeded with url: /v1/accounts/TWxYj1EgkXikRh3SszVUQniB6NcLNKeRfy/tokens (Caused by NameResolutionError("<urllib3.connection.HTTPSConnection object at 0x7fdcd5413d30>: Failed to resolve 'api.tronstation.io' ([Errno -2] Name or service not known)"))
2025-07-23 13:47:14 - balance_service - WARNING - No native currency found for blockchain Bitcoin
2025-07-23 13:47:14 - balance_service - WARNING - No native currency found for blockchain Avalanche
2025-07-23 13:47:14 - balance_service - WARNING - No native currency found for blockchain Arbitrum
2025-07-23 13:47:14 - balance_service - WARNING - No native currency found for blockchain Polkadot
2025-07-23 13:47:15 - balance_service - WARNING - خطا در دریافت موجودی TRC20 با API اصلی: 404 - {"timestamp":"2025-07-23T13:47:15.386+00:00","status":404,"error":"Not Found","path":"/v1/accounts/TWxYj1EgkXikRh3SszVUQniB6NcLNKeRfy/tokens"}
2025-07-23 13:47:15 - balance_service - WARNING - خطا در دریافت موجودی TRC20 با API اصلی: 404 - {"timestamp":"2025-07-23T13:47:15.582+00:00","status":404,"error":"Not Found","path":"/v1/accounts/TWxYj1EgkXikRh3SszVUQniB6NcLNKeRfy/tokens"}
2025-07-23 13:47:17 - balance_service - ERROR - خطا در استفاده از API جایگزین 8: HTTPSConnectionPool(host='api.tronstation.io', port=443): Max retries exceeded with url: /v1/accounts/TWxYj1EgkXikRh3SszVUQniB6NcLNKeRfy/tokens (Caused by NameResolutionError("<urllib3.connection.HTTPSConnection object at 0x7fdcd53be6d0>: Failed to resolve 'api.tronstation.io' ([Errno -2] Name or service not known)"))
2025-07-23 13:47:17 - balance_service - WARNING - خطا در دریافت موجودی TRC20 با API اصلی: 404 - {"timestamp":"2025-07-23T13:47:17.093+00:00","status":404,"error":"Not Found","path":"/v1/accounts/TWxYj1EgkXikRh3SszVUQniB6NcLNKeRfy/tokens"}
2025-07-23 13:47:17 - balance_service - ERROR - خطا در استفاده از API جایگزین 8: HTTPSConnectionPool(host='api.tronstation.io', port=443): Max retries exceeded with url: /v1/accounts/TWxYj1EgkXikRh3SszVUQniB6NcLNKeRfy/tokens (Caused by NameResolutionError("<urllib3.connection.HTTPSConnection object at 0x7fdcd53be190>: Failed to resolve 'api.tronstation.io' ([Errno -2] Name or service not known)"))
2025-07-23 13:47:17 - balance_service - ERROR - Error getting EVM token balance on Avalanche: when sending a str, it must be a hex string. Got: 'FvwEAhmxKfeiG8SnEvq42hc6whRyY3EFYAvebMqDNDGCgxN5Z'
Traceback (most recent call last):
  File "/www/wwwroot/coinceeper.com/CC/services/balance_service.py", line 157, in get_token_balance
    address=Web3.to_checksum_address(contract_address),
  File "/www/wwwroot/coinceeper.com/CC/venv/lib64/python3.9/site-packages/web3/main.py", line 268, in to_checksum_address
    return to_checksum_address(value)
  File "/www/wwwroot/coinceeper.com/CC/venv/lib64/python3.9/site-packages/eth_utils/address.py", line 129, in to_checksum_address
    norm_address = to_normalized_address(value)
  File "/www/wwwroot/coinceeper.com/CC/venv/lib64/python3.9/site-packages/eth_utils/address.py", line 73, in to_normalized_address
    hex_address = hexstr_if_str(to_hex, value).lower()
  File "/www/wwwroot/coinceeper.com/CC/venv/lib64/python3.9/site-packages/eth_utils/conversions.py", line 195, in hexstr_if_str
    raise ValueError(
ValueError: when sending a str, it must be a hex string. Got: 'FvwEAhmxKfeiG8SnEvq42hc6whRyY3EFYAvebMqDNDGCgxN5Z'
2025-07-23 13:47:18 - balance_service - WARNING - Error getting token decimals, using default 18: 429 Client Error: Too Many Requests for url: https://mainnet.infura.io/v3/a8ab43a04ce044de988a838d92f478a7
2025-07-23 13:47:18 - balance_service - ERROR - خطا در استفاده از API جایگزین 8: HTTPSConnectionPool(host='api.tronstation.io', port=443): Max retries exceeded with url: /v1/accounts/TWxYj1EgkXikRh3SszVUQniB6NcLNKeRfy/tokens (Caused by NameResolutionError("<urllib3.connection.HTTPSConnection object at 0x7fdcd53fbf40>: Failed to resolve 'api.tronstation.io' ([Errno -2] Name or service not known)"))
2025-07-23 13:50:32 - balance_service - DEBUG - Logger initialized for balance_service at level DEBUG
2025-07-23 13:51:05 - balance_service - DEBUG - Logger initialized for balance_service at level DEBUG
2025-07-23 13:52:47 - balance_service - WARNING - No native currency found for blockchain Bitcoin
2025-07-23 13:52:47 - balance_service - WARNING - No native currency found for blockchain Avalanche
2025-07-23 13:52:47 - balance_service - WARNING - No native currency found for blockchain Arbitrum
2025-07-23 13:52:47 - balance_service - WARNING - No native currency found for blockchain Polkadot
2025-07-23 13:52:48 - balance_service - WARNING - خطا در دریافت موجودی TRC20 با API اصلی: 404 - {"timestamp":"2025-07-23T13:52:48.187+00:00","status":404,"error":"Not Found","path":"/v1/accounts/TWxYj1EgkXikRh3SszVUQniB6NcLNKeRfy/tokens"}
2025-07-23 13:52:48 - balance_service - WARNING - خطا در دریافت موجودی TRC20 با API اصلی: 404 - {"timestamp":"2025-07-23T13:52:48.420+00:00","status":404,"error":"Not Found","path":"/v1/accounts/TWxYj1EgkXikRh3SszVUQniB6NcLNKeRfy/tokens"}
2025-07-23 13:52:48 - balance_service - WARNING - خطا در دریافت موجودی TRC20 با API اصلی: 404 - {"timestamp":"2025-07-23T13:52:48.856+00:00","status":404,"error":"Not Found","path":"/v1/accounts/TWxYj1EgkXikRh3SszVUQniB6NcLNKeRfy/tokens"}
2025-07-23 13:52:49 - balance_service - ERROR - Error getting EVM token balance on Avalanche: when sending a str, it must be a hex string. Got: 'FvwEAhmxKfeiG8SnEvq42hc6whRyY3EFYAvebMqDNDGCgxN5Z'
Traceback (most recent call last):
  File "/www/wwwroot/coinceeper.com/CC/services/balance_service.py", line 157, in get_token_balance
    address=Web3.to_checksum_address(contract_address),
  File "/www/wwwroot/coinceeper.com/CC/venv/lib64/python3.9/site-packages/web3/main.py", line 268, in to_checksum_address
    return to_checksum_address(value)
  File "/www/wwwroot/coinceeper.com/CC/venv/lib64/python3.9/site-packages/eth_utils/address.py", line 129, in to_checksum_address
    norm_address = to_normalized_address(value)
  File "/www/wwwroot/coinceeper.com/CC/venv/lib64/python3.9/site-packages/eth_utils/address.py", line 73, in to_normalized_address
    hex_address = hexstr_if_str(to_hex, value).lower()
  File "/www/wwwroot/coinceeper.com/CC/venv/lib64/python3.9/site-packages/eth_utils/conversions.py", line 195, in hexstr_if_str
    raise ValueError(
ValueError: when sending a str, it must be a hex string. Got: 'FvwEAhmxKfeiG8SnEvq42hc6whRyY3EFYAvebMqDNDGCgxN5Z'
2025-07-23 13:52:49 - balance_service - ERROR - خطا در استفاده از API جایگزین 8: HTTPSConnectionPool(host='api.tronstation.io', port=443): Max retries exceeded with url: /v1/accounts/TWxYj1EgkXikRh3SszVUQniB6NcLNKeRfy/tokens (Caused by NameResolutionError("<urllib3.connection.HTTPSConnection object at 0x7fdcd72269a0>: Failed to resolve 'api.tronstation.io' ([Errno -2] Name or service not known)"))
2025-07-23 13:52:50 - balance_service - ERROR - خطا در استفاده از API جایگزین 8: HTTPSConnectionPool(host='api.tronstation.io', port=443): Max retries exceeded with url: /v1/accounts/TWxYj1EgkXikRh3SszVUQniB6NcLNKeRfy/tokens (Caused by NameResolutionError("<urllib3.connection.HTTPSConnection object at 0x7fdcd40a3f70>: Failed to resolve 'api.tronstation.io' ([Errno -2] Name or service not known)"))
2025-07-23 13:52:50 - balance_service - ERROR - خطا در استفاده از API جایگزین 8: HTTPSConnectionPool(host='api.tronstation.io', port=443): Max retries exceeded with url: /v1/accounts/TWxYj1EgkXikRh3SszVUQniB6NcLNKeRfy/tokens (Caused by NameResolutionError("<urllib3.connection.HTTPSConnection object at 0x7fdcd757b5b0>: Failed to resolve 'api.tronstation.io' ([Errno -2] Name or service not known)"))
2025-07-23 13:55:00 - balance_service - WARNING - No native currency found for blockchain Bitcoin
2025-07-23 13:55:00 - balance_service - WARNING - No native currency found for blockchain Avalanche
2025-07-23 13:55:00 - balance_service - WARNING - No native currency found for blockchain Arbitrum
2025-07-23 13:55:00 - balance_service - WARNING - No native currency found for blockchain Polkadot
2025-07-23 13:55:00 - balance_service - WARNING - خطا در دریافت موجودی TRC20 با API اصلی: 404 - {"timestamp":"2025-07-23T13:55:00.703+00:00","status":404,"error":"Not Found","path":"/v1/accounts/TGR3iCY7HHNQeiLLa8N7Mq7dcQo6ybPGf1/tokens"}
2025-07-23 13:55:01 - balance_service - WARNING - خطا در دریافت موجودی TRC20 با API اصلی: 404 - {"timestamp":"2025-07-23T13:55:00.961+00:00","status":404,"error":"Not Found","path":"/v1/accounts/TGR3iCY7HHNQeiLLa8N7Mq7dcQo6ybPGf1/tokens"}
2025-07-23 13:55:01 - balance_service - ERROR - Error getting EVM token balance on Avalanche: when sending a str, it must be a hex string. Got: 'FvwEAhmxKfeiG8SnEvq42hc6whRyY3EFYAvebMqDNDGCgxN5Z'
Traceback (most recent call last):
  File "/www/wwwroot/coinceeper.com/CC/services/balance_service.py", line 157, in get_token_balance
    address=Web3.to_checksum_address(contract_address),
  File "/www/wwwroot/coinceeper.com/CC/venv/lib64/python3.9/site-packages/web3/main.py", line 268, in to_checksum_address
    return to_checksum_address(value)
  File "/www/wwwroot/coinceeper.com/CC/venv/lib64/python3.9/site-packages/eth_utils/address.py", line 129, in to_checksum_address
    norm_address = to_normalized_address(value)
  File "/www/wwwroot/coinceeper.com/CC/venv/lib64/python3.9/site-packages/eth_utils/address.py", line 73, in to_normalized_address
    hex_address = hexstr_if_str(to_hex, value).lower()
  File "/www/wwwroot/coinceeper.com/CC/venv/lib64/python3.9/site-packages/eth_utils/conversions.py", line 195, in hexstr_if_str
    raise ValueError(
ValueError: when sending a str, it must be a hex string. Got: 'FvwEAhmxKfeiG8SnEvq42hc6whRyY3EFYAvebMqDNDGCgxN5Z'
2025-07-23 13:55:01 - balance_service - WARNING - خطا در دریافت موجودی TRC20 با API اصلی: 404 - {"timestamp":"2025-07-23T13:55:01.478+00:00","status":404,"error":"Not Found","path":"/v1/accounts/TGR3iCY7HHNQeiLLa8N7Mq7dcQo6ybPGf1/tokens"}
2025-07-23 13:55:02 - balance_service - ERROR - خطا در استفاده از API جایگزین 8: HTTPSConnectionPool(host='api.tronstation.io', port=443): Max retries exceeded with url: /v1/accounts/TGR3iCY7HHNQeiLLa8N7Mq7dcQo6ybPGf1/tokens (Caused by NameResolutionError("<urllib3.connection.HTTPSConnection object at 0x7fdcd5e12ac0>: Failed to resolve 'api.tronstation.io' ([Errno -2] Name or service not known)"))
2025-07-23 13:55:02 - balance_service - ERROR - خطا در استفاده از API جایگزین 8: HTTPSConnectionPool(host='api.tronstation.io', port=443): Max retries exceeded with url: /v1/accounts/TGR3iCY7HHNQeiLLa8N7Mq7dcQo6ybPGf1/tokens (Caused by NameResolutionError("<urllib3.connection.HTTPSConnection object at 0x7fdcd5df1cd0>: Failed to resolve 'api.tronstation.io' ([Errno -2] Name or service not known)"))
2025-07-23 13:55:03 - balance_service - ERROR - خطا در استفاده از API جایگزین 8: HTTPSConnectionPool(host='api.tronstation.io', port=443): Max retries exceeded with url: /v1/accounts/TGR3iCY7HHNQeiLLa8N7Mq7dcQo6ybPGf1/tokens (Caused by NameResolutionError("<urllib3.connection.HTTPSConnection object at 0x7fdcd43506d0>: Failed to resolve 'api.tronstation.io' ([Errno -2] Name or service not known)"))
2025-07-23 13:58:06 - balance_service - WARNING - No native currency found for blockchain Bitcoin
2025-07-23 13:58:06 - balance_service - WARNING - No native currency found for blockchain Avalanche
2025-07-23 13:58:06 - balance_service - WARNING - No native currency found for blockchain Arbitrum
2025-07-23 13:58:06 - balance_service - WARNING - No native currency found for blockchain Polkadot
2025-07-23 13:58:07 - balance_service - WARNING - خطا در دریافت موجودی TRC20 با API اصلی: 404 - {"timestamp":"2025-07-23T13:58:07.255+00:00","status":404,"error":"Not Found","path":"/v1/accounts/TGR3iCY7HHNQeiLLa8N7Mq7dcQo6ybPGf1/tokens"}
2025-07-23 13:58:07 - balance_service - WARNING - خطا در دریافت موجودی TRC20 با API اصلی: 404 - {"timestamp":"2025-07-23T13:58:07.482+00:00","status":404,"error":"Not Found","path":"/v1/accounts/TGR3iCY7HHNQeiLLa8N7Mq7dcQo6ybPGf1/tokens"}
2025-07-23 13:58:07 - balance_service - ERROR - Error getting EVM token balance on Avalanche: when sending a str, it must be a hex string. Got: 'FvwEAhmxKfeiG8SnEvq42hc6whRyY3EFYAvebMqDNDGCgxN5Z'
Traceback (most recent call last):
  File "/www/wwwroot/coinceeper.com/CC/services/balance_service.py", line 157, in get_token_balance
    address=Web3.to_checksum_address(contract_address),
  File "/www/wwwroot/coinceeper.com/CC/venv/lib64/python3.9/site-packages/web3/main.py", line 268, in to_checksum_address
    return to_checksum_address(value)
  File "/www/wwwroot/coinceeper.com/CC/venv/lib64/python3.9/site-packages/eth_utils/address.py", line 129, in to_checksum_address
    norm_address = to_normalized_address(value)
  File "/www/wwwroot/coinceeper.com/CC/venv/lib64/python3.9/site-packages/eth_utils/address.py", line 73, in to_normalized_address
    hex_address = hexstr_if_str(to_hex, value).lower()
  File "/www/wwwroot/coinceeper.com/CC/venv/lib64/python3.9/site-packages/eth_utils/conversions.py", line 195, in hexstr_if_str
    raise ValueError(
ValueError: when sending a str, it must be a hex string. Got: 'FvwEAhmxKfeiG8SnEvq42hc6whRyY3EFYAvebMqDNDGCgxN5Z'
2025-07-23 13:58:07 - balance_service - WARNING - خطا در دریافت موجودی TRC20 با API اصلی: 404 - {"timestamp":"2025-07-23T13:58:07.945+00:00","status":404,"error":"Not Found","path":"/v1/accounts/TGR3iCY7HHNQeiLLa8N7Mq7dcQo6ybPGf1/tokens"}
2025-07-23 13:58:08 - balance_service - ERROR - خطا در استفاده از API جایگزین 8: HTTPSConnectionPool(host='api.tronstation.io', port=443): Max retries exceeded with url: /v1/accounts/TGR3iCY7HHNQeiLLa8N7Mq7dcQo6ybPGf1/tokens (Caused by NameResolutionError("<urllib3.connection.HTTPSConnection object at 0x7fdcd429dd60>: Failed to resolve 'api.tronstation.io' ([Errno -2] Name or service not known)"))
2025-07-23 13:58:09 - balance_service - ERROR - خطا در استفاده از API جایگزین 8: HTTPSConnectionPool(host='api.tronstation.io', port=443): Max retries exceeded with url: /v1/accounts/TGR3iCY7HHNQeiLLa8N7Mq7dcQo6ybPGf1/tokens (Caused by NameResolutionError("<urllib3.connection.HTTPSConnection object at 0x7fdcd42c35e0>: Failed to resolve 'api.tronstation.io' ([Errno -2] Name or service not known)"))
2025-07-23 13:58:09 - balance_service - ERROR - خطا در استفاده از API جایگزین 8: HTTPSConnectionPool(host='api.tronstation.io', port=443): Max retries exceeded with url: /v1/accounts/TGR3iCY7HHNQeiLLa8N7Mq7dcQo6ybPGf1/tokens (Caused by NameResolutionError("<urllib3.connection.HTTPSConnection object at 0x7fdcd429d820>: Failed to resolve 'api.tronstation.io' ([Errno -2] Name or service not known)"))
2025-07-23 13:58:23 - balance_service - WARNING - No native currency found for blockchain Bitcoin
2025-07-23 13:58:23 - balance_service - WARNING - No native currency found for blockchain Avalanche
2025-07-23 13:58:23 - balance_service - WARNING - No native currency found for blockchain Arbitrum
2025-07-23 13:58:23 - balance_service - WARNING - No native currency found for blockchain Polkadot
2025-07-23 13:58:24 - balance_service - WARNING - خطا در دریافت موجودی TRC20 با API اصلی: 404 - {"timestamp":"2025-07-23T13:58:24.281+00:00","status":404,"error":"Not Found","path":"/v1/accounts/TWxYj1EgkXikRh3SszVUQniB6NcLNKeRfy/tokens"}
2025-07-23 13:58:24 - balance_service - WARNING - خطا در دریافت موجودی TRC20 با API اصلی: 404 - {"timestamp":"2025-07-23T13:58:24.458+00:00","status":404,"error":"Not Found","path":"/v1/accounts/TWxYj1EgkXikRh3SszVUQniB6NcLNKeRfy/tokens"}
2025-07-23 13:58:25 - balance_service - ERROR - Error getting EVM token balance on Avalanche: when sending a str, it must be a hex string. Got: 'FvwEAhmxKfeiG8SnEvq42hc6whRyY3EFYAvebMqDNDGCgxN5Z'
Traceback (most recent call last):
  File "/www/wwwroot/coinceeper.com/CC/services/balance_service.py", line 157, in get_token_balance
    address=Web3.to_checksum_address(contract_address),
  File "/www/wwwroot/coinceeper.com/CC/venv/lib64/python3.9/site-packages/web3/main.py", line 268, in to_checksum_address
    return to_checksum_address(value)
  File "/www/wwwroot/coinceeper.com/CC/venv/lib64/python3.9/site-packages/eth_utils/address.py", line 129, in to_checksum_address
    norm_address = to_normalized_address(value)
  File "/www/wwwroot/coinceeper.com/CC/venv/lib64/python3.9/site-packages/eth_utils/address.py", line 73, in to_normalized_address
    hex_address = hexstr_if_str(to_hex, value).lower()
  File "/www/wwwroot/coinceeper.com/CC/venv/lib64/python3.9/site-packages/eth_utils/conversions.py", line 195, in hexstr_if_str
    raise ValueError(
ValueError: when sending a str, it must be a hex string. Got: 'FvwEAhmxKfeiG8SnEvq42hc6whRyY3EFYAvebMqDNDGCgxN5Z'
2025-07-23 13:58:25 - balance_service - WARNING - خطا در دریافت موجودی TRC20 با API اصلی: 404 - {"timestamp":"2025-07-23T13:58:25.254+00:00","status":404,"error":"Not Found","path":"/v1/accounts/TWxYj1EgkXikRh3SszVUQniB6NcLNKeRfy/tokens"}
2025-07-23 13:58:25 - balance_service - ERROR - خطا در استفاده از API جایگزین 8: HTTPSConnectionPool(host='api.tronstation.io', port=443): Max retries exceeded with url: /v1/accounts/TWxYj1EgkXikRh3SszVUQniB6NcLNKeRfy/tokens (Caused by NameResolutionError("<urllib3.connection.HTTPSConnection object at 0x7fdcd58f6e20>: Failed to resolve 'api.tronstation.io' ([Errno -2] Name or service not known)"))
2025-07-23 13:58:26 - balance_service - ERROR - خطا در استفاده از API جایگزین 8: HTTPSConnectionPool(host='api.tronstation.io', port=443): Max retries exceeded with url: /v1/accounts/TWxYj1EgkXikRh3SszVUQniB6NcLNKeRfy/tokens (Caused by NameResolutionError("<urllib3.connection.HTTPSConnection object at 0x7fdcd589c070>: Failed to resolve 'api.tronstation.io' ([Errno -2] Name or service not known)"))
2025-07-23 13:58:26 - balance_service - ERROR - خطا در استفاده از API جایگزین 8: HTTPSConnectionPool(host='api.tronstation.io', port=443): Max retries exceeded with url: /v1/accounts/TWxYj1EgkXikRh3SszVUQniB6NcLNKeRfy/tokens (Caused by NameResolutionError("<urllib3.connection.HTTPSConnection object at 0x7fdcd58eddc0>: Failed to resolve 'api.tronstation.io' ([Errno -2] Name or service not known)"))
2025-07-23 14:11:16 - balance_service - WARNING - No native currency found for blockchain Bitcoin
2025-07-23 14:11:16 - balance_service - WARNING - No native currency found for blockchain Avalanche
2025-07-23 14:11:16 - balance_service - WARNING - No native currency found for blockchain Arbitrum
2025-07-23 14:11:16 - balance_service - WARNING - No native currency found for blockchain Polkadot
2025-07-23 14:11:17 - balance_service - WARNING - خطا در دریافت موجودی TRC20 با API اصلی: 404 - {"timestamp":"2025-07-23T14:11:17.076+00:00","status":404,"error":"Not Found","path":"/v1/accounts/TGR3iCY7HHNQeiLLa8N7Mq7dcQo6ybPGf1/tokens"}
2025-07-23 14:11:17 - balance_service - WARNING - خطا در دریافت موجودی TRC20 با API اصلی: 404 - {"timestamp":"2025-07-23T14:11:17.313+00:00","status":404,"error":"Not Found","path":"/v1/accounts/TGR3iCY7HHNQeiLLa8N7Mq7dcQo6ybPGf1/tokens"}
2025-07-23 14:11:17 - balance_service - ERROR - Error getting EVM token balance on Avalanche: when sending a str, it must be a hex string. Got: 'FvwEAhmxKfeiG8SnEvq42hc6whRyY3EFYAvebMqDNDGCgxN5Z'
Traceback (most recent call last):
  File "/www/wwwroot/coinceeper.com/CC/services/balance_service.py", line 157, in get_token_balance
    address=Web3.to_checksum_address(contract_address),
  File "/www/wwwroot/coinceeper.com/CC/venv/lib64/python3.9/site-packages/web3/main.py", line 268, in to_checksum_address
    return to_checksum_address(value)
  File "/www/wwwroot/coinceeper.com/CC/venv/lib64/python3.9/site-packages/eth_utils/address.py", line 129, in to_checksum_address
    norm_address = to_normalized_address(value)
  File "/www/wwwroot/coinceeper.com/CC/venv/lib64/python3.9/site-packages/eth_utils/address.py", line 73, in to_normalized_address
    hex_address = hexstr_if_str(to_hex, value).lower()
  File "/www/wwwroot/coinceeper.com/CC/venv/lib64/python3.9/site-packages/eth_utils/conversions.py", line 195, in hexstr_if_str
    raise ValueError(
ValueError: when sending a str, it must be a hex string. Got: 'FvwEAhmxKfeiG8SnEvq42hc6whRyY3EFYAvebMqDNDGCgxN5Z'
2025-07-23 14:11:18 - balance_service - WARNING - خطا در دریافت موجودی TRC20 با API اصلی: 404 - {"timestamp":"2025-07-23T14:11:17.959+00:00","status":404,"error":"Not Found","path":"/v1/accounts/TGR3iCY7HHNQeiLLa8N7Mq7dcQo6ybPGf1/tokens"}
2025-07-23 14:11:18 - balance_service - ERROR - خطا در استفاده از API جایگزین 8: HTTPSConnectionPool(host='api.tronstation.io', port=443): Max retries exceeded with url: /v1/accounts/TGR3iCY7HHNQeiLLa8N7Mq7dcQo6ybPGf1/tokens (Caused by NameResolutionError("<urllib3.connection.HTTPSConnection object at 0x7fdcd580e370>: Failed to resolve 'api.tronstation.io' ([Errno -2] Name or service not known)"))
2025-07-23 14:11:19 - balance_service - ERROR - خطا در استفاده از API جایگزین 8: HTTPSConnectionPool(host='api.tronstation.io', port=443): Max retries exceeded with url: /v1/accounts/TGR3iCY7HHNQeiLLa8N7Mq7dcQo6ybPGf1/tokens (Caused by NameResolutionError("<urllib3.connection.HTTPSConnection object at 0x7fdcd57671c0>: Failed to resolve 'api.tronstation.io' ([Errno -2] Name or service not known)"))
2025-07-23 14:11:19 - balance_service - ERROR - خطا در استفاده از API جایگزین 8: HTTPSConnectionPool(host='api.tronstation.io', port=443): Max retries exceeded with url: /v1/accounts/TGR3iCY7HHNQeiLLa8N7Mq7dcQo6ybPGf1/tokens (Caused by NameResolutionError("<urllib3.connection.HTTPSConnection object at 0x7fdcd57e57c0>: Failed to resolve 'api.tronstation.io' ([Errno -2] Name or service not known)"))
2025-07-23 14:11:49 - balance_service - WARNING - No native currency found for blockchain Bitcoin
2025-07-23 14:11:49 - balance_service - WARNING - No native currency found for blockchain Avalanche
2025-07-23 14:11:49 - balance_service - WARNING - No native currency found for blockchain Arbitrum
2025-07-23 14:11:49 - balance_service - WARNING - No native currency found for blockchain Polkadot
2025-07-23 14:11:50 - balance_service - WARNING - خطا در دریافت موجودی TRC20 با API اصلی: 404 - {"timestamp":"2025-07-23T14:11:50.355+00:00","status":404,"error":"Not Found","path":"/v1/accounts/TWxYj1EgkXikRh3SszVUQniB6NcLNKeRfy/tokens"}
2025-07-23 14:11:50 - balance_service - WARNING - خطا در دریافت موجودی TRC20 با API اصلی: 404 - {"timestamp":"2025-07-23T14:11:50.542+00:00","status":404,"error":"Not Found","path":"/v1/accounts/TWxYj1EgkXikRh3SszVUQniB6NcLNKeRfy/tokens"}
2025-07-23 14:11:51 - balance_service - ERROR - Error getting EVM token balance on Avalanche: when sending a str, it must be a hex string. Got: 'FvwEAhmxKfeiG8SnEvq42hc6whRyY3EFYAvebMqDNDGCgxN5Z'
Traceback (most recent call last):
  File "/www/wwwroot/coinceeper.com/CC/services/balance_service.py", line 157, in get_token_balance
    address=Web3.to_checksum_address(contract_address),
  File "/www/wwwroot/coinceeper.com/CC/venv/lib64/python3.9/site-packages/web3/main.py", line 268, in to_checksum_address
    return to_checksum_address(value)
  File "/www/wwwroot/coinceeper.com/CC/venv/lib64/python3.9/site-packages/eth_utils/address.py", line 129, in to_checksum_address
    norm_address = to_normalized_address(value)
  File "/www/wwwroot/coinceeper.com/CC/venv/lib64/python3.9/site-packages/eth_utils/address.py", line 73, in to_normalized_address
    hex_address = hexstr_if_str(to_hex, value).lower()
  File "/www/wwwroot/coinceeper.com/CC/venv/lib64/python3.9/site-packages/eth_utils/conversions.py", line 195, in hexstr_if_str
    raise ValueError(
ValueError: when sending a str, it must be a hex string. Got: 'FvwEAhmxKfeiG8SnEvq42hc6whRyY3EFYAvebMqDNDGCgxN5Z'
2025-07-23 14:11:51 - balance_service - WARNING - خطا در دریافت موجودی TRC20 با API اصلی: 404 - {"timestamp":"2025-07-23T14:11:51.134+00:00","status":404,"error":"Not Found","path":"/v1/accounts/TWxYj1EgkXikRh3SszVUQniB6NcLNKeRfy/tokens"}
2025-07-23 14:11:51 - balance_service - ERROR - خطا در استفاده از API جایگزین 8: HTTPSConnectionPool(host='api.tronstation.io', port=443): Max retries exceeded with url: /v1/accounts/TWxYj1EgkXikRh3SszVUQniB6NcLNKeRfy/tokens (Caused by NameResolutionError("<urllib3.connection.HTTPSConnection object at 0x7fdcd716fa60>: Failed to resolve 'api.tronstation.io' ([Errno -2] Name or service not known)"))
2025-07-23 14:11:52 - balance_service - ERROR - خطا در استفاده از API جایگزین 8: HTTPSConnectionPool(host='api.tronstation.io', port=443): Max retries exceeded with url: /v1/accounts/TWxYj1EgkXikRh3SszVUQniB6NcLNKeRfy/tokens (Caused by NameResolutionError("<urllib3.connection.HTTPSConnection object at 0x7fdcd5dfa6d0>: Failed to resolve 'api.tronstation.io' ([Errno -2] Name or service not known)"))
2025-07-23 14:11:52 - balance_service - ERROR - خطا در استفاده از API جایگزین 8: HTTPSConnectionPool(host='api.tronstation.io', port=443): Max retries exceeded with url: /v1/accounts/TWxYj1EgkXikRh3SszVUQniB6NcLNKeRfy/tokens (Caused by NameResolutionError("<urllib3.connection.HTTPSConnection object at 0x7fdcd7109cd0>: Failed to resolve 'api.tronstation.io' ([Errno -2] Name or service not known)"))
2025-07-23 14:14:46 - balance_service - DEBUG - Logger initialized for balance_service at level DEBUG
2025-07-23 15:26:55 - balance_service - WARNING - No native currency found for blockchain Bitcoin
2025-07-23 15:26:55 - balance_service - WARNING - No native currency found for blockchain Avalanche
2025-07-23 15:26:55 - balance_service - WARNING - No native currency found for blockchain Arbitrum
2025-07-23 15:26:55 - balance_service - WARNING - No native currency found for blockchain Polkadot
2025-07-23 15:26:55 - balance_service - WARNING - خطا در دریافت موجودی TRC20 با API اصلی: 404 - {"timestamp":"2025-07-23T15:26:55.940+00:00","status":404,"error":"Not Found","path":"/v1/accounts/TWxYj1EgkXikRh3SszVUQniB6NcLNKeRfy/tokens"}
2025-07-23 15:26:56 - balance_service - WARNING - خطا در دریافت موجودی TRC20 با API اصلی: 404 - {"timestamp":"2025-07-23T15:26:56.182+00:00","status":404,"error":"Not Found","path":"/v1/accounts/TWxYj1EgkXikRh3SszVUQniB6NcLNKeRfy/tokens"}
2025-07-23 15:26:56 - balance_service - ERROR - Error getting EVM token balance on Avalanche: when sending a str, it must be a hex string. Got: 'FvwEAhmxKfeiG8SnEvq42hc6whRyY3EFYAvebMqDNDGCgxN5Z'
Traceback (most recent call last):
  File "/www/wwwroot/coinceeper.com/CC/services/balance_service.py", line 157, in get_token_balance
    address=Web3.to_checksum_address(contract_address),
  File "/www/wwwroot/coinceeper.com/CC/venv/lib64/python3.9/site-packages/web3/main.py", line 268, in to_checksum_address
    return to_checksum_address(value)
  File "/www/wwwroot/coinceeper.com/CC/venv/lib64/python3.9/site-packages/eth_utils/address.py", line 129, in to_checksum_address
    norm_address = to_normalized_address(value)
  File "/www/wwwroot/coinceeper.com/CC/venv/lib64/python3.9/site-packages/eth_utils/address.py", line 73, in to_normalized_address
    hex_address = hexstr_if_str(to_hex, value).lower()
  File "/www/wwwroot/coinceeper.com/CC/venv/lib64/python3.9/site-packages/eth_utils/conversions.py", line 195, in hexstr_if_str
    raise ValueError(
ValueError: when sending a str, it must be a hex string. Got: 'FvwEAhmxKfeiG8SnEvq42hc6whRyY3EFYAvebMqDNDGCgxN5Z'
2025-07-23 15:26:56 - balance_service - WARNING - خطا در دریافت موجودی TRC20 با API اصلی: 404 - {"timestamp":"2025-07-23T15:26:56.871+00:00","status":404,"error":"Not Found","path":"/v1/accounts/TWxYj1EgkXikRh3SszVUQniB6NcLNKeRfy/tokens"}
2025-07-23 15:26:57 - balance_service - ERROR - خطا در استفاده از API جایگزین 8: HTTPSConnectionPool(host='api.tronstation.io', port=443): Max retries exceeded with url: /v1/accounts/TWxYj1EgkXikRh3SszVUQniB6NcLNKeRfy/tokens (Caused by NameResolutionError("<urllib3.connection.HTTPSConnection object at 0x7fdcd5c2d430>: Failed to resolve 'api.tronstation.io' ([Errno -2] Name or service not known)"))
2025-07-23 15:26:57 - balance_service - ERROR - خطا در استفاده از API جایگزین 8: HTTPSConnectionPool(host='api.tronstation.io', port=443): Max retries exceeded with url: /v1/accounts/TWxYj1EgkXikRh3SszVUQniB6NcLNKeRfy/tokens (Caused by NameResolutionError("<urllib3.connection.HTTPSConnection object at 0x7fdcd5c6bca0>: Failed to resolve 'api.tronstation.io' ([Errno -2] Name or service not known)"))
2025-07-23 15:26:58 - balance_service - ERROR - خطا در استفاده از API جایگزین 8: HTTPSConnectionPool(host='api.tronstation.io', port=443): Max retries exceeded with url: /v1/accounts/TWxYj1EgkXikRh3SszVUQniB6NcLNKeRfy/tokens (Caused by NameResolutionError("<urllib3.connection.HTTPSConnection object at 0x7fdcd5c7a280>: Failed to resolve 'api.tronstation.io' ([Errno -2] Name or service not known)"))
2025-07-23 15:30:02 - balance_service - WARNING - No native currency found for blockchain Bitcoin
2025-07-23 15:30:02 - balance_service - WARNING - No native currency found for blockchain Avalanche
2025-07-23 15:30:02 - balance_service - WARNING - No native currency found for blockchain Arbitrum
2025-07-23 15:30:02 - balance_service - WARNING - No native currency found for blockchain Polkadot
2025-07-23 15:30:03 - balance_service - WARNING - خطا در دریافت موجودی TRC20 با API اصلی: 404 - {"timestamp":"2025-07-23T15:30:02.997+00:00","status":404,"error":"Not Found","path":"/v1/accounts/TGR3iCY7HHNQeiLLa8N7Mq7dcQo6ybPGf1/tokens"}
2025-07-23 15:30:03 - balance_service - WARNING - خطا در دریافت موجودی TRC20 با API اصلی: 404 - {"timestamp":"2025-07-23T15:30:03.252+00:00","status":404,"error":"Not Found","path":"/v1/accounts/TGR3iCY7HHNQeiLLa8N7Mq7dcQo6ybPGf1/tokens"}
2025-07-23 15:30:03 - balance_service - WARNING - خطا در دریافت موجودی TRC20 با API اصلی: 404 - {"timestamp":"2025-07-23T15:30:03.685+00:00","status":404,"error":"Not Found","path":"/v1/accounts/TGR3iCY7HHNQeiLLa8N7Mq7dcQo6ybPGf1/tokens"}
2025-07-23 15:30:03 - balance_service - ERROR - Error getting EVM token balance on Avalanche: when sending a str, it must be a hex string. Got: 'FvwEAhmxKfeiG8SnEvq42hc6whRyY3EFYAvebMqDNDGCgxN5Z'
Traceback (most recent call last):
  File "/www/wwwroot/coinceeper.com/CC/services/balance_service.py", line 157, in get_token_balance
    address=Web3.to_checksum_address(contract_address),
  File "/www/wwwroot/coinceeper.com/CC/venv/lib64/python3.9/site-packages/web3/main.py", line 268, in to_checksum_address
    return to_checksum_address(value)
  File "/www/wwwroot/coinceeper.com/CC/venv/lib64/python3.9/site-packages/eth_utils/address.py", line 129, in to_checksum_address
    norm_address = to_normalized_address(value)
  File "/www/wwwroot/coinceeper.com/CC/venv/lib64/python3.9/site-packages/eth_utils/address.py", line 73, in to_normalized_address
    hex_address = hexstr_if_str(to_hex, value).lower()
  File "/www/wwwroot/coinceeper.com/CC/venv/lib64/python3.9/site-packages/eth_utils/conversions.py", line 195, in hexstr_if_str
    raise ValueError(
ValueError: when sending a str, it must be a hex string. Got: 'FvwEAhmxKfeiG8SnEvq42hc6whRyY3EFYAvebMqDNDGCgxN5Z'
2025-07-23 15:30:04 - balance_service - ERROR - خطا در استفاده از API جایگزین 8: HTTPSConnectionPool(host='api.tronstation.io', port=443): Max retries exceeded with url: /v1/accounts/TGR3iCY7HHNQeiLLa8N7Mq7dcQo6ybPGf1/tokens (Caused by NameResolutionError("<urllib3.connection.HTTPSConnection object at 0x7fdcd5ac29d0>: Failed to resolve 'api.tronstation.io' ([Errno -2] Name or service not known)"))
2025-07-23 15:30:05 - balance_service - ERROR - خطا در استفاده از API جایگزین 8: HTTPSConnectionPool(host='api.tronstation.io', port=443): Max retries exceeded with url: /v1/accounts/TGR3iCY7HHNQeiLLa8N7Mq7dcQo6ybPGf1/tokens (Caused by NameResolutionError("<urllib3.connection.HTTPSConnection object at 0x7fdcd5bb2850>: Failed to resolve 'api.tronstation.io' ([Errno -2] Name or service not known)"))
2025-07-23 15:30:05 - balance_service - ERROR - خطا در استفاده از API جایگزین 8: HTTPSConnectionPool(host='api.tronstation.io', port=443): Max retries exceeded with url: /v1/accounts/TGR3iCY7HHNQeiLLa8N7Mq7dcQo6ybPGf1/tokens (Caused by NameResolutionError("<urllib3.connection.HTTPSConnection object at 0x7fdcd5c744c0>: Failed to resolve 'api.tronstation.io' ([Errno -2] Name or service not known)"))
2025-07-23 15:30:10 - balance_service - ERROR - Error updating balance for user 571a6ce6-3408-4434-a674-d81c7ab02b0d: (mysql.connector.errors.OperationalError) MySQL Connection not available.
[SQL: DELETE FROM userholding WHERE userholding.`UserID` = %(UserID_1)s]
[parameters: [{}]]
(Background on this error at: https://sqlalche.me/e/20/e3q8)
Traceback (most recent call last):
  File "/www/wwwroot/coinceeper.com/CC/venv/lib64/python3.9/site-packages/sqlalchemy/engine/base.py", line 1811, in _execute_context
    context = constructor(
  File "/www/wwwroot/coinceeper.com/CC/venv/lib64/python3.9/site-packages/sqlalchemy/engine/default.py", line 1427, in _init_compiled
    self.cursor = self.create_cursor()
  File "/www/wwwroot/coinceeper.com/CC/venv/lib64/python3.9/site-packages/sqlalchemy/engine/default.py", line 1766, in create_cursor
    return self.create_default_cursor()
  File "/www/wwwroot/coinceeper.com/CC/venv/lib64/python3.9/site-packages/sqlalchemy/dialects/mysql/mysqlconnector.py", line 67, in create_default_cursor
    return self._dbapi_connection.cursor(buffered=True)
  File "/www/wwwroot/coinceeper.com/CC/venv/lib64/python3.9/site-packages/sqlalchemy/pool/base.py", line 1486, in cursor
    return self.dbapi_connection.cursor(*args, **kwargs)
  File "/www/wwwroot/coinceeper.com/CC/venv/lib64/python3.9/site-packages/mysql/connector/connection_cext.py", line 841, in cursor
    raise OperationalError("MySQL Connection not available.")
mysql.connector.errors.OperationalError: MySQL Connection not available.

The above exception was the direct cause of the following exception:

Traceback (most recent call last):
  File "/www/wwwroot/coinceeper.com/CC/services/balance_service.py", line 1262, in _update_user_balance
    deleted = self.session.query(UserHolding).filter(UserHolding.UserID == user_id).delete()
  File "/www/wwwroot/coinceeper.com/CC/venv/lib64/python3.9/site-packages/sqlalchemy/orm/query.py", line 3208, in delete
    result: CursorResult[Any] = self.session.execute(
  File "/www/wwwroot/coinceeper.com/CC/venv/lib64/python3.9/site-packages/sqlalchemy/orm/session.py", line 2365, in execute
    return self._execute_internal(
  File "/www/wwwroot/coinceeper.com/CC/venv/lib64/python3.9/site-packages/sqlalchemy/orm/session.py", line 2251, in _execute_internal
    result: Result[Any] = compile_state_cls.orm_execute_statement(
  File "/www/wwwroot/coinceeper.com/CC/venv/lib64/python3.9/site-packages/sqlalchemy/orm/bulk_persistence.py", line 2021, in orm_execute_statement
    return super().orm_execute_statement(
  File "/www/wwwroot/coinceeper.com/CC/venv/lib64/python3.9/site-packages/sqlalchemy/orm/context.py", line 306, in orm_execute_statement
    result = conn.execute(
  File "/www/wwwroot/coinceeper.com/CC/venv/lib64/python3.9/site-packages/sqlalchemy/engine/base.py", line 1415, in execute
    return meth(
  File "/www/wwwroot/coinceeper.com/CC/venv/lib64/python3.9/site-packages/sqlalchemy/sql/elements.py", line 523, in _execute_on_connection
    return connection._execute_clauseelement(
  File "/www/wwwroot/coinceeper.com/CC/venv/lib64/python3.9/site-packages/sqlalchemy/engine/base.py", line 1637, in _execute_clauseelement
    ret = self._execute_context(
  File "/www/wwwroot/coinceeper.com/CC/venv/lib64/python3.9/site-packages/sqlalchemy/engine/base.py", line 1817, in _execute_context
    self._handle_dbapi_exception(
  File "/www/wwwroot/coinceeper.com/CC/venv/lib64/python3.9/site-packages/sqlalchemy/engine/base.py", line 2351, in _handle_dbapi_exception
    raise sqlalchemy_exception.with_traceback(exc_info[2]) from e
  File "/www/wwwroot/coinceeper.com/CC/venv/lib64/python3.9/site-packages/sqlalchemy/engine/base.py", line 1811, in _execute_context
    context = constructor(
  File "/www/wwwroot/coinceeper.com/CC/venv/lib64/python3.9/site-packages/sqlalchemy/engine/default.py", line 1427, in _init_compiled
    self.cursor = self.create_cursor()
  File "/www/wwwroot/coinceeper.com/CC/venv/lib64/python3.9/site-packages/sqlalchemy/engine/default.py", line 1766, in create_cursor
    return self.create_default_cursor()
  File "/www/wwwroot/coinceeper.com/CC/venv/lib64/python3.9/site-packages/sqlalchemy/dialects/mysql/mysqlconnector.py", line 67, in create_default_cursor
    return self._dbapi_connection.cursor(buffered=True)
  File "/www/wwwroot/coinceeper.com/CC/venv/lib64/python3.9/site-packages/sqlalchemy/pool/base.py", line 1486, in cursor
    return self.dbapi_connection.cursor(*args, **kwargs)
  File "/www/wwwroot/coinceeper.com/CC/venv/lib64/python3.9/site-packages/mysql/connector/connection_cext.py", line 841, in cursor
    raise OperationalError("MySQL Connection not available.")
sqlalchemy.exc.OperationalError: (mysql.connector.errors.OperationalError) MySQL Connection not available.
[SQL: DELETE FROM userholding WHERE userholding.`UserID` = %(UserID_1)s]
[parameters: [{}]]
(Background on this error at: https://sqlalche.me/e/20/e3q8)
2025-07-23 15:34:06 - balance_service - WARNING - No native currency found for blockchain Bitcoin
2025-07-23 15:34:06 - balance_service - WARNING - No native currency found for blockchain Avalanche
2025-07-23 15:34:06 - balance_service - WARNING - No native currency found for blockchain Arbitrum
2025-07-23 15:34:06 - balance_service - WARNING - No native currency found for blockchain Polkadot
2025-07-23 15:34:07 - balance_service - WARNING - خطا در دریافت موجودی TRC20 با API اصلی: 404 - {"timestamp":"2025-07-23T15:34:07.084+00:00","status":404,"error":"Not Found","path":"/v1/accounts/TWxYj1EgkXikRh3SszVUQniB6NcLNKeRfy/tokens"}
2025-07-23 15:34:07 - balance_service - WARNING - خطا در دریافت موجودی TRC20 با API اصلی: 404 - {"timestamp":"2025-07-23T15:34:07.280+00:00","status":404,"error":"Not Found","path":"/v1/accounts/TWxYj1EgkXikRh3SszVUQniB6NcLNKeRfy/tokens"}
2025-07-23 15:34:07 - balance_service - ERROR - Error getting EVM token balance on Avalanche: when sending a str, it must be a hex string. Got: 'FvwEAhmxKfeiG8SnEvq42hc6whRyY3EFYAvebMqDNDGCgxN5Z'
Traceback (most recent call last):
  File "/www/wwwroot/coinceeper.com/CC/services/balance_service.py", line 157, in get_token_balance
    address=Web3.to_checksum_address(contract_address),
  File "/www/wwwroot/coinceeper.com/CC/venv/lib64/python3.9/site-packages/web3/main.py", line 268, in to_checksum_address
    return to_checksum_address(value)
  File "/www/wwwroot/coinceeper.com/CC/venv/lib64/python3.9/site-packages/eth_utils/address.py", line 129, in to_checksum_address
    norm_address = to_normalized_address(value)
  File "/www/wwwroot/coinceeper.com/CC/venv/lib64/python3.9/site-packages/eth_utils/address.py", line 73, in to_normalized_address
    hex_address = hexstr_if_str(to_hex, value).lower()
  File "/www/wwwroot/coinceeper.com/CC/venv/lib64/python3.9/site-packages/eth_utils/conversions.py", line 195, in hexstr_if_str
    raise ValueError(
ValueError: when sending a str, it must be a hex string. Got: 'FvwEAhmxKfeiG8SnEvq42hc6whRyY3EFYAvebMqDNDGCgxN5Z'
2025-07-23 15:34:07 - balance_service - WARNING - خطا در دریافت موجودی TRC20 با API اصلی: 404 - {"timestamp":"2025-07-23T15:34:07.930+00:00","status":404,"error":"Not Found","path":"/v1/accounts/TWxYj1EgkXikRh3SszVUQniB6NcLNKeRfy/tokens"}
2025-07-23 15:34:08 - balance_service - ERROR - خطا در استفاده از API جایگزین 8: HTTPSConnectionPool(host='api.tronstation.io', port=443): Max retries exceeded with url: /v1/accounts/TWxYj1EgkXikRh3SszVUQniB6NcLNKeRfy/tokens (Caused by NameResolutionError("<urllib3.connection.HTTPSConnection object at 0x7fdcd512f550>: Failed to resolve 'api.tronstation.io' ([Errno -2] Name or service not known)"))
2025-07-23 15:34:09 - balance_service - ERROR - خطا در استفاده از API جایگزین 8: HTTPSConnectionPool(host='api.tronstation.io', port=443): Max retries exceeded with url: /v1/accounts/TWxYj1EgkXikRh3SszVUQniB6NcLNKeRfy/tokens (Caused by NameResolutionError("<urllib3.connection.HTTPSConnection object at 0x7fdcd434c460>: Failed to resolve 'api.tronstation.io' ([Errno -2] Name or service not known)"))
2025-07-23 15:34:09 - balance_service - ERROR - خطا در استفاده از API جایگزین 8: HTTPSConnectionPool(host='api.tronstation.io', port=443): Max retries exceeded with url: /v1/accounts/TWxYj1EgkXikRh3SszVUQniB6NcLNKeRfy/tokens (Caused by NameResolutionError("<urllib3.connection.HTTPSConnection object at 0x7fdcd5bd2fa0>: Failed to resolve 'api.tronstation.io' ([Errno -2] Name or service not known)"))
2025-07-23 15:34:22 - balance_service - WARNING - No native currency found for blockchain Bitcoin
2025-07-23 15:34:22 - balance_service - WARNING - No native currency found for blockchain Avalanche
2025-07-23 15:34:22 - balance_service - WARNING - No native currency found for blockchain Arbitrum
2025-07-23 15:34:22 - balance_service - WARNING - No native currency found for blockchain Polkadot
2025-07-23 15:34:23 - balance_service - WARNING - خطا در دریافت موجودی TRC20 با API اصلی: 404 - {"timestamp":"2025-07-23T15:34:23.155+00:00","status":404,"error":"Not Found","path":"/v1/accounts/TGR3iCY7HHNQeiLLa8N7Mq7dcQo6ybPGf1/tokens"}
2025-07-23 15:34:23 - balance_service - WARNING - خطا در دریافت موجودی TRC20 با API اصلی: 404 - {"timestamp":"2025-07-23T15:34:23.343+00:00","status":404,"error":"Not Found","path":"/v1/accounts/TGR3iCY7HHNQeiLLa8N7Mq7dcQo6ybPGf1/tokens"}
2025-07-23 15:34:24 - balance_service - WARNING - خطا در دریافت موجودی TRC20 با API اصلی: 404 - {"timestamp":"2025-07-23T15:34:23.970+00:00","status":404,"error":"Not Found","path":"/v1/accounts/TGR3iCY7HHNQeiLLa8N7Mq7dcQo6ybPGf1/tokens"}
2025-07-23 15:34:24 - balance_service - ERROR - Error getting EVM token balance on Avalanche: when sending a str, it must be a hex string. Got: 'FvwEAhmxKfeiG8SnEvq42hc6whRyY3EFYAvebMqDNDGCgxN5Z'
Traceback (most recent call last):
  File "/www/wwwroot/coinceeper.com/CC/services/balance_service.py", line 157, in get_token_balance
    address=Web3.to_checksum_address(contract_address),
  File "/www/wwwroot/coinceeper.com/CC/venv/lib64/python3.9/site-packages/web3/main.py", line 268, in to_checksum_address
    return to_checksum_address(value)
  File "/www/wwwroot/coinceeper.com/CC/venv/lib64/python3.9/site-packages/eth_utils/address.py", line 129, in to_checksum_address
    norm_address = to_normalized_address(value)
  File "/www/wwwroot/coinceeper.com/CC/venv/lib64/python3.9/site-packages/eth_utils/address.py", line 73, in to_normalized_address
    hex_address = hexstr_if_str(to_hex, value).lower()
  File "/www/wwwroot/coinceeper.com/CC/venv/lib64/python3.9/site-packages/eth_utils/conversions.py", line 195, in hexstr_if_str
    raise ValueError(
ValueError: when sending a str, it must be a hex string. Got: 'FvwEAhmxKfeiG8SnEvq42hc6whRyY3EFYAvebMqDNDGCgxN5Z'
2025-07-23 15:34:24 - balance_service - ERROR - خطا در استفاده از API جایگزین 8: HTTPSConnectionPool(host='api.tronstation.io', port=443): Max retries exceeded with url: /v1/accounts/TGR3iCY7HHNQeiLLa8N7Mq7dcQo6ybPGf1/tokens (Caused by NameResolutionError("<urllib3.connection.HTTPSConnection object at 0x7fdcd5803c10>: Failed to resolve 'api.tronstation.io' ([Errno -2] Name or service not known)"))
2025-07-23 15:34:25 - balance_service - ERROR - خطا در استفاده از API جایگزین 8: HTTPSConnectionPool(host='api.tronstation.io', port=443): Max retries exceeded with url: /v1/accounts/TGR3iCY7HHNQeiLLa8N7Mq7dcQo6ybPGf1/tokens (Caused by NameResolutionError("<urllib3.connection.HTTPSConnection object at 0x7fdcd47ac1f0>: Failed to resolve 'api.tronstation.io' ([Errno -2] Name or service not known)"))
2025-07-23 15:34:25 - balance_service - ERROR - خطا در استفاده از API جایگزین 8: HTTPSConnectionPool(host='api.tronstation.io', port=443): Max retries exceeded with url: /v1/accounts/TGR3iCY7HHNQeiLLa8N7Mq7dcQo6ybPGf1/tokens (Caused by NameResolutionError("<urllib3.connection.HTTPSConnection object at 0x7fdcd478a9a0>: Failed to resolve 'api.tronstation.io' ([Errno -2] Name or service not known)"))
2025-07-23 15:35:00 - balance_service - WARNING - No native currency found for blockchain Bitcoin
2025-07-23 15:35:00 - balance_service - WARNING - No native currency found for blockchain Avalanche
2025-07-23 15:35:00 - balance_service - WARNING - No native currency found for blockchain Arbitrum
2025-07-23 15:35:00 - balance_service - WARNING - No native currency found for blockchain Polkadot
2025-07-23 15:35:01 - balance_service - WARNING - خطا در دریافت موجودی TRC20 با API اصلی: 404 - {"timestamp":"2025-07-23T15:35:01.246+00:00","status":404,"error":"Not Found","path":"/v1/accounts/TWxYj1EgkXikRh3SszVUQniB6NcLNKeRfy/tokens"}
2025-07-23 15:35:01 - balance_service - WARNING - خطا در دریافت موجودی TRC20 با API اصلی: 404 - {"timestamp":"2025-07-23T15:35:01.458+00:00","status":404,"error":"Not Found","path":"/v1/accounts/TWxYj1EgkXikRh3SszVUQniB6NcLNKeRfy/tokens"}
2025-07-23 15:35:02 - balance_service - ERROR - Error getting EVM token balance on Avalanche: when sending a str, it must be a hex string. Got: 'FvwEAhmxKfeiG8SnEvq42hc6whRyY3EFYAvebMqDNDGCgxN5Z'
Traceback (most recent call last):
  File "/www/wwwroot/coinceeper.com/CC/services/balance_service.py", line 157, in get_token_balance
    address=Web3.to_checksum_address(contract_address),
  File "/www/wwwroot/coinceeper.com/CC/venv/lib64/python3.9/site-packages/web3/main.py", line 268, in to_checksum_address
    return to_checksum_address(value)
  File "/www/wwwroot/coinceeper.com/CC/venv/lib64/python3.9/site-packages/eth_utils/address.py", line 129, in to_checksum_address
    norm_address = to_normalized_address(value)
  File "/www/wwwroot/coinceeper.com/CC/venv/lib64/python3.9/site-packages/eth_utils/address.py", line 73, in to_normalized_address
    hex_address = hexstr_if_str(to_hex, value).lower()
  File "/www/wwwroot/coinceeper.com/CC/venv/lib64/python3.9/site-packages/eth_utils/conversions.py", line 195, in hexstr_if_str
    raise ValueError(
ValueError: when sending a str, it must be a hex string. Got: 'FvwEAhmxKfeiG8SnEvq42hc6whRyY3EFYAvebMqDNDGCgxN5Z'
2025-07-23 15:35:02 - balance_service - WARNING - خطا در دریافت موجودی TRC20 با API اصلی: 404 - {"timestamp":"2025-07-23T15:35:02.270+00:00","status":404,"error":"Not Found","path":"/v1/accounts/TWxYj1EgkXikRh3SszVUQniB6NcLNKeRfy/tokens"}
2025-07-23 15:35:02 - balance_service - ERROR - خطا در استفاده از API جایگزین 8: HTTPSConnectionPool(host='api.tronstation.io', port=443): Max retries exceeded with url: /v1/accounts/TWxYj1EgkXikRh3SszVUQniB6NcLNKeRfy/tokens (Caused by NameResolutionError("<urllib3.connection.HTTPSConnection object at 0x7fdcd5112cd0>: Failed to resolve 'api.tronstation.io' ([Errno -2] Name or service not known)"))
2025-07-23 15:35:03 - balance_service - ERROR - خطا در استفاده از API جایگزین 8: HTTPSConnectionPool(host='api.tronstation.io', port=443): Max retries exceeded with url: /v1/accounts/TWxYj1EgkXikRh3SszVUQniB6NcLNKeRfy/tokens (Caused by NameResolutionError("<urllib3.connection.HTTPSConnection object at 0x7fdcd5b7e700>: Failed to resolve 'api.tronstation.io' ([Errno -2] Name or service not known)"))
2025-07-23 15:35:04 - balance_service - ERROR - خطا در استفاده از API جایگزین 8: HTTPSConnectionPool(host='api.tronstation.io', port=443): Max retries exceeded with url: /v1/accounts/TWxYj1EgkXikRh3SszVUQniB6NcLNKeRfy/tokens (Caused by NameResolutionError("<urllib3.connection.HTTPSConnection object at 0x7fdcd43354f0>: Failed to resolve 'api.tronstation.io' ([Errno -2] Name or service not known)"))
2025-07-23 15:35:15 - balance_service - WARNING - No native currency found for blockchain Bitcoin
2025-07-23 15:35:15 - balance_service - WARNING - No native currency found for blockchain Avalanche
2025-07-23 15:35:15 - balance_service - WARNING - No native currency found for blockchain Arbitrum
2025-07-23 15:35:15 - balance_service - WARNING - No native currency found for blockchain Polkadot
2025-07-23 15:35:16 - balance_service - WARNING - خطا در دریافت موجودی TRC20 با API اصلی: 404 - {"timestamp":"2025-07-23T15:35:16.035+00:00","status":404,"error":"Not Found","path":"/v1/accounts/TGR3iCY7HHNQeiLLa8N7Mq7dcQo6ybPGf1/tokens"}
2025-07-23 15:35:16 - balance_service - WARNING - خطا در دریافت موجودی TRC20 با API اصلی: 404 - {"timestamp":"2025-07-23T15:35:16.209+00:00","status":404,"error":"Not Found","path":"/v1/accounts/TGR3iCY7HHNQeiLLa8N7Mq7dcQo6ybPGf1/tokens"}
2025-07-23 15:35:16 - balance_service - WARNING - خطا در دریافت موجودی TRC20 با API اصلی: 404 - {"timestamp":"2025-07-23T15:35:16.859+00:00","status":404,"error":"Not Found","path":"/v1/accounts/TGR3iCY7HHNQeiLLa8N7Mq7dcQo6ybPGf1/tokens"}
2025-07-23 15:35:16 - balance_service - ERROR - Error getting EVM token balance on Avalanche: when sending a str, it must be a hex string. Got: 'FvwEAhmxKfeiG8SnEvq42hc6whRyY3EFYAvebMqDNDGCgxN5Z'
Traceback (most recent call last):
  File "/www/wwwroot/coinceeper.com/CC/services/balance_service.py", line 157, in get_token_balance
    address=Web3.to_checksum_address(contract_address),
  File "/www/wwwroot/coinceeper.com/CC/venv/lib64/python3.9/site-packages/web3/main.py", line 268, in to_checksum_address
    return to_checksum_address(value)
  File "/www/wwwroot/coinceeper.com/CC/venv/lib64/python3.9/site-packages/eth_utils/address.py", line 129, in to_checksum_address
    norm_address = to_normalized_address(value)
  File "/www/wwwroot/coinceeper.com/CC/venv/lib64/python3.9/site-packages/eth_utils/address.py", line 73, in to_normalized_address
    hex_address = hexstr_if_str(to_hex, value).lower()
  File "/www/wwwroot/coinceeper.com/CC/venv/lib64/python3.9/site-packages/eth_utils/conversions.py", line 195, in hexstr_if_str
    raise ValueError(
ValueError: when sending a str, it must be a hex string. Got: 'FvwEAhmxKfeiG8SnEvq42hc6whRyY3EFYAvebMqDNDGCgxN5Z'
2025-07-23 15:35:17 - balance_service - ERROR - خطا در استفاده از API جایگزین 8: HTTPSConnectionPool(host='api.tronstation.io', port=443): Max retries exceeded with url: /v1/accounts/TGR3iCY7HHNQeiLLa8N7Mq7dcQo6ybPGf1/tokens (Caused by NameResolutionError("<urllib3.connection.HTTPSConnection object at 0x7fdcd5cb0340>: Failed to resolve 'api.tronstation.io' ([Errno -2] Name or service not known)"))
2025-07-23 15:35:17 - balance_service - ERROR - خطا در استفاده از API جایگزین 8: HTTPSConnectionPool(host='api.tronstation.io', port=443): Max retries exceeded with url: /v1/accounts/TGR3iCY7HHNQeiLLa8N7Mq7dcQo6ybPGf1/tokens (Caused by NameResolutionError("<urllib3.connection.HTTPSConnection object at 0x7fdcd5c5d490>: Failed to resolve 'api.tronstation.io' ([Errno -2] Name or service not known)"))
2025-07-23 15:35:18 - balance_service - ERROR - خطا در استفاده از API جایگزین 8: HTTPSConnectionPool(host='api.tronstation.io', port=443): Max retries exceeded with url: /v1/accounts/TGR3iCY7HHNQeiLLa8N7Mq7dcQo6ybPGf1/tokens (Caused by NameResolutionError("<urllib3.connection.HTTPSConnection object at 0x7fdcd5b261c0>: Failed to resolve 'api.tronstation.io' ([Errno -2] Name or service not known)"))
2025-07-23 15:36:48 - balance_service - WARNING - No native currency found for blockchain Bitcoin
2025-07-23 15:36:48 - balance_service - WARNING - No native currency found for blockchain Avalanche
2025-07-23 15:36:48 - balance_service - WARNING - No native currency found for blockchain Arbitrum
2025-07-23 15:36:48 - balance_service - WARNING - No native currency found for blockchain Polkadot
2025-07-23 15:36:48 - balance_service - WARNING - خطا در دریافت موجودی TRC20 با API اصلی: 404 - {"timestamp":"2025-07-23T15:36:48.940+00:00","status":404,"error":"Not Found","path":"/v1/accounts/TGR3iCY7HHNQeiLLa8N7Mq7dcQo6ybPGf1/tokens"}
2025-07-23 15:36:49 - balance_service - WARNING - خطا در دریافت موجودی TRC20 با API اصلی: 404 - {"timestamp":"2025-07-23T15:36:49.330+00:00","status":404,"error":"Not Found","path":"/v1/accounts/TGR3iCY7HHNQeiLLa8N7Mq7dcQo6ybPGf1/tokens"}
2025-07-23 15:36:49 - balance_service - ERROR - Error getting EVM token balance on Avalanche: when sending a str, it must be a hex string. Got: 'FvwEAhmxKfeiG8SnEvq42hc6whRyY3EFYAvebMqDNDGCgxN5Z'
Traceback (most recent call last):
  File "/www/wwwroot/coinceeper.com/CC/services/balance_service.py", line 157, in get_token_balance
    address=Web3.to_checksum_address(contract_address),
  File "/www/wwwroot/coinceeper.com/CC/venv/lib64/python3.9/site-packages/web3/main.py", line 268, in to_checksum_address
    return to_checksum_address(value)
  File "/www/wwwroot/coinceeper.com/CC/venv/lib64/python3.9/site-packages/eth_utils/address.py", line 129, in to_checksum_address
    norm_address = to_normalized_address(value)
  File "/www/wwwroot/coinceeper.com/CC/venv/lib64/python3.9/site-packages/eth_utils/address.py", line 73, in to_normalized_address
    hex_address = hexstr_if_str(to_hex, value).lower()
  File "/www/wwwroot/coinceeper.com/CC/venv/lib64/python3.9/site-packages/eth_utils/conversions.py", line 195, in hexstr_if_str
    raise ValueError(
ValueError: when sending a str, it must be a hex string. Got: 'FvwEAhmxKfeiG8SnEvq42hc6whRyY3EFYAvebMqDNDGCgxN5Z'
2025-07-23 15:36:49 - balance_service - WARNING - خطا در دریافت موجودی TRC20 با API اصلی: 404 - {"timestamp":"2025-07-23T15:36:49.633+00:00","status":404,"error":"Not Found","path":"/v1/accounts/TGR3iCY7HHNQeiLLa8N7Mq7dcQo6ybPGf1/tokens"}
2025-07-23 15:36:50 - balance_service - ERROR - خطا در استفاده از API جایگزین 8: HTTPSConnectionPool(host='api.tronstation.io', port=443): Max retries exceeded with url: /v1/accounts/TGR3iCY7HHNQeiLLa8N7Mq7dcQo6ybPGf1/tokens (Caused by NameResolutionError("<urllib3.connection.HTTPSConnection object at 0x7fdcd47486a0>: Failed to resolve 'api.tronstation.io' ([Errno -2] Name or service not known)"))
2025-07-23 15:36:51 - balance_service - ERROR - خطا در استفاده از API جایگزین 8: HTTPSConnectionPool(host='api.tronstation.io', port=443): Max retries exceeded with url: /v1/accounts/TGR3iCY7HHNQeiLLa8N7Mq7dcQo6ybPGf1/tokens (Caused by NameResolutionError("<urllib3.connection.HTTPSConnection object at 0x7fdcd47980a0>: Failed to resolve 'api.tronstation.io' ([Errno -2] Name or service not known)"))
2025-07-23 15:36:51 - balance_service - ERROR - خطا در استفاده از API جایگزین 8: HTTPSConnectionPool(host='api.tronstation.io', port=443): Max retries exceeded with url: /v1/accounts/TGR3iCY7HHNQeiLLa8N7Mq7dcQo6ybPGf1/tokens (Caused by NameResolutionError("<urllib3.connection.HTTPSConnection object at 0x7fdcd5c15460>: Failed to resolve 'api.tronstation.io' ([Errno -2] Name or service not known)"))
2025-07-23 15:37:01 - balance_service - WARNING - No native currency found for blockchain Bitcoin
2025-07-23 15:37:01 - balance_service - WARNING - No native currency found for blockchain Avalanche
2025-07-23 15:37:01 - balance_service - WARNING - No native currency found for blockchain Arbitrum
2025-07-23 15:37:01 - balance_service - WARNING - No native currency found for blockchain Polkadot
2025-07-23 15:37:02 - balance_service - WARNING - خطا در دریافت موجودی TRC20 با API اصلی: 404 - {"timestamp":"2025-07-23T15:37:01.973+00:00","status":404,"error":"Not Found","path":"/v1/accounts/TGR3iCY7HHNQeiLLa8N7Mq7dcQo6ybPGf1/tokens"}
2025-07-23 15:37:02 - balance_service - WARNING - خطا در دریافت موجودی TRC20 با API اصلی: 404 - {"timestamp":"2025-07-23T15:37:02.163+00:00","status":404,"error":"Not Found","path":"/v1/accounts/TGR3iCY7HHNQeiLLa8N7Mq7dcQo6ybPGf1/tokens"}
2025-07-23 15:37:02 - balance_service - ERROR - Error getting EVM token balance on Avalanche: when sending a str, it must be a hex string. Got: 'FvwEAhmxKfeiG8SnEvq42hc6whRyY3EFYAvebMqDNDGCgxN5Z'
Traceback (most recent call last):
  File "/www/wwwroot/coinceeper.com/CC/services/balance_service.py", line 157, in get_token_balance
    address=Web3.to_checksum_address(contract_address),
  File "/www/wwwroot/coinceeper.com/CC/venv/lib64/python3.9/site-packages/web3/main.py", line 268, in to_checksum_address
    return to_checksum_address(value)
  File "/www/wwwroot/coinceeper.com/CC/venv/lib64/python3.9/site-packages/eth_utils/address.py", line 129, in to_checksum_address
    norm_address = to_normalized_address(value)
  File "/www/wwwroot/coinceeper.com/CC/venv/lib64/python3.9/site-packages/eth_utils/address.py", line 73, in to_normalized_address
    hex_address = hexstr_if_str(to_hex, value).lower()
  File "/www/wwwroot/coinceeper.com/CC/venv/lib64/python3.9/site-packages/eth_utils/conversions.py", line 195, in hexstr_if_str
    raise ValueError(
ValueError: when sending a str, it must be a hex string. Got: 'FvwEAhmxKfeiG8SnEvq42hc6whRyY3EFYAvebMqDNDGCgxN5Z'
2025-07-23 15:37:02 - balance_service - WARNING - خطا در دریافت موجودی TRC20 با API اصلی: 404 - {"timestamp":"2025-07-23T15:37:02.794+00:00","status":404,"error":"Not Found","path":"/v1/accounts/TGR3iCY7HHNQeiLLa8N7Mq7dcQo6ybPGf1/tokens"}
2025-07-23 15:37:03 - balance_service - ERROR - خطا در استفاده از API جایگزین 8: HTTPSConnectionPool(host='api.tronstation.io', port=443): Max retries exceeded with url: /v1/accounts/TGR3iCY7HHNQeiLLa8N7Mq7dcQo6ybPGf1/tokens (Caused by NameResolutionError("<urllib3.connection.HTTPSConnection object at 0x7fdcd513cdf0>: Failed to resolve 'api.tronstation.io' ([Errno -2] Name or service not known)"))
2025-07-23 15:37:03 - balance_service - ERROR - خطا در استفاده از API جایگزین 8: HTTPSConnectionPool(host='api.tronstation.io', port=443): Max retries exceeded with url: /v1/accounts/TGR3iCY7HHNQeiLLa8N7Mq7dcQo6ybPGf1/tokens (Caused by NameResolutionError("<urllib3.connection.HTTPSConnection object at 0x7fdcd5180d00>: Failed to resolve 'api.tronstation.io' ([Errno -2] Name or service not known)"))
2025-07-23 15:37:04 - balance_service - ERROR - خطا در استفاده از API جایگزین 8: HTTPSConnectionPool(host='api.tronstation.io', port=443): Max retries exceeded with url: /v1/accounts/TGR3iCY7HHNQeiLLa8N7Mq7dcQo6ybPGf1/tokens (Caused by NameResolutionError("<urllib3.connection.HTTPSConnection object at 0x7fdcd51fa550>: Failed to resolve 'api.tronstation.io' ([Errno -2] Name or service not known)"))
2025-07-23 15:37:34 - balance_service - DEBUG - Logger initialized for balance_service at level DEBUG
2025-07-23 15:41:28 - balance_service - ERROR - Error getting simple user balance: (mysql.connector.errors.OperationalError) MySQL Connection not available.
[SQL: SELECT users.`UserID` AS `users_UserID`, users.`ID` AS `users_ID`, users.`Email` AS `users_Email`, users.`CreatedAt` AS `users_CreatedAt`, users.`UpdatedAt` AS `users_UpdatedAt`, users.`Device` AS `users_Device`, users.`IP` AS `users_IP` 
FROM users 
WHERE users.`UserID` = %(UserID_1)s 
 LIMIT %(param_1)s]
[parameters: [{}]]
(Background on this error at: https://sqlalche.me/e/20/e3q8)
2025-07-23 15:48:28 - balance_service - WARNING - No native currency found for blockchain Bitcoin
2025-07-23 15:48:28 - balance_service - WARNING - No native currency found for blockchain Avalanche
2025-07-23 15:48:28 - balance_service - WARNING - No native currency found for blockchain Arbitrum
2025-07-23 15:48:28 - balance_service - WARNING - No native currency found for blockchain Polkadot
2025-07-23 15:48:29 - balance_service - WARNING - خطا در دریافت موجودی TRC20 با API اصلی: 404 - {"timestamp":"2025-07-23T15:48:29.157+00:00","status":404,"error":"Not Found","path":"/v1/accounts/TWxYj1EgkXikRh3SszVUQniB6NcLNKeRfy/tokens"}
2025-07-23 15:48:29 - balance_service - WARNING - خطا در دریافت موجودی TRC20 با API اصلی: 404 - {"timestamp":"2025-07-23T15:48:29.401+00:00","status":404,"error":"Not Found","path":"/v1/accounts/TWxYj1EgkXikRh3SszVUQniB6NcLNKeRfy/tokens"}
2025-07-23 15:48:29 - balance_service - ERROR - Error getting EVM token balance on Avalanche: when sending a str, it must be a hex string. Got: 'FvwEAhmxKfeiG8SnEvq42hc6whRyY3EFYAvebMqDNDGCgxN5Z'
Traceback (most recent call last):
  File "/www/wwwroot/coinceeper.com/CC/services/balance_service.py", line 157, in get_token_balance
    address=Web3.to_checksum_address(contract_address),
  File "/www/wwwroot/coinceeper.com/CC/venv/lib64/python3.9/site-packages/web3/main.py", line 268, in to_checksum_address
    return to_checksum_address(value)
  File "/www/wwwroot/coinceeper.com/CC/venv/lib64/python3.9/site-packages/eth_utils/address.py", line 129, in to_checksum_address
    norm_address = to_normalized_address(value)
  File "/www/wwwroot/coinceeper.com/CC/venv/lib64/python3.9/site-packages/eth_utils/address.py", line 73, in to_normalized_address
    hex_address = hexstr_if_str(to_hex, value).lower()
  File "/www/wwwroot/coinceeper.com/CC/venv/lib64/python3.9/site-packages/eth_utils/conversions.py", line 195, in hexstr_if_str
    raise ValueError(
ValueError: when sending a str, it must be a hex string. Got: 'FvwEAhmxKfeiG8SnEvq42hc6whRyY3EFYAvebMqDNDGCgxN5Z'
2025-07-23 15:48:29 - balance_service - WARNING - خطا در دریافت موجودی TRC20 با API اصلی: 404 - {"timestamp":"2025-07-23T15:48:29.840+00:00","status":404,"error":"Not Found","path":"/v1/accounts/TWxYj1EgkXikRh3SszVUQniB6NcLNKeRfy/tokens"}
2025-07-23 15:48:30 - balance_service - ERROR - خطا در استفاده از API جایگزین 8: HTTPSConnectionPool(host='api.tronstation.io', port=443): Max retries exceeded with url: /v1/accounts/TWxYj1EgkXikRh3SszVUQniB6NcLNKeRfy/tokens (Caused by NameResolutionError("<urllib3.connection.HTTPSConnection object at 0x7fdcd59d4a60>: Failed to resolve 'api.tronstation.io' ([Errno -2] Name or service not known)"))
2025-07-23 15:48:31 - balance_service - ERROR - خطا در استفاده از API جایگزین 8: HTTPSConnectionPool(host='api.tronstation.io', port=443): Max retries exceeded with url: /v1/accounts/TWxYj1EgkXikRh3SszVUQniB6NcLNKeRfy/tokens (Caused by NameResolutionError("<urllib3.connection.HTTPSConnection object at 0x7fdcd512aaf0>: Failed to resolve 'api.tronstation.io' ([Errno -2] Name or service not known)"))
2025-07-23 15:48:31 - balance_service - ERROR - خطا در استفاده از API جایگزین 8: HTTPSConnectionPool(host='api.tronstation.io', port=443): Max retries exceeded with url: /v1/accounts/TWxYj1EgkXikRh3SszVUQniB6NcLNKeRfy/tokens (Caused by NameResolutionError("<urllib3.connection.HTTPSConnection object at 0x7fdcd5a0ad90>: Failed to resolve 'api.tronstation.io' ([Errno -2] Name or service not known)"))
2025-07-23 15:48:39 - balance_service - WARNING - No native currency found for blockchain Bitcoin
2025-07-23 15:48:39 - balance_service - WARNING - No native currency found for blockchain Avalanche
2025-07-23 15:48:39 - balance_service - WARNING - No native currency found for blockchain Arbitrum
2025-07-23 15:48:39 - balance_service - WARNING - No native currency found for blockchain Polkadot
2025-07-23 15:48:40 - balance_service - WARNING - خطا در دریافت موجودی TRC20 با API اصلی: 404 - {"timestamp":"2025-07-23T15:48:40.473+00:00","status":404,"error":"Not Found","path":"/v1/accounts/TGR3iCY7HHNQeiLLa8N7Mq7dcQo6ybPGf1/tokens"}
2025-07-23 15:48:40 - balance_service - WARNING - خطا در دریافت موجودی TRC20 با API اصلی: 404 - {"timestamp":"2025-07-23T15:48:40.699+00:00","status":404,"error":"Not Found","path":"/v1/accounts/TGR3iCY7HHNQeiLLa8N7Mq7dcQo6ybPGf1/tokens"}
2025-07-23 15:48:41 - balance_service - ERROR - Error getting EVM token balance on Avalanche: when sending a str, it must be a hex string. Got: 'FvwEAhmxKfeiG8SnEvq42hc6whRyY3EFYAvebMqDNDGCgxN5Z'
Traceback (most recent call last):
  File "/www/wwwroot/coinceeper.com/CC/services/balance_service.py", line 157, in get_token_balance
    address=Web3.to_checksum_address(contract_address),
  File "/www/wwwroot/coinceeper.com/CC/venv/lib64/python3.9/site-packages/web3/main.py", line 268, in to_checksum_address
    return to_checksum_address(value)
  File "/www/wwwroot/coinceeper.com/CC/venv/lib64/python3.9/site-packages/eth_utils/address.py", line 129, in to_checksum_address
    norm_address = to_normalized_address(value)
  File "/www/wwwroot/coinceeper.com/CC/venv/lib64/python3.9/site-packages/eth_utils/address.py", line 73, in to_normalized_address
    hex_address = hexstr_if_str(to_hex, value).lower()
  File "/www/wwwroot/coinceeper.com/CC/venv/lib64/python3.9/site-packages/eth_utils/conversions.py", line 195, in hexstr_if_str
    raise ValueError(
ValueError: when sending a str, it must be a hex string. Got: 'FvwEAhmxKfeiG8SnEvq42hc6whRyY3EFYAvebMqDNDGCgxN5Z'
2025-07-23 15:48:41 - balance_service - WARNING - خطا در دریافت موجودی TRC20 با API اصلی: 404 - {"timestamp":"2025-07-23T15:48:41.325+00:00","status":404,"error":"Not Found","path":"/v1/accounts/TGR3iCY7HHNQeiLLa8N7Mq7dcQo6ybPGf1/tokens"}
2025-07-23 15:48:42 - balance_service - ERROR - خطا در استفاده از API جایگزین 8: HTTPSConnectionPool(host='api.tronstation.io', port=443): Max retries exceeded with url: /v1/accounts/TGR3iCY7HHNQeiLLa8N7Mq7dcQo6ybPGf1/tokens (Caused by NameResolutionError("<urllib3.connection.HTTPSConnection object at 0x7fdcd5b1e6d0>: Failed to resolve 'api.tronstation.io' ([Errno -2] Name or service not known)"))
2025-07-23 15:48:42 - balance_service - ERROR - خطا در استفاده از API جایگزین 8: HTTPSConnectionPool(host='api.tronstation.io', port=443): Max retries exceeded with url: /v1/accounts/TGR3iCY7HHNQeiLLa8N7Mq7dcQo6ybPGf1/tokens (Caused by NameResolutionError("<urllib3.connection.HTTPSConnection object at 0x7fdcd5b2f250>: Failed to resolve 'api.tronstation.io' ([Errno -2] Name or service not known)"))
2025-07-23 15:48:43 - balance_service - ERROR - خطا در استفاده از API جایگزین 8: HTTPSConnectionPool(host='api.tronstation.io', port=443): Max retries exceeded with url: /v1/accounts/TGR3iCY7HHNQeiLLa8N7Mq7dcQo6ybPGf1/tokens (Caused by NameResolutionError("<urllib3.connection.HTTPSConnection object at 0x7fdcd4752280>: Failed to resolve 'api.tronstation.io' ([Errno -2] Name or service not known)"))
2025-07-23 15:48:46 - balance_service - WARNING - No native currency found for blockchain Bitcoin
2025-07-23 15:48:46 - balance_service - WARNING - No native currency found for blockchain Avalanche
2025-07-23 15:48:46 - balance_service - WARNING - No native currency found for blockchain Arbitrum
2025-07-23 15:48:46 - balance_service - WARNING - No native currency found for blockchain Polkadot
2025-07-23 15:48:47 - balance_service - WARNING - خطا در دریافت موجودی TRC20 با API اصلی: 404 - {"timestamp":"2025-07-23T15:48:47.155+00:00","status":404,"error":"Not Found","path":"/v1/accounts/TWxYj1EgkXikRh3SszVUQniB6NcLNKeRfy/tokens"}
2025-07-23 15:48:47 - balance_service - WARNING - خطا در دریافت موجودی TRC20 با API اصلی: 404 - {"timestamp":"2025-07-23T15:48:47.341+00:00","status":404,"error":"Not Found","path":"/v1/accounts/TWxYj1EgkXikRh3SszVUQniB6NcLNKeRfy/tokens"}
2025-07-23 15:48:48 - balance_service - WARNING - خطا در دریافت موجودی TRC20 با API اصلی: 404 - {"timestamp":"2025-07-23T15:48:48.412+00:00","status":404,"error":"Not Found","path":"/v1/accounts/TWxYj1EgkXikRh3SszVUQniB6NcLNKeRfy/tokens"}
2025-07-23 15:48:48 - balance_service - ERROR - خطا در استفاده از API جایگزین 8: HTTPSConnectionPool(host='api.tronstation.io', port=443): Max retries exceeded with url: /v1/accounts/TWxYj1EgkXikRh3SszVUQniB6NcLNKeRfy/tokens (Caused by NameResolutionError("<urllib3.connection.HTTPSConnection object at 0x7fdcd41f5940>: Failed to resolve 'api.tronstation.io' ([Errno -2] Name or service not known)"))
2025-07-23 15:48:48 - balance_service - ERROR - Error getting EVM token balance on Avalanche: when sending a str, it must be a hex string. Got: 'FvwEAhmxKfeiG8SnEvq42hc6whRyY3EFYAvebMqDNDGCgxN5Z'
Traceback (most recent call last):
  File "/www/wwwroot/coinceeper.com/CC/services/balance_service.py", line 157, in get_token_balance
    address=Web3.to_checksum_address(contract_address),
  File "/www/wwwroot/coinceeper.com/CC/venv/lib64/python3.9/site-packages/web3/main.py", line 268, in to_checksum_address
    return to_checksum_address(value)
  File "/www/wwwroot/coinceeper.com/CC/venv/lib64/python3.9/site-packages/eth_utils/address.py", line 129, in to_checksum_address
    norm_address = to_normalized_address(value)
  File "/www/wwwroot/coinceeper.com/CC/venv/lib64/python3.9/site-packages/eth_utils/address.py", line 73, in to_normalized_address
    hex_address = hexstr_if_str(to_hex, value).lower()
  File "/www/wwwroot/coinceeper.com/CC/venv/lib64/python3.9/site-packages/eth_utils/conversions.py", line 195, in hexstr_if_str
    raise ValueError(
ValueError: when sending a str, it must be a hex string. Got: 'FvwEAhmxKfeiG8SnEvq42hc6whRyY3EFYAvebMqDNDGCgxN5Z'
2025-07-23 15:48:49 - balance_service - ERROR - خطا در استفاده از API جایگزین 8: HTTPSConnectionPool(host='api.tronstation.io', port=443): Max retries exceeded with url: /v1/accounts/TWxYj1EgkXikRh3SszVUQniB6NcLNKeRfy/tokens (Caused by NameResolutionError("<urllib3.connection.HTTPSConnection object at 0x7fdcd423e3a0>: Failed to resolve 'api.tronstation.io' ([Errno -2] Name or service not known)"))
2025-07-23 15:48:50 - balance_service - ERROR - خطا در استفاده از API جایگزین 8: HTTPSConnectionPool(host='api.tronstation.io', port=443): Max retries exceeded with url: /v1/accounts/TWxYj1EgkXikRh3SszVUQniB6NcLNKeRfy/tokens (Caused by NameResolutionError("<urllib3.connection.HTTPSConnection object at 0x7fdcd41904f0>: Failed to resolve 'api.tronstation.io' ([Errno -2] Name or service not known)"))
2025-07-23 15:52:07 - balance_service - ERROR - Error getting simple user balance: (mysql.connector.errors.DatabaseError) 2003 (HY000): Can't connect to MySQL server on 'localhost:3306' (111)
(Background on this error at: https://sqlalche.me/e/20/4xp6)
2025-07-23 15:52:13 - balance_service - WARNING - No native currency found for blockchain Bitcoin
2025-07-23 15:52:13 - balance_service - WARNING - No native currency found for blockchain Avalanche
2025-07-23 15:52:13 - balance_service - WARNING - No native currency found for blockchain Arbitrum
2025-07-23 15:52:13 - balance_service - WARNING - No native currency found for blockchain Polkadot
2025-07-23 15:52:14 - balance_service - WARNING - خطا در دریافت موجودی TRC20 با API اصلی: 404 - {"timestamp":"2025-07-23T15:52:14.199+00:00","status":404,"error":"Not Found","path":"/v1/accounts/TWxYj1EgkXikRh3SszVUQniB6NcLNKeRfy/tokens"}
2025-07-23 15:52:14 - balance_service - WARNING - خطا در دریافت موجودی TRC20 با API اصلی: 404 - {"timestamp":"2025-07-23T15:52:14.477+00:00","status":404,"error":"Not Found","path":"/v1/accounts/TWxYj1EgkXikRh3SszVUQniB6NcLNKeRfy/tokens"}
2025-07-23 15:52:14 - balance_service - ERROR - Error getting EVM token balance on Avalanche: when sending a str, it must be a hex string. Got: 'FvwEAhmxKfeiG8SnEvq42hc6whRyY3EFYAvebMqDNDGCgxN5Z'
Traceback (most recent call last):
  File "/www/wwwroot/coinceeper.com/CC/services/balance_service.py", line 157, in get_token_balance
    address=Web3.to_checksum_address(contract_address),
  File "/www/wwwroot/coinceeper.com/CC/venv/lib64/python3.9/site-packages/web3/main.py", line 268, in to_checksum_address
    return to_checksum_address(value)
  File "/www/wwwroot/coinceeper.com/CC/venv/lib64/python3.9/site-packages/eth_utils/address.py", line 129, in to_checksum_address
    norm_address = to_normalized_address(value)
  File "/www/wwwroot/coinceeper.com/CC/venv/lib64/python3.9/site-packages/eth_utils/address.py", line 73, in to_normalized_address
    hex_address = hexstr_if_str(to_hex, value).lower()
  File "/www/wwwroot/coinceeper.com/CC/venv/lib64/python3.9/site-packages/eth_utils/conversions.py", line 195, in hexstr_if_str
    raise ValueError(
ValueError: when sending a str, it must be a hex string. Got: 'FvwEAhmxKfeiG8SnEvq42hc6whRyY3EFYAvebMqDNDGCgxN5Z'
2025-07-23 15:52:14 - balance_service - WARNING - خطا در دریافت موجودی TRC20 با API اصلی: 404 - {"timestamp":"2025-07-23T15:52:14.813+00:00","status":404,"error":"Not Found","path":"/v1/accounts/TWxYj1EgkXikRh3SszVUQniB6NcLNKeRfy/tokens"}
2025-07-23 15:52:15 - balance_service - ERROR - خطا در استفاده از API جایگزین 8: HTTPSConnectionPool(host='api.tronstation.io', port=443): Max retries exceeded with url: /v1/accounts/TWxYj1EgkXikRh3SszVUQniB6NcLNKeRfy/tokens (Caused by NameResolutionError("<urllib3.connection.HTTPSConnection object at 0x7fdcd46c7fa0>: Failed to resolve 'api.tronstation.io' ([Errno -2] Name or service not known)"))
2025-07-23 15:52:16 - balance_service - ERROR - خطا در استفاده از API جایگزین 8: HTTPSConnectionPool(host='api.tronstation.io', port=443): Max retries exceeded with url: /v1/accounts/TWxYj1EgkXikRh3SszVUQniB6NcLNKeRfy/tokens (Caused by NameResolutionError("<urllib3.connection.HTTPSConnection object at 0x7fdcd472b610>: Failed to resolve 'api.tronstation.io' ([Errno -2] Name or service not known)"))
2025-07-23 15:52:16 - balance_service - ERROR - خطا در استفاده از API جایگزین 8: HTTPSConnectionPool(host='api.tronstation.io', port=443): Max retries exceeded with url: /v1/accounts/TWxYj1EgkXikRh3SszVUQniB6NcLNKeRfy/tokens (Caused by NameResolutionError("<urllib3.connection.HTTPSConnection object at 0x7fdcd4737e50>: Failed to resolve 'api.tronstation.io' ([Errno -2] Name or service not known)"))
2025-07-23 15:52:17 - balance_service - WARNING - No native currency found for blockchain Bitcoin
2025-07-23 15:52:17 - balance_service - WARNING - No native currency found for blockchain Avalanche
2025-07-23 15:52:17 - balance_service - WARNING - No native currency found for blockchain Arbitrum
2025-07-23 15:52:17 - balance_service - WARNING - No native currency found for blockchain Polkadot
2025-07-23 15:52:17 - balance_service - WARNING - خطا در دریافت موجودی TRC20 با API اصلی: 404 - {"timestamp":"2025-07-23T15:52:17.921+00:00","status":404,"error":"Not Found","path":"/v1/accounts/TGR3iCY7HHNQeiLLa8N7Mq7dcQo6ybPGf1/tokens"}
2025-07-23 15:52:18 - balance_service - WARNING - خطا در دریافت موجودی TRC20 با API اصلی: 404 - {"timestamp":"2025-07-23T15:52:18.133+00:00","status":404,"error":"Not Found","path":"/v1/accounts/TGR3iCY7HHNQeiLLa8N7Mq7dcQo6ybPGf1/tokens"}
2025-07-23 15:52:19 - balance_service - WARNING - خطا در دریافت موجودی TRC20 با API اصلی: 404 - {"timestamp":"2025-07-23T15:52:18.998+00:00","status":404,"error":"Not Found","path":"/v1/accounts/TGR3iCY7HHNQeiLLa8N7Mq7dcQo6ybPGf1/tokens"}
2025-07-23 15:52:19 - balance_service - ERROR - Error getting EVM token balance on Avalanche: when sending a str, it must be a hex string. Got: 'FvwEAhmxKfeiG8SnEvq42hc6whRyY3EFYAvebMqDNDGCgxN5Z'
Traceback (most recent call last):
  File "/www/wwwroot/coinceeper.com/CC/services/balance_service.py", line 157, in get_token_balance
    address=Web3.to_checksum_address(contract_address),
  File "/www/wwwroot/coinceeper.com/CC/venv/lib64/python3.9/site-packages/web3/main.py", line 268, in to_checksum_address
    return to_checksum_address(value)
  File "/www/wwwroot/coinceeper.com/CC/venv/lib64/python3.9/site-packages/eth_utils/address.py", line 129, in to_checksum_address
    norm_address = to_normalized_address(value)
  File "/www/wwwroot/coinceeper.com/CC/venv/lib64/python3.9/site-packages/eth_utils/address.py", line 73, in to_normalized_address
    hex_address = hexstr_if_str(to_hex, value).lower()
  File "/www/wwwroot/coinceeper.com/CC/venv/lib64/python3.9/site-packages/eth_utils/conversions.py", line 195, in hexstr_if_str
    raise ValueError(
ValueError: when sending a str, it must be a hex string. Got: 'FvwEAhmxKfeiG8SnEvq42hc6whRyY3EFYAvebMqDNDGCgxN5Z'
2025-07-23 15:52:19 - balance_service - ERROR - خطا در استفاده از API جایگزین 8: HTTPSConnectionPool(host='api.tronstation.io', port=443): Max retries exceeded with url: /v1/accounts/TGR3iCY7HHNQeiLLa8N7Mq7dcQo6ybPGf1/tokens (Caused by NameResolutionError("<urllib3.connection.HTTPSConnection object at 0x7fdcd424ff70>: Failed to resolve 'api.tronstation.io' ([Errno -2] Name or service not known)"))
2025-07-23 15:52:19 - balance_service - ERROR - خطا در استفاده از API جایگزین 8: HTTPSConnectionPool(host='api.tronstation.io', port=443): Max retries exceeded with url: /v1/accounts/TGR3iCY7HHNQeiLLa8N7Mq7dcQo6ybPGf1/tokens (Caused by NameResolutionError("<urllib3.connection.HTTPSConnection object at 0x7fdcd49b23a0>: Failed to resolve 'api.tronstation.io' ([Errno -2] Name or service not known)"))
2025-07-23 15:52:20 - balance_service - ERROR - خطا در استفاده از API جایگزین 8: HTTPSConnectionPool(host='api.tronstation.io', port=443): Max retries exceeded with url: /v1/accounts/TGR3iCY7HHNQeiLLa8N7Mq7dcQo6ybPGf1/tokens (Caused by NameResolutionError("<urllib3.connection.HTTPSConnection object at 0x7fdcd5d5fa60>: Failed to resolve 'api.tronstation.io' ([Errno -2] Name or service not known)"))
2025-07-23 15:52:21 - balance_service - ERROR - Error getting simple user balance: (mysql.connector.errors.DatabaseError) 2003 (HY000): Can't connect to MySQL server on 'localhost:3306' (111)
(Background on this error at: https://sqlalche.me/e/20/4xp6)
2025-07-23 15:52:21 - balance_service - ERROR - Error updating balance for user 571a6ce6-3408-4434-a674-d81c7ab02b0d: (mysql.connector.errors.OperationalError) MySQL Connection not available.
[SQL: DELETE FROM userholding WHERE userholding.`UserID` = %(UserID_1)s]
[parameters: [{}]]
(Background on this error at: https://sqlalche.me/e/20/e3q8)
Traceback (most recent call last):
  File "/www/wwwroot/coinceeper.com/CC/venv/lib64/python3.9/site-packages/sqlalchemy/engine/base.py", line 1811, in _execute_context
    context = constructor(
  File "/www/wwwroot/coinceeper.com/CC/venv/lib64/python3.9/site-packages/sqlalchemy/engine/default.py", line 1427, in _init_compiled
    self.cursor = self.create_cursor()
  File "/www/wwwroot/coinceeper.com/CC/venv/lib64/python3.9/site-packages/sqlalchemy/engine/default.py", line 1766, in create_cursor
    return self.create_default_cursor()
  File "/www/wwwroot/coinceeper.com/CC/venv/lib64/python3.9/site-packages/sqlalchemy/dialects/mysql/mysqlconnector.py", line 67, in create_default_cursor
    return self._dbapi_connection.cursor(buffered=True)
  File "/www/wwwroot/coinceeper.com/CC/venv/lib64/python3.9/site-packages/sqlalchemy/pool/base.py", line 1486, in cursor
    return self.dbapi_connection.cursor(*args, **kwargs)
  File "/www/wwwroot/coinceeper.com/CC/venv/lib64/python3.9/site-packages/mysql/connector/connection_cext.py", line 841, in cursor
    raise OperationalError("MySQL Connection not available.")
mysql.connector.errors.OperationalError: MySQL Connection not available.

The above exception was the direct cause of the following exception:

Traceback (most recent call last):
  File "/www/wwwroot/coinceeper.com/CC/services/balance_service.py", line 1262, in _update_user_balance
    deleted = self.session.query(UserHolding).filter(UserHolding.UserID == user_id).delete()
  File "/www/wwwroot/coinceeper.com/CC/venv/lib64/python3.9/site-packages/sqlalchemy/orm/query.py", line 3208, in delete
    result: CursorResult[Any] = self.session.execute(
  File "/www/wwwroot/coinceeper.com/CC/venv/lib64/python3.9/site-packages/sqlalchemy/orm/session.py", line 2365, in execute
    return self._execute_internal(
  File "/www/wwwroot/coinceeper.com/CC/venv/lib64/python3.9/site-packages/sqlalchemy/orm/session.py", line 2251, in _execute_internal
    result: Result[Any] = compile_state_cls.orm_execute_statement(
  File "/www/wwwroot/coinceeper.com/CC/venv/lib64/python3.9/site-packages/sqlalchemy/orm/bulk_persistence.py", line 2021, in orm_execute_statement
    return super().orm_execute_statement(
  File "/www/wwwroot/coinceeper.com/CC/venv/lib64/python3.9/site-packages/sqlalchemy/orm/context.py", line 306, in orm_execute_statement
    result = conn.execute(
  File "/www/wwwroot/coinceeper.com/CC/venv/lib64/python3.9/site-packages/sqlalchemy/engine/base.py", line 1415, in execute
    return meth(
  File "/www/wwwroot/coinceeper.com/CC/venv/lib64/python3.9/site-packages/sqlalchemy/sql/elements.py", line 523, in _execute_on_connection
    return connection._execute_clauseelement(
  File "/www/wwwroot/coinceeper.com/CC/venv/lib64/python3.9/site-packages/sqlalchemy/engine/base.py", line 1637, in _execute_clauseelement
    ret = self._execute_context(
  File "/www/wwwroot/coinceeper.com/CC/venv/lib64/python3.9/site-packages/sqlalchemy/engine/base.py", line 1817, in _execute_context
    self._handle_dbapi_exception(
  File "/www/wwwroot/coinceeper.com/CC/venv/lib64/python3.9/site-packages/sqlalchemy/engine/base.py", line 2351, in _handle_dbapi_exception
    raise sqlalchemy_exception.with_traceback(exc_info[2]) from e
  File "/www/wwwroot/coinceeper.com/CC/venv/lib64/python3.9/site-packages/sqlalchemy/engine/base.py", line 1811, in _execute_context
    context = constructor(
  File "/www/wwwroot/coinceeper.com/CC/venv/lib64/python3.9/site-packages/sqlalchemy/engine/default.py", line 1427, in _init_compiled
    self.cursor = self.create_cursor()
  File "/www/wwwroot/coinceeper.com/CC/venv/lib64/python3.9/site-packages/sqlalchemy/engine/default.py", line 1766, in create_cursor
    return self.create_default_cursor()
  File "/www/wwwroot/coinceeper.com/CC/venv/lib64/python3.9/site-packages/sqlalchemy/dialects/mysql/mysqlconnector.py", line 67, in create_default_cursor
    return self._dbapi_connection.cursor(buffered=True)
  File "/www/wwwroot/coinceeper.com/CC/venv/lib64/python3.9/site-packages/sqlalchemy/pool/base.py", line 1486, in cursor
    return self.dbapi_connection.cursor(*args, **kwargs)
  File "/www/wwwroot/coinceeper.com/CC/venv/lib64/python3.9/site-packages/mysql/connector/connection_cext.py", line 841, in cursor
    raise OperationalError("MySQL Connection not available.")
sqlalchemy.exc.OperationalError: (mysql.connector.errors.OperationalError) MySQL Connection not available.
[SQL: DELETE FROM userholding WHERE userholding.`UserID` = %(UserID_1)s]
[parameters: [{}]]
(Background on this error at: https://sqlalche.me/e/20/e3q8)
2025-07-23 15:52:25 - balance_service - WARNING - No native currency found for blockchain Bitcoin
2025-07-23 15:52:25 - balance_service - WARNING - No native currency found for blockchain Avalanche
2025-07-23 15:52:25 - balance_service - WARNING - No native currency found for blockchain Arbitrum
2025-07-23 15:52:25 - balance_service - WARNING - No native currency found for blockchain Polkadot
2025-07-23 15:52:28 - balance_service - ERROR - Error getting native balance for 0x5f47DA8ab73D3E48E5da24B9750fc153c4585f1D on ethereum: 429 Client Error: Too Many Requests for url: https://mainnet.infura.io/v3/a8ab43a04ce044de988a838d92f478a7
Traceback (most recent call last):
  File "/www/wwwroot/coinceeper.com/CC/services/balance_service.py", line 326, in get_native_balance
    balance_wei = web3.eth.get_balance(checksum_address)
  File "/www/wwwroot/coinceeper.com/CC/venv/lib64/python3.9/site-packages/web3/eth/eth.py", line 440, in get_balance
    return self._get_balance(account, block_identifier)
  File "/www/wwwroot/coinceeper.com/CC/venv/lib64/python3.9/site-packages/web3/module.py", line 112, in caller
    result = w3.manager.request_blocking(
  File "/www/wwwroot/coinceeper.com/CC/venv/lib64/python3.9/site-packages/web3/manager.py", line 231, in request_blocking
    response = self._make_request(method, params)
  File "/www/wwwroot/coinceeper.com/CC/venv/lib64/python3.9/site-packages/web3/manager.py", line 163, in _make_request
    return request_func(method, params)
  File "/www/wwwroot/coinceeper.com/CC/venv/lib64/python3.9/site-packages/web3/middleware/base.py", line 56, in middleware
    return self.response_processor(method, make_request(method, params))
  File "/www/wwwroot/coinceeper.com/CC/venv/lib64/python3.9/site-packages/web3/middleware/base.py", line 56, in middleware
    return self.response_processor(method, make_request(method, params))
  File "/www/wwwroot/coinceeper.com/CC/venv/lib64/python3.9/site-packages/web3/middleware/base.py", line 56, in middleware
    return self.response_processor(method, make_request(method, params))
  [Previous line repeated 2 more times]
  File "/www/wwwroot/coinceeper.com/CC/venv/lib64/python3.9/site-packages/web3/_utils/caching/caching_utils.py", line 261, in wrapper
    return func(provider, method, params)
  File "/www/wwwroot/coinceeper.com/CC/venv/lib64/python3.9/site-packages/web3/providers/rpc/rpc.py", line 170, in make_request
    raw_response = self._make_request(method, request_data)
  File "/www/wwwroot/coinceeper.com/CC/venv/lib64/python3.9/site-packages/web3/providers/rpc/rpc.py", line 157, in _make_request
    raise e
  File "/www/wwwroot/coinceeper.com/CC/venv/lib64/python3.9/site-packages/web3/providers/rpc/rpc.py", line 147, in _make_request
    return self._request_session_manager.make_post_request(
  File "/www/wwwroot/coinceeper.com/CC/venv/lib64/python3.9/site-packages/web3/_utils/http_session_manager.py", line 148, in make_post_request
    response.raise_for_status()
  File "/www/wwwroot/coinceeper.com/CC/venv/lib64/python3.9/site-packages/requests/models.py", line 1024, in raise_for_status
    raise HTTPError(http_error_msg, response=self)
requests.exceptions.HTTPError: 429 Client Error: Too Many Requests for url: https://mainnet.infura.io/v3/a8ab43a04ce044de988a838d92f478a7
2025-07-23 15:52:28 - balance_service - WARNING - خطا در دریافت موجودی TRC20 با API اصلی: 404 - {"timestamp":"2025-07-23T15:52:28.372+00:00","status":404,"error":"Not Found","path":"/v1/accounts/TGR3iCY7HHNQeiLLa8N7Mq7dcQo6ybPGf1/tokens"}
2025-07-23 15:52:28 - balance_service - WARNING - خطا در دریافت موجودی TRC20 با API اصلی: 404 - {"timestamp":"2025-07-23T15:52:28.583+00:00","status":404,"error":"Not Found","path":"/v1/accounts/TGR3iCY7HHNQeiLLa8N7Mq7dcQo6ybPGf1/tokens"}
2025-07-23 15:52:29 - balance_service - ERROR - Error getting EVM token balance on Avalanche: when sending a str, it must be a hex string. Got: 'FvwEAhmxKfeiG8SnEvq42hc6whRyY3EFYAvebMqDNDGCgxN5Z'
Traceback (most recent call last):
  File "/www/wwwroot/coinceeper.com/CC/services/balance_service.py", line 157, in get_token_balance
    address=Web3.to_checksum_address(contract_address),
  File "/www/wwwroot/coinceeper.com/CC/venv/lib64/python3.9/site-packages/web3/main.py", line 268, in to_checksum_address
    return to_checksum_address(value)
  File "/www/wwwroot/coinceeper.com/CC/venv/lib64/python3.9/site-packages/eth_utils/address.py", line 129, in to_checksum_address
    norm_address = to_normalized_address(value)
  File "/www/wwwroot/coinceeper.com/CC/venv/lib64/python3.9/site-packages/eth_utils/address.py", line 73, in to_normalized_address
    hex_address = hexstr_if_str(to_hex, value).lower()
  File "/www/wwwroot/coinceeper.com/CC/venv/lib64/python3.9/site-packages/eth_utils/conversions.py", line 195, in hexstr_if_str
    raise ValueError(
ValueError: when sending a str, it must be a hex string. Got: 'FvwEAhmxKfeiG8SnEvq42hc6whRyY3EFYAvebMqDNDGCgxN5Z'
2025-07-23 15:52:29 - balance_service - WARNING - خطا در دریافت موجودی TRC20 با API اصلی: 404 - {"timestamp":"2025-07-23T15:52:29.657+00:00","status":404,"error":"Not Found","path":"/v1/accounts/TGR3iCY7HHNQeiLLa8N7Mq7dcQo6ybPGf1/tokens"}
2025-07-23 15:52:29 - balance_service - ERROR - خطا در استفاده از API جایگزین 8: HTTPSConnectionPool(host='api.tronstation.io', port=443): Max retries exceeded with url: /v1/accounts/TGR3iCY7HHNQeiLLa8N7Mq7dcQo6ybPGf1/tokens (Caused by NameResolutionError("<urllib3.connection.HTTPSConnection object at 0x7fdcd511cf70>: Failed to resolve 'api.tronstation.io' ([Errno -2] Name or service not known)"))
2025-07-23 15:52:30 - balance_service - ERROR - خطا در استفاده از API جایگزین 8: HTTPSConnectionPool(host='api.tronstation.io', port=443): Max retries exceeded with url: /v1/accounts/TGR3iCY7HHNQeiLLa8N7Mq7dcQo6ybPGf1/tokens (Caused by NameResolutionError("<urllib3.connection.HTTPSConnection object at 0x7fdcd5979520>: Failed to resolve 'api.tronstation.io' ([Errno -2] Name or service not known)"))
2025-07-23 15:52:31 - balance_service - ERROR - خطا در استفاده از API جایگزین 8: HTTPSConnectionPool(host='api.tronstation.io', port=443): Max retries exceeded with url: /v1/accounts/TGR3iCY7HHNQeiLLa8N7Mq7dcQo6ybPGf1/tokens (Caused by NameResolutionError("<urllib3.connection.HTTPSConnection object at 0x7fdcd5980610>: Failed to resolve 'api.tronstation.io' ([Errno -2] Name or service not known)"))
2025-07-23 15:52:31 - balance_service - ERROR - Error getting simple user balance: (mysql.connector.errors.DatabaseError) 2003 (HY000): Can't connect to MySQL server on 'localhost:3306' (111)
(Background on this error at: https://sqlalche.me/e/20/4xp6)
2025-07-23 15:52:32 - balance_service - ERROR - Error updating balance for user 571a6ce6-3408-4434-a674-d81c7ab02b0d: (mysql.connector.errors.OperationalError) MySQL Connection not available.
[SQL: DELETE FROM userholding WHERE userholding.`UserID` = %(UserID_1)s]
[parameters: [{}]]
(Background on this error at: https://sqlalche.me/e/20/e3q8)
Traceback (most recent call last):
  File "/www/wwwroot/coinceeper.com/CC/venv/lib64/python3.9/site-packages/sqlalchemy/engine/base.py", line 1811, in _execute_context
    context = constructor(
  File "/www/wwwroot/coinceeper.com/CC/venv/lib64/python3.9/site-packages/sqlalchemy/engine/default.py", line 1427, in _init_compiled
    self.cursor = self.create_cursor()
  File "/www/wwwroot/coinceeper.com/CC/venv/lib64/python3.9/site-packages/sqlalchemy/engine/default.py", line 1766, in create_cursor
    return self.create_default_cursor()
  File "/www/wwwroot/coinceeper.com/CC/venv/lib64/python3.9/site-packages/sqlalchemy/dialects/mysql/mysqlconnector.py", line 67, in create_default_cursor
    return self._dbapi_connection.cursor(buffered=True)
  File "/www/wwwroot/coinceeper.com/CC/venv/lib64/python3.9/site-packages/sqlalchemy/pool/base.py", line 1486, in cursor
    return self.dbapi_connection.cursor(*args, **kwargs)
  File "/www/wwwroot/coinceeper.com/CC/venv/lib64/python3.9/site-packages/mysql/connector/connection_cext.py", line 841, in cursor
    raise OperationalError("MySQL Connection not available.")
mysql.connector.errors.OperationalError: MySQL Connection not available.

The above exception was the direct cause of the following exception:

Traceback (most recent call last):
  File "/www/wwwroot/coinceeper.com/CC/services/balance_service.py", line 1262, in _update_user_balance
    deleted = self.session.query(UserHolding).filter(UserHolding.UserID == user_id).delete()
  File "/www/wwwroot/coinceeper.com/CC/venv/lib64/python3.9/site-packages/sqlalchemy/orm/query.py", line 3208, in delete
    result: CursorResult[Any] = self.session.execute(
  File "/www/wwwroot/coinceeper.com/CC/venv/lib64/python3.9/site-packages/sqlalchemy/orm/session.py", line 2365, in execute
    return self._execute_internal(
  File "/www/wwwroot/coinceeper.com/CC/venv/lib64/python3.9/site-packages/sqlalchemy/orm/session.py", line 2251, in _execute_internal
    result: Result[Any] = compile_state_cls.orm_execute_statement(
  File "/www/wwwroot/coinceeper.com/CC/venv/lib64/python3.9/site-packages/sqlalchemy/orm/bulk_persistence.py", line 2021, in orm_execute_statement
    return super().orm_execute_statement(
  File "/www/wwwroot/coinceeper.com/CC/venv/lib64/python3.9/site-packages/sqlalchemy/orm/context.py", line 306, in orm_execute_statement
    result = conn.execute(
  File "/www/wwwroot/coinceeper.com/CC/venv/lib64/python3.9/site-packages/sqlalchemy/engine/base.py", line 1415, in execute
    return meth(
  File "/www/wwwroot/coinceeper.com/CC/venv/lib64/python3.9/site-packages/sqlalchemy/sql/elements.py", line 523, in _execute_on_connection
    return connection._execute_clauseelement(
  File "/www/wwwroot/coinceeper.com/CC/venv/lib64/python3.9/site-packages/sqlalchemy/engine/base.py", line 1637, in _execute_clauseelement
    ret = self._execute_context(
  File "/www/wwwroot/coinceeper.com/CC/venv/lib64/python3.9/site-packages/sqlalchemy/engine/base.py", line 1817, in _execute_context
    self._handle_dbapi_exception(
  File "/www/wwwroot/coinceeper.com/CC/venv/lib64/python3.9/site-packages/sqlalchemy/engine/base.py", line 2351, in _handle_dbapi_exception
    raise sqlalchemy_exception.with_traceback(exc_info[2]) from e
  File "/www/wwwroot/coinceeper.com/CC/venv/lib64/python3.9/site-packages/sqlalchemy/engine/base.py", line 1811, in _execute_context
    context = constructor(
  File "/www/wwwroot/coinceeper.com/CC/venv/lib64/python3.9/site-packages/sqlalchemy/engine/default.py", line 1427, in _init_compiled
    self.cursor = self.create_cursor()
  File "/www/wwwroot/coinceeper.com/CC/venv/lib64/python3.9/site-packages/sqlalchemy/engine/default.py", line 1766, in create_cursor
    return self.create_default_cursor()
  File "/www/wwwroot/coinceeper.com/CC/venv/lib64/python3.9/site-packages/sqlalchemy/dialects/mysql/mysqlconnector.py", line 67, in create_default_cursor
    return self._dbapi_connection.cursor(buffered=True)
  File "/www/wwwroot/coinceeper.com/CC/venv/lib64/python3.9/site-packages/sqlalchemy/pool/base.py", line 1486, in cursor
    return self.dbapi_connection.cursor(*args, **kwargs)
  File "/www/wwwroot/coinceeper.com/CC/venv/lib64/python3.9/site-packages/mysql/connector/connection_cext.py", line 841, in cursor
    raise OperationalError("MySQL Connection not available.")
sqlalchemy.exc.OperationalError: (mysql.connector.errors.OperationalError) MySQL Connection not available.
[SQL: DELETE FROM userholding WHERE userholding.`UserID` = %(UserID_1)s]
[parameters: [{}]]
(Background on this error at: https://sqlalche.me/e/20/e3q8)
2025-07-23 15:52:50 - balance_service - WARNING - No native currency found for blockchain Bitcoin
2025-07-23 15:52:50 - balance_service - WARNING - No native currency found for blockchain Avalanche
2025-07-23 15:52:50 - balance_service - WARNING - No native currency found for blockchain Arbitrum
2025-07-23 15:52:50 - balance_service - WARNING - No native currency found for blockchain Polkadot
2025-07-23 15:52:51 - balance_service - WARNING - خطا در دریافت موجودی TRC20 با API اصلی: 404 - {"timestamp":"2025-07-23T15:52:51.586+00:00","status":404,"error":"Not Found","path":"/v1/accounts/TWxYj1EgkXikRh3SszVUQniB6NcLNKeRfy/tokens"}
2025-07-23 15:52:51 - balance_service - WARNING - خطا در دریافت موجودی TRC20 با API اصلی: 404 - {"timestamp":"2025-07-23T15:52:51.788+00:00","status":404,"error":"Not Found","path":"/v1/accounts/TWxYj1EgkXikRh3SszVUQniB6NcLNKeRfy/tokens"}
2025-07-23 15:52:53 - balance_service - ERROR - خطا در استفاده از API جایگزین 8: HTTPSConnectionPool(host='api.tronstation.io', port=443): Max retries exceeded with url: /v1/accounts/TWxYj1EgkXikRh3SszVUQniB6NcLNKeRfy/tokens (Caused by NameResolutionError("<urllib3.connection.HTTPSConnection object at 0x7fdcd5949fa0>: Failed to resolve 'api.tronstation.io' ([Errno -2] Name or service not known)"))
2025-07-23 15:52:53 - balance_service - ERROR - Error getting EVM token balance on Avalanche: when sending a str, it must be a hex string. Got: 'FvwEAhmxKfeiG8SnEvq42hc6whRyY3EFYAvebMqDNDGCgxN5Z'
Traceback (most recent call last):
  File "/www/wwwroot/coinceeper.com/CC/services/balance_service.py", line 157, in get_token_balance
    address=Web3.to_checksum_address(contract_address),
  File "/www/wwwroot/coinceeper.com/CC/venv/lib64/python3.9/site-packages/web3/main.py", line 268, in to_checksum_address
    return to_checksum_address(value)
  File "/www/wwwroot/coinceeper.com/CC/venv/lib64/python3.9/site-packages/eth_utils/address.py", line 129, in to_checksum_address
    norm_address = to_normalized_address(value)
  File "/www/wwwroot/coinceeper.com/CC/venv/lib64/python3.9/site-packages/eth_utils/address.py", line 73, in to_normalized_address
    hex_address = hexstr_if_str(to_hex, value).lower()
  File "/www/wwwroot/coinceeper.com/CC/venv/lib64/python3.9/site-packages/eth_utils/conversions.py", line 195, in hexstr_if_str
    raise ValueError(
ValueError: when sending a str, it must be a hex string. Got: 'FvwEAhmxKfeiG8SnEvq42hc6whRyY3EFYAvebMqDNDGCgxN5Z'
2025-07-23 15:52:53 - balance_service - WARNING - خطا در دریافت موجودی TRC20 با API اصلی: 404 - {"timestamp":"2025-07-23T15:52:53.068+00:00","status":404,"error":"Not Found","path":"/v1/accounts/TWxYj1EgkXikRh3SszVUQniB6NcLNKeRfy/tokens"}
2025-07-23 15:52:53 - balance_service - ERROR - خطا در استفاده از API جایگزین 8: HTTPSConnectionPool(host='api.tronstation.io', port=443): Max retries exceeded with url: /v1/accounts/TWxYj1EgkXikRh3SszVUQniB6NcLNKeRfy/tokens (Caused by NameResolutionError("<urllib3.connection.HTTPSConnection object at 0x7fdcd5a36340>: Failed to resolve 'api.tronstation.io' ([Errno -2] Name or service not known)"))
2025-07-23 15:52:53 - balance_service - ERROR - Error getting EVM token balance on Ethereum: 429 Client Error: Too Many Requests for url: https://mainnet.infura.io/v3/a8ab43a04ce044de988a838d92f478a7
Traceback (most recent call last):
  File "/www/wwwroot/coinceeper.com/CC/services/balance_service.py", line 163, in get_token_balance
    balance = token_contract.functions.balanceOf(
  File "/www/wwwroot/coinceeper.com/CC/venv/lib64/python3.9/site-packages/web3/contract/contract.py", line 291, in call
    return call_contract_function(
  File "/www/wwwroot/coinceeper.com/CC/venv/lib64/python3.9/site-packages/web3/contract/utils.py", line 154, in call_contract_function
    return_data = w3.eth.call(
  File "/www/wwwroot/coinceeper.com/CC/venv/lib64/python3.9/site-packages/web3/eth/eth.py", line 247, in call
    return self._durin_call(transaction, block_identifier, state_override)
  File "/www/wwwroot/coinceeper.com/CC/venv/lib64/python3.9/site-packages/web3/eth/eth.py", line 266, in _durin_call
    return self._call(transaction, block_identifier, state_override)
  File "/www/wwwroot/coinceeper.com/CC/venv/lib64/python3.9/site-packages/web3/module.py", line 112, in caller
    result = w3.manager.request_blocking(
  File "/www/wwwroot/coinceeper.com/CC/venv/lib64/python3.9/site-packages/web3/manager.py", line 231, in request_blocking
    response = self._make_request(method, params)
  File "/www/wwwroot/coinceeper.com/CC/venv/lib64/python3.9/site-packages/web3/manager.py", line 163, in _make_request
    return request_func(method, params)
  File "/www/wwwroot/coinceeper.com/CC/venv/lib64/python3.9/site-packages/web3/middleware/base.py", line 56, in middleware
    return self.response_processor(method, make_request(method, params))
  File "/www/wwwroot/coinceeper.com/CC/venv/lib64/python3.9/site-packages/web3/middleware/base.py", line 56, in middleware
    return self.response_processor(method, make_request(method, params))
  File "/www/wwwroot/coinceeper.com/CC/venv/lib64/python3.9/site-packages/web3/middleware/base.py", line 56, in middleware
    return self.response_processor(method, make_request(method, params))
  File "/www/wwwroot/coinceeper.com/CC/venv/lib64/python3.9/site-packages/web3/middleware/base.py", line 55, in middleware
    method, params = self.request_processor(method, params)
  File "/www/wwwroot/coinceeper.com/CC/venv/lib64/python3.9/site-packages/web3/middleware/formatting.py", line 150, in request_processor
    self.sync_formatters_builder(cast("Web3", self._w3), method),
  File "/www/wwwroot/coinceeper.com/CC/venv/lib64/python3.9/site-packages/web3/middleware/validation.py", line 141, in build_method_validators
    w3_chain_id = w3.eth.chain_id
  File "/www/wwwroot/coinceeper.com/CC/venv/lib64/python3.9/site-packages/web3/eth/eth.py", line 156, in chain_id
    return self._chain_id()
  File "/www/wwwroot/coinceeper.com/CC/venv/lib64/python3.9/site-packages/web3/module.py", line 112, in caller
    result = w3.manager.request_blocking(
  File "/www/wwwroot/coinceeper.com/CC/venv/lib64/python3.9/site-packages/web3/manager.py", line 231, in request_blocking
    response = self._make_request(method, params)
  File "/www/wwwroot/coinceeper.com/CC/venv/lib64/python3.9/site-packages/web3/manager.py", line 163, in _make_request
    return request_func(method, params)
  File "/www/wwwroot/coinceeper.com/CC/venv/lib64/python3.9/site-packages/web3/middleware/base.py", line 56, in middleware
    return self.response_processor(method, make_request(method, params))
  File "/www/wwwroot/coinceeper.com/CC/venv/lib64/python3.9/site-packages/web3/middleware/base.py", line 56, in middleware
    return self.response_processor(method, make_request(method, params))
  File "/www/wwwroot/coinceeper.com/CC/venv/lib64/python3.9/site-packages/web3/middleware/base.py", line 56, in middleware
    return self.response_processor(method, make_request(method, params))
  [Previous line repeated 2 more times]
  File "/www/wwwroot/coinceeper.com/CC/venv/lib64/python3.9/site-packages/web3/_utils/caching/caching_utils.py", line 261, in wrapper
    return func(provider, method, params)
  File "/www/wwwroot/coinceeper.com/CC/venv/lib64/python3.9/site-packages/web3/providers/rpc/rpc.py", line 170, in make_request
    raw_response = self._make_request(method, request_data)
  File "/www/wwwroot/coinceeper.com/CC/venv/lib64/python3.9/site-packages/web3/providers/rpc/rpc.py", line 157, in _make_request
    raise e
  File "/www/wwwroot/coinceeper.com/CC/venv/lib64/python3.9/site-packages/web3/providers/rpc/rpc.py", line 147, in _make_request
    return self._request_session_manager.make_post_request(
  File "/www/wwwroot/coinceeper.com/CC/venv/lib64/python3.9/site-packages/web3/_utils/http_session_manager.py", line 148, in make_post_request
    response.raise_for_status()
  File "/www/wwwroot/coinceeper.com/CC/venv/lib64/python3.9/site-packages/requests/models.py", line 1024, in raise_for_status
    raise HTTPError(http_error_msg, response=self)
requests.exceptions.HTTPError: 429 Client Error: Too Many Requests for url: https://mainnet.infura.io/v3/a8ab43a04ce044de988a838d92f478a7
2025-07-23 15:52:54 - balance_service - ERROR - خطا در استفاده از API جایگزین 8: HTTPSConnectionPool(host='api.tronstation.io', port=443): Max retries exceeded with url: /v1/accounts/TWxYj1EgkXikRh3SszVUQniB6NcLNKeRfy/tokens (Caused by NameResolutionError("<urllib3.connection.HTTPSConnection object at 0x7fdcd531d250>: Failed to resolve 'api.tronstation.io' ([Errno -2] Name or service not known)"))
2025-07-23 15:52:54 - balance_service - WARNING - Error getting token decimals, using default 18: 429 Client Error: Too Many Requests for url: https://mainnet.infura.io/v3/a8ab43a04ce044de988a838d92f478a7
2025-07-23 15:52:55 - balance_service - WARNING - No native currency found for blockchain Bitcoin
2025-07-23 15:52:55 - balance_service - WARNING - No native currency found for blockchain Avalanche
2025-07-23 15:52:55 - balance_service - WARNING - No native currency found for blockchain Arbitrum
2025-07-23 15:52:55 - balance_service - WARNING - No native currency found for blockchain Polkadot
2025-07-23 15:52:56 - balance_service - WARNING - خطا در دریافت موجودی TRC20 با API اصلی: 404 - {"timestamp":"2025-07-23T15:52:56.135+00:00","status":404,"error":"Not Found","path":"/v1/accounts/TWxYj1EgkXikRh3SszVUQniB6NcLNKeRfy/tokens"}
2025-07-23 15:52:56 - balance_service - WARNING - خطا در دریافت موجودی TRC20 با API اصلی: 404 - {"timestamp":"2025-07-23T15:52:56.336+00:00","status":404,"error":"Not Found","path":"/v1/accounts/TWxYj1EgkXikRh3SszVUQniB6NcLNKeRfy/tokens"}
2025-07-23 15:52:57 - balance_service - WARNING - خطا در دریافت موجودی TRC20 با API اصلی: 404 - {"timestamp":"2025-07-23T15:52:57.183+00:00","status":404,"error":"Not Found","path":"/v1/accounts/TWxYj1EgkXikRh3SszVUQniB6NcLNKeRfy/tokens"}
2025-07-23 15:52:57 - balance_service - ERROR - Error getting EVM token balance on Avalanche: when sending a str, it must be a hex string. Got: 'FvwEAhmxKfeiG8SnEvq42hc6whRyY3EFYAvebMqDNDGCgxN5Z'
Traceback (most recent call last):
  File "/www/wwwroot/coinceeper.com/CC/services/balance_service.py", line 157, in get_token_balance
    address=Web3.to_checksum_address(contract_address),
  File "/www/wwwroot/coinceeper.com/CC/venv/lib64/python3.9/site-packages/web3/main.py", line 268, in to_checksum_address
    return to_checksum_address(value)
  File "/www/wwwroot/coinceeper.com/CC/venv/lib64/python3.9/site-packages/eth_utils/address.py", line 129, in to_checksum_address
    norm_address = to_normalized_address(value)
  File "/www/wwwroot/coinceeper.com/CC/venv/lib64/python3.9/site-packages/eth_utils/address.py", line 73, in to_normalized_address
    hex_address = hexstr_if_str(to_hex, value).lower()
  File "/www/wwwroot/coinceeper.com/CC/venv/lib64/python3.9/site-packages/eth_utils/conversions.py", line 195, in hexstr_if_str
    raise ValueError(
ValueError: when sending a str, it must be a hex string. Got: 'FvwEAhmxKfeiG8SnEvq42hc6whRyY3EFYAvebMqDNDGCgxN5Z'
2025-07-23 15:52:57 - balance_service - ERROR - خطا در استفاده از API جایگزین 8: HTTPSConnectionPool(host='api.tronstation.io', port=443): Max retries exceeded with url: /v1/accounts/TWxYj1EgkXikRh3SszVUQniB6NcLNKeRfy/tokens (Caused by NameResolutionError("<urllib3.connection.HTTPSConnection object at 0x7fdcd5d03220>: Failed to resolve 'api.tronstation.io' ([Errno -2] Name or service not known)"))
2025-07-23 15:52:58 - balance_service - ERROR - خطا در استفاده از API جایگزین 8: HTTPSConnectionPool(host='api.tronstation.io', port=443): Max retries exceeded with url: /v1/accounts/TWxYj1EgkXikRh3SszVUQniB6NcLNKeRfy/tokens (Caused by NameResolutionError("<urllib3.connection.HTTPSConnection object at 0x7fdcd469adc0>: Failed to resolve 'api.tronstation.io' ([Errno -2] Name or service not known)"))
2025-07-23 15:52:58 - balance_service - ERROR - خطا در استفاده از API جایگزین 8: HTTPSConnectionPool(host='api.tronstation.io', port=443): Max retries exceeded with url: /v1/accounts/TWxYj1EgkXikRh3SszVUQniB6NcLNKeRfy/tokens (Caused by NameResolutionError("<urllib3.connection.HTTPSConnection object at 0x7fdcd46a2460>: Failed to resolve 'api.tronstation.io' ([Errno -2] Name or service not known)"))
2025-07-23 15:53:23 - balance_service - DEBUG - Logger initialized for balance_service at level DEBUG
2025-07-23 15:54:52 - balance_service - WARNING - No native currency found for blockchain Bitcoin
2025-07-23 15:54:52 - balance_service - WARNING - No native currency found for blockchain Avalanche
2025-07-23 15:54:52 - balance_service - WARNING - No native currency found for blockchain Arbitrum
2025-07-23 15:54:52 - balance_service - WARNING - No native currency found for blockchain Polkadot
2025-07-23 15:54:53 - balance_service - WARNING - خطا در دریافت موجودی TRC20 با API اصلی: 404 - {"timestamp":"2025-07-23T15:54:52.965+00:00","status":404,"error":"Not Found","path":"/v1/accounts/TGR3iCY7HHNQeiLLa8N7Mq7dcQo6ybPGf1/tokens"}
2025-07-23 15:54:53 - balance_service - WARNING - خطا در دریافت موجودی TRC20 با API اصلی: 404 - {"timestamp":"2025-07-23T15:54:53.218+00:00","status":404,"error":"Not Found","path":"/v1/accounts/TGR3iCY7HHNQeiLLa8N7Mq7dcQo6ybPGf1/tokens"}
2025-07-23 15:54:53 - balance_service - ERROR - Error getting EVM token balance on Avalanche: when sending a str, it must be a hex string. Got: 'FvwEAhmxKfeiG8SnEvq42hc6whRyY3EFYAvebMqDNDGCgxN5Z'
Traceback (most recent call last):
  File "/www/wwwroot/coinceeper.com/CC/services/balance_service.py", line 157, in get_token_balance
    address=Web3.to_checksum_address(contract_address),
  File "/www/wwwroot/coinceeper.com/CC/venv/lib64/python3.9/site-packages/web3/main.py", line 268, in to_checksum_address
    return to_checksum_address(value)
  File "/www/wwwroot/coinceeper.com/CC/venv/lib64/python3.9/site-packages/eth_utils/address.py", line 129, in to_checksum_address
    norm_address = to_normalized_address(value)
  File "/www/wwwroot/coinceeper.com/CC/venv/lib64/python3.9/site-packages/eth_utils/address.py", line 73, in to_normalized_address
    hex_address = hexstr_if_str(to_hex, value).lower()
  File "/www/wwwroot/coinceeper.com/CC/venv/lib64/python3.9/site-packages/eth_utils/conversions.py", line 195, in hexstr_if_str
    raise ValueError(
ValueError: when sending a str, it must be a hex string. Got: 'FvwEAhmxKfeiG8SnEvq42hc6whRyY3EFYAvebMqDNDGCgxN5Z'
2025-07-23 15:54:53 - balance_service - WARNING - خطا در دریافت موجودی TRC20 با API اصلی: 404 - {"timestamp":"2025-07-23T15:54:53.644+00:00","status":404,"error":"Not Found","path":"/v1/accounts/TGR3iCY7HHNQeiLLa8N7Mq7dcQo6ybPGf1/tokens"}
2025-07-23 15:54:54 - balance_service - ERROR - خطا در استفاده از API جایگزین 8: HTTPSConnectionPool(host='api.tronstation.io', port=443): Max retries exceeded with url: /v1/accounts/TGR3iCY7HHNQeiLLa8N7Mq7dcQo6ybPGf1/tokens (Caused by NameResolutionError("<urllib3.connection.HTTPSConnection object at 0x7fdcd59803d0>: Failed to resolve 'api.tronstation.io' ([Errno -2] Name or service not known)"))
2025-07-23 15:54:55 - balance_service - ERROR - خطا در استفاده از API جایگزین 8: HTTPSConnectionPool(host='api.tronstation.io', port=443): Max retries exceeded with url: /v1/accounts/TGR3iCY7HHNQeiLLa8N7Mq7dcQo6ybPGf1/tokens (Caused by NameResolutionError("<urllib3.connection.HTTPSConnection object at 0x7fdcd419f910>: Failed to resolve 'api.tronstation.io' ([Errno -2] Name or service not known)"))
2025-07-23 15:54:55 - balance_service - ERROR - خطا در استفاده از API جایگزین 8: HTTPSConnectionPool(host='api.tronstation.io', port=443): Max retries exceeded with url: /v1/accounts/TGR3iCY7HHNQeiLLa8N7Mq7dcQo6ybPGf1/tokens (Caused by NameResolutionError("<urllib3.connection.HTTPSConnection object at 0x7fdcd49bc4f0>: Failed to resolve 'api.tronstation.io' ([Errno -2] Name or service not known)"))
2025-07-23 15:55:02 - balance_service - WARNING - No native currency found for blockchain Bitcoin
2025-07-23 15:55:02 - balance_service - WARNING - No native currency found for blockchain Avalanche
2025-07-23 15:55:02 - balance_service - WARNING - No native currency found for blockchain Arbitrum
2025-07-23 15:55:02 - balance_service - WARNING - No native currency found for blockchain Polkadot
2025-07-23 15:55:02 - balance_service - WARNING - خطا در دریافت موجودی TRC20 با API اصلی: 404 - {"timestamp":"2025-07-23T15:55:02.907+00:00","status":404,"error":"Not Found","path":"/v1/accounts/TGR3iCY7HHNQeiLLa8N7Mq7dcQo6ybPGf1/tokens"}
2025-07-23 15:55:03 - balance_service - WARNING - خطا در دریافت موجودی TRC20 با API اصلی: 404 - {"timestamp":"2025-07-23T15:55:03.119+00:00","status":404,"error":"Not Found","path":"/v1/accounts/TGR3iCY7HHNQeiLLa8N7Mq7dcQo6ybPGf1/tokens"}
2025-07-23 15:55:03 - balance_service - ERROR - Error getting EVM token balance on Avalanche: when sending a str, it must be a hex string. Got: 'FvwEAhmxKfeiG8SnEvq42hc6whRyY3EFYAvebMqDNDGCgxN5Z'
Traceback (most recent call last):
  File "/www/wwwroot/coinceeper.com/CC/services/balance_service.py", line 157, in get_token_balance
    address=Web3.to_checksum_address(contract_address),
  File "/www/wwwroot/coinceeper.com/CC/venv/lib64/python3.9/site-packages/web3/main.py", line 268, in to_checksum_address
    return to_checksum_address(value)
  File "/www/wwwroot/coinceeper.com/CC/venv/lib64/python3.9/site-packages/eth_utils/address.py", line 129, in to_checksum_address
    norm_address = to_normalized_address(value)
  File "/www/wwwroot/coinceeper.com/CC/venv/lib64/python3.9/site-packages/eth_utils/address.py", line 73, in to_normalized_address
    hex_address = hexstr_if_str(to_hex, value).lower()
  File "/www/wwwroot/coinceeper.com/CC/venv/lib64/python3.9/site-packages/eth_utils/conversions.py", line 195, in hexstr_if_str
    raise ValueError(
ValueError: when sending a str, it must be a hex string. Got: 'FvwEAhmxKfeiG8SnEvq42hc6whRyY3EFYAvebMqDNDGCgxN5Z'
2025-07-23 15:55:03 - balance_service - WARNING - خطا در دریافت موجودی TRC20 با API اصلی: 404 - {"timestamp":"2025-07-23T15:55:03.574+00:00","status":404,"error":"Not Found","path":"/v1/accounts/TGR3iCY7HHNQeiLLa8N7Mq7dcQo6ybPGf1/tokens"}
2025-07-23 15:55:04 - balance_service - ERROR - خطا در استفاده از API جایگزین 8: HTTPSConnectionPool(host='api.tronstation.io', port=443): Max retries exceeded with url: /v1/accounts/TGR3iCY7HHNQeiLLa8N7Mq7dcQo6ybPGf1/tokens (Caused by NameResolutionError("<urllib3.connection.HTTPSConnection object at 0x7fdcd4697340>: Failed to resolve 'api.tronstation.io' ([Errno -2] Name or service not known)"))
2025-07-23 15:55:04 - balance_service - ERROR - خطا در استفاده از API جایگزین 8: HTTPSConnectionPool(host='api.tronstation.io', port=443): Max retries exceeded with url: /v1/accounts/TGR3iCY7HHNQeiLLa8N7Mq7dcQo6ybPGf1/tokens (Caused by NameResolutionError("<urllib3.connection.HTTPSConnection object at 0x7fdcd466ca90>: Failed to resolve 'api.tronstation.io' ([Errno -2] Name or service not known)"))
2025-07-23 15:55:05 - balance_service - ERROR - خطا در استفاده از API جایگزین 8: HTTPSConnectionPool(host='api.tronstation.io', port=443): Max retries exceeded with url: /v1/accounts/TGR3iCY7HHNQeiLLa8N7Mq7dcQo6ybPGf1/tokens (Caused by NameResolutionError("<urllib3.connection.HTTPSConnection object at 0x7fdcd467b070>: Failed to resolve 'api.tronstation.io' ([Errno -2] Name or service not known)"))
2025-07-23 15:55:09 - balance_service - WARNING - No native currency found for blockchain Bitcoin
2025-07-23 15:55:09 - balance_service - WARNING - No native currency found for blockchain Avalanche
2025-07-23 15:55:09 - balance_service - WARNING - No native currency found for blockchain Arbitrum
2025-07-23 15:55:09 - balance_service - WARNING - No native currency found for blockchain Polkadot
2025-07-23 15:55:09 - balance_service - WARNING - خطا در دریافت موجودی TRC20 با API اصلی: 404 - {"timestamp":"2025-07-23T15:55:09.786+00:00","status":404,"error":"Not Found","path":"/v1/accounts/TWxYj1EgkXikRh3SszVUQniB6NcLNKeRfy/tokens"}
2025-07-23 15:55:10 - balance_service - WARNING - خطا در دریافت موجودی TRC20 با API اصلی: 404 - {"timestamp":"2025-07-23T15:55:09.975+00:00","status":404,"error":"Not Found","path":"/v1/accounts/TWxYj1EgkXikRh3SszVUQniB6NcLNKeRfy/tokens"}
2025-07-23 15:55:10 - balance_service - ERROR - Error getting EVM token balance on Avalanche: when sending a str, it must be a hex string. Got: 'FvwEAhmxKfeiG8SnEvq42hc6whRyY3EFYAvebMqDNDGCgxN5Z'
Traceback (most recent call last):
  File "/www/wwwroot/coinceeper.com/CC/services/balance_service.py", line 157, in get_token_balance
    address=Web3.to_checksum_address(contract_address),
  File "/www/wwwroot/coinceeper.com/CC/venv/lib64/python3.9/site-packages/web3/main.py", line 268, in to_checksum_address
    return to_checksum_address(value)
  File "/www/wwwroot/coinceeper.com/CC/venv/lib64/python3.9/site-packages/eth_utils/address.py", line 129, in to_checksum_address
    norm_address = to_normalized_address(value)
  File "/www/wwwroot/coinceeper.com/CC/venv/lib64/python3.9/site-packages/eth_utils/address.py", line 73, in to_normalized_address
    hex_address = hexstr_if_str(to_hex, value).lower()
  File "/www/wwwroot/coinceeper.com/CC/venv/lib64/python3.9/site-packages/eth_utils/conversions.py", line 195, in hexstr_if_str
    raise ValueError(
ValueError: when sending a str, it must be a hex string. Got: 'FvwEAhmxKfeiG8SnEvq42hc6whRyY3EFYAvebMqDNDGCgxN5Z'
2025-07-23 15:55:10 - balance_service - WARNING - خطا در دریافت موجودی TRC20 با API اصلی: 404 - {"timestamp":"2025-07-23T15:55:10.656+00:00","status":404,"error":"Not Found","path":"/v1/accounts/TWxYj1EgkXikRh3SszVUQniB6NcLNKeRfy/tokens"}
2025-07-23 15:55:11 - balance_service - ERROR - خطا در استفاده از API جایگزین 8: HTTPSConnectionPool(host='api.tronstation.io', port=443): Max retries exceeded with url: /v1/accounts/TWxYj1EgkXikRh3SszVUQniB6NcLNKeRfy/tokens (Caused by NameResolutionError("<urllib3.connection.HTTPSConnection object at 0x7fdcd4445310>: Failed to resolve 'api.tronstation.io' ([Errno -2] Name or service not known)"))
2025-07-23 15:55:11 - balance_service - ERROR - خطا در استفاده از API جایگزین 8: HTTPSConnectionPool(host='api.tronstation.io', port=443): Max retries exceeded with url: /v1/accounts/TWxYj1EgkXikRh3SszVUQniB6NcLNKeRfy/tokens (Caused by NameResolutionError("<urllib3.connection.HTTPSConnection object at 0x7fdcd4409760>: Failed to resolve 'api.tronstation.io' ([Errno -2] Name or service not known)"))
2025-07-23 15:55:12 - balance_service - ERROR - خطا در استفاده از API جایگزین 8: HTTPSConnectionPool(host='api.tronstation.io', port=443): Max retries exceeded with url: /v1/accounts/TWxYj1EgkXikRh3SszVUQniB6NcLNKeRfy/tokens (Caused by NameResolutionError("<urllib3.connection.HTTPSConnection object at 0x7fdcd4409970>: Failed to resolve 'api.tronstation.io' ([Errno -2] Name or service not known)"))
2025-07-23 16:03:05 - balance_service - ERROR - Error getting simple user balance: (mysql.connector.errors.DatabaseError) 2003 (HY000): Can't connect to MySQL server on 'localhost:3306' (111)
(Background on this error at: https://sqlalche.me/e/20/4xp6)
2025-07-23 16:03:06 - balance_service - ERROR - Error getting simple user balance: (mysql.connector.errors.DatabaseError) 2003 (HY000): Can't connect to MySQL server on 'localhost:3306' (111)
(Background on this error at: https://sqlalche.me/e/20/4xp6)
2025-07-23 16:03:07 - balance_service - ERROR - Error getting simple user balance: (mysql.connector.errors.DatabaseError) 2003 (HY000): Can't connect to MySQL server on 'localhost:3306' (111)
(Background on this error at: https://sqlalche.me/e/20/4xp6)
2025-07-23 16:03:19 - balance_service - ERROR - Error getting simple user balance: (mysql.connector.errors.DatabaseError) 2003 (HY000): Can't connect to MySQL server on 'localhost:3306' (111)
(Background on this error at: https://sqlalche.me/e/20/4xp6)
2025-07-23 16:03:22 - balance_service - ERROR - Error getting simple user balance: (mysql.connector.errors.DatabaseError) 2003 (HY000): Can't connect to MySQL server on 'localhost:3306' (111)
(Background on this error at: https://sqlalche.me/e/20/4xp6)
2025-07-23 16:03:23 - balance_service - ERROR - Error getting simple user balance: (mysql.connector.errors.DatabaseError) 2003 (HY000): Can't connect to MySQL server on 'localhost:3306' (111)
(Background on this error at: https://sqlalche.me/e/20/4xp6)
2025-07-23 16:03:23 - balance_service - ERROR - Error getting simple user balance: (mysql.connector.errors.DatabaseError) 2003 (HY000): Can't connect to MySQL server on 'localhost:3306' (111)
(Background on this error at: https://sqlalche.me/e/20/4xp6)
2025-07-23 16:04:08 - balance_service - WARNING - No native currency found for blockchain Bitcoin
2025-07-23 16:04:08 - balance_service - WARNING - No native currency found for blockchain Avalanche
2025-07-23 16:04:08 - balance_service - WARNING - No native currency found for blockchain Arbitrum
2025-07-23 16:04:08 - balance_service - WARNING - No native currency found for blockchain Polkadot
2025-07-23 16:04:08 - balance_service - WARNING - خطا در دریافت موجودی TRC20 با API اصلی: 404 - {"timestamp":"2025-07-23T16:04:08.661+00:00","status":404,"error":"Not Found","path":"/v1/accounts/TGR3iCY7HHNQeiLLa8N7Mq7dcQo6ybPGf1/tokens"}
2025-07-23 16:04:09 - balance_service - WARNING - خطا در دریافت موجودی TRC20 با API اصلی: 404 - {"timestamp":"2025-07-23T16:04:09.039+00:00","status":404,"error":"Not Found","path":"/v1/accounts/TGR3iCY7HHNQeiLLa8N7Mq7dcQo6ybPGf1/tokens"}
2025-07-23 16:04:09 - balance_service - WARNING - خطا در دریافت موجودی TRC20 با API اصلی: 404 - {"timestamp":"2025-07-23T16:04:09.363+00:00","status":404,"error":"Not Found","path":"/v1/accounts/TGR3iCY7HHNQeiLLa8N7Mq7dcQo6ybPGf1/tokens"}
2025-07-23 16:04:09 - balance_service - ERROR - Error getting EVM token balance on Avalanche: when sending a str, it must be a hex string. Got: 'FvwEAhmxKfeiG8SnEvq42hc6whRyY3EFYAvebMqDNDGCgxN5Z'
Traceback (most recent call last):
  File "/www/wwwroot/coinceeper.com/CC/services/balance_service.py", line 157, in get_token_balance
    address=Web3.to_checksum_address(contract_address),
  File "/www/wwwroot/coinceeper.com/CC/venv/lib64/python3.9/site-packages/web3/main.py", line 268, in to_checksum_address
    return to_checksum_address(value)
  File "/www/wwwroot/coinceeper.com/CC/venv/lib64/python3.9/site-packages/eth_utils/address.py", line 129, in to_checksum_address
    norm_address = to_normalized_address(value)
  File "/www/wwwroot/coinceeper.com/CC/venv/lib64/python3.9/site-packages/eth_utils/address.py", line 73, in to_normalized_address
    hex_address = hexstr_if_str(to_hex, value).lower()
  File "/www/wwwroot/coinceeper.com/CC/venv/lib64/python3.9/site-packages/eth_utils/conversions.py", line 195, in hexstr_if_str
    raise ValueError(
ValueError: when sending a str, it must be a hex string. Got: 'FvwEAhmxKfeiG8SnEvq42hc6whRyY3EFYAvebMqDNDGCgxN5Z'
2025-07-23 16:04:10 - balance_service - ERROR - خطا در استفاده از API جایگزین 8: HTTPSConnectionPool(host='api.tronstation.io', port=443): Max retries exceeded with url: /v1/accounts/TGR3iCY7HHNQeiLLa8N7Mq7dcQo6ybPGf1/tokens (Caused by NameResolutionError("<urllib3.connection.HTTPSConnection object at 0x7fdcd41c6f40>: Failed to resolve 'api.tronstation.io' ([Errno -2] Name or service not known)"))
2025-07-23 16:04:10 - balance_service - ERROR - خطا در استفاده از API جایگزین 8: HTTPSConnectionPool(host='api.tronstation.io', port=443): Max retries exceeded with url: /v1/accounts/TGR3iCY7HHNQeiLLa8N7Mq7dcQo6ybPGf1/tokens (Caused by NameResolutionError("<urllib3.connection.HTTPSConnection object at 0x7fdcd51137c0>: Failed to resolve 'api.tronstation.io' ([Errno -2] Name or service not known)"))
2025-07-23 16:04:11 - balance_service - ERROR - خطا در استفاده از API جایگزین 8: HTTPSConnectionPool(host='api.tronstation.io', port=443): Max retries exceeded with url: /v1/accounts/TGR3iCY7HHNQeiLLa8N7Mq7dcQo6ybPGf1/tokens (Caused by NameResolutionError("<urllib3.connection.HTTPSConnection object at 0x7fdcd59e4850>: Failed to resolve 'api.tronstation.io' ([Errno -2] Name or service not known)"))
2025-07-23 16:04:13 - balance_service - WARNING - No native currency found for blockchain Bitcoin
2025-07-23 16:04:13 - balance_service - WARNING - No native currency found for blockchain Avalanche
2025-07-23 16:04:13 - balance_service - WARNING - No native currency found for blockchain Arbitrum
2025-07-23 16:04:13 - balance_service - WARNING - No native currency found for blockchain Polkadot
2025-07-23 16:04:13 - balance_service - WARNING - خطا در دریافت موجودی TRC20 با API اصلی: 404 - {"timestamp":"2025-07-23T16:04:13.695+00:00","status":404,"error":"Not Found","path":"/v1/accounts/TWxYj1EgkXikRh3SszVUQniB6NcLNKeRfy/tokens"}
2025-07-23 16:04:13 - balance_service - WARNING - خطا در دریافت موجودی TRC20 با API اصلی: 404 - {"timestamp":"2025-07-23T16:04:13.890+00:00","status":404,"error":"Not Found","path":"/v1/accounts/TWxYj1EgkXikRh3SszVUQniB6NcLNKeRfy/tokens"}
2025-07-23 16:04:14 - balance_service - ERROR - Error getting EVM token balance on Avalanche: when sending a str, it must be a hex string. Got: 'FvwEAhmxKfeiG8SnEvq42hc6whRyY3EFYAvebMqDNDGCgxN5Z'
Traceback (most recent call last):
  File "/www/wwwroot/coinceeper.com/CC/services/balance_service.py", line 157, in get_token_balance
    address=Web3.to_checksum_address(contract_address),
  File "/www/wwwroot/coinceeper.com/CC/venv/lib64/python3.9/site-packages/web3/main.py", line 268, in to_checksum_address
    return to_checksum_address(value)
  File "/www/wwwroot/coinceeper.com/CC/venv/lib64/python3.9/site-packages/eth_utils/address.py", line 129, in to_checksum_address
    norm_address = to_normalized_address(value)
  File "/www/wwwroot/coinceeper.com/CC/venv/lib64/python3.9/site-packages/eth_utils/address.py", line 73, in to_normalized_address
    hex_address = hexstr_if_str(to_hex, value).lower()
  File "/www/wwwroot/coinceeper.com/CC/venv/lib64/python3.9/site-packages/eth_utils/conversions.py", line 195, in hexstr_if_str
    raise ValueError(
ValueError: when sending a str, it must be a hex string. Got: 'FvwEAhmxKfeiG8SnEvq42hc6whRyY3EFYAvebMqDNDGCgxN5Z'
2025-07-23 16:04:14 - balance_service - WARNING - خطا در دریافت موجودی TRC20 با API اصلی: 404 - {"timestamp":"2025-07-23T16:04:14.573+00:00","status":404,"error":"Not Found","path":"/v1/accounts/TWxYj1EgkXikRh3SszVUQniB6NcLNKeRfy/tokens"}
2025-07-23 16:04:15 - balance_service - ERROR - خطا در استفاده از API جایگزین 8: HTTPSConnectionPool(host='api.tronstation.io', port=443): Max retries exceeded with url: /v1/accounts/TWxYj1EgkXikRh3SszVUQniB6NcLNKeRfy/tokens (Caused by NameResolutionError("<urllib3.connection.HTTPSConnection object at 0x7fdcd4651910>: Failed to resolve 'api.tronstation.io' ([Errno -2] Name or service not known)"))
2025-07-23 16:04:15 - balance_service - ERROR - خطا در استفاده از API جایگزین 8: HTTPSConnectionPool(host='api.tronstation.io', port=443): Max retries exceeded with url: /v1/accounts/TWxYj1EgkXikRh3SszVUQniB6NcLNKeRfy/tokens (Caused by NameResolutionError("<urllib3.connection.HTTPSConnection object at 0x7fdcd466c790>: Failed to resolve 'api.tronstation.io' ([Errno -2] Name or service not known)"))
2025-07-23 16:04:16 - balance_service - ERROR - خطا در استفاده از API جایگزین 8: HTTPSConnectionPool(host='api.tronstation.io', port=443): Max retries exceeded with url: /v1/accounts/TWxYj1EgkXikRh3SszVUQniB6NcLNKeRfy/tokens (Caused by NameResolutionError("<urllib3.connection.HTTPSConnection object at 0x7fdcd46b56a0>: Failed to resolve 'api.tronstation.io' ([Errno -2] Name or service not known)"))
2025-07-23 16:12:06 - balance_service - WARNING - No native currency found for blockchain Bitcoin
2025-07-23 16:12:06 - balance_service - WARNING - No native currency found for blockchain Avalanche
2025-07-23 16:12:06 - balance_service - WARNING - No native currency found for blockchain Arbitrum
2025-07-23 16:12:06 - balance_service - WARNING - No native currency found for blockchain Polkadot
2025-07-23 16:12:07 - balance_service - WARNING - خطا در دریافت موجودی TRC20 با API اصلی: 404 - {"timestamp":"2025-07-23T16:12:07.259+00:00","status":404,"error":"Not Found","path":"/v1/accounts/TWxYj1EgkXikRh3SszVUQniB6NcLNKeRfy/tokens"}
2025-07-23 16:12:07 - balance_service - WARNING - خطا در دریافت موجودی TRC20 با API اصلی: 404 - {"timestamp":"2025-07-23T16:12:07.495+00:00","status":404,"error":"Not Found","path":"/v1/accounts/TWxYj1EgkXikRh3SszVUQniB6NcLNKeRfy/tokens"}
2025-07-23 16:12:07 - balance_service - WARNING - خطا در دریافت موجودی TRC20 با API اصلی: 404 - {"timestamp":"2025-07-23T16:12:07.869+00:00","status":404,"error":"Not Found","path":"/v1/accounts/TWxYj1EgkXikRh3SszVUQniB6NcLNKeRfy/tokens"}
2025-07-23 16:12:07 - balance_service - ERROR - Error getting EVM token balance on Avalanche: when sending a str, it must be a hex string. Got: 'FvwEAhmxKfeiG8SnEvq42hc6whRyY3EFYAvebMqDNDGCgxN5Z'
Traceback (most recent call last):
  File "/www/wwwroot/coinceeper.com/CC/services/balance_service.py", line 157, in get_token_balance
    address=Web3.to_checksum_address(contract_address),
  File "/www/wwwroot/coinceeper.com/CC/venv/lib64/python3.9/site-packages/web3/main.py", line 268, in to_checksum_address
    return to_checksum_address(value)
  File "/www/wwwroot/coinceeper.com/CC/venv/lib64/python3.9/site-packages/eth_utils/address.py", line 129, in to_checksum_address
    norm_address = to_normalized_address(value)
  File "/www/wwwroot/coinceeper.com/CC/venv/lib64/python3.9/site-packages/eth_utils/address.py", line 73, in to_normalized_address
    hex_address = hexstr_if_str(to_hex, value).lower()
  File "/www/wwwroot/coinceeper.com/CC/venv/lib64/python3.9/site-packages/eth_utils/conversions.py", line 195, in hexstr_if_str
    raise ValueError(
ValueError: when sending a str, it must be a hex string. Got: 'FvwEAhmxKfeiG8SnEvq42hc6whRyY3EFYAvebMqDNDGCgxN5Z'
2025-07-23 16:12:08 - balance_service - ERROR - خطا در استفاده از API جایگزین 8: HTTPSConnectionPool(host='api.tronstation.io', port=443): Max retries exceeded with url: /v1/accounts/TWxYj1EgkXikRh3SszVUQniB6NcLNKeRfy/tokens (Caused by NameResolutionError("<urllib3.connection.HTTPSConnection object at 0x7fdcd59dc0d0>: Failed to resolve 'api.tronstation.io' ([Errno -2] Name or service not known)"))
2025-07-23 16:12:09 - balance_service - ERROR - خطا در استفاده از API جایگزین 8: HTTPSConnectionPool(host='api.tronstation.io', port=443): Max retries exceeded with url: /v1/accounts/TWxYj1EgkXikRh3SszVUQniB6NcLNKeRfy/tokens (Caused by NameResolutionError("<urllib3.connection.HTTPSConnection object at 0x7fdcd4954760>: Failed to resolve 'api.tronstation.io' ([Errno -2] Name or service not known)"))
2025-07-23 16:12:09 - balance_service - ERROR - خطا در استفاده از API جایگزین 8: HTTPSConnectionPool(host='api.tronstation.io', port=443): Max retries exceeded with url: /v1/accounts/TWxYj1EgkXikRh3SszVUQniB6NcLNKeRfy/tokens (Caused by NameResolutionError("<urllib3.connection.HTTPSConnection object at 0x7fdcd41a6970>: Failed to resolve 'api.tronstation.io' ([Errno -2] Name or service not known)"))
2025-07-23 16:27:21 - balance_service - WARNING - No native currency found for blockchain Bitcoin
2025-07-23 16:27:21 - balance_service - WARNING - No native currency found for blockchain Avalanche
2025-07-23 16:27:21 - balance_service - WARNING - No native currency found for blockchain Arbitrum
2025-07-23 16:27:21 - balance_service - WARNING - No native currency found for blockchain Polkadot
2025-07-23 16:27:22 - balance_service - WARNING - خطا در دریافت موجودی TRC20 با API اصلی: 404 - {"timestamp":"2025-07-23T16:27:22.807+00:00","status":404,"error":"Not Found","path":"/v1/accounts/TGR3iCY7HHNQeiLLa8N7Mq7dcQo6ybPGf1/tokens"}
2025-07-23 16:27:23 - balance_service - WARNING - خطا در دریافت موجودی TRC20 با API اصلی: 404 - {"timestamp":"2025-07-23T16:27:23.030+00:00","status":404,"error":"Not Found","path":"/v1/accounts/TGR3iCY7HHNQeiLLa8N7Mq7dcQo6ybPGf1/tokens"}
2025-07-23 16:27:23 - balance_service - WARNING - خطا در دریافت موجودی TRC20 با API اصلی: 404 - {"timestamp":"2025-07-23T16:27:23.483+00:00","status":404,"error":"Not Found","path":"/v1/accounts/TGR3iCY7HHNQeiLLa8N7Mq7dcQo6ybPGf1/tokens"}
2025-07-23 16:27:23 - balance_service - ERROR - Error getting EVM token balance on Avalanche: when sending a str, it must be a hex string. Got: 'FvwEAhmxKfeiG8SnEvq42hc6whRyY3EFYAvebMqDNDGCgxN5Z'
Traceback (most recent call last):
  File "/www/wwwroot/coinceeper.com/CC/services/balance_service.py", line 157, in get_token_balance
    address=Web3.to_checksum_address(contract_address),
  File "/www/wwwroot/coinceeper.com/CC/venv/lib64/python3.9/site-packages/web3/main.py", line 268, in to_checksum_address
    return to_checksum_address(value)
  File "/www/wwwroot/coinceeper.com/CC/venv/lib64/python3.9/site-packages/eth_utils/address.py", line 129, in to_checksum_address
    norm_address = to_normalized_address(value)
  File "/www/wwwroot/coinceeper.com/CC/venv/lib64/python3.9/site-packages/eth_utils/address.py", line 73, in to_normalized_address
    hex_address = hexstr_if_str(to_hex, value).lower()
  File "/www/wwwroot/coinceeper.com/CC/venv/lib64/python3.9/site-packages/eth_utils/conversions.py", line 195, in hexstr_if_str
    raise ValueError(
ValueError: when sending a str, it must be a hex string. Got: 'FvwEAhmxKfeiG8SnEvq42hc6whRyY3EFYAvebMqDNDGCgxN5Z'
2025-07-23 16:27:24 - balance_service - ERROR - خطا در استفاده از API جایگزین 8: HTTPSConnectionPool(host='api.tronstation.io', port=443): Max retries exceeded with url: /v1/accounts/TGR3iCY7HHNQeiLLa8N7Mq7dcQo6ybPGf1/tokens (Caused by NameResolutionError("<urllib3.connection.HTTPSConnection object at 0x7fdcd44d5220>: Failed to resolve 'api.tronstation.io' ([Errno -2] Name or service not known)"))
2025-07-23 16:27:24 - balance_service - ERROR - خطا در استفاده از API جایگزین 8: HTTPSConnectionPool(host='api.tronstation.io', port=443): Max retries exceeded with url: /v1/accounts/TGR3iCY7HHNQeiLLa8N7Mq7dcQo6ybPGf1/tokens (Caused by NameResolutionError("<urllib3.connection.HTTPSConnection object at 0x7fdcd45a2a60>: Failed to resolve 'api.tronstation.io' ([Errno -2] Name or service not known)"))
2025-07-23 16:27:25 - balance_service - ERROR - خطا در استفاده از API جایگزین 8: HTTPSConnectionPool(host='api.tronstation.io', port=443): Max retries exceeded with url: /v1/accounts/TGR3iCY7HHNQeiLLa8N7Mq7dcQo6ybPGf1/tokens (Caused by NameResolutionError("<urllib3.connection.HTTPSConnection object at 0x7fdcd45614f0>: Failed to resolve 'api.tronstation.io' ([Errno -2] Name or service not known)"))
2025-07-23 16:27:32 - balance_service - WARNING - No native currency found for blockchain Bitcoin
2025-07-23 16:27:32 - balance_service - WARNING - No native currency found for blockchain Avalanche
2025-07-23 16:27:32 - balance_service - WARNING - No native currency found for blockchain Arbitrum
2025-07-23 16:27:32 - balance_service - WARNING - No native currency found for blockchain Polkadot
2025-07-23 16:27:33 - balance_service - WARNING - خطا در دریافت موجودی TRC20 با API اصلی: 404 - {"timestamp":"2025-07-23T16:27:33.905+00:00","status":404,"error":"Not Found","path":"/v1/accounts/TGR3iCY7HHNQeiLLa8N7Mq7dcQo6ybPGf1/tokens"}
2025-07-23 16:27:34 - balance_service - WARNING - خطا در دریافت موجودی TRC20 با API اصلی: 404 - {"timestamp":"2025-07-23T16:27:34.128+00:00","status":404,"error":"Not Found","path":"/v1/accounts/TGR3iCY7HHNQeiLLa8N7Mq7dcQo6ybPGf1/tokens"}
2025-07-23 16:27:34 - balance_service - WARNING - خطا در دریافت موجودی TRC20 با API اصلی: 404 - {"timestamp":"2025-07-23T16:27:34.811+00:00","status":404,"error":"Not Found","path":"/v1/accounts/TGR3iCY7HHNQeiLLa8N7Mq7dcQo6ybPGf1/tokens"}
2025-07-23 16:27:34 - balance_service - ERROR - Error getting EVM token balance on Avalanche: when sending a str, it must be a hex string. Got: 'FvwEAhmxKfeiG8SnEvq42hc6whRyY3EFYAvebMqDNDGCgxN5Z'
Traceback (most recent call last):
  File "/www/wwwroot/coinceeper.com/CC/services/balance_service.py", line 157, in get_token_balance
    address=Web3.to_checksum_address(contract_address),
  File "/www/wwwroot/coinceeper.com/CC/venv/lib64/python3.9/site-packages/web3/main.py", line 268, in to_checksum_address
    return to_checksum_address(value)
  File "/www/wwwroot/coinceeper.com/CC/venv/lib64/python3.9/site-packages/eth_utils/address.py", line 129, in to_checksum_address
    norm_address = to_normalized_address(value)
  File "/www/wwwroot/coinceeper.com/CC/venv/lib64/python3.9/site-packages/eth_utils/address.py", line 73, in to_normalized_address
    hex_address = hexstr_if_str(to_hex, value).lower()
  File "/www/wwwroot/coinceeper.com/CC/venv/lib64/python3.9/site-packages/eth_utils/conversions.py", line 195, in hexstr_if_str
    raise ValueError(
ValueError: when sending a str, it must be a hex string. Got: 'FvwEAhmxKfeiG8SnEvq42hc6whRyY3EFYAvebMqDNDGCgxN5Z'
2025-07-23 16:27:35 - balance_service - ERROR - خطا در استفاده از API جایگزین 8: HTTPSConnectionPool(host='api.tronstation.io', port=443): Max retries exceeded with url: /v1/accounts/TGR3iCY7HHNQeiLLa8N7Mq7dcQo6ybPGf1/tokens (Caused by NameResolutionError("<urllib3.connection.HTTPSConnection object at 0x7fdcd44a76a0>: Failed to resolve 'api.tronstation.io' ([Errno -2] Name or service not known)"))
2025-07-23 16:27:35 - balance_service - ERROR - خطا در استفاده از API جایگزین 8: HTTPSConnectionPool(host='api.tronstation.io', port=443): Max retries exceeded with url: /v1/accounts/TGR3iCY7HHNQeiLLa8N7Mq7dcQo6ybPGf1/tokens (Caused by NameResolutionError("<urllib3.connection.HTTPSConnection object at 0x7fdcd45e3640>: Failed to resolve 'api.tronstation.io' ([Errno -2] Name or service not known)"))
2025-07-23 16:27:36 - balance_service - ERROR - خطا در استفاده از API جایگزین 8: HTTPSConnectionPool(host='api.tronstation.io', port=443): Max retries exceeded with url: /v1/accounts/TGR3iCY7HHNQeiLLa8N7Mq7dcQo6ybPGf1/tokens (Caused by NameResolutionError("<urllib3.connection.HTTPSConnection object at 0x7fdcd449b130>: Failed to resolve 'api.tronstation.io' ([Errno -2] Name or service not known)"))
2025-07-23 16:27:37 - balance_service - ERROR - Error getting EVM token balance on Ethereum: 429 Client Error: Too Many Requests for url: https://mainnet.infura.io/v3/a8ab43a04ce044de988a838d92f478a7
Traceback (most recent call last):
  File "/www/wwwroot/coinceeper.com/CC/services/balance_service.py", line 163, in get_token_balance
    balance = token_contract.functions.balanceOf(
  File "/www/wwwroot/coinceeper.com/CC/venv/lib64/python3.9/site-packages/web3/contract/contract.py", line 291, in call
    return call_contract_function(
  File "/www/wwwroot/coinceeper.com/CC/venv/lib64/python3.9/site-packages/web3/contract/utils.py", line 154, in call_contract_function
    return_data = w3.eth.call(
  File "/www/wwwroot/coinceeper.com/CC/venv/lib64/python3.9/site-packages/web3/eth/eth.py", line 247, in call
    return self._durin_call(transaction, block_identifier, state_override)
  File "/www/wwwroot/coinceeper.com/CC/venv/lib64/python3.9/site-packages/web3/eth/eth.py", line 266, in _durin_call
    return self._call(transaction, block_identifier, state_override)
  File "/www/wwwroot/coinceeper.com/CC/venv/lib64/python3.9/site-packages/web3/module.py", line 112, in caller
    result = w3.manager.request_blocking(
  File "/www/wwwroot/coinceeper.com/CC/venv/lib64/python3.9/site-packages/web3/manager.py", line 231, in request_blocking
    response = self._make_request(method, params)
  File "/www/wwwroot/coinceeper.com/CC/venv/lib64/python3.9/site-packages/web3/manager.py", line 163, in _make_request
    return request_func(method, params)
  File "/www/wwwroot/coinceeper.com/CC/venv/lib64/python3.9/site-packages/web3/middleware/base.py", line 56, in middleware
    return self.response_processor(method, make_request(method, params))
  File "/www/wwwroot/coinceeper.com/CC/venv/lib64/python3.9/site-packages/web3/middleware/base.py", line 56, in middleware
    return self.response_processor(method, make_request(method, params))
  File "/www/wwwroot/coinceeper.com/CC/venv/lib64/python3.9/site-packages/web3/middleware/base.py", line 56, in middleware
    return self.response_processor(method, make_request(method, params))
  [Previous line repeated 2 more times]
  File "/www/wwwroot/coinceeper.com/CC/venv/lib64/python3.9/site-packages/web3/_utils/caching/caching_utils.py", line 261, in wrapper
    return func(provider, method, params)
  File "/www/wwwroot/coinceeper.com/CC/venv/lib64/python3.9/site-packages/web3/providers/rpc/rpc.py", line 170, in make_request
    raw_response = self._make_request(method, request_data)
  File "/www/wwwroot/coinceeper.com/CC/venv/lib64/python3.9/site-packages/web3/providers/rpc/rpc.py", line 157, in _make_request
    raise e
  File "/www/wwwroot/coinceeper.com/CC/venv/lib64/python3.9/site-packages/web3/providers/rpc/rpc.py", line 147, in _make_request
    return self._request_session_manager.make_post_request(
  File "/www/wwwroot/coinceeper.com/CC/venv/lib64/python3.9/site-packages/web3/_utils/http_session_manager.py", line 148, in make_post_request
    response.raise_for_status()
  File "/www/wwwroot/coinceeper.com/CC/venv/lib64/python3.9/site-packages/requests/models.py", line 1024, in raise_for_status
    raise HTTPError(http_error_msg, response=self)
requests.exceptions.HTTPError: 429 Client Error: Too Many Requests for url: https://mainnet.infura.io/v3/a8ab43a04ce044de988a838d92f478a7
2025-07-23 16:28:39 - balance_service - WARNING - No native currency found for blockchain Bitcoin
2025-07-23 16:28:39 - balance_service - WARNING - No native currency found for blockchain Avalanche
2025-07-23 16:28:39 - balance_service - WARNING - No native currency found for blockchain Arbitrum
2025-07-23 16:28:39 - balance_service - WARNING - No native currency found for blockchain Polkadot
2025-07-23 16:28:40 - balance_service - WARNING - خطا در دریافت موجودی TRC20 با API اصلی: 404 - {"timestamp":"2025-07-23T16:28:40.154+00:00","status":404,"error":"Not Found","path":"/v1/accounts/TWxYj1EgkXikRh3SszVUQniB6NcLNKeRfy/tokens"}
2025-07-23 16:28:40 - balance_service - WARNING - خطا در دریافت موجودی TRC20 با API اصلی: 404 - {"timestamp":"2025-07-23T16:28:40.358+00:00","status":404,"error":"Not Found","path":"/v1/accounts/TWxYj1EgkXikRh3SszVUQniB6NcLNKeRfy/tokens"}
2025-07-23 16:28:41 - balance_service - WARNING - خطا در دریافت موجودی TRC20 با API اصلی: 404 - {"timestamp":"2025-07-23T16:28:41.343+00:00","status":404,"error":"Not Found","path":"/v1/accounts/TWxYj1EgkXikRh3SszVUQniB6NcLNKeRfy/tokens"}
2025-07-23 16:28:41 - balance_service - ERROR - خطا در استفاده از API جایگزین 8: HTTPSConnectionPool(host='api.tronstation.io', port=443): Max retries exceeded with url: /v1/accounts/TWxYj1EgkXikRh3SszVUQniB6NcLNKeRfy/tokens (Caused by NameResolutionError("<urllib3.connection.HTTPSConnection object at 0x7fdcd445b460>: Failed to resolve 'api.tronstation.io' ([Errno -2] Name or service not known)"))
2025-07-23 16:28:41 - balance_service - ERROR - Error getting EVM token balance on Avalanche: when sending a str, it must be a hex string. Got: 'FvwEAhmxKfeiG8SnEvq42hc6whRyY3EFYAvebMqDNDGCgxN5Z'
Traceback (most recent call last):
  File "/www/wwwroot/coinceeper.com/CC/services/balance_service.py", line 157, in get_token_balance
    address=Web3.to_checksum_address(contract_address),
  File "/www/wwwroot/coinceeper.com/CC/venv/lib64/python3.9/site-packages/web3/main.py", line 268, in to_checksum_address
    return to_checksum_address(value)
  File "/www/wwwroot/coinceeper.com/CC/venv/lib64/python3.9/site-packages/eth_utils/address.py", line 129, in to_checksum_address
    norm_address = to_normalized_address(value)
  File "/www/wwwroot/coinceeper.com/CC/venv/lib64/python3.9/site-packages/eth_utils/address.py", line 73, in to_normalized_address
    hex_address = hexstr_if_str(to_hex, value).lower()
  File "/www/wwwroot/coinceeper.com/CC/venv/lib64/python3.9/site-packages/eth_utils/conversions.py", line 195, in hexstr_if_str
    raise ValueError(
ValueError: when sending a str, it must be a hex string. Got: 'FvwEAhmxKfeiG8SnEvq42hc6whRyY3EFYAvebMqDNDGCgxN5Z'
2025-07-23 16:28:42 - balance_service - ERROR - خطا در استفاده از API جایگزین 8: HTTPSConnectionPool(host='api.tronstation.io', port=443): Max retries exceeded with url: /v1/accounts/TWxYj1EgkXikRh3SszVUQniB6NcLNKeRfy/tokens (Caused by NameResolutionError("<urllib3.connection.HTTPSConnection object at 0x7fdcd43f49d0>: Failed to resolve 'api.tronstation.io' ([Errno -2] Name or service not known)"))
2025-07-23 16:28:43 - balance_service - ERROR - خطا در استفاده از API جایگزین 8: HTTPSConnectionPool(host='api.tronstation.io', port=443): Max retries exceeded with url: /v1/accounts/TWxYj1EgkXikRh3SszVUQniB6NcLNKeRfy/tokens (Caused by NameResolutionError("<urllib3.connection.HTTPSConnection object at 0x7fdcd44b20a0>: Failed to resolve 'api.tronstation.io' ([Errno -2] Name or service not known)"))
2025-07-23 16:29:18 - balance_service - WARNING - No native currency found for blockchain Bitcoin
2025-07-23 16:29:18 - balance_service - WARNING - No native currency found for blockchain Avalanche
2025-07-23 16:29:18 - balance_service - WARNING - No native currency found for blockchain Arbitrum
2025-07-23 16:29:18 - balance_service - WARNING - No native currency found for blockchain Polkadot
2025-07-23 16:29:19 - balance_service - WARNING - خطا در دریافت موجودی TRC20 با API اصلی: 404 - {"timestamp":"2025-07-23T16:29:19.272+00:00","status":404,"error":"Not Found","path":"/v1/accounts/TGR3iCY7HHNQeiLLa8N7Mq7dcQo6ybPGf1/tokens"}
2025-07-23 16:29:19 - balance_service - WARNING - خطا در دریافت موجودی TRC20 با API اصلی: 404 - {"timestamp":"2025-07-23T16:29:19.498+00:00","status":404,"error":"Not Found","path":"/v1/accounts/TGR3iCY7HHNQeiLLa8N7Mq7dcQo6ybPGf1/tokens"}
2025-07-23 16:29:20 - balance_service - WARNING - خطا در دریافت موجودی TRC20 با API اصلی: 404 - {"timestamp":"2025-07-23T16:29:20.401+00:00","status":404,"error":"Not Found","path":"/v1/accounts/TGR3iCY7HHNQeiLLa8N7Mq7dcQo6ybPGf1/tokens"}
2025-07-23 16:29:20 - balance_service - ERROR - Error getting EVM token balance on Avalanche: when sending a str, it must be a hex string. Got: 'FvwEAhmxKfeiG8SnEvq42hc6whRyY3EFYAvebMqDNDGCgxN5Z'
Traceback (most recent call last):
  File "/www/wwwroot/coinceeper.com/CC/services/balance_service.py", line 157, in get_token_balance
    address=Web3.to_checksum_address(contract_address),
  File "/www/wwwroot/coinceeper.com/CC/venv/lib64/python3.9/site-packages/web3/main.py", line 268, in to_checksum_address
    return to_checksum_address(value)
  File "/www/wwwroot/coinceeper.com/CC/venv/lib64/python3.9/site-packages/eth_utils/address.py", line 129, in to_checksum_address
    norm_address = to_normalized_address(value)
  File "/www/wwwroot/coinceeper.com/CC/venv/lib64/python3.9/site-packages/eth_utils/address.py", line 73, in to_normalized_address
    hex_address = hexstr_if_str(to_hex, value).lower()
  File "/www/wwwroot/coinceeper.com/CC/venv/lib64/python3.9/site-packages/eth_utils/conversions.py", line 195, in hexstr_if_str
    raise ValueError(
ValueError: when sending a str, it must be a hex string. Got: 'FvwEAhmxKfeiG8SnEvq42hc6whRyY3EFYAvebMqDNDGCgxN5Z'
2025-07-23 16:29:20 - balance_service - ERROR - خطا در استفاده از API جایگزین 8: HTTPSConnectionPool(host='api.tronstation.io', port=443): Max retries exceeded with url: /v1/accounts/TGR3iCY7HHNQeiLLa8N7Mq7dcQo6ybPGf1/tokens (Caused by NameResolutionError("<urllib3.connection.HTTPSConnection object at 0x7fdcd43c2100>: Failed to resolve 'api.tronstation.io' ([Errno -2] Name or service not known)"))
2025-07-23 16:29:21 - balance_service - ERROR - خطا در استفاده از API جایگزین 8: HTTPSConnectionPool(host='api.tronstation.io', port=443): Max retries exceeded with url: /v1/accounts/TGR3iCY7HHNQeiLLa8N7Mq7dcQo6ybPGf1/tokens (Caused by NameResolutionError("<urllib3.connection.HTTPSConnection object at 0x7fdcd43b14c0>: Failed to resolve 'api.tronstation.io' ([Errno -2] Name or service not known)"))
2025-07-23 16:29:22 - balance_service - ERROR - خطا در استفاده از API جایگزین 8: HTTPSConnectionPool(host='api.tronstation.io', port=443): Max retries exceeded with url: /v1/accounts/TGR3iCY7HHNQeiLLa8N7Mq7dcQo6ybPGf1/tokens (Caused by NameResolutionError("<urllib3.connection.HTTPSConnection object at 0x7fdcd43d21f0>: Failed to resolve 'api.tronstation.io' ([Errno -2] Name or service not known)"))
2025-07-23 16:29:46 - balance_service - WARNING - No native currency found for blockchain Bitcoin
2025-07-23 16:29:46 - balance_service - WARNING - No native currency found for blockchain Avalanche
2025-07-23 16:29:46 - balance_service - WARNING - No native currency found for blockchain Arbitrum
2025-07-23 16:29:46 - balance_service - WARNING - No native currency found for blockchain Polkadot
2025-07-23 16:29:47 - balance_service - WARNING - خطا در دریافت موجودی TRC20 با API اصلی: 404 - {"timestamp":"2025-07-23T16:29:47.040+00:00","status":404,"error":"Not Found","path":"/v1/accounts/TWxYj1EgkXikRh3SszVUQniB6NcLNKeRfy/tokens"}
2025-07-23 16:29:47 - balance_service - WARNING - خطا در دریافت موجودی TRC20 با API اصلی: 404 - {"timestamp":"2025-07-23T16:29:47.330+00:00","status":404,"error":"Not Found","path":"/v1/accounts/TWxYj1EgkXikRh3SszVUQniB6NcLNKeRfy/tokens"}
2025-07-23 16:29:47 - balance_service - ERROR - Error getting EVM token balance on Avalanche: when sending a str, it must be a hex string. Got: 'FvwEAhmxKfeiG8SnEvq42hc6whRyY3EFYAvebMqDNDGCgxN5Z'
Traceback (most recent call last):
  File "/www/wwwroot/coinceeper.com/CC/services/balance_service.py", line 157, in get_token_balance
    address=Web3.to_checksum_address(contract_address),
  File "/www/wwwroot/coinceeper.com/CC/venv/lib64/python3.9/site-packages/web3/main.py", line 268, in to_checksum_address
    return to_checksum_address(value)
  File "/www/wwwroot/coinceeper.com/CC/venv/lib64/python3.9/site-packages/eth_utils/address.py", line 129, in to_checksum_address
    norm_address = to_normalized_address(value)
  File "/www/wwwroot/coinceeper.com/CC/venv/lib64/python3.9/site-packages/eth_utils/address.py", line 73, in to_normalized_address
    hex_address = hexstr_if_str(to_hex, value).lower()
  File "/www/wwwroot/coinceeper.com/CC/venv/lib64/python3.9/site-packages/eth_utils/conversions.py", line 195, in hexstr_if_str
    raise ValueError(
ValueError: when sending a str, it must be a hex string. Got: 'FvwEAhmxKfeiG8SnEvq42hc6whRyY3EFYAvebMqDNDGCgxN5Z'
2025-07-23 16:29:47 - balance_service - WARNING - خطا در دریافت موجودی TRC20 با API اصلی: 404 - {"timestamp":"2025-07-23T16:29:47.720+00:00","status":404,"error":"Not Found","path":"/v1/accounts/TWxYj1EgkXikRh3SszVUQniB6NcLNKeRfy/tokens"}
2025-07-23 16:29:48 - balance_service - ERROR - خطا در استفاده از API جایگزین 8: HTTPSConnectionPool(host='api.tronstation.io', port=443): Max retries exceeded with url: /v1/accounts/TWxYj1EgkXikRh3SszVUQniB6NcLNKeRfy/tokens (Caused by NameResolutionError("<urllib3.connection.HTTPSConnection object at 0x7fdcd49e5940>: Failed to resolve 'api.tronstation.io' ([Errno -2] Name or service not known)"))
2025-07-23 16:29:49 - balance_service - ERROR - خطا در استفاده از API جایگزین 8: HTTPSConnectionPool(host='api.tronstation.io', port=443): Max retries exceeded with url: /v1/accounts/TWxYj1EgkXikRh3SszVUQniB6NcLNKeRfy/tokens (Caused by NameResolutionError("<urllib3.connection.HTTPSConnection object at 0x7fdcd439d340>: Failed to resolve 'api.tronstation.io' ([Errno -2] Name or service not known)"))
2025-07-23 16:29:49 - balance_service - ERROR - خطا در استفاده از API جایگزین 8: HTTPSConnectionPool(host='api.tronstation.io', port=443): Max retries exceeded with url: /v1/accounts/TWxYj1EgkXikRh3SszVUQniB6NcLNKeRfy/tokens (Caused by NameResolutionError("<urllib3.connection.HTTPSConnection object at 0x7fdcd49c1e20>: Failed to resolve 'api.tronstation.io' ([Errno -2] Name or service not known)"))
2025-07-23 16:30:02 - balance_service - WARNING - No native currency found for blockchain Bitcoin
2025-07-23 16:30:02 - balance_service - WARNING - No native currency found for blockchain Avalanche
2025-07-23 16:30:02 - balance_service - WARNING - No native currency found for blockchain Arbitrum
2025-07-23 16:30:02 - balance_service - WARNING - No native currency found for blockchain Polkadot
2025-07-23 16:30:03 - balance_service - WARNING - خطا در دریافت موجودی TRC20 با API اصلی: 404 - {"timestamp":"2025-07-23T16:30:03.549+00:00","status":404,"error":"Not Found","path":"/v1/accounts/TGR3iCY7HHNQeiLLa8N7Mq7dcQo6ybPGf1/tokens"}
2025-07-23 16:30:03 - balance_service - WARNING - خطا در دریافت موجودی TRC20 با API اصلی: 404 - {"timestamp":"2025-07-23T16:30:03.740+00:00","status":404,"error":"Not Found","path":"/v1/accounts/TGR3iCY7HHNQeiLLa8N7Mq7dcQo6ybPGf1/tokens"}
2025-07-23 16:30:04 - balance_service - ERROR - Error getting EVM token balance on Avalanche: when sending a str, it must be a hex string. Got: 'FvwEAhmxKfeiG8SnEvq42hc6whRyY3EFYAvebMqDNDGCgxN5Z'
Traceback (most recent call last):
  File "/www/wwwroot/coinceeper.com/CC/services/balance_service.py", line 157, in get_token_balance
    address=Web3.to_checksum_address(contract_address),
  File "/www/wwwroot/coinceeper.com/CC/venv/lib64/python3.9/site-packages/web3/main.py", line 268, in to_checksum_address
    return to_checksum_address(value)
  File "/www/wwwroot/coinceeper.com/CC/venv/lib64/python3.9/site-packages/eth_utils/address.py", line 129, in to_checksum_address
    norm_address = to_normalized_address(value)
  File "/www/wwwroot/coinceeper.com/CC/venv/lib64/python3.9/site-packages/eth_utils/address.py", line 73, in to_normalized_address
    hex_address = hexstr_if_str(to_hex, value).lower()
  File "/www/wwwroot/coinceeper.com/CC/venv/lib64/python3.9/site-packages/eth_utils/conversions.py", line 195, in hexstr_if_str
    raise ValueError(
ValueError: when sending a str, it must be a hex string. Got: 'FvwEAhmxKfeiG8SnEvq42hc6whRyY3EFYAvebMqDNDGCgxN5Z'
2025-07-23 16:30:04 - balance_service - WARNING - خطا در دریافت موجودی TRC20 با API اصلی: 404 - {"timestamp":"2025-07-23T16:30:04.312+00:00","status":404,"error":"Not Found","path":"/v1/accounts/TGR3iCY7HHNQeiLLa8N7Mq7dcQo6ybPGf1/tokens"}
2025-07-23 16:30:05 - balance_service - ERROR - خطا در استفاده از API جایگزین 8: HTTPSConnectionPool(host='api.tronstation.io', port=443): Max retries exceeded with url: /v1/accounts/TGR3iCY7HHNQeiLLa8N7Mq7dcQo6ybPGf1/tokens (Caused by NameResolutionError("<urllib3.connection.HTTPSConnection object at 0x7fdcd593b130>: Failed to resolve 'api.tronstation.io' ([Errno -2] Name or service not known)"))
2025-07-23 16:30:05 - balance_service - ERROR - خطا در استفاده از API جایگزین 8: HTTPSConnectionPool(host='api.tronstation.io', port=443): Max retries exceeded with url: /v1/accounts/TGR3iCY7HHNQeiLLa8N7Mq7dcQo6ybPGf1/tokens (Caused by NameResolutionError("<urllib3.connection.HTTPSConnection object at 0x7fdcd41f57f0>: Failed to resolve 'api.tronstation.io' ([Errno -2] Name or service not known)"))
2025-07-23 16:30:06 - balance_service - ERROR - خطا در استفاده از API جایگزین 8: HTTPSConnectionPool(host='api.tronstation.io', port=443): Max retries exceeded with url: /v1/accounts/TGR3iCY7HHNQeiLLa8N7Mq7dcQo6ybPGf1/tokens (Caused by NameResolutionError("<urllib3.connection.HTTPSConnection object at 0x7fdcd41cb970>: Failed to resolve 'api.tronstation.io' ([Errno -2] Name or service not known)"))
2025-07-23 16:30:06 - balance_service - WARNING - No native currency found for blockchain Bitcoin
2025-07-23 16:30:06 - balance_service - WARNING - No native currency found for blockchain Avalanche
2025-07-23 16:30:06 - balance_service - WARNING - No native currency found for blockchain Arbitrum
2025-07-23 16:30:06 - balance_service - WARNING - No native currency found for blockchain Polkadot
2025-07-23 16:30:07 - balance_service - WARNING - خطا در دریافت موجودی TRC20 با API اصلی: 404 - {"timestamp":"2025-07-23T16:30:07.627+00:00","status":404,"error":"Not Found","path":"/v1/accounts/TWxYj1EgkXikRh3SszVUQniB6NcLNKeRfy/tokens"}
2025-07-23 16:30:07 - balance_service - WARNING - خطا در دریافت موجودی TRC20 با API اصلی: 404 - {"timestamp":"2025-07-23T16:30:07.863+00:00","status":404,"error":"Not Found","path":"/v1/accounts/TWxYj1EgkXikRh3SszVUQniB6NcLNKeRfy/tokens"}
2025-07-23 16:30:08 - balance_service - WARNING - خطا در دریافت موجودی TRC20 با API اصلی: 404 - {"timestamp":"2025-07-23T16:30:08.271+00:00","status":404,"error":"Not Found","path":"/v1/accounts/TWxYj1EgkXikRh3SszVUQniB6NcLNKeRfy/tokens"}
2025-07-23 16:30:08 - balance_service - ERROR - Error getting EVM token balance on Avalanche: when sending a str, it must be a hex string. Got: 'FvwEAhmxKfeiG8SnEvq42hc6whRyY3EFYAvebMqDNDGCgxN5Z'
Traceback (most recent call last):
  File "/www/wwwroot/coinceeper.com/CC/services/balance_service.py", line 157, in get_token_balance
    address=Web3.to_checksum_address(contract_address),
  File "/www/wwwroot/coinceeper.com/CC/venv/lib64/python3.9/site-packages/web3/main.py", line 268, in to_checksum_address
    return to_checksum_address(value)
  File "/www/wwwroot/coinceeper.com/CC/venv/lib64/python3.9/site-packages/eth_utils/address.py", line 129, in to_checksum_address
    norm_address = to_normalized_address(value)
  File "/www/wwwroot/coinceeper.com/CC/venv/lib64/python3.9/site-packages/eth_utils/address.py", line 73, in to_normalized_address
    hex_address = hexstr_if_str(to_hex, value).lower()
  File "/www/wwwroot/coinceeper.com/CC/venv/lib64/python3.9/site-packages/eth_utils/conversions.py", line 195, in hexstr_if_str
    raise ValueError(
ValueError: when sending a str, it must be a hex string. Got: 'FvwEAhmxKfeiG8SnEvq42hc6whRyY3EFYAvebMqDNDGCgxN5Z'
2025-07-23 16:30:09 - balance_service - ERROR - خطا در استفاده از API جایگزین 8: HTTPSConnectionPool(host='api.tronstation.io', port=443): Max retries exceeded with url: /v1/accounts/TWxYj1EgkXikRh3SszVUQniB6NcLNKeRfy/tokens (Caused by NameResolutionError("<urllib3.connection.HTTPSConnection object at 0x7fdcd42e6040>: Failed to resolve 'api.tronstation.io' ([Errno -2] Name or service not known)"))
2025-07-23 16:30:09 - balance_service - ERROR - خطا در استفاده از API جایگزین 8: HTTPSConnectionPool(host='api.tronstation.io', port=443): Max retries exceeded with url: /v1/accounts/TWxYj1EgkXikRh3SszVUQniB6NcLNKeRfy/tokens (Caused by NameResolutionError("<urllib3.connection.HTTPSConnection object at 0x7fdcd436eee0>: Failed to resolve 'api.tronstation.io' ([Errno -2] Name or service not known)"))
2025-07-23 16:30:09 - balance_service - ERROR - خطا در استفاده از API جایگزین 8: HTTPSConnectionPool(host='api.tronstation.io', port=443): Max retries exceeded with url: /v1/accounts/TWxYj1EgkXikRh3SszVUQniB6NcLNKeRfy/tokens (Caused by NameResolutionError("<urllib3.connection.HTTPSConnection object at 0x7fdcd4338c40>: Failed to resolve 'api.tronstation.io' ([Errno -2] Name or service not known)"))
2025-07-23 16:30:13 - balance_service - WARNING - No native currency found for blockchain Bitcoin
2025-07-23 16:30:13 - balance_service - WARNING - No native currency found for blockchain Avalanche
2025-07-23 16:30:13 - balance_service - WARNING - No native currency found for blockchain Arbitrum
2025-07-23 16:30:13 - balance_service - WARNING - No native currency found for blockchain Polkadot
2025-07-23 16:30:13 - balance_service - WARNING - خطا در دریافت موجودی TRC20 با API اصلی: 404 - {"timestamp":"2025-07-23T16:30:13.729+00:00","status":404,"error":"Not Found","path":"/v1/accounts/TWxYj1EgkXikRh3SszVUQniB6NcLNKeRfy/tokens"}
2025-07-23 16:30:13 - balance_service - WARNING - خطا در دریافت موجودی TRC20 با API اصلی: 404 - {"timestamp":"2025-07-23T16:30:13.917+00:00","status":404,"error":"Not Found","path":"/v1/accounts/TWxYj1EgkXikRh3SszVUQniB6NcLNKeRfy/tokens"}
2025-07-23 16:30:14 - balance_service - ERROR - Error getting EVM token balance on Avalanche: when sending a str, it must be a hex string. Got: 'FvwEAhmxKfeiG8SnEvq42hc6whRyY3EFYAvebMqDNDGCgxN5Z'
Traceback (most recent call last):
  File "/www/wwwroot/coinceeper.com/CC/services/balance_service.py", line 157, in get_token_balance
    address=Web3.to_checksum_address(contract_address),
  File "/www/wwwroot/coinceeper.com/CC/venv/lib64/python3.9/site-packages/web3/main.py", line 268, in to_checksum_address
    return to_checksum_address(value)
  File "/www/wwwroot/coinceeper.com/CC/venv/lib64/python3.9/site-packages/eth_utils/address.py", line 129, in to_checksum_address
    norm_address = to_normalized_address(value)
  File "/www/wwwroot/coinceeper.com/CC/venv/lib64/python3.9/site-packages/eth_utils/address.py", line 73, in to_normalized_address
    hex_address = hexstr_if_str(to_hex, value).lower()
  File "/www/wwwroot/coinceeper.com/CC/venv/lib64/python3.9/site-packages/eth_utils/conversions.py", line 195, in hexstr_if_str
    raise ValueError(
ValueError: when sending a str, it must be a hex string. Got: 'FvwEAhmxKfeiG8SnEvq42hc6whRyY3EFYAvebMqDNDGCgxN5Z'
2025-07-23 16:30:14 - balance_service - WARNING - خطا در دریافت موجودی TRC20 با API اصلی: 404 - {"timestamp":"2025-07-23T16:30:14.760+00:00","status":404,"error":"Not Found","path":"/v1/accounts/TWxYj1EgkXikRh3SszVUQniB6NcLNKeRfy/tokens"}
2025-07-23 16:30:15 - balance_service - ERROR - خطا در استفاده از API جایگزین 8: HTTPSConnectionPool(host='api.tronstation.io', port=443): Max retries exceeded with url: /v1/accounts/TWxYj1EgkXikRh3SszVUQniB6NcLNKeRfy/tokens (Caused by NameResolutionError("<urllib3.connection.HTTPSConnection object at 0x7fdcd4981d60>: Failed to resolve 'api.tronstation.io' ([Errno -2] Name or service not known)"))
2025-07-23 16:30:15 - balance_service - ERROR - خطا در استفاده از API جایگزین 8: HTTPSConnectionPool(host='api.tronstation.io', port=443): Max retries exceeded with url: /v1/accounts/TWxYj1EgkXikRh3SszVUQniB6NcLNKeRfy/tokens (Caused by NameResolutionError("<urllib3.connection.HTTPSConnection object at 0x7fdcd4987160>: Failed to resolve 'api.tronstation.io' ([Errno -2] Name or service not known)"))
2025-07-23 16:30:16 - balance_service - ERROR - خطا در استفاده از API جایگزین 8: HTTPSConnectionPool(host='api.tronstation.io', port=443): Max retries exceeded with url: /v1/accounts/TWxYj1EgkXikRh3SszVUQniB6NcLNKeRfy/tokens (Caused by NameResolutionError("<urllib3.connection.HTTPSConnection object at 0x7fdcd49ffee0>: Failed to resolve 'api.tronstation.io' ([Errno -2] Name or service not known)"))
2025-07-23 16:31:04 - balance_service - WARNING - No native currency found for blockchain Bitcoin
2025-07-23 16:31:04 - balance_service - WARNING - No native currency found for blockchain Avalanche
2025-07-23 16:31:04 - balance_service - WARNING - No native currency found for blockchain Arbitrum
2025-07-23 16:31:04 - balance_service - WARNING - No native currency found for blockchain Polkadot
2025-07-23 16:31:04 - balance_service - WARNING - خطا در دریافت موجودی TRC20 با API اصلی: 404 - {"timestamp":"2025-07-23T16:31:04.751+00:00","status":404,"error":"Not Found","path":"/v1/accounts/TGR3iCY7HHNQeiLLa8N7Mq7dcQo6ybPGf1/tokens"}
2025-07-23 16:31:05 - balance_service - WARNING - خطا در دریافت موجودی TRC20 با API اصلی: 404 - {"timestamp":"2025-07-23T16:31:04.959+00:00","status":404,"error":"Not Found","path":"/v1/accounts/TGR3iCY7HHNQeiLLa8N7Mq7dcQo6ybPGf1/tokens"}
2025-07-23 16:31:05 - balance_service - WARNING - خطا در دریافت موجودی TRC20 با API اصلی: 404 - {"timestamp":"2025-07-23T16:31:05.640+00:00","status":404,"error":"Not Found","path":"/v1/accounts/TGR3iCY7HHNQeiLLa8N7Mq7dcQo6ybPGf1/tokens"}
2025-07-23 16:31:05 - balance_service - ERROR - Error getting EVM token balance on Avalanche: when sending a str, it must be a hex string. Got: 'FvwEAhmxKfeiG8SnEvq42hc6whRyY3EFYAvebMqDNDGCgxN5Z'
Traceback (most recent call last):
  File "/www/wwwroot/coinceeper.com/CC/services/balance_service.py", line 157, in get_token_balance
    address=Web3.to_checksum_address(contract_address),
  File "/www/wwwroot/coinceeper.com/CC/venv/lib64/python3.9/site-packages/web3/main.py", line 268, in to_checksum_address
    return to_checksum_address(value)
  File "/www/wwwroot/coinceeper.com/CC/venv/lib64/python3.9/site-packages/eth_utils/address.py", line 129, in to_checksum_address
    norm_address = to_normalized_address(value)
  File "/www/wwwroot/coinceeper.com/CC/venv/lib64/python3.9/site-packages/eth_utils/address.py", line 73, in to_normalized_address
    hex_address = hexstr_if_str(to_hex, value).lower()
  File "/www/wwwroot/coinceeper.com/CC/venv/lib64/python3.9/site-packages/eth_utils/conversions.py", line 195, in hexstr_if_str
    raise ValueError(
ValueError: when sending a str, it must be a hex string. Got: 'FvwEAhmxKfeiG8SnEvq42hc6whRyY3EFYAvebMqDNDGCgxN5Z'
2025-07-23 16:31:06 - balance_service - ERROR - خطا در استفاده از API جایگزین 8: HTTPSConnectionPool(host='api.tronstation.io', port=443): Max retries exceeded with url: /v1/accounts/TGR3iCY7HHNQeiLLa8N7Mq7dcQo6ybPGf1/tokens (Caused by NameResolutionError("<urllib3.connection.HTTPSConnection object at 0x7fdcd42a7d90>: Failed to resolve 'api.tronstation.io' ([Errno -2] Name or service not known)"))
2025-07-23 16:31:06 - balance_service - ERROR - خطا در استفاده از API جایگزین 8: HTTPSConnectionPool(host='api.tronstation.io', port=443): Max retries exceeded with url: /v1/accounts/TGR3iCY7HHNQeiLLa8N7Mq7dcQo6ybPGf1/tokens (Caused by NameResolutionError("<urllib3.connection.HTTPSConnection object at 0x7fdcd42baf40>: Failed to resolve 'api.tronstation.io' ([Errno -2] Name or service not known)"))
2025-07-23 16:31:07 - balance_service - ERROR - خطا در استفاده از API جایگزین 8: HTTPSConnectionPool(host='api.tronstation.io', port=443): Max retries exceeded with url: /v1/accounts/TGR3iCY7HHNQeiLLa8N7Mq7dcQo6ybPGf1/tokens (Caused by NameResolutionError("<urllib3.connection.HTTPSConnection object at 0x7fdcd42c7fd0>: Failed to resolve 'api.tronstation.io' ([Errno -2] Name or service not known)"))
2025-07-23 16:31:27 - balance_service - WARNING - No native currency found for blockchain Bitcoin
2025-07-23 16:31:27 - balance_service - WARNING - No native currency found for blockchain Avalanche
2025-07-23 16:31:27 - balance_service - WARNING - No native currency found for blockchain Arbitrum
2025-07-23 16:31:27 - balance_service - WARNING - No native currency found for blockchain Polkadot
2025-07-23 16:31:30 - balance_service - WARNING - خطا در دریافت موجودی TRC20 با API اصلی: 404 - {"timestamp":"2025-07-23T16:31:30.422+00:00","status":404,"error":"Not Found","path":"/v1/accounts/TWxYj1EgkXikRh3SszVUQniB6NcLNKeRfy/tokens"}
2025-07-23 16:31:30 - balance_service - WARNING - خطا در دریافت موجودی TRC20 با API اصلی: 404 - {"timestamp":"2025-07-23T16:31:30.640+00:00","status":404,"error":"Not Found","path":"/v1/accounts/TWxYj1EgkXikRh3SszVUQniB6NcLNKeRfy/tokens"}
2025-07-23 16:31:31 - balance_service - WARNING - خطا در دریافت موجودی TRC20 با API اصلی: 404 - {"timestamp":"2025-07-23T16:31:31.348+00:00","status":404,"error":"Not Found","path":"/v1/accounts/TWxYj1EgkXikRh3SszVUQniB6NcLNKeRfy/tokens"}
2025-07-23 16:31:31 - balance_service - ERROR - خطا در استفاده از API جایگزین 8: HTTPSConnectionPool(host='api.tronstation.io', port=443): Max retries exceeded with url: /v1/accounts/TWxYj1EgkXikRh3SszVUQniB6NcLNKeRfy/tokens (Caused by NameResolutionError("<urllib3.connection.HTTPSConnection object at 0x7fdcd4a0aca0>: Failed to resolve 'api.tronstation.io' ([Errno -2] Name or service not known)"))
2025-07-23 16:31:31 - balance_service - ERROR - Error getting EVM token balance on Avalanche: when sending a str, it must be a hex string. Got: 'FvwEAhmxKfeiG8SnEvq42hc6whRyY3EFYAvebMqDNDGCgxN5Z'
Traceback (most recent call last):
  File "/www/wwwroot/coinceeper.com/CC/services/balance_service.py", line 157, in get_token_balance
    address=Web3.to_checksum_address(contract_address),
  File "/www/wwwroot/coinceeper.com/CC/venv/lib64/python3.9/site-packages/web3/main.py", line 268, in to_checksum_address
    return to_checksum_address(value)
  File "/www/wwwroot/coinceeper.com/CC/venv/lib64/python3.9/site-packages/eth_utils/address.py", line 129, in to_checksum_address
    norm_address = to_normalized_address(value)
  File "/www/wwwroot/coinceeper.com/CC/venv/lib64/python3.9/site-packages/eth_utils/address.py", line 73, in to_normalized_address
    hex_address = hexstr_if_str(to_hex, value).lower()
  File "/www/wwwroot/coinceeper.com/CC/venv/lib64/python3.9/site-packages/eth_utils/conversions.py", line 195, in hexstr_if_str
    raise ValueError(
ValueError: when sending a str, it must be a hex string. Got: 'FvwEAhmxKfeiG8SnEvq42hc6whRyY3EFYAvebMqDNDGCgxN5Z'
2025-07-23 16:31:32 - balance_service - ERROR - خطا در استفاده از API جایگزین 8: HTTPSConnectionPool(host='api.tronstation.io', port=443): Max retries exceeded with url: /v1/accounts/TWxYj1EgkXikRh3SszVUQniB6NcLNKeRfy/tokens (Caused by NameResolutionError("<urllib3.connection.HTTPSConnection object at 0x7fdcd5cb0c10>: Failed to resolve 'api.tronstation.io' ([Errno -2] Name or service not known)"))
2025-07-23 16:31:33 - balance_service - ERROR - خطا در استفاده از API جایگزین 8: HTTPSConnectionPool(host='api.tronstation.io', port=443): Max retries exceeded with url: /v1/accounts/TWxYj1EgkXikRh3SszVUQniB6NcLNKeRfy/tokens (Caused by NameResolutionError("<urllib3.connection.HTTPSConnection object at 0x7fdcd5d8af40>: Failed to resolve 'api.tronstation.io' ([Errno -2] Name or service not known)"))
2025-07-23 16:31:33 - balance_service - WARNING - Error getting token decimals, using default 18: 429 Client Error: Too Many Requests for url: https://mainnet.infura.io/v3/a8ab43a04ce044de988a838d92f478a7
2025-07-23 16:31:38 - balance_service - WARNING - No native currency found for blockchain Bitcoin
2025-07-23 16:31:38 - balance_service - WARNING - No native currency found for blockchain Avalanche
2025-07-23 16:31:38 - balance_service - WARNING - No native currency found for blockchain Arbitrum
2025-07-23 16:31:38 - balance_service - WARNING - No native currency found for blockchain Polkadot
2025-07-23 16:31:40 - balance_service - WARNING - خطا در دریافت موجودی TRC20 با API اصلی: 404 - {"timestamp":"2025-07-23T16:31:40.298+00:00","status":404,"error":"Not Found","path":"/v1/accounts/TWxYj1EgkXikRh3SszVUQniB6NcLNKeRfy/tokens"}
2025-07-23 16:31:40 - balance_service - WARNING - خطا در دریافت موجودی TRC20 با API اصلی: 404 - {"timestamp":"2025-07-23T16:31:40.489+00:00","status":404,"error":"Not Found","path":"/v1/accounts/TWxYj1EgkXikRh3SszVUQniB6NcLNKeRfy/tokens"}
2025-07-23 16:31:41 - balance_service - ERROR - Error getting EVM token balance on Avalanche: when sending a str, it must be a hex string. Got: 'FvwEAhmxKfeiG8SnEvq42hc6whRyY3EFYAvebMqDNDGCgxN5Z'
Traceback (most recent call last):
  File "/www/wwwroot/coinceeper.com/CC/services/balance_service.py", line 157, in get_token_balance
    address=Web3.to_checksum_address(contract_address),
  File "/www/wwwroot/coinceeper.com/CC/venv/lib64/python3.9/site-packages/web3/main.py", line 268, in to_checksum_address
    return to_checksum_address(value)
  File "/www/wwwroot/coinceeper.com/CC/venv/lib64/python3.9/site-packages/eth_utils/address.py", line 129, in to_checksum_address
    norm_address = to_normalized_address(value)
  File "/www/wwwroot/coinceeper.com/CC/venv/lib64/python3.9/site-packages/eth_utils/address.py", line 73, in to_normalized_address
    hex_address = hexstr_if_str(to_hex, value).lower()
  File "/www/wwwroot/coinceeper.com/CC/venv/lib64/python3.9/site-packages/eth_utils/conversions.py", line 195, in hexstr_if_str
    raise ValueError(
ValueError: when sending a str, it must be a hex string. Got: 'FvwEAhmxKfeiG8SnEvq42hc6whRyY3EFYAvebMqDNDGCgxN5Z'
2025-07-23 16:31:41 - balance_service - WARNING - خطا در دریافت موجودی TRC20 با API اصلی: 404 - {"timestamp":"2025-07-23T16:31:41.376+00:00","status":404,"error":"Not Found","path":"/v1/accounts/TWxYj1EgkXikRh3SszVUQniB6NcLNKeRfy/tokens"}
2025-07-23 16:31:41 - balance_service - ERROR - خطا در استفاده از API جایگزین 8: HTTPSConnectionPool(host='api.tronstation.io', port=443): Max retries exceeded with url: /v1/accounts/TWxYj1EgkXikRh3SszVUQniB6NcLNKeRfy/tokens (Caused by NameResolutionError("<urllib3.connection.HTTPSConnection object at 0x7fdcd43f4e20>: Failed to resolve 'api.tronstation.io' ([Errno -2] Name or service not known)"))
2025-07-23 16:31:42 - balance_service - ERROR - خطا در استفاده از API جایگزین 8: HTTPSConnectionPool(host='api.tronstation.io', port=443): Max retries exceeded with url: /v1/accounts/TWxYj1EgkXikRh3SszVUQniB6NcLNKeRfy/tokens (Caused by NameResolutionError("<urllib3.connection.HTTPSConnection object at 0x7fdcd421a490>: Failed to resolve 'api.tronstation.io' ([Errno -2] Name or service not known)"))
2025-07-23 16:31:43 - balance_service - ERROR - خطا در استفاده از API جایگزین 8: HTTPSConnectionPool(host='api.tronstation.io', port=443): Max retries exceeded with url: /v1/accounts/TWxYj1EgkXikRh3SszVUQniB6NcLNKeRfy/tokens (Caused by NameResolutionError("<urllib3.connection.HTTPSConnection object at 0x7fdcd4286490>: Failed to resolve 'api.tronstation.io' ([Errno -2] Name or service not known)"))
2025-07-23 16:46:43 - balance_service - WARNING - No native currency found for blockchain Bitcoin
2025-07-23 16:46:43 - balance_service - WARNING - No native currency found for blockchain Avalanche
2025-07-23 16:46:43 - balance_service - WARNING - No native currency found for blockchain Arbitrum
2025-07-23 16:46:43 - balance_service - WARNING - No native currency found for blockchain Polkadot
2025-07-23 16:46:43 - balance_service - WARNING - خطا در دریافت موجودی TRC20 با API اصلی: 404 - {"timestamp":"2025-07-23T16:46:43.847+00:00","status":404,"error":"Not Found","path":"/v1/accounts/TWxYj1EgkXikRh3SszVUQniB6NcLNKeRfy/tokens"}
2025-07-23 16:46:44 - balance_service - WARNING - خطا در دریافت موجودی TRC20 با API اصلی: 404 - {"timestamp":"2025-07-23T16:46:44.177+00:00","status":404,"error":"Not Found","path":"/v1/accounts/TWxYj1EgkXikRh3SszVUQniB6NcLNKeRfy/tokens"}
2025-07-23 16:46:44 - balance_service - ERROR - Error getting EVM token balance on Avalanche: when sending a str, it must be a hex string. Got: 'FvwEAhmxKfeiG8SnEvq42hc6whRyY3EFYAvebMqDNDGCgxN5Z'
Traceback (most recent call last):
  File "/www/wwwroot/coinceeper.com/CC/services/balance_service.py", line 157, in get_token_balance
    address=Web3.to_checksum_address(contract_address),
  File "/www/wwwroot/coinceeper.com/CC/venv/lib64/python3.9/site-packages/web3/main.py", line 268, in to_checksum_address
    return to_checksum_address(value)
  File "/www/wwwroot/coinceeper.com/CC/venv/lib64/python3.9/site-packages/eth_utils/address.py", line 129, in to_checksum_address
    norm_address = to_normalized_address(value)
  File "/www/wwwroot/coinceeper.com/CC/venv/lib64/python3.9/site-packages/eth_utils/address.py", line 73, in to_normalized_address
    hex_address = hexstr_if_str(to_hex, value).lower()
  File "/www/wwwroot/coinceeper.com/CC/venv/lib64/python3.9/site-packages/eth_utils/conversions.py", line 195, in hexstr_if_str
    raise ValueError(
ValueError: when sending a str, it must be a hex string. Got: 'FvwEAhmxKfeiG8SnEvq42hc6whRyY3EFYAvebMqDNDGCgxN5Z'
2025-07-23 16:46:44 - balance_service - WARNING - خطا در دریافت موجودی TRC20 با API اصلی: 404 - {"timestamp":"2025-07-23T16:46:44.853+00:00","status":404,"error":"Not Found","path":"/v1/accounts/TWxYj1EgkXikRh3SszVUQniB6NcLNKeRfy/tokens"}
2025-07-23 16:46:45 - balance_service - ERROR - خطا در استفاده از API جایگزین 8: HTTPSConnectionPool(host='api.tronstation.io', port=443): Max retries exceeded with url: /v1/accounts/TWxYj1EgkXikRh3SszVUQniB6NcLNKeRfy/tokens (Caused by NameResolutionError("<urllib3.connection.HTTPSConnection object at 0x7fdcd437bd90>: Failed to resolve 'api.tronstation.io' ([Errno -2] Name or service not known)"))
2025-07-23 16:46:46 - balance_service - ERROR - خطا در استفاده از API جایگزین 8: HTTPSConnectionPool(host='api.tronstation.io', port=443): Max retries exceeded with url: /v1/accounts/TWxYj1EgkXikRh3SszVUQniB6NcLNKeRfy/tokens (Caused by NameResolutionError("<urllib3.connection.HTTPSConnection object at 0x7fdcd430ec40>: Failed to resolve 'api.tronstation.io' ([Errno -2] Name or service not known)"))
2025-07-23 16:46:46 - balance_service - ERROR - خطا در استفاده از API جایگزین 8: HTTPSConnectionPool(host='api.tronstation.io', port=443): Max retries exceeded with url: /v1/accounts/TWxYj1EgkXikRh3SszVUQniB6NcLNKeRfy/tokens (Caused by NameResolutionError("<urllib3.connection.HTTPSConnection object at 0x7fdcd4385fd0>: Failed to resolve 'api.tronstation.io' ([Errno -2] Name or service not known)"))
2025-07-23 16:47:25 - balance_service - WARNING - No native currency found for blockchain Bitcoin
2025-07-23 16:47:25 - balance_service - WARNING - No native currency found for blockchain Avalanche
2025-07-23 16:47:25 - balance_service - WARNING - No native currency found for blockchain Arbitrum
2025-07-23 16:47:25 - balance_service - WARNING - No native currency found for blockchain Polkadot
2025-07-23 16:47:26 - balance_service - WARNING - خطا در دریافت موجودی TRC20 با API اصلی: 404 - {"timestamp":"2025-07-23T16:47:26.622+00:00","status":404,"error":"Not Found","path":"/v1/accounts/TGR3iCY7HHNQeiLLa8N7Mq7dcQo6ybPGf1/tokens"}
2025-07-23 16:47:26 - balance_service - WARNING - خطا در دریافت موجودی TRC20 با API اصلی: 404 - {"timestamp":"2025-07-23T16:47:26.833+00:00","status":404,"error":"Not Found","path":"/v1/accounts/TGR3iCY7HHNQeiLLa8N7Mq7dcQo6ybPGf1/tokens"}
2025-07-23 16:47:27 - balance_service - WARNING - خطا در دریافت موجودی TRC20 با API اصلی: 404 - {"timestamp":"2025-07-23T16:47:27.306+00:00","status":404,"error":"Not Found","path":"/v1/accounts/TGR3iCY7HHNQeiLLa8N7Mq7dcQo6ybPGf1/tokens"}
2025-07-23 16:47:27 - balance_service - ERROR - Error getting EVM token balance on Avalanche: when sending a str, it must be a hex string. Got: 'FvwEAhmxKfeiG8SnEvq42hc6whRyY3EFYAvebMqDNDGCgxN5Z'
Traceback (most recent call last):
  File "/www/wwwroot/coinceeper.com/CC/services/balance_service.py", line 157, in get_token_balance
    address=Web3.to_checksum_address(contract_address),
  File "/www/wwwroot/coinceeper.com/CC/venv/lib64/python3.9/site-packages/web3/main.py", line 268, in to_checksum_address
    return to_checksum_address(value)
  File "/www/wwwroot/coinceeper.com/CC/venv/lib64/python3.9/site-packages/eth_utils/address.py", line 129, in to_checksum_address
    norm_address = to_normalized_address(value)
  File "/www/wwwroot/coinceeper.com/CC/venv/lib64/python3.9/site-packages/eth_utils/address.py", line 73, in to_normalized_address
    hex_address = hexstr_if_str(to_hex, value).lower()
  File "/www/wwwroot/coinceeper.com/CC/venv/lib64/python3.9/site-packages/eth_utils/conversions.py", line 195, in hexstr_if_str
    raise ValueError(
ValueError: when sending a str, it must be a hex string. Got: 'FvwEAhmxKfeiG8SnEvq42hc6whRyY3EFYAvebMqDNDGCgxN5Z'
2025-07-23 16:47:28 - balance_service - ERROR - خطا در استفاده از API جایگزین 8: HTTPSConnectionPool(host='api.tronstation.io', port=443): Max retries exceeded with url: /v1/accounts/TGR3iCY7HHNQeiLLa8N7Mq7dcQo6ybPGf1/tokens (Caused by NameResolutionError("<urllib3.connection.HTTPSConnection object at 0x7fdcd58c60a0>: Failed to resolve 'api.tronstation.io' ([Errno -2] Name or service not known)"))
2025-07-23 16:47:28 - balance_service - ERROR - خطا در استفاده از API جایگزین 8: HTTPSConnectionPool(host='api.tronstation.io', port=443): Max retries exceeded with url: /v1/accounts/TGR3iCY7HHNQeiLLa8N7Mq7dcQo6ybPGf1/tokens (Caused by NameResolutionError("<urllib3.connection.HTTPSConnection object at 0x7fdcd420f520>: Failed to resolve 'api.tronstation.io' ([Errno -2] Name or service not known)"))
2025-07-23 16:47:29 - balance_service - ERROR - خطا در استفاده از API جایگزین 8: HTTPSConnectionPool(host='api.tronstation.io', port=443): Max retries exceeded with url: /v1/accounts/TGR3iCY7HHNQeiLLa8N7Mq7dcQo6ybPGf1/tokens (Caused by NameResolutionError("<urllib3.connection.HTTPSConnection object at 0x7fdcd58ad910>: Failed to resolve 'api.tronstation.io' ([Errno -2] Name or service not known)"))
2025-07-23 16:47:30 - balance_service - ERROR - Error getting simple user balance: (mysql.connector.errors.DatabaseError) 2003 (HY000): Can't connect to MySQL server on 'localhost:3306' (111)
(Background on this error at: https://sqlalche.me/e/20/4xp6)
2025-07-23 16:47:45 - balance_service - ERROR - Error updating balance for user 571a6ce6-3408-4434-a674-d81c7ab02b0d: (mysql.connector.errors.OperationalError) MySQL Connection not available.
[SQL: DELETE FROM userholding WHERE userholding.`UserID` = %(UserID_1)s]
[parameters: [{}]]
(Background on this error at: https://sqlalche.me/e/20/e3q8)
Traceback (most recent call last):
  File "/www/wwwroot/coinceeper.com/CC/venv/lib64/python3.9/site-packages/sqlalchemy/engine/base.py", line 1811, in _execute_context
    context = constructor(
  File "/www/wwwroot/coinceeper.com/CC/venv/lib64/python3.9/site-packages/sqlalchemy/engine/default.py", line 1427, in _init_compiled
    self.cursor = self.create_cursor()
  File "/www/wwwroot/coinceeper.com/CC/venv/lib64/python3.9/site-packages/sqlalchemy/engine/default.py", line 1766, in create_cursor
    return self.create_default_cursor()
  File "/www/wwwroot/coinceeper.com/CC/venv/lib64/python3.9/site-packages/sqlalchemy/dialects/mysql/mysqlconnector.py", line 67, in create_default_cursor
    return self._dbapi_connection.cursor(buffered=True)
  File "/www/wwwroot/coinceeper.com/CC/venv/lib64/python3.9/site-packages/sqlalchemy/pool/base.py", line 1486, in cursor
    return self.dbapi_connection.cursor(*args, **kwargs)
  File "/www/wwwroot/coinceeper.com/CC/venv/lib64/python3.9/site-packages/mysql/connector/connection_cext.py", line 841, in cursor
    raise OperationalError("MySQL Connection not available.")
mysql.connector.errors.OperationalError: MySQL Connection not available.

The above exception was the direct cause of the following exception:

Traceback (most recent call last):
  File "/www/wwwroot/coinceeper.com/CC/services/balance_service.py", line 1262, in _update_user_balance
    deleted = self.session.query(UserHolding).filter(UserHolding.UserID == user_id).delete()
  File "/www/wwwroot/coinceeper.com/CC/venv/lib64/python3.9/site-packages/sqlalchemy/orm/query.py", line 3208, in delete
    result: CursorResult[Any] = self.session.execute(
  File "/www/wwwroot/coinceeper.com/CC/venv/lib64/python3.9/site-packages/sqlalchemy/orm/session.py", line 2365, in execute
    return self._execute_internal(
  File "/www/wwwroot/coinceeper.com/CC/venv/lib64/python3.9/site-packages/sqlalchemy/orm/session.py", line 2251, in _execute_internal
    result: Result[Any] = compile_state_cls.orm_execute_statement(
  File "/www/wwwroot/coinceeper.com/CC/venv/lib64/python3.9/site-packages/sqlalchemy/orm/bulk_persistence.py", line 2021, in orm_execute_statement
    return super().orm_execute_statement(
  File "/www/wwwroot/coinceeper.com/CC/venv/lib64/python3.9/site-packages/sqlalchemy/orm/context.py", line 306, in orm_execute_statement
    result = conn.execute(
  File "/www/wwwroot/coinceeper.com/CC/venv/lib64/python3.9/site-packages/sqlalchemy/engine/base.py", line 1415, in execute
    return meth(
  File "/www/wwwroot/coinceeper.com/CC/venv/lib64/python3.9/site-packages/sqlalchemy/sql/elements.py", line 523, in _execute_on_connection
    return connection._execute_clauseelement(
  File "/www/wwwroot/coinceeper.com/CC/venv/lib64/python3.9/site-packages/sqlalchemy/engine/base.py", line 1637, in _execute_clauseelement
    ret = self._execute_context(
  File "/www/wwwroot/coinceeper.com/CC/venv/lib64/python3.9/site-packages/sqlalchemy/engine/base.py", line 1817, in _execute_context
    self._handle_dbapi_exception(
  File "/www/wwwroot/coinceeper.com/CC/venv/lib64/python3.9/site-packages/sqlalchemy/engine/base.py", line 2351, in _handle_dbapi_exception
    raise sqlalchemy_exception.with_traceback(exc_info[2]) from e
  File "/www/wwwroot/coinceeper.com/CC/venv/lib64/python3.9/site-packages/sqlalchemy/engine/base.py", line 1811, in _execute_context
    context = constructor(
  File "/www/wwwroot/coinceeper.com/CC/venv/lib64/python3.9/site-packages/sqlalchemy/engine/default.py", line 1427, in _init_compiled
    self.cursor = self.create_cursor()
  File "/www/wwwroot/coinceeper.com/CC/venv/lib64/python3.9/site-packages/sqlalchemy/engine/default.py", line 1766, in create_cursor
    return self.create_default_cursor()
  File "/www/wwwroot/coinceeper.com/CC/venv/lib64/python3.9/site-packages/sqlalchemy/dialects/mysql/mysqlconnector.py", line 67, in create_default_cursor
    return self._dbapi_connection.cursor(buffered=True)
  File "/www/wwwroot/coinceeper.com/CC/venv/lib64/python3.9/site-packages/sqlalchemy/pool/base.py", line 1486, in cursor
    return self.dbapi_connection.cursor(*args, **kwargs)
  File "/www/wwwroot/coinceeper.com/CC/venv/lib64/python3.9/site-packages/mysql/connector/connection_cext.py", line 841, in cursor
    raise OperationalError("MySQL Connection not available.")
sqlalchemy.exc.OperationalError: (mysql.connector.errors.OperationalError) MySQL Connection not available.
[SQL: DELETE FROM userholding WHERE userholding.`UserID` = %(UserID_1)s]
[parameters: [{}]]
(Background on this error at: https://sqlalche.me/e/20/e3q8)
2025-07-23 16:49:15 - balance_service - WARNING - No native currency found for blockchain Bitcoin
2025-07-23 16:49:15 - balance_service - WARNING - No native currency found for blockchain Avalanche
2025-07-23 16:49:15 - balance_service - WARNING - No native currency found for blockchain Arbitrum
2025-07-23 16:49:15 - balance_service - WARNING - No native currency found for blockchain Polkadot
2025-07-23 16:49:16 - balance_service - WARNING - خطا در دریافت موجودی TRC20 با API اصلی: 404 - {"timestamp":"2025-07-23T16:49:16.353+00:00","status":404,"error":"Not Found","path":"/v1/accounts/TWxYj1EgkXikRh3SszVUQniB6NcLNKeRfy/tokens"}
2025-07-23 16:49:16 - balance_service - WARNING - خطا در دریافت موجودی TRC20 با API اصلی: 404 - {"timestamp":"2025-07-23T16:49:16.587+00:00","status":404,"error":"Not Found","path":"/v1/accounts/TWxYj1EgkXikRh3SszVUQniB6NcLNKeRfy/tokens"}
2025-07-23 16:49:17 - balance_service - WARNING - خطا در دریافت موجودی TRC20 با API اصلی: 404 - {"timestamp":"2025-07-23T16:49:17.487+00:00","status":404,"error":"Not Found","path":"/v1/accounts/TWxYj1EgkXikRh3SszVUQniB6NcLNKeRfy/tokens"}
2025-07-23 16:49:17 - balance_service - ERROR - Error getting EVM token balance on Avalanche: when sending a str, it must be a hex string. Got: 'FvwEAhmxKfeiG8SnEvq42hc6whRyY3EFYAvebMqDNDGCgxN5Z'
Traceback (most recent call last):
  File "/www/wwwroot/coinceeper.com/CC/services/balance_service.py", line 157, in get_token_balance
    address=Web3.to_checksum_address(contract_address),
  File "/www/wwwroot/coinceeper.com/CC/venv/lib64/python3.9/site-packages/web3/main.py", line 268, in to_checksum_address
    return to_checksum_address(value)
  File "/www/wwwroot/coinceeper.com/CC/venv/lib64/python3.9/site-packages/eth_utils/address.py", line 129, in to_checksum_address
    norm_address = to_normalized_address(value)
  File "/www/wwwroot/coinceeper.com/CC/venv/lib64/python3.9/site-packages/eth_utils/address.py", line 73, in to_normalized_address
    hex_address = hexstr_if_str(to_hex, value).lower()
  File "/www/wwwroot/coinceeper.com/CC/venv/lib64/python3.9/site-packages/eth_utils/conversions.py", line 195, in hexstr_if_str
    raise ValueError(
ValueError: when sending a str, it must be a hex string. Got: 'FvwEAhmxKfeiG8SnEvq42hc6whRyY3EFYAvebMqDNDGCgxN5Z'
2025-07-23 16:49:17 - balance_service - ERROR - خطا در استفاده از API جایگزین 8: HTTPSConnectionPool(host='api.tronstation.io', port=443): Max retries exceeded with url: /v1/accounts/TWxYj1EgkXikRh3SszVUQniB6NcLNKeRfy/tokens (Caused by NameResolutionError("<urllib3.connection.HTTPSConnection object at 0x7fdcd5d11b50>: Failed to resolve 'api.tronstation.io' ([Errno -2] Name or service not known)"))
2025-07-23 16:49:18 - balance_service - ERROR - خطا در استفاده از API جایگزین 8: HTTPSConnectionPool(host='api.tronstation.io', port=443): Max retries exceeded with url: /v1/accounts/TWxYj1EgkXikRh3SszVUQniB6NcLNKeRfy/tokens (Caused by NameResolutionError("<urllib3.connection.HTTPSConnection object at 0x7fdcd492ddc0>: Failed to resolve 'api.tronstation.io' ([Errno -2] Name or service not known)"))
2025-07-23 16:49:19 - balance_service - ERROR - خطا در استفاده از API جایگزین 8: HTTPSConnectionPool(host='api.tronstation.io', port=443): Max retries exceeded with url: /v1/accounts/TWxYj1EgkXikRh3SszVUQniB6NcLNKeRfy/tokens (Caused by NameResolutionError("<urllib3.connection.HTTPSConnection object at 0x7fdcd4449e80>: Failed to resolve 'api.tronstation.io' ([Errno -2] Name or service not known)"))
2025-07-23 16:49:45 - balance_service - WARNING - No native currency found for blockchain Bitcoin
2025-07-23 16:49:45 - balance_service - WARNING - No native currency found for blockchain Avalanche
2025-07-23 16:49:45 - balance_service - WARNING - No native currency found for blockchain Arbitrum
2025-07-23 16:49:45 - balance_service - WARNING - No native currency found for blockchain Polkadot
2025-07-23 16:49:45 - balance_service - WARNING - خطا در دریافت موجودی TRC20 با API اصلی: 404 - {"timestamp":"2025-07-23T16:49:45.867+00:00","status":404,"error":"Not Found","path":"/v1/accounts/TWxYj1EgkXikRh3SszVUQniB6NcLNKeRfy/tokens"}
2025-07-23 16:49:46 - balance_service - WARNING - خطا در دریافت موجودی TRC20 با API اصلی: 404 - {"timestamp":"2025-07-23T16:49:46.106+00:00","status":404,"error":"Not Found","path":"/v1/accounts/TWxYj1EgkXikRh3SszVUQniB6NcLNKeRfy/tokens"}
2025-07-23 16:49:47 - balance_service - WARNING - خطا در دریافت موجودی TRC20 با API اصلی: 404 - {"timestamp":"2025-07-23T16:49:47.047+00:00","status":404,"error":"Not Found","path":"/v1/accounts/TWxYj1EgkXikRh3SszVUQniB6NcLNKeRfy/tokens"}
2025-07-23 16:49:47 - balance_service - ERROR - Error getting EVM token balance on Avalanche: when sending a str, it must be a hex string. Got: 'FvwEAhmxKfeiG8SnEvq42hc6whRyY3EFYAvebMqDNDGCgxN5Z'
Traceback (most recent call last):
  File "/www/wwwroot/coinceeper.com/CC/services/balance_service.py", line 157, in get_token_balance
    address=Web3.to_checksum_address(contract_address),
  File "/www/wwwroot/coinceeper.com/CC/venv/lib64/python3.9/site-packages/web3/main.py", line 268, in to_checksum_address
    return to_checksum_address(value)
  File "/www/wwwroot/coinceeper.com/CC/venv/lib64/python3.9/site-packages/eth_utils/address.py", line 129, in to_checksum_address
    norm_address = to_normalized_address(value)
  File "/www/wwwroot/coinceeper.com/CC/venv/lib64/python3.9/site-packages/eth_utils/address.py", line 73, in to_normalized_address
    hex_address = hexstr_if_str(to_hex, value).lower()
  File "/www/wwwroot/coinceeper.com/CC/venv/lib64/python3.9/site-packages/eth_utils/conversions.py", line 195, in hexstr_if_str
    raise ValueError(
ValueError: when sending a str, it must be a hex string. Got: 'FvwEAhmxKfeiG8SnEvq42hc6whRyY3EFYAvebMqDNDGCgxN5Z'
2025-07-23 16:49:47 - balance_service - ERROR - خطا در استفاده از API جایگزین 8: HTTPSConnectionPool(host='api.tronstation.io', port=443): Max retries exceeded with url: /v1/accounts/TWxYj1EgkXikRh3SszVUQniB6NcLNKeRfy/tokens (Caused by NameResolutionError("<urllib3.connection.HTTPSConnection object at 0x7fdcd5832760>: Failed to resolve 'api.tronstation.io' ([Errno -2] Name or service not known)"))
2025-07-23 16:49:47 - balance_service - ERROR - خطا در استفاده از API جایگزین 8: HTTPSConnectionPool(host='api.tronstation.io', port=443): Max retries exceeded with url: /v1/accounts/TWxYj1EgkXikRh3SszVUQniB6NcLNKeRfy/tokens (Caused by NameResolutionError("<urllib3.connection.HTTPSConnection object at 0x7fdcd583ab80>: Failed to resolve 'api.tronstation.io' ([Errno -2] Name or service not known)"))
2025-07-23 16:49:48 - balance_service - ERROR - Error getting EVM token balance on Ethereum: 429 Client Error: Too Many Requests for url: https://mainnet.infura.io/v3/a8ab43a04ce044de988a838d92f478a7
Traceback (most recent call last):
  File "/www/wwwroot/coinceeper.com/CC/services/balance_service.py", line 163, in get_token_balance
    balance = token_contract.functions.balanceOf(
  File "/www/wwwroot/coinceeper.com/CC/venv/lib64/python3.9/site-packages/web3/contract/contract.py", line 291, in call
    return call_contract_function(
  File "/www/wwwroot/coinceeper.com/CC/venv/lib64/python3.9/site-packages/web3/contract/utils.py", line 154, in call_contract_function
    return_data = w3.eth.call(
  File "/www/wwwroot/coinceeper.com/CC/venv/lib64/python3.9/site-packages/web3/eth/eth.py", line 247, in call
    return self._durin_call(transaction, block_identifier, state_override)
  File "/www/wwwroot/coinceeper.com/CC/venv/lib64/python3.9/site-packages/web3/eth/eth.py", line 266, in _durin_call
    return self._call(transaction, block_identifier, state_override)
  File "/www/wwwroot/coinceeper.com/CC/venv/lib64/python3.9/site-packages/web3/module.py", line 112, in caller
    result = w3.manager.request_blocking(
  File "/www/wwwroot/coinceeper.com/CC/venv/lib64/python3.9/site-packages/web3/manager.py", line 231, in request_blocking
    response = self._make_request(method, params)
  File "/www/wwwroot/coinceeper.com/CC/venv/lib64/python3.9/site-packages/web3/manager.py", line 163, in _make_request
    return request_func(method, params)
  File "/www/wwwroot/coinceeper.com/CC/venv/lib64/python3.9/site-packages/web3/middleware/base.py", line 56, in middleware
    return self.response_processor(method, make_request(method, params))
  File "/www/wwwroot/coinceeper.com/CC/venv/lib64/python3.9/site-packages/web3/middleware/base.py", line 56, in middleware
    return self.response_processor(method, make_request(method, params))
  File "/www/wwwroot/coinceeper.com/CC/venv/lib64/python3.9/site-packages/web3/middleware/base.py", line 56, in middleware
    return self.response_processor(method, make_request(method, params))
  [Previous line repeated 2 more times]
  File "/www/wwwroot/coinceeper.com/CC/venv/lib64/python3.9/site-packages/web3/_utils/caching/caching_utils.py", line 261, in wrapper
    return func(provider, method, params)
  File "/www/wwwroot/coinceeper.com/CC/venv/lib64/python3.9/site-packages/web3/providers/rpc/rpc.py", line 170, in make_request
    raw_response = self._make_request(method, request_data)
  File "/www/wwwroot/coinceeper.com/CC/venv/lib64/python3.9/site-packages/web3/providers/rpc/rpc.py", line 157, in _make_request
    raise e
  File "/www/wwwroot/coinceeper.com/CC/venv/lib64/python3.9/site-packages/web3/providers/rpc/rpc.py", line 147, in _make_request
    return self._request_session_manager.make_post_request(
  File "/www/wwwroot/coinceeper.com/CC/venv/lib64/python3.9/site-packages/web3/_utils/http_session_manager.py", line 148, in make_post_request
    response.raise_for_status()
  File "/www/wwwroot/coinceeper.com/CC/venv/lib64/python3.9/site-packages/requests/models.py", line 1024, in raise_for_status
    raise HTTPError(http_error_msg, response=self)
requests.exceptions.HTTPError: 429 Client Error: Too Many Requests for url: https://mainnet.infura.io/v3/a8ab43a04ce044de988a838d92f478a7
2025-07-23 16:49:48 - balance_service - ERROR - خطا در استفاده از API جایگزین 8: HTTPSConnectionPool(host='api.tronstation.io', port=443): Max retries exceeded with url: /v1/accounts/TWxYj1EgkXikRh3SszVUQniB6NcLNKeRfy/tokens (Caused by NameResolutionError("<urllib3.connection.HTTPSConnection object at 0x7fdcd72a1d60>: Failed to resolve 'api.tronstation.io' ([Errno -2] Name or service not known)"))
2025-07-23 16:50:04 - balance_service - WARNING - No native currency found for blockchain Bitcoin
2025-07-23 16:50:04 - balance_service - WARNING - No native currency found for blockchain Avalanche
2025-07-23 16:50:04 - balance_service - WARNING - No native currency found for blockchain Arbitrum
2025-07-23 16:50:04 - balance_service - WARNING - No native currency found for blockchain Polkadot
2025-07-23 16:50:05 - balance_service - WARNING - خطا در دریافت موجودی TRC20 با API اصلی: 404 - {"timestamp":"2025-07-23T16:50:05.239+00:00","status":404,"error":"Not Found","path":"/v1/accounts/TWxYj1EgkXikRh3SszVUQniB6NcLNKeRfy/tokens"}
2025-07-23 16:50:05 - balance_service - WARNING - خطا در دریافت موجودی TRC20 با API اصلی: 404 - {"timestamp":"2025-07-23T16:50:05.472+00:00","status":404,"error":"Not Found","path":"/v1/accounts/TWxYj1EgkXikRh3SszVUQniB6NcLNKeRfy/tokens"}
2025-07-23 16:50:06 - balance_service - WARNING - خطا در دریافت موجودی TRC20 با API اصلی: 404 - {"timestamp":"2025-07-23T16:50:06.280+00:00","status":404,"error":"Not Found","path":"/v1/accounts/TWxYj1EgkXikRh3SszVUQniB6NcLNKeRfy/tokens"}
2025-07-23 16:50:06 - balance_service - ERROR - Error getting EVM token balance on Avalanche: when sending a str, it must be a hex string. Got: 'FvwEAhmxKfeiG8SnEvq42hc6whRyY3EFYAvebMqDNDGCgxN5Z'
Traceback (most recent call last):
  File "/www/wwwroot/coinceeper.com/CC/services/balance_service.py", line 157, in get_token_balance
    address=Web3.to_checksum_address(contract_address),
  File "/www/wwwroot/coinceeper.com/CC/venv/lib64/python3.9/site-packages/web3/main.py", line 268, in to_checksum_address
    return to_checksum_address(value)
  File "/www/wwwroot/coinceeper.com/CC/venv/lib64/python3.9/site-packages/eth_utils/address.py", line 129, in to_checksum_address
    norm_address = to_normalized_address(value)
  File "/www/wwwroot/coinceeper.com/CC/venv/lib64/python3.9/site-packages/eth_utils/address.py", line 73, in to_normalized_address
    hex_address = hexstr_if_str(to_hex, value).lower()
  File "/www/wwwroot/coinceeper.com/CC/venv/lib64/python3.9/site-packages/eth_utils/conversions.py", line 195, in hexstr_if_str
    raise ValueError(
ValueError: when sending a str, it must be a hex string. Got: 'FvwEAhmxKfeiG8SnEvq42hc6whRyY3EFYAvebMqDNDGCgxN5Z'
2025-07-23 16:50:06 - balance_service - ERROR - خطا در استفاده از API جایگزین 8: HTTPSConnectionPool(host='api.tronstation.io', port=443): Max retries exceeded with url: /v1/accounts/TWxYj1EgkXikRh3SszVUQniB6NcLNKeRfy/tokens (Caused by NameResolutionError("<urllib3.connection.HTTPSConnection object at 0x7fdcd7295d90>: Failed to resolve 'api.tronstation.io' ([Errno -2] Name or service not known)"))
2025-07-23 16:50:07 - balance_service - ERROR - خطا در استفاده از API جایگزین 8: HTTPSConnectionPool(host='api.tronstation.io', port=443): Max retries exceeded with url: /v1/accounts/TWxYj1EgkXikRh3SszVUQniB6NcLNKeRfy/tokens (Caused by NameResolutionError("<urllib3.connection.HTTPSConnection object at 0x7fdcd49f3610>: Failed to resolve 'api.tronstation.io' ([Errno -2] Name or service not known)"))
2025-07-23 16:50:07 - balance_service - ERROR - Error getting EVM token balance on Ethereum: 429 Client Error: Too Many Requests for url: https://mainnet.infura.io/v3/a8ab43a04ce044de988a838d92f478a7
Traceback (most recent call last):
  File "/www/wwwroot/coinceeper.com/CC/services/balance_service.py", line 163, in get_token_balance
    balance = token_contract.functions.balanceOf(
  File "/www/wwwroot/coinceeper.com/CC/venv/lib64/python3.9/site-packages/web3/contract/contract.py", line 291, in call
    return call_contract_function(
  File "/www/wwwroot/coinceeper.com/CC/venv/lib64/python3.9/site-packages/web3/contract/utils.py", line 154, in call_contract_function
    return_data = w3.eth.call(
  File "/www/wwwroot/coinceeper.com/CC/venv/lib64/python3.9/site-packages/web3/eth/eth.py", line 247, in call
    return self._durin_call(transaction, block_identifier, state_override)
  File "/www/wwwroot/coinceeper.com/CC/venv/lib64/python3.9/site-packages/web3/eth/eth.py", line 266, in _durin_call
    return self._call(transaction, block_identifier, state_override)
  File "/www/wwwroot/coinceeper.com/CC/venv/lib64/python3.9/site-packages/web3/module.py", line 112, in caller
    result = w3.manager.request_blocking(
  File "/www/wwwroot/coinceeper.com/CC/venv/lib64/python3.9/site-packages/web3/manager.py", line 231, in request_blocking
    response = self._make_request(method, params)
  File "/www/wwwroot/coinceeper.com/CC/venv/lib64/python3.9/site-packages/web3/manager.py", line 163, in _make_request
    return request_func(method, params)
  File "/www/wwwroot/coinceeper.com/CC/venv/lib64/python3.9/site-packages/web3/middleware/base.py", line 56, in middleware
    return self.response_processor(method, make_request(method, params))
  File "/www/wwwroot/coinceeper.com/CC/venv/lib64/python3.9/site-packages/web3/middleware/base.py", line 56, in middleware
    return self.response_processor(method, make_request(method, params))
  File "/www/wwwroot/coinceeper.com/CC/venv/lib64/python3.9/site-packages/web3/middleware/base.py", line 56, in middleware
    return self.response_processor(method, make_request(method, params))
  File "/www/wwwroot/coinceeper.com/CC/venv/lib64/python3.9/site-packages/web3/middleware/base.py", line 55, in middleware
    method, params = self.request_processor(method, params)
  File "/www/wwwroot/coinceeper.com/CC/venv/lib64/python3.9/site-packages/web3/middleware/formatting.py", line 150, in request_processor
    self.sync_formatters_builder(cast("Web3", self._w3), method),
  File "/www/wwwroot/coinceeper.com/CC/venv/lib64/python3.9/site-packages/web3/middleware/validation.py", line 141, in build_method_validators
    w3_chain_id = w3.eth.chain_id
  File "/www/wwwroot/coinceeper.com/CC/venv/lib64/python3.9/site-packages/web3/eth/eth.py", line 156, in chain_id
    return self._chain_id()
  File "/www/wwwroot/coinceeper.com/CC/venv/lib64/python3.9/site-packages/web3/module.py", line 112, in caller
    result = w3.manager.request_blocking(
  File "/www/wwwroot/coinceeper.com/CC/venv/lib64/python3.9/site-packages/web3/manager.py", line 231, in request_blocking
    response = self._make_request(method, params)
  File "/www/wwwroot/coinceeper.com/CC/venv/lib64/python3.9/site-packages/web3/manager.py", line 163, in _make_request
    return request_func(method, params)
  File "/www/wwwroot/coinceeper.com/CC/venv/lib64/python3.9/site-packages/web3/middleware/base.py", line 56, in middleware
    return self.response_processor(method, make_request(method, params))
  File "/www/wwwroot/coinceeper.com/CC/venv/lib64/python3.9/site-packages/web3/middleware/base.py", line 56, in middleware
    return self.response_processor(method, make_request(method, params))
  File "/www/wwwroot/coinceeper.com/CC/venv/lib64/python3.9/site-packages/web3/middleware/base.py", line 56, in middleware
    return self.response_processor(method, make_request(method, params))
  [Previous line repeated 2 more times]
  File "/www/wwwroot/coinceeper.com/CC/venv/lib64/python3.9/site-packages/web3/_utils/caching/caching_utils.py", line 261, in wrapper
    return func(provider, method, params)
  File "/www/wwwroot/coinceeper.com/CC/venv/lib64/python3.9/site-packages/web3/providers/rpc/rpc.py", line 170, in make_request
    raw_response = self._make_request(method, request_data)
  File "/www/wwwroot/coinceeper.com/CC/venv/lib64/python3.9/site-packages/web3/providers/rpc/rpc.py", line 157, in _make_request
    raise e
  File "/www/wwwroot/coinceeper.com/CC/venv/lib64/python3.9/site-packages/web3/providers/rpc/rpc.py", line 147, in _make_request
    return self._request_session_manager.make_post_request(
  File "/www/wwwroot/coinceeper.com/CC/venv/lib64/python3.9/site-packages/web3/_utils/http_session_manager.py", line 148, in make_post_request
    response.raise_for_status()
  File "/www/wwwroot/coinceeper.com/CC/venv/lib64/python3.9/site-packages/requests/models.py", line 1024, in raise_for_status
    raise HTTPError(http_error_msg, response=self)
requests.exceptions.HTTPError: 429 Client Error: Too Many Requests for url: https://mainnet.infura.io/v3/a8ab43a04ce044de988a838d92f478a7
2025-07-23 16:50:08 - balance_service - ERROR - خطا در استفاده از API جایگزین 8: HTTPSConnectionPool(host='api.tronstation.io', port=443): Max retries exceeded with url: /v1/accounts/TWxYj1EgkXikRh3SszVUQniB6NcLNKeRfy/tokens (Caused by NameResolutionError("<urllib3.connection.HTTPSConnection object at 0x7fdcd48daaf0>: Failed to resolve 'api.tronstation.io' ([Errno -2] Name or service not known)"))
2025-07-23 16:57:35 - balance_service - WARNING - No native currency found for blockchain Bitcoin
2025-07-23 16:57:35 - balance_service - WARNING - No native currency found for blockchain Avalanche
2025-07-23 16:57:35 - balance_service - WARNING - No native currency found for blockchain Arbitrum
2025-07-23 16:57:35 - balance_service - WARNING - No native currency found for blockchain Polkadot
2025-07-23 16:57:35 - balance_service - WARNING - خطا در دریافت موجودی TRC20 با API اصلی: 404 - {"timestamp":"2025-07-23T16:57:35.860+00:00","status":404,"error":"Not Found","path":"/v1/accounts/TGR3iCY7HHNQeiLLa8N7Mq7dcQo6ybPGf1/tokens"}
2025-07-23 16:57:36 - balance_service - WARNING - خطا در دریافت موجودی TRC20 با API اصلی: 404 - {"timestamp":"2025-07-23T16:57:36.120+00:00","status":404,"error":"Not Found","path":"/v1/accounts/TGR3iCY7HHNQeiLLa8N7Mq7dcQo6ybPGf1/tokens"}
2025-07-23 16:57:36 - balance_service - ERROR - Error getting EVM token balance on Avalanche: when sending a str, it must be a hex string. Got: 'FvwEAhmxKfeiG8SnEvq42hc6whRyY3EFYAvebMqDNDGCgxN5Z'
Traceback (most recent call last):
  File "/www/wwwroot/coinceeper.com/CC/services/balance_service.py", line 157, in get_token_balance
    address=Web3.to_checksum_address(contract_address),
  File "/www/wwwroot/coinceeper.com/CC/venv/lib64/python3.9/site-packages/web3/main.py", line 268, in to_checksum_address
    return to_checksum_address(value)
  File "/www/wwwroot/coinceeper.com/CC/venv/lib64/python3.9/site-packages/eth_utils/address.py", line 129, in to_checksum_address
    norm_address = to_normalized_address(value)
  File "/www/wwwroot/coinceeper.com/CC/venv/lib64/python3.9/site-packages/eth_utils/address.py", line 73, in to_normalized_address
    hex_address = hexstr_if_str(to_hex, value).lower()
  File "/www/wwwroot/coinceeper.com/CC/venv/lib64/python3.9/site-packages/eth_utils/conversions.py", line 195, in hexstr_if_str
    raise ValueError(
ValueError: when sending a str, it must be a hex string. Got: 'FvwEAhmxKfeiG8SnEvq42hc6whRyY3EFYAvebMqDNDGCgxN5Z'
2025-07-23 16:57:36 - balance_service - WARNING - خطا در دریافت موجودی TRC20 با API اصلی: 404 - {"timestamp":"2025-07-23T16:57:36.577+00:00","status":404,"error":"Not Found","path":"/v1/accounts/TGR3iCY7HHNQeiLLa8N7Mq7dcQo6ybPGf1/tokens"}
2025-07-23 16:57:37 - balance_service - ERROR - خطا در استفاده از API جایگزین 8: HTTPSConnectionPool(host='api.tronstation.io', port=443): Max retries exceeded with url: /v1/accounts/TGR3iCY7HHNQeiLLa8N7Mq7dcQo6ybPGf1/tokens (Caused by NameResolutionError("<urllib3.connection.HTTPSConnection object at 0x7fdcd57bc460>: Failed to resolve 'api.tronstation.io' ([Errno -2] Name or service not known)"))
2025-07-23 16:57:37 - balance_service - ERROR - خطا در استفاده از API جایگزین 8: HTTPSConnectionPool(host='api.tronstation.io', port=443): Max retries exceeded with url: /v1/accounts/TGR3iCY7HHNQeiLLa8N7Mq7dcQo6ybPGf1/tokens (Caused by NameResolutionError("<urllib3.connection.HTTPSConnection object at 0x7fdcd58097c0>: Failed to resolve 'api.tronstation.io' ([Errno -2] Name or service not known)"))
2025-07-23 16:57:38 - balance_service - ERROR - خطا در استفاده از API جایگزین 8: HTTPSConnectionPool(host='api.tronstation.io', port=443): Max retries exceeded with url: /v1/accounts/TGR3iCY7HHNQeiLLa8N7Mq7dcQo6ybPGf1/tokens (Caused by NameResolutionError("<urllib3.connection.HTTPSConnection object at 0x7fdcd57f2a90>: Failed to resolve 'api.tronstation.io' ([Errno -2] Name or service not known)"))
2025-07-23 16:57:41 - balance_service - WARNING - No native currency found for blockchain Bitcoin
2025-07-23 16:57:41 - balance_service - WARNING - No native currency found for blockchain Avalanche
2025-07-23 16:57:41 - balance_service - WARNING - No native currency found for blockchain Arbitrum
2025-07-23 16:57:41 - balance_service - WARNING - No native currency found for blockchain Polkadot
2025-07-23 16:57:42 - balance_service - WARNING - خطا در دریافت موجودی TRC20 با API اصلی: 404 - {"timestamp":"2025-07-23T16:57:42.834+00:00","status":404,"error":"Not Found","path":"/v1/accounts/TWxYj1EgkXikRh3SszVUQniB6NcLNKeRfy/tokens"}
2025-07-23 16:57:43 - balance_service - WARNING - خطا در دریافت موجودی TRC20 با API اصلی: 404 - {"timestamp":"2025-07-23T16:57:43.046+00:00","status":404,"error":"Not Found","path":"/v1/accounts/TWxYj1EgkXikRh3SszVUQniB6NcLNKeRfy/tokens"}
2025-07-23 16:57:43 - balance_service - ERROR - Error getting EVM token balance on Avalanche: when sending a str, it must be a hex string. Got: 'FvwEAhmxKfeiG8SnEvq42hc6whRyY3EFYAvebMqDNDGCgxN5Z'
Traceback (most recent call last):
  File "/www/wwwroot/coinceeper.com/CC/services/balance_service.py", line 157, in get_token_balance
    address=Web3.to_checksum_address(contract_address),
  File "/www/wwwroot/coinceeper.com/CC/venv/lib64/python3.9/site-packages/web3/main.py", line 268, in to_checksum_address
    return to_checksum_address(value)
  File "/www/wwwroot/coinceeper.com/CC/venv/lib64/python3.9/site-packages/eth_utils/address.py", line 129, in to_checksum_address
    norm_address = to_normalized_address(value)
  File "/www/wwwroot/coinceeper.com/CC/venv/lib64/python3.9/site-packages/eth_utils/address.py", line 73, in to_normalized_address
    hex_address = hexstr_if_str(to_hex, value).lower()
  File "/www/wwwroot/coinceeper.com/CC/venv/lib64/python3.9/site-packages/eth_utils/conversions.py", line 195, in hexstr_if_str
    raise ValueError(
ValueError: when sending a str, it must be a hex string. Got: 'FvwEAhmxKfeiG8SnEvq42hc6whRyY3EFYAvebMqDNDGCgxN5Z'
2025-07-23 16:57:43 - balance_service - WARNING - خطا در دریافت موجودی TRC20 با API اصلی: 404 - {"timestamp":"2025-07-23T16:57:43.667+00:00","status":404,"error":"Not Found","path":"/v1/accounts/TWxYj1EgkXikRh3SszVUQniB6NcLNKeRfy/tokens"}
2025-07-23 16:57:44 - balance_service - ERROR - خطا در استفاده از API جایگزین 8: HTTPSConnectionPool(host='api.tronstation.io', port=443): Max retries exceeded with url: /v1/accounts/TWxYj1EgkXikRh3SszVUQniB6NcLNKeRfy/tokens (Caused by NameResolutionError("<urllib3.connection.HTTPSConnection object at 0x7fdcd4862fa0>: Failed to resolve 'api.tronstation.io' ([Errno -2] Name or service not known)"))
2025-07-23 16:57:44 - balance_service - ERROR - خطا در استفاده از API جایگزین 8: HTTPSConnectionPool(host='api.tronstation.io', port=443): Max retries exceeded with url: /v1/accounts/TWxYj1EgkXikRh3SszVUQniB6NcLNKeRfy/tokens (Caused by NameResolutionError("<urllib3.connection.HTTPSConnection object at 0x7fdcd4837190>: Failed to resolve 'api.tronstation.io' ([Errno -2] Name or service not known)"))
2025-07-23 16:57:45 - balance_service - ERROR - خطا در استفاده از API جایگزین 8: HTTPSConnectionPool(host='api.tronstation.io', port=443): Max retries exceeded with url: /v1/accounts/TWxYj1EgkXikRh3SszVUQniB6NcLNKeRfy/tokens (Caused by NameResolutionError("<urllib3.connection.HTTPSConnection object at 0x7fdcd481a9a0>: Failed to resolve 'api.tronstation.io' ([Errno -2] Name or service not known)"))
2025-07-23 16:57:51 - balance_service - WARNING - No native currency found for blockchain Bitcoin
2025-07-23 16:57:51 - balance_service - WARNING - No native currency found for blockchain Avalanche
2025-07-23 16:57:51 - balance_service - WARNING - No native currency found for blockchain Arbitrum
2025-07-23 16:57:51 - balance_service - WARNING - No native currency found for blockchain Polkadot
2025-07-23 16:57:51 - balance_service - WARNING - خطا در دریافت موجودی TRC20 با API اصلی: 404 - {"timestamp":"2025-07-23T16:57:51.793+00:00","status":404,"error":"Not Found","path":"/v1/accounts/TWxYj1EgkXikRh3SszVUQniB6NcLNKeRfy/tokens"}
2025-07-23 16:57:52 - balance_service - WARNING - خطا در دریافت موجودی TRC20 با API اصلی: 404 - {"timestamp":"2025-07-23T16:57:52.018+00:00","status":404,"error":"Not Found","path":"/v1/accounts/TWxYj1EgkXikRh3SszVUQniB6NcLNKeRfy/tokens"}
2025-07-23 16:57:52 - balance_service - ERROR - Error getting EVM token balance on Avalanche: when sending a str, it must be a hex string. Got: 'FvwEAhmxKfeiG8SnEvq42hc6whRyY3EFYAvebMqDNDGCgxN5Z'
Traceback (most recent call last):
  File "/www/wwwroot/coinceeper.com/CC/services/balance_service.py", line 157, in get_token_balance
    address=Web3.to_checksum_address(contract_address),
  File "/www/wwwroot/coinceeper.com/CC/venv/lib64/python3.9/site-packages/web3/main.py", line 268, in to_checksum_address
    return to_checksum_address(value)
  File "/www/wwwroot/coinceeper.com/CC/venv/lib64/python3.9/site-packages/eth_utils/address.py", line 129, in to_checksum_address
    norm_address = to_normalized_address(value)
  File "/www/wwwroot/coinceeper.com/CC/venv/lib64/python3.9/site-packages/eth_utils/address.py", line 73, in to_normalized_address
    hex_address = hexstr_if_str(to_hex, value).lower()
  File "/www/wwwroot/coinceeper.com/CC/venv/lib64/python3.9/site-packages/eth_utils/conversions.py", line 195, in hexstr_if_str
    raise ValueError(
ValueError: when sending a str, it must be a hex string. Got: 'FvwEAhmxKfeiG8SnEvq42hc6whRyY3EFYAvebMqDNDGCgxN5Z'
2025-07-23 16:57:52 - balance_service - WARNING - خطا در دریافت موجودی TRC20 با API اصلی: 404 - {"timestamp":"2025-07-23T16:57:52.911+00:00","status":404,"error":"Not Found","path":"/v1/accounts/TWxYj1EgkXikRh3SszVUQniB6NcLNKeRfy/tokens"}
2025-07-23 16:57:53 - balance_service - ERROR - خطا در استفاده از API جایگزین 8: HTTPSConnectionPool(host='api.tronstation.io', port=443): Max retries exceeded with url: /v1/accounts/TWxYj1EgkXikRh3SszVUQniB6NcLNKeRfy/tokens (Caused by NameResolutionError("<urllib3.connection.HTTPSConnection object at 0x7fdcd445b580>: Failed to resolve 'api.tronstation.io' ([Errno -2] Name or service not known)"))
2025-07-23 16:57:53 - balance_service - ERROR - خطا در استفاده از API جایگزین 8: HTTPSConnectionPool(host='api.tronstation.io', port=443): Max retries exceeded with url: /v1/accounts/TWxYj1EgkXikRh3SszVUQniB6NcLNKeRfy/tokens (Caused by NameResolutionError("<urllib3.connection.HTTPSConnection object at 0x7fdcd4448100>: Failed to resolve 'api.tronstation.io' ([Errno -2] Name or service not known)"))
2025-07-23 16:57:54 - balance_service - ERROR - خطا در استفاده از API جایگزین 8: HTTPSConnectionPool(host='api.tronstation.io', port=443): Max retries exceeded with url: /v1/accounts/TWxYj1EgkXikRh3SszVUQniB6NcLNKeRfy/tokens (Caused by NameResolutionError("<urllib3.connection.HTTPSConnection object at 0x7fdcd43dff10>: Failed to resolve 'api.tronstation.io' ([Errno -2] Name or service not known)"))
2025-07-23 16:58:05 - balance_service - ERROR - Error updating balance for user c1bf9df0-8263-41f1-844f-2e587f9b4050: (mysql.connector.errors.OperationalError) 2013 (HY000): Lost connection to MySQL server during query
[SQL: DELETE FROM userholding WHERE userholding.`UserID` = %(UserID_1)s]
[parameters: {'UserID_1': 'c1bf9df0-8263-41f1-844f-2e587f9b4050'}]
(Background on this error at: https://sqlalche.me/e/20/e3q8)
Traceback (most recent call last):
  File "/www/wwwroot/coinceeper.com/CC/venv/lib64/python3.9/site-packages/mysql/connector/connection_cext.py", line 772, in cmd_query
    self._cmysql.query(
_mysql_connector.MySQLInterfaceError: Lost connection to MySQL server during query

The above exception was the direct cause of the following exception:

Traceback (most recent call last):
  File "/www/wwwroot/coinceeper.com/CC/venv/lib64/python3.9/site-packages/sqlalchemy/engine/base.py", line 1963, in _exec_single_context
    self.dialect.do_execute(
  File "/www/wwwroot/coinceeper.com/CC/venv/lib64/python3.9/site-packages/sqlalchemy/engine/default.py", line 943, in do_execute
    cursor.execute(statement, parameters)
  File "/www/wwwroot/coinceeper.com/CC/venv/lib64/python3.9/site-packages/mysql/connector/cursor_cext.py", line 356, in execute
    self._connection.cmd_query(
  File "/www/wwwroot/coinceeper.com/CC/venv/lib64/python3.9/site-packages/mysql/connector/opentelemetry/context_propagation.py", line 97, in wrapper
    return method(cnx, *args, **kwargs)
  File "/www/wwwroot/coinceeper.com/CC/venv/lib64/python3.9/site-packages/mysql/connector/connection_cext.py", line 781, in cmd_query
    raise get_mysql_exception(
mysql.connector.errors.OperationalError: 2013 (HY000): Lost connection to MySQL server during query

The above exception was the direct cause of the following exception:

Traceback (most recent call last):
  File "/www/wwwroot/coinceeper.com/CC/services/balance_service.py", line 1262, in _update_user_balance
    deleted = self.session.query(UserHolding).filter(UserHolding.UserID == user_id).delete()
  File "/www/wwwroot/coinceeper.com/CC/venv/lib64/python3.9/site-packages/sqlalchemy/orm/query.py", line 3208, in delete
    result: CursorResult[Any] = self.session.execute(
  File "/www/wwwroot/coinceeper.com/CC/venv/lib64/python3.9/site-packages/sqlalchemy/orm/session.py", line 2365, in execute
    return self._execute_internal(
  File "/www/wwwroot/coinceeper.com/CC/venv/lib64/python3.9/site-packages/sqlalchemy/orm/session.py", line 2251, in _execute_internal
    result: Result[Any] = compile_state_cls.orm_execute_statement(
  File "/www/wwwroot/coinceeper.com/CC/venv/lib64/python3.9/site-packages/sqlalchemy/orm/bulk_persistence.py", line 2021, in orm_execute_statement
    return super().orm_execute_statement(
  File "/www/wwwroot/coinceeper.com/CC/venv/lib64/python3.9/site-packages/sqlalchemy/orm/context.py", line 306, in orm_execute_statement
    result = conn.execute(
  File "/www/wwwroot/coinceeper.com/CC/venv/lib64/python3.9/site-packages/sqlalchemy/engine/base.py", line 1415, in execute
    return meth(
  File "/www/wwwroot/coinceeper.com/CC/venv/lib64/python3.9/site-packages/sqlalchemy/sql/elements.py", line 523, in _execute_on_connection
    return connection._execute_clauseelement(
  File "/www/wwwroot/coinceeper.com/CC/venv/lib64/python3.9/site-packages/sqlalchemy/engine/base.py", line 1637, in _execute_clauseelement
    ret = self._execute_context(
  File "/www/wwwroot/coinceeper.com/CC/venv/lib64/python3.9/site-packages/sqlalchemy/engine/base.py", line 1842, in _execute_context
    return self._exec_single_context(
  File "/www/wwwroot/coinceeper.com/CC/venv/lib64/python3.9/site-packages/sqlalchemy/engine/base.py", line 1982, in _exec_single_context
    self._handle_dbapi_exception(
  File "/www/wwwroot/coinceeper.com/CC/venv/lib64/python3.9/site-packages/sqlalchemy/engine/base.py", line 2351, in _handle_dbapi_exception
    raise sqlalchemy_exception.with_traceback(exc_info[2]) from e
  File "/www/wwwroot/coinceeper.com/CC/venv/lib64/python3.9/site-packages/sqlalchemy/engine/base.py", line 1963, in _exec_single_context
    self.dialect.do_execute(
  File "/www/wwwroot/coinceeper.com/CC/venv/lib64/python3.9/site-packages/sqlalchemy/engine/default.py", line 943, in do_execute
    cursor.execute(statement, parameters)
  File "/www/wwwroot/coinceeper.com/CC/venv/lib64/python3.9/site-packages/mysql/connector/cursor_cext.py", line 356, in execute
    self._connection.cmd_query(
  File "/www/wwwroot/coinceeper.com/CC/venv/lib64/python3.9/site-packages/mysql/connector/opentelemetry/context_propagation.py", line 97, in wrapper
    return method(cnx, *args, **kwargs)
  File "/www/wwwroot/coinceeper.com/CC/venv/lib64/python3.9/site-packages/mysql/connector/connection_cext.py", line 781, in cmd_query
    raise get_mysql_exception(
sqlalchemy.exc.OperationalError: (mysql.connector.errors.OperationalError) 2013 (HY000): Lost connection to MySQL server during query
[SQL: DELETE FROM userholding WHERE userholding.`UserID` = %(UserID_1)s]
[parameters: {'UserID_1': 'c1bf9df0-8263-41f1-844f-2e587f9b4050'}]
(Background on this error at: https://sqlalche.me/e/20/e3q8)
2025-07-23 16:58:17 - balance_service - WARNING - No native currency found for blockchain Bitcoin
2025-07-23 16:58:17 - balance_service - WARNING - No native currency found for blockchain Avalanche
2025-07-23 16:58:17 - balance_service - WARNING - No native currency found for blockchain Arbitrum
2025-07-23 16:58:17 - balance_service - WARNING - No native currency found for blockchain Polkadot
2025-07-23 16:58:18 - balance_service - WARNING - خطا در دریافت موجودی TRC20 با API اصلی: 404 - {"timestamp":"2025-07-23T16:58:18.039+00:00","status":404,"error":"Not Found","path":"/v1/accounts/TWxYj1EgkXikRh3SszVUQniB6NcLNKeRfy/tokens"}
2025-07-23 16:58:18 - balance_service - WARNING - خطا در دریافت موجودی TRC20 با API اصلی: 404 - {"timestamp":"2025-07-23T16:58:18.241+00:00","status":404,"error":"Not Found","path":"/v1/accounts/TWxYj1EgkXikRh3SszVUQniB6NcLNKeRfy/tokens"}
2025-07-23 16:58:19 - balance_service - ERROR - Error getting EVM token balance on Avalanche: when sending a str, it must be a hex string. Got: 'FvwEAhmxKfeiG8SnEvq42hc6whRyY3EFYAvebMqDNDGCgxN5Z'
Traceback (most recent call last):
  File "/www/wwwroot/coinceeper.com/CC/services/balance_service.py", line 157, in get_token_balance
    address=Web3.to_checksum_address(contract_address),
  File "/www/wwwroot/coinceeper.com/CC/venv/lib64/python3.9/site-packages/web3/main.py", line 268, in to_checksum_address
    return to_checksum_address(value)
  File "/www/wwwroot/coinceeper.com/CC/venv/lib64/python3.9/site-packages/eth_utils/address.py", line 129, in to_checksum_address
    norm_address = to_normalized_address(value)
  File "/www/wwwroot/coinceeper.com/CC/venv/lib64/python3.9/site-packages/eth_utils/address.py", line 73, in to_normalized_address
    hex_address = hexstr_if_str(to_hex, value).lower()
  File "/www/wwwroot/coinceeper.com/CC/venv/lib64/python3.9/site-packages/eth_utils/conversions.py", line 195, in hexstr_if_str
    raise ValueError(
ValueError: when sending a str, it must be a hex string. Got: 'FvwEAhmxKfeiG8SnEvq42hc6whRyY3EFYAvebMqDNDGCgxN5Z'
2025-07-23 16:58:19 - balance_service - WARNING - خطا در دریافت موجودی TRC20 با API اصلی: 404 - {"timestamp":"2025-07-23T16:58:19.057+00:00","status":404,"error":"Not Found","path":"/v1/accounts/TWxYj1EgkXikRh3SszVUQniB6NcLNKeRfy/tokens"}
2025-07-23 16:58:19 - balance_service - ERROR - خطا در استفاده از API جایگزین 8: HTTPSConnectionPool(host='api.tronstation.io', port=443): Max retries exceeded with url: /v1/accounts/TWxYj1EgkXikRh3SszVUQniB6NcLNKeRfy/tokens (Caused by NameResolutionError("<urllib3.connection.HTTPSConnection object at 0x7fdcd479dd60>: Failed to resolve 'api.tronstation.io' ([Errno -2] Name or service not known)"))
2025-07-23 16:58:19 - balance_service - ERROR - خطا در استفاده از API جایگزین 8: HTTPSConnectionPool(host='api.tronstation.io', port=443): Max retries exceeded with url: /v1/accounts/TWxYj1EgkXikRh3SszVUQniB6NcLNKeRfy/tokens (Caused by NameResolutionError("<urllib3.connection.HTTPSConnection object at 0x7fdcd48234f0>: Failed to resolve 'api.tronstation.io' ([Errno -2] Name or service not known)"))
2025-07-23 16:58:20 - balance_service - ERROR - خطا در استفاده از API جایگزین 8: HTTPSConnectionPool(host='api.tronstation.io', port=443): Max retries exceeded with url: /v1/accounts/TWxYj1EgkXikRh3SszVUQniB6NcLNKeRfy/tokens (Caused by NameResolutionError("<urllib3.connection.HTTPSConnection object at 0x7fdcd482eaf0>: Failed to resolve 'api.tronstation.io' ([Errno -2] Name or service not known)"))
2025-07-23 16:58:30 - balance_service - ERROR - Error updating balance for user c1bf9df0-8263-41f1-844f-2e587f9b4050: (mysql.connector.errors.OperationalError) MySQL Connection not available.
[SQL: DELETE FROM userholding WHERE userholding.`UserID` = %(UserID_1)s]
[parameters: [{}]]
(Background on this error at: https://sqlalche.me/e/20/e3q8)
Traceback (most recent call last):
  File "/www/wwwroot/coinceeper.com/CC/venv/lib64/python3.9/site-packages/sqlalchemy/engine/base.py", line 1811, in _execute_context
    context = constructor(
  File "/www/wwwroot/coinceeper.com/CC/venv/lib64/python3.9/site-packages/sqlalchemy/engine/default.py", line 1427, in _init_compiled
    self.cursor = self.create_cursor()
  File "/www/wwwroot/coinceeper.com/CC/venv/lib64/python3.9/site-packages/sqlalchemy/engine/default.py", line 1766, in create_cursor
    return self.create_default_cursor()
  File "/www/wwwroot/coinceeper.com/CC/venv/lib64/python3.9/site-packages/sqlalchemy/dialects/mysql/mysqlconnector.py", line 67, in create_default_cursor
    return self._dbapi_connection.cursor(buffered=True)
  File "/www/wwwroot/coinceeper.com/CC/venv/lib64/python3.9/site-packages/sqlalchemy/pool/base.py", line 1486, in cursor
    return self.dbapi_connection.cursor(*args, **kwargs)
  File "/www/wwwroot/coinceeper.com/CC/venv/lib64/python3.9/site-packages/mysql/connector/connection_cext.py", line 841, in cursor
    raise OperationalError("MySQL Connection not available.")
mysql.connector.errors.OperationalError: MySQL Connection not available.

The above exception was the direct cause of the following exception:

Traceback (most recent call last):
  File "/www/wwwroot/coinceeper.com/CC/services/balance_service.py", line 1262, in _update_user_balance
    deleted = self.session.query(UserHolding).filter(UserHolding.UserID == user_id).delete()
  File "/www/wwwroot/coinceeper.com/CC/venv/lib64/python3.9/site-packages/sqlalchemy/orm/query.py", line 3208, in delete
    result: CursorResult[Any] = self.session.execute(
  File "/www/wwwroot/coinceeper.com/CC/venv/lib64/python3.9/site-packages/sqlalchemy/orm/session.py", line 2365, in execute
    return self._execute_internal(
  File "/www/wwwroot/coinceeper.com/CC/venv/lib64/python3.9/site-packages/sqlalchemy/orm/session.py", line 2251, in _execute_internal
    result: Result[Any] = compile_state_cls.orm_execute_statement(
  File "/www/wwwroot/coinceeper.com/CC/venv/lib64/python3.9/site-packages/sqlalchemy/orm/bulk_persistence.py", line 2021, in orm_execute_statement
    return super().orm_execute_statement(
  File "/www/wwwroot/coinceeper.com/CC/venv/lib64/python3.9/site-packages/sqlalchemy/orm/context.py", line 306, in orm_execute_statement
    result = conn.execute(
  File "/www/wwwroot/coinceeper.com/CC/venv/lib64/python3.9/site-packages/sqlalchemy/engine/base.py", line 1415, in execute
    return meth(
  File "/www/wwwroot/coinceeper.com/CC/venv/lib64/python3.9/site-packages/sqlalchemy/sql/elements.py", line 523, in _execute_on_connection
    return connection._execute_clauseelement(
  File "/www/wwwroot/coinceeper.com/CC/venv/lib64/python3.9/site-packages/sqlalchemy/engine/base.py", line 1637, in _execute_clauseelement
    ret = self._execute_context(
  File "/www/wwwroot/coinceeper.com/CC/venv/lib64/python3.9/site-packages/sqlalchemy/engine/base.py", line 1817, in _execute_context
    self._handle_dbapi_exception(
  File "/www/wwwroot/coinceeper.com/CC/venv/lib64/python3.9/site-packages/sqlalchemy/engine/base.py", line 2351, in _handle_dbapi_exception
    raise sqlalchemy_exception.with_traceback(exc_info[2]) from e
  File "/www/wwwroot/coinceeper.com/CC/venv/lib64/python3.9/site-packages/sqlalchemy/engine/base.py", line 1811, in _execute_context
    context = constructor(
  File "/www/wwwroot/coinceeper.com/CC/venv/lib64/python3.9/site-packages/sqlalchemy/engine/default.py", line 1427, in _init_compiled
    self.cursor = self.create_cursor()
  File "/www/wwwroot/coinceeper.com/CC/venv/lib64/python3.9/site-packages/sqlalchemy/engine/default.py", line 1766, in create_cursor
    return self.create_default_cursor()
  File "/www/wwwroot/coinceeper.com/CC/venv/lib64/python3.9/site-packages/sqlalchemy/dialects/mysql/mysqlconnector.py", line 67, in create_default_cursor
    return self._dbapi_connection.cursor(buffered=True)
  File "/www/wwwroot/coinceeper.com/CC/venv/lib64/python3.9/site-packages/sqlalchemy/pool/base.py", line 1486, in cursor
    return self.dbapi_connection.cursor(*args, **kwargs)
  File "/www/wwwroot/coinceeper.com/CC/venv/lib64/python3.9/site-packages/mysql/connector/connection_cext.py", line 841, in cursor
    raise OperationalError("MySQL Connection not available.")
sqlalchemy.exc.OperationalError: (mysql.connector.errors.OperationalError) MySQL Connection not available.
[SQL: DELETE FROM userholding WHERE userholding.`UserID` = %(UserID_1)s]
[parameters: [{}]]
(Background on this error at: https://sqlalche.me/e/20/e3q8)
2025-07-23 16:58:38 - balance_service - WARNING - No native currency found for blockchain Bitcoin
2025-07-23 16:58:38 - balance_service - WARNING - No native currency found for blockchain Avalanche
2025-07-23 16:58:38 - balance_service - WARNING - No native currency found for blockchain Arbitrum
2025-07-23 16:58:38 - balance_service - WARNING - No native currency found for blockchain Polkadot
2025-07-23 16:58:39 - balance_service - WARNING - خطا در دریافت موجودی TRC20 با API اصلی: 404 - {"timestamp":"2025-07-23T16:58:39.313+00:00","status":404,"error":"Not Found","path":"/v1/accounts/TGR3iCY7HHNQeiLLa8N7Mq7dcQo6ybPGf1/tokens"}
2025-07-23 16:58:39 - balance_service - WARNING - خطا در دریافت موجودی TRC20 با API اصلی: 404 - {"timestamp":"2025-07-23T16:58:39.524+00:00","status":404,"error":"Not Found","path":"/v1/accounts/TGR3iCY7HHNQeiLLa8N7Mq7dcQo6ybPGf1/tokens"}
2025-07-23 16:58:40 - balance_service - WARNING - خطا در دریافت موجودی TRC20 با API اصلی: 404 - {"timestamp":"2025-07-23T16:58:39.993+00:00","status":404,"error":"Not Found","path":"/v1/accounts/TGR3iCY7HHNQeiLLa8N7Mq7dcQo6ybPGf1/tokens"}
2025-07-23 16:58:40 - balance_service - ERROR - Error getting EVM token balance on Avalanche: when sending a str, it must be a hex string. Got: 'FvwEAhmxKfeiG8SnEvq42hc6whRyY3EFYAvebMqDNDGCgxN5Z'
Traceback (most recent call last):
  File "/www/wwwroot/coinceeper.com/CC/services/balance_service.py", line 157, in get_token_balance
    address=Web3.to_checksum_address(contract_address),
  File "/www/wwwroot/coinceeper.com/CC/venv/lib64/python3.9/site-packages/web3/main.py", line 268, in to_checksum_address
    return to_checksum_address(value)
  File "/www/wwwroot/coinceeper.com/CC/venv/lib64/python3.9/site-packages/eth_utils/address.py", line 129, in to_checksum_address
    norm_address = to_normalized_address(value)
  File "/www/wwwroot/coinceeper.com/CC/venv/lib64/python3.9/site-packages/eth_utils/address.py", line 73, in to_normalized_address
    hex_address = hexstr_if_str(to_hex, value).lower()
  File "/www/wwwroot/coinceeper.com/CC/venv/lib64/python3.9/site-packages/eth_utils/conversions.py", line 195, in hexstr_if_str
    raise ValueError(
ValueError: when sending a str, it must be a hex string. Got: 'FvwEAhmxKfeiG8SnEvq42hc6whRyY3EFYAvebMqDNDGCgxN5Z'
2025-07-23 16:58:40 - balance_service - ERROR - خطا در استفاده از API جایگزین 8: HTTPSConnectionPool(host='api.tronstation.io', port=443): Max retries exceeded with url: /v1/accounts/TGR3iCY7HHNQeiLLa8N7Mq7dcQo6ybPGf1/tokens (Caused by NameResolutionError("<urllib3.connection.HTTPSConnection object at 0x7fdcd57104f0>: Failed to resolve 'api.tronstation.io' ([Errno -2] Name or service not known)"))
2025-07-23 16:58:41 - balance_service - ERROR - خطا در استفاده از API جایگزین 8: HTTPSConnectionPool(host='api.tronstation.io', port=443): Max retries exceeded with url: /v1/accounts/TGR3iCY7HHNQeiLLa8N7Mq7dcQo6ybPGf1/tokens (Caused by NameResolutionError("<urllib3.connection.HTTPSConnection object at 0x7fdcd5727880>: Failed to resolve 'api.tronstation.io' ([Errno -2] Name or service not known)"))
2025-07-23 16:58:41 - balance_service - ERROR - خطا در استفاده از API جایگزین 8: HTTPSConnectionPool(host='api.tronstation.io', port=443): Max retries exceeded with url: /v1/accounts/TGR3iCY7HHNQeiLLa8N7Mq7dcQo6ybPGf1/tokens (Caused by NameResolutionError("<urllib3.connection.HTTPSConnection object at 0x7fdcd577b100>: Failed to resolve 'api.tronstation.io' ([Errno -2] Name or service not known)"))
2025-07-23 17:49:27 - balance_service - WARNING - No native currency found for blockchain Bitcoin
2025-07-23 17:49:27 - balance_service - WARNING - No native currency found for blockchain Avalanche
2025-07-23 17:49:27 - balance_service - WARNING - No native currency found for blockchain Arbitrum
2025-07-23 17:49:27 - balance_service - WARNING - No native currency found for blockchain Polkadot
2025-07-23 17:49:27 - balance_service - WARNING - خطا در دریافت موجودی TRC20 با API اصلی: 404 - {"timestamp":"2025-07-23T17:49:27.897+00:00","status":404,"error":"Not Found","path":"/v1/accounts/TGR3iCY7HHNQeiLLa8N7Mq7dcQo6ybPGf1/tokens"}
2025-07-23 17:49:28 - balance_service - WARNING - خطا در دریافت موجودی TRC20 با API اصلی: 404 - {"timestamp":"2025-07-23T17:49:28.166+00:00","status":404,"error":"Not Found","path":"/v1/accounts/TGR3iCY7HHNQeiLLa8N7Mq7dcQo6ybPGf1/tokens"}
2025-07-23 17:49:28 - balance_service - ERROR - Error getting EVM token balance on Avalanche: when sending a str, it must be a hex string. Got: 'FvwEAhmxKfeiG8SnEvq42hc6whRyY3EFYAvebMqDNDGCgxN5Z'
Traceback (most recent call last):
  File "/www/wwwroot/coinceeper.com/CC/services/balance_service.py", line 157, in get_token_balance
    address=Web3.to_checksum_address(contract_address),
  File "/www/wwwroot/coinceeper.com/CC/venv/lib64/python3.9/site-packages/web3/main.py", line 268, in to_checksum_address
    return to_checksum_address(value)
  File "/www/wwwroot/coinceeper.com/CC/venv/lib64/python3.9/site-packages/eth_utils/address.py", line 129, in to_checksum_address
    norm_address = to_normalized_address(value)
  File "/www/wwwroot/coinceeper.com/CC/venv/lib64/python3.9/site-packages/eth_utils/address.py", line 73, in to_normalized_address
    hex_address = hexstr_if_str(to_hex, value).lower()
  File "/www/wwwroot/coinceeper.com/CC/venv/lib64/python3.9/site-packages/eth_utils/conversions.py", line 195, in hexstr_if_str
    raise ValueError(
ValueError: when sending a str, it must be a hex string. Got: 'FvwEAhmxKfeiG8SnEvq42hc6whRyY3EFYAvebMqDNDGCgxN5Z'
2025-07-23 17:49:28 - balance_service - WARNING - خطا در دریافت موجودی TRC20 با API اصلی: 404 - {"timestamp":"2025-07-23T17:49:28.606+00:00","status":404,"error":"Not Found","path":"/v1/accounts/TGR3iCY7HHNQeiLLa8N7Mq7dcQo6ybPGf1/tokens"}
2025-07-23 17:49:29 - balance_service - ERROR - خطا در استفاده از API جایگزین 8: HTTPSConnectionPool(host='api.tronstation.io', port=443): Max retries exceeded with url: /v1/accounts/TGR3iCY7HHNQeiLLa8N7Mq7dcQo6ybPGf1/tokens (Caused by NameResolutionError("<urllib3.connection.HTTPSConnection object at 0x7fdcd56fa460>: Failed to resolve 'api.tronstation.io' ([Errno -2] Name or service not known)"))
2025-07-23 17:49:29 - balance_service - ERROR - خطا در استفاده از API جایگزین 8: HTTPSConnectionPool(host='api.tronstation.io', port=443): Max retries exceeded with url: /v1/accounts/TGR3iCY7HHNQeiLLa8N7Mq7dcQo6ybPGf1/tokens (Caused by NameResolutionError("<urllib3.connection.HTTPSConnection object at 0x7fdcd564a9a0>: Failed to resolve 'api.tronstation.io' ([Errno -2] Name or service not known)"))
2025-07-23 17:49:30 - balance_service - ERROR - خطا در استفاده از API جایگزین 8: HTTPSConnectionPool(host='api.tronstation.io', port=443): Max retries exceeded with url: /v1/accounts/TGR3iCY7HHNQeiLLa8N7Mq7dcQo6ybPGf1/tokens (Caused by NameResolutionError("<urllib3.connection.HTTPSConnection object at 0x7fdcd56f2850>: Failed to resolve 'api.tronstation.io' ([Errno -2] Name or service not known)"))
2025-07-23 17:52:05 - balance_service - WARNING - No native currency found for blockchain Bitcoin
2025-07-23 17:52:05 - balance_service - WARNING - No native currency found for blockchain Avalanche
2025-07-23 17:52:05 - balance_service - WARNING - No native currency found for blockchain Arbitrum
2025-07-23 17:52:05 - balance_service - WARNING - No native currency found for blockchain Polkadot
2025-07-23 17:52:05 - balance_service - WARNING - خطا در دریافت موجودی TRC20 با API اصلی: 404 - {"timestamp":"2025-07-23T17:52:05.888+00:00","status":404,"error":"Not Found","path":"/v1/accounts/TWxYj1EgkXikRh3SszVUQniB6NcLNKeRfy/tokens"}
2025-07-23 17:52:06 - balance_service - WARNING - خطا در دریافت موجودی TRC20 با API اصلی: 404 - {"timestamp":"2025-07-23T17:52:06.191+00:00","status":404,"error":"Not Found","path":"/v1/accounts/TWxYj1EgkXikRh3SszVUQniB6NcLNKeRfy/tokens"}
2025-07-23 17:52:06 - balance_service - ERROR - Error getting EVM token balance on Avalanche: when sending a str, it must be a hex string. Got: 'FvwEAhmxKfeiG8SnEvq42hc6whRyY3EFYAvebMqDNDGCgxN5Z'
Traceback (most recent call last):
  File "/www/wwwroot/coinceeper.com/CC/services/balance_service.py", line 157, in get_token_balance
    address=Web3.to_checksum_address(contract_address),
  File "/www/wwwroot/coinceeper.com/CC/venv/lib64/python3.9/site-packages/web3/main.py", line 268, in to_checksum_address
    return to_checksum_address(value)
  File "/www/wwwroot/coinceeper.com/CC/venv/lib64/python3.9/site-packages/eth_utils/address.py", line 129, in to_checksum_address
    norm_address = to_normalized_address(value)
  File "/www/wwwroot/coinceeper.com/CC/venv/lib64/python3.9/site-packages/eth_utils/address.py", line 73, in to_normalized_address
    hex_address = hexstr_if_str(to_hex, value).lower()
  File "/www/wwwroot/coinceeper.com/CC/venv/lib64/python3.9/site-packages/eth_utils/conversions.py", line 195, in hexstr_if_str
    raise ValueError(
ValueError: when sending a str, it must be a hex string. Got: 'FvwEAhmxKfeiG8SnEvq42hc6whRyY3EFYAvebMqDNDGCgxN5Z'
2025-07-23 17:52:06 - balance_service - WARNING - خطا در دریافت موجودی TRC20 با API اصلی: 404 - {"timestamp":"2025-07-23T17:52:06.611+00:00","status":404,"error":"Not Found","path":"/v1/accounts/TWxYj1EgkXikRh3SszVUQniB6NcLNKeRfy/tokens"}
2025-07-23 17:52:07 - balance_service - WARNING - No native currency found for blockchain Bitcoin
2025-07-23 17:52:07 - balance_service - WARNING - No native currency found for blockchain Avalanche
2025-07-23 17:52:07 - balance_service - WARNING - No native currency found for blockchain Arbitrum
2025-07-23 17:52:07 - balance_service - WARNING - No native currency found for blockchain Polkadot
2025-07-23 17:52:07 - balance_service - ERROR - خطا در استفاده از API جایگزین 8: HTTPSConnectionPool(host='api.tronstation.io', port=443): Max retries exceeded with url: /v1/accounts/TWxYj1EgkXikRh3SszVUQniB6NcLNKeRfy/tokens (Caused by NameResolutionError("<urllib3.connection.HTTPSConnection object at 0x7fdcd5bc80a0>: Failed to resolve 'api.tronstation.io' ([Errno -2] Name or service not known)"))
2025-07-23 17:52:07 - balance_service - ERROR - خطا در استفاده از API جایگزین 8: HTTPSConnectionPool(host='api.tronstation.io', port=443): Max retries exceeded with url: /v1/accounts/TWxYj1EgkXikRh3SszVUQniB6NcLNKeRfy/tokens (Caused by NameResolutionError("<urllib3.connection.HTTPSConnection object at 0x7fdcd4862310>: Failed to resolve 'api.tronstation.io' ([Errno -2] Name or service not known)"))
2025-07-23 17:52:08 - balance_service - WARNING - خطا در دریافت موجودی TRC20 با API اصلی: 404 - {"timestamp":"2025-07-23T17:52:08.152+00:00","status":404,"error":"Not Found","path":"/v1/accounts/TWxYj1EgkXikRh3SszVUQniB6NcLNKeRfy/tokens"}
2025-07-23 17:52:08 - balance_service - ERROR - خطا در استفاده از API جایگزین 8: HTTPSConnectionPool(host='api.tronstation.io', port=443): Max retries exceeded with url: /v1/accounts/TWxYj1EgkXikRh3SszVUQniB6NcLNKeRfy/tokens (Caused by NameResolutionError("<urllib3.connection.HTTPSConnection object at 0x7fdcd5ba0f10>: Failed to resolve 'api.tronstation.io' ([Errno -2] Name or service not known)"))
2025-07-23 17:52:08 - balance_service - WARNING - خطا در دریافت موجودی TRC20 با API اصلی: 404 - {"timestamp":"2025-07-23T17:52:08.358+00:00","status":404,"error":"Not Found","path":"/v1/accounts/TWxYj1EgkXikRh3SszVUQniB6NcLNKeRfy/tokens"}
2025-07-23 17:52:09 - balance_service - WARNING - خطا در دریافت موجودی TRC20 با API اصلی: 404 - {"timestamp":"2025-07-23T17:52:09.212+00:00","status":404,"error":"Not Found","path":"/v1/accounts/TWxYj1EgkXikRh3SszVUQniB6NcLNKeRfy/tokens"}
2025-07-23 17:52:09 - balance_service - ERROR - Error getting EVM token balance on Avalanche: when sending a str, it must be a hex string. Got: 'FvwEAhmxKfeiG8SnEvq42hc6whRyY3EFYAvebMqDNDGCgxN5Z'
Traceback (most recent call last):
  File "/www/wwwroot/coinceeper.com/CC/services/balance_service.py", line 157, in get_token_balance
    address=Web3.to_checksum_address(contract_address),
  File "/www/wwwroot/coinceeper.com/CC/venv/lib64/python3.9/site-packages/web3/main.py", line 268, in to_checksum_address
    return to_checksum_address(value)
  File "/www/wwwroot/coinceeper.com/CC/venv/lib64/python3.9/site-packages/eth_utils/address.py", line 129, in to_checksum_address
    norm_address = to_normalized_address(value)
  File "/www/wwwroot/coinceeper.com/CC/venv/lib64/python3.9/site-packages/eth_utils/address.py", line 73, in to_normalized_address
    hex_address = hexstr_if_str(to_hex, value).lower()
  File "/www/wwwroot/coinceeper.com/CC/venv/lib64/python3.9/site-packages/eth_utils/conversions.py", line 195, in hexstr_if_str
    raise ValueError(
ValueError: when sending a str, it must be a hex string. Got: 'FvwEAhmxKfeiG8SnEvq42hc6whRyY3EFYAvebMqDNDGCgxN5Z'
2025-07-23 17:52:09 - balance_service - ERROR - خطا در استفاده از API جایگزین 8: HTTPSConnectionPool(host='api.tronstation.io', port=443): Max retries exceeded with url: /v1/accounts/TWxYj1EgkXikRh3SszVUQniB6NcLNKeRfy/tokens (Caused by NameResolutionError("<urllib3.connection.HTTPSConnection object at 0x7fdcd5640850>: Failed to resolve 'api.tronstation.io' ([Errno -2] Name or service not known)"))
2025-07-23 17:52:10 - balance_service - ERROR - خطا در استفاده از API جایگزین 8: HTTPSConnectionPool(host='api.tronstation.io', port=443): Max retries exceeded with url: /v1/accounts/TWxYj1EgkXikRh3SszVUQniB6NcLNKeRfy/tokens (Caused by NameResolutionError("<urllib3.connection.HTTPSConnection object at 0x7fdcd56256d0>: Failed to resolve 'api.tronstation.io' ([Errno -2] Name or service not known)"))
2025-07-23 17:52:10 - balance_service - ERROR - خطا در استفاده از API جایگزین 8: HTTPSConnectionPool(host='api.tronstation.io', port=443): Max retries exceeded with url: /v1/accounts/TWxYj1EgkXikRh3SszVUQniB6NcLNKeRfy/tokens (Caused by NameResolutionError("<urllib3.connection.HTTPSConnection object at 0x7fdcd5640820>: Failed to resolve 'api.tronstation.io' ([Errno -2] Name or service not known)"))
2025-07-23 17:52:12 - balance_service - WARNING - No native currency found for blockchain Bitcoin
2025-07-23 17:52:12 - balance_service - WARNING - No native currency found for blockchain Avalanche
2025-07-23 17:52:12 - balance_service - WARNING - No native currency found for blockchain Arbitrum
2025-07-23 17:52:12 - balance_service - WARNING - No native currency found for blockchain Polkadot
2025-07-23 17:52:13 - balance_service - WARNING - خطا در دریافت موجودی TRC20 با API اصلی: 404 - {"timestamp":"2025-07-23T17:52:13.290+00:00","status":404,"error":"Not Found","path":"/v1/accounts/TGR3iCY7HHNQeiLLa8N7Mq7dcQo6ybPGf1/tokens"}
2025-07-23 17:52:13 - balance_service - WARNING - خطا در دریافت موجودی TRC20 با API اصلی: 404 - {"timestamp":"2025-07-23T17:52:13.478+00:00","status":404,"error":"Not Found","path":"/v1/accounts/TGR3iCY7HHNQeiLLa8N7Mq7dcQo6ybPGf1/tokens"}
2025-07-23 17:52:14 - balance_service - ERROR - Error getting EVM token balance on Avalanche: when sending a str, it must be a hex string. Got: 'FvwEAhmxKfeiG8SnEvq42hc6whRyY3EFYAvebMqDNDGCgxN5Z'
Traceback (most recent call last):
  File "/www/wwwroot/coinceeper.com/CC/services/balance_service.py", line 157, in get_token_balance
    address=Web3.to_checksum_address(contract_address),
  File "/www/wwwroot/coinceeper.com/CC/venv/lib64/python3.9/site-packages/web3/main.py", line 268, in to_checksum_address
    return to_checksum_address(value)
  File "/www/wwwroot/coinceeper.com/CC/venv/lib64/python3.9/site-packages/eth_utils/address.py", line 129, in to_checksum_address
    norm_address = to_normalized_address(value)
  File "/www/wwwroot/coinceeper.com/CC/venv/lib64/python3.9/site-packages/eth_utils/address.py", line 73, in to_normalized_address
    hex_address = hexstr_if_str(to_hex, value).lower()
  File "/www/wwwroot/coinceeper.com/CC/venv/lib64/python3.9/site-packages/eth_utils/conversions.py", line 195, in hexstr_if_str
    raise ValueError(
ValueError: when sending a str, it must be a hex string. Got: 'FvwEAhmxKfeiG8SnEvq42hc6whRyY3EFYAvebMqDNDGCgxN5Z'
2025-07-23 17:52:14 - balance_service - WARNING - خطا در دریافت موجودی TRC20 با API اصلی: 404 - {"timestamp":"2025-07-23T17:52:14.195+00:00","status":404,"error":"Not Found","path":"/v1/accounts/TGR3iCY7HHNQeiLLa8N7Mq7dcQo6ybPGf1/tokens"}
2025-07-23 17:52:14 - balance_service - ERROR - خطا در استفاده از API جایگزین 8: HTTPSConnectionPool(host='api.tronstation.io', port=443): Max retries exceeded with url: /v1/accounts/TGR3iCY7HHNQeiLLa8N7Mq7dcQo6ybPGf1/tokens (Caused by NameResolutionError("<urllib3.connection.HTTPSConnection object at 0x7fdcd5b8bee0>: Failed to resolve 'api.tronstation.io' ([Errno -2] Name or service not known)"))
2025-07-23 17:52:15 - balance_service - ERROR - خطا در استفاده از API جایگزین 8: HTTPSConnectionPool(host='api.tronstation.io', port=443): Max retries exceeded with url: /v1/accounts/TGR3iCY7HHNQeiLLa8N7Mq7dcQo6ybPGf1/tokens (Caused by NameResolutionError("<urllib3.connection.HTTPSConnection object at 0x7fdcd5314640>: Failed to resolve 'api.tronstation.io' ([Errno -2] Name or service not known)"))
2025-07-23 17:52:15 - balance_service - ERROR - خطا در استفاده از API جایگزین 8: HTTPSConnectionPool(host='api.tronstation.io', port=443): Max retries exceeded with url: /v1/accounts/TGR3iCY7HHNQeiLLa8N7Mq7dcQo6ybPGf1/tokens (Caused by NameResolutionError("<urllib3.connection.HTTPSConnection object at 0x7fdcd5b76ac0>: Failed to resolve 'api.tronstation.io' ([Errno -2] Name or service not known)"))
2025-07-23 17:52:16 - balance_service - WARNING - Error getting token decimals, using default 18: 429 Client Error: Too Many Requests for url: https://mainnet.infura.io/v3/a8ab43a04ce044de988a838d92f478a7
2025-07-23 17:52:18 - balance_service - WARNING - No native currency found for blockchain Bitcoin
2025-07-23 17:52:18 - balance_service - WARNING - No native currency found for blockchain Avalanche
2025-07-23 17:52:18 - balance_service - WARNING - No native currency found for blockchain Arbitrum
2025-07-23 17:52:18 - balance_service - WARNING - No native currency found for blockchain Polkadot
2025-07-23 17:52:19 - balance_service - WARNING - خطا در دریافت موجودی TRC20 با API اصلی: 404 - {"timestamp":"2025-07-23T17:52:19.472+00:00","status":404,"error":"Not Found","path":"/v1/accounts/TWxYj1EgkXikRh3SszVUQniB6NcLNKeRfy/tokens"}
2025-07-23 17:52:19 - balance_service - WARNING - خطا در دریافت موجودی TRC20 با API اصلی: 404 - {"timestamp":"2025-07-23T17:52:19.669+00:00","status":404,"error":"Not Found","path":"/v1/accounts/TWxYj1EgkXikRh3SszVUQniB6NcLNKeRfy/tokens"}
2025-07-23 17:52:20 - balance_service - WARNING - خطا در دریافت موجودی TRC20 با API اصلی: 404 - {"timestamp":"2025-07-23T17:52:20.358+00:00","status":404,"error":"Not Found","path":"/v1/accounts/TWxYj1EgkXikRh3SszVUQniB6NcLNKeRfy/tokens"}
2025-07-23 17:52:20 - balance_service - ERROR - Error getting EVM token balance on Avalanche: when sending a str, it must be a hex string. Got: 'FvwEAhmxKfeiG8SnEvq42hc6whRyY3EFYAvebMqDNDGCgxN5Z'
Traceback (most recent call last):
  File "/www/wwwroot/coinceeper.com/CC/services/balance_service.py", line 157, in get_token_balance
    address=Web3.to_checksum_address(contract_address),
  File "/www/wwwroot/coinceeper.com/CC/venv/lib64/python3.9/site-packages/web3/main.py", line 268, in to_checksum_address
    return to_checksum_address(value)
  File "/www/wwwroot/coinceeper.com/CC/venv/lib64/python3.9/site-packages/eth_utils/address.py", line 129, in to_checksum_address
    norm_address = to_normalized_address(value)
  File "/www/wwwroot/coinceeper.com/CC/venv/lib64/python3.9/site-packages/eth_utils/address.py", line 73, in to_normalized_address
    hex_address = hexstr_if_str(to_hex, value).lower()
  File "/www/wwwroot/coinceeper.com/CC/venv/lib64/python3.9/site-packages/eth_utils/conversions.py", line 195, in hexstr_if_str
    raise ValueError(
ValueError: when sending a str, it must be a hex string. Got: 'FvwEAhmxKfeiG8SnEvq42hc6whRyY3EFYAvebMqDNDGCgxN5Z'
2025-07-23 17:52:20 - balance_service - ERROR - خطا در استفاده از API جایگزین 8: HTTPSConnectionPool(host='api.tronstation.io', port=443): Max retries exceeded with url: /v1/accounts/TWxYj1EgkXikRh3SszVUQniB6NcLNKeRfy/tokens (Caused by NameResolutionError("<urllib3.connection.HTTPSConnection object at 0x7fdcd462de80>: Failed to resolve 'api.tronstation.io' ([Errno -2] Name or service not known)"))
2025-07-23 17:52:21 - balance_service - ERROR - خطا در استفاده از API جایگزین 8: HTTPSConnectionPool(host='api.tronstation.io', port=443): Max retries exceeded with url: /v1/accounts/TWxYj1EgkXikRh3SszVUQniB6NcLNKeRfy/tokens (Caused by NameResolutionError("<urllib3.connection.HTTPSConnection object at 0x7fdcd45e32b0>: Failed to resolve 'api.tronstation.io' ([Errno -2] Name or service not known)"))
2025-07-23 17:52:22 - balance_service - ERROR - خطا در استفاده از API جایگزین 8: HTTPSConnectionPool(host='api.tronstation.io', port=443): Max retries exceeded with url: /v1/accounts/TWxYj1EgkXikRh3SszVUQniB6NcLNKeRfy/tokens (Caused by NameResolutionError("<urllib3.connection.HTTPSConnection object at 0x7fdcd467b460>: Failed to resolve 'api.tronstation.io' ([Errno -2] Name or service not known)"))
2025-07-23 19:55:55 - balance_service - WARNING - No native currency found for blockchain Bitcoin
2025-07-23 19:55:55 - balance_service - WARNING - No native currency found for blockchain Avalanche
2025-07-23 19:55:55 - balance_service - WARNING - No native currency found for blockchain Arbitrum
2025-07-23 19:55:55 - balance_service - WARNING - No native currency found for blockchain Polkadot
2025-07-23 19:55:56 - balance_service - WARNING - خطا در دریافت موجودی TRC20 با API اصلی: 404 - {"timestamp":"2025-07-23T19:55:56.532+00:00","status":404,"error":"Not Found","path":"/v1/accounts/TKtxw5SS47pgXQNhu7G9wyGXFe471QgoAJ/tokens"}
2025-07-23 19:55:56 - balance_service - WARNING - خطا در دریافت موجودی TRC20 با API اصلی: 404 - {"timestamp":"2025-07-23T19:55:56.791+00:00","status":404,"error":"Not Found","path":"/v1/accounts/TKtxw5SS47pgXQNhu7G9wyGXFe471QgoAJ/tokens"}
2025-07-23 19:55:57 - balance_service - ERROR - Error getting EVM token balance on Avalanche: when sending a str, it must be a hex string. Got: 'FvwEAhmxKfeiG8SnEvq42hc6whRyY3EFYAvebMqDNDGCgxN5Z'
Traceback (most recent call last):
  File "/www/wwwroot/coinceeper.com/CC/services/balance_service.py", line 157, in get_token_balance
    address=Web3.to_checksum_address(contract_address),
  File "/www/wwwroot/coinceeper.com/CC/venv/lib64/python3.9/site-packages/web3/main.py", line 268, in to_checksum_address
    return to_checksum_address(value)
  File "/www/wwwroot/coinceeper.com/CC/venv/lib64/python3.9/site-packages/eth_utils/address.py", line 129, in to_checksum_address
    norm_address = to_normalized_address(value)
  File "/www/wwwroot/coinceeper.com/CC/venv/lib64/python3.9/site-packages/eth_utils/address.py", line 73, in to_normalized_address
    hex_address = hexstr_if_str(to_hex, value).lower()
  File "/www/wwwroot/coinceeper.com/CC/venv/lib64/python3.9/site-packages/eth_utils/conversions.py", line 195, in hexstr_if_str
    raise ValueError(
ValueError: when sending a str, it must be a hex string. Got: 'FvwEAhmxKfeiG8SnEvq42hc6whRyY3EFYAvebMqDNDGCgxN5Z'
2025-07-23 19:55:57 - balance_service - WARNING - خطا در دریافت موجودی TRC20 با API اصلی: 404 - {"timestamp":"2025-07-23T19:55:57.251+00:00","status":404,"error":"Not Found","path":"/v1/accounts/TKtxw5SS47pgXQNhu7G9wyGXFe471QgoAJ/tokens"}
2025-07-23 19:55:58 - balance_service - ERROR - خطا در استفاده از API جایگزین 8: HTTPSConnectionPool(host='api.tronstation.io', port=443): Max retries exceeded with url: /v1/accounts/TKtxw5SS47pgXQNhu7G9wyGXFe471QgoAJ/tokens (Caused by NameResolutionError("<urllib3.connection.HTTPSConnection object at 0x7fdcd48ed250>: Failed to resolve 'api.tronstation.io' ([Errno -2] Name or service not known)"))
2025-07-23 19:55:58 - balance_service - ERROR - خطا در استفاده از API جایگزین 8: HTTPSConnectionPool(host='api.tronstation.io', port=443): Max retries exceeded with url: /v1/accounts/TKtxw5SS47pgXQNhu7G9wyGXFe471QgoAJ/tokens (Caused by NameResolutionError("<urllib3.connection.HTTPSConnection object at 0x7fdcd52b9f40>: Failed to resolve 'api.tronstation.io' ([Errno -2] Name or service not known)"))
2025-07-23 19:55:59 - balance_service - ERROR - خطا در استفاده از API جایگزین 8: HTTPSConnectionPool(host='api.tronstation.io', port=443): Max retries exceeded with url: /v1/accounts/TKtxw5SS47pgXQNhu7G9wyGXFe471QgoAJ/tokens (Caused by NameResolutionError("<urllib3.connection.HTTPSConnection object at 0x7fdcd5270910>: Failed to resolve 'api.tronstation.io' ([Errno -2] Name or service not known)"))
2025-07-23 19:55:59 - balance_service - WARNING - Error getting token decimals, using default 18: 429 Client Error: Too Many Requests for url: https://mainnet.infura.io/v3/a8ab43a04ce044de988a838d92f478a7
2025-07-23 19:55:59 - balance_service - WARNING - Error getting token decimals, using default 18: 429 Client Error: Too Many Requests for url: https://mainnet.infura.io/v3/a8ab43a04ce044de988a838d92f478a7
2025-07-23 19:56:51 - balance_service - WARNING - No native currency found for blockchain Bitcoin
2025-07-23 19:56:51 - balance_service - WARNING - No native currency found for blockchain Avalanche
2025-07-23 19:56:51 - balance_service - WARNING - No native currency found for blockchain Arbitrum
2025-07-23 19:56:51 - balance_service - WARNING - No native currency found for blockchain Polkadot
2025-07-23 19:56:52 - balance_service - WARNING - خطا در دریافت موجودی TRC20 با API اصلی: 404 - {"timestamp":"2025-07-23T19:56:52.593+00:00","status":404,"error":"Not Found","path":"/v1/accounts/TKXWdvJfdtx6pzL6Qq9eDj3UYpTX7jZmwL/tokens"}
2025-07-23 19:56:52 - balance_service - WARNING - خطا در دریافت موجودی TRC20 با API اصلی: 404 - {"timestamp":"2025-07-23T19:56:52.784+00:00","status":404,"error":"Not Found","path":"/v1/accounts/TKXWdvJfdtx6pzL6Qq9eDj3UYpTX7jZmwL/tokens"}
2025-07-23 19:56:53 - balance_service - WARNING - خطا در دریافت موجودی TRC20 با API اصلی: 404 - {"timestamp":"2025-07-23T19:56:53.664+00:00","status":404,"error":"Not Found","path":"/v1/accounts/TKXWdvJfdtx6pzL6Qq9eDj3UYpTX7jZmwL/tokens"}
2025-07-23 19:56:54 - balance_service - ERROR - خطا در استفاده از API جایگزین 8: HTTPSConnectionPool(host='api.tronstation.io', port=443): Max retries exceeded with url: /v1/accounts/TKXWdvJfdtx6pzL6Qq9eDj3UYpTX7jZmwL/tokens (Caused by NameResolutionError("<urllib3.connection.HTTPSConnection object at 0x7fdcd5214c10>: Failed to resolve 'api.tronstation.io' ([Errno -2] Name or service not known)"))
2025-07-23 19:56:54 - balance_service - ERROR - Error getting EVM token balance on Avalanche: when sending a str, it must be a hex string. Got: 'FvwEAhmxKfeiG8SnEvq42hc6whRyY3EFYAvebMqDNDGCgxN5Z'
Traceback (most recent call last):
  File "/www/wwwroot/coinceeper.com/CC/services/balance_service.py", line 157, in get_token_balance
    address=Web3.to_checksum_address(contract_address),
  File "/www/wwwroot/coinceeper.com/CC/venv/lib64/python3.9/site-packages/web3/main.py", line 268, in to_checksum_address
    return to_checksum_address(value)
  File "/www/wwwroot/coinceeper.com/CC/venv/lib64/python3.9/site-packages/eth_utils/address.py", line 129, in to_checksum_address
    norm_address = to_normalized_address(value)
  File "/www/wwwroot/coinceeper.com/CC/venv/lib64/python3.9/site-packages/eth_utils/address.py", line 73, in to_normalized_address
    hex_address = hexstr_if_str(to_hex, value).lower()
  File "/www/wwwroot/coinceeper.com/CC/venv/lib64/python3.9/site-packages/eth_utils/conversions.py", line 195, in hexstr_if_str
    raise ValueError(
ValueError: when sending a str, it must be a hex string. Got: 'FvwEAhmxKfeiG8SnEvq42hc6whRyY3EFYAvebMqDNDGCgxN5Z'
2025-07-23 19:56:54 - balance_service - ERROR - خطا در استفاده از API جایگزین 8: HTTPSConnectionPool(host='api.tronstation.io', port=443): Max retries exceeded with url: /v1/accounts/TKXWdvJfdtx6pzL6Qq9eDj3UYpTX7jZmwL/tokens (Caused by NameResolutionError("<urllib3.connection.HTTPSConnection object at 0x7fdcd522ad60>: Failed to resolve 'api.tronstation.io' ([Errno -2] Name or service not known)"))
2025-07-23 19:56:55 - balance_service - ERROR - خطا در استفاده از API جایگزین 8: HTTPSConnectionPool(host='api.tronstation.io', port=443): Max retries exceeded with url: /v1/accounts/TKXWdvJfdtx6pzL6Qq9eDj3UYpTX7jZmwL/tokens (Caused by NameResolutionError("<urllib3.connection.HTTPSConnection object at 0x7fdcd527e2b0>: Failed to resolve 'api.tronstation.io' ([Errno -2] Name or service not known)"))
2025-07-23 19:56:56 - balance_service - WARNING - Error getting token decimals, using default 18: 429 Client Error: Too Many Requests for url: https://mainnet.infura.io/v3/a8ab43a04ce044de988a838d92f478a7
2025-07-23 19:57:02 - balance_service - WARNING - No native currency found for blockchain Bitcoin
2025-07-23 19:57:02 - balance_service - WARNING - No native currency found for blockchain Avalanche
2025-07-23 19:57:02 - balance_service - WARNING - No native currency found for blockchain Arbitrum
2025-07-23 19:57:02 - balance_service - WARNING - No native currency found for blockchain Polkadot
2025-07-23 19:57:03 - balance_service - WARNING - خطا در دریافت موجودی TRC20 با API اصلی: 404 - {"timestamp":"2025-07-23T19:57:03.083+00:00","status":404,"error":"Not Found","path":"/v1/accounts/TKXWdvJfdtx6pzL6Qq9eDj3UYpTX7jZmwL/tokens"}
2025-07-23 19:57:03 - balance_service - WARNING - خطا در دریافت موجودی TRC20 با API اصلی: 404 - {"timestamp":"2025-07-23T19:57:03.219+00:00","status":404,"error":"Not Found","path":"/v1/accounts/TKXWdvJfdtx6pzL6Qq9eDj3UYpTX7jZmwL/tokens"}
2025-07-23 19:57:03 - balance_service - WARNING - خطا در دریافت موجودی TRC20 با API اصلی: 404 - {"timestamp":"2025-07-23T19:57:03.890+00:00","status":404,"error":"Not Found","path":"/v1/accounts/TKXWdvJfdtx6pzL6Qq9eDj3UYpTX7jZmwL/tokens"}
2025-07-23 19:57:04 - balance_service - ERROR - Error getting EVM token balance on Avalanche: when sending a str, it must be a hex string. Got: 'FvwEAhmxKfeiG8SnEvq42hc6whRyY3EFYAvebMqDNDGCgxN5Z'
Traceback (most recent call last):
  File "/www/wwwroot/coinceeper.com/CC/services/balance_service.py", line 157, in get_token_balance
    address=Web3.to_checksum_address(contract_address),
  File "/www/wwwroot/coinceeper.com/CC/venv/lib64/python3.9/site-packages/web3/main.py", line 268, in to_checksum_address
    return to_checksum_address(value)
  File "/www/wwwroot/coinceeper.com/CC/venv/lib64/python3.9/site-packages/eth_utils/address.py", line 129, in to_checksum_address
    norm_address = to_normalized_address(value)
  File "/www/wwwroot/coinceeper.com/CC/venv/lib64/python3.9/site-packages/eth_utils/address.py", line 73, in to_normalized_address
    hex_address = hexstr_if_str(to_hex, value).lower()
  File "/www/wwwroot/coinceeper.com/CC/venv/lib64/python3.9/site-packages/eth_utils/conversions.py", line 195, in hexstr_if_str
    raise ValueError(
ValueError: when sending a str, it must be a hex string. Got: 'FvwEAhmxKfeiG8SnEvq42hc6whRyY3EFYAvebMqDNDGCgxN5Z'
2025-07-23 19:57:04 - balance_service - ERROR - خطا در استفاده از API جایگزین 8: HTTPSConnectionPool(host='api.tronstation.io', port=443): Max retries exceeded with url: /v1/accounts/TKXWdvJfdtx6pzL6Qq9eDj3UYpTX7jZmwL/tokens (Caused by NameResolutionError("<urllib3.connection.HTTPSConnection object at 0x7fdcd5452eb0>: Failed to resolve 'api.tronstation.io' ([Errno -2] Name or service not known)"))
2025-07-23 19:57:04 - balance_service - ERROR - خطا در استفاده از API جایگزین 8: HTTPSConnectionPool(host='api.tronstation.io', port=443): Max retries exceeded with url: /v1/accounts/TKXWdvJfdtx6pzL6Qq9eDj3UYpTX7jZmwL/tokens (Caused by NameResolutionError("<urllib3.connection.HTTPSConnection object at 0x7fdcd546d490>: Failed to resolve 'api.tronstation.io' ([Errno -2] Name or service not known)"))
2025-07-23 19:57:05 - balance_service - ERROR - خطا در استفاده از API جایگزین 8: HTTPSConnectionPool(host='api.tronstation.io', port=443): Max retries exceeded with url: /v1/accounts/TKXWdvJfdtx6pzL6Qq9eDj3UYpTX7jZmwL/tokens (Caused by NameResolutionError("<urllib3.connection.HTTPSConnection object at 0x7fdcd548cd00>: Failed to resolve 'api.tronstation.io' ([Errno -2] Name or service not known)"))
2025-07-23 19:57:16 - balance_service - WARNING - No native currency found for blockchain Bitcoin
2025-07-23 19:57:16 - balance_service - WARNING - No native currency found for blockchain Avalanche
2025-07-23 19:57:16 - balance_service - WARNING - No native currency found for blockchain Arbitrum
2025-07-23 19:57:16 - balance_service - WARNING - No native currency found for blockchain Polkadot
2025-07-23 19:57:17 - balance_service - WARNING - خطا در دریافت موجودی TRC20 با API اصلی: 404 - {"timestamp":"2025-07-23T19:57:17.198+00:00","status":404,"error":"Not Found","path":"/v1/accounts/TKXWdvJfdtx6pzL6Qq9eDj3UYpTX7jZmwL/tokens"}
2025-07-23 19:57:17 - balance_service - WARNING - خطا در دریافت موجودی TRC20 با API اصلی: 404 - {"timestamp":"2025-07-23T19:57:17.407+00:00","status":404,"error":"Not Found","path":"/v1/accounts/TKXWdvJfdtx6pzL6Qq9eDj3UYpTX7jZmwL/tokens"}
2025-07-23 19:57:18 - balance_service - WARNING - خطا در دریافت موجودی TRC20 با API اصلی: 404 - {"timestamp":"2025-07-23T19:57:18.062+00:00","status":404,"error":"Not Found","path":"/v1/accounts/TKXWdvJfdtx6pzL6Qq9eDj3UYpTX7jZmwL/tokens"}
2025-07-23 19:57:18 - balance_service - ERROR - Error getting EVM token balance on Avalanche: when sending a str, it must be a hex string. Got: 'FvwEAhmxKfeiG8SnEvq42hc6whRyY3EFYAvebMqDNDGCgxN5Z'
Traceback (most recent call last):
  File "/www/wwwroot/coinceeper.com/CC/services/balance_service.py", line 157, in get_token_balance
    address=Web3.to_checksum_address(contract_address),
  File "/www/wwwroot/coinceeper.com/CC/venv/lib64/python3.9/site-packages/web3/main.py", line 268, in to_checksum_address
    return to_checksum_address(value)
  File "/www/wwwroot/coinceeper.com/CC/venv/lib64/python3.9/site-packages/eth_utils/address.py", line 129, in to_checksum_address
    norm_address = to_normalized_address(value)
  File "/www/wwwroot/coinceeper.com/CC/venv/lib64/python3.9/site-packages/eth_utils/address.py", line 73, in to_normalized_address
    hex_address = hexstr_if_str(to_hex, value).lower()
  File "/www/wwwroot/coinceeper.com/CC/venv/lib64/python3.9/site-packages/eth_utils/conversions.py", line 195, in hexstr_if_str
    raise ValueError(
ValueError: when sending a str, it must be a hex string. Got: 'FvwEAhmxKfeiG8SnEvq42hc6whRyY3EFYAvebMqDNDGCgxN5Z'
2025-07-23 19:57:18 - balance_service - ERROR - خطا در استفاده از API جایگزین 8: HTTPSConnectionPool(host='api.tronstation.io', port=443): Max retries exceeded with url: /v1/accounts/TKXWdvJfdtx6pzL6Qq9eDj3UYpTX7jZmwL/tokens (Caused by NameResolutionError("<urllib3.connection.HTTPSConnection object at 0x7fdcd5c05e20>: Failed to resolve 'api.tronstation.io' ([Errno -2] Name or service not known)"))
2025-07-23 19:57:19 - balance_service - ERROR - خطا در استفاده از API جایگزین 8: HTTPSConnectionPool(host='api.tronstation.io', port=443): Max retries exceeded with url: /v1/accounts/TKXWdvJfdtx6pzL6Qq9eDj3UYpTX7jZmwL/tokens (Caused by NameResolutionError("<urllib3.connection.HTTPSConnection object at 0x7fdcd5c05b20>: Failed to resolve 'api.tronstation.io' ([Errno -2] Name or service not known)"))
2025-07-23 19:57:19 - balance_service - ERROR - خطا در استفاده از API جایگزین 8: HTTPSConnectionPool(host='api.tronstation.io', port=443): Max retries exceeded with url: /v1/accounts/TKXWdvJfdtx6pzL6Qq9eDj3UYpTX7jZmwL/tokens (Caused by NameResolutionError("<urllib3.connection.HTTPSConnection object at 0x7fdcd45a36a0>: Failed to resolve 'api.tronstation.io' ([Errno -2] Name or service not known)"))
2025-07-23 19:57:42 - balance_service - WARNING - No native currency found for blockchain Bitcoin
2025-07-23 19:57:42 - balance_service - WARNING - No native currency found for blockchain Avalanche
2025-07-23 19:57:42 - balance_service - WARNING - No native currency found for blockchain Arbitrum
2025-07-23 19:57:42 - balance_service - WARNING - No native currency found for blockchain Polkadot
2025-07-23 19:57:42 - balance_service - WARNING - خطا در دریافت موجودی TRC20 با API اصلی: 404 - {"timestamp":"2025-07-23T19:57:42.814+00:00","status":404,"error":"Not Found","path":"/v1/accounts/TPEo5DX9yYguL8eL8iHn6wssLByeQtsKPe/tokens"}
2025-07-23 19:57:43 - balance_service - WARNING - خطا در دریافت موجودی TRC20 با API اصلی: 404 - {"timestamp":"2025-07-23T19:57:42.994+00:00","status":404,"error":"Not Found","path":"/v1/accounts/TPEo5DX9yYguL8eL8iHn6wssLByeQtsKPe/tokens"}
2025-07-23 19:57:43 - balance_service - WARNING - خطا در دریافت موجودی TRC20 با API اصلی: 404 - {"timestamp":"2025-07-23T19:57:43.672+00:00","status":404,"error":"Not Found","path":"/v1/accounts/TPEo5DX9yYguL8eL8iHn6wssLByeQtsKPe/tokens"}
2025-07-23 19:57:43 - balance_service - ERROR - Error getting EVM token balance on Avalanche: when sending a str, it must be a hex string. Got: 'FvwEAhmxKfeiG8SnEvq42hc6whRyY3EFYAvebMqDNDGCgxN5Z'
Traceback (most recent call last):
  File "/www/wwwroot/coinceeper.com/CC/services/balance_service.py", line 157, in get_token_balance
    address=Web3.to_checksum_address(contract_address),
  File "/www/wwwroot/coinceeper.com/CC/venv/lib64/python3.9/site-packages/web3/main.py", line 268, in to_checksum_address
    return to_checksum_address(value)
  File "/www/wwwroot/coinceeper.com/CC/venv/lib64/python3.9/site-packages/eth_utils/address.py", line 129, in to_checksum_address
    norm_address = to_normalized_address(value)
  File "/www/wwwroot/coinceeper.com/CC/venv/lib64/python3.9/site-packages/eth_utils/address.py", line 73, in to_normalized_address
    hex_address = hexstr_if_str(to_hex, value).lower()
  File "/www/wwwroot/coinceeper.com/CC/venv/lib64/python3.9/site-packages/eth_utils/conversions.py", line 195, in hexstr_if_str
    raise ValueError(
ValueError: when sending a str, it must be a hex string. Got: 'FvwEAhmxKfeiG8SnEvq42hc6whRyY3EFYAvebMqDNDGCgxN5Z'
2025-07-23 19:57:44 - balance_service - ERROR - خطا در استفاده از API جایگزین 8: HTTPSConnectionPool(host='api.tronstation.io', port=443): Max retries exceeded with url: /v1/accounts/TPEo5DX9yYguL8eL8iHn6wssLByeQtsKPe/tokens (Caused by NameResolutionError("<urllib3.connection.HTTPSConnection object at 0x7fdcd53d93d0>: Failed to resolve 'api.tronstation.io' ([Errno -2] Name or service not known)"))
2025-07-23 19:57:44 - balance_service - ERROR - خطا در استفاده از API جایگزین 8: HTTPSConnectionPool(host='api.tronstation.io', port=443): Max retries exceeded with url: /v1/accounts/TPEo5DX9yYguL8eL8iHn6wssLByeQtsKPe/tokens (Caused by NameResolutionError("<urllib3.connection.HTTPSConnection object at 0x7fdcd54f7190>: Failed to resolve 'api.tronstation.io' ([Errno -2] Name or service not known)"))
2025-07-23 19:57:45 - balance_service - ERROR - خطا در استفاده از API جایگزین 8: HTTPSConnectionPool(host='api.tronstation.io', port=443): Max retries exceeded with url: /v1/accounts/TPEo5DX9yYguL8eL8iHn6wssLByeQtsKPe/tokens (Caused by NameResolutionError("<urllib3.connection.HTTPSConnection object at 0x7fdcd5491700>: Failed to resolve 'api.tronstation.io' ([Errno -2] Name or service not known)"))
2025-07-23 19:57:45 - balance_service - ERROR - Error getting EVM token balance on Ethereum: 429 Client Error: Too Many Requests for url: https://mainnet.infura.io/v3/a8ab43a04ce044de988a838d92f478a7
Traceback (most recent call last):
  File "/www/wwwroot/coinceeper.com/CC/services/balance_service.py", line 163, in get_token_balance
    balance = token_contract.functions.balanceOf(
  File "/www/wwwroot/coinceeper.com/CC/venv/lib64/python3.9/site-packages/web3/contract/contract.py", line 291, in call
    return call_contract_function(
  File "/www/wwwroot/coinceeper.com/CC/venv/lib64/python3.9/site-packages/web3/contract/utils.py", line 154, in call_contract_function
    return_data = w3.eth.call(
  File "/www/wwwroot/coinceeper.com/CC/venv/lib64/python3.9/site-packages/web3/eth/eth.py", line 247, in call
    return self._durin_call(transaction, block_identifier, state_override)
  File "/www/wwwroot/coinceeper.com/CC/venv/lib64/python3.9/site-packages/web3/eth/eth.py", line 266, in _durin_call
    return self._call(transaction, block_identifier, state_override)
  File "/www/wwwroot/coinceeper.com/CC/venv/lib64/python3.9/site-packages/web3/module.py", line 112, in caller
    result = w3.manager.request_blocking(
  File "/www/wwwroot/coinceeper.com/CC/venv/lib64/python3.9/site-packages/web3/manager.py", line 231, in request_blocking
    response = self._make_request(method, params)
  File "/www/wwwroot/coinceeper.com/CC/venv/lib64/python3.9/site-packages/web3/manager.py", line 163, in _make_request
    return request_func(method, params)
  File "/www/wwwroot/coinceeper.com/CC/venv/lib64/python3.9/site-packages/web3/middleware/base.py", line 56, in middleware
    return self.response_processor(method, make_request(method, params))
  File "/www/wwwroot/coinceeper.com/CC/venv/lib64/python3.9/site-packages/web3/middleware/base.py", line 56, in middleware
    return self.response_processor(method, make_request(method, params))
  File "/www/wwwroot/coinceeper.com/CC/venv/lib64/python3.9/site-packages/web3/middleware/base.py", line 56, in middleware
    return self.response_processor(method, make_request(method, params))
  [Previous line repeated 2 more times]
  File "/www/wwwroot/coinceeper.com/CC/venv/lib64/python3.9/site-packages/web3/_utils/caching/caching_utils.py", line 261, in wrapper
    return func(provider, method, params)
  File "/www/wwwroot/coinceeper.com/CC/venv/lib64/python3.9/site-packages/web3/providers/rpc/rpc.py", line 170, in make_request
    raw_response = self._make_request(method, request_data)
  File "/www/wwwroot/coinceeper.com/CC/venv/lib64/python3.9/site-packages/web3/providers/rpc/rpc.py", line 157, in _make_request
    raise e
  File "/www/wwwroot/coinceeper.com/CC/venv/lib64/python3.9/site-packages/web3/providers/rpc/rpc.py", line 147, in _make_request
    return self._request_session_manager.make_post_request(
  File "/www/wwwroot/coinceeper.com/CC/venv/lib64/python3.9/site-packages/web3/_utils/http_session_manager.py", line 148, in make_post_request
    response.raise_for_status()
  File "/www/wwwroot/coinceeper.com/CC/venv/lib64/python3.9/site-packages/requests/models.py", line 1024, in raise_for_status
    raise HTTPError(http_error_msg, response=self)
requests.exceptions.HTTPError: 429 Client Error: Too Many Requests for url: https://mainnet.infura.io/v3/a8ab43a04ce044de988a838d92f478a7
2025-07-23 20:13:51 - balance_service - WARNING - No native currency found for blockchain Bitcoin
2025-07-23 20:13:51 - balance_service - WARNING - No native currency found for blockchain Avalanche
2025-07-23 20:13:51 - balance_service - WARNING - No native currency found for blockchain Arbitrum
2025-07-23 20:13:51 - balance_service - WARNING - No native currency found for blockchain Polkadot
2025-07-23 20:13:52 - balance_service - WARNING - خطا در دریافت موجودی TRC20 با API اصلی: 404 - {"timestamp":"2025-07-23T20:13:51.975+00:00","status":404,"error":"Not Found","path":"/v1/accounts/TNiZjoCxshsb6kPrhHQ34hgF4bC2Wty7o2/tokens"}
2025-07-23 20:13:52 - balance_service - WARNING - خطا در دریافت موجودی TRC20 با API اصلی: 404 - {"timestamp":"2025-07-23T20:13:52.283+00:00","status":404,"error":"Not Found","path":"/v1/accounts/TNiZjoCxshsb6kPrhHQ34hgF4bC2Wty7o2/tokens"}
2025-07-23 20:13:52 - balance_service - ERROR - Error getting EVM token balance on Avalanche: when sending a str, it must be a hex string. Got: 'FvwEAhmxKfeiG8SnEvq42hc6whRyY3EFYAvebMqDNDGCgxN5Z'
Traceback (most recent call last):
  File "/www/wwwroot/coinceeper.com/CC/services/balance_service.py", line 157, in get_token_balance
    address=Web3.to_checksum_address(contract_address),
  File "/www/wwwroot/coinceeper.com/CC/venv/lib64/python3.9/site-packages/web3/main.py", line 268, in to_checksum_address
    return to_checksum_address(value)
  File "/www/wwwroot/coinceeper.com/CC/venv/lib64/python3.9/site-packages/eth_utils/address.py", line 129, in to_checksum_address
    norm_address = to_normalized_address(value)
  File "/www/wwwroot/coinceeper.com/CC/venv/lib64/python3.9/site-packages/eth_utils/address.py", line 73, in to_normalized_address
    hex_address = hexstr_if_str(to_hex, value).lower()
  File "/www/wwwroot/coinceeper.com/CC/venv/lib64/python3.9/site-packages/eth_utils/conversions.py", line 195, in hexstr_if_str
    raise ValueError(
ValueError: when sending a str, it must be a hex string. Got: 'FvwEAhmxKfeiG8SnEvq42hc6whRyY3EFYAvebMqDNDGCgxN5Z'
2025-07-23 20:13:52 - balance_service - WARNING - خطا در دریافت موجودی TRC20 با API اصلی: 404 - {"timestamp":"2025-07-23T20:13:52.827+00:00","status":404,"error":"Not Found","path":"/v1/accounts/TNiZjoCxshsb6kPrhHQ34hgF4bC2Wty7o2/tokens"}
2025-07-23 20:13:53 - balance_service - ERROR - خطا در استفاده از API جایگزین 8: HTTPSConnectionPool(host='api.tronstation.io', port=443): Max retries exceeded with url: /v1/accounts/TNiZjoCxshsb6kPrhHQ34hgF4bC2Wty7o2/tokens (Caused by NameResolutionError("<urllib3.connection.HTTPSConnection object at 0x7fdcd5996520>: Failed to resolve 'api.tronstation.io' ([Errno -2] Name or service not known)"))
2025-07-23 20:13:54 - balance_service - ERROR - خطا در استفاده از API جایگزین 8: HTTPSConnectionPool(host='api.tronstation.io', port=443): Max retries exceeded with url: /v1/accounts/TNiZjoCxshsb6kPrhHQ34hgF4bC2Wty7o2/tokens (Caused by NameResolutionError("<urllib3.connection.HTTPSConnection object at 0x7fdcd595ed00>: Failed to resolve 'api.tronstation.io' ([Errno -2] Name or service not known)"))
2025-07-23 20:13:54 - balance_service - ERROR - خطا در استفاده از API جایگزین 8: HTTPSConnectionPool(host='api.tronstation.io', port=443): Max retries exceeded with url: /v1/accounts/TNiZjoCxshsb6kPrhHQ34hgF4bC2Wty7o2/tokens (Caused by NameResolutionError("<urllib3.connection.HTTPSConnection object at 0x7fdcd59e6d90>: Failed to resolve 'api.tronstation.io' ([Errno -2] Name or service not known)"))
2025-07-23 23:28:39 - balance_service - WARNING - No native currency found for blockchain Bitcoin
2025-07-23 23:28:39 - balance_service - WARNING - No native currency found for blockchain Avalanche
2025-07-23 23:28:39 - balance_service - WARNING - No native currency found for blockchain Arbitrum
2025-07-23 23:28:39 - balance_service - WARNING - No native currency found for blockchain Polkadot
2025-07-23 23:28:40 - balance_service - WARNING - خطا در دریافت موجودی TRC20 با API اصلی: 404 - {"timestamp":"2025-07-23T23:28:40.273+00:00","status":404,"error":"Not Found","path":"/v1/accounts/TUJFq4fd1wYvrRFBT28HZ5LtsW8FH2pLFe/tokens"}
2025-07-23 23:28:40 - balance_service - WARNING - خطا در دریافت موجودی TRC20 با API اصلی: 404 - {"timestamp":"2025-07-23T23:28:40.553+00:00","status":404,"error":"Not Found","path":"/v1/accounts/TUJFq4fd1wYvrRFBT28HZ5LtsW8FH2pLFe/tokens"}
2025-07-23 23:28:41 - balance_service - WARNING - خطا در دریافت موجودی TRC20 با API اصلی: 404 - {"timestamp":"2025-07-23T23:28:41.245+00:00","status":404,"error":"Not Found","path":"/v1/accounts/TUJFq4fd1wYvrRFBT28HZ5LtsW8FH2pLFe/tokens"}
2025-07-23 23:28:41 - balance_service - ERROR - Error getting EVM token balance on Avalanche: when sending a str, it must be a hex string. Got: 'FvwEAhmxKfeiG8SnEvq42hc6whRyY3EFYAvebMqDNDGCgxN5Z'
Traceback (most recent call last):
  File "/www/wwwroot/coinceeper.com/CC/services/balance_service.py", line 157, in get_token_balance
    address=Web3.to_checksum_address(contract_address),
  File "/www/wwwroot/coinceeper.com/CC/venv/lib64/python3.9/site-packages/web3/main.py", line 268, in to_checksum_address
    return to_checksum_address(value)
  File "/www/wwwroot/coinceeper.com/CC/venv/lib64/python3.9/site-packages/eth_utils/address.py", line 129, in to_checksum_address
    norm_address = to_normalized_address(value)
  File "/www/wwwroot/coinceeper.com/CC/venv/lib64/python3.9/site-packages/eth_utils/address.py", line 73, in to_normalized_address
    hex_address = hexstr_if_str(to_hex, value).lower()
  File "/www/wwwroot/coinceeper.com/CC/venv/lib64/python3.9/site-packages/eth_utils/conversions.py", line 195, in hexstr_if_str
    raise ValueError(
ValueError: when sending a str, it must be a hex string. Got: 'FvwEAhmxKfeiG8SnEvq42hc6whRyY3EFYAvebMqDNDGCgxN5Z'
2025-07-23 23:28:41 - balance_service - ERROR - خطا در استفاده از API جایگزین 8: HTTPSConnectionPool(host='api.tronstation.io', port=443): Max retries exceeded with url: /v1/accounts/TUJFq4fd1wYvrRFBT28HZ5LtsW8FH2pLFe/tokens (Caused by NameResolutionError("<urllib3.connection.HTTPSConnection object at 0x7fdcd43ce070>: Failed to resolve 'api.tronstation.io' ([Errno -2] Name or service not known)"))
2025-07-23 23:28:42 - balance_service - ERROR - خطا در استفاده از API جایگزین 8: HTTPSConnectionPool(host='api.tronstation.io', port=443): Max retries exceeded with url: /v1/accounts/TUJFq4fd1wYvrRFBT28HZ5LtsW8FH2pLFe/tokens (Caused by NameResolutionError("<urllib3.connection.HTTPSConnection object at 0x7fdcd42309d0>: Failed to resolve 'api.tronstation.io' ([Errno -2] Name or service not known)"))
2025-07-23 23:28:42 - balance_service - ERROR - خطا در استفاده از API جایگزین 8: HTTPSConnectionPool(host='api.tronstation.io', port=443): Max retries exceeded with url: /v1/accounts/TUJFq4fd1wYvrRFBT28HZ5LtsW8FH2pLFe/tokens (Caused by NameResolutionError("<urllib3.connection.HTTPSConnection object at 0x7fdcd4276cd0>: Failed to resolve 'api.tronstation.io' ([Errno -2] Name or service not known)"))
2025-07-23 23:28:43 - balance_service - WARNING - Error getting token decimals, using default 18: 429 Client Error: Too Many Requests for url: https://mainnet.infura.io/v3/a8ab43a04ce044de988a838d92f478a7
2025-07-23 23:28:51 - balance_service - WARNING - No native currency found for blockchain Bitcoin
2025-07-23 23:28:51 - balance_service - WARNING - No native currency found for blockchain Avalanche
2025-07-23 23:28:51 - balance_service - WARNING - No native currency found for blockchain Arbitrum
2025-07-23 23:28:51 - balance_service - WARNING - No native currency found for blockchain Polkadot
2025-07-23 23:28:52 - balance_service - WARNING - خطا در دریافت موجودی TRC20 با API اصلی: 404 - {"timestamp":"2025-07-23T23:28:52.338+00:00","status":404,"error":"Not Found","path":"/v1/accounts/TUJFq4fd1wYvrRFBT28HZ5LtsW8FH2pLFe/tokens"}
2025-07-23 23:28:52 - balance_service - WARNING - خطا در دریافت موجودی TRC20 با API اصلی: 404 - {"timestamp":"2025-07-23T23:28:52.532+00:00","status":404,"error":"Not Found","path":"/v1/accounts/TUJFq4fd1wYvrRFBT28HZ5LtsW8FH2pLFe/tokens"}
2025-07-23 23:28:53 - balance_service - WARNING - خطا در دریافت موجودی TRC20 با API اصلی: 404 - {"timestamp":"2025-07-23T23:28:52.971+00:00","status":404,"error":"Not Found","path":"/v1/accounts/TUJFq4fd1wYvrRFBT28HZ5LtsW8FH2pLFe/tokens"}
2025-07-23 23:28:53 - balance_service - ERROR - Error getting EVM token balance on Avalanche: when sending a str, it must be a hex string. Got: 'FvwEAhmxKfeiG8SnEvq42hc6whRyY3EFYAvebMqDNDGCgxN5Z'
Traceback (most recent call last):
  File "/www/wwwroot/coinceeper.com/CC/services/balance_service.py", line 157, in get_token_balance
    address=Web3.to_checksum_address(contract_address),
  File "/www/wwwroot/coinceeper.com/CC/venv/lib64/python3.9/site-packages/web3/main.py", line 268, in to_checksum_address
    return to_checksum_address(value)
  File "/www/wwwroot/coinceeper.com/CC/venv/lib64/python3.9/site-packages/eth_utils/address.py", line 129, in to_checksum_address
    norm_address = to_normalized_address(value)
  File "/www/wwwroot/coinceeper.com/CC/venv/lib64/python3.9/site-packages/eth_utils/address.py", line 73, in to_normalized_address
    hex_address = hexstr_if_str(to_hex, value).lower()
  File "/www/wwwroot/coinceeper.com/CC/venv/lib64/python3.9/site-packages/eth_utils/conversions.py", line 195, in hexstr_if_str
    raise ValueError(
ValueError: when sending a str, it must be a hex string. Got: 'FvwEAhmxKfeiG8SnEvq42hc6whRyY3EFYAvebMqDNDGCgxN5Z'
2025-07-23 23:28:53 - balance_service - ERROR - خطا در استفاده از API جایگزین 8: HTTPSConnectionPool(host='api.tronstation.io', port=443): Max retries exceeded with url: /v1/accounts/TUJFq4fd1wYvrRFBT28HZ5LtsW8FH2pLFe/tokens (Caused by NameResolutionError("<urllib3.connection.HTTPSConnection object at 0x7fdcd594bf40>: Failed to resolve 'api.tronstation.io' ([Errno -2] Name or service not known)"))
2025-07-23 23:28:54 - balance_service - ERROR - خطا در استفاده از API جایگزین 8: HTTPSConnectionPool(host='api.tronstation.io', port=443): Max retries exceeded with url: /v1/accounts/TUJFq4fd1wYvrRFBT28HZ5LtsW8FH2pLFe/tokens (Caused by NameResolutionError("<urllib3.connection.HTTPSConnection object at 0x7fdcd58f9460>: Failed to resolve 'api.tronstation.io' ([Errno -2] Name or service not known)"))
2025-07-23 23:28:54 - balance_service - ERROR - خطا در استفاده از API جایگزین 8: HTTPSConnectionPool(host='api.tronstation.io', port=443): Max retries exceeded with url: /v1/accounts/TUJFq4fd1wYvrRFBT28HZ5LtsW8FH2pLFe/tokens (Caused by NameResolutionError("<urllib3.connection.HTTPSConnection object at 0x7fdcd598b5b0>: Failed to resolve 'api.tronstation.io' ([Errno -2] Name or service not known)"))
2025-07-23 23:28:54 - balance_service - ERROR - Error getting EVM token balance on Ethereum: 429 Client Error: Too Many Requests for url: https://mainnet.infura.io/v3/a8ab43a04ce044de988a838d92f478a7
Traceback (most recent call last):
  File "/www/wwwroot/coinceeper.com/CC/services/balance_service.py", line 163, in get_token_balance
    balance = token_contract.functions.balanceOf(
  File "/www/wwwroot/coinceeper.com/CC/venv/lib64/python3.9/site-packages/web3/contract/contract.py", line 291, in call
    return call_contract_function(
  File "/www/wwwroot/coinceeper.com/CC/venv/lib64/python3.9/site-packages/web3/contract/utils.py", line 154, in call_contract_function
    return_data = w3.eth.call(
  File "/www/wwwroot/coinceeper.com/CC/venv/lib64/python3.9/site-packages/web3/eth/eth.py", line 247, in call
    return self._durin_call(transaction, block_identifier, state_override)
  File "/www/wwwroot/coinceeper.com/CC/venv/lib64/python3.9/site-packages/web3/eth/eth.py", line 266, in _durin_call
    return self._call(transaction, block_identifier, state_override)
  File "/www/wwwroot/coinceeper.com/CC/venv/lib64/python3.9/site-packages/web3/module.py", line 112, in caller
    result = w3.manager.request_blocking(
  File "/www/wwwroot/coinceeper.com/CC/venv/lib64/python3.9/site-packages/web3/manager.py", line 231, in request_blocking
    response = self._make_request(method, params)
  File "/www/wwwroot/coinceeper.com/CC/venv/lib64/python3.9/site-packages/web3/manager.py", line 163, in _make_request
    return request_func(method, params)
  File "/www/wwwroot/coinceeper.com/CC/venv/lib64/python3.9/site-packages/web3/middleware/base.py", line 56, in middleware
    return self.response_processor(method, make_request(method, params))
  File "/www/wwwroot/coinceeper.com/CC/venv/lib64/python3.9/site-packages/web3/middleware/base.py", line 56, in middleware
    return self.response_processor(method, make_request(method, params))
  File "/www/wwwroot/coinceeper.com/CC/venv/lib64/python3.9/site-packages/web3/middleware/base.py", line 56, in middleware
    return self.response_processor(method, make_request(method, params))
  [Previous line repeated 1 more time]
  File "/www/wwwroot/coinceeper.com/CC/venv/lib64/python3.9/site-packages/web3/middleware/formatting.py", line 164, in response_processor
    self.sync_formatters_builder(cast("Web3", self._w3), method),
  File "/www/wwwroot/coinceeper.com/CC/venv/lib64/python3.9/site-packages/web3/middleware/validation.py", line 141, in build_method_validators
    w3_chain_id = w3.eth.chain_id
  File "/www/wwwroot/coinceeper.com/CC/venv/lib64/python3.9/site-packages/web3/eth/eth.py", line 156, in chain_id
    return self._chain_id()
  File "/www/wwwroot/coinceeper.com/CC/venv/lib64/python3.9/site-packages/web3/module.py", line 112, in caller
    result = w3.manager.request_blocking(
  File "/www/wwwroot/coinceeper.com/CC/venv/lib64/python3.9/site-packages/web3/manager.py", line 231, in request_blocking
    response = self._make_request(method, params)
  File "/www/wwwroot/coinceeper.com/CC/venv/lib64/python3.9/site-packages/web3/manager.py", line 163, in _make_request
    return request_func(method, params)
  File "/www/wwwroot/coinceeper.com/CC/venv/lib64/python3.9/site-packages/web3/middleware/base.py", line 56, in middleware
    return self.response_processor(method, make_request(method, params))
  File "/www/wwwroot/coinceeper.com/CC/venv/lib64/python3.9/site-packages/web3/middleware/base.py", line 56, in middleware
    return self.response_processor(method, make_request(method, params))
  File "/www/wwwroot/coinceeper.com/CC/venv/lib64/python3.9/site-packages/web3/middleware/base.py", line 56, in middleware
    return self.response_processor(method, make_request(method, params))
  [Previous line repeated 2 more times]
  File "/www/wwwroot/coinceeper.com/CC/venv/lib64/python3.9/site-packages/web3/_utils/caching/caching_utils.py", line 261, in wrapper
    return func(provider, method, params)
  File "/www/wwwroot/coinceeper.com/CC/venv/lib64/python3.9/site-packages/web3/providers/rpc/rpc.py", line 170, in make_request
    raw_response = self._make_request(method, request_data)
  File "/www/wwwroot/coinceeper.com/CC/venv/lib64/python3.9/site-packages/web3/providers/rpc/rpc.py", line 157, in _make_request
    raise e
  File "/www/wwwroot/coinceeper.com/CC/venv/lib64/python3.9/site-packages/web3/providers/rpc/rpc.py", line 147, in _make_request
    return self._request_session_manager.make_post_request(
  File "/www/wwwroot/coinceeper.com/CC/venv/lib64/python3.9/site-packages/web3/_utils/http_session_manager.py", line 148, in make_post_request
    response.raise_for_status()
  File "/www/wwwroot/coinceeper.com/CC/venv/lib64/python3.9/site-packages/requests/models.py", line 1024, in raise_for_status
    raise HTTPError(http_error_msg, response=self)
requests.exceptions.HTTPError: 429 Client Error: Too Many Requests for url: https://mainnet.infura.io/v3/a8ab43a04ce044de988a838d92f478a7
2025-07-23 23:28:57 - balance_service - WARNING - Error getting token decimals, using default 18: 429 Client Error: Too Many Requests for url: https://mainnet.infura.io/v3/a8ab43a04ce044de988a838d92f478a7
2025-07-23 23:30:42 - balance_service - WARNING - No native currency found for blockchain Bitcoin
2025-07-23 23:30:42 - balance_service - WARNING - No native currency found for blockchain Avalanche
2025-07-23 23:30:42 - balance_service - WARNING - No native currency found for blockchain Arbitrum
2025-07-23 23:30:42 - balance_service - WARNING - No native currency found for blockchain Polkadot
2025-07-23 23:30:42 - balance_service - WARNING - خطا در دریافت موجودی TRC20 با API اصلی: 404 - {"timestamp":"2025-07-23T23:30:42.911+00:00","status":404,"error":"Not Found","path":"/v1/accounts/TQieDPZaanZkM3YtBqJyNj5qBZQtCv6kma/tokens"}
2025-07-23 23:30:43 - balance_service - WARNING - خطا در دریافت موجودی TRC20 با API اصلی: 404 - {"timestamp":"2025-07-23T23:30:43.170+00:00","status":404,"error":"Not Found","path":"/v1/accounts/TQieDPZaanZkM3YtBqJyNj5qBZQtCv6kma/tokens"}
2025-07-23 23:30:43 - balance_service - ERROR - Error getting EVM token balance on Avalanche: when sending a str, it must be a hex string. Got: 'FvwEAhmxKfeiG8SnEvq42hc6whRyY3EFYAvebMqDNDGCgxN5Z'
Traceback (most recent call last):
  File "/www/wwwroot/coinceeper.com/CC/services/balance_service.py", line 157, in get_token_balance
    address=Web3.to_checksum_address(contract_address),
  File "/www/wwwroot/coinceeper.com/CC/venv/lib64/python3.9/site-packages/web3/main.py", line 268, in to_checksum_address
    return to_checksum_address(value)
  File "/www/wwwroot/coinceeper.com/CC/venv/lib64/python3.9/site-packages/eth_utils/address.py", line 129, in to_checksum_address
    norm_address = to_normalized_address(value)
  File "/www/wwwroot/coinceeper.com/CC/venv/lib64/python3.9/site-packages/eth_utils/address.py", line 73, in to_normalized_address
    hex_address = hexstr_if_str(to_hex, value).lower()
  File "/www/wwwroot/coinceeper.com/CC/venv/lib64/python3.9/site-packages/eth_utils/conversions.py", line 195, in hexstr_if_str
    raise ValueError(
ValueError: when sending a str, it must be a hex string. Got: 'FvwEAhmxKfeiG8SnEvq42hc6whRyY3EFYAvebMqDNDGCgxN5Z'
2025-07-23 23:30:43 - balance_service - WARNING - خطا در دریافت موجودی TRC20 با API اصلی: 404 - {"timestamp":"2025-07-23T23:30:43.628+00:00","status":404,"error":"Not Found","path":"/v1/accounts/TQieDPZaanZkM3YtBqJyNj5qBZQtCv6kma/tokens"}
2025-07-23 23:30:44 - balance_service - ERROR - خطا در استفاده از API جایگزین 8: HTTPSConnectionPool(host='api.tronstation.io', port=443): Max retries exceeded with url: /v1/accounts/TQieDPZaanZkM3YtBqJyNj5qBZQtCv6kma/tokens (Caused by NameResolutionError("<urllib3.connection.HTTPSConnection object at 0x7fdcd563cac0>: Failed to resolve 'api.tronstation.io' ([Errno -2] Name or service not known)"))
2025-07-23 23:30:44 - balance_service - ERROR - خطا در استفاده از API جایگزین 8: HTTPSConnectionPool(host='api.tronstation.io', port=443): Max retries exceeded with url: /v1/accounts/TQieDPZaanZkM3YtBqJyNj5qBZQtCv6kma/tokens (Caused by NameResolutionError("<urllib3.connection.HTTPSConnection object at 0x7fdcd57088b0>: Failed to resolve 'api.tronstation.io' ([Errno -2] Name or service not known)"))
2025-07-23 23:30:45 - balance_service - ERROR - خطا در استفاده از API جایگزین 8: HTTPSConnectionPool(host='api.tronstation.io', port=443): Max retries exceeded with url: /v1/accounts/TQieDPZaanZkM3YtBqJyNj5qBZQtCv6kma/tokens (Caused by NameResolutionError("<urllib3.connection.HTTPSConnection object at 0x7fdcd56257c0>: Failed to resolve 'api.tronstation.io' ([Errno -2] Name or service not known)"))
2025-07-23 23:35:37 - balance_service - WARNING - No native currency found for blockchain Bitcoin
2025-07-23 23:35:37 - balance_service - WARNING - No native currency found for blockchain Avalanche
2025-07-23 23:35:37 - balance_service - WARNING - No native currency found for blockchain Arbitrum
2025-07-23 23:35:37 - balance_service - WARNING - No native currency found for blockchain Polkadot
2025-07-23 23:35:38 - balance_service - WARNING - خطا در دریافت موجودی TRC20 با API اصلی: 404 - {"timestamp":"2025-07-23T23:35:38.433+00:00","status":404,"error":"Not Found","path":"/v1/accounts/TYHqeEHW5FVRW515pzAJkUksVHYzWQK4RK/tokens"}
2025-07-23 23:35:38 - balance_service - WARNING - خطا در دریافت موجودی TRC20 با API اصلی: 404 - {"timestamp":"2025-07-23T23:35:38.678+00:00","status":404,"error":"Not Found","path":"/v1/accounts/TYHqeEHW5FVRW515pzAJkUksVHYzWQK4RK/tokens"}
2025-07-23 23:35:39 - balance_service - ERROR - Error getting EVM token balance on Avalanche: when sending a str, it must be a hex string. Got: 'FvwEAhmxKfeiG8SnEvq42hc6whRyY3EFYAvebMqDNDGCgxN5Z'
Traceback (most recent call last):
  File "/www/wwwroot/coinceeper.com/CC/services/balance_service.py", line 157, in get_token_balance
    address=Web3.to_checksum_address(contract_address),
  File "/www/wwwroot/coinceeper.com/CC/venv/lib64/python3.9/site-packages/web3/main.py", line 268, in to_checksum_address
    return to_checksum_address(value)
  File "/www/wwwroot/coinceeper.com/CC/venv/lib64/python3.9/site-packages/eth_utils/address.py", line 129, in to_checksum_address
    norm_address = to_normalized_address(value)
  File "/www/wwwroot/coinceeper.com/CC/venv/lib64/python3.9/site-packages/eth_utils/address.py", line 73, in to_normalized_address
    hex_address = hexstr_if_str(to_hex, value).lower()
  File "/www/wwwroot/coinceeper.com/CC/venv/lib64/python3.9/site-packages/eth_utils/conversions.py", line 195, in hexstr_if_str
    raise ValueError(
ValueError: when sending a str, it must be a hex string. Got: 'FvwEAhmxKfeiG8SnEvq42hc6whRyY3EFYAvebMqDNDGCgxN5Z'
2025-07-23 23:35:39 - balance_service - WARNING - خطا در دریافت موجودی TRC20 با API اصلی: 404 - {"timestamp":"2025-07-23T23:35:39.094+00:00","status":404,"error":"Not Found","path":"/v1/accounts/TYHqeEHW5FVRW515pzAJkUksVHYzWQK4RK/tokens"}
2025-07-23 23:35:40 - balance_service - ERROR - خطا در استفاده از API جایگزین 8: HTTPSConnectionPool(host='api.tronstation.io', port=443): Max retries exceeded with url: /v1/accounts/TYHqeEHW5FVRW515pzAJkUksVHYzWQK4RK/tokens (Caused by NameResolutionError("<urllib3.connection.HTTPSConnection object at 0x7fdcd42698e0>: Failed to resolve 'api.tronstation.io' ([Errno -2] Name or service not known)"))
2025-07-23 23:35:40 - balance_service - ERROR - خطا در استفاده از API جایگزین 8: HTTPSConnectionPool(host='api.tronstation.io', port=443): Max retries exceeded with url: /v1/accounts/TYHqeEHW5FVRW515pzAJkUksVHYzWQK4RK/tokens (Caused by NameResolutionError("<urllib3.connection.HTTPSConnection object at 0x7fdcd46f4ee0>: Failed to resolve 'api.tronstation.io' ([Errno -2] Name or service not known)"))
2025-07-23 23:35:40 - balance_service - ERROR - خطا در استفاده از API جایگزین 8: HTTPSConnectionPool(host='api.tronstation.io', port=443): Max retries exceeded with url: /v1/accounts/TYHqeEHW5FVRW515pzAJkUksVHYzWQK4RK/tokens (Caused by NameResolutionError("<urllib3.connection.HTTPSConnection object at 0x7fdcd45a1d90>: Failed to resolve 'api.tronstation.io' ([Errno -2] Name or service not known)"))
2025-07-23 23:36:49 - balance_service - WARNING - No native currency found for blockchain Bitcoin
2025-07-23 23:36:49 - balance_service - WARNING - No native currency found for blockchain Avalanche
2025-07-23 23:36:49 - balance_service - WARNING - No native currency found for blockchain Arbitrum
2025-07-23 23:36:49 - balance_service - WARNING - No native currency found for blockchain Polkadot
2025-07-23 23:36:50 - balance_service - WARNING - خطا در دریافت موجودی TRC20 با API اصلی: 404 - {"timestamp":"2025-07-23T23:36:50.231+00:00","status":404,"error":"Not Found","path":"/v1/accounts/TX6zzd7JU9FnEPFJ7WfAFnjgxkuN8wMLG4/tokens"}
2025-07-23 23:36:50 - balance_service - WARNING - خطا در دریافت موجودی TRC20 با API اصلی: 404 - {"timestamp":"2025-07-23T23:36:50.427+00:00","status":404,"error":"Not Found","path":"/v1/accounts/TX6zzd7JU9FnEPFJ7WfAFnjgxkuN8wMLG4/tokens"}
2025-07-23 23:36:51 - balance_service - WARNING - خطا در دریافت موجودی TRC20 با API اصلی: 404 - {"timestamp":"2025-07-23T23:36:51.107+00:00","status":404,"error":"Not Found","path":"/v1/accounts/TX6zzd7JU9FnEPFJ7WfAFnjgxkuN8wMLG4/tokens"}
2025-07-23 23:36:51 - balance_service - ERROR - Error getting EVM token balance on Avalanche: when sending a str, it must be a hex string. Got: 'FvwEAhmxKfeiG8SnEvq42hc6whRyY3EFYAvebMqDNDGCgxN5Z'
Traceback (most recent call last):
  File "/www/wwwroot/coinceeper.com/CC/services/balance_service.py", line 157, in get_token_balance
    address=Web3.to_checksum_address(contract_address),
  File "/www/wwwroot/coinceeper.com/CC/venv/lib64/python3.9/site-packages/web3/main.py", line 268, in to_checksum_address
    return to_checksum_address(value)
  File "/www/wwwroot/coinceeper.com/CC/venv/lib64/python3.9/site-packages/eth_utils/address.py", line 129, in to_checksum_address
    norm_address = to_normalized_address(value)
  File "/www/wwwroot/coinceeper.com/CC/venv/lib64/python3.9/site-packages/eth_utils/address.py", line 73, in to_normalized_address
    hex_address = hexstr_if_str(to_hex, value).lower()
  File "/www/wwwroot/coinceeper.com/CC/venv/lib64/python3.9/site-packages/eth_utils/conversions.py", line 195, in hexstr_if_str
    raise ValueError(
ValueError: when sending a str, it must be a hex string. Got: 'FvwEAhmxKfeiG8SnEvq42hc6whRyY3EFYAvebMqDNDGCgxN5Z'
2025-07-23 23:36:51 - balance_service - ERROR - خطا در استفاده از API جایگزین 8: HTTPSConnectionPool(host='api.tronstation.io', port=443): Max retries exceeded with url: /v1/accounts/TX6zzd7JU9FnEPFJ7WfAFnjgxkuN8wMLG4/tokens (Caused by NameResolutionError("<urllib3.connection.HTTPSConnection object at 0x7fdcd44aeee0>: Failed to resolve 'api.tronstation.io' ([Errno -2] Name or service not known)"))
2025-07-23 23:36:52 - balance_service - ERROR - خطا در استفاده از API جایگزین 8: HTTPSConnectionPool(host='api.tronstation.io', port=443): Max retries exceeded with url: /v1/accounts/TX6zzd7JU9FnEPFJ7WfAFnjgxkuN8wMLG4/tokens (Caused by NameResolutionError("<urllib3.connection.HTTPSConnection object at 0x7fdcd4263700>: Failed to resolve 'api.tronstation.io' ([Errno -2] Name or service not known)"))
2025-07-23 23:36:52 - balance_service - ERROR - Error getting EVM token balance on Ethereum: 429 Client Error: Too Many Requests for url: https://mainnet.infura.io/v3/a8ab43a04ce044de988a838d92f478a7
Traceback (most recent call last):
  File "/www/wwwroot/coinceeper.com/CC/services/balance_service.py", line 163, in get_token_balance
    balance = token_contract.functions.balanceOf(
  File "/www/wwwroot/coinceeper.com/CC/venv/lib64/python3.9/site-packages/web3/contract/contract.py", line 291, in call
    return call_contract_function(
  File "/www/wwwroot/coinceeper.com/CC/venv/lib64/python3.9/site-packages/web3/contract/utils.py", line 154, in call_contract_function
    return_data = w3.eth.call(
  File "/www/wwwroot/coinceeper.com/CC/venv/lib64/python3.9/site-packages/web3/eth/eth.py", line 247, in call
    return self._durin_call(transaction, block_identifier, state_override)
  File "/www/wwwroot/coinceeper.com/CC/venv/lib64/python3.9/site-packages/web3/eth/eth.py", line 266, in _durin_call
    return self._call(transaction, block_identifier, state_override)
  File "/www/wwwroot/coinceeper.com/CC/venv/lib64/python3.9/site-packages/web3/module.py", line 112, in caller
    result = w3.manager.request_blocking(
  File "/www/wwwroot/coinceeper.com/CC/venv/lib64/python3.9/site-packages/web3/manager.py", line 231, in request_blocking
    response = self._make_request(method, params)
  File "/www/wwwroot/coinceeper.com/CC/venv/lib64/python3.9/site-packages/web3/manager.py", line 163, in _make_request
    return request_func(method, params)
  File "/www/wwwroot/coinceeper.com/CC/venv/lib64/python3.9/site-packages/web3/middleware/base.py", line 56, in middleware
    return self.response_processor(method, make_request(method, params))
  File "/www/wwwroot/coinceeper.com/CC/venv/lib64/python3.9/site-packages/web3/middleware/base.py", line 56, in middleware
    return self.response_processor(method, make_request(method, params))
  File "/www/wwwroot/coinceeper.com/CC/venv/lib64/python3.9/site-packages/web3/middleware/base.py", line 56, in middleware
    return self.response_processor(method, make_request(method, params))
  [Previous line repeated 2 more times]
  File "/www/wwwroot/coinceeper.com/CC/venv/lib64/python3.9/site-packages/web3/_utils/caching/caching_utils.py", line 261, in wrapper
    return func(provider, method, params)
  File "/www/wwwroot/coinceeper.com/CC/venv/lib64/python3.9/site-packages/web3/providers/rpc/rpc.py", line 170, in make_request
    raw_response = self._make_request(method, request_data)
  File "/www/wwwroot/coinceeper.com/CC/venv/lib64/python3.9/site-packages/web3/providers/rpc/rpc.py", line 157, in _make_request
    raise e
  File "/www/wwwroot/coinceeper.com/CC/venv/lib64/python3.9/site-packages/web3/providers/rpc/rpc.py", line 147, in _make_request
    return self._request_session_manager.make_post_request(
  File "/www/wwwroot/coinceeper.com/CC/venv/lib64/python3.9/site-packages/web3/_utils/http_session_manager.py", line 148, in make_post_request
    response.raise_for_status()
  File "/www/wwwroot/coinceeper.com/CC/venv/lib64/python3.9/site-packages/requests/models.py", line 1024, in raise_for_status
    raise HTTPError(http_error_msg, response=self)
requests.exceptions.HTTPError: 429 Client Error: Too Many Requests for url: https://mainnet.infura.io/v3/a8ab43a04ce044de988a838d92f478a7
2025-07-23 23:36:52 - balance_service - ERROR - خطا در استفاده از API جایگزین 8: HTTPSConnectionPool(host='api.tronstation.io', port=443): Max retries exceeded with url: /v1/accounts/TX6zzd7JU9FnEPFJ7WfAFnjgxkuN8wMLG4/tokens (Caused by NameResolutionError("<urllib3.connection.HTTPSConnection object at 0x7fdcd44c9c10>: Failed to resolve 'api.tronstation.io' ([Errno -2] Name or service not known)"))
2025-07-23 23:37:00 - balance_service - WARNING - No native currency found for blockchain Bitcoin
2025-07-23 23:37:00 - balance_service - WARNING - No native currency found for blockchain Avalanche
2025-07-23 23:37:00 - balance_service - WARNING - No native currency found for blockchain Arbitrum
2025-07-23 23:37:00 - balance_service - WARNING - No native currency found for blockchain Polkadot
2025-07-23 23:37:01 - balance_service - WARNING - خطا در دریافت موجودی TRC20 با API اصلی: 404 - {"timestamp":"2025-07-23T23:37:01.221+00:00","status":404,"error":"Not Found","path":"/v1/accounts/TX6zzd7JU9FnEPFJ7WfAFnjgxkuN8wMLG4/tokens"}
2025-07-23 23:37:01 - balance_service - WARNING - خطا در دریافت موجودی TRC20 با API اصلی: 404 - {"timestamp":"2025-07-23T23:37:01.425+00:00","status":404,"error":"Not Found","path":"/v1/accounts/TX6zzd7JU9FnEPFJ7WfAFnjgxkuN8wMLG4/tokens"}
2025-07-23 23:37:02 - balance_service - WARNING - خطا در دریافت موجودی TRC20 با API اصلی: 404 - {"timestamp":"2025-07-23T23:37:02.633+00:00","status":404,"error":"Not Found","path":"/v1/accounts/TX6zzd7JU9FnEPFJ7WfAFnjgxkuN8wMLG4/tokens"}
2025-07-23 23:37:02 - balance_service - ERROR - خطا در استفاده از API جایگزین 8: HTTPSConnectionPool(host='api.tronstation.io', port=443): Max retries exceeded with url: /v1/accounts/TX6zzd7JU9FnEPFJ7WfAFnjgxkuN8wMLG4/tokens (Caused by NameResolutionError("<urllib3.connection.HTTPSConnection object at 0x7fdcd5898970>: Failed to resolve 'api.tronstation.io' ([Errno -2] Name or service not known)"))
2025-07-23 23:37:02 - balance_service - ERROR - Error getting EVM token balance on Avalanche: when sending a str, it must be a hex string. Got: 'FvwEAhmxKfeiG8SnEvq42hc6whRyY3EFYAvebMqDNDGCgxN5Z'
Traceback (most recent call last):
  File "/www/wwwroot/coinceeper.com/CC/services/balance_service.py", line 157, in get_token_balance
    address=Web3.to_checksum_address(contract_address),
  File "/www/wwwroot/coinceeper.com/CC/venv/lib64/python3.9/site-packages/web3/main.py", line 268, in to_checksum_address
    return to_checksum_address(value)
  File "/www/wwwroot/coinceeper.com/CC/venv/lib64/python3.9/site-packages/eth_utils/address.py", line 129, in to_checksum_address
    norm_address = to_normalized_address(value)
  File "/www/wwwroot/coinceeper.com/CC/venv/lib64/python3.9/site-packages/eth_utils/address.py", line 73, in to_normalized_address
    hex_address = hexstr_if_str(to_hex, value).lower()
  File "/www/wwwroot/coinceeper.com/CC/venv/lib64/python3.9/site-packages/eth_utils/conversions.py", line 195, in hexstr_if_str
    raise ValueError(
ValueError: when sending a str, it must be a hex string. Got: 'FvwEAhmxKfeiG8SnEvq42hc6whRyY3EFYAvebMqDNDGCgxN5Z'
2025-07-23 23:37:03 - balance_service - ERROR - خطا در استفاده از API جایگزین 8: HTTPSConnectionPool(host='api.tronstation.io', port=443): Max retries exceeded with url: /v1/accounts/TX6zzd7JU9FnEPFJ7WfAFnjgxkuN8wMLG4/tokens (Caused by NameResolutionError("<urllib3.connection.HTTPSConnection object at 0x7fdcd586f670>: Failed to resolve 'api.tronstation.io' ([Errno -2] Name or service not known)"))
2025-07-23 23:37:04 - balance_service - ERROR - Error getting EVM token balance on Ethereum: 429 Client Error: Too Many Requests for url: https://mainnet.infura.io/v3/a8ab43a04ce044de988a838d92f478a7
Traceback (most recent call last):
  File "/www/wwwroot/coinceeper.com/CC/services/balance_service.py", line 163, in get_token_balance
    balance = token_contract.functions.balanceOf(
  File "/www/wwwroot/coinceeper.com/CC/venv/lib64/python3.9/site-packages/web3/contract/contract.py", line 291, in call
    return call_contract_function(
  File "/www/wwwroot/coinceeper.com/CC/venv/lib64/python3.9/site-packages/web3/contract/utils.py", line 154, in call_contract_function
    return_data = w3.eth.call(
  File "/www/wwwroot/coinceeper.com/CC/venv/lib64/python3.9/site-packages/web3/eth/eth.py", line 247, in call
    return self._durin_call(transaction, block_identifier, state_override)
  File "/www/wwwroot/coinceeper.com/CC/venv/lib64/python3.9/site-packages/web3/eth/eth.py", line 266, in _durin_call
    return self._call(transaction, block_identifier, state_override)
  File "/www/wwwroot/coinceeper.com/CC/venv/lib64/python3.9/site-packages/web3/module.py", line 112, in caller
    result = w3.manager.request_blocking(
  File "/www/wwwroot/coinceeper.com/CC/venv/lib64/python3.9/site-packages/web3/manager.py", line 231, in request_blocking
    response = self._make_request(method, params)
  File "/www/wwwroot/coinceeper.com/CC/venv/lib64/python3.9/site-packages/web3/manager.py", line 163, in _make_request
    return request_func(method, params)
  File "/www/wwwroot/coinceeper.com/CC/venv/lib64/python3.9/site-packages/web3/middleware/base.py", line 56, in middleware
    return self.response_processor(method, make_request(method, params))
  File "/www/wwwroot/coinceeper.com/CC/venv/lib64/python3.9/site-packages/web3/middleware/base.py", line 56, in middleware
    return self.response_processor(method, make_request(method, params))
  File "/www/wwwroot/coinceeper.com/CC/venv/lib64/python3.9/site-packages/web3/middleware/base.py", line 56, in middleware
    return self.response_processor(method, make_request(method, params))
  [Previous line repeated 2 more times]
  File "/www/wwwroot/coinceeper.com/CC/venv/lib64/python3.9/site-packages/web3/_utils/caching/caching_utils.py", line 261, in wrapper
    return func(provider, method, params)
  File "/www/wwwroot/coinceeper.com/CC/venv/lib64/python3.9/site-packages/web3/providers/rpc/rpc.py", line 170, in make_request
    raw_response = self._make_request(method, request_data)
  File "/www/wwwroot/coinceeper.com/CC/venv/lib64/python3.9/site-packages/web3/providers/rpc/rpc.py", line 157, in _make_request
    raise e
  File "/www/wwwroot/coinceeper.com/CC/venv/lib64/python3.9/site-packages/web3/providers/rpc/rpc.py", line 147, in _make_request
    return self._request_session_manager.make_post_request(
  File "/www/wwwroot/coinceeper.com/CC/venv/lib64/python3.9/site-packages/web3/_utils/http_session_manager.py", line 148, in make_post_request
    response.raise_for_status()
  File "/www/wwwroot/coinceeper.com/CC/venv/lib64/python3.9/site-packages/requests/models.py", line 1024, in raise_for_status
    raise HTTPError(http_error_msg, response=self)
requests.exceptions.HTTPError: 429 Client Error: Too Many Requests for url: https://mainnet.infura.io/v3/a8ab43a04ce044de988a838d92f478a7
2025-07-23 23:37:04 - balance_service - ERROR - خطا در استفاده از API جایگزین 8: HTTPSConnectionPool(host='api.tronstation.io', port=443): Max retries exceeded with url: /v1/accounts/TX6zzd7JU9FnEPFJ7WfAFnjgxkuN8wMLG4/tokens (Caused by NameResolutionError("<urllib3.connection.HTTPSConnection object at 0x7fdcd580a9d0>: Failed to resolve 'api.tronstation.io' ([Errno -2] Name or service not known)"))
2025-07-23 23:37:05 - balance_service - WARNING - Error getting token decimals, using default 18: 429 Client Error: Too Many Requests for url: https://mainnet.infura.io/v3/a8ab43a04ce044de988a838d92f478a7
2025-07-23 23:37:14 - balance_service - WARNING - No native currency found for blockchain Bitcoin
2025-07-23 23:37:14 - balance_service - WARNING - No native currency found for blockchain Avalanche
2025-07-23 23:37:14 - balance_service - WARNING - No native currency found for blockchain Arbitrum
2025-07-23 23:37:14 - balance_service - WARNING - No native currency found for blockchain Polkadot
2025-07-23 23:37:15 - balance_service - WARNING - خطا در دریافت موجودی TRC20 با API اصلی: 404 - {"timestamp":"2025-07-23T23:37:15.944+00:00","status":404,"error":"Not Found","path":"/v1/accounts/TX6zzd7JU9FnEPFJ7WfAFnjgxkuN8wMLG4/tokens"}
2025-07-23 23:37:16 - balance_service - WARNING - خطا در دریافت موجودی TRC20 با API اصلی: 404 - {"timestamp":"2025-07-23T23:37:16.145+00:00","status":404,"error":"Not Found","path":"/v1/accounts/TX6zzd7JU9FnEPFJ7WfAFnjgxkuN8wMLG4/tokens"}
2025-07-23 23:37:17 - balance_service - WARNING - خطا در دریافت موجودی TRC20 با API اصلی: 404 - {"timestamp":"2025-07-23T23:37:17.436+00:00","status":404,"error":"Not Found","path":"/v1/accounts/TX6zzd7JU9FnEPFJ7WfAFnjgxkuN8wMLG4/tokens"}
2025-07-23 23:37:17 - balance_service - ERROR - خطا در استفاده از API جایگزین 8: HTTPSConnectionPool(host='api.tronstation.io', port=443): Max retries exceeded with url: /v1/accounts/TX6zzd7JU9FnEPFJ7WfAFnjgxkuN8wMLG4/tokens (Caused by NameResolutionError("<urllib3.connection.HTTPSConnection object at 0x7fdcd58bfaf0>: Failed to resolve 'api.tronstation.io' ([Errno -2] Name or service not known)"))
2025-07-23 23:37:17 - balance_service - ERROR - خطا در استفاده از API جایگزین 8: HTTPSConnectionPool(host='api.tronstation.io', port=443): Max retries exceeded with url: /v1/accounts/TX6zzd7JU9FnEPFJ7WfAFnjgxkuN8wMLG4/tokens (Caused by NameResolutionError("<urllib3.connection.HTTPSConnection object at 0x7fdcd5a33d90>: Failed to resolve 'api.tronstation.io' ([Errno -2] Name or service not known)"))
2025-07-23 23:37:17 - balance_service - ERROR - Error getting EVM token balance on Avalanche: when sending a str, it must be a hex string. Got: 'FvwEAhmxKfeiG8SnEvq42hc6whRyY3EFYAvebMqDNDGCgxN5Z'
Traceback (most recent call last):
  File "/www/wwwroot/coinceeper.com/CC/services/balance_service.py", line 157, in get_token_balance
    address=Web3.to_checksum_address(contract_address),
  File "/www/wwwroot/coinceeper.com/CC/venv/lib64/python3.9/site-packages/web3/main.py", line 268, in to_checksum_address
    return to_checksum_address(value)
  File "/www/wwwroot/coinceeper.com/CC/venv/lib64/python3.9/site-packages/eth_utils/address.py", line 129, in to_checksum_address
    norm_address = to_normalized_address(value)
  File "/www/wwwroot/coinceeper.com/CC/venv/lib64/python3.9/site-packages/eth_utils/address.py", line 73, in to_normalized_address
    hex_address = hexstr_if_str(to_hex, value).lower()
  File "/www/wwwroot/coinceeper.com/CC/venv/lib64/python3.9/site-packages/eth_utils/conversions.py", line 195, in hexstr_if_str
    raise ValueError(
ValueError: when sending a str, it must be a hex string. Got: 'FvwEAhmxKfeiG8SnEvq42hc6whRyY3EFYAvebMqDNDGCgxN5Z'
2025-07-23 23:37:19 - balance_service - ERROR - خطا در استفاده از API جایگزین 8: HTTPSConnectionPool(host='api.tronstation.io', port=443): Max retries exceeded with url: /v1/accounts/TX6zzd7JU9FnEPFJ7WfAFnjgxkuN8wMLG4/tokens (Caused by NameResolutionError("<urllib3.connection.HTTPSConnection object at 0x7fdcd5985670>: Failed to resolve 'api.tronstation.io' ([Errno -2] Name or service not known)"))
2025-07-23 23:37:42 - balance_service - WARNING - No native currency found for blockchain Bitcoin
2025-07-23 23:37:42 - balance_service - WARNING - No native currency found for blockchain Avalanche
2025-07-23 23:37:42 - balance_service - WARNING - No native currency found for blockchain Arbitrum
2025-07-23 23:37:42 - balance_service - WARNING - No native currency found for blockchain Polkadot
2025-07-23 23:37:45 - balance_service - WARNING - خطا در دریافت موجودی TRC20 با API اصلی: 404 - {"timestamp":"2025-07-23T23:37:45.641+00:00","status":404,"error":"Not Found","path":"/v1/accounts/TSugW8wQWnXv5RusER33GzG1H73LTTozmw/tokens"}
2025-07-23 23:37:45 - balance_service - WARNING - خطا در دریافت موجودی TRC20 با API اصلی: 404 - {"timestamp":"2025-07-23T23:37:45.905+00:00","status":404,"error":"Not Found","path":"/v1/accounts/TSugW8wQWnXv5RusER33GzG1H73LTTozmw/tokens"}
2025-07-23 23:37:47 - balance_service - ERROR - خطا در استفاده از API جایگزین 8: HTTPSConnectionPool(host='api.tronstation.io', port=443): Max retries exceeded with url: /v1/accounts/TSugW8wQWnXv5RusER33GzG1H73LTTozmw/tokens (Caused by NameResolutionError("<urllib3.connection.HTTPSConnection object at 0x7fdcd587ca30>: Failed to resolve 'api.tronstation.io' ([Errno -2] Name or service not known)"))
2025-07-23 23:37:47 - balance_service - WARNING - خطا در دریافت موجودی TRC20 با API اصلی: 404 - {"timestamp":"2025-07-23T23:37:47.539+00:00","status":404,"error":"Not Found","path":"/v1/accounts/TSugW8wQWnXv5RusER33GzG1H73LTTozmw/tokens"}
2025-07-23 23:37:47 - balance_service - ERROR - خطا در استفاده از API جایگزین 8: HTTPSConnectionPool(host='api.tronstation.io', port=443): Max retries exceeded with url: /v1/accounts/TSugW8wQWnXv5RusER33GzG1H73LTTozmw/tokens (Caused by NameResolutionError("<urllib3.connection.HTTPSConnection object at 0x7fdcd58386d0>: Failed to resolve 'api.tronstation.io' ([Errno -2] Name or service not known)"))
2025-07-23 23:37:47 - balance_service - ERROR - Error getting EVM token balance on Ethereum: 429 Client Error: Too Many Requests for url: https://mainnet.infura.io/v3/a8ab43a04ce044de988a838d92f478a7
Traceback (most recent call last):
  File "/www/wwwroot/coinceeper.com/CC/services/balance_service.py", line 163, in get_token_balance
    balance = token_contract.functions.balanceOf(
  File "/www/wwwroot/coinceeper.com/CC/venv/lib64/python3.9/site-packages/web3/contract/contract.py", line 291, in call
    return call_contract_function(
  File "/www/wwwroot/coinceeper.com/CC/venv/lib64/python3.9/site-packages/web3/contract/utils.py", line 154, in call_contract_function
    return_data = w3.eth.call(
  File "/www/wwwroot/coinceeper.com/CC/venv/lib64/python3.9/site-packages/web3/eth/eth.py", line 247, in call
    return self._durin_call(transaction, block_identifier, state_override)
  File "/www/wwwroot/coinceeper.com/CC/venv/lib64/python3.9/site-packages/web3/eth/eth.py", line 266, in _durin_call
    return self._call(transaction, block_identifier, state_override)
  File "/www/wwwroot/coinceeper.com/CC/venv/lib64/python3.9/site-packages/web3/module.py", line 112, in caller
    result = w3.manager.request_blocking(
  File "/www/wwwroot/coinceeper.com/CC/venv/lib64/python3.9/site-packages/web3/manager.py", line 231, in request_blocking
    response = self._make_request(method, params)
  File "/www/wwwroot/coinceeper.com/CC/venv/lib64/python3.9/site-packages/web3/manager.py", line 163, in _make_request
    return request_func(method, params)
  File "/www/wwwroot/coinceeper.com/CC/venv/lib64/python3.9/site-packages/web3/middleware/base.py", line 56, in middleware
    return self.response_processor(method, make_request(method, params))
  File "/www/wwwroot/coinceeper.com/CC/venv/lib64/python3.9/site-packages/web3/middleware/base.py", line 56, in middleware
    return self.response_processor(method, make_request(method, params))
  File "/www/wwwroot/coinceeper.com/CC/venv/lib64/python3.9/site-packages/web3/middleware/base.py", line 56, in middleware
    return self.response_processor(method, make_request(method, params))
  File "/www/wwwroot/coinceeper.com/CC/venv/lib64/python3.9/site-packages/web3/middleware/base.py", line 55, in middleware
    method, params = self.request_processor(method, params)
  File "/www/wwwroot/coinceeper.com/CC/venv/lib64/python3.9/site-packages/web3/middleware/formatting.py", line 150, in request_processor
    self.sync_formatters_builder(cast("Web3", self._w3), method),
  File "/www/wwwroot/coinceeper.com/CC/venv/lib64/python3.9/site-packages/web3/middleware/validation.py", line 141, in build_method_validators
    w3_chain_id = w3.eth.chain_id
  File "/www/wwwroot/coinceeper.com/CC/venv/lib64/python3.9/site-packages/web3/eth/eth.py", line 156, in chain_id
    return self._chain_id()
  File "/www/wwwroot/coinceeper.com/CC/venv/lib64/python3.9/site-packages/web3/module.py", line 112, in caller
    result = w3.manager.request_blocking(
  File "/www/wwwroot/coinceeper.com/CC/venv/lib64/python3.9/site-packages/web3/manager.py", line 231, in request_blocking
    response = self._make_request(method, params)
  File "/www/wwwroot/coinceeper.com/CC/venv/lib64/python3.9/site-packages/web3/manager.py", line 163, in _make_request
    return request_func(method, params)
  File "/www/wwwroot/coinceeper.com/CC/venv/lib64/python3.9/site-packages/web3/middleware/base.py", line 56, in middleware
    return self.response_processor(method, make_request(method, params))
  File "/www/wwwroot/coinceeper.com/CC/venv/lib64/python3.9/site-packages/web3/middleware/base.py", line 56, in middleware
    return self.response_processor(method, make_request(method, params))
  File "/www/wwwroot/coinceeper.com/CC/venv/lib64/python3.9/site-packages/web3/middleware/base.py", line 56, in middleware
    return self.response_processor(method, make_request(method, params))
  [Previous line repeated 2 more times]
  File "/www/wwwroot/coinceeper.com/CC/venv/lib64/python3.9/site-packages/web3/_utils/caching/caching_utils.py", line 261, in wrapper
    return func(provider, method, params)
  File "/www/wwwroot/coinceeper.com/CC/venv/lib64/python3.9/site-packages/web3/providers/rpc/rpc.py", line 170, in make_request
    raw_response = self._make_request(method, request_data)
  File "/www/wwwroot/coinceeper.com/CC/venv/lib64/python3.9/site-packages/web3/providers/rpc/rpc.py", line 157, in _make_request
    raise e
  File "/www/wwwroot/coinceeper.com/CC/venv/lib64/python3.9/site-packages/web3/providers/rpc/rpc.py", line 147, in _make_request
    return self._request_session_manager.make_post_request(
  File "/www/wwwroot/coinceeper.com/CC/venv/lib64/python3.9/site-packages/web3/_utils/http_session_manager.py", line 148, in make_post_request
    response.raise_for_status()
  File "/www/wwwroot/coinceeper.com/CC/venv/lib64/python3.9/site-packages/requests/models.py", line 1024, in raise_for_status
    raise HTTPError(http_error_msg, response=self)
requests.exceptions.HTTPError: 429 Client Error: Too Many Requests for url: https://mainnet.infura.io/v3/a8ab43a04ce044de988a838d92f478a7
2025-07-23 23:37:47 - balance_service - ERROR - Error getting EVM token balance on Avalanche: when sending a str, it must be a hex string. Got: 'FvwEAhmxKfeiG8SnEvq42hc6whRyY3EFYAvebMqDNDGCgxN5Z'
Traceback (most recent call last):
  File "/www/wwwroot/coinceeper.com/CC/services/balance_service.py", line 157, in get_token_balance
    address=Web3.to_checksum_address(contract_address),
  File "/www/wwwroot/coinceeper.com/CC/venv/lib64/python3.9/site-packages/web3/main.py", line 268, in to_checksum_address
    return to_checksum_address(value)
  File "/www/wwwroot/coinceeper.com/CC/venv/lib64/python3.9/site-packages/eth_utils/address.py", line 129, in to_checksum_address
    norm_address = to_normalized_address(value)
  File "/www/wwwroot/coinceeper.com/CC/venv/lib64/python3.9/site-packages/eth_utils/address.py", line 73, in to_normalized_address
    hex_address = hexstr_if_str(to_hex, value).lower()
  File "/www/wwwroot/coinceeper.com/CC/venv/lib64/python3.9/site-packages/eth_utils/conversions.py", line 195, in hexstr_if_str
    raise ValueError(
ValueError: when sending a str, it must be a hex string. Got: 'FvwEAhmxKfeiG8SnEvq42hc6whRyY3EFYAvebMqDNDGCgxN5Z'
2025-07-23 23:37:49 - balance_service - ERROR - خطا در استفاده از API جایگزین 8: HTTPSConnectionPool(host='api.tronstation.io', port=443): Max retries exceeded with url: /v1/accounts/TSugW8wQWnXv5RusER33GzG1H73LTTozmw/tokens (Caused by NameResolutionError("<urllib3.connection.HTTPSConnection object at 0x7fdcd581b9a0>: Failed to resolve 'api.tronstation.io' ([Errno -2] Name or service not known)"))
2025-07-23 23:37:49 - balance_service - WARNING - Error getting token decimals, using default 18: 429 Client Error: Too Many Requests for url: https://mainnet.infura.io/v3/a8ab43a04ce044de988a838d92f478a7
2025-07-23 23:37:49 - balance_service - WARNING - Error getting token decimals, using default 18: 429 Client Error: Too Many Requests for url: https://mainnet.infura.io/v3/a8ab43a04ce044de988a838d92f478a7
2025-07-23 23:37:54 - balance_service - WARNING - No native currency found for blockchain Bitcoin
2025-07-23 23:37:54 - balance_service - WARNING - No native currency found for blockchain Avalanche
2025-07-23 23:37:54 - balance_service - WARNING - No native currency found for blockchain Arbitrum
2025-07-23 23:37:54 - balance_service - WARNING - No native currency found for blockchain Polkadot
2025-07-23 23:37:54 - balance_service - WARNING - خطا در دریافت موجودی TRC20 با API اصلی: 404 - {"timestamp":"2025-07-23T23:37:54.701+00:00","status":404,"error":"Not Found","path":"/v1/accounts/TSugW8wQWnXv5RusER33GzG1H73LTTozmw/tokens"}
2025-07-23 23:37:54 - balance_service - WARNING - خطا در دریافت موجودی TRC20 با API اصلی: 404 - {"timestamp":"2025-07-23T23:37:54.914+00:00","status":404,"error":"Not Found","path":"/v1/accounts/TSugW8wQWnXv5RusER33GzG1H73LTTozmw/tokens"}
2025-07-23 23:37:55 - balance_service - ERROR - Error getting EVM token balance on Avalanche: when sending a str, it must be a hex string. Got: 'FvwEAhmxKfeiG8SnEvq42hc6whRyY3EFYAvebMqDNDGCgxN5Z'
Traceback (most recent call last):
  File "/www/wwwroot/coinceeper.com/CC/services/balance_service.py", line 157, in get_token_balance
    address=Web3.to_checksum_address(contract_address),
  File "/www/wwwroot/coinceeper.com/CC/venv/lib64/python3.9/site-packages/web3/main.py", line 268, in to_checksum_address
    return to_checksum_address(value)
  File "/www/wwwroot/coinceeper.com/CC/venv/lib64/python3.9/site-packages/eth_utils/address.py", line 129, in to_checksum_address
    norm_address = to_normalized_address(value)
  File "/www/wwwroot/coinceeper.com/CC/venv/lib64/python3.9/site-packages/eth_utils/address.py", line 73, in to_normalized_address
    hex_address = hexstr_if_str(to_hex, value).lower()
  File "/www/wwwroot/coinceeper.com/CC/venv/lib64/python3.9/site-packages/eth_utils/conversions.py", line 195, in hexstr_if_str
    raise ValueError(
ValueError: when sending a str, it must be a hex string. Got: 'FvwEAhmxKfeiG8SnEvq42hc6whRyY3EFYAvebMqDNDGCgxN5Z'
2025-07-23 23:37:55 - balance_service - WARNING - خطا در دریافت موجودی TRC20 با API اصلی: 404 - {"timestamp":"2025-07-23T23:37:55.372+00:00","status":404,"error":"Not Found","path":"/v1/accounts/TSugW8wQWnXv5RusER33GzG1H73LTTozmw/tokens"}
2025-07-23 23:37:56 - balance_service - ERROR - خطا در استفاده از API جایگزین 8: HTTPSConnectionPool(host='api.tronstation.io', port=443): Max retries exceeded with url: /v1/accounts/TSugW8wQWnXv5RusER33GzG1H73LTTozmw/tokens (Caused by NameResolutionError("<urllib3.connection.HTTPSConnection object at 0x7fdcd4258490>: Failed to resolve 'api.tronstation.io' ([Errno -2] Name or service not known)"))
2025-07-23 23:37:56 - balance_service - ERROR - خطا در استفاده از API جایگزین 8: HTTPSConnectionPool(host='api.tronstation.io', port=443): Max retries exceeded with url: /v1/accounts/TSugW8wQWnXv5RusER33GzG1H73LTTozmw/tokens (Caused by NameResolutionError("<urllib3.connection.HTTPSConnection object at 0x7fdcd4559d90>: Failed to resolve 'api.tronstation.io' ([Errno -2] Name or service not known)"))
2025-07-23 23:37:57 - balance_service - ERROR - خطا در استفاده از API جایگزین 8: HTTPSConnectionPool(host='api.tronstation.io', port=443): Max retries exceeded with url: /v1/accounts/TSugW8wQWnXv5RusER33GzG1H73LTTozmw/tokens (Caused by NameResolutionError("<urllib3.connection.HTTPSConnection object at 0x7fdcd425ed00>: Failed to resolve 'api.tronstation.io' ([Errno -2] Name or service not known)"))
2025-07-23 23:38:50 - balance_service - WARNING - No native currency found for blockchain Bitcoin
2025-07-23 23:38:50 - balance_service - WARNING - No native currency found for blockchain Avalanche
2025-07-23 23:38:50 - balance_service - WARNING - No native currency found for blockchain Arbitrum
2025-07-23 23:38:50 - balance_service - WARNING - No native currency found for blockchain Polkadot
2025-07-23 23:38:52 - balance_service - WARNING - خطا در دریافت موجودی TRC20 با API اصلی: 404 - {"timestamp":"2025-07-23T23:38:52.000+00:00","status":404,"error":"Not Found","path":"/v1/accounts/TY5JrVYBHD8xUzMVaHNpygMXtHRUVX6xG3/tokens"}
2025-07-23 23:38:52 - balance_service - WARNING - خطا در دریافت موجودی TRC20 با API اصلی: 404 - {"timestamp":"2025-07-23T23:38:52.210+00:00","status":404,"error":"Not Found","path":"/v1/accounts/TY5JrVYBHD8xUzMVaHNpygMXtHRUVX6xG3/tokens"}
2025-07-23 23:38:52 - balance_service - WARNING - خطا در دریافت موجودی TRC20 با API اصلی: 404 - {"timestamp":"2025-07-23T23:38:52.845+00:00","status":404,"error":"Not Found","path":"/v1/accounts/TY5JrVYBHD8xUzMVaHNpygMXtHRUVX6xG3/tokens"}
2025-07-23 23:38:53 - balance_service - ERROR - Error getting EVM token balance on Avalanche: when sending a str, it must be a hex string. Got: 'FvwEAhmxKfeiG8SnEvq42hc6whRyY3EFYAvebMqDNDGCgxN5Z'
Traceback (most recent call last):
  File "/www/wwwroot/coinceeper.com/CC/services/balance_service.py", line 157, in get_token_balance
    address=Web3.to_checksum_address(contract_address),
  File "/www/wwwroot/coinceeper.com/CC/venv/lib64/python3.9/site-packages/web3/main.py", line 268, in to_checksum_address
    return to_checksum_address(value)
  File "/www/wwwroot/coinceeper.com/CC/venv/lib64/python3.9/site-packages/eth_utils/address.py", line 129, in to_checksum_address
    norm_address = to_normalized_address(value)
  File "/www/wwwroot/coinceeper.com/CC/venv/lib64/python3.9/site-packages/eth_utils/address.py", line 73, in to_normalized_address
    hex_address = hexstr_if_str(to_hex, value).lower()
  File "/www/wwwroot/coinceeper.com/CC/venv/lib64/python3.9/site-packages/eth_utils/conversions.py", line 195, in hexstr_if_str
    raise ValueError(
ValueError: when sending a str, it must be a hex string. Got: 'FvwEAhmxKfeiG8SnEvq42hc6whRyY3EFYAvebMqDNDGCgxN5Z'
2025-07-23 23:38:53 - balance_service - ERROR - خطا در استفاده از API جایگزین 8: HTTPSConnectionPool(host='api.tronstation.io', port=443): Max retries exceeded with url: /v1/accounts/TY5JrVYBHD8xUzMVaHNpygMXtHRUVX6xG3/tokens (Caused by NameResolutionError("<urllib3.connection.HTTPSConnection object at 0x7fdcd58fad60>: Failed to resolve 'api.tronstation.io' ([Errno -2] Name or service not known)"))
2025-07-23 23:38:53 - balance_service - ERROR - خطا در استفاده از API جایگزین 8: HTTPSConnectionPool(host='api.tronstation.io', port=443): Max retries exceeded with url: /v1/accounts/TY5JrVYBHD8xUzMVaHNpygMXtHRUVX6xG3/tokens (Caused by NameResolutionError("<urllib3.connection.HTTPSConnection object at 0x7fdcd593bd00>: Failed to resolve 'api.tronstation.io' ([Errno -2] Name or service not known)"))
2025-07-23 23:38:54 - balance_service - ERROR - خطا در استفاده از API جایگزین 8: HTTPSConnectionPool(host='api.tronstation.io', port=443): Max retries exceeded with url: /v1/accounts/TY5JrVYBHD8xUzMVaHNpygMXtHRUVX6xG3/tokens (Caused by NameResolutionError("<urllib3.connection.HTTPSConnection object at 0x7fdcd58d6070>: Failed to resolve 'api.tronstation.io' ([Errno -2] Name or service not known)"))
2025-07-23 23:39:02 - balance_service - WARNING - No native currency found for blockchain Bitcoin
2025-07-23 23:39:02 - balance_service - WARNING - No native currency found for blockchain Avalanche
2025-07-23 23:39:02 - balance_service - WARNING - No native currency found for blockchain Arbitrum
2025-07-23 23:39:02 - balance_service - WARNING - No native currency found for blockchain Polkadot
2025-07-23 23:39:03 - balance_service - WARNING - خطا در دریافت موجودی TRC20 با API اصلی: 404 - {"timestamp":"2025-07-23T23:39:03.132+00:00","status":404,"error":"Not Found","path":"/v1/accounts/TY5JrVYBHD8xUzMVaHNpygMXtHRUVX6xG3/tokens"}
2025-07-23 23:39:03 - balance_service - WARNING - خطا در دریافت موجودی TRC20 با API اصلی: 404 - {"timestamp":"2025-07-23T23:39:03.344+00:00","status":404,"error":"Not Found","path":"/v1/accounts/TY5JrVYBHD8xUzMVaHNpygMXtHRUVX6xG3/tokens"}
2025-07-23 23:39:03 - balance_service - WARNING - خطا در دریافت موجودی TRC20 با API اصلی: 404 - {"timestamp":"2025-07-23T23:39:03.780+00:00","status":404,"error":"Not Found","path":"/v1/accounts/TY5JrVYBHD8xUzMVaHNpygMXtHRUVX6xG3/tokens"}
2025-07-23 23:39:03 - balance_service - ERROR - Error getting EVM token balance on Avalanche: when sending a str, it must be a hex string. Got: 'FvwEAhmxKfeiG8SnEvq42hc6whRyY3EFYAvebMqDNDGCgxN5Z'
Traceback (most recent call last):
  File "/www/wwwroot/coinceeper.com/CC/services/balance_service.py", line 157, in get_token_balance
    address=Web3.to_checksum_address(contract_address),
  File "/www/wwwroot/coinceeper.com/CC/venv/lib64/python3.9/site-packages/web3/main.py", line 268, in to_checksum_address
    return to_checksum_address(value)
  File "/www/wwwroot/coinceeper.com/CC/venv/lib64/python3.9/site-packages/eth_utils/address.py", line 129, in to_checksum_address
    norm_address = to_normalized_address(value)
  File "/www/wwwroot/coinceeper.com/CC/venv/lib64/python3.9/site-packages/eth_utils/address.py", line 73, in to_normalized_address
    hex_address = hexstr_if_str(to_hex, value).lower()
  File "/www/wwwroot/coinceeper.com/CC/venv/lib64/python3.9/site-packages/eth_utils/conversions.py", line 195, in hexstr_if_str
    raise ValueError(
ValueError: when sending a str, it must be a hex string. Got: 'FvwEAhmxKfeiG8SnEvq42hc6whRyY3EFYAvebMqDNDGCgxN5Z'
2025-07-23 23:39:04 - balance_service - ERROR - خطا در استفاده از API جایگزین 8: HTTPSConnectionPool(host='api.tronstation.io', port=443): Max retries exceeded with url: /v1/accounts/TY5JrVYBHD8xUzMVaHNpygMXtHRUVX6xG3/tokens (Caused by NameResolutionError("<urllib3.connection.HTTPSConnection object at 0x7fdcd45c90a0>: Failed to resolve 'api.tronstation.io' ([Errno -2] Name or service not known)"))
2025-07-23 23:39:05 - balance_service - ERROR - خطا در استفاده از API جایگزین 8: HTTPSConnectionPool(host='api.tronstation.io', port=443): Max retries exceeded with url: /v1/accounts/TY5JrVYBHD8xUzMVaHNpygMXtHRUVX6xG3/tokens (Caused by NameResolutionError("<urllib3.connection.HTTPSConnection object at 0x7fdcd4650b80>: Failed to resolve 'api.tronstation.io' ([Errno -2] Name or service not known)"))
2025-07-23 23:39:05 - balance_service - ERROR - خطا در استفاده از API جایگزین 8: HTTPSConnectionPool(host='api.tronstation.io', port=443): Max retries exceeded with url: /v1/accounts/TY5JrVYBHD8xUzMVaHNpygMXtHRUVX6xG3/tokens (Caused by NameResolutionError("<urllib3.connection.HTTPSConnection object at 0x7fdcd4650520>: Failed to resolve 'api.tronstation.io' ([Errno -2] Name or service not known)"))
2025-07-23 23:39:40 - balance_service - WARNING - No native currency found for blockchain Bitcoin
2025-07-23 23:39:40 - balance_service - WARNING - No native currency found for blockchain Avalanche
2025-07-23 23:39:40 - balance_service - WARNING - No native currency found for blockchain Arbitrum
2025-07-23 23:39:40 - balance_service - WARNING - No native currency found for blockchain Polkadot
2025-07-23 23:39:42 - balance_service - WARNING - خطا در دریافت موجودی TRC20 با API اصلی: 404 - {"timestamp":"2025-07-23T23:39:42.003+00:00","status":404,"error":"Not Found","path":"/v1/accounts/TCQXjNktAPr959ku67NYvnohgfL7s4KzhG/tokens"}
2025-07-23 23:39:42 - balance_service - WARNING - خطا در دریافت موجودی TRC20 با API اصلی: 404 - {"timestamp":"2025-07-23T23:39:42.211+00:00","status":404,"error":"Not Found","path":"/v1/accounts/TCQXjNktAPr959ku67NYvnohgfL7s4KzhG/tokens"}
2025-07-23 23:39:43 - balance_service - ERROR - خطا در استفاده از API جایگزین 8: HTTPSConnectionPool(host='api.tronstation.io', port=443): Max retries exceeded with url: /v1/accounts/TCQXjNktAPr959ku67NYvnohgfL7s4KzhG/tokens (Caused by NameResolutionError("<urllib3.connection.HTTPSConnection object at 0x7fdcd4519700>: Failed to resolve 'api.tronstation.io' ([Errno -2] Name or service not known)"))
2025-07-23 23:39:43 - balance_service - ERROR - Error getting EVM token balance on Avalanche: when sending a str, it must be a hex string. Got: 'FvwEAhmxKfeiG8SnEvq42hc6whRyY3EFYAvebMqDNDGCgxN5Z'
Traceback (most recent call last):
  File "/www/wwwroot/coinceeper.com/CC/services/balance_service.py", line 157, in get_token_balance
    address=Web3.to_checksum_address(contract_address),
  File "/www/wwwroot/coinceeper.com/CC/venv/lib64/python3.9/site-packages/web3/main.py", line 268, in to_checksum_address
    return to_checksum_address(value)
  File "/www/wwwroot/coinceeper.com/CC/venv/lib64/python3.9/site-packages/eth_utils/address.py", line 129, in to_checksum_address
    norm_address = to_normalized_address(value)
  File "/www/wwwroot/coinceeper.com/CC/venv/lib64/python3.9/site-packages/eth_utils/address.py", line 73, in to_normalized_address
    hex_address = hexstr_if_str(to_hex, value).lower()
  File "/www/wwwroot/coinceeper.com/CC/venv/lib64/python3.9/site-packages/eth_utils/conversions.py", line 195, in hexstr_if_str
    raise ValueError(
ValueError: when sending a str, it must be a hex string. Got: 'FvwEAhmxKfeiG8SnEvq42hc6whRyY3EFYAvebMqDNDGCgxN5Z'
2025-07-23 23:39:43 - balance_service - WARNING - خطا در دریافت موجودی TRC20 با API اصلی: 404 - {"timestamp":"2025-07-23T23:39:43.507+00:00","status":404,"error":"Not Found","path":"/v1/accounts/TCQXjNktAPr959ku67NYvnohgfL7s4KzhG/tokens"}
2025-07-23 23:39:43 - balance_service - ERROR - خطا در استفاده از API جایگزین 8: HTTPSConnectionPool(host='api.tronstation.io', port=443): Max retries exceeded with url: /v1/accounts/TCQXjNktAPr959ku67NYvnohgfL7s4KzhG/tokens (Caused by NameResolutionError("<urllib3.connection.HTTPSConnection object at 0x7fdcd4194430>: Failed to resolve 'api.tronstation.io' ([Errno -2] Name or service not known)"))
2025-07-23 23:39:44 - balance_service - ERROR - Error getting EVM token balance on Ethereum: 429 Client Error: Too Many Requests for url: https://mainnet.infura.io/v3/a8ab43a04ce044de988a838d92f478a7
Traceback (most recent call last):
  File "/www/wwwroot/coinceeper.com/CC/services/balance_service.py", line 163, in get_token_balance
    balance = token_contract.functions.balanceOf(
  File "/www/wwwroot/coinceeper.com/CC/venv/lib64/python3.9/site-packages/web3/contract/contract.py", line 291, in call
    return call_contract_function(
  File "/www/wwwroot/coinceeper.com/CC/venv/lib64/python3.9/site-packages/web3/contract/utils.py", line 154, in call_contract_function
    return_data = w3.eth.call(
  File "/www/wwwroot/coinceeper.com/CC/venv/lib64/python3.9/site-packages/web3/eth/eth.py", line 247, in call
    return self._durin_call(transaction, block_identifier, state_override)
  File "/www/wwwroot/coinceeper.com/CC/venv/lib64/python3.9/site-packages/web3/eth/eth.py", line 266, in _durin_call
    return self._call(transaction, block_identifier, state_override)
  File "/www/wwwroot/coinceeper.com/CC/venv/lib64/python3.9/site-packages/web3/module.py", line 112, in caller
    result = w3.manager.request_blocking(
  File "/www/wwwroot/coinceeper.com/CC/venv/lib64/python3.9/site-packages/web3/manager.py", line 231, in request_blocking
    response = self._make_request(method, params)
  File "/www/wwwroot/coinceeper.com/CC/venv/lib64/python3.9/site-packages/web3/manager.py", line 163, in _make_request
    return request_func(method, params)
  File "/www/wwwroot/coinceeper.com/CC/venv/lib64/python3.9/site-packages/web3/middleware/base.py", line 56, in middleware
    return self.response_processor(method, make_request(method, params))
  File "/www/wwwroot/coinceeper.com/CC/venv/lib64/python3.9/site-packages/web3/middleware/base.py", line 56, in middleware
    return self.response_processor(method, make_request(method, params))
  File "/www/wwwroot/coinceeper.com/CC/venv/lib64/python3.9/site-packages/web3/middleware/base.py", line 56, in middleware
    return self.response_processor(method, make_request(method, params))
  File "/www/wwwroot/coinceeper.com/CC/venv/lib64/python3.9/site-packages/web3/middleware/base.py", line 55, in middleware
    method, params = self.request_processor(method, params)
  File "/www/wwwroot/coinceeper.com/CC/venv/lib64/python3.9/site-packages/web3/middleware/formatting.py", line 150, in request_processor
    self.sync_formatters_builder(cast("Web3", self._w3), method),
  File "/www/wwwroot/coinceeper.com/CC/venv/lib64/python3.9/site-packages/web3/middleware/validation.py", line 141, in build_method_validators
    w3_chain_id = w3.eth.chain_id
  File "/www/wwwroot/coinceeper.com/CC/venv/lib64/python3.9/site-packages/web3/eth/eth.py", line 156, in chain_id
    return self._chain_id()
  File "/www/wwwroot/coinceeper.com/CC/venv/lib64/python3.9/site-packages/web3/module.py", line 112, in caller
    result = w3.manager.request_blocking(
  File "/www/wwwroot/coinceeper.com/CC/venv/lib64/python3.9/site-packages/web3/manager.py", line 231, in request_blocking
    response = self._make_request(method, params)
  File "/www/wwwroot/coinceeper.com/CC/venv/lib64/python3.9/site-packages/web3/manager.py", line 163, in _make_request
    return request_func(method, params)
  File "/www/wwwroot/coinceeper.com/CC/venv/lib64/python3.9/site-packages/web3/middleware/base.py", line 56, in middleware
    return self.response_processor(method, make_request(method, params))
  File "/www/wwwroot/coinceeper.com/CC/venv/lib64/python3.9/site-packages/web3/middleware/base.py", line 56, in middleware
    return self.response_processor(method, make_request(method, params))
  File "/www/wwwroot/coinceeper.com/CC/venv/lib64/python3.9/site-packages/web3/middleware/base.py", line 56, in middleware
    return self.response_processor(method, make_request(method, params))
  [Previous line repeated 2 more times]
  File "/www/wwwroot/coinceeper.com/CC/venv/lib64/python3.9/site-packages/web3/_utils/caching/caching_utils.py", line 261, in wrapper
    return func(provider, method, params)
  File "/www/wwwroot/coinceeper.com/CC/venv/lib64/python3.9/site-packages/web3/providers/rpc/rpc.py", line 170, in make_request
    raw_response = self._make_request(method, request_data)
  File "/www/wwwroot/coinceeper.com/CC/venv/lib64/python3.9/site-packages/web3/providers/rpc/rpc.py", line 157, in _make_request
    raise e
  File "/www/wwwroot/coinceeper.com/CC/venv/lib64/python3.9/site-packages/web3/providers/rpc/rpc.py", line 147, in _make_request
    return self._request_session_manager.make_post_request(
  File "/www/wwwroot/coinceeper.com/CC/venv/lib64/python3.9/site-packages/web3/_utils/http_session_manager.py", line 148, in make_post_request
    response.raise_for_status()
  File "/www/wwwroot/coinceeper.com/CC/venv/lib64/python3.9/site-packages/requests/models.py", line 1024, in raise_for_status
    raise HTTPError(http_error_msg, response=self)
requests.exceptions.HTTPError: 429 Client Error: Too Many Requests for url: https://mainnet.infura.io/v3/a8ab43a04ce044de988a838d92f478a7
2025-07-23 23:39:45 - balance_service - ERROR - خطا در استفاده از API جایگزین 8: HTTPSConnectionPool(host='api.tronstation.io', port=443): Max retries exceeded with url: /v1/accounts/TCQXjNktAPr959ku67NYvnohgfL7s4KzhG/tokens (Caused by NameResolutionError("<urllib3.connection.HTTPSConnection object at 0x7fdcd4312b80>: Failed to resolve 'api.tronstation.io' ([Errno -2] Name or service not known)"))
2025-07-23 23:40:43 - balance_service - WARNING - No native currency found for blockchain Bitcoin
2025-07-23 23:40:43 - balance_service - WARNING - No native currency found for blockchain Avalanche
2025-07-23 23:40:43 - balance_service - WARNING - No native currency found for blockchain Arbitrum
2025-07-23 23:40:43 - balance_service - WARNING - No native currency found for blockchain Polkadot
2025-07-23 23:40:43 - balance_service - WARNING - خطا در دریافت موجودی TRC20 با API اصلی: 404 - {"timestamp":"2025-07-23T23:40:43.779+00:00","status":404,"error":"Not Found","path":"/v1/accounts/TVK4WhQj4Zcq8VEEF68JYUSETgz7TZJ146/tokens"}
2025-07-23 23:40:44 - balance_service - WARNING - خطا در دریافت موجودی TRC20 با API اصلی: 404 - {"timestamp":"2025-07-23T23:40:44.033+00:00","status":404,"error":"Not Found","path":"/v1/accounts/TVK4WhQj4Zcq8VEEF68JYUSETgz7TZJ146/tokens"}
2025-07-23 23:40:44 - balance_service - ERROR - Error getting EVM token balance on Avalanche: when sending a str, it must be a hex string. Got: 'FvwEAhmxKfeiG8SnEvq42hc6whRyY3EFYAvebMqDNDGCgxN5Z'
Traceback (most recent call last):
  File "/www/wwwroot/coinceeper.com/CC/services/balance_service.py", line 157, in get_token_balance
    address=Web3.to_checksum_address(contract_address),
  File "/www/wwwroot/coinceeper.com/CC/venv/lib64/python3.9/site-packages/web3/main.py", line 268, in to_checksum_address
    return to_checksum_address(value)
  File "/www/wwwroot/coinceeper.com/CC/venv/lib64/python3.9/site-packages/eth_utils/address.py", line 129, in to_checksum_address
    norm_address = to_normalized_address(value)
  File "/www/wwwroot/coinceeper.com/CC/venv/lib64/python3.9/site-packages/eth_utils/address.py", line 73, in to_normalized_address
    hex_address = hexstr_if_str(to_hex, value).lower()
  File "/www/wwwroot/coinceeper.com/CC/venv/lib64/python3.9/site-packages/eth_utils/conversions.py", line 195, in hexstr_if_str
    raise ValueError(
ValueError: when sending a str, it must be a hex string. Got: 'FvwEAhmxKfeiG8SnEvq42hc6whRyY3EFYAvebMqDNDGCgxN5Z'
2025-07-23 23:40:44 - balance_service - WARNING - خطا در دریافت موجودی TRC20 با API اصلی: 404 - {"timestamp":"2025-07-23T23:40:44.666+00:00","status":404,"error":"Not Found","path":"/v1/accounts/TVK4WhQj4Zcq8VEEF68JYUSETgz7TZJ146/tokens"}
2025-07-23 23:40:45 - balance_service - ERROR - خطا در استفاده از API جایگزین 8: HTTPSConnectionPool(host='api.tronstation.io', port=443): Max retries exceeded with url: /v1/accounts/TVK4WhQj4Zcq8VEEF68JYUSETgz7TZJ146/tokens (Caused by NameResolutionError("<urllib3.connection.HTTPSConnection object at 0x7fdcd4150ca0>: Failed to resolve 'api.tronstation.io' ([Errno -2] Name or service not known)"))
2025-07-23 23:40:45 - balance_service - ERROR - خطا در استفاده از API جایگزین 8: HTTPSConnectionPool(host='api.tronstation.io', port=443): Max retries exceeded with url: /v1/accounts/TVK4WhQj4Zcq8VEEF68JYUSETgz7TZJ146/tokens (Caused by NameResolutionError("<urllib3.connection.HTTPSConnection object at 0x7fdcd462e460>: Failed to resolve 'api.tronstation.io' ([Errno -2] Name or service not known)"))
2025-07-23 23:40:46 - balance_service - ERROR - خطا در استفاده از API جایگزین 8: HTTPSConnectionPool(host='api.tronstation.io', port=443): Max retries exceeded with url: /v1/accounts/TVK4WhQj4Zcq8VEEF68JYUSETgz7TZJ146/tokens (Caused by NameResolutionError("<urllib3.connection.HTTPSConnection object at 0x7fdcd41c1790>: Failed to resolve 'api.tronstation.io' ([Errno -2] Name or service not known)"))
2025-07-23 23:40:55 - balance_service - WARNING - No native currency found for blockchain Bitcoin
2025-07-23 23:40:55 - balance_service - WARNING - No native currency found for blockchain Avalanche
2025-07-23 23:40:55 - balance_service - WARNING - No native currency found for blockchain Arbitrum
2025-07-23 23:40:55 - balance_service - WARNING - No native currency found for blockchain Polkadot
2025-07-23 23:40:55 - balance_service - WARNING - خطا در دریافت موجودی TRC20 با API اصلی: 404 - {"timestamp":"2025-07-23T23:40:55.724+00:00","status":404,"error":"Not Found","path":"/v1/accounts/TVK4WhQj4Zcq8VEEF68JYUSETgz7TZJ146/tokens"}
2025-07-23 23:40:55 - balance_service - WARNING - خطا در دریافت موجودی TRC20 با API اصلی: 404 - {"timestamp":"2025-07-23T23:40:55.940+00:00","status":404,"error":"Not Found","path":"/v1/accounts/TVK4WhQj4Zcq8VEEF68JYUSETgz7TZJ146/tokens"}
2025-07-23 23:40:56 - balance_service - ERROR - Error getting EVM token balance on Avalanche: when sending a str, it must be a hex string. Got: 'FvwEAhmxKfeiG8SnEvq42hc6whRyY3EFYAvebMqDNDGCgxN5Z'
Traceback (most recent call last):
  File "/www/wwwroot/coinceeper.com/CC/services/balance_service.py", line 157, in get_token_balance
    address=Web3.to_checksum_address(contract_address),
  File "/www/wwwroot/coinceeper.com/CC/venv/lib64/python3.9/site-packages/web3/main.py", line 268, in to_checksum_address
    return to_checksum_address(value)
  File "/www/wwwroot/coinceeper.com/CC/venv/lib64/python3.9/site-packages/eth_utils/address.py", line 129, in to_checksum_address
    norm_address = to_normalized_address(value)
  File "/www/wwwroot/coinceeper.com/CC/venv/lib64/python3.9/site-packages/eth_utils/address.py", line 73, in to_normalized_address
    hex_address = hexstr_if_str(to_hex, value).lower()
  File "/www/wwwroot/coinceeper.com/CC/venv/lib64/python3.9/site-packages/eth_utils/conversions.py", line 195, in hexstr_if_str
    raise ValueError(
ValueError: when sending a str, it must be a hex string. Got: 'FvwEAhmxKfeiG8SnEvq42hc6whRyY3EFYAvebMqDNDGCgxN5Z'
2025-07-23 23:40:56 - balance_service - WARNING - خطا در دریافت موجودی TRC20 با API اصلی: 404 - {"timestamp":"2025-07-23T23:40:56.630+00:00","status":404,"error":"Not Found","path":"/v1/accounts/TVK4WhQj4Zcq8VEEF68JYUSETgz7TZJ146/tokens"}
2025-07-23 23:40:57 - balance_service - ERROR - خطا در استفاده از API جایگزین 8: HTTPSConnectionPool(host='api.tronstation.io', port=443): Max retries exceeded with url: /v1/accounts/TVK4WhQj4Zcq8VEEF68JYUSETgz7TZJ146/tokens (Caused by NameResolutionError("<urllib3.connection.HTTPSConnection object at 0x7fdcd40d16a0>: Failed to resolve 'api.tronstation.io' ([Errno -2] Name or service not known)"))
2025-07-23 23:40:57 - balance_service - ERROR - خطا در استفاده از API جایگزین 8: HTTPSConnectionPool(host='api.tronstation.io', port=443): Max retries exceeded with url: /v1/accounts/TVK4WhQj4Zcq8VEEF68JYUSETgz7TZJ146/tokens (Caused by NameResolutionError("<urllib3.connection.HTTPSConnection object at 0x7fdcd4169fa0>: Failed to resolve 'api.tronstation.io' ([Errno -2] Name or service not known)"))
2025-07-23 23:40:58 - balance_service - ERROR - خطا در استفاده از API جایگزین 8: HTTPSConnectionPool(host='api.tronstation.io', port=443): Max retries exceeded with url: /v1/accounts/TVK4WhQj4Zcq8VEEF68JYUSETgz7TZJ146/tokens (Caused by NameResolutionError("<urllib3.connection.HTTPSConnection object at 0x7fdcd4138220>: Failed to resolve 'api.tronstation.io' ([Errno -2] Name or service not known)"))
2025-07-23 23:41:09 - balance_service - WARNING - No native currency found for blockchain Bitcoin
2025-07-23 23:41:09 - balance_service - WARNING - No native currency found for blockchain Avalanche
2025-07-23 23:41:09 - balance_service - WARNING - No native currency found for blockchain Arbitrum
2025-07-23 23:41:09 - balance_service - WARNING - No native currency found for blockchain Polkadot
2025-07-23 23:41:09 - balance_service - WARNING - خطا در دریافت موجودی TRC20 با API اصلی: 404 - {"timestamp":"2025-07-23T23:41:09.613+00:00","status":404,"error":"Not Found","path":"/v1/accounts/TVK4WhQj4Zcq8VEEF68JYUSETgz7TZJ146/tokens"}
2025-07-23 23:41:09 - balance_service - WARNING - خطا در دریافت موجودی TRC20 با API اصلی: 404 - {"timestamp":"2025-07-23T23:41:09.836+00:00","status":404,"error":"Not Found","path":"/v1/accounts/TVK4WhQj4Zcq8VEEF68JYUSETgz7TZJ146/tokens"}
2025-07-23 23:41:10 - balance_service - WARNING - خطا در دریافت موجودی TRC20 با API اصلی: 404 - {"timestamp":"2025-07-23T23:41:10.293+00:00","status":404,"error":"Not Found","path":"/v1/accounts/TVK4WhQj4Zcq8VEEF68JYUSETgz7TZJ146/tokens"}
2025-07-23 23:41:10 - balance_service - ERROR - Error getting EVM token balance on Avalanche: when sending a str, it must be a hex string. Got: 'FvwEAhmxKfeiG8SnEvq42hc6whRyY3EFYAvebMqDNDGCgxN5Z'
Traceback (most recent call last):
  File "/www/wwwroot/coinceeper.com/CC/services/balance_service.py", line 157, in get_token_balance
    address=Web3.to_checksum_address(contract_address),
  File "/www/wwwroot/coinceeper.com/CC/venv/lib64/python3.9/site-packages/web3/main.py", line 268, in to_checksum_address
    return to_checksum_address(value)
  File "/www/wwwroot/coinceeper.com/CC/venv/lib64/python3.9/site-packages/eth_utils/address.py", line 129, in to_checksum_address
    norm_address = to_normalized_address(value)
  File "/www/wwwroot/coinceeper.com/CC/venv/lib64/python3.9/site-packages/eth_utils/address.py", line 73, in to_normalized_address
    hex_address = hexstr_if_str(to_hex, value).lower()
  File "/www/wwwroot/coinceeper.com/CC/venv/lib64/python3.9/site-packages/eth_utils/conversions.py", line 195, in hexstr_if_str
    raise ValueError(
ValueError: when sending a str, it must be a hex string. Got: 'FvwEAhmxKfeiG8SnEvq42hc6whRyY3EFYAvebMqDNDGCgxN5Z'
2025-07-23 23:41:11 - balance_service - ERROR - خطا در استفاده از API جایگزین 8: HTTPSConnectionPool(host='api.tronstation.io', port=443): Max retries exceeded with url: /v1/accounts/TVK4WhQj4Zcq8VEEF68JYUSETgz7TZJ146/tokens (Caused by NameResolutionError("<urllib3.connection.HTTPSConnection object at 0x7fdcd5896e80>: Failed to resolve 'api.tronstation.io' ([Errno -2] Name or service not known)"))
2025-07-23 23:41:11 - balance_service - ERROR - خطا در استفاده از API جایگزین 8: HTTPSConnectionPool(host='api.tronstation.io', port=443): Max retries exceeded with url: /v1/accounts/TVK4WhQj4Zcq8VEEF68JYUSETgz7TZJ146/tokens (Caused by NameResolutionError("<urllib3.connection.HTTPSConnection object at 0x7fdcd58fe100>: Failed to resolve 'api.tronstation.io' ([Errno -2] Name or service not known)"))
2025-07-23 23:41:11 - balance_service - ERROR - خطا در استفاده از API جایگزین 8: HTTPSConnectionPool(host='api.tronstation.io', port=443): Max retries exceeded with url: /v1/accounts/TVK4WhQj4Zcq8VEEF68JYUSETgz7TZJ146/tokens (Caused by NameResolutionError("<urllib3.connection.HTTPSConnection object at 0x7fdcd58c7f10>: Failed to resolve 'api.tronstation.io' ([Errno -2] Name or service not known)"))
2025-07-23 23:47:32 - balance_service - WARNING - No native currency found for blockchain Bitcoin
2025-07-23 23:47:32 - balance_service - WARNING - No native currency found for blockchain Avalanche
2025-07-23 23:47:32 - balance_service - WARNING - No native currency found for blockchain Arbitrum
2025-07-23 23:47:32 - balance_service - WARNING - No native currency found for blockchain Polkadot
2025-07-23 23:47:33 - balance_service - WARNING - خطا در دریافت موجودی TRC20 با API اصلی: 404 - {"timestamp":"2025-07-23T23:47:33.100+00:00","status":404,"error":"Not Found","path":"/v1/accounts/TMHUNgUnnCoQZbSk3qv3zwScRgAwmcmayH/tokens"}
2025-07-23 23:47:33 - balance_service - WARNING - خطا در دریافت موجودی TRC20 با API اصلی: 404 - {"timestamp":"2025-07-23T23:47:33.349+00:00","status":404,"error":"Not Found","path":"/v1/accounts/TMHUNgUnnCoQZbSk3qv3zwScRgAwmcmayH/tokens"}
2025-07-23 23:47:33 - balance_service - ERROR - Error getting EVM token balance on Avalanche: when sending a str, it must be a hex string. Got: 'FvwEAhmxKfeiG8SnEvq42hc6whRyY3EFYAvebMqDNDGCgxN5Z'
Traceback (most recent call last):
  File "/www/wwwroot/coinceeper.com/CC/services/balance_service.py", line 157, in get_token_balance
    address=Web3.to_checksum_address(contract_address),
  File "/www/wwwroot/coinceeper.com/CC/venv/lib64/python3.9/site-packages/web3/main.py", line 268, in to_checksum_address
    return to_checksum_address(value)
  File "/www/wwwroot/coinceeper.com/CC/venv/lib64/python3.9/site-packages/eth_utils/address.py", line 129, in to_checksum_address
    norm_address = to_normalized_address(value)
  File "/www/wwwroot/coinceeper.com/CC/venv/lib64/python3.9/site-packages/eth_utils/address.py", line 73, in to_normalized_address
    hex_address = hexstr_if_str(to_hex, value).lower()
  File "/www/wwwroot/coinceeper.com/CC/venv/lib64/python3.9/site-packages/eth_utils/conversions.py", line 195, in hexstr_if_str
    raise ValueError(
ValueError: when sending a str, it must be a hex string. Got: 'FvwEAhmxKfeiG8SnEvq42hc6whRyY3EFYAvebMqDNDGCgxN5Z'
2025-07-23 23:47:33 - balance_service - WARNING - خطا در دریافت موجودی TRC20 با API اصلی: 404 - {"timestamp":"2025-07-23T23:47:33.756+00:00","status":404,"error":"Not Found","path":"/v1/accounts/TMHUNgUnnCoQZbSk3qv3zwScRgAwmcmayH/tokens"}
2025-07-23 23:47:34 - balance_service - ERROR - خطا در استفاده از API جایگزین 8: HTTPSConnectionPool(host='api.tronstation.io', port=443): Max retries exceeded with url: /v1/accounts/TMHUNgUnnCoQZbSk3qv3zwScRgAwmcmayH/tokens (Caused by NameResolutionError("<urllib3.connection.HTTPSConnection object at 0x7fdcd46a87f0>: Failed to resolve 'api.tronstation.io' ([Errno -2] Name or service not known)"))
2025-07-23 23:47:35 - balance_service - ERROR - خطا در استفاده از API جایگزین 8: HTTPSConnectionPool(host='api.tronstation.io', port=443): Max retries exceeded with url: /v1/accounts/TMHUNgUnnCoQZbSk3qv3zwScRgAwmcmayH/tokens (Caused by NameResolutionError("<urllib3.connection.HTTPSConnection object at 0x7fdcd42ca0d0>: Failed to resolve 'api.tronstation.io' ([Errno -2] Name or service not known)"))
2025-07-23 23:47:35 - balance_service - ERROR - خطا در استفاده از API جایگزین 8: HTTPSConnectionPool(host='api.tronstation.io', port=443): Max retries exceeded with url: /v1/accounts/TMHUNgUnnCoQZbSk3qv3zwScRgAwmcmayH/tokens (Caused by NameResolutionError("<urllib3.connection.HTTPSConnection object at 0x7fdcd46a8dc0>: Failed to resolve 'api.tronstation.io' ([Errno -2] Name or service not known)"))
2025-07-23 23:47:44 - balance_service - WARNING - No native currency found for blockchain Bitcoin
2025-07-23 23:47:44 - balance_service - WARNING - No native currency found for blockchain Avalanche
2025-07-23 23:47:44 - balance_service - WARNING - No native currency found for blockchain Arbitrum
2025-07-23 23:47:44 - balance_service - WARNING - No native currency found for blockchain Polkadot
2025-07-23 23:47:45 - balance_service - WARNING - خطا در دریافت موجودی TRC20 با API اصلی: 404 - {"timestamp":"2025-07-23T23:47:45.086+00:00","status":404,"error":"Not Found","path":"/v1/accounts/TMHUNgUnnCoQZbSk3qv3zwScRgAwmcmayH/tokens"}
2025-07-23 23:47:45 - balance_service - WARNING - خطا در دریافت موجودی TRC20 با API اصلی: 404 - {"timestamp":"2025-07-23T23:47:45.271+00:00","status":404,"error":"Not Found","path":"/v1/accounts/TMHUNgUnnCoQZbSk3qv3zwScRgAwmcmayH/tokens"}
2025-07-23 23:47:45 - balance_service - ERROR - Error getting EVM token balance on Avalanche: when sending a str, it must be a hex string. Got: 'FvwEAhmxKfeiG8SnEvq42hc6whRyY3EFYAvebMqDNDGCgxN5Z'
Traceback (most recent call last):
  File "/www/wwwroot/coinceeper.com/CC/services/balance_service.py", line 157, in get_token_balance
    address=Web3.to_checksum_address(contract_address),
  File "/www/wwwroot/coinceeper.com/CC/venv/lib64/python3.9/site-packages/web3/main.py", line 268, in to_checksum_address
    return to_checksum_address(value)
  File "/www/wwwroot/coinceeper.com/CC/venv/lib64/python3.9/site-packages/eth_utils/address.py", line 129, in to_checksum_address
    norm_address = to_normalized_address(value)
  File "/www/wwwroot/coinceeper.com/CC/venv/lib64/python3.9/site-packages/eth_utils/address.py", line 73, in to_normalized_address
    hex_address = hexstr_if_str(to_hex, value).lower()
  File "/www/wwwroot/coinceeper.com/CC/venv/lib64/python3.9/site-packages/eth_utils/conversions.py", line 195, in hexstr_if_str
    raise ValueError(
ValueError: when sending a str, it must be a hex string. Got: 'FvwEAhmxKfeiG8SnEvq42hc6whRyY3EFYAvebMqDNDGCgxN5Z'
2025-07-23 23:47:45 - balance_service - WARNING - خطا در دریافت موجودی TRC20 با API اصلی: 404 - {"timestamp":"2025-07-23T23:47:45.752+00:00","status":404,"error":"Not Found","path":"/v1/accounts/TMHUNgUnnCoQZbSk3qv3zwScRgAwmcmayH/tokens"}
2025-07-23 23:47:46 - balance_service - ERROR - خطا در استفاده از API جایگزین 8: HTTPSConnectionPool(host='api.tronstation.io', port=443): Max retries exceeded with url: /v1/accounts/TMHUNgUnnCoQZbSk3qv3zwScRgAwmcmayH/tokens (Caused by NameResolutionError("<urllib3.connection.HTTPSConnection object at 0x7fdcd425a370>: Failed to resolve 'api.tronstation.io' ([Errno -2] Name or service not known)"))
2025-07-23 23:47:46 - balance_service - ERROR - خطا در استفاده از API جایگزین 8: HTTPSConnectionPool(host='api.tronstation.io', port=443): Max retries exceeded with url: /v1/accounts/TMHUNgUnnCoQZbSk3qv3zwScRgAwmcmayH/tokens (Caused by NameResolutionError("<urllib3.connection.HTTPSConnection object at 0x7fdcd58984c0>: Failed to resolve 'api.tronstation.io' ([Errno -2] Name or service not known)"))
2025-07-23 23:47:47 - balance_service - ERROR - خطا در استفاده از API جایگزین 8: HTTPSConnectionPool(host='api.tronstation.io', port=443): Max retries exceeded with url: /v1/accounts/TMHUNgUnnCoQZbSk3qv3zwScRgAwmcmayH/tokens (Caused by NameResolutionError("<urllib3.connection.HTTPSConnection object at 0x7fdcd7210b20>: Failed to resolve 'api.tronstation.io' ([Errno -2] Name or service not known)"))
2025-07-23 23:52:07 - balance_service - WARNING - No native currency found for blockchain Bitcoin
2025-07-23 23:52:07 - balance_service - WARNING - No native currency found for blockchain Avalanche
2025-07-23 23:52:07 - balance_service - WARNING - No native currency found for blockchain Arbitrum
2025-07-23 23:52:07 - balance_service - WARNING - No native currency found for blockchain Polkadot
2025-07-23 23:52:08 - balance_service - WARNING - خطا در دریافت موجودی TRC20 با API اصلی: 404 - {"timestamp":"2025-07-23T23:52:08.077+00:00","status":404,"error":"Not Found","path":"/v1/accounts/TWANZ78urbYZBJMotCzn56dvQVoLNrMCFZ/tokens"}
2025-07-23 23:52:08 - balance_service - WARNING - خطا در دریافت موجودی TRC20 با API اصلی: 404 - {"timestamp":"2025-07-23T23:52:08.340+00:00","status":404,"error":"Not Found","path":"/v1/accounts/TWANZ78urbYZBJMotCzn56dvQVoLNrMCFZ/tokens"}
2025-07-23 23:52:08 - balance_service - ERROR - Error getting EVM token balance on Avalanche: when sending a str, it must be a hex string. Got: 'FvwEAhmxKfeiG8SnEvq42hc6whRyY3EFYAvebMqDNDGCgxN5Z'
Traceback (most recent call last):
  File "/www/wwwroot/coinceeper.com/CC/services/balance_service.py", line 157, in get_token_balance
    address=Web3.to_checksum_address(contract_address),
  File "/www/wwwroot/coinceeper.com/CC/venv/lib64/python3.9/site-packages/web3/main.py", line 268, in to_checksum_address
    return to_checksum_address(value)
  File "/www/wwwroot/coinceeper.com/CC/venv/lib64/python3.9/site-packages/eth_utils/address.py", line 129, in to_checksum_address
    norm_address = to_normalized_address(value)
  File "/www/wwwroot/coinceeper.com/CC/venv/lib64/python3.9/site-packages/eth_utils/address.py", line 73, in to_normalized_address
    hex_address = hexstr_if_str(to_hex, value).lower()
  File "/www/wwwroot/coinceeper.com/CC/venv/lib64/python3.9/site-packages/eth_utils/conversions.py", line 195, in hexstr_if_str
    raise ValueError(
ValueError: when sending a str, it must be a hex string. Got: 'FvwEAhmxKfeiG8SnEvq42hc6whRyY3EFYAvebMqDNDGCgxN5Z'
2025-07-23 23:52:08 - balance_service - WARNING - خطا در دریافت موجودی TRC20 با API اصلی: 404 - {"timestamp":"2025-07-23T23:52:08.721+00:00","status":404,"error":"Not Found","path":"/v1/accounts/TWANZ78urbYZBJMotCzn56dvQVoLNrMCFZ/tokens"}
2025-07-23 23:52:09 - balance_service - ERROR - خطا در استفاده از API جایگزین 8: HTTPSConnectionPool(host='api.tronstation.io', port=443): Max retries exceeded with url: /v1/accounts/TWANZ78urbYZBJMotCzn56dvQVoLNrMCFZ/tokens (Caused by NameResolutionError("<urllib3.connection.HTTPSConnection object at 0x7fdcd41b2730>: Failed to resolve 'api.tronstation.io' ([Errno -2] Name or service not known)"))
2025-07-23 23:52:10 - balance_service - ERROR - خطا در استفاده از API جایگزین 8: HTTPSConnectionPool(host='api.tronstation.io', port=443): Max retries exceeded with url: /v1/accounts/TWANZ78urbYZBJMotCzn56dvQVoLNrMCFZ/tokens (Caused by NameResolutionError("<urllib3.connection.HTTPSConnection object at 0x7fdcd41fdc10>: Failed to resolve 'api.tronstation.io' ([Errno -2] Name or service not known)"))
2025-07-23 23:52:10 - balance_service - ERROR - خطا در استفاده از API جایگزین 8: HTTPSConnectionPool(host='api.tronstation.io', port=443): Max retries exceeded with url: /v1/accounts/TWANZ78urbYZBJMotCzn56dvQVoLNrMCFZ/tokens (Caused by NameResolutionError("<urllib3.connection.HTTPSConnection object at 0x7fdcd43129d0>: Failed to resolve 'api.tronstation.io' ([Errno -2] Name or service not known)"))
2025-07-23 23:53:12 - balance_service - WARNING - No native currency found for blockchain Bitcoin
2025-07-23 23:53:12 - balance_service - WARNING - No native currency found for blockchain Avalanche
2025-07-23 23:53:12 - balance_service - WARNING - No native currency found for blockchain Arbitrum
2025-07-23 23:53:12 - balance_service - WARNING - No native currency found for blockchain Polkadot
2025-07-23 23:53:12 - balance_service - WARNING - خطا در دریافت موجودی TRC20 با API اصلی: 404 - {"timestamp":"2025-07-23T23:53:12.813+00:00","status":404,"error":"Not Found","path":"/v1/accounts/TY2JRsvCAXh7tSX8XijP8HqeXpKExcVfac/tokens"}
2025-07-23 23:53:13 - balance_service - WARNING - خطا در دریافت موجودی TRC20 با API اصلی: 404 - {"timestamp":"2025-07-23T23:53:12.986+00:00","status":404,"error":"Not Found","path":"/v1/accounts/TY2JRsvCAXh7tSX8XijP8HqeXpKExcVfac/tokens"}
2025-07-23 23:53:13 - balance_service - ERROR - Error getting EVM token balance on Avalanche: when sending a str, it must be a hex string. Got: 'FvwEAhmxKfeiG8SnEvq42hc6whRyY3EFYAvebMqDNDGCgxN5Z'
Traceback (most recent call last):
  File "/www/wwwroot/coinceeper.com/CC/services/balance_service.py", line 157, in get_token_balance
    address=Web3.to_checksum_address(contract_address),
  File "/www/wwwroot/coinceeper.com/CC/venv/lib64/python3.9/site-packages/web3/main.py", line 268, in to_checksum_address
    return to_checksum_address(value)
  File "/www/wwwroot/coinceeper.com/CC/venv/lib64/python3.9/site-packages/eth_utils/address.py", line 129, in to_checksum_address
    norm_address = to_normalized_address(value)
  File "/www/wwwroot/coinceeper.com/CC/venv/lib64/python3.9/site-packages/eth_utils/address.py", line 73, in to_normalized_address
    hex_address = hexstr_if_str(to_hex, value).lower()
  File "/www/wwwroot/coinceeper.com/CC/venv/lib64/python3.9/site-packages/eth_utils/conversions.py", line 195, in hexstr_if_str
    raise ValueError(
ValueError: when sending a str, it must be a hex string. Got: 'FvwEAhmxKfeiG8SnEvq42hc6whRyY3EFYAvebMqDNDGCgxN5Z'
2025-07-23 23:53:13 - balance_service - WARNING - خطا در دریافت موجودی TRC20 با API اصلی: 404 - {"timestamp":"2025-07-23T23:53:13.673+00:00","status":404,"error":"Not Found","path":"/v1/accounts/TY2JRsvCAXh7tSX8XijP8HqeXpKExcVfac/tokens"}
2025-07-23 23:53:14 - balance_service - ERROR - خطا در استفاده از API جایگزین 8: HTTPSConnectionPool(host='api.tronstation.io', port=443): Max retries exceeded with url: /v1/accounts/TY2JRsvCAXh7tSX8XijP8HqeXpKExcVfac/tokens (Caused by NameResolutionError("<urllib3.connection.HTTPSConnection object at 0x7fdcd5a2e670>: Failed to resolve 'api.tronstation.io' ([Errno -2] Name or service not known)"))
2025-07-23 23:53:14 - balance_service - ERROR - خطا در استفاده از API جایگزین 8: HTTPSConnectionPool(host='api.tronstation.io', port=443): Max retries exceeded with url: /v1/accounts/TY2JRsvCAXh7tSX8XijP8HqeXpKExcVfac/tokens (Caused by NameResolutionError("<urllib3.connection.HTTPSConnection object at 0x7fdcd5a00640>: Failed to resolve 'api.tronstation.io' ([Errno -2] Name or service not known)"))
2025-07-23 23:53:15 - balance_service - ERROR - خطا در استفاده از API جایگزین 8: HTTPSConnectionPool(host='api.tronstation.io', port=443): Max retries exceeded with url: /v1/accounts/TY2JRsvCAXh7tSX8XijP8HqeXpKExcVfac/tokens (Caused by NameResolutionError("<urllib3.connection.HTTPSConnection object at 0x7fdcd5a0a340>: Failed to resolve 'api.tronstation.io' ([Errno -2] Name or service not known)"))
2025-07-23 23:54:45 - balance_service - WARNING - No native currency found for blockchain Bitcoin
2025-07-23 23:54:45 - balance_service - WARNING - No native currency found for blockchain Avalanche
2025-07-23 23:54:45 - balance_service - WARNING - No native currency found for blockchain Arbitrum
2025-07-23 23:54:45 - balance_service - WARNING - No native currency found for blockchain Polkadot
2025-07-23 23:54:46 - balance_service - WARNING - خطا در دریافت موجودی TRC20 با API اصلی: 404 - {"timestamp":"2025-07-23T23:54:46.572+00:00","status":404,"error":"Not Found","path":"/v1/accounts/TFta3RqMkNHC1fj6vrKLHehEcBo88P7yZA/tokens"}
2025-07-23 23:54:46 - balance_service - WARNING - خطا در دریافت موجودی TRC20 با API اصلی: 404 - {"timestamp":"2025-07-23T23:54:46.801+00:00","status":404,"error":"Not Found","path":"/v1/accounts/TFta3RqMkNHC1fj6vrKLHehEcBo88P7yZA/tokens"}
2025-07-23 23:54:47 - balance_service - ERROR - Error getting EVM token balance on Avalanche: when sending a str, it must be a hex string. Got: 'FvwEAhmxKfeiG8SnEvq42hc6whRyY3EFYAvebMqDNDGCgxN5Z'
Traceback (most recent call last):
  File "/www/wwwroot/coinceeper.com/CC/services/balance_service.py", line 157, in get_token_balance
    address=Web3.to_checksum_address(contract_address),
  File "/www/wwwroot/coinceeper.com/CC/venv/lib64/python3.9/site-packages/web3/main.py", line 268, in to_checksum_address
    return to_checksum_address(value)
  File "/www/wwwroot/coinceeper.com/CC/venv/lib64/python3.9/site-packages/eth_utils/address.py", line 129, in to_checksum_address
    norm_address = to_normalized_address(value)
  File "/www/wwwroot/coinceeper.com/CC/venv/lib64/python3.9/site-packages/eth_utils/address.py", line 73, in to_normalized_address
    hex_address = hexstr_if_str(to_hex, value).lower()
  File "/www/wwwroot/coinceeper.com/CC/venv/lib64/python3.9/site-packages/eth_utils/conversions.py", line 195, in hexstr_if_str
    raise ValueError(
ValueError: when sending a str, it must be a hex string. Got: 'FvwEAhmxKfeiG8SnEvq42hc6whRyY3EFYAvebMqDNDGCgxN5Z'
2025-07-23 23:54:47 - balance_service - WARNING - خطا در دریافت موجودی TRC20 با API اصلی: 404 - {"timestamp":"2025-07-23T23:54:47.273+00:00","status":404,"error":"Not Found","path":"/v1/accounts/TFta3RqMkNHC1fj6vrKLHehEcBo88P7yZA/tokens"}
2025-07-23 23:54:48 - balance_service - ERROR - خطا در استفاده از API جایگزین 8: HTTPSConnectionPool(host='api.tronstation.io', port=443): Max retries exceeded with url: /v1/accounts/TFta3RqMkNHC1fj6vrKLHehEcBo88P7yZA/tokens (Caused by NameResolutionError("<urllib3.connection.HTTPSConnection object at 0x7fdcd52e1a60>: Failed to resolve 'api.tronstation.io' ([Errno -2] Name or service not known)"))
2025-07-23 23:54:48 - balance_service - ERROR - خطا در استفاده از API جایگزین 8: HTTPSConnectionPool(host='api.tronstation.io', port=443): Max retries exceeded with url: /v1/accounts/TFta3RqMkNHC1fj6vrKLHehEcBo88P7yZA/tokens (Caused by NameResolutionError("<urllib3.connection.HTTPSConnection object at 0x7fdcd52b0910>: Failed to resolve 'api.tronstation.io' ([Errno -2] Name or service not known)"))
2025-07-23 23:54:48 - balance_service - ERROR - خطا در استفاده از API جایگزین 8: HTTPSConnectionPool(host='api.tronstation.io', port=443): Max retries exceeded with url: /v1/accounts/TFta3RqMkNHC1fj6vrKLHehEcBo88P7yZA/tokens (Caused by NameResolutionError("<urllib3.connection.HTTPSConnection object at 0x7fdcd52707c0>: Failed to resolve 'api.tronstation.io' ([Errno -2] Name or service not known)"))
2025-07-24 00:00:36 - balance_service - WARNING - No native currency found for blockchain Bitcoin
2025-07-24 00:00:36 - balance_service - WARNING - No native currency found for blockchain Avalanche
2025-07-24 00:00:36 - balance_service - WARNING - No native currency found for blockchain Arbitrum
2025-07-24 00:00:36 - balance_service - WARNING - No native currency found for blockchain Polkadot
2025-07-24 00:00:37 - balance_service - WARNING - خطا در دریافت موجودی TRC20 با API اصلی: 404 - {"timestamp":"2025-07-24T00:00:37.016+00:00","status":404,"error":"Not Found","path":"/v1/accounts/TDPSdigeCFsGdykL77Jh8mLcryjQnMN6S1/tokens"}
2025-07-24 00:00:37 - balance_service - WARNING - خطا در دریافت موجودی TRC20 با API اصلی: 404 - {"timestamp":"2025-07-24T00:00:37.287+00:00","status":404,"error":"Not Found","path":"/v1/accounts/TDPSdigeCFsGdykL77Jh8mLcryjQnMN6S1/tokens"}
2025-07-24 00:00:37 - balance_service - WARNING - خطا در دریافت موجودی TRC20 با API اصلی: 404 - {"timestamp":"2025-07-24T00:00:37.688+00:00","status":404,"error":"Not Found","path":"/v1/accounts/TDPSdigeCFsGdykL77Jh8mLcryjQnMN6S1/tokens"}
2025-07-24 00:00:37 - balance_service - ERROR - Error getting EVM token balance on Avalanche: when sending a str, it must be a hex string. Got: 'FvwEAhmxKfeiG8SnEvq42hc6whRyY3EFYAvebMqDNDGCgxN5Z'
Traceback (most recent call last):
  File "/www/wwwroot/coinceeper.com/CC/services/balance_service.py", line 157, in get_token_balance
    address=Web3.to_checksum_address(contract_address),
  File "/www/wwwroot/coinceeper.com/CC/venv/lib64/python3.9/site-packages/web3/main.py", line 268, in to_checksum_address
    return to_checksum_address(value)
  File "/www/wwwroot/coinceeper.com/CC/venv/lib64/python3.9/site-packages/eth_utils/address.py", line 129, in to_checksum_address
    norm_address = to_normalized_address(value)
  File "/www/wwwroot/coinceeper.com/CC/venv/lib64/python3.9/site-packages/eth_utils/address.py", line 73, in to_normalized_address
    hex_address = hexstr_if_str(to_hex, value).lower()
  File "/www/wwwroot/coinceeper.com/CC/venv/lib64/python3.9/site-packages/eth_utils/conversions.py", line 195, in hexstr_if_str
    raise ValueError(
ValueError: when sending a str, it must be a hex string. Got: 'FvwEAhmxKfeiG8SnEvq42hc6whRyY3EFYAvebMqDNDGCgxN5Z'
2025-07-24 00:00:38 - balance_service - ERROR - خطا در استفاده از API جایگزین 8: HTTPSConnectionPool(host='api.tronstation.io', port=443): Max retries exceeded with url: /v1/accounts/TDPSdigeCFsGdykL77Jh8mLcryjQnMN6S1/tokens (Caused by NameResolutionError("<urllib3.connection.HTTPSConnection object at 0x7fdcd5b9cc10>: Failed to resolve 'api.tronstation.io' ([Errno -2] Name or service not known)"))
2025-07-24 00:00:39 - balance_service - ERROR - خطا در استفاده از API جایگزین 8: HTTPSConnectionPool(host='api.tronstation.io', port=443): Max retries exceeded with url: /v1/accounts/TDPSdigeCFsGdykL77Jh8mLcryjQnMN6S1/tokens (Caused by NameResolutionError("<urllib3.connection.HTTPSConnection object at 0x7fdcd5bb0640>: Failed to resolve 'api.tronstation.io' ([Errno -2] Name or service not known)"))
2025-07-24 00:00:39 - balance_service - ERROR - خطا در استفاده از API جایگزین 8: HTTPSConnectionPool(host='api.tronstation.io', port=443): Max retries exceeded with url: /v1/accounts/TDPSdigeCFsGdykL77Jh8mLcryjQnMN6S1/tokens (Caused by NameResolutionError("<urllib3.connection.HTTPSConnection object at 0x7fdcd5903400>: Failed to resolve 'api.tronstation.io' ([Errno -2] Name or service not known)"))
2025-07-24 00:02:12 - balance_service - WARNING - No native currency found for blockchain Bitcoin
2025-07-24 00:02:12 - balance_service - WARNING - No native currency found for blockchain Avalanche
2025-07-24 00:02:12 - balance_service - WARNING - No native currency found for blockchain Arbitrum
2025-07-24 00:02:12 - balance_service - WARNING - No native currency found for blockchain Polkadot
2025-07-24 00:02:13 - balance_service - WARNING - خطا در دریافت موجودی TRC20 با API اصلی: 404 - {"timestamp":"2025-07-24T00:02:13.379+00:00","status":404,"error":"Not Found","path":"/v1/accounts/TWvpU9mYpVPdk5ygJahiuxbLkipGvrkJug/tokens"}
2025-07-24 00:02:13 - balance_service - WARNING - خطا در دریافت موجودی TRC20 با API اصلی: 404 - {"timestamp":"2025-07-24T00:02:13.585+00:00","status":404,"error":"Not Found","path":"/v1/accounts/TWvpU9mYpVPdk5ygJahiuxbLkipGvrkJug/tokens"}
2025-07-24 00:02:14 - balance_service - ERROR - خطا در استفاده از API جایگزین 8: HTTPSConnectionPool(host='api.tronstation.io', port=443): Max retries exceeded with url: /v1/accounts/TWvpU9mYpVPdk5ygJahiuxbLkipGvrkJug/tokens (Caused by NameResolutionError("<urllib3.connection.HTTPSConnection object at 0x7fdcd41e28e0>: Failed to resolve 'api.tronstation.io' ([Errno -2] Name or service not known)"))
2025-07-24 00:02:14 - balance_service - ERROR - Error getting EVM token balance on Avalanche: when sending a str, it must be a hex string. Got: 'FvwEAhmxKfeiG8SnEvq42hc6whRyY3EFYAvebMqDNDGCgxN5Z'
Traceback (most recent call last):
  File "/www/wwwroot/coinceeper.com/CC/services/balance_service.py", line 157, in get_token_balance
    address=Web3.to_checksum_address(contract_address),
  File "/www/wwwroot/coinceeper.com/CC/venv/lib64/python3.9/site-packages/web3/main.py", line 268, in to_checksum_address
    return to_checksum_address(value)
  File "/www/wwwroot/coinceeper.com/CC/venv/lib64/python3.9/site-packages/eth_utils/address.py", line 129, in to_checksum_address
    norm_address = to_normalized_address(value)
  File "/www/wwwroot/coinceeper.com/CC/venv/lib64/python3.9/site-packages/eth_utils/address.py", line 73, in to_normalized_address
    hex_address = hexstr_if_str(to_hex, value).lower()
  File "/www/wwwroot/coinceeper.com/CC/venv/lib64/python3.9/site-packages/eth_utils/conversions.py", line 195, in hexstr_if_str
    raise ValueError(
ValueError: when sending a str, it must be a hex string. Got: 'FvwEAhmxKfeiG8SnEvq42hc6whRyY3EFYAvebMqDNDGCgxN5Z'
2025-07-24 00:02:15 - balance_service - WARNING - خطا در دریافت موجودی TRC20 با API اصلی: 404 - {"timestamp":"2025-07-24T00:02:14.994+00:00","status":404,"error":"Not Found","path":"/v1/accounts/TWvpU9mYpVPdk5ygJahiuxbLkipGvrkJug/tokens"}
2025-07-24 00:02:15 - balance_service - ERROR - خطا در استفاده از API جایگزین 8: HTTPSConnectionPool(host='api.tronstation.io', port=443): Max retries exceeded with url: /v1/accounts/TWvpU9mYpVPdk5ygJahiuxbLkipGvrkJug/tokens (Caused by NameResolutionError("<urllib3.connection.HTTPSConnection object at 0x7fdcd419ec40>: Failed to resolve 'api.tronstation.io' ([Errno -2] Name or service not known)"))
2025-07-24 00:02:16 - balance_service - ERROR - خطا در استفاده از API جایگزین 8: HTTPSConnectionPool(host='api.tronstation.io', port=443): Max retries exceeded with url: /v1/accounts/TWvpU9mYpVPdk5ygJahiuxbLkipGvrkJug/tokens (Caused by NameResolutionError("<urllib3.connection.HTTPSConnection object at 0x7fdcd452d550>: Failed to resolve 'api.tronstation.io' ([Errno -2] Name or service not known)"))
2025-07-24 00:02:32 - balance_service - WARNING - No native currency found for blockchain Bitcoin
2025-07-24 00:02:32 - balance_service - WARNING - No native currency found for blockchain Avalanche
2025-07-24 00:02:32 - balance_service - WARNING - No native currency found for blockchain Arbitrum
2025-07-24 00:02:32 - balance_service - WARNING - No native currency found for blockchain Polkadot
2025-07-24 00:02:32 - balance_service - WARNING - خطا در دریافت موجودی TRC20 با API اصلی: 404 - {"timestamp":"2025-07-24T00:02:32.598+00:00","status":404,"error":"Not Found","path":"/v1/accounts/TFDpFz54QhsEsKP999PA3at9bj9Cus9497/tokens"}
2025-07-24 00:02:32 - balance_service - WARNING - خطا در دریافت موجودی TRC20 با API اصلی: 404 - {"timestamp":"2025-07-24T00:02:32.817+00:00","status":404,"error":"Not Found","path":"/v1/accounts/TFDpFz54QhsEsKP999PA3at9bj9Cus9497/tokens"}
2025-07-24 00:02:33 - balance_service - WARNING - خطا در دریافت موجودی TRC20 با API اصلی: 404 - {"timestamp":"2025-07-24T00:02:33.259+00:00","status":404,"error":"Not Found","path":"/v1/accounts/TFDpFz54QhsEsKP999PA3at9bj9Cus9497/tokens"}
2025-07-24 00:02:33 - balance_service - ERROR - Error getting EVM token balance on Avalanche: when sending a str, it must be a hex string. Got: 'FvwEAhmxKfeiG8SnEvq42hc6whRyY3EFYAvebMqDNDGCgxN5Z'
Traceback (most recent call last):
  File "/www/wwwroot/coinceeper.com/CC/services/balance_service.py", line 157, in get_token_balance
    address=Web3.to_checksum_address(contract_address),
  File "/www/wwwroot/coinceeper.com/CC/venv/lib64/python3.9/site-packages/web3/main.py", line 268, in to_checksum_address
    return to_checksum_address(value)
  File "/www/wwwroot/coinceeper.com/CC/venv/lib64/python3.9/site-packages/eth_utils/address.py", line 129, in to_checksum_address
    norm_address = to_normalized_address(value)
  File "/www/wwwroot/coinceeper.com/CC/venv/lib64/python3.9/site-packages/eth_utils/address.py", line 73, in to_normalized_address
    hex_address = hexstr_if_str(to_hex, value).lower()
  File "/www/wwwroot/coinceeper.com/CC/venv/lib64/python3.9/site-packages/eth_utils/conversions.py", line 195, in hexstr_if_str
    raise ValueError(
ValueError: when sending a str, it must be a hex string. Got: 'FvwEAhmxKfeiG8SnEvq42hc6whRyY3EFYAvebMqDNDGCgxN5Z'
2025-07-24 00:02:34 - balance_service - ERROR - خطا در استفاده از API جایگزین 8: HTTPSConnectionPool(host='api.tronstation.io', port=443): Max retries exceeded with url: /v1/accounts/TFDpFz54QhsEsKP999PA3at9bj9Cus9497/tokens (Caused by NameResolutionError("<urllib3.connection.HTTPSConnection object at 0x7fdcd4459b20>: Failed to resolve 'api.tronstation.io' ([Errno -2] Name or service not known)"))
2025-07-24 00:02:34 - balance_service - ERROR - خطا در استفاده از API جایگزین 8: HTTPSConnectionPool(host='api.tronstation.io', port=443): Max retries exceeded with url: /v1/accounts/TFDpFz54QhsEsKP999PA3at9bj9Cus9497/tokens (Caused by NameResolutionError("<urllib3.connection.HTTPSConnection object at 0x7fdcd5b501f0>: Failed to resolve 'api.tronstation.io' ([Errno -2] Name or service not known)"))
2025-07-24 00:02:35 - balance_service - ERROR - خطا در استفاده از API جایگزین 8: HTTPSConnectionPool(host='api.tronstation.io', port=443): Max retries exceeded with url: /v1/accounts/TFDpFz54QhsEsKP999PA3at9bj9Cus9497/tokens (Caused by NameResolutionError("<urllib3.connection.HTTPSConnection object at 0x7fdcd482c280>: Failed to resolve 'api.tronstation.io' ([Errno -2] Name or service not known)"))
2025-07-24 00:10:08 - balance_service - WARNING - No native currency found for blockchain Bitcoin
2025-07-24 00:10:08 - balance_service - WARNING - No native currency found for blockchain Avalanche
2025-07-24 00:10:08 - balance_service - WARNING - No native currency found for blockchain Arbitrum
2025-07-24 00:10:08 - balance_service - WARNING - No native currency found for blockchain Polkadot
2025-07-24 00:10:09 - balance_service - WARNING - خطا در دریافت موجودی TRC20 با API اصلی: 404 - {"timestamp":"2025-07-24T00:10:09.208+00:00","status":404,"error":"Not Found","path":"/v1/accounts/TND8d8qjHs8Y8Xb1y2zuPbMp7GLWKHaiH3/tokens"}
2025-07-24 00:10:09 - balance_service - WARNING - خطا در دریافت موجودی TRC20 با API اصلی: 404 - {"timestamp":"2025-07-24T00:10:09.469+00:00","status":404,"error":"Not Found","path":"/v1/accounts/TND8d8qjHs8Y8Xb1y2zuPbMp7GLWKHaiH3/tokens"}
2025-07-24 00:10:09 - balance_service - ERROR - Error getting EVM token balance on Avalanche: when sending a str, it must be a hex string. Got: 'FvwEAhmxKfeiG8SnEvq42hc6whRyY3EFYAvebMqDNDGCgxN5Z'
Traceback (most recent call last):
  File "/www/wwwroot/coinceeper.com/CC/services/balance_service.py", line 157, in get_token_balance
    address=Web3.to_checksum_address(contract_address),
  File "/www/wwwroot/coinceeper.com/CC/venv/lib64/python3.9/site-packages/web3/main.py", line 268, in to_checksum_address
    return to_checksum_address(value)
  File "/www/wwwroot/coinceeper.com/CC/venv/lib64/python3.9/site-packages/eth_utils/address.py", line 129, in to_checksum_address
    norm_address = to_normalized_address(value)
  File "/www/wwwroot/coinceeper.com/CC/venv/lib64/python3.9/site-packages/eth_utils/address.py", line 73, in to_normalized_address
    hex_address = hexstr_if_str(to_hex, value).lower()
  File "/www/wwwroot/coinceeper.com/CC/venv/lib64/python3.9/site-packages/eth_utils/conversions.py", line 195, in hexstr_if_str
    raise ValueError(
ValueError: when sending a str, it must be a hex string. Got: 'FvwEAhmxKfeiG8SnEvq42hc6whRyY3EFYAvebMqDNDGCgxN5Z'
2025-07-24 00:10:09 - balance_service - WARNING - خطا در دریافت موجودی TRC20 با API اصلی: 404 - {"timestamp":"2025-07-24T00:10:09.899+00:00","status":404,"error":"Not Found","path":"/v1/accounts/TND8d8qjHs8Y8Xb1y2zuPbMp7GLWKHaiH3/tokens"}
2025-07-24 00:10:10 - balance_service - ERROR - خطا در استفاده از API جایگزین 8: HTTPSConnectionPool(host='api.tronstation.io', port=443): Max retries exceeded with url: /v1/accounts/TND8d8qjHs8Y8Xb1y2zuPbMp7GLWKHaiH3/tokens (Caused by NameResolutionError("<urllib3.connection.HTTPSConnection object at 0x7fdcd44dc610>: Failed to resolve 'api.tronstation.io' ([Errno -2] Name or service not known)"))
2025-07-24 00:10:11 - balance_service - ERROR - خطا در استفاده از API جایگزین 8: HTTPSConnectionPool(host='api.tronstation.io', port=443): Max retries exceeded with url: /v1/accounts/TND8d8qjHs8Y8Xb1y2zuPbMp7GLWKHaiH3/tokens (Caused by NameResolutionError("<urllib3.connection.HTTPSConnection object at 0x7fdcd46f4eb0>: Failed to resolve 'api.tronstation.io' ([Errno -2] Name or service not known)"))
2025-07-24 00:10:11 - balance_service - ERROR - خطا در استفاده از API جایگزین 8: HTTPSConnectionPool(host='api.tronstation.io', port=443): Max retries exceeded with url: /v1/accounts/TND8d8qjHs8Y8Xb1y2zuPbMp7GLWKHaiH3/tokens (Caused by NameResolutionError("<urllib3.connection.HTTPSConnection object at 0x7fdcd422f970>: Failed to resolve 'api.tronstation.io' ([Errno -2] Name or service not known)"))
2025-07-24 00:10:20 - balance_service - WARNING - No native currency found for blockchain Bitcoin
2025-07-24 00:10:20 - balance_service - WARNING - No native currency found for blockchain Avalanche
2025-07-24 00:10:20 - balance_service - WARNING - No native currency found for blockchain Arbitrum
2025-07-24 00:10:20 - balance_service - WARNING - No native currency found for blockchain Polkadot
2025-07-24 00:10:21 - balance_service - WARNING - خطا در دریافت موجودی TRC20 با API اصلی: 404 - {"timestamp":"2025-07-24T00:10:21.043+00:00","status":404,"error":"Not Found","path":"/v1/accounts/TND8d8qjHs8Y8Xb1y2zuPbMp7GLWKHaiH3/tokens"}
2025-07-24 00:10:21 - balance_service - WARNING - خطا در دریافت موجودی TRC20 با API اصلی: 404 - {"timestamp":"2025-07-24T00:10:21.266+00:00","status":404,"error":"Not Found","path":"/v1/accounts/TND8d8qjHs8Y8Xb1y2zuPbMp7GLWKHaiH3/tokens"}
2025-07-24 00:10:21 - balance_service - WARNING - خطا در دریافت موجودی TRC20 با API اصلی: 404 - {"timestamp":"2025-07-24T00:10:21.934+00:00","status":404,"error":"Not Found","path":"/v1/accounts/TND8d8qjHs8Y8Xb1y2zuPbMp7GLWKHaiH3/tokens"}
2025-07-24 00:10:22 - balance_service - ERROR - Error getting EVM token balance on Avalanche: when sending a str, it must be a hex string. Got: 'FvwEAhmxKfeiG8SnEvq42hc6whRyY3EFYAvebMqDNDGCgxN5Z'
Traceback (most recent call last):
  File "/www/wwwroot/coinceeper.com/CC/services/balance_service.py", line 157, in get_token_balance
    address=Web3.to_checksum_address(contract_address),
  File "/www/wwwroot/coinceeper.com/CC/venv/lib64/python3.9/site-packages/web3/main.py", line 268, in to_checksum_address
    return to_checksum_address(value)
  File "/www/wwwroot/coinceeper.com/CC/venv/lib64/python3.9/site-packages/eth_utils/address.py", line 129, in to_checksum_address
    norm_address = to_normalized_address(value)
  File "/www/wwwroot/coinceeper.com/CC/venv/lib64/python3.9/site-packages/eth_utils/address.py", line 73, in to_normalized_address
    hex_address = hexstr_if_str(to_hex, value).lower()
  File "/www/wwwroot/coinceeper.com/CC/venv/lib64/python3.9/site-packages/eth_utils/conversions.py", line 195, in hexstr_if_str
    raise ValueError(
ValueError: when sending a str, it must be a hex string. Got: 'FvwEAhmxKfeiG8SnEvq42hc6whRyY3EFYAvebMqDNDGCgxN5Z'
2025-07-24 00:10:22 - balance_service - ERROR - خطا در استفاده از API جایگزین 8: HTTPSConnectionPool(host='api.tronstation.io', port=443): Max retries exceeded with url: /v1/accounts/TND8d8qjHs8Y8Xb1y2zuPbMp7GLWKHaiH3/tokens (Caused by NameResolutionError("<urllib3.connection.HTTPSConnection object at 0x7fdcd4870970>: Failed to resolve 'api.tronstation.io' ([Errno -2] Name or service not known)"))
2025-07-24 00:10:23 - balance_service - ERROR - خطا در استفاده از API جایگزین 8: HTTPSConnectionPool(host='api.tronstation.io', port=443): Max retries exceeded with url: /v1/accounts/TND8d8qjHs8Y8Xb1y2zuPbMp7GLWKHaiH3/tokens (Caused by NameResolutionError("<urllib3.connection.HTTPSConnection object at 0x7fdcd4803880>: Failed to resolve 'api.tronstation.io' ([Errno -2] Name or service not known)"))
2025-07-24 00:10:23 - balance_service - ERROR - خطا در استفاده از API جایگزین 8: HTTPSConnectionPool(host='api.tronstation.io', port=443): Max retries exceeded with url: /v1/accounts/TND8d8qjHs8Y8Xb1y2zuPbMp7GLWKHaiH3/tokens (Caused by NameResolutionError("<urllib3.connection.HTTPSConnection object at 0x7fdcd4837190>: Failed to resolve 'api.tronstation.io' ([Errno -2] Name or service not known)"))
2025-07-24 00:10:34 - balance_service - WARNING - No native currency found for blockchain Bitcoin
2025-07-24 00:10:34 - balance_service - WARNING - No native currency found for blockchain Avalanche
2025-07-24 00:10:34 - balance_service - WARNING - No native currency found for blockchain Arbitrum
2025-07-24 00:10:34 - balance_service - WARNING - No native currency found for blockchain Polkadot
2025-07-24 00:10:35 - balance_service - WARNING - خطا در دریافت موجودی TRC20 با API اصلی: 404 - {"timestamp":"2025-07-24T00:10:35.086+00:00","status":404,"error":"Not Found","path":"/v1/accounts/TND8d8qjHs8Y8Xb1y2zuPbMp7GLWKHaiH3/tokens"}
2025-07-24 00:10:35 - balance_service - WARNING - خطا در دریافت موجودی TRC20 با API اصلی: 404 - {"timestamp":"2025-07-24T00:10:35.269+00:00","status":404,"error":"Not Found","path":"/v1/accounts/TND8d8qjHs8Y8Xb1y2zuPbMp7GLWKHaiH3/tokens"}
2025-07-24 00:10:35 - balance_service - ERROR - Error getting EVM token balance on Avalanche: when sending a str, it must be a hex string. Got: 'FvwEAhmxKfeiG8SnEvq42hc6whRyY3EFYAvebMqDNDGCgxN5Z'
Traceback (most recent call last):
  File "/www/wwwroot/coinceeper.com/CC/services/balance_service.py", line 157, in get_token_balance
    address=Web3.to_checksum_address(contract_address),
  File "/www/wwwroot/coinceeper.com/CC/venv/lib64/python3.9/site-packages/web3/main.py", line 268, in to_checksum_address
    return to_checksum_address(value)
  File "/www/wwwroot/coinceeper.com/CC/venv/lib64/python3.9/site-packages/eth_utils/address.py", line 129, in to_checksum_address
    norm_address = to_normalized_address(value)
  File "/www/wwwroot/coinceeper.com/CC/venv/lib64/python3.9/site-packages/eth_utils/address.py", line 73, in to_normalized_address
    hex_address = hexstr_if_str(to_hex, value).lower()
  File "/www/wwwroot/coinceeper.com/CC/venv/lib64/python3.9/site-packages/eth_utils/conversions.py", line 195, in hexstr_if_str
    raise ValueError(
ValueError: when sending a str, it must be a hex string. Got: 'FvwEAhmxKfeiG8SnEvq42hc6whRyY3EFYAvebMqDNDGCgxN5Z'
2025-07-24 00:10:36 - balance_service - WARNING - خطا در دریافت موجودی TRC20 با API اصلی: 404 - {"timestamp":"2025-07-24T00:10:35.972+00:00","status":404,"error":"Not Found","path":"/v1/accounts/TND8d8qjHs8Y8Xb1y2zuPbMp7GLWKHaiH3/tokens"}
2025-07-24 00:10:36 - balance_service - ERROR - خطا در استفاده از API جایگزین 8: HTTPSConnectionPool(host='api.tronstation.io', port=443): Max retries exceeded with url: /v1/accounts/TND8d8qjHs8Y8Xb1y2zuPbMp7GLWKHaiH3/tokens (Caused by NameResolutionError("<urllib3.connection.HTTPSConnection object at 0x7fdcd59884c0>: Failed to resolve 'api.tronstation.io' ([Errno -2] Name or service not known)"))
2025-07-24 00:10:37 - balance_service - ERROR - خطا در استفاده از API جایگزین 8: HTTPSConnectionPool(host='api.tronstation.io', port=443): Max retries exceeded with url: /v1/accounts/TND8d8qjHs8Y8Xb1y2zuPbMp7GLWKHaiH3/tokens (Caused by NameResolutionError("<urllib3.connection.HTTPSConnection object at 0x7fdcd5988910>: Failed to resolve 'api.tronstation.io' ([Errno -2] Name or service not known)"))
2025-07-24 00:10:37 - balance_service - ERROR - خطا در استفاده از API جایگزین 8: HTTPSConnectionPool(host='api.tronstation.io', port=443): Max retries exceeded with url: /v1/accounts/TND8d8qjHs8Y8Xb1y2zuPbMp7GLWKHaiH3/tokens (Caused by NameResolutionError("<urllib3.connection.HTTPSConnection object at 0x7fdcd543f4c0>: Failed to resolve 'api.tronstation.io' ([Errno -2] Name or service not known)"))
2025-07-24 00:10:55 - balance_service - WARNING - No native currency found for blockchain Bitcoin
2025-07-24 00:10:55 - balance_service - WARNING - No native currency found for blockchain Avalanche
2025-07-24 00:10:55 - balance_service - WARNING - No native currency found for blockchain Arbitrum
2025-07-24 00:10:55 - balance_service - WARNING - No native currency found for blockchain Polkadot
2025-07-24 00:10:56 - balance_service - WARNING - No native currency found for blockchain Bitcoin
2025-07-24 00:10:56 - balance_service - WARNING - No native currency found for blockchain Avalanche
2025-07-24 00:10:56 - balance_service - WARNING - No native currency found for blockchain Arbitrum
2025-07-24 00:10:56 - balance_service - WARNING - No native currency found for blockchain Polkadot
2025-07-24 00:10:56 - balance_service - WARNING - خطا در دریافت موجودی TRC20 با API اصلی: 404 - {"timestamp":"2025-07-24T00:10:56.345+00:00","status":404,"error":"Not Found","path":"/v1/accounts/TND8d8qjHs8Y8Xb1y2zuPbMp7GLWKHaiH3/tokens"}
2025-07-24 00:10:56 - balance_service - WARNING - خطا در دریافت موجودی TRC20 با API اصلی: 404 - {"timestamp":"2025-07-24T00:10:56.544+00:00","status":404,"error":"Not Found","path":"/v1/accounts/TND8d8qjHs8Y8Xb1y2zuPbMp7GLWKHaiH3/tokens"}
2025-07-24 00:10:56 - balance_service - WARNING - خطا در دریافت موجودی TRC20 با API اصلی: 404 - {"timestamp":"2025-07-24T00:10:56.642+00:00","status":404,"error":"Not Found","path":"/v1/accounts/TND8d8qjHs8Y8Xb1y2zuPbMp7GLWKHaiH3/tokens"}
2025-07-24 00:10:56 - balance_service - WARNING - خطا در دریافت موجودی TRC20 با API اصلی: 404 - {"timestamp":"2025-07-24T00:10:56.862+00:00","status":404,"error":"Not Found","path":"/v1/accounts/TND8d8qjHs8Y8Xb1y2zuPbMp7GLWKHaiH3/tokens"}
2025-07-24 00:10:57 - balance_service - WARNING - خطا در دریافت موجودی TRC20 با API اصلی: 404 - {"timestamp":"2025-07-24T00:10:56.966+00:00","status":404,"error":"Not Found","path":"/v1/accounts/TND8d8qjHs8Y8Xb1y2zuPbMp7GLWKHaiH3/tokens"}
2025-07-24 00:10:57 - balance_service - ERROR - Error getting EVM token balance on Avalanche: when sending a str, it must be a hex string. Got: 'FvwEAhmxKfeiG8SnEvq42hc6whRyY3EFYAvebMqDNDGCgxN5Z'
Traceback (most recent call last):
  File "/www/wwwroot/coinceeper.com/CC/services/balance_service.py", line 157, in get_token_balance
    address=Web3.to_checksum_address(contract_address),
  File "/www/wwwroot/coinceeper.com/CC/venv/lib64/python3.9/site-packages/web3/main.py", line 268, in to_checksum_address
    return to_checksum_address(value)
  File "/www/wwwroot/coinceeper.com/CC/venv/lib64/python3.9/site-packages/eth_utils/address.py", line 129, in to_checksum_address
    norm_address = to_normalized_address(value)
  File "/www/wwwroot/coinceeper.com/CC/venv/lib64/python3.9/site-packages/eth_utils/address.py", line 73, in to_normalized_address
    hex_address = hexstr_if_str(to_hex, value).lower()
  File "/www/wwwroot/coinceeper.com/CC/venv/lib64/python3.9/site-packages/eth_utils/conversions.py", line 195, in hexstr_if_str
    raise ValueError(
ValueError: when sending a str, it must be a hex string. Got: 'FvwEAhmxKfeiG8SnEvq42hc6whRyY3EFYAvebMqDNDGCgxN5Z'
2025-07-24 00:10:57 - balance_service - ERROR - Error getting EVM token balance on Avalanche: when sending a str, it must be a hex string. Got: 'FvwEAhmxKfeiG8SnEvq42hc6whRyY3EFYAvebMqDNDGCgxN5Z'
Traceback (most recent call last):
  File "/www/wwwroot/coinceeper.com/CC/services/balance_service.py", line 157, in get_token_balance
    address=Web3.to_checksum_address(contract_address),
  File "/www/wwwroot/coinceeper.com/CC/venv/lib64/python3.9/site-packages/web3/main.py", line 268, in to_checksum_address
    return to_checksum_address(value)
  File "/www/wwwroot/coinceeper.com/CC/venv/lib64/python3.9/site-packages/eth_utils/address.py", line 129, in to_checksum_address
    norm_address = to_normalized_address(value)
  File "/www/wwwroot/coinceeper.com/CC/venv/lib64/python3.9/site-packages/eth_utils/address.py", line 73, in to_normalized_address
    hex_address = hexstr_if_str(to_hex, value).lower()
  File "/www/wwwroot/coinceeper.com/CC/venv/lib64/python3.9/site-packages/eth_utils/conversions.py", line 195, in hexstr_if_str
    raise ValueError(
ValueError: when sending a str, it must be a hex string. Got: 'FvwEAhmxKfeiG8SnEvq42hc6whRyY3EFYAvebMqDNDGCgxN5Z'
2025-07-24 00:10:57 - balance_service - WARNING - خطا در دریافت موجودی TRC20 با API اصلی: 404 - {"timestamp":"2025-07-24T00:10:57.487+00:00","status":404,"error":"Not Found","path":"/v1/accounts/TND8d8qjHs8Y8Xb1y2zuPbMp7GLWKHaiH3/tokens"}
2025-07-24 00:10:57 - balance_service - ERROR - خطا در استفاده از API جایگزین 8: HTTPSConnectionPool(host='api.tronstation.io', port=443): Max retries exceeded with url: /v1/accounts/TND8d8qjHs8Y8Xb1y2zuPbMp7GLWKHaiH3/tokens (Caused by NameResolutionError("<urllib3.connection.HTTPSConnection object at 0x7fdcd4289ee0>: Failed to resolve 'api.tronstation.io' ([Errno -2] Name or service not known)"))
2025-07-24 00:10:58 - balance_service - ERROR - خطا در استفاده از API جایگزین 8: HTTPSConnectionPool(host='api.tronstation.io', port=443): Max retries exceeded with url: /v1/accounts/TND8d8qjHs8Y8Xb1y2zuPbMp7GLWKHaiH3/tokens (Caused by NameResolutionError("<urllib3.connection.HTTPSConnection object at 0x7fdcd5646940>: Failed to resolve 'api.tronstation.io' ([Errno -2] Name or service not known)"))
2025-07-24 00:10:58 - balance_service - ERROR - خطا در استفاده از API جایگزین 8: HTTPSConnectionPool(host='api.tronstation.io', port=443): Max retries exceeded with url: /v1/accounts/TND8d8qjHs8Y8Xb1y2zuPbMp7GLWKHaiH3/tokens (Caused by NameResolutionError("<urllib3.connection.HTTPSConnection object at 0x7fdcd5c53910>: Failed to resolve 'api.tronstation.io' ([Errno -2] Name or service not known)"))
2025-07-24 00:10:58 - balance_service - ERROR - خطا در استفاده از API جایگزین 8: HTTPSConnectionPool(host='api.tronstation.io', port=443): Max retries exceeded with url: /v1/accounts/TND8d8qjHs8Y8Xb1y2zuPbMp7GLWKHaiH3/tokens (Caused by NameResolutionError("<urllib3.connection.HTTPSConnection object at 0x7fdcd419f7f0>: Failed to resolve 'api.tronstation.io' ([Errno -2] Name or service not known)"))
2025-07-24 00:10:58 - balance_service - ERROR - خطا در استفاده از API جایگزین 8: HTTPSConnectionPool(host='api.tronstation.io', port=443): Max retries exceeded with url: /v1/accounts/TND8d8qjHs8Y8Xb1y2zuPbMp7GLWKHaiH3/tokens (Caused by NameResolutionError("<urllib3.connection.HTTPSConnection object at 0x7fdcd43cb1c0>: Failed to resolve 'api.tronstation.io' ([Errno -2] Name or service not known)"))
2025-07-24 00:10:59 - balance_service - ERROR - خطا در استفاده از API جایگزین 8: HTTPSConnectionPool(host='api.tronstation.io', port=443): Max retries exceeded with url: /v1/accounts/TND8d8qjHs8Y8Xb1y2zuPbMp7GLWKHaiH3/tokens (Caused by NameResolutionError("<urllib3.connection.HTTPSConnection object at 0x7fdcd5146490>: Failed to resolve 'api.tronstation.io' ([Errno -2] Name or service not known)"))
2025-07-24 00:11:05 - balance_service - WARNING - No native currency found for blockchain Bitcoin
2025-07-24 00:11:05 - balance_service - WARNING - No native currency found for blockchain Avalanche
2025-07-24 00:11:05 - balance_service - WARNING - No native currency found for blockchain Arbitrum
2025-07-24 00:11:05 - balance_service - WARNING - No native currency found for blockchain Polkadot
2025-07-24 00:11:06 - balance_service - WARNING - خطا در دریافت موجودی TRC20 با API اصلی: 404 - {"timestamp":"2025-07-24T00:11:06.252+00:00","status":404,"error":"Not Found","path":"/v1/accounts/TND8d8qjHs8Y8Xb1y2zuPbMp7GLWKHaiH3/tokens"}
2025-07-24 00:11:06 - balance_service - WARNING - خطا در دریافت موجودی TRC20 با API اصلی: 404 - {"timestamp":"2025-07-24T00:11:06.434+00:00","status":404,"error":"Not Found","path":"/v1/accounts/TND8d8qjHs8Y8Xb1y2zuPbMp7GLWKHaiH3/tokens"}
2025-07-24 00:11:06 - balance_service - WARNING - خطا در دریافت موجودی TRC20 با API اصلی: 404 - {"timestamp":"2025-07-24T00:11:06.921+00:00","status":404,"error":"Not Found","path":"/v1/accounts/TND8d8qjHs8Y8Xb1y2zuPbMp7GLWKHaiH3/tokens"}
2025-07-24 00:11:07 - balance_service - ERROR - Error getting EVM token balance on Avalanche: when sending a str, it must be a hex string. Got: 'FvwEAhmxKfeiG8SnEvq42hc6whRyY3EFYAvebMqDNDGCgxN5Z'
Traceback (most recent call last):
  File "/www/wwwroot/coinceeper.com/CC/services/balance_service.py", line 157, in get_token_balance
    address=Web3.to_checksum_address(contract_address),
  File "/www/wwwroot/coinceeper.com/CC/venv/lib64/python3.9/site-packages/web3/main.py", line 268, in to_checksum_address
    return to_checksum_address(value)
  File "/www/wwwroot/coinceeper.com/CC/venv/lib64/python3.9/site-packages/eth_utils/address.py", line 129, in to_checksum_address
    norm_address = to_normalized_address(value)
  File "/www/wwwroot/coinceeper.com/CC/venv/lib64/python3.9/site-packages/eth_utils/address.py", line 73, in to_normalized_address
    hex_address = hexstr_if_str(to_hex, value).lower()
  File "/www/wwwroot/coinceeper.com/CC/venv/lib64/python3.9/site-packages/eth_utils/conversions.py", line 195, in hexstr_if_str
    raise ValueError(
ValueError: when sending a str, it must be a hex string. Got: 'FvwEAhmxKfeiG8SnEvq42hc6whRyY3EFYAvebMqDNDGCgxN5Z'
2025-07-24 00:11:07 - balance_service - ERROR - خطا در استفاده از API جایگزین 8: HTTPSConnectionPool(host='api.tronstation.io', port=443): Max retries exceeded with url: /v1/accounts/TND8d8qjHs8Y8Xb1y2zuPbMp7GLWKHaiH3/tokens (Caused by NameResolutionError("<urllib3.connection.HTTPSConnection object at 0x7fdcd5c34f10>: Failed to resolve 'api.tronstation.io' ([Errno -2] Name or service not known)"))
2025-07-24 00:11:08 - balance_service - ERROR - خطا در استفاده از API جایگزین 8: HTTPSConnectionPool(host='api.tronstation.io', port=443): Max retries exceeded with url: /v1/accounts/TND8d8qjHs8Y8Xb1y2zuPbMp7GLWKHaiH3/tokens (Caused by NameResolutionError("<urllib3.connection.HTTPSConnection object at 0x7fdcd5b1beb0>: Failed to resolve 'api.tronstation.io' ([Errno -2] Name or service not known)"))
2025-07-24 00:11:08 - balance_service - ERROR - خطا در استفاده از API جایگزین 8: HTTPSConnectionPool(host='api.tronstation.io', port=443): Max retries exceeded with url: /v1/accounts/TND8d8qjHs8Y8Xb1y2zuPbMp7GLWKHaiH3/tokens (Caused by NameResolutionError("<urllib3.connection.HTTPSConnection object at 0x7fdcd5b46310>: Failed to resolve 'api.tronstation.io' ([Errno -2] Name or service not known)"))
2025-07-24 00:14:27 - balance_service - WARNING - No native currency found for blockchain Bitcoin
2025-07-24 00:14:27 - balance_service - WARNING - No native currency found for blockchain Avalanche
2025-07-24 00:14:27 - balance_service - WARNING - No native currency found for blockchain Arbitrum
2025-07-24 00:14:27 - balance_service - WARNING - No native currency found for blockchain Polkadot
2025-07-24 00:14:27 - balance_service - WARNING - خطا در دریافت موجودی TRC20 با API اصلی: 404 - {"timestamp":"2025-07-24T00:14:27.634+00:00","status":404,"error":"Not Found","path":"/v1/accounts/TLVQGdQNZnr7cPKSdvYvmPwAeFA4FUbRbq/tokens"}
2025-07-24 00:14:27 - balance_service - WARNING - خطا در دریافت موجودی TRC20 با API اصلی: 404 - {"timestamp":"2025-07-24T00:14:27.871+00:00","status":404,"error":"Not Found","path":"/v1/accounts/TLVQGdQNZnr7cPKSdvYvmPwAeFA4FUbRbq/tokens"}
2025-07-24 00:14:28 - balance_service - ERROR - Error getting EVM token balance on Avalanche: when sending a str, it must be a hex string. Got: 'FvwEAhmxKfeiG8SnEvq42hc6whRyY3EFYAvebMqDNDGCgxN5Z'
Traceback (most recent call last):
  File "/www/wwwroot/coinceeper.com/CC/services/balance_service.py", line 157, in get_token_balance
    address=Web3.to_checksum_address(contract_address),
  File "/www/wwwroot/coinceeper.com/CC/venv/lib64/python3.9/site-packages/web3/main.py", line 268, in to_checksum_address
    return to_checksum_address(value)
  File "/www/wwwroot/coinceeper.com/CC/venv/lib64/python3.9/site-packages/eth_utils/address.py", line 129, in to_checksum_address
    norm_address = to_normalized_address(value)
  File "/www/wwwroot/coinceeper.com/CC/venv/lib64/python3.9/site-packages/eth_utils/address.py", line 73, in to_normalized_address
    hex_address = hexstr_if_str(to_hex, value).lower()
  File "/www/wwwroot/coinceeper.com/CC/venv/lib64/python3.9/site-packages/eth_utils/conversions.py", line 195, in hexstr_if_str
    raise ValueError(
ValueError: when sending a str, it must be a hex string. Got: 'FvwEAhmxKfeiG8SnEvq42hc6whRyY3EFYAvebMqDNDGCgxN5Z'
2025-07-24 00:14:28 - balance_service - WARNING - خطا در دریافت موجودی TRC20 با API اصلی: 404 - {"timestamp":"2025-07-24T00:14:28.430+00:00","status":404,"error":"Not Found","path":"/v1/accounts/TLVQGdQNZnr7cPKSdvYvmPwAeFA4FUbRbq/tokens"}
2025-07-24 00:14:29 - balance_service - ERROR - خطا در استفاده از API جایگزین 8: HTTPSConnectionPool(host='api.tronstation.io', port=443): Max retries exceeded with url: /v1/accounts/TLVQGdQNZnr7cPKSdvYvmPwAeFA4FUbRbq/tokens (Caused by NameResolutionError("<urllib3.connection.HTTPSConnection object at 0x7fdcd5cc0b20>: Failed to resolve 'api.tronstation.io' ([Errno -2] Name or service not known)"))
2025-07-24 00:14:29 - balance_service - ERROR - خطا در استفاده از API جایگزین 8: HTTPSConnectionPool(host='api.tronstation.io', port=443): Max retries exceeded with url: /v1/accounts/TLVQGdQNZnr7cPKSdvYvmPwAeFA4FUbRbq/tokens (Caused by NameResolutionError("<urllib3.connection.HTTPSConnection object at 0x7fdcd72b3be0>: Failed to resolve 'api.tronstation.io' ([Errno -2] Name or service not known)"))
2025-07-24 00:14:30 - balance_service - ERROR - خطا در استفاده از API جایگزین 8: HTTPSConnectionPool(host='api.tronstation.io', port=443): Max retries exceeded with url: /v1/accounts/TLVQGdQNZnr7cPKSdvYvmPwAeFA4FUbRbq/tokens (Caused by NameResolutionError("<urllib3.connection.HTTPSConnection object at 0x7fdcd436d6a0>: Failed to resolve 'api.tronstation.io' ([Errno -2] Name or service not known)"))
2025-07-24 00:14:39 - balance_service - WARNING - No native currency found for blockchain Bitcoin
2025-07-24 00:14:39 - balance_service - WARNING - No native currency found for blockchain Avalanche
2025-07-24 00:14:39 - balance_service - WARNING - No native currency found for blockchain Arbitrum
2025-07-24 00:14:39 - balance_service - WARNING - No native currency found for blockchain Polkadot
2025-07-24 00:14:39 - balance_service - WARNING - خطا در دریافت موجودی TRC20 با API اصلی: 404 - {"timestamp":"2025-07-24T00:14:39.693+00:00","status":404,"error":"Not Found","path":"/v1/accounts/TLVQGdQNZnr7cPKSdvYvmPwAeFA4FUbRbq/tokens"}
2025-07-24 00:14:39 - balance_service - WARNING - خطا در دریافت موجودی TRC20 با API اصلی: 404 - {"timestamp":"2025-07-24T00:14:39.889+00:00","status":404,"error":"Not Found","path":"/v1/accounts/TLVQGdQNZnr7cPKSdvYvmPwAeFA4FUbRbq/tokens"}
2025-07-24 00:14:40 - balance_service - WARNING - خطا در دریافت موجودی TRC20 با API اصلی: 404 - {"timestamp":"2025-07-24T00:14:40.581+00:00","status":404,"error":"Not Found","path":"/v1/accounts/TLVQGdQNZnr7cPKSdvYvmPwAeFA4FUbRbq/tokens"}
2025-07-24 00:14:41 - balance_service - ERROR - Error getting EVM token balance on Avalanche: when sending a str, it must be a hex string. Got: 'FvwEAhmxKfeiG8SnEvq42hc6whRyY3EFYAvebMqDNDGCgxN5Z'
Traceback (most recent call last):
  File "/www/wwwroot/coinceeper.com/CC/services/balance_service.py", line 157, in get_token_balance
    address=Web3.to_checksum_address(contract_address),
  File "/www/wwwroot/coinceeper.com/CC/venv/lib64/python3.9/site-packages/web3/main.py", line 268, in to_checksum_address
    return to_checksum_address(value)
  File "/www/wwwroot/coinceeper.com/CC/venv/lib64/python3.9/site-packages/eth_utils/address.py", line 129, in to_checksum_address
    norm_address = to_normalized_address(value)
  File "/www/wwwroot/coinceeper.com/CC/venv/lib64/python3.9/site-packages/eth_utils/address.py", line 73, in to_normalized_address
    hex_address = hexstr_if_str(to_hex, value).lower()
  File "/www/wwwroot/coinceeper.com/CC/venv/lib64/python3.9/site-packages/eth_utils/conversions.py", line 195, in hexstr_if_str
    raise ValueError(
ValueError: when sending a str, it must be a hex string. Got: 'FvwEAhmxKfeiG8SnEvq42hc6whRyY3EFYAvebMqDNDGCgxN5Z'
2025-07-24 00:14:41 - balance_service - ERROR - خطا در استفاده از API جایگزین 8: HTTPSConnectionPool(host='api.tronstation.io', port=443): Max retries exceeded with url: /v1/accounts/TLVQGdQNZnr7cPKSdvYvmPwAeFA4FUbRbq/tokens (Caused by NameResolutionError("<urllib3.connection.HTTPSConnection object at 0x7fdcd4588640>: Failed to resolve 'api.tronstation.io' ([Errno -2] Name or service not known)"))
2025-07-24 00:14:41 - balance_service - ERROR - خطا در استفاده از API جایگزین 8: HTTPSConnectionPool(host='api.tronstation.io', port=443): Max retries exceeded with url: /v1/accounts/TLVQGdQNZnr7cPKSdvYvmPwAeFA4FUbRbq/tokens (Caused by NameResolutionError("<urllib3.connection.HTTPSConnection object at 0x7fdcd4660640>: Failed to resolve 'api.tronstation.io' ([Errno -2] Name or service not known)"))
2025-07-24 00:14:42 - balance_service - ERROR - خطا در استفاده از API جایگزین 8: HTTPSConnectionPool(host='api.tronstation.io', port=443): Max retries exceeded with url: /v1/accounts/TLVQGdQNZnr7cPKSdvYvmPwAeFA4FUbRbq/tokens (Caused by NameResolutionError("<urllib3.connection.HTTPSConnection object at 0x7fdcd5b46640>: Failed to resolve 'api.tronstation.io' ([Errno -2] Name or service not known)"))
2025-07-24 00:14:42 - balance_service - WARNING - Error getting token decimals, using default 18: 429 Client Error: Too Many Requests for url: https://mainnet.infura.io/v3/a8ab43a04ce044de988a838d92f478a7
2025-07-24 00:14:43 - balance_service - WARNING - Error getting token decimals, using default 18: 429 Client Error: Too Many Requests for url: https://mainnet.infura.io/v3/a8ab43a04ce044de988a838d92f478a7
2025-07-24 00:18:52 - balance_service - WARNING - No native currency found for blockchain Bitcoin
2025-07-24 00:18:52 - balance_service - WARNING - No native currency found for blockchain Avalanche
2025-07-24 00:18:52 - balance_service - WARNING - No native currency found for blockchain Arbitrum
2025-07-24 00:18:52 - balance_service - WARNING - No native currency found for blockchain Polkadot
2025-07-24 00:18:52 - balance_service - WARNING - خطا در دریافت موجودی TRC20 با API اصلی: 404 - {"timestamp":"2025-07-24T00:18:52.681+00:00","status":404,"error":"Not Found","path":"/v1/accounts/TND8d8qjHs8Y8Xb1y2zuPbMp7GLWKHaiH3/tokens"}
2025-07-24 00:18:52 - balance_service - WARNING - خطا در دریافت موجودی TRC20 با API اصلی: 404 - {"timestamp":"2025-07-24T00:18:52.954+00:00","status":404,"error":"Not Found","path":"/v1/accounts/TND8d8qjHs8Y8Xb1y2zuPbMp7GLWKHaiH3/tokens"}
2025-07-24 00:18:53 - balance_service - ERROR - Error getting EVM token balance on Avalanche: when sending a str, it must be a hex string. Got: 'FvwEAhmxKfeiG8SnEvq42hc6whRyY3EFYAvebMqDNDGCgxN5Z'
Traceback (most recent call last):
  File "/www/wwwroot/coinceeper.com/CC/services/balance_service.py", line 157, in get_token_balance
    address=Web3.to_checksum_address(contract_address),
  File "/www/wwwroot/coinceeper.com/CC/venv/lib64/python3.9/site-packages/web3/main.py", line 268, in to_checksum_address
    return to_checksum_address(value)
  File "/www/wwwroot/coinceeper.com/CC/venv/lib64/python3.9/site-packages/eth_utils/address.py", line 129, in to_checksum_address
    norm_address = to_normalized_address(value)
  File "/www/wwwroot/coinceeper.com/CC/venv/lib64/python3.9/site-packages/eth_utils/address.py", line 73, in to_normalized_address
    hex_address = hexstr_if_str(to_hex, value).lower()
  File "/www/wwwroot/coinceeper.com/CC/venv/lib64/python3.9/site-packages/eth_utils/conversions.py", line 195, in hexstr_if_str
    raise ValueError(
ValueError: when sending a str, it must be a hex string. Got: 'FvwEAhmxKfeiG8SnEvq42hc6whRyY3EFYAvebMqDNDGCgxN5Z'
2025-07-24 00:18:53 - balance_service - WARNING - خطا در دریافت موجودی TRC20 با API اصلی: 404 - {"timestamp":"2025-07-24T00:18:53.614+00:00","status":404,"error":"Not Found","path":"/v1/accounts/TND8d8qjHs8Y8Xb1y2zuPbMp7GLWKHaiH3/tokens"}
2025-07-24 00:18:54 - balance_service - ERROR - خطا در استفاده از API جایگزین 8: HTTPSConnectionPool(host='api.tronstation.io', port=443): Max retries exceeded with url: /v1/accounts/TND8d8qjHs8Y8Xb1y2zuPbMp7GLWKHaiH3/tokens (Caused by NameResolutionError("<urllib3.connection.HTTPSConnection object at 0x7fdcd45fb370>: Failed to resolve 'api.tronstation.io' ([Errno -2] Name or service not known)"))
2025-07-24 00:18:54 - balance_service - ERROR - خطا در استفاده از API جایگزین 8: HTTPSConnectionPool(host='api.tronstation.io', port=443): Max retries exceeded with url: /v1/accounts/TND8d8qjHs8Y8Xb1y2zuPbMp7GLWKHaiH3/tokens (Caused by NameResolutionError("<urllib3.connection.HTTPSConnection object at 0x7fdcd4385dc0>: Failed to resolve 'api.tronstation.io' ([Errno -2] Name or service not known)"))
2025-07-24 00:18:55 - balance_service - ERROR - خطا در استفاده از API جایگزین 8: HTTPSConnectionPool(host='api.tronstation.io', port=443): Max retries exceeded with url: /v1/accounts/TND8d8qjHs8Y8Xb1y2zuPbMp7GLWKHaiH3/tokens (Caused by NameResolutionError("<urllib3.connection.HTTPSConnection object at 0x7fdcd445bfd0>: Failed to resolve 'api.tronstation.io' ([Errno -2] Name or service not known)"))
2025-07-24 00:18:55 - balance_service - WARNING - Error getting token decimals, using default 18: 429 Client Error: Too Many Requests for url: https://mainnet.infura.io/v3/a8ab43a04ce044de988a838d92f478a7
2025-07-24 00:24:56 - balance_service - WARNING - No native currency found for blockchain Bitcoin
2025-07-24 00:24:56 - balance_service - WARNING - No native currency found for blockchain Avalanche
2025-07-24 00:24:56 - balance_service - WARNING - No native currency found for blockchain Arbitrum
2025-07-24 00:24:56 - balance_service - WARNING - No native currency found for blockchain Polkadot
2025-07-24 00:24:56 - balance_service - WARNING - خطا در دریافت موجودی TRC20 با API اصلی: 404 - {"timestamp":"2025-07-24T00:24:56.766+00:00","status":404,"error":"Not Found","path":"/v1/accounts/TKeVPSaYiTtjTaWW8DWjCcxAossYr6HXA3/tokens"}
2025-07-24 00:24:57 - balance_service - WARNING - خطا در دریافت موجودی TRC20 با API اصلی: 404 - {"timestamp":"2025-07-24T00:24:57.057+00:00","status":404,"error":"Not Found","path":"/v1/accounts/TKeVPSaYiTtjTaWW8DWjCcxAossYr6HXA3/tokens"}
2025-07-24 00:24:57 - balance_service - ERROR - Error getting EVM token balance on Avalanche: when sending a str, it must be a hex string. Got: 'FvwEAhmxKfeiG8SnEvq42hc6whRyY3EFYAvebMqDNDGCgxN5Z'
Traceback (most recent call last):
  File "/www/wwwroot/coinceeper.com/CC/services/balance_service.py", line 157, in get_token_balance
    address=Web3.to_checksum_address(contract_address),
  File "/www/wwwroot/coinceeper.com/CC/venv/lib64/python3.9/site-packages/web3/main.py", line 268, in to_checksum_address
    return to_checksum_address(value)
  File "/www/wwwroot/coinceeper.com/CC/venv/lib64/python3.9/site-packages/eth_utils/address.py", line 129, in to_checksum_address
    norm_address = to_normalized_address(value)
  File "/www/wwwroot/coinceeper.com/CC/venv/lib64/python3.9/site-packages/eth_utils/address.py", line 73, in to_normalized_address
    hex_address = hexstr_if_str(to_hex, value).lower()
  File "/www/wwwroot/coinceeper.com/CC/venv/lib64/python3.9/site-packages/eth_utils/conversions.py", line 195, in hexstr_if_str
    raise ValueError(
ValueError: when sending a str, it must be a hex string. Got: 'FvwEAhmxKfeiG8SnEvq42hc6whRyY3EFYAvebMqDNDGCgxN5Z'
2025-07-24 00:24:57 - balance_service - WARNING - خطا در دریافت موجودی TRC20 با API اصلی: 404 - {"timestamp":"2025-07-24T00:24:57.496+00:00","status":404,"error":"Not Found","path":"/v1/accounts/TKeVPSaYiTtjTaWW8DWjCcxAossYr6HXA3/tokens"}
2025-07-24 00:24:58 - balance_service - ERROR - خطا در استفاده از API جایگزین 8: HTTPSConnectionPool(host='api.tronstation.io', port=443): Max retries exceeded with url: /v1/accounts/TKeVPSaYiTtjTaWW8DWjCcxAossYr6HXA3/tokens (Caused by NameResolutionError("<urllib3.connection.HTTPSConnection object at 0x7fdcd56d9160>: Failed to resolve 'api.tronstation.io' ([Errno -2] Name or service not known)"))
2025-07-24 00:24:58 - balance_service - ERROR - خطا در استفاده از API جایگزین 8: HTTPSConnectionPool(host='api.tronstation.io', port=443): Max retries exceeded with url: /v1/accounts/TKeVPSaYiTtjTaWW8DWjCcxAossYr6HXA3/tokens (Caused by NameResolutionError("<urllib3.connection.HTTPSConnection object at 0x7fdcd5818640>: Failed to resolve 'api.tronstation.io' ([Errno -2] Name or service not known)"))
2025-07-24 00:24:59 - balance_service - ERROR - خطا در استفاده از API جایگزین 8: HTTPSConnectionPool(host='api.tronstation.io', port=443): Max retries exceeded with url: /v1/accounts/TKeVPSaYiTtjTaWW8DWjCcxAossYr6HXA3/tokens (Caused by NameResolutionError("<urllib3.connection.HTTPSConnection object at 0x7fdcd56d9970>: Failed to resolve 'api.tronstation.io' ([Errno -2] Name or service not known)"))
2025-07-24 00:26:41 - balance_service - WARNING - No native currency found for blockchain Bitcoin
2025-07-24 00:26:41 - balance_service - WARNING - No native currency found for blockchain Avalanche
2025-07-24 00:26:41 - balance_service - WARNING - No native currency found for blockchain Arbitrum
2025-07-24 00:26:41 - balance_service - WARNING - No native currency found for blockchain Polkadot
2025-07-24 00:26:42 - balance_service - WARNING - خطا در دریافت موجودی TRC20 با API اصلی: 404 - {"timestamp":"2025-07-24T00:26:42.395+00:00","status":404,"error":"Not Found","path":"/v1/accounts/TND8d8qjHs8Y8Xb1y2zuPbMp7GLWKHaiH3/tokens"}
2025-07-24 00:26:42 - balance_service - WARNING - خطا در دریافت موجودی TRC20 با API اصلی: 404 - {"timestamp":"2025-07-24T00:26:42.597+00:00","status":404,"error":"Not Found","path":"/v1/accounts/TND8d8qjHs8Y8Xb1y2zuPbMp7GLWKHaiH3/tokens"}
2025-07-24 00:26:43 - balance_service - ERROR - Error getting EVM token balance on Avalanche: when sending a str, it must be a hex string. Got: 'FvwEAhmxKfeiG8SnEvq42hc6whRyY3EFYAvebMqDNDGCgxN5Z'
Traceback (most recent call last):
  File "/www/wwwroot/coinceeper.com/CC/services/balance_service.py", line 157, in get_token_balance
    address=Web3.to_checksum_address(contract_address),
  File "/www/wwwroot/coinceeper.com/CC/venv/lib64/python3.9/site-packages/web3/main.py", line 268, in to_checksum_address
    return to_checksum_address(value)
  File "/www/wwwroot/coinceeper.com/CC/venv/lib64/python3.9/site-packages/eth_utils/address.py", line 129, in to_checksum_address
    norm_address = to_normalized_address(value)
  File "/www/wwwroot/coinceeper.com/CC/venv/lib64/python3.9/site-packages/eth_utils/address.py", line 73, in to_normalized_address
    hex_address = hexstr_if_str(to_hex, value).lower()
  File "/www/wwwroot/coinceeper.com/CC/venv/lib64/python3.9/site-packages/eth_utils/conversions.py", line 195, in hexstr_if_str
    raise ValueError(
ValueError: when sending a str, it must be a hex string. Got: 'FvwEAhmxKfeiG8SnEvq42hc6whRyY3EFYAvebMqDNDGCgxN5Z'
2025-07-24 00:26:43 - balance_service - WARNING - خطا در دریافت موجودی TRC20 با API اصلی: 404 - {"timestamp":"2025-07-24T00:26:43.115+00:00","status":404,"error":"Not Found","path":"/v1/accounts/TND8d8qjHs8Y8Xb1y2zuPbMp7GLWKHaiH3/tokens"}
2025-07-24 00:26:43 - balance_service - ERROR - خطا در استفاده از API جایگزین 8: HTTPSConnectionPool(host='api.tronstation.io', port=443): Max retries exceeded with url: /v1/accounts/TND8d8qjHs8Y8Xb1y2zuPbMp7GLWKHaiH3/tokens (Caused by NameResolutionError("<urllib3.connection.HTTPSConnection object at 0x7fdcd429e730>: Failed to resolve 'api.tronstation.io' ([Errno -2] Name or service not known)"))
2025-07-24 00:26:44 - balance_service - ERROR - خطا در استفاده از API جایگزین 8: HTTPSConnectionPool(host='api.tronstation.io', port=443): Max retries exceeded with url: /v1/accounts/TND8d8qjHs8Y8Xb1y2zuPbMp7GLWKHaiH3/tokens (Caused by NameResolutionError("<urllib3.connection.HTTPSConnection object at 0x7fdcd42d40d0>: Failed to resolve 'api.tronstation.io' ([Errno -2] Name or service not known)"))
2025-07-24 00:26:44 - balance_service - ERROR - خطا در استفاده از API جایگزین 8: HTTPSConnectionPool(host='api.tronstation.io', port=443): Max retries exceeded with url: /v1/accounts/TND8d8qjHs8Y8Xb1y2zuPbMp7GLWKHaiH3/tokens (Caused by NameResolutionError("<urllib3.connection.HTTPSConnection object at 0x7fdcd46102b0>: Failed to resolve 'api.tronstation.io' ([Errno -2] Name or service not known)"))
2025-07-24 00:27:15 - balance_service - WARNING - No native currency found for blockchain Bitcoin
2025-07-24 00:27:15 - balance_service - WARNING - No native currency found for blockchain Avalanche
2025-07-24 00:27:15 - balance_service - WARNING - No native currency found for blockchain Arbitrum
2025-07-24 00:27:15 - balance_service - WARNING - No native currency found for blockchain Polkadot
2025-07-24 00:27:16 - balance_service - WARNING - خطا در دریافت موجودی TRC20 با API اصلی: 404 - {"timestamp":"2025-07-24T00:27:16.704+00:00","status":404,"error":"Not Found","path":"/v1/accounts/TND8d8qjHs8Y8Xb1y2zuPbMp7GLWKHaiH3/tokens"}
2025-07-24 00:27:17 - balance_service - WARNING - خطا در دریافت موجودی TRC20 با API اصلی: 404 - {"timestamp":"2025-07-24T00:27:16.958+00:00","status":404,"error":"Not Found","path":"/v1/accounts/TND8d8qjHs8Y8Xb1y2zuPbMp7GLWKHaiH3/tokens"}
2025-07-24 00:27:17 - balance_service - WARNING - خطا در دریافت موجودی TRC20 با API اصلی: 404 - {"timestamp":"2025-07-24T00:27:17.661+00:00","status":404,"error":"Not Found","path":"/v1/accounts/TND8d8qjHs8Y8Xb1y2zuPbMp7GLWKHaiH3/tokens"}
2025-07-24 00:27:17 - balance_service - ERROR - Error getting EVM token balance on Avalanche: when sending a str, it must be a hex string. Got: 'FvwEAhmxKfeiG8SnEvq42hc6whRyY3EFYAvebMqDNDGCgxN5Z'
Traceback (most recent call last):
  File "/www/wwwroot/coinceeper.com/CC/services/balance_service.py", line 157, in get_token_balance
    address=Web3.to_checksum_address(contract_address),
  File "/www/wwwroot/coinceeper.com/CC/venv/lib64/python3.9/site-packages/web3/main.py", line 268, in to_checksum_address
    return to_checksum_address(value)
  File "/www/wwwroot/coinceeper.com/CC/venv/lib64/python3.9/site-packages/eth_utils/address.py", line 129, in to_checksum_address
    norm_address = to_normalized_address(value)
  File "/www/wwwroot/coinceeper.com/CC/venv/lib64/python3.9/site-packages/eth_utils/address.py", line 73, in to_normalized_address
    hex_address = hexstr_if_str(to_hex, value).lower()
  File "/www/wwwroot/coinceeper.com/CC/venv/lib64/python3.9/site-packages/eth_utils/conversions.py", line 195, in hexstr_if_str
    raise ValueError(
ValueError: when sending a str, it must be a hex string. Got: 'FvwEAhmxKfeiG8SnEvq42hc6whRyY3EFYAvebMqDNDGCgxN5Z'
2025-07-24 00:27:18 - balance_service - ERROR - خطا در استفاده از API جایگزین 8: HTTPSConnectionPool(host='api.tronstation.io', port=443): Max retries exceeded with url: /v1/accounts/TND8d8qjHs8Y8Xb1y2zuPbMp7GLWKHaiH3/tokens (Caused by NameResolutionError("<urllib3.connection.HTTPSConnection object at 0x7fdcd43fdc70>: Failed to resolve 'api.tronstation.io' ([Errno -2] Name or service not known)"))
2025-07-24 00:27:18 - balance_service - ERROR - خطا در استفاده از API جایگزین 8: HTTPSConnectionPool(host='api.tronstation.io', port=443): Max retries exceeded with url: /v1/accounts/TND8d8qjHs8Y8Xb1y2zuPbMp7GLWKHaiH3/tokens (Caused by NameResolutionError("<urllib3.connection.HTTPSConnection object at 0x7fdcd44c25b0>: Failed to resolve 'api.tronstation.io' ([Errno -2] Name or service not known)"))
2025-07-24 00:27:19 - balance_service - ERROR - خطا در استفاده از API جایگزین 8: HTTPSConnectionPool(host='api.tronstation.io', port=443): Max retries exceeded with url: /v1/accounts/TND8d8qjHs8Y8Xb1y2zuPbMp7GLWKHaiH3/tokens (Caused by NameResolutionError("<urllib3.connection.HTTPSConnection object at 0x7fdcd42fd2b0>: Failed to resolve 'api.tronstation.io' ([Errno -2] Name or service not known)"))
2025-07-24 00:28:04 - balance_service - WARNING - No native currency found for blockchain Bitcoin
2025-07-24 00:28:04 - balance_service - WARNING - No native currency found for blockchain Avalanche
2025-07-24 00:28:04 - balance_service - WARNING - No native currency found for blockchain Arbitrum
2025-07-24 00:28:04 - balance_service - WARNING - No native currency found for blockchain Polkadot
2025-07-24 00:28:04 - balance_service - WARNING - خطا در دریافت موجودی TRC20 با API اصلی: 404 - {"timestamp":"2025-07-24T00:28:04.942+00:00","status":404,"error":"Not Found","path":"/v1/accounts/TND8d8qjHs8Y8Xb1y2zuPbMp7GLWKHaiH3/tokens"}
2025-07-24 00:28:05 - balance_service - WARNING - خطا در دریافت موجودی TRC20 با API اصلی: 404 - {"timestamp":"2025-07-24T00:28:05.161+00:00","status":404,"error":"Not Found","path":"/v1/accounts/TND8d8qjHs8Y8Xb1y2zuPbMp7GLWKHaiH3/tokens"}
2025-07-24 00:28:05 - balance_service - WARNING - خطا در دریافت موجودی TRC20 با API اصلی: 404 - {"timestamp":"2025-07-24T00:28:05.904+00:00","status":404,"error":"Not Found","path":"/v1/accounts/TND8d8qjHs8Y8Xb1y2zuPbMp7GLWKHaiH3/tokens"}
2025-07-24 00:28:06 - balance_service - ERROR - Error getting EVM token balance on Avalanche: when sending a str, it must be a hex string. Got: 'FvwEAhmxKfeiG8SnEvq42hc6whRyY3EFYAvebMqDNDGCgxN5Z'
Traceback (most recent call last):
  File "/www/wwwroot/coinceeper.com/CC/services/balance_service.py", line 157, in get_token_balance
    address=Web3.to_checksum_address(contract_address),
  File "/www/wwwroot/coinceeper.com/CC/venv/lib64/python3.9/site-packages/web3/main.py", line 268, in to_checksum_address
    return to_checksum_address(value)
  File "/www/wwwroot/coinceeper.com/CC/venv/lib64/python3.9/site-packages/eth_utils/address.py", line 129, in to_checksum_address
    norm_address = to_normalized_address(value)
  File "/www/wwwroot/coinceeper.com/CC/venv/lib64/python3.9/site-packages/eth_utils/address.py", line 73, in to_normalized_address
    hex_address = hexstr_if_str(to_hex, value).lower()
  File "/www/wwwroot/coinceeper.com/CC/venv/lib64/python3.9/site-packages/eth_utils/conversions.py", line 195, in hexstr_if_str
    raise ValueError(
ValueError: when sending a str, it must be a hex string. Got: 'FvwEAhmxKfeiG8SnEvq42hc6whRyY3EFYAvebMqDNDGCgxN5Z'
2025-07-24 00:28:06 - balance_service - ERROR - خطا در استفاده از API جایگزین 8: HTTPSConnectionPool(host='api.tronstation.io', port=443): Max retries exceeded with url: /v1/accounts/TND8d8qjHs8Y8Xb1y2zuPbMp7GLWKHaiH3/tokens (Caused by NameResolutionError("<urllib3.connection.HTTPSConnection object at 0x7fdcd56bb880>: Failed to resolve 'api.tronstation.io' ([Errno -2] Name or service not known)"))
2025-07-24 00:28:06 - balance_service - ERROR - خطا در استفاده از API جایگزین 8: HTTPSConnectionPool(host='api.tronstation.io', port=443): Max retries exceeded with url: /v1/accounts/TND8d8qjHs8Y8Xb1y2zuPbMp7GLWKHaiH3/tokens (Caused by NameResolutionError("<urllib3.connection.HTTPSConnection object at 0x7fdcd4993940>: Failed to resolve 'api.tronstation.io' ([Errno -2] Name or service not known)"))
2025-07-24 00:28:07 - balance_service - ERROR - خطا در استفاده از API جایگزین 8: HTTPSConnectionPool(host='api.tronstation.io', port=443): Max retries exceeded with url: /v1/accounts/TND8d8qjHs8Y8Xb1y2zuPbMp7GLWKHaiH3/tokens (Caused by NameResolutionError("<urllib3.connection.HTTPSConnection object at 0x7fdcd56742b0>: Failed to resolve 'api.tronstation.io' ([Errno -2] Name or service not known)"))
2025-07-24 00:35:03 - balance_service - WARNING - No native currency found for blockchain Bitcoin
2025-07-24 00:35:03 - balance_service - WARNING - No native currency found for blockchain Avalanche
2025-07-24 00:35:03 - balance_service - WARNING - No native currency found for blockchain Arbitrum
2025-07-24 00:35:03 - balance_service - WARNING - No native currency found for blockchain Polkadot
2025-07-24 00:35:03 - balance_service - WARNING - خطا در دریافت موجودی TRC20 با API اصلی: 404 - {"timestamp":"2025-07-24T00:35:03.639+00:00","status":404,"error":"Not Found","path":"/v1/accounts/TLzn1H3BHFJV7nbBhunxJ9f1MVUvQupchE/tokens"}
2025-07-24 00:35:03 - balance_service - WARNING - خطا در دریافت موجودی TRC20 با API اصلی: 404 - {"timestamp":"2025-07-24T00:35:03.943+00:00","status":404,"error":"Not Found","path":"/v1/accounts/TLzn1H3BHFJV7nbBhunxJ9f1MVUvQupchE/tokens"}
2025-07-24 00:35:04 - balance_service - WARNING - خطا در دریافت موجودی TRC20 با API اصلی: 404 - {"timestamp":"2025-07-24T00:35:04.358+00:00","status":404,"error":"Not Found","path":"/v1/accounts/TLzn1H3BHFJV7nbBhunxJ9f1MVUvQupchE/tokens"}
2025-07-24 00:35:04 - balance_service - ERROR - Error getting EVM token balance on Avalanche: when sending a str, it must be a hex string. Got: 'FvwEAhmxKfeiG8SnEvq42hc6whRyY3EFYAvebMqDNDGCgxN5Z'
Traceback (most recent call last):
  File "/www/wwwroot/coinceeper.com/CC/services/balance_service.py", line 157, in get_token_balance
    address=Web3.to_checksum_address(contract_address),
  File "/www/wwwroot/coinceeper.com/CC/venv/lib64/python3.9/site-packages/web3/main.py", line 268, in to_checksum_address
    return to_checksum_address(value)
  File "/www/wwwroot/coinceeper.com/CC/venv/lib64/python3.9/site-packages/eth_utils/address.py", line 129, in to_checksum_address
    norm_address = to_normalized_address(value)
  File "/www/wwwroot/coinceeper.com/CC/venv/lib64/python3.9/site-packages/eth_utils/address.py", line 73, in to_normalized_address
    hex_address = hexstr_if_str(to_hex, value).lower()
  File "/www/wwwroot/coinceeper.com/CC/venv/lib64/python3.9/site-packages/eth_utils/conversions.py", line 195, in hexstr_if_str
    raise ValueError(
ValueError: when sending a str, it must be a hex string. Got: 'FvwEAhmxKfeiG8SnEvq42hc6whRyY3EFYAvebMqDNDGCgxN5Z'
2025-07-24 00:35:05 - balance_service - ERROR - خطا در استفاده از API جایگزین 8: HTTPSConnectionPool(host='api.tronstation.io', port=443): Max retries exceeded with url: /v1/accounts/TLzn1H3BHFJV7nbBhunxJ9f1MVUvQupchE/tokens (Caused by NameResolutionError("<urllib3.connection.HTTPSConnection object at 0x7fdcd573bc70>: Failed to resolve 'api.tronstation.io' ([Errno -2] Name or service not known)"))
2025-07-24 00:35:05 - balance_service - ERROR - خطا در استفاده از API جایگزین 8: HTTPSConnectionPool(host='api.tronstation.io', port=443): Max retries exceeded with url: /v1/accounts/TLzn1H3BHFJV7nbBhunxJ9f1MVUvQupchE/tokens (Caused by NameResolutionError("<urllib3.connection.HTTPSConnection object at 0x7fdcd5726310>: Failed to resolve 'api.tronstation.io' ([Errno -2] Name or service not known)"))
2025-07-24 00:35:06 - balance_service - ERROR - خطا در استفاده از API جایگزین 8: HTTPSConnectionPool(host='api.tronstation.io', port=443): Max retries exceeded with url: /v1/accounts/TLzn1H3BHFJV7nbBhunxJ9f1MVUvQupchE/tokens (Caused by NameResolutionError("<urllib3.connection.HTTPSConnection object at 0x7fdcd5736eb0>: Failed to resolve 'api.tronstation.io' ([Errno -2] Name or service not known)"))
2025-07-24 00:51:00 - balance_service - WARNING - No native currency found for blockchain Bitcoin
2025-07-24 00:51:00 - balance_service - WARNING - No native currency found for blockchain Avalanche
2025-07-24 00:51:00 - balance_service - WARNING - No native currency found for blockchain Arbitrum
2025-07-24 00:51:00 - balance_service - WARNING - No native currency found for blockchain Polkadot
2025-07-24 00:51:01 - balance_service - WARNING - خطا در دریافت موجودی TRC20 با API اصلی: 404 - {"timestamp":"2025-07-24T00:51:01.252+00:00","status":404,"error":"Not Found","path":"/v1/accounts/TWxYj1EgkXikRh3SszVUQniB6NcLNKeRfy/tokens"}
2025-07-24 00:51:01 - balance_service - WARNING - خطا در دریافت موجودی TRC20 با API اصلی: 404 - {"timestamp":"2025-07-24T00:51:01.487+00:00","status":404,"error":"Not Found","path":"/v1/accounts/TWxYj1EgkXikRh3SszVUQniB6NcLNKeRfy/tokens"}
2025-07-24 00:51:02 - balance_service - ERROR - Error getting EVM token balance on Avalanche: when sending a str, it must be a hex string. Got: 'FvwEAhmxKfeiG8SnEvq42hc6whRyY3EFYAvebMqDNDGCgxN5Z'
Traceback (most recent call last):
  File "/www/wwwroot/coinceeper.com/CC/services/balance_service.py", line 157, in get_token_balance
    address=Web3.to_checksum_address(contract_address),
  File "/www/wwwroot/coinceeper.com/CC/venv/lib64/python3.9/site-packages/web3/main.py", line 268, in to_checksum_address
    return to_checksum_address(value)
  File "/www/wwwroot/coinceeper.com/CC/venv/lib64/python3.9/site-packages/eth_utils/address.py", line 129, in to_checksum_address
    norm_address = to_normalized_address(value)
  File "/www/wwwroot/coinceeper.com/CC/venv/lib64/python3.9/site-packages/eth_utils/address.py", line 73, in to_normalized_address
    hex_address = hexstr_if_str(to_hex, value).lower()
  File "/www/wwwroot/coinceeper.com/CC/venv/lib64/python3.9/site-packages/eth_utils/conversions.py", line 195, in hexstr_if_str
    raise ValueError(
ValueError: when sending a str, it must be a hex string. Got: 'FvwEAhmxKfeiG8SnEvq42hc6whRyY3EFYAvebMqDNDGCgxN5Z'
2025-07-24 00:51:02 - balance_service - WARNING - خطا در دریافت موجودی TRC20 با API اصلی: 404 - {"timestamp":"2025-07-24T00:51:02.265+00:00","status":404,"error":"Not Found","path":"/v1/accounts/TWxYj1EgkXikRh3SszVUQniB6NcLNKeRfy/tokens"}
2025-07-24 00:51:03 - balance_service - ERROR - خطا در استفاده از API جایگزین 8: HTTPSConnectionPool(host='api.tronstation.io', port=443): Max retries exceeded with url: /v1/accounts/TWxYj1EgkXikRh3SszVUQniB6NcLNKeRfy/tokens (Caused by NameResolutionError("<urllib3.connection.HTTPSConnection object at 0x7fdcd43b6940>: Failed to resolve 'api.tronstation.io' ([Errno -2] Name or service not known)"))
2025-07-24 00:51:03 - balance_service - ERROR - خطا در استفاده از API جایگزین 8: HTTPSConnectionPool(host='api.tronstation.io', port=443): Max retries exceeded with url: /v1/accounts/TWxYj1EgkXikRh3SszVUQniB6NcLNKeRfy/tokens (Caused by NameResolutionError("<urllib3.connection.HTTPSConnection object at 0x7fdcd42715b0>: Failed to resolve 'api.tronstation.io' ([Errno -2] Name or service not known)"))
2025-07-24 00:51:03 - balance_service - ERROR - خطا در استفاده از API جایگزین 8: HTTPSConnectionPool(host='api.tronstation.io', port=443): Max retries exceeded with url: /v1/accounts/TWxYj1EgkXikRh3SszVUQniB6NcLNKeRfy/tokens (Caused by NameResolutionError("<urllib3.connection.HTTPSConnection object at 0x7fdcd42144c0>: Failed to resolve 'api.tronstation.io' ([Errno -2] Name or service not known)"))
2025-07-24 00:51:21 - balance_service - ERROR - Error updating balance for user c1bf9df0-8263-41f1-844f-2e587f9b4050: (mysql.connector.errors.OperationalError) MySQL Connection not available.
[SQL: DELETE FROM userholding WHERE userholding.`UserID` = %(UserID_1)s]
[parameters: [{}]]
(Background on this error at: https://sqlalche.me/e/20/e3q8)
Traceback (most recent call last):
  File "/www/wwwroot/coinceeper.com/CC/venv/lib64/python3.9/site-packages/sqlalchemy/engine/base.py", line 1811, in _execute_context
    context = constructor(
  File "/www/wwwroot/coinceeper.com/CC/venv/lib64/python3.9/site-packages/sqlalchemy/engine/default.py", line 1427, in _init_compiled
    self.cursor = self.create_cursor()
  File "/www/wwwroot/coinceeper.com/CC/venv/lib64/python3.9/site-packages/sqlalchemy/engine/default.py", line 1766, in create_cursor
    return self.create_default_cursor()
  File "/www/wwwroot/coinceeper.com/CC/venv/lib64/python3.9/site-packages/sqlalchemy/dialects/mysql/mysqlconnector.py", line 67, in create_default_cursor
    return self._dbapi_connection.cursor(buffered=True)
  File "/www/wwwroot/coinceeper.com/CC/venv/lib64/python3.9/site-packages/sqlalchemy/pool/base.py", line 1486, in cursor
    return self.dbapi_connection.cursor(*args, **kwargs)
  File "/www/wwwroot/coinceeper.com/CC/venv/lib64/python3.9/site-packages/mysql/connector/connection_cext.py", line 841, in cursor
    raise OperationalError("MySQL Connection not available.")
mysql.connector.errors.OperationalError: MySQL Connection not available.

The above exception was the direct cause of the following exception:

Traceback (most recent call last):
  File "/www/wwwroot/coinceeper.com/CC/services/balance_service.py", line 1262, in _update_user_balance
    deleted = self.session.query(UserHolding).filter(UserHolding.UserID == user_id).delete()
  File "/www/wwwroot/coinceeper.com/CC/venv/lib64/python3.9/site-packages/sqlalchemy/orm/query.py", line 3208, in delete
    result: CursorResult[Any] = self.session.execute(
  File "/www/wwwroot/coinceeper.com/CC/venv/lib64/python3.9/site-packages/sqlalchemy/orm/session.py", line 2365, in execute
    return self._execute_internal(
  File "/www/wwwroot/coinceeper.com/CC/venv/lib64/python3.9/site-packages/sqlalchemy/orm/session.py", line 2251, in _execute_internal
    result: Result[Any] = compile_state_cls.orm_execute_statement(
  File "/www/wwwroot/coinceeper.com/CC/venv/lib64/python3.9/site-packages/sqlalchemy/orm/bulk_persistence.py", line 2021, in orm_execute_statement
    return super().orm_execute_statement(
  File "/www/wwwroot/coinceeper.com/CC/venv/lib64/python3.9/site-packages/sqlalchemy/orm/context.py", line 306, in orm_execute_statement
    result = conn.execute(
  File "/www/wwwroot/coinceeper.com/CC/venv/lib64/python3.9/site-packages/sqlalchemy/engine/base.py", line 1415, in execute
    return meth(
  File "/www/wwwroot/coinceeper.com/CC/venv/lib64/python3.9/site-packages/sqlalchemy/sql/elements.py", line 523, in _execute_on_connection
    return connection._execute_clauseelement(
  File "/www/wwwroot/coinceeper.com/CC/venv/lib64/python3.9/site-packages/sqlalchemy/engine/base.py", line 1637, in _execute_clauseelement
    ret = self._execute_context(
  File "/www/wwwroot/coinceeper.com/CC/venv/lib64/python3.9/site-packages/sqlalchemy/engine/base.py", line 1817, in _execute_context
    self._handle_dbapi_exception(
  File "/www/wwwroot/coinceeper.com/CC/venv/lib64/python3.9/site-packages/sqlalchemy/engine/base.py", line 2351, in _handle_dbapi_exception
    raise sqlalchemy_exception.with_traceback(exc_info[2]) from e
  File "/www/wwwroot/coinceeper.com/CC/venv/lib64/python3.9/site-packages/sqlalchemy/engine/base.py", line 1811, in _execute_context
    context = constructor(
  File "/www/wwwroot/coinceeper.com/CC/venv/lib64/python3.9/site-packages/sqlalchemy/engine/default.py", line 1427, in _init_compiled
    self.cursor = self.create_cursor()
  File "/www/wwwroot/coinceeper.com/CC/venv/lib64/python3.9/site-packages/sqlalchemy/engine/default.py", line 1766, in create_cursor
    return self.create_default_cursor()
  File "/www/wwwroot/coinceeper.com/CC/venv/lib64/python3.9/site-packages/sqlalchemy/dialects/mysql/mysqlconnector.py", line 67, in create_default_cursor
    return self._dbapi_connection.cursor(buffered=True)
  File "/www/wwwroot/coinceeper.com/CC/venv/lib64/python3.9/site-packages/sqlalchemy/pool/base.py", line 1486, in cursor
    return self.dbapi_connection.cursor(*args, **kwargs)
  File "/www/wwwroot/coinceeper.com/CC/venv/lib64/python3.9/site-packages/mysql/connector/connection_cext.py", line 841, in cursor
    raise OperationalError("MySQL Connection not available.")
sqlalchemy.exc.OperationalError: (mysql.connector.errors.OperationalError) MySQL Connection not available.
[SQL: DELETE FROM userholding WHERE userholding.`UserID` = %(UserID_1)s]
[parameters: [{}]]
(Background on this error at: https://sqlalche.me/e/20/e3q8)
2025-07-24 01:01:16 - balance_service - WARNING - No native currency found for blockchain Bitcoin
2025-07-24 01:01:16 - balance_service - WARNING - No native currency found for blockchain Avalanche
2025-07-24 01:01:16 - balance_service - WARNING - No native currency found for blockchain Arbitrum
2025-07-24 01:01:16 - balance_service - WARNING - No native currency found for blockchain Polkadot
2025-07-24 01:01:17 - balance_service - WARNING - خطا در دریافت موجودی TRC20 با API اصلی: 404 - {"timestamp":"2025-07-24T01:01:17.351+00:00","status":404,"error":"Not Found","path":"/v1/accounts/TWxYj1EgkXikRh3SszVUQniB6NcLNKeRfy/tokens"}
2025-07-24 01:01:17 - balance_service - WARNING - خطا در دریافت موجودی TRC20 با API اصلی: 404 - {"timestamp":"2025-07-24T01:01:17.649+00:00","status":404,"error":"Not Found","path":"/v1/accounts/TWxYj1EgkXikRh3SszVUQniB6NcLNKeRfy/tokens"}
2025-07-24 01:01:17 - balance_service - ERROR - Error getting EVM token balance on Avalanche: when sending a str, it must be a hex string. Got: 'FvwEAhmxKfeiG8SnEvq42hc6whRyY3EFYAvebMqDNDGCgxN5Z'
Traceback (most recent call last):
  File "/www/wwwroot/coinceeper.com/CC/services/balance_service.py", line 157, in get_token_balance
    address=Web3.to_checksum_address(contract_address),
  File "/www/wwwroot/coinceeper.com/CC/venv/lib64/python3.9/site-packages/web3/main.py", line 268, in to_checksum_address
    return to_checksum_address(value)
  File "/www/wwwroot/coinceeper.com/CC/venv/lib64/python3.9/site-packages/eth_utils/address.py", line 129, in to_checksum_address
    norm_address = to_normalized_address(value)
  File "/www/wwwroot/coinceeper.com/CC/venv/lib64/python3.9/site-packages/eth_utils/address.py", line 73, in to_normalized_address
    hex_address = hexstr_if_str(to_hex, value).lower()
  File "/www/wwwroot/coinceeper.com/CC/venv/lib64/python3.9/site-packages/eth_utils/conversions.py", line 195, in hexstr_if_str
    raise ValueError(
ValueError: when sending a str, it must be a hex string. Got: 'FvwEAhmxKfeiG8SnEvq42hc6whRyY3EFYAvebMqDNDGCgxN5Z'
2025-07-24 01:01:18 - balance_service - WARNING - خطا در دریافت موجودی TRC20 با API اصلی: 404 - {"timestamp":"2025-07-24T01:01:18.086+00:00","status":404,"error":"Not Found","path":"/v1/accounts/TWxYj1EgkXikRh3SszVUQniB6NcLNKeRfy/tokens"}
2025-07-24 01:01:18 - balance_service - ERROR - خطا در استفاده از API جایگزین 8: HTTPSConnectionPool(host='api.tronstation.io', port=443): Max retries exceeded with url: /v1/accounts/TWxYj1EgkXikRh3SszVUQniB6NcLNKeRfy/tokens (Caused by NameResolutionError("<urllib3.connection.HTTPSConnection object at 0x7fdcd40faeb0>: Failed to resolve 'api.tronstation.io' ([Errno -2] Name or service not known)"))
2025-07-24 01:01:19 - balance_service - ERROR - خطا در استفاده از API جایگزین 8: HTTPSConnectionPool(host='api.tronstation.io', port=443): Max retries exceeded with url: /v1/accounts/TWxYj1EgkXikRh3SszVUQniB6NcLNKeRfy/tokens (Caused by NameResolutionError("<urllib3.connection.HTTPSConnection object at 0x7fdcd40faaf0>: Failed to resolve 'api.tronstation.io' ([Errno -2] Name or service not known)"))
2025-07-24 01:01:19 - balance_service - ERROR - خطا در استفاده از API جایگزین 8: HTTPSConnectionPool(host='api.tronstation.io', port=443): Max retries exceeded with url: /v1/accounts/TWxYj1EgkXikRh3SszVUQniB6NcLNKeRfy/tokens (Caused by NameResolutionError("<urllib3.connection.HTTPSConnection object at 0x7fdcd43e2100>: Failed to resolve 'api.tronstation.io' ([Errno -2] Name or service not known)"))
2025-07-24 01:01:29 - balance_service - WARNING - No native currency found for blockchain Bitcoin
2025-07-24 01:01:29 - balance_service - WARNING - No native currency found for blockchain Avalanche
2025-07-24 01:01:29 - balance_service - WARNING - No native currency found for blockchain Arbitrum
2025-07-24 01:01:29 - balance_service - WARNING - No native currency found for blockchain Polkadot
2025-07-24 01:01:29 - balance_service - WARNING - No native currency found for blockchain Bitcoin
2025-07-24 01:01:29 - balance_service - WARNING - No native currency found for blockchain Avalanche
2025-07-24 01:01:29 - balance_service - WARNING - No native currency found for blockchain Arbitrum
2025-07-24 01:01:29 - balance_service - WARNING - No native currency found for blockchain Polkadot
2025-07-24 01:01:29 - balance_service - WARNING - خطا در دریافت موجودی TRC20 با API اصلی: 404 - {"timestamp":"2025-07-24T01:01:29.885+00:00","status":404,"error":"Not Found","path":"/v1/accounts/TWxYj1EgkXikRh3SszVUQniB6NcLNKeRfy/tokens"}
2025-07-24 01:01:29 - balance_service - WARNING - خطا در دریافت موجودی TRC20 با API اصلی: 404 - {"timestamp":"2025-07-24T01:01:29.934+00:00","status":404,"error":"Not Found","path":"/v1/accounts/TWxYj1EgkXikRh3SszVUQniB6NcLNKeRfy/tokens"}
2025-07-24 01:01:30 - balance_service - WARNING - خطا در دریافت موجودی TRC20 با API اصلی: 404 - {"timestamp":"2025-07-24T01:01:30.116+00:00","status":404,"error":"Not Found","path":"/v1/accounts/TWxYj1EgkXikRh3SszVUQniB6NcLNKeRfy/tokens"}
2025-07-24 01:01:30 - balance_service - WARNING - خطا در دریافت موجودی TRC20 با API اصلی: 404 - {"timestamp":"2025-07-24T01:01:30.132+00:00","status":404,"error":"Not Found","path":"/v1/accounts/TWxYj1EgkXikRh3SszVUQniB6NcLNKeRfy/tokens"}
2025-07-24 01:01:30 - balance_service - ERROR - Error getting EVM token balance on Avalanche: when sending a str, it must be a hex string. Got: 'FvwEAhmxKfeiG8SnEvq42hc6whRyY3EFYAvebMqDNDGCgxN5Z'
Traceback (most recent call last):
  File "/www/wwwroot/coinceeper.com/CC/services/balance_service.py", line 157, in get_token_balance
    address=Web3.to_checksum_address(contract_address),
  File "/www/wwwroot/coinceeper.com/CC/venv/lib64/python3.9/site-packages/web3/main.py", line 268, in to_checksum_address
    return to_checksum_address(value)
  File "/www/wwwroot/coinceeper.com/CC/venv/lib64/python3.9/site-packages/eth_utils/address.py", line 129, in to_checksum_address
    norm_address = to_normalized_address(value)
  File "/www/wwwroot/coinceeper.com/CC/venv/lib64/python3.9/site-packages/eth_utils/address.py", line 73, in to_normalized_address
    hex_address = hexstr_if_str(to_hex, value).lower()
  File "/www/wwwroot/coinceeper.com/CC/venv/lib64/python3.9/site-packages/eth_utils/conversions.py", line 195, in hexstr_if_str
    raise ValueError(
ValueError: when sending a str, it must be a hex string. Got: 'FvwEAhmxKfeiG8SnEvq42hc6whRyY3EFYAvebMqDNDGCgxN5Z'
2025-07-24 01:01:30 - balance_service - ERROR - Error getting EVM token balance on Avalanche: when sending a str, it must be a hex string. Got: 'FvwEAhmxKfeiG8SnEvq42hc6whRyY3EFYAvebMqDNDGCgxN5Z'
Traceback (most recent call last):
  File "/www/wwwroot/coinceeper.com/CC/services/balance_service.py", line 157, in get_token_balance
    address=Web3.to_checksum_address(contract_address),
  File "/www/wwwroot/coinceeper.com/CC/venv/lib64/python3.9/site-packages/web3/main.py", line 268, in to_checksum_address
    return to_checksum_address(value)
  File "/www/wwwroot/coinceeper.com/CC/venv/lib64/python3.9/site-packages/eth_utils/address.py", line 129, in to_checksum_address
    norm_address = to_normalized_address(value)
  File "/www/wwwroot/coinceeper.com/CC/venv/lib64/python3.9/site-packages/eth_utils/address.py", line 73, in to_normalized_address
    hex_address = hexstr_if_str(to_hex, value).lower()
  File "/www/wwwroot/coinceeper.com/CC/venv/lib64/python3.9/site-packages/eth_utils/conversions.py", line 195, in hexstr_if_str
    raise ValueError(
ValueError: when sending a str, it must be a hex string. Got: 'FvwEAhmxKfeiG8SnEvq42hc6whRyY3EFYAvebMqDNDGCgxN5Z'
2025-07-24 01:01:30 - balance_service - WARNING - خطا در دریافت موجودی TRC20 با API اصلی: 404 - {"timestamp":"2025-07-24T01:01:30.801+00:00","status":404,"error":"Not Found","path":"/v1/accounts/TWxYj1EgkXikRh3SszVUQniB6NcLNKeRfy/tokens"}
2025-07-24 01:01:30 - balance_service - WARNING - خطا در دریافت موجودی TRC20 با API اصلی: 404 - {"timestamp":"2025-07-24T01:01:30.833+00:00","status":404,"error":"Not Found","path":"/v1/accounts/TWxYj1EgkXikRh3SszVUQniB6NcLNKeRfy/tokens"}
2025-07-24 01:01:31 - balance_service - ERROR - خطا در استفاده از API جایگزین 8: HTTPSConnectionPool(host='api.tronstation.io', port=443): Max retries exceeded with url: /v1/accounts/TWxYj1EgkXikRh3SszVUQniB6NcLNKeRfy/tokens (Caused by NameResolutionError("<urllib3.connection.HTTPSConnection object at 0x7fdcd59469a0>: Failed to resolve 'api.tronstation.io' ([Errno -2] Name or service not known)"))
2025-07-24 01:01:31 - balance_service - ERROR - خطا در استفاده از API جایگزین 8: HTTPSConnectionPool(host='api.tronstation.io', port=443): Max retries exceeded with url: /v1/accounts/TWxYj1EgkXikRh3SszVUQniB6NcLNKeRfy/tokens (Caused by NameResolutionError("<urllib3.connection.HTTPSConnection object at 0x7fdcd4a3e580>: Failed to resolve 'api.tronstation.io' ([Errno -2] Name or service not known)"))
2025-07-24 01:01:31 - balance_service - ERROR - خطا در استفاده از API جایگزین 8: HTTPSConnectionPool(host='api.tronstation.io', port=443): Max retries exceeded with url: /v1/accounts/TWxYj1EgkXikRh3SszVUQniB6NcLNKeRfy/tokens (Caused by NameResolutionError("<urllib3.connection.HTTPSConnection object at 0x7fdcd57492e0>: Failed to resolve 'api.tronstation.io' ([Errno -2] Name or service not known)"))
2025-07-24 01:01:31 - balance_service - ERROR - خطا در استفاده از API جایگزین 8: HTTPSConnectionPool(host='api.tronstation.io', port=443): Max retries exceeded with url: /v1/accounts/TWxYj1EgkXikRh3SszVUQniB6NcLNKeRfy/tokens (Caused by NameResolutionError("<urllib3.connection.HTTPSConnection object at 0x7fdcd491ed90>: Failed to resolve 'api.tronstation.io' ([Errno -2] Name or service not known)"))
2025-07-24 01:01:32 - balance_service - ERROR - خطا در استفاده از API جایگزین 8: HTTPSConnectionPool(host='api.tronstation.io', port=443): Max retries exceeded with url: /v1/accounts/TWxYj1EgkXikRh3SszVUQniB6NcLNKeRfy/tokens (Caused by NameResolutionError("<urllib3.connection.HTTPSConnection object at 0x7fdcd549a2e0>: Failed to resolve 'api.tronstation.io' ([Errno -2] Name or service not known)"))
2025-07-24 01:01:32 - balance_service - ERROR - خطا در استفاده از API جایگزین 8: HTTPSConnectionPool(host='api.tronstation.io', port=443): Max retries exceeded with url: /v1/accounts/TWxYj1EgkXikRh3SszVUQniB6NcLNKeRfy/tokens (Caused by NameResolutionError("<urllib3.connection.HTTPSConnection object at 0x7fdcd4862790>: Failed to resolve 'api.tronstation.io' ([Errno -2] Name or service not known)"))
2025-07-24 01:05:14 - balance_service - WARNING - No native currency found for blockchain Bitcoin
2025-07-24 01:05:14 - balance_service - WARNING - No native currency found for blockchain Avalanche
2025-07-24 01:05:14 - balance_service - WARNING - No native currency found for blockchain Arbitrum
2025-07-24 01:05:14 - balance_service - WARNING - No native currency found for blockchain Polkadot
2025-07-24 01:05:15 - balance_service - WARNING - خطا در دریافت موجودی TRC20 با API اصلی: 404 - {"timestamp":"2025-07-24T01:05:15.155+00:00","status":404,"error":"Not Found","path":"/v1/accounts/TWxYj1EgkXikRh3SszVUQniB6NcLNKeRfy/tokens"}
2025-07-24 01:05:15 - balance_service - WARNING - خطا در دریافت موجودی TRC20 با API اصلی: 404 - {"timestamp":"2025-07-24T01:05:15.428+00:00","status":404,"error":"Not Found","path":"/v1/accounts/TWxYj1EgkXikRh3SszVUQniB6NcLNKeRfy/tokens"}
2025-07-24 01:05:15 - balance_service - ERROR - Error getting EVM token balance on Avalanche: when sending a str, it must be a hex string. Got: 'FvwEAhmxKfeiG8SnEvq42hc6whRyY3EFYAvebMqDNDGCgxN5Z'
Traceback (most recent call last):
  File "/www/wwwroot/coinceeper.com/CC/services/balance_service.py", line 157, in get_token_balance
    address=Web3.to_checksum_address(contract_address),
  File "/www/wwwroot/coinceeper.com/CC/venv/lib64/python3.9/site-packages/web3/main.py", line 268, in to_checksum_address
    return to_checksum_address(value)
  File "/www/wwwroot/coinceeper.com/CC/venv/lib64/python3.9/site-packages/eth_utils/address.py", line 129, in to_checksum_address
    norm_address = to_normalized_address(value)
  File "/www/wwwroot/coinceeper.com/CC/venv/lib64/python3.9/site-packages/eth_utils/address.py", line 73, in to_normalized_address
    hex_address = hexstr_if_str(to_hex, value).lower()
  File "/www/wwwroot/coinceeper.com/CC/venv/lib64/python3.9/site-packages/eth_utils/conversions.py", line 195, in hexstr_if_str
    raise ValueError(
ValueError: when sending a str, it must be a hex string. Got: 'FvwEAhmxKfeiG8SnEvq42hc6whRyY3EFYAvebMqDNDGCgxN5Z'
2025-07-24 01:05:15 - balance_service - WARNING - خطا در دریافت موجودی TRC20 با API اصلی: 404 - {"timestamp":"2025-07-24T01:05:15.846+00:00","status":404,"error":"Not Found","path":"/v1/accounts/TWxYj1EgkXikRh3SszVUQniB6NcLNKeRfy/tokens"}
2025-07-24 01:05:16 - balance_service - ERROR - خطا در استفاده از API جایگزین 8: HTTPSConnectionPool(host='api.tronstation.io', port=443): Max retries exceeded with url: /v1/accounts/TWxYj1EgkXikRh3SszVUQniB6NcLNKeRfy/tokens (Caused by NameResolutionError("<urllib3.connection.HTTPSConnection object at 0x7fdcd404ea90>: Failed to resolve 'api.tronstation.io' ([Errno -2] Name or service not known)"))
2025-07-24 01:05:17 - balance_service - ERROR - خطا در استفاده از API جایگزین 8: HTTPSConnectionPool(host='api.tronstation.io', port=443): Max retries exceeded with url: /v1/accounts/TWxYj1EgkXikRh3SszVUQniB6NcLNKeRfy/tokens (Caused by NameResolutionError("<urllib3.connection.HTTPSConnection object at 0x7fdcd40743d0>: Failed to resolve 'api.tronstation.io' ([Errno -2] Name or service not known)"))
2025-07-24 01:05:17 - balance_service - ERROR - خطا در استفاده از API جایگزین 8: HTTPSConnectionPool(host='api.tronstation.io', port=443): Max retries exceeded with url: /v1/accounts/TWxYj1EgkXikRh3SszVUQniB6NcLNKeRfy/tokens (Caused by NameResolutionError("<urllib3.connection.HTTPSConnection object at 0x7fdcd4309190>: Failed to resolve 'api.tronstation.io' ([Errno -2] Name or service not known)"))
2025-07-24 01:14:12 - balance_service - WARNING - No native currency found for blockchain Bitcoin
2025-07-24 01:14:12 - balance_service - WARNING - No native currency found for blockchain Avalanche
2025-07-24 01:14:12 - balance_service - WARNING - No native currency found for blockchain Arbitrum
2025-07-24 01:14:12 - balance_service - WARNING - No native currency found for blockchain Polkadot
2025-07-24 01:14:13 - balance_service - WARNING - خطا در دریافت موجودی TRC20 با API اصلی: 404 - {"timestamp":"2025-07-24T01:14:13.185+00:00","status":404,"error":"Not Found","path":"/v1/accounts/TMBWsJ9x89Mj1tVapWqEfcgAgG2xdTdMCH/tokens"}
2025-07-24 01:14:13 - balance_service - WARNING - خطا در دریافت موجودی TRC20 با API اصلی: 404 - {"timestamp":"2025-07-24T01:14:13.514+00:00","status":404,"error":"Not Found","path":"/v1/accounts/TMBWsJ9x89Mj1tVapWqEfcgAgG2xdTdMCH/tokens"}
2025-07-24 01:14:13 - balance_service - ERROR - Error getting EVM token balance on Avalanche: when sending a str, it must be a hex string. Got: 'FvwEAhmxKfeiG8SnEvq42hc6whRyY3EFYAvebMqDNDGCgxN5Z'
Traceback (most recent call last):
  File "/www/wwwroot/coinceeper.com/CC/services/balance_service.py", line 157, in get_token_balance
    address=Web3.to_checksum_address(contract_address),
  File "/www/wwwroot/coinceeper.com/CC/venv/lib64/python3.9/site-packages/web3/main.py", line 268, in to_checksum_address
    return to_checksum_address(value)
  File "/www/wwwroot/coinceeper.com/CC/venv/lib64/python3.9/site-packages/eth_utils/address.py", line 129, in to_checksum_address
    norm_address = to_normalized_address(value)
  File "/www/wwwroot/coinceeper.com/CC/venv/lib64/python3.9/site-packages/eth_utils/address.py", line 73, in to_normalized_address
    hex_address = hexstr_if_str(to_hex, value).lower()
  File "/www/wwwroot/coinceeper.com/CC/venv/lib64/python3.9/site-packages/eth_utils/conversions.py", line 195, in hexstr_if_str
    raise ValueError(
ValueError: when sending a str, it must be a hex string. Got: 'FvwEAhmxKfeiG8SnEvq42hc6whRyY3EFYAvebMqDNDGCgxN5Z'
2025-07-24 01:14:14 - balance_service - WARNING - خطا در دریافت موجودی TRC20 با API اصلی: 404 - {"timestamp":"2025-07-24T01:14:14.114+00:00","status":404,"error":"Not Found","path":"/v1/accounts/TMBWsJ9x89Mj1tVapWqEfcgAgG2xdTdMCH/tokens"}
2025-07-24 01:14:14 - balance_service - ERROR - خطا در استفاده از API جایگزین 8: HTTPSConnectionPool(host='api.tronstation.io', port=443): Max retries exceeded with url: /v1/accounts/TMBWsJ9x89Mj1tVapWqEfcgAgG2xdTdMCH/tokens (Caused by NameResolutionError("<urllib3.connection.HTTPSConnection object at 0x7fdcd56cfd60>: Failed to resolve 'api.tronstation.io' ([Errno -2] Name or service not known)"))
2025-07-24 01:14:15 - balance_service - ERROR - خطا در استفاده از API جایگزین 8: HTTPSConnectionPool(host='api.tronstation.io', port=443): Max retries exceeded with url: /v1/accounts/TMBWsJ9x89Mj1tVapWqEfcgAgG2xdTdMCH/tokens (Caused by NameResolutionError("<urllib3.connection.HTTPSConnection object at 0x7fdcd57412b0>: Failed to resolve 'api.tronstation.io' ([Errno -2] Name or service not known)"))
2025-07-24 01:14:15 - balance_service - ERROR - خطا در استفاده از API جایگزین 8: HTTPSConnectionPool(host='api.tronstation.io', port=443): Max retries exceeded with url: /v1/accounts/TMBWsJ9x89Mj1tVapWqEfcgAgG2xdTdMCH/tokens (Caused by NameResolutionError("<urllib3.connection.HTTPSConnection object at 0x7fdcd57371c0>: Failed to resolve 'api.tronstation.io' ([Errno -2] Name or service not known)"))
2025-07-24 01:14:44 - balance_service - WARNING - No native currency found for blockchain Bitcoin
2025-07-24 01:14:44 - balance_service - WARNING - No native currency found for blockchain Avalanche
2025-07-24 01:14:44 - balance_service - WARNING - No native currency found for blockchain Arbitrum
2025-07-24 01:14:44 - balance_service - WARNING - No native currency found for blockchain Polkadot
2025-07-24 01:14:45 - balance_service - WARNING - خطا در دریافت موجودی TRC20 با API اصلی: 404 - {"timestamp":"2025-07-24T01:14:45.554+00:00","status":404,"error":"Not Found","path":"/v1/accounts/TCfJ6RA5mT7Won1SgKdyG5XUzMZnWbibfA/tokens"}
2025-07-24 01:14:45 - balance_service - WARNING - خطا در دریافت موجودی TRC20 با API اصلی: 404 - {"timestamp":"2025-07-24T01:14:45.749+00:00","status":404,"error":"Not Found","path":"/v1/accounts/TCfJ6RA5mT7Won1SgKdyG5XUzMZnWbibfA/tokens"}
2025-07-24 01:14:46 - balance_service - WARNING - خطا در دریافت موجودی TRC20 با API اصلی: 404 - {"timestamp":"2025-07-24T01:14:46.439+00:00","status":404,"error":"Not Found","path":"/v1/accounts/TCfJ6RA5mT7Won1SgKdyG5XUzMZnWbibfA/tokens"}
2025-07-24 01:14:46 - balance_service - ERROR - Error getting EVM token balance on Avalanche: when sending a str, it must be a hex string. Got: 'FvwEAhmxKfeiG8SnEvq42hc6whRyY3EFYAvebMqDNDGCgxN5Z'
Traceback (most recent call last):
  File "/www/wwwroot/coinceeper.com/CC/services/balance_service.py", line 157, in get_token_balance
    address=Web3.to_checksum_address(contract_address),
  File "/www/wwwroot/coinceeper.com/CC/venv/lib64/python3.9/site-packages/web3/main.py", line 268, in to_checksum_address
    return to_checksum_address(value)
  File "/www/wwwroot/coinceeper.com/CC/venv/lib64/python3.9/site-packages/eth_utils/address.py", line 129, in to_checksum_address
    norm_address = to_normalized_address(value)
  File "/www/wwwroot/coinceeper.com/CC/venv/lib64/python3.9/site-packages/eth_utils/address.py", line 73, in to_normalized_address
    hex_address = hexstr_if_str(to_hex, value).lower()
  File "/www/wwwroot/coinceeper.com/CC/venv/lib64/python3.9/site-packages/eth_utils/conversions.py", line 195, in hexstr_if_str
    raise ValueError(
ValueError: when sending a str, it must be a hex string. Got: 'FvwEAhmxKfeiG8SnEvq42hc6whRyY3EFYAvebMqDNDGCgxN5Z'
2025-07-24 01:14:47 - balance_service - ERROR - خطا در استفاده از API جایگزین 8: HTTPSConnectionPool(host='api.tronstation.io', port=443): Max retries exceeded with url: /v1/accounts/TCfJ6RA5mT7Won1SgKdyG5XUzMZnWbibfA/tokens (Caused by NameResolutionError("<urllib3.connection.HTTPSConnection object at 0x7fdcd55b97c0>: Failed to resolve 'api.tronstation.io' ([Errno -2] Name or service not known)"))
2025-07-24 01:14:47 - balance_service - ERROR - خطا در استفاده از API جایگزین 8: HTTPSConnectionPool(host='api.tronstation.io', port=443): Max retries exceeded with url: /v1/accounts/TCfJ6RA5mT7Won1SgKdyG5XUzMZnWbibfA/tokens (Caused by NameResolutionError("<urllib3.connection.HTTPSConnection object at 0x7fdcd58b1790>: Failed to resolve 'api.tronstation.io' ([Errno -2] Name or service not known)"))
2025-07-24 01:14:48 - balance_service - ERROR - خطا در استفاده از API جایگزین 8: HTTPSConnectionPool(host='api.tronstation.io', port=443): Max retries exceeded with url: /v1/accounts/TCfJ6RA5mT7Won1SgKdyG5XUzMZnWbibfA/tokens (Caused by NameResolutionError("<urllib3.connection.HTTPSConnection object at 0x7fdcd5735be0>: Failed to resolve 'api.tronstation.io' ([Errno -2] Name or service not known)"))
2025-07-24 01:14:48 - balance_service - WARNING - Error getting token decimals, using default 18: 429 Client Error: Too Many Requests for url: https://mainnet.infura.io/v3/a8ab43a04ce044de988a838d92f478a7
2025-07-24 01:14:58 - balance_service - WARNING - No native currency found for blockchain Bitcoin
2025-07-24 01:14:58 - balance_service - WARNING - No native currency found for blockchain Avalanche
2025-07-24 01:14:58 - balance_service - WARNING - No native currency found for blockchain Arbitrum
2025-07-24 01:14:58 - balance_service - WARNING - No native currency found for blockchain Polkadot
2025-07-24 01:14:59 - balance_service - WARNING - خطا در دریافت موجودی TRC20 با API اصلی: 404 - {"timestamp":"2025-07-24T01:14:59.607+00:00","status":404,"error":"Not Found","path":"/v1/accounts/TCfJ6RA5mT7Won1SgKdyG5XUzMZnWbibfA/tokens"}
2025-07-24 01:14:59 - balance_service - WARNING - خطا در دریافت موجودی TRC20 با API اصلی: 404 - {"timestamp":"2025-07-24T01:14:59.810+00:00","status":404,"error":"Not Found","path":"/v1/accounts/TCfJ6RA5mT7Won1SgKdyG5XUzMZnWbibfA/tokens"}
2025-07-24 01:15:00 - balance_service - WARNING - خطا در دریافت موجودی TRC20 با API اصلی: 404 - {"timestamp":"2025-07-24T01:15:00.436+00:00","status":404,"error":"Not Found","path":"/v1/accounts/TCfJ6RA5mT7Won1SgKdyG5XUzMZnWbibfA/tokens"}
2025-07-24 01:15:01 - balance_service - ERROR - Error getting EVM token balance on Avalanche: when sending a str, it must be a hex string. Got: 'FvwEAhmxKfeiG8SnEvq42hc6whRyY3EFYAvebMqDNDGCgxN5Z'
Traceback (most recent call last):
  File "/www/wwwroot/coinceeper.com/CC/services/balance_service.py", line 157, in get_token_balance
    address=Web3.to_checksum_address(contract_address),
  File "/www/wwwroot/coinceeper.com/CC/venv/lib64/python3.9/site-packages/web3/main.py", line 268, in to_checksum_address
    return to_checksum_address(value)
  File "/www/wwwroot/coinceeper.com/CC/venv/lib64/python3.9/site-packages/eth_utils/address.py", line 129, in to_checksum_address
    norm_address = to_normalized_address(value)
  File "/www/wwwroot/coinceeper.com/CC/venv/lib64/python3.9/site-packages/eth_utils/address.py", line 73, in to_normalized_address
    hex_address = hexstr_if_str(to_hex, value).lower()
  File "/www/wwwroot/coinceeper.com/CC/venv/lib64/python3.9/site-packages/eth_utils/conversions.py", line 195, in hexstr_if_str
    raise ValueError(
ValueError: when sending a str, it must be a hex string. Got: 'FvwEAhmxKfeiG8SnEvq42hc6whRyY3EFYAvebMqDNDGCgxN5Z'
2025-07-24 01:15:01 - balance_service - ERROR - خطا در استفاده از API جایگزین 8: HTTPSConnectionPool(host='api.tronstation.io', port=443): Max retries exceeded with url: /v1/accounts/TCfJ6RA5mT7Won1SgKdyG5XUzMZnWbibfA/tokens (Caused by NameResolutionError("<urllib3.connection.HTTPSConnection object at 0x7fdcd571ba60>: Failed to resolve 'api.tronstation.io' ([Errno -2] Name or service not known)"))
2025-07-24 01:15:01 - balance_service - ERROR - خطا در استفاده از API جایگزین 8: HTTPSConnectionPool(host='api.tronstation.io', port=443): Max retries exceeded with url: /v1/accounts/TCfJ6RA5mT7Won1SgKdyG5XUzMZnWbibfA/tokens (Caused by NameResolutionError("<urllib3.connection.HTTPSConnection object at 0x7fdcd59cfc40>: Failed to resolve 'api.tronstation.io' ([Errno -2] Name or service not known)"))
2025-07-24 01:15:01 - balance_service - WARNING - Error getting token decimals, using default 18: 429 Client Error: Too Many Requests for url: https://mainnet.infura.io/v3/a8ab43a04ce044de988a838d92f478a7
2025-07-24 01:15:02 - balance_service - ERROR - خطا در استفاده از API جایگزین 8: HTTPSConnectionPool(host='api.tronstation.io', port=443): Max retries exceeded with url: /v1/accounts/TCfJ6RA5mT7Won1SgKdyG5XUzMZnWbibfA/tokens (Caused by NameResolutionError("<urllib3.connection.HTTPSConnection object at 0x7fdcd572c730>: Failed to resolve 'api.tronstation.io' ([Errno -2] Name or service not known)"))
2025-07-24 01:19:09 - balance_service - WARNING - No native currency found for blockchain Bitcoin
2025-07-24 01:19:09 - balance_service - WARNING - No native currency found for blockchain Avalanche
2025-07-24 01:19:09 - balance_service - WARNING - No native currency found for blockchain Arbitrum
2025-07-24 01:19:09 - balance_service - WARNING - No native currency found for blockchain Polkadot
2025-07-24 01:19:10 - balance_service - WARNING - خطا در دریافت موجودی TRC20 با API اصلی: 404 - {"timestamp":"2025-07-24T01:19:10.605+00:00","status":404,"error":"Not Found","path":"/v1/accounts/TThYm3MEjNKuTBxeUhptEqbPWbNEHBavND/tokens"}
2025-07-24 01:19:10 - balance_service - WARNING - خطا در دریافت موجودی TRC20 با API اصلی: 404 - {"timestamp":"2025-07-24T01:19:10.851+00:00","status":404,"error":"Not Found","path":"/v1/accounts/TThYm3MEjNKuTBxeUhptEqbPWbNEHBavND/tokens"}
2025-07-24 01:19:11 - balance_service - ERROR - Error getting EVM token balance on Avalanche: when sending a str, it must be a hex string. Got: 'FvwEAhmxKfeiG8SnEvq42hc6whRyY3EFYAvebMqDNDGCgxN5Z'
Traceback (most recent call last):
  File "/www/wwwroot/coinceeper.com/CC/services/balance_service.py", line 157, in get_token_balance
    address=Web3.to_checksum_address(contract_address),
  File "/www/wwwroot/coinceeper.com/CC/venv/lib64/python3.9/site-packages/web3/main.py", line 268, in to_checksum_address
    return to_checksum_address(value)
  File "/www/wwwroot/coinceeper.com/CC/venv/lib64/python3.9/site-packages/eth_utils/address.py", line 129, in to_checksum_address
    norm_address = to_normalized_address(value)
  File "/www/wwwroot/coinceeper.com/CC/venv/lib64/python3.9/site-packages/eth_utils/address.py", line 73, in to_normalized_address
    hex_address = hexstr_if_str(to_hex, value).lower()
  File "/www/wwwroot/coinceeper.com/CC/venv/lib64/python3.9/site-packages/eth_utils/conversions.py", line 195, in hexstr_if_str
    raise ValueError(
ValueError: when sending a str, it must be a hex string. Got: 'FvwEAhmxKfeiG8SnEvq42hc6whRyY3EFYAvebMqDNDGCgxN5Z'
2025-07-24 01:19:11 - balance_service - WARNING - خطا در دریافت موجودی TRC20 با API اصلی: 404 - {"timestamp":"2025-07-24T01:19:11.393+00:00","status":404,"error":"Not Found","path":"/v1/accounts/TThYm3MEjNKuTBxeUhptEqbPWbNEHBavND/tokens"}
2025-07-24 01:19:12 - balance_service - ERROR - خطا در استفاده از API جایگزین 8: HTTPSConnectionPool(host='api.tronstation.io', port=443): Max retries exceeded with url: /v1/accounts/TThYm3MEjNKuTBxeUhptEqbPWbNEHBavND/tokens (Caused by NameResolutionError("<urllib3.connection.HTTPSConnection object at 0x7fdcd41439d0>: Failed to resolve 'api.tronstation.io' ([Errno -2] Name or service not known)"))
2025-07-24 01:19:12 - balance_service - ERROR - خطا در استفاده از API جایگزین 8: HTTPSConnectionPool(host='api.tronstation.io', port=443): Max retries exceeded with url: /v1/accounts/TThYm3MEjNKuTBxeUhptEqbPWbNEHBavND/tokens (Caused by NameResolutionError("<urllib3.connection.HTTPSConnection object at 0x7fdcd40db610>: Failed to resolve 'api.tronstation.io' ([Errno -2] Name or service not known)"))
2025-07-24 01:19:13 - balance_service - ERROR - خطا در استفاده از API جایگزین 8: HTTPSConnectionPool(host='api.tronstation.io', port=443): Max retries exceeded with url: /v1/accounts/TThYm3MEjNKuTBxeUhptEqbPWbNEHBavND/tokens (Caused by NameResolutionError("<urllib3.connection.HTTPSConnection object at 0x7fdcd4638be0>: Failed to resolve 'api.tronstation.io' ([Errno -2] Name or service not known)"))
2025-07-24 01:19:23 - balance_service - WARNING - No native currency found for blockchain Bitcoin
2025-07-24 01:19:23 - balance_service - WARNING - No native currency found for blockchain Avalanche
2025-07-24 01:19:23 - balance_service - WARNING - No native currency found for blockchain Arbitrum
2025-07-24 01:19:23 - balance_service - WARNING - No native currency found for blockchain Polkadot
2025-07-24 01:19:24 - balance_service - WARNING - خطا در دریافت موجودی TRC20 با API اصلی: 404 - {"timestamp":"2025-07-24T01:19:24.275+00:00","status":404,"error":"Not Found","path":"/v1/accounts/TThYm3MEjNKuTBxeUhptEqbPWbNEHBavND/tokens"}
2025-07-24 01:19:24 - balance_service - WARNING - خطا در دریافت موجودی TRC20 با API اصلی: 404 - {"timestamp":"2025-07-24T01:19:24.470+00:00","status":404,"error":"Not Found","path":"/v1/accounts/TThYm3MEjNKuTBxeUhptEqbPWbNEHBavND/tokens"}
2025-07-24 01:19:25 - balance_service - WARNING - خطا در دریافت موجودی TRC20 با API اصلی: 404 - {"timestamp":"2025-07-24T01:19:25.218+00:00","status":404,"error":"Not Found","path":"/v1/accounts/TThYm3MEjNKuTBxeUhptEqbPWbNEHBavND/tokens"}
2025-07-24 01:19:25 - balance_service - ERROR - Error getting EVM token balance on Avalanche: when sending a str, it must be a hex string. Got: 'FvwEAhmxKfeiG8SnEvq42hc6whRyY3EFYAvebMqDNDGCgxN5Z'
Traceback (most recent call last):
  File "/www/wwwroot/coinceeper.com/CC/services/balance_service.py", line 157, in get_token_balance
    address=Web3.to_checksum_address(contract_address),
  File "/www/wwwroot/coinceeper.com/CC/venv/lib64/python3.9/site-packages/web3/main.py", line 268, in to_checksum_address
    return to_checksum_address(value)
  File "/www/wwwroot/coinceeper.com/CC/venv/lib64/python3.9/site-packages/eth_utils/address.py", line 129, in to_checksum_address
    norm_address = to_normalized_address(value)
  File "/www/wwwroot/coinceeper.com/CC/venv/lib64/python3.9/site-packages/eth_utils/address.py", line 73, in to_normalized_address
    hex_address = hexstr_if_str(to_hex, value).lower()
  File "/www/wwwroot/coinceeper.com/CC/venv/lib64/python3.9/site-packages/eth_utils/conversions.py", line 195, in hexstr_if_str
    raise ValueError(
ValueError: when sending a str, it must be a hex string. Got: 'FvwEAhmxKfeiG8SnEvq42hc6whRyY3EFYAvebMqDNDGCgxN5Z'
2025-07-24 01:19:25 - balance_service - ERROR - خطا در استفاده از API جایگزین 8: HTTPSConnectionPool(host='api.tronstation.io', port=443): Max retries exceeded with url: /v1/accounts/TThYm3MEjNKuTBxeUhptEqbPWbNEHBavND/tokens (Caused by NameResolutionError("<urllib3.connection.HTTPSConnection object at 0x7fdcd5729df0>: Failed to resolve 'api.tronstation.io' ([Errno -2] Name or service not known)"))
2025-07-24 01:19:26 - balance_service - ERROR - خطا در استفاده از API جایگزین 8: HTTPSConnectionPool(host='api.tronstation.io', port=443): Max retries exceeded with url: /v1/accounts/TThYm3MEjNKuTBxeUhptEqbPWbNEHBavND/tokens (Caused by NameResolutionError("<urllib3.connection.HTTPSConnection object at 0x7fdcd57cb6a0>: Failed to resolve 'api.tronstation.io' ([Errno -2] Name or service not known)"))
2025-07-24 01:19:26 - balance_service - ERROR - خطا در استفاده از API جایگزین 8: HTTPSConnectionPool(host='api.tronstation.io', port=443): Max retries exceeded with url: /v1/accounts/TThYm3MEjNKuTBxeUhptEqbPWbNEHBavND/tokens (Caused by NameResolutionError("<urllib3.connection.HTTPSConnection object at 0x7fdcd5726460>: Failed to resolve 'api.tronstation.io' ([Errno -2] Name or service not known)"))
2025-07-24 01:19:38 - balance_service - WARNING - No native currency found for blockchain Bitcoin
2025-07-24 01:19:38 - balance_service - WARNING - No native currency found for blockchain Avalanche
2025-07-24 01:19:38 - balance_service - WARNING - No native currency found for blockchain Arbitrum
2025-07-24 01:19:38 - balance_service - WARNING - No native currency found for blockchain Polkadot
2025-07-24 01:19:39 - balance_service - WARNING - خطا در دریافت موجودی TRC20 با API اصلی: 404 - {"timestamp":"2025-07-24T01:19:39.255+00:00","status":404,"error":"Not Found","path":"/v1/accounts/TThYm3MEjNKuTBxeUhptEqbPWbNEHBavND/tokens"}
2025-07-24 01:19:39 - balance_service - WARNING - خطا در دریافت موجودی TRC20 با API اصلی: 404 - {"timestamp":"2025-07-24T01:19:39.430+00:00","status":404,"error":"Not Found","path":"/v1/accounts/TThYm3MEjNKuTBxeUhptEqbPWbNEHBavND/tokens"}
2025-07-24 01:19:40 - balance_service - ERROR - Error getting EVM token balance on Avalanche: when sending a str, it must be a hex string. Got: 'FvwEAhmxKfeiG8SnEvq42hc6whRyY3EFYAvebMqDNDGCgxN5Z'
Traceback (most recent call last):
  File "/www/wwwroot/coinceeper.com/CC/services/balance_service.py", line 157, in get_token_balance
    address=Web3.to_checksum_address(contract_address),
  File "/www/wwwroot/coinceeper.com/CC/venv/lib64/python3.9/site-packages/web3/main.py", line 268, in to_checksum_address
    return to_checksum_address(value)
  File "/www/wwwroot/coinceeper.com/CC/venv/lib64/python3.9/site-packages/eth_utils/address.py", line 129, in to_checksum_address
    norm_address = to_normalized_address(value)
  File "/www/wwwroot/coinceeper.com/CC/venv/lib64/python3.9/site-packages/eth_utils/address.py", line 73, in to_normalized_address
    hex_address = hexstr_if_str(to_hex, value).lower()
  File "/www/wwwroot/coinceeper.com/CC/venv/lib64/python3.9/site-packages/eth_utils/conversions.py", line 195, in hexstr_if_str
    raise ValueError(
ValueError: when sending a str, it must be a hex string. Got: 'FvwEAhmxKfeiG8SnEvq42hc6whRyY3EFYAvebMqDNDGCgxN5Z'
2025-07-24 01:19:40 - balance_service - WARNING - خطا در دریافت موجودی TRC20 با API اصلی: 404 - {"timestamp":"2025-07-24T01:19:40.352+00:00","status":404,"error":"Not Found","path":"/v1/accounts/TThYm3MEjNKuTBxeUhptEqbPWbNEHBavND/tokens"}
2025-07-24 01:19:40 - balance_service - ERROR - خطا در استفاده از API جایگزین 8: HTTPSConnectionPool(host='api.tronstation.io', port=443): Max retries exceeded with url: /v1/accounts/TThYm3MEjNKuTBxeUhptEqbPWbNEHBavND/tokens (Caused by NameResolutionError("<urllib3.connection.HTTPSConnection object at 0x7fdcd566e8e0>: Failed to resolve 'api.tronstation.io' ([Errno -2] Name or service not known)"))
2025-07-24 01:19:41 - balance_service - ERROR - خطا در استفاده از API جایگزین 8: HTTPSConnectionPool(host='api.tronstation.io', port=443): Max retries exceeded with url: /v1/accounts/TThYm3MEjNKuTBxeUhptEqbPWbNEHBavND/tokens (Caused by NameResolutionError("<urllib3.connection.HTTPSConnection object at 0x7fdcd498beb0>: Failed to resolve 'api.tronstation.io' ([Errno -2] Name or service not known)"))
2025-07-24 01:19:41 - balance_service - WARNING - No native currency found for blockchain Bitcoin
2025-07-24 01:19:41 - balance_service - WARNING - No native currency found for blockchain Avalanche
2025-07-24 01:19:41 - balance_service - WARNING - No native currency found for blockchain Arbitrum
2025-07-24 01:19:41 - balance_service - WARNING - No native currency found for blockchain Polkadot
2025-07-24 01:19:42 - balance_service - ERROR - خطا در استفاده از API جایگزین 8: HTTPSConnectionPool(host='api.tronstation.io', port=443): Max retries exceeded with url: /v1/accounts/TThYm3MEjNKuTBxeUhptEqbPWbNEHBavND/tokens (Caused by NameResolutionError("<urllib3.connection.HTTPSConnection object at 0x7fdcd5770220>: Failed to resolve 'api.tronstation.io' ([Errno -2] Name or service not known)"))
2025-07-24 01:19:43 - balance_service - WARNING - خطا در دریافت موجودی TRC20 با API اصلی: 404 - {"timestamp":"2025-07-24T01:19:43.187+00:00","status":404,"error":"Not Found","path":"/v1/accounts/TWyAnjcB8sewToecDueSbKGfC7hKfHLCnM/tokens"}
2025-07-24 01:19:43 - balance_service - WARNING - خطا در دریافت موجودی TRC20 با API اصلی: 404 - {"timestamp":"2025-07-24T01:19:43.380+00:00","status":404,"error":"Not Found","path":"/v1/accounts/TWyAnjcB8sewToecDueSbKGfC7hKfHLCnM/tokens"}
2025-07-24 01:19:44 - balance_service - ERROR - Error getting EVM token balance on Avalanche: when sending a str, it must be a hex string. Got: 'FvwEAhmxKfeiG8SnEvq42hc6whRyY3EFYAvebMqDNDGCgxN5Z'
Traceback (most recent call last):
  File "/www/wwwroot/coinceeper.com/CC/services/balance_service.py", line 157, in get_token_balance
    address=Web3.to_checksum_address(contract_address),
  File "/www/wwwroot/coinceeper.com/CC/venv/lib64/python3.9/site-packages/web3/main.py", line 268, in to_checksum_address
    return to_checksum_address(value)
  File "/www/wwwroot/coinceeper.com/CC/venv/lib64/python3.9/site-packages/eth_utils/address.py", line 129, in to_checksum_address
    norm_address = to_normalized_address(value)
  File "/www/wwwroot/coinceeper.com/CC/venv/lib64/python3.9/site-packages/eth_utils/address.py", line 73, in to_normalized_address
    hex_address = hexstr_if_str(to_hex, value).lower()
  File "/www/wwwroot/coinceeper.com/CC/venv/lib64/python3.9/site-packages/eth_utils/conversions.py", line 195, in hexstr_if_str
    raise ValueError(
ValueError: when sending a str, it must be a hex string. Got: 'FvwEAhmxKfeiG8SnEvq42hc6whRyY3EFYAvebMqDNDGCgxN5Z'
2025-07-24 01:19:44 - balance_service - WARNING - خطا در دریافت موجودی TRC20 با API اصلی: 404 - {"timestamp":"2025-07-24T01:19:44.352+00:00","status":404,"error":"Not Found","path":"/v1/accounts/TWyAnjcB8sewToecDueSbKGfC7hKfHLCnM/tokens"}
2025-07-24 01:19:44 - balance_service - ERROR - خطا در استفاده از API جایگزین 8: HTTPSConnectionPool(host='api.tronstation.io', port=443): Max retries exceeded with url: /v1/accounts/TWyAnjcB8sewToecDueSbKGfC7hKfHLCnM/tokens (Caused by NameResolutionError("<urllib3.connection.HTTPSConnection object at 0x7fdcd40deaf0>: Failed to resolve 'api.tronstation.io' ([Errno -2] Name or service not known)"))
2025-07-24 01:19:45 - balance_service - ERROR - خطا در استفاده از API جایگزین 8: HTTPSConnectionPool(host='api.tronstation.io', port=443): Max retries exceeded with url: /v1/accounts/TWyAnjcB8sewToecDueSbKGfC7hKfHLCnM/tokens (Caused by NameResolutionError("<urllib3.connection.HTTPSConnection object at 0x7fdcd4122b50>: Failed to resolve 'api.tronstation.io' ([Errno -2] Name or service not known)"))
2025-07-24 01:19:46 - balance_service - ERROR - خطا در استفاده از API جایگزین 8: HTTPSConnectionPool(host='api.tronstation.io', port=443): Max retries exceeded with url: /v1/accounts/TWyAnjcB8sewToecDueSbKGfC7hKfHLCnM/tokens (Caused by NameResolutionError("<urllib3.connection.HTTPSConnection object at 0x7fdcd41b24f0>: Failed to resolve 'api.tronstation.io' ([Errno -2] Name or service not known)"))
2025-07-24 01:20:06 - balance_service - WARNING - No native currency found for blockchain Bitcoin
2025-07-24 01:20:06 - balance_service - WARNING - No native currency found for blockchain Avalanche
2025-07-24 01:20:06 - balance_service - WARNING - No native currency found for blockchain Arbitrum
2025-07-24 01:20:06 - balance_service - WARNING - No native currency found for blockchain Polkadot
2025-07-24 01:20:07 - balance_service - WARNING - خطا در دریافت موجودی TRC20 با API اصلی: 404 - {"timestamp":"2025-07-24T01:20:07.755+00:00","status":404,"error":"Not Found","path":"/v1/accounts/TWyAnjcB8sewToecDueSbKGfC7hKfHLCnM/tokens"}
2025-07-24 01:20:07 - balance_service - WARNING - خطا در دریافت موجودی TRC20 با API اصلی: 404 - {"timestamp":"2025-07-24T01:20:07.944+00:00","status":404,"error":"Not Found","path":"/v1/accounts/TWyAnjcB8sewToecDueSbKGfC7hKfHLCnM/tokens"}
2025-07-24 01:20:08 - balance_service - WARNING - خطا در دریافت موجودی TRC20 با API اصلی: 404 - {"timestamp":"2025-07-24T01:20:08.624+00:00","status":404,"error":"Not Found","path":"/v1/accounts/TWyAnjcB8sewToecDueSbKGfC7hKfHLCnM/tokens"}
2025-07-24 01:20:08 - balance_service - ERROR - Error getting EVM token balance on Avalanche: when sending a str, it must be a hex string. Got: 'FvwEAhmxKfeiG8SnEvq42hc6whRyY3EFYAvebMqDNDGCgxN5Z'
Traceback (most recent call last):
  File "/www/wwwroot/coinceeper.com/CC/services/balance_service.py", line 157, in get_token_balance
    address=Web3.to_checksum_address(contract_address),
  File "/www/wwwroot/coinceeper.com/CC/venv/lib64/python3.9/site-packages/web3/main.py", line 268, in to_checksum_address
    return to_checksum_address(value)
  File "/www/wwwroot/coinceeper.com/CC/venv/lib64/python3.9/site-packages/eth_utils/address.py", line 129, in to_checksum_address
    norm_address = to_normalized_address(value)
  File "/www/wwwroot/coinceeper.com/CC/venv/lib64/python3.9/site-packages/eth_utils/address.py", line 73, in to_normalized_address
    hex_address = hexstr_if_str(to_hex, value).lower()
  File "/www/wwwroot/coinceeper.com/CC/venv/lib64/python3.9/site-packages/eth_utils/conversions.py", line 195, in hexstr_if_str
    raise ValueError(
ValueError: when sending a str, it must be a hex string. Got: 'FvwEAhmxKfeiG8SnEvq42hc6whRyY3EFYAvebMqDNDGCgxN5Z'
2025-07-24 01:20:09 - balance_service - ERROR - خطا در استفاده از API جایگزین 8: HTTPSConnectionPool(host='api.tronstation.io', port=443): Max retries exceeded with url: /v1/accounts/TWyAnjcB8sewToecDueSbKGfC7hKfHLCnM/tokens (Caused by NameResolutionError("<urllib3.connection.HTTPSConnection object at 0x7fdcd4047250>: Failed to resolve 'api.tronstation.io' ([Errno -2] Name or service not known)"))
2025-07-24 01:20:09 - balance_service - ERROR - خطا در استفاده از API جایگزین 8: HTTPSConnectionPool(host='api.tronstation.io', port=443): Max retries exceeded with url: /v1/accounts/TWyAnjcB8sewToecDueSbKGfC7hKfHLCnM/tokens (Caused by NameResolutionError("<urllib3.connection.HTTPSConnection object at 0x7fdcd402fc10>: Failed to resolve 'api.tronstation.io' ([Errno -2] Name or service not known)"))
2025-07-24 01:20:10 - balance_service - ERROR - خطا در استفاده از API جایگزین 8: HTTPSConnectionPool(host='api.tronstation.io', port=443): Max retries exceeded with url: /v1/accounts/TWyAnjcB8sewToecDueSbKGfC7hKfHLCnM/tokens (Caused by NameResolutionError("<urllib3.connection.HTTPSConnection object at 0x7fdcd40de760>: Failed to resolve 'api.tronstation.io' ([Errno -2] Name or service not known)"))
2025-07-24 09:27:04 - balance_service - WARNING - No native currency found for blockchain Bitcoin
2025-07-24 09:27:04 - balance_service - WARNING - No native currency found for blockchain Avalanche
2025-07-24 09:27:04 - balance_service - WARNING - No native currency found for blockchain Arbitrum
2025-07-24 09:27:04 - balance_service - WARNING - No native currency found for blockchain Polkadot
2025-07-24 09:27:04 - balance_service - WARNING - خطا در دریافت موجودی TRC20 با API اصلی: 404 - {"timestamp":"2025-07-24T09:27:04.534+00:00","status":404,"error":"Not Found","path":"/v1/accounts/TWxYj1EgkXikRh3SszVUQniB6NcLNKeRfy/tokens"}
2025-07-24 09:27:04 - balance_service - WARNING - خطا در دریافت موجودی TRC20 با API اصلی: 404 - {"timestamp":"2025-07-24T09:27:04.803+00:00","status":404,"error":"Not Found","path":"/v1/accounts/TWxYj1EgkXikRh3SszVUQniB6NcLNKeRfy/tokens"}
2025-07-24 09:27:05 - balance_service - ERROR - Error getting EVM token balance on Avalanche: when sending a str, it must be a hex string. Got: 'FvwEAhmxKfeiG8SnEvq42hc6whRyY3EFYAvebMqDNDGCgxN5Z'
Traceback (most recent call last):
  File "/www/wwwroot/coinceeper.com/CC/services/balance_service.py", line 157, in get_token_balance
    address=Web3.to_checksum_address(contract_address),
  File "/www/wwwroot/coinceeper.com/CC/venv/lib64/python3.9/site-packages/web3/main.py", line 268, in to_checksum_address
    return to_checksum_address(value)
  File "/www/wwwroot/coinceeper.com/CC/venv/lib64/python3.9/site-packages/eth_utils/address.py", line 129, in to_checksum_address
    norm_address = to_normalized_address(value)
  File "/www/wwwroot/coinceeper.com/CC/venv/lib64/python3.9/site-packages/eth_utils/address.py", line 73, in to_normalized_address
    hex_address = hexstr_if_str(to_hex, value).lower()
  File "/www/wwwroot/coinceeper.com/CC/venv/lib64/python3.9/site-packages/eth_utils/conversions.py", line 195, in hexstr_if_str
    raise ValueError(
ValueError: when sending a str, it must be a hex string. Got: 'FvwEAhmxKfeiG8SnEvq42hc6whRyY3EFYAvebMqDNDGCgxN5Z'
2025-07-24 09:27:05 - balance_service - WARNING - خطا در دریافت موجودی TRC20 با API اصلی: 404 - {"timestamp":"2025-07-24T09:27:05.306+00:00","status":404,"error":"Not Found","path":"/v1/accounts/TWxYj1EgkXikRh3SszVUQniB6NcLNKeRfy/tokens"}
2025-07-24 09:27:06 - balance_service - ERROR - خطا در استفاده از API جایگزین 8: HTTPSConnectionPool(host='api.tronstation.io', port=443): Max retries exceeded with url: /v1/accounts/TWxYj1EgkXikRh3SszVUQniB6NcLNKeRfy/tokens (Caused by NameResolutionError("<urllib3.connection.HTTPSConnection object at 0x7fdcd5d07cd0>: Failed to resolve 'api.tronstation.io' ([Errno -2] Name or service not known)"))
2025-07-24 09:27:06 - balance_service - ERROR - خطا در استفاده از API جایگزین 8: HTTPSConnectionPool(host='api.tronstation.io', port=443): Max retries exceeded with url: /v1/accounts/TWxYj1EgkXikRh3SszVUQniB6NcLNKeRfy/tokens (Caused by NameResolutionError("<urllib3.connection.HTTPSConnection object at 0x7fdcd439ef70>: Failed to resolve 'api.tronstation.io' ([Errno -2] Name or service not known)"))
2025-07-24 09:27:07 - balance_service - ERROR - Error getting EVM token balance on Ethereum: 429 Client Error: Too Many Requests for url: https://mainnet.infura.io/v3/a8ab43a04ce044de988a838d92f478a7
Traceback (most recent call last):
  File "/www/wwwroot/coinceeper.com/CC/services/balance_service.py", line 163, in get_token_balance
    balance = token_contract.functions.balanceOf(
  File "/www/wwwroot/coinceeper.com/CC/venv/lib64/python3.9/site-packages/web3/contract/contract.py", line 291, in call
    return call_contract_function(
  File "/www/wwwroot/coinceeper.com/CC/venv/lib64/python3.9/site-packages/web3/contract/utils.py", line 154, in call_contract_function
    return_data = w3.eth.call(
  File "/www/wwwroot/coinceeper.com/CC/venv/lib64/python3.9/site-packages/web3/eth/eth.py", line 247, in call
    return self._durin_call(transaction, block_identifier, state_override)
  File "/www/wwwroot/coinceeper.com/CC/venv/lib64/python3.9/site-packages/web3/eth/eth.py", line 266, in _durin_call
    return self._call(transaction, block_identifier, state_override)
  File "/www/wwwroot/coinceeper.com/CC/venv/lib64/python3.9/site-packages/web3/module.py", line 112, in caller
    result = w3.manager.request_blocking(
  File "/www/wwwroot/coinceeper.com/CC/venv/lib64/python3.9/site-packages/web3/manager.py", line 231, in request_blocking
    response = self._make_request(method, params)
  File "/www/wwwroot/coinceeper.com/CC/venv/lib64/python3.9/site-packages/web3/manager.py", line 163, in _make_request
    return request_func(method, params)
  File "/www/wwwroot/coinceeper.com/CC/venv/lib64/python3.9/site-packages/web3/middleware/base.py", line 56, in middleware
    return self.response_processor(method, make_request(method, params))
  File "/www/wwwroot/coinceeper.com/CC/venv/lib64/python3.9/site-packages/web3/middleware/base.py", line 56, in middleware
    return self.response_processor(method, make_request(method, params))
  File "/www/wwwroot/coinceeper.com/CC/venv/lib64/python3.9/site-packages/web3/middleware/base.py", line 56, in middleware
    return self.response_processor(method, make_request(method, params))
  [Previous line repeated 2 more times]
  File "/www/wwwroot/coinceeper.com/CC/venv/lib64/python3.9/site-packages/web3/_utils/caching/caching_utils.py", line 261, in wrapper
    return func(provider, method, params)
  File "/www/wwwroot/coinceeper.com/CC/venv/lib64/python3.9/site-packages/web3/providers/rpc/rpc.py", line 170, in make_request
    raw_response = self._make_request(method, request_data)
  File "/www/wwwroot/coinceeper.com/CC/venv/lib64/python3.9/site-packages/web3/providers/rpc/rpc.py", line 157, in _make_request
    raise e
  File "/www/wwwroot/coinceeper.com/CC/venv/lib64/python3.9/site-packages/web3/providers/rpc/rpc.py", line 147, in _make_request
    return self._request_session_manager.make_post_request(
  File "/www/wwwroot/coinceeper.com/CC/venv/lib64/python3.9/site-packages/web3/_utils/http_session_manager.py", line 148, in make_post_request
    response.raise_for_status()
  File "/www/wwwroot/coinceeper.com/CC/venv/lib64/python3.9/site-packages/requests/models.py", line 1024, in raise_for_status
    raise HTTPError(http_error_msg, response=self)
requests.exceptions.HTTPError: 429 Client Error: Too Many Requests for url: https://mainnet.infura.io/v3/a8ab43a04ce044de988a838d92f478a7
2025-07-24 09:27:07 - balance_service - ERROR - خطا در استفاده از API جایگزین 8: HTTPSConnectionPool(host='api.tronstation.io', port=443): Max retries exceeded with url: /v1/accounts/TWxYj1EgkXikRh3SszVUQniB6NcLNKeRfy/tokens (Caused by NameResolutionError("<urllib3.connection.HTTPSConnection object at 0x7fdcd5b6c040>: Failed to resolve 'api.tronstation.io' ([Errno -2] Name or service not known)"))
2025-07-24 09:48:18 - balance_service - WARNING - No native currency found for blockchain Bitcoin
2025-07-24 09:48:18 - balance_service - WARNING - No native currency found for blockchain Avalanche
2025-07-24 09:48:18 - balance_service - WARNING - No native currency found for blockchain Arbitrum
2025-07-24 09:48:18 - balance_service - WARNING - No native currency found for blockchain Polkadot
2025-07-24 09:48:18 - balance_service - WARNING - خطا در دریافت موجودی TRC20 با API اصلی: 404 - {"timestamp":"2025-07-24T09:48:18.831+00:00","status":404,"error":"Not Found","path":"/v1/accounts/TWxYj1EgkXikRh3SszVUQniB6NcLNKeRfy/tokens"}
2025-07-24 09:48:19 - balance_service - WARNING - خطا در دریافت موجودی TRC20 با API اصلی: 404 - {"timestamp":"2025-07-24T09:48:19.183+00:00","status":404,"error":"Not Found","path":"/v1/accounts/TWxYj1EgkXikRh3SszVUQniB6NcLNKeRfy/tokens"}
2025-07-24 09:48:19 - balance_service - ERROR - Error getting EVM token balance on Avalanche: when sending a str, it must be a hex string. Got: 'FvwEAhmxKfeiG8SnEvq42hc6whRyY3EFYAvebMqDNDGCgxN5Z'
Traceback (most recent call last):
  File "/www/wwwroot/coinceeper.com/CC/services/balance_service.py", line 157, in get_token_balance
    address=Web3.to_checksum_address(contract_address),
  File "/www/wwwroot/coinceeper.com/CC/venv/lib64/python3.9/site-packages/web3/main.py", line 268, in to_checksum_address
    return to_checksum_address(value)
  File "/www/wwwroot/coinceeper.com/CC/venv/lib64/python3.9/site-packages/eth_utils/address.py", line 129, in to_checksum_address
    norm_address = to_normalized_address(value)
  File "/www/wwwroot/coinceeper.com/CC/venv/lib64/python3.9/site-packages/eth_utils/address.py", line 73, in to_normalized_address
    hex_address = hexstr_if_str(to_hex, value).lower()
  File "/www/wwwroot/coinceeper.com/CC/venv/lib64/python3.9/site-packages/eth_utils/conversions.py", line 195, in hexstr_if_str
    raise ValueError(
ValueError: when sending a str, it must be a hex string. Got: 'FvwEAhmxKfeiG8SnEvq42hc6whRyY3EFYAvebMqDNDGCgxN5Z'
2025-07-24 09:48:19 - balance_service - WARNING - خطا در دریافت موجودی TRC20 با API اصلی: 404 - {"timestamp":"2025-07-24T09:48:19.557+00:00","status":404,"error":"Not Found","path":"/v1/accounts/TWxYj1EgkXikRh3SszVUQniB6NcLNKeRfy/tokens"}
2025-07-24 09:48:20 - balance_service - ERROR - خطا در استفاده از API جایگزین 8: HTTPSConnectionPool(host='api.tronstation.io', port=443): Max retries exceeded with url: /v1/accounts/TWxYj1EgkXikRh3SszVUQniB6NcLNKeRfy/tokens (Caused by NameResolutionError("<urllib3.connection.HTTPSConnection object at 0x7fdcd43941c0>: Failed to resolve 'api.tronstation.io' ([Errno -2] Name or service not known)"))
2025-07-24 09:48:20 - balance_service - ERROR - خطا در استفاده از API جایگزین 8: HTTPSConnectionPool(host='api.tronstation.io', port=443): Max retries exceeded with url: /v1/accounts/TWxYj1EgkXikRh3SszVUQniB6NcLNKeRfy/tokens (Caused by NameResolutionError("<urllib3.connection.HTTPSConnection object at 0x7fdcd4576130>: Failed to resolve 'api.tronstation.io' ([Errno -2] Name or service not known)"))
2025-07-24 09:48:21 - balance_service - ERROR - خطا در استفاده از API جایگزین 8: HTTPSConnectionPool(host='api.tronstation.io', port=443): Max retries exceeded with url: /v1/accounts/TWxYj1EgkXikRh3SszVUQniB6NcLNKeRfy/tokens (Caused by NameResolutionError("<urllib3.connection.HTTPSConnection object at 0x7fdcd4291250>: Failed to resolve 'api.tronstation.io' ([Errno -2] Name or service not known)"))
2025-07-24 10:14:41 - balance_service - WARNING - No native currency found for blockchain Bitcoin
2025-07-24 10:14:41 - balance_service - WARNING - No native currency found for blockchain Avalanche
2025-07-24 10:14:41 - balance_service - WARNING - No native currency found for blockchain Arbitrum
2025-07-24 10:14:41 - balance_service - WARNING - No native currency found for blockchain Polkadot
2025-07-24 10:14:42 - balance_service - WARNING - خطا در دریافت موجودی TRC20 با API اصلی: 404 - {"timestamp":"2025-07-24T10:14:42.165+00:00","status":404,"error":"Not Found","path":"/v1/accounts/TRXSwhGweeho32emqdAssVP6K3CxGNFPTr/tokens"}
2025-07-24 10:14:42 - balance_service - WARNING - خطا در دریافت موجودی TRC20 با API اصلی: 404 - {"timestamp":"2025-07-24T10:14:42.483+00:00","status":404,"error":"Not Found","path":"/v1/accounts/TRXSwhGweeho32emqdAssVP6K3CxGNFPTr/tokens"}
2025-07-24 10:14:42 - balance_service - WARNING - خطا در دریافت موجودی TRC20 با API اصلی: 404 - {"timestamp":"2025-07-24T10:14:42.906+00:00","status":404,"error":"Not Found","path":"/v1/accounts/TRXSwhGweeho32emqdAssVP6K3CxGNFPTr/tokens"}
2025-07-24 10:14:43 - balance_service - ERROR - Error getting EVM token balance on Avalanche: when sending a str, it must be a hex string. Got: 'FvwEAhmxKfeiG8SnEvq42hc6whRyY3EFYAvebMqDNDGCgxN5Z'
Traceback (most recent call last):
  File "/www/wwwroot/coinceeper.com/CC/services/balance_service.py", line 157, in get_token_balance
    address=Web3.to_checksum_address(contract_address),
  File "/www/wwwroot/coinceeper.com/CC/venv/lib64/python3.9/site-packages/web3/main.py", line 268, in to_checksum_address
    return to_checksum_address(value)
  File "/www/wwwroot/coinceeper.com/CC/venv/lib64/python3.9/site-packages/eth_utils/address.py", line 129, in to_checksum_address
    norm_address = to_normalized_address(value)
  File "/www/wwwroot/coinceeper.com/CC/venv/lib64/python3.9/site-packages/eth_utils/address.py", line 73, in to_normalized_address
    hex_address = hexstr_if_str(to_hex, value).lower()
  File "/www/wwwroot/coinceeper.com/CC/venv/lib64/python3.9/site-packages/eth_utils/conversions.py", line 195, in hexstr_if_str
    raise ValueError(
ValueError: when sending a str, it must be a hex string. Got: 'FvwEAhmxKfeiG8SnEvq42hc6whRyY3EFYAvebMqDNDGCgxN5Z'
2025-07-24 10:14:43 - balance_service - ERROR - خطا در استفاده از API جایگزین 8: HTTPSConnectionPool(host='api.tronstation.io', port=443): Max retries exceeded with url: /v1/accounts/TRXSwhGweeho32emqdAssVP6K3CxGNFPTr/tokens (Caused by NameResolutionError("<urllib3.connection.HTTPSConnection object at 0x7fdcd5bdc430>: Failed to resolve 'api.tronstation.io' ([Errno -2] Name or service not known)"))
2025-07-24 10:14:44 - balance_service - ERROR - خطا در استفاده از API جایگزین 8: HTTPSConnectionPool(host='api.tronstation.io', port=443): Max retries exceeded with url: /v1/accounts/TRXSwhGweeho32emqdAssVP6K3CxGNFPTr/tokens (Caused by NameResolutionError("<urllib3.connection.HTTPSConnection object at 0x7fdcd5bdc970>: Failed to resolve 'api.tronstation.io' ([Errno -2] Name or service not known)"))
2025-07-24 10:14:44 - balance_service - ERROR - خطا در استفاده از API جایگزین 8: HTTPSConnectionPool(host='api.tronstation.io', port=443): Max retries exceeded with url: /v1/accounts/TRXSwhGweeho32emqdAssVP6K3CxGNFPTr/tokens (Caused by NameResolutionError("<urllib3.connection.HTTPSConnection object at 0x7fdcd4441220>: Failed to resolve 'api.tronstation.io' ([Errno -2] Name or service not known)"))
2025-07-24 10:14:53 - balance_service - WARNING - No native currency found for blockchain Bitcoin
2025-07-24 10:14:53 - balance_service - WARNING - No native currency found for blockchain Avalanche
2025-07-24 10:14:53 - balance_service - WARNING - No native currency found for blockchain Arbitrum
2025-07-24 10:14:53 - balance_service - WARNING - No native currency found for blockchain Polkadot
2025-07-24 10:14:54 - balance_service - WARNING - خطا در دریافت موجودی TRC20 با API اصلی: 404 - {"timestamp":"2025-07-24T10:14:54.483+00:00","status":404,"error":"Not Found","path":"/v1/accounts/TRXSwhGweeho32emqdAssVP6K3CxGNFPTr/tokens"}
2025-07-24 10:14:54 - balance_service - WARNING - خطا در دریافت موجودی TRC20 با API اصلی: 404 - {"timestamp":"2025-07-24T10:14:54.698+00:00","status":404,"error":"Not Found","path":"/v1/accounts/TRXSwhGweeho32emqdAssVP6K3CxGNFPTr/tokens"}
2025-07-24 10:14:55 - balance_service - WARNING - خطا در دریافت موجودی TRC20 با API اصلی: 404 - {"timestamp":"2025-07-24T10:14:55.192+00:00","status":404,"error":"Not Found","path":"/v1/accounts/TRXSwhGweeho32emqdAssVP6K3CxGNFPTr/tokens"}
2025-07-24 10:14:55 - balance_service - ERROR - Error getting EVM token balance on Avalanche: when sending a str, it must be a hex string. Got: 'FvwEAhmxKfeiG8SnEvq42hc6whRyY3EFYAvebMqDNDGCgxN5Z'
Traceback (most recent call last):
  File "/www/wwwroot/coinceeper.com/CC/services/balance_service.py", line 157, in get_token_balance
    address=Web3.to_checksum_address(contract_address),
  File "/www/wwwroot/coinceeper.com/CC/venv/lib64/python3.9/site-packages/web3/main.py", line 268, in to_checksum_address
    return to_checksum_address(value)
  File "/www/wwwroot/coinceeper.com/CC/venv/lib64/python3.9/site-packages/eth_utils/address.py", line 129, in to_checksum_address
    norm_address = to_normalized_address(value)
  File "/www/wwwroot/coinceeper.com/CC/venv/lib64/python3.9/site-packages/eth_utils/address.py", line 73, in to_normalized_address
    hex_address = hexstr_if_str(to_hex, value).lower()
  File "/www/wwwroot/coinceeper.com/CC/venv/lib64/python3.9/site-packages/eth_utils/conversions.py", line 195, in hexstr_if_str
    raise ValueError(
ValueError: when sending a str, it must be a hex string. Got: 'FvwEAhmxKfeiG8SnEvq42hc6whRyY3EFYAvebMqDNDGCgxN5Z'
2025-07-24 10:14:56 - balance_service - ERROR - خطا در استفاده از API جایگزین 8: HTTPSConnectionPool(host='api.tronstation.io', port=443): Max retries exceeded with url: /v1/accounts/TRXSwhGweeho32emqdAssVP6K3CxGNFPTr/tokens (Caused by NameResolutionError("<urllib3.connection.HTTPSConnection object at 0x7fdcd5b46a30>: Failed to resolve 'api.tronstation.io' ([Errno -2] Name or service not known)"))
2025-07-24 10:14:56 - balance_service - ERROR - خطا در استفاده از API جایگزین 8: HTTPSConnectionPool(host='api.tronstation.io', port=443): Max retries exceeded with url: /v1/accounts/TRXSwhGweeho32emqdAssVP6K3CxGNFPTr/tokens (Caused by NameResolutionError("<urllib3.connection.HTTPSConnection object at 0x7fdcd45e3a90>: Failed to resolve 'api.tronstation.io' ([Errno -2] Name or service not known)"))
2025-07-24 10:14:56 - balance_service - ERROR - خطا در استفاده از API جایگزین 8: HTTPSConnectionPool(host='api.tronstation.io', port=443): Max retries exceeded with url: /v1/accounts/TRXSwhGweeho32emqdAssVP6K3CxGNFPTr/tokens (Caused by NameResolutionError("<urllib3.connection.HTTPSConnection object at 0x7fdcd42893a0>: Failed to resolve 'api.tronstation.io' ([Errno -2] Name or service not known)"))
2025-07-24 10:18:01 - balance_service - WARNING - No native currency found for blockchain Bitcoin
2025-07-24 10:18:01 - balance_service - WARNING - No native currency found for blockchain Avalanche
2025-07-24 10:18:01 - balance_service - WARNING - No native currency found for blockchain Arbitrum
2025-07-24 10:18:01 - balance_service - WARNING - No native currency found for blockchain Polkadot
2025-07-24 10:18:02 - balance_service - WARNING - خطا در دریافت موجودی TRC20 با API اصلی: 404 - {"timestamp":"2025-07-24T10:18:02.729+00:00","status":404,"error":"Not Found","path":"/v1/accounts/TTq8GRwfW26C3nP9HfHHYZmdtvCttqCfGZ/tokens"}
2025-07-24 10:18:02 - balance_service - WARNING - خطا در دریافت موجودی TRC20 با API اصلی: 404 - {"timestamp":"2025-07-24T10:18:02.950+00:00","status":404,"error":"Not Found","path":"/v1/accounts/TTq8GRwfW26C3nP9HfHHYZmdtvCttqCfGZ/tokens"}
2025-07-24 10:18:03 - balance_service - WARNING - خطا در دریافت موجودی TRC20 با API اصلی: 404 - {"timestamp":"2025-07-24T10:18:03.615+00:00","status":404,"error":"Not Found","path":"/v1/accounts/TTq8GRwfW26C3nP9HfHHYZmdtvCttqCfGZ/tokens"}
2025-07-24 10:18:03 - balance_service - ERROR - Error getting EVM token balance on Avalanche: when sending a str, it must be a hex string. Got: 'FvwEAhmxKfeiG8SnEvq42hc6whRyY3EFYAvebMqDNDGCgxN5Z'
Traceback (most recent call last):
  File "/www/wwwroot/coinceeper.com/CC/services/balance_service.py", line 157, in get_token_balance
    address=Web3.to_checksum_address(contract_address),
  File "/www/wwwroot/coinceeper.com/CC/venv/lib64/python3.9/site-packages/web3/main.py", line 268, in to_checksum_address
    return to_checksum_address(value)
  File "/www/wwwroot/coinceeper.com/CC/venv/lib64/python3.9/site-packages/eth_utils/address.py", line 129, in to_checksum_address
    norm_address = to_normalized_address(value)
  File "/www/wwwroot/coinceeper.com/CC/venv/lib64/python3.9/site-packages/eth_utils/address.py", line 73, in to_normalized_address
    hex_address = hexstr_if_str(to_hex, value).lower()
  File "/www/wwwroot/coinceeper.com/CC/venv/lib64/python3.9/site-packages/eth_utils/conversions.py", line 195, in hexstr_if_str
    raise ValueError(
ValueError: when sending a str, it must be a hex string. Got: 'FvwEAhmxKfeiG8SnEvq42hc6whRyY3EFYAvebMqDNDGCgxN5Z'
2025-07-24 10:18:04 - balance_service - ERROR - خطا در استفاده از API جایگزین 8: HTTPSConnectionPool(host='api.tronstation.io', port=443): Max retries exceeded with url: /v1/accounts/TTq8GRwfW26C3nP9HfHHYZmdtvCttqCfGZ/tokens (Caused by NameResolutionError("<urllib3.connection.HTTPSConnection object at 0x7fdcd42ba310>: Failed to resolve 'api.tronstation.io' ([Errno -2] Name or service not known)"))
2025-07-24 10:18:04 - balance_service - ERROR - خطا در استفاده از API جایگزین 8: HTTPSConnectionPool(host='api.tronstation.io', port=443): Max retries exceeded with url: /v1/accounts/TTq8GRwfW26C3nP9HfHHYZmdtvCttqCfGZ/tokens (Caused by NameResolutionError("<urllib3.connection.HTTPSConnection object at 0x7fdcd4289af0>: Failed to resolve 'api.tronstation.io' ([Errno -2] Name or service not known)"))
2025-07-24 10:18:05 - balance_service - ERROR - خطا در استفاده از API جایگزین 8: HTTPSConnectionPool(host='api.tronstation.io', port=443): Max retries exceeded with url: /v1/accounts/TTq8GRwfW26C3nP9HfHHYZmdtvCttqCfGZ/tokens (Caused by NameResolutionError("<urllib3.connection.HTTPSConnection object at 0x7fdcd59e5cd0>: Failed to resolve 'api.tronstation.io' ([Errno -2] Name or service not known)"))
2025-07-24 10:43:18 - balance_service - WARNING - No native currency found for blockchain Bitcoin
2025-07-24 10:43:18 - balance_service - WARNING - No native currency found for blockchain Avalanche
2025-07-24 10:43:18 - balance_service - WARNING - No native currency found for blockchain Arbitrum
2025-07-24 10:43:18 - balance_service - WARNING - No native currency found for blockchain Polkadot
2025-07-24 10:43:18 - balance_service - WARNING - خطا در دریافت موجودی TRC20 با API اصلی: 404 - {"timestamp":"2025-07-24T10:43:18.769+00:00","status":404,"error":"Not Found","path":"/v1/accounts/TGtHBp2wjyS4SApJgzrkfnNn7GG9qfDbGN/tokens"}
2025-07-24 10:43:19 - balance_service - WARNING - خطا در دریافت موجودی TRC20 با API اصلی: 404 - {"timestamp":"2025-07-24T10:43:18.996+00:00","status":404,"error":"Not Found","path":"/v1/accounts/TGtHBp2wjyS4SApJgzrkfnNn7GG9qfDbGN/tokens"}
2025-07-24 10:43:19 - balance_service - ERROR - Error getting EVM token balance on Avalanche: when sending a str, it must be a hex string. Got: 'FvwEAhmxKfeiG8SnEvq42hc6whRyY3EFYAvebMqDNDGCgxN5Z'
Traceback (most recent call last):
  File "/www/wwwroot/coinceeper.com/CC/services/balance_service.py", line 157, in get_token_balance
    address=Web3.to_checksum_address(contract_address),
  File "/www/wwwroot/coinceeper.com/CC/venv/lib64/python3.9/site-packages/web3/main.py", line 268, in to_checksum_address
    return to_checksum_address(value)
  File "/www/wwwroot/coinceeper.com/CC/venv/lib64/python3.9/site-packages/eth_utils/address.py", line 129, in to_checksum_address
    norm_address = to_normalized_address(value)
  File "/www/wwwroot/coinceeper.com/CC/venv/lib64/python3.9/site-packages/eth_utils/address.py", line 73, in to_normalized_address
    hex_address = hexstr_if_str(to_hex, value).lower()
  File "/www/wwwroot/coinceeper.com/CC/venv/lib64/python3.9/site-packages/eth_utils/conversions.py", line 195, in hexstr_if_str
    raise ValueError(
ValueError: when sending a str, it must be a hex string. Got: 'FvwEAhmxKfeiG8SnEvq42hc6whRyY3EFYAvebMqDNDGCgxN5Z'
2025-07-24 10:43:19 - balance_service - WARNING - خطا در دریافت موجودی TRC20 با API اصلی: 404 - {"timestamp":"2025-07-24T10:43:19.483+00:00","status":404,"error":"Not Found","path":"/v1/accounts/TGtHBp2wjyS4SApJgzrkfnNn7GG9qfDbGN/tokens"}
2025-07-24 10:43:20 - balance_service - ERROR - خطا در استفاده از API جایگزین 8: HTTPSConnectionPool(host='api.tronstation.io', port=443): Max retries exceeded with url: /v1/accounts/TGtHBp2wjyS4SApJgzrkfnNn7GG9qfDbGN/tokens (Caused by NameResolutionError("<urllib3.connection.HTTPSConnection object at 0x7fdcd581bdf0>: Failed to resolve 'api.tronstation.io' ([Errno -2] Name or service not known)"))
2025-07-24 10:43:20 - balance_service - ERROR - خطا در استفاده از API جایگزین 8: HTTPSConnectionPool(host='api.tronstation.io', port=443): Max retries exceeded with url: /v1/accounts/TGtHBp2wjyS4SApJgzrkfnNn7GG9qfDbGN/tokens (Caused by NameResolutionError("<urllib3.connection.HTTPSConnection object at 0x7fdcd72bfaf0>: Failed to resolve 'api.tronstation.io' ([Errno -2] Name or service not known)"))
2025-07-24 10:43:21 - balance_service - ERROR - خطا در استفاده از API جایگزین 8: HTTPSConnectionPool(host='api.tronstation.io', port=443): Max retries exceeded with url: /v1/accounts/TGtHBp2wjyS4SApJgzrkfnNn7GG9qfDbGN/tokens (Caused by NameResolutionError("<urllib3.connection.HTTPSConnection object at 0x7fdcd58e48e0>: Failed to resolve 'api.tronstation.io' ([Errno -2] Name or service not known)"))
2025-07-24 10:43:44 - balance_service - WARNING - No native currency found for blockchain Bitcoin
2025-07-24 10:43:44 - balance_service - WARNING - No native currency found for blockchain Avalanche
2025-07-24 10:43:44 - balance_service - WARNING - No native currency found for blockchain Arbitrum
2025-07-24 10:43:44 - balance_service - WARNING - No native currency found for blockchain Polkadot
2025-07-24 10:43:44 - balance_service - WARNING - خطا در دریافت موجودی TRC20 با API اصلی: 404 - {"timestamp":"2025-07-24T10:43:44.835+00:00","status":404,"error":"Not Found","path":"/v1/accounts/TGtHBp2wjyS4SApJgzrkfnNn7GG9qfDbGN/tokens"}
2025-07-24 10:43:45 - balance_service - WARNING - خطا در دریافت موجودی TRC20 با API اصلی: 404 - {"timestamp":"2025-07-24T10:43:45.027+00:00","status":404,"error":"Not Found","path":"/v1/accounts/TGtHBp2wjyS4SApJgzrkfnNn7GG9qfDbGN/tokens"}
2025-07-24 10:43:45 - balance_service - WARNING - خطا در دریافت موجودی TRC20 با API اصلی: 404 - {"timestamp":"2025-07-24T10:43:45.747+00:00","status":404,"error":"Not Found","path":"/v1/accounts/TGtHBp2wjyS4SApJgzrkfnNn7GG9qfDbGN/tokens"}
2025-07-24 10:43:45 - balance_service - ERROR - Error getting EVM token balance on Avalanche: when sending a str, it must be a hex string. Got: 'FvwEAhmxKfeiG8SnEvq42hc6whRyY3EFYAvebMqDNDGCgxN5Z'
Traceback (most recent call last):
  File "/www/wwwroot/coinceeper.com/CC/services/balance_service.py", line 157, in get_token_balance
    address=Web3.to_checksum_address(contract_address),
  File "/www/wwwroot/coinceeper.com/CC/venv/lib64/python3.9/site-packages/web3/main.py", line 268, in to_checksum_address
    return to_checksum_address(value)
  File "/www/wwwroot/coinceeper.com/CC/venv/lib64/python3.9/site-packages/eth_utils/address.py", line 129, in to_checksum_address
    norm_address = to_normalized_address(value)
  File "/www/wwwroot/coinceeper.com/CC/venv/lib64/python3.9/site-packages/eth_utils/address.py", line 73, in to_normalized_address
    hex_address = hexstr_if_str(to_hex, value).lower()
  File "/www/wwwroot/coinceeper.com/CC/venv/lib64/python3.9/site-packages/eth_utils/conversions.py", line 195, in hexstr_if_str
    raise ValueError(
ValueError: when sending a str, it must be a hex string. Got: 'FvwEAhmxKfeiG8SnEvq42hc6whRyY3EFYAvebMqDNDGCgxN5Z'
2025-07-24 10:43:46 - balance_service - ERROR - خطا در استفاده از API جایگزین 8: HTTPSConnectionPool(host='api.tronstation.io', port=443): Max retries exceeded with url: /v1/accounts/TGtHBp2wjyS4SApJgzrkfnNn7GG9qfDbGN/tokens (Caused by NameResolutionError("<urllib3.connection.HTTPSConnection object at 0x7fdcd5491bb0>: Failed to resolve 'api.tronstation.io' ([Errno -2] Name or service not known)"))
2025-07-24 10:43:46 - balance_service - ERROR - خطا در استفاده از API جایگزین 8: HTTPSConnectionPool(host='api.tronstation.io', port=443): Max retries exceeded with url: /v1/accounts/TGtHBp2wjyS4SApJgzrkfnNn7GG9qfDbGN/tokens (Caused by NameResolutionError("<urllib3.connection.HTTPSConnection object at 0x7fdcd568f640>: Failed to resolve 'api.tronstation.io' ([Errno -2] Name or service not known)"))
2025-07-24 10:43:47 - balance_service - ERROR - خطا در استفاده از API جایگزین 8: HTTPSConnectionPool(host='api.tronstation.io', port=443): Max retries exceeded with url: /v1/accounts/TGtHBp2wjyS4SApJgzrkfnNn7GG9qfDbGN/tokens (Caused by NameResolutionError("<urllib3.connection.HTTPSConnection object at 0x7fdcd5452430>: Failed to resolve 'api.tronstation.io' ([Errno -2] Name or service not known)"))
2025-07-24 10:44:55 - balance_service - WARNING - No native currency found for blockchain Bitcoin
2025-07-24 10:44:55 - balance_service - WARNING - No native currency found for blockchain Avalanche
2025-07-24 10:44:55 - balance_service - WARNING - No native currency found for blockchain Arbitrum
2025-07-24 10:44:55 - balance_service - WARNING - No native currency found for blockchain Polkadot
2025-07-24 10:44:56 - balance_service - WARNING - خطا در دریافت موجودی TRC20 با API اصلی: 404 - {"timestamp":"2025-07-24T10:44:56.265+00:00","status":404,"error":"Not Found","path":"/v1/accounts/TCGCUzMVRJk7zCPbsTqs5eB2Wskwuxye44/tokens"}
2025-07-24 10:44:56 - balance_service - WARNING - خطا در دریافت موجودی TRC20 با API اصلی: 404 - {"timestamp":"2025-07-24T10:44:56.448+00:00","status":404,"error":"Not Found","path":"/v1/accounts/TCGCUzMVRJk7zCPbsTqs5eB2Wskwuxye44/tokens"}
2025-07-24 10:44:57 - balance_service - ERROR - Error getting EVM token balance on Avalanche: when sending a str, it must be a hex string. Got: 'FvwEAhmxKfeiG8SnEvq42hc6whRyY3EFYAvebMqDNDGCgxN5Z'
Traceback (most recent call last):
  File "/www/wwwroot/coinceeper.com/CC/services/balance_service.py", line 157, in get_token_balance
    address=Web3.to_checksum_address(contract_address),
  File "/www/wwwroot/coinceeper.com/CC/venv/lib64/python3.9/site-packages/web3/main.py", line 268, in to_checksum_address
    return to_checksum_address(value)
  File "/www/wwwroot/coinceeper.com/CC/venv/lib64/python3.9/site-packages/eth_utils/address.py", line 129, in to_checksum_address
    norm_address = to_normalized_address(value)
  File "/www/wwwroot/coinceeper.com/CC/venv/lib64/python3.9/site-packages/eth_utils/address.py", line 73, in to_normalized_address
    hex_address = hexstr_if_str(to_hex, value).lower()
  File "/www/wwwroot/coinceeper.com/CC/venv/lib64/python3.9/site-packages/eth_utils/conversions.py", line 195, in hexstr_if_str
    raise ValueError(
ValueError: when sending a str, it must be a hex string. Got: 'FvwEAhmxKfeiG8SnEvq42hc6whRyY3EFYAvebMqDNDGCgxN5Z'
2025-07-24 10:44:57 - balance_service - WARNING - خطا در دریافت موجودی TRC20 با API اصلی: 404 - {"timestamp":"2025-07-24T10:44:57.118+00:00","status":404,"error":"Not Found","path":"/v1/accounts/TCGCUzMVRJk7zCPbsTqs5eB2Wskwuxye44/tokens"}
2025-07-24 10:44:57 - balance_service - ERROR - خطا در استفاده از API جایگزین 8: HTTPSConnectionPool(host='api.tronstation.io', port=443): Max retries exceeded with url: /v1/accounts/TCGCUzMVRJk7zCPbsTqs5eB2Wskwuxye44/tokens (Caused by NameResolutionError("<urllib3.connection.HTTPSConnection object at 0x7fdcd593c1c0>: Failed to resolve 'api.tronstation.io' ([Errno -2] Name or service not known)"))
2025-07-24 10:44:58 - balance_service - ERROR - خطا در استفاده از API جایگزین 8: HTTPSConnectionPool(host='api.tronstation.io', port=443): Max retries exceeded with url: /v1/accounts/TCGCUzMVRJk7zCPbsTqs5eB2Wskwuxye44/tokens (Caused by NameResolutionError("<urllib3.connection.HTTPSConnection object at 0x7fdcd593cb80>: Failed to resolve 'api.tronstation.io' ([Errno -2] Name or service not known)"))
2025-07-24 10:44:58 - balance_service - ERROR - خطا در استفاده از API جایگزین 8: HTTPSConnectionPool(host='api.tronstation.io', port=443): Max retries exceeded with url: /v1/accounts/TCGCUzMVRJk7zCPbsTqs5eB2Wskwuxye44/tokens (Caused by NameResolutionError("<urllib3.connection.HTTPSConnection object at 0x7fdcd5473e50>: Failed to resolve 'api.tronstation.io' ([Errno -2] Name or service not known)"))
2025-07-24 10:45:24 - balance_service - ERROR - Error updating balance for user d28be891-f8b0-4eff-b383-b7a76f029300: (mysql.connector.errors.OperationalError) MySQL Connection not available.
[SQL: DELETE FROM userholding WHERE userholding.`UserID` = %(UserID_1)s]
[parameters: [{}]]
(Background on this error at: https://sqlalche.me/e/20/e3q8)
Traceback (most recent call last):
  File "/www/wwwroot/coinceeper.com/CC/venv/lib64/python3.9/site-packages/sqlalchemy/engine/base.py", line 1811, in _execute_context
    context = constructor(
  File "/www/wwwroot/coinceeper.com/CC/venv/lib64/python3.9/site-packages/sqlalchemy/engine/default.py", line 1427, in _init_compiled
    self.cursor = self.create_cursor()
  File "/www/wwwroot/coinceeper.com/CC/venv/lib64/python3.9/site-packages/sqlalchemy/engine/default.py", line 1766, in create_cursor
    return self.create_default_cursor()
  File "/www/wwwroot/coinceeper.com/CC/venv/lib64/python3.9/site-packages/sqlalchemy/dialects/mysql/mysqlconnector.py", line 67, in create_default_cursor
    return self._dbapi_connection.cursor(buffered=True)
  File "/www/wwwroot/coinceeper.com/CC/venv/lib64/python3.9/site-packages/sqlalchemy/pool/base.py", line 1486, in cursor
    return self.dbapi_connection.cursor(*args, **kwargs)
  File "/www/wwwroot/coinceeper.com/CC/venv/lib64/python3.9/site-packages/mysql/connector/connection_cext.py", line 841, in cursor
    raise OperationalError("MySQL Connection not available.")
mysql.connector.errors.OperationalError: MySQL Connection not available.

The above exception was the direct cause of the following exception:

Traceback (most recent call last):
  File "/www/wwwroot/coinceeper.com/CC/services/balance_service.py", line 1262, in _update_user_balance
    deleted = self.session.query(UserHolding).filter(UserHolding.UserID == user_id).delete()
  File "/www/wwwroot/coinceeper.com/CC/venv/lib64/python3.9/site-packages/sqlalchemy/orm/query.py", line 3208, in delete
    result: CursorResult[Any] = self.session.execute(
  File "/www/wwwroot/coinceeper.com/CC/venv/lib64/python3.9/site-packages/sqlalchemy/orm/session.py", line 2365, in execute
    return self._execute_internal(
  File "/www/wwwroot/coinceeper.com/CC/venv/lib64/python3.9/site-packages/sqlalchemy/orm/session.py", line 2251, in _execute_internal
    result: Result[Any] = compile_state_cls.orm_execute_statement(
  File "/www/wwwroot/coinceeper.com/CC/venv/lib64/python3.9/site-packages/sqlalchemy/orm/bulk_persistence.py", line 2021, in orm_execute_statement
    return super().orm_execute_statement(
  File "/www/wwwroot/coinceeper.com/CC/venv/lib64/python3.9/site-packages/sqlalchemy/orm/context.py", line 306, in orm_execute_statement
    result = conn.execute(
  File "/www/wwwroot/coinceeper.com/CC/venv/lib64/python3.9/site-packages/sqlalchemy/engine/base.py", line 1415, in execute
    return meth(
  File "/www/wwwroot/coinceeper.com/CC/venv/lib64/python3.9/site-packages/sqlalchemy/sql/elements.py", line 523, in _execute_on_connection
    return connection._execute_clauseelement(
  File "/www/wwwroot/coinceeper.com/CC/venv/lib64/python3.9/site-packages/sqlalchemy/engine/base.py", line 1637, in _execute_clauseelement
    ret = self._execute_context(
  File "/www/wwwroot/coinceeper.com/CC/venv/lib64/python3.9/site-packages/sqlalchemy/engine/base.py", line 1817, in _execute_context
    self._handle_dbapi_exception(
  File "/www/wwwroot/coinceeper.com/CC/venv/lib64/python3.9/site-packages/sqlalchemy/engine/base.py", line 2351, in _handle_dbapi_exception
    raise sqlalchemy_exception.with_traceback(exc_info[2]) from e
  File "/www/wwwroot/coinceeper.com/CC/venv/lib64/python3.9/site-packages/sqlalchemy/engine/base.py", line 1811, in _execute_context
    context = constructor(
  File "/www/wwwroot/coinceeper.com/CC/venv/lib64/python3.9/site-packages/sqlalchemy/engine/default.py", line 1427, in _init_compiled
    self.cursor = self.create_cursor()
  File "/www/wwwroot/coinceeper.com/CC/venv/lib64/python3.9/site-packages/sqlalchemy/engine/default.py", line 1766, in create_cursor
    return self.create_default_cursor()
  File "/www/wwwroot/coinceeper.com/CC/venv/lib64/python3.9/site-packages/sqlalchemy/dialects/mysql/mysqlconnector.py", line 67, in create_default_cursor
    return self._dbapi_connection.cursor(buffered=True)
  File "/www/wwwroot/coinceeper.com/CC/venv/lib64/python3.9/site-packages/sqlalchemy/pool/base.py", line 1486, in cursor
    return self.dbapi_connection.cursor(*args, **kwargs)
  File "/www/wwwroot/coinceeper.com/CC/venv/lib64/python3.9/site-packages/mysql/connector/connection_cext.py", line 841, in cursor
    raise OperationalError("MySQL Connection not available.")
sqlalchemy.exc.OperationalError: (mysql.connector.errors.OperationalError) MySQL Connection not available.
[SQL: DELETE FROM userholding WHERE userholding.`UserID` = %(UserID_1)s]
[parameters: [{}]]
(Background on this error at: https://sqlalche.me/e/20/e3q8)
2025-07-24 11:00:51 - balance_service - WARNING - No native currency found for blockchain Bitcoin
2025-07-24 11:00:51 - balance_service - WARNING - No native currency found for blockchain Avalanche
2025-07-24 11:00:51 - balance_service - WARNING - No native currency found for blockchain Arbitrum
2025-07-24 11:00:51 - balance_service - WARNING - No native currency found for blockchain Polkadot
2025-07-24 11:00:52 - balance_service - WARNING - خطا در دریافت موجودی TRC20 با API اصلی: 404 - {"timestamp":"2025-07-24T11:00:52.151+00:00","status":404,"error":"Not Found","path":"/v1/accounts/TVsGGaqurvki1QoMh1CoM3XVcVtBTBwNxV/tokens"}
2025-07-24 11:00:52 - balance_service - WARNING - خطا در دریافت موجودی TRC20 با API اصلی: 404 - {"timestamp":"2025-07-24T11:00:52.402+00:00","status":404,"error":"Not Found","path":"/v1/accounts/TVsGGaqurvki1QoMh1CoM3XVcVtBTBwNxV/tokens"}
2025-07-24 11:00:52 - balance_service - ERROR - Error getting EVM token balance on Avalanche: when sending a str, it must be a hex string. Got: 'FvwEAhmxKfeiG8SnEvq42hc6whRyY3EFYAvebMqDNDGCgxN5Z'
Traceback (most recent call last):
  File "/www/wwwroot/coinceeper.com/CC/services/balance_service.py", line 157, in get_token_balance
    address=Web3.to_checksum_address(contract_address),
  File "/www/wwwroot/coinceeper.com/CC/venv/lib64/python3.9/site-packages/web3/main.py", line 268, in to_checksum_address
    return to_checksum_address(value)
  File "/www/wwwroot/coinceeper.com/CC/venv/lib64/python3.9/site-packages/eth_utils/address.py", line 129, in to_checksum_address
    norm_address = to_normalized_address(value)
  File "/www/wwwroot/coinceeper.com/CC/venv/lib64/python3.9/site-packages/eth_utils/address.py", line 73, in to_normalized_address
    hex_address = hexstr_if_str(to_hex, value).lower()
  File "/www/wwwroot/coinceeper.com/CC/venv/lib64/python3.9/site-packages/eth_utils/conversions.py", line 195, in hexstr_if_str
    raise ValueError(
ValueError: when sending a str, it must be a hex string. Got: 'FvwEAhmxKfeiG8SnEvq42hc6whRyY3EFYAvebMqDNDGCgxN5Z'
2025-07-24 11:00:53 - balance_service - WARNING - خطا در دریافت موجودی TRC20 با API اصلی: 404 - {"timestamp":"2025-07-24T11:00:53.059+00:00","status":404,"error":"Not Found","path":"/v1/accounts/TVsGGaqurvki1QoMh1CoM3XVcVtBTBwNxV/tokens"}
2025-07-24 11:00:53 - balance_service - ERROR - خطا در استفاده از API جایگزین 8: HTTPSConnectionPool(host='api.tronstation.io', port=443): Max retries exceeded with url: /v1/accounts/TVsGGaqurvki1QoMh1CoM3XVcVtBTBwNxV/tokens (Caused by NameResolutionError("<urllib3.connection.HTTPSConnection object at 0x7fdcd593f430>: Failed to resolve 'api.tronstation.io' ([Errno -2] Name or service not known)"))
2025-07-24 11:00:54 - balance_service - ERROR - خطا در استفاده از API جایگزین 8: HTTPSConnectionPool(host='api.tronstation.io', port=443): Max retries exceeded with url: /v1/accounts/TVsGGaqurvki1QoMh1CoM3XVcVtBTBwNxV/tokens (Caused by NameResolutionError("<urllib3.connection.HTTPSConnection object at 0x7fdcd5891d30>: Failed to resolve 'api.tronstation.io' ([Errno -2] Name or service not known)"))
2025-07-24 11:00:54 - balance_service - ERROR - خطا در استفاده از API جایگزین 8: HTTPSConnectionPool(host='api.tronstation.io', port=443): Max retries exceeded with url: /v1/accounts/TVsGGaqurvki1QoMh1CoM3XVcVtBTBwNxV/tokens (Caused by NameResolutionError("<urllib3.connection.HTTPSConnection object at 0x7fdcd54afc10>: Failed to resolve 'api.tronstation.io' ([Errno -2] Name or service not known)"))
2025-07-24 11:01:52 - balance_service - WARNING - No native currency found for blockchain Bitcoin
2025-07-24 11:01:52 - balance_service - WARNING - No native currency found for blockchain Avalanche
2025-07-24 11:01:52 - balance_service - WARNING - No native currency found for blockchain Arbitrum
2025-07-24 11:01:52 - balance_service - WARNING - No native currency found for blockchain Polkadot
2025-07-24 11:01:53 - balance_service - WARNING - خطا در دریافت موجودی TRC20 با API اصلی: 404 - {"timestamp":"2025-07-24T11:01:53.227+00:00","status":404,"error":"Not Found","path":"/v1/accounts/TNjyUvPoAFwBXk9Bsbm7TadBV1FKa11EG9/tokens"}
2025-07-24 11:01:53 - balance_service - WARNING - خطا در دریافت موجودی TRC20 با API اصلی: 404 - {"timestamp":"2025-07-24T11:01:53.430+00:00","status":404,"error":"Not Found","path":"/v1/accounts/TNjyUvPoAFwBXk9Bsbm7TadBV1FKa11EG9/tokens"}
2025-07-24 11:01:53 - balance_service - WARNING - خطا در دریافت موجودی TRC20 با API اصلی: 404 - {"timestamp":"2025-07-24T11:01:53.911+00:00","status":404,"error":"Not Found","path":"/v1/accounts/TNjyUvPoAFwBXk9Bsbm7TadBV1FKa11EG9/tokens"}
2025-07-24 11:01:54 - balance_service - ERROR - Error getting EVM token balance on Avalanche: when sending a str, it must be a hex string. Got: 'FvwEAhmxKfeiG8SnEvq42hc6whRyY3EFYAvebMqDNDGCgxN5Z'
Traceback (most recent call last):
  File "/www/wwwroot/coinceeper.com/CC/services/balance_service.py", line 157, in get_token_balance
    address=Web3.to_checksum_address(contract_address),
  File "/www/wwwroot/coinceeper.com/CC/venv/lib64/python3.9/site-packages/web3/main.py", line 268, in to_checksum_address
    return to_checksum_address(value)
  File "/www/wwwroot/coinceeper.com/CC/venv/lib64/python3.9/site-packages/eth_utils/address.py", line 129, in to_checksum_address
    norm_address = to_normalized_address(value)
  File "/www/wwwroot/coinceeper.com/CC/venv/lib64/python3.9/site-packages/eth_utils/address.py", line 73, in to_normalized_address
    hex_address = hexstr_if_str(to_hex, value).lower()
  File "/www/wwwroot/coinceeper.com/CC/venv/lib64/python3.9/site-packages/eth_utils/conversions.py", line 195, in hexstr_if_str
    raise ValueError(
ValueError: when sending a str, it must be a hex string. Got: 'FvwEAhmxKfeiG8SnEvq42hc6whRyY3EFYAvebMqDNDGCgxN5Z'
2025-07-24 11:01:54 - balance_service - ERROR - خطا در استفاده از API جایگزین 8: HTTPSConnectionPool(host='api.tronstation.io', port=443): Max retries exceeded with url: /v1/accounts/TNjyUvPoAFwBXk9Bsbm7TadBV1FKa11EG9/tokens (Caused by NameResolutionError("<urllib3.connection.HTTPSConnection object at 0x7fdcd54b6250>: Failed to resolve 'api.tronstation.io' ([Errno -2] Name or service not known)"))
2025-07-24 11:01:55 - balance_service - ERROR - خطا در استفاده از API جایگزین 8: HTTPSConnectionPool(host='api.tronstation.io', port=443): Max retries exceeded with url: /v1/accounts/TNjyUvPoAFwBXk9Bsbm7TadBV1FKa11EG9/tokens (Caused by NameResolutionError("<urllib3.connection.HTTPSConnection object at 0x7fdcd585c340>: Failed to resolve 'api.tronstation.io' ([Errno -2] Name or service not known)"))
2025-07-24 11:01:55 - balance_service - ERROR - خطا در استفاده از API جایگزین 8: HTTPSConnectionPool(host='api.tronstation.io', port=443): Max retries exceeded with url: /v1/accounts/TNjyUvPoAFwBXk9Bsbm7TadBV1FKa11EG9/tokens (Caused by NameResolutionError("<urllib3.connection.HTTPSConnection object at 0x7fdcd588f2e0>: Failed to resolve 'api.tronstation.io' ([Errno -2] Name or service not known)"))
2025-07-24 12:07:15 - balance_service - WARNING - No native currency found for blockchain Bitcoin
2025-07-24 12:07:15 - balance_service - WARNING - No native currency found for blockchain Avalanche
2025-07-24 12:07:15 - balance_service - WARNING - No native currency found for blockchain Arbitrum
2025-07-24 12:07:15 - balance_service - WARNING - No native currency found for blockchain Polkadot
2025-07-24 12:07:15 - balance_service - WARNING - خطا در دریافت موجودی TRC20 با API اصلی: 404 - {"timestamp":"2025-07-24T12:07:15.826+00:00","status":404,"error":"Not Found","path":"/v1/accounts/TXY1dGggZBQq4XZFLFzLzcqALb6Ev4EWrF/tokens"}
2025-07-24 12:07:16 - balance_service - WARNING - خطا در دریافت موجودی TRC20 با API اصلی: 404 - {"timestamp":"2025-07-24T12:07:16.318+00:00","status":404,"error":"Not Found","path":"/v1/accounts/TXY1dGggZBQq4XZFLFzLzcqALb6Ev4EWrF/tokens"}
2025-07-24 12:07:16 - balance_service - WARNING - خطا در دریافت موجودی TRC20 با API اصلی: 404 - {"timestamp":"2025-07-24T12:07:16.547+00:00","status":404,"error":"Not Found","path":"/v1/accounts/TXY1dGggZBQq4XZFLFzLzcqALb6Ev4EWrF/tokens"}
2025-07-24 12:07:16 - balance_service - ERROR - Error getting EVM token balance on Avalanche: when sending a str, it must be a hex string. Got: 'FvwEAhmxKfeiG8SnEvq42hc6whRyY3EFYAvebMqDNDGCgxN5Z'
Traceback (most recent call last):
  File "/www/wwwroot/coinceeper.com/CC/services/balance_service.py", line 157, in get_token_balance
    address=Web3.to_checksum_address(contract_address),
  File "/www/wwwroot/coinceeper.com/CC/venv/lib64/python3.9/site-packages/web3/main.py", line 268, in to_checksum_address
    return to_checksum_address(value)
  File "/www/wwwroot/coinceeper.com/CC/venv/lib64/python3.9/site-packages/eth_utils/address.py", line 129, in to_checksum_address
    norm_address = to_normalized_address(value)
  File "/www/wwwroot/coinceeper.com/CC/venv/lib64/python3.9/site-packages/eth_utils/address.py", line 73, in to_normalized_address
    hex_address = hexstr_if_str(to_hex, value).lower()
  File "/www/wwwroot/coinceeper.com/CC/venv/lib64/python3.9/site-packages/eth_utils/conversions.py", line 195, in hexstr_if_str
    raise ValueError(
ValueError: when sending a str, it must be a hex string. Got: 'FvwEAhmxKfeiG8SnEvq42hc6whRyY3EFYAvebMqDNDGCgxN5Z'
2025-07-24 12:07:17 - balance_service - ERROR - خطا در استفاده از API جایگزین 8: HTTPSConnectionPool(host='api.tronstation.io', port=443): Max retries exceeded with url: /v1/accounts/TXY1dGggZBQq4XZFLFzLzcqALb6Ev4EWrF/tokens (Caused by NameResolutionError("<urllib3.connection.HTTPSConnection object at 0x7fdcd53c0100>: Failed to resolve 'api.tronstation.io' ([Errno -2] Name or service not known)"))
2025-07-24 12:07:18 - balance_service - ERROR - خطا در استفاده از API جایگزین 8: HTTPSConnectionPool(host='api.tronstation.io', port=443): Max retries exceeded with url: /v1/accounts/TXY1dGggZBQq4XZFLFzLzcqALb6Ev4EWrF/tokens (Caused by NameResolutionError("<urllib3.connection.HTTPSConnection object at 0x7fdcd53aad90>: Failed to resolve 'api.tronstation.io' ([Errno -2] Name or service not known)"))
2025-07-24 12:07:18 - balance_service - ERROR - خطا در استفاده از API جایگزین 8: HTTPSConnectionPool(host='api.tronstation.io', port=443): Max retries exceeded with url: /v1/accounts/TXY1dGggZBQq4XZFLFzLzcqALb6Ev4EWrF/tokens (Caused by NameResolutionError("<urllib3.connection.HTTPSConnection object at 0x7fdcd5172ee0>: Failed to resolve 'api.tronstation.io' ([Errno -2] Name or service not known)"))
2025-07-24 12:07:18 - balance_service - WARNING - Error getting token decimals, using default 18: 429 Client Error: Too Many Requests for url: https://mainnet.infura.io/v3/a8ab43a04ce044de988a838d92f478a7
2025-07-24 12:08:06 - balance_service - WARNING - No native currency found for blockchain Bitcoin
2025-07-24 12:08:06 - balance_service - WARNING - No native currency found for blockchain Avalanche
2025-07-24 12:08:06 - balance_service - WARNING - No native currency found for blockchain Arbitrum
2025-07-24 12:08:06 - balance_service - WARNING - No native currency found for blockchain Polkadot
2025-07-24 12:08:07 - balance_service - WARNING - خطا در دریافت موجودی TRC20 با API اصلی: 404 - {"timestamp":"2025-07-24T12:08:07.644+00:00","status":404,"error":"Not Found","path":"/v1/accounts/TC6AZ5BSSX8uS9pQdcq8UNMXmMWajMZPgP/tokens"}
2025-07-24 12:08:07 - balance_service - WARNING - خطا در دریافت موجودی TRC20 با API اصلی: 404 - {"timestamp":"2025-07-24T12:08:07.838+00:00","status":404,"error":"Not Found","path":"/v1/accounts/TC6AZ5BSSX8uS9pQdcq8UNMXmMWajMZPgP/tokens"}
2025-07-24 12:08:08 - balance_service - WARNING - خطا در دریافت موجودی TRC20 با API اصلی: 404 - {"timestamp":"2025-07-24T12:08:08.748+00:00","status":404,"error":"Not Found","path":"/v1/accounts/TC6AZ5BSSX8uS9pQdcq8UNMXmMWajMZPgP/tokens"}
2025-07-24 12:08:08 - balance_service - ERROR - Error getting EVM token balance on Avalanche: when sending a str, it must be a hex string. Got: 'FvwEAhmxKfeiG8SnEvq42hc6whRyY3EFYAvebMqDNDGCgxN5Z'
Traceback (most recent call last):
  File "/www/wwwroot/coinceeper.com/CC/services/balance_service.py", line 157, in get_token_balance
    address=Web3.to_checksum_address(contract_address),
  File "/www/wwwroot/coinceeper.com/CC/venv/lib64/python3.9/site-packages/web3/main.py", line 268, in to_checksum_address
    return to_checksum_address(value)
  File "/www/wwwroot/coinceeper.com/CC/venv/lib64/python3.9/site-packages/eth_utils/address.py", line 129, in to_checksum_address
    norm_address = to_normalized_address(value)
  File "/www/wwwroot/coinceeper.com/CC/venv/lib64/python3.9/site-packages/eth_utils/address.py", line 73, in to_normalized_address
    hex_address = hexstr_if_str(to_hex, value).lower()
  File "/www/wwwroot/coinceeper.com/CC/venv/lib64/python3.9/site-packages/eth_utils/conversions.py", line 195, in hexstr_if_str
    raise ValueError(
ValueError: when sending a str, it must be a hex string. Got: 'FvwEAhmxKfeiG8SnEvq42hc6whRyY3EFYAvebMqDNDGCgxN5Z'
2025-07-24 12:08:09 - balance_service - ERROR - خطا در استفاده از API جایگزین 8: HTTPSConnectionPool(host='api.tronstation.io', port=443): Max retries exceeded with url: /v1/accounts/TC6AZ5BSSX8uS9pQdcq8UNMXmMWajMZPgP/tokens (Caused by NameResolutionError("<urllib3.connection.HTTPSConnection object at 0x7fdcd5289310>: Failed to resolve 'api.tronstation.io' ([Errno -2] Name or service not known)"))
2025-07-24 12:08:09 - balance_service - ERROR - خطا در استفاده از API جایگزین 8: HTTPSConnectionPool(host='api.tronstation.io', port=443): Max retries exceeded with url: /v1/accounts/TC6AZ5BSSX8uS9pQdcq8UNMXmMWajMZPgP/tokens (Caused by NameResolutionError("<urllib3.connection.HTTPSConnection object at 0x7fdcd52d4f10>: Failed to resolve 'api.tronstation.io' ([Errno -2] Name or service not known)"))
2025-07-24 12:08:10 - balance_service - ERROR - خطا در استفاده از API جایگزین 8: HTTPSConnectionPool(host='api.tronstation.io', port=443): Max retries exceeded with url: /v1/accounts/TC6AZ5BSSX8uS9pQdcq8UNMXmMWajMZPgP/tokens (Caused by NameResolutionError("<urllib3.connection.HTTPSConnection object at 0x7fdcd5306af0>: Failed to resolve 'api.tronstation.io' ([Errno -2] Name or service not known)"))
2025-07-24 12:10:58 - balance_service - WARNING - No native currency found for blockchain Bitcoin
2025-07-24 12:10:58 - balance_service - WARNING - No native currency found for blockchain Avalanche
2025-07-24 12:10:58 - balance_service - WARNING - No native currency found for blockchain Arbitrum
2025-07-24 12:10:58 - balance_service - WARNING - No native currency found for blockchain Polkadot
2025-07-24 12:10:58 - balance_service - WARNING - خطا در دریافت موجودی TRC20 با API اصلی: 404 - {"timestamp":"2025-07-24T12:10:58.622+00:00","status":404,"error":"Not Found","path":"/v1/accounts/TRsyk8NMHXgCWHZsZchoKWNUtu3ug2e7fj/tokens"}
2025-07-24 12:10:59 - balance_service - WARNING - خطا در دریافت موجودی TRC20 با API اصلی: 404 - {"timestamp":"2025-07-24T12:10:59.000+00:00","status":404,"error":"Not Found","path":"/v1/accounts/TRsyk8NMHXgCWHZsZchoKWNUtu3ug2e7fj/tokens"}
2025-07-24 12:10:59 - balance_service - ERROR - Error getting EVM token balance on Avalanche: when sending a str, it must be a hex string. Got: 'FvwEAhmxKfeiG8SnEvq42hc6whRyY3EFYAvebMqDNDGCgxN5Z'
Traceback (most recent call last):
  File "/www/wwwroot/coinceeper.com/CC/services/balance_service.py", line 157, in get_token_balance
    address=Web3.to_checksum_address(contract_address),
  File "/www/wwwroot/coinceeper.com/CC/venv/lib64/python3.9/site-packages/web3/main.py", line 268, in to_checksum_address
    return to_checksum_address(value)
  File "/www/wwwroot/coinceeper.com/CC/venv/lib64/python3.9/site-packages/eth_utils/address.py", line 129, in to_checksum_address
    norm_address = to_normalized_address(value)
  File "/www/wwwroot/coinceeper.com/CC/venv/lib64/python3.9/site-packages/eth_utils/address.py", line 73, in to_normalized_address
    hex_address = hexstr_if_str(to_hex, value).lower()
  File "/www/wwwroot/coinceeper.com/CC/venv/lib64/python3.9/site-packages/eth_utils/conversions.py", line 195, in hexstr_if_str
    raise ValueError(
ValueError: when sending a str, it must be a hex string. Got: 'FvwEAhmxKfeiG8SnEvq42hc6whRyY3EFYAvebMqDNDGCgxN5Z'
2025-07-24 12:10:59 - balance_service - WARNING - خطا در دریافت موجودی TRC20 با API اصلی: 404 - {"timestamp":"2025-07-24T12:10:59.380+00:00","status":404,"error":"Not Found","path":"/v1/accounts/TRsyk8NMHXgCWHZsZchoKWNUtu3ug2e7fj/tokens"}
2025-07-24 12:11:00 - balance_service - ERROR - خطا در استفاده از API جایگزین 8: HTTPSConnectionPool(host='api.tronstation.io', port=443): Max retries exceeded with url: /v1/accounts/TRsyk8NMHXgCWHZsZchoKWNUtu3ug2e7fj/tokens (Caused by NameResolutionError("<urllib3.connection.HTTPSConnection object at 0x7fdcd529f490>: Failed to resolve 'api.tronstation.io' ([Errno -2] Name or service not known)"))
2025-07-24 12:11:00 - balance_service - ERROR - خطا در استفاده از API جایگزین 8: HTTPSConnectionPool(host='api.tronstation.io', port=443): Max retries exceeded with url: /v1/accounts/TRsyk8NMHXgCWHZsZchoKWNUtu3ug2e7fj/tokens (Caused by NameResolutionError("<urllib3.connection.HTTPSConnection object at 0x7fdcd593c7f0>: Failed to resolve 'api.tronstation.io' ([Errno -2] Name or service not known)"))
2025-07-24 12:11:01 - balance_service - ERROR - خطا در استفاده از API جایگزین 8: HTTPSConnectionPool(host='api.tronstation.io', port=443): Max retries exceeded with url: /v1/accounts/TRsyk8NMHXgCWHZsZchoKWNUtu3ug2e7fj/tokens (Caused by NameResolutionError("<urllib3.connection.HTTPSConnection object at 0x7fdcd588f1f0>: Failed to resolve 'api.tronstation.io' ([Errno -2] Name or service not known)"))
2025-07-24 13:28:01 - balance_service - WARNING - No native currency found for blockchain Bitcoin
2025-07-24 13:28:01 - balance_service - WARNING - No native currency found for blockchain Avalanche
2025-07-24 13:28:01 - balance_service - WARNING - No native currency found for blockchain Arbitrum
2025-07-24 13:28:01 - balance_service - WARNING - No native currency found for blockchain Polkadot
2025-07-24 13:28:02 - balance_service - WARNING - خطا در دریافت موجودی TRC20 با API اصلی: 404 - {"timestamp":"2025-07-24T13:28:02.319+00:00","status":404,"error":"Not Found","path":"/v1/accounts/TZ2JMmKsDZJzkPqCv6eJUY5HxoFiC9mxox/tokens"}
2025-07-24 13:28:02 - balance_service - WARNING - خطا در دریافت موجودی TRC20 با API اصلی: 404 - {"timestamp":"2025-07-24T13:28:02.513+00:00","status":404,"error":"Not Found","path":"/v1/accounts/TZ2JMmKsDZJzkPqCv6eJUY5HxoFiC9mxox/tokens"}
2025-07-24 13:28:03 - balance_service - WARNING - خطا در دریافت موجودی TRC20 با API اصلی: 404 - {"timestamp":"2025-07-24T13:28:03.246+00:00","status":404,"error":"Not Found","path":"/v1/accounts/TZ2JMmKsDZJzkPqCv6eJUY5HxoFiC9mxox/tokens"}
2025-07-24 13:28:03 - balance_service - ERROR - Error getting EVM token balance on Avalanche: when sending a str, it must be a hex string. Got: 'FvwEAhmxKfeiG8SnEvq42hc6whRyY3EFYAvebMqDNDGCgxN5Z'
Traceback (most recent call last):
  File "/www/wwwroot/coinceeper.com/CC/services/balance_service.py", line 157, in get_token_balance
    address=Web3.to_checksum_address(contract_address),
  File "/www/wwwroot/coinceeper.com/CC/venv/lib64/python3.9/site-packages/web3/main.py", line 268, in to_checksum_address
    return to_checksum_address(value)
  File "/www/wwwroot/coinceeper.com/CC/venv/lib64/python3.9/site-packages/eth_utils/address.py", line 129, in to_checksum_address
    norm_address = to_normalized_address(value)
  File "/www/wwwroot/coinceeper.com/CC/venv/lib64/python3.9/site-packages/eth_utils/address.py", line 73, in to_normalized_address
    hex_address = hexstr_if_str(to_hex, value).lower()
  File "/www/wwwroot/coinceeper.com/CC/venv/lib64/python3.9/site-packages/eth_utils/conversions.py", line 195, in hexstr_if_str
    raise ValueError(
ValueError: when sending a str, it must be a hex string. Got: 'FvwEAhmxKfeiG8SnEvq42hc6whRyY3EFYAvebMqDNDGCgxN5Z'
2025-07-24 13:28:03 - balance_service - ERROR - خطا در استفاده از API جایگزین 8: HTTPSConnectionPool(host='api.tronstation.io', port=443): Max retries exceeded with url: /v1/accounts/TZ2JMmKsDZJzkPqCv6eJUY5HxoFiC9mxox/tokens (Caused by NameResolutionError("<urllib3.connection.HTTPSConnection object at 0x7fdcd5f63160>: Failed to resolve 'api.tronstation.io' ([Errno -2] Name or service not known)"))
2025-07-24 13:28:04 - balance_service - ERROR - خطا در استفاده از API جایگزین 8: HTTPSConnectionPool(host='api.tronstation.io', port=443): Max retries exceeded with url: /v1/accounts/TZ2JMmKsDZJzkPqCv6eJUY5HxoFiC9mxox/tokens (Caused by NameResolutionError("<urllib3.connection.HTTPSConnection object at 0x7fdcd58c0160>: Failed to resolve 'api.tronstation.io' ([Errno -2] Name or service not known)"))
2025-07-24 13:28:04 - balance_service - ERROR - خطا در استفاده از API جایگزین 8: HTTPSConnectionPool(host='api.tronstation.io', port=443): Max retries exceeded with url: /v1/accounts/TZ2JMmKsDZJzkPqCv6eJUY5HxoFiC9mxox/tokens (Caused by NameResolutionError("<urllib3.connection.HTTPSConnection object at 0x7fdcd7174340>: Failed to resolve 'api.tronstation.io' ([Errno -2] Name or service not known)"))
2025-07-24 13:28:05 - balance_service - ERROR - Error getting EVM token balance on Ethereum: 429 Client Error: Too Many Requests for url: https://mainnet.infura.io/v3/a8ab43a04ce044de988a838d92f478a7
Traceback (most recent call last):
  File "/www/wwwroot/coinceeper.com/CC/services/balance_service.py", line 163, in get_token_balance
    balance = token_contract.functions.balanceOf(
  File "/www/wwwroot/coinceeper.com/CC/venv/lib64/python3.9/site-packages/web3/contract/contract.py", line 291, in call
    return call_contract_function(
  File "/www/wwwroot/coinceeper.com/CC/venv/lib64/python3.9/site-packages/web3/contract/utils.py", line 154, in call_contract_function
    return_data = w3.eth.call(
  File "/www/wwwroot/coinceeper.com/CC/venv/lib64/python3.9/site-packages/web3/eth/eth.py", line 247, in call
    return self._durin_call(transaction, block_identifier, state_override)
  File "/www/wwwroot/coinceeper.com/CC/venv/lib64/python3.9/site-packages/web3/eth/eth.py", line 266, in _durin_call
    return self._call(transaction, block_identifier, state_override)
  File "/www/wwwroot/coinceeper.com/CC/venv/lib64/python3.9/site-packages/web3/module.py", line 112, in caller
    result = w3.manager.request_blocking(
  File "/www/wwwroot/coinceeper.com/CC/venv/lib64/python3.9/site-packages/web3/manager.py", line 231, in request_blocking
    response = self._make_request(method, params)
  File "/www/wwwroot/coinceeper.com/CC/venv/lib64/python3.9/site-packages/web3/manager.py", line 163, in _make_request
    return request_func(method, params)
  File "/www/wwwroot/coinceeper.com/CC/venv/lib64/python3.9/site-packages/web3/middleware/base.py", line 56, in middleware
    return self.response_processor(method, make_request(method, params))
  File "/www/wwwroot/coinceeper.com/CC/venv/lib64/python3.9/site-packages/web3/middleware/base.py", line 56, in middleware
    return self.response_processor(method, make_request(method, params))
  File "/www/wwwroot/coinceeper.com/CC/venv/lib64/python3.9/site-packages/web3/middleware/base.py", line 56, in middleware
    return self.response_processor(method, make_request(method, params))
  [Previous line repeated 1 more time]
  File "/www/wwwroot/coinceeper.com/CC/venv/lib64/python3.9/site-packages/web3/middleware/formatting.py", line 164, in response_processor
    self.sync_formatters_builder(cast("Web3", self._w3), method),
  File "/www/wwwroot/coinceeper.com/CC/venv/lib64/python3.9/site-packages/web3/middleware/validation.py", line 141, in build_method_validators
    w3_chain_id = w3.eth.chain_id
  File "/www/wwwroot/coinceeper.com/CC/venv/lib64/python3.9/site-packages/web3/eth/eth.py", line 156, in chain_id
    return self._chain_id()
  File "/www/wwwroot/coinceeper.com/CC/venv/lib64/python3.9/site-packages/web3/module.py", line 112, in caller
    result = w3.manager.request_blocking(
  File "/www/wwwroot/coinceeper.com/CC/venv/lib64/python3.9/site-packages/web3/manager.py", line 231, in request_blocking
    response = self._make_request(method, params)
  File "/www/wwwroot/coinceeper.com/CC/venv/lib64/python3.9/site-packages/web3/manager.py", line 163, in _make_request
    return request_func(method, params)
  File "/www/wwwroot/coinceeper.com/CC/venv/lib64/python3.9/site-packages/web3/middleware/base.py", line 56, in middleware
    return self.response_processor(method, make_request(method, params))
  File "/www/wwwroot/coinceeper.com/CC/venv/lib64/python3.9/site-packages/web3/middleware/base.py", line 56, in middleware
    return self.response_processor(method, make_request(method, params))
  File "/www/wwwroot/coinceeper.com/CC/venv/lib64/python3.9/site-packages/web3/middleware/base.py", line 56, in middleware
    return self.response_processor(method, make_request(method, params))
  [Previous line repeated 2 more times]
  File "/www/wwwroot/coinceeper.com/CC/venv/lib64/python3.9/site-packages/web3/_utils/caching/caching_utils.py", line 261, in wrapper
    return func(provider, method, params)
  File "/www/wwwroot/coinceeper.com/CC/venv/lib64/python3.9/site-packages/web3/providers/rpc/rpc.py", line 170, in make_request
    raw_response = self._make_request(method, request_data)
  File "/www/wwwroot/coinceeper.com/CC/venv/lib64/python3.9/site-packages/web3/providers/rpc/rpc.py", line 157, in _make_request
    raise e
  File "/www/wwwroot/coinceeper.com/CC/venv/lib64/python3.9/site-packages/web3/providers/rpc/rpc.py", line 147, in _make_request
    return self._request_session_manager.make_post_request(
  File "/www/wwwroot/coinceeper.com/CC/venv/lib64/python3.9/site-packages/web3/_utils/http_session_manager.py", line 148, in make_post_request
    response.raise_for_status()
  File "/www/wwwroot/coinceeper.com/CC/venv/lib64/python3.9/site-packages/requests/models.py", line 1024, in raise_for_status
    raise HTTPError(http_error_msg, response=self)
requests.exceptions.HTTPError: 429 Client Error: Too Many Requests for url: https://mainnet.infura.io/v3/a8ab43a04ce044de988a838d92f478a7
2025-07-24 13:37:16 - balance_service - WARNING - No native currency found for blockchain Bitcoin
2025-07-24 13:37:16 - balance_service - WARNING - No native currency found for blockchain Avalanche
2025-07-24 13:37:16 - balance_service - WARNING - No native currency found for blockchain Arbitrum
2025-07-24 13:37:16 - balance_service - WARNING - No native currency found for blockchain Polkadot
2025-07-24 13:37:16 - balance_service - WARNING - خطا در دریافت موجودی TRC20 با API اصلی: 404 - {"timestamp":"2025-07-24T13:37:16.685+00:00","status":404,"error":"Not Found","path":"/v1/accounts/TWxYj1EgkXikRh3SszVUQniB6NcLNKeRfy/tokens"}
2025-07-24 13:37:17 - balance_service - WARNING - خطا در دریافت موجودی TRC20 با API اصلی: 404 - {"timestamp":"2025-07-24T13:37:16.994+00:00","status":404,"error":"Not Found","path":"/v1/accounts/TWxYj1EgkXikRh3SszVUQniB6NcLNKeRfy/tokens"}
2025-07-24 13:37:17 - balance_service - ERROR - Error getting EVM token balance on Avalanche: when sending a str, it must be a hex string. Got: 'FvwEAhmxKfeiG8SnEvq42hc6whRyY3EFYAvebMqDNDGCgxN5Z'
Traceback (most recent call last):
  File "/www/wwwroot/coinceeper.com/CC/services/balance_service.py", line 157, in get_token_balance
    address=Web3.to_checksum_address(contract_address),
  File "/www/wwwroot/coinceeper.com/CC/venv/lib64/python3.9/site-packages/web3/main.py", line 268, in to_checksum_address
    return to_checksum_address(value)
  File "/www/wwwroot/coinceeper.com/CC/venv/lib64/python3.9/site-packages/eth_utils/address.py", line 129, in to_checksum_address
    norm_address = to_normalized_address(value)
  File "/www/wwwroot/coinceeper.com/CC/venv/lib64/python3.9/site-packages/eth_utils/address.py", line 73, in to_normalized_address
    hex_address = hexstr_if_str(to_hex, value).lower()
  File "/www/wwwroot/coinceeper.com/CC/venv/lib64/python3.9/site-packages/eth_utils/conversions.py", line 195, in hexstr_if_str
    raise ValueError(
ValueError: when sending a str, it must be a hex string. Got: 'FvwEAhmxKfeiG8SnEvq42hc6whRyY3EFYAvebMqDNDGCgxN5Z'
2025-07-24 13:37:17 - balance_service - WARNING - خطا در دریافت موجودی TRC20 با API اصلی: 404 - {"timestamp":"2025-07-24T13:37:17.520+00:00","status":404,"error":"Not Found","path":"/v1/accounts/TWxYj1EgkXikRh3SszVUQniB6NcLNKeRfy/tokens"}
2025-07-24 13:37:18 - balance_service - ERROR - خطا در استفاده از API جایگزین 8: HTTPSConnectionPool(host='api.tronstation.io', port=443): Max retries exceeded with url: /v1/accounts/TWxYj1EgkXikRh3SszVUQniB6NcLNKeRfy/tokens (Caused by NameResolutionError("<urllib3.connection.HTTPSConnection object at 0x7fdcd5411370>: Failed to resolve 'api.tronstation.io' ([Errno -2] Name or service not known)"))
2025-07-24 13:37:18 - balance_service - ERROR - خطا در استفاده از API جایگزین 8: HTTPSConnectionPool(host='api.tronstation.io', port=443): Max retries exceeded with url: /v1/accounts/TWxYj1EgkXikRh3SszVUQniB6NcLNKeRfy/tokens (Caused by NameResolutionError("<urllib3.connection.HTTPSConnection object at 0x7fdcd54111f0>: Failed to resolve 'api.tronstation.io' ([Errno -2] Name or service not known)"))
2025-07-24 13:37:19 - balance_service - ERROR - خطا در استفاده از API جایگزین 8: HTTPSConnectionPool(host='api.tronstation.io', port=443): Max retries exceeded with url: /v1/accounts/TWxYj1EgkXikRh3SszVUQniB6NcLNKeRfy/tokens (Caused by NameResolutionError("<urllib3.connection.HTTPSConnection object at 0x7fdcd512bd00>: Failed to resolve 'api.tronstation.io' ([Errno -2] Name or service not known)"))
2025-07-24 15:40:17 - balance_service - WARNING - No native currency found for blockchain Bitcoin
2025-07-24 15:40:17 - balance_service - WARNING - No native currency found for blockchain Avalanche
2025-07-24 15:40:17 - balance_service - WARNING - No native currency found for blockchain Arbitrum
2025-07-24 15:40:17 - balance_service - WARNING - No native currency found for blockchain Polkadot
2025-07-24 15:40:17 - balance_service - WARNING - خطا در دریافت موجودی TRC20 با API اصلی: 404 - {"timestamp":"2025-07-24T15:40:17.713+00:00","status":404,"error":"Not Found","path":"/v1/accounts/TVWLPfnJVPJsrLtMneqmF6NrwidkyKhgvf/tokens"}
2025-07-24 15:40:18 - balance_service - WARNING - خطا در دریافت موجودی TRC20 با API اصلی: 404 - {"timestamp":"2025-07-24T15:40:17.974+00:00","status":404,"error":"Not Found","path":"/v1/accounts/TVWLPfnJVPJsrLtMneqmF6NrwidkyKhgvf/tokens"}
2025-07-24 15:40:18 - balance_service - ERROR - Error getting EVM token balance on Avalanche: when sending a str, it must be a hex string. Got: 'FvwEAhmxKfeiG8SnEvq42hc6whRyY3EFYAvebMqDNDGCgxN5Z'
Traceback (most recent call last):
  File "/www/wwwroot/coinceeper.com/CC/services/balance_service.py", line 157, in get_token_balance
    address=Web3.to_checksum_address(contract_address),
  File "/www/wwwroot/coinceeper.com/CC/venv/lib64/python3.9/site-packages/web3/main.py", line 268, in to_checksum_address
    return to_checksum_address(value)
  File "/www/wwwroot/coinceeper.com/CC/venv/lib64/python3.9/site-packages/eth_utils/address.py", line 129, in to_checksum_address
    norm_address = to_normalized_address(value)
  File "/www/wwwroot/coinceeper.com/CC/venv/lib64/python3.9/site-packages/eth_utils/address.py", line 73, in to_normalized_address
    hex_address = hexstr_if_str(to_hex, value).lower()
  File "/www/wwwroot/coinceeper.com/CC/venv/lib64/python3.9/site-packages/eth_utils/conversions.py", line 195, in hexstr_if_str
    raise ValueError(
ValueError: when sending a str, it must be a hex string. Got: 'FvwEAhmxKfeiG8SnEvq42hc6whRyY3EFYAvebMqDNDGCgxN5Z'
2025-07-24 15:40:18 - balance_service - WARNING - خطا در دریافت موجودی TRC20 با API اصلی: 404 - {"timestamp":"2025-07-24T15:40:18.539+00:00","status":404,"error":"Not Found","path":"/v1/accounts/TVWLPfnJVPJsrLtMneqmF6NrwidkyKhgvf/tokens"}
2025-07-24 15:40:19 - balance_service - ERROR - خطا در استفاده از API جایگزین 8: HTTPSConnectionPool(host='api.tronstation.io', port=443): Max retries exceeded with url: /v1/accounts/TVWLPfnJVPJsrLtMneqmF6NrwidkyKhgvf/tokens (Caused by NameResolutionError("<urllib3.connection.HTTPSConnection object at 0x7fdcd597d1c0>: Failed to resolve 'api.tronstation.io' ([Errno -2] Name or service not known)"))
2025-07-24 15:40:19 - balance_service - ERROR - خطا در استفاده از API جایگزین 8: HTTPSConnectionPool(host='api.tronstation.io', port=443): Max retries exceeded with url: /v1/accounts/TVWLPfnJVPJsrLtMneqmF6NrwidkyKhgvf/tokens (Caused by NameResolutionError("<urllib3.connection.HTTPSConnection object at 0x7fdcd5aa2520>: Failed to resolve 'api.tronstation.io' ([Errno -2] Name or service not known)"))
2025-07-24 15:40:20 - balance_service - ERROR - خطا در استفاده از API جایگزین 8: HTTPSConnectionPool(host='api.tronstation.io', port=443): Max retries exceeded with url: /v1/accounts/TVWLPfnJVPJsrLtMneqmF6NrwidkyKhgvf/tokens (Caused by NameResolutionError("<urllib3.connection.HTTPSConnection object at 0x7fdcd72bf1f0>: Failed to resolve 'api.tronstation.io' ([Errno -2] Name or service not known)"))
2025-07-24 15:40:42 - balance_service - WARNING - No native currency found for blockchain Bitcoin
2025-07-24 15:40:42 - balance_service - WARNING - No native currency found for blockchain Avalanche
2025-07-24 15:40:42 - balance_service - WARNING - No native currency found for blockchain Arbitrum
2025-07-24 15:40:42 - balance_service - WARNING - No native currency found for blockchain Polkadot
2025-07-24 15:40:43 - balance_service - WARNING - خطا در دریافت موجودی TRC20 با API اصلی: 404 - {"timestamp":"2025-07-24T15:40:43.407+00:00","status":404,"error":"Not Found","path":"/v1/accounts/TYqufH26FyUj7FGcoshSuaee4gUfdhk1TT/tokens"}
2025-07-24 15:40:43 - balance_service - WARNING - خطا در دریافت موجودی TRC20 با API اصلی: 404 - {"timestamp":"2025-07-24T15:40:43.610+00:00","status":404,"error":"Not Found","path":"/v1/accounts/TYqufH26FyUj7FGcoshSuaee4gUfdhk1TT/tokens"}
2025-07-24 15:40:44 - balance_service - ERROR - Error getting EVM token balance on Avalanche: when sending a str, it must be a hex string. Got: 'FvwEAhmxKfeiG8SnEvq42hc6whRyY3EFYAvebMqDNDGCgxN5Z'
Traceback (most recent call last):
  File "/www/wwwroot/coinceeper.com/CC/services/balance_service.py", line 157, in get_token_balance
    address=Web3.to_checksum_address(contract_address),
  File "/www/wwwroot/coinceeper.com/CC/venv/lib64/python3.9/site-packages/web3/main.py", line 268, in to_checksum_address
    return to_checksum_address(value)
  File "/www/wwwroot/coinceeper.com/CC/venv/lib64/python3.9/site-packages/eth_utils/address.py", line 129, in to_checksum_address
    norm_address = to_normalized_address(value)
  File "/www/wwwroot/coinceeper.com/CC/venv/lib64/python3.9/site-packages/eth_utils/address.py", line 73, in to_normalized_address
    hex_address = hexstr_if_str(to_hex, value).lower()
  File "/www/wwwroot/coinceeper.com/CC/venv/lib64/python3.9/site-packages/eth_utils/conversions.py", line 195, in hexstr_if_str
    raise ValueError(
ValueError: when sending a str, it must be a hex string. Got: 'FvwEAhmxKfeiG8SnEvq42hc6whRyY3EFYAvebMqDNDGCgxN5Z'
2025-07-24 15:40:44 - balance_service - WARNING - خطا در دریافت موجودی TRC20 با API اصلی: 404 - {"timestamp":"2025-07-24T15:40:44.277+00:00","status":404,"error":"Not Found","path":"/v1/accounts/TYqufH26FyUj7FGcoshSuaee4gUfdhk1TT/tokens"}
2025-07-24 15:40:45 - balance_service - ERROR - خطا در استفاده از API جایگزین 8: HTTPSConnectionPool(host='api.tronstation.io', port=443): Max retries exceeded with url: /v1/accounts/TYqufH26FyUj7FGcoshSuaee4gUfdhk1TT/tokens (Caused by NameResolutionError("<urllib3.connection.HTTPSConnection object at 0x7fdcd5502940>: Failed to resolve 'api.tronstation.io' ([Errno -2] Name or service not known)"))
2025-07-24 15:40:45 - balance_service - ERROR - خطا در استفاده از API جایگزین 8: HTTPSConnectionPool(host='api.tronstation.io', port=443): Max retries exceeded with url: /v1/accounts/TYqufH26FyUj7FGcoshSuaee4gUfdhk1TT/tokens (Caused by NameResolutionError("<urllib3.connection.HTTPSConnection object at 0x7fdcd55df3a0>: Failed to resolve 'api.tronstation.io' ([Errno -2] Name or service not known)"))
2025-07-24 15:40:45 - balance_service - ERROR - خطا در استفاده از API جایگزین 8: HTTPSConnectionPool(host='api.tronstation.io', port=443): Max retries exceeded with url: /v1/accounts/TYqufH26FyUj7FGcoshSuaee4gUfdhk1TT/tokens (Caused by NameResolutionError("<urllib3.connection.HTTPSConnection object at 0x7fdcd498b6a0>: Failed to resolve 'api.tronstation.io' ([Errno -2] Name or service not known)"))
2025-07-24 15:56:14 - balance_service - WARNING - No native currency found for blockchain Bitcoin
2025-07-24 15:56:14 - balance_service - WARNING - No native currency found for blockchain Avalanche
2025-07-24 15:56:14 - balance_service - WARNING - No native currency found for blockchain Arbitrum
2025-07-24 15:56:14 - balance_service - WARNING - No native currency found for blockchain Polkadot
2025-07-24 15:56:16 - balance_service - WARNING - خطا در دریافت موجودی TRC20 با API اصلی: 404 - {"timestamp":"2025-07-24T15:56:16.703+00:00","status":404,"error":"Not Found","path":"/v1/accounts/TMYat7LeCBURfUHcPPqKWBcKxVCBLKFNp8/tokens"}
2025-07-24 15:56:16 - balance_service - WARNING - خطا در دریافت موجودی TRC20 با API اصلی: 404 - {"timestamp":"2025-07-24T15:56:16.910+00:00","status":404,"error":"Not Found","path":"/v1/accounts/TMYat7LeCBURfUHcPPqKWBcKxVCBLKFNp8/tokens"}
2025-07-24 15:56:18 - balance_service - ERROR - خطا در استفاده از API جایگزین 8: HTTPSConnectionPool(host='api.tronstation.io', port=443): Max retries exceeded with url: /v1/accounts/TMYat7LeCBURfUHcPPqKWBcKxVCBLKFNp8/tokens (Caused by NameResolutionError("<urllib3.connection.HTTPSConnection object at 0x7fdcd56b0220>: Failed to resolve 'api.tronstation.io' ([Errno -2] Name or service not known)"))
2025-07-24 15:56:18 - balance_service - WARNING - خطا در دریافت موجودی TRC20 با API اصلی: 404 - {"timestamp":"2025-07-24T15:56:18.528+00:00","status":404,"error":"Not Found","path":"/v1/accounts/TMYat7LeCBURfUHcPPqKWBcKxVCBLKFNp8/tokens"}
2025-07-24 15:56:18 - balance_service - ERROR - خطا در استفاده از API جایگزین 8: HTTPSConnectionPool(host='api.tronstation.io', port=443): Max retries exceeded with url: /v1/accounts/TMYat7LeCBURfUHcPPqKWBcKxVCBLKFNp8/tokens (Caused by NameResolutionError("<urllib3.connection.HTTPSConnection object at 0x7fdcd5640d30>: Failed to resolve 'api.tronstation.io' ([Errno -2] Name or service not known)"))
2025-07-24 15:56:18 - balance_service - ERROR - Error getting EVM token balance on Avalanche: when sending a str, it must be a hex string. Got: 'FvwEAhmxKfeiG8SnEvq42hc6whRyY3EFYAvebMqDNDGCgxN5Z'
Traceback (most recent call last):
  File "/www/wwwroot/coinceeper.com/CC/services/balance_service.py", line 157, in get_token_balance
    address=Web3.to_checksum_address(contract_address),
  File "/www/wwwroot/coinceeper.com/CC/venv/lib64/python3.9/site-packages/web3/main.py", line 268, in to_checksum_address
    return to_checksum_address(value)
  File "/www/wwwroot/coinceeper.com/CC/venv/lib64/python3.9/site-packages/eth_utils/address.py", line 129, in to_checksum_address
    norm_address = to_normalized_address(value)
  File "/www/wwwroot/coinceeper.com/CC/venv/lib64/python3.9/site-packages/eth_utils/address.py", line 73, in to_normalized_address
    hex_address = hexstr_if_str(to_hex, value).lower()
  File "/www/wwwroot/coinceeper.com/CC/venv/lib64/python3.9/site-packages/eth_utils/conversions.py", line 195, in hexstr_if_str
    raise ValueError(
ValueError: when sending a str, it must be a hex string. Got: 'FvwEAhmxKfeiG8SnEvq42hc6whRyY3EFYAvebMqDNDGCgxN5Z'
2025-07-24 15:56:19 - balance_service - ERROR - Error getting EVM token balance on Ethereum: 429 Client Error: Too Many Requests for url: https://mainnet.infura.io/v3/a8ab43a04ce044de988a838d92f478a7
Traceback (most recent call last):
  File "/www/wwwroot/coinceeper.com/CC/services/balance_service.py", line 163, in get_token_balance
    balance = token_contract.functions.balanceOf(
  File "/www/wwwroot/coinceeper.com/CC/venv/lib64/python3.9/site-packages/web3/contract/contract.py", line 291, in call
    return call_contract_function(
  File "/www/wwwroot/coinceeper.com/CC/venv/lib64/python3.9/site-packages/web3/contract/utils.py", line 154, in call_contract_function
    return_data = w3.eth.call(
  File "/www/wwwroot/coinceeper.com/CC/venv/lib64/python3.9/site-packages/web3/eth/eth.py", line 247, in call
    return self._durin_call(transaction, block_identifier, state_override)
  File "/www/wwwroot/coinceeper.com/CC/venv/lib64/python3.9/site-packages/web3/eth/eth.py", line 266, in _durin_call
    return self._call(transaction, block_identifier, state_override)
  File "/www/wwwroot/coinceeper.com/CC/venv/lib64/python3.9/site-packages/web3/module.py", line 112, in caller
    result = w3.manager.request_blocking(
  File "/www/wwwroot/coinceeper.com/CC/venv/lib64/python3.9/site-packages/web3/manager.py", line 231, in request_blocking
    response = self._make_request(method, params)
  File "/www/wwwroot/coinceeper.com/CC/venv/lib64/python3.9/site-packages/web3/manager.py", line 163, in _make_request
    return request_func(method, params)
  File "/www/wwwroot/coinceeper.com/CC/venv/lib64/python3.9/site-packages/web3/middleware/base.py", line 56, in middleware
    return self.response_processor(method, make_request(method, params))
  File "/www/wwwroot/coinceeper.com/CC/venv/lib64/python3.9/site-packages/web3/middleware/base.py", line 56, in middleware
    return self.response_processor(method, make_request(method, params))
  File "/www/wwwroot/coinceeper.com/CC/venv/lib64/python3.9/site-packages/web3/middleware/base.py", line 56, in middleware
    return self.response_processor(method, make_request(method, params))
  File "/www/wwwroot/coinceeper.com/CC/venv/lib64/python3.9/site-packages/web3/middleware/base.py", line 55, in middleware
    method, params = self.request_processor(method, params)
  File "/www/wwwroot/coinceeper.com/CC/venv/lib64/python3.9/site-packages/web3/middleware/formatting.py", line 150, in request_processor
    self.sync_formatters_builder(cast("Web3", self._w3), method),
  File "/www/wwwroot/coinceeper.com/CC/venv/lib64/python3.9/site-packages/web3/middleware/validation.py", line 141, in build_method_validators
    w3_chain_id = w3.eth.chain_id
  File "/www/wwwroot/coinceeper.com/CC/venv/lib64/python3.9/site-packages/web3/eth/eth.py", line 156, in chain_id
    return self._chain_id()
  File "/www/wwwroot/coinceeper.com/CC/venv/lib64/python3.9/site-packages/web3/module.py", line 112, in caller
    result = w3.manager.request_blocking(
  File "/www/wwwroot/coinceeper.com/CC/venv/lib64/python3.9/site-packages/web3/manager.py", line 231, in request_blocking
    response = self._make_request(method, params)
  File "/www/wwwroot/coinceeper.com/CC/venv/lib64/python3.9/site-packages/web3/manager.py", line 163, in _make_request
    return request_func(method, params)
  File "/www/wwwroot/coinceeper.com/CC/venv/lib64/python3.9/site-packages/web3/middleware/base.py", line 56, in middleware
    return self.response_processor(method, make_request(method, params))
  File "/www/wwwroot/coinceeper.com/CC/venv/lib64/python3.9/site-packages/web3/middleware/base.py", line 56, in middleware
    return self.response_processor(method, make_request(method, params))
  File "/www/wwwroot/coinceeper.com/CC/venv/lib64/python3.9/site-packages/web3/middleware/base.py", line 56, in middleware
    return self.response_processor(method, make_request(method, params))
  [Previous line repeated 2 more times]
  File "/www/wwwroot/coinceeper.com/CC/venv/lib64/python3.9/site-packages/web3/_utils/caching/caching_utils.py", line 261, in wrapper
    return func(provider, method, params)
  File "/www/wwwroot/coinceeper.com/CC/venv/lib64/python3.9/site-packages/web3/providers/rpc/rpc.py", line 170, in make_request
    raw_response = self._make_request(method, request_data)
  File "/www/wwwroot/coinceeper.com/CC/venv/lib64/python3.9/site-packages/web3/providers/rpc/rpc.py", line 157, in _make_request
    raise e
  File "/www/wwwroot/coinceeper.com/CC/venv/lib64/python3.9/site-packages/web3/providers/rpc/rpc.py", line 147, in _make_request
    return self._request_session_manager.make_post_request(
  File "/www/wwwroot/coinceeper.com/CC/venv/lib64/python3.9/site-packages/web3/_utils/http_session_manager.py", line 148, in make_post_request
    response.raise_for_status()
  File "/www/wwwroot/coinceeper.com/CC/venv/lib64/python3.9/site-packages/requests/models.py", line 1024, in raise_for_status
    raise HTTPError(http_error_msg, response=self)
requests.exceptions.HTTPError: 429 Client Error: Too Many Requests for url: https://mainnet.infura.io/v3/a8ab43a04ce044de988a838d92f478a7
2025-07-24 15:56:19 - balance_service - ERROR - Error getting EVM token balance on Ethereum: 429 Client Error: Too Many Requests for url: https://mainnet.infura.io/v3/a8ab43a04ce044de988a838d92f478a7
Traceback (most recent call last):
  File "/www/wwwroot/coinceeper.com/CC/services/balance_service.py", line 163, in get_token_balance
    balance = token_contract.functions.balanceOf(
  File "/www/wwwroot/coinceeper.com/CC/venv/lib64/python3.9/site-packages/web3/contract/contract.py", line 291, in call
    return call_contract_function(
  File "/www/wwwroot/coinceeper.com/CC/venv/lib64/python3.9/site-packages/web3/contract/utils.py", line 154, in call_contract_function
    return_data = w3.eth.call(
  File "/www/wwwroot/coinceeper.com/CC/venv/lib64/python3.9/site-packages/web3/eth/eth.py", line 247, in call
    return self._durin_call(transaction, block_identifier, state_override)
  File "/www/wwwroot/coinceeper.com/CC/venv/lib64/python3.9/site-packages/web3/eth/eth.py", line 266, in _durin_call
    return self._call(transaction, block_identifier, state_override)
  File "/www/wwwroot/coinceeper.com/CC/venv/lib64/python3.9/site-packages/web3/module.py", line 112, in caller
    result = w3.manager.request_blocking(
  File "/www/wwwroot/coinceeper.com/CC/venv/lib64/python3.9/site-packages/web3/manager.py", line 231, in request_blocking
    response = self._make_request(method, params)
  File "/www/wwwroot/coinceeper.com/CC/venv/lib64/python3.9/site-packages/web3/manager.py", line 163, in _make_request
    return request_func(method, params)
  File "/www/wwwroot/coinceeper.com/CC/venv/lib64/python3.9/site-packages/web3/middleware/base.py", line 56, in middleware
    return self.response_processor(method, make_request(method, params))
  File "/www/wwwroot/coinceeper.com/CC/venv/lib64/python3.9/site-packages/web3/middleware/base.py", line 56, in middleware
    return self.response_processor(method, make_request(method, params))
  File "/www/wwwroot/coinceeper.com/CC/venv/lib64/python3.9/site-packages/web3/middleware/base.py", line 56, in middleware
    return self.response_processor(method, make_request(method, params))
  [Previous line repeated 1 more time]
  File "/www/wwwroot/coinceeper.com/CC/venv/lib64/python3.9/site-packages/web3/middleware/formatting.py", line 164, in response_processor
    self.sync_formatters_builder(cast("Web3", self._w3), method),
  File "/www/wwwroot/coinceeper.com/CC/venv/lib64/python3.9/site-packages/web3/middleware/validation.py", line 141, in build_method_validators
    w3_chain_id = w3.eth.chain_id
  File "/www/wwwroot/coinceeper.com/CC/venv/lib64/python3.9/site-packages/web3/eth/eth.py", line 156, in chain_id
    return self._chain_id()
  File "/www/wwwroot/coinceeper.com/CC/venv/lib64/python3.9/site-packages/web3/module.py", line 112, in caller
    result = w3.manager.request_blocking(
  File "/www/wwwroot/coinceeper.com/CC/venv/lib64/python3.9/site-packages/web3/manager.py", line 231, in request_blocking
    response = self._make_request(method, params)
  File "/www/wwwroot/coinceeper.com/CC/venv/lib64/python3.9/site-packages/web3/manager.py", line 163, in _make_request
    return request_func(method, params)
  File "/www/wwwroot/coinceeper.com/CC/venv/lib64/python3.9/site-packages/web3/middleware/base.py", line 56, in middleware
    return self.response_processor(method, make_request(method, params))
  File "/www/wwwroot/coinceeper.com/CC/venv/lib64/python3.9/site-packages/web3/middleware/base.py", line 56, in middleware
    return self.response_processor(method, make_request(method, params))
  File "/www/wwwroot/coinceeper.com/CC/venv/lib64/python3.9/site-packages/web3/middleware/base.py", line 56, in middleware
    return self.response_processor(method, make_request(method, params))
  [Previous line repeated 2 more times]
  File "/www/wwwroot/coinceeper.com/CC/venv/lib64/python3.9/site-packages/web3/_utils/caching/caching_utils.py", line 261, in wrapper
    return func(provider, method, params)
  File "/www/wwwroot/coinceeper.com/CC/venv/lib64/python3.9/site-packages/web3/providers/rpc/rpc.py", line 170, in make_request
    raw_response = self._make_request(method, request_data)
  File "/www/wwwroot/coinceeper.com/CC/venv/lib64/python3.9/site-packages/web3/providers/rpc/rpc.py", line 157, in _make_request
    raise e
  File "/www/wwwroot/coinceeper.com/CC/venv/lib64/python3.9/site-packages/web3/providers/rpc/rpc.py", line 147, in _make_request
    return self._request_session_manager.make_post_request(
  File "/www/wwwroot/coinceeper.com/CC/venv/lib64/python3.9/site-packages/web3/_utils/http_session_manager.py", line 148, in make_post_request
    response.raise_for_status()
  File "/www/wwwroot/coinceeper.com/CC/venv/lib64/python3.9/site-packages/requests/models.py", line 1024, in raise_for_status
    raise HTTPError(http_error_msg, response=self)
requests.exceptions.HTTPError: 429 Client Error: Too Many Requests for url: https://mainnet.infura.io/v3/a8ab43a04ce044de988a838d92f478a7
2025-07-24 15:56:20 - balance_service - ERROR - خطا در استفاده از API جایگزین 8: HTTPSConnectionPool(host='api.tronstation.io', port=443): Max retries exceeded with url: /v1/accounts/TMYat7LeCBURfUHcPPqKWBcKxVCBLKFNp8/tokens (Caused by NameResolutionError("<urllib3.connection.HTTPSConnection object at 0x7fdcd548c4c0>: Failed to resolve 'api.tronstation.io' ([Errno -2] Name or service not known)"))
2025-07-24 16:31:40 - balance_service - WARNING - No native currency found for blockchain Bitcoin
2025-07-24 16:31:40 - balance_service - WARNING - No native currency found for blockchain Avalanche
2025-07-24 16:31:40 - balance_service - WARNING - No native currency found for blockchain Arbitrum
2025-07-24 16:31:40 - balance_service - WARNING - No native currency found for blockchain Polkadot
2025-07-24 16:31:41 - balance_service - WARNING - خطا در دریافت موجودی TRC20 با API اصلی: 404 - {"timestamp":"2025-07-24T16:31:41.050+00:00","status":404,"error":"Not Found","path":"/v1/accounts/TWxYj1EgkXikRh3SszVUQniB6NcLNKeRfy/tokens"}
2025-07-24 16:31:41 - balance_service - WARNING - خطا در دریافت موجودی TRC20 با API اصلی: 404 - {"timestamp":"2025-07-24T16:31:41.317+00:00","status":404,"error":"Not Found","path":"/v1/accounts/TWxYj1EgkXikRh3SszVUQniB6NcLNKeRfy/tokens"}
2025-07-24 16:31:41 - balance_service - ERROR - Error getting EVM token balance on Avalanche: when sending a str, it must be a hex string. Got: 'FvwEAhmxKfeiG8SnEvq42hc6whRyY3EFYAvebMqDNDGCgxN5Z'
Traceback (most recent call last):
  File "/www/wwwroot/coinceeper.com/CC/services/balance_service.py", line 157, in get_token_balance
    address=Web3.to_checksum_address(contract_address),
  File "/www/wwwroot/coinceeper.com/CC/venv/lib64/python3.9/site-packages/web3/main.py", line 268, in to_checksum_address
    return to_checksum_address(value)
  File "/www/wwwroot/coinceeper.com/CC/venv/lib64/python3.9/site-packages/eth_utils/address.py", line 129, in to_checksum_address
    norm_address = to_normalized_address(value)
  File "/www/wwwroot/coinceeper.com/CC/venv/lib64/python3.9/site-packages/eth_utils/address.py", line 73, in to_normalized_address
    hex_address = hexstr_if_str(to_hex, value).lower()
  File "/www/wwwroot/coinceeper.com/CC/venv/lib64/python3.9/site-packages/eth_utils/conversions.py", line 195, in hexstr_if_str
    raise ValueError(
ValueError: when sending a str, it must be a hex string. Got: 'FvwEAhmxKfeiG8SnEvq42hc6whRyY3EFYAvebMqDNDGCgxN5Z'
2025-07-24 16:31:41 - balance_service - WARNING - خطا در دریافت موجودی TRC20 با API اصلی: 404 - {"timestamp":"2025-07-24T16:31:41.741+00:00","status":404,"error":"Not Found","path":"/v1/accounts/TWxYj1EgkXikRh3SszVUQniB6NcLNKeRfy/tokens"}
2025-07-24 16:31:42 - balance_service - ERROR - خطا در استفاده از API جایگزین 8: HTTPSConnectionPool(host='api.tronstation.io', port=443): Max retries exceeded with url: /v1/accounts/TWxYj1EgkXikRh3SszVUQniB6NcLNKeRfy/tokens (Caused by NameResolutionError("<urllib3.connection.HTTPSConnection object at 0x7fdcd54dbd90>: Failed to resolve 'api.tronstation.io' ([Errno -2] Name or service not known)"))
2025-07-24 16:31:43 - balance_service - ERROR - خطا در استفاده از API جایگزین 8: HTTPSConnectionPool(host='api.tronstation.io', port=443): Max retries exceeded with url: /v1/accounts/TWxYj1EgkXikRh3SszVUQniB6NcLNKeRfy/tokens (Caused by NameResolutionError("<urllib3.connection.HTTPSConnection object at 0x7fdcd583a5b0>: Failed to resolve 'api.tronstation.io' ([Errno -2] Name or service not known)"))
2025-07-24 16:31:43 - balance_service - ERROR - خطا در استفاده از API جایگزین 8: HTTPSConnectionPool(host='api.tronstation.io', port=443): Max retries exceeded with url: /v1/accounts/TWxYj1EgkXikRh3SszVUQniB6NcLNKeRfy/tokens (Caused by NameResolutionError("<urllib3.connection.HTTPSConnection object at 0x7fdcd541d340>: Failed to resolve 'api.tronstation.io' ([Errno -2] Name or service not known)"))
2025-07-24 16:43:25 - balance_service - WARNING - No native currency found for blockchain Bitcoin
2025-07-24 16:43:25 - balance_service - WARNING - No native currency found for blockchain Avalanche
2025-07-24 16:43:25 - balance_service - WARNING - No native currency found for blockchain Arbitrum
2025-07-24 16:43:25 - balance_service - WARNING - No native currency found for blockchain Polkadot
2025-07-24 16:43:25 - balance_service - WARNING - خطا در دریافت موجودی TRC20 با API اصلی: 404 - {"timestamp":"2025-07-24T16:43:25.784+00:00","status":404,"error":"Not Found","path":"/v1/accounts/TWxYj1EgkXikRh3SszVUQniB6NcLNKeRfy/tokens"}
2025-07-24 16:43:26 - balance_service - WARNING - خطا در دریافت موجودی TRC20 با API اصلی: 404 - {"timestamp":"2025-07-24T16:43:26.036+00:00","status":404,"error":"Not Found","path":"/v1/accounts/TWxYj1EgkXikRh3SszVUQniB6NcLNKeRfy/tokens"}
2025-07-24 16:43:26 - balance_service - ERROR - Error getting EVM token balance on Avalanche: when sending a str, it must be a hex string. Got: 'FvwEAhmxKfeiG8SnEvq42hc6whRyY3EFYAvebMqDNDGCgxN5Z'
Traceback (most recent call last):
  File "/www/wwwroot/coinceeper.com/CC/services/balance_service.py", line 157, in get_token_balance
    address=Web3.to_checksum_address(contract_address),
  File "/www/wwwroot/coinceeper.com/CC/venv/lib64/python3.9/site-packages/web3/main.py", line 268, in to_checksum_address
    return to_checksum_address(value)
  File "/www/wwwroot/coinceeper.com/CC/venv/lib64/python3.9/site-packages/eth_utils/address.py", line 129, in to_checksum_address
    norm_address = to_normalized_address(value)
  File "/www/wwwroot/coinceeper.com/CC/venv/lib64/python3.9/site-packages/eth_utils/address.py", line 73, in to_normalized_address
    hex_address = hexstr_if_str(to_hex, value).lower()
  File "/www/wwwroot/coinceeper.com/CC/venv/lib64/python3.9/site-packages/eth_utils/conversions.py", line 195, in hexstr_if_str
    raise ValueError(
ValueError: when sending a str, it must be a hex string. Got: 'FvwEAhmxKfeiG8SnEvq42hc6whRyY3EFYAvebMqDNDGCgxN5Z'
2025-07-24 16:43:26 - balance_service - WARNING - خطا در دریافت موجودی TRC20 با API اصلی: 404 - {"timestamp":"2025-07-24T16:43:26.506+00:00","status":404,"error":"Not Found","path":"/v1/accounts/TWxYj1EgkXikRh3SszVUQniB6NcLNKeRfy/tokens"}
2025-07-24 16:43:27 - balance_service - ERROR - خطا در استفاده از API جایگزین 8: HTTPSConnectionPool(host='api.tronstation.io', port=443): Max retries exceeded with url: /v1/accounts/TWxYj1EgkXikRh3SszVUQniB6NcLNKeRfy/tokens (Caused by NameResolutionError("<urllib3.connection.HTTPSConnection object at 0x7fdcd52f6df0>: Failed to resolve 'api.tronstation.io' ([Errno -2] Name or service not known)"))
2025-07-24 16:43:27 - balance_service - ERROR - خطا در استفاده از API جایگزین 8: HTTPSConnectionPool(host='api.tronstation.io', port=443): Max retries exceeded with url: /v1/accounts/TWxYj1EgkXikRh3SszVUQniB6NcLNKeRfy/tokens (Caused by NameResolutionError("<urllib3.connection.HTTPSConnection object at 0x7fdcd5634280>: Failed to resolve 'api.tronstation.io' ([Errno -2] Name or service not known)"))
2025-07-24 16:43:28 - balance_service - ERROR - خطا در استفاده از API جایگزین 8: HTTPSConnectionPool(host='api.tronstation.io', port=443): Max retries exceeded with url: /v1/accounts/TWxYj1EgkXikRh3SszVUQniB6NcLNKeRfy/tokens (Caused by NameResolutionError("<urllib3.connection.HTTPSConnection object at 0x7fdcd5160f10>: Failed to resolve 'api.tronstation.io' ([Errno -2] Name or service not known)"))
2025-07-24 16:45:05 - balance_service - WARNING - No native currency found for blockchain Bitcoin
2025-07-24 16:45:05 - balance_service - WARNING - No native currency found for blockchain Avalanche
2025-07-24 16:45:05 - balance_service - WARNING - No native currency found for blockchain Arbitrum
2025-07-24 16:45:05 - balance_service - WARNING - No native currency found for blockchain Polkadot
2025-07-24 16:45:06 - balance_service - WARNING - خطا در دریافت موجودی TRC20 با API اصلی: 404 - {"timestamp":"2025-07-24T16:45:06.333+00:00","status":404,"error":"Not Found","path":"/v1/accounts/TWmckAD59bHkgXBbtf8g6CjK7erPgYxuT4/tokens"}
2025-07-24 16:45:06 - balance_service - WARNING - خطا در دریافت موجودی TRC20 با API اصلی: 404 - {"timestamp":"2025-07-24T16:45:06.556+00:00","status":404,"error":"Not Found","path":"/v1/accounts/TWmckAD59bHkgXBbtf8g6CjK7erPgYxuT4/tokens"}
2025-07-24 16:45:06 - balance_service - ERROR - Error getting EVM token balance on Avalanche: when sending a str, it must be a hex string. Got: 'FvwEAhmxKfeiG8SnEvq42hc6whRyY3EFYAvebMqDNDGCgxN5Z'
Traceback (most recent call last):
  File "/www/wwwroot/coinceeper.com/CC/services/balance_service.py", line 157, in get_token_balance
    address=Web3.to_checksum_address(contract_address),
  File "/www/wwwroot/coinceeper.com/CC/venv/lib64/python3.9/site-packages/web3/main.py", line 268, in to_checksum_address
    return to_checksum_address(value)
  File "/www/wwwroot/coinceeper.com/CC/venv/lib64/python3.9/site-packages/eth_utils/address.py", line 129, in to_checksum_address
    norm_address = to_normalized_address(value)
  File "/www/wwwroot/coinceeper.com/CC/venv/lib64/python3.9/site-packages/eth_utils/address.py", line 73, in to_normalized_address
    hex_address = hexstr_if_str(to_hex, value).lower()
  File "/www/wwwroot/coinceeper.com/CC/venv/lib64/python3.9/site-packages/eth_utils/conversions.py", line 195, in hexstr_if_str
    raise ValueError(
ValueError: when sending a str, it must be a hex string. Got: 'FvwEAhmxKfeiG8SnEvq42hc6whRyY3EFYAvebMqDNDGCgxN5Z'
2025-07-24 16:45:07 - balance_service - WARNING - خطا در دریافت موجودی TRC20 با API اصلی: 404 - {"timestamp":"2025-07-24T16:45:07.250+00:00","status":404,"error":"Not Found","path":"/v1/accounts/TWmckAD59bHkgXBbtf8g6CjK7erPgYxuT4/tokens"}
2025-07-24 16:45:07 - balance_service - ERROR - خطا در استفاده از API جایگزین 8: HTTPSConnectionPool(host='api.tronstation.io', port=443): Max retries exceeded with url: /v1/accounts/TWmckAD59bHkgXBbtf8g6CjK7erPgYxuT4/tokens (Caused by NameResolutionError("<urllib3.connection.HTTPSConnection object at 0x7fdcd52d4160>: Failed to resolve 'api.tronstation.io' ([Errno -2] Name or service not known)"))
2025-07-24 16:45:08 - balance_service - ERROR - خطا در استفاده از API جایگزین 8: HTTPSConnectionPool(host='api.tronstation.io', port=443): Max retries exceeded with url: /v1/accounts/TWmckAD59bHkgXBbtf8g6CjK7erPgYxuT4/tokens (Caused by NameResolutionError("<urllib3.connection.HTTPSConnection object at 0x7fdcd52d4f10>: Failed to resolve 'api.tronstation.io' ([Errno -2] Name or service not known)"))
2025-07-24 16:45:08 - balance_service - ERROR - خطا در استفاده از API جایگزین 8: HTTPSConnectionPool(host='api.tronstation.io', port=443): Max retries exceeded with url: /v1/accounts/TWmckAD59bHkgXBbtf8g6CjK7erPgYxuT4/tokens (Caused by NameResolutionError("<urllib3.connection.HTTPSConnection object at 0x7fdcd53c0fd0>: Failed to resolve 'api.tronstation.io' ([Errno -2] Name or service not known)"))
2025-07-24 17:42:54 - balance_service - WARNING - No native currency found for blockchain Bitcoin
2025-07-24 17:42:54 - balance_service - WARNING - No native currency found for blockchain Avalanche
2025-07-24 17:42:54 - balance_service - WARNING - No native currency found for blockchain Arbitrum
2025-07-24 17:42:54 - balance_service - WARNING - No native currency found for blockchain Polkadot
2025-07-24 17:42:55 - balance_service - WARNING - خطا در دریافت موجودی TRC20 با API اصلی: 404 - {"timestamp":"2025-07-24T17:42:54.973+00:00","status":404,"error":"Not Found","path":"/v1/accounts/TAJWsp8NpcBKcbMqRNYTiLQfxw7ZLn7pkF/tokens"}
2025-07-24 17:42:55 - balance_service - WARNING - خطا در دریافت موجودی TRC20 با API اصلی: 404 - {"timestamp":"2025-07-24T17:42:55.170+00:00","status":404,"error":"Not Found","path":"/v1/accounts/TAJWsp8NpcBKcbMqRNYTiLQfxw7ZLn7pkF/tokens"}
2025-07-24 17:42:55 - balance_service - ERROR - Error getting EVM token balance on Avalanche: when sending a str, it must be a hex string. Got: 'FvwEAhmxKfeiG8SnEvq42hc6whRyY3EFYAvebMqDNDGCgxN5Z'
Traceback (most recent call last):
  File "/www/wwwroot/coinceeper.com/CC/services/balance_service.py", line 157, in get_token_balance
    address=Web3.to_checksum_address(contract_address),
  File "/www/wwwroot/coinceeper.com/CC/venv/lib64/python3.9/site-packages/web3/main.py", line 268, in to_checksum_address
    return to_checksum_address(value)
  File "/www/wwwroot/coinceeper.com/CC/venv/lib64/python3.9/site-packages/eth_utils/address.py", line 129, in to_checksum_address
    norm_address = to_normalized_address(value)
  File "/www/wwwroot/coinceeper.com/CC/venv/lib64/python3.9/site-packages/eth_utils/address.py", line 73, in to_normalized_address
    hex_address = hexstr_if_str(to_hex, value).lower()
  File "/www/wwwroot/coinceeper.com/CC/venv/lib64/python3.9/site-packages/eth_utils/conversions.py", line 195, in hexstr_if_str
    raise ValueError(
ValueError: when sending a str, it must be a hex string. Got: 'FvwEAhmxKfeiG8SnEvq42hc6whRyY3EFYAvebMqDNDGCgxN5Z'
2025-07-24 17:42:55 - balance_service - WARNING - خطا در دریافت موجودی TRC20 با API اصلی: 404 - {"timestamp":"2025-07-24T17:42:55.666+00:00","status":404,"error":"Not Found","path":"/v1/accounts/TAJWsp8NpcBKcbMqRNYTiLQfxw7ZLn7pkF/tokens"}
2025-07-24 17:42:56 - balance_service - ERROR - خطا در استفاده از API جایگزین 8: HTTPSConnectionPool(host='api.tronstation.io', port=443): Max retries exceeded with url: /v1/accounts/TAJWsp8NpcBKcbMqRNYTiLQfxw7ZLn7pkF/tokens (Caused by NameResolutionError("<urllib3.connection.HTTPSConnection object at 0x7fdcd54ce670>: Failed to resolve 'api.tronstation.io' ([Errno -2] Name or service not known)"))
2025-07-24 17:42:56 - balance_service - ERROR - خطا در استفاده از API جایگزین 8: HTTPSConnectionPool(host='api.tronstation.io', port=443): Max retries exceeded with url: /v1/accounts/TAJWsp8NpcBKcbMqRNYTiLQfxw7ZLn7pkF/tokens (Caused by NameResolutionError("<urllib3.connection.HTTPSConnection object at 0x7fdcd54be850>: Failed to resolve 'api.tronstation.io' ([Errno -2] Name or service not known)"))
2025-07-24 17:42:57 - balance_service - ERROR - خطا در استفاده از API جایگزین 8: HTTPSConnectionPool(host='api.tronstation.io', port=443): Max retries exceeded with url: /v1/accounts/TAJWsp8NpcBKcbMqRNYTiLQfxw7ZLn7pkF/tokens (Caused by NameResolutionError("<urllib3.connection.HTTPSConnection object at 0x7fdcd5134e80>: Failed to resolve 'api.tronstation.io' ([Errno -2] Name or service not known)"))
2025-07-24 17:44:13 - balance_service - WARNING - No native currency found for blockchain Bitcoin
2025-07-24 17:44:13 - balance_service - WARNING - No native currency found for blockchain Avalanche
2025-07-24 17:44:13 - balance_service - WARNING - No native currency found for blockchain Arbitrum
2025-07-24 17:44:13 - balance_service - WARNING - No native currency found for blockchain Polkadot
2025-07-24 17:44:14 - balance_service - WARNING - خطا در دریافت موجودی TRC20 با API اصلی: 404 - {"timestamp":"2025-07-24T17:44:14.204+00:00","status":404,"error":"Not Found","path":"/v1/accounts/TAJWsp8NpcBKcbMqRNYTiLQfxw7ZLn7pkF/tokens"}
2025-07-24 17:44:14 - balance_service - WARNING - خطا در دریافت موجودی TRC20 با API اصلی: 404 - {"timestamp":"2025-07-24T17:44:14.403+00:00","status":404,"error":"Not Found","path":"/v1/accounts/TAJWsp8NpcBKcbMqRNYTiLQfxw7ZLn7pkF/tokens"}
2025-07-24 17:44:14 - balance_service - ERROR - Error getting EVM token balance on Avalanche: when sending a str, it must be a hex string. Got: 'FvwEAhmxKfeiG8SnEvq42hc6whRyY3EFYAvebMqDNDGCgxN5Z'
Traceback (most recent call last):
  File "/www/wwwroot/coinceeper.com/CC/services/balance_service.py", line 157, in get_token_balance
    address=Web3.to_checksum_address(contract_address),
  File "/www/wwwroot/coinceeper.com/CC/venv/lib64/python3.9/site-packages/web3/main.py", line 268, in to_checksum_address
    return to_checksum_address(value)
  File "/www/wwwroot/coinceeper.com/CC/venv/lib64/python3.9/site-packages/eth_utils/address.py", line 129, in to_checksum_address
    norm_address = to_normalized_address(value)
  File "/www/wwwroot/coinceeper.com/CC/venv/lib64/python3.9/site-packages/eth_utils/address.py", line 73, in to_normalized_address
    hex_address = hexstr_if_str(to_hex, value).lower()
  File "/www/wwwroot/coinceeper.com/CC/venv/lib64/python3.9/site-packages/eth_utils/conversions.py", line 195, in hexstr_if_str
    raise ValueError(
ValueError: when sending a str, it must be a hex string. Got: 'FvwEAhmxKfeiG8SnEvq42hc6whRyY3EFYAvebMqDNDGCgxN5Z'
2025-07-24 17:44:14 - balance_service - WARNING - خطا در دریافت موجودی TRC20 با API اصلی: 404 - {"timestamp":"2025-07-24T17:44:14.887+00:00","status":404,"error":"Not Found","path":"/v1/accounts/TAJWsp8NpcBKcbMqRNYTiLQfxw7ZLn7pkF/tokens"}
2025-07-24 17:44:15 - balance_service - ERROR - خطا در استفاده از API جایگزین 8: HTTPSConnectionPool(host='api.tronstation.io', port=443): Max retries exceeded with url: /v1/accounts/TAJWsp8NpcBKcbMqRNYTiLQfxw7ZLn7pkF/tokens (Caused by NameResolutionError("<urllib3.connection.HTTPSConnection object at 0x7fdcd53d5df0>: Failed to resolve 'api.tronstation.io' ([Errno -2] Name or service not known)"))
2025-07-24 17:44:16 - balance_service - ERROR - خطا در استفاده از API جایگزین 8: HTTPSConnectionPool(host='api.tronstation.io', port=443): Max retries exceeded with url: /v1/accounts/TAJWsp8NpcBKcbMqRNYTiLQfxw7ZLn7pkF/tokens (Caused by NameResolutionError("<urllib3.connection.HTTPSConnection object at 0x7fdcd53c0550>: Failed to resolve 'api.tronstation.io' ([Errno -2] Name or service not known)"))
2025-07-24 17:44:16 - balance_service - ERROR - خطا در استفاده از API جایگزین 8: HTTPSConnectionPool(host='api.tronstation.io', port=443): Max retries exceeded with url: /v1/accounts/TAJWsp8NpcBKcbMqRNYTiLQfxw7ZLn7pkF/tokens (Caused by NameResolutionError("<urllib3.connection.HTTPSConnection object at 0x7fdcd5663640>: Failed to resolve 'api.tronstation.io' ([Errno -2] Name or service not known)"))
2025-07-24 19:25:13 - balance_service - WARNING - No native currency found for blockchain Bitcoin
2025-07-24 19:25:13 - balance_service - WARNING - No native currency found for blockchain Avalanche
2025-07-24 19:25:13 - balance_service - WARNING - No native currency found for blockchain Arbitrum
2025-07-24 19:25:13 - balance_service - WARNING - No native currency found for blockchain Polkadot
2025-07-24 19:25:13 - balance_service - WARNING - خطا در دریافت موجودی TRC20 با API اصلی: 404 - {"timestamp":"2025-07-24T19:25:13.673+00:00","status":404,"error":"Not Found","path":"/v1/accounts/TWxYj1EgkXikRh3SszVUQniB6NcLNKeRfy/tokens"}
2025-07-24 19:25:14 - balance_service - WARNING - خطا در دریافت موجودی TRC20 با API اصلی: 404 - {"timestamp":"2025-07-24T19:25:13.992+00:00","status":404,"error":"Not Found","path":"/v1/accounts/TWxYj1EgkXikRh3SszVUQniB6NcLNKeRfy/tokens"}
2025-07-24 19:25:14 - balance_service - ERROR - Error getting EVM token balance on Avalanche: when sending a str, it must be a hex string. Got: 'FvwEAhmxKfeiG8SnEvq42hc6whRyY3EFYAvebMqDNDGCgxN5Z'
Traceback (most recent call last):
  File "/www/wwwroot/coinceeper.com/CC/services/balance_service.py", line 157, in get_token_balance
    address=Web3.to_checksum_address(contract_address),
  File "/www/wwwroot/coinceeper.com/CC/venv/lib64/python3.9/site-packages/web3/main.py", line 268, in to_checksum_address
    return to_checksum_address(value)
  File "/www/wwwroot/coinceeper.com/CC/venv/lib64/python3.9/site-packages/eth_utils/address.py", line 129, in to_checksum_address
    norm_address = to_normalized_address(value)
  File "/www/wwwroot/coinceeper.com/CC/venv/lib64/python3.9/site-packages/eth_utils/address.py", line 73, in to_normalized_address
    hex_address = hexstr_if_str(to_hex, value).lower()
  File "/www/wwwroot/coinceeper.com/CC/venv/lib64/python3.9/site-packages/eth_utils/conversions.py", line 195, in hexstr_if_str
    raise ValueError(
ValueError: when sending a str, it must be a hex string. Got: 'FvwEAhmxKfeiG8SnEvq42hc6whRyY3EFYAvebMqDNDGCgxN5Z'
2025-07-24 19:25:14 - balance_service - WARNING - خطا در دریافت موجودی TRC20 با API اصلی: 404 - {"timestamp":"2025-07-24T19:25:14.322+00:00","status":404,"error":"Not Found","path":"/v1/accounts/TWxYj1EgkXikRh3SszVUQniB6NcLNKeRfy/tokens"}
2025-07-24 19:25:15 - balance_service - ERROR - خطا در استفاده از API جایگزین 8: HTTPSConnectionPool(host='api.tronstation.io', port=443): Max retries exceeded with url: /v1/accounts/TWxYj1EgkXikRh3SszVUQniB6NcLNKeRfy/tokens (Caused by NameResolutionError("<urllib3.connection.HTTPSConnection object at 0x7fdcd597dcd0>: Failed to resolve 'api.tronstation.io' ([Errno -2] Name or service not known)"))
2025-07-24 19:25:15 - balance_service - ERROR - خطا در استفاده از API جایگزین 8: HTTPSConnectionPool(host='api.tronstation.io', port=443): Max retries exceeded with url: /v1/accounts/TWxYj1EgkXikRh3SszVUQniB6NcLNKeRfy/tokens (Caused by NameResolutionError("<urllib3.connection.HTTPSConnection object at 0x7fdcd56e6640>: Failed to resolve 'api.tronstation.io' ([Errno -2] Name or service not known)"))
2025-07-24 19:25:16 - balance_service - ERROR - خطا در استفاده از API جایگزین 8: HTTPSConnectionPool(host='api.tronstation.io', port=443): Max retries exceeded with url: /v1/accounts/TWxYj1EgkXikRh3SszVUQniB6NcLNKeRfy/tokens (Caused by NameResolutionError("<urllib3.connection.HTTPSConnection object at 0x7fdcd49943d0>: Failed to resolve 'api.tronstation.io' ([Errno -2] Name or service not known)"))
2025-07-24 22:46:35 - balance_service - WARNING - No native currency found for blockchain Bitcoin
2025-07-24 22:46:35 - balance_service - WARNING - No native currency found for blockchain Avalanche
2025-07-24 22:46:35 - balance_service - WARNING - No native currency found for blockchain Arbitrum
2025-07-24 22:46:35 - balance_service - WARNING - No native currency found for blockchain Polkadot
2025-07-24 22:46:36 - balance_service - WARNING - خطا در دریافت موجودی TRC20 با API اصلی: 404 - {"timestamp":"2025-07-24T22:46:36.306+00:00","status":404,"error":"Not Found","path":"/v1/accounts/TWxYj1EgkXikRh3SszVUQniB6NcLNKeRfy/tokens"}
2025-07-24 22:46:36 - balance_service - WARNING - خطا در دریافت موجودی TRC20 با API اصلی: 404 - {"timestamp":"2025-07-24T22:46:36.540+00:00","status":404,"error":"Not Found","path":"/v1/accounts/TWxYj1EgkXikRh3SszVUQniB6NcLNKeRfy/tokens"}
2025-07-24 22:46:36 - balance_service - ERROR - Error getting EVM token balance on Avalanche: when sending a str, it must be a hex string. Got: 'FvwEAhmxKfeiG8SnEvq42hc6whRyY3EFYAvebMqDNDGCgxN5Z'
Traceback (most recent call last):
  File "/www/wwwroot/coinceeper.com/CC/services/balance_service.py", line 157, in get_token_balance
    address=Web3.to_checksum_address(contract_address),
  File "/www/wwwroot/coinceeper.com/CC/venv/lib64/python3.9/site-packages/web3/main.py", line 268, in to_checksum_address
    return to_checksum_address(value)
  File "/www/wwwroot/coinceeper.com/CC/venv/lib64/python3.9/site-packages/eth_utils/address.py", line 129, in to_checksum_address
    norm_address = to_normalized_address(value)
  File "/www/wwwroot/coinceeper.com/CC/venv/lib64/python3.9/site-packages/eth_utils/address.py", line 73, in to_normalized_address
    hex_address = hexstr_if_str(to_hex, value).lower()
  File "/www/wwwroot/coinceeper.com/CC/venv/lib64/python3.9/site-packages/eth_utils/conversions.py", line 195, in hexstr_if_str
    raise ValueError(
ValueError: when sending a str, it must be a hex string. Got: 'FvwEAhmxKfeiG8SnEvq42hc6whRyY3EFYAvebMqDNDGCgxN5Z'
2025-07-24 22:46:37 - balance_service - WARNING - خطا در دریافت موجودی TRC20 با API اصلی: 404 - {"timestamp":"2025-07-24T22:46:37.008+00:00","status":404,"error":"Not Found","path":"/v1/accounts/TWxYj1EgkXikRh3SszVUQniB6NcLNKeRfy/tokens"}
2025-07-24 22:46:37 - balance_service - ERROR - خطا در استفاده از API جایگزین 8: HTTPSConnectionPool(host='api.tronstation.io', port=443): Max retries exceeded with url: /v1/accounts/TWxYj1EgkXikRh3SszVUQniB6NcLNKeRfy/tokens (Caused by NameResolutionError("<urllib3.connection.HTTPSConnection object at 0x7fdcd5179220>: Failed to resolve 'api.tronstation.io' ([Errno -2] Name or service not known)"))
2025-07-24 22:46:38 - balance_service - ERROR - خطا در استفاده از API جایگزین 8: HTTPSConnectionPool(host='api.tronstation.io', port=443): Max retries exceeded with url: /v1/accounts/TWxYj1EgkXikRh3SszVUQniB6NcLNKeRfy/tokens (Caused by NameResolutionError("<urllib3.connection.HTTPSConnection object at 0x7fdcd591a460>: Failed to resolve 'api.tronstation.io' ([Errno -2] Name or service not known)"))
2025-07-24 22:46:38 - balance_service - ERROR - خطا در استفاده از API جایگزین 8: HTTPSConnectionPool(host='api.tronstation.io', port=443): Max retries exceeded with url: /v1/accounts/TWxYj1EgkXikRh3SszVUQniB6NcLNKeRfy/tokens (Caused by NameResolutionError("<urllib3.connection.HTTPSConnection object at 0x7fdcd53e7670>: Failed to resolve 'api.tronstation.io' ([Errno -2] Name or service not known)"))
2025-07-24 22:47:07 - balance_service - WARNING - No native currency found for blockchain Bitcoin
2025-07-24 22:47:07 - balance_service - WARNING - No native currency found for blockchain Avalanche
2025-07-24 22:47:07 - balance_service - WARNING - No native currency found for blockchain Arbitrum
2025-07-24 22:47:07 - balance_service - WARNING - No native currency found for blockchain Polkadot
2025-07-24 22:47:08 - balance_service - WARNING - خطا در دریافت موجودی TRC20 با API اصلی: 404 - {"timestamp":"2025-07-24T22:47:08.284+00:00","status":404,"error":"Not Found","path":"/v1/accounts/TWxYj1EgkXikRh3SszVUQniB6NcLNKeRfy/tokens"}
2025-07-24 22:47:08 - balance_service - WARNING - خطا در دریافت موجودی TRC20 با API اصلی: 404 - {"timestamp":"2025-07-24T22:47:08.486+00:00","status":404,"error":"Not Found","path":"/v1/accounts/TWxYj1EgkXikRh3SszVUQniB6NcLNKeRfy/tokens"}
2025-07-24 22:47:08 - balance_service - ERROR - Error getting EVM token balance on Avalanche: when sending a str, it must be a hex string. Got: 'FvwEAhmxKfeiG8SnEvq42hc6whRyY3EFYAvebMqDNDGCgxN5Z'
Traceback (most recent call last):
  File "/www/wwwroot/coinceeper.com/CC/services/balance_service.py", line 157, in get_token_balance
    address=Web3.to_checksum_address(contract_address),
  File "/www/wwwroot/coinceeper.com/CC/venv/lib64/python3.9/site-packages/web3/main.py", line 268, in to_checksum_address
    return to_checksum_address(value)
  File "/www/wwwroot/coinceeper.com/CC/venv/lib64/python3.9/site-packages/eth_utils/address.py", line 129, in to_checksum_address
    norm_address = to_normalized_address(value)
  File "/www/wwwroot/coinceeper.com/CC/venv/lib64/python3.9/site-packages/eth_utils/address.py", line 73, in to_normalized_address
    hex_address = hexstr_if_str(to_hex, value).lower()
  File "/www/wwwroot/coinceeper.com/CC/venv/lib64/python3.9/site-packages/eth_utils/conversions.py", line 195, in hexstr_if_str
    raise ValueError(
ValueError: when sending a str, it must be a hex string. Got: 'FvwEAhmxKfeiG8SnEvq42hc6whRyY3EFYAvebMqDNDGCgxN5Z'
2025-07-24 22:47:09 - balance_service - WARNING - خطا در دریافت موجودی TRC20 با API اصلی: 404 - {"timestamp":"2025-07-24T22:47:09.132+00:00","status":404,"error":"Not Found","path":"/v1/accounts/TWxYj1EgkXikRh3SszVUQniB6NcLNKeRfy/tokens"}
2025-07-24 22:47:09 - balance_service - ERROR - خطا در استفاده از API جایگزین 8: HTTPSConnectionPool(host='api.tronstation.io', port=443): Max retries exceeded with url: /v1/accounts/TWxYj1EgkXikRh3SszVUQniB6NcLNKeRfy/tokens (Caused by NameResolutionError("<urllib3.connection.HTTPSConnection object at 0x7fdcd54bee20>: Failed to resolve 'api.tronstation.io' ([Errno -2] Name or service not known)"))
2025-07-24 22:47:10 - balance_service - ERROR - خطا در استفاده از API جایگزین 8: HTTPSConnectionPool(host='api.tronstation.io', port=443): Max retries exceeded with url: /v1/accounts/TWxYj1EgkXikRh3SszVUQniB6NcLNKeRfy/tokens (Caused by NameResolutionError("<urllib3.connection.HTTPSConnection object at 0x7fdcd53b93a0>: Failed to resolve 'api.tronstation.io' ([Errno -2] Name or service not known)"))
2025-07-24 22:47:10 - balance_service - ERROR - خطا در استفاده از API جایگزین 8: HTTPSConnectionPool(host='api.tronstation.io', port=443): Max retries exceeded with url: /v1/accounts/TWxYj1EgkXikRh3SszVUQniB6NcLNKeRfy/tokens (Caused by NameResolutionError("<urllib3.connection.HTTPSConnection object at 0x7fdcd5160a60>: Failed to resolve 'api.tronstation.io' ([Errno -2] Name or service not known)"))
2025-07-24 22:49:48 - balance_service - WARNING - No native currency found for blockchain Bitcoin
2025-07-24 22:49:48 - balance_service - WARNING - No native currency found for blockchain Avalanche
2025-07-24 22:49:48 - balance_service - WARNING - No native currency found for blockchain Arbitrum
2025-07-24 22:49:48 - balance_service - WARNING - No native currency found for blockchain Polkadot
2025-07-24 22:49:49 - balance_service - WARNING - خطا در دریافت موجودی TRC20 با API اصلی: 404 - {"timestamp":"2025-07-24T22:49:49.192+00:00","status":404,"error":"Not Found","path":"/v1/accounts/TWxYj1EgkXikRh3SszVUQniB6NcLNKeRfy/tokens"}
2025-07-24 22:49:49 - balance_service - WARNING - خطا در دریافت موجودی TRC20 با API اصلی: 404 - {"timestamp":"2025-07-24T22:49:49.422+00:00","status":404,"error":"Not Found","path":"/v1/accounts/TWxYj1EgkXikRh3SszVUQniB6NcLNKeRfy/tokens"}
2025-07-24 22:49:49 - balance_service - ERROR - Error getting EVM token balance on Avalanche: when sending a str, it must be a hex string. Got: 'FvwEAhmxKfeiG8SnEvq42hc6whRyY3EFYAvebMqDNDGCgxN5Z'
Traceback (most recent call last):
  File "/www/wwwroot/coinceeper.com/CC/services/balance_service.py", line 157, in get_token_balance
    address=Web3.to_checksum_address(contract_address),
  File "/www/wwwroot/coinceeper.com/CC/venv/lib64/python3.9/site-packages/web3/main.py", line 268, in to_checksum_address
    return to_checksum_address(value)
  File "/www/wwwroot/coinceeper.com/CC/venv/lib64/python3.9/site-packages/eth_utils/address.py", line 129, in to_checksum_address
    norm_address = to_normalized_address(value)
  File "/www/wwwroot/coinceeper.com/CC/venv/lib64/python3.9/site-packages/eth_utils/address.py", line 73, in to_normalized_address
    hex_address = hexstr_if_str(to_hex, value).lower()
  File "/www/wwwroot/coinceeper.com/CC/venv/lib64/python3.9/site-packages/eth_utils/conversions.py", line 195, in hexstr_if_str
    raise ValueError(
ValueError: when sending a str, it must be a hex string. Got: 'FvwEAhmxKfeiG8SnEvq42hc6whRyY3EFYAvebMqDNDGCgxN5Z'
2025-07-24 22:49:50 - balance_service - WARNING - خطا در دریافت موجودی TRC20 با API اصلی: 404 - {"timestamp":"2025-07-24T22:49:50.015+00:00","status":404,"error":"Not Found","path":"/v1/accounts/TWxYj1EgkXikRh3SszVUQniB6NcLNKeRfy/tokens"}
2025-07-24 22:49:50 - balance_service - ERROR - خطا در استفاده از API جایگزین 8: HTTPSConnectionPool(host='api.tronstation.io', port=443): Max retries exceeded with url: /v1/accounts/TWxYj1EgkXikRh3SszVUQniB6NcLNKeRfy/tokens (Caused by NameResolutionError("<urllib3.connection.HTTPSConnection object at 0x7fdcd529fbb0>: Failed to resolve 'api.tronstation.io' ([Errno -2] Name or service not known)"))
2025-07-24 22:49:51 - balance_service - ERROR - خطا در استفاده از API جایگزین 8: HTTPSConnectionPool(host='api.tronstation.io', port=443): Max retries exceeded with url: /v1/accounts/TWxYj1EgkXikRh3SszVUQniB6NcLNKeRfy/tokens (Caused by NameResolutionError("<urllib3.connection.HTTPSConnection object at 0x7fdcd58dd5b0>: Failed to resolve 'api.tronstation.io' ([Errno -2] Name or service not known)"))
2025-07-24 22:49:51 - balance_service - ERROR - خطا در استفاده از API جایگزین 8: HTTPSConnectionPool(host='api.tronstation.io', port=443): Max retries exceeded with url: /v1/accounts/TWxYj1EgkXikRh3SszVUQniB6NcLNKeRfy/tokens (Caused by NameResolutionError("<urllib3.connection.HTTPSConnection object at 0x7fdcd5172160>: Failed to resolve 'api.tronstation.io' ([Errno -2] Name or service not known)"))
2025-07-24 23:02:27 - balance_service - ERROR - Error getting simple user balance: (mysql.connector.errors.DatabaseError) 2003 (HY000): Can't connect to MySQL server on 'localhost:3306' (111)
(Background on this error at: https://sqlalche.me/e/20/4xp6)
2025-07-25 07:59:04 - balance_service - WARNING - No native currency found for blockchain Bitcoin
2025-07-25 07:59:04 - balance_service - WARNING - No native currency found for blockchain Avalanche
2025-07-25 07:59:04 - balance_service - WARNING - No native currency found for blockchain Arbitrum
2025-07-25 07:59:04 - balance_service - WARNING - No native currency found for blockchain Polkadot
2025-07-25 07:59:05 - balance_service - WARNING - خطا در دریافت موجودی TRC20 با API اصلی: 404 - {"timestamp":"2025-07-25T07:59:05.268+00:00","status":404,"error":"Not Found","path":"/v1/accounts/TMF6XxXUJtqNEwrdxBt4zCUDiAsFyvuUty/tokens"}
2025-07-25 07:59:05 - balance_service - WARNING - خطا در دریافت موجودی TRC20 با API اصلی: 404 - {"timestamp":"2025-07-25T07:59:05.470+00:00","status":404,"error":"Not Found","path":"/v1/accounts/TMF6XxXUJtqNEwrdxBt4zCUDiAsFyvuUty/tokens"}
2025-07-25 07:59:05 - balance_service - ERROR - Error getting EVM token balance on Avalanche: when sending a str, it must be a hex string. Got: 'FvwEAhmxKfeiG8SnEvq42hc6whRyY3EFYAvebMqDNDGCgxN5Z'
Traceback (most recent call last):
  File "/www/wwwroot/coinceeper.com/CC/services/balance_service.py", line 157, in get_token_balance
    address=Web3.to_checksum_address(contract_address),
  File "/www/wwwroot/coinceeper.com/CC/venv/lib64/python3.9/site-packages/web3/main.py", line 268, in to_checksum_address
    return to_checksum_address(value)
  File "/www/wwwroot/coinceeper.com/CC/venv/lib64/python3.9/site-packages/eth_utils/address.py", line 129, in to_checksum_address
    norm_address = to_normalized_address(value)
  File "/www/wwwroot/coinceeper.com/CC/venv/lib64/python3.9/site-packages/eth_utils/address.py", line 73, in to_normalized_address
    hex_address = hexstr_if_str(to_hex, value).lower()
  File "/www/wwwroot/coinceeper.com/CC/venv/lib64/python3.9/site-packages/eth_utils/conversions.py", line 195, in hexstr_if_str
    raise ValueError(
ValueError: when sending a str, it must be a hex string. Got: 'FvwEAhmxKfeiG8SnEvq42hc6whRyY3EFYAvebMqDNDGCgxN5Z'
2025-07-25 07:59:06 - balance_service - WARNING - خطا در دریافت موجودی TRC20 با API اصلی: 404 - {"timestamp":"2025-07-25T07:59:06.137+00:00","status":404,"error":"Not Found","path":"/v1/accounts/TMF6XxXUJtqNEwrdxBt4zCUDiAsFyvuUty/tokens"}
2025-07-25 07:59:06 - balance_service - ERROR - خطا در استفاده از API جایگزین 8: HTTPSConnectionPool(host='api.tronstation.io', port=443): Max retries exceeded with url: /v1/accounts/TMF6XxXUJtqNEwrdxBt4zCUDiAsFyvuUty/tokens (Caused by NameResolutionError("<urllib3.connection.HTTPSConnection object at 0x7fdcd419f130>: Failed to resolve 'api.tronstation.io' ([Errno -2] Name or service not known)"))
2025-07-25 07:59:07 - balance_service - ERROR - خطا در استفاده از API جایگزین 8: HTTPSConnectionPool(host='api.tronstation.io', port=443): Max retries exceeded with url: /v1/accounts/TMF6XxXUJtqNEwrdxBt4zCUDiAsFyvuUty/tokens (Caused by NameResolutionError("<urllib3.connection.HTTPSConnection object at 0x7fdcd56df3d0>: Failed to resolve 'api.tronstation.io' ([Errno -2] Name or service not known)"))
2025-07-25 07:59:07 - balance_service - ERROR - خطا در استفاده از API جایگزین 8: HTTPSConnectionPool(host='api.tronstation.io', port=443): Max retries exceeded with url: /v1/accounts/TMF6XxXUJtqNEwrdxBt4zCUDiAsFyvuUty/tokens (Caused by NameResolutionError("<urllib3.connection.HTTPSConnection object at 0x7fdcd589cdc0>: Failed to resolve 'api.tronstation.io' ([Errno -2] Name or service not known)"))
2025-07-25 11:19:26 - balance_service - ERROR - Error getting simple user balance: (mysql.connector.errors.DatabaseError) 2003 (HY000): Can't connect to MySQL server on 'localhost:3306' (111)
(Background on this error at: https://sqlalche.me/e/20/4xp6)
2025-07-25 11:21:54 - balance_service - WARNING - No native currency found for blockchain Bitcoin
2025-07-25 11:21:54 - balance_service - WARNING - No native currency found for blockchain Avalanche
2025-07-25 11:21:54 - balance_service - WARNING - No native currency found for blockchain Arbitrum
2025-07-25 11:21:54 - balance_service - WARNING - No native currency found for blockchain Polkadot
2025-07-25 11:21:54 - balance_service - WARNING - خطا در دریافت موجودی TRC20 با API اصلی: 404 - {"timestamp":"2025-07-25T11:21:54.606+00:00","status":404,"error":"Not Found","path":"/v1/accounts/TVj4vAEuqQvb4LpsdUfGY9tSMNK1WLyHJp/tokens"}
2025-07-25 11:21:54 - balance_service - WARNING - خطا در دریافت موجودی TRC20 با API اصلی: 404 - {"timestamp":"2025-07-25T11:21:54.864+00:00","status":404,"error":"Not Found","path":"/v1/accounts/TVj4vAEuqQvb4LpsdUfGY9tSMNK1WLyHJp/tokens"}
2025-07-25 11:21:55 - balance_service - ERROR - Error getting EVM token balance on Avalanche: when sending a str, it must be a hex string. Got: 'FvwEAhmxKfeiG8SnEvq42hc6whRyY3EFYAvebMqDNDGCgxN5Z'
Traceback (most recent call last):
  File "/www/wwwroot/coinceeper.com/CC/services/balance_service.py", line 157, in get_token_balance
    address=Web3.to_checksum_address(contract_address),
  File "/www/wwwroot/coinceeper.com/CC/venv/lib64/python3.9/site-packages/web3/main.py", line 268, in to_checksum_address
    return to_checksum_address(value)
  File "/www/wwwroot/coinceeper.com/CC/venv/lib64/python3.9/site-packages/eth_utils/address.py", line 129, in to_checksum_address
    norm_address = to_normalized_address(value)
  File "/www/wwwroot/coinceeper.com/CC/venv/lib64/python3.9/site-packages/eth_utils/address.py", line 73, in to_normalized_address
    hex_address = hexstr_if_str(to_hex, value).lower()
  File "/www/wwwroot/coinceeper.com/CC/venv/lib64/python3.9/site-packages/eth_utils/conversions.py", line 195, in hexstr_if_str
    raise ValueError(
ValueError: when sending a str, it must be a hex string. Got: 'FvwEAhmxKfeiG8SnEvq42hc6whRyY3EFYAvebMqDNDGCgxN5Z'
2025-07-25 11:21:55 - balance_service - WARNING - خطا در دریافت موجودی TRC20 با API اصلی: 404 - {"timestamp":"2025-07-25T11:21:55.286+00:00","status":404,"error":"Not Found","path":"/v1/accounts/TVj4vAEuqQvb4LpsdUfGY9tSMNK1WLyHJp/tokens"}
2025-07-25 11:21:56 - balance_service - ERROR - خطا در استفاده از API جایگزین 8: HTTPSConnectionPool(host='api.tronstation.io', port=443): Max retries exceeded with url: /v1/accounts/TVj4vAEuqQvb4LpsdUfGY9tSMNK1WLyHJp/tokens (Caused by NameResolutionError("<urllib3.connection.HTTPSConnection object at 0x7fdcd5868df0>: Failed to resolve 'api.tronstation.io' ([Errno -2] Name or service not known)"))
2025-07-25 11:21:56 - balance_service - ERROR - خطا در استفاده از API جایگزین 8: HTTPSConnectionPool(host='api.tronstation.io', port=443): Max retries exceeded with url: /v1/accounts/TVj4vAEuqQvb4LpsdUfGY9tSMNK1WLyHJp/tokens (Caused by NameResolutionError("<urllib3.connection.HTTPSConnection object at 0x7fdcd5726640>: Failed to resolve 'api.tronstation.io' ([Errno -2] Name or service not known)"))
2025-07-25 11:21:57 - balance_service - ERROR - خطا در استفاده از API جایگزین 8: HTTPSConnectionPool(host='api.tronstation.io', port=443): Max retries exceeded with url: /v1/accounts/TVj4vAEuqQvb4LpsdUfGY9tSMNK1WLyHJp/tokens (Caused by NameResolutionError("<urllib3.connection.HTTPSConnection object at 0x7fdcd49b2190>: Failed to resolve 'api.tronstation.io' ([Errno -2] Name or service not known)"))
2025-07-25 11:22:05 - balance_service - WARNING - No native currency found for blockchain Bitcoin
2025-07-25 11:22:05 - balance_service - WARNING - No native currency found for blockchain Avalanche
2025-07-25 11:22:05 - balance_service - WARNING - No native currency found for blockchain Arbitrum
2025-07-25 11:22:05 - balance_service - WARNING - No native currency found for blockchain Polkadot
2025-07-25 11:22:05 - balance_service - WARNING - خطا در دریافت موجودی TRC20 با API اصلی: 404 - {"timestamp":"2025-07-25T11:22:05.951+00:00","status":404,"error":"Not Found","path":"/v1/accounts/TVj4vAEuqQvb4LpsdUfGY9tSMNK1WLyHJp/tokens"}
2025-07-25 11:22:06 - balance_service - WARNING - خطا در دریافت موجودی TRC20 با API اصلی: 404 - {"timestamp":"2025-07-25T11:22:06.163+00:00","status":404,"error":"Not Found","path":"/v1/accounts/TVj4vAEuqQvb4LpsdUfGY9tSMNK1WLyHJp/tokens"}
2025-07-25 11:22:06 - balance_service - ERROR - Error getting EVM token balance on Avalanche: when sending a str, it must be a hex string. Got: 'FvwEAhmxKfeiG8SnEvq42hc6whRyY3EFYAvebMqDNDGCgxN5Z'
Traceback (most recent call last):
  File "/www/wwwroot/coinceeper.com/CC/services/balance_service.py", line 157, in get_token_balance
    address=Web3.to_checksum_address(contract_address),
  File "/www/wwwroot/coinceeper.com/CC/venv/lib64/python3.9/site-packages/web3/main.py", line 268, in to_checksum_address
    return to_checksum_address(value)
  File "/www/wwwroot/coinceeper.com/CC/venv/lib64/python3.9/site-packages/eth_utils/address.py", line 129, in to_checksum_address
    norm_address = to_normalized_address(value)
  File "/www/wwwroot/coinceeper.com/CC/venv/lib64/python3.9/site-packages/eth_utils/address.py", line 73, in to_normalized_address
    hex_address = hexstr_if_str(to_hex, value).lower()
  File "/www/wwwroot/coinceeper.com/CC/venv/lib64/python3.9/site-packages/eth_utils/conversions.py", line 195, in hexstr_if_str
    raise ValueError(
ValueError: when sending a str, it must be a hex string. Got: 'FvwEAhmxKfeiG8SnEvq42hc6whRyY3EFYAvebMqDNDGCgxN5Z'
2025-07-25 11:22:06 - balance_service - WARNING - خطا در دریافت موجودی TRC20 با API اصلی: 404 - {"timestamp":"2025-07-25T11:22:06.613+00:00","status":404,"error":"Not Found","path":"/v1/accounts/TVj4vAEuqQvb4LpsdUfGY9tSMNK1WLyHJp/tokens"}
2025-07-25 11:22:07 - balance_service - ERROR - خطا در استفاده از API جایگزین 8: HTTPSConnectionPool(host='api.tronstation.io', port=443): Max retries exceeded with url: /v1/accounts/TVj4vAEuqQvb4LpsdUfGY9tSMNK1WLyHJp/tokens (Caused by NameResolutionError("<urllib3.connection.HTTPSConnection object at 0x7fdcd72ff790>: Failed to resolve 'api.tronstation.io' ([Errno -2] Name or service not known)"))
2025-07-25 11:22:07 - balance_service - ERROR - خطا در استفاده از API جایگزین 8: HTTPSConnectionPool(host='api.tronstation.io', port=443): Max retries exceeded with url: /v1/accounts/TVj4vAEuqQvb4LpsdUfGY9tSMNK1WLyHJp/tokens (Caused by NameResolutionError("<urllib3.connection.HTTPSConnection object at 0x7fdcd57d69d0>: Failed to resolve 'api.tronstation.io' ([Errno -2] Name or service not known)"))
2025-07-25 11:22:08 - balance_service - ERROR - خطا در استفاده از API جایگزین 8: HTTPSConnectionPool(host='api.tronstation.io', port=443): Max retries exceeded with url: /v1/accounts/TVj4vAEuqQvb4LpsdUfGY9tSMNK1WLyHJp/tokens (Caused by NameResolutionError("<urllib3.connection.HTTPSConnection object at 0x7fdcd591c610>: Failed to resolve 'api.tronstation.io' ([Errno -2] Name or service not known)"))
2025-07-25 12:05:44 - balance_service - WARNING - No native currency found for blockchain Bitcoin
2025-07-25 12:05:44 - balance_service - WARNING - No native currency found for blockchain Avalanche
2025-07-25 12:05:44 - balance_service - WARNING - No native currency found for blockchain Arbitrum
2025-07-25 12:05:44 - balance_service - WARNING - No native currency found for blockchain Polkadot
2025-07-25 12:05:44 - balance_service - WARNING - خطا در دریافت موجودی TRC20 با API اصلی: 404 - {"timestamp":"2025-07-25T12:05:44.835+00:00","status":404,"error":"Not Found","path":"/v1/accounts/TNwBffoEVq4tQ3kVucG7HiqzTecn8NWAEn/tokens"}
2025-07-25 12:05:45 - balance_service - WARNING - خطا در دریافت موجودی TRC20 با API اصلی: 404 - {"timestamp":"2025-07-25T12:05:45.103+00:00","status":404,"error":"Not Found","path":"/v1/accounts/TNwBffoEVq4tQ3kVucG7HiqzTecn8NWAEn/tokens"}
2025-07-25 12:05:45 - balance_service - ERROR - Error getting EVM token balance on Avalanche: when sending a str, it must be a hex string. Got: 'FvwEAhmxKfeiG8SnEvq42hc6whRyY3EFYAvebMqDNDGCgxN5Z'
Traceback (most recent call last):
  File "/www/wwwroot/coinceeper.com/CC/services/balance_service.py", line 157, in get_token_balance
    address=Web3.to_checksum_address(contract_address),
  File "/www/wwwroot/coinceeper.com/CC/venv/lib64/python3.9/site-packages/web3/main.py", line 268, in to_checksum_address
    return to_checksum_address(value)
  File "/www/wwwroot/coinceeper.com/CC/venv/lib64/python3.9/site-packages/eth_utils/address.py", line 129, in to_checksum_address
    norm_address = to_normalized_address(value)
  File "/www/wwwroot/coinceeper.com/CC/venv/lib64/python3.9/site-packages/eth_utils/address.py", line 73, in to_normalized_address
    hex_address = hexstr_if_str(to_hex, value).lower()
  File "/www/wwwroot/coinceeper.com/CC/venv/lib64/python3.9/site-packages/eth_utils/conversions.py", line 195, in hexstr_if_str
    raise ValueError(
ValueError: when sending a str, it must be a hex string. Got: 'FvwEAhmxKfeiG8SnEvq42hc6whRyY3EFYAvebMqDNDGCgxN5Z'
2025-07-25 12:05:45 - balance_service - WARNING - خطا در دریافت موجودی TRC20 با API اصلی: 404 - {"timestamp":"2025-07-25T12:05:45.730+00:00","status":404,"error":"Not Found","path":"/v1/accounts/TNwBffoEVq4tQ3kVucG7HiqzTecn8NWAEn/tokens"}
2025-07-25 12:05:46 - balance_service - ERROR - خطا در استفاده از API جایگزین 8: HTTPSConnectionPool(host='api.tronstation.io', port=443): Max retries exceeded with url: /v1/accounts/TNwBffoEVq4tQ3kVucG7HiqzTecn8NWAEn/tokens (Caused by NameResolutionError("<urllib3.connection.HTTPSConnection object at 0x7fdcd5484fa0>: Failed to resolve 'api.tronstation.io' ([Errno -2] Name or service not known)"))
2025-07-25 12:05:46 - balance_service - ERROR - خطا در استفاده از API جایگزین 8: HTTPSConnectionPool(host='api.tronstation.io', port=443): Max retries exceeded with url: /v1/accounts/TNwBffoEVq4tQ3kVucG7HiqzTecn8NWAEn/tokens (Caused by NameResolutionError("<urllib3.connection.HTTPSConnection object at 0x7fdcd541f640>: Failed to resolve 'api.tronstation.io' ([Errno -2] Name or service not known)"))
2025-07-25 12:05:47 - balance_service - ERROR - خطا در استفاده از API جایگزین 8: HTTPSConnectionPool(host='api.tronstation.io', port=443): Max retries exceeded with url: /v1/accounts/TNwBffoEVq4tQ3kVucG7HiqzTecn8NWAEn/tokens (Caused by NameResolutionError("<urllib3.connection.HTTPSConnection object at 0x7fdcd53014c0>: Failed to resolve 'api.tronstation.io' ([Errno -2] Name or service not known)"))
2025-07-25 12:05:47 - balance_service - WARNING - Error getting token decimals, using default 18: 429 Client Error: Too Many Requests for url: https://mainnet.infura.io/v3/a8ab43a04ce044de988a838d92f478a7
2025-07-25 12:05:47 - balance_service - WARNING - Error getting token decimals, using default 18: 429 Client Error: Too Many Requests for url: https://mainnet.infura.io/v3/a8ab43a04ce044de988a838d92f478a7
2025-07-25 12:06:55 - balance_service - WARNING - No native currency found for blockchain Bitcoin
2025-07-25 12:06:55 - balance_service - WARNING - No native currency found for blockchain Avalanche
2025-07-25 12:06:55 - balance_service - WARNING - No native currency found for blockchain Arbitrum
2025-07-25 12:06:55 - balance_service - WARNING - No native currency found for blockchain Polkadot
2025-07-25 12:06:55 - balance_service - WARNING - خطا در دریافت موجودی TRC20 با API اصلی: 404 - {"timestamp":"2025-07-25T12:06:55.631+00:00","status":404,"error":"Not Found","path":"/v1/accounts/TC4oLBQRBghTL8H63SEPY76JuFWXEH3Ktk/tokens"}
2025-07-25 12:06:55 - balance_service - WARNING - خطا در دریافت موجودی TRC20 با API اصلی: 404 - {"timestamp":"2025-07-25T12:06:55.848+00:00","status":404,"error":"Not Found","path":"/v1/accounts/TC4oLBQRBghTL8H63SEPY76JuFWXEH3Ktk/tokens"}
2025-07-25 12:06:56 - balance_service - ERROR - Error getting EVM token balance on Avalanche: when sending a str, it must be a hex string. Got: 'FvwEAhmxKfeiG8SnEvq42hc6whRyY3EFYAvebMqDNDGCgxN5Z'
Traceback (most recent call last):
  File "/www/wwwroot/coinceeper.com/CC/services/balance_service.py", line 157, in get_token_balance
    address=Web3.to_checksum_address(contract_address),
  File "/www/wwwroot/coinceeper.com/CC/venv/lib64/python3.9/site-packages/web3/main.py", line 268, in to_checksum_address
    return to_checksum_address(value)
  File "/www/wwwroot/coinceeper.com/CC/venv/lib64/python3.9/site-packages/eth_utils/address.py", line 129, in to_checksum_address
    norm_address = to_normalized_address(value)
  File "/www/wwwroot/coinceeper.com/CC/venv/lib64/python3.9/site-packages/eth_utils/address.py", line 73, in to_normalized_address
    hex_address = hexstr_if_str(to_hex, value).lower()
  File "/www/wwwroot/coinceeper.com/CC/venv/lib64/python3.9/site-packages/eth_utils/conversions.py", line 195, in hexstr_if_str
    raise ValueError(
ValueError: when sending a str, it must be a hex string. Got: 'FvwEAhmxKfeiG8SnEvq42hc6whRyY3EFYAvebMqDNDGCgxN5Z'
2025-07-25 12:06:56 - balance_service - WARNING - خطا در دریافت موجودی TRC20 با API اصلی: 404 - {"timestamp":"2025-07-25T12:06:56.706+00:00","status":404,"error":"Not Found","path":"/v1/accounts/TC4oLBQRBghTL8H63SEPY76JuFWXEH3Ktk/tokens"}
2025-07-25 12:06:57 - balance_service - ERROR - خطا در استفاده از API جایگزین 8: HTTPSConnectionPool(host='api.tronstation.io', port=443): Max retries exceeded with url: /v1/accounts/TC4oLBQRBghTL8H63SEPY76JuFWXEH3Ktk/tokens (Caused by NameResolutionError("<urllib3.connection.HTTPSConnection object at 0x7fdcd53b5790>: Failed to resolve 'api.tronstation.io' ([Errno -2] Name or service not known)"))
2025-07-25 12:06:57 - balance_service - ERROR - خطا در استفاده از API جایگزین 8: HTTPSConnectionPool(host='api.tronstation.io', port=443): Max retries exceeded with url: /v1/accounts/TC4oLBQRBghTL8H63SEPY76JuFWXEH3Ktk/tokens (Caused by NameResolutionError("<urllib3.connection.HTTPSConnection object at 0x7fdcd528b820>: Failed to resolve 'api.tronstation.io' ([Errno -2] Name or service not known)"))
2025-07-25 12:06:58 - balance_service - ERROR - خطا در استفاده از API جایگزین 8: HTTPSConnectionPool(host='api.tronstation.io', port=443): Max retries exceeded with url: /v1/accounts/TC4oLBQRBghTL8H63SEPY76JuFWXEH3Ktk/tokens (Caused by NameResolutionError("<urllib3.connection.HTTPSConnection object at 0x7fdcd517c040>: Failed to resolve 'api.tronstation.io' ([Errno -2] Name or service not known)"))
2025-07-25 12:11:59 - balance_service - WARNING - No native currency found for blockchain Bitcoin
2025-07-25 12:11:59 - balance_service - WARNING - No native currency found for blockchain Avalanche
2025-07-25 12:11:59 - balance_service - WARNING - No native currency found for blockchain Arbitrum
2025-07-25 12:11:59 - balance_service - WARNING - No native currency found for blockchain Polkadot
2025-07-25 12:12:00 - balance_service - WARNING - خطا در دریافت موجودی TRC20 با API اصلی: 404 - {"timestamp":"2025-07-25T12:12:00.512+00:00","status":404,"error":"Not Found","path":"/v1/accounts/TLahpJLK6kKc8GQsfsd2JuQBEXejAfhKFS/tokens"}
2025-07-25 12:12:00 - balance_service - WARNING - خطا در دریافت موجودی TRC20 با API اصلی: 404 - {"timestamp":"2025-07-25T12:12:00.740+00:00","status":404,"error":"Not Found","path":"/v1/accounts/TLahpJLK6kKc8GQsfsd2JuQBEXejAfhKFS/tokens"}
2025-07-25 12:12:01 - balance_service - ERROR - Error getting EVM token balance on Avalanche: when sending a str, it must be a hex string. Got: 'FvwEAhmxKfeiG8SnEvq42hc6whRyY3EFYAvebMqDNDGCgxN5Z'
Traceback (most recent call last):
  File "/www/wwwroot/coinceeper.com/CC/services/balance_service.py", line 157, in get_token_balance
    address=Web3.to_checksum_address(contract_address),
  File "/www/wwwroot/coinceeper.com/CC/venv/lib64/python3.9/site-packages/web3/main.py", line 268, in to_checksum_address
    return to_checksum_address(value)
  File "/www/wwwroot/coinceeper.com/CC/venv/lib64/python3.9/site-packages/eth_utils/address.py", line 129, in to_checksum_address
    norm_address = to_normalized_address(value)
  File "/www/wwwroot/coinceeper.com/CC/venv/lib64/python3.9/site-packages/eth_utils/address.py", line 73, in to_normalized_address
    hex_address = hexstr_if_str(to_hex, value).lower()
  File "/www/wwwroot/coinceeper.com/CC/venv/lib64/python3.9/site-packages/eth_utils/conversions.py", line 195, in hexstr_if_str
    raise ValueError(
ValueError: when sending a str, it must be a hex string. Got: 'FvwEAhmxKfeiG8SnEvq42hc6whRyY3EFYAvebMqDNDGCgxN5Z'
2025-07-25 12:12:01 - balance_service - WARNING - خطا در دریافت موجودی TRC20 با API اصلی: 404 - {"timestamp":"2025-07-25T12:12:01.213+00:00","status":404,"error":"Not Found","path":"/v1/accounts/TLahpJLK6kKc8GQsfsd2JuQBEXejAfhKFS/tokens"}
2025-07-25 12:12:02 - balance_service - ERROR - خطا در استفاده از API جایگزین 8: HTTPSConnectionPool(host='api.tronstation.io', port=443): Max retries exceeded with url: /v1/accounts/TLahpJLK6kKc8GQsfsd2JuQBEXejAfhKFS/tokens (Caused by NameResolutionError("<urllib3.connection.HTTPSConnection object at 0x7fdcd51aedc0>: Failed to resolve 'api.tronstation.io' ([Errno -2] Name or service not known)"))
2025-07-25 12:12:02 - balance_service - ERROR - خطا در استفاده از API جایگزین 8: HTTPSConnectionPool(host='api.tronstation.io', port=443): Max retries exceeded with url: /v1/accounts/TLahpJLK6kKc8GQsfsd2JuQBEXejAfhKFS/tokens (Caused by NameResolutionError("<urllib3.connection.HTTPSConnection object at 0x7fdcd517c430>: Failed to resolve 'api.tronstation.io' ([Errno -2] Name or service not known)"))
2025-07-25 12:12:02 - balance_service - ERROR - خطا در استفاده از API جایگزین 8: HTTPSConnectionPool(host='api.tronstation.io', port=443): Max retries exceeded with url: /v1/accounts/TLahpJLK6kKc8GQsfsd2JuQBEXejAfhKFS/tokens (Caused by NameResolutionError("<urllib3.connection.HTTPSConnection object at 0x7fdcd546cd60>: Failed to resolve 'api.tronstation.io' ([Errno -2] Name or service not known)"))
2025-07-25 12:12:35 - balance_service - WARNING - No native currency found for blockchain Bitcoin
2025-07-25 12:12:35 - balance_service - WARNING - No native currency found for blockchain Avalanche
2025-07-25 12:12:35 - balance_service - WARNING - No native currency found for blockchain Arbitrum
2025-07-25 12:12:35 - balance_service - WARNING - No native currency found for blockchain Polkadot
2025-07-25 12:12:39 - balance_service - WARNING - خطا در دریافت موجودی TRC20 با API اصلی: 404 - {"timestamp":"2025-07-25T12:12:39.314+00:00","status":404,"error":"Not Found","path":"/v1/accounts/TDAr4ReK8nVmWFKEX45Q9aJYU6FXVtaHXA/tokens"}
2025-07-25 12:12:39 - balance_service - WARNING - خطا در دریافت موجودی TRC20 با API اصلی: 404 - {"timestamp":"2025-07-25T12:12:39.503+00:00","status":404,"error":"Not Found","path":"/v1/accounts/TDAr4ReK8nVmWFKEX45Q9aJYU6FXVtaHXA/tokens"}
2025-07-25 12:12:39 - balance_service - ERROR - Error getting EVM token balance on Avalanche: when sending a str, it must be a hex string. Got: 'FvwEAhmxKfeiG8SnEvq42hc6whRyY3EFYAvebMqDNDGCgxN5Z'
Traceback (most recent call last):
  File "/www/wwwroot/coinceeper.com/CC/services/balance_service.py", line 157, in get_token_balance
    address=Web3.to_checksum_address(contract_address),
  File "/www/wwwroot/coinceeper.com/CC/venv/lib64/python3.9/site-packages/web3/main.py", line 268, in to_checksum_address
    return to_checksum_address(value)
  File "/www/wwwroot/coinceeper.com/CC/venv/lib64/python3.9/site-packages/eth_utils/address.py", line 129, in to_checksum_address
    norm_address = to_normalized_address(value)
  File "/www/wwwroot/coinceeper.com/CC/venv/lib64/python3.9/site-packages/eth_utils/address.py", line 73, in to_normalized_address
    hex_address = hexstr_if_str(to_hex, value).lower()
  File "/www/wwwroot/coinceeper.com/CC/venv/lib64/python3.9/site-packages/eth_utils/conversions.py", line 195, in hexstr_if_str
    raise ValueError(
ValueError: when sending a str, it must be a hex string. Got: 'FvwEAhmxKfeiG8SnEvq42hc6whRyY3EFYAvebMqDNDGCgxN5Z'
2025-07-25 12:12:40 - balance_service - WARNING - خطا در دریافت موجودی TRC20 با API اصلی: 404 - {"timestamp":"2025-07-25T12:12:40.159+00:00","status":404,"error":"Not Found","path":"/v1/accounts/TDAr4ReK8nVmWFKEX45Q9aJYU6FXVtaHXA/tokens"}
2025-07-25 12:12:40 - balance_service - ERROR - خطا در استفاده از API جایگزین 8: HTTPSConnectionPool(host='api.tronstation.io', port=443): Max retries exceeded with url: /v1/accounts/TDAr4ReK8nVmWFKEX45Q9aJYU6FXVtaHXA/tokens (Caused by NameResolutionError("<urllib3.connection.HTTPSConnection object at 0x7fdcd5988400>: Failed to resolve 'api.tronstation.io' ([Errno -2] Name or service not known)"))
2025-07-25 12:12:41 - balance_service - ERROR - خطا در استفاده از API جایگزین 8: HTTPSConnectionPool(host='api.tronstation.io', port=443): Max retries exceeded with url: /v1/accounts/TDAr4ReK8nVmWFKEX45Q9aJYU6FXVtaHXA/tokens (Caused by NameResolutionError("<urllib3.connection.HTTPSConnection object at 0x7fdcd5908280>: Failed to resolve 'api.tronstation.io' ([Errno -2] Name or service not known)"))
2025-07-25 12:12:41 - balance_service - ERROR - خطا در استفاده از API جایگزین 8: HTTPSConnectionPool(host='api.tronstation.io', port=443): Max retries exceeded with url: /v1/accounts/TDAr4ReK8nVmWFKEX45Q9aJYU6FXVtaHXA/tokens (Caused by NameResolutionError("<urllib3.connection.HTTPSConnection object at 0x7fdcd545e730>: Failed to resolve 'api.tronstation.io' ([Errno -2] Name or service not known)"))
2025-07-25 12:12:59 - balance_service - WARNING - No native currency found for blockchain Bitcoin
2025-07-25 12:12:59 - balance_service - WARNING - No native currency found for blockchain Avalanche
2025-07-25 12:12:59 - balance_service - WARNING - No native currency found for blockchain Arbitrum
2025-07-25 12:12:59 - balance_service - WARNING - No native currency found for blockchain Polkadot
2025-07-25 12:13:00 - balance_service - WARNING - خطا در دریافت موجودی TRC20 با API اصلی: 404 - {"timestamp":"2025-07-25T12:13:00.438+00:00","status":404,"error":"Not Found","path":"/v1/accounts/TDAr4ReK8nVmWFKEX45Q9aJYU6FXVtaHXA/tokens"}
2025-07-25 12:13:00 - balance_service - WARNING - خطا در دریافت موجودی TRC20 با API اصلی: 404 - {"timestamp":"2025-07-25T12:13:00.637+00:00","status":404,"error":"Not Found","path":"/v1/accounts/TDAr4ReK8nVmWFKEX45Q9aJYU6FXVtaHXA/tokens"}
2025-07-25 12:13:01 - balance_service - WARNING - خطا در دریافت موجودی TRC20 با API اصلی: 404 - {"timestamp":"2025-07-25T12:13:01.155+00:00","status":404,"error":"Not Found","path":"/v1/accounts/TDAr4ReK8nVmWFKEX45Q9aJYU6FXVtaHXA/tokens"}
2025-07-25 12:13:01 - balance_service - ERROR - Error getting EVM token balance on Avalanche: when sending a str, it must be a hex string. Got: 'FvwEAhmxKfeiG8SnEvq42hc6whRyY3EFYAvebMqDNDGCgxN5Z'
Traceback (most recent call last):
  File "/www/wwwroot/coinceeper.com/CC/services/balance_service.py", line 157, in get_token_balance
    address=Web3.to_checksum_address(contract_address),
  File "/www/wwwroot/coinceeper.com/CC/venv/lib64/python3.9/site-packages/web3/main.py", line 268, in to_checksum_address
    return to_checksum_address(value)
  File "/www/wwwroot/coinceeper.com/CC/venv/lib64/python3.9/site-packages/eth_utils/address.py", line 129, in to_checksum_address
    norm_address = to_normalized_address(value)
  File "/www/wwwroot/coinceeper.com/CC/venv/lib64/python3.9/site-packages/eth_utils/address.py", line 73, in to_normalized_address
    hex_address = hexstr_if_str(to_hex, value).lower()
  File "/www/wwwroot/coinceeper.com/CC/venv/lib64/python3.9/site-packages/eth_utils/conversions.py", line 195, in hexstr_if_str
    raise ValueError(
ValueError: when sending a str, it must be a hex string. Got: 'FvwEAhmxKfeiG8SnEvq42hc6whRyY3EFYAvebMqDNDGCgxN5Z'
2025-07-25 12:13:01 - balance_service - ERROR - خطا در استفاده از API جایگزین 8: HTTPSConnectionPool(host='api.tronstation.io', port=443): Max retries exceeded with url: /v1/accounts/TDAr4ReK8nVmWFKEX45Q9aJYU6FXVtaHXA/tokens (Caused by NameResolutionError("<urllib3.connection.HTTPSConnection object at 0x7fdcd51b4c10>: Failed to resolve 'api.tronstation.io' ([Errno -2] Name or service not known)"))
2025-07-25 12:13:02 - balance_service - ERROR - خطا در استفاده از API جایگزین 8: HTTPSConnectionPool(host='api.tronstation.io', port=443): Max retries exceeded with url: /v1/accounts/TDAr4ReK8nVmWFKEX45Q9aJYU6FXVtaHXA/tokens (Caused by NameResolutionError("<urllib3.connection.HTTPSConnection object at 0x7fdcd5176b80>: Failed to resolve 'api.tronstation.io' ([Errno -2] Name or service not known)"))
2025-07-25 12:13:02 - balance_service - ERROR - خطا در استفاده از API جایگزین 8: HTTPSConnectionPool(host='api.tronstation.io', port=443): Max retries exceeded with url: /v1/accounts/TDAr4ReK8nVmWFKEX45Q9aJYU6FXVtaHXA/tokens (Caused by NameResolutionError("<urllib3.connection.HTTPSConnection object at 0x7fdcd549c730>: Failed to resolve 'api.tronstation.io' ([Errno -2] Name or service not known)"))
2025-07-25 15:21:12 - balance_service - ERROR - Error getting simple user balance: (mysql.connector.errors.OperationalError) MySQL Connection not available.
[SQL: SELECT users.`UserID` AS `users_UserID`, users.`ID` AS `users_ID`, users.`Email` AS `users_Email`, users.`CreatedAt` AS `users_CreatedAt`, users.`UpdatedAt` AS `users_UpdatedAt`, users.`Device` AS `users_Device`, users.`IP` AS `users_IP` 
FROM users 
WHERE users.`UserID` = %(UserID_1)s 
 LIMIT %(param_1)s]
[parameters: [{}]]
(Background on this error at: https://sqlalche.me/e/20/e3q8)
2025-07-25 17:59:00 - balance_service - WARNING - No native currency found for blockchain Bitcoin
2025-07-25 17:59:00 - balance_service - WARNING - No native currency found for blockchain Avalanche
2025-07-25 17:59:00 - balance_service - WARNING - No native currency found for blockchain Arbitrum
2025-07-25 17:59:00 - balance_service - WARNING - No native currency found for blockchain Polkadot
2025-07-25 17:59:01 - balance_service - WARNING - خطا در دریافت موجودی TRC20 با API اصلی: 404 - {"timestamp":"2025-07-25T17:59:01.079+00:00","status":404,"error":"Not Found","path":"/v1/accounts/TPffZv6v3VeqtHaedNsXM7rz5KUCGAdc51/tokens"}
2025-07-25 17:59:01 - balance_service - WARNING - خطا در دریافت موجودی TRC20 با API اصلی: 404 - {"timestamp":"2025-07-25T17:59:01.278+00:00","status":404,"error":"Not Found","path":"/v1/accounts/TPffZv6v3VeqtHaedNsXM7rz5KUCGAdc51/tokens"}
2025-07-25 17:59:02 - balance_service - ERROR - Error getting EVM token balance on Avalanche: when sending a str, it must be a hex string. Got: 'FvwEAhmxKfeiG8SnEvq42hc6whRyY3EFYAvebMqDNDGCgxN5Z'
Traceback (most recent call last):
  File "/www/wwwroot/coinceeper.com/CC/services/balance_service.py", line 157, in get_token_balance
    address=Web3.to_checksum_address(contract_address),
  File "/www/wwwroot/coinceeper.com/CC/venv/lib64/python3.9/site-packages/web3/main.py", line 268, in to_checksum_address
    return to_checksum_address(value)
  File "/www/wwwroot/coinceeper.com/CC/venv/lib64/python3.9/site-packages/eth_utils/address.py", line 129, in to_checksum_address
    norm_address = to_normalized_address(value)
  File "/www/wwwroot/coinceeper.com/CC/venv/lib64/python3.9/site-packages/eth_utils/address.py", line 73, in to_normalized_address
    hex_address = hexstr_if_str(to_hex, value).lower()
  File "/www/wwwroot/coinceeper.com/CC/venv/lib64/python3.9/site-packages/eth_utils/conversions.py", line 195, in hexstr_if_str
    raise ValueError(
ValueError: when sending a str, it must be a hex string. Got: 'FvwEAhmxKfeiG8SnEvq42hc6whRyY3EFYAvebMqDNDGCgxN5Z'
2025-07-25 17:59:02 - balance_service - WARNING - خطا در دریافت موجودی TRC20 با API اصلی: 404 - {"timestamp":"2025-07-25T17:59:02.165+00:00","status":404,"error":"Not Found","path":"/v1/accounts/TPffZv6v3VeqtHaedNsXM7rz5KUCGAdc51/tokens"}
2025-07-25 17:59:02 - balance_service - ERROR - خطا در استفاده از API جایگزین 8: HTTPSConnectionPool(host='api.tronstation.io', port=443): Max retries exceeded with url: /v1/accounts/TPffZv6v3VeqtHaedNsXM7rz5KUCGAdc51/tokens (Caused by NameResolutionError("<urllib3.connection.HTTPSConnection object at 0x7fdcd52f6fa0>: Failed to resolve 'api.tronstation.io' ([Errno -2] Name or service not known)"))
2025-07-25 17:59:03 - balance_service - ERROR - خطا در استفاده از API جایگزین 8: HTTPSConnectionPool(host='api.tronstation.io', port=443): Max retries exceeded with url: /v1/accounts/TPffZv6v3VeqtHaedNsXM7rz5KUCGAdc51/tokens (Caused by NameResolutionError("<urllib3.connection.HTTPSConnection object at 0x7fdcd580a5e0>: Failed to resolve 'api.tronstation.io' ([Errno -2] Name or service not known)"))
2025-07-25 17:59:03 - balance_service - ERROR - خطا در استفاده از API جایگزین 8: HTTPSConnectionPool(host='api.tronstation.io', port=443): Max retries exceeded with url: /v1/accounts/TPffZv6v3VeqtHaedNsXM7rz5KUCGAdc51/tokens (Caused by NameResolutionError("<urllib3.connection.HTTPSConnection object at 0x7fdcd72bf970>: Failed to resolve 'api.tronstation.io' ([Errno -2] Name or service not known)"))
2025-07-25 18:22:20 - balance_service - WARNING - No native currency found for blockchain Bitcoin
2025-07-25 18:22:20 - balance_service - WARNING - No native currency found for blockchain Avalanche
2025-07-25 18:22:20 - balance_service - WARNING - No native currency found for blockchain Arbitrum
2025-07-25 18:22:20 - balance_service - WARNING - No native currency found for blockchain Polkadot
2025-07-25 18:22:21 - balance_service - WARNING - خطا در دریافت موجودی TRC20 با API اصلی: 404 - {"timestamp":"2025-07-25T18:22:21.126+00:00","status":404,"error":"Not Found","path":"/v1/accounts/THZKUPss3Fu55b9Yda2rmLwW62Hr6HHKMV/tokens"}
2025-07-25 18:22:21 - balance_service - WARNING - خطا در دریافت موجودی TRC20 با API اصلی: 404 - {"timestamp":"2025-07-25T18:22:21.457+00:00","status":404,"error":"Not Found","path":"/v1/accounts/THZKUPss3Fu55b9Yda2rmLwW62Hr6HHKMV/tokens"}
2025-07-25 18:22:21 - balance_service - ERROR - Error getting EVM token balance on Avalanche: when sending a str, it must be a hex string. Got: 'FvwEAhmxKfeiG8SnEvq42hc6whRyY3EFYAvebMqDNDGCgxN5Z'
Traceback (most recent call last):
  File "/www/wwwroot/coinceeper.com/CC/services/balance_service.py", line 157, in get_token_balance
    address=Web3.to_checksum_address(contract_address),
  File "/www/wwwroot/coinceeper.com/CC/venv/lib64/python3.9/site-packages/web3/main.py", line 268, in to_checksum_address
    return to_checksum_address(value)
  File "/www/wwwroot/coinceeper.com/CC/venv/lib64/python3.9/site-packages/eth_utils/address.py", line 129, in to_checksum_address
    norm_address = to_normalized_address(value)
  File "/www/wwwroot/coinceeper.com/CC/venv/lib64/python3.9/site-packages/eth_utils/address.py", line 73, in to_normalized_address
    hex_address = hexstr_if_str(to_hex, value).lower()
  File "/www/wwwroot/coinceeper.com/CC/venv/lib64/python3.9/site-packages/eth_utils/conversions.py", line 195, in hexstr_if_str
    raise ValueError(
ValueError: when sending a str, it must be a hex string. Got: 'FvwEAhmxKfeiG8SnEvq42hc6whRyY3EFYAvebMqDNDGCgxN5Z'
2025-07-25 18:22:21 - balance_service - WARNING - خطا در دریافت موجودی TRC20 با API اصلی: 404 - {"timestamp":"2025-07-25T18:22:21.844+00:00","status":404,"error":"Not Found","path":"/v1/accounts/THZKUPss3Fu55b9Yda2rmLwW62Hr6HHKMV/tokens"}
2025-07-25 18:22:22 - balance_service - ERROR - خطا در استفاده از API جایگزین 8: HTTPSConnectionPool(host='api.tronstation.io', port=443): Max retries exceeded with url: /v1/accounts/THZKUPss3Fu55b9Yda2rmLwW62Hr6HHKMV/tokens (Caused by NameResolutionError("<urllib3.connection.HTTPSConnection object at 0x7fdcd52d4880>: Failed to resolve 'api.tronstation.io' ([Errno -2] Name or service not known)"))
2025-07-25 18:22:23 - balance_service - ERROR - خطا در استفاده از API جایگزین 8: HTTPSConnectionPool(host='api.tronstation.io', port=443): Max retries exceeded with url: /v1/accounts/THZKUPss3Fu55b9Yda2rmLwW62Hr6HHKMV/tokens (Caused by NameResolutionError("<urllib3.connection.HTTPSConnection object at 0x7fdcd54e38b0>: Failed to resolve 'api.tronstation.io' ([Errno -2] Name or service not known)"))
2025-07-25 18:22:23 - balance_service - ERROR - خطا در استفاده از API جایگزین 8: HTTPSConnectionPool(host='api.tronstation.io', port=443): Max retries exceeded with url: /v1/accounts/THZKUPss3Fu55b9Yda2rmLwW62Hr6HHKMV/tokens (Caused by NameResolutionError("<urllib3.connection.HTTPSConnection object at 0x7fdcd5673d90>: Failed to resolve 'api.tronstation.io' ([Errno -2] Name or service not known)"))
2025-07-25 18:22:51 - balance_service - WARNING - No native currency found for blockchain Bitcoin
2025-07-25 18:22:51 - balance_service - WARNING - No native currency found for blockchain Avalanche
2025-07-25 18:22:51 - balance_service - WARNING - No native currency found for blockchain Arbitrum
2025-07-25 18:22:51 - balance_service - WARNING - No native currency found for blockchain Polkadot
2025-07-25 18:22:51 - balance_service - WARNING - خطا در دریافت موجودی TRC20 با API اصلی: 404 - {"timestamp":"2025-07-25T18:22:51.870+00:00","status":404,"error":"Not Found","path":"/v1/accounts/TNU74H13EGp6MdxmZmTGRsYMezwvHNNbNP/tokens"}
2025-07-25 18:22:52 - balance_service - WARNING - خطا در دریافت موجودی TRC20 با API اصلی: 404 - {"timestamp":"2025-07-25T18:22:52.056+00:00","status":404,"error":"Not Found","path":"/v1/accounts/TNU74H13EGp6MdxmZmTGRsYMezwvHNNbNP/tokens"}
2025-07-25 18:22:52 - balance_service - WARNING - خطا در دریافت موجودی TRC20 با API اصلی: 404 - {"timestamp":"2025-07-25T18:22:52.700+00:00","status":404,"error":"Not Found","path":"/v1/accounts/TNU74H13EGp6MdxmZmTGRsYMezwvHNNbNP/tokens"}
2025-07-25 18:22:52 - balance_service - ERROR - Error getting EVM token balance on Avalanche: when sending a str, it must be a hex string. Got: 'FvwEAhmxKfeiG8SnEvq42hc6whRyY3EFYAvebMqDNDGCgxN5Z'
Traceback (most recent call last):
  File "/www/wwwroot/coinceeper.com/CC/services/balance_service.py", line 157, in get_token_balance
    address=Web3.to_checksum_address(contract_address),
  File "/www/wwwroot/coinceeper.com/CC/venv/lib64/python3.9/site-packages/web3/main.py", line 268, in to_checksum_address
    return to_checksum_address(value)
  File "/www/wwwroot/coinceeper.com/CC/venv/lib64/python3.9/site-packages/eth_utils/address.py", line 129, in to_checksum_address
    norm_address = to_normalized_address(value)
  File "/www/wwwroot/coinceeper.com/CC/venv/lib64/python3.9/site-packages/eth_utils/address.py", line 73, in to_normalized_address
    hex_address = hexstr_if_str(to_hex, value).lower()
  File "/www/wwwroot/coinceeper.com/CC/venv/lib64/python3.9/site-packages/eth_utils/conversions.py", line 195, in hexstr_if_str
    raise ValueError(
ValueError: when sending a str, it must be a hex string. Got: 'FvwEAhmxKfeiG8SnEvq42hc6whRyY3EFYAvebMqDNDGCgxN5Z'
2025-07-25 18:22:53 - balance_service - ERROR - خطا در استفاده از API جایگزین 8: HTTPSConnectionPool(host='api.tronstation.io', port=443): Max retries exceeded with url: /v1/accounts/TNU74H13EGp6MdxmZmTGRsYMezwvHNNbNP/tokens (Caused by NameResolutionError("<urllib3.connection.HTTPSConnection object at 0x7fdcd4993d90>: Failed to resolve 'api.tronstation.io' ([Errno -2] Name or service not known)"))
2025-07-25 18:22:53 - balance_service - ERROR - خطا در استفاده از API جایگزین 8: HTTPSConnectionPool(host='api.tronstation.io', port=443): Max retries exceeded with url: /v1/accounts/TNU74H13EGp6MdxmZmTGRsYMezwvHNNbNP/tokens (Caused by NameResolutionError("<urllib3.connection.HTTPSConnection object at 0x7fdcd55da4f0>: Failed to resolve 'api.tronstation.io' ([Errno -2] Name or service not known)"))
2025-07-25 18:22:54 - balance_service - ERROR - خطا در استفاده از API جایگزین 8: HTTPSConnectionPool(host='api.tronstation.io', port=443): Max retries exceeded with url: /v1/accounts/TNU74H13EGp6MdxmZmTGRsYMezwvHNNbNP/tokens (Caused by NameResolutionError("<urllib3.connection.HTTPSConnection object at 0x7fdcd55da730>: Failed to resolve 'api.tronstation.io' ([Errno -2] Name or service not known)"))
2025-07-26 05:32:04 - balance_service - WARNING - No native currency found for blockchain Bitcoin
2025-07-26 05:32:04 - balance_service - WARNING - No native currency found for blockchain Avalanche
2025-07-26 05:32:04 - balance_service - WARNING - No native currency found for blockchain Arbitrum
2025-07-26 05:32:04 - balance_service - WARNING - No native currency found for blockchain Polkadot
2025-07-26 05:32:05 - balance_service - WARNING - خطا در دریافت موجودی TRC20 با API اصلی: 404 - {"timestamp":"2025-07-26T05:32:05.501+00:00","status":404,"error":"Not Found","path":"/v1/accounts/TXWF1Q2AxshS8X9NW7KZFQNbedVi2ggALZ/tokens"}
2025-07-26 05:32:05 - balance_service - WARNING - خطا در دریافت موجودی TRC20 با API اصلی: 404 - {"timestamp":"2025-07-26T05:32:05.753+00:00","status":404,"error":"Not Found","path":"/v1/accounts/TXWF1Q2AxshS8X9NW7KZFQNbedVi2ggALZ/tokens"}
2025-07-26 05:32:06 - balance_service - ERROR - Error getting EVM token balance on Avalanche: when sending a str, it must be a hex string. Got: 'FvwEAhmxKfeiG8SnEvq42hc6whRyY3EFYAvebMqDNDGCgxN5Z'
Traceback (most recent call last):
  File "/www/wwwroot/coinceeper.com/CC/services/balance_service.py", line 157, in get_token_balance
    address=Web3.to_checksum_address(contract_address),
  File "/www/wwwroot/coinceeper.com/CC/venv/lib64/python3.9/site-packages/web3/main.py", line 268, in to_checksum_address
    return to_checksum_address(value)
  File "/www/wwwroot/coinceeper.com/CC/venv/lib64/python3.9/site-packages/eth_utils/address.py", line 129, in to_checksum_address
    norm_address = to_normalized_address(value)
  File "/www/wwwroot/coinceeper.com/CC/venv/lib64/python3.9/site-packages/eth_utils/address.py", line 73, in to_normalized_address
    hex_address = hexstr_if_str(to_hex, value).lower()
  File "/www/wwwroot/coinceeper.com/CC/venv/lib64/python3.9/site-packages/eth_utils/conversions.py", line 195, in hexstr_if_str
    raise ValueError(
ValueError: when sending a str, it must be a hex string. Got: 'FvwEAhmxKfeiG8SnEvq42hc6whRyY3EFYAvebMqDNDGCgxN5Z'
2025-07-26 05:32:06 - balance_service - WARNING - خطا در دریافت موجودی TRC20 با API اصلی: 404 - {"timestamp":"2025-07-26T05:32:06.197+00:00","status":404,"error":"Not Found","path":"/v1/accounts/TXWF1Q2AxshS8X9NW7KZFQNbedVi2ggALZ/tokens"}
2025-07-26 05:32:07 - balance_service - ERROR - خطا در استفاده از API جایگزین 8: HTTPSConnectionPool(host='api.tronstation.io', port=443): Max retries exceeded with url: /v1/accounts/TXWF1Q2AxshS8X9NW7KZFQNbedVi2ggALZ/tokens (Caused by NameResolutionError("<urllib3.connection.HTTPSConnection object at 0x7fdcd5449dc0>: Failed to resolve 'api.tronstation.io' ([Errno -2] Name or service not known)"))
2025-07-26 05:32:07 - balance_service - ERROR - خطا در استفاده از API جایگزین 8: HTTPSConnectionPool(host='api.tronstation.io', port=443): Max retries exceeded with url: /v1/accounts/TXWF1Q2AxshS8X9NW7KZFQNbedVi2ggALZ/tokens (Caused by NameResolutionError("<urllib3.connection.HTTPSConnection object at 0x7fdcd512b760>: Failed to resolve 'api.tronstation.io' ([Errno -2] Name or service not known)"))
2025-07-26 05:32:07 - balance_service - ERROR - خطا در استفاده از API جایگزین 8: HTTPSConnectionPool(host='api.tronstation.io', port=443): Max retries exceeded with url: /v1/accounts/TXWF1Q2AxshS8X9NW7KZFQNbedVi2ggALZ/tokens (Caused by NameResolutionError("<urllib3.connection.HTTPSConnection object at 0x7fdcd53b99a0>: Failed to resolve 'api.tronstation.io' ([Errno -2] Name or service not known)"))
2025-07-27 10:20:52 - balance_service - WARNING - No native currency found for blockchain Bitcoin
2025-07-27 10:20:52 - balance_service - WARNING - No native currency found for blockchain Avalanche
2025-07-27 10:20:52 - balance_service - WARNING - No native currency found for blockchain Arbitrum
2025-07-27 10:20:52 - balance_service - WARNING - No native currency found for blockchain Polkadot
2025-07-27 10:20:53 - balance_service - WARNING - خطا در دریافت موجودی TRC20 با API اصلی: 404 - {"timestamp":"2025-07-27T10:20:53.174+00:00","status":404,"error":"Not Found","path":"/v1/accounts/TCagBr3UXnCdviwmCXSvKUNmQeRyqAutZz/tokens"}
2025-07-27 10:20:53 - balance_service - WARNING - خطا در دریافت موجودی TRC20 با API اصلی: 404 - {"timestamp":"2025-07-27T10:20:53.418+00:00","status":404,"error":"Not Found","path":"/v1/accounts/TCagBr3UXnCdviwmCXSvKUNmQeRyqAutZz/tokens"}
2025-07-27 10:20:53 - balance_service - ERROR - Error getting EVM token balance on Avalanche: when sending a str, it must be a hex string. Got: 'FvwEAhmxKfeiG8SnEvq42hc6whRyY3EFYAvebMqDNDGCgxN5Z'
Traceback (most recent call last):
  File "/www/wwwroot/coinceeper.com/CC/services/balance_service.py", line 157, in get_token_balance
    address=Web3.to_checksum_address(contract_address),
  File "/www/wwwroot/coinceeper.com/CC/venv/lib64/python3.9/site-packages/web3/main.py", line 268, in to_checksum_address
    return to_checksum_address(value)
  File "/www/wwwroot/coinceeper.com/CC/venv/lib64/python3.9/site-packages/eth_utils/address.py", line 129, in to_checksum_address
    norm_address = to_normalized_address(value)
  File "/www/wwwroot/coinceeper.com/CC/venv/lib64/python3.9/site-packages/eth_utils/address.py", line 73, in to_normalized_address
    hex_address = hexstr_if_str(to_hex, value).lower()
  File "/www/wwwroot/coinceeper.com/CC/venv/lib64/python3.9/site-packages/eth_utils/conversions.py", line 195, in hexstr_if_str
    raise ValueError(
ValueError: when sending a str, it must be a hex string. Got: 'FvwEAhmxKfeiG8SnEvq42hc6whRyY3EFYAvebMqDNDGCgxN5Z'
2025-07-27 10:20:54 - balance_service - WARNING - خطا در دریافت موجودی TRC20 با API اصلی: 404 - {"timestamp":"2025-07-27T10:20:54.020+00:00","status":404,"error":"Not Found","path":"/v1/accounts/TCagBr3UXnCdviwmCXSvKUNmQeRyqAutZz/tokens"}
2025-07-27 10:20:54 - balance_service - ERROR - خطا در استفاده از API جایگزین 8: HTTPSConnectionPool(host='api.tronstation.io', port=443): Max retries exceeded with url: /v1/accounts/TCagBr3UXnCdviwmCXSvKUNmQeRyqAutZz/tokens (Caused by NameResolutionError("<urllib3.connection.HTTPSConnection object at 0x7fdcd586f850>: Failed to resolve 'api.tronstation.io' ([Errno -2] Name or service not known)"))
2025-07-27 10:20:55 - balance_service - ERROR - خطا در استفاده از API جایگزین 8: HTTPSConnectionPool(host='api.tronstation.io', port=443): Max retries exceeded with url: /v1/accounts/TCagBr3UXnCdviwmCXSvKUNmQeRyqAutZz/tokens (Caused by NameResolutionError("<urllib3.connection.HTTPSConnection object at 0x7fdcd52d4730>: Failed to resolve 'api.tronstation.io' ([Errno -2] Name or service not known)"))
2025-07-27 10:20:55 - balance_service - ERROR - خطا در استفاده از API جایگزین 8: HTTPSConnectionPool(host='api.tronstation.io', port=443): Max retries exceeded with url: /v1/accounts/TCagBr3UXnCdviwmCXSvKUNmQeRyqAutZz/tokens (Caused by NameResolutionError("<urllib3.connection.HTTPSConnection object at 0x7fdcd586f670>: Failed to resolve 'api.tronstation.io' ([Errno -2] Name or service not known)"))
2025-07-27 11:18:53 - balance_service - WARNING - No native currency found for blockchain Bitcoin
2025-07-27 11:18:53 - balance_service - WARNING - No native currency found for blockchain Avalanche
2025-07-27 11:18:53 - balance_service - WARNING - No native currency found for blockchain Arbitrum
2025-07-27 11:18:53 - balance_service - WARNING - No native currency found for blockchain Polkadot
2025-07-27 11:18:53 - balance_service - WARNING - خطا در دریافت موجودی TRC20 با API اصلی: 404 - {"timestamp":"2025-07-27T11:18:53.740+00:00","status":404,"error":"Not Found","path":"/v1/accounts/TPvGEgzmKCpRFjYLrJZ7m2q4fN3gZn8fBm/tokens"}
2025-07-27 11:18:54 - balance_service - WARNING - خطا در دریافت موجودی TRC20 با API اصلی: 404 - {"timestamp":"2025-07-27T11:18:54.028+00:00","status":404,"error":"Not Found","path":"/v1/accounts/TPvGEgzmKCpRFjYLrJZ7m2q4fN3gZn8fBm/tokens"}
2025-07-27 11:18:54 - balance_service - ERROR - Error getting EVM token balance on Avalanche: when sending a str, it must be a hex string. Got: 'FvwEAhmxKfeiG8SnEvq42hc6whRyY3EFYAvebMqDNDGCgxN5Z'
Traceback (most recent call last):
  File "/www/wwwroot/coinceeper.com/CC/services/balance_service.py", line 157, in get_token_balance
    address=Web3.to_checksum_address(contract_address),
  File "/www/wwwroot/coinceeper.com/CC/venv/lib64/python3.9/site-packages/web3/main.py", line 268, in to_checksum_address
    return to_checksum_address(value)
  File "/www/wwwroot/coinceeper.com/CC/venv/lib64/python3.9/site-packages/eth_utils/address.py", line 129, in to_checksum_address
    norm_address = to_normalized_address(value)
  File "/www/wwwroot/coinceeper.com/CC/venv/lib64/python3.9/site-packages/eth_utils/address.py", line 73, in to_normalized_address
    hex_address = hexstr_if_str(to_hex, value).lower()
  File "/www/wwwroot/coinceeper.com/CC/venv/lib64/python3.9/site-packages/eth_utils/conversions.py", line 195, in hexstr_if_str
    raise ValueError(
ValueError: when sending a str, it must be a hex string. Got: 'FvwEAhmxKfeiG8SnEvq42hc6whRyY3EFYAvebMqDNDGCgxN5Z'
2025-07-27 11:18:54 - balance_service - WARNING - خطا در دریافت موجودی TRC20 با API اصلی: 404 - {"timestamp":"2025-07-27T11:18:54.481+00:00","status":404,"error":"Not Found","path":"/v1/accounts/TPvGEgzmKCpRFjYLrJZ7m2q4fN3gZn8fBm/tokens"}
2025-07-27 11:18:55 - balance_service - ERROR - خطا در استفاده از API جایگزین 8: HTTPSConnectionPool(host='api.tronstation.io', port=443): Max retries exceeded with url: /v1/accounts/TPvGEgzmKCpRFjYLrJZ7m2q4fN3gZn8fBm/tokens (Caused by NameResolutionError("<urllib3.connection.HTTPSConnection object at 0x7fdcd72ff220>: Failed to resolve 'api.tronstation.io' ([Errno -2] Name or service not known)"))
2025-07-27 11:18:55 - balance_service - ERROR - خطا در استفاده از API جایگزین 8: HTTPSConnectionPool(host='api.tronstation.io', port=443): Max retries exceeded with url: /v1/accounts/TPvGEgzmKCpRFjYLrJZ7m2q4fN3gZn8fBm/tokens (Caused by NameResolutionError("<urllib3.connection.HTTPSConnection object at 0x7fdcd5480340>: Failed to resolve 'api.tronstation.io' ([Errno -2] Name or service not known)"))
2025-07-27 11:18:56 - balance_service - ERROR - خطا در استفاده از API جایگزین 8: HTTPSConnectionPool(host='api.tronstation.io', port=443): Max retries exceeded with url: /v1/accounts/TPvGEgzmKCpRFjYLrJZ7m2q4fN3gZn8fBm/tokens (Caused by NameResolutionError("<urllib3.connection.HTTPSConnection object at 0x7fdcd72b3370>: Failed to resolve 'api.tronstation.io' ([Errno -2] Name or service not known)"))
2025-07-27 13:25:04 - balance_service - WARNING - No native currency found for blockchain Bitcoin
2025-07-27 13:25:04 - balance_service - WARNING - No native currency found for blockchain Avalanche
2025-07-27 13:25:04 - balance_service - WARNING - No native currency found for blockchain Arbitrum
2025-07-27 13:25:04 - balance_service - WARNING - No native currency found for blockchain Polkadot
2025-07-27 13:25:05 - balance_service - WARNING - خطا در دریافت موجودی TRC20 با API اصلی: 404 - {"timestamp":"2025-07-27T13:25:04.979+00:00","status":404,"error":"Not Found","path":"/v1/accounts/TVfPYmMeiCC1Ck8eQGRBjvWBnyfhRxXU6y/tokens"}
2025-07-27 13:25:05 - balance_service - WARNING - خطا در دریافت موجودی TRC20 با API اصلی: 404 - {"timestamp":"2025-07-27T13:25:05.231+00:00","status":404,"error":"Not Found","path":"/v1/accounts/TVfPYmMeiCC1Ck8eQGRBjvWBnyfhRxXU6y/tokens"}
2025-07-27 13:25:05 - balance_service - ERROR - Error getting EVM token balance on Avalanche: when sending a str, it must be a hex string. Got: 'FvwEAhmxKfeiG8SnEvq42hc6whRyY3EFYAvebMqDNDGCgxN5Z'
Traceback (most recent call last):
  File "/www/wwwroot/coinceeper.com/CC/services/balance_service.py", line 157, in get_token_balance
    address=Web3.to_checksum_address(contract_address),
  File "/www/wwwroot/coinceeper.com/CC/venv/lib64/python3.9/site-packages/web3/main.py", line 268, in to_checksum_address
    return to_checksum_address(value)
  File "/www/wwwroot/coinceeper.com/CC/venv/lib64/python3.9/site-packages/eth_utils/address.py", line 129, in to_checksum_address
    norm_address = to_normalized_address(value)
  File "/www/wwwroot/coinceeper.com/CC/venv/lib64/python3.9/site-packages/eth_utils/address.py", line 73, in to_normalized_address
    hex_address = hexstr_if_str(to_hex, value).lower()
  File "/www/wwwroot/coinceeper.com/CC/venv/lib64/python3.9/site-packages/eth_utils/conversions.py", line 195, in hexstr_if_str
    raise ValueError(
ValueError: when sending a str, it must be a hex string. Got: 'FvwEAhmxKfeiG8SnEvq42hc6whRyY3EFYAvebMqDNDGCgxN5Z'
2025-07-27 13:25:05 - balance_service - WARNING - خطا در دریافت موجودی TRC20 با API اصلی: 404 - {"timestamp":"2025-07-27T13:25:05.635+00:00","status":404,"error":"Not Found","path":"/v1/accounts/TVfPYmMeiCC1Ck8eQGRBjvWBnyfhRxXU6y/tokens"}
2025-07-27 13:25:06 - balance_service - ERROR - خطا در استفاده از API جایگزین 8: HTTPSConnectionPool(host='api.tronstation.io', port=443): Max retries exceeded with url: /v1/accounts/TVfPYmMeiCC1Ck8eQGRBjvWBnyfhRxXU6y/tokens (Caused by NameResolutionError("<urllib3.connection.HTTPSConnection object at 0x7fdcd542ea60>: Failed to resolve 'api.tronstation.io' ([Errno -2] Name or service not known)"))
2025-07-27 13:25:07 - balance_service - ERROR - خطا در استفاده از API جایگزین 8: HTTPSConnectionPool(host='api.tronstation.io', port=443): Max retries exceeded with url: /v1/accounts/TVfPYmMeiCC1Ck8eQGRBjvWBnyfhRxXU6y/tokens (Caused by NameResolutionError("<urllib3.connection.HTTPSConnection object at 0x7fdcd5505e20>: Failed to resolve 'api.tronstation.io' ([Errno -2] Name or service not known)"))
2025-07-27 13:25:07 - balance_service - ERROR - خطا در استفاده از API جایگزین 8: HTTPSConnectionPool(host='api.tronstation.io', port=443): Max retries exceeded with url: /v1/accounts/TVfPYmMeiCC1Ck8eQGRBjvWBnyfhRxXU6y/tokens (Caused by NameResolutionError("<urllib3.connection.HTTPSConnection object at 0x7fdcd57ccb80>: Failed to resolve 'api.tronstation.io' ([Errno -2] Name or service not known)"))
2025-07-28 01:16:08 - balance_service - WARNING - No native currency found for blockchain Bitcoin
2025-07-28 01:16:08 - balance_service - WARNING - No native currency found for blockchain Avalanche
2025-07-28 01:16:08 - balance_service - WARNING - No native currency found for blockchain Arbitrum
2025-07-28 01:16:08 - balance_service - WARNING - No native currency found for blockchain Polkadot
2025-07-28 01:16:09 - balance_service - WARNING - خطا در دریافت موجودی TRC20 با API اصلی: 404 - {"timestamp":"2025-07-28T01:16:09.668+00:00","status":404,"error":"Not Found","path":"/v1/accounts/TWxYj1EgkXikRh3SszVUQniB6NcLNKeRfy/tokens"}
2025-07-28 01:16:09 - balance_service - WARNING - خطا در دریافت موجودی TRC20 با API اصلی: 404 - {"timestamp":"2025-07-28T01:16:09.936+00:00","status":404,"error":"Not Found","path":"/v1/accounts/TWxYj1EgkXikRh3SszVUQniB6NcLNKeRfy/tokens"}
2025-07-28 01:16:10 - balance_service - WARNING - خطا در دریافت موجودی TRC20 با API اصلی: 404 - {"timestamp":"2025-07-28T01:16:10.476+00:00","status":404,"error":"Not Found","path":"/v1/accounts/TWxYj1EgkXikRh3SszVUQniB6NcLNKeRfy/tokens"}
2025-07-28 01:16:10 - balance_service - ERROR - Error getting EVM token balance on Avalanche: when sending a str, it must be a hex string. Got: 'FvwEAhmxKfeiG8SnEvq42hc6whRyY3EFYAvebMqDNDGCgxN5Z'
Traceback (most recent call last):
  File "/www/wwwroot/coinceeper.com/CC/services/balance_service.py", line 157, in get_token_balance
    address=Web3.to_checksum_address(contract_address),
  File "/www/wwwroot/coinceeper.com/CC/venv/lib64/python3.9/site-packages/web3/main.py", line 268, in to_checksum_address
    return to_checksum_address(value)
  File "/www/wwwroot/coinceeper.com/CC/venv/lib64/python3.9/site-packages/eth_utils/address.py", line 129, in to_checksum_address
    norm_address = to_normalized_address(value)
  File "/www/wwwroot/coinceeper.com/CC/venv/lib64/python3.9/site-packages/eth_utils/address.py", line 73, in to_normalized_address
    hex_address = hexstr_if_str(to_hex, value).lower()
  File "/www/wwwroot/coinceeper.com/CC/venv/lib64/python3.9/site-packages/eth_utils/conversions.py", line 195, in hexstr_if_str
    raise ValueError(
ValueError: when sending a str, it must be a hex string. Got: 'FvwEAhmxKfeiG8SnEvq42hc6whRyY3EFYAvebMqDNDGCgxN5Z'
2025-07-28 01:16:11 - balance_service - ERROR - خطا در استفاده از API جایگزین 8: HTTPSConnectionPool(host='api.tronstation.io', port=443): Max retries exceeded with url: /v1/accounts/TWxYj1EgkXikRh3SszVUQniB6NcLNKeRfy/tokens (Caused by NameResolutionError("<urllib3.connection.HTTPSConnection object at 0x7fdcd53b3cd0>: Failed to resolve 'api.tronstation.io' ([Errno -2] Name or service not known)"))
2025-07-28 01:16:11 - balance_service - ERROR - خطا در استفاده از API جایگزین 8: HTTPSConnectionPool(host='api.tronstation.io', port=443): Max retries exceeded with url: /v1/accounts/TWxYj1EgkXikRh3SszVUQniB6NcLNKeRfy/tokens (Caused by NameResolutionError("<urllib3.connection.HTTPSConnection object at 0x7fdcd56e29d0>: Failed to resolve 'api.tronstation.io' ([Errno -2] Name or service not known)"))
2025-07-28 01:16:12 - balance_service - ERROR - خطا در استفاده از API جایگزین 8: HTTPSConnectionPool(host='api.tronstation.io', port=443): Max retries exceeded with url: /v1/accounts/TWxYj1EgkXikRh3SszVUQniB6NcLNKeRfy/tokens (Caused by NameResolutionError("<urllib3.connection.HTTPSConnection object at 0x7fdcd596bb80>: Failed to resolve 'api.tronstation.io' ([Errno -2] Name or service not known)"))
2025-07-28 11:03:50 - balance_service - WARNING - No native currency found for blockchain Bitcoin
2025-07-28 11:03:50 - balance_service - WARNING - No native currency found for blockchain Avalanche
2025-07-28 11:03:50 - balance_service - WARNING - No native currency found for blockchain Arbitrum
2025-07-28 11:03:50 - balance_service - WARNING - No native currency found for blockchain Polkadot
2025-07-28 11:03:51 - balance_service - WARNING - خطا در دریافت موجودی TRC20 با API اصلی: 404 - {"timestamp":"2025-07-28T11:03:51.362+00:00","status":404,"error":"Not Found","path":"/v1/accounts/TGePM8fNs8ek5A6GtZySFSzMKCehaKKHnr/tokens"}
2025-07-28 11:03:51 - balance_service - WARNING - خطا در دریافت موجودی TRC20 با API اصلی: 404 - {"timestamp":"2025-07-28T11:03:51.638+00:00","status":404,"error":"Not Found","path":"/v1/accounts/TGePM8fNs8ek5A6GtZySFSzMKCehaKKHnr/tokens"}
2025-07-28 11:03:52 - balance_service - WARNING - خطا در دریافت موجودی TRC20 با API اصلی: 404 - {"timestamp":"2025-07-28T11:03:52.088+00:00","status":404,"error":"Not Found","path":"/v1/accounts/TGePM8fNs8ek5A6GtZySFSzMKCehaKKHnr/tokens"}
2025-07-28 11:03:52 - balance_service - ERROR - Error getting EVM token balance on Avalanche: when sending a str, it must be a hex string. Got: 'FvwEAhmxKfeiG8SnEvq42hc6whRyY3EFYAvebMqDNDGCgxN5Z'
Traceback (most recent call last):
  File "/www/wwwroot/coinceeper.com/CC/services/balance_service.py", line 157, in get_token_balance
    address=Web3.to_checksum_address(contract_address),
  File "/www/wwwroot/coinceeper.com/CC/venv/lib64/python3.9/site-packages/web3/main.py", line 268, in to_checksum_address
    return to_checksum_address(value)
  File "/www/wwwroot/coinceeper.com/CC/venv/lib64/python3.9/site-packages/eth_utils/address.py", line 129, in to_checksum_address
    norm_address = to_normalized_address(value)
  File "/www/wwwroot/coinceeper.com/CC/venv/lib64/python3.9/site-packages/eth_utils/address.py", line 73, in to_normalized_address
    hex_address = hexstr_if_str(to_hex, value).lower()
  File "/www/wwwroot/coinceeper.com/CC/venv/lib64/python3.9/site-packages/eth_utils/conversions.py", line 195, in hexstr_if_str
    raise ValueError(
ValueError: when sending a str, it must be a hex string. Got: 'FvwEAhmxKfeiG8SnEvq42hc6whRyY3EFYAvebMqDNDGCgxN5Z'
2025-07-28 11:03:52 - balance_service - ERROR - خطا در استفاده از API جایگزین 8: HTTPSConnectionPool(host='api.tronstation.io', port=443): Max retries exceeded with url: /v1/accounts/TGePM8fNs8ek5A6GtZySFSzMKCehaKKHnr/tokens (Caused by NameResolutionError("<urllib3.connection.HTTPSConnection object at 0x7fdcd54556d0>: Failed to resolve 'api.tronstation.io' ([Errno -2] Name or service not known)"))
2025-07-28 11:03:53 - balance_service - ERROR - خطا در استفاده از API جایگزین 8: HTTPSConnectionPool(host='api.tronstation.io', port=443): Max retries exceeded with url: /v1/accounts/TGePM8fNs8ek5A6GtZySFSzMKCehaKKHnr/tokens (Caused by NameResolutionError("<urllib3.connection.HTTPSConnection object at 0x7fdcd545cb50>: Failed to resolve 'api.tronstation.io' ([Errno -2] Name or service not known)"))
2025-07-28 11:03:53 - balance_service - ERROR - خطا در استفاده از API جایگزین 8: HTTPSConnectionPool(host='api.tronstation.io', port=443): Max retries exceeded with url: /v1/accounts/TGePM8fNs8ek5A6GtZySFSzMKCehaKKHnr/tokens (Caused by NameResolutionError("<urllib3.connection.HTTPSConnection object at 0x7fdcd41cd4c0>: Failed to resolve 'api.tronstation.io' ([Errno -2] Name or service not known)"))
2025-07-28 11:04:08 - balance_service - WARNING - No native currency found for blockchain Bitcoin
2025-07-28 11:04:08 - balance_service - WARNING - No native currency found for blockchain Avalanche
2025-07-28 11:04:08 - balance_service - WARNING - No native currency found for blockchain Arbitrum
2025-07-28 11:04:08 - balance_service - WARNING - No native currency found for blockchain Polkadot
2025-07-28 11:04:08 - balance_service - WARNING - خطا در دریافت موجودی TRC20 با API اصلی: 404 - {"timestamp":"2025-07-28T11:04:08.708+00:00","status":404,"error":"Not Found","path":"/v1/accounts/TTLj8aMemrgeAu2hc9mnsfLv3djUqC1UUj/tokens"}
2025-07-28 11:04:08 - balance_service - WARNING - خطا در دریافت موجودی TRC20 با API اصلی: 404 - {"timestamp":"2025-07-28T11:04:08.903+00:00","status":404,"error":"Not Found","path":"/v1/accounts/TTLj8aMemrgeAu2hc9mnsfLv3djUqC1UUj/tokens"}
2025-07-28 11:04:09 - balance_service - ERROR - Error getting EVM token balance on Avalanche: when sending a str, it must be a hex string. Got: 'FvwEAhmxKfeiG8SnEvq42hc6whRyY3EFYAvebMqDNDGCgxN5Z'
Traceback (most recent call last):
  File "/www/wwwroot/coinceeper.com/CC/services/balance_service.py", line 157, in get_token_balance
    address=Web3.to_checksum_address(contract_address),
  File "/www/wwwroot/coinceeper.com/CC/venv/lib64/python3.9/site-packages/web3/main.py", line 268, in to_checksum_address
    return to_checksum_address(value)
  File "/www/wwwroot/coinceeper.com/CC/venv/lib64/python3.9/site-packages/eth_utils/address.py", line 129, in to_checksum_address
    norm_address = to_normalized_address(value)
  File "/www/wwwroot/coinceeper.com/CC/venv/lib64/python3.9/site-packages/eth_utils/address.py", line 73, in to_normalized_address
    hex_address = hexstr_if_str(to_hex, value).lower()
  File "/www/wwwroot/coinceeper.com/CC/venv/lib64/python3.9/site-packages/eth_utils/conversions.py", line 195, in hexstr_if_str
    raise ValueError(
ValueError: when sending a str, it must be a hex string. Got: 'FvwEAhmxKfeiG8SnEvq42hc6whRyY3EFYAvebMqDNDGCgxN5Z'
2025-07-28 11:04:09 - balance_service - WARNING - خطا در دریافت موجودی TRC20 با API اصلی: 404 - {"timestamp":"2025-07-28T11:04:09.638+00:00","status":404,"error":"Not Found","path":"/v1/accounts/TTLj8aMemrgeAu2hc9mnsfLv3djUqC1UUj/tokens"}
2025-07-28 11:04:10 - balance_service - ERROR - خطا در استفاده از API جایگزین 8: HTTPSConnectionPool(host='api.tronstation.io', port=443): Max retries exceeded with url: /v1/accounts/TTLj8aMemrgeAu2hc9mnsfLv3djUqC1UUj/tokens (Caused by NameResolutionError("<urllib3.connection.HTTPSConnection object at 0x7fdcd52d7a00>: Failed to resolve 'api.tronstation.io' ([Errno -2] Name or service not known)"))
2025-07-28 11:04:10 - balance_service - ERROR - خطا در استفاده از API جایگزین 8: HTTPSConnectionPool(host='api.tronstation.io', port=443): Max retries exceeded with url: /v1/accounts/TTLj8aMemrgeAu2hc9mnsfLv3djUqC1UUj/tokens (Caused by NameResolutionError("<urllib3.connection.HTTPSConnection object at 0x7fdcd548cbb0>: Failed to resolve 'api.tronstation.io' ([Errno -2] Name or service not known)"))
2025-07-28 11:04:11 - balance_service - ERROR - خطا در استفاده از API جایگزین 8: HTTPSConnectionPool(host='api.tronstation.io', port=443): Max retries exceeded with url: /v1/accounts/TTLj8aMemrgeAu2hc9mnsfLv3djUqC1UUj/tokens (Caused by NameResolutionError("<urllib3.connection.HTTPSConnection object at 0x7fdcd53a6220>: Failed to resolve 'api.tronstation.io' ([Errno -2] Name or service not known)"))
2025-07-28 11:04:22 - balance_service - WARNING - No native currency found for blockchain Bitcoin
2025-07-28 11:04:22 - balance_service - WARNING - No native currency found for blockchain Avalanche
2025-07-28 11:04:22 - balance_service - WARNING - No native currency found for blockchain Arbitrum
2025-07-28 11:04:22 - balance_service - WARNING - No native currency found for blockchain Polkadot
2025-07-28 11:04:23 - balance_service - WARNING - خطا در دریافت موجودی TRC20 با API اصلی: 404 - {"timestamp":"2025-07-28T11:04:22.980+00:00","status":404,"error":"Not Found","path":"/v1/accounts/TTLj8aMemrgeAu2hc9mnsfLv3djUqC1UUj/tokens"}
2025-07-28 11:04:23 - balance_service - WARNING - خطا در دریافت موجودی TRC20 با API اصلی: 404 - {"timestamp":"2025-07-28T11:04:23.121+00:00","status":404,"error":"Not Found","path":"/v1/accounts/TTLj8aMemrgeAu2hc9mnsfLv3djUqC1UUj/tokens"}
2025-07-28 11:04:23 - balance_service - ERROR - Error getting EVM token balance on Avalanche: when sending a str, it must be a hex string. Got: 'FvwEAhmxKfeiG8SnEvq42hc6whRyY3EFYAvebMqDNDGCgxN5Z'
Traceback (most recent call last):
  File "/www/wwwroot/coinceeper.com/CC/services/balance_service.py", line 157, in get_token_balance
    address=Web3.to_checksum_address(contract_address),
  File "/www/wwwroot/coinceeper.com/CC/venv/lib64/python3.9/site-packages/web3/main.py", line 268, in to_checksum_address
    return to_checksum_address(value)
  File "/www/wwwroot/coinceeper.com/CC/venv/lib64/python3.9/site-packages/eth_utils/address.py", line 129, in to_checksum_address
    norm_address = to_normalized_address(value)
  File "/www/wwwroot/coinceeper.com/CC/venv/lib64/python3.9/site-packages/eth_utils/address.py", line 73, in to_normalized_address
    hex_address = hexstr_if_str(to_hex, value).lower()
  File "/www/wwwroot/coinceeper.com/CC/venv/lib64/python3.9/site-packages/eth_utils/conversions.py", line 195, in hexstr_if_str
    raise ValueError(
ValueError: when sending a str, it must be a hex string. Got: 'FvwEAhmxKfeiG8SnEvq42hc6whRyY3EFYAvebMqDNDGCgxN5Z'
2025-07-28 11:04:23 - balance_service - WARNING - خطا در دریافت موجودی TRC20 با API اصلی: 404 - {"timestamp":"2025-07-28T11:04:23.864+00:00","status":404,"error":"Not Found","path":"/v1/accounts/TTLj8aMemrgeAu2hc9mnsfLv3djUqC1UUj/tokens"}
2025-07-28 11:04:24 - balance_service - ERROR - خطا در استفاده از API جایگزین 8: HTTPSConnectionPool(host='api.tronstation.io', port=443): Max retries exceeded with url: /v1/accounts/TTLj8aMemrgeAu2hc9mnsfLv3djUqC1UUj/tokens (Caused by NameResolutionError("<urllib3.connection.HTTPSConnection object at 0x7fdcd5439520>: Failed to resolve 'api.tronstation.io' ([Errno -2] Name or service not known)"))
2025-07-28 11:04:24 - balance_service - ERROR - خطا در استفاده از API جایگزین 8: HTTPSConnectionPool(host='api.tronstation.io', port=443): Max retries exceeded with url: /v1/accounts/TTLj8aMemrgeAu2hc9mnsfLv3djUqC1UUj/tokens (Caused by NameResolutionError("<urllib3.connection.HTTPSConnection object at 0x7fdcd5613af0>: Failed to resolve 'api.tronstation.io' ([Errno -2] Name or service not known)"))
2025-07-28 11:04:25 - balance_service - ERROR - خطا در استفاده از API جایگزین 8: HTTPSConnectionPool(host='api.tronstation.io', port=443): Max retries exceeded with url: /v1/accounts/TTLj8aMemrgeAu2hc9mnsfLv3djUqC1UUj/tokens (Caused by NameResolutionError("<urllib3.connection.HTTPSConnection object at 0x7fdcd5145cd0>: Failed to resolve 'api.tronstation.io' ([Errno -2] Name or service not known)"))
2025-07-28 14:18:27 - balance_service - ERROR - Error getting simple user balance: (mysql.connector.errors.DatabaseError) 2003 (HY000): Can't connect to MySQL server on 'localhost:3306' (111)
(Background on this error at: https://sqlalche.me/e/20/4xp6)
2025-07-28 14:18:50 - balance_service - ERROR - Error getting simple user balance: (mysql.connector.errors.OperationalError) MySQL Connection not available.
[SQL: SELECT users.`UserID` AS `users_UserID`, users.`ID` AS `users_ID`, users.`Email` AS `users_Email`, users.`CreatedAt` AS `users_CreatedAt`, users.`UpdatedAt` AS `users_UpdatedAt`, users.`Device` AS `users_Device`, users.`IP` AS `users_IP` 
FROM users 
WHERE users.`UserID` = %(UserID_1)s 
 LIMIT %(param_1)s]
[parameters: [{}]]
(Background on this error at: https://sqlalche.me/e/20/e3q8)
2025-07-28 14:18:51 - balance_service - ERROR - Error getting simple user balance: (mysql.connector.errors.DatabaseError) 2003 (HY000): Can't connect to MySQL server on 'localhost:3306' (111)
(Background on this error at: https://sqlalche.me/e/20/4xp6)
2025-07-28 14:18:51 - balance_service - ERROR - Error getting simple user balance: (mysql.connector.errors.DatabaseError) 2003 (HY000): Can't connect to MySQL server on 'localhost:3306' (111)
(Background on this error at: https://sqlalche.me/e/20/4xp6)
2025-07-28 18:42:50 - balance_service - ERROR - Error getting simple user balance: (mysql.connector.errors.OperationalError) MySQL Connection not available.
[SQL: SELECT users.`UserID` AS `users_UserID`, users.`ID` AS `users_ID`, users.`Email` AS `users_Email`, users.`CreatedAt` AS `users_CreatedAt`, users.`UpdatedAt` AS `users_UpdatedAt`, users.`Device` AS `users_Device`, users.`IP` AS `users_IP` 
FROM users 
WHERE users.`UserID` = %(UserID_1)s 
 LIMIT %(param_1)s]
[parameters: [{}]]
(Background on this error at: https://sqlalche.me/e/20/e3q8)
2025-07-28 18:42:50 - balance_service - ERROR - Error getting simple user balance: (mysql.connector.errors.DatabaseError) 2003 (HY000): Can't connect to MySQL server on 'localhost:3306' (111)
(Background on this error at: https://sqlalche.me/e/20/4xp6)
2025-07-28 19:51:19 - balance_service - WARNING - No native currency found for blockchain Bitcoin
2025-07-28 19:51:19 - balance_service - WARNING - No native currency found for blockchain Avalanche
2025-07-28 19:51:19 - balance_service - WARNING - No native currency found for blockchain Arbitrum
2025-07-28 19:51:19 - balance_service - WARNING - No native currency found for blockchain Polkadot
2025-07-28 19:51:20 - balance_service - WARNING - خطا در دریافت موجودی TRC20 با API اصلی: 404 - {"timestamp":"2025-07-28T19:51:20.401+00:00","status":404,"error":"Not Found","path":"/v1/accounts/TV3qStGW9z6QsVukCPb8SgUCkdmAPxc86s/tokens"}
2025-07-28 19:51:20 - balance_service - WARNING - خطا در دریافت موجودی TRC20 با API اصلی: 404 - {"timestamp":"2025-07-28T19:51:20.668+00:00","status":404,"error":"Not Found","path":"/v1/accounts/TV3qStGW9z6QsVukCPb8SgUCkdmAPxc86s/tokens"}
2025-07-28 19:51:20 - balance_service - ERROR - Error getting EVM token balance on Avalanche: when sending a str, it must be a hex string. Got: 'FvwEAhmxKfeiG8SnEvq42hc6whRyY3EFYAvebMqDNDGCgxN5Z'
Traceback (most recent call last):
  File "/www/wwwroot/coinceeper.com/CC/services/balance_service.py", line 157, in get_token_balance
    address=Web3.to_checksum_address(contract_address),
  File "/www/wwwroot/coinceeper.com/CC/venv/lib64/python3.9/site-packages/web3/main.py", line 268, in to_checksum_address
    return to_checksum_address(value)
  File "/www/wwwroot/coinceeper.com/CC/venv/lib64/python3.9/site-packages/eth_utils/address.py", line 129, in to_checksum_address
    norm_address = to_normalized_address(value)
  File "/www/wwwroot/coinceeper.com/CC/venv/lib64/python3.9/site-packages/eth_utils/address.py", line 73, in to_normalized_address
    hex_address = hexstr_if_str(to_hex, value).lower()
  File "/www/wwwroot/coinceeper.com/CC/venv/lib64/python3.9/site-packages/eth_utils/conversions.py", line 195, in hexstr_if_str
    raise ValueError(
ValueError: when sending a str, it must be a hex string. Got: 'FvwEAhmxKfeiG8SnEvq42hc6whRyY3EFYAvebMqDNDGCgxN5Z'
2025-07-28 19:51:21 - balance_service - WARNING - خطا در دریافت موجودی TRC20 با API اصلی: 404 - {"timestamp":"2025-07-28T19:51:21.107+00:00","status":404,"error":"Not Found","path":"/v1/accounts/TV3qStGW9z6QsVukCPb8SgUCkdmAPxc86s/tokens"}
2025-07-28 19:51:22 - balance_service - ERROR - خطا در استفاده از API جایگزین 8: HTTPSConnectionPool(host='api.tronstation.io', port=443): Max retries exceeded with url: /v1/accounts/TV3qStGW9z6QsVukCPb8SgUCkdmAPxc86s/tokens (Caused by NameResolutionError("<urllib3.connection.HTTPSConnection object at 0x7fdcd52a9940>: Failed to resolve 'api.tronstation.io' ([Errno -2] Name or service not known)"))
2025-07-28 19:51:22 - balance_service - ERROR - خطا در استفاده از API جایگزین 8: HTTPSConnectionPool(host='api.tronstation.io', port=443): Max retries exceeded with url: /v1/accounts/TV3qStGW9z6QsVukCPb8SgUCkdmAPxc86s/tokens (Caused by NameResolutionError("<urllib3.connection.HTTPSConnection object at 0x7fdcd52c27f0>: Failed to resolve 'api.tronstation.io' ([Errno -2] Name or service not known)"))
2025-07-28 19:51:22 - balance_service - ERROR - خطا در استفاده از API جایگزین 8: HTTPSConnectionPool(host='api.tronstation.io', port=443): Max retries exceeded with url: /v1/accounts/TV3qStGW9z6QsVukCPb8SgUCkdmAPxc86s/tokens (Caused by NameResolutionError("<urllib3.connection.HTTPSConnection object at 0x7fdcd5d74fd0>: Failed to resolve 'api.tronstation.io' ([Errno -2] Name or service not known)"))
2025-07-29 21:17:49 - balance_service - ERROR - Error getting simple user balance: (mysql.connector.errors.DatabaseError) 2003 (HY000): Can't connect to MySQL server on 'localhost:3306' (111)
(Background on this error at: https://sqlalche.me/e/20/4xp6)
