2025-07-17 05:40:38 - NCCPRICE - INFO - 🔄 شروع به‌روزرسانی قیمت NCC برای تمام واحدهای پولی...
2025-07-17 05:40:38 - NCCPRICE - DEBUG - محاسبه تغییر بر اساس تاریخچه داخلی: $0.22561016 -> $0.22564606
2025-07-17 05:40:38 - NCCPRICE - INFO - 📈 قیمت جدید NCC (USD): $0.22564606, تغییر 24 ساعته: +0.02%
2025-07-17 05:40:38 - NCCPRICE - INFO - NCC_CURRENCY_IDS at start: [8517, 8519]
2025-07-17 05:40:38 - NCCPRICE - INFO - Trying to update price for currency_id: 8517
2025-07-17 05:40:38 - NCCPRICE - ERROR - ❌ خطا در به‌روزرسانی قیمت ارز 8517 به USD: (mysql.connector.errors.OperationalError) MySQL Connection not available.
[SQL: SELECT prices.id AS prices_id, prices.crypto_id AS prices_crypto_id, prices.currency AS prices_currency, prices.price AS prices_price, prices.market_cap AS prices_market_cap, prices.volume_24h AS prices_volume_24h, prices.change_1h AS prices_change_1h, prices.change_24h AS prices_change_24h, prices.change_7d AS prices_change_7d, prices.last_updated AS prices_last_updated 
FROM prices 
WHERE prices.crypto_id = %(crypto_id_1)s AND prices.currency = %(currency_1)s 
 LIMIT %(param_1)s]
[parameters: [{}]]
(Background on this error at: https://sqlalche.me/e/20/e3q8)
2025-07-17 05:40:38 - NCCPRICE - ERROR - ❌ خطا در به‌روزرسانی قیمت ارز 8517 به CAD: Can't reconnect until invalid transaction is rolled back.  Please rollback() fully before proceeding (Background on this error at: https://sqlalche.me/e/20/8s2b)
2025-07-17 05:40:38 - NCCPRICE - ERROR - ❌ خطا در به‌روزرسانی قیمت ارز 8517 به AUD: Can't reconnect until invalid transaction is rolled back.  Please rollback() fully before proceeding (Background on this error at: https://sqlalche.me/e/20/8s2b)
2025-07-17 05:40:38 - NCCPRICE - ERROR - ❌ خطا در به‌روزرسانی قیمت ارز 8517 به GBP: Can't reconnect until invalid transaction is rolled back.  Please rollback() fully before proceeding (Background on this error at: https://sqlalche.me/e/20/8s2b)
2025-07-17 05:40:38 - NCCPRICE - ERROR - ❌ خطا در به‌روزرسانی قیمت ارز 8517 به EUR: Can't reconnect until invalid transaction is rolled back.  Please rollback() fully before proceeding (Background on this error at: https://sqlalche.me/e/20/8s2b)
2025-07-17 05:40:38 - NCCPRICE - ERROR - ❌ خطا در به‌روزرسانی قیمت ارز 8517 به KWD: Can't reconnect until invalid transaction is rolled back.  Please rollback() fully before proceeding (Background on this error at: https://sqlalche.me/e/20/8s2b)
2025-07-17 05:40:38 - NCCPRICE - ERROR - ❌ خطا در به‌روزرسانی قیمت ارز 8517 به TRY: Can't reconnect until invalid transaction is rolled back.  Please rollback() fully before proceeding (Background on this error at: https://sqlalche.me/e/20/8s2b)
2025-07-17 05:40:38 - NCCPRICE - ERROR - ❌ خطا در به‌روزرسانی قیمت ارز 8517 به SAR: Can't reconnect until invalid transaction is rolled back.  Please rollback() fully before proceeding (Background on this error at: https://sqlalche.me/e/20/8s2b)
2025-07-17 05:40:38 - NCCPRICE - ERROR - ❌ خطا در به‌روزرسانی قیمت ارز 8517 به CNY: Can't reconnect until invalid transaction is rolled back.  Please rollback() fully before proceeding (Background on this error at: https://sqlalche.me/e/20/8s2b)
2025-07-17 05:40:38 - NCCPRICE - ERROR - ❌ خطا در به‌روزرسانی قیمت ارز 8517 به KRW: Can't reconnect until invalid transaction is rolled back.  Please rollback() fully before proceeding (Background on this error at: https://sqlalche.me/e/20/8s2b)
2025-07-17 05:40:38 - NCCPRICE - ERROR - ❌ خطا در به‌روزرسانی قیمت ارز 8517 به JPY: Can't reconnect until invalid transaction is rolled back.  Please rollback() fully before proceeding (Background on this error at: https://sqlalche.me/e/20/8s2b)
2025-07-17 05:40:38 - NCCPRICE - ERROR - ❌ خطا در به‌روزرسانی قیمت ارز 8517 به INR: Can't reconnect until invalid transaction is rolled back.  Please rollback() fully before proceeding (Background on this error at: https://sqlalche.me/e/20/8s2b)
2025-07-17 05:40:38 - NCCPRICE - ERROR - ❌ خطا در به‌روزرسانی قیمت ارز 8517 به RUB: Can't reconnect until invalid transaction is rolled back.  Please rollback() fully before proceeding (Background on this error at: https://sqlalche.me/e/20/8s2b)
2025-07-17 05:40:38 - NCCPRICE - ERROR - ❌ خطا در به‌روزرسانی قیمت ارز 8517 به IQD: Can't reconnect until invalid transaction is rolled back.  Please rollback() fully before proceeding (Background on this error at: https://sqlalche.me/e/20/8s2b)
2025-07-17 05:40:38 - NCCPRICE - ERROR - ❌ خطا در به‌روزرسانی قیمت ارز 8517 به TND: Can't reconnect until invalid transaction is rolled back.  Please rollback() fully before proceeding (Background on this error at: https://sqlalche.me/e/20/8s2b)
2025-07-17 05:40:38 - NCCPRICE - ERROR - ❌ خطا در به‌روزرسانی قیمت ارز 8517 به BHD: Can't reconnect until invalid transaction is rolled back.  Please rollback() fully before proceeding (Background on this error at: https://sqlalche.me/e/20/8s2b)
2025-07-17 05:40:38 - NCCPRICE - INFO - Trying to update price for currency_id: 8519
2025-07-17 05:40:38 - NCCPRICE - ERROR - ❌ خطا در به‌روزرسانی قیمت ارز 8519 به USD: Can't reconnect until invalid transaction is rolled back.  Please rollback() fully before proceeding (Background on this error at: https://sqlalche.me/e/20/8s2b)
2025-07-17 05:40:38 - NCCPRICE - ERROR - ❌ خطا در به‌روزرسانی قیمت ارز 8519 به CAD: Can't reconnect until invalid transaction is rolled back.  Please rollback() fully before proceeding (Background on this error at: https://sqlalche.me/e/20/8s2b)
2025-07-17 05:40:38 - NCCPRICE - ERROR - ❌ خطا در به‌روزرسانی قیمت ارز 8519 به AUD: Can't reconnect until invalid transaction is rolled back.  Please rollback() fully before proceeding (Background on this error at: https://sqlalche.me/e/20/8s2b)
2025-07-17 05:40:38 - NCCPRICE - ERROR - ❌ خطا در به‌روزرسانی قیمت ارز 8519 به GBP: Can't reconnect until invalid transaction is rolled back.  Please rollback() fully before proceeding (Background on this error at: https://sqlalche.me/e/20/8s2b)
2025-07-17 05:40:38 - NCCPRICE - ERROR - ❌ خطا در به‌روزرسانی قیمت ارز 8519 به EUR: Can't reconnect until invalid transaction is rolled back.  Please rollback() fully before proceeding (Background on this error at: https://sqlalche.me/e/20/8s2b)
2025-07-17 05:40:38 - NCCPRICE - ERROR - ❌ خطا در به‌روزرسانی قیمت ارز 8519 به KWD: Can't reconnect until invalid transaction is rolled back.  Please rollback() fully before proceeding (Background on this error at: https://sqlalche.me/e/20/8s2b)
2025-07-17 05:40:38 - NCCPRICE - ERROR - ❌ خطا در به‌روزرسانی قیمت ارز 8519 به TRY: Can't reconnect until invalid transaction is rolled back.  Please rollback() fully before proceeding (Background on this error at: https://sqlalche.me/e/20/8s2b)
2025-07-17 05:40:38 - NCCPRICE - ERROR - ❌ خطا در به‌روزرسانی قیمت ارز 8519 به SAR: Can't reconnect until invalid transaction is rolled back.  Please rollback() fully before proceeding (Background on this error at: https://sqlalche.me/e/20/8s2b)
2025-07-17 05:40:38 - NCCPRICE - ERROR - ❌ خطا در به‌روزرسانی قیمت ارز 8519 به CNY: Can't reconnect until invalid transaction is rolled back.  Please rollback() fully before proceeding (Background on this error at: https://sqlalche.me/e/20/8s2b)
2025-07-17 05:40:38 - NCCPRICE - ERROR - ❌ خطا در به‌روزرسانی قیمت ارز 8519 به KRW: Can't reconnect until invalid transaction is rolled back.  Please rollback() fully before proceeding (Background on this error at: https://sqlalche.me/e/20/8s2b)
2025-07-17 05:40:38 - NCCPRICE - ERROR - ❌ خطا در به‌روزرسانی قیمت ارز 8519 به JPY: Can't reconnect until invalid transaction is rolled back.  Please rollback() fully before proceeding (Background on this error at: https://sqlalche.me/e/20/8s2b)
2025-07-17 05:40:38 - NCCPRICE - ERROR - ❌ خطا در به‌روزرسانی قیمت ارز 8519 به INR: Can't reconnect until invalid transaction is rolled back.  Please rollback() fully before proceeding (Background on this error at: https://sqlalche.me/e/20/8s2b)
2025-07-17 05:40:38 - NCCPRICE - ERROR - ❌ خطا در به‌روزرسانی قیمت ارز 8519 به RUB: Can't reconnect until invalid transaction is rolled back.  Please rollback() fully before proceeding (Background on this error at: https://sqlalche.me/e/20/8s2b)
2025-07-17 05:40:38 - NCCPRICE - ERROR - ❌ خطا در به‌روزرسانی قیمت ارز 8519 به IQD: Can't reconnect until invalid transaction is rolled back.  Please rollback() fully before proceeding (Background on this error at: https://sqlalche.me/e/20/8s2b)
2025-07-17 05:40:38 - NCCPRICE - ERROR - ❌ خطا در به‌روزرسانی قیمت ارز 8519 به TND: Can't reconnect until invalid transaction is rolled back.  Please rollback() fully before proceeding (Background on this error at: https://sqlalche.me/e/20/8s2b)
2025-07-17 05:40:38 - NCCPRICE - ERROR - ❌ خطا در به‌روزرسانی قیمت ارز 8519 به BHD: Can't reconnect until invalid transaction is rolled back.  Please rollback() fully before proceeding (Background on this error at: https://sqlalche.me/e/20/8s2b)
2025-07-17 05:40:38 - NCCPRICE - ERROR - ❌ خطا در به‌روزرسانی قیمت‌های NCC: Can't reconnect until invalid transaction is rolled back.  Please rollback() fully before proceeding (Background on this error at: https://sqlalche.me/e/20/8s2b)
2025-07-17 05:41:38 - NCCPRICE - INFO - 🔄 شروع به‌روزرسانی قیمت NCC برای تمام واحدهای پولی...
2025-07-17 05:41:38 - NCCPRICE - DEBUG - محاسبه تغییر بر اساس تاریخچه داخلی: $0.22561093 -> $0.22567926
2025-07-17 05:41:38 - NCCPRICE - INFO - 📈 قیمت جدید NCC (USD): $0.22567926, تغییر 24 ساعته: +0.03%
2025-07-17 05:41:38 - NCCPRICE - INFO - NCC_CURRENCY_IDS at start: [8517, 8519]
2025-07-17 05:41:38 - NCCPRICE - INFO - Trying to update price for currency_id: 8517
2025-07-17 05:41:38 - NCCPRICE - DEBUG - ✅ [ID: 8517] رکورد قیمت NCC به USD به‌روزرسانی شد
2025-07-17 05:41:38 - NCCPRICE - DEBUG - ✅ [ID: 8517] رکورد قیمت NCC به CAD به‌روزرسانی شد
2025-07-17 05:41:38 - NCCPRICE - DEBUG - ✅ [ID: 8517] رکورد قیمت NCC به AUD به‌روزرسانی شد
2025-07-17 05:41:38 - NCCPRICE - DEBUG - ✅ [ID: 8517] رکورد قیمت NCC به GBP به‌روزرسانی شد
2025-07-17 05:41:38 - NCCPRICE - DEBUG - ✅ [ID: 8517] رکورد قیمت NCC به EUR به‌روزرسانی شد
2025-07-17 05:41:38 - NCCPRICE - DEBUG - ✅ [ID: 8517] رکورد قیمت NCC به KWD به‌روزرسانی شد
2025-07-17 05:41:38 - NCCPRICE - DEBUG - ✅ [ID: 8517] رکورد قیمت NCC به TRY به‌روزرسانی شد
2025-07-17 05:41:38 - NCCPRICE - DEBUG - ✅ [ID: 8517] رکورد قیمت NCC به SAR به‌روزرسانی شد
2025-07-17 05:41:38 - NCCPRICE - DEBUG - ✅ [ID: 8517] رکورد قیمت NCC به CNY به‌روزرسانی شد
2025-07-17 05:41:38 - NCCPRICE - DEBUG - ✅ [ID: 8517] رکورد قیمت NCC به KRW به‌روزرسانی شد
2025-07-17 05:41:38 - NCCPRICE - DEBUG - ✅ [ID: 8517] رکورد قیمت NCC به JPY به‌روزرسانی شد
2025-07-17 05:41:38 - NCCPRICE - DEBUG - ✅ [ID: 8517] رکورد قیمت NCC به INR به‌روزرسانی شد
2025-07-17 05:41:38 - NCCPRICE - DEBUG - ✅ [ID: 8517] رکورد قیمت NCC به RUB به‌روزرسانی شد
2025-07-17 05:41:38 - NCCPRICE - DEBUG - ✅ [ID: 8517] رکورد قیمت NCC به IQD به‌روزرسانی شد
2025-07-17 05:41:38 - NCCPRICE - DEBUG - ✅ [ID: 8517] رکورد قیمت NCC به TND به‌روزرسانی شد
2025-07-17 05:41:38 - NCCPRICE - DEBUG - ✅ [ID: 8517] رکورد قیمت NCC به BHD به‌روزرسانی شد
2025-07-17 05:41:38 - NCCPRICE - INFO - Trying to update price for currency_id: 8519
2025-07-17 05:41:38 - NCCPRICE - DEBUG - ✅ [ID: 8519] رکورد قیمت NCC به USD به‌روزرسانی شد
2025-07-17 05:41:38 - NCCPRICE - DEBUG - ✅ [ID: 8519] رکورد قیمت NCC به CAD به‌روزرسانی شد
2025-07-17 05:41:38 - NCCPRICE - DEBUG - ✅ [ID: 8519] رکورد قیمت NCC به AUD به‌روزرسانی شد
2025-07-17 05:41:38 - NCCPRICE - DEBUG - ✅ [ID: 8519] رکورد قیمت NCC به GBP به‌روزرسانی شد
2025-07-17 05:41:38 - NCCPRICE - DEBUG - ✅ [ID: 8519] رکورد قیمت NCC به EUR به‌روزرسانی شد
2025-07-17 05:41:38 - NCCPRICE - DEBUG - ✅ [ID: 8519] رکورد قیمت NCC به KWD به‌روزرسانی شد
2025-07-17 05:41:38 - NCCPRICE - DEBUG - ✅ [ID: 8519] رکورد قیمت NCC به TRY به‌روزرسانی شد
2025-07-17 05:41:38 - NCCPRICE - DEBUG - ✅ [ID: 8519] رکورد قیمت NCC به SAR به‌روزرسانی شد
2025-07-17 05:41:38 - NCCPRICE - DEBUG - ✅ [ID: 8519] رکورد قیمت NCC به CNY به‌روزرسانی شد
2025-07-17 05:41:38 - NCCPRICE - DEBUG - ✅ [ID: 8519] رکورد قیمت NCC به KRW به‌روزرسانی شد
2025-07-17 05:41:38 - NCCPRICE - DEBUG - ✅ [ID: 8519] رکورد قیمت NCC به JPY به‌روزرسانی شد
2025-07-17 05:41:38 - NCCPRICE - DEBUG - ✅ [ID: 8519] رکورد قیمت NCC به INR به‌روزرسانی شد
2025-07-17 05:41:38 - NCCPRICE - DEBUG - ✅ [ID: 8519] رکورد قیمت NCC به RUB به‌روزرسانی شد
2025-07-17 05:41:38 - NCCPRICE - DEBUG - ✅ [ID: 8519] رکورد قیمت NCC به IQD به‌روزرسانی شد
2025-07-17 05:41:38 - NCCPRICE - DEBUG - ✅ [ID: 8519] رکورد قیمت NCC به TND به‌روزرسانی شد
2025-07-17 05:41:38 - NCCPRICE - DEBUG - ✅ [ID: 8519] رکورد قیمت NCC به BHD به‌روزرسانی شد
2025-07-17 05:42:38 - NCCPRICE - INFO - 🔄 شروع به‌روزرسانی قیمت NCC برای تمام واحدهای پولی...
2025-07-17 05:42:38 - NCCPRICE - DEBUG - محاسبه تغییر بر اساس تاریخچه داخلی: $0.22564606 -> $0.22568978
2025-07-17 05:42:38 - NCCPRICE - INFO - 📈 قیمت جدید NCC (USD): $0.22568978, تغییر 24 ساعته: +0.02%
2025-07-17 05:42:38 - NCCPRICE - INFO - NCC_CURRENCY_IDS at start: [8517, 8519]
2025-07-17 05:42:38 - NCCPRICE - INFO - Trying to update price for currency_id: 8517
2025-07-17 05:42:38 - NCCPRICE - DEBUG - ✅ [ID: 8517] رکورد قیمت NCC به USD به‌روزرسانی شد
2025-07-17 05:42:38 - NCCPRICE - DEBUG - ✅ [ID: 8517] رکورد قیمت NCC به CAD به‌روزرسانی شد
2025-07-17 05:42:38 - NCCPRICE - DEBUG - ✅ [ID: 8517] رکورد قیمت NCC به AUD به‌روزرسانی شد
2025-07-17 05:42:38 - NCCPRICE - DEBUG - ✅ [ID: 8517] رکورد قیمت NCC به GBP به‌روزرسانی شد
2025-07-17 05:42:38 - NCCPRICE - DEBUG - ✅ [ID: 8517] رکورد قیمت NCC به EUR به‌روزرسانی شد
2025-07-17 05:42:38 - NCCPRICE - DEBUG - ✅ [ID: 8517] رکورد قیمت NCC به KWD به‌روزرسانی شد
2025-07-17 05:42:38 - NCCPRICE - DEBUG - ✅ [ID: 8517] رکورد قیمت NCC به TRY به‌روزرسانی شد
2025-07-17 05:42:38 - NCCPRICE - DEBUG - ✅ [ID: 8517] رکورد قیمت NCC به SAR به‌روزرسانی شد
2025-07-17 05:42:38 - NCCPRICE - DEBUG - ✅ [ID: 8517] رکورد قیمت NCC به CNY به‌روزرسانی شد
2025-07-17 05:42:38 - NCCPRICE - DEBUG - ✅ [ID: 8517] رکورد قیمت NCC به KRW به‌روزرسانی شد
2025-07-17 05:42:38 - NCCPRICE - DEBUG - ✅ [ID: 8517] رکورد قیمت NCC به JPY به‌روزرسانی شد
2025-07-17 05:42:38 - NCCPRICE - DEBUG - ✅ [ID: 8517] رکورد قیمت NCC به INR به‌روزرسانی شد
2025-07-17 05:42:38 - NCCPRICE - DEBUG - ✅ [ID: 8517] رکورد قیمت NCC به RUB به‌روزرسانی شد
2025-07-17 05:42:38 - NCCPRICE - DEBUG - ✅ [ID: 8517] رکورد قیمت NCC به IQD به‌روزرسانی شد
2025-07-17 05:42:38 - NCCPRICE - DEBUG - ✅ [ID: 8517] رکورد قیمت NCC به TND به‌روزرسانی شد
2025-07-17 05:42:38 - NCCPRICE - DEBUG - ✅ [ID: 8517] رکورد قیمت NCC به BHD به‌روزرسانی شد
2025-07-17 05:42:38 - NCCPRICE - INFO - Trying to update price for currency_id: 8519
2025-07-17 05:42:38 - NCCPRICE - DEBUG - ✅ [ID: 8519] رکورد قیمت NCC به USD به‌روزرسانی شد
2025-07-17 05:42:38 - NCCPRICE - DEBUG - ✅ [ID: 8519] رکورد قیمت NCC به CAD به‌روزرسانی شد
2025-07-17 05:42:38 - NCCPRICE - DEBUG - ✅ [ID: 8519] رکورد قیمت NCC به AUD به‌روزرسانی شد
2025-07-17 05:42:38 - NCCPRICE - DEBUG - ✅ [ID: 8519] رکورد قیمت NCC به GBP به‌روزرسانی شد
2025-07-17 05:42:38 - NCCPRICE - DEBUG - ✅ [ID: 8519] رکورد قیمت NCC به EUR به‌روزرسانی شد
2025-07-17 05:42:38 - NCCPRICE - DEBUG - ✅ [ID: 8519] رکورد قیمت NCC به KWD به‌روزرسانی شد
2025-07-17 05:42:38 - NCCPRICE - DEBUG - ✅ [ID: 8519] رکورد قیمت NCC به TRY به‌روزرسانی شد
2025-07-17 05:42:38 - NCCPRICE - DEBUG - ✅ [ID: 8519] رکورد قیمت NCC به SAR به‌روزرسانی شد
2025-07-17 05:42:38 - NCCPRICE - DEBUG - ✅ [ID: 8519] رکورد قیمت NCC به CNY به‌روزرسانی شد
2025-07-17 05:42:38 - NCCPRICE - DEBUG - ✅ [ID: 8519] رکورد قیمت NCC به KRW به‌روزرسانی شد
2025-07-17 05:42:38 - NCCPRICE - DEBUG - ✅ [ID: 8519] رکورد قیمت NCC به JPY به‌روزرسانی شد
2025-07-17 05:42:38 - NCCPRICE - DEBUG - ✅ [ID: 8519] رکورد قیمت NCC به INR به‌روزرسانی شد
2025-07-17 05:42:38 - NCCPRICE - DEBUG - ✅ [ID: 8519] رکورد قیمت NCC به RUB به‌روزرسانی شد
2025-07-17 05:42:38 - NCCPRICE - DEBUG - ✅ [ID: 8519] رکورد قیمت NCC به IQD به‌روزرسانی شد
2025-07-17 05:42:38 - NCCPRICE - DEBUG - ✅ [ID: 8519] رکورد قیمت NCC به TND به‌روزرسانی شد
2025-07-17 05:42:38 - NCCPRICE - DEBUG - ✅ [ID: 8519] رکورد قیمت NCC به BHD به‌روزرسانی شد
2025-07-17 05:43:38 - NCCPRICE - INFO - 🔄 شروع به‌روزرسانی قیمت NCC برای تمام واحدهای پولی...
2025-07-17 05:43:38 - NCCPRICE - DEBUG - محاسبه تغییر بر اساس تاریخچه داخلی: $0.22567926 -> $0.22569857
2025-07-17 05:43:38 - NCCPRICE - INFO - 📈 قیمت جدید NCC (USD): $0.22569857, تغییر 24 ساعته: +0.01%
2025-07-17 05:43:38 - NCCPRICE - INFO - NCC_CURRENCY_IDS at start: [8517, 8519]
2025-07-17 05:43:38 - NCCPRICE - INFO - Trying to update price for currency_id: 8517
2025-07-17 05:43:38 - NCCPRICE - ERROR - ❌ خطا در به‌روزرسانی قیمت ارز 8517 به USD: (mysql.connector.errors.OperationalError) MySQL Connection not available.
[SQL: SELECT prices.id AS prices_id, prices.crypto_id AS prices_crypto_id, prices.currency AS prices_currency, prices.price AS prices_price, prices.market_cap AS prices_market_cap, prices.volume_24h AS prices_volume_24h, prices.change_1h AS prices_change_1h, prices.change_24h AS prices_change_24h, prices.change_7d AS prices_change_7d, prices.last_updated AS prices_last_updated 
FROM prices 
WHERE prices.crypto_id = %(crypto_id_1)s AND prices.currency = %(currency_1)s 
 LIMIT %(param_1)s]
[parameters: [{}]]
(Background on this error at: https://sqlalche.me/e/20/e3q8)
2025-07-17 05:43:38 - NCCPRICE - ERROR - ❌ خطا در به‌روزرسانی قیمت ارز 8517 به CAD: Can't reconnect until invalid transaction is rolled back.  Please rollback() fully before proceeding (Background on this error at: https://sqlalche.me/e/20/8s2b)
2025-07-17 05:43:38 - NCCPRICE - ERROR - ❌ خطا در به‌روزرسانی قیمت ارز 8517 به AUD: Can't reconnect until invalid transaction is rolled back.  Please rollback() fully before proceeding (Background on this error at: https://sqlalche.me/e/20/8s2b)
2025-07-17 05:43:38 - NCCPRICE - ERROR - ❌ خطا در به‌روزرسانی قیمت ارز 8517 به GBP: Can't reconnect until invalid transaction is rolled back.  Please rollback() fully before proceeding (Background on this error at: https://sqlalche.me/e/20/8s2b)
2025-07-17 05:43:38 - NCCPRICE - ERROR - ❌ خطا در به‌روزرسانی قیمت ارز 8517 به EUR: Can't reconnect until invalid transaction is rolled back.  Please rollback() fully before proceeding (Background on this error at: https://sqlalche.me/e/20/8s2b)
2025-07-17 05:43:38 - NCCPRICE - ERROR - ❌ خطا در به‌روزرسانی قیمت ارز 8517 به KWD: Can't reconnect until invalid transaction is rolled back.  Please rollback() fully before proceeding (Background on this error at: https://sqlalche.me/e/20/8s2b)
2025-07-17 05:43:38 - NCCPRICE - ERROR - ❌ خطا در به‌روزرسانی قیمت ارز 8517 به TRY: Can't reconnect until invalid transaction is rolled back.  Please rollback() fully before proceeding (Background on this error at: https://sqlalche.me/e/20/8s2b)
2025-07-17 05:43:38 - NCCPRICE - ERROR - ❌ خطا در به‌روزرسانی قیمت ارز 8517 به SAR: Can't reconnect until invalid transaction is rolled back.  Please rollback() fully before proceeding (Background on this error at: https://sqlalche.me/e/20/8s2b)
2025-07-17 05:43:38 - NCCPRICE - ERROR - ❌ خطا در به‌روزرسانی قیمت ارز 8517 به CNY: Can't reconnect until invalid transaction is rolled back.  Please rollback() fully before proceeding (Background on this error at: https://sqlalche.me/e/20/8s2b)
2025-07-17 05:43:38 - NCCPRICE - ERROR - ❌ خطا در به‌روزرسانی قیمت ارز 8517 به KRW: Can't reconnect until invalid transaction is rolled back.  Please rollback() fully before proceeding (Background on this error at: https://sqlalche.me/e/20/8s2b)
2025-07-17 05:43:38 - NCCPRICE - ERROR - ❌ خطا در به‌روزرسانی قیمت ارز 8517 به JPY: Can't reconnect until invalid transaction is rolled back.  Please rollback() fully before proceeding (Background on this error at: https://sqlalche.me/e/20/8s2b)
2025-07-17 05:43:38 - NCCPRICE - ERROR - ❌ خطا در به‌روزرسانی قیمت ارز 8517 به INR: Can't reconnect until invalid transaction is rolled back.  Please rollback() fully before proceeding (Background on this error at: https://sqlalche.me/e/20/8s2b)
2025-07-17 05:43:38 - NCCPRICE - ERROR - ❌ خطا در به‌روزرسانی قیمت ارز 8517 به RUB: Can't reconnect until invalid transaction is rolled back.  Please rollback() fully before proceeding (Background on this error at: https://sqlalche.me/e/20/8s2b)
2025-07-17 05:43:38 - NCCPRICE - ERROR - ❌ خطا در به‌روزرسانی قیمت ارز 8517 به IQD: Can't reconnect until invalid transaction is rolled back.  Please rollback() fully before proceeding (Background on this error at: https://sqlalche.me/e/20/8s2b)
2025-07-17 05:43:38 - NCCPRICE - ERROR - ❌ خطا در به‌روزرسانی قیمت ارز 8517 به TND: Can't reconnect until invalid transaction is rolled back.  Please rollback() fully before proceeding (Background on this error at: https://sqlalche.me/e/20/8s2b)
2025-07-17 05:43:38 - NCCPRICE - ERROR - ❌ خطا در به‌روزرسانی قیمت ارز 8517 به BHD: Can't reconnect until invalid transaction is rolled back.  Please rollback() fully before proceeding (Background on this error at: https://sqlalche.me/e/20/8s2b)
2025-07-17 05:43:38 - NCCPRICE - INFO - Trying to update price for currency_id: 8519
2025-07-17 05:43:38 - NCCPRICE - ERROR - ❌ خطا در به‌روزرسانی قیمت ارز 8519 به USD: Can't reconnect until invalid transaction is rolled back.  Please rollback() fully before proceeding (Background on this error at: https://sqlalche.me/e/20/8s2b)
2025-07-17 05:43:38 - NCCPRICE - ERROR - ❌ خطا در به‌روزرسانی قیمت ارز 8519 به CAD: Can't reconnect until invalid transaction is rolled back.  Please rollback() fully before proceeding (Background on this error at: https://sqlalche.me/e/20/8s2b)
2025-07-17 05:43:38 - NCCPRICE - ERROR - ❌ خطا در به‌روزرسانی قیمت ارز 8519 به AUD: Can't reconnect until invalid transaction is rolled back.  Please rollback() fully before proceeding (Background on this error at: https://sqlalche.me/e/20/8s2b)
2025-07-17 05:43:38 - NCCPRICE - ERROR - ❌ خطا در به‌روزرسانی قیمت ارز 8519 به GBP: Can't reconnect until invalid transaction is rolled back.  Please rollback() fully before proceeding (Background on this error at: https://sqlalche.me/e/20/8s2b)
2025-07-17 05:43:38 - NCCPRICE - ERROR - ❌ خطا در به‌روزرسانی قیمت ارز 8519 به EUR: Can't reconnect until invalid transaction is rolled back.  Please rollback() fully before proceeding (Background on this error at: https://sqlalche.me/e/20/8s2b)
2025-07-17 05:43:38 - NCCPRICE - ERROR - ❌ خطا در به‌روزرسانی قیمت ارز 8519 به KWD: Can't reconnect until invalid transaction is rolled back.  Please rollback() fully before proceeding (Background on this error at: https://sqlalche.me/e/20/8s2b)
2025-07-17 05:43:38 - NCCPRICE - ERROR - ❌ خطا در به‌روزرسانی قیمت ارز 8519 به TRY: Can't reconnect until invalid transaction is rolled back.  Please rollback() fully before proceeding (Background on this error at: https://sqlalche.me/e/20/8s2b)
2025-07-17 05:43:38 - NCCPRICE - ERROR - ❌ خطا در به‌روزرسانی قیمت ارز 8519 به SAR: Can't reconnect until invalid transaction is rolled back.  Please rollback() fully before proceeding (Background on this error at: https://sqlalche.me/e/20/8s2b)
2025-07-17 05:43:38 - NCCPRICE - ERROR - ❌ خطا در به‌روزرسانی قیمت ارز 8519 به CNY: Can't reconnect until invalid transaction is rolled back.  Please rollback() fully before proceeding (Background on this error at: https://sqlalche.me/e/20/8s2b)
2025-07-17 05:43:38 - NCCPRICE - ERROR - ❌ خطا در به‌روزرسانی قیمت ارز 8519 به KRW: Can't reconnect until invalid transaction is rolled back.  Please rollback() fully before proceeding (Background on this error at: https://sqlalche.me/e/20/8s2b)
2025-07-17 05:43:38 - NCCPRICE - ERROR - ❌ خطا در به‌روزرسانی قیمت ارز 8519 به JPY: Can't reconnect until invalid transaction is rolled back.  Please rollback() fully before proceeding (Background on this error at: https://sqlalche.me/e/20/8s2b)
2025-07-17 05:43:38 - NCCPRICE - ERROR - ❌ خطا در به‌روزرسانی قیمت ارز 8519 به INR: Can't reconnect until invalid transaction is rolled back.  Please rollback() fully before proceeding (Background on this error at: https://sqlalche.me/e/20/8s2b)
2025-07-17 05:43:38 - NCCPRICE - ERROR - ❌ خطا در به‌روزرسانی قیمت ارز 8519 به RUB: Can't reconnect until invalid transaction is rolled back.  Please rollback() fully before proceeding (Background on this error at: https://sqlalche.me/e/20/8s2b)
2025-07-17 05:43:38 - NCCPRICE - ERROR - ❌ خطا در به‌روزرسانی قیمت ارز 8519 به IQD: Can't reconnect until invalid transaction is rolled back.  Please rollback() fully before proceeding (Background on this error at: https://sqlalche.me/e/20/8s2b)
2025-07-17 05:43:38 - NCCPRICE - ERROR - ❌ خطا در به‌روزرسانی قیمت ارز 8519 به TND: Can't reconnect until invalid transaction is rolled back.  Please rollback() fully before proceeding (Background on this error at: https://sqlalche.me/e/20/8s2b)
2025-07-17 05:43:38 - NCCPRICE - ERROR - ❌ خطا در به‌روزرسانی قیمت ارز 8519 به BHD: Can't reconnect until invalid transaction is rolled back.  Please rollback() fully before proceeding (Background on this error at: https://sqlalche.me/e/20/8s2b)
2025-07-17 05:43:38 - NCCPRICE - ERROR - ❌ خطا در به‌روزرسانی قیمت‌های NCC: Can't reconnect until invalid transaction is rolled back.  Please rollback() fully before proceeding (Background on this error at: https://sqlalche.me/e/20/8s2b)
2025-07-17 05:44:38 - NCCPRICE - INFO - 🔄 شروع به‌روزرسانی قیمت NCC برای تمام واحدهای پولی...
2025-07-17 05:44:38 - NCCPRICE - DEBUG - محاسبه تغییر بر اساس تاریخچه داخلی: $0.22568978 -> $0.22575245
2025-07-17 05:44:38 - NCCPRICE - INFO - 📈 قیمت جدید NCC (USD): $0.22575245, تغییر 24 ساعته: +0.03%
2025-07-17 05:44:38 - NCCPRICE - INFO - NCC_CURRENCY_IDS at start: [8517, 8519]
2025-07-17 05:44:38 - NCCPRICE - INFO - Trying to update price for currency_id: 8517
2025-07-17 05:44:39 - NCCPRICE - DEBUG - ✅ [ID: 8517] رکورد قیمت NCC به USD به‌روزرسانی شد
2025-07-17 05:44:39 - NCCPRICE - DEBUG - ✅ [ID: 8517] رکورد قیمت NCC به CAD به‌روزرسانی شد
2025-07-17 05:44:39 - NCCPRICE - DEBUG - ✅ [ID: 8517] رکورد قیمت NCC به AUD به‌روزرسانی شد
2025-07-17 05:44:39 - NCCPRICE - DEBUG - ✅ [ID: 8517] رکورد قیمت NCC به GBP به‌روزرسانی شد
2025-07-17 05:44:39 - NCCPRICE - DEBUG - ✅ [ID: 8517] رکورد قیمت NCC به EUR به‌روزرسانی شد
2025-07-17 05:44:39 - NCCPRICE - DEBUG - ✅ [ID: 8517] رکورد قیمت NCC به KWD به‌روزرسانی شد
2025-07-17 05:44:39 - NCCPRICE - DEBUG - ✅ [ID: 8517] رکورد قیمت NCC به TRY به‌روزرسانی شد
2025-07-17 05:44:39 - NCCPRICE - DEBUG - ✅ [ID: 8517] رکورد قیمت NCC به SAR به‌روزرسانی شد
2025-07-17 05:44:39 - NCCPRICE - DEBUG - ✅ [ID: 8517] رکورد قیمت NCC به CNY به‌روزرسانی شد
2025-07-17 05:44:39 - NCCPRICE - DEBUG - ✅ [ID: 8517] رکورد قیمت NCC به KRW به‌روزرسانی شد
2025-07-17 05:44:39 - NCCPRICE - DEBUG - ✅ [ID: 8517] رکورد قیمت NCC به JPY به‌روزرسانی شد
2025-07-17 05:44:39 - NCCPRICE - DEBUG - ✅ [ID: 8517] رکورد قیمت NCC به INR به‌روزرسانی شد
2025-07-17 05:44:39 - NCCPRICE - DEBUG - ✅ [ID: 8517] رکورد قیمت NCC به RUB به‌روزرسانی شد
2025-07-17 05:44:39 - NCCPRICE - DEBUG - ✅ [ID: 8517] رکورد قیمت NCC به IQD به‌روزرسانی شد
2025-07-17 05:44:39 - NCCPRICE - DEBUG - ✅ [ID: 8517] رکورد قیمت NCC به TND به‌روزرسانی شد
2025-07-17 05:44:39 - NCCPRICE - DEBUG - ✅ [ID: 8517] رکورد قیمت NCC به BHD به‌روزرسانی شد
2025-07-17 05:44:39 - NCCPRICE - INFO - Trying to update price for currency_id: 8519
2025-07-17 05:44:39 - NCCPRICE - DEBUG - ✅ [ID: 8519] رکورد قیمت NCC به USD به‌روزرسانی شد
2025-07-17 05:44:39 - NCCPRICE - DEBUG - ✅ [ID: 8519] رکورد قیمت NCC به CAD به‌روزرسانی شد
2025-07-17 05:44:39 - NCCPRICE - DEBUG - ✅ [ID: 8519] رکورد قیمت NCC به AUD به‌روزرسانی شد
2025-07-17 05:44:39 - NCCPRICE - DEBUG - ✅ [ID: 8519] رکورد قیمت NCC به GBP به‌روزرسانی شد
2025-07-17 05:44:39 - NCCPRICE - DEBUG - ✅ [ID: 8519] رکورد قیمت NCC به EUR به‌روزرسانی شد
2025-07-17 05:44:39 - NCCPRICE - DEBUG - ✅ [ID: 8519] رکورد قیمت NCC به KWD به‌روزرسانی شد
2025-07-17 05:44:39 - NCCPRICE - DEBUG - ✅ [ID: 8519] رکورد قیمت NCC به TRY به‌روزرسانی شد
2025-07-17 05:44:39 - NCCPRICE - DEBUG - ✅ [ID: 8519] رکورد قیمت NCC به SAR به‌روزرسانی شد
2025-07-17 05:44:39 - NCCPRICE - DEBUG - ✅ [ID: 8519] رکورد قیمت NCC به CNY به‌روزرسانی شد
2025-07-17 05:44:39 - NCCPRICE - DEBUG - ✅ [ID: 8519] رکورد قیمت NCC به KRW به‌روزرسانی شد
2025-07-17 05:44:39 - NCCPRICE - DEBUG - ✅ [ID: 8519] رکورد قیمت NCC به JPY به‌روزرسانی شد
2025-07-17 05:44:39 - NCCPRICE - DEBUG - ✅ [ID: 8519] رکورد قیمت NCC به INR به‌روزرسانی شد
2025-07-17 05:44:39 - NCCPRICE - DEBUG - ✅ [ID: 8519] رکورد قیمت NCC به RUB به‌روزرسانی شد
2025-07-17 05:44:39 - NCCPRICE - DEBUG - ✅ [ID: 8519] رکورد قیمت NCC به IQD به‌روزرسانی شد
2025-07-17 05:44:39 - NCCPRICE - DEBUG - ✅ [ID: 8519] رکورد قیمت NCC به TND به‌روزرسانی شد
2025-07-17 05:44:39 - NCCPRICE - DEBUG - ✅ [ID: 8519] رکورد قیمت NCC به BHD به‌روزرسانی شد
2025-07-17 05:45:39 - NCCPRICE - INFO - 🔄 شروع به‌روزرسانی قیمت NCC برای تمام واحدهای پولی...
2025-07-17 05:45:39 - NCCPRICE - DEBUG - محاسبه تغییر بر اساس تاریخچه داخلی: $0.22569857 -> $0.22574932
2025-07-17 05:45:39 - NCCPRICE - INFO - 📈 قیمت جدید NCC (USD): $0.22574932, تغییر 24 ساعته: +0.02%
2025-07-17 05:45:39 - NCCPRICE - INFO - NCC_CURRENCY_IDS at start: [8517, 8519]
2025-07-17 05:45:39 - NCCPRICE - INFO - Trying to update price for currency_id: 8517
2025-07-17 05:45:39 - NCCPRICE - DEBUG - ✅ [ID: 8517] رکورد قیمت NCC به USD به‌روزرسانی شد
2025-07-17 05:45:39 - NCCPRICE - DEBUG - ✅ [ID: 8517] رکورد قیمت NCC به CAD به‌روزرسانی شد
2025-07-17 05:45:39 - NCCPRICE - DEBUG - ✅ [ID: 8517] رکورد قیمت NCC به AUD به‌روزرسانی شد
2025-07-17 05:45:39 - NCCPRICE - DEBUG - ✅ [ID: 8517] رکورد قیمت NCC به GBP به‌روزرسانی شد
2025-07-17 05:45:39 - NCCPRICE - DEBUG - ✅ [ID: 8517] رکورد قیمت NCC به EUR به‌روزرسانی شد
2025-07-17 05:45:39 - NCCPRICE - DEBUG - ✅ [ID: 8517] رکورد قیمت NCC به KWD به‌روزرسانی شد
2025-07-17 05:45:39 - NCCPRICE - DEBUG - ✅ [ID: 8517] رکورد قیمت NCC به TRY به‌روزرسانی شد
2025-07-17 05:45:39 - NCCPRICE - DEBUG - ✅ [ID: 8517] رکورد قیمت NCC به SAR به‌روزرسانی شد
2025-07-17 05:45:39 - NCCPRICE - DEBUG - ✅ [ID: 8517] رکورد قیمت NCC به CNY به‌روزرسانی شد
2025-07-17 05:45:39 - NCCPRICE - DEBUG - ✅ [ID: 8517] رکورد قیمت NCC به KRW به‌روزرسانی شد
2025-07-17 05:45:39 - NCCPRICE - DEBUG - ✅ [ID: 8517] رکورد قیمت NCC به JPY به‌روزرسانی شد
2025-07-17 05:45:39 - NCCPRICE - DEBUG - ✅ [ID: 8517] رکورد قیمت NCC به INR به‌روزرسانی شد
2025-07-17 05:45:39 - NCCPRICE - DEBUG - ✅ [ID: 8517] رکورد قیمت NCC به RUB به‌روزرسانی شد
2025-07-17 05:45:39 - NCCPRICE - DEBUG - ✅ [ID: 8517] رکورد قیمت NCC به IQD به‌روزرسانی شد
2025-07-17 05:45:39 - NCCPRICE - DEBUG - ✅ [ID: 8517] رکورد قیمت NCC به TND به‌روزرسانی شد
2025-07-17 05:45:39 - NCCPRICE - DEBUG - ✅ [ID: 8517] رکورد قیمت NCC به BHD به‌روزرسانی شد
2025-07-17 05:45:39 - NCCPRICE - INFO - Trying to update price for currency_id: 8519
2025-07-17 05:45:39 - NCCPRICE - DEBUG - ✅ [ID: 8519] رکورد قیمت NCC به USD به‌روزرسانی شد
2025-07-17 05:45:39 - NCCPRICE - DEBUG - ✅ [ID: 8519] رکورد قیمت NCC به CAD به‌روزرسانی شد
2025-07-17 05:45:39 - NCCPRICE - DEBUG - ✅ [ID: 8519] رکورد قیمت NCC به AUD به‌روزرسانی شد
2025-07-17 05:45:39 - NCCPRICE - DEBUG - ✅ [ID: 8519] رکورد قیمت NCC به GBP به‌روزرسانی شد
2025-07-17 05:45:39 - NCCPRICE - DEBUG - ✅ [ID: 8519] رکورد قیمت NCC به EUR به‌روزرسانی شد
2025-07-17 05:45:39 - NCCPRICE - DEBUG - ✅ [ID: 8519] رکورد قیمت NCC به KWD به‌روزرسانی شد
2025-07-17 05:45:39 - NCCPRICE - DEBUG - ✅ [ID: 8519] رکورد قیمت NCC به TRY به‌روزرسانی شد
2025-07-17 05:45:39 - NCCPRICE - DEBUG - ✅ [ID: 8519] رکورد قیمت NCC به SAR به‌روزرسانی شد
2025-07-17 05:45:39 - NCCPRICE - DEBUG - ✅ [ID: 8519] رکورد قیمت NCC به CNY به‌روزرسانی شد
2025-07-17 05:45:39 - NCCPRICE - DEBUG - ✅ [ID: 8519] رکورد قیمت NCC به KRW به‌روزرسانی شد
2025-07-17 05:45:39 - NCCPRICE - DEBUG - ✅ [ID: 8519] رکورد قیمت NCC به JPY به‌روزرسانی شد
2025-07-17 05:45:39 - NCCPRICE - DEBUG - ✅ [ID: 8519] رکورد قیمت NCC به INR به‌روزرسانی شد
2025-07-17 05:45:39 - NCCPRICE - DEBUG - ✅ [ID: 8519] رکورد قیمت NCC به RUB به‌روزرسانی شد
2025-07-17 05:45:39 - NCCPRICE - DEBUG - ✅ [ID: 8519] رکورد قیمت NCC به IQD به‌روزرسانی شد
2025-07-17 05:45:39 - NCCPRICE - DEBUG - ✅ [ID: 8519] رکورد قیمت NCC به TND به‌روزرسانی شد
2025-07-17 05:45:39 - NCCPRICE - DEBUG - ✅ [ID: 8519] رکورد قیمت NCC به BHD به‌روزرسانی شد
2025-07-17 05:46:39 - NCCPRICE - INFO - 🔄 شروع به‌روزرسانی قیمت NCC برای تمام واحدهای پولی...
2025-07-17 05:46:39 - NCCPRICE - DEBUG - محاسبه تغییر بر اساس تاریخچه داخلی: $0.22575245 -> $0.22577848
2025-07-17 05:46:39 - NCCPRICE - INFO - 📈 قیمت جدید NCC (USD): $0.22577848, تغییر 24 ساعته: +0.01%
2025-07-17 05:46:39 - NCCPRICE - INFO - NCC_CURRENCY_IDS at start: [8517, 8519]
2025-07-17 05:46:39 - NCCPRICE - INFO - Trying to update price for currency_id: 8517
2025-07-17 05:46:39 - NCCPRICE - DEBUG - ✅ [ID: 8517] رکورد قیمت NCC به USD به‌روزرسانی شد
2025-07-17 05:46:39 - NCCPRICE - DEBUG - ✅ [ID: 8517] رکورد قیمت NCC به CAD به‌روزرسانی شد
2025-07-17 05:46:39 - NCCPRICE - DEBUG - ✅ [ID: 8517] رکورد قیمت NCC به AUD به‌روزرسانی شد
2025-07-17 05:46:39 - NCCPRICE - DEBUG - ✅ [ID: 8517] رکورد قیمت NCC به GBP به‌روزرسانی شد
2025-07-17 05:46:39 - NCCPRICE - DEBUG - ✅ [ID: 8517] رکورد قیمت NCC به EUR به‌روزرسانی شد
2025-07-17 05:46:39 - NCCPRICE - DEBUG - ✅ [ID: 8517] رکورد قیمت NCC به KWD به‌روزرسانی شد
2025-07-17 05:46:39 - NCCPRICE - DEBUG - ✅ [ID: 8517] رکورد قیمت NCC به TRY به‌روزرسانی شد
2025-07-17 05:46:39 - NCCPRICE - DEBUG - ✅ [ID: 8517] رکورد قیمت NCC به SAR به‌روزرسانی شد
2025-07-17 05:46:39 - NCCPRICE - DEBUG - ✅ [ID: 8517] رکورد قیمت NCC به CNY به‌روزرسانی شد
2025-07-17 05:46:39 - NCCPRICE - DEBUG - ✅ [ID: 8517] رکورد قیمت NCC به KRW به‌روزرسانی شد
2025-07-17 05:46:39 - NCCPRICE - DEBUG - ✅ [ID: 8517] رکورد قیمت NCC به JPY به‌روزرسانی شد
2025-07-17 05:46:39 - NCCPRICE - DEBUG - ✅ [ID: 8517] رکورد قیمت NCC به INR به‌روزرسانی شد
2025-07-17 05:46:39 - NCCPRICE - DEBUG - ✅ [ID: 8517] رکورد قیمت NCC به RUB به‌روزرسانی شد
2025-07-17 05:46:39 - NCCPRICE - DEBUG - ✅ [ID: 8517] رکورد قیمت NCC به IQD به‌روزرسانی شد
2025-07-17 05:46:39 - NCCPRICE - DEBUG - ✅ [ID: 8517] رکورد قیمت NCC به TND به‌روزرسانی شد
2025-07-17 05:46:39 - NCCPRICE - DEBUG - ✅ [ID: 8517] رکورد قیمت NCC به BHD به‌روزرسانی شد
2025-07-17 05:46:39 - NCCPRICE - INFO - Trying to update price for currency_id: 8519
2025-07-17 05:46:39 - NCCPRICE - DEBUG - ✅ [ID: 8519] رکورد قیمت NCC به USD به‌روزرسانی شد
2025-07-17 05:46:39 - NCCPRICE - DEBUG - ✅ [ID: 8519] رکورد قیمت NCC به CAD به‌روزرسانی شد
2025-07-17 05:46:39 - NCCPRICE - DEBUG - ✅ [ID: 8519] رکورد قیمت NCC به AUD به‌روزرسانی شد
2025-07-17 05:46:39 - NCCPRICE - DEBUG - ✅ [ID: 8519] رکورد قیمت NCC به GBP به‌روزرسانی شد
2025-07-17 05:46:39 - NCCPRICE - DEBUG - ✅ [ID: 8519] رکورد قیمت NCC به EUR به‌روزرسانی شد
2025-07-17 05:46:39 - NCCPRICE - DEBUG - ✅ [ID: 8519] رکورد قیمت NCC به KWD به‌روزرسانی شد
2025-07-17 05:46:39 - NCCPRICE - DEBUG - ✅ [ID: 8519] رکورد قیمت NCC به TRY به‌روزرسانی شد
2025-07-17 05:46:39 - NCCPRICE - DEBUG - ✅ [ID: 8519] رکورد قیمت NCC به SAR به‌روزرسانی شد
2025-07-17 05:46:39 - NCCPRICE - DEBUG - ✅ [ID: 8519] رکورد قیمت NCC به CNY به‌روزرسانی شد
2025-07-17 05:46:39 - NCCPRICE - DEBUG - ✅ [ID: 8519] رکورد قیمت NCC به KRW به‌روزرسانی شد
2025-07-17 05:46:39 - NCCPRICE - DEBUG - ✅ [ID: 8519] رکورد قیمت NCC به JPY به‌روزرسانی شد
2025-07-17 05:46:39 - NCCPRICE - DEBUG - ✅ [ID: 8519] رکورد قیمت NCC به INR به‌روزرسانی شد
2025-07-17 05:46:39 - NCCPRICE - DEBUG - ✅ [ID: 8519] رکورد قیمت NCC به RUB به‌روزرسانی شد
2025-07-17 05:46:39 - NCCPRICE - DEBUG - ✅ [ID: 8519] رکورد قیمت NCC به IQD به‌روزرسانی شد
2025-07-17 05:46:39 - NCCPRICE - DEBUG - ✅ [ID: 8519] رکورد قیمت NCC به TND به‌روزرسانی شد
2025-07-17 05:46:39 - NCCPRICE - DEBUG - ✅ [ID: 8519] رکورد قیمت NCC به BHD به‌روزرسانی شد
2025-07-17 05:47:39 - NCCPRICE - INFO - 🔄 شروع به‌روزرسانی قیمت NCC برای تمام واحدهای پولی...
2025-07-17 05:47:39 - NCCPRICE - DEBUG - محاسبه تغییر بر اساس تاریخچه داخلی: $0.22574932 -> $0.22575545
2025-07-17 05:47:39 - NCCPRICE - INFO - 📈 قیمت جدید NCC (USD): $0.22575545, تغییر 24 ساعته: +0.00%
2025-07-17 05:47:39 - NCCPRICE - INFO - NCC_CURRENCY_IDS at start: [8517, 8519]
2025-07-17 05:47:39 - NCCPRICE - INFO - Trying to update price for currency_id: 8517
2025-07-17 05:47:39 - NCCPRICE - DEBUG - ✅ [ID: 8517] رکورد قیمت NCC به USD به‌روزرسانی شد
2025-07-17 05:47:39 - NCCPRICE - DEBUG - ✅ [ID: 8517] رکورد قیمت NCC به CAD به‌روزرسانی شد
2025-07-17 05:47:39 - NCCPRICE - DEBUG - ✅ [ID: 8517] رکورد قیمت NCC به AUD به‌روزرسانی شد
2025-07-17 05:47:39 - NCCPRICE - DEBUG - ✅ [ID: 8517] رکورد قیمت NCC به GBP به‌روزرسانی شد
2025-07-17 05:47:39 - NCCPRICE - DEBUG - ✅ [ID: 8517] رکورد قیمت NCC به EUR به‌روزرسانی شد
2025-07-17 05:47:39 - NCCPRICE - DEBUG - ✅ [ID: 8517] رکورد قیمت NCC به KWD به‌روزرسانی شد
2025-07-17 05:47:39 - NCCPRICE - DEBUG - ✅ [ID: 8517] رکورد قیمت NCC به TRY به‌روزرسانی شد
2025-07-17 05:47:39 - NCCPRICE - DEBUG - ✅ [ID: 8517] رکورد قیمت NCC به SAR به‌روزرسانی شد
2025-07-17 05:47:39 - NCCPRICE - DEBUG - ✅ [ID: 8517] رکورد قیمت NCC به CNY به‌روزرسانی شد
2025-07-17 05:47:39 - NCCPRICE - DEBUG - ✅ [ID: 8517] رکورد قیمت NCC به KRW به‌روزرسانی شد
2025-07-17 05:47:39 - NCCPRICE - DEBUG - ✅ [ID: 8517] رکورد قیمت NCC به JPY به‌روزرسانی شد
2025-07-17 05:47:39 - NCCPRICE - DEBUG - ✅ [ID: 8517] رکورد قیمت NCC به INR به‌روزرسانی شد
2025-07-17 05:47:39 - NCCPRICE - DEBUG - ✅ [ID: 8517] رکورد قیمت NCC به RUB به‌روزرسانی شد
2025-07-17 05:47:39 - NCCPRICE - DEBUG - ✅ [ID: 8517] رکورد قیمت NCC به IQD به‌روزرسانی شد
2025-07-17 05:47:39 - NCCPRICE - DEBUG - ✅ [ID: 8517] رکورد قیمت NCC به TND به‌روزرسانی شد
2025-07-17 05:47:39 - NCCPRICE - DEBUG - ✅ [ID: 8517] رکورد قیمت NCC به BHD به‌روزرسانی شد
2025-07-17 05:47:39 - NCCPRICE - INFO - Trying to update price for currency_id: 8519
2025-07-17 05:47:39 - NCCPRICE - DEBUG - ✅ [ID: 8519] رکورد قیمت NCC به USD به‌روزرسانی شد
2025-07-17 05:47:39 - NCCPRICE - DEBUG - ✅ [ID: 8519] رکورد قیمت NCC به CAD به‌روزرسانی شد
2025-07-17 05:47:39 - NCCPRICE - DEBUG - ✅ [ID: 8519] رکورد قیمت NCC به AUD به‌روزرسانی شد
2025-07-17 05:47:39 - NCCPRICE - DEBUG - ✅ [ID: 8519] رکورد قیمت NCC به GBP به‌روزرسانی شد
2025-07-17 05:47:39 - NCCPRICE - DEBUG - ✅ [ID: 8519] رکورد قیمت NCC به EUR به‌روزرسانی شد
2025-07-17 05:47:39 - NCCPRICE - DEBUG - ✅ [ID: 8519] رکورد قیمت NCC به KWD به‌روزرسانی شد
2025-07-17 05:47:39 - NCCPRICE - DEBUG - ✅ [ID: 8519] رکورد قیمت NCC به TRY به‌روزرسانی شد
2025-07-17 05:47:39 - NCCPRICE - DEBUG - ✅ [ID: 8519] رکورد قیمت NCC به SAR به‌روزرسانی شد
2025-07-17 05:47:39 - NCCPRICE - DEBUG - ✅ [ID: 8519] رکورد قیمت NCC به CNY به‌روزرسانی شد
2025-07-17 05:47:39 - NCCPRICE - DEBUG - ✅ [ID: 8519] رکورد قیمت NCC به KRW به‌روزرسانی شد
2025-07-17 05:47:39 - NCCPRICE - DEBUG - ✅ [ID: 8519] رکورد قیمت NCC به JPY به‌روزرسانی شد
2025-07-17 05:47:39 - NCCPRICE - DEBUG - ✅ [ID: 8519] رکورد قیمت NCC به INR به‌روزرسانی شد
2025-07-17 05:47:39 - NCCPRICE - DEBUG - ✅ [ID: 8519] رکورد قیمت NCC به RUB به‌روزرسانی شد
2025-07-17 05:47:39 - NCCPRICE - DEBUG - ✅ [ID: 8519] رکورد قیمت NCC به IQD به‌روزرسانی شد
2025-07-17 05:47:39 - NCCPRICE - DEBUG - ✅ [ID: 8519] رکورد قیمت NCC به TND به‌روزرسانی شد
2025-07-17 05:47:39 - NCCPRICE - DEBUG - ✅ [ID: 8519] رکورد قیمت NCC به BHD به‌روزرسانی شد
2025-07-17 05:48:39 - NCCPRICE - INFO - 🔄 شروع به‌روزرسانی قیمت NCC برای تمام واحدهای پولی...
2025-07-17 05:48:39 - NCCPRICE - DEBUG - محاسبه تغییر بر اساس تاریخچه داخلی: $0.22577848 -> $0.22575940
2025-07-17 05:48:39 - NCCPRICE - INFO - 📈 قیمت جدید NCC (USD): $0.22575940, تغییر 24 ساعته: -0.01%
2025-07-17 05:48:39 - NCCPRICE - INFO - NCC_CURRENCY_IDS at start: [8517, 8519]
2025-07-17 05:48:39 - NCCPRICE - INFO - Trying to update price for currency_id: 8517
2025-07-17 05:48:39 - NCCPRICE - DEBUG - ✅ [ID: 8517] رکورد قیمت NCC به USD به‌روزرسانی شد
2025-07-17 05:48:39 - NCCPRICE - DEBUG - ✅ [ID: 8517] رکورد قیمت NCC به CAD به‌روزرسانی شد
2025-07-17 05:48:39 - NCCPRICE - DEBUG - ✅ [ID: 8517] رکورد قیمت NCC به AUD به‌روزرسانی شد
2025-07-17 05:48:39 - NCCPRICE - DEBUG - ✅ [ID: 8517] رکورد قیمت NCC به GBP به‌روزرسانی شد
2025-07-17 05:48:39 - NCCPRICE - DEBUG - ✅ [ID: 8517] رکورد قیمت NCC به EUR به‌روزرسانی شد
2025-07-17 05:48:39 - NCCPRICE - DEBUG - ✅ [ID: 8517] رکورد قیمت NCC به KWD به‌روزرسانی شد
2025-07-17 05:48:39 - NCCPRICE - DEBUG - ✅ [ID: 8517] رکورد قیمت NCC به TRY به‌روزرسانی شد
2025-07-17 05:48:39 - NCCPRICE - DEBUG - ✅ [ID: 8517] رکورد قیمت NCC به SAR به‌روزرسانی شد
2025-07-17 05:48:39 - NCCPRICE - DEBUG - ✅ [ID: 8517] رکورد قیمت NCC به CNY به‌روزرسانی شد
2025-07-17 05:48:39 - NCCPRICE - DEBUG - ✅ [ID: 8517] رکورد قیمت NCC به KRW به‌روزرسانی شد
2025-07-17 05:48:39 - NCCPRICE - DEBUG - ✅ [ID: 8517] رکورد قیمت NCC به JPY به‌روزرسانی شد
2025-07-17 05:48:39 - NCCPRICE - DEBUG - ✅ [ID: 8517] رکورد قیمت NCC به INR به‌روزرسانی شد
2025-07-17 05:48:39 - NCCPRICE - DEBUG - ✅ [ID: 8517] رکورد قیمت NCC به RUB به‌روزرسانی شد
2025-07-17 05:48:39 - NCCPRICE - DEBUG - ✅ [ID: 8517] رکورد قیمت NCC به IQD به‌روزرسانی شد
2025-07-17 05:48:39 - NCCPRICE - DEBUG - ✅ [ID: 8517] رکورد قیمت NCC به TND به‌روزرسانی شد
2025-07-17 05:48:39 - NCCPRICE - DEBUG - ✅ [ID: 8517] رکورد قیمت NCC به BHD به‌روزرسانی شد
2025-07-17 05:48:39 - NCCPRICE - INFO - Trying to update price for currency_id: 8519
2025-07-17 05:48:39 - NCCPRICE - DEBUG - ✅ [ID: 8519] رکورد قیمت NCC به USD به‌روزرسانی شد
2025-07-17 05:48:39 - NCCPRICE - DEBUG - ✅ [ID: 8519] رکورد قیمت NCC به CAD به‌روزرسانی شد
2025-07-17 05:48:39 - NCCPRICE - DEBUG - ✅ [ID: 8519] رکورد قیمت NCC به AUD به‌روزرسانی شد
2025-07-17 05:48:39 - NCCPRICE - DEBUG - ✅ [ID: 8519] رکورد قیمت NCC به GBP به‌روزرسانی شد
2025-07-17 05:48:39 - NCCPRICE - DEBUG - ✅ [ID: 8519] رکورد قیمت NCC به EUR به‌روزرسانی شد
2025-07-17 05:48:39 - NCCPRICE - DEBUG - ✅ [ID: 8519] رکورد قیمت NCC به KWD به‌روزرسانی شد
2025-07-17 05:48:39 - NCCPRICE - DEBUG - ✅ [ID: 8519] رکورد قیمت NCC به TRY به‌روزرسانی شد
2025-07-17 05:48:39 - NCCPRICE - DEBUG - ✅ [ID: 8519] رکورد قیمت NCC به SAR به‌روزرسانی شد
2025-07-17 05:48:39 - NCCPRICE - DEBUG - ✅ [ID: 8519] رکورد قیمت NCC به CNY به‌روزرسانی شد
2025-07-17 05:48:39 - NCCPRICE - DEBUG - ✅ [ID: 8519] رکورد قیمت NCC به KRW به‌روزرسانی شد
2025-07-17 05:48:39 - NCCPRICE - DEBUG - ✅ [ID: 8519] رکورد قیمت NCC به JPY به‌روزرسانی شد
2025-07-17 05:48:39 - NCCPRICE - DEBUG - ✅ [ID: 8519] رکورد قیمت NCC به INR به‌روزرسانی شد
2025-07-17 05:48:39 - NCCPRICE - DEBUG - ✅ [ID: 8519] رکورد قیمت NCC به RUB به‌روزرسانی شد
2025-07-17 05:48:39 - NCCPRICE - DEBUG - ✅ [ID: 8519] رکورد قیمت NCC به IQD به‌روزرسانی شد
2025-07-17 05:48:39 - NCCPRICE - DEBUG - ✅ [ID: 8519] رکورد قیمت NCC به TND به‌روزرسانی شد
2025-07-17 05:48:39 - NCCPRICE - DEBUG - ✅ [ID: 8519] رکورد قیمت NCC به BHD به‌روزرسانی شد
2025-07-17 05:49:39 - NCCPRICE - INFO - 🔄 شروع به‌روزرسانی قیمت NCC برای تمام واحدهای پولی...
2025-07-17 05:49:39 - NCCPRICE - DEBUG - محاسبه تغییر بر اساس تاریخچه داخلی: $0.22575545 -> $0.22570523
2025-07-17 05:49:39 - NCCPRICE - INFO - 📈 قیمت جدید NCC (USD): $0.22570523, تغییر 24 ساعته: -0.02%
2025-07-17 05:49:39 - NCCPRICE - INFO - NCC_CURRENCY_IDS at start: [8517, 8519]
2025-07-17 05:49:39 - NCCPRICE - INFO - Trying to update price for currency_id: 8517
2025-07-17 05:49:39 - NCCPRICE - DEBUG - ✅ [ID: 8517] رکورد قیمت NCC به USD به‌روزرسانی شد
2025-07-17 05:49:39 - NCCPRICE - DEBUG - ✅ [ID: 8517] رکورد قیمت NCC به CAD به‌روزرسانی شد
2025-07-17 05:49:39 - NCCPRICE - DEBUG - ✅ [ID: 8517] رکورد قیمت NCC به AUD به‌روزرسانی شد
2025-07-17 05:49:39 - NCCPRICE - DEBUG - ✅ [ID: 8517] رکورد قیمت NCC به GBP به‌روزرسانی شد
2025-07-17 05:49:39 - NCCPRICE - DEBUG - ✅ [ID: 8517] رکورد قیمت NCC به EUR به‌روزرسانی شد
2025-07-17 05:49:39 - NCCPRICE - DEBUG - ✅ [ID: 8517] رکورد قیمت NCC به KWD به‌روزرسانی شد
2025-07-17 05:49:39 - NCCPRICE - DEBUG - ✅ [ID: 8517] رکورد قیمت NCC به TRY به‌روزرسانی شد
2025-07-17 05:49:39 - NCCPRICE - DEBUG - ✅ [ID: 8517] رکورد قیمت NCC به SAR به‌روزرسانی شد
2025-07-17 05:49:39 - NCCPRICE - DEBUG - ✅ [ID: 8517] رکورد قیمت NCC به CNY به‌روزرسانی شد
2025-07-17 05:49:39 - NCCPRICE - DEBUG - ✅ [ID: 8517] رکورد قیمت NCC به KRW به‌روزرسانی شد
2025-07-17 05:49:39 - NCCPRICE - DEBUG - ✅ [ID: 8517] رکورد قیمت NCC به JPY به‌روزرسانی شد
2025-07-17 05:49:39 - NCCPRICE - DEBUG - ✅ [ID: 8517] رکورد قیمت NCC به INR به‌روزرسانی شد
2025-07-17 05:49:39 - NCCPRICE - DEBUG - ✅ [ID: 8517] رکورد قیمت NCC به RUB به‌روزرسانی شد
2025-07-17 05:49:39 - NCCPRICE - DEBUG - ✅ [ID: 8517] رکورد قیمت NCC به IQD به‌روزرسانی شد
2025-07-17 05:49:39 - NCCPRICE - DEBUG - ✅ [ID: 8517] رکورد قیمت NCC به TND به‌روزرسانی شد
2025-07-17 05:49:39 - NCCPRICE - DEBUG - ✅ [ID: 8517] رکورد قیمت NCC به BHD به‌روزرسانی شد
2025-07-17 05:49:39 - NCCPRICE - INFO - Trying to update price for currency_id: 8519
2025-07-17 05:49:39 - NCCPRICE - DEBUG - ✅ [ID: 8519] رکورد قیمت NCC به USD به‌روزرسانی شد
2025-07-17 05:49:39 - NCCPRICE - DEBUG - ✅ [ID: 8519] رکورد قیمت NCC به CAD به‌روزرسانی شد
2025-07-17 05:49:39 - NCCPRICE - DEBUG - ✅ [ID: 8519] رکورد قیمت NCC به AUD به‌روزرسانی شد
2025-07-17 05:49:39 - NCCPRICE - DEBUG - ✅ [ID: 8519] رکورد قیمت NCC به GBP به‌روزرسانی شد
2025-07-17 05:49:39 - NCCPRICE - DEBUG - ✅ [ID: 8519] رکورد قیمت NCC به EUR به‌روزرسانی شد
2025-07-17 05:49:39 - NCCPRICE - DEBUG - ✅ [ID: 8519] رکورد قیمت NCC به KWD به‌روزرسانی شد
2025-07-17 05:49:39 - NCCPRICE - DEBUG - ✅ [ID: 8519] رکورد قیمت NCC به TRY به‌روزرسانی شد
2025-07-17 05:49:39 - NCCPRICE - DEBUG - ✅ [ID: 8519] رکورد قیمت NCC به SAR به‌روزرسانی شد
2025-07-17 05:49:39 - NCCPRICE - DEBUG - ✅ [ID: 8519] رکورد قیمت NCC به CNY به‌روزرسانی شد
2025-07-17 05:49:39 - NCCPRICE - DEBUG - ✅ [ID: 8519] رکورد قیمت NCC به KRW به‌روزرسانی شد
2025-07-17 05:49:39 - NCCPRICE - DEBUG - ✅ [ID: 8519] رکورد قیمت NCC به JPY به‌روزرسانی شد
2025-07-17 05:49:39 - NCCPRICE - DEBUG - ✅ [ID: 8519] رکورد قیمت NCC به INR به‌روزرسانی شد
2025-07-17 05:49:39 - NCCPRICE - DEBUG - ✅ [ID: 8519] رکورد قیمت NCC به RUB به‌روزرسانی شد
2025-07-17 05:49:39 - NCCPRICE - DEBUG - ✅ [ID: 8519] رکورد قیمت NCC به IQD به‌روزرسانی شد
2025-07-17 05:49:39 - NCCPRICE - DEBUG - ✅ [ID: 8519] رکورد قیمت NCC به TND به‌روزرسانی شد
2025-07-17 05:49:39 - NCCPRICE - DEBUG - ✅ [ID: 8519] رکورد قیمت NCC به BHD به‌روزرسانی شد
2025-07-17 05:50:39 - NCCPRICE - INFO - 🔄 شروع به‌روزرسانی قیمت NCC برای تمام واحدهای پولی...
2025-07-17 05:50:39 - NCCPRICE - DEBUG - محاسبه تغییر بر اساس تاریخچه داخلی: $0.22575940 -> $0.22568462
2025-07-17 05:50:39 - NCCPRICE - INFO - 📈 قیمت جدید NCC (USD): $0.22568462, تغییر 24 ساعته: -0.03%
2025-07-17 05:50:39 - NCCPRICE - INFO - NCC_CURRENCY_IDS at start: [8517, 8519]
2025-07-17 05:50:39 - NCCPRICE - INFO - Trying to update price for currency_id: 8517
2025-07-17 05:50:39 - NCCPRICE - DEBUG - ✅ [ID: 8517] رکورد قیمت NCC به USD به‌روزرسانی شد
2025-07-17 05:50:39 - NCCPRICE - DEBUG - ✅ [ID: 8517] رکورد قیمت NCC به CAD به‌روزرسانی شد
2025-07-17 05:50:39 - NCCPRICE - DEBUG - ✅ [ID: 8517] رکورد قیمت NCC به AUD به‌روزرسانی شد
2025-07-17 05:50:39 - NCCPRICE - DEBUG - ✅ [ID: 8517] رکورد قیمت NCC به GBP به‌روزرسانی شد
2025-07-17 05:50:39 - NCCPRICE - DEBUG - ✅ [ID: 8517] رکورد قیمت NCC به EUR به‌روزرسانی شد
2025-07-17 05:50:39 - NCCPRICE - DEBUG - ✅ [ID: 8517] رکورد قیمت NCC به KWD به‌روزرسانی شد
2025-07-17 05:50:39 - NCCPRICE - DEBUG - ✅ [ID: 8517] رکورد قیمت NCC به TRY به‌روزرسانی شد
2025-07-17 05:50:39 - NCCPRICE - DEBUG - ✅ [ID: 8517] رکورد قیمت NCC به SAR به‌روزرسانی شد
2025-07-17 05:50:40 - NCCPRICE - DEBUG - ✅ [ID: 8517] رکورد قیمت NCC به CNY به‌روزرسانی شد
2025-07-17 05:50:40 - NCCPRICE - DEBUG - ✅ [ID: 8517] رکورد قیمت NCC به KRW به‌روزرسانی شد
2025-07-17 05:50:40 - NCCPRICE - DEBUG - ✅ [ID: 8517] رکورد قیمت NCC به JPY به‌روزرسانی شد
2025-07-17 05:50:40 - NCCPRICE - DEBUG - ✅ [ID: 8517] رکورد قیمت NCC به INR به‌روزرسانی شد
2025-07-17 05:50:40 - NCCPRICE - DEBUG - ✅ [ID: 8517] رکورد قیمت NCC به RUB به‌روزرسانی شد
2025-07-17 05:50:40 - NCCPRICE - DEBUG - ✅ [ID: 8517] رکورد قیمت NCC به IQD به‌روزرسانی شد
2025-07-17 05:50:40 - NCCPRICE - DEBUG - ✅ [ID: 8517] رکورد قیمت NCC به TND به‌روزرسانی شد
2025-07-17 05:50:40 - NCCPRICE - DEBUG - ✅ [ID: 8517] رکورد قیمت NCC به BHD به‌روزرسانی شد
2025-07-17 05:50:40 - NCCPRICE - INFO - Trying to update price for currency_id: 8519
2025-07-17 05:50:40 - NCCPRICE - DEBUG - ✅ [ID: 8519] رکورد قیمت NCC به USD به‌روزرسانی شد
2025-07-17 05:50:40 - NCCPRICE - DEBUG - ✅ [ID: 8519] رکورد قیمت NCC به CAD به‌روزرسانی شد
2025-07-17 05:50:40 - NCCPRICE - DEBUG - ✅ [ID: 8519] رکورد قیمت NCC به AUD به‌روزرسانی شد
2025-07-17 05:50:40 - NCCPRICE - DEBUG - ✅ [ID: 8519] رکورد قیمت NCC به GBP به‌روزرسانی شد
2025-07-17 05:50:40 - NCCPRICE - DEBUG - ✅ [ID: 8519] رکورد قیمت NCC به EUR به‌روزرسانی شد
2025-07-17 05:50:40 - NCCPRICE - DEBUG - ✅ [ID: 8519] رکورد قیمت NCC به KWD به‌روزرسانی شد
2025-07-17 05:50:40 - NCCPRICE - DEBUG - ✅ [ID: 8519] رکورد قیمت NCC به TRY به‌روزرسانی شد
2025-07-17 05:50:40 - NCCPRICE - DEBUG - ✅ [ID: 8519] رکورد قیمت NCC به SAR به‌روزرسانی شد
2025-07-17 05:50:40 - NCCPRICE - DEBUG - ✅ [ID: 8519] رکورد قیمت NCC به CNY به‌روزرسانی شد
2025-07-17 05:50:40 - NCCPRICE - DEBUG - ✅ [ID: 8519] رکورد قیمت NCC به KRW به‌روزرسانی شد
2025-07-17 05:50:40 - NCCPRICE - DEBUG - ✅ [ID: 8519] رکورد قیمت NCC به JPY به‌روزرسانی شد
2025-07-17 05:50:40 - NCCPRICE - DEBUG - ✅ [ID: 8519] رکورد قیمت NCC به INR به‌روزرسانی شد
2025-07-17 05:50:40 - NCCPRICE - DEBUG - ✅ [ID: 8519] رکورد قیمت NCC به RUB به‌روزرسانی شد
2025-07-17 05:50:40 - NCCPRICE - DEBUG - ✅ [ID: 8519] رکورد قیمت NCC به IQD به‌روزرسانی شد
2025-07-17 05:50:40 - NCCPRICE - DEBUG - ✅ [ID: 8519] رکورد قیمت NCC به TND به‌روزرسانی شد
2025-07-17 05:50:40 - NCCPRICE - DEBUG - ✅ [ID: 8519] رکورد قیمت NCC به BHD به‌روزرسانی شد
2025-07-17 05:51:40 - NCCPRICE - INFO - 🔄 شروع به‌روزرسانی قیمت NCC برای تمام واحدهای پولی...
2025-07-17 05:51:40 - NCCPRICE - DEBUG - محاسبه تغییر بر اساس تاریخچه داخلی: $0.22570523 -> $0.22565363
2025-07-17 05:51:40 - NCCPRICE - INFO - 📈 قیمت جدید NCC (USD): $0.22565363, تغییر 24 ساعته: -0.02%
2025-07-17 05:51:40 - NCCPRICE - INFO - NCC_CURRENCY_IDS at start: [8517, 8519]
2025-07-17 05:51:40 - NCCPRICE - INFO - Trying to update price for currency_id: 8517
2025-07-17 05:51:40 - NCCPRICE - ERROR - ❌ خطا در به‌روزرسانی قیمت ارز 8517 به USD: (mysql.connector.errors.OperationalError) MySQL Connection not available.
[SQL: SELECT prices.id AS prices_id, prices.crypto_id AS prices_crypto_id, prices.currency AS prices_currency, prices.price AS prices_price, prices.market_cap AS prices_market_cap, prices.volume_24h AS prices_volume_24h, prices.change_1h AS prices_change_1h, prices.change_24h AS prices_change_24h, prices.change_7d AS prices_change_7d, prices.last_updated AS prices_last_updated 
FROM prices 
WHERE prices.crypto_id = %(crypto_id_1)s AND prices.currency = %(currency_1)s 
 LIMIT %(param_1)s]
[parameters: [{}]]
(Background on this error at: https://sqlalche.me/e/20/e3q8)
2025-07-17 05:51:40 - NCCPRICE - ERROR - ❌ خطا در به‌روزرسانی قیمت ارز 8517 به CAD: Can't reconnect until invalid transaction is rolled back.  Please rollback() fully before proceeding (Background on this error at: https://sqlalche.me/e/20/8s2b)
2025-07-17 05:51:40 - NCCPRICE - ERROR - ❌ خطا در به‌روزرسانی قیمت ارز 8517 به AUD: Can't reconnect until invalid transaction is rolled back.  Please rollback() fully before proceeding (Background on this error at: https://sqlalche.me/e/20/8s2b)
2025-07-17 05:51:40 - NCCPRICE - ERROR - ❌ خطا در به‌روزرسانی قیمت ارز 8517 به GBP: Can't reconnect until invalid transaction is rolled back.  Please rollback() fully before proceeding (Background on this error at: https://sqlalche.me/e/20/8s2b)
2025-07-17 05:51:40 - NCCPRICE - ERROR - ❌ خطا در به‌روزرسانی قیمت ارز 8517 به EUR: Can't reconnect until invalid transaction is rolled back.  Please rollback() fully before proceeding (Background on this error at: https://sqlalche.me/e/20/8s2b)
2025-07-17 05:51:40 - NCCPRICE - ERROR - ❌ خطا در به‌روزرسانی قیمت ارز 8517 به KWD: Can't reconnect until invalid transaction is rolled back.  Please rollback() fully before proceeding (Background on this error at: https://sqlalche.me/e/20/8s2b)
2025-07-17 05:51:40 - NCCPRICE - ERROR - ❌ خطا در به‌روزرسانی قیمت ارز 8517 به TRY: Can't reconnect until invalid transaction is rolled back.  Please rollback() fully before proceeding (Background on this error at: https://sqlalche.me/e/20/8s2b)
2025-07-17 05:51:40 - NCCPRICE - ERROR - ❌ خطا در به‌روزرسانی قیمت ارز 8517 به SAR: Can't reconnect until invalid transaction is rolled back.  Please rollback() fully before proceeding (Background on this error at: https://sqlalche.me/e/20/8s2b)
2025-07-17 05:51:40 - NCCPRICE - ERROR - ❌ خطا در به‌روزرسانی قیمت ارز 8517 به CNY: Can't reconnect until invalid transaction is rolled back.  Please rollback() fully before proceeding (Background on this error at: https://sqlalche.me/e/20/8s2b)
2025-07-17 05:51:40 - NCCPRICE - ERROR - ❌ خطا در به‌روزرسانی قیمت ارز 8517 به KRW: Can't reconnect until invalid transaction is rolled back.  Please rollback() fully before proceeding (Background on this error at: https://sqlalche.me/e/20/8s2b)
2025-07-17 05:51:40 - NCCPRICE - ERROR - ❌ خطا در به‌روزرسانی قیمت ارز 8517 به JPY: Can't reconnect until invalid transaction is rolled back.  Please rollback() fully before proceeding (Background on this error at: https://sqlalche.me/e/20/8s2b)
2025-07-17 05:51:40 - NCCPRICE - ERROR - ❌ خطا در به‌روزرسانی قیمت ارز 8517 به INR: Can't reconnect until invalid transaction is rolled back.  Please rollback() fully before proceeding (Background on this error at: https://sqlalche.me/e/20/8s2b)
2025-07-17 05:51:40 - NCCPRICE - ERROR - ❌ خطا در به‌روزرسانی قیمت ارز 8517 به RUB: Can't reconnect until invalid transaction is rolled back.  Please rollback() fully before proceeding (Background on this error at: https://sqlalche.me/e/20/8s2b)
2025-07-17 05:51:40 - NCCPRICE - ERROR - ❌ خطا در به‌روزرسانی قیمت ارز 8517 به IQD: Can't reconnect until invalid transaction is rolled back.  Please rollback() fully before proceeding (Background on this error at: https://sqlalche.me/e/20/8s2b)
2025-07-17 05:51:40 - NCCPRICE - ERROR - ❌ خطا در به‌روزرسانی قیمت ارز 8517 به TND: Can't reconnect until invalid transaction is rolled back.  Please rollback() fully before proceeding (Background on this error at: https://sqlalche.me/e/20/8s2b)
2025-07-17 05:51:40 - NCCPRICE - ERROR - ❌ خطا در به‌روزرسانی قیمت ارز 8517 به BHD: Can't reconnect until invalid transaction is rolled back.  Please rollback() fully before proceeding (Background on this error at: https://sqlalche.me/e/20/8s2b)
2025-07-17 05:51:40 - NCCPRICE - INFO - Trying to update price for currency_id: 8519
2025-07-17 05:51:40 - NCCPRICE - ERROR - ❌ خطا در به‌روزرسانی قیمت ارز 8519 به USD: Can't reconnect until invalid transaction is rolled back.  Please rollback() fully before proceeding (Background on this error at: https://sqlalche.me/e/20/8s2b)
2025-07-17 05:51:40 - NCCPRICE - ERROR - ❌ خطا در به‌روزرسانی قیمت ارز 8519 به CAD: Can't reconnect until invalid transaction is rolled back.  Please rollback() fully before proceeding (Background on this error at: https://sqlalche.me/e/20/8s2b)
2025-07-17 05:51:40 - NCCPRICE - ERROR - ❌ خطا در به‌روزرسانی قیمت ارز 8519 به AUD: Can't reconnect until invalid transaction is rolled back.  Please rollback() fully before proceeding (Background on this error at: https://sqlalche.me/e/20/8s2b)
2025-07-17 05:51:40 - NCCPRICE - ERROR - ❌ خطا در به‌روزرسانی قیمت ارز 8519 به GBP: Can't reconnect until invalid transaction is rolled back.  Please rollback() fully before proceeding (Background on this error at: https://sqlalche.me/e/20/8s2b)
2025-07-17 05:51:40 - NCCPRICE - ERROR - ❌ خطا در به‌روزرسانی قیمت ارز 8519 به EUR: Can't reconnect until invalid transaction is rolled back.  Please rollback() fully before proceeding (Background on this error at: https://sqlalche.me/e/20/8s2b)
2025-07-17 05:51:40 - NCCPRICE - ERROR - ❌ خطا در به‌روزرسانی قیمت ارز 8519 به KWD: Can't reconnect until invalid transaction is rolled back.  Please rollback() fully before proceeding (Background on this error at: https://sqlalche.me/e/20/8s2b)
2025-07-17 05:51:40 - NCCPRICE - ERROR - ❌ خطا در به‌روزرسانی قیمت ارز 8519 به TRY: Can't reconnect until invalid transaction is rolled back.  Please rollback() fully before proceeding (Background on this error at: https://sqlalche.me/e/20/8s2b)
2025-07-17 05:51:40 - NCCPRICE - ERROR - ❌ خطا در به‌روزرسانی قیمت ارز 8519 به SAR: Can't reconnect until invalid transaction is rolled back.  Please rollback() fully before proceeding (Background on this error at: https://sqlalche.me/e/20/8s2b)
2025-07-17 05:51:40 - NCCPRICE - ERROR - ❌ خطا در به‌روزرسانی قیمت ارز 8519 به CNY: Can't reconnect until invalid transaction is rolled back.  Please rollback() fully before proceeding (Background on this error at: https://sqlalche.me/e/20/8s2b)
2025-07-17 05:51:40 - NCCPRICE - ERROR - ❌ خطا در به‌روزرسانی قیمت ارز 8519 به KRW: Can't reconnect until invalid transaction is rolled back.  Please rollback() fully before proceeding (Background on this error at: https://sqlalche.me/e/20/8s2b)
2025-07-17 05:51:40 - NCCPRICE - ERROR - ❌ خطا در به‌روزرسانی قیمت ارز 8519 به JPY: Can't reconnect until invalid transaction is rolled back.  Please rollback() fully before proceeding (Background on this error at: https://sqlalche.me/e/20/8s2b)
2025-07-17 05:51:40 - NCCPRICE - ERROR - ❌ خطا در به‌روزرسانی قیمت ارز 8519 به INR: Can't reconnect until invalid transaction is rolled back.  Please rollback() fully before proceeding (Background on this error at: https://sqlalche.me/e/20/8s2b)
2025-07-17 05:51:40 - NCCPRICE - ERROR - ❌ خطا در به‌روزرسانی قیمت ارز 8519 به RUB: Can't reconnect until invalid transaction is rolled back.  Please rollback() fully before proceeding (Background on this error at: https://sqlalche.me/e/20/8s2b)
2025-07-17 05:51:40 - NCCPRICE - ERROR - ❌ خطا در به‌روزرسانی قیمت ارز 8519 به IQD: Can't reconnect until invalid transaction is rolled back.  Please rollback() fully before proceeding (Background on this error at: https://sqlalche.me/e/20/8s2b)
2025-07-17 05:51:40 - NCCPRICE - ERROR - ❌ خطا در به‌روزرسانی قیمت ارز 8519 به TND: Can't reconnect until invalid transaction is rolled back.  Please rollback() fully before proceeding (Background on this error at: https://sqlalche.me/e/20/8s2b)
2025-07-17 05:51:40 - NCCPRICE - ERROR - ❌ خطا در به‌روزرسانی قیمت ارز 8519 به BHD: Can't reconnect until invalid transaction is rolled back.  Please rollback() fully before proceeding (Background on this error at: https://sqlalche.me/e/20/8s2b)
2025-07-17 05:51:40 - NCCPRICE - ERROR - ❌ خطا در به‌روزرسانی قیمت‌های NCC: Can't reconnect until invalid transaction is rolled back.  Please rollback() fully before proceeding (Background on this error at: https://sqlalche.me/e/20/8s2b)
2025-07-17 05:52:40 - NCCPRICE - INFO - 🔄 شروع به‌روزرسانی قیمت NCC برای تمام واحدهای پولی...
2025-07-17 05:52:40 - NCCPRICE - DEBUG - محاسبه تغییر بر اساس تاریخچه داخلی: $0.22568462 -> $0.22566488
2025-07-17 05:52:40 - NCCPRICE - INFO - 📈 قیمت جدید NCC (USD): $0.22566488, تغییر 24 ساعته: -0.01%
2025-07-17 05:52:40 - NCCPRICE - INFO - NCC_CURRENCY_IDS at start: [8517, 8519]
2025-07-17 05:52:40 - NCCPRICE - INFO - Trying to update price for currency_id: 8517
2025-07-17 05:52:40 - NCCPRICE - DEBUG - ✅ [ID: 8517] رکورد قیمت NCC به USD به‌روزرسانی شد
2025-07-17 05:52:40 - NCCPRICE - DEBUG - ✅ [ID: 8517] رکورد قیمت NCC به CAD به‌روزرسانی شد
2025-07-17 05:52:40 - NCCPRICE - DEBUG - ✅ [ID: 8517] رکورد قیمت NCC به AUD به‌روزرسانی شد
2025-07-17 05:52:40 - NCCPRICE - DEBUG - ✅ [ID: 8517] رکورد قیمت NCC به GBP به‌روزرسانی شد
2025-07-17 05:52:40 - NCCPRICE - DEBUG - ✅ [ID: 8517] رکورد قیمت NCC به EUR به‌روزرسانی شد
2025-07-17 05:52:40 - NCCPRICE - DEBUG - ✅ [ID: 8517] رکورد قیمت NCC به KWD به‌روزرسانی شد
2025-07-17 05:52:40 - NCCPRICE - DEBUG - ✅ [ID: 8517] رکورد قیمت NCC به TRY به‌روزرسانی شد
2025-07-17 05:52:40 - NCCPRICE - DEBUG - ✅ [ID: 8517] رکورد قیمت NCC به SAR به‌روزرسانی شد
2025-07-17 05:52:40 - NCCPRICE - DEBUG - ✅ [ID: 8517] رکورد قیمت NCC به CNY به‌روزرسانی شد
2025-07-17 05:52:40 - NCCPRICE - DEBUG - ✅ [ID: 8517] رکورد قیمت NCC به KRW به‌روزرسانی شد
2025-07-17 05:52:40 - NCCPRICE - DEBUG - ✅ [ID: 8517] رکورد قیمت NCC به JPY به‌روزرسانی شد
2025-07-17 05:52:40 - NCCPRICE - DEBUG - ✅ [ID: 8517] رکورد قیمت NCC به INR به‌روزرسانی شد
2025-07-17 05:52:40 - NCCPRICE - DEBUG - ✅ [ID: 8517] رکورد قیمت NCC به RUB به‌روزرسانی شد
2025-07-17 05:52:40 - NCCPRICE - DEBUG - ✅ [ID: 8517] رکورد قیمت NCC به IQD به‌روزرسانی شد
2025-07-17 05:52:40 - NCCPRICE - DEBUG - ✅ [ID: 8517] رکورد قیمت NCC به TND به‌روزرسانی شد
2025-07-17 05:52:40 - NCCPRICE - DEBUG - ✅ [ID: 8517] رکورد قیمت NCC به BHD به‌روزرسانی شد
2025-07-17 05:52:40 - NCCPRICE - INFO - Trying to update price for currency_id: 8519
2025-07-17 05:52:40 - NCCPRICE - DEBUG - ✅ [ID: 8519] رکورد قیمت NCC به USD به‌روزرسانی شد
2025-07-17 05:52:40 - NCCPRICE - DEBUG - ✅ [ID: 8519] رکورد قیمت NCC به CAD به‌روزرسانی شد
2025-07-17 05:52:40 - NCCPRICE - DEBUG - ✅ [ID: 8519] رکورد قیمت NCC به AUD به‌روزرسانی شد
2025-07-17 05:52:40 - NCCPRICE - DEBUG - ✅ [ID: 8519] رکورد قیمت NCC به GBP به‌روزرسانی شد
2025-07-17 05:52:40 - NCCPRICE - DEBUG - ✅ [ID: 8519] رکورد قیمت NCC به EUR به‌روزرسانی شد
2025-07-17 05:52:40 - NCCPRICE - DEBUG - ✅ [ID: 8519] رکورد قیمت NCC به KWD به‌روزرسانی شد
2025-07-17 05:52:40 - NCCPRICE - DEBUG - ✅ [ID: 8519] رکورد قیمت NCC به TRY به‌روزرسانی شد
2025-07-17 05:52:40 - NCCPRICE - DEBUG - ✅ [ID: 8519] رکورد قیمت NCC به SAR به‌روزرسانی شد
2025-07-17 05:52:40 - NCCPRICE - DEBUG - ✅ [ID: 8519] رکورد قیمت NCC به CNY به‌روزرسانی شد
2025-07-17 05:52:40 - NCCPRICE - DEBUG - ✅ [ID: 8519] رکورد قیمت NCC به KRW به‌روزرسانی شد
2025-07-17 05:52:40 - NCCPRICE - DEBUG - ✅ [ID: 8519] رکورد قیمت NCC به JPY به‌روزرسانی شد
2025-07-17 05:52:40 - NCCPRICE - DEBUG - ✅ [ID: 8519] رکورد قیمت NCC به INR به‌روزرسانی شد
2025-07-17 05:52:40 - NCCPRICE - DEBUG - ✅ [ID: 8519] رکورد قیمت NCC به RUB به‌روزرسانی شد
2025-07-17 05:52:40 - NCCPRICE - DEBUG - ✅ [ID: 8519] رکورد قیمت NCC به IQD به‌روزرسانی شد
2025-07-17 05:52:40 - NCCPRICE - DEBUG - ✅ [ID: 8519] رکورد قیمت NCC به TND به‌روزرسانی شد
2025-07-17 05:52:40 - NCCPRICE - DEBUG - ✅ [ID: 8519] رکورد قیمت NCC به BHD به‌روزرسانی شد
2025-07-17 05:53:40 - NCCPRICE - INFO - 🔄 شروع به‌روزرسانی قیمت NCC برای تمام واحدهای پولی...
2025-07-17 05:53:40 - NCCPRICE - DEBUG - محاسبه تغییر بر اساس تاریخچه داخلی: $0.22565363 -> $0.22566881
2025-07-17 05:53:40 - NCCPRICE - INFO - 📈 قیمت جدید NCC (USD): $0.22566881, تغییر 24 ساعته: +0.01%
2025-07-17 05:53:40 - NCCPRICE - INFO - NCC_CURRENCY_IDS at start: [8517, 8519]
2025-07-17 05:53:40 - NCCPRICE - INFO - Trying to update price for currency_id: 8517
2025-07-17 05:53:40 - NCCPRICE - DEBUG - ✅ [ID: 8517] رکورد قیمت NCC به USD به‌روزرسانی شد
2025-07-17 05:53:40 - NCCPRICE - DEBUG - ✅ [ID: 8517] رکورد قیمت NCC به CAD به‌روزرسانی شد
2025-07-17 05:53:40 - NCCPRICE - DEBUG - ✅ [ID: 8517] رکورد قیمت NCC به AUD به‌روزرسانی شد
2025-07-17 05:53:40 - NCCPRICE - DEBUG - ✅ [ID: 8517] رکورد قیمت NCC به GBP به‌روزرسانی شد
2025-07-17 05:53:40 - NCCPRICE - DEBUG - ✅ [ID: 8517] رکورد قیمت NCC به EUR به‌روزرسانی شد
2025-07-17 05:53:40 - NCCPRICE - DEBUG - ✅ [ID: 8517] رکورد قیمت NCC به KWD به‌روزرسانی شد
2025-07-17 05:53:40 - NCCPRICE - DEBUG - ✅ [ID: 8517] رکورد قیمت NCC به TRY به‌روزرسانی شد
2025-07-17 05:53:40 - NCCPRICE - DEBUG - ✅ [ID: 8517] رکورد قیمت NCC به SAR به‌روزرسانی شد
2025-07-17 05:53:40 - NCCPRICE - DEBUG - ✅ [ID: 8517] رکورد قیمت NCC به CNY به‌روزرسانی شد
2025-07-17 05:53:40 - NCCPRICE - DEBUG - ✅ [ID: 8517] رکورد قیمت NCC به KRW به‌روزرسانی شد
2025-07-17 05:53:40 - NCCPRICE - DEBUG - ✅ [ID: 8517] رکورد قیمت NCC به JPY به‌روزرسانی شد
2025-07-17 05:53:40 - NCCPRICE - DEBUG - ✅ [ID: 8517] رکورد قیمت NCC به INR به‌روزرسانی شد
2025-07-17 05:53:40 - NCCPRICE - DEBUG - ✅ [ID: 8517] رکورد قیمت NCC به RUB به‌روزرسانی شد
2025-07-17 05:53:40 - NCCPRICE - DEBUG - ✅ [ID: 8517] رکورد قیمت NCC به IQD به‌روزرسانی شد
2025-07-17 05:53:40 - NCCPRICE - DEBUG - ✅ [ID: 8517] رکورد قیمت NCC به TND به‌روزرسانی شد
2025-07-17 05:53:40 - NCCPRICE - DEBUG - ✅ [ID: 8517] رکورد قیمت NCC به BHD به‌روزرسانی شد
2025-07-17 05:53:40 - NCCPRICE - INFO - Trying to update price for currency_id: 8519
2025-07-17 05:53:40 - NCCPRICE - DEBUG - ✅ [ID: 8519] رکورد قیمت NCC به USD به‌روزرسانی شد
2025-07-17 05:53:40 - NCCPRICE - DEBUG - ✅ [ID: 8519] رکورد قیمت NCC به CAD به‌روزرسانی شد
2025-07-17 05:53:40 - NCCPRICE - DEBUG - ✅ [ID: 8519] رکورد قیمت NCC به AUD به‌روزرسانی شد
2025-07-17 05:53:40 - NCCPRICE - DEBUG - ✅ [ID: 8519] رکورد قیمت NCC به GBP به‌روزرسانی شد
2025-07-17 05:53:40 - NCCPRICE - DEBUG - ✅ [ID: 8519] رکورد قیمت NCC به EUR به‌روزرسانی شد
2025-07-17 05:53:40 - NCCPRICE - DEBUG - ✅ [ID: 8519] رکورد قیمت NCC به KWD به‌روزرسانی شد
2025-07-17 05:53:40 - NCCPRICE - DEBUG - ✅ [ID: 8519] رکورد قیمت NCC به TRY به‌روزرسانی شد
2025-07-17 05:53:40 - NCCPRICE - DEBUG - ✅ [ID: 8519] رکورد قیمت NCC به SAR به‌روزرسانی شد
2025-07-17 05:53:40 - NCCPRICE - DEBUG - ✅ [ID: 8519] رکورد قیمت NCC به CNY به‌روزرسانی شد
2025-07-17 05:53:40 - NCCPRICE - DEBUG - ✅ [ID: 8519] رکورد قیمت NCC به KRW به‌روزرسانی شد
2025-07-17 05:53:40 - NCCPRICE - DEBUG - ✅ [ID: 8519] رکورد قیمت NCC به JPY به‌روزرسانی شد
2025-07-17 05:53:40 - NCCPRICE - DEBUG - ✅ [ID: 8519] رکورد قیمت NCC به INR به‌روزرسانی شد
2025-07-17 05:53:40 - NCCPRICE - DEBUG - ✅ [ID: 8519] رکورد قیمت NCC به RUB به‌روزرسانی شد
2025-07-17 05:53:40 - NCCPRICE - DEBUG - ✅ [ID: 8519] رکورد قیمت NCC به IQD به‌روزرسانی شد
2025-07-17 05:53:40 - NCCPRICE - DEBUG - ✅ [ID: 8519] رکورد قیمت NCC به TND به‌روزرسانی شد
2025-07-17 05:53:40 - NCCPRICE - DEBUG - ✅ [ID: 8519] رکورد قیمت NCC به BHD به‌روزرسانی شد
2025-07-17 05:54:40 - NCCPRICE - INFO - 🔄 شروع به‌روزرسانی قیمت NCC برای تمام واحدهای پولی...
2025-07-17 05:54:40 - NCCPRICE - DEBUG - محاسبه تغییر بر اساس تاریخچه داخلی: $0.22566488 -> $0.22570161
2025-07-17 05:54:40 - NCCPRICE - INFO - 📈 قیمت جدید NCC (USD): $0.22570161, تغییر 24 ساعته: +0.02%
2025-07-17 05:54:40 - NCCPRICE - INFO - NCC_CURRENCY_IDS at start: [8517, 8519]
2025-07-17 05:54:40 - NCCPRICE - INFO - Trying to update price for currency_id: 8517
2025-07-17 05:54:40 - NCCPRICE - DEBUG - ✅ [ID: 8517] رکورد قیمت NCC به USD به‌روزرسانی شد
2025-07-17 05:54:40 - NCCPRICE - DEBUG - ✅ [ID: 8517] رکورد قیمت NCC به CAD به‌روزرسانی شد
2025-07-17 05:54:40 - NCCPRICE - DEBUG - ✅ [ID: 8517] رکورد قیمت NCC به AUD به‌روزرسانی شد
2025-07-17 05:54:40 - NCCPRICE - DEBUG - ✅ [ID: 8517] رکورد قیمت NCC به GBP به‌روزرسانی شد
2025-07-17 05:54:40 - NCCPRICE - DEBUG - ✅ [ID: 8517] رکورد قیمت NCC به EUR به‌روزرسانی شد
2025-07-17 05:54:40 - NCCPRICE - DEBUG - ✅ [ID: 8517] رکورد قیمت NCC به KWD به‌روزرسانی شد
2025-07-17 05:54:40 - NCCPRICE - DEBUG - ✅ [ID: 8517] رکورد قیمت NCC به TRY به‌روزرسانی شد
2025-07-17 05:54:40 - NCCPRICE - DEBUG - ✅ [ID: 8517] رکورد قیمت NCC به SAR به‌روزرسانی شد
2025-07-17 05:54:40 - NCCPRICE - DEBUG - ✅ [ID: 8517] رکورد قیمت NCC به CNY به‌روزرسانی شد
2025-07-17 05:54:40 - NCCPRICE - DEBUG - ✅ [ID: 8517] رکورد قیمت NCC به KRW به‌روزرسانی شد
2025-07-17 05:54:40 - NCCPRICE - DEBUG - ✅ [ID: 8517] رکورد قیمت NCC به JPY به‌روزرسانی شد
2025-07-17 05:54:40 - NCCPRICE - DEBUG - ✅ [ID: 8517] رکورد قیمت NCC به INR به‌روزرسانی شد
2025-07-17 05:54:40 - NCCPRICE - DEBUG - ✅ [ID: 8517] رکورد قیمت NCC به RUB به‌روزرسانی شد
2025-07-17 05:54:40 - NCCPRICE - DEBUG - ✅ [ID: 8517] رکورد قیمت NCC به IQD به‌روزرسانی شد
2025-07-17 05:54:40 - NCCPRICE - DEBUG - ✅ [ID: 8517] رکورد قیمت NCC به TND به‌روزرسانی شد
2025-07-17 05:54:40 - NCCPRICE - DEBUG - ✅ [ID: 8517] رکورد قیمت NCC به BHD به‌روزرسانی شد
2025-07-17 05:54:40 - NCCPRICE - INFO - Trying to update price for currency_id: 8519
2025-07-17 05:54:40 - NCCPRICE - DEBUG - ✅ [ID: 8519] رکورد قیمت NCC به USD به‌روزرسانی شد
2025-07-17 05:54:40 - NCCPRICE - DEBUG - ✅ [ID: 8519] رکورد قیمت NCC به CAD به‌روزرسانی شد
2025-07-17 05:54:40 - NCCPRICE - DEBUG - ✅ [ID: 8519] رکورد قیمت NCC به AUD به‌روزرسانی شد
2025-07-17 05:54:40 - NCCPRICE - DEBUG - ✅ [ID: 8519] رکورد قیمت NCC به GBP به‌روزرسانی شد
2025-07-17 05:54:40 - NCCPRICE - DEBUG - ✅ [ID: 8519] رکورد قیمت NCC به EUR به‌روزرسانی شد
2025-07-17 05:54:40 - NCCPRICE - DEBUG - ✅ [ID: 8519] رکورد قیمت NCC به KWD به‌روزرسانی شد
2025-07-17 05:54:40 - NCCPRICE - DEBUG - ✅ [ID: 8519] رکورد قیمت NCC به TRY به‌روزرسانی شد
2025-07-17 05:54:40 - NCCPRICE - DEBUG - ✅ [ID: 8519] رکورد قیمت NCC به SAR به‌روزرسانی شد
2025-07-17 05:54:40 - NCCPRICE - DEBUG - ✅ [ID: 8519] رکورد قیمت NCC به CNY به‌روزرسانی شد
2025-07-17 05:54:40 - NCCPRICE - DEBUG - ✅ [ID: 8519] رکورد قیمت NCC به KRW به‌روزرسانی شد
2025-07-17 05:54:40 - NCCPRICE - DEBUG - ✅ [ID: 8519] رکورد قیمت NCC به JPY به‌روزرسانی شد
2025-07-17 05:54:40 - NCCPRICE - DEBUG - ✅ [ID: 8519] رکورد قیمت NCC به INR به‌روزرسانی شد
2025-07-17 05:54:40 - NCCPRICE - DEBUG - ✅ [ID: 8519] رکورد قیمت NCC به RUB به‌روزرسانی شد
2025-07-17 05:54:40 - NCCPRICE - DEBUG - ✅ [ID: 8519] رکورد قیمت NCC به IQD به‌روزرسانی شد
2025-07-17 05:54:40 - NCCPRICE - DEBUG - ✅ [ID: 8519] رکورد قیمت NCC به TND به‌روزرسانی شد
2025-07-17 05:54:40 - NCCPRICE - DEBUG - ✅ [ID: 8519] رکورد قیمت NCC به BHD به‌روزرسانی شد
2025-07-17 05:55:40 - NCCPRICE - INFO - 🔄 شروع به‌روزرسانی قیمت NCC برای تمام واحدهای پولی...
2025-07-17 05:55:40 - NCCPRICE - DEBUG - محاسبه تغییر بر اساس تاریخچه داخلی: $0.22566881 -> $0.22577556
2025-07-17 05:55:40 - NCCPRICE - INFO - 📈 قیمت جدید NCC (USD): $0.22577556, تغییر 24 ساعته: +0.05%
2025-07-17 05:55:40 - NCCPRICE - INFO - NCC_CURRENCY_IDS at start: [8517, 8519]
2025-07-17 05:55:40 - NCCPRICE - INFO - Trying to update price for currency_id: 8517
2025-07-17 05:55:40 - NCCPRICE - DEBUG - ✅ [ID: 8517] رکورد قیمت NCC به USD به‌روزرسانی شد
2025-07-17 05:55:40 - NCCPRICE - DEBUG - ✅ [ID: 8517] رکورد قیمت NCC به CAD به‌روزرسانی شد
2025-07-17 05:55:40 - NCCPRICE - DEBUG - ✅ [ID: 8517] رکورد قیمت NCC به AUD به‌روزرسانی شد
2025-07-17 05:55:40 - NCCPRICE - DEBUG - ✅ [ID: 8517] رکورد قیمت NCC به GBP به‌روزرسانی شد
2025-07-17 05:55:40 - NCCPRICE - DEBUG - ✅ [ID: 8517] رکورد قیمت NCC به EUR به‌روزرسانی شد
2025-07-17 05:55:40 - NCCPRICE - DEBUG - ✅ [ID: 8517] رکورد قیمت NCC به KWD به‌روزرسانی شد
2025-07-17 05:55:40 - NCCPRICE - DEBUG - ✅ [ID: 8517] رکورد قیمت NCC به TRY به‌روزرسانی شد
2025-07-17 05:55:40 - NCCPRICE - DEBUG - ✅ [ID: 8517] رکورد قیمت NCC به SAR به‌روزرسانی شد
2025-07-17 05:55:40 - NCCPRICE - DEBUG - ✅ [ID: 8517] رکورد قیمت NCC به CNY به‌روزرسانی شد
2025-07-17 05:55:40 - NCCPRICE - DEBUG - ✅ [ID: 8517] رکورد قیمت NCC به KRW به‌روزرسانی شد
2025-07-17 05:55:40 - NCCPRICE - DEBUG - ✅ [ID: 8517] رکورد قیمت NCC به JPY به‌روزرسانی شد
2025-07-17 05:55:40 - NCCPRICE - DEBUG - ✅ [ID: 8517] رکورد قیمت NCC به INR به‌روزرسانی شد
2025-07-17 05:55:40 - NCCPRICE - DEBUG - ✅ [ID: 8517] رکورد قیمت NCC به RUB به‌روزرسانی شد
2025-07-17 05:55:40 - NCCPRICE - DEBUG - ✅ [ID: 8517] رکورد قیمت NCC به IQD به‌روزرسانی شد
2025-07-17 05:55:40 - NCCPRICE - DEBUG - ✅ [ID: 8517] رکورد قیمت NCC به TND به‌روزرسانی شد
2025-07-17 05:55:40 - NCCPRICE - DEBUG - ✅ [ID: 8517] رکورد قیمت NCC به BHD به‌روزرسانی شد
2025-07-17 05:55:40 - NCCPRICE - INFO - Trying to update price for currency_id: 8519
2025-07-17 05:55:40 - NCCPRICE - DEBUG - ✅ [ID: 8519] رکورد قیمت NCC به USD به‌روزرسانی شد
2025-07-17 05:55:40 - NCCPRICE - DEBUG - ✅ [ID: 8519] رکورد قیمت NCC به CAD به‌روزرسانی شد
2025-07-17 05:55:40 - NCCPRICE - DEBUG - ✅ [ID: 8519] رکورد قیمت NCC به AUD به‌روزرسانی شد
2025-07-17 05:55:40 - NCCPRICE - DEBUG - ✅ [ID: 8519] رکورد قیمت NCC به GBP به‌روزرسانی شد
2025-07-17 05:55:40 - NCCPRICE - DEBUG - ✅ [ID: 8519] رکورد قیمت NCC به EUR به‌روزرسانی شد
2025-07-17 05:55:40 - NCCPRICE - DEBUG - ✅ [ID: 8519] رکورد قیمت NCC به KWD به‌روزرسانی شد
2025-07-17 05:55:40 - NCCPRICE - DEBUG - ✅ [ID: 8519] رکورد قیمت NCC به TRY به‌روزرسانی شد
2025-07-17 05:55:40 - NCCPRICE - DEBUG - ✅ [ID: 8519] رکورد قیمت NCC به SAR به‌روزرسانی شد
2025-07-17 05:55:40 - NCCPRICE - DEBUG - ✅ [ID: 8519] رکورد قیمت NCC به CNY به‌روزرسانی شد
2025-07-17 05:55:40 - NCCPRICE - DEBUG - ✅ [ID: 8519] رکورد قیمت NCC به KRW به‌روزرسانی شد
2025-07-17 05:55:40 - NCCPRICE - DEBUG - ✅ [ID: 8519] رکورد قیمت NCC به JPY به‌روزرسانی شد
2025-07-17 05:55:40 - NCCPRICE - DEBUG - ✅ [ID: 8519] رکورد قیمت NCC به INR به‌روزرسانی شد
2025-07-17 05:55:40 - NCCPRICE - DEBUG - ✅ [ID: 8519] رکورد قیمت NCC به RUB به‌روزرسانی شد
2025-07-17 05:55:40 - NCCPRICE - DEBUG - ✅ [ID: 8519] رکورد قیمت NCC به IQD به‌روزرسانی شد
2025-07-17 05:55:40 - NCCPRICE - DEBUG - ✅ [ID: 8519] رکورد قیمت NCC به TND به‌روزرسانی شد
2025-07-17 05:55:40 - NCCPRICE - DEBUG - ✅ [ID: 8519] رکورد قیمت NCC به BHD به‌روزرسانی شد
2025-07-17 05:56:40 - NCCPRICE - INFO - 🔄 شروع به‌روزرسانی قیمت NCC برای تمام واحدهای پولی...
2025-07-17 05:56:40 - NCCPRICE - DEBUG - محاسبه تغییر بر اساس تاریخچه داخلی: $0.22570161 -> $0.22574127
2025-07-17 05:56:40 - NCCPRICE - INFO - 📈 قیمت جدید NCC (USD): $0.22574127, تغییر 24 ساعته: +0.02%
2025-07-17 05:56:40 - NCCPRICE - INFO - NCC_CURRENCY_IDS at start: [8517, 8519]
2025-07-17 05:56:40 - NCCPRICE - INFO - Trying to update price for currency_id: 8517
2025-07-17 05:56:40 - NCCPRICE - DEBUG - ✅ [ID: 8517] رکورد قیمت NCC به USD به‌روزرسانی شد
2025-07-17 05:56:40 - NCCPRICE - DEBUG - ✅ [ID: 8517] رکورد قیمت NCC به CAD به‌روزرسانی شد
2025-07-17 05:56:40 - NCCPRICE - DEBUG - ✅ [ID: 8517] رکورد قیمت NCC به AUD به‌روزرسانی شد
2025-07-17 05:56:40 - NCCPRICE - DEBUG - ✅ [ID: 8517] رکورد قیمت NCC به GBP به‌روزرسانی شد
2025-07-17 05:56:40 - NCCPRICE - DEBUG - ✅ [ID: 8517] رکورد قیمت NCC به EUR به‌روزرسانی شد
2025-07-17 05:56:40 - NCCPRICE - DEBUG - ✅ [ID: 8517] رکورد قیمت NCC به KWD به‌روزرسانی شد
2025-07-17 05:56:40 - NCCPRICE - DEBUG - ✅ [ID: 8517] رکورد قیمت NCC به TRY به‌روزرسانی شد
2025-07-17 05:56:40 - NCCPRICE - DEBUG - ✅ [ID: 8517] رکورد قیمت NCC به SAR به‌روزرسانی شد
2025-07-17 05:56:40 - NCCPRICE - DEBUG - ✅ [ID: 8517] رکورد قیمت NCC به CNY به‌روزرسانی شد
2025-07-17 05:56:40 - NCCPRICE - DEBUG - ✅ [ID: 8517] رکورد قیمت NCC به KRW به‌روزرسانی شد
2025-07-17 05:56:40 - NCCPRICE - DEBUG - ✅ [ID: 8517] رکورد قیمت NCC به JPY به‌روزرسانی شد
2025-07-17 05:56:40 - NCCPRICE - DEBUG - ✅ [ID: 8517] رکورد قیمت NCC به INR به‌روزرسانی شد
2025-07-17 05:56:40 - NCCPRICE - DEBUG - ✅ [ID: 8517] رکورد قیمت NCC به RUB به‌روزرسانی شد
2025-07-17 05:56:40 - NCCPRICE - DEBUG - ✅ [ID: 8517] رکورد قیمت NCC به IQD به‌روزرسانی شد
2025-07-17 05:56:40 - NCCPRICE - DEBUG - ✅ [ID: 8517] رکورد قیمت NCC به TND به‌روزرسانی شد
2025-07-17 05:56:40 - NCCPRICE - DEBUG - ✅ [ID: 8517] رکورد قیمت NCC به BHD به‌روزرسانی شد
2025-07-17 05:56:40 - NCCPRICE - INFO - Trying to update price for currency_id: 8519
2025-07-17 05:56:40 - NCCPRICE - DEBUG - ✅ [ID: 8519] رکورد قیمت NCC به USD به‌روزرسانی شد
2025-07-17 05:56:40 - NCCPRICE - DEBUG - ✅ [ID: 8519] رکورد قیمت NCC به CAD به‌روزرسانی شد
2025-07-17 05:56:40 - NCCPRICE - DEBUG - ✅ [ID: 8519] رکورد قیمت NCC به AUD به‌روزرسانی شد
2025-07-17 05:56:40 - NCCPRICE - DEBUG - ✅ [ID: 8519] رکورد قیمت NCC به GBP به‌روزرسانی شد
2025-07-17 05:56:40 - NCCPRICE - DEBUG - ✅ [ID: 8519] رکورد قیمت NCC به EUR به‌روزرسانی شد
2025-07-17 05:56:40 - NCCPRICE - DEBUG - ✅ [ID: 8519] رکورد قیمت NCC به KWD به‌روزرسانی شد
2025-07-17 05:56:40 - NCCPRICE - DEBUG - ✅ [ID: 8519] رکورد قیمت NCC به TRY به‌روزرسانی شد
2025-07-17 05:56:40 - NCCPRICE - DEBUG - ✅ [ID: 8519] رکورد قیمت NCC به SAR به‌روزرسانی شد
2025-07-17 05:56:40 - NCCPRICE - DEBUG - ✅ [ID: 8519] رکورد قیمت NCC به CNY به‌روزرسانی شد
2025-07-17 05:56:41 - NCCPRICE - DEBUG - ✅ [ID: 8519] رکورد قیمت NCC به KRW به‌روزرسانی شد
2025-07-17 05:56:41 - NCCPRICE - DEBUG - ✅ [ID: 8519] رکورد قیمت NCC به JPY به‌روزرسانی شد
2025-07-17 05:56:41 - NCCPRICE - DEBUG - ✅ [ID: 8519] رکورد قیمت NCC به INR به‌روزرسانی شد
2025-07-17 05:56:41 - NCCPRICE - DEBUG - ✅ [ID: 8519] رکورد قیمت NCC به RUB به‌روزرسانی شد
2025-07-17 05:56:41 - NCCPRICE - DEBUG - ✅ [ID: 8519] رکورد قیمت NCC به IQD به‌روزرسانی شد
2025-07-17 05:56:41 - NCCPRICE - DEBUG - ✅ [ID: 8519] رکورد قیمت NCC به TND به‌روزرسانی شد
2025-07-17 05:56:41 - NCCPRICE - DEBUG - ✅ [ID: 8519] رکورد قیمت NCC به BHD به‌روزرسانی شد
2025-07-17 05:57:41 - NCCPRICE - INFO - 🔄 شروع به‌روزرسانی قیمت NCC برای تمام واحدهای پولی...
2025-07-17 05:57:41 - NCCPRICE - DEBUG - محاسبه تغییر بر اساس تاریخچه داخلی: $0.22577556 -> $0.22571896
2025-07-17 05:57:41 - NCCPRICE - INFO - 📈 قیمت جدید NCC (USD): $0.22571896, تغییر 24 ساعته: -0.03%
2025-07-17 05:57:41 - NCCPRICE - INFO - NCC_CURRENCY_IDS at start: [8517, 8519]
2025-07-17 05:57:41 - NCCPRICE - INFO - Trying to update price for currency_id: 8517
2025-07-17 05:57:41 - NCCPRICE - DEBUG - ✅ [ID: 8517] رکورد قیمت NCC به USD به‌روزرسانی شد
2025-07-17 05:57:41 - NCCPRICE - DEBUG - ✅ [ID: 8517] رکورد قیمت NCC به CAD به‌روزرسانی شد
2025-07-17 05:57:41 - NCCPRICE - DEBUG - ✅ [ID: 8517] رکورد قیمت NCC به AUD به‌روزرسانی شد
2025-07-17 05:57:41 - NCCPRICE - DEBUG - ✅ [ID: 8517] رکورد قیمت NCC به GBP به‌روزرسانی شد
2025-07-17 05:57:41 - NCCPRICE - DEBUG - ✅ [ID: 8517] رکورد قیمت NCC به EUR به‌روزرسانی شد
2025-07-17 05:57:41 - NCCPRICE - DEBUG - ✅ [ID: 8517] رکورد قیمت NCC به KWD به‌روزرسانی شد
2025-07-17 05:57:41 - NCCPRICE - DEBUG - ✅ [ID: 8517] رکورد قیمت NCC به TRY به‌روزرسانی شد
2025-07-17 05:57:41 - NCCPRICE - DEBUG - ✅ [ID: 8517] رکورد قیمت NCC به SAR به‌روزرسانی شد
2025-07-17 05:57:41 - NCCPRICE - DEBUG - ✅ [ID: 8517] رکورد قیمت NCC به CNY به‌روزرسانی شد
2025-07-17 05:57:41 - NCCPRICE - DEBUG - ✅ [ID: 8517] رکورد قیمت NCC به KRW به‌روزرسانی شد
2025-07-17 05:57:41 - NCCPRICE - DEBUG - ✅ [ID: 8517] رکورد قیمت NCC به JPY به‌روزرسانی شد
2025-07-17 05:57:41 - NCCPRICE - DEBUG - ✅ [ID: 8517] رکورد قیمت NCC به INR به‌روزرسانی شد
2025-07-17 05:57:41 - NCCPRICE - DEBUG - ✅ [ID: 8517] رکورد قیمت NCC به RUB به‌روزرسانی شد
2025-07-17 05:57:41 - NCCPRICE - DEBUG - ✅ [ID: 8517] رکورد قیمت NCC به IQD به‌روزرسانی شد
2025-07-17 05:57:41 - NCCPRICE - DEBUG - ✅ [ID: 8517] رکورد قیمت NCC به TND به‌روزرسانی شد
2025-07-17 05:57:41 - NCCPRICE - DEBUG - ✅ [ID: 8517] رکورد قیمت NCC به BHD به‌روزرسانی شد
2025-07-17 05:57:41 - NCCPRICE - INFO - Trying to update price for currency_id: 8519
2025-07-17 05:57:41 - NCCPRICE - DEBUG - ✅ [ID: 8519] رکورد قیمت NCC به USD به‌روزرسانی شد
2025-07-17 05:57:41 - NCCPRICE - DEBUG - ✅ [ID: 8519] رکورد قیمت NCC به CAD به‌روزرسانی شد
2025-07-17 05:57:41 - NCCPRICE - DEBUG - ✅ [ID: 8519] رکورد قیمت NCC به AUD به‌روزرسانی شد
2025-07-17 05:57:41 - NCCPRICE - DEBUG - ✅ [ID: 8519] رکورد قیمت NCC به GBP به‌روزرسانی شد
2025-07-17 05:57:41 - NCCPRICE - DEBUG - ✅ [ID: 8519] رکورد قیمت NCC به EUR به‌روزرسانی شد
2025-07-17 05:57:41 - NCCPRICE - DEBUG - ✅ [ID: 8519] رکورد قیمت NCC به KWD به‌روزرسانی شد
2025-07-17 05:57:41 - NCCPRICE - DEBUG - ✅ [ID: 8519] رکورد قیمت NCC به TRY به‌روزرسانی شد
2025-07-17 05:57:41 - NCCPRICE - DEBUG - ✅ [ID: 8519] رکورد قیمت NCC به SAR به‌روزرسانی شد
2025-07-17 05:57:41 - NCCPRICE - DEBUG - ✅ [ID: 8519] رکورد قیمت NCC به CNY به‌روزرسانی شد
2025-07-17 05:57:41 - NCCPRICE - DEBUG - ✅ [ID: 8519] رکورد قیمت NCC به KRW به‌روزرسانی شد
2025-07-17 05:57:41 - NCCPRICE - DEBUG - ✅ [ID: 8519] رکورد قیمت NCC به JPY به‌روزرسانی شد
2025-07-17 05:57:41 - NCCPRICE - DEBUG - ✅ [ID: 8519] رکورد قیمت NCC به INR به‌روزرسانی شد
2025-07-17 05:57:41 - NCCPRICE - DEBUG - ✅ [ID: 8519] رکورد قیمت NCC به RUB به‌روزرسانی شد
2025-07-17 05:57:41 - NCCPRICE - DEBUG - ✅ [ID: 8519] رکورد قیمت NCC به IQD به‌روزرسانی شد
2025-07-17 05:57:41 - NCCPRICE - DEBUG - ✅ [ID: 8519] رکورد قیمت NCC به TND به‌روزرسانی شد
2025-07-17 05:57:41 - NCCPRICE - DEBUG - ✅ [ID: 8519] رکورد قیمت NCC به BHD به‌روزرسانی شد
2025-07-17 05:58:41 - NCCPRICE - INFO - 🔄 شروع به‌روزرسانی قیمت NCC برای تمام واحدهای پولی...
2025-07-17 05:58:41 - NCCPRICE - DEBUG - محاسبه تغییر بر اساس تاریخچه داخلی: $0.22574127 -> $0.22575402
2025-07-17 05:58:41 - NCCPRICE - INFO - 📈 قیمت جدید NCC (USD): $0.22575402, تغییر 24 ساعته: +0.01%
2025-07-17 05:58:41 - NCCPRICE - INFO - NCC_CURRENCY_IDS at start: [8517, 8519]
2025-07-17 05:58:41 - NCCPRICE - INFO - Trying to update price for currency_id: 8517
2025-07-17 05:58:41 - NCCPRICE - DEBUG - ✅ [ID: 8517] رکورد قیمت NCC به USD به‌روزرسانی شد
2025-07-17 05:58:41 - NCCPRICE - DEBUG - ✅ [ID: 8517] رکورد قیمت NCC به CAD به‌روزرسانی شد
2025-07-17 05:58:41 - NCCPRICE - DEBUG - ✅ [ID: 8517] رکورد قیمت NCC به AUD به‌روزرسانی شد
2025-07-17 05:58:41 - NCCPRICE - DEBUG - ✅ [ID: 8517] رکورد قیمت NCC به GBP به‌روزرسانی شد
2025-07-17 05:58:41 - NCCPRICE - DEBUG - ✅ [ID: 8517] رکورد قیمت NCC به EUR به‌روزرسانی شد
2025-07-17 05:58:41 - NCCPRICE - DEBUG - ✅ [ID: 8517] رکورد قیمت NCC به KWD به‌روزرسانی شد
2025-07-17 05:58:41 - NCCPRICE - DEBUG - ✅ [ID: 8517] رکورد قیمت NCC به TRY به‌روزرسانی شد
2025-07-17 05:58:41 - NCCPRICE - DEBUG - ✅ [ID: 8517] رکورد قیمت NCC به SAR به‌روزرسانی شد
2025-07-17 05:58:41 - NCCPRICE - DEBUG - ✅ [ID: 8517] رکورد قیمت NCC به CNY به‌روزرسانی شد
2025-07-17 05:58:41 - NCCPRICE - DEBUG - ✅ [ID: 8517] رکورد قیمت NCC به KRW به‌روزرسانی شد
2025-07-17 05:58:41 - NCCPRICE - DEBUG - ✅ [ID: 8517] رکورد قیمت NCC به JPY به‌روزرسانی شد
2025-07-17 05:58:41 - NCCPRICE - DEBUG - ✅ [ID: 8517] رکورد قیمت NCC به INR به‌روزرسانی شد
2025-07-17 05:58:41 - NCCPRICE - DEBUG - ✅ [ID: 8517] رکورد قیمت NCC به RUB به‌روزرسانی شد
2025-07-17 05:58:41 - NCCPRICE - DEBUG - ✅ [ID: 8517] رکورد قیمت NCC به IQD به‌روزرسانی شد
2025-07-17 05:58:41 - NCCPRICE - DEBUG - ✅ [ID: 8517] رکورد قیمت NCC به TND به‌روزرسانی شد
2025-07-17 05:58:41 - NCCPRICE - DEBUG - ✅ [ID: 8517] رکورد قیمت NCC به BHD به‌روزرسانی شد
2025-07-17 05:58:41 - NCCPRICE - INFO - Trying to update price for currency_id: 8519
2025-07-17 05:58:41 - NCCPRICE - DEBUG - ✅ [ID: 8519] رکورد قیمت NCC به USD به‌روزرسانی شد
2025-07-17 05:58:41 - NCCPRICE - DEBUG - ✅ [ID: 8519] رکورد قیمت NCC به CAD به‌روزرسانی شد
2025-07-17 05:58:41 - NCCPRICE - DEBUG - ✅ [ID: 8519] رکورد قیمت NCC به AUD به‌روزرسانی شد
2025-07-17 05:58:41 - NCCPRICE - DEBUG - ✅ [ID: 8519] رکورد قیمت NCC به GBP به‌روزرسانی شد
2025-07-17 05:58:41 - NCCPRICE - DEBUG - ✅ [ID: 8519] رکورد قیمت NCC به EUR به‌روزرسانی شد
2025-07-17 05:58:41 - NCCPRICE - DEBUG - ✅ [ID: 8519] رکورد قیمت NCC به KWD به‌روزرسانی شد
2025-07-17 05:58:41 - NCCPRICE - DEBUG - ✅ [ID: 8519] رکورد قیمت NCC به TRY به‌روزرسانی شد
2025-07-17 05:58:41 - NCCPRICE - DEBUG - ✅ [ID: 8519] رکورد قیمت NCC به SAR به‌روزرسانی شد
2025-07-17 05:58:41 - NCCPRICE - DEBUG - ✅ [ID: 8519] رکورد قیمت NCC به CNY به‌روزرسانی شد
2025-07-17 05:58:41 - NCCPRICE - DEBUG - ✅ [ID: 8519] رکورد قیمت NCC به KRW به‌روزرسانی شد
2025-07-17 05:58:41 - NCCPRICE - DEBUG - ✅ [ID: 8519] رکورد قیمت NCC به JPY به‌روزرسانی شد
2025-07-17 05:58:41 - NCCPRICE - DEBUG - ✅ [ID: 8519] رکورد قیمت NCC به INR به‌روزرسانی شد
2025-07-17 05:58:41 - NCCPRICE - DEBUG - ✅ [ID: 8519] رکورد قیمت NCC به RUB به‌روزرسانی شد
2025-07-17 05:58:41 - NCCPRICE - DEBUG - ✅ [ID: 8519] رکورد قیمت NCC به IQD به‌روزرسانی شد
2025-07-17 05:58:41 - NCCPRICE - DEBUG - ✅ [ID: 8519] رکورد قیمت NCC به TND به‌روزرسانی شد
2025-07-17 05:58:41 - NCCPRICE - DEBUG - ✅ [ID: 8519] رکورد قیمت NCC به BHD به‌روزرسانی شد
2025-07-17 05:59:41 - NCCPRICE - INFO - 🔄 شروع به‌روزرسانی قیمت NCC برای تمام واحدهای پولی...
2025-07-17 05:59:41 - NCCPRICE - DEBUG - محاسبه تغییر بر اساس تاریخچه داخلی: $0.22571896 -> $0.22572954
2025-07-17 05:59:41 - NCCPRICE - INFO - 📈 قیمت جدید NCC (USD): $0.22572954, تغییر 24 ساعته: +0.00%
2025-07-17 05:59:41 - NCCPRICE - INFO - NCC_CURRENCY_IDS at start: [8517, 8519]
2025-07-17 05:59:41 - NCCPRICE - INFO - Trying to update price for currency_id: 8517
2025-07-17 05:59:41 - NCCPRICE - DEBUG - ✅ [ID: 8517] رکورد قیمت NCC به USD به‌روزرسانی شد
2025-07-17 05:59:41 - NCCPRICE - DEBUG - ✅ [ID: 8517] رکورد قیمت NCC به CAD به‌روزرسانی شد
2025-07-17 05:59:41 - NCCPRICE - DEBUG - ✅ [ID: 8517] رکورد قیمت NCC به AUD به‌روزرسانی شد
2025-07-17 05:59:41 - NCCPRICE - DEBUG - ✅ [ID: 8517] رکورد قیمت NCC به GBP به‌روزرسانی شد
2025-07-17 05:59:41 - NCCPRICE - DEBUG - ✅ [ID: 8517] رکورد قیمت NCC به EUR به‌روزرسانی شد
2025-07-17 05:59:41 - NCCPRICE - DEBUG - ✅ [ID: 8517] رکورد قیمت NCC به KWD به‌روزرسانی شد
2025-07-17 05:59:41 - NCCPRICE - DEBUG - ✅ [ID: 8517] رکورد قیمت NCC به TRY به‌روزرسانی شد
2025-07-17 05:59:41 - NCCPRICE - DEBUG - ✅ [ID: 8517] رکورد قیمت NCC به SAR به‌روزرسانی شد
2025-07-17 05:59:41 - NCCPRICE - DEBUG - ✅ [ID: 8517] رکورد قیمت NCC به CNY به‌روزرسانی شد
2025-07-17 05:59:41 - NCCPRICE - DEBUG - ✅ [ID: 8517] رکورد قیمت NCC به KRW به‌روزرسانی شد
2025-07-17 05:59:41 - NCCPRICE - DEBUG - ✅ [ID: 8517] رکورد قیمت NCC به JPY به‌روزرسانی شد
2025-07-17 05:59:41 - NCCPRICE - DEBUG - ✅ [ID: 8517] رکورد قیمت NCC به INR به‌روزرسانی شد
2025-07-17 05:59:41 - NCCPRICE - DEBUG - ✅ [ID: 8517] رکورد قیمت NCC به RUB به‌روزرسانی شد
2025-07-17 05:59:41 - NCCPRICE - DEBUG - ✅ [ID: 8517] رکورد قیمت NCC به IQD به‌روزرسانی شد
2025-07-17 05:59:41 - NCCPRICE - DEBUG - ✅ [ID: 8517] رکورد قیمت NCC به TND به‌روزرسانی شد
2025-07-17 05:59:41 - NCCPRICE - DEBUG - ✅ [ID: 8517] رکورد قیمت NCC به BHD به‌روزرسانی شد
2025-07-17 05:59:41 - NCCPRICE - INFO - Trying to update price for currency_id: 8519
2025-07-17 05:59:41 - NCCPRICE - DEBUG - ✅ [ID: 8519] رکورد قیمت NCC به USD به‌روزرسانی شد
2025-07-17 05:59:41 - NCCPRICE - DEBUG - ✅ [ID: 8519] رکورد قیمت NCC به CAD به‌روزرسانی شد
2025-07-17 05:59:41 - NCCPRICE - DEBUG - ✅ [ID: 8519] رکورد قیمت NCC به AUD به‌روزرسانی شد
2025-07-17 05:59:41 - NCCPRICE - DEBUG - ✅ [ID: 8519] رکورد قیمت NCC به GBP به‌روزرسانی شد
2025-07-17 05:59:41 - NCCPRICE - DEBUG - ✅ [ID: 8519] رکورد قیمت NCC به EUR به‌روزرسانی شد
2025-07-17 05:59:41 - NCCPRICE - DEBUG - ✅ [ID: 8519] رکورد قیمت NCC به KWD به‌روزرسانی شد
2025-07-17 05:59:41 - NCCPRICE - DEBUG - ✅ [ID: 8519] رکورد قیمت NCC به TRY به‌روزرسانی شد
2025-07-17 05:59:41 - NCCPRICE - DEBUG - ✅ [ID: 8519] رکورد قیمت NCC به SAR به‌روزرسانی شد
2025-07-17 05:59:41 - NCCPRICE - DEBUG - ✅ [ID: 8519] رکورد قیمت NCC به CNY به‌روزرسانی شد
2025-07-17 05:59:41 - NCCPRICE - DEBUG - ✅ [ID: 8519] رکورد قیمت NCC به KRW به‌روزرسانی شد
2025-07-17 05:59:41 - NCCPRICE - DEBUG - ✅ [ID: 8519] رکورد قیمت NCC به JPY به‌روزرسانی شد
2025-07-17 05:59:41 - NCCPRICE - DEBUG - ✅ [ID: 8519] رکورد قیمت NCC به INR به‌روزرسانی شد
2025-07-17 05:59:41 - NCCPRICE - DEBUG - ✅ [ID: 8519] رکورد قیمت NCC به RUB به‌روزرسانی شد
2025-07-17 05:59:41 - NCCPRICE - DEBUG - ✅ [ID: 8519] رکورد قیمت NCC به IQD به‌روزرسانی شد
2025-07-17 05:59:41 - NCCPRICE - DEBUG - ✅ [ID: 8519] رکورد قیمت NCC به TND به‌روزرسانی شد
2025-07-17 05:59:41 - NCCPRICE - DEBUG - ✅ [ID: 8519] رکورد قیمت NCC به BHD به‌روزرسانی شد
2025-07-17 06:00:41 - NCCPRICE - INFO - 🔄 شروع به‌روزرسانی قیمت NCC برای تمام واحدهای پولی...
2025-07-17 06:00:41 - NCCPRICE - DEBUG - محاسبه تغییر بر اساس تاریخچه داخلی: $0.22575402 -> $0.22575953
2025-07-17 06:00:41 - NCCPRICE - INFO - 📈 قیمت جدید NCC (USD): $0.22575953, تغییر 24 ساعته: +0.00%
2025-07-17 06:00:41 - NCCPRICE - INFO - NCC_CURRENCY_IDS at start: [8517, 8519]
2025-07-17 06:00:41 - NCCPRICE - INFO - Trying to update price for currency_id: 8517
2025-07-17 06:00:41 - NCCPRICE - DEBUG - ✅ [ID: 8517] رکورد قیمت NCC به USD به‌روزرسانی شد
2025-07-17 06:00:41 - NCCPRICE - DEBUG - ✅ [ID: 8517] رکورد قیمت NCC به CAD به‌روزرسانی شد
2025-07-17 06:00:41 - NCCPRICE - DEBUG - ✅ [ID: 8517] رکورد قیمت NCC به AUD به‌روزرسانی شد
2025-07-17 06:00:41 - NCCPRICE - DEBUG - ✅ [ID: 8517] رکورد قیمت NCC به GBP به‌روزرسانی شد
2025-07-17 06:00:41 - NCCPRICE - DEBUG - ✅ [ID: 8517] رکورد قیمت NCC به EUR به‌روزرسانی شد
2025-07-17 06:00:41 - NCCPRICE - DEBUG - ✅ [ID: 8517] رکورد قیمت NCC به KWD به‌روزرسانی شد
2025-07-17 06:00:41 - NCCPRICE - DEBUG - ✅ [ID: 8517] رکورد قیمت NCC به TRY به‌روزرسانی شد
2025-07-17 06:00:41 - NCCPRICE - DEBUG - ✅ [ID: 8517] رکورد قیمت NCC به SAR به‌روزرسانی شد
2025-07-17 06:00:41 - NCCPRICE - DEBUG - ✅ [ID: 8517] رکورد قیمت NCC به CNY به‌روزرسانی شد
2025-07-17 06:00:41 - NCCPRICE - DEBUG - ✅ [ID: 8517] رکورد قیمت NCC به KRW به‌روزرسانی شد
2025-07-17 06:00:41 - NCCPRICE - DEBUG - ✅ [ID: 8517] رکورد قیمت NCC به JPY به‌روزرسانی شد
2025-07-17 06:00:41 - NCCPRICE - DEBUG - ✅ [ID: 8517] رکورد قیمت NCC به INR به‌روزرسانی شد
2025-07-17 06:00:41 - NCCPRICE - DEBUG - ✅ [ID: 8517] رکورد قیمت NCC به RUB به‌روزرسانی شد
2025-07-17 06:00:41 - NCCPRICE - DEBUG - ✅ [ID: 8517] رکورد قیمت NCC به IQD به‌روزرسانی شد
2025-07-17 06:00:41 - NCCPRICE - DEBUG - ✅ [ID: 8517] رکورد قیمت NCC به TND به‌روزرسانی شد
2025-07-17 06:00:41 - NCCPRICE - DEBUG - ✅ [ID: 8517] رکورد قیمت NCC به BHD به‌روزرسانی شد
2025-07-17 06:00:41 - NCCPRICE - INFO - Trying to update price for currency_id: 8519
2025-07-17 06:00:41 - NCCPRICE - DEBUG - ✅ [ID: 8519] رکورد قیمت NCC به USD به‌روزرسانی شد
2025-07-17 06:00:41 - NCCPRICE - DEBUG - ✅ [ID: 8519] رکورد قیمت NCC به CAD به‌روزرسانی شد
2025-07-17 06:00:41 - NCCPRICE - DEBUG - ✅ [ID: 8519] رکورد قیمت NCC به AUD به‌روزرسانی شد
2025-07-17 06:00:41 - NCCPRICE - DEBUG - ✅ [ID: 8519] رکورد قیمت NCC به GBP به‌روزرسانی شد
2025-07-17 06:00:41 - NCCPRICE - DEBUG - ✅ [ID: 8519] رکورد قیمت NCC به EUR به‌روزرسانی شد
2025-07-17 06:00:41 - NCCPRICE - DEBUG - ✅ [ID: 8519] رکورد قیمت NCC به KWD به‌روزرسانی شد
2025-07-17 06:00:41 - NCCPRICE - DEBUG - ✅ [ID: 8519] رکورد قیمت NCC به TRY به‌روزرسانی شد
2025-07-17 06:00:41 - NCCPRICE - DEBUG - ✅ [ID: 8519] رکورد قیمت NCC به SAR به‌روزرسانی شد
2025-07-17 06:00:41 - NCCPRICE - DEBUG - ✅ [ID: 8519] رکورد قیمت NCC به CNY به‌روزرسانی شد
2025-07-17 06:00:41 - NCCPRICE - DEBUG - ✅ [ID: 8519] رکورد قیمت NCC به KRW به‌روزرسانی شد
2025-07-17 06:00:41 - NCCPRICE - DEBUG - ✅ [ID: 8519] رکورد قیمت NCC به JPY به‌روزرسانی شد
2025-07-17 06:00:41 - NCCPRICE - DEBUG - ✅ [ID: 8519] رکورد قیمت NCC به INR به‌روزرسانی شد
2025-07-17 06:00:41 - NCCPRICE - DEBUG - ✅ [ID: 8519] رکورد قیمت NCC به RUB به‌روزرسانی شد
2025-07-17 06:00:41 - NCCPRICE - DEBUG - ✅ [ID: 8519] رکورد قیمت NCC به IQD به‌روزرسانی شد
2025-07-17 06:00:41 - NCCPRICE - DEBUG - ✅ [ID: 8519] رکورد قیمت NCC به TND به‌روزرسانی شد
2025-07-17 06:00:41 - NCCPRICE - DEBUG - ✅ [ID: 8519] رکورد قیمت NCC به BHD به‌روزرسانی شد
2025-07-17 06:01:41 - NCCPRICE - INFO - 🔄 شروع به‌روزرسانی قیمت NCC برای تمام واحدهای پولی...
2025-07-17 06:01:41 - NCCPRICE - DEBUG - محاسبه تغییر بر اساس تاریخچه داخلی: $0.22572954 -> $0.22579363
2025-07-17 06:01:41 - NCCPRICE - INFO - 📈 قیمت جدید NCC (USD): $0.22579363, تغییر 24 ساعته: +0.03%
2025-07-17 06:01:41 - NCCPRICE - INFO - NCC_CURRENCY_IDS at start: [8517, 8519]
2025-07-17 06:01:41 - NCCPRICE - INFO - Trying to update price for currency_id: 8517
2025-07-17 06:01:41 - NCCPRICE - DEBUG - ✅ [ID: 8517] رکورد قیمت NCC به USD به‌روزرسانی شد
2025-07-17 06:01:41 - NCCPRICE - DEBUG - ✅ [ID: 8517] رکورد قیمت NCC به CAD به‌روزرسانی شد
2025-07-17 06:01:41 - NCCPRICE - DEBUG - ✅ [ID: 8517] رکورد قیمت NCC به AUD به‌روزرسانی شد
2025-07-17 06:01:41 - NCCPRICE - DEBUG - ✅ [ID: 8517] رکورد قیمت NCC به GBP به‌روزرسانی شد
2025-07-17 06:01:41 - NCCPRICE - DEBUG - ✅ [ID: 8517] رکورد قیمت NCC به EUR به‌روزرسانی شد
2025-07-17 06:01:41 - NCCPRICE - DEBUG - ✅ [ID: 8517] رکورد قیمت NCC به KWD به‌روزرسانی شد
2025-07-17 06:01:41 - NCCPRICE - DEBUG - ✅ [ID: 8517] رکورد قیمت NCC به TRY به‌روزرسانی شد
2025-07-17 06:01:41 - NCCPRICE - DEBUG - ✅ [ID: 8517] رکورد قیمت NCC به SAR به‌روزرسانی شد
2025-07-17 06:01:41 - NCCPRICE - DEBUG - ✅ [ID: 8517] رکورد قیمت NCC به CNY به‌روزرسانی شد
2025-07-17 06:01:41 - NCCPRICE - DEBUG - ✅ [ID: 8517] رکورد قیمت NCC به KRW به‌روزرسانی شد
2025-07-17 06:01:41 - NCCPRICE - DEBUG - ✅ [ID: 8517] رکورد قیمت NCC به JPY به‌روزرسانی شد
2025-07-17 06:01:41 - NCCPRICE - DEBUG - ✅ [ID: 8517] رکورد قیمت NCC به INR به‌روزرسانی شد
2025-07-17 06:01:41 - NCCPRICE - DEBUG - ✅ [ID: 8517] رکورد قیمت NCC به RUB به‌روزرسانی شد
2025-07-17 06:01:41 - NCCPRICE - DEBUG - ✅ [ID: 8517] رکورد قیمت NCC به IQD به‌روزرسانی شد
2025-07-17 06:01:41 - NCCPRICE - DEBUG - ✅ [ID: 8517] رکورد قیمت NCC به TND به‌روزرسانی شد
2025-07-17 06:01:41 - NCCPRICE - DEBUG - ✅ [ID: 8517] رکورد قیمت NCC به BHD به‌روزرسانی شد
2025-07-17 06:01:41 - NCCPRICE - INFO - Trying to update price for currency_id: 8519
2025-07-17 06:01:41 - NCCPRICE - DEBUG - ✅ [ID: 8519] رکورد قیمت NCC به USD به‌روزرسانی شد
2025-07-17 06:01:41 - NCCPRICE - DEBUG - ✅ [ID: 8519] رکورد قیمت NCC به CAD به‌روزرسانی شد
2025-07-17 06:01:41 - NCCPRICE - DEBUG - ✅ [ID: 8519] رکورد قیمت NCC به AUD به‌روزرسانی شد
2025-07-17 06:01:41 - NCCPRICE - DEBUG - ✅ [ID: 8519] رکورد قیمت NCC به GBP به‌روزرسانی شد
2025-07-17 06:01:41 - NCCPRICE - DEBUG - ✅ [ID: 8519] رکورد قیمت NCC به EUR به‌روزرسانی شد
2025-07-17 06:01:41 - NCCPRICE - DEBUG - ✅ [ID: 8519] رکورد قیمت NCC به KWD به‌روزرسانی شد
2025-07-17 06:01:41 - NCCPRICE - DEBUG - ✅ [ID: 8519] رکورد قیمت NCC به TRY به‌روزرسانی شد
2025-07-17 06:01:41 - NCCPRICE - DEBUG - ✅ [ID: 8519] رکورد قیمت NCC به SAR به‌روزرسانی شد
2025-07-17 06:01:41 - NCCPRICE - DEBUG - ✅ [ID: 8519] رکورد قیمت NCC به CNY به‌روزرسانی شد
2025-07-17 06:01:41 - NCCPRICE - DEBUG - ✅ [ID: 8519] رکورد قیمت NCC به KRW به‌روزرسانی شد
2025-07-17 06:01:41 - NCCPRICE - DEBUG - ✅ [ID: 8519] رکورد قیمت NCC به JPY به‌روزرسانی شد
2025-07-17 06:01:41 - NCCPRICE - DEBUG - ✅ [ID: 8519] رکورد قیمت NCC به INR به‌روزرسانی شد
2025-07-17 06:01:41 - NCCPRICE - DEBUG - ✅ [ID: 8519] رکورد قیمت NCC به RUB به‌روزرسانی شد
2025-07-17 06:01:41 - NCCPRICE - DEBUG - ✅ [ID: 8519] رکورد قیمت NCC به IQD به‌روزرسانی شد
2025-07-17 06:01:41 - NCCPRICE - DEBUG - ✅ [ID: 8519] رکورد قیمت NCC به TND به‌روزرسانی شد
2025-07-17 06:01:41 - NCCPRICE - DEBUG - ✅ [ID: 8519] رکورد قیمت NCC به BHD به‌روزرسانی شد
2025-07-17 06:02:41 - NCCPRICE - INFO - 🔄 شروع به‌روزرسانی قیمت NCC برای تمام واحدهای پولی...
2025-07-17 06:02:41 - NCCPRICE - DEBUG - محاسبه تغییر بر اساس تاریخچه داخلی: $0.22575953 -> $0.22581785
2025-07-17 06:02:41 - NCCPRICE - INFO - 📈 قیمت جدید NCC (USD): $0.22581785, تغییر 24 ساعته: +0.03%
2025-07-17 06:02:41 - NCCPRICE - INFO - NCC_CURRENCY_IDS at start: [8517, 8519]
2025-07-17 06:02:41 - NCCPRICE - INFO - Trying to update price for currency_id: 8517
2025-07-17 06:02:41 - NCCPRICE - ERROR - ❌ خطا در به‌روزرسانی قیمت ارز 8517 به USD: (mysql.connector.errors.OperationalError) MySQL Connection not available.
[SQL: SELECT prices.id AS prices_id, prices.crypto_id AS prices_crypto_id, prices.currency AS prices_currency, prices.price AS prices_price, prices.market_cap AS prices_market_cap, prices.volume_24h AS prices_volume_24h, prices.change_1h AS prices_change_1h, prices.change_24h AS prices_change_24h, prices.change_7d AS prices_change_7d, prices.last_updated AS prices_last_updated 
FROM prices 
WHERE prices.crypto_id = %(crypto_id_1)s AND prices.currency = %(currency_1)s 
 LIMIT %(param_1)s]
[parameters: [{}]]
(Background on this error at: https://sqlalche.me/e/20/e3q8)
2025-07-17 06:02:41 - NCCPRICE - ERROR - ❌ خطا در به‌روزرسانی قیمت ارز 8517 به CAD: Can't reconnect until invalid transaction is rolled back.  Please rollback() fully before proceeding (Background on this error at: https://sqlalche.me/e/20/8s2b)
2025-07-17 06:02:41 - NCCPRICE - ERROR - ❌ خطا در به‌روزرسانی قیمت ارز 8517 به AUD: Can't reconnect until invalid transaction is rolled back.  Please rollback() fully before proceeding (Background on this error at: https://sqlalche.me/e/20/8s2b)
2025-07-17 06:02:41 - NCCPRICE - ERROR - ❌ خطا در به‌روزرسانی قیمت ارز 8517 به GBP: Can't reconnect until invalid transaction is rolled back.  Please rollback() fully before proceeding (Background on this error at: https://sqlalche.me/e/20/8s2b)
2025-07-17 06:02:41 - NCCPRICE - ERROR - ❌ خطا در به‌روزرسانی قیمت ارز 8517 به EUR: Can't reconnect until invalid transaction is rolled back.  Please rollback() fully before proceeding (Background on this error at: https://sqlalche.me/e/20/8s2b)
2025-07-17 06:02:41 - NCCPRICE - ERROR - ❌ خطا در به‌روزرسانی قیمت ارز 8517 به KWD: Can't reconnect until invalid transaction is rolled back.  Please rollback() fully before proceeding (Background on this error at: https://sqlalche.me/e/20/8s2b)
2025-07-17 06:02:41 - NCCPRICE - ERROR - ❌ خطا در به‌روزرسانی قیمت ارز 8517 به TRY: Can't reconnect until invalid transaction is rolled back.  Please rollback() fully before proceeding (Background on this error at: https://sqlalche.me/e/20/8s2b)
2025-07-17 06:02:41 - NCCPRICE - ERROR - ❌ خطا در به‌روزرسانی قیمت ارز 8517 به SAR: Can't reconnect until invalid transaction is rolled back.  Please rollback() fully before proceeding (Background on this error at: https://sqlalche.me/e/20/8s2b)
2025-07-17 06:02:41 - NCCPRICE - ERROR - ❌ خطا در به‌روزرسانی قیمت ارز 8517 به CNY: Can't reconnect until invalid transaction is rolled back.  Please rollback() fully before proceeding (Background on this error at: https://sqlalche.me/e/20/8s2b)
2025-07-17 06:02:41 - NCCPRICE - ERROR - ❌ خطا در به‌روزرسانی قیمت ارز 8517 به KRW: Can't reconnect until invalid transaction is rolled back.  Please rollback() fully before proceeding (Background on this error at: https://sqlalche.me/e/20/8s2b)
2025-07-17 06:02:41 - NCCPRICE - ERROR - ❌ خطا در به‌روزرسانی قیمت ارز 8517 به JPY: Can't reconnect until invalid transaction is rolled back.  Please rollback() fully before proceeding (Background on this error at: https://sqlalche.me/e/20/8s2b)
2025-07-17 06:02:41 - NCCPRICE - ERROR - ❌ خطا در به‌روزرسانی قیمت ارز 8517 به INR: Can't reconnect until invalid transaction is rolled back.  Please rollback() fully before proceeding (Background on this error at: https://sqlalche.me/e/20/8s2b)
2025-07-17 06:02:41 - NCCPRICE - ERROR - ❌ خطا در به‌روزرسانی قیمت ارز 8517 به RUB: Can't reconnect until invalid transaction is rolled back.  Please rollback() fully before proceeding (Background on this error at: https://sqlalche.me/e/20/8s2b)
2025-07-17 06:02:41 - NCCPRICE - ERROR - ❌ خطا در به‌روزرسانی قیمت ارز 8517 به IQD: Can't reconnect until invalid transaction is rolled back.  Please rollback() fully before proceeding (Background on this error at: https://sqlalche.me/e/20/8s2b)
2025-07-17 06:02:41 - NCCPRICE - ERROR - ❌ خطا در به‌روزرسانی قیمت ارز 8517 به TND: Can't reconnect until invalid transaction is rolled back.  Please rollback() fully before proceeding (Background on this error at: https://sqlalche.me/e/20/8s2b)
2025-07-17 06:02:41 - NCCPRICE - ERROR - ❌ خطا در به‌روزرسانی قیمت ارز 8517 به BHD: Can't reconnect until invalid transaction is rolled back.  Please rollback() fully before proceeding (Background on this error at: https://sqlalche.me/e/20/8s2b)
2025-07-17 06:02:41 - NCCPRICE - INFO - Trying to update price for currency_id: 8519
2025-07-17 06:02:41 - NCCPRICE - ERROR - ❌ خطا در به‌روزرسانی قیمت ارز 8519 به USD: Can't reconnect until invalid transaction is rolled back.  Please rollback() fully before proceeding (Background on this error at: https://sqlalche.me/e/20/8s2b)
2025-07-17 06:02:41 - NCCPRICE - ERROR - ❌ خطا در به‌روزرسانی قیمت ارز 8519 به CAD: Can't reconnect until invalid transaction is rolled back.  Please rollback() fully before proceeding (Background on this error at: https://sqlalche.me/e/20/8s2b)
2025-07-17 06:02:41 - NCCPRICE - ERROR - ❌ خطا در به‌روزرسانی قیمت ارز 8519 به AUD: Can't reconnect until invalid transaction is rolled back.  Please rollback() fully before proceeding (Background on this error at: https://sqlalche.me/e/20/8s2b)
2025-07-17 06:02:41 - NCCPRICE - ERROR - ❌ خطا در به‌روزرسانی قیمت ارز 8519 به GBP: Can't reconnect until invalid transaction is rolled back.  Please rollback() fully before proceeding (Background on this error at: https://sqlalche.me/e/20/8s2b)
2025-07-17 06:02:41 - NCCPRICE - ERROR - ❌ خطا در به‌روزرسانی قیمت ارز 8519 به EUR: Can't reconnect until invalid transaction is rolled back.  Please rollback() fully before proceeding (Background on this error at: https://sqlalche.me/e/20/8s2b)
2025-07-17 06:02:41 - NCCPRICE - ERROR - ❌ خطا در به‌روزرسانی قیمت ارز 8519 به KWD: Can't reconnect until invalid transaction is rolled back.  Please rollback() fully before proceeding (Background on this error at: https://sqlalche.me/e/20/8s2b)
2025-07-17 06:02:41 - NCCPRICE - ERROR - ❌ خطا در به‌روزرسانی قیمت ارز 8519 به TRY: Can't reconnect until invalid transaction is rolled back.  Please rollback() fully before proceeding (Background on this error at: https://sqlalche.me/e/20/8s2b)
2025-07-17 06:02:41 - NCCPRICE - ERROR - ❌ خطا در به‌روزرسانی قیمت ارز 8519 به SAR: Can't reconnect until invalid transaction is rolled back.  Please rollback() fully before proceeding (Background on this error at: https://sqlalche.me/e/20/8s2b)
2025-07-17 06:02:41 - NCCPRICE - ERROR - ❌ خطا در به‌روزرسانی قیمت ارز 8519 به CNY: Can't reconnect until invalid transaction is rolled back.  Please rollback() fully before proceeding (Background on this error at: https://sqlalche.me/e/20/8s2b)
2025-07-17 06:02:41 - NCCPRICE - ERROR - ❌ خطا در به‌روزرسانی قیمت ارز 8519 به KRW: Can't reconnect until invalid transaction is rolled back.  Please rollback() fully before proceeding (Background on this error at: https://sqlalche.me/e/20/8s2b)
2025-07-17 06:02:41 - NCCPRICE - ERROR - ❌ خطا در به‌روزرسانی قیمت ارز 8519 به JPY: Can't reconnect until invalid transaction is rolled back.  Please rollback() fully before proceeding (Background on this error at: https://sqlalche.me/e/20/8s2b)
2025-07-17 06:02:41 - NCCPRICE - ERROR - ❌ خطا در به‌روزرسانی قیمت ارز 8519 به INR: Can't reconnect until invalid transaction is rolled back.  Please rollback() fully before proceeding (Background on this error at: https://sqlalche.me/e/20/8s2b)
2025-07-17 06:02:41 - NCCPRICE - ERROR - ❌ خطا در به‌روزرسانی قیمت ارز 8519 به RUB: Can't reconnect until invalid transaction is rolled back.  Please rollback() fully before proceeding (Background on this error at: https://sqlalche.me/e/20/8s2b)
2025-07-17 06:02:41 - NCCPRICE - ERROR - ❌ خطا در به‌روزرسانی قیمت ارز 8519 به IQD: Can't reconnect until invalid transaction is rolled back.  Please rollback() fully before proceeding (Background on this error at: https://sqlalche.me/e/20/8s2b)
2025-07-17 06:02:41 - NCCPRICE - ERROR - ❌ خطا در به‌روزرسانی قیمت ارز 8519 به TND: Can't reconnect until invalid transaction is rolled back.  Please rollback() fully before proceeding (Background on this error at: https://sqlalche.me/e/20/8s2b)
2025-07-17 06:02:41 - NCCPRICE - ERROR - ❌ خطا در به‌روزرسانی قیمت ارز 8519 به BHD: Can't reconnect until invalid transaction is rolled back.  Please rollback() fully before proceeding (Background on this error at: https://sqlalche.me/e/20/8s2b)
2025-07-17 06:02:41 - NCCPRICE - ERROR - ❌ خطا در به‌روزرسانی قیمت‌های NCC: Can't reconnect until invalid transaction is rolled back.  Please rollback() fully before proceeding (Background on this error at: https://sqlalche.me/e/20/8s2b)
