2025-07-16 07:08:46 - Recive - DEBUG - Logger initialized for Recive at level DEBUG
2025-07-16 07:08:46 - Recive - INFO - Initializing receive transaction module
2025-07-16 07:08:47 - Recive - INFO - Initializing receive transaction module
2025-07-16 07:08:57 - Recive - DEBUG - Logger initialized for Recive at level DEBUG
2025-07-16 07:08:57 - Recive - INFO - Initializing receive transaction module
2025-07-16 07:08:59 - Recive - INFO - Initializing receive transaction module
2025-07-16 07:09:11 - Recive - DEBUG - Logger initialized for Recive at level DEBUG
2025-07-16 07:09:11 - Recive - INFO - Initializing receive transaction module
2025-07-16 07:09:13 - Recive - INFO - Initializing receive transaction module
2025-07-16 15:11:49 - Recive - ERROR - Error in get_user_address: (mysql.connector.errors.DatabaseError) 2003 (HY000): Can't connect to MySQL server on 'localhost:3306' (111)
(Background on this error at: https://sqlalche.me/e/20/4xp6)
2025-07-16 15:11:49 - Recive - WARNING - No address found for user a761a575-24d9-43ad-ac58-5e5516ca6118 on blockchain Tron
2025-07-16 16:58:51 - Recive - DEBUG - Logger initialized for Recive at level DEBUG
2025-07-16 16:58:51 - Recive - INFO - Initializing receive transaction module
2025-07-16 16:58:52 - Recive - INFO - Initializing receive transaction module
2025-07-16 16:59:02 - Recive - DEBUG - Logger initialized for Recive at level DEBUG
2025-07-16 16:59:02 - Recive - INFO - Initializing receive transaction module
2025-07-16 16:59:04 - Recive - INFO - Initializing receive transaction module
2025-07-16 16:59:16 - Recive - DEBUG - Logger initialized for Recive at level DEBUG
2025-07-16 16:59:16 - Recive - INFO - Initializing receive transaction module
2025-07-16 16:59:17 - Recive - INFO - Initializing receive transaction module
2025-07-16 17:00:23 - Recive - DEBUG - Logger initialized for Recive at level DEBUG
2025-07-16 17:00:23 - Recive - INFO - Initializing receive transaction module
2025-07-16 17:00:24 - Recive - INFO - Initializing receive transaction module
2025-07-16 17:01:47 - Recive - DEBUG - Logger initialized for Recive at level DEBUG
2025-07-16 17:01:47 - Recive - INFO - Initializing receive transaction module
2025-07-16 17:01:48 - Recive - INFO - Initializing receive transaction module
2025-07-16 17:14:59 - Recive - DEBUG - Logger initialized for Recive at level DEBUG
2025-07-16 17:14:59 - Recive - INFO - Initializing receive transaction module
2025-07-16 17:15:00 - Recive - INFO - Initializing receive transaction module
2025-07-16 17:15:53 - Recive - DEBUG - Logger initialized for Recive at level DEBUG
2025-07-16 17:15:53 - Recive - INFO - Initializing receive transaction module
2025-07-16 17:15:54 - Recive - INFO - Initializing receive transaction module
2025-07-16 17:16:24 - Recive - DEBUG - Logger initialized for Recive at level DEBUG
2025-07-16 17:16:24 - Recive - INFO - Initializing receive transaction module
2025-07-16 17:16:25 - Recive - INFO - Initializing receive transaction module
2025-07-16 17:16:49 - Recive - DEBUG - Logger initialized for Recive at level DEBUG
2025-07-16 17:16:49 - Recive - INFO - Initializing receive transaction module
2025-07-16 17:16:50 - Recive - INFO - Initializing receive transaction module
2025-07-16 17:19:55 - Recive - DEBUG - Logger initialized for Recive at level DEBUG
2025-07-16 17:19:55 - Recive - INFO - Initializing receive transaction module
2025-07-16 17:19:56 - Recive - INFO - Initializing receive transaction module
2025-07-16 17:20:32 - Recive - DEBUG - Logger initialized for Recive at level DEBUG
2025-07-16 17:20:32 - Recive - INFO - Initializing receive transaction module
2025-07-16 17:20:34 - Recive - INFO - Initializing receive transaction module
2025-07-16 17:21:17 - Recive - DEBUG - Logger initialized for Recive at level DEBUG
2025-07-16 17:21:17 - Recive - INFO - Initializing receive transaction module
2025-07-16 17:21:19 - Recive - INFO - Initializing receive transaction module
2025-07-16 17:21:59 - Recive - DEBUG - Logger initialized for Recive at level DEBUG
2025-07-16 17:21:59 - Recive - INFO - Initializing receive transaction module
2025-07-16 17:22:01 - Recive - INFO - Initializing receive transaction module
2025-07-16 17:23:03 - Recive - DEBUG - Logger initialized for Recive at level DEBUG
2025-07-16 17:23:03 - Recive - INFO - Initializing receive transaction module
2025-07-16 17:23:04 - Recive - INFO - Initializing receive transaction module
2025-07-16 17:52:53 - Recive - DEBUG - Logger initialized for Recive at level DEBUG
2025-07-16 17:52:53 - Recive - INFO - Initializing receive transaction module
2025-07-16 17:52:54 - Recive - INFO - Initializing receive transaction module
2025-07-16 18:12:55 - Recive - DEBUG - Logger initialized for Recive at level DEBUG
2025-07-16 18:12:55 - Recive - INFO - Initializing receive transaction module
2025-07-16 18:12:56 - Recive - INFO - Initializing receive transaction module
2025-07-16 18:27:44 - Recive - DEBUG - Logger initialized for Recive at level DEBUG
2025-07-16 18:27:44 - Recive - INFO - Initializing receive transaction module
2025-07-16 18:27:44 - Recive - DEBUG - Logger initialized for Recive at level DEBUG
2025-07-16 18:27:44 - Recive - INFO - Initializing receive transaction module
2025-07-16 18:27:44 - Recive - DEBUG - Logger initialized for Recive at level DEBUG
2025-07-16 18:27:44 - Recive - INFO - Initializing receive transaction module
2025-07-16 18:27:46 - Recive - INFO - Initializing receive transaction module
2025-07-16 18:27:46 - Recive - INFO - Initializing receive transaction module
2025-07-16 18:27:46 - Recive - INFO - Initializing receive transaction module
2025-07-16 18:29:55 - Recive - DEBUG - Logger initialized for Recive at level DEBUG
2025-07-16 18:29:55 - Recive - INFO - Initializing receive transaction module
2025-07-16 18:29:55 - Recive - DEBUG - Logger initialized for Recive at level DEBUG
2025-07-16 18:29:55 - Recive - INFO - Initializing receive transaction module
2025-07-16 18:29:56 - Recive - DEBUG - Logger initialized for Recive at level DEBUG
2025-07-16 18:29:56 - Recive - INFO - Initializing receive transaction module
2025-07-16 18:29:57 - Recive - INFO - Initializing receive transaction module
2025-07-16 18:29:57 - Recive - INFO - Initializing receive transaction module
2025-07-16 18:29:57 - Recive - INFO - Initializing receive transaction module
2025-07-16 18:30:54 - Recive - DEBUG - Logger initialized for Recive at level DEBUG
2025-07-16 18:30:54 - Recive - INFO - Initializing receive transaction module
2025-07-16 18:30:55 - Recive - DEBUG - Logger initialized for Recive at level DEBUG
2025-07-16 18:30:55 - Recive - INFO - Initializing receive transaction module
2025-07-16 18:30:55 - Recive - DEBUG - Logger initialized for Recive at level DEBUG
2025-07-16 18:30:55 - Recive - INFO - Initializing receive transaction module
2025-07-16 18:30:56 - Recive - INFO - Initializing receive transaction module
2025-07-16 18:30:56 - Recive - INFO - Initializing receive transaction module
2025-07-16 18:30:56 - Recive - INFO - Initializing receive transaction module
2025-07-16 18:32:35 - Recive - DEBUG - Logger initialized for Recive at level DEBUG
2025-07-16 18:32:35 - Recive - INFO - Initializing receive transaction module
2025-07-16 18:32:36 - Recive - DEBUG - Logger initialized for Recive at level DEBUG
2025-07-16 18:32:36 - Recive - INFO - Initializing receive transaction module
2025-07-16 18:32:36 - Recive - DEBUG - Logger initialized for Recive at level DEBUG
2025-07-16 18:32:36 - Recive - INFO - Initializing receive transaction module
2025-07-16 18:32:38 - Recive - INFO - Initializing receive transaction module
2025-07-16 18:32:38 - Recive - INFO - Initializing receive transaction module
2025-07-16 18:32:38 - Recive - INFO - Initializing receive transaction module
2025-07-16 18:33:43 - Recive - DEBUG - Logger initialized for Recive at level DEBUG
2025-07-16 18:33:43 - Recive - INFO - Initializing receive transaction module
2025-07-16 18:33:43 - Recive - DEBUG - Logger initialized for Recive at level DEBUG
2025-07-16 18:33:43 - Recive - INFO - Initializing receive transaction module
2025-07-16 18:33:43 - Recive - DEBUG - Logger initialized for Recive at level DEBUG
2025-07-16 18:33:43 - Recive - INFO - Initializing receive transaction module
2025-07-16 18:33:45 - Recive - INFO - Initializing receive transaction module
2025-07-16 18:33:45 - Recive - INFO - Initializing receive transaction module
2025-07-16 18:33:45 - Recive - INFO - Initializing receive transaction module
2025-07-16 18:34:41 - Recive - DEBUG - Logger initialized for Recive at level DEBUG
2025-07-16 18:34:41 - Recive - INFO - Initializing receive transaction module
2025-07-16 18:34:42 - Recive - DEBUG - Logger initialized for Recive at level DEBUG
2025-07-16 18:34:42 - Recive - INFO - Initializing receive transaction module
2025-07-16 18:34:42 - Recive - DEBUG - Logger initialized for Recive at level DEBUG
2025-07-16 18:34:42 - Recive - INFO - Initializing receive transaction module
2025-07-16 18:34:43 - Recive - INFO - Initializing receive transaction module
2025-07-16 18:34:44 - Recive - INFO - Initializing receive transaction module
2025-07-16 18:34:44 - Recive - INFO - Initializing receive transaction module
2025-07-16 18:35:53 - Recive - DEBUG - Logger initialized for Recive at level DEBUG
2025-07-16 18:35:53 - Recive - INFO - Initializing receive transaction module
2025-07-16 18:35:53 - Recive - DEBUG - Logger initialized for Recive at level DEBUG
2025-07-16 18:35:53 - Recive - INFO - Initializing receive transaction module
2025-07-16 18:35:53 - Recive - DEBUG - Logger initialized for Recive at level DEBUG
2025-07-16 18:35:53 - Recive - INFO - Initializing receive transaction module
2025-07-16 18:35:55 - Recive - INFO - Initializing receive transaction module
2025-07-16 18:35:55 - Recive - INFO - Initializing receive transaction module
2025-07-16 18:35:55 - Recive - INFO - Initializing receive transaction module
2025-07-16 18:39:23 - Recive - DEBUG - Logger initialized for Recive at level DEBUG
2025-07-16 18:39:23 - Recive - INFO - Initializing receive transaction module
2025-07-16 18:39:23 - Recive - DEBUG - Logger initialized for Recive at level DEBUG
2025-07-16 18:39:23 - Recive - INFO - Initializing receive transaction module
2025-07-16 18:39:24 - Recive - DEBUG - Logger initialized for Recive at level DEBUG
2025-07-16 18:39:24 - Recive - INFO - Initializing receive transaction module
2025-07-16 18:39:25 - Recive - INFO - Initializing receive transaction module
2025-07-16 18:39:26 - Recive - INFO - Initializing receive transaction module
2025-07-16 18:39:26 - Recive - INFO - Initializing receive transaction module
2025-07-16 18:58:03 - Recive - DEBUG - Logger initialized for Recive at level DEBUG
2025-07-16 18:58:03 - Recive - INFO - Initializing receive transaction module
2025-07-16 18:58:04 - Recive - DEBUG - Logger initialized for Recive at level DEBUG
2025-07-16 18:58:04 - Recive - INFO - Initializing receive transaction module
2025-07-16 18:58:04 - Recive - DEBUG - Logger initialized for Recive at level DEBUG
2025-07-16 18:58:04 - Recive - INFO - Initializing receive transaction module
2025-07-16 18:58:05 - Recive - INFO - Initializing receive transaction module
2025-07-16 18:58:06 - Recive - INFO - Initializing receive transaction module
2025-07-16 18:58:06 - Recive - INFO - Initializing receive transaction module
2025-07-16 19:01:28 - Recive - DEBUG - Logger initialized for Recive at level DEBUG
2025-07-16 19:01:28 - Recive - INFO - Initializing receive transaction module
2025-07-16 19:01:29 - Recive - DEBUG - Logger initialized for Recive at level DEBUG
2025-07-16 19:01:29 - Recive - INFO - Initializing receive transaction module
2025-07-16 19:01:29 - Recive - DEBUG - Logger initialized for Recive at level DEBUG
2025-07-16 19:01:29 - Recive - INFO - Initializing receive transaction module
2025-07-16 19:01:30 - Recive - INFO - Initializing receive transaction module
2025-07-16 19:01:31 - Recive - INFO - Initializing receive transaction module
2025-07-16 19:01:31 - Recive - INFO - Initializing receive transaction module
2025-07-16 19:03:37 - Recive - DEBUG - Logger initialized for Recive at level DEBUG
2025-07-16 19:03:37 - Recive - INFO - Initializing receive transaction module
2025-07-16 19:03:38 - Recive - DEBUG - Logger initialized for Recive at level DEBUG
2025-07-16 19:03:38 - Recive - INFO - Initializing receive transaction module
2025-07-16 19:03:38 - Recive - DEBUG - Logger initialized for Recive at level DEBUG
2025-07-16 19:03:38 - Recive - INFO - Initializing receive transaction module
2025-07-16 19:03:39 - Recive - INFO - Initializing receive transaction module
2025-07-16 19:03:40 - Recive - INFO - Initializing receive transaction module
2025-07-16 19:03:40 - Recive - INFO - Initializing receive transaction module
2025-07-16 19:08:40 - Recive - DEBUG - Logger initialized for Recive at level DEBUG
2025-07-16 19:08:40 - Recive - INFO - Initializing receive transaction module
2025-07-16 19:08:40 - Recive - DEBUG - Logger initialized for Recive at level DEBUG
2025-07-16 19:08:40 - Recive - INFO - Initializing receive transaction module
2025-07-16 19:08:40 - Recive - DEBUG - Logger initialized for Recive at level DEBUG
2025-07-16 19:08:40 - Recive - INFO - Initializing receive transaction module
2025-07-16 19:08:47 - Recive - DEBUG - Logger initialized for Recive at level DEBUG
2025-07-16 19:08:47 - Recive - INFO - Initializing receive transaction module
2025-07-16 19:08:47 - Recive - DEBUG - Logger initialized for Recive at level DEBUG
2025-07-16 19:08:47 - Recive - INFO - Initializing receive transaction module
2025-07-16 19:08:47 - Recive - DEBUG - Logger initialized for Recive at level DEBUG
2025-07-16 19:08:47 - Recive - INFO - Initializing receive transaction module
2025-07-16 19:08:52 - Recive - DEBUG - Logger initialized for Recive at level DEBUG
2025-07-16 19:08:52 - Recive - INFO - Initializing receive transaction module
2025-07-16 19:08:53 - Recive - DEBUG - Logger initialized for Recive at level DEBUG
2025-07-16 19:08:53 - Recive - INFO - Initializing receive transaction module
2025-07-16 19:08:53 - Recive - DEBUG - Logger initialized for Recive at level DEBUG
2025-07-16 19:08:53 - Recive - INFO - Initializing receive transaction module
2025-07-16 19:08:58 - Recive - DEBUG - Logger initialized for Recive at level DEBUG
2025-07-16 19:08:58 - Recive - INFO - Initializing receive transaction module
2025-07-16 19:08:58 - Recive - DEBUG - Logger initialized for Recive at level DEBUG
2025-07-16 19:08:58 - Recive - INFO - Initializing receive transaction module
2025-07-16 19:08:58 - Recive - DEBUG - Logger initialized for Recive at level DEBUG
2025-07-16 19:08:58 - Recive - INFO - Initializing receive transaction module
2025-07-16 19:09:04 - Recive - DEBUG - Logger initialized for Recive at level DEBUG
2025-07-16 19:09:04 - Recive - INFO - Initializing receive transaction module
2025-07-16 19:09:04 - Recive - DEBUG - Logger initialized for Recive at level DEBUG
2025-07-16 19:09:04 - Recive - INFO - Initializing receive transaction module
2025-07-16 19:09:04 - Recive - DEBUG - Logger initialized for Recive at level DEBUG
2025-07-16 19:09:04 - Recive - INFO - Initializing receive transaction module
2025-07-16 19:09:08 - Recive - DEBUG - Logger initialized for Recive at level DEBUG
2025-07-16 19:09:08 - Recive - INFO - Initializing receive transaction module
2025-07-16 19:09:08 - Recive - DEBUG - Logger initialized for Recive at level DEBUG
2025-07-16 19:09:08 - Recive - INFO - Initializing receive transaction module
2025-07-16 19:09:08 - Recive - DEBUG - Logger initialized for Recive at level DEBUG
2025-07-16 19:09:08 - Recive - INFO - Initializing receive transaction module
2025-07-16 19:09:14 - Recive - DEBUG - Logger initialized for Recive at level DEBUG
2025-07-16 19:09:14 - Recive - INFO - Initializing receive transaction module
2025-07-16 19:09:14 - Recive - DEBUG - Logger initialized for Recive at level DEBUG
2025-07-16 19:09:14 - Recive - INFO - Initializing receive transaction module
2025-07-16 19:09:15 - Recive - DEBUG - Logger initialized for Recive at level DEBUG
2025-07-16 19:09:15 - Recive - INFO - Initializing receive transaction module
2025-07-16 19:09:19 - Recive - DEBUG - Logger initialized for Recive at level DEBUG
2025-07-16 19:09:19 - Recive - INFO - Initializing receive transaction module
2025-07-16 19:09:19 - Recive - DEBUG - Logger initialized for Recive at level DEBUG
2025-07-16 19:09:19 - Recive - INFO - Initializing receive transaction module
2025-07-16 19:09:19 - Recive - DEBUG - Logger initialized for Recive at level DEBUG
2025-07-16 19:09:19 - Recive - INFO - Initializing receive transaction module
2025-07-16 19:09:24 - Recive - DEBUG - Logger initialized for Recive at level DEBUG
2025-07-16 19:09:24 - Recive - INFO - Initializing receive transaction module
2025-07-16 19:09:24 - Recive - DEBUG - Logger initialized for Recive at level DEBUG
2025-07-16 19:09:24 - Recive - INFO - Initializing receive transaction module
2025-07-16 19:09:24 - Recive - DEBUG - Logger initialized for Recive at level DEBUG
2025-07-16 19:09:24 - Recive - INFO - Initializing receive transaction module
2025-07-16 19:09:28 - Recive - DEBUG - Logger initialized for Recive at level DEBUG
2025-07-16 19:09:28 - Recive - INFO - Initializing receive transaction module
2025-07-16 19:09:28 - Recive - DEBUG - Logger initialized for Recive at level DEBUG
2025-07-16 19:09:28 - Recive - INFO - Initializing receive transaction module
2025-07-16 19:09:28 - Recive - DEBUG - Logger initialized for Recive at level DEBUG
2025-07-16 19:09:28 - Recive - INFO - Initializing receive transaction module
2025-07-16 19:09:33 - Recive - DEBUG - Logger initialized for Recive at level DEBUG
2025-07-16 19:09:33 - Recive - INFO - Initializing receive transaction module
2025-07-16 19:09:33 - Recive - DEBUG - Logger initialized for Recive at level DEBUG
2025-07-16 19:09:33 - Recive - INFO - Initializing receive transaction module
2025-07-16 19:09:33 - Recive - DEBUG - Logger initialized for Recive at level DEBUG
2025-07-16 19:09:33 - Recive - INFO - Initializing receive transaction module
2025-07-16 19:09:38 - Recive - DEBUG - Logger initialized for Recive at level DEBUG
2025-07-16 19:09:38 - Recive - INFO - Initializing receive transaction module
2025-07-16 19:09:39 - Recive - DEBUG - Logger initialized for Recive at level DEBUG
2025-07-16 19:09:39 - Recive - INFO - Initializing receive transaction module
2025-07-16 19:09:39 - Recive - DEBUG - Logger initialized for Recive at level DEBUG
2025-07-16 19:09:39 - Recive - INFO - Initializing receive transaction module
2025-07-16 19:09:43 - Recive - DEBUG - Logger initialized for Recive at level DEBUG
2025-07-16 19:09:43 - Recive - INFO - Initializing receive transaction module
2025-07-16 19:09:43 - Recive - DEBUG - Logger initialized for Recive at level DEBUG
2025-07-16 19:09:43 - Recive - INFO - Initializing receive transaction module
2025-07-16 19:09:43 - Recive - DEBUG - Logger initialized for Recive at level DEBUG
2025-07-16 19:09:43 - Recive - INFO - Initializing receive transaction module
2025-07-16 19:09:47 - Recive - DEBUG - Logger initialized for Recive at level DEBUG
2025-07-16 19:09:47 - Recive - INFO - Initializing receive transaction module
2025-07-16 19:09:48 - Recive - DEBUG - Logger initialized for Recive at level DEBUG
2025-07-16 19:09:48 - Recive - INFO - Initializing receive transaction module
2025-07-16 19:09:48 - Recive - DEBUG - Logger initialized for Recive at level DEBUG
2025-07-16 19:09:48 - Recive - INFO - Initializing receive transaction module
2025-07-16 19:09:52 - Recive - DEBUG - Logger initialized for Recive at level DEBUG
2025-07-16 19:09:52 - Recive - INFO - Initializing receive transaction module
2025-07-16 19:09:52 - Recive - DEBUG - Logger initialized for Recive at level DEBUG
2025-07-16 19:09:52 - Recive - INFO - Initializing receive transaction module
2025-07-16 19:09:52 - Recive - DEBUG - Logger initialized for Recive at level DEBUG
2025-07-16 19:09:52 - Recive - INFO - Initializing receive transaction module
2025-07-16 19:09:56 - Recive - DEBUG - Logger initialized for Recive at level DEBUG
2025-07-16 19:09:56 - Recive - INFO - Initializing receive transaction module
2025-07-16 19:09:56 - Recive - DEBUG - Logger initialized for Recive at level DEBUG
2025-07-16 19:09:56 - Recive - INFO - Initializing receive transaction module
2025-07-16 19:09:56 - Recive - DEBUG - Logger initialized for Recive at level DEBUG
2025-07-16 19:09:56 - Recive - INFO - Initializing receive transaction module
2025-07-16 19:10:02 - Recive - DEBUG - Logger initialized for Recive at level DEBUG
2025-07-16 19:10:02 - Recive - INFO - Initializing receive transaction module
2025-07-16 19:10:02 - Recive - DEBUG - Logger initialized for Recive at level DEBUG
2025-07-16 19:10:02 - Recive - INFO - Initializing receive transaction module
2025-07-16 19:10:02 - Recive - DEBUG - Logger initialized for Recive at level DEBUG
2025-07-16 19:10:02 - Recive - INFO - Initializing receive transaction module
2025-07-16 19:10:07 - Recive - DEBUG - Logger initialized for Recive at level DEBUG
2025-07-16 19:10:07 - Recive - INFO - Initializing receive transaction module
2025-07-16 19:10:07 - Recive - DEBUG - Logger initialized for Recive at level DEBUG
2025-07-16 19:10:07 - Recive - INFO - Initializing receive transaction module
2025-07-16 19:10:07 - Recive - DEBUG - Logger initialized for Recive at level DEBUG
2025-07-16 19:10:07 - Recive - INFO - Initializing receive transaction module
2025-07-16 19:10:16 - Recive - DEBUG - Logger initialized for Recive at level DEBUG
2025-07-16 19:10:16 - Recive - INFO - Initializing receive transaction module
2025-07-16 19:10:16 - Recive - DEBUG - Logger initialized for Recive at level DEBUG
2025-07-16 19:10:16 - Recive - INFO - Initializing receive transaction module
2025-07-16 19:10:16 - Recive - DEBUG - Logger initialized for Recive at level DEBUG
2025-07-16 19:10:16 - Recive - INFO - Initializing receive transaction module
2025-07-16 19:10:21 - Recive - DEBUG - Logger initialized for Recive at level DEBUG
2025-07-16 19:10:21 - Recive - INFO - Initializing receive transaction module
2025-07-16 19:10:21 - Recive - DEBUG - Logger initialized for Recive at level DEBUG
2025-07-16 19:10:21 - Recive - INFO - Initializing receive transaction module
2025-07-16 19:10:21 - Recive - DEBUG - Logger initialized for Recive at level DEBUG
2025-07-16 19:10:21 - Recive - INFO - Initializing receive transaction module
2025-07-16 19:10:25 - Recive - DEBUG - Logger initialized for Recive at level DEBUG
2025-07-16 19:10:25 - Recive - INFO - Initializing receive transaction module
2025-07-16 19:10:26 - Recive - DEBUG - Logger initialized for Recive at level DEBUG
2025-07-16 19:10:26 - Recive - INFO - Initializing receive transaction module
2025-07-16 19:10:26 - Recive - DEBUG - Logger initialized for Recive at level DEBUG
2025-07-16 19:10:26 - Recive - INFO - Initializing receive transaction module
2025-07-16 19:10:30 - Recive - DEBUG - Logger initialized for Recive at level DEBUG
2025-07-16 19:10:30 - Recive - INFO - Initializing receive transaction module
2025-07-16 19:10:30 - Recive - DEBUG - Logger initialized for Recive at level DEBUG
2025-07-16 19:10:30 - Recive - INFO - Initializing receive transaction module
2025-07-16 19:10:30 - Recive - DEBUG - Logger initialized for Recive at level DEBUG
2025-07-16 19:10:30 - Recive - INFO - Initializing receive transaction module
2025-07-16 19:10:34 - Recive - DEBUG - Logger initialized for Recive at level DEBUG
2025-07-16 19:10:34 - Recive - INFO - Initializing receive transaction module
2025-07-16 19:10:35 - Recive - DEBUG - Logger initialized for Recive at level DEBUG
2025-07-16 19:10:35 - Recive - INFO - Initializing receive transaction module
2025-07-16 19:10:35 - Recive - DEBUG - Logger initialized for Recive at level DEBUG
2025-07-16 19:10:35 - Recive - INFO - Initializing receive transaction module
2025-07-16 19:10:40 - Recive - DEBUG - Logger initialized for Recive at level DEBUG
2025-07-16 19:10:40 - Recive - INFO - Initializing receive transaction module
2025-07-16 19:10:40 - Recive - DEBUG - Logger initialized for Recive at level DEBUG
2025-07-16 19:10:40 - Recive - INFO - Initializing receive transaction module
2025-07-16 19:10:41 - Recive - DEBUG - Logger initialized for Recive at level DEBUG
2025-07-16 19:10:41 - Recive - INFO - Initializing receive transaction module
2025-07-16 19:10:46 - Recive - DEBUG - Logger initialized for Recive at level DEBUG
2025-07-16 19:10:46 - Recive - INFO - Initializing receive transaction module
2025-07-16 19:10:46 - Recive - DEBUG - Logger initialized for Recive at level DEBUG
2025-07-16 19:10:46 - Recive - INFO - Initializing receive transaction module
2025-07-16 19:10:46 - Recive - DEBUG - Logger initialized for Recive at level DEBUG
2025-07-16 19:10:46 - Recive - INFO - Initializing receive transaction module
2025-07-16 19:10:51 - Recive - DEBUG - Logger initialized for Recive at level DEBUG
2025-07-16 19:10:51 - Recive - INFO - Initializing receive transaction module
2025-07-16 19:10:51 - Recive - DEBUG - Logger initialized for Recive at level DEBUG
2025-07-16 19:10:51 - Recive - INFO - Initializing receive transaction module
2025-07-16 19:10:51 - Recive - DEBUG - Logger initialized for Recive at level DEBUG
2025-07-16 19:10:51 - Recive - INFO - Initializing receive transaction module
2025-07-16 19:10:55 - Recive - DEBUG - Logger initialized for Recive at level DEBUG
2025-07-16 19:10:55 - Recive - INFO - Initializing receive transaction module
2025-07-16 19:10:56 - Recive - DEBUG - Logger initialized for Recive at level DEBUG
2025-07-16 19:10:56 - Recive - INFO - Initializing receive transaction module
2025-07-16 19:10:56 - Recive - DEBUG - Logger initialized for Recive at level DEBUG
2025-07-16 19:10:56 - Recive - INFO - Initializing receive transaction module
2025-07-16 19:11:01 - Recive - DEBUG - Logger initialized for Recive at level DEBUG
2025-07-16 19:11:01 - Recive - INFO - Initializing receive transaction module
2025-07-16 19:11:01 - Recive - DEBUG - Logger initialized for Recive at level DEBUG
2025-07-16 19:11:01 - Recive - INFO - Initializing receive transaction module
2025-07-16 19:11:02 - Recive - DEBUG - Logger initialized for Recive at level DEBUG
2025-07-16 19:11:02 - Recive - INFO - Initializing receive transaction module
2025-07-16 19:11:06 - Recive - DEBUG - Logger initialized for Recive at level DEBUG
2025-07-16 19:11:06 - Recive - INFO - Initializing receive transaction module
2025-07-16 19:11:06 - Recive - DEBUG - Logger initialized for Recive at level DEBUG
2025-07-16 19:11:06 - Recive - INFO - Initializing receive transaction module
2025-07-16 19:11:06 - Recive - DEBUG - Logger initialized for Recive at level DEBUG
2025-07-16 19:11:06 - Recive - INFO - Initializing receive transaction module
2025-07-16 19:11:11 - Recive - DEBUG - Logger initialized for Recive at level DEBUG
2025-07-16 19:11:11 - Recive - INFO - Initializing receive transaction module
2025-07-16 19:11:11 - Recive - DEBUG - Logger initialized for Recive at level DEBUG
2025-07-16 19:11:11 - Recive - INFO - Initializing receive transaction module
2025-07-16 19:11:11 - Recive - DEBUG - Logger initialized for Recive at level DEBUG
2025-07-16 19:11:11 - Recive - INFO - Initializing receive transaction module
2025-07-16 19:11:17 - Recive - DEBUG - Logger initialized for Recive at level DEBUG
2025-07-16 19:11:17 - Recive - INFO - Initializing receive transaction module
2025-07-16 19:11:17 - Recive - DEBUG - Logger initialized for Recive at level DEBUG
2025-07-16 19:11:17 - Recive - INFO - Initializing receive transaction module
2025-07-16 19:11:17 - Recive - DEBUG - Logger initialized for Recive at level DEBUG
2025-07-16 19:11:17 - Recive - INFO - Initializing receive transaction module
2025-07-16 19:11:22 - Recive - DEBUG - Logger initialized for Recive at level DEBUG
2025-07-16 19:11:22 - Recive - INFO - Initializing receive transaction module
2025-07-16 19:11:22 - Recive - DEBUG - Logger initialized for Recive at level DEBUG
2025-07-16 19:11:22 - Recive - INFO - Initializing receive transaction module
2025-07-16 19:11:22 - Recive - DEBUG - Logger initialized for Recive at level DEBUG
2025-07-16 19:11:22 - Recive - INFO - Initializing receive transaction module
2025-07-16 19:11:26 - Recive - DEBUG - Logger initialized for Recive at level DEBUG
2025-07-16 19:11:26 - Recive - INFO - Initializing receive transaction module
2025-07-16 19:11:26 - Recive - DEBUG - Logger initialized for Recive at level DEBUG
2025-07-16 19:11:26 - Recive - INFO - Initializing receive transaction module
2025-07-16 19:11:26 - Recive - DEBUG - Logger initialized for Recive at level DEBUG
2025-07-16 19:11:26 - Recive - INFO - Initializing receive transaction module
2025-07-16 19:11:31 - Recive - DEBUG - Logger initialized for Recive at level DEBUG
2025-07-16 19:11:31 - Recive - INFO - Initializing receive transaction module
2025-07-16 19:11:31 - Recive - DEBUG - Logger initialized for Recive at level DEBUG
2025-07-16 19:11:31 - Recive - INFO - Initializing receive transaction module
2025-07-16 19:11:31 - Recive - DEBUG - Logger initialized for Recive at level DEBUG
2025-07-16 19:11:31 - Recive - INFO - Initializing receive transaction module
2025-07-16 19:11:35 - Recive - DEBUG - Logger initialized for Recive at level DEBUG
2025-07-16 19:11:35 - Recive - INFO - Initializing receive transaction module
2025-07-16 19:11:35 - Recive - DEBUG - Logger initialized for Recive at level DEBUG
2025-07-16 19:11:35 - Recive - INFO - Initializing receive transaction module
2025-07-16 19:11:36 - Recive - DEBUG - Logger initialized for Recive at level DEBUG
2025-07-16 19:11:36 - Recive - INFO - Initializing receive transaction module
2025-07-16 19:11:41 - Recive - DEBUG - Logger initialized for Recive at level DEBUG
2025-07-16 19:11:41 - Recive - INFO - Initializing receive transaction module
2025-07-16 19:11:41 - Recive - DEBUG - Logger initialized for Recive at level DEBUG
2025-07-16 19:11:41 - Recive - INFO - Initializing receive transaction module
2025-07-16 19:11:41 - Recive - DEBUG - Logger initialized for Recive at level DEBUG
2025-07-16 19:11:41 - Recive - INFO - Initializing receive transaction module
2025-07-16 19:11:47 - Recive - DEBUG - Logger initialized for Recive at level DEBUG
2025-07-16 19:11:47 - Recive - INFO - Initializing receive transaction module
2025-07-16 19:11:47 - Recive - DEBUG - Logger initialized for Recive at level DEBUG
2025-07-16 19:11:47 - Recive - INFO - Initializing receive transaction module
2025-07-16 19:11:47 - Recive - DEBUG - Logger initialized for Recive at level DEBUG
2025-07-16 19:11:47 - Recive - INFO - Initializing receive transaction module
2025-07-16 19:11:51 - Recive - DEBUG - Logger initialized for Recive at level DEBUG
2025-07-16 19:11:51 - Recive - INFO - Initializing receive transaction module
2025-07-16 19:11:52 - Recive - DEBUG - Logger initialized for Recive at level DEBUG
2025-07-16 19:11:52 - Recive - INFO - Initializing receive transaction module
2025-07-16 19:11:52 - Recive - DEBUG - Logger initialized for Recive at level DEBUG
2025-07-16 19:11:52 - Recive - INFO - Initializing receive transaction module
2025-07-16 19:11:56 - Recive - DEBUG - Logger initialized for Recive at level DEBUG
2025-07-16 19:11:56 - Recive - INFO - Initializing receive transaction module
2025-07-16 19:11:56 - Recive - DEBUG - Logger initialized for Recive at level DEBUG
2025-07-16 19:11:56 - Recive - INFO - Initializing receive transaction module
2025-07-16 19:11:56 - Recive - DEBUG - Logger initialized for Recive at level DEBUG
2025-07-16 19:11:56 - Recive - INFO - Initializing receive transaction module
2025-07-16 19:12:02 - Recive - DEBUG - Logger initialized for Recive at level DEBUG
2025-07-16 19:12:02 - Recive - INFO - Initializing receive transaction module
2025-07-16 19:12:02 - Recive - DEBUG - Logger initialized for Recive at level DEBUG
2025-07-16 19:12:02 - Recive - INFO - Initializing receive transaction module
2025-07-16 19:12:02 - Recive - DEBUG - Logger initialized for Recive at level DEBUG
2025-07-16 19:12:02 - Recive - INFO - Initializing receive transaction module
2025-07-16 19:12:08 - Recive - DEBUG - Logger initialized for Recive at level DEBUG
2025-07-16 19:12:08 - Recive - INFO - Initializing receive transaction module
2025-07-16 19:12:08 - Recive - DEBUG - Logger initialized for Recive at level DEBUG
2025-07-16 19:12:08 - Recive - INFO - Initializing receive transaction module
2025-07-16 19:12:08 - Recive - DEBUG - Logger initialized for Recive at level DEBUG
2025-07-16 19:12:08 - Recive - INFO - Initializing receive transaction module
2025-07-16 19:12:12 - Recive - DEBUG - Logger initialized for Recive at level DEBUG
2025-07-16 19:12:12 - Recive - INFO - Initializing receive transaction module
2025-07-16 19:12:12 - Recive - DEBUG - Logger initialized for Recive at level DEBUG
2025-07-16 19:12:12 - Recive - INFO - Initializing receive transaction module
2025-07-16 19:12:12 - Recive - DEBUG - Logger initialized for Recive at level DEBUG
2025-07-16 19:12:12 - Recive - INFO - Initializing receive transaction module
2025-07-16 19:12:17 - Recive - DEBUG - Logger initialized for Recive at level DEBUG
2025-07-16 19:12:17 - Recive - INFO - Initializing receive transaction module
2025-07-16 19:12:17 - Recive - DEBUG - Logger initialized for Recive at level DEBUG
2025-07-16 19:12:17 - Recive - INFO - Initializing receive transaction module
2025-07-16 19:12:17 - Recive - DEBUG - Logger initialized for Recive at level DEBUG
2025-07-16 19:12:17 - Recive - INFO - Initializing receive transaction module
2025-07-16 19:12:21 - Recive - DEBUG - Logger initialized for Recive at level DEBUG
2025-07-16 19:12:21 - Recive - INFO - Initializing receive transaction module
2025-07-16 19:12:21 - Recive - DEBUG - Logger initialized for Recive at level DEBUG
2025-07-16 19:12:21 - Recive - INFO - Initializing receive transaction module
2025-07-16 19:12:21 - Recive - DEBUG - Logger initialized for Recive at level DEBUG
2025-07-16 19:12:21 - Recive - INFO - Initializing receive transaction module
2025-07-16 19:12:26 - Recive - DEBUG - Logger initialized for Recive at level DEBUG
2025-07-16 19:12:26 - Recive - INFO - Initializing receive transaction module
2025-07-16 19:12:26 - Recive - DEBUG - Logger initialized for Recive at level DEBUG
2025-07-16 19:12:26 - Recive - INFO - Initializing receive transaction module
2025-07-16 19:12:26 - Recive - DEBUG - Logger initialized for Recive at level DEBUG
2025-07-16 19:12:26 - Recive - INFO - Initializing receive transaction module
2025-07-16 19:12:32 - Recive - DEBUG - Logger initialized for Recive at level DEBUG
2025-07-16 19:12:32 - Recive - INFO - Initializing receive transaction module
2025-07-16 19:12:32 - Recive - DEBUG - Logger initialized for Recive at level DEBUG
2025-07-16 19:12:32 - Recive - INFO - Initializing receive transaction module
2025-07-16 19:12:32 - Recive - DEBUG - Logger initialized for Recive at level DEBUG
2025-07-16 19:12:32 - Recive - INFO - Initializing receive transaction module
2025-07-16 19:12:37 - Recive - DEBUG - Logger initialized for Recive at level DEBUG
2025-07-16 19:12:37 - Recive - INFO - Initializing receive transaction module
2025-07-16 19:12:37 - Recive - DEBUG - Logger initialized for Recive at level DEBUG
2025-07-16 19:12:37 - Recive - INFO - Initializing receive transaction module
2025-07-16 19:12:38 - Recive - DEBUG - Logger initialized for Recive at level DEBUG
2025-07-16 19:12:38 - Recive - INFO - Initializing receive transaction module
2025-07-16 19:12:42 - Recive - DEBUG - Logger initialized for Recive at level DEBUG
2025-07-16 19:12:42 - Recive - INFO - Initializing receive transaction module
2025-07-16 19:12:42 - Recive - DEBUG - Logger initialized for Recive at level DEBUG
2025-07-16 19:12:42 - Recive - INFO - Initializing receive transaction module
2025-07-16 19:12:42 - Recive - DEBUG - Logger initialized for Recive at level DEBUG
2025-07-16 19:12:42 - Recive - INFO - Initializing receive transaction module
2025-07-16 19:12:46 - Recive - DEBUG - Logger initialized for Recive at level DEBUG
2025-07-16 19:12:46 - Recive - INFO - Initializing receive transaction module
2025-07-16 19:12:46 - Recive - DEBUG - Logger initialized for Recive at level DEBUG
2025-07-16 19:12:46 - Recive - INFO - Initializing receive transaction module
2025-07-16 19:12:46 - Recive - DEBUG - Logger initialized for Recive at level DEBUG
2025-07-16 19:12:46 - Recive - INFO - Initializing receive transaction module
2025-07-16 19:12:50 - Recive - DEBUG - Logger initialized for Recive at level DEBUG
2025-07-16 19:12:50 - Recive - INFO - Initializing receive transaction module
2025-07-16 19:12:51 - Recive - DEBUG - Logger initialized for Recive at level DEBUG
2025-07-16 19:12:51 - Recive - INFO - Initializing receive transaction module
2025-07-16 19:12:51 - Recive - DEBUG - Logger initialized for Recive at level DEBUG
2025-07-16 19:12:51 - Recive - INFO - Initializing receive transaction module
2025-07-16 19:12:55 - Recive - DEBUG - Logger initialized for Recive at level DEBUG
2025-07-16 19:12:55 - Recive - INFO - Initializing receive transaction module
2025-07-16 19:12:55 - Recive - DEBUG - Logger initialized for Recive at level DEBUG
2025-07-16 19:12:55 - Recive - INFO - Initializing receive transaction module
2025-07-16 19:12:55 - Recive - DEBUG - Logger initialized for Recive at level DEBUG
2025-07-16 19:12:55 - Recive - INFO - Initializing receive transaction module
2025-07-16 19:13:01 - Recive - DEBUG - Logger initialized for Recive at level DEBUG
2025-07-16 19:13:01 - Recive - INFO - Initializing receive transaction module
2025-07-16 19:13:02 - Recive - DEBUG - Logger initialized for Recive at level DEBUG
2025-07-16 19:13:02 - Recive - INFO - Initializing receive transaction module
2025-07-16 19:13:02 - Recive - DEBUG - Logger initialized for Recive at level DEBUG
2025-07-16 19:13:02 - Recive - INFO - Initializing receive transaction module
2025-07-16 19:13:07 - Recive - DEBUG - Logger initialized for Recive at level DEBUG
2025-07-16 19:13:07 - Recive - INFO - Initializing receive transaction module
2025-07-16 19:13:08 - Recive - DEBUG - Logger initialized for Recive at level DEBUG
2025-07-16 19:13:08 - Recive - INFO - Initializing receive transaction module
2025-07-16 19:13:08 - Recive - DEBUG - Logger initialized for Recive at level DEBUG
2025-07-16 19:13:08 - Recive - INFO - Initializing receive transaction module
2025-07-16 19:13:12 - Recive - DEBUG - Logger initialized for Recive at level DEBUG
2025-07-16 19:13:12 - Recive - INFO - Initializing receive transaction module
2025-07-16 19:13:12 - Recive - DEBUG - Logger initialized for Recive at level DEBUG
2025-07-16 19:13:12 - Recive - INFO - Initializing receive transaction module
2025-07-16 19:13:12 - Recive - DEBUG - Logger initialized for Recive at level DEBUG
2025-07-16 19:13:12 - Recive - INFO - Initializing receive transaction module
2025-07-16 19:13:17 - Recive - DEBUG - Logger initialized for Recive at level DEBUG
2025-07-16 19:13:17 - Recive - INFO - Initializing receive transaction module
2025-07-16 19:13:17 - Recive - DEBUG - Logger initialized for Recive at level DEBUG
2025-07-16 19:13:17 - Recive - INFO - Initializing receive transaction module
2025-07-16 19:13:17 - Recive - DEBUG - Logger initialized for Recive at level DEBUG
2025-07-16 19:13:17 - Recive - INFO - Initializing receive transaction module
2025-07-16 19:13:22 - Recive - DEBUG - Logger initialized for Recive at level DEBUG
2025-07-16 19:13:22 - Recive - INFO - Initializing receive transaction module
2025-07-16 19:13:22 - Recive - DEBUG - Logger initialized for Recive at level DEBUG
2025-07-16 19:13:22 - Recive - INFO - Initializing receive transaction module
2025-07-16 19:13:22 - Recive - DEBUG - Logger initialized for Recive at level DEBUG
2025-07-16 19:13:22 - Recive - INFO - Initializing receive transaction module
2025-07-16 19:13:27 - Recive - DEBUG - Logger initialized for Recive at level DEBUG
2025-07-16 19:13:27 - Recive - INFO - Initializing receive transaction module
2025-07-16 19:13:27 - Recive - DEBUG - Logger initialized for Recive at level DEBUG
2025-07-16 19:13:27 - Recive - INFO - Initializing receive transaction module
2025-07-16 19:13:27 - Recive - DEBUG - Logger initialized for Recive at level DEBUG
2025-07-16 19:13:27 - Recive - INFO - Initializing receive transaction module
2025-07-16 19:13:31 - Recive - DEBUG - Logger initialized for Recive at level DEBUG
2025-07-16 19:13:31 - Recive - INFO - Initializing receive transaction module
2025-07-16 19:13:31 - Recive - DEBUG - Logger initialized for Recive at level DEBUG
2025-07-16 19:13:31 - Recive - INFO - Initializing receive transaction module
2025-07-16 19:13:31 - Recive - DEBUG - Logger initialized for Recive at level DEBUG
2025-07-16 19:13:31 - Recive - INFO - Initializing receive transaction module
2025-07-16 19:13:37 - Recive - DEBUG - Logger initialized for Recive at level DEBUG
2025-07-16 19:13:37 - Recive - INFO - Initializing receive transaction module
2025-07-16 19:13:37 - Recive - DEBUG - Logger initialized for Recive at level DEBUG
2025-07-16 19:13:37 - Recive - INFO - Initializing receive transaction module
2025-07-16 19:13:37 - Recive - DEBUG - Logger initialized for Recive at level DEBUG
2025-07-16 19:13:37 - Recive - INFO - Initializing receive transaction module
2025-07-16 19:13:41 - Recive - DEBUG - Logger initialized for Recive at level DEBUG
2025-07-16 19:13:41 - Recive - INFO - Initializing receive transaction module
2025-07-16 19:13:41 - Recive - DEBUG - Logger initialized for Recive at level DEBUG
2025-07-16 19:13:41 - Recive - INFO - Initializing receive transaction module
2025-07-16 19:13:41 - Recive - DEBUG - Logger initialized for Recive at level DEBUG
2025-07-16 19:13:41 - Recive - INFO - Initializing receive transaction module
2025-07-16 19:13:46 - Recive - DEBUG - Logger initialized for Recive at level DEBUG
2025-07-16 19:13:46 - Recive - INFO - Initializing receive transaction module
2025-07-16 19:13:46 - Recive - DEBUG - Logger initialized for Recive at level DEBUG
2025-07-16 19:13:46 - Recive - INFO - Initializing receive transaction module
2025-07-16 19:13:46 - Recive - DEBUG - Logger initialized for Recive at level DEBUG
2025-07-16 19:13:46 - Recive - INFO - Initializing receive transaction module
2025-07-16 19:13:52 - Recive - DEBUG - Logger initialized for Recive at level DEBUG
2025-07-16 19:13:52 - Recive - INFO - Initializing receive transaction module
2025-07-16 19:13:52 - Recive - DEBUG - Logger initialized for Recive at level DEBUG
2025-07-16 19:13:52 - Recive - INFO - Initializing receive transaction module
2025-07-16 19:13:52 - Recive - DEBUG - Logger initialized for Recive at level DEBUG
2025-07-16 19:13:52 - Recive - INFO - Initializing receive transaction module
2025-07-16 19:13:57 - Recive - DEBUG - Logger initialized for Recive at level DEBUG
2025-07-16 19:13:57 - Recive - INFO - Initializing receive transaction module
2025-07-16 19:13:57 - Recive - DEBUG - Logger initialized for Recive at level DEBUG
2025-07-16 19:13:57 - Recive - INFO - Initializing receive transaction module
2025-07-16 19:13:57 - Recive - DEBUG - Logger initialized for Recive at level DEBUG
2025-07-16 19:13:57 - Recive - INFO - Initializing receive transaction module
2025-07-16 19:14:05 - Recive - DEBUG - Logger initialized for Recive at level DEBUG
2025-07-16 19:14:05 - Recive - INFO - Initializing receive transaction module
2025-07-16 19:14:05 - Recive - DEBUG - Logger initialized for Recive at level DEBUG
2025-07-16 19:14:05 - Recive - INFO - Initializing receive transaction module
2025-07-16 19:14:05 - Recive - DEBUG - Logger initialized for Recive at level DEBUG
2025-07-16 19:14:05 - Recive - INFO - Initializing receive transaction module
2025-07-16 19:14:09 - Recive - DEBUG - Logger initialized for Recive at level DEBUG
2025-07-16 19:14:09 - Recive - INFO - Initializing receive transaction module
2025-07-16 19:14:09 - Recive - DEBUG - Logger initialized for Recive at level DEBUG
2025-07-16 19:14:09 - Recive - INFO - Initializing receive transaction module
2025-07-16 19:14:09 - Recive - DEBUG - Logger initialized for Recive at level DEBUG
2025-07-16 19:14:09 - Recive - INFO - Initializing receive transaction module
2025-07-16 19:14:14 - Recive - DEBUG - Logger initialized for Recive at level DEBUG
2025-07-16 19:14:14 - Recive - INFO - Initializing receive transaction module
2025-07-16 19:14:14 - Recive - DEBUG - Logger initialized for Recive at level DEBUG
2025-07-16 19:14:14 - Recive - INFO - Initializing receive transaction module
2025-07-16 19:14:14 - Recive - DEBUG - Logger initialized for Recive at level DEBUG
2025-07-16 19:14:14 - Recive - INFO - Initializing receive transaction module
2025-07-16 19:14:20 - Recive - DEBUG - Logger initialized for Recive at level DEBUG
2025-07-16 19:14:20 - Recive - INFO - Initializing receive transaction module
2025-07-16 19:14:20 - Recive - DEBUG - Logger initialized for Recive at level DEBUG
2025-07-16 19:14:20 - Recive - INFO - Initializing receive transaction module
2025-07-16 19:14:20 - Recive - DEBUG - Logger initialized for Recive at level DEBUG
2025-07-16 19:14:20 - Recive - INFO - Initializing receive transaction module
2025-07-16 19:14:24 - Recive - DEBUG - Logger initialized for Recive at level DEBUG
2025-07-16 19:14:24 - Recive - INFO - Initializing receive transaction module
2025-07-16 19:14:24 - Recive - DEBUG - Logger initialized for Recive at level DEBUG
2025-07-16 19:14:24 - Recive - INFO - Initializing receive transaction module
2025-07-16 19:14:24 - Recive - DEBUG - Logger initialized for Recive at level DEBUG
2025-07-16 19:14:24 - Recive - INFO - Initializing receive transaction module
2025-07-16 19:14:29 - Recive - DEBUG - Logger initialized for Recive at level DEBUG
2025-07-16 19:14:29 - Recive - INFO - Initializing receive transaction module
2025-07-16 19:14:29 - Recive - DEBUG - Logger initialized for Recive at level DEBUG
2025-07-16 19:14:29 - Recive - INFO - Initializing receive transaction module
2025-07-16 19:14:29 - Recive - DEBUG - Logger initialized for Recive at level DEBUG
2025-07-16 19:14:29 - Recive - INFO - Initializing receive transaction module
2025-07-16 19:14:34 - Recive - DEBUG - Logger initialized for Recive at level DEBUG
2025-07-16 19:14:34 - Recive - INFO - Initializing receive transaction module
2025-07-16 19:14:34 - Recive - DEBUG - Logger initialized for Recive at level DEBUG
2025-07-16 19:14:34 - Recive - INFO - Initializing receive transaction module
2025-07-16 19:14:34 - Recive - DEBUG - Logger initialized for Recive at level DEBUG
2025-07-16 19:14:34 - Recive - INFO - Initializing receive transaction module
2025-07-16 19:14:38 - Recive - DEBUG - Logger initialized for Recive at level DEBUG
2025-07-16 19:14:38 - Recive - INFO - Initializing receive transaction module
2025-07-16 19:14:38 - Recive - DEBUG - Logger initialized for Recive at level DEBUG
2025-07-16 19:14:38 - Recive - INFO - Initializing receive transaction module
2025-07-16 19:14:38 - Recive - DEBUG - Logger initialized for Recive at level DEBUG
2025-07-16 19:14:38 - Recive - INFO - Initializing receive transaction module
2025-07-16 19:14:43 - Recive - DEBUG - Logger initialized for Recive at level DEBUG
2025-07-16 19:14:43 - Recive - INFO - Initializing receive transaction module
2025-07-16 19:14:44 - Recive - DEBUG - Logger initialized for Recive at level DEBUG
2025-07-16 19:14:44 - Recive - INFO - Initializing receive transaction module
2025-07-16 19:14:44 - Recive - DEBUG - Logger initialized for Recive at level DEBUG
2025-07-16 19:14:44 - Recive - INFO - Initializing receive transaction module
2025-07-16 19:14:48 - Recive - DEBUG - Logger initialized for Recive at level DEBUG
2025-07-16 19:14:48 - Recive - INFO - Initializing receive transaction module
2025-07-16 19:14:48 - Recive - DEBUG - Logger initialized for Recive at level DEBUG
2025-07-16 19:14:48 - Recive - INFO - Initializing receive transaction module
2025-07-16 19:14:48 - Recive - DEBUG - Logger initialized for Recive at level DEBUG
2025-07-16 19:14:48 - Recive - INFO - Initializing receive transaction module
2025-07-16 19:14:53 - Recive - DEBUG - Logger initialized for Recive at level DEBUG
2025-07-16 19:14:53 - Recive - INFO - Initializing receive transaction module
2025-07-16 19:14:53 - Recive - DEBUG - Logger initialized for Recive at level DEBUG
2025-07-16 19:14:53 - Recive - INFO - Initializing receive transaction module
2025-07-16 19:14:53 - Recive - DEBUG - Logger initialized for Recive at level DEBUG
2025-07-16 19:14:53 - Recive - INFO - Initializing receive transaction module
2025-07-16 19:14:59 - Recive - DEBUG - Logger initialized for Recive at level DEBUG
2025-07-16 19:14:59 - Recive - INFO - Initializing receive transaction module
2025-07-16 19:14:59 - Recive - DEBUG - Logger initialized for Recive at level DEBUG
2025-07-16 19:14:59 - Recive - INFO - Initializing receive transaction module
2025-07-16 19:14:59 - Recive - DEBUG - Logger initialized for Recive at level DEBUG
2025-07-16 19:14:59 - Recive - INFO - Initializing receive transaction module
2025-07-16 19:15:06 - Recive - DEBUG - Logger initialized for Recive at level DEBUG
2025-07-16 19:15:06 - Recive - INFO - Initializing receive transaction module
2025-07-16 19:15:06 - Recive - DEBUG - Logger initialized for Recive at level DEBUG
2025-07-16 19:15:06 - Recive - INFO - Initializing receive transaction module
2025-07-16 19:15:06 - Recive - DEBUG - Logger initialized for Recive at level DEBUG
2025-07-16 19:15:06 - Recive - INFO - Initializing receive transaction module
2025-07-16 19:15:11 - Recive - DEBUG - Logger initialized for Recive at level DEBUG
2025-07-16 19:15:11 - Recive - INFO - Initializing receive transaction module
2025-07-16 19:15:11 - Recive - DEBUG - Logger initialized for Recive at level DEBUG
2025-07-16 19:15:11 - Recive - INFO - Initializing receive transaction module
2025-07-16 19:15:11 - Recive - DEBUG - Logger initialized for Recive at level DEBUG
2025-07-16 19:15:11 - Recive - INFO - Initializing receive transaction module
2025-07-16 19:15:15 - Recive - DEBUG - Logger initialized for Recive at level DEBUG
2025-07-16 19:15:15 - Recive - INFO - Initializing receive transaction module
2025-07-16 19:15:15 - Recive - DEBUG - Logger initialized for Recive at level DEBUG
2025-07-16 19:15:15 - Recive - INFO - Initializing receive transaction module
2025-07-16 19:15:15 - Recive - DEBUG - Logger initialized for Recive at level DEBUG
2025-07-16 19:15:15 - Recive - INFO - Initializing receive transaction module
2025-07-16 19:15:20 - Recive - DEBUG - Logger initialized for Recive at level DEBUG
2025-07-16 19:15:20 - Recive - INFO - Initializing receive transaction module
2025-07-16 19:15:20 - Recive - DEBUG - Logger initialized for Recive at level DEBUG
2025-07-16 19:15:20 - Recive - INFO - Initializing receive transaction module
2025-07-16 19:15:20 - Recive - DEBUG - Logger initialized for Recive at level DEBUG
2025-07-16 19:15:20 - Recive - INFO - Initializing receive transaction module
2025-07-16 19:15:25 - Recive - DEBUG - Logger initialized for Recive at level DEBUG
2025-07-16 19:15:25 - Recive - INFO - Initializing receive transaction module
2025-07-16 19:15:25 - Recive - DEBUG - Logger initialized for Recive at level DEBUG
2025-07-16 19:15:25 - Recive - INFO - Initializing receive transaction module
2025-07-16 19:15:25 - Recive - DEBUG - Logger initialized for Recive at level DEBUG
2025-07-16 19:15:25 - Recive - INFO - Initializing receive transaction module
2025-07-16 19:15:29 - Recive - DEBUG - Logger initialized for Recive at level DEBUG
2025-07-16 19:15:29 - Recive - INFO - Initializing receive transaction module
2025-07-16 19:15:29 - Recive - DEBUG - Logger initialized for Recive at level DEBUG
2025-07-16 19:15:29 - Recive - INFO - Initializing receive transaction module
2025-07-16 19:15:30 - Recive - DEBUG - Logger initialized for Recive at level DEBUG
2025-07-16 19:15:30 - Recive - INFO - Initializing receive transaction module
2025-07-16 19:15:35 - Recive - DEBUG - Logger initialized for Recive at level DEBUG
2025-07-16 19:15:35 - Recive - INFO - Initializing receive transaction module
2025-07-16 19:15:36 - Recive - DEBUG - Logger initialized for Recive at level DEBUG
2025-07-16 19:15:36 - Recive - INFO - Initializing receive transaction module
2025-07-16 19:15:36 - Recive - DEBUG - Logger initialized for Recive at level DEBUG
2025-07-16 19:15:36 - Recive - INFO - Initializing receive transaction module
2025-07-16 19:15:40 - Recive - DEBUG - Logger initialized for Recive at level DEBUG
2025-07-16 19:15:40 - Recive - INFO - Initializing receive transaction module
2025-07-16 19:15:40 - Recive - DEBUG - Logger initialized for Recive at level DEBUG
2025-07-16 19:15:40 - Recive - INFO - Initializing receive transaction module
2025-07-16 19:15:40 - Recive - DEBUG - Logger initialized for Recive at level DEBUG
2025-07-16 19:15:40 - Recive - INFO - Initializing receive transaction module
2025-07-16 19:15:45 - Recive - DEBUG - Logger initialized for Recive at level DEBUG
2025-07-16 19:15:45 - Recive - INFO - Initializing receive transaction module
2025-07-16 19:15:45 - Recive - DEBUG - Logger initialized for Recive at level DEBUG
2025-07-16 19:15:45 - Recive - INFO - Initializing receive transaction module
2025-07-16 19:15:45 - Recive - DEBUG - Logger initialized for Recive at level DEBUG
2025-07-16 19:15:45 - Recive - INFO - Initializing receive transaction module
2025-07-16 19:15:50 - Recive - DEBUG - Logger initialized for Recive at level DEBUG
2025-07-16 19:15:50 - Recive - INFO - Initializing receive transaction module
2025-07-16 19:15:50 - Recive - DEBUG - Logger initialized for Recive at level DEBUG
2025-07-16 19:15:50 - Recive - INFO - Initializing receive transaction module
2025-07-16 19:15:50 - Recive - DEBUG - Logger initialized for Recive at level DEBUG
2025-07-16 19:15:50 - Recive - INFO - Initializing receive transaction module
2025-07-16 19:15:55 - Recive - DEBUG - Logger initialized for Recive at level DEBUG
2025-07-16 19:15:55 - Recive - INFO - Initializing receive transaction module
2025-07-16 19:15:55 - Recive - DEBUG - Logger initialized for Recive at level DEBUG
2025-07-16 19:15:55 - Recive - INFO - Initializing receive transaction module
2025-07-16 19:15:55 - Recive - DEBUG - Logger initialized for Recive at level DEBUG
2025-07-16 19:15:55 - Recive - INFO - Initializing receive transaction module
2025-07-16 19:15:59 - Recive - DEBUG - Logger initialized for Recive at level DEBUG
2025-07-16 19:15:59 - Recive - INFO - Initializing receive transaction module
2025-07-16 19:16:00 - Recive - DEBUG - Logger initialized for Recive at level DEBUG
2025-07-16 19:16:00 - Recive - INFO - Initializing receive transaction module
2025-07-16 19:16:00 - Recive - DEBUG - Logger initialized for Recive at level DEBUG
2025-07-16 19:16:00 - Recive - INFO - Initializing receive transaction module
2025-07-16 19:16:05 - Recive - DEBUG - Logger initialized for Recive at level DEBUG
2025-07-16 19:16:05 - Recive - INFO - Initializing receive transaction module
2025-07-16 19:16:05 - Recive - DEBUG - Logger initialized for Recive at level DEBUG
2025-07-16 19:16:05 - Recive - INFO - Initializing receive transaction module
2025-07-16 19:16:05 - Recive - DEBUG - Logger initialized for Recive at level DEBUG
2025-07-16 19:16:05 - Recive - INFO - Initializing receive transaction module
2025-07-16 19:16:10 - Recive - DEBUG - Logger initialized for Recive at level DEBUG
2025-07-16 19:16:10 - Recive - INFO - Initializing receive transaction module
2025-07-16 19:16:10 - Recive - DEBUG - Logger initialized for Recive at level DEBUG
2025-07-16 19:16:10 - Recive - INFO - Initializing receive transaction module
2025-07-16 19:16:10 - Recive - DEBUG - Logger initialized for Recive at level DEBUG
2025-07-16 19:16:10 - Recive - INFO - Initializing receive transaction module
2025-07-16 19:16:16 - Recive - DEBUG - Logger initialized for Recive at level DEBUG
2025-07-16 19:16:16 - Recive - INFO - Initializing receive transaction module
2025-07-16 19:16:16 - Recive - DEBUG - Logger initialized for Recive at level DEBUG
2025-07-16 19:16:16 - Recive - INFO - Initializing receive transaction module
2025-07-16 19:16:16 - Recive - DEBUG - Logger initialized for Recive at level DEBUG
2025-07-16 19:16:16 - Recive - INFO - Initializing receive transaction module
2025-07-16 19:16:20 - Recive - DEBUG - Logger initialized for Recive at level DEBUG
2025-07-16 19:16:20 - Recive - INFO - Initializing receive transaction module
2025-07-16 19:16:21 - Recive - DEBUG - Logger initialized for Recive at level DEBUG
2025-07-16 19:16:21 - Recive - INFO - Initializing receive transaction module
2025-07-16 19:16:21 - Recive - DEBUG - Logger initialized for Recive at level DEBUG
2025-07-16 19:16:21 - Recive - INFO - Initializing receive transaction module
2025-07-16 19:16:25 - Recive - DEBUG - Logger initialized for Recive at level DEBUG
2025-07-16 19:16:25 - Recive - INFO - Initializing receive transaction module
2025-07-16 19:16:25 - Recive - DEBUG - Logger initialized for Recive at level DEBUG
2025-07-16 19:16:25 - Recive - INFO - Initializing receive transaction module
2025-07-16 19:16:25 - Recive - DEBUG - Logger initialized for Recive at level DEBUG
2025-07-16 19:16:25 - Recive - INFO - Initializing receive transaction module
2025-07-16 19:16:31 - Recive - DEBUG - Logger initialized for Recive at level DEBUG
2025-07-16 19:16:31 - Recive - INFO - Initializing receive transaction module
2025-07-16 19:16:31 - Recive - DEBUG - Logger initialized for Recive at level DEBUG
2025-07-16 19:16:31 - Recive - INFO - Initializing receive transaction module
2025-07-16 19:16:31 - Recive - DEBUG - Logger initialized for Recive at level DEBUG
2025-07-16 19:16:31 - Recive - INFO - Initializing receive transaction module
2025-07-16 19:16:36 - Recive - DEBUG - Logger initialized for Recive at level DEBUG
2025-07-16 19:16:36 - Recive - INFO - Initializing receive transaction module
2025-07-16 19:16:37 - Recive - DEBUG - Logger initialized for Recive at level DEBUG
2025-07-16 19:16:37 - Recive - INFO - Initializing receive transaction module
2025-07-16 19:16:37 - Recive - DEBUG - Logger initialized for Recive at level DEBUG
2025-07-16 19:16:37 - Recive - INFO - Initializing receive transaction module
2025-07-16 19:16:41 - Recive - DEBUG - Logger initialized for Recive at level DEBUG
2025-07-16 19:16:41 - Recive - INFO - Initializing receive transaction module
2025-07-16 19:16:41 - Recive - DEBUG - Logger initialized for Recive at level DEBUG
2025-07-16 19:16:41 - Recive - INFO - Initializing receive transaction module
2025-07-16 19:16:41 - Recive - DEBUG - Logger initialized for Recive at level DEBUG
2025-07-16 19:16:41 - Recive - INFO - Initializing receive transaction module
2025-07-16 19:16:46 - Recive - DEBUG - Logger initialized for Recive at level DEBUG
2025-07-16 19:16:46 - Recive - INFO - Initializing receive transaction module
2025-07-16 19:16:46 - Recive - DEBUG - Logger initialized for Recive at level DEBUG
2025-07-16 19:16:46 - Recive - INFO - Initializing receive transaction module
2025-07-16 19:16:46 - Recive - DEBUG - Logger initialized for Recive at level DEBUG
2025-07-16 19:16:46 - Recive - INFO - Initializing receive transaction module
2025-07-16 19:16:50 - Recive - DEBUG - Logger initialized for Recive at level DEBUG
2025-07-16 19:16:50 - Recive - INFO - Initializing receive transaction module
2025-07-16 19:16:50 - Recive - DEBUG - Logger initialized for Recive at level DEBUG
2025-07-16 19:16:50 - Recive - INFO - Initializing receive transaction module
2025-07-16 19:16:50 - Recive - DEBUG - Logger initialized for Recive at level DEBUG
2025-07-16 19:16:50 - Recive - INFO - Initializing receive transaction module
2025-07-16 19:16:55 - Recive - DEBUG - Logger initialized for Recive at level DEBUG
2025-07-16 19:16:55 - Recive - INFO - Initializing receive transaction module
2025-07-16 19:16:55 - Recive - DEBUG - Logger initialized for Recive at level DEBUG
2025-07-16 19:16:55 - Recive - INFO - Initializing receive transaction module
2025-07-16 19:16:55 - Recive - DEBUG - Logger initialized for Recive at level DEBUG
2025-07-16 19:16:55 - Recive - INFO - Initializing receive transaction module
2025-07-16 19:17:01 - Recive - DEBUG - Logger initialized for Recive at level DEBUG
2025-07-16 19:17:01 - Recive - INFO - Initializing receive transaction module
2025-07-16 19:17:02 - Recive - DEBUG - Logger initialized for Recive at level DEBUG
2025-07-16 19:17:02 - Recive - INFO - Initializing receive transaction module
2025-07-16 19:17:02 - Recive - DEBUG - Logger initialized for Recive at level DEBUG
2025-07-16 19:17:02 - Recive - INFO - Initializing receive transaction module
2025-07-16 19:17:06 - Recive - DEBUG - Logger initialized for Recive at level DEBUG
2025-07-16 19:17:06 - Recive - INFO - Initializing receive transaction module
2025-07-16 19:17:06 - Recive - DEBUG - Logger initialized for Recive at level DEBUG
2025-07-16 19:17:06 - Recive - INFO - Initializing receive transaction module
2025-07-16 19:17:07 - Recive - DEBUG - Logger initialized for Recive at level DEBUG
2025-07-16 19:17:07 - Recive - INFO - Initializing receive transaction module
2025-07-16 19:17:11 - Recive - DEBUG - Logger initialized for Recive at level DEBUG
2025-07-16 19:17:11 - Recive - INFO - Initializing receive transaction module
2025-07-16 19:17:11 - Recive - DEBUG - Logger initialized for Recive at level DEBUG
2025-07-16 19:17:11 - Recive - INFO - Initializing receive transaction module
2025-07-16 19:17:12 - Recive - DEBUG - Logger initialized for Recive at level DEBUG
2025-07-16 19:17:12 - Recive - INFO - Initializing receive transaction module
2025-07-16 19:17:16 - Recive - DEBUG - Logger initialized for Recive at level DEBUG
2025-07-16 19:17:16 - Recive - INFO - Initializing receive transaction module
2025-07-16 19:17:16 - Recive - DEBUG - Logger initialized for Recive at level DEBUG
2025-07-16 19:17:16 - Recive - INFO - Initializing receive transaction module
2025-07-16 19:17:16 - Recive - DEBUG - Logger initialized for Recive at level DEBUG
2025-07-16 19:17:16 - Recive - INFO - Initializing receive transaction module
2025-07-16 19:17:22 - Recive - DEBUG - Logger initialized for Recive at level DEBUG
2025-07-16 19:17:22 - Recive - INFO - Initializing receive transaction module
2025-07-16 19:17:22 - Recive - DEBUG - Logger initialized for Recive at level DEBUG
2025-07-16 19:17:22 - Recive - INFO - Initializing receive transaction module
2025-07-16 19:17:22 - Recive - DEBUG - Logger initialized for Recive at level DEBUG
2025-07-16 19:17:22 - Recive - INFO - Initializing receive transaction module
2025-07-16 19:17:26 - Recive - DEBUG - Logger initialized for Recive at level DEBUG
2025-07-16 19:17:26 - Recive - INFO - Initializing receive transaction module
2025-07-16 19:17:26 - Recive - DEBUG - Logger initialized for Recive at level DEBUG
2025-07-16 19:17:26 - Recive - INFO - Initializing receive transaction module
2025-07-16 19:17:26 - Recive - DEBUG - Logger initialized for Recive at level DEBUG
2025-07-16 19:17:26 - Recive - INFO - Initializing receive transaction module
2025-07-16 19:17:31 - Recive - DEBUG - Logger initialized for Recive at level DEBUG
2025-07-16 19:17:31 - Recive - INFO - Initializing receive transaction module
2025-07-16 19:17:31 - Recive - DEBUG - Logger initialized for Recive at level DEBUG
2025-07-16 19:17:31 - Recive - INFO - Initializing receive transaction module
2025-07-16 19:17:31 - Recive - DEBUG - Logger initialized for Recive at level DEBUG
2025-07-16 19:17:31 - Recive - INFO - Initializing receive transaction module
2025-07-16 19:17:37 - Recive - DEBUG - Logger initialized for Recive at level DEBUG
2025-07-16 19:17:37 - Recive - INFO - Initializing receive transaction module
2025-07-16 19:17:37 - Recive - DEBUG - Logger initialized for Recive at level DEBUG
2025-07-16 19:17:37 - Recive - INFO - Initializing receive transaction module
2025-07-16 19:17:37 - Recive - DEBUG - Logger initialized for Recive at level DEBUG
2025-07-16 19:17:37 - Recive - INFO - Initializing receive transaction module
2025-07-16 19:17:41 - Recive - DEBUG - Logger initialized for Recive at level DEBUG
2025-07-16 19:17:41 - Recive - INFO - Initializing receive transaction module
2025-07-16 19:17:41 - Recive - DEBUG - Logger initialized for Recive at level DEBUG
2025-07-16 19:17:41 - Recive - INFO - Initializing receive transaction module
2025-07-16 19:17:42 - Recive - DEBUG - Logger initialized for Recive at level DEBUG
2025-07-16 19:17:42 - Recive - INFO - Initializing receive transaction module
2025-07-16 19:17:46 - Recive - DEBUG - Logger initialized for Recive at level DEBUG
2025-07-16 19:17:46 - Recive - INFO - Initializing receive transaction module
2025-07-16 19:17:46 - Recive - DEBUG - Logger initialized for Recive at level DEBUG
2025-07-16 19:17:46 - Recive - INFO - Initializing receive transaction module
2025-07-16 19:17:46 - Recive - DEBUG - Logger initialized for Recive at level DEBUG
2025-07-16 19:17:46 - Recive - INFO - Initializing receive transaction module
2025-07-16 19:18:21 - Recive - DEBUG - Logger initialized for Recive at level DEBUG
2025-07-16 19:18:21 - Recive - INFO - Initializing receive transaction module
2025-07-16 19:18:21 - Recive - DEBUG - Logger initialized for Recive at level DEBUG
2025-07-16 19:18:21 - Recive - INFO - Initializing receive transaction module
2025-07-16 19:18:21 - Recive - DEBUG - Logger initialized for Recive at level DEBUG
2025-07-16 19:18:21 - Recive - INFO - Initializing receive transaction module
2025-07-16 19:18:26 - Recive - DEBUG - Logger initialized for Recive at level DEBUG
2025-07-16 19:18:26 - Recive - INFO - Initializing receive transaction module
2025-07-16 19:18:26 - Recive - DEBUG - Logger initialized for Recive at level DEBUG
2025-07-16 19:18:26 - Recive - INFO - Initializing receive transaction module
2025-07-16 19:18:26 - Recive - DEBUG - Logger initialized for Recive at level DEBUG
2025-07-16 19:18:26 - Recive - INFO - Initializing receive transaction module
2025-07-16 19:18:30 - Recive - DEBUG - Logger initialized for Recive at level DEBUG
2025-07-16 19:18:30 - Recive - INFO - Initializing receive transaction module
2025-07-16 19:18:31 - Recive - DEBUG - Logger initialized for Recive at level DEBUG
2025-07-16 19:18:31 - Recive - INFO - Initializing receive transaction module
2025-07-16 19:18:31 - Recive - DEBUG - Logger initialized for Recive at level DEBUG
2025-07-16 19:18:31 - Recive - INFO - Initializing receive transaction module
2025-07-16 19:18:35 - Recive - DEBUG - Logger initialized for Recive at level DEBUG
2025-07-16 19:18:35 - Recive - INFO - Initializing receive transaction module
2025-07-16 19:18:36 - Recive - DEBUG - Logger initialized for Recive at level DEBUG
2025-07-16 19:18:36 - Recive - INFO - Initializing receive transaction module
2025-07-16 19:18:36 - Recive - DEBUG - Logger initialized for Recive at level DEBUG
2025-07-16 19:18:36 - Recive - INFO - Initializing receive transaction module
2025-07-16 19:18:41 - Recive - DEBUG - Logger initialized for Recive at level DEBUG
2025-07-16 19:18:41 - Recive - INFO - Initializing receive transaction module
2025-07-16 19:18:41 - Recive - DEBUG - Logger initialized for Recive at level DEBUG
2025-07-16 19:18:41 - Recive - INFO - Initializing receive transaction module
2025-07-16 19:18:41 - Recive - DEBUG - Logger initialized for Recive at level DEBUG
2025-07-16 19:18:41 - Recive - INFO - Initializing receive transaction module
2025-07-16 19:18:46 - Recive - DEBUG - Logger initialized for Recive at level DEBUG
2025-07-16 19:18:46 - Recive - INFO - Initializing receive transaction module
2025-07-16 19:18:46 - Recive - DEBUG - Logger initialized for Recive at level DEBUG
2025-07-16 19:18:46 - Recive - INFO - Initializing receive transaction module
2025-07-16 19:18:46 - Recive - DEBUG - Logger initialized for Recive at level DEBUG
2025-07-16 19:18:46 - Recive - INFO - Initializing receive transaction module
2025-07-16 19:18:51 - Recive - DEBUG - Logger initialized for Recive at level DEBUG
2025-07-16 19:18:51 - Recive - INFO - Initializing receive transaction module
2025-07-16 19:18:51 - Recive - DEBUG - Logger initialized for Recive at level DEBUG
2025-07-16 19:18:51 - Recive - INFO - Initializing receive transaction module
2025-07-16 19:18:51 - Recive - DEBUG - Logger initialized for Recive at level DEBUG
2025-07-16 19:18:51 - Recive - INFO - Initializing receive transaction module
2025-07-16 19:18:57 - Recive - DEBUG - Logger initialized for Recive at level DEBUG
2025-07-16 19:18:57 - Recive - INFO - Initializing receive transaction module
2025-07-16 19:18:57 - Recive - DEBUG - Logger initialized for Recive at level DEBUG
2025-07-16 19:18:57 - Recive - INFO - Initializing receive transaction module
2025-07-16 19:18:57 - Recive - DEBUG - Logger initialized for Recive at level DEBUG
2025-07-16 19:18:57 - Recive - INFO - Initializing receive transaction module
2025-07-16 19:19:04 - Recive - DEBUG - Logger initialized for Recive at level DEBUG
2025-07-16 19:19:04 - Recive - INFO - Initializing receive transaction module
2025-07-16 19:19:04 - Recive - DEBUG - Logger initialized for Recive at level DEBUG
2025-07-16 19:19:04 - Recive - INFO - Initializing receive transaction module
2025-07-16 19:19:04 - Recive - DEBUG - Logger initialized for Recive at level DEBUG
2025-07-16 19:19:04 - Recive - INFO - Initializing receive transaction module
2025-07-16 19:19:10 - Recive - DEBUG - Logger initialized for Recive at level DEBUG
2025-07-16 19:19:10 - Recive - INFO - Initializing receive transaction module
2025-07-16 19:19:10 - Recive - DEBUG - Logger initialized for Recive at level DEBUG
2025-07-16 19:19:10 - Recive - INFO - Initializing receive transaction module
2025-07-16 19:19:10 - Recive - DEBUG - Logger initialized for Recive at level DEBUG
2025-07-16 19:19:10 - Recive - INFO - Initializing receive transaction module
2025-07-16 19:19:14 - Recive - DEBUG - Logger initialized for Recive at level DEBUG
2025-07-16 19:19:14 - Recive - INFO - Initializing receive transaction module
2025-07-16 19:19:15 - Recive - DEBUG - Logger initialized for Recive at level DEBUG
2025-07-16 19:19:15 - Recive - DEBUG - Logger initialized for Recive at level DEBUG
2025-07-16 19:19:15 - Recive - INFO - Initializing receive transaction module
2025-07-16 19:19:15 - Recive - INFO - Initializing receive transaction module
2025-07-16 19:19:19 - Recive - DEBUG - Logger initialized for Recive at level DEBUG
2025-07-16 19:19:19 - Recive - INFO - Initializing receive transaction module
2025-07-16 19:19:19 - Recive - DEBUG - Logger initialized for Recive at level DEBUG
2025-07-16 19:19:19 - Recive - INFO - Initializing receive transaction module
2025-07-16 19:19:19 - Recive - DEBUG - Logger initialized for Recive at level DEBUG
2025-07-16 19:19:19 - Recive - INFO - Initializing receive transaction module
2025-07-16 19:19:24 - Recive - DEBUG - Logger initialized for Recive at level DEBUG
2025-07-16 19:19:24 - Recive - INFO - Initializing receive transaction module
2025-07-16 19:19:24 - Recive - DEBUG - Logger initialized for Recive at level DEBUG
2025-07-16 19:19:24 - Recive - INFO - Initializing receive transaction module
2025-07-16 19:19:24 - Recive - DEBUG - Logger initialized for Recive at level DEBUG
2025-07-16 19:19:24 - Recive - INFO - Initializing receive transaction module
2025-07-16 19:19:28 - Recive - DEBUG - Logger initialized for Recive at level DEBUG
2025-07-16 19:19:28 - Recive - INFO - Initializing receive transaction module
2025-07-16 19:19:29 - Recive - DEBUG - Logger initialized for Recive at level DEBUG
2025-07-16 19:19:29 - Recive - INFO - Initializing receive transaction module
2025-07-16 19:19:29 - Recive - DEBUG - Logger initialized for Recive at level DEBUG
2025-07-16 19:19:29 - Recive - INFO - Initializing receive transaction module
2025-07-16 19:19:33 - Recive - DEBUG - Logger initialized for Recive at level DEBUG
2025-07-16 19:19:33 - Recive - INFO - Initializing receive transaction module
2025-07-16 19:19:33 - Recive - DEBUG - Logger initialized for Recive at level DEBUG
2025-07-16 19:19:33 - Recive - INFO - Initializing receive transaction module
2025-07-16 19:19:34 - Recive - DEBUG - Logger initialized for Recive at level DEBUG
2025-07-16 19:19:34 - Recive - INFO - Initializing receive transaction module
2025-07-16 19:19:38 - Recive - DEBUG - Logger initialized for Recive at level DEBUG
2025-07-16 19:19:38 - Recive - INFO - Initializing receive transaction module
2025-07-16 19:19:39 - Recive - DEBUG - Logger initialized for Recive at level DEBUG
2025-07-16 19:19:39 - Recive - INFO - Initializing receive transaction module
2025-07-16 19:19:39 - Recive - DEBUG - Logger initialized for Recive at level DEBUG
2025-07-16 19:19:39 - Recive - INFO - Initializing receive transaction module
2025-07-16 19:19:46 - Recive - DEBUG - Logger initialized for Recive at level DEBUG
2025-07-16 19:19:46 - Recive - INFO - Initializing receive transaction module
2025-07-16 19:19:46 - Recive - DEBUG - Logger initialized for Recive at level DEBUG
2025-07-16 19:19:46 - Recive - INFO - Initializing receive transaction module
2025-07-16 19:19:46 - Recive - DEBUG - Logger initialized for Recive at level DEBUG
2025-07-16 19:19:46 - Recive - INFO - Initializing receive transaction module
2025-07-16 19:19:52 - Recive - DEBUG - Logger initialized for Recive at level DEBUG
2025-07-16 19:19:52 - Recive - INFO - Initializing receive transaction module
2025-07-16 19:19:52 - Recive - DEBUG - Logger initialized for Recive at level DEBUG
2025-07-16 19:19:52 - Recive - INFO - Initializing receive transaction module
2025-07-16 19:19:52 - Recive - DEBUG - Logger initialized for Recive at level DEBUG
2025-07-16 19:19:52 - Recive - INFO - Initializing receive transaction module
2025-07-16 19:19:56 - Recive - DEBUG - Logger initialized for Recive at level DEBUG
2025-07-16 19:19:56 - Recive - INFO - Initializing receive transaction module
2025-07-16 19:19:56 - Recive - DEBUG - Logger initialized for Recive at level DEBUG
2025-07-16 19:19:56 - Recive - INFO - Initializing receive transaction module
2025-07-16 19:19:56 - Recive - DEBUG - Logger initialized for Recive at level DEBUG
2025-07-16 19:19:56 - Recive - INFO - Initializing receive transaction module
2025-07-16 19:20:02 - Recive - DEBUG - Logger initialized for Recive at level DEBUG
2025-07-16 19:20:02 - Recive - INFO - Initializing receive transaction module
2025-07-16 19:20:02 - Recive - DEBUG - Logger initialized for Recive at level DEBUG
2025-07-16 19:20:02 - Recive - INFO - Initializing receive transaction module
2025-07-16 19:20:02 - Recive - DEBUG - Logger initialized for Recive at level DEBUG
2025-07-16 19:20:02 - Recive - INFO - Initializing receive transaction module
2025-07-16 19:20:07 - Recive - DEBUG - Logger initialized for Recive at level DEBUG
2025-07-16 19:20:07 - Recive - INFO - Initializing receive transaction module
2025-07-16 19:20:07 - Recive - DEBUG - Logger initialized for Recive at level DEBUG
2025-07-16 19:20:07 - Recive - INFO - Initializing receive transaction module
2025-07-16 19:20:07 - Recive - DEBUG - Logger initialized for Recive at level DEBUG
2025-07-16 19:20:07 - Recive - INFO - Initializing receive transaction module
2025-07-16 19:20:11 - Recive - DEBUG - Logger initialized for Recive at level DEBUG
2025-07-16 19:20:11 - Recive - INFO - Initializing receive transaction module
2025-07-16 19:20:11 - Recive - DEBUG - Logger initialized for Recive at level DEBUG
2025-07-16 19:20:11 - Recive - INFO - Initializing receive transaction module
2025-07-16 19:20:11 - Recive - DEBUG - Logger initialized for Recive at level DEBUG
2025-07-16 19:20:11 - Recive - INFO - Initializing receive transaction module
2025-07-16 19:20:17 - Recive - DEBUG - Logger initialized for Recive at level DEBUG
2025-07-16 19:20:17 - Recive - INFO - Initializing receive transaction module
2025-07-16 19:20:17 - Recive - DEBUG - Logger initialized for Recive at level DEBUG
2025-07-16 19:20:17 - Recive - INFO - Initializing receive transaction module
2025-07-16 19:20:17 - Recive - DEBUG - Logger initialized for Recive at level DEBUG
2025-07-16 19:20:17 - Recive - INFO - Initializing receive transaction module
2025-07-16 19:20:23 - Recive - DEBUG - Logger initialized for Recive at level DEBUG
2025-07-16 19:20:23 - Recive - INFO - Initializing receive transaction module
2025-07-16 19:20:23 - Recive - DEBUG - Logger initialized for Recive at level DEBUG
2025-07-16 19:20:23 - Recive - INFO - Initializing receive transaction module
2025-07-16 19:20:23 - Recive - DEBUG - Logger initialized for Recive at level DEBUG
2025-07-16 19:20:23 - Recive - INFO - Initializing receive transaction module
2025-07-16 19:20:29 - Recive - DEBUG - Logger initialized for Recive at level DEBUG
2025-07-16 19:20:29 - Recive - INFO - Initializing receive transaction module
2025-07-16 19:20:29 - Recive - DEBUG - Logger initialized for Recive at level DEBUG
2025-07-16 19:20:29 - Recive - INFO - Initializing receive transaction module
2025-07-16 19:20:29 - Recive - DEBUG - Logger initialized for Recive at level DEBUG
2025-07-16 19:20:29 - Recive - INFO - Initializing receive transaction module
2025-07-16 19:20:33 - Recive - DEBUG - Logger initialized for Recive at level DEBUG
2025-07-16 19:20:33 - Recive - INFO - Initializing receive transaction module
2025-07-16 19:20:33 - Recive - DEBUG - Logger initialized for Recive at level DEBUG
2025-07-16 19:20:33 - Recive - INFO - Initializing receive transaction module
2025-07-16 19:20:33 - Recive - DEBUG - Logger initialized for Recive at level DEBUG
2025-07-16 19:20:33 - Recive - INFO - Initializing receive transaction module
2025-07-16 19:20:38 - Recive - DEBUG - Logger initialized for Recive at level DEBUG
2025-07-16 19:20:38 - Recive - INFO - Initializing receive transaction module
2025-07-16 19:20:38 - Recive - DEBUG - Logger initialized for Recive at level DEBUG
2025-07-16 19:20:38 - Recive - INFO - Initializing receive transaction module
2025-07-16 19:20:38 - Recive - DEBUG - Logger initialized for Recive at level DEBUG
2025-07-16 19:20:38 - Recive - INFO - Initializing receive transaction module
2025-07-16 19:20:42 - Recive - DEBUG - Logger initialized for Recive at level DEBUG
2025-07-16 19:20:42 - Recive - INFO - Initializing receive transaction module
2025-07-16 19:20:43 - Recive - DEBUG - Logger initialized for Recive at level DEBUG
2025-07-16 19:20:43 - Recive - INFO - Initializing receive transaction module
2025-07-16 19:20:43 - Recive - DEBUG - Logger initialized for Recive at level DEBUG
2025-07-16 19:20:43 - Recive - INFO - Initializing receive transaction module
2025-07-16 19:20:47 - Recive - DEBUG - Logger initialized for Recive at level DEBUG
2025-07-16 19:20:47 - Recive - INFO - Initializing receive transaction module
2025-07-16 19:20:47 - Recive - DEBUG - Logger initialized for Recive at level DEBUG
2025-07-16 19:20:47 - Recive - INFO - Initializing receive transaction module
2025-07-16 19:20:47 - Recive - DEBUG - Logger initialized for Recive at level DEBUG
2025-07-16 19:20:47 - Recive - INFO - Initializing receive transaction module
2025-07-16 19:20:53 - Recive - DEBUG - Logger initialized for Recive at level DEBUG
2025-07-16 19:20:53 - Recive - INFO - Initializing receive transaction module
2025-07-16 19:20:53 - Recive - DEBUG - Logger initialized for Recive at level DEBUG
2025-07-16 19:20:53 - Recive - INFO - Initializing receive transaction module
2025-07-16 19:20:53 - Recive - DEBUG - Logger initialized for Recive at level DEBUG
2025-07-16 19:20:53 - Recive - INFO - Initializing receive transaction module
2025-07-16 19:20:57 - Recive - DEBUG - Logger initialized for Recive at level DEBUG
2025-07-16 19:20:57 - Recive - INFO - Initializing receive transaction module
2025-07-16 19:20:57 - Recive - DEBUG - Logger initialized for Recive at level DEBUG
2025-07-16 19:20:57 - Recive - INFO - Initializing receive transaction module
2025-07-16 19:20:58 - Recive - DEBUG - Logger initialized for Recive at level DEBUG
2025-07-16 19:20:58 - Recive - INFO - Initializing receive transaction module
2025-07-16 19:21:03 - Recive - DEBUG - Logger initialized for Recive at level DEBUG
2025-07-16 19:21:03 - Recive - INFO - Initializing receive transaction module
2025-07-16 19:21:03 - Recive - DEBUG - Logger initialized for Recive at level DEBUG
2025-07-16 19:21:03 - Recive - INFO - Initializing receive transaction module
2025-07-16 19:21:03 - Recive - DEBUG - Logger initialized for Recive at level DEBUG
2025-07-16 19:21:03 - Recive - INFO - Initializing receive transaction module
2025-07-16 19:21:07 - Recive - DEBUG - Logger initialized for Recive at level DEBUG
2025-07-16 19:21:07 - Recive - INFO - Initializing receive transaction module
2025-07-16 19:21:08 - Recive - DEBUG - Logger initialized for Recive at level DEBUG
2025-07-16 19:21:08 - Recive - INFO - Initializing receive transaction module
2025-07-16 19:21:08 - Recive - DEBUG - Logger initialized for Recive at level DEBUG
2025-07-16 19:21:08 - Recive - INFO - Initializing receive transaction module
2025-07-16 19:21:12 - Recive - DEBUG - Logger initialized for Recive at level DEBUG
2025-07-16 19:21:12 - Recive - INFO - Initializing receive transaction module
2025-07-16 19:21:12 - Recive - DEBUG - Logger initialized for Recive at level DEBUG
2025-07-16 19:21:12 - Recive - INFO - Initializing receive transaction module
2025-07-16 19:21:12 - Recive - DEBUG - Logger initialized for Recive at level DEBUG
2025-07-16 19:21:12 - Recive - INFO - Initializing receive transaction module
2025-07-16 19:21:18 - Recive - DEBUG - Logger initialized for Recive at level DEBUG
2025-07-16 19:21:18 - Recive - INFO - Initializing receive transaction module
2025-07-16 19:21:18 - Recive - DEBUG - Logger initialized for Recive at level DEBUG
2025-07-16 19:21:18 - Recive - INFO - Initializing receive transaction module
2025-07-16 19:21:18 - Recive - DEBUG - Logger initialized for Recive at level DEBUG
2025-07-16 19:21:18 - Recive - INFO - Initializing receive transaction module
2025-07-16 19:21:23 - Recive - DEBUG - Logger initialized for Recive at level DEBUG
2025-07-16 19:21:23 - Recive - INFO - Initializing receive transaction module
2025-07-16 19:21:23 - Recive - DEBUG - Logger initialized for Recive at level DEBUG
2025-07-16 19:21:23 - Recive - INFO - Initializing receive transaction module
2025-07-16 19:21:23 - Recive - DEBUG - Logger initialized for Recive at level DEBUG
2025-07-16 19:21:23 - Recive - INFO - Initializing receive transaction module
2025-07-16 19:21:28 - Recive - DEBUG - Logger initialized for Recive at level DEBUG
2025-07-16 19:21:28 - Recive - INFO - Initializing receive transaction module
2025-07-16 19:21:28 - Recive - DEBUG - Logger initialized for Recive at level DEBUG
2025-07-16 19:21:28 - Recive - INFO - Initializing receive transaction module
2025-07-16 19:21:28 - Recive - DEBUG - Logger initialized for Recive at level DEBUG
2025-07-16 19:21:28 - Recive - INFO - Initializing receive transaction module
2025-07-16 19:21:32 - Recive - DEBUG - Logger initialized for Recive at level DEBUG
2025-07-16 19:21:32 - Recive - INFO - Initializing receive transaction module
2025-07-16 19:21:32 - Recive - DEBUG - Logger initialized for Recive at level DEBUG
2025-07-16 19:21:32 - Recive - INFO - Initializing receive transaction module
2025-07-16 19:21:33 - Recive - DEBUG - Logger initialized for Recive at level DEBUG
2025-07-16 19:21:33 - Recive - INFO - Initializing receive transaction module
2025-07-16 19:21:37 - Recive - DEBUG - Logger initialized for Recive at level DEBUG
2025-07-16 19:21:37 - Recive - INFO - Initializing receive transaction module
2025-07-16 19:21:37 - Recive - DEBUG - Logger initialized for Recive at level DEBUG
2025-07-16 19:21:37 - Recive - INFO - Initializing receive transaction module
2025-07-16 19:21:37 - Recive - DEBUG - Logger initialized for Recive at level DEBUG
2025-07-16 19:21:37 - Recive - INFO - Initializing receive transaction module
2025-07-16 19:21:42 - Recive - DEBUG - Logger initialized for Recive at level DEBUG
2025-07-16 19:21:42 - Recive - INFO - Initializing receive transaction module
2025-07-16 19:21:42 - Recive - DEBUG - Logger initialized for Recive at level DEBUG
2025-07-16 19:21:42 - Recive - INFO - Initializing receive transaction module
2025-07-16 19:21:42 - Recive - DEBUG - Logger initialized for Recive at level DEBUG
2025-07-16 19:21:42 - Recive - INFO - Initializing receive transaction module
2025-07-16 19:21:48 - Recive - DEBUG - Logger initialized for Recive at level DEBUG
2025-07-16 19:21:48 - Recive - INFO - Initializing receive transaction module
2025-07-16 19:21:48 - Recive - DEBUG - Logger initialized for Recive at level DEBUG
2025-07-16 19:21:48 - Recive - INFO - Initializing receive transaction module
2025-07-16 19:21:48 - Recive - DEBUG - Logger initialized for Recive at level DEBUG
2025-07-16 19:21:48 - Recive - INFO - Initializing receive transaction module
2025-07-16 19:21:52 - Recive - DEBUG - Logger initialized for Recive at level DEBUG
2025-07-16 19:21:52 - Recive - INFO - Initializing receive transaction module
2025-07-16 19:21:52 - Recive - DEBUG - Logger initialized for Recive at level DEBUG
2025-07-16 19:21:52 - Recive - INFO - Initializing receive transaction module
2025-07-16 19:21:53 - Recive - DEBUG - Logger initialized for Recive at level DEBUG
2025-07-16 19:21:53 - Recive - INFO - Initializing receive transaction module
2025-07-16 19:21:57 - Recive - DEBUG - Logger initialized for Recive at level DEBUG
2025-07-16 19:21:57 - Recive - INFO - Initializing receive transaction module
2025-07-16 19:21:57 - Recive - DEBUG - Logger initialized for Recive at level DEBUG
2025-07-16 19:21:57 - Recive - INFO - Initializing receive transaction module
2025-07-16 19:21:57 - Recive - DEBUG - Logger initialized for Recive at level DEBUG
2025-07-16 19:21:57 - Recive - INFO - Initializing receive transaction module
2025-07-16 19:22:03 - Recive - DEBUG - Logger initialized for Recive at level DEBUG
2025-07-16 19:22:03 - Recive - INFO - Initializing receive transaction module
2025-07-16 19:22:03 - Recive - DEBUG - Logger initialized for Recive at level DEBUG
2025-07-16 19:22:03 - Recive - INFO - Initializing receive transaction module
2025-07-16 19:22:03 - Recive - DEBUG - Logger initialized for Recive at level DEBUG
2025-07-16 19:22:03 - Recive - INFO - Initializing receive transaction module
2025-07-16 19:22:09 - Recive - DEBUG - Logger initialized for Recive at level DEBUG
2025-07-16 19:22:09 - Recive - INFO - Initializing receive transaction module
2025-07-16 19:22:09 - Recive - DEBUG - Logger initialized for Recive at level DEBUG
2025-07-16 19:22:09 - Recive - INFO - Initializing receive transaction module
2025-07-16 19:22:09 - Recive - DEBUG - Logger initialized for Recive at level DEBUG
2025-07-16 19:22:09 - Recive - INFO - Initializing receive transaction module
2025-07-16 19:22:13 - Recive - DEBUG - Logger initialized for Recive at level DEBUG
2025-07-16 19:22:13 - Recive - INFO - Initializing receive transaction module
2025-07-16 19:22:13 - Recive - DEBUG - Logger initialized for Recive at level DEBUG
2025-07-16 19:22:13 - Recive - INFO - Initializing receive transaction module
2025-07-16 19:22:13 - Recive - DEBUG - Logger initialized for Recive at level DEBUG
2025-07-16 19:22:13 - Recive - INFO - Initializing receive transaction module
2025-07-16 19:22:17 - Recive - DEBUG - Logger initialized for Recive at level DEBUG
2025-07-16 19:22:17 - Recive - INFO - Initializing receive transaction module
2025-07-16 19:22:17 - Recive - DEBUG - Logger initialized for Recive at level DEBUG
2025-07-16 19:22:17 - Recive - INFO - Initializing receive transaction module
2025-07-16 19:22:18 - Recive - DEBUG - Logger initialized for Recive at level DEBUG
2025-07-16 19:22:18 - Recive - INFO - Initializing receive transaction module
2025-07-16 19:22:23 - Recive - DEBUG - Logger initialized for Recive at level DEBUG
2025-07-16 19:22:23 - Recive - INFO - Initializing receive transaction module
2025-07-16 19:22:23 - Recive - DEBUG - Logger initialized for Recive at level DEBUG
2025-07-16 19:22:23 - Recive - INFO - Initializing receive transaction module
2025-07-16 19:22:23 - Recive - DEBUG - Logger initialized for Recive at level DEBUG
2025-07-16 19:22:23 - Recive - INFO - Initializing receive transaction module
2025-07-16 19:22:27 - Recive - DEBUG - Logger initialized for Recive at level DEBUG
2025-07-16 19:22:27 - Recive - INFO - Initializing receive transaction module
2025-07-16 19:22:27 - Recive - DEBUG - Logger initialized for Recive at level DEBUG
2025-07-16 19:22:27 - Recive - INFO - Initializing receive transaction module
2025-07-16 19:22:28 - Recive - DEBUG - Logger initialized for Recive at level DEBUG
2025-07-16 19:22:28 - Recive - INFO - Initializing receive transaction module
2025-07-16 19:22:32 - Recive - DEBUG - Logger initialized for Recive at level DEBUG
2025-07-16 19:22:32 - Recive - INFO - Initializing receive transaction module
2025-07-16 19:22:32 - Recive - DEBUG - Logger initialized for Recive at level DEBUG
2025-07-16 19:22:32 - Recive - INFO - Initializing receive transaction module
2025-07-16 19:22:32 - Recive - DEBUG - Logger initialized for Recive at level DEBUG
2025-07-16 19:22:32 - Recive - INFO - Initializing receive transaction module
2025-07-16 19:22:37 - Recive - DEBUG - Logger initialized for Recive at level DEBUG
2025-07-16 19:22:37 - Recive - INFO - Initializing receive transaction module
2025-07-16 19:22:37 - Recive - DEBUG - Logger initialized for Recive at level DEBUG
2025-07-16 19:22:37 - Recive - INFO - Initializing receive transaction module
2025-07-16 19:22:38 - Recive - DEBUG - Logger initialized for Recive at level DEBUG
2025-07-16 19:22:38 - Recive - INFO - Initializing receive transaction module
2025-07-16 19:22:42 - Recive - DEBUG - Logger initialized for Recive at level DEBUG
2025-07-16 19:22:42 - Recive - INFO - Initializing receive transaction module
2025-07-16 19:22:42 - Recive - DEBUG - Logger initialized for Recive at level DEBUG
2025-07-16 19:22:42 - Recive - INFO - Initializing receive transaction module
2025-07-16 19:22:42 - Recive - DEBUG - Logger initialized for Recive at level DEBUG
2025-07-16 19:22:42 - Recive - INFO - Initializing receive transaction module
2025-07-16 19:22:46 - Recive - DEBUG - Logger initialized for Recive at level DEBUG
2025-07-16 19:22:46 - Recive - INFO - Initializing receive transaction module
2025-07-16 19:22:46 - Recive - DEBUG - Logger initialized for Recive at level DEBUG
2025-07-16 19:22:46 - Recive - INFO - Initializing receive transaction module
2025-07-16 19:22:46 - Recive - DEBUG - Logger initialized for Recive at level DEBUG
2025-07-16 19:22:46 - Recive - INFO - Initializing receive transaction module
2025-07-16 19:22:51 - Recive - DEBUG - Logger initialized for Recive at level DEBUG
2025-07-16 19:22:51 - Recive - INFO - Initializing receive transaction module
2025-07-16 19:22:51 - Recive - DEBUG - Logger initialized for Recive at level DEBUG
2025-07-16 19:22:51 - Recive - INFO - Initializing receive transaction module
2025-07-16 19:22:51 - Recive - DEBUG - Logger initialized for Recive at level DEBUG
2025-07-16 19:22:51 - Recive - INFO - Initializing receive transaction module
2025-07-16 19:22:55 - Recive - DEBUG - Logger initialized for Recive at level DEBUG
2025-07-16 19:22:55 - Recive - INFO - Initializing receive transaction module
2025-07-16 19:22:56 - Recive - DEBUG - Logger initialized for Recive at level DEBUG
2025-07-16 19:22:56 - Recive - INFO - Initializing receive transaction module
2025-07-16 19:22:56 - Recive - DEBUG - Logger initialized for Recive at level DEBUG
2025-07-16 19:22:56 - Recive - INFO - Initializing receive transaction module
2025-07-16 19:23:00 - Recive - DEBUG - Logger initialized for Recive at level DEBUG
2025-07-16 19:23:00 - Recive - INFO - Initializing receive transaction module
2025-07-16 19:23:01 - Recive - DEBUG - Logger initialized for Recive at level DEBUG
2025-07-16 19:23:01 - Recive - INFO - Initializing receive transaction module
2025-07-16 19:23:01 - Recive - DEBUG - Logger initialized for Recive at level DEBUG
2025-07-16 19:23:01 - Recive - INFO - Initializing receive transaction module
2025-07-16 19:23:05 - Recive - DEBUG - Logger initialized for Recive at level DEBUG
2025-07-16 19:23:05 - Recive - INFO - Initializing receive transaction module
2025-07-16 19:23:05 - Recive - DEBUG - Logger initialized for Recive at level DEBUG
2025-07-16 19:23:05 - Recive - INFO - Initializing receive transaction module
2025-07-16 19:23:05 - Recive - DEBUG - Logger initialized for Recive at level DEBUG
2025-07-16 19:23:05 - Recive - INFO - Initializing receive transaction module
2025-07-16 19:23:09 - Recive - DEBUG - Logger initialized for Recive at level DEBUG
2025-07-16 19:23:09 - Recive - INFO - Initializing receive transaction module
2025-07-16 19:23:10 - Recive - DEBUG - Logger initialized for Recive at level DEBUG
2025-07-16 19:23:10 - Recive - INFO - Initializing receive transaction module
2025-07-16 19:23:10 - Recive - DEBUG - Logger initialized for Recive at level DEBUG
2025-07-16 19:23:10 - Recive - INFO - Initializing receive transaction module
2025-07-16 19:23:14 - Recive - DEBUG - Logger initialized for Recive at level DEBUG
2025-07-16 19:23:14 - Recive - INFO - Initializing receive transaction module
2025-07-16 19:23:14 - Recive - DEBUG - Logger initialized for Recive at level DEBUG
2025-07-16 19:23:14 - Recive - INFO - Initializing receive transaction module
2025-07-16 19:23:14 - Recive - DEBUG - Logger initialized for Recive at level DEBUG
2025-07-16 19:23:14 - Recive - INFO - Initializing receive transaction module
2025-07-16 19:23:20 - Recive - DEBUG - Logger initialized for Recive at level DEBUG
2025-07-16 19:23:20 - Recive - INFO - Initializing receive transaction module
2025-07-16 19:23:20 - Recive - DEBUG - Logger initialized for Recive at level DEBUG
2025-07-16 19:23:20 - Recive - INFO - Initializing receive transaction module
2025-07-16 19:23:20 - Recive - DEBUG - Logger initialized for Recive at level DEBUG
2025-07-16 19:23:20 - Recive - INFO - Initializing receive transaction module
2025-07-16 19:23:24 - Recive - DEBUG - Logger initialized for Recive at level DEBUG
2025-07-16 19:23:24 - Recive - INFO - Initializing receive transaction module
2025-07-16 19:23:24 - Recive - DEBUG - Logger initialized for Recive at level DEBUG
2025-07-16 19:23:24 - Recive - INFO - Initializing receive transaction module
2025-07-16 19:23:24 - Recive - DEBUG - Logger initialized for Recive at level DEBUG
2025-07-16 19:23:24 - Recive - INFO - Initializing receive transaction module
2025-07-16 19:23:28 - Recive - DEBUG - Logger initialized for Recive at level DEBUG
2025-07-16 19:23:28 - Recive - INFO - Initializing receive transaction module
2025-07-16 19:23:29 - Recive - DEBUG - Logger initialized for Recive at level DEBUG
2025-07-16 19:23:29 - Recive - INFO - Initializing receive transaction module
2025-07-16 19:23:29 - Recive - DEBUG - Logger initialized for Recive at level DEBUG
2025-07-16 19:23:29 - Recive - INFO - Initializing receive transaction module
2025-07-16 19:23:33 - Recive - DEBUG - Logger initialized for Recive at level DEBUG
2025-07-16 19:23:33 - Recive - INFO - Initializing receive transaction module
2025-07-16 19:23:33 - Recive - DEBUG - Logger initialized for Recive at level DEBUG
2025-07-16 19:23:33 - Recive - INFO - Initializing receive transaction module
2025-07-16 19:23:33 - Recive - DEBUG - Logger initialized for Recive at level DEBUG
2025-07-16 19:23:33 - Recive - INFO - Initializing receive transaction module
2025-07-16 19:23:37 - Recive - DEBUG - Logger initialized for Recive at level DEBUG
2025-07-16 19:23:37 - Recive - INFO - Initializing receive transaction module
2025-07-16 19:23:37 - Recive - DEBUG - Logger initialized for Recive at level DEBUG
2025-07-16 19:23:37 - Recive - INFO - Initializing receive transaction module
2025-07-16 19:23:38 - Recive - DEBUG - Logger initialized for Recive at level DEBUG
2025-07-16 19:23:38 - Recive - INFO - Initializing receive transaction module
2025-07-16 19:23:42 - Recive - DEBUG - Logger initialized for Recive at level DEBUG
2025-07-16 19:23:42 - Recive - INFO - Initializing receive transaction module
2025-07-16 19:23:42 - Recive - DEBUG - Logger initialized for Recive at level DEBUG
2025-07-16 19:23:42 - Recive - INFO - Initializing receive transaction module
2025-07-16 19:23:42 - Recive - DEBUG - Logger initialized for Recive at level DEBUG
2025-07-16 19:23:42 - Recive - INFO - Initializing receive transaction module
2025-07-16 19:23:47 - Recive - DEBUG - Logger initialized for Recive at level DEBUG
2025-07-16 19:23:47 - Recive - INFO - Initializing receive transaction module
2025-07-16 19:23:47 - Recive - DEBUG - Logger initialized for Recive at level DEBUG
2025-07-16 19:23:47 - Recive - INFO - Initializing receive transaction module
2025-07-16 19:23:47 - Recive - DEBUG - Logger initialized for Recive at level DEBUG
2025-07-16 19:23:47 - Recive - INFO - Initializing receive transaction module
2025-07-16 19:23:52 - Recive - DEBUG - Logger initialized for Recive at level DEBUG
2025-07-16 19:23:52 - Recive - INFO - Initializing receive transaction module
2025-07-16 19:23:52 - Recive - DEBUG - Logger initialized for Recive at level DEBUG
2025-07-16 19:23:52 - Recive - INFO - Initializing receive transaction module
2025-07-16 19:23:52 - Recive - DEBUG - Logger initialized for Recive at level DEBUG
2025-07-16 19:23:52 - Recive - INFO - Initializing receive transaction module
2025-07-16 19:23:56 - Recive - DEBUG - Logger initialized for Recive at level DEBUG
2025-07-16 19:23:56 - Recive - INFO - Initializing receive transaction module
2025-07-16 19:23:56 - Recive - DEBUG - Logger initialized for Recive at level DEBUG
2025-07-16 19:23:56 - Recive - INFO - Initializing receive transaction module
2025-07-16 19:23:56 - Recive - DEBUG - Logger initialized for Recive at level DEBUG
2025-07-16 19:23:56 - Recive - INFO - Initializing receive transaction module
2025-07-16 19:24:03 - Recive - DEBUG - Logger initialized for Recive at level DEBUG
2025-07-16 19:24:03 - Recive - INFO - Initializing receive transaction module
2025-07-16 19:24:03 - Recive - DEBUG - Logger initialized for Recive at level DEBUG
2025-07-16 19:24:03 - Recive - INFO - Initializing receive transaction module
2025-07-16 19:24:03 - Recive - DEBUG - Logger initialized for Recive at level DEBUG
2025-07-16 19:24:03 - Recive - INFO - Initializing receive transaction module
2025-07-16 19:24:07 - Recive - DEBUG - Logger initialized for Recive at level DEBUG
2025-07-16 19:24:07 - Recive - INFO - Initializing receive transaction module
2025-07-16 19:24:08 - Recive - DEBUG - Logger initialized for Recive at level DEBUG
2025-07-16 19:24:08 - Recive - INFO - Initializing receive transaction module
2025-07-16 19:24:08 - Recive - DEBUG - Logger initialized for Recive at level DEBUG
2025-07-16 19:24:08 - Recive - INFO - Initializing receive transaction module
2025-07-16 19:24:12 - Recive - DEBUG - Logger initialized for Recive at level DEBUG
2025-07-16 19:24:12 - Recive - INFO - Initializing receive transaction module
2025-07-16 19:24:12 - Recive - DEBUG - Logger initialized for Recive at level DEBUG
2025-07-16 19:24:12 - Recive - INFO - Initializing receive transaction module
2025-07-16 19:24:12 - Recive - DEBUG - Logger initialized for Recive at level DEBUG
2025-07-16 19:24:12 - Recive - INFO - Initializing receive transaction module
2025-07-16 19:24:17 - Recive - DEBUG - Logger initialized for Recive at level DEBUG
2025-07-16 19:24:17 - Recive - INFO - Initializing receive transaction module
2025-07-16 19:24:17 - Recive - DEBUG - Logger initialized for Recive at level DEBUG
2025-07-16 19:24:17 - Recive - INFO - Initializing receive transaction module
2025-07-16 19:24:17 - Recive - DEBUG - Logger initialized for Recive at level DEBUG
2025-07-16 19:24:17 - Recive - INFO - Initializing receive transaction module
2025-07-16 19:24:21 - Recive - DEBUG - Logger initialized for Recive at level DEBUG
2025-07-16 19:24:21 - Recive - INFO - Initializing receive transaction module
2025-07-16 19:24:21 - Recive - DEBUG - Logger initialized for Recive at level DEBUG
2025-07-16 19:24:21 - Recive - INFO - Initializing receive transaction module
2025-07-16 19:24:21 - Recive - DEBUG - Logger initialized for Recive at level DEBUG
2025-07-16 19:24:21 - Recive - INFO - Initializing receive transaction module
2025-07-16 19:24:26 - Recive - DEBUG - Logger initialized for Recive at level DEBUG
2025-07-16 19:24:26 - Recive - INFO - Initializing receive transaction module
2025-07-16 19:24:26 - Recive - DEBUG - Logger initialized for Recive at level DEBUG
2025-07-16 19:24:26 - Recive - INFO - Initializing receive transaction module
2025-07-16 19:24:26 - Recive - DEBUG - Logger initialized for Recive at level DEBUG
2025-07-16 19:24:26 - Recive - INFO - Initializing receive transaction module
2025-07-16 19:24:31 - Recive - DEBUG - Logger initialized for Recive at level DEBUG
2025-07-16 19:24:31 - Recive - INFO - Initializing receive transaction module
2025-07-16 19:24:31 - Recive - DEBUG - Logger initialized for Recive at level DEBUG
2025-07-16 19:24:31 - Recive - INFO - Initializing receive transaction module
2025-07-16 19:24:31 - Recive - DEBUG - Logger initialized for Recive at level DEBUG
2025-07-16 19:24:31 - Recive - INFO - Initializing receive transaction module
2025-07-16 19:24:36 - Recive - DEBUG - Logger initialized for Recive at level DEBUG
2025-07-16 19:24:36 - Recive - INFO - Initializing receive transaction module
2025-07-16 19:24:36 - Recive - DEBUG - Logger initialized for Recive at level DEBUG
2025-07-16 19:24:36 - Recive - INFO - Initializing receive transaction module
2025-07-16 19:24:37 - Recive - DEBUG - Logger initialized for Recive at level DEBUG
2025-07-16 19:24:37 - Recive - INFO - Initializing receive transaction module
2025-07-16 19:24:42 - Recive - DEBUG - Logger initialized for Recive at level DEBUG
2025-07-16 19:24:42 - Recive - INFO - Initializing receive transaction module
2025-07-16 19:24:42 - Recive - DEBUG - Logger initialized for Recive at level DEBUG
2025-07-16 19:24:42 - Recive - INFO - Initializing receive transaction module
2025-07-16 19:24:43 - Recive - DEBUG - Logger initialized for Recive at level DEBUG
2025-07-16 19:24:43 - Recive - INFO - Initializing receive transaction module
2025-07-16 19:24:48 - Recive - DEBUG - Logger initialized for Recive at level DEBUG
2025-07-16 19:24:48 - Recive - INFO - Initializing receive transaction module
2025-07-16 19:24:48 - Recive - DEBUG - Logger initialized for Recive at level DEBUG
2025-07-16 19:24:48 - Recive - INFO - Initializing receive transaction module
2025-07-16 19:24:48 - Recive - DEBUG - Logger initialized for Recive at level DEBUG
2025-07-16 19:24:48 - Recive - INFO - Initializing receive transaction module
2025-07-16 19:24:53 - Recive - DEBUG - Logger initialized for Recive at level DEBUG
2025-07-16 19:24:53 - Recive - INFO - Initializing receive transaction module
2025-07-16 19:24:54 - Recive - DEBUG - Logger initialized for Recive at level DEBUG
2025-07-16 19:24:54 - Recive - INFO - Initializing receive transaction module
2025-07-16 19:24:54 - Recive - DEBUG - Logger initialized for Recive at level DEBUG
2025-07-16 19:24:54 - Recive - INFO - Initializing receive transaction module
2025-07-16 19:25:02 - Recive - DEBUG - Logger initialized for Recive at level DEBUG
2025-07-16 19:25:02 - Recive - INFO - Initializing receive transaction module
2025-07-16 19:25:02 - Recive - DEBUG - Logger initialized for Recive at level DEBUG
2025-07-16 19:25:02 - Recive - INFO - Initializing receive transaction module
2025-07-16 19:25:02 - Recive - DEBUG - Logger initialized for Recive at level DEBUG
2025-07-16 19:25:02 - Recive - INFO - Initializing receive transaction module
2025-07-16 19:25:08 - Recive - DEBUG - Logger initialized for Recive at level DEBUG
2025-07-16 19:25:08 - Recive - INFO - Initializing receive transaction module
2025-07-16 19:25:08 - Recive - DEBUG - Logger initialized for Recive at level DEBUG
2025-07-16 19:25:08 - Recive - INFO - Initializing receive transaction module
2025-07-16 19:25:08 - Recive - DEBUG - Logger initialized for Recive at level DEBUG
2025-07-16 19:25:08 - Recive - INFO - Initializing receive transaction module
2025-07-16 19:25:13 - Recive - DEBUG - Logger initialized for Recive at level DEBUG
2025-07-16 19:25:13 - Recive - INFO - Initializing receive transaction module
2025-07-16 19:25:13 - Recive - DEBUG - Logger initialized for Recive at level DEBUG
2025-07-16 19:25:13 - Recive - INFO - Initializing receive transaction module
2025-07-16 19:25:13 - Recive - DEBUG - Logger initialized for Recive at level DEBUG
2025-07-16 19:25:13 - Recive - INFO - Initializing receive transaction module
2025-07-16 19:25:17 - Recive - DEBUG - Logger initialized for Recive at level DEBUG
2025-07-16 19:25:17 - Recive - INFO - Initializing receive transaction module
2025-07-16 19:25:17 - Recive - DEBUG - Logger initialized for Recive at level DEBUG
2025-07-16 19:25:17 - Recive - INFO - Initializing receive transaction module
2025-07-16 19:25:18 - Recive - DEBUG - Logger initialized for Recive at level DEBUG
2025-07-16 19:25:18 - Recive - INFO - Initializing receive transaction module
2025-07-16 19:25:22 - Recive - DEBUG - Logger initialized for Recive at level DEBUG
2025-07-16 19:25:22 - Recive - INFO - Initializing receive transaction module
2025-07-16 19:25:22 - Recive - DEBUG - Logger initialized for Recive at level DEBUG
2025-07-16 19:25:22 - Recive - INFO - Initializing receive transaction module
2025-07-16 19:25:22 - Recive - DEBUG - Logger initialized for Recive at level DEBUG
2025-07-16 19:25:22 - Recive - INFO - Initializing receive transaction module
2025-07-16 19:25:27 - Recive - DEBUG - Logger initialized for Recive at level DEBUG
2025-07-16 19:25:27 - Recive - INFO - Initializing receive transaction module
2025-07-16 19:25:27 - Recive - DEBUG - Logger initialized for Recive at level DEBUG
2025-07-16 19:25:27 - Recive - INFO - Initializing receive transaction module
2025-07-16 19:25:27 - Recive - DEBUG - Logger initialized for Recive at level DEBUG
2025-07-16 19:25:27 - Recive - INFO - Initializing receive transaction module
2025-07-16 19:25:32 - Recive - DEBUG - Logger initialized for Recive at level DEBUG
2025-07-16 19:25:32 - Recive - INFO - Initializing receive transaction module
2025-07-16 19:25:32 - Recive - DEBUG - Logger initialized for Recive at level DEBUG
2025-07-16 19:25:32 - Recive - INFO - Initializing receive transaction module
2025-07-16 19:25:33 - Recive - DEBUG - Logger initialized for Recive at level DEBUG
2025-07-16 19:25:33 - Recive - INFO - Initializing receive transaction module
2025-07-16 19:25:38 - Recive - DEBUG - Logger initialized for Recive at level DEBUG
2025-07-16 19:25:38 - Recive - INFO - Initializing receive transaction module
2025-07-16 19:25:38 - Recive - DEBUG - Logger initialized for Recive at level DEBUG
2025-07-16 19:25:38 - Recive - INFO - Initializing receive transaction module
2025-07-16 19:25:38 - Recive - DEBUG - Logger initialized for Recive at level DEBUG
2025-07-16 19:25:38 - Recive - INFO - Initializing receive transaction module
2025-07-16 19:25:42 - Recive - DEBUG - Logger initialized for Recive at level DEBUG
2025-07-16 19:25:42 - Recive - INFO - Initializing receive transaction module
2025-07-16 19:25:42 - Recive - DEBUG - Logger initialized for Recive at level DEBUG
2025-07-16 19:25:42 - Recive - INFO - Initializing receive transaction module
2025-07-16 19:25:43 - Recive - DEBUG - Logger initialized for Recive at level DEBUG
2025-07-16 19:25:43 - Recive - INFO - Initializing receive transaction module
2025-07-16 19:25:47 - Recive - DEBUG - Logger initialized for Recive at level DEBUG
2025-07-16 19:25:47 - Recive - INFO - Initializing receive transaction module
2025-07-16 19:25:47 - Recive - DEBUG - Logger initialized for Recive at level DEBUG
2025-07-16 19:25:47 - Recive - INFO - Initializing receive transaction module
2025-07-16 19:25:47 - Recive - DEBUG - Logger initialized for Recive at level DEBUG
2025-07-16 19:25:47 - Recive - INFO - Initializing receive transaction module
2025-07-16 19:25:52 - Recive - DEBUG - Logger initialized for Recive at level DEBUG
2025-07-16 19:25:52 - Recive - INFO - Initializing receive transaction module
2025-07-16 19:25:52 - Recive - DEBUG - Logger initialized for Recive at level DEBUG
2025-07-16 19:25:52 - Recive - INFO - Initializing receive transaction module
2025-07-16 19:25:52 - Recive - DEBUG - Logger initialized for Recive at level DEBUG
2025-07-16 19:25:52 - Recive - INFO - Initializing receive transaction module
2025-07-16 19:25:56 - Recive - DEBUG - Logger initialized for Recive at level DEBUG
2025-07-16 19:25:56 - Recive - INFO - Initializing receive transaction module
2025-07-16 19:25:57 - Recive - DEBUG - Logger initialized for Recive at level DEBUG
2025-07-16 19:25:57 - Recive - INFO - Initializing receive transaction module
2025-07-16 19:25:57 - Recive - DEBUG - Logger initialized for Recive at level DEBUG
2025-07-16 19:25:57 - Recive - INFO - Initializing receive transaction module
2025-07-16 19:26:03 - Recive - DEBUG - Logger initialized for Recive at level DEBUG
2025-07-16 19:26:03 - Recive - INFO - Initializing receive transaction module
2025-07-16 19:26:03 - Recive - DEBUG - Logger initialized for Recive at level DEBUG
2025-07-16 19:26:03 - Recive - INFO - Initializing receive transaction module
2025-07-16 19:26:03 - Recive - DEBUG - Logger initialized for Recive at level DEBUG
2025-07-16 19:26:03 - Recive - INFO - Initializing receive transaction module
2025-07-16 19:26:07 - Recive - DEBUG - Logger initialized for Recive at level DEBUG
2025-07-16 19:26:07 - Recive - INFO - Initializing receive transaction module
2025-07-16 19:26:08 - Recive - DEBUG - Logger initialized for Recive at level DEBUG
2025-07-16 19:26:08 - Recive - INFO - Initializing receive transaction module
2025-07-16 19:26:08 - Recive - DEBUG - Logger initialized for Recive at level DEBUG
2025-07-16 19:26:08 - Recive - INFO - Initializing receive transaction module
2025-07-16 19:26:12 - Recive - DEBUG - Logger initialized for Recive at level DEBUG
2025-07-16 19:26:12 - Recive - INFO - Initializing receive transaction module
2025-07-16 19:26:12 - Recive - DEBUG - Logger initialized for Recive at level DEBUG
2025-07-16 19:26:12 - Recive - INFO - Initializing receive transaction module
2025-07-16 19:26:12 - Recive - DEBUG - Logger initialized for Recive at level DEBUG
2025-07-16 19:26:12 - Recive - INFO - Initializing receive transaction module
2025-07-16 19:26:18 - Recive - DEBUG - Logger initialized for Recive at level DEBUG
2025-07-16 19:26:18 - Recive - INFO - Initializing receive transaction module
2025-07-16 19:26:18 - Recive - DEBUG - Logger initialized for Recive at level DEBUG
2025-07-16 19:26:18 - Recive - INFO - Initializing receive transaction module
2025-07-16 19:26:18 - Recive - DEBUG - Logger initialized for Recive at level DEBUG
2025-07-16 19:26:18 - Recive - INFO - Initializing receive transaction module
2025-07-16 19:26:24 - Recive - DEBUG - Logger initialized for Recive at level DEBUG
2025-07-16 19:26:24 - Recive - INFO - Initializing receive transaction module
2025-07-16 19:26:24 - Recive - DEBUG - Logger initialized for Recive at level DEBUG
2025-07-16 19:26:24 - Recive - INFO - Initializing receive transaction module
2025-07-16 19:26:24 - Recive - DEBUG - Logger initialized for Recive at level DEBUG
2025-07-16 19:26:24 - Recive - INFO - Initializing receive transaction module
2025-07-16 19:26:28 - Recive - DEBUG - Logger initialized for Recive at level DEBUG
2025-07-16 19:26:28 - Recive - INFO - Initializing receive transaction module
2025-07-16 19:26:29 - Recive - DEBUG - Logger initialized for Recive at level DEBUG
2025-07-16 19:26:29 - Recive - INFO - Initializing receive transaction module
2025-07-16 19:26:29 - Recive - DEBUG - Logger initialized for Recive at level DEBUG
2025-07-16 19:26:29 - Recive - INFO - Initializing receive transaction module
2025-07-16 19:26:33 - Recive - DEBUG - Logger initialized for Recive at level DEBUG
2025-07-16 19:26:33 - Recive - INFO - Initializing receive transaction module
2025-07-16 19:26:33 - Recive - DEBUG - Logger initialized for Recive at level DEBUG
2025-07-16 19:26:33 - Recive - INFO - Initializing receive transaction module
2025-07-16 19:26:34 - Recive - DEBUG - Logger initialized for Recive at level DEBUG
2025-07-16 19:26:34 - Recive - INFO - Initializing receive transaction module
2025-07-16 19:26:38 - Recive - DEBUG - Logger initialized for Recive at level DEBUG
2025-07-16 19:26:38 - Recive - INFO - Initializing receive transaction module
2025-07-16 19:26:38 - Recive - DEBUG - Logger initialized for Recive at level DEBUG
2025-07-16 19:26:38 - Recive - INFO - Initializing receive transaction module
2025-07-16 19:26:38 - Recive - DEBUG - Logger initialized for Recive at level DEBUG
2025-07-16 19:26:38 - Recive - INFO - Initializing receive transaction module
2025-07-16 19:26:42 - Recive - DEBUG - Logger initialized for Recive at level DEBUG
2025-07-16 19:26:42 - Recive - INFO - Initializing receive transaction module
2025-07-16 19:26:43 - Recive - DEBUG - Logger initialized for Recive at level DEBUG
2025-07-16 19:26:43 - Recive - INFO - Initializing receive transaction module
2025-07-16 19:26:43 - Recive - DEBUG - Logger initialized for Recive at level DEBUG
2025-07-16 19:26:43 - Recive - INFO - Initializing receive transaction module
2025-07-16 19:26:48 - Recive - DEBUG - Logger initialized for Recive at level DEBUG
2025-07-16 19:26:48 - Recive - INFO - Initializing receive transaction module
2025-07-16 19:26:48 - Recive - DEBUG - Logger initialized for Recive at level DEBUG
2025-07-16 19:26:48 - Recive - INFO - Initializing receive transaction module
2025-07-16 19:26:48 - Recive - DEBUG - Logger initialized for Recive at level DEBUG
2025-07-16 19:26:48 - Recive - INFO - Initializing receive transaction module
2025-07-16 19:26:54 - Recive - DEBUG - Logger initialized for Recive at level DEBUG
2025-07-16 19:26:54 - Recive - INFO - Initializing receive transaction module
2025-07-16 19:26:54 - Recive - DEBUG - Logger initialized for Recive at level DEBUG
2025-07-16 19:26:54 - Recive - INFO - Initializing receive transaction module
2025-07-16 19:26:54 - Recive - DEBUG - Logger initialized for Recive at level DEBUG
2025-07-16 19:26:54 - Recive - INFO - Initializing receive transaction module
2025-07-16 19:27:00 - Recive - DEBUG - Logger initialized for Recive at level DEBUG
2025-07-16 19:27:00 - Recive - INFO - Initializing receive transaction module
2025-07-16 19:27:00 - Recive - DEBUG - Logger initialized for Recive at level DEBUG
2025-07-16 19:27:00 - Recive - INFO - Initializing receive transaction module
2025-07-16 19:27:00 - Recive - DEBUG - Logger initialized for Recive at level DEBUG
2025-07-16 19:27:00 - Recive - INFO - Initializing receive transaction module
2025-07-16 19:27:06 - Recive - DEBUG - Logger initialized for Recive at level DEBUG
2025-07-16 19:27:06 - Recive - INFO - Initializing receive transaction module
2025-07-16 19:27:06 - Recive - DEBUG - Logger initialized for Recive at level DEBUG
2025-07-16 19:27:06 - Recive - INFO - Initializing receive transaction module
2025-07-16 19:27:06 - Recive - DEBUG - Logger initialized for Recive at level DEBUG
2025-07-16 19:27:06 - Recive - INFO - Initializing receive transaction module
2025-07-16 19:27:10 - Recive - DEBUG - Logger initialized for Recive at level DEBUG
2025-07-16 19:27:10 - Recive - INFO - Initializing receive transaction module
2025-07-16 19:27:11 - Recive - DEBUG - Logger initialized for Recive at level DEBUG
2025-07-16 19:27:11 - Recive - INFO - Initializing receive transaction module
2025-07-16 19:27:11 - Recive - DEBUG - Logger initialized for Recive at level DEBUG
2025-07-16 19:27:11 - Recive - INFO - Initializing receive transaction module
2025-07-16 19:27:15 - Recive - DEBUG - Logger initialized for Recive at level DEBUG
2025-07-16 19:27:15 - Recive - INFO - Initializing receive transaction module
2025-07-16 19:27:15 - Recive - DEBUG - Logger initialized for Recive at level DEBUG
2025-07-16 19:27:15 - Recive - INFO - Initializing receive transaction module
2025-07-16 19:27:16 - Recive - DEBUG - Logger initialized for Recive at level DEBUG
2025-07-16 19:27:16 - Recive - INFO - Initializing receive transaction module
2025-07-16 19:27:20 - Recive - DEBUG - Logger initialized for Recive at level DEBUG
2025-07-16 19:27:20 - Recive - INFO - Initializing receive transaction module
2025-07-16 19:27:20 - Recive - DEBUG - Logger initialized for Recive at level DEBUG
2025-07-16 19:27:20 - Recive - INFO - Initializing receive transaction module
2025-07-16 19:27:20 - Recive - DEBUG - Logger initialized for Recive at level DEBUG
2025-07-16 19:27:20 - Recive - INFO - Initializing receive transaction module
2025-07-16 19:27:24 - Recive - DEBUG - Logger initialized for Recive at level DEBUG
2025-07-16 19:27:24 - Recive - INFO - Initializing receive transaction module
2025-07-16 19:27:24 - Recive - DEBUG - Logger initialized for Recive at level DEBUG
2025-07-16 19:27:24 - Recive - INFO - Initializing receive transaction module
2025-07-16 19:27:25 - Recive - DEBUG - Logger initialized for Recive at level DEBUG
2025-07-16 19:27:25 - Recive - INFO - Initializing receive transaction module
2025-07-16 19:27:30 - Recive - DEBUG - Logger initialized for Recive at level DEBUG
2025-07-16 19:27:30 - Recive - INFO - Initializing receive transaction module
2025-07-16 19:27:30 - Recive - DEBUG - Logger initialized for Recive at level DEBUG
2025-07-16 19:27:30 - Recive - INFO - Initializing receive transaction module
2025-07-16 19:27:30 - Recive - DEBUG - Logger initialized for Recive at level DEBUG
2025-07-16 19:27:30 - Recive - INFO - Initializing receive transaction module
2025-07-16 19:27:34 - Recive - DEBUG - Logger initialized for Recive at level DEBUG
2025-07-16 19:27:34 - Recive - INFO - Initializing receive transaction module
2025-07-16 19:27:35 - Recive - DEBUG - Logger initialized for Recive at level DEBUG
2025-07-16 19:27:35 - Recive - INFO - Initializing receive transaction module
2025-07-16 19:27:35 - Recive - DEBUG - Logger initialized for Recive at level DEBUG
2025-07-16 19:27:35 - Recive - INFO - Initializing receive transaction module
2025-07-16 19:27:39 - Recive - DEBUG - Logger initialized for Recive at level DEBUG
2025-07-16 19:27:39 - Recive - INFO - Initializing receive transaction module
2025-07-16 19:27:39 - Recive - DEBUG - Logger initialized for Recive at level DEBUG
2025-07-16 19:27:39 - Recive - INFO - Initializing receive transaction module
2025-07-16 19:27:39 - Recive - DEBUG - Logger initialized for Recive at level DEBUG
2025-07-16 19:27:39 - Recive - INFO - Initializing receive transaction module
2025-07-16 19:27:45 - Recive - DEBUG - Logger initialized for Recive at level DEBUG
2025-07-16 19:27:45 - Recive - INFO - Initializing receive transaction module
2025-07-16 19:27:45 - Recive - DEBUG - Logger initialized for Recive at level DEBUG
2025-07-16 19:27:45 - Recive - INFO - Initializing receive transaction module
2025-07-16 19:27:45 - Recive - DEBUG - Logger initialized for Recive at level DEBUG
2025-07-16 19:27:45 - Recive - INFO - Initializing receive transaction module
2025-07-16 19:27:50 - Recive - DEBUG - Logger initialized for Recive at level DEBUG
2025-07-16 19:27:50 - Recive - INFO - Initializing receive transaction module
2025-07-16 19:27:50 - Recive - DEBUG - Logger initialized for Recive at level DEBUG
2025-07-16 19:27:50 - Recive - INFO - Initializing receive transaction module
2025-07-16 19:27:50 - Recive - DEBUG - Logger initialized for Recive at level DEBUG
2025-07-16 19:27:50 - Recive - INFO - Initializing receive transaction module
2025-07-16 19:27:54 - Recive - DEBUG - Logger initialized for Recive at level DEBUG
2025-07-16 19:27:54 - Recive - INFO - Initializing receive transaction module
2025-07-16 19:27:54 - Recive - DEBUG - Logger initialized for Recive at level DEBUG
2025-07-16 19:27:54 - Recive - INFO - Initializing receive transaction module
2025-07-16 19:27:55 - Recive - DEBUG - Logger initialized for Recive at level DEBUG
2025-07-16 19:27:55 - Recive - INFO - Initializing receive transaction module
2025-07-16 19:27:59 - Recive - DEBUG - Logger initialized for Recive at level DEBUG
2025-07-16 19:27:59 - Recive - INFO - Initializing receive transaction module
2025-07-16 19:28:00 - Recive - DEBUG - Logger initialized for Recive at level DEBUG
2025-07-16 19:28:00 - Recive - INFO - Initializing receive transaction module
2025-07-16 19:28:00 - Recive - DEBUG - Logger initialized for Recive at level DEBUG
2025-07-16 19:28:00 - Recive - INFO - Initializing receive transaction module
2025-07-16 19:28:04 - Recive - DEBUG - Logger initialized for Recive at level DEBUG
2025-07-16 19:28:04 - Recive - INFO - Initializing receive transaction module
2025-07-16 19:28:05 - Recive - DEBUG - Logger initialized for Recive at level DEBUG
2025-07-16 19:28:05 - Recive - INFO - Initializing receive transaction module
2025-07-16 19:28:05 - Recive - DEBUG - Logger initialized for Recive at level DEBUG
2025-07-16 19:28:05 - Recive - INFO - Initializing receive transaction module
2025-07-16 19:28:09 - Recive - DEBUG - Logger initialized for Recive at level DEBUG
2025-07-16 19:28:09 - Recive - INFO - Initializing receive transaction module
2025-07-16 19:28:09 - Recive - DEBUG - Logger initialized for Recive at level DEBUG
2025-07-16 19:28:09 - Recive - INFO - Initializing receive transaction module
2025-07-16 19:28:09 - Recive - DEBUG - Logger initialized for Recive at level DEBUG
2025-07-16 19:28:09 - Recive - INFO - Initializing receive transaction module
2025-07-16 19:28:15 - Recive - DEBUG - Logger initialized for Recive at level DEBUG
2025-07-16 19:28:15 - Recive - INFO - Initializing receive transaction module
2025-07-16 19:28:16 - Recive - DEBUG - Logger initialized for Recive at level DEBUG
2025-07-16 19:28:16 - Recive - INFO - Initializing receive transaction module
2025-07-16 19:28:16 - Recive - DEBUG - Logger initialized for Recive at level DEBUG
2025-07-16 19:28:16 - Recive - INFO - Initializing receive transaction module
2025-07-16 19:28:20 - Recive - DEBUG - Logger initialized for Recive at level DEBUG
2025-07-16 19:28:20 - Recive - INFO - Initializing receive transaction module
2025-07-16 19:28:21 - Recive - DEBUG - Logger initialized for Recive at level DEBUG
2025-07-16 19:28:21 - Recive - INFO - Initializing receive transaction module
2025-07-16 19:28:21 - Recive - DEBUG - Logger initialized for Recive at level DEBUG
2025-07-16 19:28:21 - Recive - INFO - Initializing receive transaction module
2025-07-16 19:28:25 - Recive - DEBUG - Logger initialized for Recive at level DEBUG
2025-07-16 19:28:25 - Recive - INFO - Initializing receive transaction module
2025-07-16 19:28:25 - Recive - DEBUG - Logger initialized for Recive at level DEBUG
2025-07-16 19:28:25 - Recive - INFO - Initializing receive transaction module
2025-07-16 19:28:25 - Recive - DEBUG - Logger initialized for Recive at level DEBUG
2025-07-16 19:28:25 - Recive - INFO - Initializing receive transaction module
2025-07-16 19:29:00 - Recive - DEBUG - Logger initialized for Recive at level DEBUG
2025-07-16 19:29:00 - Recive - INFO - Initializing receive transaction module
2025-07-16 19:29:00 - Recive - DEBUG - Logger initialized for Recive at level DEBUG
2025-07-16 19:29:00 - Recive - INFO - Initializing receive transaction module
2025-07-16 19:29:00 - Recive - DEBUG - Logger initialized for Recive at level DEBUG
2025-07-16 19:29:00 - Recive - INFO - Initializing receive transaction module
2025-07-16 19:29:06 - Recive - DEBUG - Logger initialized for Recive at level DEBUG
2025-07-16 19:29:06 - Recive - INFO - Initializing receive transaction module
2025-07-16 19:29:06 - Recive - DEBUG - Logger initialized for Recive at level DEBUG
2025-07-16 19:29:06 - Recive - INFO - Initializing receive transaction module
2025-07-16 19:29:07 - Recive - DEBUG - Logger initialized for Recive at level DEBUG
2025-07-16 19:29:07 - Recive - INFO - Initializing receive transaction module
2025-07-16 19:29:12 - Recive - DEBUG - Logger initialized for Recive at level DEBUG
2025-07-16 19:29:12 - Recive - INFO - Initializing receive transaction module
2025-07-16 19:29:13 - Recive - DEBUG - Logger initialized for Recive at level DEBUG
2025-07-16 19:29:13 - Recive - INFO - Initializing receive transaction module
2025-07-16 19:29:13 - Recive - DEBUG - Logger initialized for Recive at level DEBUG
2025-07-16 19:29:13 - Recive - INFO - Initializing receive transaction module
2025-07-16 19:29:18 - Recive - DEBUG - Logger initialized for Recive at level DEBUG
2025-07-16 19:29:18 - Recive - INFO - Initializing receive transaction module
2025-07-16 19:29:18 - Recive - DEBUG - Logger initialized for Recive at level DEBUG
2025-07-16 19:29:18 - Recive - INFO - Initializing receive transaction module
2025-07-16 19:29:19 - Recive - DEBUG - Logger initialized for Recive at level DEBUG
2025-07-16 19:29:19 - Recive - INFO - Initializing receive transaction module
2025-07-16 19:29:24 - Recive - DEBUG - Logger initialized for Recive at level DEBUG
2025-07-16 19:29:24 - Recive - INFO - Initializing receive transaction module
2025-07-16 19:29:24 - Recive - DEBUG - Logger initialized for Recive at level DEBUG
2025-07-16 19:29:24 - Recive - INFO - Initializing receive transaction module
2025-07-16 19:29:24 - Recive - DEBUG - Logger initialized for Recive at level DEBUG
2025-07-16 19:29:24 - Recive - INFO - Initializing receive transaction module
2025-07-16 19:29:29 - Recive - DEBUG - Logger initialized for Recive at level DEBUG
2025-07-16 19:29:29 - Recive - INFO - Initializing receive transaction module
2025-07-16 19:29:29 - Recive - DEBUG - Logger initialized for Recive at level DEBUG
2025-07-16 19:29:29 - Recive - INFO - Initializing receive transaction module
2025-07-16 19:29:29 - Recive - DEBUG - Logger initialized for Recive at level DEBUG
2025-07-16 19:29:29 - Recive - INFO - Initializing receive transaction module
2025-07-16 19:29:34 - Recive - DEBUG - Logger initialized for Recive at level DEBUG
2025-07-16 19:29:34 - Recive - INFO - Initializing receive transaction module
2025-07-16 19:29:34 - Recive - DEBUG - Logger initialized for Recive at level DEBUG
2025-07-16 19:29:34 - Recive - INFO - Initializing receive transaction module
2025-07-16 19:29:34 - Recive - DEBUG - Logger initialized for Recive at level DEBUG
2025-07-16 19:29:34 - Recive - INFO - Initializing receive transaction module
2025-07-16 19:29:40 - Recive - DEBUG - Logger initialized for Recive at level DEBUG
2025-07-16 19:29:40 - Recive - INFO - Initializing receive transaction module
2025-07-16 19:29:40 - Recive - DEBUG - Logger initialized for Recive at level DEBUG
2025-07-16 19:29:40 - Recive - INFO - Initializing receive transaction module
2025-07-16 19:29:40 - Recive - DEBUG - Logger initialized for Recive at level DEBUG
2025-07-16 19:29:40 - Recive - INFO - Initializing receive transaction module
2025-07-16 19:29:45 - Recive - DEBUG - Logger initialized for Recive at level DEBUG
2025-07-16 19:29:45 - Recive - INFO - Initializing receive transaction module
2025-07-16 19:29:46 - Recive - DEBUG - Logger initialized for Recive at level DEBUG
2025-07-16 19:29:46 - Recive - INFO - Initializing receive transaction module
2025-07-16 19:29:46 - Recive - DEBUG - Logger initialized for Recive at level DEBUG
2025-07-16 19:29:46 - Recive - INFO - Initializing receive transaction module
2025-07-16 19:29:50 - Recive - DEBUG - Logger initialized for Recive at level DEBUG
2025-07-16 19:29:50 - Recive - INFO - Initializing receive transaction module
2025-07-16 19:29:50 - Recive - DEBUG - Logger initialized for Recive at level DEBUG
2025-07-16 19:29:50 - Recive - INFO - Initializing receive transaction module
2025-07-16 19:29:50 - Recive - DEBUG - Logger initialized for Recive at level DEBUG
2025-07-16 19:29:50 - Recive - INFO - Initializing receive transaction module
2025-07-16 19:29:55 - Recive - DEBUG - Logger initialized for Recive at level DEBUG
2025-07-16 19:29:55 - Recive - INFO - Initializing receive transaction module
2025-07-16 19:29:55 - Recive - DEBUG - Logger initialized for Recive at level DEBUG
2025-07-16 19:29:55 - Recive - INFO - Initializing receive transaction module
2025-07-16 19:29:55 - Recive - DEBUG - Logger initialized for Recive at level DEBUG
2025-07-16 19:29:55 - Recive - INFO - Initializing receive transaction module
2025-07-16 19:30:00 - Recive - DEBUG - Logger initialized for Recive at level DEBUG
2025-07-16 19:30:00 - Recive - INFO - Initializing receive transaction module
2025-07-16 19:30:01 - Recive - DEBUG - Logger initialized for Recive at level DEBUG
2025-07-16 19:30:01 - Recive - INFO - Initializing receive transaction module
2025-07-16 19:30:01 - Recive - DEBUG - Logger initialized for Recive at level DEBUG
2025-07-16 19:30:01 - Recive - INFO - Initializing receive transaction module
2025-07-16 19:30:06 - Recive - DEBUG - Logger initialized for Recive at level DEBUG
2025-07-16 19:30:06 - Recive - INFO - Initializing receive transaction module
2025-07-16 19:30:06 - Recive - DEBUG - Logger initialized for Recive at level DEBUG
2025-07-16 19:30:06 - Recive - INFO - Initializing receive transaction module
2025-07-16 19:30:06 - Recive - DEBUG - Logger initialized for Recive at level DEBUG
2025-07-16 19:30:06 - Recive - INFO - Initializing receive transaction module
2025-07-16 19:30:11 - Recive - DEBUG - Logger initialized for Recive at level DEBUG
2025-07-16 19:30:11 - Recive - INFO - Initializing receive transaction module
2025-07-16 19:30:11 - Recive - DEBUG - Logger initialized for Recive at level DEBUG
2025-07-16 19:30:11 - Recive - INFO - Initializing receive transaction module
2025-07-16 19:30:11 - Recive - DEBUG - Logger initialized for Recive at level DEBUG
2025-07-16 19:30:11 - Recive - INFO - Initializing receive transaction module
2025-07-16 19:30:15 - Recive - DEBUG - Logger initialized for Recive at level DEBUG
2025-07-16 19:30:15 - Recive - INFO - Initializing receive transaction module
2025-07-16 19:30:15 - Recive - DEBUG - Logger initialized for Recive at level DEBUG
2025-07-16 19:30:15 - Recive - INFO - Initializing receive transaction module
2025-07-16 19:30:16 - Recive - DEBUG - Logger initialized for Recive at level DEBUG
2025-07-16 19:30:16 - Recive - INFO - Initializing receive transaction module
2025-07-16 19:30:21 - Recive - DEBUG - Logger initialized for Recive at level DEBUG
2025-07-16 19:30:21 - Recive - INFO - Initializing receive transaction module
2025-07-16 19:30:21 - Recive - DEBUG - Logger initialized for Recive at level DEBUG
2025-07-16 19:30:21 - Recive - INFO - Initializing receive transaction module
2025-07-16 19:30:21 - Recive - DEBUG - Logger initialized for Recive at level DEBUG
2025-07-16 19:30:21 - Recive - INFO - Initializing receive transaction module
2025-07-16 19:30:26 - Recive - DEBUG - Logger initialized for Recive at level DEBUG
2025-07-16 19:30:26 - Recive - INFO - Initializing receive transaction module
2025-07-16 19:30:26 - Recive - DEBUG - Logger initialized for Recive at level DEBUG
2025-07-16 19:30:26 - Recive - INFO - Initializing receive transaction module
2025-07-16 19:30:26 - Recive - DEBUG - Logger initialized for Recive at level DEBUG
2025-07-16 19:30:26 - Recive - INFO - Initializing receive transaction module
2025-07-16 19:30:31 - Recive - DEBUG - Logger initialized for Recive at level DEBUG
2025-07-16 19:30:31 - Recive - INFO - Initializing receive transaction module
2025-07-16 19:30:31 - Recive - DEBUG - Logger initialized for Recive at level DEBUG
2025-07-16 19:30:31 - Recive - INFO - Initializing receive transaction module
2025-07-16 19:30:31 - Recive - DEBUG - Logger initialized for Recive at level DEBUG
2025-07-16 19:30:31 - Recive - INFO - Initializing receive transaction module
2025-07-16 19:30:35 - Recive - DEBUG - Logger initialized for Recive at level DEBUG
2025-07-16 19:30:35 - Recive - INFO - Initializing receive transaction module
2025-07-16 19:30:35 - Recive - DEBUG - Logger initialized for Recive at level DEBUG
2025-07-16 19:30:35 - Recive - INFO - Initializing receive transaction module
2025-07-16 19:30:36 - Recive - DEBUG - Logger initialized for Recive at level DEBUG
2025-07-16 19:30:36 - Recive - INFO - Initializing receive transaction module
2025-07-16 19:30:40 - Recive - DEBUG - Logger initialized for Recive at level DEBUG
2025-07-16 19:30:40 - Recive - INFO - Initializing receive transaction module
2025-07-16 19:30:41 - Recive - DEBUG - Logger initialized for Recive at level DEBUG
2025-07-16 19:30:41 - Recive - INFO - Initializing receive transaction module
2025-07-16 19:30:41 - Recive - DEBUG - Logger initialized for Recive at level DEBUG
2025-07-16 19:30:41 - Recive - INFO - Initializing receive transaction module
2025-07-16 19:30:45 - Recive - DEBUG - Logger initialized for Recive at level DEBUG
2025-07-16 19:30:45 - Recive - INFO - Initializing receive transaction module
2025-07-16 19:30:45 - Recive - DEBUG - Logger initialized for Recive at level DEBUG
2025-07-16 19:30:45 - Recive - INFO - Initializing receive transaction module
2025-07-16 19:30:45 - Recive - DEBUG - Logger initialized for Recive at level DEBUG
2025-07-16 19:30:45 - Recive - INFO - Initializing receive transaction module
2025-07-16 19:30:49 - Recive - DEBUG - Logger initialized for Recive at level DEBUG
2025-07-16 19:30:49 - Recive - INFO - Initializing receive transaction module
2025-07-16 19:30:50 - Recive - DEBUG - Logger initialized for Recive at level DEBUG
2025-07-16 19:30:50 - Recive - INFO - Initializing receive transaction module
2025-07-16 19:30:50 - Recive - DEBUG - Logger initialized for Recive at level DEBUG
2025-07-16 19:30:50 - Recive - INFO - Initializing receive transaction module
2025-07-16 19:30:55 - Recive - DEBUG - Logger initialized for Recive at level DEBUG
2025-07-16 19:30:55 - Recive - INFO - Initializing receive transaction module
2025-07-16 19:30:55 - Recive - DEBUG - Logger initialized for Recive at level DEBUG
2025-07-16 19:30:55 - Recive - INFO - Initializing receive transaction module
2025-07-16 19:30:55 - Recive - DEBUG - Logger initialized for Recive at level DEBUG
2025-07-16 19:30:55 - Recive - INFO - Initializing receive transaction module
2025-07-16 19:31:02 - Recive - DEBUG - Logger initialized for Recive at level DEBUG
2025-07-16 19:31:02 - Recive - INFO - Initializing receive transaction module
2025-07-16 19:31:02 - Recive - DEBUG - Logger initialized for Recive at level DEBUG
2025-07-16 19:31:02 - Recive - INFO - Initializing receive transaction module
2025-07-16 19:31:02 - Recive - DEBUG - Logger initialized for Recive at level DEBUG
2025-07-16 19:31:02 - Recive - INFO - Initializing receive transaction module
2025-07-16 19:31:07 - Recive - DEBUG - Logger initialized for Recive at level DEBUG
2025-07-16 19:31:07 - Recive - INFO - Initializing receive transaction module
2025-07-16 19:31:07 - Recive - DEBUG - Logger initialized for Recive at level DEBUG
2025-07-16 19:31:07 - Recive - INFO - Initializing receive transaction module
2025-07-16 19:31:07 - Recive - DEBUG - Logger initialized for Recive at level DEBUG
2025-07-16 19:31:07 - Recive - INFO - Initializing receive transaction module
2025-07-16 19:31:11 - Recive - DEBUG - Logger initialized for Recive at level DEBUG
2025-07-16 19:31:11 - Recive - INFO - Initializing receive transaction module
2025-07-16 19:31:12 - Recive - DEBUG - Logger initialized for Recive at level DEBUG
2025-07-16 19:31:12 - Recive - INFO - Initializing receive transaction module
2025-07-16 19:31:12 - Recive - DEBUG - Logger initialized for Recive at level DEBUG
2025-07-16 19:31:12 - Recive - INFO - Initializing receive transaction module
2025-07-16 19:31:18 - Recive - DEBUG - Logger initialized for Recive at level DEBUG
2025-07-16 19:31:18 - Recive - INFO - Initializing receive transaction module
2025-07-16 19:31:18 - Recive - DEBUG - Logger initialized for Recive at level DEBUG
2025-07-16 19:31:18 - Recive - INFO - Initializing receive transaction module
2025-07-16 19:31:18 - Recive - DEBUG - Logger initialized for Recive at level DEBUG
2025-07-16 19:31:18 - Recive - INFO - Initializing receive transaction module
2025-07-16 19:31:22 - Recive - DEBUG - Logger initialized for Recive at level DEBUG
2025-07-16 19:31:22 - Recive - INFO - Initializing receive transaction module
2025-07-16 19:31:22 - Recive - DEBUG - Logger initialized for Recive at level DEBUG
2025-07-16 19:31:22 - Recive - INFO - Initializing receive transaction module
2025-07-16 19:31:23 - Recive - DEBUG - Logger initialized for Recive at level DEBUG
2025-07-16 19:31:23 - Recive - INFO - Initializing receive transaction module
2025-07-16 19:31:27 - Recive - DEBUG - Logger initialized for Recive at level DEBUG
2025-07-16 19:31:27 - Recive - INFO - Initializing receive transaction module
2025-07-16 19:31:27 - Recive - DEBUG - Logger initialized for Recive at level DEBUG
2025-07-16 19:31:27 - Recive - INFO - Initializing receive transaction module
2025-07-16 19:31:27 - Recive - DEBUG - Logger initialized for Recive at level DEBUG
2025-07-16 19:31:27 - Recive - INFO - Initializing receive transaction module
2025-07-16 19:31:32 - Recive - DEBUG - Logger initialized for Recive at level DEBUG
2025-07-16 19:31:32 - Recive - INFO - Initializing receive transaction module
2025-07-16 19:31:32 - Recive - DEBUG - Logger initialized for Recive at level DEBUG
2025-07-16 19:31:32 - Recive - INFO - Initializing receive transaction module
2025-07-16 19:31:32 - Recive - DEBUG - Logger initialized for Recive at level DEBUG
2025-07-16 19:31:32 - Recive - INFO - Initializing receive transaction module
2025-07-16 19:31:37 - Recive - DEBUG - Logger initialized for Recive at level DEBUG
2025-07-16 19:31:37 - Recive - INFO - Initializing receive transaction module
2025-07-16 19:31:37 - Recive - DEBUG - Logger initialized for Recive at level DEBUG
2025-07-16 19:31:37 - Recive - INFO - Initializing receive transaction module
2025-07-16 19:31:37 - Recive - DEBUG - Logger initialized for Recive at level DEBUG
2025-07-16 19:31:37 - Recive - INFO - Initializing receive transaction module
2025-07-16 19:31:41 - Recive - DEBUG - Logger initialized for Recive at level DEBUG
2025-07-16 19:31:41 - Recive - INFO - Initializing receive transaction module
2025-07-16 19:31:42 - Recive - DEBUG - Logger initialized for Recive at level DEBUG
2025-07-16 19:31:42 - Recive - INFO - Initializing receive transaction module
2025-07-16 19:31:42 - Recive - DEBUG - Logger initialized for Recive at level DEBUG
2025-07-16 19:31:42 - Recive - INFO - Initializing receive transaction module
2025-07-16 19:31:47 - Recive - DEBUG - Logger initialized for Recive at level DEBUG
2025-07-16 19:31:47 - Recive - INFO - Initializing receive transaction module
2025-07-16 19:31:47 - Recive - DEBUG - Logger initialized for Recive at level DEBUG
2025-07-16 19:31:47 - Recive - INFO - Initializing receive transaction module
2025-07-16 19:31:47 - Recive - DEBUG - Logger initialized for Recive at level DEBUG
2025-07-16 19:31:47 - Recive - INFO - Initializing receive transaction module
2025-07-16 19:31:57 - Recive - DEBUG - Logger initialized for Recive at level DEBUG
2025-07-16 19:31:57 - Recive - INFO - Initializing receive transaction module
2025-07-16 19:31:57 - Recive - DEBUG - Logger initialized for Recive at level DEBUG
2025-07-16 19:31:57 - Recive - INFO - Initializing receive transaction module
2025-07-16 19:31:57 - Recive - DEBUG - Logger initialized for Recive at level DEBUG
2025-07-16 19:31:57 - Recive - INFO - Initializing receive transaction module
2025-07-16 19:32:03 - Recive - DEBUG - Logger initialized for Recive at level DEBUG
2025-07-16 19:32:03 - Recive - INFO - Initializing receive transaction module
2025-07-16 19:32:03 - Recive - DEBUG - Logger initialized for Recive at level DEBUG
2025-07-16 19:32:03 - Recive - INFO - Initializing receive transaction module
2025-07-16 19:32:03 - Recive - DEBUG - Logger initialized for Recive at level DEBUG
2025-07-16 19:32:03 - Recive - INFO - Initializing receive transaction module
2025-07-16 19:32:09 - Recive - DEBUG - Logger initialized for Recive at level DEBUG
2025-07-16 19:32:09 - Recive - INFO - Initializing receive transaction module
2025-07-16 19:32:09 - Recive - DEBUG - Logger initialized for Recive at level DEBUG
2025-07-16 19:32:09 - Recive - INFO - Initializing receive transaction module
2025-07-16 19:32:09 - Recive - DEBUG - Logger initialized for Recive at level DEBUG
2025-07-16 19:32:09 - Recive - INFO - Initializing receive transaction module
2025-07-16 19:32:15 - Recive - DEBUG - Logger initialized for Recive at level DEBUG
2025-07-16 19:32:15 - Recive - INFO - Initializing receive transaction module
2025-07-16 19:32:15 - Recive - DEBUG - Logger initialized for Recive at level DEBUG
2025-07-16 19:32:15 - Recive - INFO - Initializing receive transaction module
2025-07-16 19:32:15 - Recive - DEBUG - Logger initialized for Recive at level DEBUG
2025-07-16 19:32:15 - Recive - INFO - Initializing receive transaction module
2025-07-16 19:32:19 - Recive - DEBUG - Logger initialized for Recive at level DEBUG
2025-07-16 19:32:19 - Recive - INFO - Initializing receive transaction module
2025-07-16 19:32:19 - Recive - DEBUG - Logger initialized for Recive at level DEBUG
2025-07-16 19:32:19 - Recive - INFO - Initializing receive transaction module
2025-07-16 19:32:19 - Recive - DEBUG - Logger initialized for Recive at level DEBUG
2025-07-16 19:32:19 - Recive - INFO - Initializing receive transaction module
2025-07-16 19:32:24 - Recive - DEBUG - Logger initialized for Recive at level DEBUG
2025-07-16 19:32:24 - Recive - INFO - Initializing receive transaction module
2025-07-16 19:32:24 - Recive - DEBUG - Logger initialized for Recive at level DEBUG
2025-07-16 19:32:24 - Recive - INFO - Initializing receive transaction module
2025-07-16 19:32:24 - Recive - DEBUG - Logger initialized for Recive at level DEBUG
2025-07-16 19:32:24 - Recive - INFO - Initializing receive transaction module
2025-07-16 19:32:29 - Recive - DEBUG - Logger initialized for Recive at level DEBUG
2025-07-16 19:32:29 - Recive - INFO - Initializing receive transaction module
2025-07-16 19:32:29 - Recive - DEBUG - Logger initialized for Recive at level DEBUG
2025-07-16 19:32:29 - Recive - INFO - Initializing receive transaction module
2025-07-16 19:32:29 - Recive - DEBUG - Logger initialized for Recive at level DEBUG
2025-07-16 19:32:29 - Recive - INFO - Initializing receive transaction module
2025-07-16 19:32:34 - Recive - DEBUG - Logger initialized for Recive at level DEBUG
2025-07-16 19:32:34 - Recive - INFO - Initializing receive transaction module
2025-07-16 19:32:34 - Recive - DEBUG - Logger initialized for Recive at level DEBUG
2025-07-16 19:32:34 - Recive - INFO - Initializing receive transaction module
2025-07-16 19:32:35 - Recive - DEBUG - Logger initialized for Recive at level DEBUG
2025-07-16 19:32:35 - Recive - INFO - Initializing receive transaction module
2025-07-16 19:32:39 - Recive - DEBUG - Logger initialized for Recive at level DEBUG
2025-07-16 19:32:39 - Recive - INFO - Initializing receive transaction module
2025-07-16 19:32:39 - Recive - DEBUG - Logger initialized for Recive at level DEBUG
2025-07-16 19:32:39 - Recive - INFO - Initializing receive transaction module
2025-07-16 19:32:39 - Recive - DEBUG - Logger initialized for Recive at level DEBUG
2025-07-16 19:32:39 - Recive - INFO - Initializing receive transaction module
2025-07-16 19:32:45 - Recive - DEBUG - Logger initialized for Recive at level DEBUG
2025-07-16 19:32:45 - Recive - INFO - Initializing receive transaction module
2025-07-16 19:32:45 - Recive - DEBUG - Logger initialized for Recive at level DEBUG
2025-07-16 19:32:45 - Recive - INFO - Initializing receive transaction module
2025-07-16 19:32:45 - Recive - DEBUG - Logger initialized for Recive at level DEBUG
2025-07-16 19:32:45 - Recive - INFO - Initializing receive transaction module
2025-07-16 19:32:49 - Recive - DEBUG - Logger initialized for Recive at level DEBUG
2025-07-16 19:32:49 - Recive - INFO - Initializing receive transaction module
2025-07-16 19:32:49 - Recive - DEBUG - Logger initialized for Recive at level DEBUG
2025-07-16 19:32:49 - Recive - INFO - Initializing receive transaction module
2025-07-16 19:32:49 - Recive - DEBUG - Logger initialized for Recive at level DEBUG
2025-07-16 19:32:49 - Recive - INFO - Initializing receive transaction module
2025-07-16 19:32:54 - Recive - DEBUG - Logger initialized for Recive at level DEBUG
2025-07-16 19:32:54 - Recive - INFO - Initializing receive transaction module
2025-07-16 19:32:54 - Recive - DEBUG - Logger initialized for Recive at level DEBUG
2025-07-16 19:32:54 - Recive - INFO - Initializing receive transaction module
2025-07-16 19:32:54 - Recive - DEBUG - Logger initialized for Recive at level DEBUG
2025-07-16 19:32:54 - Recive - INFO - Initializing receive transaction module
2025-07-16 19:32:58 - Recive - DEBUG - Logger initialized for Recive at level DEBUG
2025-07-16 19:32:58 - Recive - INFO - Initializing receive transaction module
2025-07-16 19:33:00 - Recive - DEBUG - Logger initialized for Recive at level DEBUG
2025-07-16 19:33:00 - Recive - INFO - Initializing receive transaction module
2025-07-16 19:33:01 - Recive - DEBUG - Logger initialized for Recive at level DEBUG
2025-07-16 19:33:01 - Recive - INFO - Initializing receive transaction module
2025-07-16 19:33:01 - Recive - DEBUG - Logger initialized for Recive at level DEBUG
2025-07-16 19:33:01 - Recive - INFO - Initializing receive transaction module
2025-07-16 19:33:06 - Recive - DEBUG - Logger initialized for Recive at level DEBUG
2025-07-16 19:33:06 - Recive - INFO - Initializing receive transaction module
2025-07-16 19:33:06 - Recive - DEBUG - Logger initialized for Recive at level DEBUG
2025-07-16 19:33:06 - Recive - INFO - Initializing receive transaction module
2025-07-16 19:33:06 - Recive - DEBUG - Logger initialized for Recive at level DEBUG
2025-07-16 19:33:06 - Recive - INFO - Initializing receive transaction module
2025-07-16 19:33:10 - Recive - DEBUG - Logger initialized for Recive at level DEBUG
2025-07-16 19:33:10 - Recive - INFO - Initializing receive transaction module
2025-07-16 19:33:11 - Recive - DEBUG - Logger initialized for Recive at level DEBUG
2025-07-16 19:33:11 - Recive - INFO - Initializing receive transaction module
2025-07-16 19:33:11 - Recive - DEBUG - Logger initialized for Recive at level DEBUG
2025-07-16 19:33:11 - Recive - INFO - Initializing receive transaction module
2025-07-16 19:33:15 - Recive - DEBUG - Logger initialized for Recive at level DEBUG
2025-07-16 19:33:15 - Recive - INFO - Initializing receive transaction module
2025-07-16 19:33:15 - Recive - DEBUG - Logger initialized for Recive at level DEBUG
2025-07-16 19:33:15 - Recive - INFO - Initializing receive transaction module
2025-07-16 19:33:15 - Recive - DEBUG - Logger initialized for Recive at level DEBUG
2025-07-16 19:33:15 - Recive - INFO - Initializing receive transaction module
2025-07-16 19:33:20 - Recive - DEBUG - Logger initialized for Recive at level DEBUG
2025-07-16 19:33:20 - Recive - INFO - Initializing receive transaction module
2025-07-16 19:33:20 - Recive - DEBUG - Logger initialized for Recive at level DEBUG
2025-07-16 19:33:20 - Recive - INFO - Initializing receive transaction module
2025-07-16 19:33:20 - Recive - DEBUG - Logger initialized for Recive at level DEBUG
2025-07-16 19:33:20 - Recive - INFO - Initializing receive transaction module
2025-07-16 19:33:24 - Recive - DEBUG - Logger initialized for Recive at level DEBUG
2025-07-16 19:33:24 - Recive - INFO - Initializing receive transaction module
2025-07-16 19:33:24 - Recive - DEBUG - Logger initialized for Recive at level DEBUG
2025-07-16 19:33:24 - Recive - INFO - Initializing receive transaction module
2025-07-16 19:33:24 - Recive - DEBUG - Logger initialized for Recive at level DEBUG
2025-07-16 19:33:24 - Recive - INFO - Initializing receive transaction module
2025-07-16 19:33:29 - Recive - DEBUG - Logger initialized for Recive at level DEBUG
2025-07-16 19:33:29 - Recive - INFO - Initializing receive transaction module
2025-07-16 19:33:29 - Recive - DEBUG - Logger initialized for Recive at level DEBUG
2025-07-16 19:33:29 - Recive - INFO - Initializing receive transaction module
2025-07-16 19:33:29 - Recive - DEBUG - Logger initialized for Recive at level DEBUG
2025-07-16 19:33:29 - Recive - INFO - Initializing receive transaction module
2025-07-16 19:33:34 - Recive - DEBUG - Logger initialized for Recive at level DEBUG
2025-07-16 19:33:34 - Recive - INFO - Initializing receive transaction module
2025-07-16 19:33:34 - Recive - DEBUG - Logger initialized for Recive at level DEBUG
2025-07-16 19:33:34 - Recive - INFO - Initializing receive transaction module
2025-07-16 19:33:34 - Recive - DEBUG - Logger initialized for Recive at level DEBUG
2025-07-16 19:33:34 - Recive - INFO - Initializing receive transaction module
2025-07-16 19:33:39 - Recive - DEBUG - Logger initialized for Recive at level DEBUG
2025-07-16 19:33:39 - Recive - INFO - Initializing receive transaction module
2025-07-16 19:33:39 - Recive - DEBUG - Logger initialized for Recive at level DEBUG
2025-07-16 19:33:39 - Recive - INFO - Initializing receive transaction module
2025-07-16 19:33:39 - Recive - DEBUG - Logger initialized for Recive at level DEBUG
2025-07-16 19:33:39 - Recive - INFO - Initializing receive transaction module
2025-07-16 19:33:44 - Recive - DEBUG - Logger initialized for Recive at level DEBUG
2025-07-16 19:33:44 - Recive - INFO - Initializing receive transaction module
2025-07-16 19:33:44 - Recive - DEBUG - Logger initialized for Recive at level DEBUG
2025-07-16 19:33:44 - Recive - INFO - Initializing receive transaction module
2025-07-16 19:33:44 - Recive - DEBUG - Logger initialized for Recive at level DEBUG
2025-07-16 19:33:44 - Recive - INFO - Initializing receive transaction module
2025-07-16 19:33:48 - Recive - DEBUG - Logger initialized for Recive at level DEBUG
2025-07-16 19:33:48 - Recive - INFO - Initializing receive transaction module
2025-07-16 19:33:48 - Recive - DEBUG - Logger initialized for Recive at level DEBUG
2025-07-16 19:33:48 - Recive - INFO - Initializing receive transaction module
2025-07-16 19:33:48 - Recive - DEBUG - Logger initialized for Recive at level DEBUG
2025-07-16 19:33:48 - Recive - INFO - Initializing receive transaction module
2025-07-16 19:33:53 - Recive - DEBUG - Logger initialized for Recive at level DEBUG
2025-07-16 19:33:53 - Recive - INFO - Initializing receive transaction module
2025-07-16 19:33:53 - Recive - DEBUG - Logger initialized for Recive at level DEBUG
2025-07-16 19:33:53 - Recive - INFO - Initializing receive transaction module
2025-07-16 19:33:53 - Recive - DEBUG - Logger initialized for Recive at level DEBUG
2025-07-16 19:33:53 - Recive - INFO - Initializing receive transaction module
2025-07-16 19:33:58 - Recive - DEBUG - Logger initialized for Recive at level DEBUG
2025-07-16 19:33:58 - Recive - INFO - Initializing receive transaction module
2025-07-16 19:33:58 - Recive - DEBUG - Logger initialized for Recive at level DEBUG
2025-07-16 19:33:58 - Recive - INFO - Initializing receive transaction module
2025-07-16 19:33:59 - Recive - DEBUG - Logger initialized for Recive at level DEBUG
2025-07-16 19:33:59 - Recive - INFO - Initializing receive transaction module
2025-07-16 19:34:00 - Recive - INFO - Initializing receive transaction module
2025-07-16 19:34:00 - Recive - INFO - Initializing receive transaction module
2025-07-16 19:34:00 - Recive - INFO - Initializing receive transaction module
2025-07-16 19:34:34 - Recive - DEBUG - Logger initialized for Recive at level DEBUG
2025-07-16 19:34:34 - Recive - INFO - Initializing receive transaction module
2025-07-16 19:34:34 - Recive - DEBUG - Logger initialized for Recive at level DEBUG
2025-07-16 19:34:34 - Recive - INFO - Initializing receive transaction module
2025-07-16 19:34:34 - Recive - DEBUG - Logger initialized for Recive at level DEBUG
2025-07-16 19:34:34 - Recive - INFO - Initializing receive transaction module
2025-07-16 19:34:36 - Recive - INFO - Initializing receive transaction module
2025-07-16 19:34:36 - Recive - INFO - Initializing receive transaction module
2025-07-16 19:34:36 - Recive - INFO - Initializing receive transaction module
2025-07-16 19:34:47 - Recive - DEBUG - Logger initialized for Recive at level DEBUG
2025-07-16 19:34:47 - Recive - INFO - Initializing receive transaction module
2025-07-16 19:34:47 - Recive - DEBUG - Logger initialized for Recive at level DEBUG
2025-07-16 19:34:47 - Recive - INFO - Initializing receive transaction module
2025-07-16 19:34:47 - Recive - DEBUG - Logger initialized for Recive at level DEBUG
2025-07-16 19:34:47 - Recive - INFO - Initializing receive transaction module
2025-07-16 19:34:49 - Recive - INFO - Initializing receive transaction module
2025-07-16 19:34:49 - Recive - INFO - Initializing receive transaction module
2025-07-16 19:34:49 - Recive - INFO - Initializing receive transaction module
2025-07-16 19:36:00 - Recive - DEBUG - Logger initialized for Recive at level DEBUG
2025-07-16 19:36:00 - Recive - INFO - Initializing receive transaction module
2025-07-16 19:36:00 - Recive - DEBUG - Logger initialized for Recive at level DEBUG
2025-07-16 19:36:00 - Recive - INFO - Initializing receive transaction module
2025-07-16 19:36:01 - Recive - DEBUG - Logger initialized for Recive at level DEBUG
2025-07-16 19:36:01 - Recive - INFO - Initializing receive transaction module
2025-07-16 19:36:02 - Recive - INFO - Initializing receive transaction module
2025-07-16 19:36:02 - Recive - INFO - Initializing receive transaction module
2025-07-16 19:36:03 - Recive - INFO - Initializing receive transaction module
2025-07-16 19:37:03 - Recive - DEBUG - Logger initialized for Recive at level DEBUG
2025-07-16 19:37:03 - Recive - INFO - Initializing receive transaction module
2025-07-16 19:37:03 - Recive - DEBUG - Logger initialized for Recive at level DEBUG
2025-07-16 19:37:03 - Recive - INFO - Initializing receive transaction module
2025-07-16 19:37:03 - Recive - DEBUG - Logger initialized for Recive at level DEBUG
2025-07-16 19:37:03 - Recive - INFO - Initializing receive transaction module
2025-07-16 19:37:05 - Recive - INFO - Initializing receive transaction module
2025-07-16 19:37:05 - Recive - INFO - Initializing receive transaction module
2025-07-16 19:37:05 - Recive - INFO - Initializing receive transaction module
2025-07-16 19:41:52 - Recive - DEBUG - Logger initialized for Recive at level DEBUG
2025-07-16 19:41:52 - Recive - INFO - Initializing receive transaction module
2025-07-16 19:41:54 - Recive - INFO - Initializing receive transaction module
2025-07-16 19:47:28 - Recive - DEBUG - Logger initialized for Recive at level DEBUG
2025-07-16 19:47:28 - Recive - INFO - Initializing receive transaction module
2025-07-16 19:47:28 - Recive - DEBUG - Logger initialized for Recive at level DEBUG
2025-07-16 19:47:28 - Recive - INFO - Initializing receive transaction module
2025-07-16 19:47:28 - Recive - DEBUG - Logger initialized for Recive at level DEBUG
2025-07-16 19:47:28 - Recive - INFO - Initializing receive transaction module
2025-07-16 19:47:30 - Recive - INFO - Initializing receive transaction module
2025-07-16 19:47:30 - Recive - INFO - Initializing receive transaction module
2025-07-16 19:47:30 - Recive - INFO - Initializing receive transaction module
2025-07-16 20:25:52 - Recive - DEBUG - Logger initialized for Recive at level DEBUG
2025-07-16 20:25:52 - Recive - INFO - Initializing receive transaction module
2025-07-16 20:25:53 - Recive - DEBUG - Logger initialized for Recive at level DEBUG
2025-07-16 20:25:53 - Recive - INFO - Initializing receive transaction module
2025-07-16 20:25:53 - Recive - DEBUG - Logger initialized for Recive at level DEBUG
2025-07-16 20:25:53 - Recive - INFO - Initializing receive transaction module
2025-07-16 20:25:54 - Recive - INFO - Initializing receive transaction module
2025-07-16 20:25:55 - Recive - INFO - Initializing receive transaction module
2025-07-16 20:25:55 - Recive - INFO - Initializing receive transaction module
2025-07-16 20:56:54 - Recive - DEBUG - Logger initialized for Recive at level DEBUG
2025-07-16 20:56:54 - Recive - INFO - Initializing receive transaction module
2025-07-16 20:56:54 - Recive - DEBUG - Logger initialized for Recive at level DEBUG
2025-07-16 20:56:54 - Recive - INFO - Initializing receive transaction module
2025-07-16 20:56:54 - Recive - DEBUG - Logger initialized for Recive at level DEBUG
2025-07-16 20:56:54 - Recive - INFO - Initializing receive transaction module
2025-07-16 20:56:55 - Recive - INFO - Initializing receive transaction module
2025-07-16 20:56:56 - Recive - INFO - Initializing receive transaction module
2025-07-16 20:56:56 - Recive - INFO - Initializing receive transaction module
2025-07-16 21:04:37 - Recive - DEBUG - Logger initialized for Recive at level DEBUG
2025-07-16 21:04:37 - Recive - INFO - Initializing receive transaction module
2025-07-16 21:04:38 - Recive - DEBUG - Logger initialized for Recive at level DEBUG
2025-07-16 21:04:38 - Recive - INFO - Initializing receive transaction module
2025-07-16 21:04:38 - Recive - DEBUG - Logger initialized for Recive at level DEBUG
2025-07-16 21:04:38 - Recive - INFO - Initializing receive transaction module
2025-07-16 21:04:39 - Recive - INFO - Initializing receive transaction module
2025-07-16 21:04:40 - Recive - INFO - Initializing receive transaction module
2025-07-16 21:04:40 - Recive - INFO - Initializing receive transaction module
2025-07-16 21:08:11 - Recive - DEBUG - Logger initialized for Recive at level DEBUG
2025-07-16 21:08:11 - Recive - INFO - Initializing receive transaction module
2025-07-16 21:08:11 - Recive - DEBUG - Logger initialized for Recive at level DEBUG
2025-07-16 21:08:11 - Recive - INFO - Initializing receive transaction module
2025-07-16 21:08:11 - Recive - DEBUG - Logger initialized for Recive at level DEBUG
2025-07-16 21:08:11 - Recive - INFO - Initializing receive transaction module
2025-07-16 21:08:13 - Recive - INFO - Initializing receive transaction module
2025-07-16 21:08:13 - Recive - INFO - Initializing receive transaction module
2025-07-16 21:08:13 - Recive - INFO - Initializing receive transaction module
2025-07-16 21:11:19 - Recive - DEBUG - Logger initialized for Recive at level DEBUG
2025-07-16 21:11:19 - Recive - INFO - Initializing receive transaction module
2025-07-16 21:11:19 - Recive - DEBUG - Logger initialized for Recive at level DEBUG
2025-07-16 21:11:19 - Recive - INFO - Initializing receive transaction module
2025-07-16 21:11:19 - Recive - DEBUG - Logger initialized for Recive at level DEBUG
2025-07-16 21:11:19 - Recive - INFO - Initializing receive transaction module
2025-07-16 21:11:21 - Recive - INFO - Initializing receive transaction module
2025-07-16 21:11:21 - Recive - INFO - Initializing receive transaction module
2025-07-16 21:11:21 - Recive - INFO - Initializing receive transaction module
2025-07-16 21:15:29 - Recive - DEBUG - Logger initialized for Recive at level DEBUG
2025-07-16 21:15:29 - Recive - INFO - Initializing receive transaction module
2025-07-16 21:15:29 - Recive - DEBUG - Logger initialized for Recive at level DEBUG
2025-07-16 21:15:29 - Recive - INFO - Initializing receive transaction module
2025-07-16 21:15:29 - Recive - DEBUG - Logger initialized for Recive at level DEBUG
2025-07-16 21:15:29 - Recive - INFO - Initializing receive transaction module
2025-07-16 21:15:30 - Recive - INFO - Initializing receive transaction module
2025-07-16 21:15:31 - Recive - INFO - Initializing receive transaction module
2025-07-16 21:15:31 - Recive - INFO - Initializing receive transaction module
2025-07-16 21:17:27 - Recive - DEBUG - Logger initialized for Recive at level DEBUG
2025-07-16 21:17:27 - Recive - INFO - Initializing receive transaction module
2025-07-16 21:17:27 - Recive - DEBUG - Logger initialized for Recive at level DEBUG
2025-07-16 21:17:27 - Recive - INFO - Initializing receive transaction module
2025-07-16 21:17:27 - Recive - DEBUG - Logger initialized for Recive at level DEBUG
2025-07-16 21:17:27 - Recive - INFO - Initializing receive transaction module
2025-07-16 21:17:28 - Recive - INFO - Initializing receive transaction module
2025-07-16 21:17:29 - Recive - INFO - Initializing receive transaction module
2025-07-16 21:17:29 - Recive - INFO - Initializing receive transaction module
2025-07-16 21:18:42 - Recive - DEBUG - Logger initialized for Recive at level DEBUG
2025-07-16 21:18:42 - Recive - INFO - Initializing receive transaction module
2025-07-16 21:18:42 - Recive - DEBUG - Logger initialized for Recive at level DEBUG
2025-07-16 21:18:42 - Recive - INFO - Initializing receive transaction module
2025-07-16 21:18:42 - Recive - DEBUG - Logger initialized for Recive at level DEBUG
2025-07-16 21:18:42 - Recive - INFO - Initializing receive transaction module
2025-07-16 21:18:44 - Recive - INFO - Initializing receive transaction module
2025-07-16 21:18:44 - Recive - INFO - Initializing receive transaction module
2025-07-16 21:18:44 - Recive - INFO - Initializing receive transaction module
2025-07-16 21:19:55 - Recive - DEBUG - Logger initialized for Recive at level DEBUG
2025-07-16 21:19:55 - Recive - INFO - Initializing receive transaction module
2025-07-16 21:19:56 - Recive - DEBUG - Logger initialized for Recive at level DEBUG
2025-07-16 21:19:56 - Recive - INFO - Initializing receive transaction module
2025-07-16 21:19:56 - Recive - DEBUG - Logger initialized for Recive at level DEBUG
2025-07-16 21:19:56 - Recive - INFO - Initializing receive transaction module
2025-07-16 21:19:57 - Recive - INFO - Initializing receive transaction module
2025-07-16 21:19:58 - Recive - INFO - Initializing receive transaction module
2025-07-16 21:19:58 - Recive - INFO - Initializing receive transaction module
2025-07-16 21:21:43 - Recive - DEBUG - Logger initialized for Recive at level DEBUG
2025-07-16 21:21:43 - Recive - INFO - Initializing receive transaction module
2025-07-16 21:21:43 - Recive - DEBUG - Logger initialized for Recive at level DEBUG
2025-07-16 21:21:43 - Recive - INFO - Initializing receive transaction module
2025-07-16 21:21:44 - Recive - DEBUG - Logger initialized for Recive at level DEBUG
2025-07-16 21:21:44 - Recive - INFO - Initializing receive transaction module
2025-07-16 21:21:45 - Recive - INFO - Initializing receive transaction module
2025-07-16 21:21:45 - Recive - INFO - Initializing receive transaction module
2025-07-16 21:21:45 - Recive - INFO - Initializing receive transaction module
2025-07-16 21:23:05 - Recive - DEBUG - Logger initialized for Recive at level DEBUG
2025-07-16 21:23:05 - Recive - INFO - Initializing receive transaction module
2025-07-16 21:23:05 - Recive - DEBUG - Logger initialized for Recive at level DEBUG
2025-07-16 21:23:05 - Recive - INFO - Initializing receive transaction module
2025-07-16 21:23:05 - Recive - DEBUG - Logger initialized for Recive at level DEBUG
2025-07-16 21:23:05 - Recive - INFO - Initializing receive transaction module
2025-07-16 21:23:06 - Recive - INFO - Initializing receive transaction module
2025-07-16 21:23:07 - Recive - INFO - Initializing receive transaction module
2025-07-16 21:23:08 - Recive - INFO - Initializing receive transaction module
2025-07-16 21:24:04 - Recive - DEBUG - Logger initialized for Recive at level DEBUG
2025-07-16 21:24:04 - Recive - INFO - Initializing receive transaction module
2025-07-16 21:24:04 - Recive - DEBUG - Logger initialized for Recive at level DEBUG
2025-07-16 21:24:04 - Recive - INFO - Initializing receive transaction module
2025-07-16 21:24:04 - Recive - DEBUG - Logger initialized for Recive at level DEBUG
2025-07-16 21:24:04 - Recive - INFO - Initializing receive transaction module
2025-07-16 21:24:06 - Recive - INFO - Initializing receive transaction module
2025-07-16 21:24:06 - Recive - INFO - Initializing receive transaction module
2025-07-16 21:24:06 - Recive - INFO - Initializing receive transaction module
2025-07-16 21:25:26 - Recive - DEBUG - Logger initialized for Recive at level DEBUG
2025-07-16 21:25:26 - Recive - INFO - Initializing receive transaction module
2025-07-16 21:25:26 - Recive - DEBUG - Logger initialized for Recive at level DEBUG
2025-07-16 21:25:26 - Recive - INFO - Initializing receive transaction module
2025-07-16 21:25:27 - Recive - DEBUG - Logger initialized for Recive at level DEBUG
2025-07-16 21:25:27 - Recive - INFO - Initializing receive transaction module
2025-07-16 21:25:28 - Recive - INFO - Initializing receive transaction module
2025-07-16 21:25:28 - Recive - INFO - Initializing receive transaction module
2025-07-16 21:25:28 - Recive - INFO - Initializing receive transaction module
2025-07-16 21:27:38 - Recive - DEBUG - Logger initialized for Recive at level DEBUG
2025-07-16 21:27:38 - Recive - INFO - Initializing receive transaction module
2025-07-16 21:27:38 - Recive - DEBUG - Logger initialized for Recive at level DEBUG
2025-07-16 21:27:38 - Recive - INFO - Initializing receive transaction module
2025-07-16 21:27:39 - Recive - DEBUG - Logger initialized for Recive at level DEBUG
2025-07-16 21:27:39 - Recive - INFO - Initializing receive transaction module
2025-07-16 21:27:40 - Recive - INFO - Initializing receive transaction module
2025-07-16 21:27:40 - Recive - INFO - Initializing receive transaction module
2025-07-16 21:27:40 - Recive - INFO - Initializing receive transaction module
2025-07-16 21:29:02 - Recive - DEBUG - Logger initialized for Recive at level DEBUG
2025-07-16 21:29:02 - Recive - INFO - Initializing receive transaction module
2025-07-16 21:29:03 - Recive - DEBUG - Logger initialized for Recive at level DEBUG
2025-07-16 21:29:03 - Recive - INFO - Initializing receive transaction module
2025-07-16 21:29:03 - Recive - DEBUG - Logger initialized for Recive at level DEBUG
2025-07-16 21:29:03 - Recive - INFO - Initializing receive transaction module
2025-07-16 21:29:04 - Recive - INFO - Initializing receive transaction module
2025-07-16 21:29:05 - Recive - INFO - Initializing receive transaction module
2025-07-16 21:29:05 - Recive - INFO - Initializing receive transaction module
2025-07-16 21:30:52 - Recive - DEBUG - Logger initialized for Recive at level DEBUG
2025-07-16 21:30:52 - Recive - INFO - Initializing receive transaction module
2025-07-16 21:30:52 - Recive - DEBUG - Logger initialized for Recive at level DEBUG
2025-07-16 21:30:52 - Recive - INFO - Initializing receive transaction module
2025-07-16 21:30:53 - Recive - DEBUG - Logger initialized for Recive at level DEBUG
2025-07-16 21:30:53 - Recive - INFO - Initializing receive transaction module
2025-07-16 21:30:54 - Recive - INFO - Initializing receive transaction module
2025-07-16 21:30:54 - Recive - INFO - Initializing receive transaction module
2025-07-16 21:30:55 - Recive - INFO - Initializing receive transaction module
2025-07-16 21:32:59 - Recive - DEBUG - Logger initialized for Recive at level DEBUG
2025-07-16 21:32:59 - Recive - INFO - Initializing receive transaction module
2025-07-16 21:32:59 - Recive - DEBUG - Logger initialized for Recive at level DEBUG
2025-07-16 21:32:59 - Recive - INFO - Initializing receive transaction module
2025-07-16 21:32:59 - Recive - DEBUG - Logger initialized for Recive at level DEBUG
2025-07-16 21:32:59 - Recive - INFO - Initializing receive transaction module
2025-07-16 21:33:01 - Recive - INFO - Initializing receive transaction module
2025-07-16 21:33:01 - Recive - INFO - Initializing receive transaction module
2025-07-16 21:33:01 - Recive - INFO - Initializing receive transaction module
2025-07-16 21:37:14 - Recive - DEBUG - Logger initialized for Recive at level DEBUG
2025-07-16 21:37:14 - Recive - INFO - Initializing receive transaction module
2025-07-16 21:37:15 - Recive - DEBUG - Logger initialized for Recive at level DEBUG
2025-07-16 21:37:15 - Recive - INFO - Initializing receive transaction module
2025-07-16 21:37:15 - Recive - DEBUG - Logger initialized for Recive at level DEBUG
2025-07-16 21:37:15 - Recive - INFO - Initializing receive transaction module
2025-07-16 21:37:16 - Recive - INFO - Initializing receive transaction module
2025-07-16 21:37:17 - Recive - INFO - Initializing receive transaction module
2025-07-16 21:37:17 - Recive - INFO - Initializing receive transaction module
2025-07-16 21:45:31 - Recive - DEBUG - Logger initialized for Recive at level DEBUG
2025-07-16 21:45:31 - Recive - INFO - Initializing receive transaction module
2025-07-16 21:45:32 - Recive - DEBUG - Logger initialized for Recive at level DEBUG
2025-07-16 21:45:32 - Recive - INFO - Initializing receive transaction module
2025-07-16 21:45:32 - Recive - DEBUG - Logger initialized for Recive at level DEBUG
2025-07-16 21:45:32 - Recive - INFO - Initializing receive transaction module
2025-07-16 21:45:33 - Recive - INFO - Initializing receive transaction module
2025-07-16 21:45:33 - Recive - INFO - Initializing receive transaction module
2025-07-16 21:45:34 - Recive - INFO - Initializing receive transaction module
2025-07-16 21:47:29 - Recive - DEBUG - Logger initialized for Recive at level DEBUG
2025-07-16 21:47:29 - Recive - INFO - Initializing receive transaction module
2025-07-16 21:47:30 - Recive - DEBUG - Logger initialized for Recive at level DEBUG
2025-07-16 21:47:30 - Recive - INFO - Initializing receive transaction module
2025-07-16 21:47:30 - Recive - DEBUG - Logger initialized for Recive at level DEBUG
2025-07-16 21:47:30 - Recive - INFO - Initializing receive transaction module
2025-07-16 21:47:31 - Recive - INFO - Initializing receive transaction module
2025-07-16 21:47:31 - Recive - INFO - Initializing receive transaction module
2025-07-16 21:47:31 - Recive - INFO - Initializing receive transaction module
2025-07-16 21:51:24 - Recive - DEBUG - Logger initialized for Recive at level DEBUG
2025-07-16 21:51:24 - Recive - INFO - Initializing receive transaction module
2025-07-16 21:51:24 - Recive - DEBUG - Logger initialized for Recive at level DEBUG
2025-07-16 21:51:24 - Recive - INFO - Initializing receive transaction module
2025-07-16 21:51:25 - Recive - DEBUG - Logger initialized for Recive at level DEBUG
2025-07-16 21:51:25 - Recive - INFO - Initializing receive transaction module
2025-07-16 21:51:26 - Recive - INFO - Initializing receive transaction module
2025-07-16 21:51:26 - Recive - INFO - Initializing receive transaction module
2025-07-16 21:51:26 - Recive - INFO - Initializing receive transaction module
2025-07-16 21:53:49 - Recive - DEBUG - Logger initialized for Recive at level DEBUG
2025-07-16 21:53:49 - Recive - INFO - Initializing receive transaction module
2025-07-16 21:53:50 - Recive - DEBUG - Logger initialized for Recive at level DEBUG
2025-07-16 21:53:50 - Recive - INFO - Initializing receive transaction module
2025-07-16 21:53:50 - Recive - DEBUG - Logger initialized for Recive at level DEBUG
2025-07-16 21:53:50 - Recive - INFO - Initializing receive transaction module
2025-07-16 21:53:51 - Recive - INFO - Initializing receive transaction module
2025-07-16 21:53:52 - Recive - INFO - Initializing receive transaction module
2025-07-16 21:53:52 - Recive - INFO - Initializing receive transaction module
2025-07-16 21:56:23 - Recive - DEBUG - Logger initialized for Recive at level DEBUG
2025-07-16 21:56:23 - Recive - INFO - Initializing receive transaction module
2025-07-16 21:56:23 - Recive - DEBUG - Logger initialized for Recive at level DEBUG
2025-07-16 21:56:23 - Recive - INFO - Initializing receive transaction module
2025-07-16 21:56:23 - Recive - DEBUG - Logger initialized for Recive at level DEBUG
2025-07-16 21:56:23 - Recive - INFO - Initializing receive transaction module
2025-07-16 21:56:25 - Recive - INFO - Initializing receive transaction module
2025-07-16 21:56:25 - Recive - INFO - Initializing receive transaction module
2025-07-16 21:56:25 - Recive - INFO - Initializing receive transaction module
2025-07-16 21:57:38 - Recive - DEBUG - Logger initialized for Recive at level DEBUG
2025-07-16 21:57:38 - Recive - INFO - Initializing receive transaction module
2025-07-16 21:57:38 - Recive - DEBUG - Logger initialized for Recive at level DEBUG
2025-07-16 21:57:38 - Recive - INFO - Initializing receive transaction module
2025-07-16 21:57:39 - Recive - DEBUG - Logger initialized for Recive at level DEBUG
2025-07-16 21:57:39 - Recive - INFO - Initializing receive transaction module
2025-07-16 21:57:40 - Recive - INFO - Initializing receive transaction module
2025-07-16 21:57:40 - Recive - INFO - Initializing receive transaction module
2025-07-16 21:57:41 - Recive - INFO - Initializing receive transaction module
2025-07-16 21:59:47 - Recive - DEBUG - Logger initialized for Recive at level DEBUG
2025-07-16 21:59:47 - Recive - INFO - Initializing receive transaction module
2025-07-16 21:59:47 - Recive - DEBUG - Logger initialized for Recive at level DEBUG
2025-07-16 21:59:47 - Recive - INFO - Initializing receive transaction module
2025-07-16 21:59:48 - Recive - DEBUG - Logger initialized for Recive at level DEBUG
2025-07-16 21:59:48 - Recive - INFO - Initializing receive transaction module
2025-07-16 21:59:49 - Recive - INFO - Initializing receive transaction module
2025-07-16 21:59:49 - Recive - INFO - Initializing receive transaction module
2025-07-16 21:59:49 - Recive - INFO - Initializing receive transaction module
2025-07-16 22:02:56 - Recive - DEBUG - Logger initialized for Recive at level DEBUG
2025-07-16 22:02:56 - Recive - INFO - Initializing receive transaction module
2025-07-16 22:02:56 - Recive - DEBUG - Logger initialized for Recive at level DEBUG
2025-07-16 22:02:56 - Recive - INFO - Initializing receive transaction module
2025-07-16 22:02:56 - Recive - DEBUG - Logger initialized for Recive at level DEBUG
2025-07-16 22:02:56 - Recive - INFO - Initializing receive transaction module
2025-07-16 22:02:58 - Recive - INFO - Initializing receive transaction module
2025-07-16 22:02:58 - Recive - INFO - Initializing receive transaction module
2025-07-16 22:02:58 - Recive - INFO - Initializing receive transaction module
2025-07-16 22:06:07 - Recive - DEBUG - Logger initialized for Recive at level DEBUG
2025-07-16 22:06:07 - Recive - INFO - Initializing receive transaction module
2025-07-16 22:06:07 - Recive - DEBUG - Logger initialized for Recive at level DEBUG
2025-07-16 22:06:07 - Recive - INFO - Initializing receive transaction module
2025-07-16 22:06:07 - Recive - DEBUG - Logger initialized for Recive at level DEBUG
2025-07-16 22:06:07 - Recive - INFO - Initializing receive transaction module
2025-07-16 22:06:09 - Recive - INFO - Initializing receive transaction module
2025-07-16 22:06:09 - Recive - INFO - Initializing receive transaction module
2025-07-16 22:06:09 - Recive - INFO - Initializing receive transaction module
2025-07-16 22:07:41 - Recive - DEBUG - Logger initialized for Recive at level DEBUG
2025-07-16 22:07:41 - Recive - INFO - Initializing receive transaction module
2025-07-16 22:07:42 - Recive - DEBUG - Logger initialized for Recive at level DEBUG
2025-07-16 22:07:42 - Recive - INFO - Initializing receive transaction module
2025-07-16 22:07:42 - Recive - DEBUG - Logger initialized for Recive at level DEBUG
2025-07-16 22:07:42 - Recive - INFO - Initializing receive transaction module
2025-07-16 22:07:43 - Recive - INFO - Initializing receive transaction module
2025-07-16 22:07:43 - Recive - INFO - Initializing receive transaction module
2025-07-16 22:07:43 - Recive - INFO - Initializing receive transaction module
2025-07-16 22:09:53 - Recive - DEBUG - Logger initialized for Recive at level DEBUG
2025-07-16 22:09:53 - Recive - INFO - Initializing receive transaction module
2025-07-16 22:09:54 - Recive - DEBUG - Logger initialized for Recive at level DEBUG
2025-07-16 22:09:54 - Recive - INFO - Initializing receive transaction module
2025-07-16 22:09:54 - Recive - DEBUG - Logger initialized for Recive at level DEBUG
2025-07-16 22:09:54 - Recive - INFO - Initializing receive transaction module
2025-07-16 22:09:55 - Recive - INFO - Initializing receive transaction module
2025-07-16 22:09:55 - Recive - INFO - Initializing receive transaction module
2025-07-16 22:09:56 - Recive - INFO - Initializing receive transaction module
2025-07-16 22:11:10 - Recive - DEBUG - Logger initialized for Recive at level DEBUG
2025-07-16 22:11:10 - Recive - INFO - Initializing receive transaction module
2025-07-16 22:11:10 - Recive - DEBUG - Logger initialized for Recive at level DEBUG
2025-07-16 22:11:10 - Recive - INFO - Initializing receive transaction module
2025-07-16 22:11:11 - Recive - DEBUG - Logger initialized for Recive at level DEBUG
2025-07-16 22:11:11 - Recive - INFO - Initializing receive transaction module
2025-07-16 22:11:11 - Recive - INFO - Initializing receive transaction module
2025-07-16 22:11:12 - Recive - INFO - Initializing receive transaction module
2025-07-16 22:11:13 - Recive - INFO - Initializing receive transaction module
2025-07-16 22:12:51 - Recive - DEBUG - Logger initialized for Recive at level DEBUG
2025-07-16 22:12:51 - Recive - INFO - Initializing receive transaction module
2025-07-16 22:12:51 - Recive - DEBUG - Logger initialized for Recive at level DEBUG
2025-07-16 22:12:51 - Recive - INFO - Initializing receive transaction module
2025-07-16 22:12:52 - Recive - DEBUG - Logger initialized for Recive at level DEBUG
2025-07-16 22:12:52 - Recive - INFO - Initializing receive transaction module
2025-07-16 22:12:53 - Recive - INFO - Initializing receive transaction module
2025-07-16 22:12:53 - Recive - INFO - Initializing receive transaction module
2025-07-16 22:12:53 - Recive - INFO - Initializing receive transaction module
2025-07-16 22:16:24 - Recive - DEBUG - Logger initialized for Recive at level DEBUG
2025-07-16 22:16:24 - Recive - INFO - Initializing receive transaction module
2025-07-16 22:16:24 - Recive - DEBUG - Logger initialized for Recive at level DEBUG
2025-07-16 22:16:24 - Recive - INFO - Initializing receive transaction module
2025-07-16 22:16:24 - Recive - DEBUG - Logger initialized for Recive at level DEBUG
2025-07-16 22:16:24 - Recive - INFO - Initializing receive transaction module
2025-07-16 22:16:25 - Recive - INFO - Initializing receive transaction module
2025-07-16 22:16:26 - Recive - INFO - Initializing receive transaction module
2025-07-16 22:16:26 - Recive - INFO - Initializing receive transaction module
2025-07-16 22:18:21 - Recive - DEBUG - Logger initialized for Recive at level DEBUG
2025-07-16 22:18:21 - Recive - INFO - Initializing receive transaction module
2025-07-16 22:18:21 - Recive - DEBUG - Logger initialized for Recive at level DEBUG
2025-07-16 22:18:21 - Recive - INFO - Initializing receive transaction module
2025-07-16 22:18:21 - Recive - DEBUG - Logger initialized for Recive at level DEBUG
2025-07-16 22:18:21 - Recive - INFO - Initializing receive transaction module
2025-07-16 22:18:23 - Recive - INFO - Initializing receive transaction module
2025-07-16 22:18:23 - Recive - INFO - Initializing receive transaction module
2025-07-16 22:18:23 - Recive - INFO - Initializing receive transaction module
