2025-08-17 00:01:25 - schedule_config - DEBUG - Logger initialized for schedule_config at level DEBUG
2025-08-17 00:01:25 - schedule_config - INFO - Loading schedule configuration
2025-08-17 00:01:25 - schedule_config - INFO - Schedule configuration loaded: 5 schedules defined
2025-08-17 00:01:25 - schedule_config - INFO - Batch size set to: 50 coins per package
2025-08-17 00:01:25 - schedule_config - DEBUG - Schedule 1: Every 5 minutes for 1 package(s): [0]
2025-08-17 00:01:25 - schedule_config - DEBUG - Schedule 2: Every 10 minutes for 1 package(s): [1]
2025-08-17 00:01:25 - schedule_config - DEBUG - Schedule 3: Every 15 minutes for 1 package(s): [2]
2025-08-17 00:01:25 - schedule_config - DEBUG - Schedule 4: Every 60 minutes for 6 package(s): [3, 4, 5, 6, 7, 8]
2025-08-17 00:01:25 - schedule_config - DEBUG - Schedule 5: Every 180 minutes for 9 package(s): [9, 10, 11, 12, 13, 14, 15, 16, 17]
2025-08-17 00:03:36 - schedule_config - DEBUG - Logger initialized for schedule_config at level DEBUG
2025-08-17 00:03:36 - schedule_config - INFO - Loading schedule configuration
2025-08-17 00:03:36 - schedule_config - INFO - Schedule configuration loaded: 5 schedules defined
2025-08-17 00:03:36 - schedule_config - INFO - Batch size set to: 50 coins per package
2025-08-17 00:03:36 - schedule_config - DEBUG - Schedule 1: Every 5 minutes for 1 package(s): [0]
2025-08-17 00:03:36 - schedule_config - DEBUG - Schedule 2: Every 10 minutes for 1 package(s): [1]
2025-08-17 00:03:36 - schedule_config - DEBUG - Schedule 3: Every 15 minutes for 1 package(s): [2]
2025-08-17 00:03:36 - schedule_config - DEBUG - Schedule 4: Every 60 minutes for 6 package(s): [3, 4, 5, 6, 7, 8]
2025-08-17 00:03:36 - schedule_config - DEBUG - Schedule 5: Every 180 minutes for 9 package(s): [9, 10, 11, 12, 13, 14, 15, 16, 17]
2025-08-17 00:05:47 - schedule_config - DEBUG - Logger initialized for schedule_config at level DEBUG
2025-08-17 00:05:47 - schedule_config - INFO - Loading schedule configuration
2025-08-17 00:05:47 - schedule_config - INFO - Schedule configuration loaded: 5 schedules defined
2025-08-17 00:05:47 - schedule_config - INFO - Batch size set to: 50 coins per package
2025-08-17 00:05:47 - schedule_config - DEBUG - Schedule 1: Every 5 minutes for 1 package(s): [0]
2025-08-17 00:05:47 - schedule_config - DEBUG - Schedule 2: Every 10 minutes for 1 package(s): [1]
2025-08-17 00:05:47 - schedule_config - DEBUG - Schedule 3: Every 15 minutes for 1 package(s): [2]
2025-08-17 00:05:47 - schedule_config - DEBUG - Schedule 4: Every 60 minutes for 6 package(s): [3, 4, 5, 6, 7, 8]
2025-08-17 00:05:47 - schedule_config - DEBUG - Schedule 5: Every 180 minutes for 9 package(s): [9, 10, 11, 12, 13, 14, 15, 16, 17]
2025-08-17 00:08:02 - schedule_config - DEBUG - Logger initialized for schedule_config at level DEBUG
2025-08-17 00:08:02 - schedule_config - INFO - Loading schedule configuration
2025-08-17 00:08:02 - schedule_config - INFO - Schedule configuration loaded: 5 schedules defined
2025-08-17 00:08:02 - schedule_config - INFO - Batch size set to: 50 coins per package
2025-08-17 00:08:02 - schedule_config - DEBUG - Schedule 1: Every 5 minutes for 1 package(s): [0]
2025-08-17 00:08:02 - schedule_config - DEBUG - Schedule 2: Every 10 minutes for 1 package(s): [1]
2025-08-17 00:08:02 - schedule_config - DEBUG - Schedule 3: Every 15 minutes for 1 package(s): [2]
2025-08-17 00:08:02 - schedule_config - DEBUG - Schedule 4: Every 60 minutes for 6 package(s): [3, 4, 5, 6, 7, 8]
2025-08-17 00:08:02 - schedule_config - DEBUG - Schedule 5: Every 180 minutes for 9 package(s): [9, 10, 11, 12, 13, 14, 15, 16, 17]
2025-08-17 00:08:05 - schedule_config - DEBUG - Logger initialized for schedule_config at level DEBUG
2025-08-17 00:08:05 - schedule_config - INFO - Loading schedule configuration
2025-08-17 00:08:05 - schedule_config - INFO - Schedule configuration loaded: 5 schedules defined
2025-08-17 00:08:05 - schedule_config - INFO - Batch size set to: 50 coins per package
2025-08-17 00:08:05 - schedule_config - DEBUG - Schedule 1: Every 5 minutes for 1 package(s): [0]
2025-08-17 00:08:05 - schedule_config - DEBUG - Schedule 2: Every 10 minutes for 1 package(s): [1]
2025-08-17 00:08:05 - schedule_config - DEBUG - Schedule 3: Every 15 minutes for 1 package(s): [2]
2025-08-17 00:08:05 - schedule_config - DEBUG - Schedule 4: Every 60 minutes for 6 package(s): [3, 4, 5, 6, 7, 8]
2025-08-17 00:08:05 - schedule_config - DEBUG - Schedule 5: Every 180 minutes for 9 package(s): [9, 10, 11, 12, 13, 14, 15, 16, 17]
2025-08-17 00:10:17 - schedule_config - DEBUG - Logger initialized for schedule_config at level DEBUG
2025-08-17 00:10:17 - schedule_config - INFO - Loading schedule configuration
2025-08-17 00:10:17 - schedule_config - INFO - Schedule configuration loaded: 5 schedules defined
2025-08-17 00:10:17 - schedule_config - INFO - Batch size set to: 50 coins per package
2025-08-17 00:10:17 - schedule_config - DEBUG - Schedule 1: Every 5 minutes for 1 package(s): [0]
2025-08-17 00:10:17 - schedule_config - DEBUG - Schedule 2: Every 10 minutes for 1 package(s): [1]
2025-08-17 00:10:17 - schedule_config - DEBUG - Schedule 3: Every 15 minutes for 1 package(s): [2]
2025-08-17 00:10:17 - schedule_config - DEBUG - Schedule 4: Every 60 minutes for 6 package(s): [3, 4, 5, 6, 7, 8]
2025-08-17 00:10:17 - schedule_config - DEBUG - Schedule 5: Every 180 minutes for 9 package(s): [9, 10, 11, 12, 13, 14, 15, 16, 17]
2025-08-17 00:12:28 - schedule_config - DEBUG - Logger initialized for schedule_config at level DEBUG
2025-08-17 00:12:28 - schedule_config - INFO - Loading schedule configuration
2025-08-17 00:12:28 - schedule_config - INFO - Schedule configuration loaded: 5 schedules defined
2025-08-17 00:12:28 - schedule_config - INFO - Batch size set to: 50 coins per package
2025-08-17 00:12:28 - schedule_config - DEBUG - Schedule 1: Every 5 minutes for 1 package(s): [0]
2025-08-17 00:12:28 - schedule_config - DEBUG - Schedule 2: Every 10 minutes for 1 package(s): [1]
2025-08-17 00:12:28 - schedule_config - DEBUG - Schedule 3: Every 15 minutes for 1 package(s): [2]
2025-08-17 00:12:28 - schedule_config - DEBUG - Schedule 4: Every 60 minutes for 6 package(s): [3, 4, 5, 6, 7, 8]
2025-08-17 00:12:28 - schedule_config - DEBUG - Schedule 5: Every 180 minutes for 9 package(s): [9, 10, 11, 12, 13, 14, 15, 16, 17]
2025-08-17 00:14:39 - schedule_config - DEBUG - Logger initialized for schedule_config at level DEBUG
2025-08-17 00:14:39 - schedule_config - INFO - Loading schedule configuration
2025-08-17 00:14:39 - schedule_config - INFO - Schedule configuration loaded: 5 schedules defined
2025-08-17 00:14:39 - schedule_config - INFO - Batch size set to: 50 coins per package
2025-08-17 00:14:39 - schedule_config - DEBUG - Schedule 1: Every 5 minutes for 1 package(s): [0]
2025-08-17 00:14:39 - schedule_config - DEBUG - Schedule 2: Every 10 minutes for 1 package(s): [1]
2025-08-17 00:14:39 - schedule_config - DEBUG - Schedule 3: Every 15 minutes for 1 package(s): [2]
2025-08-17 00:14:39 - schedule_config - DEBUG - Schedule 4: Every 60 minutes for 6 package(s): [3, 4, 5, 6, 7, 8]
2025-08-17 00:14:39 - schedule_config - DEBUG - Schedule 5: Every 180 minutes for 9 package(s): [9, 10, 11, 12, 13, 14, 15, 16, 17]
2025-08-17 00:16:51 - schedule_config - DEBUG - Logger initialized for schedule_config at level DEBUG
2025-08-17 00:16:51 - schedule_config - INFO - Loading schedule configuration
2025-08-17 00:16:51 - schedule_config - INFO - Schedule configuration loaded: 5 schedules defined
2025-08-17 00:16:51 - schedule_config - INFO - Batch size set to: 50 coins per package
2025-08-17 00:16:51 - schedule_config - DEBUG - Schedule 1: Every 5 minutes for 1 package(s): [0]
2025-08-17 00:16:51 - schedule_config - DEBUG - Schedule 2: Every 10 minutes for 1 package(s): [1]
2025-08-17 00:16:51 - schedule_config - DEBUG - Schedule 3: Every 15 minutes for 1 package(s): [2]
2025-08-17 00:16:51 - schedule_config - DEBUG - Schedule 4: Every 60 minutes for 6 package(s): [3, 4, 5, 6, 7, 8]
2025-08-17 00:16:51 - schedule_config - DEBUG - Schedule 5: Every 180 minutes for 9 package(s): [9, 10, 11, 12, 13, 14, 15, 16, 17]
2025-08-17 00:19:06 - schedule_config - DEBUG - Logger initialized for schedule_config at level DEBUG
2025-08-17 00:19:06 - schedule_config - INFO - Loading schedule configuration
2025-08-17 00:19:06 - schedule_config - INFO - Schedule configuration loaded: 5 schedules defined
2025-08-17 00:19:06 - schedule_config - INFO - Batch size set to: 50 coins per package
2025-08-17 00:19:06 - schedule_config - DEBUG - Schedule 1: Every 5 minutes for 1 package(s): [0]
2025-08-17 00:19:06 - schedule_config - DEBUG - Schedule 2: Every 10 minutes for 1 package(s): [1]
2025-08-17 00:19:06 - schedule_config - DEBUG - Schedule 3: Every 15 minutes for 1 package(s): [2]
2025-08-17 00:19:06 - schedule_config - DEBUG - Schedule 4: Every 60 minutes for 6 package(s): [3, 4, 5, 6, 7, 8]
2025-08-17 00:19:06 - schedule_config - DEBUG - Schedule 5: Every 180 minutes for 9 package(s): [9, 10, 11, 12, 13, 14, 15, 16, 17]
2025-08-17 00:21:21 - schedule_config - DEBUG - Logger initialized for schedule_config at level DEBUG
2025-08-17 00:21:21 - schedule_config - INFO - Loading schedule configuration
2025-08-17 00:21:21 - schedule_config - INFO - Schedule configuration loaded: 5 schedules defined
2025-08-17 00:21:21 - schedule_config - INFO - Batch size set to: 50 coins per package
2025-08-17 00:21:21 - schedule_config - DEBUG - Schedule 1: Every 5 minutes for 1 package(s): [0]
2025-08-17 00:21:21 - schedule_config - DEBUG - Schedule 2: Every 10 minutes for 1 package(s): [1]
2025-08-17 00:21:21 - schedule_config - DEBUG - Schedule 3: Every 15 minutes for 1 package(s): [2]
2025-08-17 00:21:21 - schedule_config - DEBUG - Schedule 4: Every 60 minutes for 6 package(s): [3, 4, 5, 6, 7, 8]
2025-08-17 00:21:21 - schedule_config - DEBUG - Schedule 5: Every 180 minutes for 9 package(s): [9, 10, 11, 12, 13, 14, 15, 16, 17]
2025-08-17 00:23:36 - schedule_config - DEBUG - Logger initialized for schedule_config at level DEBUG
2025-08-17 00:23:36 - schedule_config - INFO - Loading schedule configuration
2025-08-17 00:23:36 - schedule_config - INFO - Schedule configuration loaded: 5 schedules defined
2025-08-17 00:23:36 - schedule_config - INFO - Batch size set to: 50 coins per package
2025-08-17 00:23:36 - schedule_config - DEBUG - Schedule 1: Every 5 minutes for 1 package(s): [0]
2025-08-17 00:23:36 - schedule_config - DEBUG - Schedule 2: Every 10 minutes for 1 package(s): [1]
2025-08-17 00:23:36 - schedule_config - DEBUG - Schedule 3: Every 15 minutes for 1 package(s): [2]
2025-08-17 00:23:36 - schedule_config - DEBUG - Schedule 4: Every 60 minutes for 6 package(s): [3, 4, 5, 6, 7, 8]
2025-08-17 00:23:36 - schedule_config - DEBUG - Schedule 5: Every 180 minutes for 9 package(s): [9, 10, 11, 12, 13, 14, 15, 16, 17]
2025-08-17 00:24:11 - schedule_config - DEBUG - Logger initialized for schedule_config at level DEBUG
2025-08-17 00:24:11 - schedule_config - INFO - Loading schedule configuration
2025-08-17 00:24:11 - schedule_config - INFO - Schedule configuration loaded: 5 schedules defined
2025-08-17 00:24:11 - schedule_config - INFO - Batch size set to: 50 coins per package
2025-08-17 00:24:11 - schedule_config - DEBUG - Schedule 1: Every 5 minutes for 1 package(s): [0]
2025-08-17 00:24:11 - schedule_config - DEBUG - Schedule 2: Every 10 minutes for 1 package(s): [1]
2025-08-17 00:24:11 - schedule_config - DEBUG - Schedule 3: Every 15 minutes for 1 package(s): [2]
2025-08-17 00:24:11 - schedule_config - DEBUG - Schedule 4: Every 60 minutes for 6 package(s): [3, 4, 5, 6, 7, 8]
2025-08-17 00:24:11 - schedule_config - DEBUG - Schedule 5: Every 180 minutes for 9 package(s): [9, 10, 11, 12, 13, 14, 15, 16, 17]
2025-08-17 00:26:24 - schedule_config - DEBUG - Logger initialized for schedule_config at level DEBUG
2025-08-17 00:26:24 - schedule_config - INFO - Loading schedule configuration
2025-08-17 00:26:24 - schedule_config - INFO - Schedule configuration loaded: 5 schedules defined
2025-08-17 00:26:24 - schedule_config - INFO - Batch size set to: 50 coins per package
2025-08-17 00:26:24 - schedule_config - DEBUG - Schedule 1: Every 5 minutes for 1 package(s): [0]
2025-08-17 00:26:24 - schedule_config - DEBUG - Schedule 2: Every 10 minutes for 1 package(s): [1]
2025-08-17 00:26:24 - schedule_config - DEBUG - Schedule 3: Every 15 minutes for 1 package(s): [2]
2025-08-17 00:26:24 - schedule_config - DEBUG - Schedule 4: Every 60 minutes for 6 package(s): [3, 4, 5, 6, 7, 8]
2025-08-17 00:26:24 - schedule_config - DEBUG - Schedule 5: Every 180 minutes for 9 package(s): [9, 10, 11, 12, 13, 14, 15, 16, 17]
2025-08-17 00:28:34 - schedule_config - DEBUG - Logger initialized for schedule_config at level DEBUG
2025-08-17 00:28:34 - schedule_config - INFO - Loading schedule configuration
2025-08-17 00:28:34 - schedule_config - INFO - Schedule configuration loaded: 5 schedules defined
2025-08-17 00:28:34 - schedule_config - INFO - Batch size set to: 50 coins per package
2025-08-17 00:28:34 - schedule_config - DEBUG - Schedule 1: Every 5 minutes for 1 package(s): [0]
2025-08-17 00:28:34 - schedule_config - DEBUG - Schedule 2: Every 10 minutes for 1 package(s): [1]
2025-08-17 00:28:34 - schedule_config - DEBUG - Schedule 3: Every 15 minutes for 1 package(s): [2]
2025-08-17 00:28:34 - schedule_config - DEBUG - Schedule 4: Every 60 minutes for 6 package(s): [3, 4, 5, 6, 7, 8]
2025-08-17 00:28:34 - schedule_config - DEBUG - Schedule 5: Every 180 minutes for 9 package(s): [9, 10, 11, 12, 13, 14, 15, 16, 17]
2025-08-17 00:30:46 - schedule_config - DEBUG - Logger initialized for schedule_config at level DEBUG
2025-08-17 00:30:46 - schedule_config - INFO - Loading schedule configuration
2025-08-17 00:30:46 - schedule_config - INFO - Schedule configuration loaded: 5 schedules defined
2025-08-17 00:30:46 - schedule_config - INFO - Batch size set to: 50 coins per package
2025-08-17 00:30:46 - schedule_config - DEBUG - Schedule 1: Every 5 minutes for 1 package(s): [0]
2025-08-17 00:30:46 - schedule_config - DEBUG - Schedule 2: Every 10 minutes for 1 package(s): [1]
2025-08-17 00:30:46 - schedule_config - DEBUG - Schedule 3: Every 15 minutes for 1 package(s): [2]
2025-08-17 00:30:46 - schedule_config - DEBUG - Schedule 4: Every 60 minutes for 6 package(s): [3, 4, 5, 6, 7, 8]
2025-08-17 00:30:46 - schedule_config - DEBUG - Schedule 5: Every 180 minutes for 9 package(s): [9, 10, 11, 12, 13, 14, 15, 16, 17]
2025-08-17 00:33:01 - schedule_config - DEBUG - Logger initialized for schedule_config at level DEBUG
2025-08-17 00:33:01 - schedule_config - INFO - Loading schedule configuration
2025-08-17 00:33:01 - schedule_config - INFO - Schedule configuration loaded: 5 schedules defined
2025-08-17 00:33:01 - schedule_config - INFO - Batch size set to: 50 coins per package
2025-08-17 00:33:01 - schedule_config - DEBUG - Schedule 1: Every 5 minutes for 1 package(s): [0]
2025-08-17 00:33:01 - schedule_config - DEBUG - Schedule 2: Every 10 minutes for 1 package(s): [1]
2025-08-17 00:33:01 - schedule_config - DEBUG - Schedule 3: Every 15 minutes for 1 package(s): [2]
2025-08-17 00:33:01 - schedule_config - DEBUG - Schedule 4: Every 60 minutes for 6 package(s): [3, 4, 5, 6, 7, 8]
2025-08-17 00:33:01 - schedule_config - DEBUG - Schedule 5: Every 180 minutes for 9 package(s): [9, 10, 11, 12, 13, 14, 15, 16, 17]
2025-08-17 00:35:16 - schedule_config - DEBUG - Logger initialized for schedule_config at level DEBUG
2025-08-17 00:35:16 - schedule_config - INFO - Loading schedule configuration
2025-08-17 00:35:16 - schedule_config - INFO - Schedule configuration loaded: 5 schedules defined
2025-08-17 00:35:16 - schedule_config - INFO - Batch size set to: 50 coins per package
2025-08-17 00:35:16 - schedule_config - DEBUG - Schedule 1: Every 5 minutes for 1 package(s): [0]
2025-08-17 00:35:16 - schedule_config - DEBUG - Schedule 2: Every 10 minutes for 1 package(s): [1]
2025-08-17 00:35:16 - schedule_config - DEBUG - Schedule 3: Every 15 minutes for 1 package(s): [2]
2025-08-17 00:35:16 - schedule_config - DEBUG - Schedule 4: Every 60 minutes for 6 package(s): [3, 4, 5, 6, 7, 8]
2025-08-17 00:35:16 - schedule_config - DEBUG - Schedule 5: Every 180 minutes for 9 package(s): [9, 10, 11, 12, 13, 14, 15, 16, 17]
2025-08-17 00:37:27 - schedule_config - DEBUG - Logger initialized for schedule_config at level DEBUG
2025-08-17 00:37:27 - schedule_config - INFO - Loading schedule configuration
2025-08-17 00:37:27 - schedule_config - INFO - Schedule configuration loaded: 5 schedules defined
2025-08-17 00:37:27 - schedule_config - INFO - Batch size set to: 50 coins per package
2025-08-17 00:37:27 - schedule_config - DEBUG - Schedule 1: Every 5 minutes for 1 package(s): [0]
2025-08-17 00:37:27 - schedule_config - DEBUG - Schedule 2: Every 10 minutes for 1 package(s): [1]
2025-08-17 00:37:27 - schedule_config - DEBUG - Schedule 3: Every 15 minutes for 1 package(s): [2]
2025-08-17 00:37:27 - schedule_config - DEBUG - Schedule 4: Every 60 minutes for 6 package(s): [3, 4, 5, 6, 7, 8]
2025-08-17 00:37:27 - schedule_config - DEBUG - Schedule 5: Every 180 minutes for 9 package(s): [9, 10, 11, 12, 13, 14, 15, 16, 17]
2025-08-17 00:39:38 - schedule_config - DEBUG - Logger initialized for schedule_config at level DEBUG
2025-08-17 00:39:38 - schedule_config - INFO - Loading schedule configuration
2025-08-17 00:39:38 - schedule_config - INFO - Schedule configuration loaded: 5 schedules defined
2025-08-17 00:39:38 - schedule_config - INFO - Batch size set to: 50 coins per package
2025-08-17 00:39:38 - schedule_config - DEBUG - Schedule 1: Every 5 minutes for 1 package(s): [0]
2025-08-17 00:39:38 - schedule_config - DEBUG - Schedule 2: Every 10 minutes for 1 package(s): [1]
2025-08-17 00:39:38 - schedule_config - DEBUG - Schedule 3: Every 15 minutes for 1 package(s): [2]
2025-08-17 00:39:38 - schedule_config - DEBUG - Schedule 4: Every 60 minutes for 6 package(s): [3, 4, 5, 6, 7, 8]
2025-08-17 00:39:38 - schedule_config - DEBUG - Schedule 5: Every 180 minutes for 9 package(s): [9, 10, 11, 12, 13, 14, 15, 16, 17]
2025-08-17 00:41:53 - schedule_config - DEBUG - Logger initialized for schedule_config at level DEBUG
2025-08-17 00:41:53 - schedule_config - INFO - Loading schedule configuration
2025-08-17 00:41:53 - schedule_config - INFO - Schedule configuration loaded: 5 schedules defined
2025-08-17 00:41:53 - schedule_config - INFO - Batch size set to: 50 coins per package
2025-08-17 00:41:53 - schedule_config - DEBUG - Schedule 1: Every 5 minutes for 1 package(s): [0]
2025-08-17 00:41:53 - schedule_config - DEBUG - Schedule 2: Every 10 minutes for 1 package(s): [1]
2025-08-17 00:41:53 - schedule_config - DEBUG - Schedule 3: Every 15 minutes for 1 package(s): [2]
2025-08-17 00:41:53 - schedule_config - DEBUG - Schedule 4: Every 60 minutes for 6 package(s): [3, 4, 5, 6, 7, 8]
2025-08-17 00:41:53 - schedule_config - DEBUG - Schedule 5: Every 180 minutes for 9 package(s): [9, 10, 11, 12, 13, 14, 15, 16, 17]
2025-08-17 00:44:05 - schedule_config - DEBUG - Logger initialized for schedule_config at level DEBUG
2025-08-17 00:44:05 - schedule_config - INFO - Loading schedule configuration
2025-08-17 00:44:05 - schedule_config - INFO - Schedule configuration loaded: 5 schedules defined
2025-08-17 00:44:05 - schedule_config - INFO - Batch size set to: 50 coins per package
2025-08-17 00:44:05 - schedule_config - DEBUG - Schedule 1: Every 5 minutes for 1 package(s): [0]
2025-08-17 00:44:05 - schedule_config - DEBUG - Schedule 2: Every 10 minutes for 1 package(s): [1]
2025-08-17 00:44:05 - schedule_config - DEBUG - Schedule 3: Every 15 minutes for 1 package(s): [2]
2025-08-17 00:44:05 - schedule_config - DEBUG - Schedule 4: Every 60 minutes for 6 package(s): [3, 4, 5, 6, 7, 8]
2025-08-17 00:44:05 - schedule_config - DEBUG - Schedule 5: Every 180 minutes for 9 package(s): [9, 10, 11, 12, 13, 14, 15, 16, 17]
2025-08-17 00:46:20 - schedule_config - DEBUG - Logger initialized for schedule_config at level DEBUG
2025-08-17 00:46:20 - schedule_config - INFO - Loading schedule configuration
2025-08-17 00:46:20 - schedule_config - INFO - Schedule configuration loaded: 5 schedules defined
2025-08-17 00:46:20 - schedule_config - INFO - Batch size set to: 50 coins per package
2025-08-17 00:46:20 - schedule_config - DEBUG - Schedule 1: Every 5 minutes for 1 package(s): [0]
2025-08-17 00:46:20 - schedule_config - DEBUG - Schedule 2: Every 10 minutes for 1 package(s): [1]
2025-08-17 00:46:20 - schedule_config - DEBUG - Schedule 3: Every 15 minutes for 1 package(s): [2]
2025-08-17 00:46:20 - schedule_config - DEBUG - Schedule 4: Every 60 minutes for 6 package(s): [3, 4, 5, 6, 7, 8]
2025-08-17 00:46:20 - schedule_config - DEBUG - Schedule 5: Every 180 minutes for 9 package(s): [9, 10, 11, 12, 13, 14, 15, 16, 17]
2025-08-17 00:48:31 - schedule_config - DEBUG - Logger initialized for schedule_config at level DEBUG
2025-08-17 00:48:31 - schedule_config - INFO - Loading schedule configuration
2025-08-17 00:48:31 - schedule_config - INFO - Schedule configuration loaded: 5 schedules defined
2025-08-17 00:48:31 - schedule_config - INFO - Batch size set to: 50 coins per package
2025-08-17 00:48:31 - schedule_config - DEBUG - Schedule 1: Every 5 minutes for 1 package(s): [0]
2025-08-17 00:48:31 - schedule_config - DEBUG - Schedule 2: Every 10 minutes for 1 package(s): [1]
2025-08-17 00:48:31 - schedule_config - DEBUG - Schedule 3: Every 15 minutes for 1 package(s): [2]
2025-08-17 00:48:31 - schedule_config - DEBUG - Schedule 4: Every 60 minutes for 6 package(s): [3, 4, 5, 6, 7, 8]
2025-08-17 00:48:31 - schedule_config - DEBUG - Schedule 5: Every 180 minutes for 9 package(s): [9, 10, 11, 12, 13, 14, 15, 16, 17]
2025-08-17 00:50:46 - schedule_config - DEBUG - Logger initialized for schedule_config at level DEBUG
2025-08-17 00:50:46 - schedule_config - INFO - Loading schedule configuration
2025-08-17 00:50:46 - schedule_config - INFO - Schedule configuration loaded: 5 schedules defined
2025-08-17 00:50:46 - schedule_config - INFO - Batch size set to: 50 coins per package
2025-08-17 00:50:46 - schedule_config - DEBUG - Schedule 1: Every 5 minutes for 1 package(s): [0]
2025-08-17 00:50:46 - schedule_config - DEBUG - Schedule 2: Every 10 minutes for 1 package(s): [1]
2025-08-17 00:50:46 - schedule_config - DEBUG - Schedule 3: Every 15 minutes for 1 package(s): [2]
2025-08-17 00:50:46 - schedule_config - DEBUG - Schedule 4: Every 60 minutes for 6 package(s): [3, 4, 5, 6, 7, 8]
2025-08-17 00:50:46 - schedule_config - DEBUG - Schedule 5: Every 180 minutes for 9 package(s): [9, 10, 11, 12, 13, 14, 15, 16, 17]
2025-08-17 00:50:56 - schedule_config - DEBUG - Logger initialized for schedule_config at level DEBUG
2025-08-17 00:50:56 - schedule_config - INFO - Loading schedule configuration
2025-08-17 00:50:56 - schedule_config - INFO - Schedule configuration loaded: 5 schedules defined
2025-08-17 00:50:56 - schedule_config - INFO - Batch size set to: 50 coins per package
2025-08-17 00:50:56 - schedule_config - DEBUG - Schedule 1: Every 5 minutes for 1 package(s): [0]
2025-08-17 00:50:56 - schedule_config - DEBUG - Schedule 2: Every 10 minutes for 1 package(s): [1]
2025-08-17 00:50:56 - schedule_config - DEBUG - Schedule 3: Every 15 minutes for 1 package(s): [2]
2025-08-17 00:50:56 - schedule_config - DEBUG - Schedule 4: Every 60 minutes for 6 package(s): [3, 4, 5, 6, 7, 8]
2025-08-17 00:50:56 - schedule_config - DEBUG - Schedule 5: Every 180 minutes for 9 package(s): [9, 10, 11, 12, 13, 14, 15, 16, 17]
2025-08-17 00:53:10 - schedule_config - DEBUG - Logger initialized for schedule_config at level DEBUG
2025-08-17 00:53:10 - schedule_config - INFO - Loading schedule configuration
2025-08-17 00:53:10 - schedule_config - INFO - Schedule configuration loaded: 5 schedules defined
2025-08-17 00:53:10 - schedule_config - INFO - Batch size set to: 50 coins per package
2025-08-17 00:53:10 - schedule_config - DEBUG - Schedule 1: Every 5 minutes for 1 package(s): [0]
2025-08-17 00:53:10 - schedule_config - DEBUG - Schedule 2: Every 10 minutes for 1 package(s): [1]
2025-08-17 00:53:10 - schedule_config - DEBUG - Schedule 3: Every 15 minutes for 1 package(s): [2]
2025-08-17 00:53:10 - schedule_config - DEBUG - Schedule 4: Every 60 minutes for 6 package(s): [3, 4, 5, 6, 7, 8]
2025-08-17 00:53:10 - schedule_config - DEBUG - Schedule 5: Every 180 minutes for 9 package(s): [9, 10, 11, 12, 13, 14, 15, 16, 17]
2025-08-17 00:55:25 - schedule_config - DEBUG - Logger initialized for schedule_config at level DEBUG
2025-08-17 00:55:25 - schedule_config - INFO - Loading schedule configuration
2025-08-17 00:55:25 - schedule_config - INFO - Schedule configuration loaded: 5 schedules defined
2025-08-17 00:55:25 - schedule_config - INFO - Batch size set to: 50 coins per package
2025-08-17 00:55:25 - schedule_config - DEBUG - Schedule 1: Every 5 minutes for 1 package(s): [0]
2025-08-17 00:55:25 - schedule_config - DEBUG - Schedule 2: Every 10 minutes for 1 package(s): [1]
2025-08-17 00:55:25 - schedule_config - DEBUG - Schedule 3: Every 15 minutes for 1 package(s): [2]
2025-08-17 00:55:25 - schedule_config - DEBUG - Schedule 4: Every 60 minutes for 6 package(s): [3, 4, 5, 6, 7, 8]
2025-08-17 00:55:25 - schedule_config - DEBUG - Schedule 5: Every 180 minutes for 9 package(s): [9, 10, 11, 12, 13, 14, 15, 16, 17]
2025-08-17 00:55:29 - schedule_config - DEBUG - Logger initialized for schedule_config at level DEBUG
2025-08-17 00:55:29 - schedule_config - INFO - Loading schedule configuration
2025-08-17 00:55:29 - schedule_config - INFO - Schedule configuration loaded: 5 schedules defined
2025-08-17 00:55:29 - schedule_config - INFO - Batch size set to: 50 coins per package
2025-08-17 00:55:29 - schedule_config - DEBUG - Schedule 1: Every 5 minutes for 1 package(s): [0]
2025-08-17 00:55:29 - schedule_config - DEBUG - Schedule 2: Every 10 minutes for 1 package(s): [1]
2025-08-17 00:55:29 - schedule_config - DEBUG - Schedule 3: Every 15 minutes for 1 package(s): [2]
2025-08-17 00:55:29 - schedule_config - DEBUG - Schedule 4: Every 60 minutes for 6 package(s): [3, 4, 5, 6, 7, 8]
2025-08-17 00:55:29 - schedule_config - DEBUG - Schedule 5: Every 180 minutes for 9 package(s): [9, 10, 11, 12, 13, 14, 15, 16, 17]
2025-08-17 00:57:44 - schedule_config - DEBUG - Logger initialized for schedule_config at level DEBUG
2025-08-17 00:57:44 - schedule_config - INFO - Loading schedule configuration
2025-08-17 00:57:44 - schedule_config - INFO - Schedule configuration loaded: 5 schedules defined
2025-08-17 00:57:44 - schedule_config - INFO - Batch size set to: 50 coins per package
2025-08-17 00:57:44 - schedule_config - DEBUG - Schedule 1: Every 5 minutes for 1 package(s): [0]
2025-08-17 00:57:44 - schedule_config - DEBUG - Schedule 2: Every 10 minutes for 1 package(s): [1]
2025-08-17 00:57:44 - schedule_config - DEBUG - Schedule 3: Every 15 minutes for 1 package(s): [2]
2025-08-17 00:57:44 - schedule_config - DEBUG - Schedule 4: Every 60 minutes for 6 package(s): [3, 4, 5, 6, 7, 8]
2025-08-17 00:57:44 - schedule_config - DEBUG - Schedule 5: Every 180 minutes for 9 package(s): [9, 10, 11, 12, 13, 14, 15, 16, 17]
2025-08-17 00:59:56 - schedule_config - DEBUG - Logger initialized for schedule_config at level DEBUG
2025-08-17 00:59:56 - schedule_config - INFO - Loading schedule configuration
2025-08-17 00:59:56 - schedule_config - INFO - Schedule configuration loaded: 5 schedules defined
2025-08-17 00:59:56 - schedule_config - INFO - Batch size set to: 50 coins per package
2025-08-17 00:59:56 - schedule_config - DEBUG - Schedule 1: Every 5 minutes for 1 package(s): [0]
2025-08-17 00:59:56 - schedule_config - DEBUG - Schedule 2: Every 10 minutes for 1 package(s): [1]
2025-08-17 00:59:56 - schedule_config - DEBUG - Schedule 3: Every 15 minutes for 1 package(s): [2]
2025-08-17 00:59:56 - schedule_config - DEBUG - Schedule 4: Every 60 minutes for 6 package(s): [3, 4, 5, 6, 7, 8]
2025-08-17 00:59:56 - schedule_config - DEBUG - Schedule 5: Every 180 minutes for 9 package(s): [9, 10, 11, 12, 13, 14, 15, 16, 17]
2025-08-17 01:02:10 - schedule_config - DEBUG - Logger initialized for schedule_config at level DEBUG
2025-08-17 01:02:10 - schedule_config - INFO - Loading schedule configuration
2025-08-17 01:02:10 - schedule_config - INFO - Schedule configuration loaded: 5 schedules defined
2025-08-17 01:02:10 - schedule_config - INFO - Batch size set to: 50 coins per package
2025-08-17 01:02:10 - schedule_config - DEBUG - Schedule 1: Every 5 minutes for 1 package(s): [0]
2025-08-17 01:02:10 - schedule_config - DEBUG - Schedule 2: Every 10 minutes for 1 package(s): [1]
2025-08-17 01:02:10 - schedule_config - DEBUG - Schedule 3: Every 15 minutes for 1 package(s): [2]
2025-08-17 01:02:10 - schedule_config - DEBUG - Schedule 4: Every 60 minutes for 6 package(s): [3, 4, 5, 6, 7, 8]
2025-08-17 01:02:10 - schedule_config - DEBUG - Schedule 5: Every 180 minutes for 9 package(s): [9, 10, 11, 12, 13, 14, 15, 16, 17]
2025-08-17 01:04:21 - schedule_config - DEBUG - Logger initialized for schedule_config at level DEBUG
2025-08-17 01:04:21 - schedule_config - INFO - Loading schedule configuration
2025-08-17 01:04:21 - schedule_config - INFO - Schedule configuration loaded: 5 schedules defined
2025-08-17 01:04:21 - schedule_config - INFO - Batch size set to: 50 coins per package
2025-08-17 01:04:21 - schedule_config - DEBUG - Schedule 1: Every 5 minutes for 1 package(s): [0]
2025-08-17 01:04:21 - schedule_config - DEBUG - Schedule 2: Every 10 minutes for 1 package(s): [1]
2025-08-17 01:04:21 - schedule_config - DEBUG - Schedule 3: Every 15 minutes for 1 package(s): [2]
2025-08-17 01:04:21 - schedule_config - DEBUG - Schedule 4: Every 60 minutes for 6 package(s): [3, 4, 5, 6, 7, 8]
2025-08-17 01:04:21 - schedule_config - DEBUG - Schedule 5: Every 180 minutes for 9 package(s): [9, 10, 11, 12, 13, 14, 15, 16, 17]
2025-08-17 01:06:32 - schedule_config - DEBUG - Logger initialized for schedule_config at level DEBUG
2025-08-17 01:06:32 - schedule_config - INFO - Loading schedule configuration
2025-08-17 01:06:32 - schedule_config - INFO - Schedule configuration loaded: 5 schedules defined
2025-08-17 01:06:32 - schedule_config - INFO - Batch size set to: 50 coins per package
2025-08-17 01:06:32 - schedule_config - DEBUG - Schedule 1: Every 5 minutes for 1 package(s): [0]
2025-08-17 01:06:32 - schedule_config - DEBUG - Schedule 2: Every 10 minutes for 1 package(s): [1]
2025-08-17 01:06:32 - schedule_config - DEBUG - Schedule 3: Every 15 minutes for 1 package(s): [2]
2025-08-17 01:06:32 - schedule_config - DEBUG - Schedule 4: Every 60 minutes for 6 package(s): [3, 4, 5, 6, 7, 8]
2025-08-17 01:06:32 - schedule_config - DEBUG - Schedule 5: Every 180 minutes for 9 package(s): [9, 10, 11, 12, 13, 14, 15, 16, 17]
2025-08-17 01:08:43 - schedule_config - DEBUG - Logger initialized for schedule_config at level DEBUG
2025-08-17 01:08:43 - schedule_config - INFO - Loading schedule configuration
2025-08-17 01:08:43 - schedule_config - INFO - Schedule configuration loaded: 5 schedules defined
2025-08-17 01:08:43 - schedule_config - INFO - Batch size set to: 50 coins per package
2025-08-17 01:08:43 - schedule_config - DEBUG - Schedule 1: Every 5 minutes for 1 package(s): [0]
2025-08-17 01:08:43 - schedule_config - DEBUG - Schedule 2: Every 10 minutes for 1 package(s): [1]
2025-08-17 01:08:43 - schedule_config - DEBUG - Schedule 3: Every 15 minutes for 1 package(s): [2]
2025-08-17 01:08:43 - schedule_config - DEBUG - Schedule 4: Every 60 minutes for 6 package(s): [3, 4, 5, 6, 7, 8]
2025-08-17 01:08:43 - schedule_config - DEBUG - Schedule 5: Every 180 minutes for 9 package(s): [9, 10, 11, 12, 13, 14, 15, 16, 17]
2025-08-17 01:10:55 - schedule_config - DEBUG - Logger initialized for schedule_config at level DEBUG
2025-08-17 01:10:55 - schedule_config - INFO - Loading schedule configuration
2025-08-17 01:10:55 - schedule_config - INFO - Schedule configuration loaded: 5 schedules defined
2025-08-17 01:10:55 - schedule_config - INFO - Batch size set to: 50 coins per package
2025-08-17 01:10:55 - schedule_config - DEBUG - Schedule 1: Every 5 minutes for 1 package(s): [0]
2025-08-17 01:10:55 - schedule_config - DEBUG - Schedule 2: Every 10 minutes for 1 package(s): [1]
2025-08-17 01:10:55 - schedule_config - DEBUG - Schedule 3: Every 15 minutes for 1 package(s): [2]
2025-08-17 01:10:55 - schedule_config - DEBUG - Schedule 4: Every 60 minutes for 6 package(s): [3, 4, 5, 6, 7, 8]
2025-08-17 01:10:55 - schedule_config - DEBUG - Schedule 5: Every 180 minutes for 9 package(s): [9, 10, 11, 12, 13, 14, 15, 16, 17]
2025-08-17 01:13:10 - schedule_config - DEBUG - Logger initialized for schedule_config at level DEBUG
2025-08-17 01:13:10 - schedule_config - INFO - Loading schedule configuration
2025-08-17 01:13:10 - schedule_config - INFO - Schedule configuration loaded: 5 schedules defined
2025-08-17 01:13:10 - schedule_config - INFO - Batch size set to: 50 coins per package
2025-08-17 01:13:10 - schedule_config - DEBUG - Schedule 1: Every 5 minutes for 1 package(s): [0]
2025-08-17 01:13:10 - schedule_config - DEBUG - Schedule 2: Every 10 minutes for 1 package(s): [1]
2025-08-17 01:13:10 - schedule_config - DEBUG - Schedule 3: Every 15 minutes for 1 package(s): [2]
2025-08-17 01:13:10 - schedule_config - DEBUG - Schedule 4: Every 60 minutes for 6 package(s): [3, 4, 5, 6, 7, 8]
2025-08-17 01:13:10 - schedule_config - DEBUG - Schedule 5: Every 180 minutes for 9 package(s): [9, 10, 11, 12, 13, 14, 15, 16, 17]
2025-08-17 01:15:25 - schedule_config - DEBUG - Logger initialized for schedule_config at level DEBUG
2025-08-17 01:15:25 - schedule_config - INFO - Loading schedule configuration
2025-08-17 01:15:25 - schedule_config - INFO - Schedule configuration loaded: 5 schedules defined
2025-08-17 01:15:25 - schedule_config - INFO - Batch size set to: 50 coins per package
2025-08-17 01:15:25 - schedule_config - DEBUG - Schedule 1: Every 5 minutes for 1 package(s): [0]
2025-08-17 01:15:25 - schedule_config - DEBUG - Schedule 2: Every 10 minutes for 1 package(s): [1]
2025-08-17 01:15:25 - schedule_config - DEBUG - Schedule 3: Every 15 minutes for 1 package(s): [2]
2025-08-17 01:15:25 - schedule_config - DEBUG - Schedule 4: Every 60 minutes for 6 package(s): [3, 4, 5, 6, 7, 8]
2025-08-17 01:15:25 - schedule_config - DEBUG - Schedule 5: Every 180 minutes for 9 package(s): [9, 10, 11, 12, 13, 14, 15, 16, 17]
2025-08-17 01:17:36 - schedule_config - DEBUG - Logger initialized for schedule_config at level DEBUG
2025-08-17 01:17:36 - schedule_config - INFO - Loading schedule configuration
2025-08-17 01:17:36 - schedule_config - INFO - Schedule configuration loaded: 5 schedules defined
2025-08-17 01:17:36 - schedule_config - INFO - Batch size set to: 50 coins per package
2025-08-17 01:17:36 - schedule_config - DEBUG - Schedule 1: Every 5 minutes for 1 package(s): [0]
2025-08-17 01:17:36 - schedule_config - DEBUG - Schedule 2: Every 10 minutes for 1 package(s): [1]
2025-08-17 01:17:36 - schedule_config - DEBUG - Schedule 3: Every 15 minutes for 1 package(s): [2]
2025-08-17 01:17:36 - schedule_config - DEBUG - Schedule 4: Every 60 minutes for 6 package(s): [3, 4, 5, 6, 7, 8]
2025-08-17 01:17:36 - schedule_config - DEBUG - Schedule 5: Every 180 minutes for 9 package(s): [9, 10, 11, 12, 13, 14, 15, 16, 17]
2025-08-17 01:19:47 - schedule_config - DEBUG - Logger initialized for schedule_config at level DEBUG
2025-08-17 01:19:47 - schedule_config - INFO - Loading schedule configuration
2025-08-17 01:19:47 - schedule_config - INFO - Schedule configuration loaded: 5 schedules defined
2025-08-17 01:19:47 - schedule_config - INFO - Batch size set to: 50 coins per package
2025-08-17 01:19:47 - schedule_config - DEBUG - Schedule 1: Every 5 minutes for 1 package(s): [0]
2025-08-17 01:19:47 - schedule_config - DEBUG - Schedule 2: Every 10 minutes for 1 package(s): [1]
2025-08-17 01:19:47 - schedule_config - DEBUG - Schedule 3: Every 15 minutes for 1 package(s): [2]
2025-08-17 01:19:47 - schedule_config - DEBUG - Schedule 4: Every 60 minutes for 6 package(s): [3, 4, 5, 6, 7, 8]
2025-08-17 01:19:47 - schedule_config - DEBUG - Schedule 5: Every 180 minutes for 9 package(s): [9, 10, 11, 12, 13, 14, 15, 16, 17]
2025-08-17 01:22:03 - schedule_config - DEBUG - Logger initialized for schedule_config at level DEBUG
2025-08-17 01:22:03 - schedule_config - INFO - Loading schedule configuration
2025-08-17 01:22:03 - schedule_config - INFO - Schedule configuration loaded: 5 schedules defined
2025-08-17 01:22:03 - schedule_config - INFO - Batch size set to: 50 coins per package
2025-08-17 01:22:03 - schedule_config - DEBUG - Schedule 1: Every 5 minutes for 1 package(s): [0]
2025-08-17 01:22:03 - schedule_config - DEBUG - Schedule 2: Every 10 minutes for 1 package(s): [1]
2025-08-17 01:22:03 - schedule_config - DEBUG - Schedule 3: Every 15 minutes for 1 package(s): [2]
2025-08-17 01:22:03 - schedule_config - DEBUG - Schedule 4: Every 60 minutes for 6 package(s): [3, 4, 5, 6, 7, 8]
2025-08-17 01:22:03 - schedule_config - DEBUG - Schedule 5: Every 180 minutes for 9 package(s): [9, 10, 11, 12, 13, 14, 15, 16, 17]
2025-08-17 01:24:17 - schedule_config - DEBUG - Logger initialized for schedule_config at level DEBUG
2025-08-17 01:24:17 - schedule_config - INFO - Loading schedule configuration
2025-08-17 01:24:17 - schedule_config - INFO - Schedule configuration loaded: 5 schedules defined
2025-08-17 01:24:17 - schedule_config - INFO - Batch size set to: 50 coins per package
2025-08-17 01:24:17 - schedule_config - DEBUG - Schedule 1: Every 5 minutes for 1 package(s): [0]
2025-08-17 01:24:17 - schedule_config - DEBUG - Schedule 2: Every 10 minutes for 1 package(s): [1]
2025-08-17 01:24:17 - schedule_config - DEBUG - Schedule 3: Every 15 minutes for 1 package(s): [2]
2025-08-17 01:24:17 - schedule_config - DEBUG - Schedule 4: Every 60 minutes for 6 package(s): [3, 4, 5, 6, 7, 8]
2025-08-17 01:24:17 - schedule_config - DEBUG - Schedule 5: Every 180 minutes for 9 package(s): [9, 10, 11, 12, 13, 14, 15, 16, 17]
2025-08-17 01:26:29 - schedule_config - DEBUG - Logger initialized for schedule_config at level DEBUG
2025-08-17 01:26:29 - schedule_config - INFO - Loading schedule configuration
2025-08-17 01:26:29 - schedule_config - INFO - Schedule configuration loaded: 5 schedules defined
2025-08-17 01:26:29 - schedule_config - INFO - Batch size set to: 50 coins per package
2025-08-17 01:26:29 - schedule_config - DEBUG - Schedule 1: Every 5 minutes for 1 package(s): [0]
2025-08-17 01:26:29 - schedule_config - DEBUG - Schedule 2: Every 10 minutes for 1 package(s): [1]
2025-08-17 01:26:29 - schedule_config - DEBUG - Schedule 3: Every 15 minutes for 1 package(s): [2]
2025-08-17 01:26:29 - schedule_config - DEBUG - Schedule 4: Every 60 minutes for 6 package(s): [3, 4, 5, 6, 7, 8]
2025-08-17 01:26:29 - schedule_config - DEBUG - Schedule 5: Every 180 minutes for 9 package(s): [9, 10, 11, 12, 13, 14, 15, 16, 17]
2025-08-17 01:28:43 - schedule_config - DEBUG - Logger initialized for schedule_config at level DEBUG
2025-08-17 01:28:43 - schedule_config - INFO - Loading schedule configuration
2025-08-17 01:28:43 - schedule_config - INFO - Schedule configuration loaded: 5 schedules defined
2025-08-17 01:28:43 - schedule_config - INFO - Batch size set to: 50 coins per package
2025-08-17 01:28:43 - schedule_config - DEBUG - Schedule 1: Every 5 minutes for 1 package(s): [0]
2025-08-17 01:28:43 - schedule_config - DEBUG - Schedule 2: Every 10 minutes for 1 package(s): [1]
2025-08-17 01:28:43 - schedule_config - DEBUG - Schedule 3: Every 15 minutes for 1 package(s): [2]
2025-08-17 01:28:43 - schedule_config - DEBUG - Schedule 4: Every 60 minutes for 6 package(s): [3, 4, 5, 6, 7, 8]
2025-08-17 01:28:43 - schedule_config - DEBUG - Schedule 5: Every 180 minutes for 9 package(s): [9, 10, 11, 12, 13, 14, 15, 16, 17]
2025-08-17 01:30:54 - schedule_config - DEBUG - Logger initialized for schedule_config at level DEBUG
2025-08-17 01:30:54 - schedule_config - INFO - Loading schedule configuration
2025-08-17 01:30:54 - schedule_config - INFO - Schedule configuration loaded: 5 schedules defined
2025-08-17 01:30:54 - schedule_config - INFO - Batch size set to: 50 coins per package
2025-08-17 01:30:54 - schedule_config - DEBUG - Schedule 1: Every 5 minutes for 1 package(s): [0]
2025-08-17 01:30:54 - schedule_config - DEBUG - Schedule 2: Every 10 minutes for 1 package(s): [1]
2025-08-17 01:30:54 - schedule_config - DEBUG - Schedule 3: Every 15 minutes for 1 package(s): [2]
2025-08-17 01:30:54 - schedule_config - DEBUG - Schedule 4: Every 60 minutes for 6 package(s): [3, 4, 5, 6, 7, 8]
2025-08-17 01:30:54 - schedule_config - DEBUG - Schedule 5: Every 180 minutes for 9 package(s): [9, 10, 11, 12, 13, 14, 15, 16, 17]
2025-08-17 01:32:01 - schedule_config - DEBUG - Logger initialized for schedule_config at level DEBUG
2025-08-17 01:32:01 - schedule_config - INFO - Loading schedule configuration
2025-08-17 01:32:01 - schedule_config - INFO - Schedule configuration loaded: 5 schedules defined
2025-08-17 01:32:01 - schedule_config - INFO - Batch size set to: 50 coins per package
2025-08-17 01:32:01 - schedule_config - DEBUG - Schedule 1: Every 5 minutes for 1 package(s): [0]
2025-08-17 01:32:01 - schedule_config - DEBUG - Schedule 2: Every 10 minutes for 1 package(s): [1]
2025-08-17 01:32:01 - schedule_config - DEBUG - Schedule 3: Every 15 minutes for 1 package(s): [2]
2025-08-17 01:32:01 - schedule_config - DEBUG - Schedule 4: Every 60 minutes for 6 package(s): [3, 4, 5, 6, 7, 8]
2025-08-17 01:32:01 - schedule_config - DEBUG - Schedule 5: Every 180 minutes for 9 package(s): [9, 10, 11, 12, 13, 14, 15, 16, 17]
2025-08-17 01:34:15 - schedule_config - DEBUG - Logger initialized for schedule_config at level DEBUG
2025-08-17 01:34:15 - schedule_config - INFO - Loading schedule configuration
2025-08-17 01:34:15 - schedule_config - INFO - Schedule configuration loaded: 5 schedules defined
2025-08-17 01:34:15 - schedule_config - INFO - Batch size set to: 50 coins per package
2025-08-17 01:34:15 - schedule_config - DEBUG - Schedule 1: Every 5 minutes for 1 package(s): [0]
2025-08-17 01:34:15 - schedule_config - DEBUG - Schedule 2: Every 10 minutes for 1 package(s): [1]
2025-08-17 01:34:15 - schedule_config - DEBUG - Schedule 3: Every 15 minutes for 1 package(s): [2]
2025-08-17 01:34:15 - schedule_config - DEBUG - Schedule 4: Every 60 minutes for 6 package(s): [3, 4, 5, 6, 7, 8]
2025-08-17 01:34:15 - schedule_config - DEBUG - Schedule 5: Every 180 minutes for 9 package(s): [9, 10, 11, 12, 13, 14, 15, 16, 17]
2025-08-17 01:36:26 - schedule_config - DEBUG - Logger initialized for schedule_config at level DEBUG
2025-08-17 01:36:26 - schedule_config - INFO - Loading schedule configuration
2025-08-17 01:36:26 - schedule_config - INFO - Schedule configuration loaded: 5 schedules defined
2025-08-17 01:36:26 - schedule_config - INFO - Batch size set to: 50 coins per package
2025-08-17 01:36:26 - schedule_config - DEBUG - Schedule 1: Every 5 minutes for 1 package(s): [0]
2025-08-17 01:36:26 - schedule_config - DEBUG - Schedule 2: Every 10 minutes for 1 package(s): [1]
2025-08-17 01:36:26 - schedule_config - DEBUG - Schedule 3: Every 15 minutes for 1 package(s): [2]
2025-08-17 01:36:26 - schedule_config - DEBUG - Schedule 4: Every 60 minutes for 6 package(s): [3, 4, 5, 6, 7, 8]
2025-08-17 01:36:26 - schedule_config - DEBUG - Schedule 5: Every 180 minutes for 9 package(s): [9, 10, 11, 12, 13, 14, 15, 16, 17]
2025-08-17 01:38:37 - schedule_config - DEBUG - Logger initialized for schedule_config at level DEBUG
2025-08-17 01:38:37 - schedule_config - INFO - Loading schedule configuration
2025-08-17 01:38:37 - schedule_config - INFO - Schedule configuration loaded: 5 schedules defined
2025-08-17 01:38:37 - schedule_config - INFO - Batch size set to: 50 coins per package
2025-08-17 01:38:37 - schedule_config - DEBUG - Schedule 1: Every 5 minutes for 1 package(s): [0]
2025-08-17 01:38:37 - schedule_config - DEBUG - Schedule 2: Every 10 minutes for 1 package(s): [1]
2025-08-17 01:38:37 - schedule_config - DEBUG - Schedule 3: Every 15 minutes for 1 package(s): [2]
2025-08-17 01:38:37 - schedule_config - DEBUG - Schedule 4: Every 60 minutes for 6 package(s): [3, 4, 5, 6, 7, 8]
2025-08-17 01:38:37 - schedule_config - DEBUG - Schedule 5: Every 180 minutes for 9 package(s): [9, 10, 11, 12, 13, 14, 15, 16, 17]
2025-08-17 01:40:48 - schedule_config - DEBUG - Logger initialized for schedule_config at level DEBUG
2025-08-17 01:40:48 - schedule_config - INFO - Loading schedule configuration
2025-08-17 01:40:48 - schedule_config - INFO - Schedule configuration loaded: 5 schedules defined
2025-08-17 01:40:48 - schedule_config - INFO - Batch size set to: 50 coins per package
2025-08-17 01:40:48 - schedule_config - DEBUG - Schedule 1: Every 5 minutes for 1 package(s): [0]
2025-08-17 01:40:48 - schedule_config - DEBUG - Schedule 2: Every 10 minutes for 1 package(s): [1]
2025-08-17 01:40:48 - schedule_config - DEBUG - Schedule 3: Every 15 minutes for 1 package(s): [2]
2025-08-17 01:40:48 - schedule_config - DEBUG - Schedule 4: Every 60 minutes for 6 package(s): [3, 4, 5, 6, 7, 8]
2025-08-17 01:40:48 - schedule_config - DEBUG - Schedule 5: Every 180 minutes for 9 package(s): [9, 10, 11, 12, 13, 14, 15, 16, 17]
2025-08-17 01:43:00 - schedule_config - DEBUG - Logger initialized for schedule_config at level DEBUG
2025-08-17 01:43:00 - schedule_config - INFO - Loading schedule configuration
2025-08-17 01:43:00 - schedule_config - INFO - Schedule configuration loaded: 5 schedules defined
2025-08-17 01:43:00 - schedule_config - INFO - Batch size set to: 50 coins per package
2025-08-17 01:43:00 - schedule_config - DEBUG - Schedule 1: Every 5 minutes for 1 package(s): [0]
2025-08-17 01:43:00 - schedule_config - DEBUG - Schedule 2: Every 10 minutes for 1 package(s): [1]
2025-08-17 01:43:00 - schedule_config - DEBUG - Schedule 3: Every 15 minutes for 1 package(s): [2]
2025-08-17 01:43:00 - schedule_config - DEBUG - Schedule 4: Every 60 minutes for 6 package(s): [3, 4, 5, 6, 7, 8]
2025-08-17 01:43:00 - schedule_config - DEBUG - Schedule 5: Every 180 minutes for 9 package(s): [9, 10, 11, 12, 13, 14, 15, 16, 17]
2025-08-17 01:45:14 - schedule_config - DEBUG - Logger initialized for schedule_config at level DEBUG
2025-08-17 01:45:14 - schedule_config - INFO - Loading schedule configuration
2025-08-17 01:45:14 - schedule_config - INFO - Schedule configuration loaded: 5 schedules defined
2025-08-17 01:45:14 - schedule_config - INFO - Batch size set to: 50 coins per package
2025-08-17 01:45:14 - schedule_config - DEBUG - Schedule 1: Every 5 minutes for 1 package(s): [0]
2025-08-17 01:45:14 - schedule_config - DEBUG - Schedule 2: Every 10 minutes for 1 package(s): [1]
2025-08-17 01:45:14 - schedule_config - DEBUG - Schedule 3: Every 15 minutes for 1 package(s): [2]
2025-08-17 01:45:14 - schedule_config - DEBUG - Schedule 4: Every 60 minutes for 6 package(s): [3, 4, 5, 6, 7, 8]
2025-08-17 01:45:14 - schedule_config - DEBUG - Schedule 5: Every 180 minutes for 9 package(s): [9, 10, 11, 12, 13, 14, 15, 16, 17]
2025-08-17 01:47:26 - schedule_config - DEBUG - Logger initialized for schedule_config at level DEBUG
2025-08-17 01:47:26 - schedule_config - INFO - Loading schedule configuration
2025-08-17 01:47:26 - schedule_config - INFO - Schedule configuration loaded: 5 schedules defined
2025-08-17 01:47:26 - schedule_config - INFO - Batch size set to: 50 coins per package
2025-08-17 01:47:26 - schedule_config - DEBUG - Schedule 1: Every 5 minutes for 1 package(s): [0]
2025-08-17 01:47:26 - schedule_config - DEBUG - Schedule 2: Every 10 minutes for 1 package(s): [1]
2025-08-17 01:47:26 - schedule_config - DEBUG - Schedule 3: Every 15 minutes for 1 package(s): [2]
2025-08-17 01:47:26 - schedule_config - DEBUG - Schedule 4: Every 60 minutes for 6 package(s): [3, 4, 5, 6, 7, 8]
2025-08-17 01:47:26 - schedule_config - DEBUG - Schedule 5: Every 180 minutes for 9 package(s): [9, 10, 11, 12, 13, 14, 15, 16, 17]
2025-08-17 01:49:37 - schedule_config - DEBUG - Logger initialized for schedule_config at level DEBUG
2025-08-17 01:49:37 - schedule_config - INFO - Loading schedule configuration
2025-08-17 01:49:37 - schedule_config - INFO - Schedule configuration loaded: 5 schedules defined
2025-08-17 01:49:37 - schedule_config - INFO - Batch size set to: 50 coins per package
2025-08-17 01:49:37 - schedule_config - DEBUG - Schedule 1: Every 5 minutes for 1 package(s): [0]
2025-08-17 01:49:37 - schedule_config - DEBUG - Schedule 2: Every 10 minutes for 1 package(s): [1]
2025-08-17 01:49:37 - schedule_config - DEBUG - Schedule 3: Every 15 minutes for 1 package(s): [2]
2025-08-17 01:49:37 - schedule_config - DEBUG - Schedule 4: Every 60 minutes for 6 package(s): [3, 4, 5, 6, 7, 8]
2025-08-17 01:49:37 - schedule_config - DEBUG - Schedule 5: Every 180 minutes for 9 package(s): [9, 10, 11, 12, 13, 14, 15, 16, 17]
2025-08-17 01:51:48 - schedule_config - DEBUG - Logger initialized for schedule_config at level DEBUG
2025-08-17 01:51:48 - schedule_config - INFO - Loading schedule configuration
2025-08-17 01:51:48 - schedule_config - INFO - Schedule configuration loaded: 5 schedules defined
2025-08-17 01:51:48 - schedule_config - INFO - Batch size set to: 50 coins per package
2025-08-17 01:51:48 - schedule_config - DEBUG - Schedule 1: Every 5 minutes for 1 package(s): [0]
2025-08-17 01:51:48 - schedule_config - DEBUG - Schedule 2: Every 10 minutes for 1 package(s): [1]
2025-08-17 01:51:48 - schedule_config - DEBUG - Schedule 3: Every 15 minutes for 1 package(s): [2]
2025-08-17 01:51:48 - schedule_config - DEBUG - Schedule 4: Every 60 minutes for 6 package(s): [3, 4, 5, 6, 7, 8]
2025-08-17 01:51:48 - schedule_config - DEBUG - Schedule 5: Every 180 minutes for 9 package(s): [9, 10, 11, 12, 13, 14, 15, 16, 17]
2025-08-17 01:54:03 - schedule_config - DEBUG - Logger initialized for schedule_config at level DEBUG
2025-08-17 01:54:03 - schedule_config - INFO - Loading schedule configuration
2025-08-17 01:54:03 - schedule_config - INFO - Schedule configuration loaded: 5 schedules defined
2025-08-17 01:54:03 - schedule_config - INFO - Batch size set to: 50 coins per package
2025-08-17 01:54:03 - schedule_config - DEBUG - Schedule 1: Every 5 minutes for 1 package(s): [0]
2025-08-17 01:54:03 - schedule_config - DEBUG - Schedule 2: Every 10 minutes for 1 package(s): [1]
2025-08-17 01:54:03 - schedule_config - DEBUG - Schedule 3: Every 15 minutes for 1 package(s): [2]
2025-08-17 01:54:03 - schedule_config - DEBUG - Schedule 4: Every 60 minutes for 6 package(s): [3, 4, 5, 6, 7, 8]
2025-08-17 01:54:03 - schedule_config - DEBUG - Schedule 5: Every 180 minutes for 9 package(s): [9, 10, 11, 12, 13, 14, 15, 16, 17]
2025-08-17 01:56:18 - schedule_config - DEBUG - Logger initialized for schedule_config at level DEBUG
2025-08-17 01:56:18 - schedule_config - INFO - Loading schedule configuration
2025-08-17 01:56:18 - schedule_config - INFO - Schedule configuration loaded: 5 schedules defined
2025-08-17 01:56:18 - schedule_config - INFO - Batch size set to: 50 coins per package
2025-08-17 01:56:18 - schedule_config - DEBUG - Schedule 1: Every 5 minutes for 1 package(s): [0]
2025-08-17 01:56:18 - schedule_config - DEBUG - Schedule 2: Every 10 minutes for 1 package(s): [1]
2025-08-17 01:56:18 - schedule_config - DEBUG - Schedule 3: Every 15 minutes for 1 package(s): [2]
2025-08-17 01:56:18 - schedule_config - DEBUG - Schedule 4: Every 60 minutes for 6 package(s): [3, 4, 5, 6, 7, 8]
2025-08-17 01:56:18 - schedule_config - DEBUG - Schedule 5: Every 180 minutes for 9 package(s): [9, 10, 11, 12, 13, 14, 15, 16, 17]
2025-08-17 01:58:29 - schedule_config - DEBUG - Logger initialized for schedule_config at level DEBUG
2025-08-17 01:58:29 - schedule_config - INFO - Loading schedule configuration
2025-08-17 01:58:29 - schedule_config - INFO - Schedule configuration loaded: 5 schedules defined
2025-08-17 01:58:29 - schedule_config - INFO - Batch size set to: 50 coins per package
2025-08-17 01:58:29 - schedule_config - DEBUG - Schedule 1: Every 5 minutes for 1 package(s): [0]
2025-08-17 01:58:29 - schedule_config - DEBUG - Schedule 2: Every 10 minutes for 1 package(s): [1]
2025-08-17 01:58:29 - schedule_config - DEBUG - Schedule 3: Every 15 minutes for 1 package(s): [2]
2025-08-17 01:58:29 - schedule_config - DEBUG - Schedule 4: Every 60 minutes for 6 package(s): [3, 4, 5, 6, 7, 8]
2025-08-17 01:58:29 - schedule_config - DEBUG - Schedule 5: Every 180 minutes for 9 package(s): [9, 10, 11, 12, 13, 14, 15, 16, 17]
2025-08-17 02:00:40 - schedule_config - DEBUG - Logger initialized for schedule_config at level DEBUG
2025-08-17 02:00:40 - schedule_config - INFO - Loading schedule configuration
2025-08-17 02:00:40 - schedule_config - INFO - Schedule configuration loaded: 5 schedules defined
2025-08-17 02:00:40 - schedule_config - INFO - Batch size set to: 50 coins per package
2025-08-17 02:00:40 - schedule_config - DEBUG - Schedule 1: Every 5 minutes for 1 package(s): [0]
2025-08-17 02:00:40 - schedule_config - DEBUG - Schedule 2: Every 10 minutes for 1 package(s): [1]
2025-08-17 02:00:40 - schedule_config - DEBUG - Schedule 3: Every 15 minutes for 1 package(s): [2]
2025-08-17 02:00:40 - schedule_config - DEBUG - Schedule 4: Every 60 minutes for 6 package(s): [3, 4, 5, 6, 7, 8]
2025-08-17 02:00:40 - schedule_config - DEBUG - Schedule 5: Every 180 minutes for 9 package(s): [9, 10, 11, 12, 13, 14, 15, 16, 17]
2025-08-17 02:02:55 - schedule_config - DEBUG - Logger initialized for schedule_config at level DEBUG
2025-08-17 02:02:55 - schedule_config - INFO - Loading schedule configuration
2025-08-17 02:02:55 - schedule_config - INFO - Schedule configuration loaded: 5 schedules defined
2025-08-17 02:02:55 - schedule_config - INFO - Batch size set to: 50 coins per package
2025-08-17 02:02:55 - schedule_config - DEBUG - Schedule 1: Every 5 minutes for 1 package(s): [0]
2025-08-17 02:02:55 - schedule_config - DEBUG - Schedule 2: Every 10 minutes for 1 package(s): [1]
2025-08-17 02:02:55 - schedule_config - DEBUG - Schedule 3: Every 15 minutes for 1 package(s): [2]
2025-08-17 02:02:55 - schedule_config - DEBUG - Schedule 4: Every 60 minutes for 6 package(s): [3, 4, 5, 6, 7, 8]
2025-08-17 02:02:55 - schedule_config - DEBUG - Schedule 5: Every 180 minutes for 9 package(s): [9, 10, 11, 12, 13, 14, 15, 16, 17]
2025-08-17 02:05:07 - schedule_config - DEBUG - Logger initialized for schedule_config at level DEBUG
2025-08-17 02:05:07 - schedule_config - INFO - Loading schedule configuration
2025-08-17 02:05:07 - schedule_config - INFO - Schedule configuration loaded: 5 schedules defined
2025-08-17 02:05:07 - schedule_config - INFO - Batch size set to: 50 coins per package
2025-08-17 02:05:07 - schedule_config - DEBUG - Schedule 1: Every 5 minutes for 1 package(s): [0]
2025-08-17 02:05:07 - schedule_config - DEBUG - Schedule 2: Every 10 minutes for 1 package(s): [1]
2025-08-17 02:05:07 - schedule_config - DEBUG - Schedule 3: Every 15 minutes for 1 package(s): [2]
2025-08-17 02:05:07 - schedule_config - DEBUG - Schedule 4: Every 60 minutes for 6 package(s): [3, 4, 5, 6, 7, 8]
2025-08-17 02:05:07 - schedule_config - DEBUG - Schedule 5: Every 180 minutes for 9 package(s): [9, 10, 11, 12, 13, 14, 15, 16, 17]
2025-08-17 02:07:22 - schedule_config - DEBUG - Logger initialized for schedule_config at level DEBUG
2025-08-17 02:07:22 - schedule_config - INFO - Loading schedule configuration
2025-08-17 02:07:22 - schedule_config - INFO - Schedule configuration loaded: 5 schedules defined
2025-08-17 02:07:22 - schedule_config - INFO - Batch size set to: 50 coins per package
2025-08-17 02:07:22 - schedule_config - DEBUG - Schedule 1: Every 5 minutes for 1 package(s): [0]
2025-08-17 02:07:22 - schedule_config - DEBUG - Schedule 2: Every 10 minutes for 1 package(s): [1]
2025-08-17 02:07:22 - schedule_config - DEBUG - Schedule 3: Every 15 minutes for 1 package(s): [2]
2025-08-17 02:07:22 - schedule_config - DEBUG - Schedule 4: Every 60 minutes for 6 package(s): [3, 4, 5, 6, 7, 8]
2025-08-17 02:07:22 - schedule_config - DEBUG - Schedule 5: Every 180 minutes for 9 package(s): [9, 10, 11, 12, 13, 14, 15, 16, 17]
2025-08-17 02:09:33 - schedule_config - DEBUG - Logger initialized for schedule_config at level DEBUG
2025-08-17 02:09:33 - schedule_config - INFO - Loading schedule configuration
2025-08-17 02:09:33 - schedule_config - INFO - Schedule configuration loaded: 5 schedules defined
2025-08-17 02:09:33 - schedule_config - INFO - Batch size set to: 50 coins per package
2025-08-17 02:09:33 - schedule_config - DEBUG - Schedule 1: Every 5 minutes for 1 package(s): [0]
2025-08-17 02:09:33 - schedule_config - DEBUG - Schedule 2: Every 10 minutes for 1 package(s): [1]
2025-08-17 02:09:33 - schedule_config - DEBUG - Schedule 3: Every 15 minutes for 1 package(s): [2]
2025-08-17 02:09:33 - schedule_config - DEBUG - Schedule 4: Every 60 minutes for 6 package(s): [3, 4, 5, 6, 7, 8]
2025-08-17 02:09:33 - schedule_config - DEBUG - Schedule 5: Every 180 minutes for 9 package(s): [9, 10, 11, 12, 13, 14, 15, 16, 17]
2025-08-17 02:11:48 - schedule_config - DEBUG - Logger initialized for schedule_config at level DEBUG
2025-08-17 02:11:48 - schedule_config - INFO - Loading schedule configuration
2025-08-17 02:11:48 - schedule_config - INFO - Schedule configuration loaded: 5 schedules defined
2025-08-17 02:11:48 - schedule_config - INFO - Batch size set to: 50 coins per package
2025-08-17 02:11:48 - schedule_config - DEBUG - Schedule 1: Every 5 minutes for 1 package(s): [0]
2025-08-17 02:11:48 - schedule_config - DEBUG - Schedule 2: Every 10 minutes for 1 package(s): [1]
2025-08-17 02:11:48 - schedule_config - DEBUG - Schedule 3: Every 15 minutes for 1 package(s): [2]
2025-08-17 02:11:48 - schedule_config - DEBUG - Schedule 4: Every 60 minutes for 6 package(s): [3, 4, 5, 6, 7, 8]
2025-08-17 02:11:48 - schedule_config - DEBUG - Schedule 5: Every 180 minutes for 9 package(s): [9, 10, 11, 12, 13, 14, 15, 16, 17]
2025-08-17 02:13:59 - schedule_config - DEBUG - Logger initialized for schedule_config at level DEBUG
2025-08-17 02:13:59 - schedule_config - INFO - Loading schedule configuration
2025-08-17 02:13:59 - schedule_config - INFO - Schedule configuration loaded: 5 schedules defined
2025-08-17 02:13:59 - schedule_config - INFO - Batch size set to: 50 coins per package
2025-08-17 02:13:59 - schedule_config - DEBUG - Schedule 1: Every 5 minutes for 1 package(s): [0]
2025-08-17 02:13:59 - schedule_config - DEBUG - Schedule 2: Every 10 minutes for 1 package(s): [1]
2025-08-17 02:13:59 - schedule_config - DEBUG - Schedule 3: Every 15 minutes for 1 package(s): [2]
2025-08-17 02:13:59 - schedule_config - DEBUG - Schedule 4: Every 60 minutes for 6 package(s): [3, 4, 5, 6, 7, 8]
2025-08-17 02:13:59 - schedule_config - DEBUG - Schedule 5: Every 180 minutes for 9 package(s): [9, 10, 11, 12, 13, 14, 15, 16, 17]
2025-08-17 02:16:14 - schedule_config - DEBUG - Logger initialized for schedule_config at level DEBUG
2025-08-17 02:16:14 - schedule_config - INFO - Loading schedule configuration
2025-08-17 02:16:14 - schedule_config - INFO - Schedule configuration loaded: 5 schedules defined
2025-08-17 02:16:14 - schedule_config - INFO - Batch size set to: 50 coins per package
2025-08-17 02:16:14 - schedule_config - DEBUG - Schedule 1: Every 5 minutes for 1 package(s): [0]
2025-08-17 02:16:14 - schedule_config - DEBUG - Schedule 2: Every 10 minutes for 1 package(s): [1]
2025-08-17 02:16:14 - schedule_config - DEBUG - Schedule 3: Every 15 minutes for 1 package(s): [2]
2025-08-17 02:16:14 - schedule_config - DEBUG - Schedule 4: Every 60 minutes for 6 package(s): [3, 4, 5, 6, 7, 8]
2025-08-17 02:16:14 - schedule_config - DEBUG - Schedule 5: Every 180 minutes for 9 package(s): [9, 10, 11, 12, 13, 14, 15, 16, 17]
2025-08-17 02:18:25 - schedule_config - DEBUG - Logger initialized for schedule_config at level DEBUG
2025-08-17 02:18:25 - schedule_config - INFO - Loading schedule configuration
2025-08-17 02:18:25 - schedule_config - INFO - Schedule configuration loaded: 5 schedules defined
2025-08-17 02:18:25 - schedule_config - INFO - Batch size set to: 50 coins per package
2025-08-17 02:18:25 - schedule_config - DEBUG - Schedule 1: Every 5 minutes for 1 package(s): [0]
2025-08-17 02:18:25 - schedule_config - DEBUG - Schedule 2: Every 10 minutes for 1 package(s): [1]
2025-08-17 02:18:25 - schedule_config - DEBUG - Schedule 3: Every 15 minutes for 1 package(s): [2]
2025-08-17 02:18:25 - schedule_config - DEBUG - Schedule 4: Every 60 minutes for 6 package(s): [3, 4, 5, 6, 7, 8]
2025-08-17 02:18:25 - schedule_config - DEBUG - Schedule 5: Every 180 minutes for 9 package(s): [9, 10, 11, 12, 13, 14, 15, 16, 17]
2025-08-17 02:20:37 - schedule_config - DEBUG - Logger initialized for schedule_config at level DEBUG
2025-08-17 02:20:37 - schedule_config - INFO - Loading schedule configuration
2025-08-17 02:20:37 - schedule_config - INFO - Schedule configuration loaded: 5 schedules defined
2025-08-17 02:20:37 - schedule_config - INFO - Batch size set to: 50 coins per package
2025-08-17 02:20:37 - schedule_config - DEBUG - Schedule 1: Every 5 minutes for 1 package(s): [0]
2025-08-17 02:20:37 - schedule_config - DEBUG - Schedule 2: Every 10 minutes for 1 package(s): [1]
2025-08-17 02:20:37 - schedule_config - DEBUG - Schedule 3: Every 15 minutes for 1 package(s): [2]
2025-08-17 02:20:37 - schedule_config - DEBUG - Schedule 4: Every 60 minutes for 6 package(s): [3, 4, 5, 6, 7, 8]
2025-08-17 02:20:37 - schedule_config - DEBUG - Schedule 5: Every 180 minutes for 9 package(s): [9, 10, 11, 12, 13, 14, 15, 16, 17]
2025-08-17 02:22:51 - schedule_config - DEBUG - Logger initialized for schedule_config at level DEBUG
2025-08-17 02:22:51 - schedule_config - INFO - Loading schedule configuration
2025-08-17 02:22:51 - schedule_config - INFO - Schedule configuration loaded: 5 schedules defined
2025-08-17 02:22:51 - schedule_config - INFO - Batch size set to: 50 coins per package
2025-08-17 02:22:51 - schedule_config - DEBUG - Schedule 1: Every 5 minutes for 1 package(s): [0]
2025-08-17 02:22:51 - schedule_config - DEBUG - Schedule 2: Every 10 minutes for 1 package(s): [1]
2025-08-17 02:22:51 - schedule_config - DEBUG - Schedule 3: Every 15 minutes for 1 package(s): [2]
2025-08-17 02:22:51 - schedule_config - DEBUG - Schedule 4: Every 60 minutes for 6 package(s): [3, 4, 5, 6, 7, 8]
2025-08-17 02:22:51 - schedule_config - DEBUG - Schedule 5: Every 180 minutes for 9 package(s): [9, 10, 11, 12, 13, 14, 15, 16, 17]
2025-08-17 02:25:04 - schedule_config - DEBUG - Logger initialized for schedule_config at level DEBUG
2025-08-17 02:25:04 - schedule_config - INFO - Loading schedule configuration
2025-08-17 02:25:04 - schedule_config - INFO - Schedule configuration loaded: 5 schedules defined
2025-08-17 02:25:04 - schedule_config - INFO - Batch size set to: 50 coins per package
2025-08-17 02:25:04 - schedule_config - DEBUG - Schedule 1: Every 5 minutes for 1 package(s): [0]
2025-08-17 02:25:04 - schedule_config - DEBUG - Schedule 2: Every 10 minutes for 1 package(s): [1]
2025-08-17 02:25:04 - schedule_config - DEBUG - Schedule 3: Every 15 minutes for 1 package(s): [2]
2025-08-17 02:25:04 - schedule_config - DEBUG - Schedule 4: Every 60 minutes for 6 package(s): [3, 4, 5, 6, 7, 8]
2025-08-17 02:25:04 - schedule_config - DEBUG - Schedule 5: Every 180 minutes for 9 package(s): [9, 10, 11, 12, 13, 14, 15, 16, 17]
2025-08-17 02:27:18 - schedule_config - DEBUG - Logger initialized for schedule_config at level DEBUG
2025-08-17 02:27:18 - schedule_config - INFO - Loading schedule configuration
2025-08-17 02:27:18 - schedule_config - INFO - Schedule configuration loaded: 5 schedules defined
2025-08-17 02:27:18 - schedule_config - INFO - Batch size set to: 50 coins per package
2025-08-17 02:27:18 - schedule_config - DEBUG - Schedule 1: Every 5 minutes for 1 package(s): [0]
2025-08-17 02:27:18 - schedule_config - DEBUG - Schedule 2: Every 10 minutes for 1 package(s): [1]
2025-08-17 02:27:18 - schedule_config - DEBUG - Schedule 3: Every 15 minutes for 1 package(s): [2]
2025-08-17 02:27:18 - schedule_config - DEBUG - Schedule 4: Every 60 minutes for 6 package(s): [3, 4, 5, 6, 7, 8]
2025-08-17 02:27:18 - schedule_config - DEBUG - Schedule 5: Every 180 minutes for 9 package(s): [9, 10, 11, 12, 13, 14, 15, 16, 17]
2025-08-17 02:29:29 - schedule_config - DEBUG - Logger initialized for schedule_config at level DEBUG
2025-08-17 02:29:29 - schedule_config - INFO - Loading schedule configuration
2025-08-17 02:29:29 - schedule_config - INFO - Schedule configuration loaded: 5 schedules defined
2025-08-17 02:29:29 - schedule_config - INFO - Batch size set to: 50 coins per package
2025-08-17 02:29:29 - schedule_config - DEBUG - Schedule 1: Every 5 minutes for 1 package(s): [0]
2025-08-17 02:29:29 - schedule_config - DEBUG - Schedule 2: Every 10 minutes for 1 package(s): [1]
2025-08-17 02:29:29 - schedule_config - DEBUG - Schedule 3: Every 15 minutes for 1 package(s): [2]
2025-08-17 02:29:29 - schedule_config - DEBUG - Schedule 4: Every 60 minutes for 6 package(s): [3, 4, 5, 6, 7, 8]
2025-08-17 02:29:29 - schedule_config - DEBUG - Schedule 5: Every 180 minutes for 9 package(s): [9, 10, 11, 12, 13, 14, 15, 16, 17]
2025-08-17 02:31:40 - schedule_config - DEBUG - Logger initialized for schedule_config at level DEBUG
2025-08-17 02:31:40 - schedule_config - INFO - Loading schedule configuration
2025-08-17 02:31:40 - schedule_config - INFO - Schedule configuration loaded: 5 schedules defined
2025-08-17 02:31:40 - schedule_config - INFO - Batch size set to: 50 coins per package
2025-08-17 02:31:40 - schedule_config - DEBUG - Schedule 1: Every 5 minutes for 1 package(s): [0]
2025-08-17 02:31:40 - schedule_config - DEBUG - Schedule 2: Every 10 minutes for 1 package(s): [1]
2025-08-17 02:31:40 - schedule_config - DEBUG - Schedule 3: Every 15 minutes for 1 package(s): [2]
2025-08-17 02:31:40 - schedule_config - DEBUG - Schedule 4: Every 60 minutes for 6 package(s): [3, 4, 5, 6, 7, 8]
2025-08-17 02:31:40 - schedule_config - DEBUG - Schedule 5: Every 180 minutes for 9 package(s): [9, 10, 11, 12, 13, 14, 15, 16, 17]
2025-08-17 02:33:55 - schedule_config - DEBUG - Logger initialized for schedule_config at level DEBUG
2025-08-17 02:33:55 - schedule_config - INFO - Loading schedule configuration
2025-08-17 02:33:55 - schedule_config - INFO - Schedule configuration loaded: 5 schedules defined
2025-08-17 02:33:55 - schedule_config - INFO - Batch size set to: 50 coins per package
2025-08-17 02:33:55 - schedule_config - DEBUG - Schedule 1: Every 5 minutes for 1 package(s): [0]
2025-08-17 02:33:55 - schedule_config - DEBUG - Schedule 2: Every 10 minutes for 1 package(s): [1]
2025-08-17 02:33:55 - schedule_config - DEBUG - Schedule 3: Every 15 minutes for 1 package(s): [2]
2025-08-17 02:33:55 - schedule_config - DEBUG - Schedule 4: Every 60 minutes for 6 package(s): [3, 4, 5, 6, 7, 8]
2025-08-17 02:33:55 - schedule_config - DEBUG - Schedule 5: Every 180 minutes for 9 package(s): [9, 10, 11, 12, 13, 14, 15, 16, 17]
2025-08-17 02:36:06 - schedule_config - DEBUG - Logger initialized for schedule_config at level DEBUG
2025-08-17 02:36:06 - schedule_config - INFO - Loading schedule configuration
2025-08-17 02:36:06 - schedule_config - INFO - Schedule configuration loaded: 5 schedules defined
2025-08-17 02:36:06 - schedule_config - INFO - Batch size set to: 50 coins per package
2025-08-17 02:36:06 - schedule_config - DEBUG - Schedule 1: Every 5 minutes for 1 package(s): [0]
2025-08-17 02:36:06 - schedule_config - DEBUG - Schedule 2: Every 10 minutes for 1 package(s): [1]
2025-08-17 02:36:06 - schedule_config - DEBUG - Schedule 3: Every 15 minutes for 1 package(s): [2]
2025-08-17 02:36:06 - schedule_config - DEBUG - Schedule 4: Every 60 minutes for 6 package(s): [3, 4, 5, 6, 7, 8]
2025-08-17 02:36:06 - schedule_config - DEBUG - Schedule 5: Every 180 minutes for 9 package(s): [9, 10, 11, 12, 13, 14, 15, 16, 17]
2025-08-17 02:38:21 - schedule_config - DEBUG - Logger initialized for schedule_config at level DEBUG
2025-08-17 02:38:21 - schedule_config - INFO - Loading schedule configuration
2025-08-17 02:38:21 - schedule_config - INFO - Schedule configuration loaded: 5 schedules defined
2025-08-17 02:38:21 - schedule_config - INFO - Batch size set to: 50 coins per package
2025-08-17 02:38:21 - schedule_config - DEBUG - Schedule 1: Every 5 minutes for 1 package(s): [0]
2025-08-17 02:38:21 - schedule_config - DEBUG - Schedule 2: Every 10 minutes for 1 package(s): [1]
2025-08-17 02:38:21 - schedule_config - DEBUG - Schedule 3: Every 15 minutes for 1 package(s): [2]
2025-08-17 02:38:21 - schedule_config - DEBUG - Schedule 4: Every 60 minutes for 6 package(s): [3, 4, 5, 6, 7, 8]
2025-08-17 02:38:21 - schedule_config - DEBUG - Schedule 5: Every 180 minutes for 9 package(s): [9, 10, 11, 12, 13, 14, 15, 16, 17]
2025-08-17 02:38:28 - schedule_config - DEBUG - Logger initialized for schedule_config at level DEBUG
2025-08-17 02:38:28 - schedule_config - INFO - Loading schedule configuration
2025-08-17 02:38:28 - schedule_config - INFO - Schedule configuration loaded: 5 schedules defined
2025-08-17 02:38:28 - schedule_config - INFO - Batch size set to: 50 coins per package
2025-08-17 02:38:28 - schedule_config - DEBUG - Schedule 1: Every 5 minutes for 1 package(s): [0]
2025-08-17 02:38:28 - schedule_config - DEBUG - Schedule 2: Every 10 minutes for 1 package(s): [1]
2025-08-17 02:38:28 - schedule_config - DEBUG - Schedule 3: Every 15 minutes for 1 package(s): [2]
2025-08-17 02:38:28 - schedule_config - DEBUG - Schedule 4: Every 60 minutes for 6 package(s): [3, 4, 5, 6, 7, 8]
2025-08-17 02:38:28 - schedule_config - DEBUG - Schedule 5: Every 180 minutes for 9 package(s): [9, 10, 11, 12, 13, 14, 15, 16, 17]
2025-08-17 02:40:40 - schedule_config - DEBUG - Logger initialized for schedule_config at level DEBUG
2025-08-17 02:40:40 - schedule_config - INFO - Loading schedule configuration
2025-08-17 02:40:40 - schedule_config - INFO - Schedule configuration loaded: 5 schedules defined
2025-08-17 02:40:40 - schedule_config - INFO - Batch size set to: 50 coins per package
2025-08-17 02:40:40 - schedule_config - DEBUG - Schedule 1: Every 5 minutes for 1 package(s): [0]
2025-08-17 02:40:40 - schedule_config - DEBUG - Schedule 2: Every 10 minutes for 1 package(s): [1]
2025-08-17 02:40:40 - schedule_config - DEBUG - Schedule 3: Every 15 minutes for 1 package(s): [2]
2025-08-17 02:40:40 - schedule_config - DEBUG - Schedule 4: Every 60 minutes for 6 package(s): [3, 4, 5, 6, 7, 8]
2025-08-17 02:40:40 - schedule_config - DEBUG - Schedule 5: Every 180 minutes for 9 package(s): [9, 10, 11, 12, 13, 14, 15, 16, 17]
2025-08-17 02:41:15 - schedule_config - DEBUG - Logger initialized for schedule_config at level DEBUG
2025-08-17 02:41:15 - schedule_config - INFO - Loading schedule configuration
2025-08-17 02:41:15 - schedule_config - INFO - Schedule configuration loaded: 5 schedules defined
2025-08-17 02:41:15 - schedule_config - INFO - Batch size set to: 50 coins per package
2025-08-17 02:41:15 - schedule_config - DEBUG - Schedule 1: Every 5 minutes for 1 package(s): [0]
2025-08-17 02:41:15 - schedule_config - DEBUG - Schedule 2: Every 10 minutes for 1 package(s): [1]
2025-08-17 02:41:15 - schedule_config - DEBUG - Schedule 3: Every 15 minutes for 1 package(s): [2]
2025-08-17 02:41:15 - schedule_config - DEBUG - Schedule 4: Every 60 minutes for 6 package(s): [3, 4, 5, 6, 7, 8]
2025-08-17 02:41:15 - schedule_config - DEBUG - Schedule 5: Every 180 minutes for 9 package(s): [9, 10, 11, 12, 13, 14, 15, 16, 17]
2025-08-17 02:43:29 - schedule_config - DEBUG - Logger initialized for schedule_config at level DEBUG
2025-08-17 02:43:29 - schedule_config - INFO - Loading schedule configuration
2025-08-17 02:43:29 - schedule_config - INFO - Schedule configuration loaded: 5 schedules defined
2025-08-17 02:43:29 - schedule_config - INFO - Batch size set to: 50 coins per package
2025-08-17 02:43:29 - schedule_config - DEBUG - Schedule 1: Every 5 minutes for 1 package(s): [0]
2025-08-17 02:43:29 - schedule_config - DEBUG - Schedule 2: Every 10 minutes for 1 package(s): [1]
2025-08-17 02:43:29 - schedule_config - DEBUG - Schedule 3: Every 15 minutes for 1 package(s): [2]
2025-08-17 02:43:29 - schedule_config - DEBUG - Schedule 4: Every 60 minutes for 6 package(s): [3, 4, 5, 6, 7, 8]
2025-08-17 02:43:29 - schedule_config - DEBUG - Schedule 5: Every 180 minutes for 9 package(s): [9, 10, 11, 12, 13, 14, 15, 16, 17]
2025-08-17 02:45:44 - schedule_config - DEBUG - Logger initialized for schedule_config at level DEBUG
2025-08-17 02:45:44 - schedule_config - INFO - Loading schedule configuration
2025-08-17 02:45:44 - schedule_config - INFO - Schedule configuration loaded: 5 schedules defined
2025-08-17 02:45:44 - schedule_config - INFO - Batch size set to: 50 coins per package
2025-08-17 02:45:44 - schedule_config - DEBUG - Schedule 1: Every 5 minutes for 1 package(s): [0]
2025-08-17 02:45:44 - schedule_config - DEBUG - Schedule 2: Every 10 minutes for 1 package(s): [1]
2025-08-17 02:45:44 - schedule_config - DEBUG - Schedule 3: Every 15 minutes for 1 package(s): [2]
2025-08-17 02:45:44 - schedule_config - DEBUG - Schedule 4: Every 60 minutes for 6 package(s): [3, 4, 5, 6, 7, 8]
2025-08-17 02:45:44 - schedule_config - DEBUG - Schedule 5: Every 180 minutes for 9 package(s): [9, 10, 11, 12, 13, 14, 15, 16, 17]
2025-08-17 02:47:55 - schedule_config - DEBUG - Logger initialized for schedule_config at level DEBUG
2025-08-17 02:47:55 - schedule_config - INFO - Loading schedule configuration
2025-08-17 02:47:55 - schedule_config - INFO - Schedule configuration loaded: 5 schedules defined
2025-08-17 02:47:55 - schedule_config - INFO - Batch size set to: 50 coins per package
2025-08-17 02:47:55 - schedule_config - DEBUG - Schedule 1: Every 5 minutes for 1 package(s): [0]
2025-08-17 02:47:55 - schedule_config - DEBUG - Schedule 2: Every 10 minutes for 1 package(s): [1]
2025-08-17 02:47:55 - schedule_config - DEBUG - Schedule 3: Every 15 minutes for 1 package(s): [2]
2025-08-17 02:47:55 - schedule_config - DEBUG - Schedule 4: Every 60 minutes for 6 package(s): [3, 4, 5, 6, 7, 8]
2025-08-17 02:47:55 - schedule_config - DEBUG - Schedule 5: Every 180 minutes for 9 package(s): [9, 10, 11, 12, 13, 14, 15, 16, 17]
2025-08-17 02:48:05 - schedule_config - DEBUG - Logger initialized for schedule_config at level DEBUG
2025-08-17 02:48:05 - schedule_config - INFO - Loading schedule configuration
2025-08-17 02:48:05 - schedule_config - INFO - Schedule configuration loaded: 5 schedules defined
2025-08-17 02:48:05 - schedule_config - INFO - Batch size set to: 50 coins per package
2025-08-17 02:48:05 - schedule_config - DEBUG - Schedule 1: Every 5 minutes for 1 package(s): [0]
2025-08-17 02:48:05 - schedule_config - DEBUG - Schedule 2: Every 10 minutes for 1 package(s): [1]
2025-08-17 02:48:05 - schedule_config - DEBUG - Schedule 3: Every 15 minutes for 1 package(s): [2]
2025-08-17 02:48:05 - schedule_config - DEBUG - Schedule 4: Every 60 minutes for 6 package(s): [3, 4, 5, 6, 7, 8]
2025-08-17 02:48:05 - schedule_config - DEBUG - Schedule 5: Every 180 minutes for 9 package(s): [9, 10, 11, 12, 13, 14, 15, 16, 17]
2025-08-17 02:48:11 - schedule_config - DEBUG - Logger initialized for schedule_config at level DEBUG
2025-08-17 02:48:11 - schedule_config - INFO - Loading schedule configuration
2025-08-17 02:48:11 - schedule_config - INFO - Schedule configuration loaded: 5 schedules defined
2025-08-17 02:48:11 - schedule_config - INFO - Batch size set to: 50 coins per package
2025-08-17 02:48:11 - schedule_config - DEBUG - Schedule 1: Every 5 minutes for 1 package(s): [0]
2025-08-17 02:48:11 - schedule_config - DEBUG - Schedule 2: Every 10 minutes for 1 package(s): [1]
2025-08-17 02:48:11 - schedule_config - DEBUG - Schedule 3: Every 15 minutes for 1 package(s): [2]
2025-08-17 02:48:11 - schedule_config - DEBUG - Schedule 4: Every 60 minutes for 6 package(s): [3, 4, 5, 6, 7, 8]
2025-08-17 02:48:11 - schedule_config - DEBUG - Schedule 5: Every 180 minutes for 9 package(s): [9, 10, 11, 12, 13, 14, 15, 16, 17]
2025-08-17 02:50:22 - schedule_config - DEBUG - Logger initialized for schedule_config at level DEBUG
2025-08-17 02:50:22 - schedule_config - INFO - Loading schedule configuration
2025-08-17 02:50:22 - schedule_config - INFO - Schedule configuration loaded: 5 schedules defined
2025-08-17 02:50:22 - schedule_config - INFO - Batch size set to: 50 coins per package
2025-08-17 02:50:22 - schedule_config - DEBUG - Schedule 1: Every 5 minutes for 1 package(s): [0]
2025-08-17 02:50:22 - schedule_config - DEBUG - Schedule 2: Every 10 minutes for 1 package(s): [1]
2025-08-17 02:50:22 - schedule_config - DEBUG - Schedule 3: Every 15 minutes for 1 package(s): [2]
2025-08-17 02:50:22 - schedule_config - DEBUG - Schedule 4: Every 60 minutes for 6 package(s): [3, 4, 5, 6, 7, 8]
2025-08-17 02:50:22 - schedule_config - DEBUG - Schedule 5: Every 180 minutes for 9 package(s): [9, 10, 11, 12, 13, 14, 15, 16, 17]
2025-08-17 02:52:33 - schedule_config - DEBUG - Logger initialized for schedule_config at level DEBUG
2025-08-17 02:52:33 - schedule_config - INFO - Loading schedule configuration
2025-08-17 02:52:33 - schedule_config - INFO - Schedule configuration loaded: 5 schedules defined
2025-08-17 02:52:33 - schedule_config - INFO - Batch size set to: 50 coins per package
2025-08-17 02:52:33 - schedule_config - DEBUG - Schedule 1: Every 5 minutes for 1 package(s): [0]
2025-08-17 02:52:33 - schedule_config - DEBUG - Schedule 2: Every 10 minutes for 1 package(s): [1]
2025-08-17 02:52:33 - schedule_config - DEBUG - Schedule 3: Every 15 minutes for 1 package(s): [2]
2025-08-17 02:52:33 - schedule_config - DEBUG - Schedule 4: Every 60 minutes for 6 package(s): [3, 4, 5, 6, 7, 8]
2025-08-17 02:52:33 - schedule_config - DEBUG - Schedule 5: Every 180 minutes for 9 package(s): [9, 10, 11, 12, 13, 14, 15, 16, 17]
2025-08-17 02:54:45 - schedule_config - DEBUG - Logger initialized for schedule_config at level DEBUG
2025-08-17 02:54:45 - schedule_config - INFO - Loading schedule configuration
2025-08-17 02:54:45 - schedule_config - INFO - Schedule configuration loaded: 5 schedules defined
2025-08-17 02:54:45 - schedule_config - INFO - Batch size set to: 50 coins per package
2025-08-17 02:54:45 - schedule_config - DEBUG - Schedule 1: Every 5 minutes for 1 package(s): [0]
2025-08-17 02:54:45 - schedule_config - DEBUG - Schedule 2: Every 10 minutes for 1 package(s): [1]
2025-08-17 02:54:45 - schedule_config - DEBUG - Schedule 3: Every 15 minutes for 1 package(s): [2]
2025-08-17 02:54:45 - schedule_config - DEBUG - Schedule 4: Every 60 minutes for 6 package(s): [3, 4, 5, 6, 7, 8]
2025-08-17 02:54:45 - schedule_config - DEBUG - Schedule 5: Every 180 minutes for 9 package(s): [9, 10, 11, 12, 13, 14, 15, 16, 17]
2025-08-17 02:56:59 - schedule_config - DEBUG - Logger initialized for schedule_config at level DEBUG
2025-08-17 02:56:59 - schedule_config - INFO - Loading schedule configuration
2025-08-17 02:56:59 - schedule_config - INFO - Schedule configuration loaded: 5 schedules defined
2025-08-17 02:56:59 - schedule_config - INFO - Batch size set to: 50 coins per package
2025-08-17 02:56:59 - schedule_config - DEBUG - Schedule 1: Every 5 minutes for 1 package(s): [0]
2025-08-17 02:56:59 - schedule_config - DEBUG - Schedule 2: Every 10 minutes for 1 package(s): [1]
2025-08-17 02:56:59 - schedule_config - DEBUG - Schedule 3: Every 15 minutes for 1 package(s): [2]
2025-08-17 02:56:59 - schedule_config - DEBUG - Schedule 4: Every 60 minutes for 6 package(s): [3, 4, 5, 6, 7, 8]
2025-08-17 02:56:59 - schedule_config - DEBUG - Schedule 5: Every 180 minutes for 9 package(s): [9, 10, 11, 12, 13, 14, 15, 16, 17]
2025-08-17 02:59:10 - schedule_config - DEBUG - Logger initialized for schedule_config at level DEBUG
2025-08-17 02:59:10 - schedule_config - INFO - Loading schedule configuration
2025-08-17 02:59:10 - schedule_config - INFO - Schedule configuration loaded: 5 schedules defined
2025-08-17 02:59:10 - schedule_config - INFO - Batch size set to: 50 coins per package
2025-08-17 02:59:10 - schedule_config - DEBUG - Schedule 1: Every 5 minutes for 1 package(s): [0]
2025-08-17 02:59:10 - schedule_config - DEBUG - Schedule 2: Every 10 minutes for 1 package(s): [1]
2025-08-17 02:59:10 - schedule_config - DEBUG - Schedule 3: Every 15 minutes for 1 package(s): [2]
2025-08-17 02:59:10 - schedule_config - DEBUG - Schedule 4: Every 60 minutes for 6 package(s): [3, 4, 5, 6, 7, 8]
2025-08-17 02:59:10 - schedule_config - DEBUG - Schedule 5: Every 180 minutes for 9 package(s): [9, 10, 11, 12, 13, 14, 15, 16, 17]
2025-08-17 03:01:22 - schedule_config - DEBUG - Logger initialized for schedule_config at level DEBUG
2025-08-17 03:01:22 - schedule_config - INFO - Loading schedule configuration
2025-08-17 03:01:22 - schedule_config - INFO - Schedule configuration loaded: 5 schedules defined
2025-08-17 03:01:22 - schedule_config - INFO - Batch size set to: 50 coins per package
2025-08-17 03:01:22 - schedule_config - DEBUG - Schedule 1: Every 5 minutes for 1 package(s): [0]
2025-08-17 03:01:22 - schedule_config - DEBUG - Schedule 2: Every 10 minutes for 1 package(s): [1]
2025-08-17 03:01:22 - schedule_config - DEBUG - Schedule 3: Every 15 minutes for 1 package(s): [2]
2025-08-17 03:01:22 - schedule_config - DEBUG - Schedule 4: Every 60 minutes for 6 package(s): [3, 4, 5, 6, 7, 8]
2025-08-17 03:01:22 - schedule_config - DEBUG - Schedule 5: Every 180 minutes for 9 package(s): [9, 10, 11, 12, 13, 14, 15, 16, 17]
2025-08-17 03:03:37 - schedule_config - DEBUG - Logger initialized for schedule_config at level DEBUG
2025-08-17 03:03:37 - schedule_config - INFO - Loading schedule configuration
2025-08-17 03:03:37 - schedule_config - INFO - Schedule configuration loaded: 5 schedules defined
2025-08-17 03:03:37 - schedule_config - INFO - Batch size set to: 50 coins per package
2025-08-17 03:03:37 - schedule_config - DEBUG - Schedule 1: Every 5 minutes for 1 package(s): [0]
2025-08-17 03:03:37 - schedule_config - DEBUG - Schedule 2: Every 10 minutes for 1 package(s): [1]
2025-08-17 03:03:37 - schedule_config - DEBUG - Schedule 3: Every 15 minutes for 1 package(s): [2]
2025-08-17 03:03:37 - schedule_config - DEBUG - Schedule 4: Every 60 minutes for 6 package(s): [3, 4, 5, 6, 7, 8]
2025-08-17 03:03:37 - schedule_config - DEBUG - Schedule 5: Every 180 minutes for 9 package(s): [9, 10, 11, 12, 13, 14, 15, 16, 17]
2025-08-17 03:05:48 - schedule_config - DEBUG - Logger initialized for schedule_config at level DEBUG
2025-08-17 03:05:48 - schedule_config - INFO - Loading schedule configuration
2025-08-17 03:05:48 - schedule_config - INFO - Schedule configuration loaded: 5 schedules defined
2025-08-17 03:05:48 - schedule_config - INFO - Batch size set to: 50 coins per package
2025-08-17 03:05:48 - schedule_config - DEBUG - Schedule 1: Every 5 minutes for 1 package(s): [0]
2025-08-17 03:05:48 - schedule_config - DEBUG - Schedule 2: Every 10 minutes for 1 package(s): [1]
2025-08-17 03:05:48 - schedule_config - DEBUG - Schedule 3: Every 15 minutes for 1 package(s): [2]
2025-08-17 03:05:48 - schedule_config - DEBUG - Schedule 4: Every 60 minutes for 6 package(s): [3, 4, 5, 6, 7, 8]
2025-08-17 03:05:48 - schedule_config - DEBUG - Schedule 5: Every 180 minutes for 9 package(s): [9, 10, 11, 12, 13, 14, 15, 16, 17]
2025-08-17 03:07:59 - schedule_config - DEBUG - Logger initialized for schedule_config at level DEBUG
2025-08-17 03:07:59 - schedule_config - INFO - Loading schedule configuration
2025-08-17 03:07:59 - schedule_config - INFO - Schedule configuration loaded: 5 schedules defined
2025-08-17 03:07:59 - schedule_config - INFO - Batch size set to: 50 coins per package
2025-08-17 03:07:59 - schedule_config - DEBUG - Schedule 1: Every 5 minutes for 1 package(s): [0]
2025-08-17 03:07:59 - schedule_config - DEBUG - Schedule 2: Every 10 minutes for 1 package(s): [1]
2025-08-17 03:07:59 - schedule_config - DEBUG - Schedule 3: Every 15 minutes for 1 package(s): [2]
2025-08-17 03:07:59 - schedule_config - DEBUG - Schedule 4: Every 60 minutes for 6 package(s): [3, 4, 5, 6, 7, 8]
2025-08-17 03:07:59 - schedule_config - DEBUG - Schedule 5: Every 180 minutes for 9 package(s): [9, 10, 11, 12, 13, 14, 15, 16, 17]
2025-08-17 03:10:10 - schedule_config - DEBUG - Logger initialized for schedule_config at level DEBUG
2025-08-17 03:10:10 - schedule_config - INFO - Loading schedule configuration
2025-08-17 03:10:10 - schedule_config - INFO - Schedule configuration loaded: 5 schedules defined
2025-08-17 03:10:10 - schedule_config - INFO - Batch size set to: 50 coins per package
2025-08-17 03:10:10 - schedule_config - DEBUG - Schedule 1: Every 5 minutes for 1 package(s): [0]
2025-08-17 03:10:10 - schedule_config - DEBUG - Schedule 2: Every 10 minutes for 1 package(s): [1]
2025-08-17 03:10:10 - schedule_config - DEBUG - Schedule 3: Every 15 minutes for 1 package(s): [2]
2025-08-17 03:10:10 - schedule_config - DEBUG - Schedule 4: Every 60 minutes for 6 package(s): [3, 4, 5, 6, 7, 8]
2025-08-17 03:10:10 - schedule_config - DEBUG - Schedule 5: Every 180 minutes for 9 package(s): [9, 10, 11, 12, 13, 14, 15, 16, 17]
2025-08-17 03:10:45 - schedule_config - DEBUG - Logger initialized for schedule_config at level DEBUG
2025-08-17 03:10:45 - schedule_config - INFO - Loading schedule configuration
2025-08-17 03:10:45 - schedule_config - INFO - Schedule configuration loaded: 5 schedules defined
2025-08-17 03:10:45 - schedule_config - INFO - Batch size set to: 50 coins per package
2025-08-17 03:10:45 - schedule_config - DEBUG - Schedule 1: Every 5 minutes for 1 package(s): [0]
2025-08-17 03:10:45 - schedule_config - DEBUG - Schedule 2: Every 10 minutes for 1 package(s): [1]
2025-08-17 03:10:45 - schedule_config - DEBUG - Schedule 3: Every 15 minutes for 1 package(s): [2]
2025-08-17 03:10:45 - schedule_config - DEBUG - Schedule 4: Every 60 minutes for 6 package(s): [3, 4, 5, 6, 7, 8]
2025-08-17 03:10:45 - schedule_config - DEBUG - Schedule 5: Every 180 minutes for 9 package(s): [9, 10, 11, 12, 13, 14, 15, 16, 17]
2025-08-17 03:12:58 - schedule_config - DEBUG - Logger initialized for schedule_config at level DEBUG
2025-08-17 03:12:58 - schedule_config - INFO - Loading schedule configuration
2025-08-17 03:12:58 - schedule_config - INFO - Schedule configuration loaded: 5 schedules defined
2025-08-17 03:12:58 - schedule_config - INFO - Batch size set to: 50 coins per package
2025-08-17 03:12:58 - schedule_config - DEBUG - Schedule 1: Every 5 minutes for 1 package(s): [0]
2025-08-17 03:12:58 - schedule_config - DEBUG - Schedule 2: Every 10 minutes for 1 package(s): [1]
2025-08-17 03:12:58 - schedule_config - DEBUG - Schedule 3: Every 15 minutes for 1 package(s): [2]
2025-08-17 03:12:58 - schedule_config - DEBUG - Schedule 4: Every 60 minutes for 6 package(s): [3, 4, 5, 6, 7, 8]
2025-08-17 03:12:58 - schedule_config - DEBUG - Schedule 5: Every 180 minutes for 9 package(s): [9, 10, 11, 12, 13, 14, 15, 16, 17]
2025-08-17 03:15:09 - schedule_config - DEBUG - Logger initialized for schedule_config at level DEBUG
2025-08-17 03:15:09 - schedule_config - INFO - Loading schedule configuration
2025-08-17 03:15:09 - schedule_config - INFO - Schedule configuration loaded: 5 schedules defined
2025-08-17 03:15:09 - schedule_config - INFO - Batch size set to: 50 coins per package
2025-08-17 03:15:09 - schedule_config - DEBUG - Schedule 1: Every 5 minutes for 1 package(s): [0]
2025-08-17 03:15:09 - schedule_config - DEBUG - Schedule 2: Every 10 minutes for 1 package(s): [1]
2025-08-17 03:15:09 - schedule_config - DEBUG - Schedule 3: Every 15 minutes for 1 package(s): [2]
2025-08-17 03:15:09 - schedule_config - DEBUG - Schedule 4: Every 60 minutes for 6 package(s): [3, 4, 5, 6, 7, 8]
2025-08-17 03:15:09 - schedule_config - DEBUG - Schedule 5: Every 180 minutes for 9 package(s): [9, 10, 11, 12, 13, 14, 15, 16, 17]
2025-08-17 03:17:24 - schedule_config - DEBUG - Logger initialized for schedule_config at level DEBUG
2025-08-17 03:17:24 - schedule_config - INFO - Loading schedule configuration
2025-08-17 03:17:24 - schedule_config - INFO - Schedule configuration loaded: 5 schedules defined
2025-08-17 03:17:24 - schedule_config - INFO - Batch size set to: 50 coins per package
2025-08-17 03:17:24 - schedule_config - DEBUG - Schedule 1: Every 5 minutes for 1 package(s): [0]
2025-08-17 03:17:24 - schedule_config - DEBUG - Schedule 2: Every 10 minutes for 1 package(s): [1]
2025-08-17 03:17:24 - schedule_config - DEBUG - Schedule 3: Every 15 minutes for 1 package(s): [2]
2025-08-17 03:17:24 - schedule_config - DEBUG - Schedule 4: Every 60 minutes for 6 package(s): [3, 4, 5, 6, 7, 8]
2025-08-17 03:17:24 - schedule_config - DEBUG - Schedule 5: Every 180 minutes for 9 package(s): [9, 10, 11, 12, 13, 14, 15, 16, 17]
2025-08-17 03:19:39 - schedule_config - DEBUG - Logger initialized for schedule_config at level DEBUG
2025-08-17 03:19:39 - schedule_config - INFO - Loading schedule configuration
2025-08-17 03:19:39 - schedule_config - INFO - Schedule configuration loaded: 5 schedules defined
2025-08-17 03:19:39 - schedule_config - INFO - Batch size set to: 50 coins per package
2025-08-17 03:19:39 - schedule_config - DEBUG - Schedule 1: Every 5 minutes for 1 package(s): [0]
2025-08-17 03:19:39 - schedule_config - DEBUG - Schedule 2: Every 10 minutes for 1 package(s): [1]
2025-08-17 03:19:39 - schedule_config - DEBUG - Schedule 3: Every 15 minutes for 1 package(s): [2]
2025-08-17 03:19:39 - schedule_config - DEBUG - Schedule 4: Every 60 minutes for 6 package(s): [3, 4, 5, 6, 7, 8]
2025-08-17 03:19:39 - schedule_config - DEBUG - Schedule 5: Every 180 minutes for 9 package(s): [9, 10, 11, 12, 13, 14, 15, 16, 17]
2025-08-17 03:21:55 - schedule_config - DEBUG - Logger initialized for schedule_config at level DEBUG
2025-08-17 03:21:55 - schedule_config - INFO - Loading schedule configuration
2025-08-17 03:21:55 - schedule_config - INFO - Schedule configuration loaded: 5 schedules defined
2025-08-17 03:21:55 - schedule_config - INFO - Batch size set to: 50 coins per package
2025-08-17 03:21:55 - schedule_config - DEBUG - Schedule 1: Every 5 minutes for 1 package(s): [0]
2025-08-17 03:21:55 - schedule_config - DEBUG - Schedule 2: Every 10 minutes for 1 package(s): [1]
2025-08-17 03:21:55 - schedule_config - DEBUG - Schedule 3: Every 15 minutes for 1 package(s): [2]
2025-08-17 03:21:55 - schedule_config - DEBUG - Schedule 4: Every 60 minutes for 6 package(s): [3, 4, 5, 6, 7, 8]
2025-08-17 03:21:55 - schedule_config - DEBUG - Schedule 5: Every 180 minutes for 9 package(s): [9, 10, 11, 12, 13, 14, 15, 16, 17]
2025-08-17 03:24:10 - schedule_config - DEBUG - Logger initialized for schedule_config at level DEBUG
2025-08-17 03:24:10 - schedule_config - INFO - Loading schedule configuration
2025-08-17 03:24:10 - schedule_config - INFO - Schedule configuration loaded: 5 schedules defined
2025-08-17 03:24:10 - schedule_config - INFO - Batch size set to: 50 coins per package
2025-08-17 03:24:10 - schedule_config - DEBUG - Schedule 1: Every 5 minutes for 1 package(s): [0]
2025-08-17 03:24:10 - schedule_config - DEBUG - Schedule 2: Every 10 minutes for 1 package(s): [1]
2025-08-17 03:24:10 - schedule_config - DEBUG - Schedule 3: Every 15 minutes for 1 package(s): [2]
2025-08-17 03:24:10 - schedule_config - DEBUG - Schedule 4: Every 60 minutes for 6 package(s): [3, 4, 5, 6, 7, 8]
2025-08-17 03:24:10 - schedule_config - DEBUG - Schedule 5: Every 180 minutes for 9 package(s): [9, 10, 11, 12, 13, 14, 15, 16, 17]
2025-08-17 03:26:21 - schedule_config - DEBUG - Logger initialized for schedule_config at level DEBUG
2025-08-17 03:26:21 - schedule_config - INFO - Loading schedule configuration
2025-08-17 03:26:21 - schedule_config - INFO - Schedule configuration loaded: 5 schedules defined
2025-08-17 03:26:21 - schedule_config - INFO - Batch size set to: 50 coins per package
2025-08-17 03:26:21 - schedule_config - DEBUG - Schedule 1: Every 5 minutes for 1 package(s): [0]
2025-08-17 03:26:21 - schedule_config - DEBUG - Schedule 2: Every 10 minutes for 1 package(s): [1]
2025-08-17 03:26:21 - schedule_config - DEBUG - Schedule 3: Every 15 minutes for 1 package(s): [2]
2025-08-17 03:26:21 - schedule_config - DEBUG - Schedule 4: Every 60 minutes for 6 package(s): [3, 4, 5, 6, 7, 8]
2025-08-17 03:26:21 - schedule_config - DEBUG - Schedule 5: Every 180 minutes for 9 package(s): [9, 10, 11, 12, 13, 14, 15, 16, 17]
2025-08-17 03:28:36 - schedule_config - DEBUG - Logger initialized for schedule_config at level DEBUG
2025-08-17 03:28:36 - schedule_config - INFO - Loading schedule configuration
2025-08-17 03:28:36 - schedule_config - INFO - Schedule configuration loaded: 5 schedules defined
2025-08-17 03:28:36 - schedule_config - INFO - Batch size set to: 50 coins per package
2025-08-17 03:28:36 - schedule_config - DEBUG - Schedule 1: Every 5 minutes for 1 package(s): [0]
2025-08-17 03:28:36 - schedule_config - DEBUG - Schedule 2: Every 10 minutes for 1 package(s): [1]
2025-08-17 03:28:36 - schedule_config - DEBUG - Schedule 3: Every 15 minutes for 1 package(s): [2]
2025-08-17 03:28:36 - schedule_config - DEBUG - Schedule 4: Every 60 minutes for 6 package(s): [3, 4, 5, 6, 7, 8]
2025-08-17 03:28:36 - schedule_config - DEBUG - Schedule 5: Every 180 minutes for 9 package(s): [9, 10, 11, 12, 13, 14, 15, 16, 17]
2025-08-17 03:30:51 - schedule_config - DEBUG - Logger initialized for schedule_config at level DEBUG
2025-08-17 03:30:51 - schedule_config - INFO - Loading schedule configuration
2025-08-17 03:30:51 - schedule_config - INFO - Schedule configuration loaded: 5 schedules defined
2025-08-17 03:30:51 - schedule_config - INFO - Batch size set to: 50 coins per package
2025-08-17 03:30:51 - schedule_config - DEBUG - Schedule 1: Every 5 minutes for 1 package(s): [0]
2025-08-17 03:30:51 - schedule_config - DEBUG - Schedule 2: Every 10 minutes for 1 package(s): [1]
2025-08-17 03:30:51 - schedule_config - DEBUG - Schedule 3: Every 15 minutes for 1 package(s): [2]
2025-08-17 03:30:51 - schedule_config - DEBUG - Schedule 4: Every 60 minutes for 6 package(s): [3, 4, 5, 6, 7, 8]
2025-08-17 03:30:51 - schedule_config - DEBUG - Schedule 5: Every 180 minutes for 9 package(s): [9, 10, 11, 12, 13, 14, 15, 16, 17]
2025-08-17 03:33:06 - schedule_config - DEBUG - Logger initialized for schedule_config at level DEBUG
2025-08-17 03:33:06 - schedule_config - INFO - Loading schedule configuration
2025-08-17 03:33:06 - schedule_config - INFO - Schedule configuration loaded: 5 schedules defined
2025-08-17 03:33:06 - schedule_config - INFO - Batch size set to: 50 coins per package
2025-08-17 03:33:06 - schedule_config - DEBUG - Schedule 1: Every 5 minutes for 1 package(s): [0]
2025-08-17 03:33:06 - schedule_config - DEBUG - Schedule 2: Every 10 minutes for 1 package(s): [1]
2025-08-17 03:33:06 - schedule_config - DEBUG - Schedule 3: Every 15 minutes for 1 package(s): [2]
2025-08-17 03:33:06 - schedule_config - DEBUG - Schedule 4: Every 60 minutes for 6 package(s): [3, 4, 5, 6, 7, 8]
2025-08-17 03:33:06 - schedule_config - DEBUG - Schedule 5: Every 180 minutes for 9 package(s): [9, 10, 11, 12, 13, 14, 15, 16, 17]
2025-08-17 03:35:18 - schedule_config - DEBUG - Logger initialized for schedule_config at level DEBUG
2025-08-17 03:35:18 - schedule_config - INFO - Loading schedule configuration
2025-08-17 03:35:18 - schedule_config - INFO - Schedule configuration loaded: 5 schedules defined
2025-08-17 03:35:18 - schedule_config - INFO - Batch size set to: 50 coins per package
2025-08-17 03:35:18 - schedule_config - DEBUG - Schedule 1: Every 5 minutes for 1 package(s): [0]
2025-08-17 03:35:18 - schedule_config - DEBUG - Schedule 2: Every 10 minutes for 1 package(s): [1]
2025-08-17 03:35:18 - schedule_config - DEBUG - Schedule 3: Every 15 minutes for 1 package(s): [2]
2025-08-17 03:35:18 - schedule_config - DEBUG - Schedule 4: Every 60 minutes for 6 package(s): [3, 4, 5, 6, 7, 8]
2025-08-17 03:35:18 - schedule_config - DEBUG - Schedule 5: Every 180 minutes for 9 package(s): [9, 10, 11, 12, 13, 14, 15, 16, 17]
2025-08-17 03:37:33 - schedule_config - DEBUG - Logger initialized for schedule_config at level DEBUG
2025-08-17 03:37:33 - schedule_config - INFO - Loading schedule configuration
2025-08-17 03:37:33 - schedule_config - INFO - Schedule configuration loaded: 5 schedules defined
2025-08-17 03:37:33 - schedule_config - INFO - Batch size set to: 50 coins per package
2025-08-17 03:37:33 - schedule_config - DEBUG - Schedule 1: Every 5 minutes for 1 package(s): [0]
2025-08-17 03:37:33 - schedule_config - DEBUG - Schedule 2: Every 10 minutes for 1 package(s): [1]
2025-08-17 03:37:33 - schedule_config - DEBUG - Schedule 3: Every 15 minutes for 1 package(s): [2]
2025-08-17 03:37:33 - schedule_config - DEBUG - Schedule 4: Every 60 minutes for 6 package(s): [3, 4, 5, 6, 7, 8]
2025-08-17 03:37:33 - schedule_config - DEBUG - Schedule 5: Every 180 minutes for 9 package(s): [9, 10, 11, 12, 13, 14, 15, 16, 17]
2025-08-17 03:39:48 - schedule_config - DEBUG - Logger initialized for schedule_config at level DEBUG
2025-08-17 03:39:48 - schedule_config - INFO - Loading schedule configuration
2025-08-17 03:39:48 - schedule_config - INFO - Schedule configuration loaded: 5 schedules defined
2025-08-17 03:39:48 - schedule_config - INFO - Batch size set to: 50 coins per package
2025-08-17 03:39:48 - schedule_config - DEBUG - Schedule 1: Every 5 minutes for 1 package(s): [0]
2025-08-17 03:39:48 - schedule_config - DEBUG - Schedule 2: Every 10 minutes for 1 package(s): [1]
2025-08-17 03:39:48 - schedule_config - DEBUG - Schedule 3: Every 15 minutes for 1 package(s): [2]
2025-08-17 03:39:48 - schedule_config - DEBUG - Schedule 4: Every 60 minutes for 6 package(s): [3, 4, 5, 6, 7, 8]
2025-08-17 03:39:48 - schedule_config - DEBUG - Schedule 5: Every 180 minutes for 9 package(s): [9, 10, 11, 12, 13, 14, 15, 16, 17]
2025-08-17 03:41:59 - schedule_config - DEBUG - Logger initialized for schedule_config at level DEBUG
2025-08-17 03:41:59 - schedule_config - INFO - Loading schedule configuration
2025-08-17 03:41:59 - schedule_config - INFO - Schedule configuration loaded: 5 schedules defined
2025-08-17 03:41:59 - schedule_config - INFO - Batch size set to: 50 coins per package
2025-08-17 03:41:59 - schedule_config - DEBUG - Schedule 1: Every 5 minutes for 1 package(s): [0]
2025-08-17 03:41:59 - schedule_config - DEBUG - Schedule 2: Every 10 minutes for 1 package(s): [1]
2025-08-17 03:41:59 - schedule_config - DEBUG - Schedule 3: Every 15 minutes for 1 package(s): [2]
2025-08-17 03:41:59 - schedule_config - DEBUG - Schedule 4: Every 60 minutes for 6 package(s): [3, 4, 5, 6, 7, 8]
2025-08-17 03:41:59 - schedule_config - DEBUG - Schedule 5: Every 180 minutes for 9 package(s): [9, 10, 11, 12, 13, 14, 15, 16, 17]
2025-08-17 03:44:10 - schedule_config - DEBUG - Logger initialized for schedule_config at level DEBUG
2025-08-17 03:44:10 - schedule_config - INFO - Loading schedule configuration
2025-08-17 03:44:10 - schedule_config - INFO - Schedule configuration loaded: 5 schedules defined
2025-08-17 03:44:10 - schedule_config - INFO - Batch size set to: 50 coins per package
2025-08-17 03:44:10 - schedule_config - DEBUG - Schedule 1: Every 5 minutes for 1 package(s): [0]
2025-08-17 03:44:10 - schedule_config - DEBUG - Schedule 2: Every 10 minutes for 1 package(s): [1]
2025-08-17 03:44:10 - schedule_config - DEBUG - Schedule 3: Every 15 minutes for 1 package(s): [2]
2025-08-17 03:44:10 - schedule_config - DEBUG - Schedule 4: Every 60 minutes for 6 package(s): [3, 4, 5, 6, 7, 8]
2025-08-17 03:44:10 - schedule_config - DEBUG - Schedule 5: Every 180 minutes for 9 package(s): [9, 10, 11, 12, 13, 14, 15, 16, 17]
2025-08-17 03:46:21 - schedule_config - DEBUG - Logger initialized for schedule_config at level DEBUG
2025-08-17 03:46:21 - schedule_config - INFO - Loading schedule configuration
2025-08-17 03:46:21 - schedule_config - INFO - Schedule configuration loaded: 5 schedules defined
2025-08-17 03:46:21 - schedule_config - INFO - Batch size set to: 50 coins per package
2025-08-17 03:46:21 - schedule_config - DEBUG - Schedule 1: Every 5 minutes for 1 package(s): [0]
2025-08-17 03:46:21 - schedule_config - DEBUG - Schedule 2: Every 10 minutes for 1 package(s): [1]
2025-08-17 03:46:21 - schedule_config - DEBUG - Schedule 3: Every 15 minutes for 1 package(s): [2]
2025-08-17 03:46:21 - schedule_config - DEBUG - Schedule 4: Every 60 minutes for 6 package(s): [3, 4, 5, 6, 7, 8]
2025-08-17 03:46:21 - schedule_config - DEBUG - Schedule 5: Every 180 minutes for 9 package(s): [9, 10, 11, 12, 13, 14, 15, 16, 17]
2025-08-17 03:48:32 - schedule_config - DEBUG - Logger initialized for schedule_config at level DEBUG
2025-08-17 03:48:32 - schedule_config - INFO - Loading schedule configuration
2025-08-17 03:48:32 - schedule_config - INFO - Schedule configuration loaded: 5 schedules defined
2025-08-17 03:48:32 - schedule_config - INFO - Batch size set to: 50 coins per package
2025-08-17 03:48:32 - schedule_config - DEBUG - Schedule 1: Every 5 minutes for 1 package(s): [0]
2025-08-17 03:48:32 - schedule_config - DEBUG - Schedule 2: Every 10 minutes for 1 package(s): [1]
2025-08-17 03:48:32 - schedule_config - DEBUG - Schedule 3: Every 15 minutes for 1 package(s): [2]
2025-08-17 03:48:32 - schedule_config - DEBUG - Schedule 4: Every 60 minutes for 6 package(s): [3, 4, 5, 6, 7, 8]
2025-08-17 03:48:32 - schedule_config - DEBUG - Schedule 5: Every 180 minutes for 9 package(s): [9, 10, 11, 12, 13, 14, 15, 16, 17]
2025-08-17 03:50:43 - schedule_config - DEBUG - Logger initialized for schedule_config at level DEBUG
2025-08-17 03:50:43 - schedule_config - INFO - Loading schedule configuration
2025-08-17 03:50:43 - schedule_config - INFO - Schedule configuration loaded: 5 schedules defined
2025-08-17 03:50:43 - schedule_config - INFO - Batch size set to: 50 coins per package
2025-08-17 03:50:43 - schedule_config - DEBUG - Schedule 1: Every 5 minutes for 1 package(s): [0]
2025-08-17 03:50:43 - schedule_config - DEBUG - Schedule 2: Every 10 minutes for 1 package(s): [1]
2025-08-17 03:50:43 - schedule_config - DEBUG - Schedule 3: Every 15 minutes for 1 package(s): [2]
2025-08-17 03:50:43 - schedule_config - DEBUG - Schedule 4: Every 60 minutes for 6 package(s): [3, 4, 5, 6, 7, 8]
2025-08-17 03:50:43 - schedule_config - DEBUG - Schedule 5: Every 180 minutes for 9 package(s): [9, 10, 11, 12, 13, 14, 15, 16, 17]
2025-08-17 03:52:54 - schedule_config - DEBUG - Logger initialized for schedule_config at level DEBUG
2025-08-17 03:52:54 - schedule_config - INFO - Loading schedule configuration
2025-08-17 03:52:54 - schedule_config - INFO - Schedule configuration loaded: 5 schedules defined
2025-08-17 03:52:54 - schedule_config - INFO - Batch size set to: 50 coins per package
2025-08-17 03:52:54 - schedule_config - DEBUG - Schedule 1: Every 5 minutes for 1 package(s): [0]
2025-08-17 03:52:54 - schedule_config - DEBUG - Schedule 2: Every 10 minutes for 1 package(s): [1]
2025-08-17 03:52:54 - schedule_config - DEBUG - Schedule 3: Every 15 minutes for 1 package(s): [2]
2025-08-17 03:52:54 - schedule_config - DEBUG - Schedule 4: Every 60 minutes for 6 package(s): [3, 4, 5, 6, 7, 8]
2025-08-17 03:52:54 - schedule_config - DEBUG - Schedule 5: Every 180 minutes for 9 package(s): [9, 10, 11, 12, 13, 14, 15, 16, 17]
2025-08-17 03:55:06 - schedule_config - DEBUG - Logger initialized for schedule_config at level DEBUG
2025-08-17 03:55:06 - schedule_config - INFO - Loading schedule configuration
2025-08-17 03:55:06 - schedule_config - INFO - Schedule configuration loaded: 5 schedules defined
2025-08-17 03:55:06 - schedule_config - INFO - Batch size set to: 50 coins per package
2025-08-17 03:55:06 - schedule_config - DEBUG - Schedule 1: Every 5 minutes for 1 package(s): [0]
2025-08-17 03:55:06 - schedule_config - DEBUG - Schedule 2: Every 10 minutes for 1 package(s): [1]
2025-08-17 03:55:06 - schedule_config - DEBUG - Schedule 3: Every 15 minutes for 1 package(s): [2]
2025-08-17 03:55:06 - schedule_config - DEBUG - Schedule 4: Every 60 minutes for 6 package(s): [3, 4, 5, 6, 7, 8]
2025-08-17 03:55:06 - schedule_config - DEBUG - Schedule 5: Every 180 minutes for 9 package(s): [9, 10, 11, 12, 13, 14, 15, 16, 17]
2025-08-17 03:57:20 - schedule_config - DEBUG - Logger initialized for schedule_config at level DEBUG
2025-08-17 03:57:20 - schedule_config - INFO - Loading schedule configuration
2025-08-17 03:57:20 - schedule_config - INFO - Schedule configuration loaded: 5 schedules defined
2025-08-17 03:57:20 - schedule_config - INFO - Batch size set to: 50 coins per package
2025-08-17 03:57:20 - schedule_config - DEBUG - Schedule 1: Every 5 minutes for 1 package(s): [0]
2025-08-17 03:57:20 - schedule_config - DEBUG - Schedule 2: Every 10 minutes for 1 package(s): [1]
2025-08-17 03:57:20 - schedule_config - DEBUG - Schedule 3: Every 15 minutes for 1 package(s): [2]
2025-08-17 03:57:20 - schedule_config - DEBUG - Schedule 4: Every 60 minutes for 6 package(s): [3, 4, 5, 6, 7, 8]
2025-08-17 03:57:20 - schedule_config - DEBUG - Schedule 5: Every 180 minutes for 9 package(s): [9, 10, 11, 12, 13, 14, 15, 16, 17]
2025-08-17 03:59:31 - schedule_config - DEBUG - Logger initialized for schedule_config at level DEBUG
2025-08-17 03:59:31 - schedule_config - INFO - Loading schedule configuration
2025-08-17 03:59:31 - schedule_config - INFO - Schedule configuration loaded: 5 schedules defined
2025-08-17 03:59:31 - schedule_config - INFO - Batch size set to: 50 coins per package
2025-08-17 03:59:31 - schedule_config - DEBUG - Schedule 1: Every 5 minutes for 1 package(s): [0]
2025-08-17 03:59:31 - schedule_config - DEBUG - Schedule 2: Every 10 minutes for 1 package(s): [1]
2025-08-17 03:59:31 - schedule_config - DEBUG - Schedule 3: Every 15 minutes for 1 package(s): [2]
2025-08-17 03:59:31 - schedule_config - DEBUG - Schedule 4: Every 60 minutes for 6 package(s): [3, 4, 5, 6, 7, 8]
2025-08-17 03:59:31 - schedule_config - DEBUG - Schedule 5: Every 180 minutes for 9 package(s): [9, 10, 11, 12, 13, 14, 15, 16, 17]
2025-08-17 04:01:43 - schedule_config - DEBUG - Logger initialized for schedule_config at level DEBUG
2025-08-17 04:01:43 - schedule_config - INFO - Loading schedule configuration
2025-08-17 04:01:43 - schedule_config - INFO - Schedule configuration loaded: 5 schedules defined
2025-08-17 04:01:43 - schedule_config - INFO - Batch size set to: 50 coins per package
2025-08-17 04:01:43 - schedule_config - DEBUG - Schedule 1: Every 5 minutes for 1 package(s): [0]
2025-08-17 04:01:43 - schedule_config - DEBUG - Schedule 2: Every 10 minutes for 1 package(s): [1]
2025-08-17 04:01:43 - schedule_config - DEBUG - Schedule 3: Every 15 minutes for 1 package(s): [2]
2025-08-17 04:01:43 - schedule_config - DEBUG - Schedule 4: Every 60 minutes for 6 package(s): [3, 4, 5, 6, 7, 8]
2025-08-17 04:01:43 - schedule_config - DEBUG - Schedule 5: Every 180 minutes for 9 package(s): [9, 10, 11, 12, 13, 14, 15, 16, 17]
2025-08-17 04:03:58 - schedule_config - DEBUG - Logger initialized for schedule_config at level DEBUG
2025-08-17 04:03:58 - schedule_config - INFO - Loading schedule configuration
2025-08-17 04:03:58 - schedule_config - INFO - Schedule configuration loaded: 5 schedules defined
2025-08-17 04:03:58 - schedule_config - INFO - Batch size set to: 50 coins per package
2025-08-17 04:03:58 - schedule_config - DEBUG - Schedule 1: Every 5 minutes for 1 package(s): [0]
2025-08-17 04:03:58 - schedule_config - DEBUG - Schedule 2: Every 10 minutes for 1 package(s): [1]
2025-08-17 04:03:58 - schedule_config - DEBUG - Schedule 3: Every 15 minutes for 1 package(s): [2]
2025-08-17 04:03:58 - schedule_config - DEBUG - Schedule 4: Every 60 minutes for 6 package(s): [3, 4, 5, 6, 7, 8]
2025-08-17 04:03:58 - schedule_config - DEBUG - Schedule 5: Every 180 minutes for 9 package(s): [9, 10, 11, 12, 13, 14, 15, 16, 17]
2025-08-17 04:05:05 - schedule_config - DEBUG - Logger initialized for schedule_config at level DEBUG
2025-08-17 04:05:05 - schedule_config - INFO - Loading schedule configuration
2025-08-17 04:05:05 - schedule_config - INFO - Schedule configuration loaded: 5 schedules defined
2025-08-17 04:05:05 - schedule_config - INFO - Batch size set to: 50 coins per package
2025-08-17 04:05:05 - schedule_config - DEBUG - Schedule 1: Every 5 minutes for 1 package(s): [0]
2025-08-17 04:05:05 - schedule_config - DEBUG - Schedule 2: Every 10 minutes for 1 package(s): [1]
2025-08-17 04:05:05 - schedule_config - DEBUG - Schedule 3: Every 15 minutes for 1 package(s): [2]
2025-08-17 04:05:05 - schedule_config - DEBUG - Schedule 4: Every 60 minutes for 6 package(s): [3, 4, 5, 6, 7, 8]
2025-08-17 04:05:05 - schedule_config - DEBUG - Schedule 5: Every 180 minutes for 9 package(s): [9, 10, 11, 12, 13, 14, 15, 16, 17]
2025-08-17 04:07:19 - schedule_config - DEBUG - Logger initialized for schedule_config at level DEBUG
2025-08-17 04:07:19 - schedule_config - INFO - Loading schedule configuration
2025-08-17 04:07:19 - schedule_config - INFO - Schedule configuration loaded: 5 schedules defined
2025-08-17 04:07:19 - schedule_config - INFO - Batch size set to: 50 coins per package
2025-08-17 04:07:19 - schedule_config - DEBUG - Schedule 1: Every 5 minutes for 1 package(s): [0]
2025-08-17 04:07:19 - schedule_config - DEBUG - Schedule 2: Every 10 minutes for 1 package(s): [1]
2025-08-17 04:07:19 - schedule_config - DEBUG - Schedule 3: Every 15 minutes for 1 package(s): [2]
2025-08-17 04:07:19 - schedule_config - DEBUG - Schedule 4: Every 60 minutes for 6 package(s): [3, 4, 5, 6, 7, 8]
2025-08-17 04:07:19 - schedule_config - DEBUG - Schedule 5: Every 180 minutes for 9 package(s): [9, 10, 11, 12, 13, 14, 15, 16, 17]
2025-08-17 04:09:34 - schedule_config - DEBUG - Logger initialized for schedule_config at level DEBUG
2025-08-17 04:09:34 - schedule_config - INFO - Loading schedule configuration
2025-08-17 04:09:34 - schedule_config - INFO - Schedule configuration loaded: 5 schedules defined
2025-08-17 04:09:34 - schedule_config - INFO - Batch size set to: 50 coins per package
2025-08-17 04:09:34 - schedule_config - DEBUG - Schedule 1: Every 5 minutes for 1 package(s): [0]
2025-08-17 04:09:34 - schedule_config - DEBUG - Schedule 2: Every 10 minutes for 1 package(s): [1]
2025-08-17 04:09:34 - schedule_config - DEBUG - Schedule 3: Every 15 minutes for 1 package(s): [2]
2025-08-17 04:09:34 - schedule_config - DEBUG - Schedule 4: Every 60 minutes for 6 package(s): [3, 4, 5, 6, 7, 8]
2025-08-17 04:09:34 - schedule_config - DEBUG - Schedule 5: Every 180 minutes for 9 package(s): [9, 10, 11, 12, 13, 14, 15, 16, 17]
2025-08-17 04:11:45 - schedule_config - DEBUG - Logger initialized for schedule_config at level DEBUG
2025-08-17 04:11:45 - schedule_config - INFO - Loading schedule configuration
2025-08-17 04:11:45 - schedule_config - INFO - Schedule configuration loaded: 5 schedules defined
2025-08-17 04:11:45 - schedule_config - INFO - Batch size set to: 50 coins per package
2025-08-17 04:11:45 - schedule_config - DEBUG - Schedule 1: Every 5 minutes for 1 package(s): [0]
2025-08-17 04:11:45 - schedule_config - DEBUG - Schedule 2: Every 10 minutes for 1 package(s): [1]
2025-08-17 04:11:45 - schedule_config - DEBUG - Schedule 3: Every 15 minutes for 1 package(s): [2]
2025-08-17 04:11:45 - schedule_config - DEBUG - Schedule 4: Every 60 minutes for 6 package(s): [3, 4, 5, 6, 7, 8]
2025-08-17 04:11:45 - schedule_config - DEBUG - Schedule 5: Every 180 minutes for 9 package(s): [9, 10, 11, 12, 13, 14, 15, 16, 17]
2025-08-17 04:13:56 - schedule_config - DEBUG - Logger initialized for schedule_config at level DEBUG
2025-08-17 04:13:56 - schedule_config - INFO - Loading schedule configuration
2025-08-17 04:13:56 - schedule_config - INFO - Schedule configuration loaded: 5 schedules defined
2025-08-17 04:13:56 - schedule_config - INFO - Batch size set to: 50 coins per package
2025-08-17 04:13:56 - schedule_config - DEBUG - Schedule 1: Every 5 minutes for 1 package(s): [0]
2025-08-17 04:13:56 - schedule_config - DEBUG - Schedule 2: Every 10 minutes for 1 package(s): [1]
2025-08-17 04:13:56 - schedule_config - DEBUG - Schedule 3: Every 15 minutes for 1 package(s): [2]
2025-08-17 04:13:56 - schedule_config - DEBUG - Schedule 4: Every 60 minutes for 6 package(s): [3, 4, 5, 6, 7, 8]
2025-08-17 04:13:56 - schedule_config - DEBUG - Schedule 5: Every 180 minutes for 9 package(s): [9, 10, 11, 12, 13, 14, 15, 16, 17]
2025-08-17 04:16:11 - schedule_config - DEBUG - Logger initialized for schedule_config at level DEBUG
2025-08-17 04:16:11 - schedule_config - INFO - Loading schedule configuration
2025-08-17 04:16:11 - schedule_config - INFO - Schedule configuration loaded: 5 schedules defined
2025-08-17 04:16:11 - schedule_config - INFO - Batch size set to: 50 coins per package
2025-08-17 04:16:11 - schedule_config - DEBUG - Schedule 1: Every 5 minutes for 1 package(s): [0]
2025-08-17 04:16:11 - schedule_config - DEBUG - Schedule 2: Every 10 minutes for 1 package(s): [1]
2025-08-17 04:16:11 - schedule_config - DEBUG - Schedule 3: Every 15 minutes for 1 package(s): [2]
2025-08-17 04:16:11 - schedule_config - DEBUG - Schedule 4: Every 60 minutes for 6 package(s): [3, 4, 5, 6, 7, 8]
2025-08-17 04:16:11 - schedule_config - DEBUG - Schedule 5: Every 180 minutes for 9 package(s): [9, 10, 11, 12, 13, 14, 15, 16, 17]
2025-08-17 04:18:22 - schedule_config - DEBUG - Logger initialized for schedule_config at level DEBUG
2025-08-17 04:18:22 - schedule_config - INFO - Loading schedule configuration
2025-08-17 04:18:22 - schedule_config - INFO - Schedule configuration loaded: 5 schedules defined
2025-08-17 04:18:22 - schedule_config - INFO - Batch size set to: 50 coins per package
2025-08-17 04:18:22 - schedule_config - DEBUG - Schedule 1: Every 5 minutes for 1 package(s): [0]
2025-08-17 04:18:22 - schedule_config - DEBUG - Schedule 2: Every 10 minutes for 1 package(s): [1]
2025-08-17 04:18:22 - schedule_config - DEBUG - Schedule 3: Every 15 minutes for 1 package(s): [2]
2025-08-17 04:18:22 - schedule_config - DEBUG - Schedule 4: Every 60 minutes for 6 package(s): [3, 4, 5, 6, 7, 8]
2025-08-17 04:18:22 - schedule_config - DEBUG - Schedule 5: Every 180 minutes for 9 package(s): [9, 10, 11, 12, 13, 14, 15, 16, 17]
2025-08-17 04:20:37 - schedule_config - DEBUG - Logger initialized for schedule_config at level DEBUG
2025-08-17 04:20:37 - schedule_config - INFO - Loading schedule configuration
2025-08-17 04:20:37 - schedule_config - INFO - Schedule configuration loaded: 5 schedules defined
2025-08-17 04:20:37 - schedule_config - INFO - Batch size set to: 50 coins per package
2025-08-17 04:20:37 - schedule_config - DEBUG - Schedule 1: Every 5 minutes for 1 package(s): [0]
2025-08-17 04:20:37 - schedule_config - DEBUG - Schedule 2: Every 10 minutes for 1 package(s): [1]
2025-08-17 04:20:37 - schedule_config - DEBUG - Schedule 3: Every 15 minutes for 1 package(s): [2]
2025-08-17 04:20:37 - schedule_config - DEBUG - Schedule 4: Every 60 minutes for 6 package(s): [3, 4, 5, 6, 7, 8]
2025-08-17 04:20:37 - schedule_config - DEBUG - Schedule 5: Every 180 minutes for 9 package(s): [9, 10, 11, 12, 13, 14, 15, 16, 17]
2025-08-17 04:22:52 - schedule_config - DEBUG - Logger initialized for schedule_config at level DEBUG
2025-08-17 04:22:52 - schedule_config - INFO - Loading schedule configuration
2025-08-17 04:22:52 - schedule_config - INFO - Schedule configuration loaded: 5 schedules defined
2025-08-17 04:22:52 - schedule_config - INFO - Batch size set to: 50 coins per package
2025-08-17 04:22:52 - schedule_config - DEBUG - Schedule 1: Every 5 minutes for 1 package(s): [0]
2025-08-17 04:22:52 - schedule_config - DEBUG - Schedule 2: Every 10 minutes for 1 package(s): [1]
2025-08-17 04:22:52 - schedule_config - DEBUG - Schedule 3: Every 15 minutes for 1 package(s): [2]
2025-08-17 04:22:52 - schedule_config - DEBUG - Schedule 4: Every 60 minutes for 6 package(s): [3, 4, 5, 6, 7, 8]
2025-08-17 04:22:52 - schedule_config - DEBUG - Schedule 5: Every 180 minutes for 9 package(s): [9, 10, 11, 12, 13, 14, 15, 16, 17]
2025-08-17 04:25:04 - schedule_config - DEBUG - Logger initialized for schedule_config at level DEBUG
2025-08-17 04:25:04 - schedule_config - INFO - Loading schedule configuration
2025-08-17 04:25:04 - schedule_config - INFO - Schedule configuration loaded: 5 schedules defined
2025-08-17 04:25:04 - schedule_config - INFO - Batch size set to: 50 coins per package
2025-08-17 04:25:04 - schedule_config - DEBUG - Schedule 1: Every 5 minutes for 1 package(s): [0]
2025-08-17 04:25:04 - schedule_config - DEBUG - Schedule 2: Every 10 minutes for 1 package(s): [1]
2025-08-17 04:25:04 - schedule_config - DEBUG - Schedule 3: Every 15 minutes for 1 package(s): [2]
2025-08-17 04:25:04 - schedule_config - DEBUG - Schedule 4: Every 60 minutes for 6 package(s): [3, 4, 5, 6, 7, 8]
2025-08-17 04:25:04 - schedule_config - DEBUG - Schedule 5: Every 180 minutes for 9 package(s): [9, 10, 11, 12, 13, 14, 15, 16, 17]
2025-08-17 04:27:19 - schedule_config - DEBUG - Logger initialized for schedule_config at level DEBUG
2025-08-17 04:27:19 - schedule_config - INFO - Loading schedule configuration
2025-08-17 04:27:19 - schedule_config - INFO - Schedule configuration loaded: 5 schedules defined
2025-08-17 04:27:19 - schedule_config - INFO - Batch size set to: 50 coins per package
2025-08-17 04:27:19 - schedule_config - DEBUG - Schedule 1: Every 5 minutes for 1 package(s): [0]
2025-08-17 04:27:19 - schedule_config - DEBUG - Schedule 2: Every 10 minutes for 1 package(s): [1]
2025-08-17 04:27:19 - schedule_config - DEBUG - Schedule 3: Every 15 minutes for 1 package(s): [2]
2025-08-17 04:27:19 - schedule_config - DEBUG - Schedule 4: Every 60 minutes for 6 package(s): [3, 4, 5, 6, 7, 8]
2025-08-17 04:27:19 - schedule_config - DEBUG - Schedule 5: Every 180 minutes for 9 package(s): [9, 10, 11, 12, 13, 14, 15, 16, 17]
2025-08-17 04:29:34 - schedule_config - DEBUG - Logger initialized for schedule_config at level DEBUG
2025-08-17 04:29:34 - schedule_config - INFO - Loading schedule configuration
2025-08-17 04:29:34 - schedule_config - INFO - Schedule configuration loaded: 5 schedules defined
2025-08-17 04:29:34 - schedule_config - INFO - Batch size set to: 50 coins per package
2025-08-17 04:29:34 - schedule_config - DEBUG - Schedule 1: Every 5 minutes for 1 package(s): [0]
2025-08-17 04:29:34 - schedule_config - DEBUG - Schedule 2: Every 10 minutes for 1 package(s): [1]
2025-08-17 04:29:34 - schedule_config - DEBUG - Schedule 3: Every 15 minutes for 1 package(s): [2]
2025-08-17 04:29:34 - schedule_config - DEBUG - Schedule 4: Every 60 minutes for 6 package(s): [3, 4, 5, 6, 7, 8]
2025-08-17 04:29:34 - schedule_config - DEBUG - Schedule 5: Every 180 minutes for 9 package(s): [9, 10, 11, 12, 13, 14, 15, 16, 17]
2025-08-17 04:31:49 - schedule_config - DEBUG - Logger initialized for schedule_config at level DEBUG
2025-08-17 04:31:49 - schedule_config - INFO - Loading schedule configuration
2025-08-17 04:31:49 - schedule_config - INFO - Schedule configuration loaded: 5 schedules defined
2025-08-17 04:31:49 - schedule_config - INFO - Batch size set to: 50 coins per package
2025-08-17 04:31:49 - schedule_config - DEBUG - Schedule 1: Every 5 minutes for 1 package(s): [0]
2025-08-17 04:31:49 - schedule_config - DEBUG - Schedule 2: Every 10 minutes for 1 package(s): [1]
2025-08-17 04:31:49 - schedule_config - DEBUG - Schedule 3: Every 15 minutes for 1 package(s): [2]
2025-08-17 04:31:49 - schedule_config - DEBUG - Schedule 4: Every 60 minutes for 6 package(s): [3, 4, 5, 6, 7, 8]
2025-08-17 04:31:49 - schedule_config - DEBUG - Schedule 5: Every 180 minutes for 9 package(s): [9, 10, 11, 12, 13, 14, 15, 16, 17]
2025-08-17 04:34:00 - schedule_config - DEBUG - Logger initialized for schedule_config at level DEBUG
2025-08-17 04:34:00 - schedule_config - INFO - Loading schedule configuration
2025-08-17 04:34:00 - schedule_config - INFO - Schedule configuration loaded: 5 schedules defined
2025-08-17 04:34:00 - schedule_config - INFO - Batch size set to: 50 coins per package
2025-08-17 04:34:00 - schedule_config - DEBUG - Schedule 1: Every 5 minutes for 1 package(s): [0]
2025-08-17 04:34:00 - schedule_config - DEBUG - Schedule 2: Every 10 minutes for 1 package(s): [1]
2025-08-17 04:34:00 - schedule_config - DEBUG - Schedule 3: Every 15 minutes for 1 package(s): [2]
2025-08-17 04:34:00 - schedule_config - DEBUG - Schedule 4: Every 60 minutes for 6 package(s): [3, 4, 5, 6, 7, 8]
2025-08-17 04:34:00 - schedule_config - DEBUG - Schedule 5: Every 180 minutes for 9 package(s): [9, 10, 11, 12, 13, 14, 15, 16, 17]
2025-08-17 04:36:11 - schedule_config - DEBUG - Logger initialized for schedule_config at level DEBUG
2025-08-17 04:36:11 - schedule_config - INFO - Loading schedule configuration
2025-08-17 04:36:11 - schedule_config - INFO - Schedule configuration loaded: 5 schedules defined
2025-08-17 04:36:11 - schedule_config - INFO - Batch size set to: 50 coins per package
2025-08-17 04:36:11 - schedule_config - DEBUG - Schedule 1: Every 5 minutes for 1 package(s): [0]
2025-08-17 04:36:11 - schedule_config - DEBUG - Schedule 2: Every 10 minutes for 1 package(s): [1]
2025-08-17 04:36:11 - schedule_config - DEBUG - Schedule 3: Every 15 minutes for 1 package(s): [2]
2025-08-17 04:36:11 - schedule_config - DEBUG - Schedule 4: Every 60 minutes for 6 package(s): [3, 4, 5, 6, 7, 8]
2025-08-17 04:36:11 - schedule_config - DEBUG - Schedule 5: Every 180 minutes for 9 package(s): [9, 10, 11, 12, 13, 14, 15, 16, 17]
2025-08-17 04:38:22 - schedule_config - DEBUG - Logger initialized for schedule_config at level DEBUG
2025-08-17 04:38:22 - schedule_config - INFO - Loading schedule configuration
2025-08-17 04:38:22 - schedule_config - INFO - Schedule configuration loaded: 5 schedules defined
2025-08-17 04:38:22 - schedule_config - INFO - Batch size set to: 50 coins per package
2025-08-17 04:38:22 - schedule_config - DEBUG - Schedule 1: Every 5 minutes for 1 package(s): [0]
2025-08-17 04:38:22 - schedule_config - DEBUG - Schedule 2: Every 10 minutes for 1 package(s): [1]
2025-08-17 04:38:22 - schedule_config - DEBUG - Schedule 3: Every 15 minutes for 1 package(s): [2]
2025-08-17 04:38:22 - schedule_config - DEBUG - Schedule 4: Every 60 minutes for 6 package(s): [3, 4, 5, 6, 7, 8]
2025-08-17 04:38:22 - schedule_config - DEBUG - Schedule 5: Every 180 minutes for 9 package(s): [9, 10, 11, 12, 13, 14, 15, 16, 17]
2025-08-17 04:40:33 - schedule_config - DEBUG - Logger initialized for schedule_config at level DEBUG
2025-08-17 04:40:33 - schedule_config - INFO - Loading schedule configuration
2025-08-17 04:40:33 - schedule_config - INFO - Schedule configuration loaded: 5 schedules defined
2025-08-17 04:40:33 - schedule_config - INFO - Batch size set to: 50 coins per package
2025-08-17 04:40:33 - schedule_config - DEBUG - Schedule 1: Every 5 minutes for 1 package(s): [0]
2025-08-17 04:40:33 - schedule_config - DEBUG - Schedule 2: Every 10 minutes for 1 package(s): [1]
2025-08-17 04:40:33 - schedule_config - DEBUG - Schedule 3: Every 15 minutes for 1 package(s): [2]
2025-08-17 04:40:33 - schedule_config - DEBUG - Schedule 4: Every 60 minutes for 6 package(s): [3, 4, 5, 6, 7, 8]
2025-08-17 04:40:33 - schedule_config - DEBUG - Schedule 5: Every 180 minutes for 9 package(s): [9, 10, 11, 12, 13, 14, 15, 16, 17]
2025-08-17 04:42:44 - schedule_config - DEBUG - Logger initialized for schedule_config at level DEBUG
2025-08-17 04:42:44 - schedule_config - INFO - Loading schedule configuration
2025-08-17 04:42:44 - schedule_config - INFO - Schedule configuration loaded: 5 schedules defined
2025-08-17 04:42:44 - schedule_config - INFO - Batch size set to: 50 coins per package
2025-08-17 04:42:44 - schedule_config - DEBUG - Schedule 1: Every 5 minutes for 1 package(s): [0]
2025-08-17 04:42:44 - schedule_config - DEBUG - Schedule 2: Every 10 minutes for 1 package(s): [1]
2025-08-17 04:42:44 - schedule_config - DEBUG - Schedule 3: Every 15 minutes for 1 package(s): [2]
2025-08-17 04:42:44 - schedule_config - DEBUG - Schedule 4: Every 60 minutes for 6 package(s): [3, 4, 5, 6, 7, 8]
2025-08-17 04:42:44 - schedule_config - DEBUG - Schedule 5: Every 180 minutes for 9 package(s): [9, 10, 11, 12, 13, 14, 15, 16, 17]
2025-08-17 04:44:55 - schedule_config - DEBUG - Logger initialized for schedule_config at level DEBUG
2025-08-17 04:44:55 - schedule_config - INFO - Loading schedule configuration
2025-08-17 04:44:55 - schedule_config - INFO - Schedule configuration loaded: 5 schedules defined
2025-08-17 04:44:55 - schedule_config - INFO - Batch size set to: 50 coins per package
2025-08-17 04:44:55 - schedule_config - DEBUG - Schedule 1: Every 5 minutes for 1 package(s): [0]
2025-08-17 04:44:55 - schedule_config - DEBUG - Schedule 2: Every 10 minutes for 1 package(s): [1]
2025-08-17 04:44:55 - schedule_config - DEBUG - Schedule 3: Every 15 minutes for 1 package(s): [2]
2025-08-17 04:44:55 - schedule_config - DEBUG - Schedule 4: Every 60 minutes for 6 package(s): [3, 4, 5, 6, 7, 8]
2025-08-17 04:44:55 - schedule_config - DEBUG - Schedule 5: Every 180 minutes for 9 package(s): [9, 10, 11, 12, 13, 14, 15, 16, 17]
2025-08-17 04:47:06 - schedule_config - DEBUG - Logger initialized for schedule_config at level DEBUG
2025-08-17 04:47:06 - schedule_config - INFO - Loading schedule configuration
2025-08-17 04:47:06 - schedule_config - INFO - Schedule configuration loaded: 5 schedules defined
2025-08-17 04:47:06 - schedule_config - INFO - Batch size set to: 50 coins per package
2025-08-17 04:47:06 - schedule_config - DEBUG - Schedule 1: Every 5 minutes for 1 package(s): [0]
2025-08-17 04:47:06 - schedule_config - DEBUG - Schedule 2: Every 10 minutes for 1 package(s): [1]
2025-08-17 04:47:06 - schedule_config - DEBUG - Schedule 3: Every 15 minutes for 1 package(s): [2]
2025-08-17 04:47:06 - schedule_config - DEBUG - Schedule 4: Every 60 minutes for 6 package(s): [3, 4, 5, 6, 7, 8]
2025-08-17 04:47:06 - schedule_config - DEBUG - Schedule 5: Every 180 minutes for 9 package(s): [9, 10, 11, 12, 13, 14, 15, 16, 17]
2025-08-17 04:49:22 - schedule_config - DEBUG - Logger initialized for schedule_config at level DEBUG
2025-08-17 04:49:22 - schedule_config - INFO - Loading schedule configuration
2025-08-17 04:49:22 - schedule_config - INFO - Schedule configuration loaded: 5 schedules defined
2025-08-17 04:49:22 - schedule_config - INFO - Batch size set to: 50 coins per package
2025-08-17 04:49:22 - schedule_config - DEBUG - Schedule 1: Every 5 minutes for 1 package(s): [0]
2025-08-17 04:49:22 - schedule_config - DEBUG - Schedule 2: Every 10 minutes for 1 package(s): [1]
2025-08-17 04:49:22 - schedule_config - DEBUG - Schedule 3: Every 15 minutes for 1 package(s): [2]
2025-08-17 04:49:22 - schedule_config - DEBUG - Schedule 4: Every 60 minutes for 6 package(s): [3, 4, 5, 6, 7, 8]
2025-08-17 04:49:22 - schedule_config - DEBUG - Schedule 5: Every 180 minutes for 9 package(s): [9, 10, 11, 12, 13, 14, 15, 16, 17]
2025-08-17 04:51:33 - schedule_config - DEBUG - Logger initialized for schedule_config at level DEBUG
2025-08-17 04:51:33 - schedule_config - INFO - Loading schedule configuration
2025-08-17 04:51:33 - schedule_config - INFO - Schedule configuration loaded: 5 schedules defined
2025-08-17 04:51:33 - schedule_config - INFO - Batch size set to: 50 coins per package
2025-08-17 04:51:33 - schedule_config - DEBUG - Schedule 1: Every 5 minutes for 1 package(s): [0]
2025-08-17 04:51:33 - schedule_config - DEBUG - Schedule 2: Every 10 minutes for 1 package(s): [1]
2025-08-17 04:51:33 - schedule_config - DEBUG - Schedule 3: Every 15 minutes for 1 package(s): [2]
2025-08-17 04:51:33 - schedule_config - DEBUG - Schedule 4: Every 60 minutes for 6 package(s): [3, 4, 5, 6, 7, 8]
2025-08-17 04:51:33 - schedule_config - DEBUG - Schedule 5: Every 180 minutes for 9 package(s): [9, 10, 11, 12, 13, 14, 15, 16, 17]
2025-08-17 04:53:43 - schedule_config - DEBUG - Logger initialized for schedule_config at level DEBUG
2025-08-17 04:53:43 - schedule_config - INFO - Loading schedule configuration
2025-08-17 04:53:43 - schedule_config - INFO - Schedule configuration loaded: 5 schedules defined
2025-08-17 04:53:43 - schedule_config - INFO - Batch size set to: 50 coins per package
2025-08-17 04:53:43 - schedule_config - DEBUG - Schedule 1: Every 5 minutes for 1 package(s): [0]
2025-08-17 04:53:43 - schedule_config - DEBUG - Schedule 2: Every 10 minutes for 1 package(s): [1]
2025-08-17 04:53:43 - schedule_config - DEBUG - Schedule 3: Every 15 minutes for 1 package(s): [2]
2025-08-17 04:53:43 - schedule_config - DEBUG - Schedule 4: Every 60 minutes for 6 package(s): [3, 4, 5, 6, 7, 8]
2025-08-17 04:53:43 - schedule_config - DEBUG - Schedule 5: Every 180 minutes for 9 package(s): [9, 10, 11, 12, 13, 14, 15, 16, 17]
2025-08-17 04:55:55 - schedule_config - DEBUG - Logger initialized for schedule_config at level DEBUG
2025-08-17 04:55:55 - schedule_config - INFO - Loading schedule configuration
2025-08-17 04:55:55 - schedule_config - INFO - Schedule configuration loaded: 5 schedules defined
2025-08-17 04:55:55 - schedule_config - INFO - Batch size set to: 50 coins per package
2025-08-17 04:55:55 - schedule_config - DEBUG - Schedule 1: Every 5 minutes for 1 package(s): [0]
2025-08-17 04:55:55 - schedule_config - DEBUG - Schedule 2: Every 10 minutes for 1 package(s): [1]
2025-08-17 04:55:55 - schedule_config - DEBUG - Schedule 3: Every 15 minutes for 1 package(s): [2]
2025-08-17 04:55:55 - schedule_config - DEBUG - Schedule 4: Every 60 minutes for 6 package(s): [3, 4, 5, 6, 7, 8]
2025-08-17 04:55:55 - schedule_config - DEBUG - Schedule 5: Every 180 minutes for 9 package(s): [9, 10, 11, 12, 13, 14, 15, 16, 17]
2025-08-17 04:58:06 - schedule_config - DEBUG - Logger initialized for schedule_config at level DEBUG
2025-08-17 04:58:06 - schedule_config - INFO - Loading schedule configuration
2025-08-17 04:58:06 - schedule_config - INFO - Schedule configuration loaded: 5 schedules defined
2025-08-17 04:58:06 - schedule_config - INFO - Batch size set to: 50 coins per package
2025-08-17 04:58:06 - schedule_config - DEBUG - Schedule 1: Every 5 minutes for 1 package(s): [0]
2025-08-17 04:58:06 - schedule_config - DEBUG - Schedule 2: Every 10 minutes for 1 package(s): [1]
2025-08-17 04:58:06 - schedule_config - DEBUG - Schedule 3: Every 15 minutes for 1 package(s): [2]
2025-08-17 04:58:06 - schedule_config - DEBUG - Schedule 4: Every 60 minutes for 6 package(s): [3, 4, 5, 6, 7, 8]
2025-08-17 04:58:06 - schedule_config - DEBUG - Schedule 5: Every 180 minutes for 9 package(s): [9, 10, 11, 12, 13, 14, 15, 16, 17]
2025-08-17 05:00:21 - schedule_config - DEBUG - Logger initialized for schedule_config at level DEBUG
2025-08-17 05:00:21 - schedule_config - INFO - Loading schedule configuration
2025-08-17 05:00:21 - schedule_config - INFO - Schedule configuration loaded: 5 schedules defined
2025-08-17 05:00:21 - schedule_config - INFO - Batch size set to: 50 coins per package
2025-08-17 05:00:21 - schedule_config - DEBUG - Schedule 1: Every 5 minutes for 1 package(s): [0]
2025-08-17 05:00:21 - schedule_config - DEBUG - Schedule 2: Every 10 minutes for 1 package(s): [1]
2025-08-17 05:00:21 - schedule_config - DEBUG - Schedule 3: Every 15 minutes for 1 package(s): [2]
2025-08-17 05:00:21 - schedule_config - DEBUG - Schedule 4: Every 60 minutes for 6 package(s): [3, 4, 5, 6, 7, 8]
2025-08-17 05:00:21 - schedule_config - DEBUG - Schedule 5: Every 180 minutes for 9 package(s): [9, 10, 11, 12, 13, 14, 15, 16, 17]
2025-08-17 05:02:37 - schedule_config - DEBUG - Logger initialized for schedule_config at level DEBUG
2025-08-17 05:02:37 - schedule_config - INFO - Loading schedule configuration
2025-08-17 05:02:37 - schedule_config - INFO - Schedule configuration loaded: 5 schedules defined
2025-08-17 05:02:37 - schedule_config - INFO - Batch size set to: 50 coins per package
2025-08-17 05:02:37 - schedule_config - DEBUG - Schedule 1: Every 5 minutes for 1 package(s): [0]
2025-08-17 05:02:37 - schedule_config - DEBUG - Schedule 2: Every 10 minutes for 1 package(s): [1]
2025-08-17 05:02:37 - schedule_config - DEBUG - Schedule 3: Every 15 minutes for 1 package(s): [2]
2025-08-17 05:02:37 - schedule_config - DEBUG - Schedule 4: Every 60 minutes for 6 package(s): [3, 4, 5, 6, 7, 8]
2025-08-17 05:02:37 - schedule_config - DEBUG - Schedule 5: Every 180 minutes for 9 package(s): [9, 10, 11, 12, 13, 14, 15, 16, 17]
2025-08-17 05:04:51 - schedule_config - DEBUG - Logger initialized for schedule_config at level DEBUG
2025-08-17 05:04:51 - schedule_config - INFO - Loading schedule configuration
2025-08-17 05:04:51 - schedule_config - INFO - Schedule configuration loaded: 5 schedules defined
2025-08-17 05:04:51 - schedule_config - INFO - Batch size set to: 50 coins per package
2025-08-17 05:04:51 - schedule_config - DEBUG - Schedule 1: Every 5 minutes for 1 package(s): [0]
2025-08-17 05:04:51 - schedule_config - DEBUG - Schedule 2: Every 10 minutes for 1 package(s): [1]
2025-08-17 05:04:51 - schedule_config - DEBUG - Schedule 3: Every 15 minutes for 1 package(s): [2]
2025-08-17 05:04:51 - schedule_config - DEBUG - Schedule 4: Every 60 minutes for 6 package(s): [3, 4, 5, 6, 7, 8]
2025-08-17 05:04:51 - schedule_config - DEBUG - Schedule 5: Every 180 minutes for 9 package(s): [9, 10, 11, 12, 13, 14, 15, 16, 17]
2025-08-17 05:07:03 - schedule_config - DEBUG - Logger initialized for schedule_config at level DEBUG
2025-08-17 05:07:03 - schedule_config - INFO - Loading schedule configuration
2025-08-17 05:07:03 - schedule_config - INFO - Schedule configuration loaded: 5 schedules defined
2025-08-17 05:07:03 - schedule_config - INFO - Batch size set to: 50 coins per package
2025-08-17 05:07:03 - schedule_config - DEBUG - Schedule 1: Every 5 minutes for 1 package(s): [0]
2025-08-17 05:07:03 - schedule_config - DEBUG - Schedule 2: Every 10 minutes for 1 package(s): [1]
2025-08-17 05:07:03 - schedule_config - DEBUG - Schedule 3: Every 15 minutes for 1 package(s): [2]
2025-08-17 05:07:03 - schedule_config - DEBUG - Schedule 4: Every 60 minutes for 6 package(s): [3, 4, 5, 6, 7, 8]
2025-08-17 05:07:03 - schedule_config - DEBUG - Schedule 5: Every 180 minutes for 9 package(s): [9, 10, 11, 12, 13, 14, 15, 16, 17]
2025-08-17 05:09:17 - schedule_config - DEBUG - Logger initialized for schedule_config at level DEBUG
2025-08-17 05:09:17 - schedule_config - INFO - Loading schedule configuration
2025-08-17 05:09:17 - schedule_config - INFO - Schedule configuration loaded: 5 schedules defined
2025-08-17 05:09:17 - schedule_config - INFO - Batch size set to: 50 coins per package
2025-08-17 05:09:17 - schedule_config - DEBUG - Schedule 1: Every 5 minutes for 1 package(s): [0]
2025-08-17 05:09:17 - schedule_config - DEBUG - Schedule 2: Every 10 minutes for 1 package(s): [1]
2025-08-17 05:09:17 - schedule_config - DEBUG - Schedule 3: Every 15 minutes for 1 package(s): [2]
2025-08-17 05:09:17 - schedule_config - DEBUG - Schedule 4: Every 60 minutes for 6 package(s): [3, 4, 5, 6, 7, 8]
2025-08-17 05:09:17 - schedule_config - DEBUG - Schedule 5: Every 180 minutes for 9 package(s): [9, 10, 11, 12, 13, 14, 15, 16, 17]
2025-08-17 05:11:29 - schedule_config - DEBUG - Logger initialized for schedule_config at level DEBUG
2025-08-17 05:11:29 - schedule_config - INFO - Loading schedule configuration
2025-08-17 05:11:29 - schedule_config - INFO - Schedule configuration loaded: 5 schedules defined
2025-08-17 05:11:29 - schedule_config - INFO - Batch size set to: 50 coins per package
2025-08-17 05:11:29 - schedule_config - DEBUG - Schedule 1: Every 5 minutes for 1 package(s): [0]
2025-08-17 05:11:29 - schedule_config - DEBUG - Schedule 2: Every 10 minutes for 1 package(s): [1]
2025-08-17 05:11:29 - schedule_config - DEBUG - Schedule 3: Every 15 minutes for 1 package(s): [2]
2025-08-17 05:11:29 - schedule_config - DEBUG - Schedule 4: Every 60 minutes for 6 package(s): [3, 4, 5, 6, 7, 8]
2025-08-17 05:11:29 - schedule_config - DEBUG - Schedule 5: Every 180 minutes for 9 package(s): [9, 10, 11, 12, 13, 14, 15, 16, 17]
2025-08-17 05:13:40 - schedule_config - DEBUG - Logger initialized for schedule_config at level DEBUG
2025-08-17 05:13:40 - schedule_config - INFO - Loading schedule configuration
2025-08-17 05:13:40 - schedule_config - INFO - Schedule configuration loaded: 5 schedules defined
2025-08-17 05:13:40 - schedule_config - INFO - Batch size set to: 50 coins per package
2025-08-17 05:13:40 - schedule_config - DEBUG - Schedule 1: Every 5 minutes for 1 package(s): [0]
2025-08-17 05:13:40 - schedule_config - DEBUG - Schedule 2: Every 10 minutes for 1 package(s): [1]
2025-08-17 05:13:40 - schedule_config - DEBUG - Schedule 3: Every 15 minutes for 1 package(s): [2]
2025-08-17 05:13:40 - schedule_config - DEBUG - Schedule 4: Every 60 minutes for 6 package(s): [3, 4, 5, 6, 7, 8]
2025-08-17 05:13:40 - schedule_config - DEBUG - Schedule 5: Every 180 minutes for 9 package(s): [9, 10, 11, 12, 13, 14, 15, 16, 17]
2025-08-17 05:15:51 - schedule_config - DEBUG - Logger initialized for schedule_config at level DEBUG
2025-08-17 05:15:51 - schedule_config - INFO - Loading schedule configuration
2025-08-17 05:15:51 - schedule_config - INFO - Schedule configuration loaded: 5 schedules defined
2025-08-17 05:15:51 - schedule_config - INFO - Batch size set to: 50 coins per package
2025-08-17 05:15:51 - schedule_config - DEBUG - Schedule 1: Every 5 minutes for 1 package(s): [0]
2025-08-17 05:15:51 - schedule_config - DEBUG - Schedule 2: Every 10 minutes for 1 package(s): [1]
2025-08-17 05:15:51 - schedule_config - DEBUG - Schedule 3: Every 15 minutes for 1 package(s): [2]
2025-08-17 05:15:51 - schedule_config - DEBUG - Schedule 4: Every 60 minutes for 6 package(s): [3, 4, 5, 6, 7, 8]
2025-08-17 05:15:51 - schedule_config - DEBUG - Schedule 5: Every 180 minutes for 9 package(s): [9, 10, 11, 12, 13, 14, 15, 16, 17]
2025-08-17 05:18:02 - schedule_config - DEBUG - Logger initialized for schedule_config at level DEBUG
2025-08-17 05:18:02 - schedule_config - INFO - Loading schedule configuration
2025-08-17 05:18:02 - schedule_config - INFO - Schedule configuration loaded: 5 schedules defined
2025-08-17 05:18:02 - schedule_config - INFO - Batch size set to: 50 coins per package
2025-08-17 05:18:02 - schedule_config - DEBUG - Schedule 1: Every 5 minutes for 1 package(s): [0]
2025-08-17 05:18:02 - schedule_config - DEBUG - Schedule 2: Every 10 minutes for 1 package(s): [1]
2025-08-17 05:18:02 - schedule_config - DEBUG - Schedule 3: Every 15 minutes for 1 package(s): [2]
2025-08-17 05:18:02 - schedule_config - DEBUG - Schedule 4: Every 60 minutes for 6 package(s): [3, 4, 5, 6, 7, 8]
2025-08-17 05:18:02 - schedule_config - DEBUG - Schedule 5: Every 180 minutes for 9 package(s): [9, 10, 11, 12, 13, 14, 15, 16, 17]
2025-08-17 05:20:17 - schedule_config - DEBUG - Logger initialized for schedule_config at level DEBUG
2025-08-17 05:20:17 - schedule_config - INFO - Loading schedule configuration
2025-08-17 05:20:17 - schedule_config - INFO - Schedule configuration loaded: 5 schedules defined
2025-08-17 05:20:17 - schedule_config - INFO - Batch size set to: 50 coins per package
2025-08-17 05:20:17 - schedule_config - DEBUG - Schedule 1: Every 5 minutes for 1 package(s): [0]
2025-08-17 05:20:17 - schedule_config - DEBUG - Schedule 2: Every 10 minutes for 1 package(s): [1]
2025-08-17 05:20:17 - schedule_config - DEBUG - Schedule 3: Every 15 minutes for 1 package(s): [2]
2025-08-17 05:20:17 - schedule_config - DEBUG - Schedule 4: Every 60 minutes for 6 package(s): [3, 4, 5, 6, 7, 8]
2025-08-17 05:20:17 - schedule_config - DEBUG - Schedule 5: Every 180 minutes for 9 package(s): [9, 10, 11, 12, 13, 14, 15, 16, 17]
2025-08-17 05:22:29 - schedule_config - DEBUG - Logger initialized for schedule_config at level DEBUG
2025-08-17 05:22:29 - schedule_config - INFO - Loading schedule configuration
2025-08-17 05:22:29 - schedule_config - INFO - Schedule configuration loaded: 5 schedules defined
2025-08-17 05:22:29 - schedule_config - INFO - Batch size set to: 50 coins per package
2025-08-17 05:22:29 - schedule_config - DEBUG - Schedule 1: Every 5 minutes for 1 package(s): [0]
2025-08-17 05:22:29 - schedule_config - DEBUG - Schedule 2: Every 10 minutes for 1 package(s): [1]
2025-08-17 05:22:29 - schedule_config - DEBUG - Schedule 3: Every 15 minutes for 1 package(s): [2]
2025-08-17 05:22:29 - schedule_config - DEBUG - Schedule 4: Every 60 minutes for 6 package(s): [3, 4, 5, 6, 7, 8]
2025-08-17 05:22:29 - schedule_config - DEBUG - Schedule 5: Every 180 minutes for 9 package(s): [9, 10, 11, 12, 13, 14, 15, 16, 17]
2025-08-17 05:24:43 - schedule_config - DEBUG - Logger initialized for schedule_config at level DEBUG
2025-08-17 05:24:43 - schedule_config - INFO - Loading schedule configuration
2025-08-17 05:24:43 - schedule_config - INFO - Schedule configuration loaded: 5 schedules defined
2025-08-17 05:24:43 - schedule_config - INFO - Batch size set to: 50 coins per package
2025-08-17 05:24:43 - schedule_config - DEBUG - Schedule 1: Every 5 minutes for 1 package(s): [0]
2025-08-17 05:24:43 - schedule_config - DEBUG - Schedule 2: Every 10 minutes for 1 package(s): [1]
2025-08-17 05:24:43 - schedule_config - DEBUG - Schedule 3: Every 15 minutes for 1 package(s): [2]
2025-08-17 05:24:43 - schedule_config - DEBUG - Schedule 4: Every 60 minutes for 6 package(s): [3, 4, 5, 6, 7, 8]
2025-08-17 05:24:43 - schedule_config - DEBUG - Schedule 5: Every 180 minutes for 9 package(s): [9, 10, 11, 12, 13, 14, 15, 16, 17]
2025-08-17 05:26:54 - schedule_config - DEBUG - Logger initialized for schedule_config at level DEBUG
2025-08-17 05:26:54 - schedule_config - INFO - Loading schedule configuration
2025-08-17 05:26:54 - schedule_config - INFO - Schedule configuration loaded: 5 schedules defined
2025-08-17 05:26:54 - schedule_config - INFO - Batch size set to: 50 coins per package
2025-08-17 05:26:54 - schedule_config - DEBUG - Schedule 1: Every 5 minutes for 1 package(s): [0]
2025-08-17 05:26:54 - schedule_config - DEBUG - Schedule 2: Every 10 minutes for 1 package(s): [1]
2025-08-17 05:26:54 - schedule_config - DEBUG - Schedule 3: Every 15 minutes for 1 package(s): [2]
2025-08-17 05:26:54 - schedule_config - DEBUG - Schedule 4: Every 60 minutes for 6 package(s): [3, 4, 5, 6, 7, 8]
2025-08-17 05:26:54 - schedule_config - DEBUG - Schedule 5: Every 180 minutes for 9 package(s): [9, 10, 11, 12, 13, 14, 15, 16, 17]
2025-08-17 05:29:05 - schedule_config - DEBUG - Logger initialized for schedule_config at level DEBUG
2025-08-17 05:29:05 - schedule_config - INFO - Loading schedule configuration
2025-08-17 05:29:05 - schedule_config - INFO - Schedule configuration loaded: 5 schedules defined
2025-08-17 05:29:05 - schedule_config - INFO - Batch size set to: 50 coins per package
2025-08-17 05:29:05 - schedule_config - DEBUG - Schedule 1: Every 5 minutes for 1 package(s): [0]
2025-08-17 05:29:05 - schedule_config - DEBUG - Schedule 2: Every 10 minutes for 1 package(s): [1]
2025-08-17 05:29:05 - schedule_config - DEBUG - Schedule 3: Every 15 minutes for 1 package(s): [2]
2025-08-17 05:29:05 - schedule_config - DEBUG - Schedule 4: Every 60 minutes for 6 package(s): [3, 4, 5, 6, 7, 8]
2025-08-17 05:29:05 - schedule_config - DEBUG - Schedule 5: Every 180 minutes for 9 package(s): [9, 10, 11, 12, 13, 14, 15, 16, 17]
2025-08-17 05:29:40 - schedule_config - DEBUG - Logger initialized for schedule_config at level DEBUG
2025-08-17 05:29:40 - schedule_config - INFO - Loading schedule configuration
2025-08-17 05:29:40 - schedule_config - INFO - Schedule configuration loaded: 5 schedules defined
2025-08-17 05:29:40 - schedule_config - INFO - Batch size set to: 50 coins per package
2025-08-17 05:29:40 - schedule_config - DEBUG - Schedule 1: Every 5 minutes for 1 package(s): [0]
2025-08-17 05:29:40 - schedule_config - DEBUG - Schedule 2: Every 10 minutes for 1 package(s): [1]
2025-08-17 05:29:40 - schedule_config - DEBUG - Schedule 3: Every 15 minutes for 1 package(s): [2]
2025-08-17 05:29:40 - schedule_config - DEBUG - Schedule 4: Every 60 minutes for 6 package(s): [3, 4, 5, 6, 7, 8]
2025-08-17 05:29:40 - schedule_config - DEBUG - Schedule 5: Every 180 minutes for 9 package(s): [9, 10, 11, 12, 13, 14, 15, 16, 17]
2025-08-17 05:31:53 - schedule_config - DEBUG - Logger initialized for schedule_config at level DEBUG
2025-08-17 05:31:53 - schedule_config - INFO - Loading schedule configuration
2025-08-17 05:31:53 - schedule_config - INFO - Schedule configuration loaded: 5 schedules defined
2025-08-17 05:31:53 - schedule_config - INFO - Batch size set to: 50 coins per package
2025-08-17 05:31:53 - schedule_config - DEBUG - Schedule 1: Every 5 minutes for 1 package(s): [0]
2025-08-17 05:31:53 - schedule_config - DEBUG - Schedule 2: Every 10 minutes for 1 package(s): [1]
2025-08-17 05:31:53 - schedule_config - DEBUG - Schedule 3: Every 15 minutes for 1 package(s): [2]
2025-08-17 05:31:53 - schedule_config - DEBUG - Schedule 4: Every 60 minutes for 6 package(s): [3, 4, 5, 6, 7, 8]
2025-08-17 05:31:53 - schedule_config - DEBUG - Schedule 5: Every 180 minutes for 9 package(s): [9, 10, 11, 12, 13, 14, 15, 16, 17]
2025-08-17 05:34:05 - schedule_config - DEBUG - Logger initialized for schedule_config at level DEBUG
2025-08-17 05:34:05 - schedule_config - INFO - Loading schedule configuration
2025-08-17 05:34:05 - schedule_config - INFO - Schedule configuration loaded: 5 schedules defined
2025-08-17 05:34:05 - schedule_config - INFO - Batch size set to: 50 coins per package
2025-08-17 05:34:05 - schedule_config - DEBUG - Schedule 1: Every 5 minutes for 1 package(s): [0]
2025-08-17 05:34:05 - schedule_config - DEBUG - Schedule 2: Every 10 minutes for 1 package(s): [1]
2025-08-17 05:34:05 - schedule_config - DEBUG - Schedule 3: Every 15 minutes for 1 package(s): [2]
2025-08-17 05:34:05 - schedule_config - DEBUG - Schedule 4: Every 60 minutes for 6 package(s): [3, 4, 5, 6, 7, 8]
2025-08-17 05:34:05 - schedule_config - DEBUG - Schedule 5: Every 180 minutes for 9 package(s): [9, 10, 11, 12, 13, 14, 15, 16, 17]
2025-08-17 05:36:19 - schedule_config - DEBUG - Logger initialized for schedule_config at level DEBUG
2025-08-17 05:36:19 - schedule_config - INFO - Loading schedule configuration
2025-08-17 05:36:19 - schedule_config - INFO - Schedule configuration loaded: 5 schedules defined
2025-08-17 05:36:19 - schedule_config - INFO - Batch size set to: 50 coins per package
2025-08-17 05:36:19 - schedule_config - DEBUG - Schedule 1: Every 5 minutes for 1 package(s): [0]
2025-08-17 05:36:19 - schedule_config - DEBUG - Schedule 2: Every 10 minutes for 1 package(s): [1]
2025-08-17 05:36:19 - schedule_config - DEBUG - Schedule 3: Every 15 minutes for 1 package(s): [2]
2025-08-17 05:36:19 - schedule_config - DEBUG - Schedule 4: Every 60 minutes for 6 package(s): [3, 4, 5, 6, 7, 8]
2025-08-17 05:36:19 - schedule_config - DEBUG - Schedule 5: Every 180 minutes for 9 package(s): [9, 10, 11, 12, 13, 14, 15, 16, 17]
2025-08-17 05:38:31 - schedule_config - DEBUG - Logger initialized for schedule_config at level DEBUG
2025-08-17 05:38:31 - schedule_config - INFO - Loading schedule configuration
2025-08-17 05:38:31 - schedule_config - INFO - Schedule configuration loaded: 5 schedules defined
2025-08-17 05:38:31 - schedule_config - INFO - Batch size set to: 50 coins per package
2025-08-17 05:38:31 - schedule_config - DEBUG - Schedule 1: Every 5 minutes for 1 package(s): [0]
2025-08-17 05:38:31 - schedule_config - DEBUG - Schedule 2: Every 10 minutes for 1 package(s): [1]
2025-08-17 05:38:31 - schedule_config - DEBUG - Schedule 3: Every 15 minutes for 1 package(s): [2]
2025-08-17 05:38:31 - schedule_config - DEBUG - Schedule 4: Every 60 minutes for 6 package(s): [3, 4, 5, 6, 7, 8]
2025-08-17 05:38:31 - schedule_config - DEBUG - Schedule 5: Every 180 minutes for 9 package(s): [9, 10, 11, 12, 13, 14, 15, 16, 17]
2025-08-17 05:40:41 - schedule_config - DEBUG - Logger initialized for schedule_config at level DEBUG
2025-08-17 05:40:41 - schedule_config - INFO - Loading schedule configuration
2025-08-17 05:40:41 - schedule_config - INFO - Schedule configuration loaded: 5 schedules defined
2025-08-17 05:40:41 - schedule_config - INFO - Batch size set to: 50 coins per package
2025-08-17 05:40:41 - schedule_config - DEBUG - Schedule 1: Every 5 minutes for 1 package(s): [0]
2025-08-17 05:40:41 - schedule_config - DEBUG - Schedule 2: Every 10 minutes for 1 package(s): [1]
2025-08-17 05:40:41 - schedule_config - DEBUG - Schedule 3: Every 15 minutes for 1 package(s): [2]
2025-08-17 05:40:41 - schedule_config - DEBUG - Schedule 4: Every 60 minutes for 6 package(s): [3, 4, 5, 6, 7, 8]
2025-08-17 05:40:41 - schedule_config - DEBUG - Schedule 5: Every 180 minutes for 9 package(s): [9, 10, 11, 12, 13, 14, 15, 16, 17]
2025-08-17 05:42:53 - schedule_config - DEBUG - Logger initialized for schedule_config at level DEBUG
2025-08-17 05:42:53 - schedule_config - INFO - Loading schedule configuration
2025-08-17 05:42:53 - schedule_config - INFO - Schedule configuration loaded: 5 schedules defined
2025-08-17 05:42:53 - schedule_config - INFO - Batch size set to: 50 coins per package
2025-08-17 05:42:53 - schedule_config - DEBUG - Schedule 1: Every 5 minutes for 1 package(s): [0]
2025-08-17 05:42:53 - schedule_config - DEBUG - Schedule 2: Every 10 minutes for 1 package(s): [1]
2025-08-17 05:42:53 - schedule_config - DEBUG - Schedule 3: Every 15 minutes for 1 package(s): [2]
2025-08-17 05:42:53 - schedule_config - DEBUG - Schedule 4: Every 60 minutes for 6 package(s): [3, 4, 5, 6, 7, 8]
2025-08-17 05:42:53 - schedule_config - DEBUG - Schedule 5: Every 180 minutes for 9 package(s): [9, 10, 11, 12, 13, 14, 15, 16, 17]
2025-08-17 05:45:05 - schedule_config - DEBUG - Logger initialized for schedule_config at level DEBUG
2025-08-17 05:45:05 - schedule_config - INFO - Loading schedule configuration
2025-08-17 05:45:05 - schedule_config - INFO - Schedule configuration loaded: 5 schedules defined
2025-08-17 05:45:05 - schedule_config - INFO - Batch size set to: 50 coins per package
2025-08-17 05:45:05 - schedule_config - DEBUG - Schedule 1: Every 5 minutes for 1 package(s): [0]
2025-08-17 05:45:05 - schedule_config - DEBUG - Schedule 2: Every 10 minutes for 1 package(s): [1]
2025-08-17 05:45:05 - schedule_config - DEBUG - Schedule 3: Every 15 minutes for 1 package(s): [2]
2025-08-17 05:45:05 - schedule_config - DEBUG - Schedule 4: Every 60 minutes for 6 package(s): [3, 4, 5, 6, 7, 8]
2025-08-17 05:45:05 - schedule_config - DEBUG - Schedule 5: Every 180 minutes for 9 package(s): [9, 10, 11, 12, 13, 14, 15, 16, 17]
2025-08-17 05:45:40 - schedule_config - DEBUG - Logger initialized for schedule_config at level DEBUG
2025-08-17 05:45:40 - schedule_config - INFO - Loading schedule configuration
2025-08-17 05:45:40 - schedule_config - INFO - Schedule configuration loaded: 5 schedules defined
2025-08-17 05:45:40 - schedule_config - INFO - Batch size set to: 50 coins per package
2025-08-17 05:45:40 - schedule_config - DEBUG - Schedule 1: Every 5 minutes for 1 package(s): [0]
2025-08-17 05:45:40 - schedule_config - DEBUG - Schedule 2: Every 10 minutes for 1 package(s): [1]
2025-08-17 05:45:40 - schedule_config - DEBUG - Schedule 3: Every 15 minutes for 1 package(s): [2]
2025-08-17 05:45:40 - schedule_config - DEBUG - Schedule 4: Every 60 minutes for 6 package(s): [3, 4, 5, 6, 7, 8]
2025-08-17 05:45:40 - schedule_config - DEBUG - Schedule 5: Every 180 minutes for 9 package(s): [9, 10, 11, 12, 13, 14, 15, 16, 17]
2025-08-17 05:47:52 - schedule_config - DEBUG - Logger initialized for schedule_config at level DEBUG
2025-08-17 05:47:52 - schedule_config - INFO - Loading schedule configuration
2025-08-17 05:47:52 - schedule_config - INFO - Schedule configuration loaded: 5 schedules defined
2025-08-17 05:47:52 - schedule_config - INFO - Batch size set to: 50 coins per package
2025-08-17 05:47:52 - schedule_config - DEBUG - Schedule 1: Every 5 minutes for 1 package(s): [0]
2025-08-17 05:47:52 - schedule_config - DEBUG - Schedule 2: Every 10 minutes for 1 package(s): [1]
2025-08-17 05:47:52 - schedule_config - DEBUG - Schedule 3: Every 15 minutes for 1 package(s): [2]
2025-08-17 05:47:52 - schedule_config - DEBUG - Schedule 4: Every 60 minutes for 6 package(s): [3, 4, 5, 6, 7, 8]
2025-08-17 05:47:52 - schedule_config - DEBUG - Schedule 5: Every 180 minutes for 9 package(s): [9, 10, 11, 12, 13, 14, 15, 16, 17]
2025-08-17 05:50:04 - schedule_config - DEBUG - Logger initialized for schedule_config at level DEBUG
2025-08-17 05:50:04 - schedule_config - INFO - Loading schedule configuration
2025-08-17 05:50:04 - schedule_config - INFO - Schedule configuration loaded: 5 schedules defined
2025-08-17 05:50:04 - schedule_config - INFO - Batch size set to: 50 coins per package
2025-08-17 05:50:04 - schedule_config - DEBUG - Schedule 1: Every 5 minutes for 1 package(s): [0]
2025-08-17 05:50:04 - schedule_config - DEBUG - Schedule 2: Every 10 minutes for 1 package(s): [1]
2025-08-17 05:50:04 - schedule_config - DEBUG - Schedule 3: Every 15 minutes for 1 package(s): [2]
2025-08-17 05:50:04 - schedule_config - DEBUG - Schedule 4: Every 60 minutes for 6 package(s): [3, 4, 5, 6, 7, 8]
2025-08-17 05:50:04 - schedule_config - DEBUG - Schedule 5: Every 180 minutes for 9 package(s): [9, 10, 11, 12, 13, 14, 15, 16, 17]
2025-08-17 05:50:14 - schedule_config - DEBUG - Logger initialized for schedule_config at level DEBUG
2025-08-17 05:50:14 - schedule_config - INFO - Loading schedule configuration
2025-08-17 05:50:14 - schedule_config - INFO - Schedule configuration loaded: 5 schedules defined
2025-08-17 05:50:14 - schedule_config - INFO - Batch size set to: 50 coins per package
2025-08-17 05:50:14 - schedule_config - DEBUG - Schedule 1: Every 5 minutes for 1 package(s): [0]
2025-08-17 05:50:14 - schedule_config - DEBUG - Schedule 2: Every 10 minutes for 1 package(s): [1]
2025-08-17 05:50:14 - schedule_config - DEBUG - Schedule 3: Every 15 minutes for 1 package(s): [2]
2025-08-17 05:50:14 - schedule_config - DEBUG - Schedule 4: Every 60 minutes for 6 package(s): [3, 4, 5, 6, 7, 8]
2025-08-17 05:50:14 - schedule_config - DEBUG - Schedule 5: Every 180 minutes for 9 package(s): [9, 10, 11, 12, 13, 14, 15, 16, 17]
2025-08-17 05:52:26 - schedule_config - DEBUG - Logger initialized for schedule_config at level DEBUG
2025-08-17 05:52:26 - schedule_config - INFO - Loading schedule configuration
2025-08-17 05:52:26 - schedule_config - INFO - Schedule configuration loaded: 5 schedules defined
2025-08-17 05:52:26 - schedule_config - INFO - Batch size set to: 50 coins per package
2025-08-17 05:52:26 - schedule_config - DEBUG - Schedule 1: Every 5 minutes for 1 package(s): [0]
2025-08-17 05:52:26 - schedule_config - DEBUG - Schedule 2: Every 10 minutes for 1 package(s): [1]
2025-08-17 05:52:26 - schedule_config - DEBUG - Schedule 3: Every 15 minutes for 1 package(s): [2]
2025-08-17 05:52:26 - schedule_config - DEBUG - Schedule 4: Every 60 minutes for 6 package(s): [3, 4, 5, 6, 7, 8]
2025-08-17 05:52:26 - schedule_config - DEBUG - Schedule 5: Every 180 minutes for 9 package(s): [9, 10, 11, 12, 13, 14, 15, 16, 17]
2025-08-17 05:52:31 - schedule_config - DEBUG - Logger initialized for schedule_config at level DEBUG
2025-08-17 05:52:31 - schedule_config - INFO - Loading schedule configuration
2025-08-17 05:52:31 - schedule_config - INFO - Schedule configuration loaded: 5 schedules defined
2025-08-17 05:52:31 - schedule_config - INFO - Batch size set to: 50 coins per package
2025-08-17 05:52:31 - schedule_config - DEBUG - Schedule 1: Every 5 minutes for 1 package(s): [0]
2025-08-17 05:52:31 - schedule_config - DEBUG - Schedule 2: Every 10 minutes for 1 package(s): [1]
2025-08-17 05:52:31 - schedule_config - DEBUG - Schedule 3: Every 15 minutes for 1 package(s): [2]
2025-08-17 05:52:31 - schedule_config - DEBUG - Schedule 4: Every 60 minutes for 6 package(s): [3, 4, 5, 6, 7, 8]
2025-08-17 05:52:31 - schedule_config - DEBUG - Schedule 5: Every 180 minutes for 9 package(s): [9, 10, 11, 12, 13, 14, 15, 16, 17]
2025-08-17 05:54:45 - schedule_config - DEBUG - Logger initialized for schedule_config at level DEBUG
2025-08-17 05:54:45 - schedule_config - INFO - Loading schedule configuration
2025-08-17 05:54:45 - schedule_config - INFO - Schedule configuration loaded: 5 schedules defined
2025-08-17 05:54:45 - schedule_config - INFO - Batch size set to: 50 coins per package
2025-08-17 05:54:45 - schedule_config - DEBUG - Schedule 1: Every 5 minutes for 1 package(s): [0]
2025-08-17 05:54:45 - schedule_config - DEBUG - Schedule 2: Every 10 minutes for 1 package(s): [1]
2025-08-17 05:54:45 - schedule_config - DEBUG - Schedule 3: Every 15 minutes for 1 package(s): [2]
2025-08-17 05:54:45 - schedule_config - DEBUG - Schedule 4: Every 60 minutes for 6 package(s): [3, 4, 5, 6, 7, 8]
2025-08-17 05:54:45 - schedule_config - DEBUG - Schedule 5: Every 180 minutes for 9 package(s): [9, 10, 11, 12, 13, 14, 15, 16, 17]
2025-08-17 05:56:57 - schedule_config - DEBUG - Logger initialized for schedule_config at level DEBUG
2025-08-17 05:56:57 - schedule_config - INFO - Loading schedule configuration
2025-08-17 05:56:57 - schedule_config - INFO - Schedule configuration loaded: 5 schedules defined
2025-08-17 05:56:57 - schedule_config - INFO - Batch size set to: 50 coins per package
2025-08-17 05:56:57 - schedule_config - DEBUG - Schedule 1: Every 5 minutes for 1 package(s): [0]
2025-08-17 05:56:57 - schedule_config - DEBUG - Schedule 2: Every 10 minutes for 1 package(s): [1]
2025-08-17 05:56:57 - schedule_config - DEBUG - Schedule 3: Every 15 minutes for 1 package(s): [2]
2025-08-17 05:56:57 - schedule_config - DEBUG - Schedule 4: Every 60 minutes for 6 package(s): [3, 4, 5, 6, 7, 8]
2025-08-17 05:56:57 - schedule_config - DEBUG - Schedule 5: Every 180 minutes for 9 package(s): [9, 10, 11, 12, 13, 14, 15, 16, 17]
2025-08-17 05:59:08 - schedule_config - DEBUG - Logger initialized for schedule_config at level DEBUG
2025-08-17 05:59:08 - schedule_config - INFO - Loading schedule configuration
2025-08-17 05:59:08 - schedule_config - INFO - Schedule configuration loaded: 5 schedules defined
2025-08-17 05:59:08 - schedule_config - INFO - Batch size set to: 50 coins per package
2025-08-17 05:59:08 - schedule_config - DEBUG - Schedule 1: Every 5 minutes for 1 package(s): [0]
2025-08-17 05:59:08 - schedule_config - DEBUG - Schedule 2: Every 10 minutes for 1 package(s): [1]
2025-08-17 05:59:08 - schedule_config - DEBUG - Schedule 3: Every 15 minutes for 1 package(s): [2]
2025-08-17 05:59:08 - schedule_config - DEBUG - Schedule 4: Every 60 minutes for 6 package(s): [3, 4, 5, 6, 7, 8]
2025-08-17 05:59:08 - schedule_config - DEBUG - Schedule 5: Every 180 minutes for 9 package(s): [9, 10, 11, 12, 13, 14, 15, 16, 17]
2025-08-17 06:01:23 - schedule_config - DEBUG - Logger initialized for schedule_config at level DEBUG
2025-08-17 06:01:23 - schedule_config - INFO - Loading schedule configuration
2025-08-17 06:01:23 - schedule_config - INFO - Schedule configuration loaded: 5 schedules defined
2025-08-17 06:01:23 - schedule_config - INFO - Batch size set to: 50 coins per package
2025-08-17 06:01:23 - schedule_config - DEBUG - Schedule 1: Every 5 minutes for 1 package(s): [0]
2025-08-17 06:01:23 - schedule_config - DEBUG - Schedule 2: Every 10 minutes for 1 package(s): [1]
2025-08-17 06:01:23 - schedule_config - DEBUG - Schedule 3: Every 15 minutes for 1 package(s): [2]
2025-08-17 06:01:23 - schedule_config - DEBUG - Schedule 4: Every 60 minutes for 6 package(s): [3, 4, 5, 6, 7, 8]
2025-08-17 06:01:23 - schedule_config - DEBUG - Schedule 5: Every 180 minutes for 9 package(s): [9, 10, 11, 12, 13, 14, 15, 16, 17]
2025-08-17 06:03:38 - schedule_config - DEBUG - Logger initialized for schedule_config at level DEBUG
2025-08-17 06:03:38 - schedule_config - INFO - Loading schedule configuration
2025-08-17 06:03:38 - schedule_config - INFO - Schedule configuration loaded: 5 schedules defined
2025-08-17 06:03:38 - schedule_config - INFO - Batch size set to: 50 coins per package
2025-08-17 06:03:38 - schedule_config - DEBUG - Schedule 1: Every 5 minutes for 1 package(s): [0]
2025-08-17 06:03:38 - schedule_config - DEBUG - Schedule 2: Every 10 minutes for 1 package(s): [1]
2025-08-17 06:03:38 - schedule_config - DEBUG - Schedule 3: Every 15 minutes for 1 package(s): [2]
2025-08-17 06:03:38 - schedule_config - DEBUG - Schedule 4: Every 60 minutes for 6 package(s): [3, 4, 5, 6, 7, 8]
2025-08-17 06:03:38 - schedule_config - DEBUG - Schedule 5: Every 180 minutes for 9 package(s): [9, 10, 11, 12, 13, 14, 15, 16, 17]
2025-08-17 06:05:53 - schedule_config - DEBUG - Logger initialized for schedule_config at level DEBUG
2025-08-17 06:05:53 - schedule_config - INFO - Loading schedule configuration
2025-08-17 06:05:53 - schedule_config - INFO - Schedule configuration loaded: 5 schedules defined
2025-08-17 06:05:53 - schedule_config - INFO - Batch size set to: 50 coins per package
2025-08-17 06:05:53 - schedule_config - DEBUG - Schedule 1: Every 5 minutes for 1 package(s): [0]
2025-08-17 06:05:53 - schedule_config - DEBUG - Schedule 2: Every 10 minutes for 1 package(s): [1]
2025-08-17 06:05:53 - schedule_config - DEBUG - Schedule 3: Every 15 minutes for 1 package(s): [2]
2025-08-17 06:05:53 - schedule_config - DEBUG - Schedule 4: Every 60 minutes for 6 package(s): [3, 4, 5, 6, 7, 8]
2025-08-17 06:05:53 - schedule_config - DEBUG - Schedule 5: Every 180 minutes for 9 package(s): [9, 10, 11, 12, 13, 14, 15, 16, 17]
2025-08-17 06:08:04 - schedule_config - DEBUG - Logger initialized for schedule_config at level DEBUG
2025-08-17 06:08:04 - schedule_config - INFO - Loading schedule configuration
2025-08-17 06:08:04 - schedule_config - INFO - Schedule configuration loaded: 5 schedules defined
2025-08-17 06:08:04 - schedule_config - INFO - Batch size set to: 50 coins per package
2025-08-17 06:08:04 - schedule_config - DEBUG - Schedule 1: Every 5 minutes for 1 package(s): [0]
2025-08-17 06:08:04 - schedule_config - DEBUG - Schedule 2: Every 10 minutes for 1 package(s): [1]
2025-08-17 06:08:04 - schedule_config - DEBUG - Schedule 3: Every 15 minutes for 1 package(s): [2]
2025-08-17 06:08:04 - schedule_config - DEBUG - Schedule 4: Every 60 minutes for 6 package(s): [3, 4, 5, 6, 7, 8]
2025-08-17 06:08:04 - schedule_config - DEBUG - Schedule 5: Every 180 minutes for 9 package(s): [9, 10, 11, 12, 13, 14, 15, 16, 17]
2025-08-17 06:10:19 - schedule_config - DEBUG - Logger initialized for schedule_config at level DEBUG
2025-08-17 06:10:19 - schedule_config - INFO - Loading schedule configuration
2025-08-17 06:10:19 - schedule_config - INFO - Schedule configuration loaded: 5 schedules defined
2025-08-17 06:10:19 - schedule_config - INFO - Batch size set to: 50 coins per package
2025-08-17 06:10:19 - schedule_config - DEBUG - Schedule 1: Every 5 minutes for 1 package(s): [0]
2025-08-17 06:10:19 - schedule_config - DEBUG - Schedule 2: Every 10 minutes for 1 package(s): [1]
2025-08-17 06:10:19 - schedule_config - DEBUG - Schedule 3: Every 15 minutes for 1 package(s): [2]
2025-08-17 06:10:19 - schedule_config - DEBUG - Schedule 4: Every 60 minutes for 6 package(s): [3, 4, 5, 6, 7, 8]
2025-08-17 06:10:19 - schedule_config - DEBUG - Schedule 5: Every 180 minutes for 9 package(s): [9, 10, 11, 12, 13, 14, 15, 16, 17]
2025-08-17 06:12:30 - schedule_config - DEBUG - Logger initialized for schedule_config at level DEBUG
2025-08-17 06:12:30 - schedule_config - INFO - Loading schedule configuration
2025-08-17 06:12:30 - schedule_config - INFO - Schedule configuration loaded: 5 schedules defined
2025-08-17 06:12:30 - schedule_config - INFO - Batch size set to: 50 coins per package
2025-08-17 06:12:30 - schedule_config - DEBUG - Schedule 1: Every 5 minutes for 1 package(s): [0]
2025-08-17 06:12:30 - schedule_config - DEBUG - Schedule 2: Every 10 minutes for 1 package(s): [1]
2025-08-17 06:12:30 - schedule_config - DEBUG - Schedule 3: Every 15 minutes for 1 package(s): [2]
2025-08-17 06:12:30 - schedule_config - DEBUG - Schedule 4: Every 60 minutes for 6 package(s): [3, 4, 5, 6, 7, 8]
2025-08-17 06:12:30 - schedule_config - DEBUG - Schedule 5: Every 180 minutes for 9 package(s): [9, 10, 11, 12, 13, 14, 15, 16, 17]
2025-08-17 06:14:41 - schedule_config - DEBUG - Logger initialized for schedule_config at level DEBUG
2025-08-17 06:14:41 - schedule_config - INFO - Loading schedule configuration
2025-08-17 06:14:41 - schedule_config - INFO - Schedule configuration loaded: 5 schedules defined
2025-08-17 06:14:41 - schedule_config - INFO - Batch size set to: 50 coins per package
2025-08-17 06:14:41 - schedule_config - DEBUG - Schedule 1: Every 5 minutes for 1 package(s): [0]
2025-08-17 06:14:41 - schedule_config - DEBUG - Schedule 2: Every 10 minutes for 1 package(s): [1]
2025-08-17 06:14:41 - schedule_config - DEBUG - Schedule 3: Every 15 minutes for 1 package(s): [2]
2025-08-17 06:14:41 - schedule_config - DEBUG - Schedule 4: Every 60 minutes for 6 package(s): [3, 4, 5, 6, 7, 8]
2025-08-17 06:14:41 - schedule_config - DEBUG - Schedule 5: Every 180 minutes for 9 package(s): [9, 10, 11, 12, 13, 14, 15, 16, 17]
2025-08-17 06:16:53 - schedule_config - DEBUG - Logger initialized for schedule_config at level DEBUG
2025-08-17 06:16:53 - schedule_config - INFO - Loading schedule configuration
2025-08-17 06:16:53 - schedule_config - INFO - Schedule configuration loaded: 5 schedules defined
2025-08-17 06:16:53 - schedule_config - INFO - Batch size set to: 50 coins per package
2025-08-17 06:16:53 - schedule_config - DEBUG - Schedule 1: Every 5 minutes for 1 package(s): [0]
2025-08-17 06:16:53 - schedule_config - DEBUG - Schedule 2: Every 10 minutes for 1 package(s): [1]
2025-08-17 06:16:53 - schedule_config - DEBUG - Schedule 3: Every 15 minutes for 1 package(s): [2]
2025-08-17 06:16:53 - schedule_config - DEBUG - Schedule 4: Every 60 minutes for 6 package(s): [3, 4, 5, 6, 7, 8]
2025-08-17 06:16:53 - schedule_config - DEBUG - Schedule 5: Every 180 minutes for 9 package(s): [9, 10, 11, 12, 13, 14, 15, 16, 17]
2025-08-17 06:19:08 - schedule_config - DEBUG - Logger initialized for schedule_config at level DEBUG
2025-08-17 06:19:08 - schedule_config - INFO - Loading schedule configuration
2025-08-17 06:19:08 - schedule_config - INFO - Schedule configuration loaded: 5 schedules defined
2025-08-17 06:19:08 - schedule_config - INFO - Batch size set to: 50 coins per package
2025-08-17 06:19:08 - schedule_config - DEBUG - Schedule 1: Every 5 minutes for 1 package(s): [0]
2025-08-17 06:19:08 - schedule_config - DEBUG - Schedule 2: Every 10 minutes for 1 package(s): [1]
2025-08-17 06:19:08 - schedule_config - DEBUG - Schedule 3: Every 15 minutes for 1 package(s): [2]
2025-08-17 06:19:08 - schedule_config - DEBUG - Schedule 4: Every 60 minutes for 6 package(s): [3, 4, 5, 6, 7, 8]
2025-08-17 06:19:08 - schedule_config - DEBUG - Schedule 5: Every 180 minutes for 9 package(s): [9, 10, 11, 12, 13, 14, 15, 16, 17]
2025-08-17 06:21:23 - schedule_config - DEBUG - Logger initialized for schedule_config at level DEBUG
2025-08-17 06:21:23 - schedule_config - INFO - Loading schedule configuration
2025-08-17 06:21:23 - schedule_config - INFO - Schedule configuration loaded: 5 schedules defined
2025-08-17 06:21:23 - schedule_config - INFO - Batch size set to: 50 coins per package
2025-08-17 06:21:23 - schedule_config - DEBUG - Schedule 1: Every 5 minutes for 1 package(s): [0]
2025-08-17 06:21:23 - schedule_config - DEBUG - Schedule 2: Every 10 minutes for 1 package(s): [1]
2025-08-17 06:21:23 - schedule_config - DEBUG - Schedule 3: Every 15 minutes for 1 package(s): [2]
2025-08-17 06:21:23 - schedule_config - DEBUG - Schedule 4: Every 60 minutes for 6 package(s): [3, 4, 5, 6, 7, 8]
2025-08-17 06:21:23 - schedule_config - DEBUG - Schedule 5: Every 180 minutes for 9 package(s): [9, 10, 11, 12, 13, 14, 15, 16, 17]
2025-08-17 06:23:34 - schedule_config - DEBUG - Logger initialized for schedule_config at level DEBUG
2025-08-17 06:23:34 - schedule_config - INFO - Loading schedule configuration
2025-08-17 06:23:34 - schedule_config - INFO - Schedule configuration loaded: 5 schedules defined
2025-08-17 06:23:34 - schedule_config - INFO - Batch size set to: 50 coins per package
2025-08-17 06:23:34 - schedule_config - DEBUG - Schedule 1: Every 5 minutes for 1 package(s): [0]
2025-08-17 06:23:34 - schedule_config - DEBUG - Schedule 2: Every 10 minutes for 1 package(s): [1]
2025-08-17 06:23:34 - schedule_config - DEBUG - Schedule 3: Every 15 minutes for 1 package(s): [2]
2025-08-17 06:23:34 - schedule_config - DEBUG - Schedule 4: Every 60 minutes for 6 package(s): [3, 4, 5, 6, 7, 8]
2025-08-17 06:23:34 - schedule_config - DEBUG - Schedule 5: Every 180 minutes for 9 package(s): [9, 10, 11, 12, 13, 14, 15, 16, 17]
2025-08-17 06:25:49 - schedule_config - DEBUG - Logger initialized for schedule_config at level DEBUG
2025-08-17 06:25:49 - schedule_config - INFO - Loading schedule configuration
2025-08-17 06:25:49 - schedule_config - INFO - Schedule configuration loaded: 5 schedules defined
2025-08-17 06:25:49 - schedule_config - INFO - Batch size set to: 50 coins per package
2025-08-17 06:25:49 - schedule_config - DEBUG - Schedule 1: Every 5 minutes for 1 package(s): [0]
2025-08-17 06:25:49 - schedule_config - DEBUG - Schedule 2: Every 10 minutes for 1 package(s): [1]
2025-08-17 06:25:49 - schedule_config - DEBUG - Schedule 3: Every 15 minutes for 1 package(s): [2]
2025-08-17 06:25:49 - schedule_config - DEBUG - Schedule 4: Every 60 minutes for 6 package(s): [3, 4, 5, 6, 7, 8]
2025-08-17 06:25:49 - schedule_config - DEBUG - Schedule 5: Every 180 minutes for 9 package(s): [9, 10, 11, 12, 13, 14, 15, 16, 17]
2025-08-17 06:28:00 - schedule_config - DEBUG - Logger initialized for schedule_config at level DEBUG
2025-08-17 06:28:00 - schedule_config - INFO - Loading schedule configuration
2025-08-17 06:28:00 - schedule_config - INFO - Schedule configuration loaded: 5 schedules defined
2025-08-17 06:28:00 - schedule_config - INFO - Batch size set to: 50 coins per package
2025-08-17 06:28:00 - schedule_config - DEBUG - Schedule 1: Every 5 minutes for 1 package(s): [0]
2025-08-17 06:28:00 - schedule_config - DEBUG - Schedule 2: Every 10 minutes for 1 package(s): [1]
2025-08-17 06:28:00 - schedule_config - DEBUG - Schedule 3: Every 15 minutes for 1 package(s): [2]
2025-08-17 06:28:00 - schedule_config - DEBUG - Schedule 4: Every 60 minutes for 6 package(s): [3, 4, 5, 6, 7, 8]
2025-08-17 06:28:00 - schedule_config - DEBUG - Schedule 5: Every 180 minutes for 9 package(s): [9, 10, 11, 12, 13, 14, 15, 16, 17]
2025-08-17 06:28:03 - schedule_config - DEBUG - Logger initialized for schedule_config at level DEBUG
2025-08-17 06:28:03 - schedule_config - INFO - Loading schedule configuration
2025-08-17 06:28:03 - schedule_config - INFO - Schedule configuration loaded: 5 schedules defined
2025-08-17 06:28:03 - schedule_config - INFO - Batch size set to: 50 coins per package
2025-08-17 06:28:03 - schedule_config - DEBUG - Schedule 1: Every 5 minutes for 1 package(s): [0]
2025-08-17 06:28:03 - schedule_config - DEBUG - Schedule 2: Every 10 minutes for 1 package(s): [1]
2025-08-17 06:28:03 - schedule_config - DEBUG - Schedule 3: Every 15 minutes for 1 package(s): [2]
2025-08-17 06:28:03 - schedule_config - DEBUG - Schedule 4: Every 60 minutes for 6 package(s): [3, 4, 5, 6, 7, 8]
2025-08-17 06:28:03 - schedule_config - DEBUG - Schedule 5: Every 180 minutes for 9 package(s): [9, 10, 11, 12, 13, 14, 15, 16, 17]
2025-08-17 06:30:16 - schedule_config - DEBUG - Logger initialized for schedule_config at level DEBUG
2025-08-17 06:30:16 - schedule_config - INFO - Loading schedule configuration
2025-08-17 06:30:16 - schedule_config - INFO - Schedule configuration loaded: 5 schedules defined
2025-08-17 06:30:16 - schedule_config - INFO - Batch size set to: 50 coins per package
2025-08-17 06:30:16 - schedule_config - DEBUG - Schedule 1: Every 5 minutes for 1 package(s): [0]
2025-08-17 06:30:16 - schedule_config - DEBUG - Schedule 2: Every 10 minutes for 1 package(s): [1]
2025-08-17 06:30:16 - schedule_config - DEBUG - Schedule 3: Every 15 minutes for 1 package(s): [2]
2025-08-17 06:30:16 - schedule_config - DEBUG - Schedule 4: Every 60 minutes for 6 package(s): [3, 4, 5, 6, 7, 8]
2025-08-17 06:30:16 - schedule_config - DEBUG - Schedule 5: Every 180 minutes for 9 package(s): [9, 10, 11, 12, 13, 14, 15, 16, 17]
2025-08-17 06:32:31 - schedule_config - DEBUG - Logger initialized for schedule_config at level DEBUG
2025-08-17 06:32:31 - schedule_config - INFO - Loading schedule configuration
2025-08-17 06:32:31 - schedule_config - INFO - Schedule configuration loaded: 5 schedules defined
2025-08-17 06:32:31 - schedule_config - INFO - Batch size set to: 50 coins per package
2025-08-17 06:32:31 - schedule_config - DEBUG - Schedule 1: Every 5 minutes for 1 package(s): [0]
2025-08-17 06:32:31 - schedule_config - DEBUG - Schedule 2: Every 10 minutes for 1 package(s): [1]
2025-08-17 06:32:31 - schedule_config - DEBUG - Schedule 3: Every 15 minutes for 1 package(s): [2]
2025-08-17 06:32:31 - schedule_config - DEBUG - Schedule 4: Every 60 minutes for 6 package(s): [3, 4, 5, 6, 7, 8]
2025-08-17 06:32:31 - schedule_config - DEBUG - Schedule 5: Every 180 minutes for 9 package(s): [9, 10, 11, 12, 13, 14, 15, 16, 17]
2025-08-17 06:34:42 - schedule_config - DEBUG - Logger initialized for schedule_config at level DEBUG
2025-08-17 06:34:42 - schedule_config - INFO - Loading schedule configuration
2025-08-17 06:34:42 - schedule_config - INFO - Schedule configuration loaded: 5 schedules defined
2025-08-17 06:34:42 - schedule_config - INFO - Batch size set to: 50 coins per package
2025-08-17 06:34:42 - schedule_config - DEBUG - Schedule 1: Every 5 minutes for 1 package(s): [0]
2025-08-17 06:34:42 - schedule_config - DEBUG - Schedule 2: Every 10 minutes for 1 package(s): [1]
2025-08-17 06:34:42 - schedule_config - DEBUG - Schedule 3: Every 15 minutes for 1 package(s): [2]
2025-08-17 06:34:42 - schedule_config - DEBUG - Schedule 4: Every 60 minutes for 6 package(s): [3, 4, 5, 6, 7, 8]
2025-08-17 06:34:42 - schedule_config - DEBUG - Schedule 5: Every 180 minutes for 9 package(s): [9, 10, 11, 12, 13, 14, 15, 16, 17]
2025-08-17 06:36:57 - schedule_config - DEBUG - Logger initialized for schedule_config at level DEBUG
2025-08-17 06:36:57 - schedule_config - INFO - Loading schedule configuration
2025-08-17 06:36:57 - schedule_config - INFO - Schedule configuration loaded: 5 schedules defined
2025-08-17 06:36:57 - schedule_config - INFO - Batch size set to: 50 coins per package
2025-08-17 06:36:57 - schedule_config - DEBUG - Schedule 1: Every 5 minutes for 1 package(s): [0]
2025-08-17 06:36:57 - schedule_config - DEBUG - Schedule 2: Every 10 minutes for 1 package(s): [1]
2025-08-17 06:36:57 - schedule_config - DEBUG - Schedule 3: Every 15 minutes for 1 package(s): [2]
2025-08-17 06:36:57 - schedule_config - DEBUG - Schedule 4: Every 60 minutes for 6 package(s): [3, 4, 5, 6, 7, 8]
2025-08-17 06:36:57 - schedule_config - DEBUG - Schedule 5: Every 180 minutes for 9 package(s): [9, 10, 11, 12, 13, 14, 15, 16, 17]
2025-08-17 06:39:08 - schedule_config - DEBUG - Logger initialized for schedule_config at level DEBUG
2025-08-17 06:39:08 - schedule_config - INFO - Loading schedule configuration
2025-08-17 06:39:08 - schedule_config - INFO - Schedule configuration loaded: 5 schedules defined
2025-08-17 06:39:08 - schedule_config - INFO - Batch size set to: 50 coins per package
2025-08-17 06:39:08 - schedule_config - DEBUG - Schedule 1: Every 5 minutes for 1 package(s): [0]
2025-08-17 06:39:08 - schedule_config - DEBUG - Schedule 2: Every 10 minutes for 1 package(s): [1]
2025-08-17 06:39:08 - schedule_config - DEBUG - Schedule 3: Every 15 minutes for 1 package(s): [2]
2025-08-17 06:39:08 - schedule_config - DEBUG - Schedule 4: Every 60 minutes for 6 package(s): [3, 4, 5, 6, 7, 8]
2025-08-17 06:39:08 - schedule_config - DEBUG - Schedule 5: Every 180 minutes for 9 package(s): [9, 10, 11, 12, 13, 14, 15, 16, 17]
2025-08-17 06:41:23 - schedule_config - DEBUG - Logger initialized for schedule_config at level DEBUG
2025-08-17 06:41:23 - schedule_config - INFO - Loading schedule configuration
2025-08-17 06:41:23 - schedule_config - INFO - Schedule configuration loaded: 5 schedules defined
2025-08-17 06:41:23 - schedule_config - INFO - Batch size set to: 50 coins per package
2025-08-17 06:41:23 - schedule_config - DEBUG - Schedule 1: Every 5 minutes for 1 package(s): [0]
2025-08-17 06:41:23 - schedule_config - DEBUG - Schedule 2: Every 10 minutes for 1 package(s): [1]
2025-08-17 06:41:23 - schedule_config - DEBUG - Schedule 3: Every 15 minutes for 1 package(s): [2]
2025-08-17 06:41:23 - schedule_config - DEBUG - Schedule 4: Every 60 minutes for 6 package(s): [3, 4, 5, 6, 7, 8]
2025-08-17 06:41:23 - schedule_config - DEBUG - Schedule 5: Every 180 minutes for 9 package(s): [9, 10, 11, 12, 13, 14, 15, 16, 17]
2025-08-17 06:43:34 - schedule_config - DEBUG - Logger initialized for schedule_config at level DEBUG
2025-08-17 06:43:34 - schedule_config - INFO - Loading schedule configuration
2025-08-17 06:43:34 - schedule_config - INFO - Schedule configuration loaded: 5 schedules defined
2025-08-17 06:43:34 - schedule_config - INFO - Batch size set to: 50 coins per package
2025-08-17 06:43:34 - schedule_config - DEBUG - Schedule 1: Every 5 minutes for 1 package(s): [0]
2025-08-17 06:43:34 - schedule_config - DEBUG - Schedule 2: Every 10 minutes for 1 package(s): [1]
2025-08-17 06:43:34 - schedule_config - DEBUG - Schedule 3: Every 15 minutes for 1 package(s): [2]
2025-08-17 06:43:34 - schedule_config - DEBUG - Schedule 4: Every 60 minutes for 6 package(s): [3, 4, 5, 6, 7, 8]
2025-08-17 06:43:34 - schedule_config - DEBUG - Schedule 5: Every 180 minutes for 9 package(s): [9, 10, 11, 12, 13, 14, 15, 16, 17]
2025-08-17 06:45:45 - schedule_config - DEBUG - Logger initialized for schedule_config at level DEBUG
2025-08-17 06:45:45 - schedule_config - INFO - Loading schedule configuration
2025-08-17 06:45:45 - schedule_config - INFO - Schedule configuration loaded: 5 schedules defined
2025-08-17 06:45:45 - schedule_config - INFO - Batch size set to: 50 coins per package
2025-08-17 06:45:45 - schedule_config - DEBUG - Schedule 1: Every 5 minutes for 1 package(s): [0]
2025-08-17 06:45:45 - schedule_config - DEBUG - Schedule 2: Every 10 minutes for 1 package(s): [1]
2025-08-17 06:45:45 - schedule_config - DEBUG - Schedule 3: Every 15 minutes for 1 package(s): [2]
2025-08-17 06:45:45 - schedule_config - DEBUG - Schedule 4: Every 60 minutes for 6 package(s): [3, 4, 5, 6, 7, 8]
2025-08-17 06:45:45 - schedule_config - DEBUG - Schedule 5: Every 180 minutes for 9 package(s): [9, 10, 11, 12, 13, 14, 15, 16, 17]
2025-08-17 06:47:56 - schedule_config - DEBUG - Logger initialized for schedule_config at level DEBUG
2025-08-17 06:47:56 - schedule_config - INFO - Loading schedule configuration
2025-08-17 06:47:56 - schedule_config - INFO - Schedule configuration loaded: 5 schedules defined
2025-08-17 06:47:56 - schedule_config - INFO - Batch size set to: 50 coins per package
2025-08-17 06:47:56 - schedule_config - DEBUG - Schedule 1: Every 5 minutes for 1 package(s): [0]
2025-08-17 06:47:56 - schedule_config - DEBUG - Schedule 2: Every 10 minutes for 1 package(s): [1]
2025-08-17 06:47:56 - schedule_config - DEBUG - Schedule 3: Every 15 minutes for 1 package(s): [2]
2025-08-17 06:47:56 - schedule_config - DEBUG - Schedule 4: Every 60 minutes for 6 package(s): [3, 4, 5, 6, 7, 8]
2025-08-17 06:47:56 - schedule_config - DEBUG - Schedule 5: Every 180 minutes for 9 package(s): [9, 10, 11, 12, 13, 14, 15, 16, 17]
2025-08-17 06:50:08 - schedule_config - DEBUG - Logger initialized for schedule_config at level DEBUG
2025-08-17 06:50:08 - schedule_config - INFO - Loading schedule configuration
2025-08-17 06:50:08 - schedule_config - INFO - Schedule configuration loaded: 5 schedules defined
2025-08-17 06:50:08 - schedule_config - INFO - Batch size set to: 50 coins per package
2025-08-17 06:50:08 - schedule_config - DEBUG - Schedule 1: Every 5 minutes for 1 package(s): [0]
2025-08-17 06:50:08 - schedule_config - DEBUG - Schedule 2: Every 10 minutes for 1 package(s): [1]
2025-08-17 06:50:08 - schedule_config - DEBUG - Schedule 3: Every 15 minutes for 1 package(s): [2]
2025-08-17 06:50:08 - schedule_config - DEBUG - Schedule 4: Every 60 minutes for 6 package(s): [3, 4, 5, 6, 7, 8]
2025-08-17 06:50:08 - schedule_config - DEBUG - Schedule 5: Every 180 minutes for 9 package(s): [9, 10, 11, 12, 13, 14, 15, 16, 17]
2025-08-17 06:52:22 - schedule_config - DEBUG - Logger initialized for schedule_config at level DEBUG
2025-08-17 06:52:22 - schedule_config - INFO - Loading schedule configuration
2025-08-17 06:52:22 - schedule_config - INFO - Schedule configuration loaded: 5 schedules defined
2025-08-17 06:52:22 - schedule_config - INFO - Batch size set to: 50 coins per package
2025-08-17 06:52:22 - schedule_config - DEBUG - Schedule 1: Every 5 minutes for 1 package(s): [0]
2025-08-17 06:52:22 - schedule_config - DEBUG - Schedule 2: Every 10 minutes for 1 package(s): [1]
2025-08-17 06:52:22 - schedule_config - DEBUG - Schedule 3: Every 15 minutes for 1 package(s): [2]
2025-08-17 06:52:22 - schedule_config - DEBUG - Schedule 4: Every 60 minutes for 6 package(s): [3, 4, 5, 6, 7, 8]
2025-08-17 06:52:22 - schedule_config - DEBUG - Schedule 5: Every 180 minutes for 9 package(s): [9, 10, 11, 12, 13, 14, 15, 16, 17]
2025-08-17 06:54:33 - schedule_config - DEBUG - Logger initialized for schedule_config at level DEBUG
2025-08-17 06:54:33 - schedule_config - INFO - Loading schedule configuration
2025-08-17 06:54:33 - schedule_config - INFO - Schedule configuration loaded: 5 schedules defined
2025-08-17 06:54:33 - schedule_config - INFO - Batch size set to: 50 coins per package
2025-08-17 06:54:33 - schedule_config - DEBUG - Schedule 1: Every 5 minutes for 1 package(s): [0]
2025-08-17 06:54:33 - schedule_config - DEBUG - Schedule 2: Every 10 minutes for 1 package(s): [1]
2025-08-17 06:54:33 - schedule_config - DEBUG - Schedule 3: Every 15 minutes for 1 package(s): [2]
2025-08-17 06:54:33 - schedule_config - DEBUG - Schedule 4: Every 60 minutes for 6 package(s): [3, 4, 5, 6, 7, 8]
2025-08-17 06:54:33 - schedule_config - DEBUG - Schedule 5: Every 180 minutes for 9 package(s): [9, 10, 11, 12, 13, 14, 15, 16, 17]
2025-08-17 06:56:44 - schedule_config - DEBUG - Logger initialized for schedule_config at level DEBUG
2025-08-17 06:56:44 - schedule_config - INFO - Loading schedule configuration
2025-08-17 06:56:44 - schedule_config - INFO - Schedule configuration loaded: 5 schedules defined
2025-08-17 06:56:44 - schedule_config - INFO - Batch size set to: 50 coins per package
2025-08-17 06:56:44 - schedule_config - DEBUG - Schedule 1: Every 5 minutes for 1 package(s): [0]
2025-08-17 06:56:44 - schedule_config - DEBUG - Schedule 2: Every 10 minutes for 1 package(s): [1]
2025-08-17 06:56:44 - schedule_config - DEBUG - Schedule 3: Every 15 minutes for 1 package(s): [2]
2025-08-17 06:56:44 - schedule_config - DEBUG - Schedule 4: Every 60 minutes for 6 package(s): [3, 4, 5, 6, 7, 8]
2025-08-17 06:56:44 - schedule_config - DEBUG - Schedule 5: Every 180 minutes for 9 package(s): [9, 10, 11, 12, 13, 14, 15, 16, 17]
2025-08-17 06:58:55 - schedule_config - DEBUG - Logger initialized for schedule_config at level DEBUG
2025-08-17 06:58:55 - schedule_config - INFO - Loading schedule configuration
2025-08-17 06:58:55 - schedule_config - INFO - Schedule configuration loaded: 5 schedules defined
2025-08-17 06:58:55 - schedule_config - INFO - Batch size set to: 50 coins per package
2025-08-17 06:58:55 - schedule_config - DEBUG - Schedule 1: Every 5 minutes for 1 package(s): [0]
2025-08-17 06:58:55 - schedule_config - DEBUG - Schedule 2: Every 10 minutes for 1 package(s): [1]
2025-08-17 06:58:55 - schedule_config - DEBUG - Schedule 3: Every 15 minutes for 1 package(s): [2]
2025-08-17 06:58:55 - schedule_config - DEBUG - Schedule 4: Every 60 minutes for 6 package(s): [3, 4, 5, 6, 7, 8]
2025-08-17 06:58:55 - schedule_config - DEBUG - Schedule 5: Every 180 minutes for 9 package(s): [9, 10, 11, 12, 13, 14, 15, 16, 17]
2025-08-17 07:01:07 - schedule_config - DEBUG - Logger initialized for schedule_config at level DEBUG
2025-08-17 07:01:07 - schedule_config - INFO - Loading schedule configuration
2025-08-17 07:01:07 - schedule_config - INFO - Schedule configuration loaded: 5 schedules defined
2025-08-17 07:01:07 - schedule_config - INFO - Batch size set to: 50 coins per package
2025-08-17 07:01:07 - schedule_config - DEBUG - Schedule 1: Every 5 minutes for 1 package(s): [0]
2025-08-17 07:01:07 - schedule_config - DEBUG - Schedule 2: Every 10 minutes for 1 package(s): [1]
2025-08-17 07:01:07 - schedule_config - DEBUG - Schedule 3: Every 15 minutes for 1 package(s): [2]
2025-08-17 07:01:07 - schedule_config - DEBUG - Schedule 4: Every 60 minutes for 6 package(s): [3, 4, 5, 6, 7, 8]
2025-08-17 07:01:07 - schedule_config - DEBUG - Schedule 5: Every 180 minutes for 9 package(s): [9, 10, 11, 12, 13, 14, 15, 16, 17]
2025-08-17 07:03:22 - schedule_config - DEBUG - Logger initialized for schedule_config at level DEBUG
2025-08-17 07:03:22 - schedule_config - INFO - Loading schedule configuration
2025-08-17 07:03:22 - schedule_config - INFO - Schedule configuration loaded: 5 schedules defined
2025-08-17 07:03:22 - schedule_config - INFO - Batch size set to: 50 coins per package
2025-08-17 07:03:22 - schedule_config - DEBUG - Schedule 1: Every 5 minutes for 1 package(s): [0]
2025-08-17 07:03:22 - schedule_config - DEBUG - Schedule 2: Every 10 minutes for 1 package(s): [1]
2025-08-17 07:03:22 - schedule_config - DEBUG - Schedule 3: Every 15 minutes for 1 package(s): [2]
2025-08-17 07:03:22 - schedule_config - DEBUG - Schedule 4: Every 60 minutes for 6 package(s): [3, 4, 5, 6, 7, 8]
2025-08-17 07:03:22 - schedule_config - DEBUG - Schedule 5: Every 180 minutes for 9 package(s): [9, 10, 11, 12, 13, 14, 15, 16, 17]
2025-08-17 07:05:33 - schedule_config - DEBUG - Logger initialized for schedule_config at level DEBUG
2025-08-17 07:05:33 - schedule_config - INFO - Loading schedule configuration
2025-08-17 07:05:33 - schedule_config - INFO - Schedule configuration loaded: 5 schedules defined
2025-08-17 07:05:33 - schedule_config - INFO - Batch size set to: 50 coins per package
2025-08-17 07:05:33 - schedule_config - DEBUG - Schedule 1: Every 5 minutes for 1 package(s): [0]
2025-08-17 07:05:33 - schedule_config - DEBUG - Schedule 2: Every 10 minutes for 1 package(s): [1]
2025-08-17 07:05:33 - schedule_config - DEBUG - Schedule 3: Every 15 minutes for 1 package(s): [2]
2025-08-17 07:05:33 - schedule_config - DEBUG - Schedule 4: Every 60 minutes for 6 package(s): [3, 4, 5, 6, 7, 8]
2025-08-17 07:05:33 - schedule_config - DEBUG - Schedule 5: Every 180 minutes for 9 package(s): [9, 10, 11, 12, 13, 14, 15, 16, 17]
2025-08-17 07:07:44 - schedule_config - DEBUG - Logger initialized for schedule_config at level DEBUG
2025-08-17 07:07:44 - schedule_config - INFO - Loading schedule configuration
2025-08-17 07:07:44 - schedule_config - INFO - Schedule configuration loaded: 5 schedules defined
2025-08-17 07:07:44 - schedule_config - INFO - Batch size set to: 50 coins per package
2025-08-17 07:07:44 - schedule_config - DEBUG - Schedule 1: Every 5 minutes for 1 package(s): [0]
2025-08-17 07:07:44 - schedule_config - DEBUG - Schedule 2: Every 10 minutes for 1 package(s): [1]
2025-08-17 07:07:44 - schedule_config - DEBUG - Schedule 3: Every 15 minutes for 1 package(s): [2]
2025-08-17 07:07:44 - schedule_config - DEBUG - Schedule 4: Every 60 minutes for 6 package(s): [3, 4, 5, 6, 7, 8]
2025-08-17 07:07:44 - schedule_config - DEBUG - Schedule 5: Every 180 minutes for 9 package(s): [9, 10, 11, 12, 13, 14, 15, 16, 17]
2025-08-17 07:09:55 - schedule_config - DEBUG - Logger initialized for schedule_config at level DEBUG
2025-08-17 07:09:55 - schedule_config - INFO - Loading schedule configuration
2025-08-17 07:09:55 - schedule_config - INFO - Schedule configuration loaded: 5 schedules defined
2025-08-17 07:09:55 - schedule_config - INFO - Batch size set to: 50 coins per package
2025-08-17 07:09:55 - schedule_config - DEBUG - Schedule 1: Every 5 minutes for 1 package(s): [0]
2025-08-17 07:09:55 - schedule_config - DEBUG - Schedule 2: Every 10 minutes for 1 package(s): [1]
2025-08-17 07:09:55 - schedule_config - DEBUG - Schedule 3: Every 15 minutes for 1 package(s): [2]
2025-08-17 07:09:55 - schedule_config - DEBUG - Schedule 4: Every 60 minutes for 6 package(s): [3, 4, 5, 6, 7, 8]
2025-08-17 07:09:55 - schedule_config - DEBUG - Schedule 5: Every 180 minutes for 9 package(s): [9, 10, 11, 12, 13, 14, 15, 16, 17]
2025-08-17 07:12:06 - schedule_config - DEBUG - Logger initialized for schedule_config at level DEBUG
2025-08-17 07:12:06 - schedule_config - INFO - Loading schedule configuration
2025-08-17 07:12:06 - schedule_config - INFO - Schedule configuration loaded: 5 schedules defined
2025-08-17 07:12:06 - schedule_config - INFO - Batch size set to: 50 coins per package
2025-08-17 07:12:06 - schedule_config - DEBUG - Schedule 1: Every 5 minutes for 1 package(s): [0]
2025-08-17 07:12:06 - schedule_config - DEBUG - Schedule 2: Every 10 minutes for 1 package(s): [1]
2025-08-17 07:12:06 - schedule_config - DEBUG - Schedule 3: Every 15 minutes for 1 package(s): [2]
2025-08-17 07:12:06 - schedule_config - DEBUG - Schedule 4: Every 60 minutes for 6 package(s): [3, 4, 5, 6, 7, 8]
2025-08-17 07:12:06 - schedule_config - DEBUG - Schedule 5: Every 180 minutes for 9 package(s): [9, 10, 11, 12, 13, 14, 15, 16, 17]
2025-08-17 07:14:17 - schedule_config - DEBUG - Logger initialized for schedule_config at level DEBUG
2025-08-17 07:14:17 - schedule_config - INFO - Loading schedule configuration
2025-08-17 07:14:17 - schedule_config - INFO - Schedule configuration loaded: 5 schedules defined
2025-08-17 07:14:17 - schedule_config - INFO - Batch size set to: 50 coins per package
2025-08-17 07:14:17 - schedule_config - DEBUG - Schedule 1: Every 5 minutes for 1 package(s): [0]
2025-08-17 07:14:17 - schedule_config - DEBUG - Schedule 2: Every 10 minutes for 1 package(s): [1]
2025-08-17 07:14:17 - schedule_config - DEBUG - Schedule 3: Every 15 minutes for 1 package(s): [2]
2025-08-17 07:14:17 - schedule_config - DEBUG - Schedule 4: Every 60 minutes for 6 package(s): [3, 4, 5, 6, 7, 8]
2025-08-17 07:14:17 - schedule_config - DEBUG - Schedule 5: Every 180 minutes for 9 package(s): [9, 10, 11, 12, 13, 14, 15, 16, 17]
2025-08-17 07:16:28 - schedule_config - DEBUG - Logger initialized for schedule_config at level DEBUG
2025-08-17 07:16:28 - schedule_config - INFO - Loading schedule configuration
2025-08-17 07:16:28 - schedule_config - INFO - Schedule configuration loaded: 5 schedules defined
2025-08-17 07:16:28 - schedule_config - INFO - Batch size set to: 50 coins per package
2025-08-17 07:16:28 - schedule_config - DEBUG - Schedule 1: Every 5 minutes for 1 package(s): [0]
2025-08-17 07:16:28 - schedule_config - DEBUG - Schedule 2: Every 10 minutes for 1 package(s): [1]
2025-08-17 07:16:28 - schedule_config - DEBUG - Schedule 3: Every 15 minutes for 1 package(s): [2]
2025-08-17 07:16:28 - schedule_config - DEBUG - Schedule 4: Every 60 minutes for 6 package(s): [3, 4, 5, 6, 7, 8]
2025-08-17 07:16:28 - schedule_config - DEBUG - Schedule 5: Every 180 minutes for 9 package(s): [9, 10, 11, 12, 13, 14, 15, 16, 17]
2025-08-17 07:16:38 - schedule_config - DEBUG - Logger initialized for schedule_config at level DEBUG
2025-08-17 07:16:38 - schedule_config - INFO - Loading schedule configuration
2025-08-17 07:16:38 - schedule_config - INFO - Schedule configuration loaded: 5 schedules defined
2025-08-17 07:16:38 - schedule_config - INFO - Batch size set to: 50 coins per package
2025-08-17 07:16:38 - schedule_config - DEBUG - Schedule 1: Every 5 minutes for 1 package(s): [0]
2025-08-17 07:16:38 - schedule_config - DEBUG - Schedule 2: Every 10 minutes for 1 package(s): [1]
2025-08-17 07:16:38 - schedule_config - DEBUG - Schedule 3: Every 15 minutes for 1 package(s): [2]
2025-08-17 07:16:38 - schedule_config - DEBUG - Schedule 4: Every 60 minutes for 6 package(s): [3, 4, 5, 6, 7, 8]
2025-08-17 07:16:38 - schedule_config - DEBUG - Schedule 5: Every 180 minutes for 9 package(s): [9, 10, 11, 12, 13, 14, 15, 16, 17]
2025-08-17 07:18:52 - schedule_config - DEBUG - Logger initialized for schedule_config at level DEBUG
2025-08-17 07:18:52 - schedule_config - INFO - Loading schedule configuration
2025-08-17 07:18:52 - schedule_config - INFO - Schedule configuration loaded: 5 schedules defined
2025-08-17 07:18:52 - schedule_config - INFO - Batch size set to: 50 coins per package
2025-08-17 07:18:52 - schedule_config - DEBUG - Schedule 1: Every 5 minutes for 1 package(s): [0]
2025-08-17 07:18:52 - schedule_config - DEBUG - Schedule 2: Every 10 minutes for 1 package(s): [1]
2025-08-17 07:18:52 - schedule_config - DEBUG - Schedule 3: Every 15 minutes for 1 package(s): [2]
2025-08-17 07:18:52 - schedule_config - DEBUG - Schedule 4: Every 60 minutes for 6 package(s): [3, 4, 5, 6, 7, 8]
2025-08-17 07:18:52 - schedule_config - DEBUG - Schedule 5: Every 180 minutes for 9 package(s): [9, 10, 11, 12, 13, 14, 15, 16, 17]
2025-08-17 07:18:55 - schedule_config - DEBUG - Logger initialized for schedule_config at level DEBUG
2025-08-17 07:18:55 - schedule_config - INFO - Loading schedule configuration
2025-08-17 07:18:55 - schedule_config - INFO - Schedule configuration loaded: 5 schedules defined
2025-08-17 07:18:55 - schedule_config - INFO - Batch size set to: 50 coins per package
2025-08-17 07:18:55 - schedule_config - DEBUG - Schedule 1: Every 5 minutes for 1 package(s): [0]
2025-08-17 07:18:55 - schedule_config - DEBUG - Schedule 2: Every 10 minutes for 1 package(s): [1]
2025-08-17 07:18:55 - schedule_config - DEBUG - Schedule 3: Every 15 minutes for 1 package(s): [2]
2025-08-17 07:18:55 - schedule_config - DEBUG - Schedule 4: Every 60 minutes for 6 package(s): [3, 4, 5, 6, 7, 8]
2025-08-17 07:18:55 - schedule_config - DEBUG - Schedule 5: Every 180 minutes for 9 package(s): [9, 10, 11, 12, 13, 14, 15, 16, 17]
2025-08-17 07:21:07 - schedule_config - DEBUG - Logger initialized for schedule_config at level DEBUG
2025-08-17 07:21:07 - schedule_config - INFO - Loading schedule configuration
2025-08-17 07:21:07 - schedule_config - INFO - Schedule configuration loaded: 5 schedules defined
2025-08-17 07:21:07 - schedule_config - INFO - Batch size set to: 50 coins per package
2025-08-17 07:21:07 - schedule_config - DEBUG - Schedule 1: Every 5 minutes for 1 package(s): [0]
2025-08-17 07:21:07 - schedule_config - DEBUG - Schedule 2: Every 10 minutes for 1 package(s): [1]
2025-08-17 07:21:07 - schedule_config - DEBUG - Schedule 3: Every 15 minutes for 1 package(s): [2]
2025-08-17 07:21:07 - schedule_config - DEBUG - Schedule 4: Every 60 minutes for 6 package(s): [3, 4, 5, 6, 7, 8]
2025-08-17 07:21:07 - schedule_config - DEBUG - Schedule 5: Every 180 minutes for 9 package(s): [9, 10, 11, 12, 13, 14, 15, 16, 17]
2025-08-17 07:23:22 - schedule_config - DEBUG - Logger initialized for schedule_config at level DEBUG
2025-08-17 07:23:22 - schedule_config - INFO - Loading schedule configuration
2025-08-17 07:23:22 - schedule_config - INFO - Schedule configuration loaded: 5 schedules defined
2025-08-17 07:23:22 - schedule_config - INFO - Batch size set to: 50 coins per package
2025-08-17 07:23:22 - schedule_config - DEBUG - Schedule 1: Every 5 minutes for 1 package(s): [0]
2025-08-17 07:23:22 - schedule_config - DEBUG - Schedule 2: Every 10 minutes for 1 package(s): [1]
2025-08-17 07:23:22 - schedule_config - DEBUG - Schedule 3: Every 15 minutes for 1 package(s): [2]
2025-08-17 07:23:22 - schedule_config - DEBUG - Schedule 4: Every 60 minutes for 6 package(s): [3, 4, 5, 6, 7, 8]
2025-08-17 07:23:22 - schedule_config - DEBUG - Schedule 5: Every 180 minutes for 9 package(s): [9, 10, 11, 12, 13, 14, 15, 16, 17]
2025-08-17 07:25:33 - schedule_config - DEBUG - Logger initialized for schedule_config at level DEBUG
2025-08-17 07:25:33 - schedule_config - INFO - Loading schedule configuration
2025-08-17 07:25:33 - schedule_config - INFO - Schedule configuration loaded: 5 schedules defined
2025-08-17 07:25:33 - schedule_config - INFO - Batch size set to: 50 coins per package
2025-08-17 07:25:33 - schedule_config - DEBUG - Schedule 1: Every 5 minutes for 1 package(s): [0]
2025-08-17 07:25:33 - schedule_config - DEBUG - Schedule 2: Every 10 minutes for 1 package(s): [1]
2025-08-17 07:25:33 - schedule_config - DEBUG - Schedule 3: Every 15 minutes for 1 package(s): [2]
2025-08-17 07:25:33 - schedule_config - DEBUG - Schedule 4: Every 60 minutes for 6 package(s): [3, 4, 5, 6, 7, 8]
2025-08-17 07:25:33 - schedule_config - DEBUG - Schedule 5: Every 180 minutes for 9 package(s): [9, 10, 11, 12, 13, 14, 15, 16, 17]
2025-08-17 07:27:44 - schedule_config - DEBUG - Logger initialized for schedule_config at level DEBUG
2025-08-17 07:27:44 - schedule_config - INFO - Loading schedule configuration
2025-08-17 07:27:44 - schedule_config - INFO - Schedule configuration loaded: 5 schedules defined
2025-08-17 07:27:44 - schedule_config - INFO - Batch size set to: 50 coins per package
2025-08-17 07:27:44 - schedule_config - DEBUG - Schedule 1: Every 5 minutes for 1 package(s): [0]
2025-08-17 07:27:44 - schedule_config - DEBUG - Schedule 2: Every 10 minutes for 1 package(s): [1]
2025-08-17 07:27:44 - schedule_config - DEBUG - Schedule 3: Every 15 minutes for 1 package(s): [2]
2025-08-17 07:27:44 - schedule_config - DEBUG - Schedule 4: Every 60 minutes for 6 package(s): [3, 4, 5, 6, 7, 8]
2025-08-17 07:27:44 - schedule_config - DEBUG - Schedule 5: Every 180 minutes for 9 package(s): [9, 10, 11, 12, 13, 14, 15, 16, 17]
2025-08-17 07:30:00 - schedule_config - DEBUG - Logger initialized for schedule_config at level DEBUG
2025-08-17 07:30:00 - schedule_config - INFO - Loading schedule configuration
2025-08-17 07:30:00 - schedule_config - INFO - Schedule configuration loaded: 5 schedules defined
2025-08-17 07:30:00 - schedule_config - INFO - Batch size set to: 50 coins per package
2025-08-17 07:30:00 - schedule_config - DEBUG - Schedule 1: Every 5 minutes for 1 package(s): [0]
2025-08-17 07:30:00 - schedule_config - DEBUG - Schedule 2: Every 10 minutes for 1 package(s): [1]
2025-08-17 07:30:00 - schedule_config - DEBUG - Schedule 3: Every 15 minutes for 1 package(s): [2]
2025-08-17 07:30:00 - schedule_config - DEBUG - Schedule 4: Every 60 minutes for 6 package(s): [3, 4, 5, 6, 7, 8]
2025-08-17 07:30:00 - schedule_config - DEBUG - Schedule 5: Every 180 minutes for 9 package(s): [9, 10, 11, 12, 13, 14, 15, 16, 17]
2025-08-17 07:32:15 - schedule_config - DEBUG - Logger initialized for schedule_config at level DEBUG
2025-08-17 07:32:15 - schedule_config - INFO - Loading schedule configuration
2025-08-17 07:32:15 - schedule_config - INFO - Schedule configuration loaded: 5 schedules defined
2025-08-17 07:32:15 - schedule_config - INFO - Batch size set to: 50 coins per package
2025-08-17 07:32:15 - schedule_config - DEBUG - Schedule 1: Every 5 minutes for 1 package(s): [0]
2025-08-17 07:32:15 - schedule_config - DEBUG - Schedule 2: Every 10 minutes for 1 package(s): [1]
2025-08-17 07:32:15 - schedule_config - DEBUG - Schedule 3: Every 15 minutes for 1 package(s): [2]
2025-08-17 07:32:15 - schedule_config - DEBUG - Schedule 4: Every 60 minutes for 6 package(s): [3, 4, 5, 6, 7, 8]
2025-08-17 07:32:15 - schedule_config - DEBUG - Schedule 5: Every 180 minutes for 9 package(s): [9, 10, 11, 12, 13, 14, 15, 16, 17]
2025-08-17 07:34:25 - schedule_config - DEBUG - Logger initialized for schedule_config at level DEBUG
2025-08-17 07:34:25 - schedule_config - INFO - Loading schedule configuration
2025-08-17 07:34:25 - schedule_config - INFO - Schedule configuration loaded: 5 schedules defined
2025-08-17 07:34:25 - schedule_config - INFO - Batch size set to: 50 coins per package
2025-08-17 07:34:25 - schedule_config - DEBUG - Schedule 1: Every 5 minutes for 1 package(s): [0]
2025-08-17 07:34:25 - schedule_config - DEBUG - Schedule 2: Every 10 minutes for 1 package(s): [1]
2025-08-17 07:34:25 - schedule_config - DEBUG - Schedule 3: Every 15 minutes for 1 package(s): [2]
2025-08-17 07:34:25 - schedule_config - DEBUG - Schedule 4: Every 60 minutes for 6 package(s): [3, 4, 5, 6, 7, 8]
2025-08-17 07:34:25 - schedule_config - DEBUG - Schedule 5: Every 180 minutes for 9 package(s): [9, 10, 11, 12, 13, 14, 15, 16, 17]
2025-08-17 07:36:37 - schedule_config - DEBUG - Logger initialized for schedule_config at level DEBUG
2025-08-17 07:36:37 - schedule_config - INFO - Loading schedule configuration
2025-08-17 07:36:37 - schedule_config - INFO - Schedule configuration loaded: 5 schedules defined
2025-08-17 07:36:37 - schedule_config - INFO - Batch size set to: 50 coins per package
2025-08-17 07:36:37 - schedule_config - DEBUG - Schedule 1: Every 5 minutes for 1 package(s): [0]
2025-08-17 07:36:37 - schedule_config - DEBUG - Schedule 2: Every 10 minutes for 1 package(s): [1]
2025-08-17 07:36:37 - schedule_config - DEBUG - Schedule 3: Every 15 minutes for 1 package(s): [2]
2025-08-17 07:36:37 - schedule_config - DEBUG - Schedule 4: Every 60 minutes for 6 package(s): [3, 4, 5, 6, 7, 8]
2025-08-17 07:36:37 - schedule_config - DEBUG - Schedule 5: Every 180 minutes for 9 package(s): [9, 10, 11, 12, 13, 14, 15, 16, 17]
2025-08-17 07:38:52 - schedule_config - DEBUG - Logger initialized for schedule_config at level DEBUG
2025-08-17 07:38:52 - schedule_config - INFO - Loading schedule configuration
2025-08-17 07:38:52 - schedule_config - INFO - Schedule configuration loaded: 5 schedules defined
2025-08-17 07:38:52 - schedule_config - INFO - Batch size set to: 50 coins per package
2025-08-17 07:38:52 - schedule_config - DEBUG - Schedule 1: Every 5 minutes for 1 package(s): [0]
2025-08-17 07:38:52 - schedule_config - DEBUG - Schedule 2: Every 10 minutes for 1 package(s): [1]
2025-08-17 07:38:52 - schedule_config - DEBUG - Schedule 3: Every 15 minutes for 1 package(s): [2]
2025-08-17 07:38:52 - schedule_config - DEBUG - Schedule 4: Every 60 minutes for 6 package(s): [3, 4, 5, 6, 7, 8]
2025-08-17 07:38:52 - schedule_config - DEBUG - Schedule 5: Every 180 minutes for 9 package(s): [9, 10, 11, 12, 13, 14, 15, 16, 17]
2025-08-17 07:41:03 - schedule_config - DEBUG - Logger initialized for schedule_config at level DEBUG
2025-08-17 07:41:03 - schedule_config - INFO - Loading schedule configuration
2025-08-17 07:41:03 - schedule_config - INFO - Schedule configuration loaded: 5 schedules defined
2025-08-17 07:41:03 - schedule_config - INFO - Batch size set to: 50 coins per package
2025-08-17 07:41:03 - schedule_config - DEBUG - Schedule 1: Every 5 minutes for 1 package(s): [0]
2025-08-17 07:41:03 - schedule_config - DEBUG - Schedule 2: Every 10 minutes for 1 package(s): [1]
2025-08-17 07:41:03 - schedule_config - DEBUG - Schedule 3: Every 15 minutes for 1 package(s): [2]
2025-08-17 07:41:03 - schedule_config - DEBUG - Schedule 4: Every 60 minutes for 6 package(s): [3, 4, 5, 6, 7, 8]
2025-08-17 07:41:03 - schedule_config - DEBUG - Schedule 5: Every 180 minutes for 9 package(s): [9, 10, 11, 12, 13, 14, 15, 16, 17]
2025-08-17 07:43:18 - schedule_config - DEBUG - Logger initialized for schedule_config at level DEBUG
2025-08-17 07:43:18 - schedule_config - INFO - Loading schedule configuration
2025-08-17 07:43:18 - schedule_config - INFO - Schedule configuration loaded: 5 schedules defined
2025-08-17 07:43:18 - schedule_config - INFO - Batch size set to: 50 coins per package
2025-08-17 07:43:18 - schedule_config - DEBUG - Schedule 1: Every 5 minutes for 1 package(s): [0]
2025-08-17 07:43:18 - schedule_config - DEBUG - Schedule 2: Every 10 minutes for 1 package(s): [1]
2025-08-17 07:43:18 - schedule_config - DEBUG - Schedule 3: Every 15 minutes for 1 package(s): [2]
2025-08-17 07:43:18 - schedule_config - DEBUG - Schedule 4: Every 60 minutes for 6 package(s): [3, 4, 5, 6, 7, 8]
2025-08-17 07:43:18 - schedule_config - DEBUG - Schedule 5: Every 180 minutes for 9 package(s): [9, 10, 11, 12, 13, 14, 15, 16, 17]
2025-08-17 07:45:29 - schedule_config - DEBUG - Logger initialized for schedule_config at level DEBUG
2025-08-17 07:45:29 - schedule_config - INFO - Loading schedule configuration
2025-08-17 07:45:29 - schedule_config - INFO - Schedule configuration loaded: 5 schedules defined
2025-08-17 07:45:29 - schedule_config - INFO - Batch size set to: 50 coins per package
2025-08-17 07:45:29 - schedule_config - DEBUG - Schedule 1: Every 5 minutes for 1 package(s): [0]
2025-08-17 07:45:29 - schedule_config - DEBUG - Schedule 2: Every 10 minutes for 1 package(s): [1]
2025-08-17 07:45:29 - schedule_config - DEBUG - Schedule 3: Every 15 minutes for 1 package(s): [2]
2025-08-17 07:45:29 - schedule_config - DEBUG - Schedule 4: Every 60 minutes for 6 package(s): [3, 4, 5, 6, 7, 8]
2025-08-17 07:45:29 - schedule_config - DEBUG - Schedule 5: Every 180 minutes for 9 package(s): [9, 10, 11, 12, 13, 14, 15, 16, 17]
2025-08-17 07:47:40 - schedule_config - DEBUG - Logger initialized for schedule_config at level DEBUG
2025-08-17 07:47:40 - schedule_config - INFO - Loading schedule configuration
2025-08-17 07:47:40 - schedule_config - INFO - Schedule configuration loaded: 5 schedules defined
2025-08-17 07:47:40 - schedule_config - INFO - Batch size set to: 50 coins per package
2025-08-17 07:47:40 - schedule_config - DEBUG - Schedule 1: Every 5 minutes for 1 package(s): [0]
2025-08-17 07:47:40 - schedule_config - DEBUG - Schedule 2: Every 10 minutes for 1 package(s): [1]
2025-08-17 07:47:40 - schedule_config - DEBUG - Schedule 3: Every 15 minutes for 1 package(s): [2]
2025-08-17 07:47:40 - schedule_config - DEBUG - Schedule 4: Every 60 minutes for 6 package(s): [3, 4, 5, 6, 7, 8]
2025-08-17 07:47:40 - schedule_config - DEBUG - Schedule 5: Every 180 minutes for 9 package(s): [9, 10, 11, 12, 13, 14, 15, 16, 17]
2025-08-17 07:47:50 - schedule_config - DEBUG - Logger initialized for schedule_config at level DEBUG
2025-08-17 07:47:50 - schedule_config - INFO - Loading schedule configuration
2025-08-17 07:47:50 - schedule_config - INFO - Schedule configuration loaded: 5 schedules defined
2025-08-17 07:47:50 - schedule_config - INFO - Batch size set to: 50 coins per package
2025-08-17 07:47:50 - schedule_config - DEBUG - Schedule 1: Every 5 minutes for 1 package(s): [0]
2025-08-17 07:47:50 - schedule_config - DEBUG - Schedule 2: Every 10 minutes for 1 package(s): [1]
2025-08-17 07:47:50 - schedule_config - DEBUG - Schedule 3: Every 15 minutes for 1 package(s): [2]
2025-08-17 07:47:50 - schedule_config - DEBUG - Schedule 4: Every 60 minutes for 6 package(s): [3, 4, 5, 6, 7, 8]
2025-08-17 07:47:50 - schedule_config - DEBUG - Schedule 5: Every 180 minutes for 9 package(s): [9, 10, 11, 12, 13, 14, 15, 16, 17]
2025-08-17 07:50:05 - schedule_config - DEBUG - Logger initialized for schedule_config at level DEBUG
2025-08-17 07:50:05 - schedule_config - INFO - Loading schedule configuration
2025-08-17 07:50:05 - schedule_config - INFO - Schedule configuration loaded: 5 schedules defined
2025-08-17 07:50:05 - schedule_config - INFO - Batch size set to: 50 coins per package
2025-08-17 07:50:05 - schedule_config - DEBUG - Schedule 1: Every 5 minutes for 1 package(s): [0]
2025-08-17 07:50:05 - schedule_config - DEBUG - Schedule 2: Every 10 minutes for 1 package(s): [1]
2025-08-17 07:50:05 - schedule_config - DEBUG - Schedule 3: Every 15 minutes for 1 package(s): [2]
2025-08-17 07:50:05 - schedule_config - DEBUG - Schedule 4: Every 60 minutes for 6 package(s): [3, 4, 5, 6, 7, 8]
2025-08-17 07:50:05 - schedule_config - DEBUG - Schedule 5: Every 180 minutes for 9 package(s): [9, 10, 11, 12, 13, 14, 15, 16, 17]
2025-08-17 07:52:19 - schedule_config - DEBUG - Logger initialized for schedule_config at level DEBUG
2025-08-17 07:52:19 - schedule_config - INFO - Loading schedule configuration
2025-08-17 07:52:19 - schedule_config - INFO - Schedule configuration loaded: 5 schedules defined
2025-08-17 07:52:19 - schedule_config - INFO - Batch size set to: 50 coins per package
2025-08-17 07:52:19 - schedule_config - DEBUG - Schedule 1: Every 5 minutes for 1 package(s): [0]
2025-08-17 07:52:19 - schedule_config - DEBUG - Schedule 2: Every 10 minutes for 1 package(s): [1]
2025-08-17 07:52:19 - schedule_config - DEBUG - Schedule 3: Every 15 minutes for 1 package(s): [2]
2025-08-17 07:52:19 - schedule_config - DEBUG - Schedule 4: Every 60 minutes for 6 package(s): [3, 4, 5, 6, 7, 8]
2025-08-17 07:52:19 - schedule_config - DEBUG - Schedule 5: Every 180 minutes for 9 package(s): [9, 10, 11, 12, 13, 14, 15, 16, 17]
2025-08-17 07:54:34 - schedule_config - DEBUG - Logger initialized for schedule_config at level DEBUG
2025-08-17 07:54:34 - schedule_config - INFO - Loading schedule configuration
2025-08-17 07:54:34 - schedule_config - INFO - Schedule configuration loaded: 5 schedules defined
2025-08-17 07:54:34 - schedule_config - INFO - Batch size set to: 50 coins per package
2025-08-17 07:54:34 - schedule_config - DEBUG - Schedule 1: Every 5 minutes for 1 package(s): [0]
2025-08-17 07:54:34 - schedule_config - DEBUG - Schedule 2: Every 10 minutes for 1 package(s): [1]
2025-08-17 07:54:34 - schedule_config - DEBUG - Schedule 3: Every 15 minutes for 1 package(s): [2]
2025-08-17 07:54:34 - schedule_config - DEBUG - Schedule 4: Every 60 minutes for 6 package(s): [3, 4, 5, 6, 7, 8]
2025-08-17 07:54:34 - schedule_config - DEBUG - Schedule 5: Every 180 minutes for 9 package(s): [9, 10, 11, 12, 13, 14, 15, 16, 17]
2025-08-17 07:56:45 - schedule_config - DEBUG - Logger initialized for schedule_config at level DEBUG
2025-08-17 07:56:45 - schedule_config - INFO - Loading schedule configuration
2025-08-17 07:56:45 - schedule_config - INFO - Schedule configuration loaded: 5 schedules defined
2025-08-17 07:56:45 - schedule_config - INFO - Batch size set to: 50 coins per package
2025-08-17 07:56:45 - schedule_config - DEBUG - Schedule 1: Every 5 minutes for 1 package(s): [0]
2025-08-17 07:56:45 - schedule_config - DEBUG - Schedule 2: Every 10 minutes for 1 package(s): [1]
2025-08-17 07:56:45 - schedule_config - DEBUG - Schedule 3: Every 15 minutes for 1 package(s): [2]
2025-08-17 07:56:45 - schedule_config - DEBUG - Schedule 4: Every 60 minutes for 6 package(s): [3, 4, 5, 6, 7, 8]
2025-08-17 07:56:45 - schedule_config - DEBUG - Schedule 5: Every 180 minutes for 9 package(s): [9, 10, 11, 12, 13, 14, 15, 16, 17]
2025-08-17 07:58:56 - schedule_config - DEBUG - Logger initialized for schedule_config at level DEBUG
2025-08-17 07:58:56 - schedule_config - INFO - Loading schedule configuration
2025-08-17 07:58:56 - schedule_config - INFO - Schedule configuration loaded: 5 schedules defined
2025-08-17 07:58:56 - schedule_config - INFO - Batch size set to: 50 coins per package
2025-08-17 07:58:56 - schedule_config - DEBUG - Schedule 1: Every 5 minutes for 1 package(s): [0]
2025-08-17 07:58:56 - schedule_config - DEBUG - Schedule 2: Every 10 minutes for 1 package(s): [1]
2025-08-17 07:58:56 - schedule_config - DEBUG - Schedule 3: Every 15 minutes for 1 package(s): [2]
2025-08-17 07:58:56 - schedule_config - DEBUG - Schedule 4: Every 60 minutes for 6 package(s): [3, 4, 5, 6, 7, 8]
2025-08-17 07:58:56 - schedule_config - DEBUG - Schedule 5: Every 180 minutes for 9 package(s): [9, 10, 11, 12, 13, 14, 15, 16, 17]
2025-08-17 08:01:07 - schedule_config - DEBUG - Logger initialized for schedule_config at level DEBUG
2025-08-17 08:01:07 - schedule_config - INFO - Loading schedule configuration
2025-08-17 08:01:07 - schedule_config - INFO - Schedule configuration loaded: 5 schedules defined
2025-08-17 08:01:07 - schedule_config - INFO - Batch size set to: 50 coins per package
2025-08-17 08:01:07 - schedule_config - DEBUG - Schedule 1: Every 5 minutes for 1 package(s): [0]
2025-08-17 08:01:07 - schedule_config - DEBUG - Schedule 2: Every 10 minutes for 1 package(s): [1]
2025-08-17 08:01:07 - schedule_config - DEBUG - Schedule 3: Every 15 minutes for 1 package(s): [2]
2025-08-17 08:01:07 - schedule_config - DEBUG - Schedule 4: Every 60 minutes for 6 package(s): [3, 4, 5, 6, 7, 8]
2025-08-17 08:01:07 - schedule_config - DEBUG - Schedule 5: Every 180 minutes for 9 package(s): [9, 10, 11, 12, 13, 14, 15, 16, 17]
2025-08-17 08:03:18 - schedule_config - DEBUG - Logger initialized for schedule_config at level DEBUG
2025-08-17 08:03:18 - schedule_config - INFO - Loading schedule configuration
2025-08-17 08:03:18 - schedule_config - INFO - Schedule configuration loaded: 5 schedules defined
2025-08-17 08:03:18 - schedule_config - INFO - Batch size set to: 50 coins per package
2025-08-17 08:03:18 - schedule_config - DEBUG - Schedule 1: Every 5 minutes for 1 package(s): [0]
2025-08-17 08:03:18 - schedule_config - DEBUG - Schedule 2: Every 10 minutes for 1 package(s): [1]
2025-08-17 08:03:18 - schedule_config - DEBUG - Schedule 3: Every 15 minutes for 1 package(s): [2]
2025-08-17 08:03:18 - schedule_config - DEBUG - Schedule 4: Every 60 minutes for 6 package(s): [3, 4, 5, 6, 7, 8]
2025-08-17 08:03:18 - schedule_config - DEBUG - Schedule 5: Every 180 minutes for 9 package(s): [9, 10, 11, 12, 13, 14, 15, 16, 17]
2025-08-17 08:05:29 - schedule_config - DEBUG - Logger initialized for schedule_config at level DEBUG
2025-08-17 08:05:29 - schedule_config - INFO - Loading schedule configuration
2025-08-17 08:05:29 - schedule_config - INFO - Schedule configuration loaded: 5 schedules defined
2025-08-17 08:05:29 - schedule_config - INFO - Batch size set to: 50 coins per package
2025-08-17 08:05:29 - schedule_config - DEBUG - Schedule 1: Every 5 minutes for 1 package(s): [0]
2025-08-17 08:05:29 - schedule_config - DEBUG - Schedule 2: Every 10 minutes for 1 package(s): [1]
2025-08-17 08:05:29 - schedule_config - DEBUG - Schedule 3: Every 15 minutes for 1 package(s): [2]
2025-08-17 08:05:29 - schedule_config - DEBUG - Schedule 4: Every 60 minutes for 6 package(s): [3, 4, 5, 6, 7, 8]
2025-08-17 08:05:29 - schedule_config - DEBUG - Schedule 5: Every 180 minutes for 9 package(s): [9, 10, 11, 12, 13, 14, 15, 16, 17]
2025-08-17 08:07:44 - schedule_config - DEBUG - Logger initialized for schedule_config at level DEBUG
2025-08-17 08:07:44 - schedule_config - INFO - Loading schedule configuration
2025-08-17 08:07:44 - schedule_config - INFO - Schedule configuration loaded: 5 schedules defined
2025-08-17 08:07:44 - schedule_config - INFO - Batch size set to: 50 coins per package
2025-08-17 08:07:44 - schedule_config - DEBUG - Schedule 1: Every 5 minutes for 1 package(s): [0]
2025-08-17 08:07:44 - schedule_config - DEBUG - Schedule 2: Every 10 minutes for 1 package(s): [1]
2025-08-17 08:07:44 - schedule_config - DEBUG - Schedule 3: Every 15 minutes for 1 package(s): [2]
2025-08-17 08:07:44 - schedule_config - DEBUG - Schedule 4: Every 60 minutes for 6 package(s): [3, 4, 5, 6, 7, 8]
2025-08-17 08:07:44 - schedule_config - DEBUG - Schedule 5: Every 180 minutes for 9 package(s): [9, 10, 11, 12, 13, 14, 15, 16, 17]
2025-08-17 08:09:55 - schedule_config - DEBUG - Logger initialized for schedule_config at level DEBUG
2025-08-17 08:09:55 - schedule_config - INFO - Loading schedule configuration
2025-08-17 08:09:55 - schedule_config - INFO - Schedule configuration loaded: 5 schedules defined
2025-08-17 08:09:55 - schedule_config - INFO - Batch size set to: 50 coins per package
2025-08-17 08:09:55 - schedule_config - DEBUG - Schedule 1: Every 5 minutes for 1 package(s): [0]
2025-08-17 08:09:55 - schedule_config - DEBUG - Schedule 2: Every 10 minutes for 1 package(s): [1]
2025-08-17 08:09:55 - schedule_config - DEBUG - Schedule 3: Every 15 minutes for 1 package(s): [2]
2025-08-17 08:09:55 - schedule_config - DEBUG - Schedule 4: Every 60 minutes for 6 package(s): [3, 4, 5, 6, 7, 8]
2025-08-17 08:09:55 - schedule_config - DEBUG - Schedule 5: Every 180 minutes for 9 package(s): [9, 10, 11, 12, 13, 14, 15, 16, 17]
2025-08-17 08:12:07 - schedule_config - DEBUG - Logger initialized for schedule_config at level DEBUG
2025-08-17 08:12:07 - schedule_config - INFO - Loading schedule configuration
2025-08-17 08:12:07 - schedule_config - INFO - Schedule configuration loaded: 5 schedules defined
2025-08-17 08:12:07 - schedule_config - INFO - Batch size set to: 50 coins per package
2025-08-17 08:12:07 - schedule_config - DEBUG - Schedule 1: Every 5 minutes for 1 package(s): [0]
2025-08-17 08:12:07 - schedule_config - DEBUG - Schedule 2: Every 10 minutes for 1 package(s): [1]
2025-08-17 08:12:07 - schedule_config - DEBUG - Schedule 3: Every 15 minutes for 1 package(s): [2]
2025-08-17 08:12:07 - schedule_config - DEBUG - Schedule 4: Every 60 minutes for 6 package(s): [3, 4, 5, 6, 7, 8]
2025-08-17 08:12:07 - schedule_config - DEBUG - Schedule 5: Every 180 minutes for 9 package(s): [9, 10, 11, 12, 13, 14, 15, 16, 17]
2025-08-17 08:14:22 - schedule_config - DEBUG - Logger initialized for schedule_config at level DEBUG
2025-08-17 08:14:22 - schedule_config - INFO - Loading schedule configuration
2025-08-17 08:14:22 - schedule_config - INFO - Schedule configuration loaded: 5 schedules defined
2025-08-17 08:14:22 - schedule_config - INFO - Batch size set to: 50 coins per package
2025-08-17 08:14:22 - schedule_config - DEBUG - Schedule 1: Every 5 minutes for 1 package(s): [0]
2025-08-17 08:14:22 - schedule_config - DEBUG - Schedule 2: Every 10 minutes for 1 package(s): [1]
2025-08-17 08:14:22 - schedule_config - DEBUG - Schedule 3: Every 15 minutes for 1 package(s): [2]
2025-08-17 08:14:22 - schedule_config - DEBUG - Schedule 4: Every 60 minutes for 6 package(s): [3, 4, 5, 6, 7, 8]
2025-08-17 08:14:22 - schedule_config - DEBUG - Schedule 5: Every 180 minutes for 9 package(s): [9, 10, 11, 12, 13, 14, 15, 16, 17]
2025-08-17 08:16:33 - schedule_config - DEBUG - Logger initialized for schedule_config at level DEBUG
2025-08-17 08:16:33 - schedule_config - INFO - Loading schedule configuration
2025-08-17 08:16:33 - schedule_config - INFO - Schedule configuration loaded: 5 schedules defined
2025-08-17 08:16:33 - schedule_config - INFO - Batch size set to: 50 coins per package
2025-08-17 08:16:33 - schedule_config - DEBUG - Schedule 1: Every 5 minutes for 1 package(s): [0]
2025-08-17 08:16:33 - schedule_config - DEBUG - Schedule 2: Every 10 minutes for 1 package(s): [1]
2025-08-17 08:16:33 - schedule_config - DEBUG - Schedule 3: Every 15 minutes for 1 package(s): [2]
2025-08-17 08:16:33 - schedule_config - DEBUG - Schedule 4: Every 60 minutes for 6 package(s): [3, 4, 5, 6, 7, 8]
2025-08-17 08:16:33 - schedule_config - DEBUG - Schedule 5: Every 180 minutes for 9 package(s): [9, 10, 11, 12, 13, 14, 15, 16, 17]
2025-08-17 08:17:39 - schedule_config - DEBUG - Logger initialized for schedule_config at level DEBUG
2025-08-17 08:17:39 - schedule_config - INFO - Loading schedule configuration
2025-08-17 08:17:39 - schedule_config - INFO - Schedule configuration loaded: 5 schedules defined
2025-08-17 08:17:39 - schedule_config - INFO - Batch size set to: 50 coins per package
2025-08-17 08:17:39 - schedule_config - DEBUG - Schedule 1: Every 5 minutes for 1 package(s): [0]
2025-08-17 08:17:39 - schedule_config - DEBUG - Schedule 2: Every 10 minutes for 1 package(s): [1]
2025-08-17 08:17:39 - schedule_config - DEBUG - Schedule 3: Every 15 minutes for 1 package(s): [2]
2025-08-17 08:17:39 - schedule_config - DEBUG - Schedule 4: Every 60 minutes for 6 package(s): [3, 4, 5, 6, 7, 8]
2025-08-17 08:17:39 - schedule_config - DEBUG - Schedule 5: Every 180 minutes for 9 package(s): [9, 10, 11, 12, 13, 14, 15, 16, 17]
2025-08-17 08:19:53 - schedule_config - DEBUG - Logger initialized for schedule_config at level DEBUG
2025-08-17 08:19:53 - schedule_config - INFO - Loading schedule configuration
2025-08-17 08:19:53 - schedule_config - INFO - Schedule configuration loaded: 5 schedules defined
2025-08-17 08:19:53 - schedule_config - INFO - Batch size set to: 50 coins per package
2025-08-17 08:19:53 - schedule_config - DEBUG - Schedule 1: Every 5 minutes for 1 package(s): [0]
2025-08-17 08:19:53 - schedule_config - DEBUG - Schedule 2: Every 10 minutes for 1 package(s): [1]
2025-08-17 08:19:53 - schedule_config - DEBUG - Schedule 3: Every 15 minutes for 1 package(s): [2]
2025-08-17 08:19:53 - schedule_config - DEBUG - Schedule 4: Every 60 minutes for 6 package(s): [3, 4, 5, 6, 7, 8]
2025-08-17 08:19:53 - schedule_config - DEBUG - Schedule 5: Every 180 minutes for 9 package(s): [9, 10, 11, 12, 13, 14, 15, 16, 17]
2025-08-17 08:22:05 - schedule_config - DEBUG - Logger initialized for schedule_config at level DEBUG
2025-08-17 08:22:05 - schedule_config - INFO - Loading schedule configuration
2025-08-17 08:22:05 - schedule_config - INFO - Schedule configuration loaded: 5 schedules defined
2025-08-17 08:22:05 - schedule_config - INFO - Batch size set to: 50 coins per package
2025-08-17 08:22:05 - schedule_config - DEBUG - Schedule 1: Every 5 minutes for 1 package(s): [0]
2025-08-17 08:22:05 - schedule_config - DEBUG - Schedule 2: Every 10 minutes for 1 package(s): [1]
2025-08-17 08:22:05 - schedule_config - DEBUG - Schedule 3: Every 15 minutes for 1 package(s): [2]
2025-08-17 08:22:05 - schedule_config - DEBUG - Schedule 4: Every 60 minutes for 6 package(s): [3, 4, 5, 6, 7, 8]
2025-08-17 08:22:05 - schedule_config - DEBUG - Schedule 5: Every 180 minutes for 9 package(s): [9, 10, 11, 12, 13, 14, 15, 16, 17]
2025-08-17 08:24:20 - schedule_config - DEBUG - Logger initialized for schedule_config at level DEBUG
2025-08-17 08:24:20 - schedule_config - INFO - Loading schedule configuration
2025-08-17 08:24:20 - schedule_config - INFO - Schedule configuration loaded: 5 schedules defined
2025-08-17 08:24:20 - schedule_config - INFO - Batch size set to: 50 coins per package
2025-08-17 08:24:20 - schedule_config - DEBUG - Schedule 1: Every 5 minutes for 1 package(s): [0]
2025-08-17 08:24:20 - schedule_config - DEBUG - Schedule 2: Every 10 minutes for 1 package(s): [1]
2025-08-17 08:24:20 - schedule_config - DEBUG - Schedule 3: Every 15 minutes for 1 package(s): [2]
2025-08-17 08:24:20 - schedule_config - DEBUG - Schedule 4: Every 60 minutes for 6 package(s): [3, 4, 5, 6, 7, 8]
2025-08-17 08:24:20 - schedule_config - DEBUG - Schedule 5: Every 180 minutes for 9 package(s): [9, 10, 11, 12, 13, 14, 15, 16, 17]
2025-08-17 08:24:54 - schedule_config - DEBUG - Logger initialized for schedule_config at level DEBUG
2025-08-17 08:24:54 - schedule_config - INFO - Loading schedule configuration
2025-08-17 08:24:54 - schedule_config - INFO - Schedule configuration loaded: 5 schedules defined
2025-08-17 08:24:54 - schedule_config - INFO - Batch size set to: 50 coins per package
2025-08-17 08:24:54 - schedule_config - DEBUG - Schedule 1: Every 5 minutes for 1 package(s): [0]
2025-08-17 08:24:54 - schedule_config - DEBUG - Schedule 2: Every 10 minutes for 1 package(s): [1]
2025-08-17 08:24:54 - schedule_config - DEBUG - Schedule 3: Every 15 minutes for 1 package(s): [2]
2025-08-17 08:24:54 - schedule_config - DEBUG - Schedule 4: Every 60 minutes for 6 package(s): [3, 4, 5, 6, 7, 8]
2025-08-17 08:24:54 - schedule_config - DEBUG - Schedule 5: Every 180 minutes for 9 package(s): [9, 10, 11, 12, 13, 14, 15, 16, 17]
2025-08-17 08:24:59 - schedule_config - DEBUG - Logger initialized for schedule_config at level DEBUG
2025-08-17 08:24:59 - schedule_config - INFO - Loading schedule configuration
2025-08-17 08:24:59 - schedule_config - INFO - Schedule configuration loaded: 5 schedules defined
2025-08-17 08:24:59 - schedule_config - INFO - Batch size set to: 50 coins per package
2025-08-17 08:24:59 - schedule_config - DEBUG - Schedule 1: Every 5 minutes for 1 package(s): [0]
2025-08-17 08:24:59 - schedule_config - DEBUG - Schedule 2: Every 10 minutes for 1 package(s): [1]
2025-08-17 08:24:59 - schedule_config - DEBUG - Schedule 3: Every 15 minutes for 1 package(s): [2]
2025-08-17 08:24:59 - schedule_config - DEBUG - Schedule 4: Every 60 minutes for 6 package(s): [3, 4, 5, 6, 7, 8]
2025-08-17 08:24:59 - schedule_config - DEBUG - Schedule 5: Every 180 minutes for 9 package(s): [9, 10, 11, 12, 13, 14, 15, 16, 17]
2025-08-17 08:27:12 - schedule_config - DEBUG - Logger initialized for schedule_config at level DEBUG
2025-08-17 08:27:12 - schedule_config - INFO - Loading schedule configuration
2025-08-17 08:27:12 - schedule_config - INFO - Schedule configuration loaded: 5 schedules defined
2025-08-17 08:27:12 - schedule_config - INFO - Batch size set to: 50 coins per package
2025-08-17 08:27:12 - schedule_config - DEBUG - Schedule 1: Every 5 minutes for 1 package(s): [0]
2025-08-17 08:27:12 - schedule_config - DEBUG - Schedule 2: Every 10 minutes for 1 package(s): [1]
2025-08-17 08:27:12 - schedule_config - DEBUG - Schedule 3: Every 15 minutes for 1 package(s): [2]
2025-08-17 08:27:12 - schedule_config - DEBUG - Schedule 4: Every 60 minutes for 6 package(s): [3, 4, 5, 6, 7, 8]
2025-08-17 08:27:12 - schedule_config - DEBUG - Schedule 5: Every 180 minutes for 9 package(s): [9, 10, 11, 12, 13, 14, 15, 16, 17]
2025-08-17 08:29:23 - schedule_config - DEBUG - Logger initialized for schedule_config at level DEBUG
2025-08-17 08:29:23 - schedule_config - INFO - Loading schedule configuration
2025-08-17 08:29:23 - schedule_config - INFO - Schedule configuration loaded: 5 schedules defined
2025-08-17 08:29:23 - schedule_config - INFO - Batch size set to: 50 coins per package
2025-08-17 08:29:23 - schedule_config - DEBUG - Schedule 1: Every 5 minutes for 1 package(s): [0]
2025-08-17 08:29:23 - schedule_config - DEBUG - Schedule 2: Every 10 minutes for 1 package(s): [1]
2025-08-17 08:29:23 - schedule_config - DEBUG - Schedule 3: Every 15 minutes for 1 package(s): [2]
2025-08-17 08:29:23 - schedule_config - DEBUG - Schedule 4: Every 60 minutes for 6 package(s): [3, 4, 5, 6, 7, 8]
2025-08-17 08:29:23 - schedule_config - DEBUG - Schedule 5: Every 180 minutes for 9 package(s): [9, 10, 11, 12, 13, 14, 15, 16, 17]
2025-08-17 08:31:38 - schedule_config - DEBUG - Logger initialized for schedule_config at level DEBUG
2025-08-17 08:31:38 - schedule_config - INFO - Loading schedule configuration
2025-08-17 08:31:38 - schedule_config - INFO - Schedule configuration loaded: 5 schedules defined
2025-08-17 08:31:38 - schedule_config - INFO - Batch size set to: 50 coins per package
2025-08-17 08:31:38 - schedule_config - DEBUG - Schedule 1: Every 5 minutes for 1 package(s): [0]
2025-08-17 08:31:38 - schedule_config - DEBUG - Schedule 2: Every 10 minutes for 1 package(s): [1]
2025-08-17 08:31:38 - schedule_config - DEBUG - Schedule 3: Every 15 minutes for 1 package(s): [2]
2025-08-17 08:31:38 - schedule_config - DEBUG - Schedule 4: Every 60 minutes for 6 package(s): [3, 4, 5, 6, 7, 8]
2025-08-17 08:31:38 - schedule_config - DEBUG - Schedule 5: Every 180 minutes for 9 package(s): [9, 10, 11, 12, 13, 14, 15, 16, 17]
2025-08-17 08:33:49 - schedule_config - DEBUG - Logger initialized for schedule_config at level DEBUG
2025-08-17 08:33:49 - schedule_config - INFO - Loading schedule configuration
2025-08-17 08:33:49 - schedule_config - INFO - Schedule configuration loaded: 5 schedules defined
2025-08-17 08:33:49 - schedule_config - INFO - Batch size set to: 50 coins per package
2025-08-17 08:33:49 - schedule_config - DEBUG - Schedule 1: Every 5 minutes for 1 package(s): [0]
2025-08-17 08:33:49 - schedule_config - DEBUG - Schedule 2: Every 10 minutes for 1 package(s): [1]
2025-08-17 08:33:49 - schedule_config - DEBUG - Schedule 3: Every 15 minutes for 1 package(s): [2]
2025-08-17 08:33:49 - schedule_config - DEBUG - Schedule 4: Every 60 minutes for 6 package(s): [3, 4, 5, 6, 7, 8]
2025-08-17 08:33:49 - schedule_config - DEBUG - Schedule 5: Every 180 minutes for 9 package(s): [9, 10, 11, 12, 13, 14, 15, 16, 17]
2025-08-17 08:36:00 - schedule_config - DEBUG - Logger initialized for schedule_config at level DEBUG
2025-08-17 08:36:00 - schedule_config - INFO - Loading schedule configuration
2025-08-17 08:36:00 - schedule_config - INFO - Schedule configuration loaded: 5 schedules defined
2025-08-17 08:36:00 - schedule_config - INFO - Batch size set to: 50 coins per package
2025-08-17 08:36:00 - schedule_config - DEBUG - Schedule 1: Every 5 minutes for 1 package(s): [0]
2025-08-17 08:36:00 - schedule_config - DEBUG - Schedule 2: Every 10 minutes for 1 package(s): [1]
2025-08-17 08:36:00 - schedule_config - DEBUG - Schedule 3: Every 15 minutes for 1 package(s): [2]
2025-08-17 08:36:00 - schedule_config - DEBUG - Schedule 4: Every 60 minutes for 6 package(s): [3, 4, 5, 6, 7, 8]
2025-08-17 08:36:00 - schedule_config - DEBUG - Schedule 5: Every 180 minutes for 9 package(s): [9, 10, 11, 12, 13, 14, 15, 16, 17]
2025-08-17 08:36:10 - schedule_config - DEBUG - Logger initialized for schedule_config at level DEBUG
2025-08-17 08:36:10 - schedule_config - INFO - Loading schedule configuration
2025-08-17 08:36:10 - schedule_config - INFO - Schedule configuration loaded: 5 schedules defined
2025-08-17 08:36:10 - schedule_config - INFO - Batch size set to: 50 coins per package
2025-08-17 08:36:10 - schedule_config - DEBUG - Schedule 1: Every 5 minutes for 1 package(s): [0]
2025-08-17 08:36:10 - schedule_config - DEBUG - Schedule 2: Every 10 minutes for 1 package(s): [1]
2025-08-17 08:36:10 - schedule_config - DEBUG - Schedule 3: Every 15 minutes for 1 package(s): [2]
2025-08-17 08:36:10 - schedule_config - DEBUG - Schedule 4: Every 60 minutes for 6 package(s): [3, 4, 5, 6, 7, 8]
2025-08-17 08:36:10 - schedule_config - DEBUG - Schedule 5: Every 180 minutes for 9 package(s): [9, 10, 11, 12, 13, 14, 15, 16, 17]
2025-08-17 08:38:23 - schedule_config - DEBUG - Logger initialized for schedule_config at level DEBUG
2025-08-17 08:38:23 - schedule_config - INFO - Loading schedule configuration
2025-08-17 08:38:23 - schedule_config - INFO - Schedule configuration loaded: 5 schedules defined
2025-08-17 08:38:23 - schedule_config - INFO - Batch size set to: 50 coins per package
2025-08-17 08:38:23 - schedule_config - DEBUG - Schedule 1: Every 5 minutes for 1 package(s): [0]
2025-08-17 08:38:23 - schedule_config - DEBUG - Schedule 2: Every 10 minutes for 1 package(s): [1]
2025-08-17 08:38:23 - schedule_config - DEBUG - Schedule 3: Every 15 minutes for 1 package(s): [2]
2025-08-17 08:38:23 - schedule_config - DEBUG - Schedule 4: Every 60 minutes for 6 package(s): [3, 4, 5, 6, 7, 8]
2025-08-17 08:38:23 - schedule_config - DEBUG - Schedule 5: Every 180 minutes for 9 package(s): [9, 10, 11, 12, 13, 14, 15, 16, 17]
2025-08-17 08:40:34 - schedule_config - DEBUG - Logger initialized for schedule_config at level DEBUG
2025-08-17 08:40:34 - schedule_config - INFO - Loading schedule configuration
2025-08-17 08:40:34 - schedule_config - INFO - Schedule configuration loaded: 5 schedules defined
2025-08-17 08:40:34 - schedule_config - INFO - Batch size set to: 50 coins per package
2025-08-17 08:40:34 - schedule_config - DEBUG - Schedule 1: Every 5 minutes for 1 package(s): [0]
2025-08-17 08:40:34 - schedule_config - DEBUG - Schedule 2: Every 10 minutes for 1 package(s): [1]
2025-08-17 08:40:34 - schedule_config - DEBUG - Schedule 3: Every 15 minutes for 1 package(s): [2]
2025-08-17 08:40:34 - schedule_config - DEBUG - Schedule 4: Every 60 minutes for 6 package(s): [3, 4, 5, 6, 7, 8]
2025-08-17 08:40:34 - schedule_config - DEBUG - Schedule 5: Every 180 minutes for 9 package(s): [9, 10, 11, 12, 13, 14, 15, 16, 17]
2025-08-17 08:42:45 - schedule_config - DEBUG - Logger initialized for schedule_config at level DEBUG
2025-08-17 08:42:45 - schedule_config - INFO - Loading schedule configuration
2025-08-17 08:42:45 - schedule_config - INFO - Schedule configuration loaded: 5 schedules defined
2025-08-17 08:42:45 - schedule_config - INFO - Batch size set to: 50 coins per package
2025-08-17 08:42:45 - schedule_config - DEBUG - Schedule 1: Every 5 minutes for 1 package(s): [0]
2025-08-17 08:42:45 - schedule_config - DEBUG - Schedule 2: Every 10 minutes for 1 package(s): [1]
2025-08-17 08:42:45 - schedule_config - DEBUG - Schedule 3: Every 15 minutes for 1 package(s): [2]
2025-08-17 08:42:45 - schedule_config - DEBUG - Schedule 4: Every 60 minutes for 6 package(s): [3, 4, 5, 6, 7, 8]
2025-08-17 08:42:45 - schedule_config - DEBUG - Schedule 5: Every 180 minutes for 9 package(s): [9, 10, 11, 12, 13, 14, 15, 16, 17]
2025-08-17 08:44:57 - schedule_config - DEBUG - Logger initialized for schedule_config at level DEBUG
2025-08-17 08:44:57 - schedule_config - INFO - Loading schedule configuration
2025-08-17 08:44:57 - schedule_config - INFO - Schedule configuration loaded: 5 schedules defined
2025-08-17 08:44:57 - schedule_config - INFO - Batch size set to: 50 coins per package
2025-08-17 08:44:57 - schedule_config - DEBUG - Schedule 1: Every 5 minutes for 1 package(s): [0]
2025-08-17 08:44:57 - schedule_config - DEBUG - Schedule 2: Every 10 minutes for 1 package(s): [1]
2025-08-17 08:44:57 - schedule_config - DEBUG - Schedule 3: Every 15 minutes for 1 package(s): [2]
2025-08-17 08:44:57 - schedule_config - DEBUG - Schedule 4: Every 60 minutes for 6 package(s): [3, 4, 5, 6, 7, 8]
2025-08-17 08:44:57 - schedule_config - DEBUG - Schedule 5: Every 180 minutes for 9 package(s): [9, 10, 11, 12, 13, 14, 15, 16, 17]
2025-08-17 08:47:08 - schedule_config - DEBUG - Logger initialized for schedule_config at level DEBUG
2025-08-17 08:47:08 - schedule_config - INFO - Loading schedule configuration
2025-08-17 08:47:08 - schedule_config - INFO - Schedule configuration loaded: 5 schedules defined
2025-08-17 08:47:08 - schedule_config - INFO - Batch size set to: 50 coins per package
2025-08-17 08:47:08 - schedule_config - DEBUG - Schedule 1: Every 5 minutes for 1 package(s): [0]
2025-08-17 08:47:08 - schedule_config - DEBUG - Schedule 2: Every 10 minutes for 1 package(s): [1]
2025-08-17 08:47:08 - schedule_config - DEBUG - Schedule 3: Every 15 minutes for 1 package(s): [2]
2025-08-17 08:47:08 - schedule_config - DEBUG - Schedule 4: Every 60 minutes for 6 package(s): [3, 4, 5, 6, 7, 8]
2025-08-17 08:47:08 - schedule_config - DEBUG - Schedule 5: Every 180 minutes for 9 package(s): [9, 10, 11, 12, 13, 14, 15, 16, 17]
2025-08-17 08:49:19 - schedule_config - DEBUG - Logger initialized for schedule_config at level DEBUG
2025-08-17 08:49:19 - schedule_config - INFO - Loading schedule configuration
2025-08-17 08:49:19 - schedule_config - INFO - Schedule configuration loaded: 5 schedules defined
2025-08-17 08:49:19 - schedule_config - INFO - Batch size set to: 50 coins per package
2025-08-17 08:49:19 - schedule_config - DEBUG - Schedule 1: Every 5 minutes for 1 package(s): [0]
2025-08-17 08:49:19 - schedule_config - DEBUG - Schedule 2: Every 10 minutes for 1 package(s): [1]
2025-08-17 08:49:19 - schedule_config - DEBUG - Schedule 3: Every 15 minutes for 1 package(s): [2]
2025-08-17 08:49:19 - schedule_config - DEBUG - Schedule 4: Every 60 minutes for 6 package(s): [3, 4, 5, 6, 7, 8]
2025-08-17 08:49:19 - schedule_config - DEBUG - Schedule 5: Every 180 minutes for 9 package(s): [9, 10, 11, 12, 13, 14, 15, 16, 17]
2025-08-17 08:51:30 - schedule_config - DEBUG - Logger initialized for schedule_config at level DEBUG
2025-08-17 08:51:30 - schedule_config - INFO - Loading schedule configuration
2025-08-17 08:51:30 - schedule_config - INFO - Schedule configuration loaded: 5 schedules defined
2025-08-17 08:51:30 - schedule_config - INFO - Batch size set to: 50 coins per package
2025-08-17 08:51:30 - schedule_config - DEBUG - Schedule 1: Every 5 minutes for 1 package(s): [0]
2025-08-17 08:51:30 - schedule_config - DEBUG - Schedule 2: Every 10 minutes for 1 package(s): [1]
2025-08-17 08:51:30 - schedule_config - DEBUG - Schedule 3: Every 15 minutes for 1 package(s): [2]
2025-08-17 08:51:30 - schedule_config - DEBUG - Schedule 4: Every 60 minutes for 6 package(s): [3, 4, 5, 6, 7, 8]
2025-08-17 08:51:30 - schedule_config - DEBUG - Schedule 5: Every 180 minutes for 9 package(s): [9, 10, 11, 12, 13, 14, 15, 16, 17]
2025-08-17 08:53:45 - schedule_config - DEBUG - Logger initialized for schedule_config at level DEBUG
2025-08-17 08:53:45 - schedule_config - INFO - Loading schedule configuration
2025-08-17 08:53:45 - schedule_config - INFO - Schedule configuration loaded: 5 schedules defined
2025-08-17 08:53:45 - schedule_config - INFO - Batch size set to: 50 coins per package
2025-08-17 08:53:45 - schedule_config - DEBUG - Schedule 1: Every 5 minutes for 1 package(s): [0]
2025-08-17 08:53:45 - schedule_config - DEBUG - Schedule 2: Every 10 minutes for 1 package(s): [1]
2025-08-17 08:53:45 - schedule_config - DEBUG - Schedule 3: Every 15 minutes for 1 package(s): [2]
2025-08-17 08:53:45 - schedule_config - DEBUG - Schedule 4: Every 60 minutes for 6 package(s): [3, 4, 5, 6, 7, 8]
2025-08-17 08:53:45 - schedule_config - DEBUG - Schedule 5: Every 180 minutes for 9 package(s): [9, 10, 11, 12, 13, 14, 15, 16, 17]
2025-08-17 08:55:56 - schedule_config - DEBUG - Logger initialized for schedule_config at level DEBUG
2025-08-17 08:55:56 - schedule_config - INFO - Loading schedule configuration
2025-08-17 08:55:56 - schedule_config - INFO - Schedule configuration loaded: 5 schedules defined
2025-08-17 08:55:56 - schedule_config - INFO - Batch size set to: 50 coins per package
2025-08-17 08:55:56 - schedule_config - DEBUG - Schedule 1: Every 5 minutes for 1 package(s): [0]
2025-08-17 08:55:56 - schedule_config - DEBUG - Schedule 2: Every 10 minutes for 1 package(s): [1]
2025-08-17 08:55:56 - schedule_config - DEBUG - Schedule 3: Every 15 minutes for 1 package(s): [2]
2025-08-17 08:55:56 - schedule_config - DEBUG - Schedule 4: Every 60 minutes for 6 package(s): [3, 4, 5, 6, 7, 8]
2025-08-17 08:55:56 - schedule_config - DEBUG - Schedule 5: Every 180 minutes for 9 package(s): [9, 10, 11, 12, 13, 14, 15, 16, 17]
2025-08-17 08:58:07 - schedule_config - DEBUG - Logger initialized for schedule_config at level DEBUG
2025-08-17 08:58:07 - schedule_config - INFO - Loading schedule configuration
2025-08-17 08:58:07 - schedule_config - INFO - Schedule configuration loaded: 5 schedules defined
2025-08-17 08:58:07 - schedule_config - INFO - Batch size set to: 50 coins per package
2025-08-17 08:58:07 - schedule_config - DEBUG - Schedule 1: Every 5 minutes for 1 package(s): [0]
2025-08-17 08:58:07 - schedule_config - DEBUG - Schedule 2: Every 10 minutes for 1 package(s): [1]
2025-08-17 08:58:07 - schedule_config - DEBUG - Schedule 3: Every 15 minutes for 1 package(s): [2]
2025-08-17 08:58:07 - schedule_config - DEBUG - Schedule 4: Every 60 minutes for 6 package(s): [3, 4, 5, 6, 7, 8]
2025-08-17 08:58:07 - schedule_config - DEBUG - Schedule 5: Every 180 minutes for 9 package(s): [9, 10, 11, 12, 13, 14, 15, 16, 17]
2025-08-17 09:00:19 - schedule_config - DEBUG - Logger initialized for schedule_config at level DEBUG
2025-08-17 09:00:19 - schedule_config - INFO - Loading schedule configuration
2025-08-17 09:00:19 - schedule_config - INFO - Schedule configuration loaded: 5 schedules defined
2025-08-17 09:00:19 - schedule_config - INFO - Batch size set to: 50 coins per package
2025-08-17 09:00:19 - schedule_config - DEBUG - Schedule 1: Every 5 minutes for 1 package(s): [0]
2025-08-17 09:00:19 - schedule_config - DEBUG - Schedule 2: Every 10 minutes for 1 package(s): [1]
2025-08-17 09:00:19 - schedule_config - DEBUG - Schedule 3: Every 15 minutes for 1 package(s): [2]
2025-08-17 09:00:19 - schedule_config - DEBUG - Schedule 4: Every 60 minutes for 6 package(s): [3, 4, 5, 6, 7, 8]
2025-08-17 09:00:19 - schedule_config - DEBUG - Schedule 5: Every 180 minutes for 9 package(s): [9, 10, 11, 12, 13, 14, 15, 16, 17]
2025-08-17 09:02:33 - schedule_config - DEBUG - Logger initialized for schedule_config at level DEBUG
2025-08-17 09:02:33 - schedule_config - INFO - Loading schedule configuration
2025-08-17 09:02:33 - schedule_config - INFO - Schedule configuration loaded: 5 schedules defined
2025-08-17 09:02:33 - schedule_config - INFO - Batch size set to: 50 coins per package
2025-08-17 09:02:33 - schedule_config - DEBUG - Schedule 1: Every 5 minutes for 1 package(s): [0]
2025-08-17 09:02:33 - schedule_config - DEBUG - Schedule 2: Every 10 minutes for 1 package(s): [1]
2025-08-17 09:02:33 - schedule_config - DEBUG - Schedule 3: Every 15 minutes for 1 package(s): [2]
2025-08-17 09:02:33 - schedule_config - DEBUG - Schedule 4: Every 60 minutes for 6 package(s): [3, 4, 5, 6, 7, 8]
2025-08-17 09:02:33 - schedule_config - DEBUG - Schedule 5: Every 180 minutes for 9 package(s): [9, 10, 11, 12, 13, 14, 15, 16, 17]
2025-08-17 09:04:44 - schedule_config - DEBUG - Logger initialized for schedule_config at level DEBUG
2025-08-17 09:04:44 - schedule_config - INFO - Loading schedule configuration
2025-08-17 09:04:44 - schedule_config - INFO - Schedule configuration loaded: 5 schedules defined
2025-08-17 09:04:44 - schedule_config - INFO - Batch size set to: 50 coins per package
2025-08-17 09:04:44 - schedule_config - DEBUG - Schedule 1: Every 5 minutes for 1 package(s): [0]
2025-08-17 09:04:44 - schedule_config - DEBUG - Schedule 2: Every 10 minutes for 1 package(s): [1]
2025-08-17 09:04:44 - schedule_config - DEBUG - Schedule 3: Every 15 minutes for 1 package(s): [2]
2025-08-17 09:04:44 - schedule_config - DEBUG - Schedule 4: Every 60 minutes for 6 package(s): [3, 4, 5, 6, 7, 8]
2025-08-17 09:04:44 - schedule_config - DEBUG - Schedule 5: Every 180 minutes for 9 package(s): [9, 10, 11, 12, 13, 14, 15, 16, 17]
2025-08-17 09:06:55 - schedule_config - DEBUG - Logger initialized for schedule_config at level DEBUG
2025-08-17 09:06:55 - schedule_config - INFO - Loading schedule configuration
2025-08-17 09:06:55 - schedule_config - INFO - Schedule configuration loaded: 5 schedules defined
2025-08-17 09:06:55 - schedule_config - INFO - Batch size set to: 50 coins per package
2025-08-17 09:06:55 - schedule_config - DEBUG - Schedule 1: Every 5 minutes for 1 package(s): [0]
2025-08-17 09:06:55 - schedule_config - DEBUG - Schedule 2: Every 10 minutes for 1 package(s): [1]
2025-08-17 09:06:55 - schedule_config - DEBUG - Schedule 3: Every 15 minutes for 1 package(s): [2]
2025-08-17 09:06:55 - schedule_config - DEBUG - Schedule 4: Every 60 minutes for 6 package(s): [3, 4, 5, 6, 7, 8]
2025-08-17 09:06:55 - schedule_config - DEBUG - Schedule 5: Every 180 minutes for 9 package(s): [9, 10, 11, 12, 13, 14, 15, 16, 17]
2025-08-17 09:09:07 - schedule_config - DEBUG - Logger initialized for schedule_config at level DEBUG
2025-08-17 09:09:07 - schedule_config - INFO - Loading schedule configuration
2025-08-17 09:09:07 - schedule_config - INFO - Schedule configuration loaded: 5 schedules defined
2025-08-17 09:09:07 - schedule_config - INFO - Batch size set to: 50 coins per package
2025-08-17 09:09:07 - schedule_config - DEBUG - Schedule 1: Every 5 minutes for 1 package(s): [0]
2025-08-17 09:09:07 - schedule_config - DEBUG - Schedule 2: Every 10 minutes for 1 package(s): [1]
2025-08-17 09:09:07 - schedule_config - DEBUG - Schedule 3: Every 15 minutes for 1 package(s): [2]
2025-08-17 09:09:07 - schedule_config - DEBUG - Schedule 4: Every 60 minutes for 6 package(s): [3, 4, 5, 6, 7, 8]
2025-08-17 09:09:07 - schedule_config - DEBUG - Schedule 5: Every 180 minutes for 9 package(s): [9, 10, 11, 12, 13, 14, 15, 16, 17]
2025-08-17 09:11:18 - schedule_config - DEBUG - Logger initialized for schedule_config at level DEBUG
2025-08-17 09:11:18 - schedule_config - INFO - Loading schedule configuration
2025-08-17 09:11:18 - schedule_config - INFO - Schedule configuration loaded: 5 schedules defined
2025-08-17 09:11:18 - schedule_config - INFO - Batch size set to: 50 coins per package
2025-08-17 09:11:18 - schedule_config - DEBUG - Schedule 1: Every 5 minutes for 1 package(s): [0]
2025-08-17 09:11:18 - schedule_config - DEBUG - Schedule 2: Every 10 minutes for 1 package(s): [1]
2025-08-17 09:11:18 - schedule_config - DEBUG - Schedule 3: Every 15 minutes for 1 package(s): [2]
2025-08-17 09:11:18 - schedule_config - DEBUG - Schedule 4: Every 60 minutes for 6 package(s): [3, 4, 5, 6, 7, 8]
2025-08-17 09:11:18 - schedule_config - DEBUG - Schedule 5: Every 180 minutes for 9 package(s): [9, 10, 11, 12, 13, 14, 15, 16, 17]
2025-08-17 09:13:29 - schedule_config - DEBUG - Logger initialized for schedule_config at level DEBUG
2025-08-17 09:13:29 - schedule_config - INFO - Loading schedule configuration
2025-08-17 09:13:29 - schedule_config - INFO - Schedule configuration loaded: 5 schedules defined
2025-08-17 09:13:29 - schedule_config - INFO - Batch size set to: 50 coins per package
2025-08-17 09:13:29 - schedule_config - DEBUG - Schedule 1: Every 5 minutes for 1 package(s): [0]
2025-08-17 09:13:29 - schedule_config - DEBUG - Schedule 2: Every 10 minutes for 1 package(s): [1]
2025-08-17 09:13:29 - schedule_config - DEBUG - Schedule 3: Every 15 minutes for 1 package(s): [2]
2025-08-17 09:13:29 - schedule_config - DEBUG - Schedule 4: Every 60 minutes for 6 package(s): [3, 4, 5, 6, 7, 8]
2025-08-17 09:13:29 - schedule_config - DEBUG - Schedule 5: Every 180 minutes for 9 package(s): [9, 10, 11, 12, 13, 14, 15, 16, 17]
2025-08-17 09:15:40 - schedule_config - DEBUG - Logger initialized for schedule_config at level DEBUG
2025-08-17 09:15:40 - schedule_config - INFO - Loading schedule configuration
2025-08-17 09:15:40 - schedule_config - INFO - Schedule configuration loaded: 5 schedules defined
2025-08-17 09:15:40 - schedule_config - INFO - Batch size set to: 50 coins per package
2025-08-17 09:15:40 - schedule_config - DEBUG - Schedule 1: Every 5 minutes for 1 package(s): [0]
2025-08-17 09:15:40 - schedule_config - DEBUG - Schedule 2: Every 10 minutes for 1 package(s): [1]
2025-08-17 09:15:40 - schedule_config - DEBUG - Schedule 3: Every 15 minutes for 1 package(s): [2]
2025-08-17 09:15:40 - schedule_config - DEBUG - Schedule 4: Every 60 minutes for 6 package(s): [3, 4, 5, 6, 7, 8]
2025-08-17 09:15:40 - schedule_config - DEBUG - Schedule 5: Every 180 minutes for 9 package(s): [9, 10, 11, 12, 13, 14, 15, 16, 17]
2025-08-17 09:15:50 - schedule_config - DEBUG - Logger initialized for schedule_config at level DEBUG
2025-08-17 09:15:50 - schedule_config - INFO - Loading schedule configuration
2025-08-17 09:15:50 - schedule_config - INFO - Schedule configuration loaded: 5 schedules defined
2025-08-17 09:15:50 - schedule_config - INFO - Batch size set to: 50 coins per package
2025-08-17 09:15:50 - schedule_config - DEBUG - Schedule 1: Every 5 minutes for 1 package(s): [0]
2025-08-17 09:15:50 - schedule_config - DEBUG - Schedule 2: Every 10 minutes for 1 package(s): [1]
2025-08-17 09:15:50 - schedule_config - DEBUG - Schedule 3: Every 15 minutes for 1 package(s): [2]
2025-08-17 09:15:50 - schedule_config - DEBUG - Schedule 4: Every 60 minutes for 6 package(s): [3, 4, 5, 6, 7, 8]
2025-08-17 09:15:50 - schedule_config - DEBUG - Schedule 5: Every 180 minutes for 9 package(s): [9, 10, 11, 12, 13, 14, 15, 16, 17]
2025-08-17 09:18:04 - schedule_config - DEBUG - Logger initialized for schedule_config at level DEBUG
2025-08-17 09:18:04 - schedule_config - INFO - Loading schedule configuration
2025-08-17 09:18:04 - schedule_config - INFO - Schedule configuration loaded: 5 schedules defined
2025-08-17 09:18:04 - schedule_config - INFO - Batch size set to: 50 coins per package
2025-08-17 09:18:04 - schedule_config - DEBUG - Schedule 1: Every 5 minutes for 1 package(s): [0]
2025-08-17 09:18:04 - schedule_config - DEBUG - Schedule 2: Every 10 minutes for 1 package(s): [1]
2025-08-17 09:18:04 - schedule_config - DEBUG - Schedule 3: Every 15 minutes for 1 package(s): [2]
2025-08-17 09:18:04 - schedule_config - DEBUG - Schedule 4: Every 60 minutes for 6 package(s): [3, 4, 5, 6, 7, 8]
2025-08-17 09:18:04 - schedule_config - DEBUG - Schedule 5: Every 180 minutes for 9 package(s): [9, 10, 11, 12, 13, 14, 15, 16, 17]
2025-08-17 09:20:19 - schedule_config - DEBUG - Logger initialized for schedule_config at level DEBUG
2025-08-17 09:20:19 - schedule_config - INFO - Loading schedule configuration
2025-08-17 09:20:19 - schedule_config - INFO - Schedule configuration loaded: 5 schedules defined
2025-08-17 09:20:19 - schedule_config - INFO - Batch size set to: 50 coins per package
2025-08-17 09:20:19 - schedule_config - DEBUG - Schedule 1: Every 5 minutes for 1 package(s): [0]
2025-08-17 09:20:19 - schedule_config - DEBUG - Schedule 2: Every 10 minutes for 1 package(s): [1]
2025-08-17 09:20:19 - schedule_config - DEBUG - Schedule 3: Every 15 minutes for 1 package(s): [2]
2025-08-17 09:20:19 - schedule_config - DEBUG - Schedule 4: Every 60 minutes for 6 package(s): [3, 4, 5, 6, 7, 8]
2025-08-17 09:20:19 - schedule_config - DEBUG - Schedule 5: Every 180 minutes for 9 package(s): [9, 10, 11, 12, 13, 14, 15, 16, 17]
2025-08-17 09:22:29 - schedule_config - DEBUG - Logger initialized for schedule_config at level DEBUG
2025-08-17 09:22:29 - schedule_config - INFO - Loading schedule configuration
2025-08-17 09:22:29 - schedule_config - INFO - Schedule configuration loaded: 5 schedules defined
2025-08-17 09:22:29 - schedule_config - INFO - Batch size set to: 50 coins per package
2025-08-17 09:22:29 - schedule_config - DEBUG - Schedule 1: Every 5 minutes for 1 package(s): [0]
2025-08-17 09:22:29 - schedule_config - DEBUG - Schedule 2: Every 10 minutes for 1 package(s): [1]
2025-08-17 09:22:29 - schedule_config - DEBUG - Schedule 3: Every 15 minutes for 1 package(s): [2]
2025-08-17 09:22:29 - schedule_config - DEBUG - Schedule 4: Every 60 minutes for 6 package(s): [3, 4, 5, 6, 7, 8]
2025-08-17 09:22:29 - schedule_config - DEBUG - Schedule 5: Every 180 minutes for 9 package(s): [9, 10, 11, 12, 13, 14, 15, 16, 17]
2025-08-17 09:24:41 - schedule_config - DEBUG - Logger initialized for schedule_config at level DEBUG
2025-08-17 09:24:41 - schedule_config - INFO - Loading schedule configuration
2025-08-17 09:24:41 - schedule_config - INFO - Schedule configuration loaded: 5 schedules defined
2025-08-17 09:24:41 - schedule_config - INFO - Batch size set to: 50 coins per package
2025-08-17 09:24:41 - schedule_config - DEBUG - Schedule 1: Every 5 minutes for 1 package(s): [0]
2025-08-17 09:24:41 - schedule_config - DEBUG - Schedule 2: Every 10 minutes for 1 package(s): [1]
2025-08-17 09:24:41 - schedule_config - DEBUG - Schedule 3: Every 15 minutes for 1 package(s): [2]
2025-08-17 09:24:41 - schedule_config - DEBUG - Schedule 4: Every 60 minutes for 6 package(s): [3, 4, 5, 6, 7, 8]
2025-08-17 09:24:41 - schedule_config - DEBUG - Schedule 5: Every 180 minutes for 9 package(s): [9, 10, 11, 12, 13, 14, 15, 16, 17]
2025-08-17 09:26:52 - schedule_config - DEBUG - Logger initialized for schedule_config at level DEBUG
2025-08-17 09:26:52 - schedule_config - INFO - Loading schedule configuration
2025-08-17 09:26:52 - schedule_config - INFO - Schedule configuration loaded: 5 schedules defined
2025-08-17 09:26:52 - schedule_config - INFO - Batch size set to: 50 coins per package
2025-08-17 09:26:52 - schedule_config - DEBUG - Schedule 1: Every 5 minutes for 1 package(s): [0]
2025-08-17 09:26:52 - schedule_config - DEBUG - Schedule 2: Every 10 minutes for 1 package(s): [1]
2025-08-17 09:26:52 - schedule_config - DEBUG - Schedule 3: Every 15 minutes for 1 package(s): [2]
2025-08-17 09:26:52 - schedule_config - DEBUG - Schedule 4: Every 60 minutes for 6 package(s): [3, 4, 5, 6, 7, 8]
2025-08-17 09:26:52 - schedule_config - DEBUG - Schedule 5: Every 180 minutes for 9 package(s): [9, 10, 11, 12, 13, 14, 15, 16, 17]
2025-08-17 09:29:03 - schedule_config - DEBUG - Logger initialized for schedule_config at level DEBUG
2025-08-17 09:29:03 - schedule_config - INFO - Loading schedule configuration
2025-08-17 09:29:03 - schedule_config - INFO - Schedule configuration loaded: 5 schedules defined
2025-08-17 09:29:03 - schedule_config - INFO - Batch size set to: 50 coins per package
2025-08-17 09:29:03 - schedule_config - DEBUG - Schedule 1: Every 5 minutes for 1 package(s): [0]
2025-08-17 09:29:03 - schedule_config - DEBUG - Schedule 2: Every 10 minutes for 1 package(s): [1]
2025-08-17 09:29:03 - schedule_config - DEBUG - Schedule 3: Every 15 minutes for 1 package(s): [2]
2025-08-17 09:29:03 - schedule_config - DEBUG - Schedule 4: Every 60 minutes for 6 package(s): [3, 4, 5, 6, 7, 8]
2025-08-17 09:29:03 - schedule_config - DEBUG - Schedule 5: Every 180 minutes for 9 package(s): [9, 10, 11, 12, 13, 14, 15, 16, 17]
2025-08-17 09:31:18 - schedule_config - DEBUG - Logger initialized for schedule_config at level DEBUG
2025-08-17 09:31:18 - schedule_config - INFO - Loading schedule configuration
2025-08-17 09:31:18 - schedule_config - INFO - Schedule configuration loaded: 5 schedules defined
2025-08-17 09:31:18 - schedule_config - INFO - Batch size set to: 50 coins per package
2025-08-17 09:31:18 - schedule_config - DEBUG - Schedule 1: Every 5 minutes for 1 package(s): [0]
2025-08-17 09:31:18 - schedule_config - DEBUG - Schedule 2: Every 10 minutes for 1 package(s): [1]
2025-08-17 09:31:18 - schedule_config - DEBUG - Schedule 3: Every 15 minutes for 1 package(s): [2]
2025-08-17 09:31:18 - schedule_config - DEBUG - Schedule 4: Every 60 minutes for 6 package(s): [3, 4, 5, 6, 7, 8]
2025-08-17 09:31:18 - schedule_config - DEBUG - Schedule 5: Every 180 minutes for 9 package(s): [9, 10, 11, 12, 13, 14, 15, 16, 17]
2025-08-17 09:33:29 - schedule_config - DEBUG - Logger initialized for schedule_config at level DEBUG
2025-08-17 09:33:29 - schedule_config - INFO - Loading schedule configuration
2025-08-17 09:33:29 - schedule_config - INFO - Schedule configuration loaded: 5 schedules defined
2025-08-17 09:33:29 - schedule_config - INFO - Batch size set to: 50 coins per package
2025-08-17 09:33:29 - schedule_config - DEBUG - Schedule 1: Every 5 minutes for 1 package(s): [0]
2025-08-17 09:33:29 - schedule_config - DEBUG - Schedule 2: Every 10 minutes for 1 package(s): [1]
2025-08-17 09:33:29 - schedule_config - DEBUG - Schedule 3: Every 15 minutes for 1 package(s): [2]
2025-08-17 09:33:29 - schedule_config - DEBUG - Schedule 4: Every 60 minutes for 6 package(s): [3, 4, 5, 6, 7, 8]
2025-08-17 09:33:29 - schedule_config - DEBUG - Schedule 5: Every 180 minutes for 9 package(s): [9, 10, 11, 12, 13, 14, 15, 16, 17]
2025-08-17 09:35:44 - schedule_config - DEBUG - Logger initialized for schedule_config at level DEBUG
2025-08-17 09:35:44 - schedule_config - INFO - Loading schedule configuration
2025-08-17 09:35:44 - schedule_config - INFO - Schedule configuration loaded: 5 schedules defined
2025-08-17 09:35:44 - schedule_config - INFO - Batch size set to: 50 coins per package
2025-08-17 09:35:44 - schedule_config - DEBUG - Schedule 1: Every 5 minutes for 1 package(s): [0]
2025-08-17 09:35:44 - schedule_config - DEBUG - Schedule 2: Every 10 minutes for 1 package(s): [1]
2025-08-17 09:35:44 - schedule_config - DEBUG - Schedule 3: Every 15 minutes for 1 package(s): [2]
2025-08-17 09:35:44 - schedule_config - DEBUG - Schedule 4: Every 60 minutes for 6 package(s): [3, 4, 5, 6, 7, 8]
2025-08-17 09:35:44 - schedule_config - DEBUG - Schedule 5: Every 180 minutes for 9 package(s): [9, 10, 11, 12, 13, 14, 15, 16, 17]
2025-08-17 09:37:55 - schedule_config - DEBUG - Logger initialized for schedule_config at level DEBUG
2025-08-17 09:37:55 - schedule_config - INFO - Loading schedule configuration
2025-08-17 09:37:55 - schedule_config - INFO - Schedule configuration loaded: 5 schedules defined
2025-08-17 09:37:55 - schedule_config - INFO - Batch size set to: 50 coins per package
2025-08-17 09:37:55 - schedule_config - DEBUG - Schedule 1: Every 5 minutes for 1 package(s): [0]
2025-08-17 09:37:55 - schedule_config - DEBUG - Schedule 2: Every 10 minutes for 1 package(s): [1]
2025-08-17 09:37:55 - schedule_config - DEBUG - Schedule 3: Every 15 minutes for 1 package(s): [2]
2025-08-17 09:37:55 - schedule_config - DEBUG - Schedule 4: Every 60 minutes for 6 package(s): [3, 4, 5, 6, 7, 8]
2025-08-17 09:37:55 - schedule_config - DEBUG - Schedule 5: Every 180 minutes for 9 package(s): [9, 10, 11, 12, 13, 14, 15, 16, 17]
2025-08-17 09:40:07 - schedule_config - DEBUG - Logger initialized for schedule_config at level DEBUG
2025-08-17 09:40:07 - schedule_config - INFO - Loading schedule configuration
2025-08-17 09:40:07 - schedule_config - INFO - Schedule configuration loaded: 5 schedules defined
2025-08-17 09:40:07 - schedule_config - INFO - Batch size set to: 50 coins per package
2025-08-17 09:40:07 - schedule_config - DEBUG - Schedule 1: Every 5 minutes for 1 package(s): [0]
2025-08-17 09:40:07 - schedule_config - DEBUG - Schedule 2: Every 10 minutes for 1 package(s): [1]
2025-08-17 09:40:07 - schedule_config - DEBUG - Schedule 3: Every 15 minutes for 1 package(s): [2]
2025-08-17 09:40:07 - schedule_config - DEBUG - Schedule 4: Every 60 minutes for 6 package(s): [3, 4, 5, 6, 7, 8]
2025-08-17 09:40:07 - schedule_config - DEBUG - Schedule 5: Every 180 minutes for 9 package(s): [9, 10, 11, 12, 13, 14, 15, 16, 17]
2025-08-17 09:40:16 - schedule_config - DEBUG - Logger initialized for schedule_config at level DEBUG
2025-08-17 09:40:16 - schedule_config - INFO - Loading schedule configuration
2025-08-17 09:40:16 - schedule_config - INFO - Schedule configuration loaded: 5 schedules defined
2025-08-17 09:40:16 - schedule_config - INFO - Batch size set to: 50 coins per package
2025-08-17 09:40:16 - schedule_config - DEBUG - Schedule 1: Every 5 minutes for 1 package(s): [0]
2025-08-17 09:40:16 - schedule_config - DEBUG - Schedule 2: Every 10 minutes for 1 package(s): [1]
2025-08-17 09:40:16 - schedule_config - DEBUG - Schedule 3: Every 15 minutes for 1 package(s): [2]
2025-08-17 09:40:16 - schedule_config - DEBUG - Schedule 4: Every 60 minutes for 6 package(s): [3, 4, 5, 6, 7, 8]
2025-08-17 09:40:16 - schedule_config - DEBUG - Schedule 5: Every 180 minutes for 9 package(s): [9, 10, 11, 12, 13, 14, 15, 16, 17]
2025-08-17 09:42:29 - schedule_config - DEBUG - Logger initialized for schedule_config at level DEBUG
2025-08-17 09:42:29 - schedule_config - INFO - Loading schedule configuration
2025-08-17 09:42:29 - schedule_config - INFO - Schedule configuration loaded: 5 schedules defined
2025-08-17 09:42:29 - schedule_config - INFO - Batch size set to: 50 coins per package
2025-08-17 09:42:29 - schedule_config - DEBUG - Schedule 1: Every 5 minutes for 1 package(s): [0]
2025-08-17 09:42:29 - schedule_config - DEBUG - Schedule 2: Every 10 minutes for 1 package(s): [1]
2025-08-17 09:42:29 - schedule_config - DEBUG - Schedule 3: Every 15 minutes for 1 package(s): [2]
2025-08-17 09:42:29 - schedule_config - DEBUG - Schedule 4: Every 60 minutes for 6 package(s): [3, 4, 5, 6, 7, 8]
2025-08-17 09:42:29 - schedule_config - DEBUG - Schedule 5: Every 180 minutes for 9 package(s): [9, 10, 11, 12, 13, 14, 15, 16, 17]
2025-08-17 09:44:41 - schedule_config - DEBUG - Logger initialized for schedule_config at level DEBUG
2025-08-17 09:44:41 - schedule_config - INFO - Loading schedule configuration
2025-08-17 09:44:41 - schedule_config - INFO - Schedule configuration loaded: 5 schedules defined
2025-08-17 09:44:41 - schedule_config - INFO - Batch size set to: 50 coins per package
2025-08-17 09:44:41 - schedule_config - DEBUG - Schedule 1: Every 5 minutes for 1 package(s): [0]
2025-08-17 09:44:41 - schedule_config - DEBUG - Schedule 2: Every 10 minutes for 1 package(s): [1]
2025-08-17 09:44:41 - schedule_config - DEBUG - Schedule 3: Every 15 minutes for 1 package(s): [2]
2025-08-17 09:44:41 - schedule_config - DEBUG - Schedule 4: Every 60 minutes for 6 package(s): [3, 4, 5, 6, 7, 8]
2025-08-17 09:44:41 - schedule_config - DEBUG - Schedule 5: Every 180 minutes for 9 package(s): [9, 10, 11, 12, 13, 14, 15, 16, 17]
2025-08-17 09:46:52 - schedule_config - DEBUG - Logger initialized for schedule_config at level DEBUG
2025-08-17 09:46:52 - schedule_config - INFO - Loading schedule configuration
2025-08-17 09:46:52 - schedule_config - INFO - Schedule configuration loaded: 5 schedules defined
2025-08-17 09:46:52 - schedule_config - INFO - Batch size set to: 50 coins per package
2025-08-17 09:46:52 - schedule_config - DEBUG - Schedule 1: Every 5 minutes for 1 package(s): [0]
2025-08-17 09:46:52 - schedule_config - DEBUG - Schedule 2: Every 10 minutes for 1 package(s): [1]
2025-08-17 09:46:52 - schedule_config - DEBUG - Schedule 3: Every 15 minutes for 1 package(s): [2]
2025-08-17 09:46:52 - schedule_config - DEBUG - Schedule 4: Every 60 minutes for 6 package(s): [3, 4, 5, 6, 7, 8]
2025-08-17 09:46:52 - schedule_config - DEBUG - Schedule 5: Every 180 minutes for 9 package(s): [9, 10, 11, 12, 13, 14, 15, 16, 17]
2025-08-17 09:49:03 - schedule_config - DEBUG - Logger initialized for schedule_config at level DEBUG
2025-08-17 09:49:03 - schedule_config - INFO - Loading schedule configuration
2025-08-17 09:49:03 - schedule_config - INFO - Schedule configuration loaded: 5 schedules defined
2025-08-17 09:49:03 - schedule_config - INFO - Batch size set to: 50 coins per package
2025-08-17 09:49:03 - schedule_config - DEBUG - Schedule 1: Every 5 minutes for 1 package(s): [0]
2025-08-17 09:49:03 - schedule_config - DEBUG - Schedule 2: Every 10 minutes for 1 package(s): [1]
2025-08-17 09:49:03 - schedule_config - DEBUG - Schedule 3: Every 15 minutes for 1 package(s): [2]
2025-08-17 09:49:03 - schedule_config - DEBUG - Schedule 4: Every 60 minutes for 6 package(s): [3, 4, 5, 6, 7, 8]
2025-08-17 09:49:03 - schedule_config - DEBUG - Schedule 5: Every 180 minutes for 9 package(s): [9, 10, 11, 12, 13, 14, 15, 16, 17]
2025-08-17 09:51:14 - schedule_config - DEBUG - Logger initialized for schedule_config at level DEBUG
2025-08-17 09:51:14 - schedule_config - INFO - Loading schedule configuration
2025-08-17 09:51:14 - schedule_config - INFO - Schedule configuration loaded: 5 schedules defined
2025-08-17 09:51:14 - schedule_config - INFO - Batch size set to: 50 coins per package
2025-08-17 09:51:14 - schedule_config - DEBUG - Schedule 1: Every 5 minutes for 1 package(s): [0]
2025-08-17 09:51:14 - schedule_config - DEBUG - Schedule 2: Every 10 minutes for 1 package(s): [1]
2025-08-17 09:51:14 - schedule_config - DEBUG - Schedule 3: Every 15 minutes for 1 package(s): [2]
2025-08-17 09:51:14 - schedule_config - DEBUG - Schedule 4: Every 60 minutes for 6 package(s): [3, 4, 5, 6, 7, 8]
2025-08-17 09:51:14 - schedule_config - DEBUG - Schedule 5: Every 180 minutes for 9 package(s): [9, 10, 11, 12, 13, 14, 15, 16, 17]
2025-08-17 09:53:25 - schedule_config - DEBUG - Logger initialized for schedule_config at level DEBUG
2025-08-17 09:53:25 - schedule_config - INFO - Loading schedule configuration
2025-08-17 09:53:25 - schedule_config - INFO - Schedule configuration loaded: 5 schedules defined
2025-08-17 09:53:25 - schedule_config - INFO - Batch size set to: 50 coins per package
2025-08-17 09:53:25 - schedule_config - DEBUG - Schedule 1: Every 5 minutes for 1 package(s): [0]
2025-08-17 09:53:25 - schedule_config - DEBUG - Schedule 2: Every 10 minutes for 1 package(s): [1]
2025-08-17 09:53:25 - schedule_config - DEBUG - Schedule 3: Every 15 minutes for 1 package(s): [2]
2025-08-17 09:53:25 - schedule_config - DEBUG - Schedule 4: Every 60 minutes for 6 package(s): [3, 4, 5, 6, 7, 8]
2025-08-17 09:53:25 - schedule_config - DEBUG - Schedule 5: Every 180 minutes for 9 package(s): [9, 10, 11, 12, 13, 14, 15, 16, 17]
2025-08-17 09:55:36 - schedule_config - DEBUG - Logger initialized for schedule_config at level DEBUG
2025-08-17 09:55:36 - schedule_config - INFO - Loading schedule configuration
2025-08-17 09:55:36 - schedule_config - INFO - Schedule configuration loaded: 5 schedules defined
2025-08-17 09:55:36 - schedule_config - INFO - Batch size set to: 50 coins per package
2025-08-17 09:55:36 - schedule_config - DEBUG - Schedule 1: Every 5 minutes for 1 package(s): [0]
2025-08-17 09:55:36 - schedule_config - DEBUG - Schedule 2: Every 10 minutes for 1 package(s): [1]
2025-08-17 09:55:36 - schedule_config - DEBUG - Schedule 3: Every 15 minutes for 1 package(s): [2]
2025-08-17 09:55:36 - schedule_config - DEBUG - Schedule 4: Every 60 minutes for 6 package(s): [3, 4, 5, 6, 7, 8]
2025-08-17 09:55:36 - schedule_config - DEBUG - Schedule 5: Every 180 minutes for 9 package(s): [9, 10, 11, 12, 13, 14, 15, 16, 17]
2025-08-17 09:55:41 - schedule_config - DEBUG - Logger initialized for schedule_config at level DEBUG
2025-08-17 09:55:41 - schedule_config - INFO - Loading schedule configuration
2025-08-17 09:55:41 - schedule_config - INFO - Schedule configuration loaded: 5 schedules defined
2025-08-17 09:55:41 - schedule_config - INFO - Batch size set to: 50 coins per package
2025-08-17 09:55:41 - schedule_config - DEBUG - Schedule 1: Every 5 minutes for 1 package(s): [0]
2025-08-17 09:55:41 - schedule_config - DEBUG - Schedule 2: Every 10 minutes for 1 package(s): [1]
2025-08-17 09:55:41 - schedule_config - DEBUG - Schedule 3: Every 15 minutes for 1 package(s): [2]
2025-08-17 09:55:41 - schedule_config - DEBUG - Schedule 4: Every 60 minutes for 6 package(s): [3, 4, 5, 6, 7, 8]
2025-08-17 09:55:41 - schedule_config - DEBUG - Schedule 5: Every 180 minutes for 9 package(s): [9, 10, 11, 12, 13, 14, 15, 16, 17]
2025-08-17 09:57:55 - schedule_config - DEBUG - Logger initialized for schedule_config at level DEBUG
2025-08-17 09:57:55 - schedule_config - INFO - Loading schedule configuration
2025-08-17 09:57:55 - schedule_config - INFO - Schedule configuration loaded: 5 schedules defined
2025-08-17 09:57:55 - schedule_config - INFO - Batch size set to: 50 coins per package
2025-08-17 09:57:55 - schedule_config - DEBUG - Schedule 1: Every 5 minutes for 1 package(s): [0]
2025-08-17 09:57:55 - schedule_config - DEBUG - Schedule 2: Every 10 minutes for 1 package(s): [1]
2025-08-17 09:57:55 - schedule_config - DEBUG - Schedule 3: Every 15 minutes for 1 package(s): [2]
2025-08-17 09:57:55 - schedule_config - DEBUG - Schedule 4: Every 60 minutes for 6 package(s): [3, 4, 5, 6, 7, 8]
2025-08-17 09:57:55 - schedule_config - DEBUG - Schedule 5: Every 180 minutes for 9 package(s): [9, 10, 11, 12, 13, 14, 15, 16, 17]
2025-08-17 10:00:08 - schedule_config - DEBUG - Logger initialized for schedule_config at level DEBUG
2025-08-17 10:00:08 - schedule_config - INFO - Loading schedule configuration
2025-08-17 10:00:08 - schedule_config - INFO - Schedule configuration loaded: 5 schedules defined
2025-08-17 10:00:08 - schedule_config - INFO - Batch size set to: 50 coins per package
2025-08-17 10:00:08 - schedule_config - DEBUG - Schedule 1: Every 5 minutes for 1 package(s): [0]
2025-08-17 10:00:08 - schedule_config - DEBUG - Schedule 2: Every 10 minutes for 1 package(s): [1]
2025-08-17 10:00:08 - schedule_config - DEBUG - Schedule 3: Every 15 minutes for 1 package(s): [2]
2025-08-17 10:00:08 - schedule_config - DEBUG - Schedule 4: Every 60 minutes for 6 package(s): [3, 4, 5, 6, 7, 8]
2025-08-17 10:00:08 - schedule_config - DEBUG - Schedule 5: Every 180 minutes for 9 package(s): [9, 10, 11, 12, 13, 14, 15, 16, 17]
2025-08-17 10:02:21 - schedule_config - DEBUG - Logger initialized for schedule_config at level DEBUG
2025-08-17 10:02:21 - schedule_config - INFO - Loading schedule configuration
2025-08-17 10:02:21 - schedule_config - INFO - Schedule configuration loaded: 5 schedules defined
2025-08-17 10:02:21 - schedule_config - INFO - Batch size set to: 50 coins per package
2025-08-17 10:02:21 - schedule_config - DEBUG - Schedule 1: Every 5 minutes for 1 package(s): [0]
2025-08-17 10:02:21 - schedule_config - DEBUG - Schedule 2: Every 10 minutes for 1 package(s): [1]
2025-08-17 10:02:21 - schedule_config - DEBUG - Schedule 3: Every 15 minutes for 1 package(s): [2]
2025-08-17 10:02:21 - schedule_config - DEBUG - Schedule 4: Every 60 minutes for 6 package(s): [3, 4, 5, 6, 7, 8]
2025-08-17 10:02:21 - schedule_config - DEBUG - Schedule 5: Every 180 minutes for 9 package(s): [9, 10, 11, 12, 13, 14, 15, 16, 17]
2025-08-17 10:04:32 - schedule_config - DEBUG - Logger initialized for schedule_config at level DEBUG
2025-08-17 10:04:32 - schedule_config - INFO - Loading schedule configuration
2025-08-17 10:04:32 - schedule_config - INFO - Schedule configuration loaded: 5 schedules defined
2025-08-17 10:04:32 - schedule_config - INFO - Batch size set to: 50 coins per package
2025-08-17 10:04:32 - schedule_config - DEBUG - Schedule 1: Every 5 minutes for 1 package(s): [0]
2025-08-17 10:04:32 - schedule_config - DEBUG - Schedule 2: Every 10 minutes for 1 package(s): [1]
2025-08-17 10:04:32 - schedule_config - DEBUG - Schedule 3: Every 15 minutes for 1 package(s): [2]
2025-08-17 10:04:32 - schedule_config - DEBUG - Schedule 4: Every 60 minutes for 6 package(s): [3, 4, 5, 6, 7, 8]
2025-08-17 10:04:32 - schedule_config - DEBUG - Schedule 5: Every 180 minutes for 9 package(s): [9, 10, 11, 12, 13, 14, 15, 16, 17]
2025-08-17 10:06:44 - schedule_config - DEBUG - Logger initialized for schedule_config at level DEBUG
2025-08-17 10:06:44 - schedule_config - INFO - Loading schedule configuration
2025-08-17 10:06:44 - schedule_config - INFO - Schedule configuration loaded: 5 schedules defined
2025-08-17 10:06:44 - schedule_config - INFO - Batch size set to: 50 coins per package
2025-08-17 10:06:44 - schedule_config - DEBUG - Schedule 1: Every 5 minutes for 1 package(s): [0]
2025-08-17 10:06:44 - schedule_config - DEBUG - Schedule 2: Every 10 minutes for 1 package(s): [1]
2025-08-17 10:06:44 - schedule_config - DEBUG - Schedule 3: Every 15 minutes for 1 package(s): [2]
2025-08-17 10:06:44 - schedule_config - DEBUG - Schedule 4: Every 60 minutes for 6 package(s): [3, 4, 5, 6, 7, 8]
2025-08-17 10:06:44 - schedule_config - DEBUG - Schedule 5: Every 180 minutes for 9 package(s): [9, 10, 11, 12, 13, 14, 15, 16, 17]
2025-08-17 10:08:55 - schedule_config - DEBUG - Logger initialized for schedule_config at level DEBUG
2025-08-17 10:08:55 - schedule_config - INFO - Loading schedule configuration
2025-08-17 10:08:55 - schedule_config - INFO - Schedule configuration loaded: 5 schedules defined
2025-08-17 10:08:55 - schedule_config - INFO - Batch size set to: 50 coins per package
2025-08-17 10:08:55 - schedule_config - DEBUG - Schedule 1: Every 5 minutes for 1 package(s): [0]
2025-08-17 10:08:55 - schedule_config - DEBUG - Schedule 2: Every 10 minutes for 1 package(s): [1]
2025-08-17 10:08:55 - schedule_config - DEBUG - Schedule 3: Every 15 minutes for 1 package(s): [2]
2025-08-17 10:08:55 - schedule_config - DEBUG - Schedule 4: Every 60 minutes for 6 package(s): [3, 4, 5, 6, 7, 8]
2025-08-17 10:08:55 - schedule_config - DEBUG - Schedule 5: Every 180 minutes for 9 package(s): [9, 10, 11, 12, 13, 14, 15, 16, 17]
2025-08-17 10:11:06 - schedule_config - DEBUG - Logger initialized for schedule_config at level DEBUG
2025-08-17 10:11:06 - schedule_config - INFO - Loading schedule configuration
2025-08-17 10:11:06 - schedule_config - INFO - Schedule configuration loaded: 5 schedules defined
2025-08-17 10:11:06 - schedule_config - INFO - Batch size set to: 50 coins per package
2025-08-17 10:11:06 - schedule_config - DEBUG - Schedule 1: Every 5 minutes for 1 package(s): [0]
2025-08-17 10:11:06 - schedule_config - DEBUG - Schedule 2: Every 10 minutes for 1 package(s): [1]
2025-08-17 10:11:06 - schedule_config - DEBUG - Schedule 3: Every 15 minutes for 1 package(s): [2]
2025-08-17 10:11:06 - schedule_config - DEBUG - Schedule 4: Every 60 minutes for 6 package(s): [3, 4, 5, 6, 7, 8]
2025-08-17 10:11:06 - schedule_config - DEBUG - Schedule 5: Every 180 minutes for 9 package(s): [9, 10, 11, 12, 13, 14, 15, 16, 17]
2025-08-17 10:13:17 - schedule_config - DEBUG - Logger initialized for schedule_config at level DEBUG
2025-08-17 10:13:17 - schedule_config - INFO - Loading schedule configuration
2025-08-17 10:13:17 - schedule_config - INFO - Schedule configuration loaded: 5 schedules defined
2025-08-17 10:13:17 - schedule_config - INFO - Batch size set to: 50 coins per package
2025-08-17 10:13:17 - schedule_config - DEBUG - Schedule 1: Every 5 minutes for 1 package(s): [0]
2025-08-17 10:13:17 - schedule_config - DEBUG - Schedule 2: Every 10 minutes for 1 package(s): [1]
2025-08-17 10:13:17 - schedule_config - DEBUG - Schedule 3: Every 15 minutes for 1 package(s): [2]
2025-08-17 10:13:17 - schedule_config - DEBUG - Schedule 4: Every 60 minutes for 6 package(s): [3, 4, 5, 6, 7, 8]
2025-08-17 10:13:17 - schedule_config - DEBUG - Schedule 5: Every 180 minutes for 9 package(s): [9, 10, 11, 12, 13, 14, 15, 16, 17]
2025-08-17 10:15:28 - schedule_config - DEBUG - Logger initialized for schedule_config at level DEBUG
2025-08-17 10:15:28 - schedule_config - INFO - Loading schedule configuration
2025-08-17 10:15:28 - schedule_config - INFO - Schedule configuration loaded: 5 schedules defined
2025-08-17 10:15:28 - schedule_config - INFO - Batch size set to: 50 coins per package
2025-08-17 10:15:28 - schedule_config - DEBUG - Schedule 1: Every 5 minutes for 1 package(s): [0]
2025-08-17 10:15:28 - schedule_config - DEBUG - Schedule 2: Every 10 minutes for 1 package(s): [1]
2025-08-17 10:15:28 - schedule_config - DEBUG - Schedule 3: Every 15 minutes for 1 package(s): [2]
2025-08-17 10:15:28 - schedule_config - DEBUG - Schedule 4: Every 60 minutes for 6 package(s): [3, 4, 5, 6, 7, 8]
2025-08-17 10:15:28 - schedule_config - DEBUG - Schedule 5: Every 180 minutes for 9 package(s): [9, 10, 11, 12, 13, 14, 15, 16, 17]
2025-08-17 10:17:39 - schedule_config - DEBUG - Logger initialized for schedule_config at level DEBUG
2025-08-17 10:17:39 - schedule_config - INFO - Loading schedule configuration
2025-08-17 10:17:39 - schedule_config - INFO - Schedule configuration loaded: 5 schedules defined
2025-08-17 10:17:39 - schedule_config - INFO - Batch size set to: 50 coins per package
2025-08-17 10:17:39 - schedule_config - DEBUG - Schedule 1: Every 5 minutes for 1 package(s): [0]
2025-08-17 10:17:39 - schedule_config - DEBUG - Schedule 2: Every 10 minutes for 1 package(s): [1]
2025-08-17 10:17:39 - schedule_config - DEBUG - Schedule 3: Every 15 minutes for 1 package(s): [2]
2025-08-17 10:17:39 - schedule_config - DEBUG - Schedule 4: Every 60 minutes for 6 package(s): [3, 4, 5, 6, 7, 8]
2025-08-17 10:17:39 - schedule_config - DEBUG - Schedule 5: Every 180 minutes for 9 package(s): [9, 10, 11, 12, 13, 14, 15, 16, 17]
2025-08-17 10:19:50 - schedule_config - DEBUG - Logger initialized for schedule_config at level DEBUG
2025-08-17 10:19:50 - schedule_config - INFO - Loading schedule configuration
2025-08-17 10:19:50 - schedule_config - INFO - Schedule configuration loaded: 5 schedules defined
2025-08-17 10:19:50 - schedule_config - INFO - Batch size set to: 50 coins per package
2025-08-17 10:19:50 - schedule_config - DEBUG - Schedule 1: Every 5 minutes for 1 package(s): [0]
2025-08-17 10:19:50 - schedule_config - DEBUG - Schedule 2: Every 10 minutes for 1 package(s): [1]
2025-08-17 10:19:50 - schedule_config - DEBUG - Schedule 3: Every 15 minutes for 1 package(s): [2]
2025-08-17 10:19:50 - schedule_config - DEBUG - Schedule 4: Every 60 minutes for 6 package(s): [3, 4, 5, 6, 7, 8]
2025-08-17 10:19:50 - schedule_config - DEBUG - Schedule 5: Every 180 minutes for 9 package(s): [9, 10, 11, 12, 13, 14, 15, 16, 17]
2025-08-17 10:22:01 - schedule_config - DEBUG - Logger initialized for schedule_config at level DEBUG
2025-08-17 10:22:01 - schedule_config - INFO - Loading schedule configuration
2025-08-17 10:22:01 - schedule_config - INFO - Schedule configuration loaded: 5 schedules defined
2025-08-17 10:22:01 - schedule_config - INFO - Batch size set to: 50 coins per package
2025-08-17 10:22:01 - schedule_config - DEBUG - Schedule 1: Every 5 minutes for 1 package(s): [0]
2025-08-17 10:22:01 - schedule_config - DEBUG - Schedule 2: Every 10 minutes for 1 package(s): [1]
2025-08-17 10:22:01 - schedule_config - DEBUG - Schedule 3: Every 15 minutes for 1 package(s): [2]
2025-08-17 10:22:01 - schedule_config - DEBUG - Schedule 4: Every 60 minutes for 6 package(s): [3, 4, 5, 6, 7, 8]
2025-08-17 10:22:01 - schedule_config - DEBUG - Schedule 5: Every 180 minutes for 9 package(s): [9, 10, 11, 12, 13, 14, 15, 16, 17]
2025-08-17 10:24:12 - schedule_config - DEBUG - Logger initialized for schedule_config at level DEBUG
2025-08-17 10:24:12 - schedule_config - INFO - Loading schedule configuration
2025-08-17 10:24:12 - schedule_config - INFO - Schedule configuration loaded: 5 schedules defined
2025-08-17 10:24:12 - schedule_config - INFO - Batch size set to: 50 coins per package
2025-08-17 10:24:12 - schedule_config - DEBUG - Schedule 1: Every 5 minutes for 1 package(s): [0]
2025-08-17 10:24:12 - schedule_config - DEBUG - Schedule 2: Every 10 minutes for 1 package(s): [1]
2025-08-17 10:24:12 - schedule_config - DEBUG - Schedule 3: Every 15 minutes for 1 package(s): [2]
2025-08-17 10:24:12 - schedule_config - DEBUG - Schedule 4: Every 60 minutes for 6 package(s): [3, 4, 5, 6, 7, 8]
2025-08-17 10:24:12 - schedule_config - DEBUG - Schedule 5: Every 180 minutes for 9 package(s): [9, 10, 11, 12, 13, 14, 15, 16, 17]
2025-08-17 10:26:23 - schedule_config - DEBUG - Logger initialized for schedule_config at level DEBUG
2025-08-17 10:26:23 - schedule_config - INFO - Loading schedule configuration
2025-08-17 10:26:23 - schedule_config - INFO - Schedule configuration loaded: 5 schedules defined
2025-08-17 10:26:23 - schedule_config - INFO - Batch size set to: 50 coins per package
2025-08-17 10:26:23 - schedule_config - DEBUG - Schedule 1: Every 5 minutes for 1 package(s): [0]
2025-08-17 10:26:23 - schedule_config - DEBUG - Schedule 2: Every 10 minutes for 1 package(s): [1]
2025-08-17 10:26:23 - schedule_config - DEBUG - Schedule 3: Every 15 minutes for 1 package(s): [2]
2025-08-17 10:26:23 - schedule_config - DEBUG - Schedule 4: Every 60 minutes for 6 package(s): [3, 4, 5, 6, 7, 8]
2025-08-17 10:26:23 - schedule_config - DEBUG - Schedule 5: Every 180 minutes for 9 package(s): [9, 10, 11, 12, 13, 14, 15, 16, 17]
2025-08-17 10:28:34 - schedule_config - DEBUG - Logger initialized for schedule_config at level DEBUG
2025-08-17 10:28:34 - schedule_config - INFO - Loading schedule configuration
2025-08-17 10:28:34 - schedule_config - INFO - Schedule configuration loaded: 5 schedules defined
2025-08-17 10:28:34 - schedule_config - INFO - Batch size set to: 50 coins per package
2025-08-17 10:28:34 - schedule_config - DEBUG - Schedule 1: Every 5 minutes for 1 package(s): [0]
2025-08-17 10:28:34 - schedule_config - DEBUG - Schedule 2: Every 10 minutes for 1 package(s): [1]
2025-08-17 10:28:34 - schedule_config - DEBUG - Schedule 3: Every 15 minutes for 1 package(s): [2]
2025-08-17 10:28:34 - schedule_config - DEBUG - Schedule 4: Every 60 minutes for 6 package(s): [3, 4, 5, 6, 7, 8]
2025-08-17 10:28:34 - schedule_config - DEBUG - Schedule 5: Every 180 minutes for 9 package(s): [9, 10, 11, 12, 13, 14, 15, 16, 17]
2025-08-17 10:30:45 - schedule_config - DEBUG - Logger initialized for schedule_config at level DEBUG
2025-08-17 10:30:45 - schedule_config - INFO - Loading schedule configuration
2025-08-17 10:30:45 - schedule_config - INFO - Schedule configuration loaded: 5 schedules defined
2025-08-17 10:30:45 - schedule_config - INFO - Batch size set to: 50 coins per package
2025-08-17 10:30:45 - schedule_config - DEBUG - Schedule 1: Every 5 minutes for 1 package(s): [0]
2025-08-17 10:30:45 - schedule_config - DEBUG - Schedule 2: Every 10 minutes for 1 package(s): [1]
2025-08-17 10:30:45 - schedule_config - DEBUG - Schedule 3: Every 15 minutes for 1 package(s): [2]
2025-08-17 10:30:45 - schedule_config - DEBUG - Schedule 4: Every 60 minutes for 6 package(s): [3, 4, 5, 6, 7, 8]
2025-08-17 10:30:45 - schedule_config - DEBUG - Schedule 5: Every 180 minutes for 9 package(s): [9, 10, 11, 12, 13, 14, 15, 16, 17]
2025-08-17 10:32:57 - schedule_config - DEBUG - Logger initialized for schedule_config at level DEBUG
2025-08-17 10:32:57 - schedule_config - INFO - Loading schedule configuration
2025-08-17 10:32:57 - schedule_config - INFO - Schedule configuration loaded: 5 schedules defined
2025-08-17 10:32:57 - schedule_config - INFO - Batch size set to: 50 coins per package
2025-08-17 10:32:57 - schedule_config - DEBUG - Schedule 1: Every 5 minutes for 1 package(s): [0]
2025-08-17 10:32:57 - schedule_config - DEBUG - Schedule 2: Every 10 minutes for 1 package(s): [1]
2025-08-17 10:32:57 - schedule_config - DEBUG - Schedule 3: Every 15 minutes for 1 package(s): [2]
2025-08-17 10:32:57 - schedule_config - DEBUG - Schedule 4: Every 60 minutes for 6 package(s): [3, 4, 5, 6, 7, 8]
2025-08-17 10:32:57 - schedule_config - DEBUG - Schedule 5: Every 180 minutes for 9 package(s): [9, 10, 11, 12, 13, 14, 15, 16, 17]
2025-08-17 10:35:08 - schedule_config - DEBUG - Logger initialized for schedule_config at level DEBUG
2025-08-17 10:35:08 - schedule_config - INFO - Loading schedule configuration
2025-08-17 10:35:08 - schedule_config - INFO - Schedule configuration loaded: 5 schedules defined
2025-08-17 10:35:08 - schedule_config - INFO - Batch size set to: 50 coins per package
2025-08-17 10:35:08 - schedule_config - DEBUG - Schedule 1: Every 5 minutes for 1 package(s): [0]
2025-08-17 10:35:08 - schedule_config - DEBUG - Schedule 2: Every 10 minutes for 1 package(s): [1]
2025-08-17 10:35:08 - schedule_config - DEBUG - Schedule 3: Every 15 minutes for 1 package(s): [2]
2025-08-17 10:35:08 - schedule_config - DEBUG - Schedule 4: Every 60 minutes for 6 package(s): [3, 4, 5, 6, 7, 8]
2025-08-17 10:35:08 - schedule_config - DEBUG - Schedule 5: Every 180 minutes for 9 package(s): [9, 10, 11, 12, 13, 14, 15, 16, 17]
2025-08-17 10:37:23 - schedule_config - DEBUG - Logger initialized for schedule_config at level DEBUG
2025-08-17 10:37:23 - schedule_config - INFO - Loading schedule configuration
2025-08-17 10:37:23 - schedule_config - INFO - Schedule configuration loaded: 5 schedules defined
2025-08-17 10:37:23 - schedule_config - INFO - Batch size set to: 50 coins per package
2025-08-17 10:37:23 - schedule_config - DEBUG - Schedule 1: Every 5 minutes for 1 package(s): [0]
2025-08-17 10:37:23 - schedule_config - DEBUG - Schedule 2: Every 10 minutes for 1 package(s): [1]
2025-08-17 10:37:23 - schedule_config - DEBUG - Schedule 3: Every 15 minutes for 1 package(s): [2]
2025-08-17 10:37:23 - schedule_config - DEBUG - Schedule 4: Every 60 minutes for 6 package(s): [3, 4, 5, 6, 7, 8]
2025-08-17 10:37:23 - schedule_config - DEBUG - Schedule 5: Every 180 minutes for 9 package(s): [9, 10, 11, 12, 13, 14, 15, 16, 17]
2025-08-17 10:39:34 - schedule_config - DEBUG - Logger initialized for schedule_config at level DEBUG
2025-08-17 10:39:34 - schedule_config - INFO - Loading schedule configuration
2025-08-17 10:39:34 - schedule_config - INFO - Schedule configuration loaded: 5 schedules defined
2025-08-17 10:39:34 - schedule_config - INFO - Batch size set to: 50 coins per package
2025-08-17 10:39:34 - schedule_config - DEBUG - Schedule 1: Every 5 minutes for 1 package(s): [0]
2025-08-17 10:39:34 - schedule_config - DEBUG - Schedule 2: Every 10 minutes for 1 package(s): [1]
2025-08-17 10:39:34 - schedule_config - DEBUG - Schedule 3: Every 15 minutes for 1 package(s): [2]
2025-08-17 10:39:34 - schedule_config - DEBUG - Schedule 4: Every 60 minutes for 6 package(s): [3, 4, 5, 6, 7, 8]
2025-08-17 10:39:34 - schedule_config - DEBUG - Schedule 5: Every 180 minutes for 9 package(s): [9, 10, 11, 12, 13, 14, 15, 16, 17]
2025-08-17 10:41:45 - schedule_config - DEBUG - Logger initialized for schedule_config at level DEBUG
2025-08-17 10:41:45 - schedule_config - INFO - Loading schedule configuration
2025-08-17 10:41:45 - schedule_config - INFO - Schedule configuration loaded: 5 schedules defined
2025-08-17 10:41:45 - schedule_config - INFO - Batch size set to: 50 coins per package
2025-08-17 10:41:45 - schedule_config - DEBUG - Schedule 1: Every 5 minutes for 1 package(s): [0]
2025-08-17 10:41:45 - schedule_config - DEBUG - Schedule 2: Every 10 minutes for 1 package(s): [1]
2025-08-17 10:41:45 - schedule_config - DEBUG - Schedule 3: Every 15 minutes for 1 package(s): [2]
2025-08-17 10:41:45 - schedule_config - DEBUG - Schedule 4: Every 60 minutes for 6 package(s): [3, 4, 5, 6, 7, 8]
2025-08-17 10:41:45 - schedule_config - DEBUG - Schedule 5: Every 180 minutes for 9 package(s): [9, 10, 11, 12, 13, 14, 15, 16, 17]
2025-08-17 10:43:56 - schedule_config - DEBUG - Logger initialized for schedule_config at level DEBUG
2025-08-17 10:43:56 - schedule_config - INFO - Loading schedule configuration
2025-08-17 10:43:56 - schedule_config - INFO - Schedule configuration loaded: 5 schedules defined
2025-08-17 10:43:56 - schedule_config - INFO - Batch size set to: 50 coins per package
2025-08-17 10:43:56 - schedule_config - DEBUG - Schedule 1: Every 5 minutes for 1 package(s): [0]
2025-08-17 10:43:56 - schedule_config - DEBUG - Schedule 2: Every 10 minutes for 1 package(s): [1]
2025-08-17 10:43:56 - schedule_config - DEBUG - Schedule 3: Every 15 minutes for 1 package(s): [2]
2025-08-17 10:43:56 - schedule_config - DEBUG - Schedule 4: Every 60 minutes for 6 package(s): [3, 4, 5, 6, 7, 8]
2025-08-17 10:43:56 - schedule_config - DEBUG - Schedule 5: Every 180 minutes for 9 package(s): [9, 10, 11, 12, 13, 14, 15, 16, 17]
2025-08-17 10:46:07 - schedule_config - DEBUG - Logger initialized for schedule_config at level DEBUG
2025-08-17 10:46:07 - schedule_config - INFO - Loading schedule configuration
2025-08-17 10:46:07 - schedule_config - INFO - Schedule configuration loaded: 5 schedules defined
2025-08-17 10:46:07 - schedule_config - INFO - Batch size set to: 50 coins per package
2025-08-17 10:46:07 - schedule_config - DEBUG - Schedule 1: Every 5 minutes for 1 package(s): [0]
2025-08-17 10:46:07 - schedule_config - DEBUG - Schedule 2: Every 10 minutes for 1 package(s): [1]
2025-08-17 10:46:07 - schedule_config - DEBUG - Schedule 3: Every 15 minutes for 1 package(s): [2]
2025-08-17 10:46:07 - schedule_config - DEBUG - Schedule 4: Every 60 minutes for 6 package(s): [3, 4, 5, 6, 7, 8]
2025-08-17 10:46:07 - schedule_config - DEBUG - Schedule 5: Every 180 minutes for 9 package(s): [9, 10, 11, 12, 13, 14, 15, 16, 17]
2025-08-17 10:48:18 - schedule_config - DEBUG - Logger initialized for schedule_config at level DEBUG
2025-08-17 10:48:18 - schedule_config - INFO - Loading schedule configuration
2025-08-17 10:48:18 - schedule_config - INFO - Schedule configuration loaded: 5 schedules defined
2025-08-17 10:48:18 - schedule_config - INFO - Batch size set to: 50 coins per package
2025-08-17 10:48:18 - schedule_config - DEBUG - Schedule 1: Every 5 minutes for 1 package(s): [0]
2025-08-17 10:48:18 - schedule_config - DEBUG - Schedule 2: Every 10 minutes for 1 package(s): [1]
2025-08-17 10:48:18 - schedule_config - DEBUG - Schedule 3: Every 15 minutes for 1 package(s): [2]
2025-08-17 10:48:18 - schedule_config - DEBUG - Schedule 4: Every 60 minutes for 6 package(s): [3, 4, 5, 6, 7, 8]
2025-08-17 10:48:18 - schedule_config - DEBUG - Schedule 5: Every 180 minutes for 9 package(s): [9, 10, 11, 12, 13, 14, 15, 16, 17]
2025-08-17 10:50:29 - schedule_config - DEBUG - Logger initialized for schedule_config at level DEBUG
2025-08-17 10:50:29 - schedule_config - INFO - Loading schedule configuration
2025-08-17 10:50:29 - schedule_config - INFO - Schedule configuration loaded: 5 schedules defined
2025-08-17 10:50:29 - schedule_config - INFO - Batch size set to: 50 coins per package
2025-08-17 10:50:29 - schedule_config - DEBUG - Schedule 1: Every 5 minutes for 1 package(s): [0]
2025-08-17 10:50:29 - schedule_config - DEBUG - Schedule 2: Every 10 minutes for 1 package(s): [1]
2025-08-17 10:50:29 - schedule_config - DEBUG - Schedule 3: Every 15 minutes for 1 package(s): [2]
2025-08-17 10:50:29 - schedule_config - DEBUG - Schedule 4: Every 60 minutes for 6 package(s): [3, 4, 5, 6, 7, 8]
2025-08-17 10:50:29 - schedule_config - DEBUG - Schedule 5: Every 180 minutes for 9 package(s): [9, 10, 11, 12, 13, 14, 15, 16, 17]
2025-08-17 10:52:40 - schedule_config - DEBUG - Logger initialized for schedule_config at level DEBUG
2025-08-17 10:52:40 - schedule_config - INFO - Loading schedule configuration
2025-08-17 10:52:40 - schedule_config - INFO - Schedule configuration loaded: 5 schedules defined
2025-08-17 10:52:40 - schedule_config - INFO - Batch size set to: 50 coins per package
2025-08-17 10:52:40 - schedule_config - DEBUG - Schedule 1: Every 5 minutes for 1 package(s): [0]
2025-08-17 10:52:40 - schedule_config - DEBUG - Schedule 2: Every 10 minutes for 1 package(s): [1]
2025-08-17 10:52:40 - schedule_config - DEBUG - Schedule 3: Every 15 minutes for 1 package(s): [2]
2025-08-17 10:52:40 - schedule_config - DEBUG - Schedule 4: Every 60 minutes for 6 package(s): [3, 4, 5, 6, 7, 8]
2025-08-17 10:52:40 - schedule_config - DEBUG - Schedule 5: Every 180 minutes for 9 package(s): [9, 10, 11, 12, 13, 14, 15, 16, 17]
2025-08-17 10:54:51 - schedule_config - DEBUG - Logger initialized for schedule_config at level DEBUG
2025-08-17 10:54:51 - schedule_config - INFO - Loading schedule configuration
2025-08-17 10:54:51 - schedule_config - INFO - Schedule configuration loaded: 5 schedules defined
2025-08-17 10:54:51 - schedule_config - INFO - Batch size set to: 50 coins per package
2025-08-17 10:54:51 - schedule_config - DEBUG - Schedule 1: Every 5 minutes for 1 package(s): [0]
2025-08-17 10:54:51 - schedule_config - DEBUG - Schedule 2: Every 10 minutes for 1 package(s): [1]
2025-08-17 10:54:51 - schedule_config - DEBUG - Schedule 3: Every 15 minutes for 1 package(s): [2]
2025-08-17 10:54:51 - schedule_config - DEBUG - Schedule 4: Every 60 minutes for 6 package(s): [3, 4, 5, 6, 7, 8]
2025-08-17 10:54:51 - schedule_config - DEBUG - Schedule 5: Every 180 minutes for 9 package(s): [9, 10, 11, 12, 13, 14, 15, 16, 17]
2025-08-17 10:57:03 - schedule_config - DEBUG - Logger initialized for schedule_config at level DEBUG
2025-08-17 10:57:03 - schedule_config - INFO - Loading schedule configuration
2025-08-17 10:57:03 - schedule_config - INFO - Schedule configuration loaded: 5 schedules defined
2025-08-17 10:57:03 - schedule_config - INFO - Batch size set to: 50 coins per package
2025-08-17 10:57:03 - schedule_config - DEBUG - Schedule 1: Every 5 minutes for 1 package(s): [0]
2025-08-17 10:57:03 - schedule_config - DEBUG - Schedule 2: Every 10 minutes for 1 package(s): [1]
2025-08-17 10:57:03 - schedule_config - DEBUG - Schedule 3: Every 15 minutes for 1 package(s): [2]
2025-08-17 10:57:03 - schedule_config - DEBUG - Schedule 4: Every 60 minutes for 6 package(s): [3, 4, 5, 6, 7, 8]
2025-08-17 10:57:03 - schedule_config - DEBUG - Schedule 5: Every 180 minutes for 9 package(s): [9, 10, 11, 12, 13, 14, 15, 16, 17]
2025-08-17 10:59:18 - schedule_config - DEBUG - Logger initialized for schedule_config at level DEBUG
2025-08-17 10:59:18 - schedule_config - INFO - Loading schedule configuration
2025-08-17 10:59:18 - schedule_config - INFO - Schedule configuration loaded: 5 schedules defined
2025-08-17 10:59:18 - schedule_config - INFO - Batch size set to: 50 coins per package
2025-08-17 10:59:18 - schedule_config - DEBUG - Schedule 1: Every 5 minutes for 1 package(s): [0]
2025-08-17 10:59:18 - schedule_config - DEBUG - Schedule 2: Every 10 minutes for 1 package(s): [1]
2025-08-17 10:59:18 - schedule_config - DEBUG - Schedule 3: Every 15 minutes for 1 package(s): [2]
2025-08-17 10:59:18 - schedule_config - DEBUG - Schedule 4: Every 60 minutes for 6 package(s): [3, 4, 5, 6, 7, 8]
2025-08-17 10:59:18 - schedule_config - DEBUG - Schedule 5: Every 180 minutes for 9 package(s): [9, 10, 11, 12, 13, 14, 15, 16, 17]
2025-08-17 11:01:29 - schedule_config - DEBUG - Logger initialized for schedule_config at level DEBUG
2025-08-17 11:01:29 - schedule_config - INFO - Loading schedule configuration
2025-08-17 11:01:29 - schedule_config - INFO - Schedule configuration loaded: 5 schedules defined
2025-08-17 11:01:29 - schedule_config - INFO - Batch size set to: 50 coins per package
2025-08-17 11:01:29 - schedule_config - DEBUG - Schedule 1: Every 5 minutes for 1 package(s): [0]
2025-08-17 11:01:29 - schedule_config - DEBUG - Schedule 2: Every 10 minutes for 1 package(s): [1]
2025-08-17 11:01:29 - schedule_config - DEBUG - Schedule 3: Every 15 minutes for 1 package(s): [2]
2025-08-17 11:01:29 - schedule_config - DEBUG - Schedule 4: Every 60 minutes for 6 package(s): [3, 4, 5, 6, 7, 8]
2025-08-17 11:01:29 - schedule_config - DEBUG - Schedule 5: Every 180 minutes for 9 package(s): [9, 10, 11, 12, 13, 14, 15, 16, 17]
2025-08-17 11:03:40 - schedule_config - DEBUG - Logger initialized for schedule_config at level DEBUG
2025-08-17 11:03:40 - schedule_config - INFO - Loading schedule configuration
2025-08-17 11:03:40 - schedule_config - INFO - Schedule configuration loaded: 5 schedules defined
2025-08-17 11:03:40 - schedule_config - INFO - Batch size set to: 50 coins per package
2025-08-17 11:03:40 - schedule_config - DEBUG - Schedule 1: Every 5 minutes for 1 package(s): [0]
2025-08-17 11:03:40 - schedule_config - DEBUG - Schedule 2: Every 10 minutes for 1 package(s): [1]
2025-08-17 11:03:40 - schedule_config - DEBUG - Schedule 3: Every 15 minutes for 1 package(s): [2]
2025-08-17 11:03:40 - schedule_config - DEBUG - Schedule 4: Every 60 minutes for 6 package(s): [3, 4, 5, 6, 7, 8]
2025-08-17 11:03:40 - schedule_config - DEBUG - Schedule 5: Every 180 minutes for 9 package(s): [9, 10, 11, 12, 13, 14, 15, 16, 17]
2025-08-17 11:05:55 - schedule_config - DEBUG - Logger initialized for schedule_config at level DEBUG
2025-08-17 11:05:55 - schedule_config - INFO - Loading schedule configuration
2025-08-17 11:05:55 - schedule_config - INFO - Schedule configuration loaded: 5 schedules defined
2025-08-17 11:05:55 - schedule_config - INFO - Batch size set to: 50 coins per package
2025-08-17 11:05:55 - schedule_config - DEBUG - Schedule 1: Every 5 minutes for 1 package(s): [0]
2025-08-17 11:05:55 - schedule_config - DEBUG - Schedule 2: Every 10 minutes for 1 package(s): [1]
2025-08-17 11:05:55 - schedule_config - DEBUG - Schedule 3: Every 15 minutes for 1 package(s): [2]
2025-08-17 11:05:55 - schedule_config - DEBUG - Schedule 4: Every 60 minutes for 6 package(s): [3, 4, 5, 6, 7, 8]
2025-08-17 11:05:55 - schedule_config - DEBUG - Schedule 5: Every 180 minutes for 9 package(s): [9, 10, 11, 12, 13, 14, 15, 16, 17]
2025-08-17 11:08:06 - schedule_config - DEBUG - Logger initialized for schedule_config at level DEBUG
2025-08-17 11:08:06 - schedule_config - INFO - Loading schedule configuration
2025-08-17 11:08:06 - schedule_config - INFO - Schedule configuration loaded: 5 schedules defined
2025-08-17 11:08:06 - schedule_config - INFO - Batch size set to: 50 coins per package
2025-08-17 11:08:06 - schedule_config - DEBUG - Schedule 1: Every 5 minutes for 1 package(s): [0]
2025-08-17 11:08:06 - schedule_config - DEBUG - Schedule 2: Every 10 minutes for 1 package(s): [1]
2025-08-17 11:08:06 - schedule_config - DEBUG - Schedule 3: Every 15 minutes for 1 package(s): [2]
2025-08-17 11:08:06 - schedule_config - DEBUG - Schedule 4: Every 60 minutes for 6 package(s): [3, 4, 5, 6, 7, 8]
2025-08-17 11:08:06 - schedule_config - DEBUG - Schedule 5: Every 180 minutes for 9 package(s): [9, 10, 11, 12, 13, 14, 15, 16, 17]
2025-08-17 11:10:17 - schedule_config - DEBUG - Logger initialized for schedule_config at level DEBUG
2025-08-17 11:10:17 - schedule_config - INFO - Loading schedule configuration
2025-08-17 11:10:17 - schedule_config - INFO - Schedule configuration loaded: 5 schedules defined
2025-08-17 11:10:17 - schedule_config - INFO - Batch size set to: 50 coins per package
2025-08-17 11:10:17 - schedule_config - DEBUG - Schedule 1: Every 5 minutes for 1 package(s): [0]
2025-08-17 11:10:17 - schedule_config - DEBUG - Schedule 2: Every 10 minutes for 1 package(s): [1]
2025-08-17 11:10:17 - schedule_config - DEBUG - Schedule 3: Every 15 minutes for 1 package(s): [2]
2025-08-17 11:10:17 - schedule_config - DEBUG - Schedule 4: Every 60 minutes for 6 package(s): [3, 4, 5, 6, 7, 8]
2025-08-17 11:10:17 - schedule_config - DEBUG - Schedule 5: Every 180 minutes for 9 package(s): [9, 10, 11, 12, 13, 14, 15, 16, 17]
2025-08-17 11:12:32 - schedule_config - DEBUG - Logger initialized for schedule_config at level DEBUG
2025-08-17 11:12:32 - schedule_config - INFO - Loading schedule configuration
2025-08-17 11:12:32 - schedule_config - INFO - Schedule configuration loaded: 5 schedules defined
2025-08-17 11:12:32 - schedule_config - INFO - Batch size set to: 50 coins per package
2025-08-17 11:12:32 - schedule_config - DEBUG - Schedule 1: Every 5 minutes for 1 package(s): [0]
2025-08-17 11:12:32 - schedule_config - DEBUG - Schedule 2: Every 10 minutes for 1 package(s): [1]
2025-08-17 11:12:32 - schedule_config - DEBUG - Schedule 3: Every 15 minutes for 1 package(s): [2]
2025-08-17 11:12:32 - schedule_config - DEBUG - Schedule 4: Every 60 minutes for 6 package(s): [3, 4, 5, 6, 7, 8]
2025-08-17 11:12:32 - schedule_config - DEBUG - Schedule 5: Every 180 minutes for 9 package(s): [9, 10, 11, 12, 13, 14, 15, 16, 17]
2025-08-17 11:14:43 - schedule_config - DEBUG - Logger initialized for schedule_config at level DEBUG
2025-08-17 11:14:43 - schedule_config - INFO - Loading schedule configuration
2025-08-17 11:14:43 - schedule_config - INFO - Schedule configuration loaded: 5 schedules defined
2025-08-17 11:14:43 - schedule_config - INFO - Batch size set to: 50 coins per package
2025-08-17 11:14:43 - schedule_config - DEBUG - Schedule 1: Every 5 minutes for 1 package(s): [0]
2025-08-17 11:14:43 - schedule_config - DEBUG - Schedule 2: Every 10 minutes for 1 package(s): [1]
2025-08-17 11:14:43 - schedule_config - DEBUG - Schedule 3: Every 15 minutes for 1 package(s): [2]
2025-08-17 11:14:43 - schedule_config - DEBUG - Schedule 4: Every 60 minutes for 6 package(s): [3, 4, 5, 6, 7, 8]
2025-08-17 11:14:43 - schedule_config - DEBUG - Schedule 5: Every 180 minutes for 9 package(s): [9, 10, 11, 12, 13, 14, 15, 16, 17]
2025-08-17 11:16:54 - schedule_config - DEBUG - Logger initialized for schedule_config at level DEBUG
2025-08-17 11:16:54 - schedule_config - INFO - Loading schedule configuration
2025-08-17 11:16:54 - schedule_config - INFO - Schedule configuration loaded: 5 schedules defined
2025-08-17 11:16:54 - schedule_config - INFO - Batch size set to: 50 coins per package
2025-08-17 11:16:54 - schedule_config - DEBUG - Schedule 1: Every 5 minutes for 1 package(s): [0]
2025-08-17 11:16:54 - schedule_config - DEBUG - Schedule 2: Every 10 minutes for 1 package(s): [1]
2025-08-17 11:16:54 - schedule_config - DEBUG - Schedule 3: Every 15 minutes for 1 package(s): [2]
2025-08-17 11:16:54 - schedule_config - DEBUG - Schedule 4: Every 60 minutes for 6 package(s): [3, 4, 5, 6, 7, 8]
2025-08-17 11:16:54 - schedule_config - DEBUG - Schedule 5: Every 180 minutes for 9 package(s): [9, 10, 11, 12, 13, 14, 15, 16, 17]
2025-08-17 11:19:06 - schedule_config - DEBUG - Logger initialized for schedule_config at level DEBUG
2025-08-17 11:19:06 - schedule_config - INFO - Loading schedule configuration
2025-08-17 11:19:06 - schedule_config - INFO - Schedule configuration loaded: 5 schedules defined
2025-08-17 11:19:06 - schedule_config - INFO - Batch size set to: 50 coins per package
2025-08-17 11:19:06 - schedule_config - DEBUG - Schedule 1: Every 5 minutes for 1 package(s): [0]
2025-08-17 11:19:06 - schedule_config - DEBUG - Schedule 2: Every 10 minutes for 1 package(s): [1]
2025-08-17 11:19:06 - schedule_config - DEBUG - Schedule 3: Every 15 minutes for 1 package(s): [2]
2025-08-17 11:19:06 - schedule_config - DEBUG - Schedule 4: Every 60 minutes for 6 package(s): [3, 4, 5, 6, 7, 8]
2025-08-17 11:19:06 - schedule_config - DEBUG - Schedule 5: Every 180 minutes for 9 package(s): [9, 10, 11, 12, 13, 14, 15, 16, 17]
2025-08-17 11:21:21 - schedule_config - DEBUG - Logger initialized for schedule_config at level DEBUG
2025-08-17 11:21:21 - schedule_config - INFO - Loading schedule configuration
2025-08-17 11:21:21 - schedule_config - INFO - Schedule configuration loaded: 5 schedules defined
2025-08-17 11:21:21 - schedule_config - INFO - Batch size set to: 50 coins per package
2025-08-17 11:21:21 - schedule_config - DEBUG - Schedule 1: Every 5 minutes for 1 package(s): [0]
2025-08-17 11:21:21 - schedule_config - DEBUG - Schedule 2: Every 10 minutes for 1 package(s): [1]
2025-08-17 11:21:21 - schedule_config - DEBUG - Schedule 3: Every 15 minutes for 1 package(s): [2]
2025-08-17 11:21:21 - schedule_config - DEBUG - Schedule 4: Every 60 minutes for 6 package(s): [3, 4, 5, 6, 7, 8]
2025-08-17 11:21:21 - schedule_config - DEBUG - Schedule 5: Every 180 minutes for 9 package(s): [9, 10, 11, 12, 13, 14, 15, 16, 17]
2025-08-17 11:23:32 - schedule_config - DEBUG - Logger initialized for schedule_config at level DEBUG
2025-08-17 11:23:32 - schedule_config - INFO - Loading schedule configuration
2025-08-17 11:23:32 - schedule_config - INFO - Schedule configuration loaded: 5 schedules defined
2025-08-17 11:23:32 - schedule_config - INFO - Batch size set to: 50 coins per package
2025-08-17 11:23:32 - schedule_config - DEBUG - Schedule 1: Every 5 minutes for 1 package(s): [0]
2025-08-17 11:23:32 - schedule_config - DEBUG - Schedule 2: Every 10 minutes for 1 package(s): [1]
2025-08-17 11:23:32 - schedule_config - DEBUG - Schedule 3: Every 15 minutes for 1 package(s): [2]
2025-08-17 11:23:32 - schedule_config - DEBUG - Schedule 4: Every 60 minutes for 6 package(s): [3, 4, 5, 6, 7, 8]
2025-08-17 11:23:32 - schedule_config - DEBUG - Schedule 5: Every 180 minutes for 9 package(s): [9, 10, 11, 12, 13, 14, 15, 16, 17]
2025-08-17 11:25:43 - schedule_config - DEBUG - Logger initialized for schedule_config at level DEBUG
2025-08-17 11:25:43 - schedule_config - INFO - Loading schedule configuration
2025-08-17 11:25:43 - schedule_config - INFO - Schedule configuration loaded: 5 schedules defined
2025-08-17 11:25:43 - schedule_config - INFO - Batch size set to: 50 coins per package
2025-08-17 11:25:43 - schedule_config - DEBUG - Schedule 1: Every 5 minutes for 1 package(s): [0]
2025-08-17 11:25:43 - schedule_config - DEBUG - Schedule 2: Every 10 minutes for 1 package(s): [1]
2025-08-17 11:25:43 - schedule_config - DEBUG - Schedule 3: Every 15 minutes for 1 package(s): [2]
2025-08-17 11:25:43 - schedule_config - DEBUG - Schedule 4: Every 60 minutes for 6 package(s): [3, 4, 5, 6, 7, 8]
2025-08-17 11:25:43 - schedule_config - DEBUG - Schedule 5: Every 180 minutes for 9 package(s): [9, 10, 11, 12, 13, 14, 15, 16, 17]
2025-08-17 11:27:54 - schedule_config - DEBUG - Logger initialized for schedule_config at level DEBUG
2025-08-17 11:27:54 - schedule_config - INFO - Loading schedule configuration
2025-08-17 11:27:54 - schedule_config - INFO - Schedule configuration loaded: 5 schedules defined
2025-08-17 11:27:54 - schedule_config - INFO - Batch size set to: 50 coins per package
2025-08-17 11:27:54 - schedule_config - DEBUG - Schedule 1: Every 5 minutes for 1 package(s): [0]
2025-08-17 11:27:54 - schedule_config - DEBUG - Schedule 2: Every 10 minutes for 1 package(s): [1]
2025-08-17 11:27:54 - schedule_config - DEBUG - Schedule 3: Every 15 minutes for 1 package(s): [2]
2025-08-17 11:27:54 - schedule_config - DEBUG - Schedule 4: Every 60 minutes for 6 package(s): [3, 4, 5, 6, 7, 8]
2025-08-17 11:27:54 - schedule_config - DEBUG - Schedule 5: Every 180 minutes for 9 package(s): [9, 10, 11, 12, 13, 14, 15, 16, 17]
2025-08-17 11:30:10 - schedule_config - DEBUG - Logger initialized for schedule_config at level DEBUG
2025-08-17 11:30:10 - schedule_config - INFO - Loading schedule configuration
2025-08-17 11:30:10 - schedule_config - INFO - Schedule configuration loaded: 5 schedules defined
2025-08-17 11:30:10 - schedule_config - INFO - Batch size set to: 50 coins per package
2025-08-17 11:30:10 - schedule_config - DEBUG - Schedule 1: Every 5 minutes for 1 package(s): [0]
2025-08-17 11:30:10 - schedule_config - DEBUG - Schedule 2: Every 10 minutes for 1 package(s): [1]
2025-08-17 11:30:10 - schedule_config - DEBUG - Schedule 3: Every 15 minutes for 1 package(s): [2]
2025-08-17 11:30:10 - schedule_config - DEBUG - Schedule 4: Every 60 minutes for 6 package(s): [3, 4, 5, 6, 7, 8]
2025-08-17 11:30:10 - schedule_config - DEBUG - Schedule 5: Every 180 minutes for 9 package(s): [9, 10, 11, 12, 13, 14, 15, 16, 17]
2025-08-17 11:32:24 - schedule_config - DEBUG - Logger initialized for schedule_config at level DEBUG
2025-08-17 11:32:24 - schedule_config - INFO - Loading schedule configuration
2025-08-17 11:32:24 - schedule_config - INFO - Schedule configuration loaded: 5 schedules defined
2025-08-17 11:32:24 - schedule_config - INFO - Batch size set to: 50 coins per package
2025-08-17 11:32:24 - schedule_config - DEBUG - Schedule 1: Every 5 minutes for 1 package(s): [0]
2025-08-17 11:32:24 - schedule_config - DEBUG - Schedule 2: Every 10 minutes for 1 package(s): [1]
2025-08-17 11:32:24 - schedule_config - DEBUG - Schedule 3: Every 15 minutes for 1 package(s): [2]
2025-08-17 11:32:24 - schedule_config - DEBUG - Schedule 4: Every 60 minutes for 6 package(s): [3, 4, 5, 6, 7, 8]
2025-08-17 11:32:24 - schedule_config - DEBUG - Schedule 5: Every 180 minutes for 9 package(s): [9, 10, 11, 12, 13, 14, 15, 16, 17]
2025-08-17 11:34:35 - schedule_config - DEBUG - Logger initialized for schedule_config at level DEBUG
2025-08-17 11:34:35 - schedule_config - INFO - Loading schedule configuration
2025-08-17 11:34:35 - schedule_config - INFO - Schedule configuration loaded: 5 schedules defined
2025-08-17 11:34:35 - schedule_config - INFO - Batch size set to: 50 coins per package
2025-08-17 11:34:35 - schedule_config - DEBUG - Schedule 1: Every 5 minutes for 1 package(s): [0]
2025-08-17 11:34:35 - schedule_config - DEBUG - Schedule 2: Every 10 minutes for 1 package(s): [1]
2025-08-17 11:34:35 - schedule_config - DEBUG - Schedule 3: Every 15 minutes for 1 package(s): [2]
2025-08-17 11:34:35 - schedule_config - DEBUG - Schedule 4: Every 60 minutes for 6 package(s): [3, 4, 5, 6, 7, 8]
2025-08-17 11:34:35 - schedule_config - DEBUG - Schedule 5: Every 180 minutes for 9 package(s): [9, 10, 11, 12, 13, 14, 15, 16, 17]
2025-08-17 11:36:46 - schedule_config - DEBUG - Logger initialized for schedule_config at level DEBUG
2025-08-17 11:36:46 - schedule_config - INFO - Loading schedule configuration
2025-08-17 11:36:46 - schedule_config - INFO - Schedule configuration loaded: 5 schedules defined
2025-08-17 11:36:46 - schedule_config - INFO - Batch size set to: 50 coins per package
2025-08-17 11:36:46 - schedule_config - DEBUG - Schedule 1: Every 5 minutes for 1 package(s): [0]
2025-08-17 11:36:46 - schedule_config - DEBUG - Schedule 2: Every 10 minutes for 1 package(s): [1]
2025-08-17 11:36:46 - schedule_config - DEBUG - Schedule 3: Every 15 minutes for 1 package(s): [2]
2025-08-17 11:36:46 - schedule_config - DEBUG - Schedule 4: Every 60 minutes for 6 package(s): [3, 4, 5, 6, 7, 8]
2025-08-17 11:36:46 - schedule_config - DEBUG - Schedule 5: Every 180 minutes for 9 package(s): [9, 10, 11, 12, 13, 14, 15, 16, 17]
2025-08-17 11:38:57 - schedule_config - DEBUG - Logger initialized for schedule_config at level DEBUG
2025-08-17 11:38:57 - schedule_config - INFO - Loading schedule configuration
2025-08-17 11:38:57 - schedule_config - INFO - Schedule configuration loaded: 5 schedules defined
2025-08-17 11:38:57 - schedule_config - INFO - Batch size set to: 50 coins per package
2025-08-17 11:38:57 - schedule_config - DEBUG - Schedule 1: Every 5 minutes for 1 package(s): [0]
2025-08-17 11:38:57 - schedule_config - DEBUG - Schedule 2: Every 10 minutes for 1 package(s): [1]
2025-08-17 11:38:57 - schedule_config - DEBUG - Schedule 3: Every 15 minutes for 1 package(s): [2]
2025-08-17 11:38:57 - schedule_config - DEBUG - Schedule 4: Every 60 minutes for 6 package(s): [3, 4, 5, 6, 7, 8]
2025-08-17 11:38:57 - schedule_config - DEBUG - Schedule 5: Every 180 minutes for 9 package(s): [9, 10, 11, 12, 13, 14, 15, 16, 17]
2025-08-17 11:41:08 - schedule_config - DEBUG - Logger initialized for schedule_config at level DEBUG
2025-08-17 11:41:08 - schedule_config - INFO - Loading schedule configuration
2025-08-17 11:41:08 - schedule_config - INFO - Schedule configuration loaded: 5 schedules defined
2025-08-17 11:41:08 - schedule_config - INFO - Batch size set to: 50 coins per package
2025-08-17 11:41:08 - schedule_config - DEBUG - Schedule 1: Every 5 minutes for 1 package(s): [0]
2025-08-17 11:41:08 - schedule_config - DEBUG - Schedule 2: Every 10 minutes for 1 package(s): [1]
2025-08-17 11:41:08 - schedule_config - DEBUG - Schedule 3: Every 15 minutes for 1 package(s): [2]
2025-08-17 11:41:08 - schedule_config - DEBUG - Schedule 4: Every 60 minutes for 6 package(s): [3, 4, 5, 6, 7, 8]
2025-08-17 11:41:08 - schedule_config - DEBUG - Schedule 5: Every 180 minutes for 9 package(s): [9, 10, 11, 12, 13, 14, 15, 16, 17]
2025-08-17 11:43:20 - schedule_config - DEBUG - Logger initialized for schedule_config at level DEBUG
2025-08-17 11:43:20 - schedule_config - INFO - Loading schedule configuration
2025-08-17 11:43:20 - schedule_config - INFO - Schedule configuration loaded: 5 schedules defined
2025-08-17 11:43:20 - schedule_config - INFO - Batch size set to: 50 coins per package
2025-08-17 11:43:20 - schedule_config - DEBUG - Schedule 1: Every 5 minutes for 1 package(s): [0]
2025-08-17 11:43:20 - schedule_config - DEBUG - Schedule 2: Every 10 minutes for 1 package(s): [1]
2025-08-17 11:43:20 - schedule_config - DEBUG - Schedule 3: Every 15 minutes for 1 package(s): [2]
2025-08-17 11:43:20 - schedule_config - DEBUG - Schedule 4: Every 60 minutes for 6 package(s): [3, 4, 5, 6, 7, 8]
2025-08-17 11:43:20 - schedule_config - DEBUG - Schedule 5: Every 180 minutes for 9 package(s): [9, 10, 11, 12, 13, 14, 15, 16, 17]
2025-08-17 11:45:35 - schedule_config - DEBUG - Logger initialized for schedule_config at level DEBUG
2025-08-17 11:45:35 - schedule_config - INFO - Loading schedule configuration
2025-08-17 11:45:35 - schedule_config - INFO - Schedule configuration loaded: 5 schedules defined
2025-08-17 11:45:35 - schedule_config - INFO - Batch size set to: 50 coins per package
2025-08-17 11:45:35 - schedule_config - DEBUG - Schedule 1: Every 5 minutes for 1 package(s): [0]
2025-08-17 11:45:35 - schedule_config - DEBUG - Schedule 2: Every 10 minutes for 1 package(s): [1]
2025-08-17 11:45:35 - schedule_config - DEBUG - Schedule 3: Every 15 minutes for 1 package(s): [2]
2025-08-17 11:45:35 - schedule_config - DEBUG - Schedule 4: Every 60 minutes for 6 package(s): [3, 4, 5, 6, 7, 8]
2025-08-17 11:45:35 - schedule_config - DEBUG - Schedule 5: Every 180 minutes for 9 package(s): [9, 10, 11, 12, 13, 14, 15, 16, 17]
2025-08-17 11:47:46 - schedule_config - DEBUG - Logger initialized for schedule_config at level DEBUG
2025-08-17 11:47:46 - schedule_config - INFO - Loading schedule configuration
2025-08-17 11:47:46 - schedule_config - INFO - Schedule configuration loaded: 5 schedules defined
2025-08-17 11:47:46 - schedule_config - INFO - Batch size set to: 50 coins per package
2025-08-17 11:47:46 - schedule_config - DEBUG - Schedule 1: Every 5 minutes for 1 package(s): [0]
2025-08-17 11:47:46 - schedule_config - DEBUG - Schedule 2: Every 10 minutes for 1 package(s): [1]
2025-08-17 11:47:46 - schedule_config - DEBUG - Schedule 3: Every 15 minutes for 1 package(s): [2]
2025-08-17 11:47:46 - schedule_config - DEBUG - Schedule 4: Every 60 minutes for 6 package(s): [3, 4, 5, 6, 7, 8]
2025-08-17 11:47:46 - schedule_config - DEBUG - Schedule 5: Every 180 minutes for 9 package(s): [9, 10, 11, 12, 13, 14, 15, 16, 17]
2025-08-17 11:49:57 - schedule_config - DEBUG - Logger initialized for schedule_config at level DEBUG
2025-08-17 11:49:57 - schedule_config - INFO - Loading schedule configuration
2025-08-17 11:49:57 - schedule_config - INFO - Schedule configuration loaded: 5 schedules defined
2025-08-17 11:49:57 - schedule_config - INFO - Batch size set to: 50 coins per package
2025-08-17 11:49:57 - schedule_config - DEBUG - Schedule 1: Every 5 minutes for 1 package(s): [0]
2025-08-17 11:49:57 - schedule_config - DEBUG - Schedule 2: Every 10 minutes for 1 package(s): [1]
2025-08-17 11:49:57 - schedule_config - DEBUG - Schedule 3: Every 15 minutes for 1 package(s): [2]
2025-08-17 11:49:57 - schedule_config - DEBUG - Schedule 4: Every 60 minutes for 6 package(s): [3, 4, 5, 6, 7, 8]
2025-08-17 11:49:57 - schedule_config - DEBUG - Schedule 5: Every 180 minutes for 9 package(s): [9, 10, 11, 12, 13, 14, 15, 16, 17]
2025-08-17 11:52:08 - schedule_config - DEBUG - Logger initialized for schedule_config at level DEBUG
2025-08-17 11:52:08 - schedule_config - INFO - Loading schedule configuration
2025-08-17 11:52:08 - schedule_config - INFO - Schedule configuration loaded: 5 schedules defined
2025-08-17 11:52:08 - schedule_config - INFO - Batch size set to: 50 coins per package
2025-08-17 11:52:08 - schedule_config - DEBUG - Schedule 1: Every 5 minutes for 1 package(s): [0]
2025-08-17 11:52:08 - schedule_config - DEBUG - Schedule 2: Every 10 minutes for 1 package(s): [1]
2025-08-17 11:52:08 - schedule_config - DEBUG - Schedule 3: Every 15 minutes for 1 package(s): [2]
2025-08-17 11:52:08 - schedule_config - DEBUG - Schedule 4: Every 60 minutes for 6 package(s): [3, 4, 5, 6, 7, 8]
2025-08-17 11:52:08 - schedule_config - DEBUG - Schedule 5: Every 180 minutes for 9 package(s): [9, 10, 11, 12, 13, 14, 15, 16, 17]
2025-08-17 11:54:19 - schedule_config - DEBUG - Logger initialized for schedule_config at level DEBUG
2025-08-17 11:54:19 - schedule_config - INFO - Loading schedule configuration
2025-08-17 11:54:19 - schedule_config - INFO - Schedule configuration loaded: 5 schedules defined
2025-08-17 11:54:19 - schedule_config - INFO - Batch size set to: 50 coins per package
2025-08-17 11:54:19 - schedule_config - DEBUG - Schedule 1: Every 5 minutes for 1 package(s): [0]
2025-08-17 11:54:19 - schedule_config - DEBUG - Schedule 2: Every 10 minutes for 1 package(s): [1]
2025-08-17 11:54:19 - schedule_config - DEBUG - Schedule 3: Every 15 minutes for 1 package(s): [2]
2025-08-17 11:54:19 - schedule_config - DEBUG - Schedule 4: Every 60 minutes for 6 package(s): [3, 4, 5, 6, 7, 8]
2025-08-17 11:54:19 - schedule_config - DEBUG - Schedule 5: Every 180 minutes for 9 package(s): [9, 10, 11, 12, 13, 14, 15, 16, 17]
2025-08-17 11:56:30 - schedule_config - DEBUG - Logger initialized for schedule_config at level DEBUG
2025-08-17 11:56:30 - schedule_config - INFO - Loading schedule configuration
2025-08-17 11:56:30 - schedule_config - INFO - Schedule configuration loaded: 5 schedules defined
2025-08-17 11:56:30 - schedule_config - INFO - Batch size set to: 50 coins per package
2025-08-17 11:56:30 - schedule_config - DEBUG - Schedule 1: Every 5 minutes for 1 package(s): [0]
2025-08-17 11:56:30 - schedule_config - DEBUG - Schedule 2: Every 10 minutes for 1 package(s): [1]
2025-08-17 11:56:30 - schedule_config - DEBUG - Schedule 3: Every 15 minutes for 1 package(s): [2]
2025-08-17 11:56:30 - schedule_config - DEBUG - Schedule 4: Every 60 minutes for 6 package(s): [3, 4, 5, 6, 7, 8]
2025-08-17 11:56:30 - schedule_config - DEBUG - Schedule 5: Every 180 minutes for 9 package(s): [9, 10, 11, 12, 13, 14, 15, 16, 17]
2025-08-17 11:58:41 - schedule_config - DEBUG - Logger initialized for schedule_config at level DEBUG
2025-08-17 11:58:41 - schedule_config - INFO - Loading schedule configuration
2025-08-17 11:58:41 - schedule_config - INFO - Schedule configuration loaded: 5 schedules defined
2025-08-17 11:58:41 - schedule_config - INFO - Batch size set to: 50 coins per package
2025-08-17 11:58:41 - schedule_config - DEBUG - Schedule 1: Every 5 minutes for 1 package(s): [0]
2025-08-17 11:58:41 - schedule_config - DEBUG - Schedule 2: Every 10 minutes for 1 package(s): [1]
2025-08-17 11:58:41 - schedule_config - DEBUG - Schedule 3: Every 15 minutes for 1 package(s): [2]
2025-08-17 11:58:41 - schedule_config - DEBUG - Schedule 4: Every 60 minutes for 6 package(s): [3, 4, 5, 6, 7, 8]
2025-08-17 11:58:41 - schedule_config - DEBUG - Schedule 5: Every 180 minutes for 9 package(s): [9, 10, 11, 12, 13, 14, 15, 16, 17]
2025-08-17 12:00:52 - schedule_config - DEBUG - Logger initialized for schedule_config at level DEBUG
2025-08-17 12:00:52 - schedule_config - INFO - Loading schedule configuration
2025-08-17 12:00:52 - schedule_config - INFO - Schedule configuration loaded: 5 schedules defined
2025-08-17 12:00:52 - schedule_config - INFO - Batch size set to: 50 coins per package
2025-08-17 12:00:52 - schedule_config - DEBUG - Schedule 1: Every 5 minutes for 1 package(s): [0]
2025-08-17 12:00:52 - schedule_config - DEBUG - Schedule 2: Every 10 minutes for 1 package(s): [1]
2025-08-17 12:00:52 - schedule_config - DEBUG - Schedule 3: Every 15 minutes for 1 package(s): [2]
2025-08-17 12:00:52 - schedule_config - DEBUG - Schedule 4: Every 60 minutes for 6 package(s): [3, 4, 5, 6, 7, 8]
2025-08-17 12:00:52 - schedule_config - DEBUG - Schedule 5: Every 180 minutes for 9 package(s): [9, 10, 11, 12, 13, 14, 15, 16, 17]
2025-08-17 12:03:04 - schedule_config - DEBUG - Logger initialized for schedule_config at level DEBUG
2025-08-17 12:03:04 - schedule_config - INFO - Loading schedule configuration
2025-08-17 12:03:04 - schedule_config - INFO - Schedule configuration loaded: 5 schedules defined
2025-08-17 12:03:04 - schedule_config - INFO - Batch size set to: 50 coins per package
2025-08-17 12:03:04 - schedule_config - DEBUG - Schedule 1: Every 5 minutes for 1 package(s): [0]
2025-08-17 12:03:04 - schedule_config - DEBUG - Schedule 2: Every 10 minutes for 1 package(s): [1]
2025-08-17 12:03:04 - schedule_config - DEBUG - Schedule 3: Every 15 minutes for 1 package(s): [2]
2025-08-17 12:03:04 - schedule_config - DEBUG - Schedule 4: Every 60 minutes for 6 package(s): [3, 4, 5, 6, 7, 8]
2025-08-17 12:03:04 - schedule_config - DEBUG - Schedule 5: Every 180 minutes for 9 package(s): [9, 10, 11, 12, 13, 14, 15, 16, 17]
2025-08-17 12:05:18 - schedule_config - DEBUG - Logger initialized for schedule_config at level DEBUG
2025-08-17 12:05:18 - schedule_config - INFO - Loading schedule configuration
2025-08-17 12:05:18 - schedule_config - INFO - Schedule configuration loaded: 5 schedules defined
2025-08-17 12:05:18 - schedule_config - INFO - Batch size set to: 50 coins per package
2025-08-17 12:05:18 - schedule_config - DEBUG - Schedule 1: Every 5 minutes for 1 package(s): [0]
2025-08-17 12:05:18 - schedule_config - DEBUG - Schedule 2: Every 10 minutes for 1 package(s): [1]
2025-08-17 12:05:18 - schedule_config - DEBUG - Schedule 3: Every 15 minutes for 1 package(s): [2]
2025-08-17 12:05:18 - schedule_config - DEBUG - Schedule 4: Every 60 minutes for 6 package(s): [3, 4, 5, 6, 7, 8]
2025-08-17 12:05:18 - schedule_config - DEBUG - Schedule 5: Every 180 minutes for 9 package(s): [9, 10, 11, 12, 13, 14, 15, 16, 17]
2025-08-17 12:07:29 - schedule_config - DEBUG - Logger initialized for schedule_config at level DEBUG
2025-08-17 12:07:29 - schedule_config - INFO - Loading schedule configuration
2025-08-17 12:07:29 - schedule_config - INFO - Schedule configuration loaded: 5 schedules defined
2025-08-17 12:07:29 - schedule_config - INFO - Batch size set to: 50 coins per package
2025-08-17 12:07:29 - schedule_config - DEBUG - Schedule 1: Every 5 minutes for 1 package(s): [0]
2025-08-17 12:07:29 - schedule_config - DEBUG - Schedule 2: Every 10 minutes for 1 package(s): [1]
2025-08-17 12:07:29 - schedule_config - DEBUG - Schedule 3: Every 15 minutes for 1 package(s): [2]
2025-08-17 12:07:29 - schedule_config - DEBUG - Schedule 4: Every 60 minutes for 6 package(s): [3, 4, 5, 6, 7, 8]
2025-08-17 12:07:29 - schedule_config - DEBUG - Schedule 5: Every 180 minutes for 9 package(s): [9, 10, 11, 12, 13, 14, 15, 16, 17]
2025-08-17 12:09:41 - schedule_config - DEBUG - Logger initialized for schedule_config at level DEBUG
2025-08-17 12:09:41 - schedule_config - INFO - Loading schedule configuration
2025-08-17 12:09:41 - schedule_config - INFO - Schedule configuration loaded: 5 schedules defined
2025-08-17 12:09:41 - schedule_config - INFO - Batch size set to: 50 coins per package
2025-08-17 12:09:41 - schedule_config - DEBUG - Schedule 1: Every 5 minutes for 1 package(s): [0]
2025-08-17 12:09:41 - schedule_config - DEBUG - Schedule 2: Every 10 minutes for 1 package(s): [1]
2025-08-17 12:09:41 - schedule_config - DEBUG - Schedule 3: Every 15 minutes for 1 package(s): [2]
2025-08-17 12:09:41 - schedule_config - DEBUG - Schedule 4: Every 60 minutes for 6 package(s): [3, 4, 5, 6, 7, 8]
2025-08-17 12:09:41 - schedule_config - DEBUG - Schedule 5: Every 180 minutes for 9 package(s): [9, 10, 11, 12, 13, 14, 15, 16, 17]
2025-08-17 12:11:51 - schedule_config - DEBUG - Logger initialized for schedule_config at level DEBUG
2025-08-17 12:11:51 - schedule_config - INFO - Loading schedule configuration
2025-08-17 12:11:51 - schedule_config - INFO - Schedule configuration loaded: 5 schedules defined
2025-08-17 12:11:51 - schedule_config - INFO - Batch size set to: 50 coins per package
2025-08-17 12:11:51 - schedule_config - DEBUG - Schedule 1: Every 5 minutes for 1 package(s): [0]
2025-08-17 12:11:51 - schedule_config - DEBUG - Schedule 2: Every 10 minutes for 1 package(s): [1]
2025-08-17 12:11:51 - schedule_config - DEBUG - Schedule 3: Every 15 minutes for 1 package(s): [2]
2025-08-17 12:11:51 - schedule_config - DEBUG - Schedule 4: Every 60 minutes for 6 package(s): [3, 4, 5, 6, 7, 8]
2025-08-17 12:11:51 - schedule_config - DEBUG - Schedule 5: Every 180 minutes for 9 package(s): [9, 10, 11, 12, 13, 14, 15, 16, 17]
2025-08-17 12:14:03 - schedule_config - DEBUG - Logger initialized for schedule_config at level DEBUG
2025-08-17 12:14:03 - schedule_config - INFO - Loading schedule configuration
2025-08-17 12:14:03 - schedule_config - INFO - Schedule configuration loaded: 5 schedules defined
2025-08-17 12:14:03 - schedule_config - INFO - Batch size set to: 50 coins per package
2025-08-17 12:14:03 - schedule_config - DEBUG - Schedule 1: Every 5 minutes for 1 package(s): [0]
2025-08-17 12:14:03 - schedule_config - DEBUG - Schedule 2: Every 10 minutes for 1 package(s): [1]
2025-08-17 12:14:03 - schedule_config - DEBUG - Schedule 3: Every 15 minutes for 1 package(s): [2]
2025-08-17 12:14:03 - schedule_config - DEBUG - Schedule 4: Every 60 minutes for 6 package(s): [3, 4, 5, 6, 7, 8]
2025-08-17 12:14:03 - schedule_config - DEBUG - Schedule 5: Every 180 minutes for 9 package(s): [9, 10, 11, 12, 13, 14, 15, 16, 17]
2025-08-17 12:16:18 - schedule_config - DEBUG - Logger initialized for schedule_config at level DEBUG
2025-08-17 12:16:18 - schedule_config - INFO - Loading schedule configuration
2025-08-17 12:16:18 - schedule_config - INFO - Schedule configuration loaded: 5 schedules defined
2025-08-17 12:16:18 - schedule_config - INFO - Batch size set to: 50 coins per package
2025-08-17 12:16:18 - schedule_config - DEBUG - Schedule 1: Every 5 minutes for 1 package(s): [0]
2025-08-17 12:16:18 - schedule_config - DEBUG - Schedule 2: Every 10 minutes for 1 package(s): [1]
2025-08-17 12:16:18 - schedule_config - DEBUG - Schedule 3: Every 15 minutes for 1 package(s): [2]
2025-08-17 12:16:18 - schedule_config - DEBUG - Schedule 4: Every 60 minutes for 6 package(s): [3, 4, 5, 6, 7, 8]
2025-08-17 12:16:18 - schedule_config - DEBUG - Schedule 5: Every 180 minutes for 9 package(s): [9, 10, 11, 12, 13, 14, 15, 16, 17]
2025-08-17 12:18:29 - schedule_config - DEBUG - Logger initialized for schedule_config at level DEBUG
2025-08-17 12:18:29 - schedule_config - INFO - Loading schedule configuration
2025-08-17 12:18:29 - schedule_config - INFO - Schedule configuration loaded: 5 schedules defined
2025-08-17 12:18:29 - schedule_config - INFO - Batch size set to: 50 coins per package
2025-08-17 12:18:29 - schedule_config - DEBUG - Schedule 1: Every 5 minutes for 1 package(s): [0]
2025-08-17 12:18:29 - schedule_config - DEBUG - Schedule 2: Every 10 minutes for 1 package(s): [1]
2025-08-17 12:18:29 - schedule_config - DEBUG - Schedule 3: Every 15 minutes for 1 package(s): [2]
2025-08-17 12:18:29 - schedule_config - DEBUG - Schedule 4: Every 60 minutes for 6 package(s): [3, 4, 5, 6, 7, 8]
2025-08-17 12:18:29 - schedule_config - DEBUG - Schedule 5: Every 180 minutes for 9 package(s): [9, 10, 11, 12, 13, 14, 15, 16, 17]
2025-08-17 12:20:40 - schedule_config - DEBUG - Logger initialized for schedule_config at level DEBUG
2025-08-17 12:20:40 - schedule_config - INFO - Loading schedule configuration
2025-08-17 12:20:40 - schedule_config - INFO - Schedule configuration loaded: 5 schedules defined
2025-08-17 12:20:40 - schedule_config - INFO - Batch size set to: 50 coins per package
2025-08-17 12:20:40 - schedule_config - DEBUG - Schedule 1: Every 5 minutes for 1 package(s): [0]
2025-08-17 12:20:40 - schedule_config - DEBUG - Schedule 2: Every 10 minutes for 1 package(s): [1]
2025-08-17 12:20:40 - schedule_config - DEBUG - Schedule 3: Every 15 minutes for 1 package(s): [2]
2025-08-17 12:20:40 - schedule_config - DEBUG - Schedule 4: Every 60 minutes for 6 package(s): [3, 4, 5, 6, 7, 8]
2025-08-17 12:20:40 - schedule_config - DEBUG - Schedule 5: Every 180 minutes for 9 package(s): [9, 10, 11, 12, 13, 14, 15, 16, 17]
2025-08-17 12:22:51 - schedule_config - DEBUG - Logger initialized for schedule_config at level DEBUG
2025-08-17 12:22:51 - schedule_config - INFO - Loading schedule configuration
2025-08-17 12:22:51 - schedule_config - INFO - Schedule configuration loaded: 5 schedules defined
2025-08-17 12:22:51 - schedule_config - INFO - Batch size set to: 50 coins per package
2025-08-17 12:22:51 - schedule_config - DEBUG - Schedule 1: Every 5 minutes for 1 package(s): [0]
2025-08-17 12:22:51 - schedule_config - DEBUG - Schedule 2: Every 10 minutes for 1 package(s): [1]
2025-08-17 12:22:51 - schedule_config - DEBUG - Schedule 3: Every 15 minutes for 1 package(s): [2]
2025-08-17 12:22:51 - schedule_config - DEBUG - Schedule 4: Every 60 minutes for 6 package(s): [3, 4, 5, 6, 7, 8]
2025-08-17 12:22:51 - schedule_config - DEBUG - Schedule 5: Every 180 minutes for 9 package(s): [9, 10, 11, 12, 13, 14, 15, 16, 17]
2025-08-17 12:25:03 - schedule_config - DEBUG - Logger initialized for schedule_config at level DEBUG
2025-08-17 12:25:03 - schedule_config - INFO - Loading schedule configuration
2025-08-17 12:25:03 - schedule_config - INFO - Schedule configuration loaded: 5 schedules defined
2025-08-17 12:25:03 - schedule_config - INFO - Batch size set to: 50 coins per package
2025-08-17 12:25:03 - schedule_config - DEBUG - Schedule 1: Every 5 minutes for 1 package(s): [0]
2025-08-17 12:25:03 - schedule_config - DEBUG - Schedule 2: Every 10 minutes for 1 package(s): [1]
2025-08-17 12:25:03 - schedule_config - DEBUG - Schedule 3: Every 15 minutes for 1 package(s): [2]
2025-08-17 12:25:03 - schedule_config - DEBUG - Schedule 4: Every 60 minutes for 6 package(s): [3, 4, 5, 6, 7, 8]
2025-08-17 12:25:03 - schedule_config - DEBUG - Schedule 5: Every 180 minutes for 9 package(s): [9, 10, 11, 12, 13, 14, 15, 16, 17]
2025-08-17 12:26:10 - schedule_config - DEBUG - Logger initialized for schedule_config at level DEBUG
2025-08-17 12:26:10 - schedule_config - INFO - Loading schedule configuration
2025-08-17 12:26:10 - schedule_config - INFO - Schedule configuration loaded: 5 schedules defined
2025-08-17 12:26:10 - schedule_config - INFO - Batch size set to: 50 coins per package
2025-08-17 12:26:10 - schedule_config - DEBUG - Schedule 1: Every 5 minutes for 1 package(s): [0]
2025-08-17 12:26:10 - schedule_config - DEBUG - Schedule 2: Every 10 minutes for 1 package(s): [1]
2025-08-17 12:26:10 - schedule_config - DEBUG - Schedule 3: Every 15 minutes for 1 package(s): [2]
2025-08-17 12:26:10 - schedule_config - DEBUG - Schedule 4: Every 60 minutes for 6 package(s): [3, 4, 5, 6, 7, 8]
2025-08-17 12:26:10 - schedule_config - DEBUG - Schedule 5: Every 180 minutes for 9 package(s): [9, 10, 11, 12, 13, 14, 15, 16, 17]
2025-08-17 12:28:23 - schedule_config - DEBUG - Logger initialized for schedule_config at level DEBUG
2025-08-17 12:28:23 - schedule_config - INFO - Loading schedule configuration
2025-08-17 12:28:23 - schedule_config - INFO - Schedule configuration loaded: 5 schedules defined
2025-08-17 12:28:23 - schedule_config - INFO - Batch size set to: 50 coins per package
2025-08-17 12:28:23 - schedule_config - DEBUG - Schedule 1: Every 5 minutes for 1 package(s): [0]
2025-08-17 12:28:23 - schedule_config - DEBUG - Schedule 2: Every 10 minutes for 1 package(s): [1]
2025-08-17 12:28:23 - schedule_config - DEBUG - Schedule 3: Every 15 minutes for 1 package(s): [2]
2025-08-17 12:28:23 - schedule_config - DEBUG - Schedule 4: Every 60 minutes for 6 package(s): [3, 4, 5, 6, 7, 8]
2025-08-17 12:28:23 - schedule_config - DEBUG - Schedule 5: Every 180 minutes for 9 package(s): [9, 10, 11, 12, 13, 14, 15, 16, 17]
2025-08-17 12:30:34 - schedule_config - DEBUG - Logger initialized for schedule_config at level DEBUG
2025-08-17 12:30:34 - schedule_config - INFO - Loading schedule configuration
2025-08-17 12:30:34 - schedule_config - INFO - Schedule configuration loaded: 5 schedules defined
2025-08-17 12:30:34 - schedule_config - INFO - Batch size set to: 50 coins per package
2025-08-17 12:30:34 - schedule_config - DEBUG - Schedule 1: Every 5 minutes for 1 package(s): [0]
2025-08-17 12:30:34 - schedule_config - DEBUG - Schedule 2: Every 10 minutes for 1 package(s): [1]
2025-08-17 12:30:34 - schedule_config - DEBUG - Schedule 3: Every 15 minutes for 1 package(s): [2]
2025-08-17 12:30:34 - schedule_config - DEBUG - Schedule 4: Every 60 minutes for 6 package(s): [3, 4, 5, 6, 7, 8]
2025-08-17 12:30:34 - schedule_config - DEBUG - Schedule 5: Every 180 minutes for 9 package(s): [9, 10, 11, 12, 13, 14, 15, 16, 17]
2025-08-17 12:32:49 - schedule_config - DEBUG - Logger initialized for schedule_config at level DEBUG
2025-08-17 12:32:49 - schedule_config - INFO - Loading schedule configuration
2025-08-17 12:32:49 - schedule_config - INFO - Schedule configuration loaded: 5 schedules defined
2025-08-17 12:32:49 - schedule_config - INFO - Batch size set to: 50 coins per package
2025-08-17 12:32:49 - schedule_config - DEBUG - Schedule 1: Every 5 minutes for 1 package(s): [0]
2025-08-17 12:32:49 - schedule_config - DEBUG - Schedule 2: Every 10 minutes for 1 package(s): [1]
2025-08-17 12:32:49 - schedule_config - DEBUG - Schedule 3: Every 15 minutes for 1 package(s): [2]
2025-08-17 12:32:49 - schedule_config - DEBUG - Schedule 4: Every 60 minutes for 6 package(s): [3, 4, 5, 6, 7, 8]
2025-08-17 12:32:49 - schedule_config - DEBUG - Schedule 5: Every 180 minutes for 9 package(s): [9, 10, 11, 12, 13, 14, 15, 16, 17]
2025-08-17 12:35:01 - schedule_config - DEBUG - Logger initialized for schedule_config at level DEBUG
2025-08-17 12:35:01 - schedule_config - INFO - Loading schedule configuration
2025-08-17 12:35:01 - schedule_config - INFO - Schedule configuration loaded: 5 schedules defined
2025-08-17 12:35:01 - schedule_config - INFO - Batch size set to: 50 coins per package
2025-08-17 12:35:01 - schedule_config - DEBUG - Schedule 1: Every 5 minutes for 1 package(s): [0]
2025-08-17 12:35:01 - schedule_config - DEBUG - Schedule 2: Every 10 minutes for 1 package(s): [1]
2025-08-17 12:35:01 - schedule_config - DEBUG - Schedule 3: Every 15 minutes for 1 package(s): [2]
2025-08-17 12:35:01 - schedule_config - DEBUG - Schedule 4: Every 60 minutes for 6 package(s): [3, 4, 5, 6, 7, 8]
2025-08-17 12:35:01 - schedule_config - DEBUG - Schedule 5: Every 180 minutes for 9 package(s): [9, 10, 11, 12, 13, 14, 15, 16, 17]
2025-08-17 12:37:16 - schedule_config - DEBUG - Logger initialized for schedule_config at level DEBUG
2025-08-17 12:37:16 - schedule_config - INFO - Loading schedule configuration
2025-08-17 12:37:16 - schedule_config - INFO - Schedule configuration loaded: 5 schedules defined
2025-08-17 12:37:16 - schedule_config - INFO - Batch size set to: 50 coins per package
2025-08-17 12:37:16 - schedule_config - DEBUG - Schedule 1: Every 5 minutes for 1 package(s): [0]
2025-08-17 12:37:16 - schedule_config - DEBUG - Schedule 2: Every 10 minutes for 1 package(s): [1]
2025-08-17 12:37:16 - schedule_config - DEBUG - Schedule 3: Every 15 minutes for 1 package(s): [2]
2025-08-17 12:37:16 - schedule_config - DEBUG - Schedule 4: Every 60 minutes for 6 package(s): [3, 4, 5, 6, 7, 8]
2025-08-17 12:37:16 - schedule_config - DEBUG - Schedule 5: Every 180 minutes for 9 package(s): [9, 10, 11, 12, 13, 14, 15, 16, 17]
2025-08-17 12:39:31 - schedule_config - DEBUG - Logger initialized for schedule_config at level DEBUG
2025-08-17 12:39:31 - schedule_config - INFO - Loading schedule configuration
2025-08-17 12:39:31 - schedule_config - INFO - Schedule configuration loaded: 5 schedules defined
2025-08-17 12:39:31 - schedule_config - INFO - Batch size set to: 50 coins per package
2025-08-17 12:39:31 - schedule_config - DEBUG - Schedule 1: Every 5 minutes for 1 package(s): [0]
2025-08-17 12:39:31 - schedule_config - DEBUG - Schedule 2: Every 10 minutes for 1 package(s): [1]
2025-08-17 12:39:31 - schedule_config - DEBUG - Schedule 3: Every 15 minutes for 1 package(s): [2]
2025-08-17 12:39:31 - schedule_config - DEBUG - Schedule 4: Every 60 minutes for 6 package(s): [3, 4, 5, 6, 7, 8]
2025-08-17 12:39:31 - schedule_config - DEBUG - Schedule 5: Every 180 minutes for 9 package(s): [9, 10, 11, 12, 13, 14, 15, 16, 17]
2025-08-17 12:41:41 - schedule_config - DEBUG - Logger initialized for schedule_config at level DEBUG
2025-08-17 12:41:41 - schedule_config - INFO - Loading schedule configuration
2025-08-17 12:41:41 - schedule_config - INFO - Schedule configuration loaded: 5 schedules defined
2025-08-17 12:41:41 - schedule_config - INFO - Batch size set to: 50 coins per package
2025-08-17 12:41:41 - schedule_config - DEBUG - Schedule 1: Every 5 minutes for 1 package(s): [0]
2025-08-17 12:41:41 - schedule_config - DEBUG - Schedule 2: Every 10 minutes for 1 package(s): [1]
2025-08-17 12:41:41 - schedule_config - DEBUG - Schedule 3: Every 15 minutes for 1 package(s): [2]
2025-08-17 12:41:41 - schedule_config - DEBUG - Schedule 4: Every 60 minutes for 6 package(s): [3, 4, 5, 6, 7, 8]
2025-08-17 12:41:41 - schedule_config - DEBUG - Schedule 5: Every 180 minutes for 9 package(s): [9, 10, 11, 12, 13, 14, 15, 16, 17]
2025-08-17 12:43:53 - schedule_config - DEBUG - Logger initialized for schedule_config at level DEBUG
2025-08-17 12:43:53 - schedule_config - INFO - Loading schedule configuration
2025-08-17 12:43:53 - schedule_config - INFO - Schedule configuration loaded: 5 schedules defined
2025-08-17 12:43:53 - schedule_config - INFO - Batch size set to: 50 coins per package
2025-08-17 12:43:53 - schedule_config - DEBUG - Schedule 1: Every 5 minutes for 1 package(s): [0]
2025-08-17 12:43:53 - schedule_config - DEBUG - Schedule 2: Every 10 minutes for 1 package(s): [1]
2025-08-17 12:43:53 - schedule_config - DEBUG - Schedule 3: Every 15 minutes for 1 package(s): [2]
2025-08-17 12:43:53 - schedule_config - DEBUG - Schedule 4: Every 60 minutes for 6 package(s): [3, 4, 5, 6, 7, 8]
2025-08-17 12:43:53 - schedule_config - DEBUG - Schedule 5: Every 180 minutes for 9 package(s): [9, 10, 11, 12, 13, 14, 15, 16, 17]
2025-08-17 12:46:04 - schedule_config - DEBUG - Logger initialized for schedule_config at level DEBUG
2025-08-17 12:46:04 - schedule_config - INFO - Loading schedule configuration
2025-08-17 12:46:04 - schedule_config - INFO - Schedule configuration loaded: 5 schedules defined
2025-08-17 12:46:04 - schedule_config - INFO - Batch size set to: 50 coins per package
2025-08-17 12:46:04 - schedule_config - DEBUG - Schedule 1: Every 5 minutes for 1 package(s): [0]
2025-08-17 12:46:04 - schedule_config - DEBUG - Schedule 2: Every 10 minutes for 1 package(s): [1]
2025-08-17 12:46:04 - schedule_config - DEBUG - Schedule 3: Every 15 minutes for 1 package(s): [2]
2025-08-17 12:46:04 - schedule_config - DEBUG - Schedule 4: Every 60 minutes for 6 package(s): [3, 4, 5, 6, 7, 8]
2025-08-17 12:46:04 - schedule_config - DEBUG - Schedule 5: Every 180 minutes for 9 package(s): [9, 10, 11, 12, 13, 14, 15, 16, 17]
2025-08-17 12:48:19 - schedule_config - DEBUG - Logger initialized for schedule_config at level DEBUG
2025-08-17 12:48:19 - schedule_config - INFO - Loading schedule configuration
2025-08-17 12:48:19 - schedule_config - INFO - Schedule configuration loaded: 5 schedules defined
2025-08-17 12:48:19 - schedule_config - INFO - Batch size set to: 50 coins per package
2025-08-17 12:48:19 - schedule_config - DEBUG - Schedule 1: Every 5 minutes for 1 package(s): [0]
2025-08-17 12:48:19 - schedule_config - DEBUG - Schedule 2: Every 10 minutes for 1 package(s): [1]
2025-08-17 12:48:19 - schedule_config - DEBUG - Schedule 3: Every 15 minutes for 1 package(s): [2]
2025-08-17 12:48:19 - schedule_config - DEBUG - Schedule 4: Every 60 minutes for 6 package(s): [3, 4, 5, 6, 7, 8]
2025-08-17 12:48:19 - schedule_config - DEBUG - Schedule 5: Every 180 minutes for 9 package(s): [9, 10, 11, 12, 13, 14, 15, 16, 17]
2025-08-17 12:48:38 - schedule_config - DEBUG - Logger initialized for schedule_config at level DEBUG
2025-08-17 12:48:38 - schedule_config - INFO - Loading schedule configuration
2025-08-17 12:48:38 - schedule_config - INFO - Schedule configuration loaded: 5 schedules defined
2025-08-17 12:48:38 - schedule_config - INFO - Batch size set to: 50 coins per package
2025-08-17 12:48:38 - schedule_config - DEBUG - Schedule 1: Every 5 minutes for 1 package(s): [0]
2025-08-17 12:48:38 - schedule_config - DEBUG - Schedule 2: Every 10 minutes for 1 package(s): [1]
2025-08-17 12:48:38 - schedule_config - DEBUG - Schedule 3: Every 15 minutes for 1 package(s): [2]
2025-08-17 12:48:38 - schedule_config - DEBUG - Schedule 4: Every 60 minutes for 6 package(s): [3, 4, 5, 6, 7, 8]
2025-08-17 12:48:38 - schedule_config - DEBUG - Schedule 5: Every 180 minutes for 9 package(s): [9, 10, 11, 12, 13, 14, 15, 16, 17]
2025-08-17 12:50:50 - schedule_config - DEBUG - Logger initialized for schedule_config at level DEBUG
2025-08-17 12:50:50 - schedule_config - INFO - Loading schedule configuration
2025-08-17 12:50:50 - schedule_config - INFO - Schedule configuration loaded: 5 schedules defined
2025-08-17 12:50:50 - schedule_config - INFO - Batch size set to: 50 coins per package
2025-08-17 12:50:50 - schedule_config - DEBUG - Schedule 1: Every 5 minutes for 1 package(s): [0]
2025-08-17 12:50:50 - schedule_config - DEBUG - Schedule 2: Every 10 minutes for 1 package(s): [1]
2025-08-17 12:50:50 - schedule_config - DEBUG - Schedule 3: Every 15 minutes for 1 package(s): [2]
2025-08-17 12:50:50 - schedule_config - DEBUG - Schedule 4: Every 60 minutes for 6 package(s): [3, 4, 5, 6, 7, 8]
2025-08-17 12:50:50 - schedule_config - DEBUG - Schedule 5: Every 180 minutes for 9 package(s): [9, 10, 11, 12, 13, 14, 15, 16, 17]
2025-08-17 12:53:02 - schedule_config - DEBUG - Logger initialized for schedule_config at level DEBUG
2025-08-17 12:53:02 - schedule_config - INFO - Loading schedule configuration
2025-08-17 12:53:02 - schedule_config - INFO - Schedule configuration loaded: 5 schedules defined
2025-08-17 12:53:02 - schedule_config - INFO - Batch size set to: 50 coins per package
2025-08-17 12:53:02 - schedule_config - DEBUG - Schedule 1: Every 5 minutes for 1 package(s): [0]
2025-08-17 12:53:02 - schedule_config - DEBUG - Schedule 2: Every 10 minutes for 1 package(s): [1]
2025-08-17 12:53:02 - schedule_config - DEBUG - Schedule 3: Every 15 minutes for 1 package(s): [2]
2025-08-17 12:53:02 - schedule_config - DEBUG - Schedule 4: Every 60 minutes for 6 package(s): [3, 4, 5, 6, 7, 8]
2025-08-17 12:53:02 - schedule_config - DEBUG - Schedule 5: Every 180 minutes for 9 package(s): [9, 10, 11, 12, 13, 14, 15, 16, 17]
2025-08-17 12:55:17 - schedule_config - DEBUG - Logger initialized for schedule_config at level DEBUG
2025-08-17 12:55:17 - schedule_config - INFO - Loading schedule configuration
2025-08-17 12:55:17 - schedule_config - INFO - Schedule configuration loaded: 5 schedules defined
2025-08-17 12:55:17 - schedule_config - INFO - Batch size set to: 50 coins per package
2025-08-17 12:55:17 - schedule_config - DEBUG - Schedule 1: Every 5 minutes for 1 package(s): [0]
2025-08-17 12:55:17 - schedule_config - DEBUG - Schedule 2: Every 10 minutes for 1 package(s): [1]
2025-08-17 12:55:17 - schedule_config - DEBUG - Schedule 3: Every 15 minutes for 1 package(s): [2]
2025-08-17 12:55:17 - schedule_config - DEBUG - Schedule 4: Every 60 minutes for 6 package(s): [3, 4, 5, 6, 7, 8]
2025-08-17 12:55:17 - schedule_config - DEBUG - Schedule 5: Every 180 minutes for 9 package(s): [9, 10, 11, 12, 13, 14, 15, 16, 17]
2025-08-17 12:57:32 - schedule_config - DEBUG - Logger initialized for schedule_config at level DEBUG
2025-08-17 12:57:32 - schedule_config - INFO - Loading schedule configuration
2025-08-17 12:57:32 - schedule_config - INFO - Schedule configuration loaded: 5 schedules defined
2025-08-17 12:57:32 - schedule_config - INFO - Batch size set to: 50 coins per package
2025-08-17 12:57:32 - schedule_config - DEBUG - Schedule 1: Every 5 minutes for 1 package(s): [0]
2025-08-17 12:57:32 - schedule_config - DEBUG - Schedule 2: Every 10 minutes for 1 package(s): [1]
2025-08-17 12:57:32 - schedule_config - DEBUG - Schedule 3: Every 15 minutes for 1 package(s): [2]
2025-08-17 12:57:32 - schedule_config - DEBUG - Schedule 4: Every 60 minutes for 6 package(s): [3, 4, 5, 6, 7, 8]
2025-08-17 12:57:32 - schedule_config - DEBUG - Schedule 5: Every 180 minutes for 9 package(s): [9, 10, 11, 12, 13, 14, 15, 16, 17]
2025-08-17 12:59:43 - schedule_config - DEBUG - Logger initialized for schedule_config at level DEBUG
2025-08-17 12:59:43 - schedule_config - INFO - Loading schedule configuration
2025-08-17 12:59:43 - schedule_config - INFO - Schedule configuration loaded: 5 schedules defined
2025-08-17 12:59:43 - schedule_config - INFO - Batch size set to: 50 coins per package
2025-08-17 12:59:43 - schedule_config - DEBUG - Schedule 1: Every 5 minutes for 1 package(s): [0]
2025-08-17 12:59:43 - schedule_config - DEBUG - Schedule 2: Every 10 minutes for 1 package(s): [1]
2025-08-17 12:59:43 - schedule_config - DEBUG - Schedule 3: Every 15 minutes for 1 package(s): [2]
2025-08-17 12:59:43 - schedule_config - DEBUG - Schedule 4: Every 60 minutes for 6 package(s): [3, 4, 5, 6, 7, 8]
2025-08-17 12:59:43 - schedule_config - DEBUG - Schedule 5: Every 180 minutes for 9 package(s): [9, 10, 11, 12, 13, 14, 15, 16, 17]
2025-08-17 12:59:46 - schedule_config - DEBUG - Logger initialized for schedule_config at level DEBUG
2025-08-17 12:59:46 - schedule_config - INFO - Loading schedule configuration
2025-08-17 12:59:46 - schedule_config - INFO - Schedule configuration loaded: 5 schedules defined
2025-08-17 12:59:46 - schedule_config - INFO - Batch size set to: 50 coins per package
2025-08-17 12:59:46 - schedule_config - DEBUG - Schedule 1: Every 5 minutes for 1 package(s): [0]
2025-08-17 12:59:46 - schedule_config - DEBUG - Schedule 2: Every 10 minutes for 1 package(s): [1]
2025-08-17 12:59:46 - schedule_config - DEBUG - Schedule 3: Every 15 minutes for 1 package(s): [2]
2025-08-17 12:59:46 - schedule_config - DEBUG - Schedule 4: Every 60 minutes for 6 package(s): [3, 4, 5, 6, 7, 8]
2025-08-17 12:59:46 - schedule_config - DEBUG - Schedule 5: Every 180 minutes for 9 package(s): [9, 10, 11, 12, 13, 14, 15, 16, 17]
2025-08-17 13:01:58 - schedule_config - DEBUG - Logger initialized for schedule_config at level DEBUG
2025-08-17 13:01:58 - schedule_config - INFO - Loading schedule configuration
2025-08-17 13:01:58 - schedule_config - INFO - Schedule configuration loaded: 5 schedules defined
2025-08-17 13:01:58 - schedule_config - INFO - Batch size set to: 50 coins per package
2025-08-17 13:01:58 - schedule_config - DEBUG - Schedule 1: Every 5 minutes for 1 package(s): [0]
2025-08-17 13:01:58 - schedule_config - DEBUG - Schedule 2: Every 10 minutes for 1 package(s): [1]
2025-08-17 13:01:58 - schedule_config - DEBUG - Schedule 3: Every 15 minutes for 1 package(s): [2]
2025-08-17 13:01:58 - schedule_config - DEBUG - Schedule 4: Every 60 minutes for 6 package(s): [3, 4, 5, 6, 7, 8]
2025-08-17 13:01:58 - schedule_config - DEBUG - Schedule 5: Every 180 minutes for 9 package(s): [9, 10, 11, 12, 13, 14, 15, 16, 17]
2025-08-17 13:04:09 - schedule_config - DEBUG - Logger initialized for schedule_config at level DEBUG
2025-08-17 13:04:09 - schedule_config - INFO - Loading schedule configuration
2025-08-17 13:04:09 - schedule_config - INFO - Schedule configuration loaded: 5 schedules defined
2025-08-17 13:04:09 - schedule_config - INFO - Batch size set to: 50 coins per package
2025-08-17 13:04:09 - schedule_config - DEBUG - Schedule 1: Every 5 minutes for 1 package(s): [0]
2025-08-17 13:04:09 - schedule_config - DEBUG - Schedule 2: Every 10 minutes for 1 package(s): [1]
2025-08-17 13:04:09 - schedule_config - DEBUG - Schedule 3: Every 15 minutes for 1 package(s): [2]
2025-08-17 13:04:09 - schedule_config - DEBUG - Schedule 4: Every 60 minutes for 6 package(s): [3, 4, 5, 6, 7, 8]
2025-08-17 13:04:09 - schedule_config - DEBUG - Schedule 5: Every 180 minutes for 9 package(s): [9, 10, 11, 12, 13, 14, 15, 16, 17]
2025-08-17 13:06:24 - schedule_config - DEBUG - Logger initialized for schedule_config at level DEBUG
2025-08-17 13:06:24 - schedule_config - INFO - Loading schedule configuration
2025-08-17 13:06:24 - schedule_config - INFO - Schedule configuration loaded: 5 schedules defined
2025-08-17 13:06:24 - schedule_config - INFO - Batch size set to: 50 coins per package
2025-08-17 13:06:24 - schedule_config - DEBUG - Schedule 1: Every 5 minutes for 1 package(s): [0]
2025-08-17 13:06:24 - schedule_config - DEBUG - Schedule 2: Every 10 minutes for 1 package(s): [1]
2025-08-17 13:06:24 - schedule_config - DEBUG - Schedule 3: Every 15 minutes for 1 package(s): [2]
2025-08-17 13:06:24 - schedule_config - DEBUG - Schedule 4: Every 60 minutes for 6 package(s): [3, 4, 5, 6, 7, 8]
2025-08-17 13:06:24 - schedule_config - DEBUG - Schedule 5: Every 180 minutes for 9 package(s): [9, 10, 11, 12, 13, 14, 15, 16, 17]
2025-08-17 13:08:35 - schedule_config - DEBUG - Logger initialized for schedule_config at level DEBUG
2025-08-17 13:08:35 - schedule_config - INFO - Loading schedule configuration
2025-08-17 13:08:35 - schedule_config - INFO - Schedule configuration loaded: 5 schedules defined
2025-08-17 13:08:35 - schedule_config - INFO - Batch size set to: 50 coins per package
2025-08-17 13:08:35 - schedule_config - DEBUG - Schedule 1: Every 5 minutes for 1 package(s): [0]
2025-08-17 13:08:35 - schedule_config - DEBUG - Schedule 2: Every 10 minutes for 1 package(s): [1]
2025-08-17 13:08:35 - schedule_config - DEBUG - Schedule 3: Every 15 minutes for 1 package(s): [2]
2025-08-17 13:08:35 - schedule_config - DEBUG - Schedule 4: Every 60 minutes for 6 package(s): [3, 4, 5, 6, 7, 8]
2025-08-17 13:08:35 - schedule_config - DEBUG - Schedule 5: Every 180 minutes for 9 package(s): [9, 10, 11, 12, 13, 14, 15, 16, 17]
2025-08-17 13:10:47 - schedule_config - DEBUG - Logger initialized for schedule_config at level DEBUG
2025-08-17 13:10:47 - schedule_config - INFO - Loading schedule configuration
2025-08-17 13:10:47 - schedule_config - INFO - Schedule configuration loaded: 5 schedules defined
2025-08-17 13:10:47 - schedule_config - INFO - Batch size set to: 50 coins per package
2025-08-17 13:10:47 - schedule_config - DEBUG - Schedule 1: Every 5 minutes for 1 package(s): [0]
2025-08-17 13:10:47 - schedule_config - DEBUG - Schedule 2: Every 10 minutes for 1 package(s): [1]
2025-08-17 13:10:47 - schedule_config - DEBUG - Schedule 3: Every 15 minutes for 1 package(s): [2]
2025-08-17 13:10:47 - schedule_config - DEBUG - Schedule 4: Every 60 minutes for 6 package(s): [3, 4, 5, 6, 7, 8]
2025-08-17 13:10:47 - schedule_config - DEBUG - Schedule 5: Every 180 minutes for 9 package(s): [9, 10, 11, 12, 13, 14, 15, 16, 17]
2025-08-17 13:12:58 - schedule_config - DEBUG - Logger initialized for schedule_config at level DEBUG
2025-08-17 13:12:58 - schedule_config - INFO - Loading schedule configuration
2025-08-17 13:12:58 - schedule_config - INFO - Schedule configuration loaded: 5 schedules defined
2025-08-17 13:12:58 - schedule_config - INFO - Batch size set to: 50 coins per package
2025-08-17 13:12:58 - schedule_config - DEBUG - Schedule 1: Every 5 minutes for 1 package(s): [0]
2025-08-17 13:12:58 - schedule_config - DEBUG - Schedule 2: Every 10 minutes for 1 package(s): [1]
2025-08-17 13:12:58 - schedule_config - DEBUG - Schedule 3: Every 15 minutes for 1 package(s): [2]
2025-08-17 13:12:58 - schedule_config - DEBUG - Schedule 4: Every 60 minutes for 6 package(s): [3, 4, 5, 6, 7, 8]
2025-08-17 13:12:58 - schedule_config - DEBUG - Schedule 5: Every 180 minutes for 9 package(s): [9, 10, 11, 12, 13, 14, 15, 16, 17]
2025-08-17 13:15:09 - schedule_config - DEBUG - Logger initialized for schedule_config at level DEBUG
2025-08-17 13:15:09 - schedule_config - INFO - Loading schedule configuration
2025-08-17 13:15:09 - schedule_config - INFO - Schedule configuration loaded: 5 schedules defined
2025-08-17 13:15:09 - schedule_config - INFO - Batch size set to: 50 coins per package
2025-08-17 13:15:09 - schedule_config - DEBUG - Schedule 1: Every 5 minutes for 1 package(s): [0]
2025-08-17 13:15:09 - schedule_config - DEBUG - Schedule 2: Every 10 minutes for 1 package(s): [1]
2025-08-17 13:15:09 - schedule_config - DEBUG - Schedule 3: Every 15 minutes for 1 package(s): [2]
2025-08-17 13:15:09 - schedule_config - DEBUG - Schedule 4: Every 60 minutes for 6 package(s): [3, 4, 5, 6, 7, 8]
2025-08-17 13:15:09 - schedule_config - DEBUG - Schedule 5: Every 180 minutes for 9 package(s): [9, 10, 11, 12, 13, 14, 15, 16, 17]
2025-08-17 13:17:24 - schedule_config - DEBUG - Logger initialized for schedule_config at level DEBUG
2025-08-17 13:17:24 - schedule_config - INFO - Loading schedule configuration
2025-08-17 13:17:24 - schedule_config - INFO - Schedule configuration loaded: 5 schedules defined
2025-08-17 13:17:24 - schedule_config - INFO - Batch size set to: 50 coins per package
2025-08-17 13:17:24 - schedule_config - DEBUG - Schedule 1: Every 5 minutes for 1 package(s): [0]
2025-08-17 13:17:24 - schedule_config - DEBUG - Schedule 2: Every 10 minutes for 1 package(s): [1]
2025-08-17 13:17:24 - schedule_config - DEBUG - Schedule 3: Every 15 minutes for 1 package(s): [2]
2025-08-17 13:17:24 - schedule_config - DEBUG - Schedule 4: Every 60 minutes for 6 package(s): [3, 4, 5, 6, 7, 8]
2025-08-17 13:17:24 - schedule_config - DEBUG - Schedule 5: Every 180 minutes for 9 package(s): [9, 10, 11, 12, 13, 14, 15, 16, 17]
2025-08-17 13:19:35 - schedule_config - DEBUG - Logger initialized for schedule_config at level DEBUG
2025-08-17 13:19:35 - schedule_config - INFO - Loading schedule configuration
2025-08-17 13:19:35 - schedule_config - INFO - Schedule configuration loaded: 5 schedules defined
2025-08-17 13:19:35 - schedule_config - INFO - Batch size set to: 50 coins per package
2025-08-17 13:19:35 - schedule_config - DEBUG - Schedule 1: Every 5 minutes for 1 package(s): [0]
2025-08-17 13:19:35 - schedule_config - DEBUG - Schedule 2: Every 10 minutes for 1 package(s): [1]
2025-08-17 13:19:35 - schedule_config - DEBUG - Schedule 3: Every 15 minutes for 1 package(s): [2]
2025-08-17 13:19:35 - schedule_config - DEBUG - Schedule 4: Every 60 minutes for 6 package(s): [3, 4, 5, 6, 7, 8]
2025-08-17 13:19:35 - schedule_config - DEBUG - Schedule 5: Every 180 minutes for 9 package(s): [9, 10, 11, 12, 13, 14, 15, 16, 17]
2025-08-17 13:21:46 - schedule_config - DEBUG - Logger initialized for schedule_config at level DEBUG
2025-08-17 13:21:46 - schedule_config - INFO - Loading schedule configuration
2025-08-17 13:21:46 - schedule_config - INFO - Schedule configuration loaded: 5 schedules defined
2025-08-17 13:21:46 - schedule_config - INFO - Batch size set to: 50 coins per package
2025-08-17 13:21:46 - schedule_config - DEBUG - Schedule 1: Every 5 minutes for 1 package(s): [0]
2025-08-17 13:21:46 - schedule_config - DEBUG - Schedule 2: Every 10 minutes for 1 package(s): [1]
2025-08-17 13:21:46 - schedule_config - DEBUG - Schedule 3: Every 15 minutes for 1 package(s): [2]
2025-08-17 13:21:46 - schedule_config - DEBUG - Schedule 4: Every 60 minutes for 6 package(s): [3, 4, 5, 6, 7, 8]
2025-08-17 13:21:46 - schedule_config - DEBUG - Schedule 5: Every 180 minutes for 9 package(s): [9, 10, 11, 12, 13, 14, 15, 16, 17]
2025-08-17 13:24:01 - schedule_config - DEBUG - Logger initialized for schedule_config at level DEBUG
2025-08-17 13:24:01 - schedule_config - INFO - Loading schedule configuration
2025-08-17 13:24:01 - schedule_config - INFO - Schedule configuration loaded: 5 schedules defined
2025-08-17 13:24:01 - schedule_config - INFO - Batch size set to: 50 coins per package
2025-08-17 13:24:01 - schedule_config - DEBUG - Schedule 1: Every 5 minutes for 1 package(s): [0]
2025-08-17 13:24:01 - schedule_config - DEBUG - Schedule 2: Every 10 minutes for 1 package(s): [1]
2025-08-17 13:24:01 - schedule_config - DEBUG - Schedule 3: Every 15 minutes for 1 package(s): [2]
2025-08-17 13:24:01 - schedule_config - DEBUG - Schedule 4: Every 60 minutes for 6 package(s): [3, 4, 5, 6, 7, 8]
2025-08-17 13:24:01 - schedule_config - DEBUG - Schedule 5: Every 180 minutes for 9 package(s): [9, 10, 11, 12, 13, 14, 15, 16, 17]
2025-08-17 13:26:12 - schedule_config - DEBUG - Logger initialized for schedule_config at level DEBUG
2025-08-17 13:26:12 - schedule_config - INFO - Loading schedule configuration
2025-08-17 13:26:12 - schedule_config - INFO - Schedule configuration loaded: 5 schedules defined
2025-08-17 13:26:12 - schedule_config - INFO - Batch size set to: 50 coins per package
2025-08-17 13:26:12 - schedule_config - DEBUG - Schedule 1: Every 5 minutes for 1 package(s): [0]
2025-08-17 13:26:12 - schedule_config - DEBUG - Schedule 2: Every 10 minutes for 1 package(s): [1]
2025-08-17 13:26:12 - schedule_config - DEBUG - Schedule 3: Every 15 minutes for 1 package(s): [2]
2025-08-17 13:26:12 - schedule_config - DEBUG - Schedule 4: Every 60 minutes for 6 package(s): [3, 4, 5, 6, 7, 8]
2025-08-17 13:26:12 - schedule_config - DEBUG - Schedule 5: Every 180 minutes for 9 package(s): [9, 10, 11, 12, 13, 14, 15, 16, 17]
2025-08-17 13:28:23 - schedule_config - DEBUG - Logger initialized for schedule_config at level DEBUG
2025-08-17 13:28:23 - schedule_config - INFO - Loading schedule configuration
2025-08-17 13:28:23 - schedule_config - INFO - Schedule configuration loaded: 5 schedules defined
2025-08-17 13:28:23 - schedule_config - INFO - Batch size set to: 50 coins per package
2025-08-17 13:28:23 - schedule_config - DEBUG - Schedule 1: Every 5 minutes for 1 package(s): [0]
2025-08-17 13:28:23 - schedule_config - DEBUG - Schedule 2: Every 10 minutes for 1 package(s): [1]
2025-08-17 13:28:23 - schedule_config - DEBUG - Schedule 3: Every 15 minutes for 1 package(s): [2]
2025-08-17 13:28:23 - schedule_config - DEBUG - Schedule 4: Every 60 minutes for 6 package(s): [3, 4, 5, 6, 7, 8]
2025-08-17 13:28:23 - schedule_config - DEBUG - Schedule 5: Every 180 minutes for 9 package(s): [9, 10, 11, 12, 13, 14, 15, 16, 17]
2025-08-17 13:30:34 - schedule_config - DEBUG - Logger initialized for schedule_config at level DEBUG
2025-08-17 13:30:34 - schedule_config - INFO - Loading schedule configuration
2025-08-17 13:30:34 - schedule_config - INFO - Schedule configuration loaded: 5 schedules defined
2025-08-17 13:30:34 - schedule_config - INFO - Batch size set to: 50 coins per package
2025-08-17 13:30:34 - schedule_config - DEBUG - Schedule 1: Every 5 minutes for 1 package(s): [0]
2025-08-17 13:30:34 - schedule_config - DEBUG - Schedule 2: Every 10 minutes for 1 package(s): [1]
2025-08-17 13:30:34 - schedule_config - DEBUG - Schedule 3: Every 15 minutes for 1 package(s): [2]
2025-08-17 13:30:34 - schedule_config - DEBUG - Schedule 4: Every 60 minutes for 6 package(s): [3, 4, 5, 6, 7, 8]
2025-08-17 13:30:34 - schedule_config - DEBUG - Schedule 5: Every 180 minutes for 9 package(s): [9, 10, 11, 12, 13, 14, 15, 16, 17]
2025-08-17 13:32:45 - schedule_config - DEBUG - Logger initialized for schedule_config at level DEBUG
2025-08-17 13:32:45 - schedule_config - INFO - Loading schedule configuration
2025-08-17 13:32:45 - schedule_config - INFO - Schedule configuration loaded: 5 schedules defined
2025-08-17 13:32:45 - schedule_config - INFO - Batch size set to: 50 coins per package
2025-08-17 13:32:45 - schedule_config - DEBUG - Schedule 1: Every 5 minutes for 1 package(s): [0]
2025-08-17 13:32:45 - schedule_config - DEBUG - Schedule 2: Every 10 minutes for 1 package(s): [1]
2025-08-17 13:32:45 - schedule_config - DEBUG - Schedule 3: Every 15 minutes for 1 package(s): [2]
2025-08-17 13:32:45 - schedule_config - DEBUG - Schedule 4: Every 60 minutes for 6 package(s): [3, 4, 5, 6, 7, 8]
2025-08-17 13:32:45 - schedule_config - DEBUG - Schedule 5: Every 180 minutes for 9 package(s): [9, 10, 11, 12, 13, 14, 15, 16, 17]
2025-08-17 13:34:56 - schedule_config - DEBUG - Logger initialized for schedule_config at level DEBUG
2025-08-17 13:34:56 - schedule_config - INFO - Loading schedule configuration
2025-08-17 13:34:56 - schedule_config - INFO - Schedule configuration loaded: 5 schedules defined
2025-08-17 13:34:56 - schedule_config - INFO - Batch size set to: 50 coins per package
2025-08-17 13:34:56 - schedule_config - DEBUG - Schedule 1: Every 5 minutes for 1 package(s): [0]
2025-08-17 13:34:56 - schedule_config - DEBUG - Schedule 2: Every 10 minutes for 1 package(s): [1]
2025-08-17 13:34:56 - schedule_config - DEBUG - Schedule 3: Every 15 minutes for 1 package(s): [2]
2025-08-17 13:34:56 - schedule_config - DEBUG - Schedule 4: Every 60 minutes for 6 package(s): [3, 4, 5, 6, 7, 8]
2025-08-17 13:34:56 - schedule_config - DEBUG - Schedule 5: Every 180 minutes for 9 package(s): [9, 10, 11, 12, 13, 14, 15, 16, 17]
2025-08-17 13:37:08 - schedule_config - DEBUG - Logger initialized for schedule_config at level DEBUG
2025-08-17 13:37:08 - schedule_config - INFO - Loading schedule configuration
2025-08-17 13:37:08 - schedule_config - INFO - Schedule configuration loaded: 5 schedules defined
2025-08-17 13:37:08 - schedule_config - INFO - Batch size set to: 50 coins per package
2025-08-17 13:37:08 - schedule_config - DEBUG - Schedule 1: Every 5 minutes for 1 package(s): [0]
2025-08-17 13:37:08 - schedule_config - DEBUG - Schedule 2: Every 10 minutes for 1 package(s): [1]
2025-08-17 13:37:08 - schedule_config - DEBUG - Schedule 3: Every 15 minutes for 1 package(s): [2]
2025-08-17 13:37:08 - schedule_config - DEBUG - Schedule 4: Every 60 minutes for 6 package(s): [3, 4, 5, 6, 7, 8]
2025-08-17 13:37:08 - schedule_config - DEBUG - Schedule 5: Every 180 minutes for 9 package(s): [9, 10, 11, 12, 13, 14, 15, 16, 17]
2025-08-17 13:39:18 - schedule_config - DEBUG - Logger initialized for schedule_config at level DEBUG
2025-08-17 13:39:18 - schedule_config - INFO - Loading schedule configuration
2025-08-17 13:39:18 - schedule_config - INFO - Schedule configuration loaded: 5 schedules defined
2025-08-17 13:39:18 - schedule_config - INFO - Batch size set to: 50 coins per package
2025-08-17 13:39:18 - schedule_config - DEBUG - Schedule 1: Every 5 minutes for 1 package(s): [0]
2025-08-17 13:39:18 - schedule_config - DEBUG - Schedule 2: Every 10 minutes for 1 package(s): [1]
2025-08-17 13:39:18 - schedule_config - DEBUG - Schedule 3: Every 15 minutes for 1 package(s): [2]
2025-08-17 13:39:18 - schedule_config - DEBUG - Schedule 4: Every 60 minutes for 6 package(s): [3, 4, 5, 6, 7, 8]
2025-08-17 13:39:18 - schedule_config - DEBUG - Schedule 5: Every 180 minutes for 9 package(s): [9, 10, 11, 12, 13, 14, 15, 16, 17]
2025-08-17 13:41:30 - schedule_config - DEBUG - Logger initialized for schedule_config at level DEBUG
2025-08-17 13:41:30 - schedule_config - INFO - Loading schedule configuration
2025-08-17 13:41:30 - schedule_config - INFO - Schedule configuration loaded: 5 schedules defined
2025-08-17 13:41:30 - schedule_config - INFO - Batch size set to: 50 coins per package
2025-08-17 13:41:30 - schedule_config - DEBUG - Schedule 1: Every 5 minutes for 1 package(s): [0]
2025-08-17 13:41:30 - schedule_config - DEBUG - Schedule 2: Every 10 minutes for 1 package(s): [1]
2025-08-17 13:41:30 - schedule_config - DEBUG - Schedule 3: Every 15 minutes for 1 package(s): [2]
2025-08-17 13:41:30 - schedule_config - DEBUG - Schedule 4: Every 60 minutes for 6 package(s): [3, 4, 5, 6, 7, 8]
2025-08-17 13:41:30 - schedule_config - DEBUG - Schedule 5: Every 180 minutes for 9 package(s): [9, 10, 11, 12, 13, 14, 15, 16, 17]
2025-08-17 13:43:41 - schedule_config - DEBUG - Logger initialized for schedule_config at level DEBUG
2025-08-17 13:43:41 - schedule_config - INFO - Loading schedule configuration
2025-08-17 13:43:41 - schedule_config - INFO - Schedule configuration loaded: 5 schedules defined
2025-08-17 13:43:41 - schedule_config - INFO - Batch size set to: 50 coins per package
2025-08-17 13:43:41 - schedule_config - DEBUG - Schedule 1: Every 5 minutes for 1 package(s): [0]
2025-08-17 13:43:41 - schedule_config - DEBUG - Schedule 2: Every 10 minutes for 1 package(s): [1]
2025-08-17 13:43:41 - schedule_config - DEBUG - Schedule 3: Every 15 minutes for 1 package(s): [2]
2025-08-17 13:43:41 - schedule_config - DEBUG - Schedule 4: Every 60 minutes for 6 package(s): [3, 4, 5, 6, 7, 8]
2025-08-17 13:43:41 - schedule_config - DEBUG - Schedule 5: Every 180 minutes for 9 package(s): [9, 10, 11, 12, 13, 14, 15, 16, 17]
2025-08-17 13:45:52 - schedule_config - DEBUG - Logger initialized for schedule_config at level DEBUG
2025-08-17 13:45:52 - schedule_config - INFO - Loading schedule configuration
2025-08-17 13:45:52 - schedule_config - INFO - Schedule configuration loaded: 5 schedules defined
2025-08-17 13:45:52 - schedule_config - INFO - Batch size set to: 50 coins per package
2025-08-17 13:45:52 - schedule_config - DEBUG - Schedule 1: Every 5 minutes for 1 package(s): [0]
2025-08-17 13:45:52 - schedule_config - DEBUG - Schedule 2: Every 10 minutes for 1 package(s): [1]
2025-08-17 13:45:52 - schedule_config - DEBUG - Schedule 3: Every 15 minutes for 1 package(s): [2]
2025-08-17 13:45:52 - schedule_config - DEBUG - Schedule 4: Every 60 minutes for 6 package(s): [3, 4, 5, 6, 7, 8]
2025-08-17 13:45:52 - schedule_config - DEBUG - Schedule 5: Every 180 minutes for 9 package(s): [9, 10, 11, 12, 13, 14, 15, 16, 17]
2025-08-17 13:46:10 - schedule_config - DEBUG - Logger initialized for schedule_config at level DEBUG
2025-08-17 13:46:10 - schedule_config - INFO - Loading schedule configuration
2025-08-17 13:46:10 - schedule_config - INFO - Schedule configuration loaded: 5 schedules defined
2025-08-17 13:46:10 - schedule_config - INFO - Batch size set to: 50 coins per package
2025-08-17 13:46:10 - schedule_config - DEBUG - Schedule 1: Every 5 minutes for 1 package(s): [0]
2025-08-17 13:46:10 - schedule_config - DEBUG - Schedule 2: Every 10 minutes for 1 package(s): [1]
2025-08-17 13:46:10 - schedule_config - DEBUG - Schedule 3: Every 15 minutes for 1 package(s): [2]
2025-08-17 13:46:10 - schedule_config - DEBUG - Schedule 4: Every 60 minutes for 6 package(s): [3, 4, 5, 6, 7, 8]
2025-08-17 13:46:10 - schedule_config - DEBUG - Schedule 5: Every 180 minutes for 9 package(s): [9, 10, 11, 12, 13, 14, 15, 16, 17]
2025-08-17 13:48:23 - schedule_config - DEBUG - Logger initialized for schedule_config at level DEBUG
2025-08-17 13:48:23 - schedule_config - INFO - Loading schedule configuration
2025-08-17 13:48:23 - schedule_config - INFO - Schedule configuration loaded: 5 schedules defined
2025-08-17 13:48:23 - schedule_config - INFO - Batch size set to: 50 coins per package
2025-08-17 13:48:23 - schedule_config - DEBUG - Schedule 1: Every 5 minutes for 1 package(s): [0]
2025-08-17 13:48:23 - schedule_config - DEBUG - Schedule 2: Every 10 minutes for 1 package(s): [1]
2025-08-17 13:48:23 - schedule_config - DEBUG - Schedule 3: Every 15 minutes for 1 package(s): [2]
2025-08-17 13:48:23 - schedule_config - DEBUG - Schedule 4: Every 60 minutes for 6 package(s): [3, 4, 5, 6, 7, 8]
2025-08-17 13:48:23 - schedule_config - DEBUG - Schedule 5: Every 180 minutes for 9 package(s): [9, 10, 11, 12, 13, 14, 15, 16, 17]
2025-08-17 13:50:34 - schedule_config - DEBUG - Logger initialized for schedule_config at level DEBUG
2025-08-17 13:50:34 - schedule_config - INFO - Loading schedule configuration
2025-08-17 13:50:34 - schedule_config - INFO - Schedule configuration loaded: 5 schedules defined
2025-08-17 13:50:34 - schedule_config - INFO - Batch size set to: 50 coins per package
2025-08-17 13:50:34 - schedule_config - DEBUG - Schedule 1: Every 5 minutes for 1 package(s): [0]
2025-08-17 13:50:34 - schedule_config - DEBUG - Schedule 2: Every 10 minutes for 1 package(s): [1]
2025-08-17 13:50:34 - schedule_config - DEBUG - Schedule 3: Every 15 minutes for 1 package(s): [2]
2025-08-17 13:50:34 - schedule_config - DEBUG - Schedule 4: Every 60 minutes for 6 package(s): [3, 4, 5, 6, 7, 8]
2025-08-17 13:50:34 - schedule_config - DEBUG - Schedule 5: Every 180 minutes for 9 package(s): [9, 10, 11, 12, 13, 14, 15, 16, 17]
2025-08-17 13:52:46 - schedule_config - DEBUG - Logger initialized for schedule_config at level DEBUG
2025-08-17 13:52:46 - schedule_config - INFO - Loading schedule configuration
2025-08-17 13:52:46 - schedule_config - INFO - Schedule configuration loaded: 5 schedules defined
2025-08-17 13:52:46 - schedule_config - INFO - Batch size set to: 50 coins per package
2025-08-17 13:52:46 - schedule_config - DEBUG - Schedule 1: Every 5 minutes for 1 package(s): [0]
2025-08-17 13:52:46 - schedule_config - DEBUG - Schedule 2: Every 10 minutes for 1 package(s): [1]
2025-08-17 13:52:46 - schedule_config - DEBUG - Schedule 3: Every 15 minutes for 1 package(s): [2]
2025-08-17 13:52:46 - schedule_config - DEBUG - Schedule 4: Every 60 minutes for 6 package(s): [3, 4, 5, 6, 7, 8]
2025-08-17 13:52:46 - schedule_config - DEBUG - Schedule 5: Every 180 minutes for 9 package(s): [9, 10, 11, 12, 13, 14, 15, 16, 17]
2025-08-17 13:52:49 - schedule_config - DEBUG - Logger initialized for schedule_config at level DEBUG
2025-08-17 13:52:49 - schedule_config - INFO - Loading schedule configuration
2025-08-17 13:52:49 - schedule_config - INFO - Schedule configuration loaded: 5 schedules defined
2025-08-17 13:52:49 - schedule_config - INFO - Batch size set to: 50 coins per package
2025-08-17 13:52:49 - schedule_config - DEBUG - Schedule 1: Every 5 minutes for 1 package(s): [0]
2025-08-17 13:52:49 - schedule_config - DEBUG - Schedule 2: Every 10 minutes for 1 package(s): [1]
2025-08-17 13:52:49 - schedule_config - DEBUG - Schedule 3: Every 15 minutes for 1 package(s): [2]
2025-08-17 13:52:49 - schedule_config - DEBUG - Schedule 4: Every 60 minutes for 6 package(s): [3, 4, 5, 6, 7, 8]
2025-08-17 13:52:49 - schedule_config - DEBUG - Schedule 5: Every 180 minutes for 9 package(s): [9, 10, 11, 12, 13, 14, 15, 16, 17]
2025-08-17 13:53:23 - schedule_config - DEBUG - Logger initialized for schedule_config at level DEBUG
2025-08-17 13:53:23 - schedule_config - INFO - Loading schedule configuration
2025-08-17 13:53:23 - schedule_config - INFO - Schedule configuration loaded: 5 schedules defined
2025-08-17 13:53:23 - schedule_config - INFO - Batch size set to: 50 coins per package
2025-08-17 13:53:23 - schedule_config - DEBUG - Schedule 1: Every 5 minutes for 1 package(s): [0]
2025-08-17 13:53:23 - schedule_config - DEBUG - Schedule 2: Every 10 minutes for 1 package(s): [1]
2025-08-17 13:53:23 - schedule_config - DEBUG - Schedule 3: Every 15 minutes for 1 package(s): [2]
2025-08-17 13:53:23 - schedule_config - DEBUG - Schedule 4: Every 60 minutes for 6 package(s): [3, 4, 5, 6, 7, 8]
2025-08-17 13:53:23 - schedule_config - DEBUG - Schedule 5: Every 180 minutes for 9 package(s): [9, 10, 11, 12, 13, 14, 15, 16, 17]
2025-08-17 13:55:38 - schedule_config - DEBUG - Logger initialized for schedule_config at level DEBUG
2025-08-17 13:55:38 - schedule_config - INFO - Loading schedule configuration
2025-08-17 13:55:38 - schedule_config - INFO - Schedule configuration loaded: 5 schedules defined
2025-08-17 13:55:38 - schedule_config - INFO - Batch size set to: 50 coins per package
2025-08-17 13:55:38 - schedule_config - DEBUG - Schedule 1: Every 5 minutes for 1 package(s): [0]
2025-08-17 13:55:38 - schedule_config - DEBUG - Schedule 2: Every 10 minutes for 1 package(s): [1]
2025-08-17 13:55:38 - schedule_config - DEBUG - Schedule 3: Every 15 minutes for 1 package(s): [2]
2025-08-17 13:55:38 - schedule_config - DEBUG - Schedule 4: Every 60 minutes for 6 package(s): [3, 4, 5, 6, 7, 8]
2025-08-17 13:55:38 - schedule_config - DEBUG - Schedule 5: Every 180 minutes for 9 package(s): [9, 10, 11, 12, 13, 14, 15, 16, 17]
2025-08-17 13:57:48 - schedule_config - DEBUG - Logger initialized for schedule_config at level DEBUG
2025-08-17 13:57:48 - schedule_config - INFO - Loading schedule configuration
2025-08-17 13:57:48 - schedule_config - INFO - Schedule configuration loaded: 5 schedules defined
2025-08-17 13:57:48 - schedule_config - INFO - Batch size set to: 50 coins per package
2025-08-17 13:57:48 - schedule_config - DEBUG - Schedule 1: Every 5 minutes for 1 package(s): [0]
2025-08-17 13:57:48 - schedule_config - DEBUG - Schedule 2: Every 10 minutes for 1 package(s): [1]
2025-08-17 13:57:48 - schedule_config - DEBUG - Schedule 3: Every 15 minutes for 1 package(s): [2]
2025-08-17 13:57:48 - schedule_config - DEBUG - Schedule 4: Every 60 minutes for 6 package(s): [3, 4, 5, 6, 7, 8]
2025-08-17 13:57:48 - schedule_config - DEBUG - Schedule 5: Every 180 minutes for 9 package(s): [9, 10, 11, 12, 13, 14, 15, 16, 17]
2025-08-17 14:00:00 - schedule_config - DEBUG - Logger initialized for schedule_config at level DEBUG
2025-08-17 14:00:00 - schedule_config - INFO - Loading schedule configuration
2025-08-17 14:00:00 - schedule_config - INFO - Schedule configuration loaded: 5 schedules defined
2025-08-17 14:00:00 - schedule_config - INFO - Batch size set to: 50 coins per package
2025-08-17 14:00:00 - schedule_config - DEBUG - Schedule 1: Every 5 minutes for 1 package(s): [0]
2025-08-17 14:00:00 - schedule_config - DEBUG - Schedule 2: Every 10 minutes for 1 package(s): [1]
2025-08-17 14:00:00 - schedule_config - DEBUG - Schedule 3: Every 15 minutes for 1 package(s): [2]
2025-08-17 14:00:00 - schedule_config - DEBUG - Schedule 4: Every 60 minutes for 6 package(s): [3, 4, 5, 6, 7, 8]
2025-08-17 14:00:00 - schedule_config - DEBUG - Schedule 5: Every 180 minutes for 9 package(s): [9, 10, 11, 12, 13, 14, 15, 16, 17]
2025-08-17 14:02:11 - schedule_config - DEBUG - Logger initialized for schedule_config at level DEBUG
2025-08-17 14:02:11 - schedule_config - INFO - Loading schedule configuration
2025-08-17 14:02:11 - schedule_config - INFO - Schedule configuration loaded: 5 schedules defined
2025-08-17 14:02:11 - schedule_config - INFO - Batch size set to: 50 coins per package
2025-08-17 14:02:11 - schedule_config - DEBUG - Schedule 1: Every 5 minutes for 1 package(s): [0]
2025-08-17 14:02:11 - schedule_config - DEBUG - Schedule 2: Every 10 minutes for 1 package(s): [1]
2025-08-17 14:02:11 - schedule_config - DEBUG - Schedule 3: Every 15 minutes for 1 package(s): [2]
2025-08-17 14:02:11 - schedule_config - DEBUG - Schedule 4: Every 60 minutes for 6 package(s): [3, 4, 5, 6, 7, 8]
2025-08-17 14:02:11 - schedule_config - DEBUG - Schedule 5: Every 180 minutes for 9 package(s): [9, 10, 11, 12, 13, 14, 15, 16, 17]
2025-08-17 14:04:22 - schedule_config - DEBUG - Logger initialized for schedule_config at level DEBUG
2025-08-17 14:04:22 - schedule_config - INFO - Loading schedule configuration
2025-08-17 14:04:22 - schedule_config - INFO - Schedule configuration loaded: 5 schedules defined
2025-08-17 14:04:22 - schedule_config - INFO - Batch size set to: 50 coins per package
2025-08-17 14:04:22 - schedule_config - DEBUG - Schedule 1: Every 5 minutes for 1 package(s): [0]
2025-08-17 14:04:22 - schedule_config - DEBUG - Schedule 2: Every 10 minutes for 1 package(s): [1]
2025-08-17 14:04:22 - schedule_config - DEBUG - Schedule 3: Every 15 minutes for 1 package(s): [2]
2025-08-17 14:04:22 - schedule_config - DEBUG - Schedule 4: Every 60 minutes for 6 package(s): [3, 4, 5, 6, 7, 8]
2025-08-17 14:04:22 - schedule_config - DEBUG - Schedule 5: Every 180 minutes for 9 package(s): [9, 10, 11, 12, 13, 14, 15, 16, 17]
2025-08-17 14:06:33 - schedule_config - DEBUG - Logger initialized for schedule_config at level DEBUG
2025-08-17 14:06:33 - schedule_config - INFO - Loading schedule configuration
2025-08-17 14:06:33 - schedule_config - INFO - Schedule configuration loaded: 5 schedules defined
2025-08-17 14:06:33 - schedule_config - INFO - Batch size set to: 50 coins per package
2025-08-17 14:06:33 - schedule_config - DEBUG - Schedule 1: Every 5 minutes for 1 package(s): [0]
2025-08-17 14:06:33 - schedule_config - DEBUG - Schedule 2: Every 10 minutes for 1 package(s): [1]
2025-08-17 14:06:33 - schedule_config - DEBUG - Schedule 3: Every 15 minutes for 1 package(s): [2]
2025-08-17 14:06:33 - schedule_config - DEBUG - Schedule 4: Every 60 minutes for 6 package(s): [3, 4, 5, 6, 7, 8]
2025-08-17 14:06:33 - schedule_config - DEBUG - Schedule 5: Every 180 minutes for 9 package(s): [9, 10, 11, 12, 13, 14, 15, 16, 17]
2025-08-17 14:08:44 - schedule_config - DEBUG - Logger initialized for schedule_config at level DEBUG
2025-08-17 14:08:44 - schedule_config - INFO - Loading schedule configuration
2025-08-17 14:08:44 - schedule_config - INFO - Schedule configuration loaded: 5 schedules defined
2025-08-17 14:08:44 - schedule_config - INFO - Batch size set to: 50 coins per package
2025-08-17 14:08:44 - schedule_config - DEBUG - Schedule 1: Every 5 minutes for 1 package(s): [0]
2025-08-17 14:08:44 - schedule_config - DEBUG - Schedule 2: Every 10 minutes for 1 package(s): [1]
2025-08-17 14:08:44 - schedule_config - DEBUG - Schedule 3: Every 15 minutes for 1 package(s): [2]
2025-08-17 14:08:44 - schedule_config - DEBUG - Schedule 4: Every 60 minutes for 6 package(s): [3, 4, 5, 6, 7, 8]
2025-08-17 14:08:44 - schedule_config - DEBUG - Schedule 5: Every 180 minutes for 9 package(s): [9, 10, 11, 12, 13, 14, 15, 16, 17]
2025-08-17 14:10:55 - schedule_config - DEBUG - Logger initialized for schedule_config at level DEBUG
2025-08-17 14:10:55 - schedule_config - INFO - Loading schedule configuration
2025-08-17 14:10:55 - schedule_config - INFO - Schedule configuration loaded: 5 schedules defined
2025-08-17 14:10:55 - schedule_config - INFO - Batch size set to: 50 coins per package
2025-08-17 14:10:55 - schedule_config - DEBUG - Schedule 1: Every 5 minutes for 1 package(s): [0]
2025-08-17 14:10:55 - schedule_config - DEBUG - Schedule 2: Every 10 minutes for 1 package(s): [1]
2025-08-17 14:10:55 - schedule_config - DEBUG - Schedule 3: Every 15 minutes for 1 package(s): [2]
2025-08-17 14:10:55 - schedule_config - DEBUG - Schedule 4: Every 60 minutes for 6 package(s): [3, 4, 5, 6, 7, 8]
2025-08-17 14:10:55 - schedule_config - DEBUG - Schedule 5: Every 180 minutes for 9 package(s): [9, 10, 11, 12, 13, 14, 15, 16, 17]
2025-08-17 14:13:06 - schedule_config - DEBUG - Logger initialized for schedule_config at level DEBUG
2025-08-17 14:13:06 - schedule_config - INFO - Loading schedule configuration
2025-08-17 14:13:06 - schedule_config - INFO - Schedule configuration loaded: 5 schedules defined
2025-08-17 14:13:06 - schedule_config - INFO - Batch size set to: 50 coins per package
2025-08-17 14:13:06 - schedule_config - DEBUG - Schedule 1: Every 5 minutes for 1 package(s): [0]
2025-08-17 14:13:06 - schedule_config - DEBUG - Schedule 2: Every 10 minutes for 1 package(s): [1]
2025-08-17 14:13:06 - schedule_config - DEBUG - Schedule 3: Every 15 minutes for 1 package(s): [2]
2025-08-17 14:13:06 - schedule_config - DEBUG - Schedule 4: Every 60 minutes for 6 package(s): [3, 4, 5, 6, 7, 8]
2025-08-17 14:13:06 - schedule_config - DEBUG - Schedule 5: Every 180 minutes for 9 package(s): [9, 10, 11, 12, 13, 14, 15, 16, 17]
2025-08-17 14:13:24 - schedule_config - DEBUG - Logger initialized for schedule_config at level DEBUG
2025-08-17 14:13:24 - schedule_config - INFO - Loading schedule configuration
2025-08-17 14:13:24 - schedule_config - INFO - Schedule configuration loaded: 5 schedules defined
2025-08-17 14:13:24 - schedule_config - INFO - Batch size set to: 50 coins per package
2025-08-17 14:13:24 - schedule_config - DEBUG - Schedule 1: Every 5 minutes for 1 package(s): [0]
2025-08-17 14:13:24 - schedule_config - DEBUG - Schedule 2: Every 10 minutes for 1 package(s): [1]
2025-08-17 14:13:24 - schedule_config - DEBUG - Schedule 3: Every 15 minutes for 1 package(s): [2]
2025-08-17 14:13:24 - schedule_config - DEBUG - Schedule 4: Every 60 minutes for 6 package(s): [3, 4, 5, 6, 7, 8]
2025-08-17 14:13:24 - schedule_config - DEBUG - Schedule 5: Every 180 minutes for 9 package(s): [9, 10, 11, 12, 13, 14, 15, 16, 17]
2025-08-17 14:15:38 - schedule_config - DEBUG - Logger initialized for schedule_config at level DEBUG
2025-08-17 14:15:38 - schedule_config - INFO - Loading schedule configuration
2025-08-17 14:15:38 - schedule_config - INFO - Schedule configuration loaded: 5 schedules defined
2025-08-17 14:15:38 - schedule_config - INFO - Batch size set to: 50 coins per package
2025-08-17 14:15:38 - schedule_config - DEBUG - Schedule 1: Every 5 minutes for 1 package(s): [0]
2025-08-17 14:15:38 - schedule_config - DEBUG - Schedule 2: Every 10 minutes for 1 package(s): [1]
2025-08-17 14:15:38 - schedule_config - DEBUG - Schedule 3: Every 15 minutes for 1 package(s): [2]
2025-08-17 14:15:38 - schedule_config - DEBUG - Schedule 4: Every 60 minutes for 6 package(s): [3, 4, 5, 6, 7, 8]
2025-08-17 14:15:38 - schedule_config - DEBUG - Schedule 5: Every 180 minutes for 9 package(s): [9, 10, 11, 12, 13, 14, 15, 16, 17]
2025-08-17 14:17:49 - schedule_config - DEBUG - Logger initialized for schedule_config at level DEBUG
2025-08-17 14:17:49 - schedule_config - INFO - Loading schedule configuration
2025-08-17 14:17:49 - schedule_config - INFO - Schedule configuration loaded: 5 schedules defined
2025-08-17 14:17:49 - schedule_config - INFO - Batch size set to: 50 coins per package
2025-08-17 14:17:49 - schedule_config - DEBUG - Schedule 1: Every 5 minutes for 1 package(s): [0]
2025-08-17 14:17:49 - schedule_config - DEBUG - Schedule 2: Every 10 minutes for 1 package(s): [1]
2025-08-17 14:17:49 - schedule_config - DEBUG - Schedule 3: Every 15 minutes for 1 package(s): [2]
2025-08-17 14:17:49 - schedule_config - DEBUG - Schedule 4: Every 60 minutes for 6 package(s): [3, 4, 5, 6, 7, 8]
2025-08-17 14:17:49 - schedule_config - DEBUG - Schedule 5: Every 180 minutes for 9 package(s): [9, 10, 11, 12, 13, 14, 15, 16, 17]
2025-08-17 14:20:00 - schedule_config - DEBUG - Logger initialized for schedule_config at level DEBUG
2025-08-17 14:20:00 - schedule_config - INFO - Loading schedule configuration
2025-08-17 14:20:00 - schedule_config - INFO - Schedule configuration loaded: 5 schedules defined
2025-08-17 14:20:00 - schedule_config - INFO - Batch size set to: 50 coins per package
2025-08-17 14:20:00 - schedule_config - DEBUG - Schedule 1: Every 5 minutes for 1 package(s): [0]
2025-08-17 14:20:00 - schedule_config - DEBUG - Schedule 2: Every 10 minutes for 1 package(s): [1]
2025-08-17 14:20:00 - schedule_config - DEBUG - Schedule 3: Every 15 minutes for 1 package(s): [2]
2025-08-17 14:20:00 - schedule_config - DEBUG - Schedule 4: Every 60 minutes for 6 package(s): [3, 4, 5, 6, 7, 8]
2025-08-17 14:20:00 - schedule_config - DEBUG - Schedule 5: Every 180 minutes for 9 package(s): [9, 10, 11, 12, 13, 14, 15, 16, 17]
2025-08-17 14:22:11 - schedule_config - DEBUG - Logger initialized for schedule_config at level DEBUG
2025-08-17 14:22:11 - schedule_config - INFO - Loading schedule configuration
2025-08-17 14:22:11 - schedule_config - INFO - Schedule configuration loaded: 5 schedules defined
2025-08-17 14:22:11 - schedule_config - INFO - Batch size set to: 50 coins per package
2025-08-17 14:22:11 - schedule_config - DEBUG - Schedule 1: Every 5 minutes for 1 package(s): [0]
2025-08-17 14:22:11 - schedule_config - DEBUG - Schedule 2: Every 10 minutes for 1 package(s): [1]
2025-08-17 14:22:11 - schedule_config - DEBUG - Schedule 3: Every 15 minutes for 1 package(s): [2]
2025-08-17 14:22:11 - schedule_config - DEBUG - Schedule 4: Every 60 minutes for 6 package(s): [3, 4, 5, 6, 7, 8]
2025-08-17 14:22:11 - schedule_config - DEBUG - Schedule 5: Every 180 minutes for 9 package(s): [9, 10, 11, 12, 13, 14, 15, 16, 17]
2025-08-17 14:24:22 - schedule_config - DEBUG - Logger initialized for schedule_config at level DEBUG
2025-08-17 14:24:22 - schedule_config - INFO - Loading schedule configuration
2025-08-17 14:24:22 - schedule_config - INFO - Schedule configuration loaded: 5 schedules defined
2025-08-17 14:24:22 - schedule_config - INFO - Batch size set to: 50 coins per package
2025-08-17 14:24:22 - schedule_config - DEBUG - Schedule 1: Every 5 minutes for 1 package(s): [0]
2025-08-17 14:24:22 - schedule_config - DEBUG - Schedule 2: Every 10 minutes for 1 package(s): [1]
2025-08-17 14:24:22 - schedule_config - DEBUG - Schedule 3: Every 15 minutes for 1 package(s): [2]
2025-08-17 14:24:22 - schedule_config - DEBUG - Schedule 4: Every 60 minutes for 6 package(s): [3, 4, 5, 6, 7, 8]
2025-08-17 14:24:22 - schedule_config - DEBUG - Schedule 5: Every 180 minutes for 9 package(s): [9, 10, 11, 12, 13, 14, 15, 16, 17]
2025-08-17 14:26:33 - schedule_config - DEBUG - Logger initialized for schedule_config at level DEBUG
2025-08-17 14:26:33 - schedule_config - INFO - Loading schedule configuration
2025-08-17 14:26:33 - schedule_config - INFO - Schedule configuration loaded: 5 schedules defined
2025-08-17 14:26:33 - schedule_config - INFO - Batch size set to: 50 coins per package
2025-08-17 14:26:33 - schedule_config - DEBUG - Schedule 1: Every 5 minutes for 1 package(s): [0]
2025-08-17 14:26:33 - schedule_config - DEBUG - Schedule 2: Every 10 minutes for 1 package(s): [1]
2025-08-17 14:26:33 - schedule_config - DEBUG - Schedule 3: Every 15 minutes for 1 package(s): [2]
2025-08-17 14:26:33 - schedule_config - DEBUG - Schedule 4: Every 60 minutes for 6 package(s): [3, 4, 5, 6, 7, 8]
2025-08-17 14:26:33 - schedule_config - DEBUG - Schedule 5: Every 180 minutes for 9 package(s): [9, 10, 11, 12, 13, 14, 15, 16, 17]
2025-08-17 14:28:44 - schedule_config - DEBUG - Logger initialized for schedule_config at level DEBUG
2025-08-17 14:28:44 - schedule_config - INFO - Loading schedule configuration
2025-08-17 14:28:44 - schedule_config - INFO - Schedule configuration loaded: 5 schedules defined
2025-08-17 14:28:44 - schedule_config - INFO - Batch size set to: 50 coins per package
2025-08-17 14:28:44 - schedule_config - DEBUG - Schedule 1: Every 5 minutes for 1 package(s): [0]
2025-08-17 14:28:44 - schedule_config - DEBUG - Schedule 2: Every 10 minutes for 1 package(s): [1]
2025-08-17 14:28:44 - schedule_config - DEBUG - Schedule 3: Every 15 minutes for 1 package(s): [2]
2025-08-17 14:28:44 - schedule_config - DEBUG - Schedule 4: Every 60 minutes for 6 package(s): [3, 4, 5, 6, 7, 8]
2025-08-17 14:28:44 - schedule_config - DEBUG - Schedule 5: Every 180 minutes for 9 package(s): [9, 10, 11, 12, 13, 14, 15, 16, 17]
2025-08-17 14:30:55 - schedule_config - DEBUG - Logger initialized for schedule_config at level DEBUG
2025-08-17 14:30:55 - schedule_config - INFO - Loading schedule configuration
2025-08-17 14:30:55 - schedule_config - INFO - Schedule configuration loaded: 5 schedules defined
2025-08-17 14:30:55 - schedule_config - INFO - Batch size set to: 50 coins per package
2025-08-17 14:30:55 - schedule_config - DEBUG - Schedule 1: Every 5 minutes for 1 package(s): [0]
2025-08-17 14:30:55 - schedule_config - DEBUG - Schedule 2: Every 10 minutes for 1 package(s): [1]
2025-08-17 14:30:55 - schedule_config - DEBUG - Schedule 3: Every 15 minutes for 1 package(s): [2]
2025-08-17 14:30:55 - schedule_config - DEBUG - Schedule 4: Every 60 minutes for 6 package(s): [3, 4, 5, 6, 7, 8]
2025-08-17 14:30:55 - schedule_config - DEBUG - Schedule 5: Every 180 minutes for 9 package(s): [9, 10, 11, 12, 13, 14, 15, 16, 17]
2025-08-17 14:32:02 - schedule_config - DEBUG - Logger initialized for schedule_config at level DEBUG
2025-08-17 14:32:02 - schedule_config - INFO - Loading schedule configuration
2025-08-17 14:32:02 - schedule_config - INFO - Schedule configuration loaded: 5 schedules defined
2025-08-17 14:32:02 - schedule_config - INFO - Batch size set to: 50 coins per package
2025-08-17 14:32:02 - schedule_config - DEBUG - Schedule 1: Every 5 minutes for 1 package(s): [0]
2025-08-17 14:32:02 - schedule_config - DEBUG - Schedule 2: Every 10 minutes for 1 package(s): [1]
2025-08-17 14:32:02 - schedule_config - DEBUG - Schedule 3: Every 15 minutes for 1 package(s): [2]
2025-08-17 14:32:02 - schedule_config - DEBUG - Schedule 4: Every 60 minutes for 6 package(s): [3, 4, 5, 6, 7, 8]
2025-08-17 14:32:02 - schedule_config - DEBUG - Schedule 5: Every 180 minutes for 9 package(s): [9, 10, 11, 12, 13, 14, 15, 16, 17]
2025-08-17 14:34:16 - schedule_config - DEBUG - Logger initialized for schedule_config at level DEBUG
2025-08-17 14:34:16 - schedule_config - INFO - Loading schedule configuration
2025-08-17 14:34:16 - schedule_config - INFO - Schedule configuration loaded: 5 schedules defined
2025-08-17 14:34:16 - schedule_config - INFO - Batch size set to: 50 coins per package
2025-08-17 14:34:16 - schedule_config - DEBUG - Schedule 1: Every 5 minutes for 1 package(s): [0]
2025-08-17 14:34:16 - schedule_config - DEBUG - Schedule 2: Every 10 minutes for 1 package(s): [1]
2025-08-17 14:34:16 - schedule_config - DEBUG - Schedule 3: Every 15 minutes for 1 package(s): [2]
2025-08-17 14:34:16 - schedule_config - DEBUG - Schedule 4: Every 60 minutes for 6 package(s): [3, 4, 5, 6, 7, 8]
2025-08-17 14:34:16 - schedule_config - DEBUG - Schedule 5: Every 180 minutes for 9 package(s): [9, 10, 11, 12, 13, 14, 15, 16, 17]
2025-08-17 14:36:27 - schedule_config - DEBUG - Logger initialized for schedule_config at level DEBUG
2025-08-17 14:36:27 - schedule_config - INFO - Loading schedule configuration
2025-08-17 14:36:27 - schedule_config - INFO - Schedule configuration loaded: 5 schedules defined
2025-08-17 14:36:27 - schedule_config - INFO - Batch size set to: 50 coins per package
2025-08-17 14:36:27 - schedule_config - DEBUG - Schedule 1: Every 5 minutes for 1 package(s): [0]
2025-08-17 14:36:27 - schedule_config - DEBUG - Schedule 2: Every 10 minutes for 1 package(s): [1]
2025-08-17 14:36:27 - schedule_config - DEBUG - Schedule 3: Every 15 minutes for 1 package(s): [2]
2025-08-17 14:36:27 - schedule_config - DEBUG - Schedule 4: Every 60 minutes for 6 package(s): [3, 4, 5, 6, 7, 8]
2025-08-17 14:36:27 - schedule_config - DEBUG - Schedule 5: Every 180 minutes for 9 package(s): [9, 10, 11, 12, 13, 14, 15, 16, 17]
2025-08-17 14:38:38 - schedule_config - DEBUG - Logger initialized for schedule_config at level DEBUG
2025-08-17 14:38:38 - schedule_config - INFO - Loading schedule configuration
2025-08-17 14:38:38 - schedule_config - INFO - Schedule configuration loaded: 5 schedules defined
2025-08-17 14:38:38 - schedule_config - INFO - Batch size set to: 50 coins per package
2025-08-17 14:38:38 - schedule_config - DEBUG - Schedule 1: Every 5 minutes for 1 package(s): [0]
2025-08-17 14:38:38 - schedule_config - DEBUG - Schedule 2: Every 10 minutes for 1 package(s): [1]
2025-08-17 14:38:38 - schedule_config - DEBUG - Schedule 3: Every 15 minutes for 1 package(s): [2]
2025-08-17 14:38:38 - schedule_config - DEBUG - Schedule 4: Every 60 minutes for 6 package(s): [3, 4, 5, 6, 7, 8]
2025-08-17 14:38:38 - schedule_config - DEBUG - Schedule 5: Every 180 minutes for 9 package(s): [9, 10, 11, 12, 13, 14, 15, 16, 17]
2025-08-17 14:38:48 - schedule_config - DEBUG - Logger initialized for schedule_config at level DEBUG
2025-08-17 14:38:48 - schedule_config - INFO - Loading schedule configuration
2025-08-17 14:38:48 - schedule_config - INFO - Schedule configuration loaded: 5 schedules defined
2025-08-17 14:38:48 - schedule_config - INFO - Batch size set to: 50 coins per package
2025-08-17 14:38:48 - schedule_config - DEBUG - Schedule 1: Every 5 minutes for 1 package(s): [0]
2025-08-17 14:38:48 - schedule_config - DEBUG - Schedule 2: Every 10 minutes for 1 package(s): [1]
2025-08-17 14:38:48 - schedule_config - DEBUG - Schedule 3: Every 15 minutes for 1 package(s): [2]
2025-08-17 14:38:48 - schedule_config - DEBUG - Schedule 4: Every 60 minutes for 6 package(s): [3, 4, 5, 6, 7, 8]
2025-08-17 14:38:48 - schedule_config - DEBUG - Schedule 5: Every 180 minutes for 9 package(s): [9, 10, 11, 12, 13, 14, 15, 16, 17]
2025-08-17 14:41:02 - schedule_config - DEBUG - Logger initialized for schedule_config at level DEBUG
2025-08-17 14:41:02 - schedule_config - INFO - Loading schedule configuration
2025-08-17 14:41:02 - schedule_config - INFO - Schedule configuration loaded: 5 schedules defined
2025-08-17 14:41:02 - schedule_config - INFO - Batch size set to: 50 coins per package
2025-08-17 14:41:02 - schedule_config - DEBUG - Schedule 1: Every 5 minutes for 1 package(s): [0]
2025-08-17 14:41:02 - schedule_config - DEBUG - Schedule 2: Every 10 minutes for 1 package(s): [1]
2025-08-17 14:41:02 - schedule_config - DEBUG - Schedule 3: Every 15 minutes for 1 package(s): [2]
2025-08-17 14:41:02 - schedule_config - DEBUG - Schedule 4: Every 60 minutes for 6 package(s): [3, 4, 5, 6, 7, 8]
2025-08-17 14:41:02 - schedule_config - DEBUG - Schedule 5: Every 180 minutes for 9 package(s): [9, 10, 11, 12, 13, 14, 15, 16, 17]
2025-08-17 14:43:17 - schedule_config - DEBUG - Logger initialized for schedule_config at level DEBUG
2025-08-17 14:43:17 - schedule_config - INFO - Loading schedule configuration
2025-08-17 14:43:17 - schedule_config - INFO - Schedule configuration loaded: 5 schedules defined
2025-08-17 14:43:17 - schedule_config - INFO - Batch size set to: 50 coins per package
2025-08-17 14:43:17 - schedule_config - DEBUG - Schedule 1: Every 5 minutes for 1 package(s): [0]
2025-08-17 14:43:17 - schedule_config - DEBUG - Schedule 2: Every 10 minutes for 1 package(s): [1]
2025-08-17 14:43:17 - schedule_config - DEBUG - Schedule 3: Every 15 minutes for 1 package(s): [2]
2025-08-17 14:43:17 - schedule_config - DEBUG - Schedule 4: Every 60 minutes for 6 package(s): [3, 4, 5, 6, 7, 8]
2025-08-17 14:43:17 - schedule_config - DEBUG - Schedule 5: Every 180 minutes for 9 package(s): [9, 10, 11, 12, 13, 14, 15, 16, 17]
2025-08-17 14:45:27 - schedule_config - DEBUG - Logger initialized for schedule_config at level DEBUG
2025-08-17 14:45:27 - schedule_config - INFO - Loading schedule configuration
2025-08-17 14:45:27 - schedule_config - INFO - Schedule configuration loaded: 5 schedules defined
2025-08-17 14:45:27 - schedule_config - INFO - Batch size set to: 50 coins per package
2025-08-17 14:45:27 - schedule_config - DEBUG - Schedule 1: Every 5 minutes for 1 package(s): [0]
2025-08-17 14:45:27 - schedule_config - DEBUG - Schedule 2: Every 10 minutes for 1 package(s): [1]
2025-08-17 14:45:27 - schedule_config - DEBUG - Schedule 3: Every 15 minutes for 1 package(s): [2]
2025-08-17 14:45:27 - schedule_config - DEBUG - Schedule 4: Every 60 minutes for 6 package(s): [3, 4, 5, 6, 7, 8]
2025-08-17 14:45:27 - schedule_config - DEBUG - Schedule 5: Every 180 minutes for 9 package(s): [9, 10, 11, 12, 13, 14, 15, 16, 17]
2025-08-17 14:47:39 - schedule_config - DEBUG - Logger initialized for schedule_config at level DEBUG
2025-08-17 14:47:39 - schedule_config - INFO - Loading schedule configuration
2025-08-17 14:47:39 - schedule_config - INFO - Schedule configuration loaded: 5 schedules defined
2025-08-17 14:47:39 - schedule_config - INFO - Batch size set to: 50 coins per package
2025-08-17 14:47:39 - schedule_config - DEBUG - Schedule 1: Every 5 minutes for 1 package(s): [0]
2025-08-17 14:47:39 - schedule_config - DEBUG - Schedule 2: Every 10 minutes for 1 package(s): [1]
2025-08-17 14:47:39 - schedule_config - DEBUG - Schedule 3: Every 15 minutes for 1 package(s): [2]
2025-08-17 14:47:39 - schedule_config - DEBUG - Schedule 4: Every 60 minutes for 6 package(s): [3, 4, 5, 6, 7, 8]
2025-08-17 14:47:39 - schedule_config - DEBUG - Schedule 5: Every 180 minutes for 9 package(s): [9, 10, 11, 12, 13, 14, 15, 16, 17]
2025-08-17 14:49:50 - schedule_config - DEBUG - Logger initialized for schedule_config at level DEBUG
2025-08-17 14:49:50 - schedule_config - INFO - Loading schedule configuration
2025-08-17 14:49:50 - schedule_config - INFO - Schedule configuration loaded: 5 schedules defined
2025-08-17 14:49:50 - schedule_config - INFO - Batch size set to: 50 coins per package
2025-08-17 14:49:50 - schedule_config - DEBUG - Schedule 1: Every 5 minutes for 1 package(s): [0]
2025-08-17 14:49:50 - schedule_config - DEBUG - Schedule 2: Every 10 minutes for 1 package(s): [1]
2025-08-17 14:49:50 - schedule_config - DEBUG - Schedule 3: Every 15 minutes for 1 package(s): [2]
2025-08-17 14:49:50 - schedule_config - DEBUG - Schedule 4: Every 60 minutes for 6 package(s): [3, 4, 5, 6, 7, 8]
2025-08-17 14:49:50 - schedule_config - DEBUG - Schedule 5: Every 180 minutes for 9 package(s): [9, 10, 11, 12, 13, 14, 15, 16, 17]
2025-08-17 14:52:05 - schedule_config - DEBUG - Logger initialized for schedule_config at level DEBUG
2025-08-17 14:52:05 - schedule_config - INFO - Loading schedule configuration
2025-08-17 14:52:05 - schedule_config - INFO - Schedule configuration loaded: 5 schedules defined
2025-08-17 14:52:05 - schedule_config - INFO - Batch size set to: 50 coins per package
2025-08-17 14:52:05 - schedule_config - DEBUG - Schedule 1: Every 5 minutes for 1 package(s): [0]
2025-08-17 14:52:05 - schedule_config - DEBUG - Schedule 2: Every 10 minutes for 1 package(s): [1]
2025-08-17 14:52:05 - schedule_config - DEBUG - Schedule 3: Every 15 minutes for 1 package(s): [2]
2025-08-17 14:52:05 - schedule_config - DEBUG - Schedule 4: Every 60 minutes for 6 package(s): [3, 4, 5, 6, 7, 8]
2025-08-17 14:52:05 - schedule_config - DEBUG - Schedule 5: Every 180 minutes for 9 package(s): [9, 10, 11, 12, 13, 14, 15, 16, 17]
2025-08-17 14:54:16 - schedule_config - DEBUG - Logger initialized for schedule_config at level DEBUG
2025-08-17 14:54:16 - schedule_config - INFO - Loading schedule configuration
2025-08-17 14:54:16 - schedule_config - INFO - Schedule configuration loaded: 5 schedules defined
2025-08-17 14:54:16 - schedule_config - INFO - Batch size set to: 50 coins per package
2025-08-17 14:54:16 - schedule_config - DEBUG - Schedule 1: Every 5 minutes for 1 package(s): [0]
2025-08-17 14:54:16 - schedule_config - DEBUG - Schedule 2: Every 10 minutes for 1 package(s): [1]
2025-08-17 14:54:16 - schedule_config - DEBUG - Schedule 3: Every 15 minutes for 1 package(s): [2]
2025-08-17 14:54:16 - schedule_config - DEBUG - Schedule 4: Every 60 minutes for 6 package(s): [3, 4, 5, 6, 7, 8]
2025-08-17 14:54:16 - schedule_config - DEBUG - Schedule 5: Every 180 minutes for 9 package(s): [9, 10, 11, 12, 13, 14, 15, 16, 17]
2025-08-17 14:54:34 - schedule_config - DEBUG - Logger initialized for schedule_config at level DEBUG
2025-08-17 14:54:34 - schedule_config - INFO - Loading schedule configuration
2025-08-17 14:54:34 - schedule_config - INFO - Schedule configuration loaded: 5 schedules defined
2025-08-17 14:54:34 - schedule_config - INFO - Batch size set to: 50 coins per package
2025-08-17 14:54:34 - schedule_config - DEBUG - Schedule 1: Every 5 minutes for 1 package(s): [0]
2025-08-17 14:54:34 - schedule_config - DEBUG - Schedule 2: Every 10 minutes for 1 package(s): [1]
2025-08-17 14:54:34 - schedule_config - DEBUG - Schedule 3: Every 15 minutes for 1 package(s): [2]
2025-08-17 14:54:34 - schedule_config - DEBUG - Schedule 4: Every 60 minutes for 6 package(s): [3, 4, 5, 6, 7, 8]
2025-08-17 14:54:34 - schedule_config - DEBUG - Schedule 5: Every 180 minutes for 9 package(s): [9, 10, 11, 12, 13, 14, 15, 16, 17]
2025-08-17 14:55:09 - schedule_config - DEBUG - Logger initialized for schedule_config at level DEBUG
2025-08-17 14:55:09 - schedule_config - INFO - Loading schedule configuration
2025-08-17 14:55:09 - schedule_config - INFO - Schedule configuration loaded: 5 schedules defined
2025-08-17 14:55:09 - schedule_config - INFO - Batch size set to: 50 coins per package
2025-08-17 14:55:09 - schedule_config - DEBUG - Schedule 1: Every 5 minutes for 1 package(s): [0]
2025-08-17 14:55:09 - schedule_config - DEBUG - Schedule 2: Every 10 minutes for 1 package(s): [1]
2025-08-17 14:55:09 - schedule_config - DEBUG - Schedule 3: Every 15 minutes for 1 package(s): [2]
2025-08-17 14:55:09 - schedule_config - DEBUG - Schedule 4: Every 60 minutes for 6 package(s): [3, 4, 5, 6, 7, 8]
2025-08-17 14:55:09 - schedule_config - DEBUG - Schedule 5: Every 180 minutes for 9 package(s): [9, 10, 11, 12, 13, 14, 15, 16, 17]
2025-08-17 14:57:20 - schedule_config - DEBUG - Logger initialized for schedule_config at level DEBUG
2025-08-17 14:57:20 - schedule_config - INFO - Loading schedule configuration
2025-08-17 14:57:20 - schedule_config - INFO - Schedule configuration loaded: 5 schedules defined
2025-08-17 14:57:20 - schedule_config - INFO - Batch size set to: 50 coins per package
2025-08-17 14:57:20 - schedule_config - DEBUG - Schedule 1: Every 5 minutes for 1 package(s): [0]
2025-08-17 14:57:20 - schedule_config - DEBUG - Schedule 2: Every 10 minutes for 1 package(s): [1]
2025-08-17 14:57:20 - schedule_config - DEBUG - Schedule 3: Every 15 minutes for 1 package(s): [2]
2025-08-17 14:57:20 - schedule_config - DEBUG - Schedule 4: Every 60 minutes for 6 package(s): [3, 4, 5, 6, 7, 8]
2025-08-17 14:57:20 - schedule_config - DEBUG - Schedule 5: Every 180 minutes for 9 package(s): [9, 10, 11, 12, 13, 14, 15, 16, 17]
2025-08-17 14:59:31 - schedule_config - DEBUG - Logger initialized for schedule_config at level DEBUG
2025-08-17 14:59:31 - schedule_config - INFO - Loading schedule configuration
2025-08-17 14:59:31 - schedule_config - INFO - Schedule configuration loaded: 5 schedules defined
2025-08-17 14:59:31 - schedule_config - INFO - Batch size set to: 50 coins per package
2025-08-17 14:59:31 - schedule_config - DEBUG - Schedule 1: Every 5 minutes for 1 package(s): [0]
2025-08-17 14:59:31 - schedule_config - DEBUG - Schedule 2: Every 10 minutes for 1 package(s): [1]
2025-08-17 14:59:31 - schedule_config - DEBUG - Schedule 3: Every 15 minutes for 1 package(s): [2]
2025-08-17 14:59:31 - schedule_config - DEBUG - Schedule 4: Every 60 minutes for 6 package(s): [3, 4, 5, 6, 7, 8]
2025-08-17 14:59:31 - schedule_config - DEBUG - Schedule 5: Every 180 minutes for 9 package(s): [9, 10, 11, 12, 13, 14, 15, 16, 17]
2025-08-17 15:01:42 - schedule_config - DEBUG - Logger initialized for schedule_config at level DEBUG
2025-08-17 15:01:42 - schedule_config - INFO - Loading schedule configuration
2025-08-17 15:01:42 - schedule_config - INFO - Schedule configuration loaded: 5 schedules defined
2025-08-17 15:01:42 - schedule_config - INFO - Batch size set to: 50 coins per package
2025-08-17 15:01:42 - schedule_config - DEBUG - Schedule 1: Every 5 minutes for 1 package(s): [0]
2025-08-17 15:01:42 - schedule_config - DEBUG - Schedule 2: Every 10 minutes for 1 package(s): [1]
2025-08-17 15:01:42 - schedule_config - DEBUG - Schedule 3: Every 15 minutes for 1 package(s): [2]
2025-08-17 15:01:42 - schedule_config - DEBUG - Schedule 4: Every 60 minutes for 6 package(s): [3, 4, 5, 6, 7, 8]
2025-08-17 15:01:42 - schedule_config - DEBUG - Schedule 5: Every 180 minutes for 9 package(s): [9, 10, 11, 12, 13, 14, 15, 16, 17]
2025-08-17 15:03:54 - schedule_config - DEBUG - Logger initialized for schedule_config at level DEBUG
2025-08-17 15:03:54 - schedule_config - INFO - Loading schedule configuration
2025-08-17 15:03:54 - schedule_config - INFO - Schedule configuration loaded: 5 schedules defined
2025-08-17 15:03:54 - schedule_config - INFO - Batch size set to: 50 coins per package
2025-08-17 15:03:54 - schedule_config - DEBUG - Schedule 1: Every 5 minutes for 1 package(s): [0]
2025-08-17 15:03:54 - schedule_config - DEBUG - Schedule 2: Every 10 minutes for 1 package(s): [1]
2025-08-17 15:03:54 - schedule_config - DEBUG - Schedule 3: Every 15 minutes for 1 package(s): [2]
2025-08-17 15:03:54 - schedule_config - DEBUG - Schedule 4: Every 60 minutes for 6 package(s): [3, 4, 5, 6, 7, 8]
2025-08-17 15:03:54 - schedule_config - DEBUG - Schedule 5: Every 180 minutes for 9 package(s): [9, 10, 11, 12, 13, 14, 15, 16, 17]
2025-08-17 15:03:56 - schedule_config - DEBUG - Logger initialized for schedule_config at level DEBUG
2025-08-17 15:03:56 - schedule_config - INFO - Loading schedule configuration
2025-08-17 15:03:56 - schedule_config - INFO - Schedule configuration loaded: 5 schedules defined
2025-08-17 15:03:56 - schedule_config - INFO - Batch size set to: 50 coins per package
2025-08-17 15:03:56 - schedule_config - DEBUG - Schedule 1: Every 5 minutes for 1 package(s): [0]
2025-08-17 15:03:56 - schedule_config - DEBUG - Schedule 2: Every 10 minutes for 1 package(s): [1]
2025-08-17 15:03:56 - schedule_config - DEBUG - Schedule 3: Every 15 minutes for 1 package(s): [2]
2025-08-17 15:03:56 - schedule_config - DEBUG - Schedule 4: Every 60 minutes for 6 package(s): [3, 4, 5, 6, 7, 8]
2025-08-17 15:03:56 - schedule_config - DEBUG - Schedule 5: Every 180 minutes for 9 package(s): [9, 10, 11, 12, 13, 14, 15, 16, 17]
2025-08-17 15:05:04 - schedule_config - DEBUG - Logger initialized for schedule_config at level DEBUG
2025-08-17 15:05:04 - schedule_config - INFO - Loading schedule configuration
2025-08-17 15:05:04 - schedule_config - INFO - Schedule configuration loaded: 5 schedules defined
2025-08-17 15:05:04 - schedule_config - INFO - Batch size set to: 50 coins per package
2025-08-17 15:05:04 - schedule_config - DEBUG - Schedule 1: Every 5 minutes for 1 package(s): [0]
2025-08-17 15:05:04 - schedule_config - DEBUG - Schedule 2: Every 10 minutes for 1 package(s): [1]
2025-08-17 15:05:04 - schedule_config - DEBUG - Schedule 3: Every 15 minutes for 1 package(s): [2]
2025-08-17 15:05:04 - schedule_config - DEBUG - Schedule 4: Every 60 minutes for 6 package(s): [3, 4, 5, 6, 7, 8]
2025-08-17 15:05:04 - schedule_config - DEBUG - Schedule 5: Every 180 minutes for 9 package(s): [9, 10, 11, 12, 13, 14, 15, 16, 17]
2025-08-17 15:07:18 - schedule_config - DEBUG - Logger initialized for schedule_config at level DEBUG
2025-08-17 15:07:18 - schedule_config - INFO - Loading schedule configuration
2025-08-17 15:07:18 - schedule_config - INFO - Schedule configuration loaded: 5 schedules defined
2025-08-17 15:07:18 - schedule_config - INFO - Batch size set to: 50 coins per package
2025-08-17 15:07:18 - schedule_config - DEBUG - Schedule 1: Every 5 minutes for 1 package(s): [0]
2025-08-17 15:07:18 - schedule_config - DEBUG - Schedule 2: Every 10 minutes for 1 package(s): [1]
2025-08-17 15:07:18 - schedule_config - DEBUG - Schedule 3: Every 15 minutes for 1 package(s): [2]
2025-08-17 15:07:18 - schedule_config - DEBUG - Schedule 4: Every 60 minutes for 6 package(s): [3, 4, 5, 6, 7, 8]
2025-08-17 15:07:18 - schedule_config - DEBUG - Schedule 5: Every 180 minutes for 9 package(s): [9, 10, 11, 12, 13, 14, 15, 16, 17]
2025-08-17 15:09:30 - schedule_config - DEBUG - Logger initialized for schedule_config at level DEBUG
2025-08-17 15:09:30 - schedule_config - INFO - Loading schedule configuration
2025-08-17 15:09:30 - schedule_config - INFO - Schedule configuration loaded: 5 schedules defined
2025-08-17 15:09:30 - schedule_config - INFO - Batch size set to: 50 coins per package
2025-08-17 15:09:30 - schedule_config - DEBUG - Schedule 1: Every 5 minutes for 1 package(s): [0]
2025-08-17 15:09:30 - schedule_config - DEBUG - Schedule 2: Every 10 minutes for 1 package(s): [1]
2025-08-17 15:09:30 - schedule_config - DEBUG - Schedule 3: Every 15 minutes for 1 package(s): [2]
2025-08-17 15:09:30 - schedule_config - DEBUG - Schedule 4: Every 60 minutes for 6 package(s): [3, 4, 5, 6, 7, 8]
2025-08-17 15:09:30 - schedule_config - DEBUG - Schedule 5: Every 180 minutes for 9 package(s): [9, 10, 11, 12, 13, 14, 15, 16, 17]
2025-08-17 15:11:40 - schedule_config - DEBUG - Logger initialized for schedule_config at level DEBUG
2025-08-17 15:11:40 - schedule_config - INFO - Loading schedule configuration
2025-08-17 15:11:40 - schedule_config - INFO - Schedule configuration loaded: 5 schedules defined
2025-08-17 15:11:40 - schedule_config - INFO - Batch size set to: 50 coins per package
2025-08-17 15:11:40 - schedule_config - DEBUG - Schedule 1: Every 5 minutes for 1 package(s): [0]
2025-08-17 15:11:40 - schedule_config - DEBUG - Schedule 2: Every 10 minutes for 1 package(s): [1]
2025-08-17 15:11:40 - schedule_config - DEBUG - Schedule 3: Every 15 minutes for 1 package(s): [2]
2025-08-17 15:11:40 - schedule_config - DEBUG - Schedule 4: Every 60 minutes for 6 package(s): [3, 4, 5, 6, 7, 8]
2025-08-17 15:11:40 - schedule_config - DEBUG - Schedule 5: Every 180 minutes for 9 package(s): [9, 10, 11, 12, 13, 14, 15, 16, 17]
2025-08-17 15:13:52 - schedule_config - DEBUG - Logger initialized for schedule_config at level DEBUG
2025-08-17 15:13:52 - schedule_config - INFO - Loading schedule configuration
2025-08-17 15:13:52 - schedule_config - INFO - Schedule configuration loaded: 5 schedules defined
2025-08-17 15:13:52 - schedule_config - INFO - Batch size set to: 50 coins per package
2025-08-17 15:13:52 - schedule_config - DEBUG - Schedule 1: Every 5 minutes for 1 package(s): [0]
2025-08-17 15:13:52 - schedule_config - DEBUG - Schedule 2: Every 10 minutes for 1 package(s): [1]
2025-08-17 15:13:52 - schedule_config - DEBUG - Schedule 3: Every 15 minutes for 1 package(s): [2]
2025-08-17 15:13:52 - schedule_config - DEBUG - Schedule 4: Every 60 minutes for 6 package(s): [3, 4, 5, 6, 7, 8]
2025-08-17 15:13:52 - schedule_config - DEBUG - Schedule 5: Every 180 minutes for 9 package(s): [9, 10, 11, 12, 13, 14, 15, 16, 17]
2025-08-17 15:16:07 - schedule_config - DEBUG - Logger initialized for schedule_config at level DEBUG
2025-08-17 15:16:07 - schedule_config - INFO - Loading schedule configuration
2025-08-17 15:16:07 - schedule_config - INFO - Schedule configuration loaded: 5 schedules defined
2025-08-17 15:16:07 - schedule_config - INFO - Batch size set to: 50 coins per package
2025-08-17 15:16:07 - schedule_config - DEBUG - Schedule 1: Every 5 minutes for 1 package(s): [0]
2025-08-17 15:16:07 - schedule_config - DEBUG - Schedule 2: Every 10 minutes for 1 package(s): [1]
2025-08-17 15:16:07 - schedule_config - DEBUG - Schedule 3: Every 15 minutes for 1 package(s): [2]
2025-08-17 15:16:07 - schedule_config - DEBUG - Schedule 4: Every 60 minutes for 6 package(s): [3, 4, 5, 6, 7, 8]
2025-08-17 15:16:07 - schedule_config - DEBUG - Schedule 5: Every 180 minutes for 9 package(s): [9, 10, 11, 12, 13, 14, 15, 16, 17]
2025-08-17 15:18:18 - schedule_config - DEBUG - Logger initialized for schedule_config at level DEBUG
2025-08-17 15:18:18 - schedule_config - INFO - Loading schedule configuration
2025-08-17 15:18:18 - schedule_config - INFO - Schedule configuration loaded: 5 schedules defined
2025-08-17 15:18:18 - schedule_config - INFO - Batch size set to: 50 coins per package
2025-08-17 15:18:18 - schedule_config - DEBUG - Schedule 1: Every 5 minutes for 1 package(s): [0]
2025-08-17 15:18:18 - schedule_config - DEBUG - Schedule 2: Every 10 minutes for 1 package(s): [1]
2025-08-17 15:18:18 - schedule_config - DEBUG - Schedule 3: Every 15 minutes for 1 package(s): [2]
2025-08-17 15:18:18 - schedule_config - DEBUG - Schedule 4: Every 60 minutes for 6 package(s): [3, 4, 5, 6, 7, 8]
2025-08-17 15:18:18 - schedule_config - DEBUG - Schedule 5: Every 180 minutes for 9 package(s): [9, 10, 11, 12, 13, 14, 15, 16, 17]
2025-08-17 15:20:33 - schedule_config - DEBUG - Logger initialized for schedule_config at level DEBUG
2025-08-17 15:20:33 - schedule_config - INFO - Loading schedule configuration
2025-08-17 15:20:33 - schedule_config - INFO - Schedule configuration loaded: 5 schedules defined
2025-08-17 15:20:33 - schedule_config - INFO - Batch size set to: 50 coins per package
2025-08-17 15:20:33 - schedule_config - DEBUG - Schedule 1: Every 5 minutes for 1 package(s): [0]
2025-08-17 15:20:33 - schedule_config - DEBUG - Schedule 2: Every 10 minutes for 1 package(s): [1]
2025-08-17 15:20:33 - schedule_config - DEBUG - Schedule 3: Every 15 minutes for 1 package(s): [2]
2025-08-17 15:20:33 - schedule_config - DEBUG - Schedule 4: Every 60 minutes for 6 package(s): [3, 4, 5, 6, 7, 8]
2025-08-17 15:20:33 - schedule_config - DEBUG - Schedule 5: Every 180 minutes for 9 package(s): [9, 10, 11, 12, 13, 14, 15, 16, 17]
2025-08-17 15:22:44 - schedule_config - DEBUG - Logger initialized for schedule_config at level DEBUG
2025-08-17 15:22:44 - schedule_config - INFO - Loading schedule configuration
2025-08-17 15:22:44 - schedule_config - INFO - Schedule configuration loaded: 5 schedules defined
2025-08-17 15:22:44 - schedule_config - INFO - Batch size set to: 50 coins per package
2025-08-17 15:22:44 - schedule_config - DEBUG - Schedule 1: Every 5 minutes for 1 package(s): [0]
2025-08-17 15:22:44 - schedule_config - DEBUG - Schedule 2: Every 10 minutes for 1 package(s): [1]
2025-08-17 15:22:44 - schedule_config - DEBUG - Schedule 3: Every 15 minutes for 1 package(s): [2]
2025-08-17 15:22:44 - schedule_config - DEBUG - Schedule 4: Every 60 minutes for 6 package(s): [3, 4, 5, 6, 7, 8]
2025-08-17 15:22:44 - schedule_config - DEBUG - Schedule 5: Every 180 minutes for 9 package(s): [9, 10, 11, 12, 13, 14, 15, 16, 17]
2025-08-17 15:24:55 - schedule_config - DEBUG - Logger initialized for schedule_config at level DEBUG
2025-08-17 15:24:55 - schedule_config - INFO - Loading schedule configuration
2025-08-17 15:24:55 - schedule_config - INFO - Schedule configuration loaded: 5 schedules defined
2025-08-17 15:24:55 - schedule_config - INFO - Batch size set to: 50 coins per package
2025-08-17 15:24:55 - schedule_config - DEBUG - Schedule 1: Every 5 minutes for 1 package(s): [0]
2025-08-17 15:24:55 - schedule_config - DEBUG - Schedule 2: Every 10 minutes for 1 package(s): [1]
2025-08-17 15:24:55 - schedule_config - DEBUG - Schedule 3: Every 15 minutes for 1 package(s): [2]
2025-08-17 15:24:55 - schedule_config - DEBUG - Schedule 4: Every 60 minutes for 6 package(s): [3, 4, 5, 6, 7, 8]
2025-08-17 15:24:55 - schedule_config - DEBUG - Schedule 5: Every 180 minutes for 9 package(s): [9, 10, 11, 12, 13, 14, 15, 16, 17]
2025-08-17 15:27:06 - schedule_config - DEBUG - Logger initialized for schedule_config at level DEBUG
2025-08-17 15:27:06 - schedule_config - INFO - Loading schedule configuration
2025-08-17 15:27:06 - schedule_config - INFO - Schedule configuration loaded: 5 schedules defined
2025-08-17 15:27:06 - schedule_config - INFO - Batch size set to: 50 coins per package
2025-08-17 15:27:06 - schedule_config - DEBUG - Schedule 1: Every 5 minutes for 1 package(s): [0]
2025-08-17 15:27:06 - schedule_config - DEBUG - Schedule 2: Every 10 minutes for 1 package(s): [1]
2025-08-17 15:27:06 - schedule_config - DEBUG - Schedule 3: Every 15 minutes for 1 package(s): [2]
2025-08-17 15:27:06 - schedule_config - DEBUG - Schedule 4: Every 60 minutes for 6 package(s): [3, 4, 5, 6, 7, 8]
2025-08-17 15:27:06 - schedule_config - DEBUG - Schedule 5: Every 180 minutes for 9 package(s): [9, 10, 11, 12, 13, 14, 15, 16, 17]
2025-08-17 15:29:17 - schedule_config - DEBUG - Logger initialized for schedule_config at level DEBUG
2025-08-17 15:29:17 - schedule_config - INFO - Loading schedule configuration
2025-08-17 15:29:17 - schedule_config - INFO - Schedule configuration loaded: 5 schedules defined
2025-08-17 15:29:17 - schedule_config - INFO - Batch size set to: 50 coins per package
2025-08-17 15:29:17 - schedule_config - DEBUG - Schedule 1: Every 5 minutes for 1 package(s): [0]
2025-08-17 15:29:17 - schedule_config - DEBUG - Schedule 2: Every 10 minutes for 1 package(s): [1]
2025-08-17 15:29:17 - schedule_config - DEBUG - Schedule 3: Every 15 minutes for 1 package(s): [2]
2025-08-17 15:29:17 - schedule_config - DEBUG - Schedule 4: Every 60 minutes for 6 package(s): [3, 4, 5, 6, 7, 8]
2025-08-17 15:29:17 - schedule_config - DEBUG - Schedule 5: Every 180 minutes for 9 package(s): [9, 10, 11, 12, 13, 14, 15, 16, 17]
2025-08-17 15:31:28 - schedule_config - DEBUG - Logger initialized for schedule_config at level DEBUG
2025-08-17 15:31:28 - schedule_config - INFO - Loading schedule configuration
2025-08-17 15:31:28 - schedule_config - INFO - Schedule configuration loaded: 5 schedules defined
2025-08-17 15:31:28 - schedule_config - INFO - Batch size set to: 50 coins per package
2025-08-17 15:31:28 - schedule_config - DEBUG - Schedule 1: Every 5 minutes for 1 package(s): [0]
2025-08-17 15:31:28 - schedule_config - DEBUG - Schedule 2: Every 10 minutes for 1 package(s): [1]
2025-08-17 15:31:28 - schedule_config - DEBUG - Schedule 3: Every 15 minutes for 1 package(s): [2]
2025-08-17 15:31:28 - schedule_config - DEBUG - Schedule 4: Every 60 minutes for 6 package(s): [3, 4, 5, 6, 7, 8]
2025-08-17 15:31:28 - schedule_config - DEBUG - Schedule 5: Every 180 minutes for 9 package(s): [9, 10, 11, 12, 13, 14, 15, 16, 17]
2025-08-17 15:33:40 - schedule_config - DEBUG - Logger initialized for schedule_config at level DEBUG
2025-08-17 15:33:40 - schedule_config - INFO - Loading schedule configuration
2025-08-17 15:33:40 - schedule_config - INFO - Schedule configuration loaded: 5 schedules defined
2025-08-17 15:33:40 - schedule_config - INFO - Batch size set to: 50 coins per package
2025-08-17 15:33:40 - schedule_config - DEBUG - Schedule 1: Every 5 minutes for 1 package(s): [0]
2025-08-17 15:33:40 - schedule_config - DEBUG - Schedule 2: Every 10 minutes for 1 package(s): [1]
2025-08-17 15:33:40 - schedule_config - DEBUG - Schedule 3: Every 15 minutes for 1 package(s): [2]
2025-08-17 15:33:40 - schedule_config - DEBUG - Schedule 4: Every 60 minutes for 6 package(s): [3, 4, 5, 6, 7, 8]
2025-08-17 15:33:40 - schedule_config - DEBUG - Schedule 5: Every 180 minutes for 9 package(s): [9, 10, 11, 12, 13, 14, 15, 16, 17]
2025-08-17 15:35:54 - schedule_config - DEBUG - Logger initialized for schedule_config at level DEBUG
2025-08-17 15:35:54 - schedule_config - INFO - Loading schedule configuration
2025-08-17 15:35:54 - schedule_config - INFO - Schedule configuration loaded: 5 schedules defined
2025-08-17 15:35:54 - schedule_config - INFO - Batch size set to: 50 coins per package
2025-08-17 15:35:54 - schedule_config - DEBUG - Schedule 1: Every 5 minutes for 1 package(s): [0]
2025-08-17 15:35:54 - schedule_config - DEBUG - Schedule 2: Every 10 minutes for 1 package(s): [1]
2025-08-17 15:35:54 - schedule_config - DEBUG - Schedule 3: Every 15 minutes for 1 package(s): [2]
2025-08-17 15:35:54 - schedule_config - DEBUG - Schedule 4: Every 60 minutes for 6 package(s): [3, 4, 5, 6, 7, 8]
2025-08-17 15:35:54 - schedule_config - DEBUG - Schedule 5: Every 180 minutes for 9 package(s): [9, 10, 11, 12, 13, 14, 15, 16, 17]
2025-08-17 15:38:06 - schedule_config - DEBUG - Logger initialized for schedule_config at level DEBUG
2025-08-17 15:38:06 - schedule_config - INFO - Loading schedule configuration
2025-08-17 15:38:06 - schedule_config - INFO - Schedule configuration loaded: 5 schedules defined
2025-08-17 15:38:06 - schedule_config - INFO - Batch size set to: 50 coins per package
2025-08-17 15:38:06 - schedule_config - DEBUG - Schedule 1: Every 5 minutes for 1 package(s): [0]
2025-08-17 15:38:06 - schedule_config - DEBUG - Schedule 2: Every 10 minutes for 1 package(s): [1]
2025-08-17 15:38:06 - schedule_config - DEBUG - Schedule 3: Every 15 minutes for 1 package(s): [2]
2025-08-17 15:38:06 - schedule_config - DEBUG - Schedule 4: Every 60 minutes for 6 package(s): [3, 4, 5, 6, 7, 8]
2025-08-17 15:38:06 - schedule_config - DEBUG - Schedule 5: Every 180 minutes for 9 package(s): [9, 10, 11, 12, 13, 14, 15, 16, 17]
