2025-08-02 07:31:15 - price_service - DEBUG - Logger initialized for price_service at level DEBUG
2025-08-02 07:31:15 - price_service - DEBUG - Logger initialized for price_service at level DEBUG
2025-08-02 07:31:15 - price_service - INFO - Initializing price service module
2025-08-02 07:31:15 - price_service - INFO - Initializing price service module
2025-08-02 07:31:15 - price_service - DEBUG - Logger initialized for price_service at level DEBUG
2025-08-02 07:31:15 - price_service - INFO - Initializing price service module
2025-08-02 07:31:17 - price_service - INFO - Initializing price service module
2025-08-02 07:31:17 - price_service - INFO - Initializing price service module
2025-08-02 07:31:17 - price_service - INFO - Initializing price service module
2025-08-02 08:08:30 - price_service - DEBUG - Logger initialized for price_service at level DEBUG
2025-08-02 08:08:30 - price_service - INFO - Initializing price service module
2025-08-02 08:08:30 - price_service - DEBUG - Logger initialized for price_service at level DEBUG
2025-08-02 08:08:30 - price_service - INFO - Initializing price service module
2025-08-02 08:08:30 - price_service - DEBUG - Logger initialized for price_service at level DEBUG
2025-08-02 08:08:30 - price_service - INFO - Initializing price service module
2025-08-02 08:08:32 - price_service - INFO - Initializing price service module
2025-08-02 08:08:32 - price_service - INFO - Initializing price service module
2025-08-02 08:08:32 - price_service - INFO - Initializing price service module
2025-08-02 08:37:08 - price_service - WARNING - No price record found for 2 in USD, using default values
2025-08-02 08:37:08 - price_service - WARNING - No price record found for 4 in USD, using default values
2025-08-02 08:37:08 - price_service - WARNING - No price record found for 5 in USD, using default values
2025-08-02 08:37:08 - price_service - WARNING - No price record found for 6 in USD, using default values
2025-08-02 08:37:08 - price_service - WARNING - No price record found for 7 in USD, using default values
2025-08-02 08:37:08 - price_service - WARNING - No price record found for 8 in USD, using default values
2025-08-02 08:37:09 - price_service - WARNING - No price record found for 2 in USD, using default values
2025-08-02 08:37:09 - price_service - WARNING - No price record found for 4 in USD, using default values
2025-08-02 08:37:09 - price_service - WARNING - No price record found for 5 in USD, using default values
2025-08-02 08:37:09 - price_service - WARNING - No price record found for 6 in USD, using default values
2025-08-02 08:37:09 - price_service - WARNING - No price record found for 7 in USD, using default values
2025-08-02 08:37:09 - price_service - WARNING - No price record found for 8 in USD, using default values
2025-08-02 08:38:56 - price_service - ERROR - Price update failed after 0.01 seconds
2025-08-02 08:41:40 - price_service - WARNING - No price record found for 2 in USD, using default values
2025-08-02 08:41:40 - price_service - WARNING - No price record found for 4 in USD, using default values
2025-08-02 08:41:40 - price_service - WARNING - No price record found for 5 in USD, using default values
2025-08-02 08:41:40 - price_service - WARNING - No price record found for 6 in USD, using default values
2025-08-02 08:41:40 - price_service - WARNING - No price record found for 7 in USD, using default values
2025-08-02 08:41:40 - price_service - WARNING - No price record found for 8 in USD, using default values
2025-08-02 08:41:40 - price_service - WARNING - No price record found for 2 in USD, using default values
2025-08-02 08:41:40 - price_service - WARNING - No price record found for 4 in USD, using default values
2025-08-02 08:41:40 - price_service - WARNING - No price record found for 5 in USD, using default values
2025-08-02 08:41:40 - price_service - WARNING - No price record found for 6 in USD, using default values
2025-08-02 08:41:40 - price_service - WARNING - No price record found for 7 in USD, using default values
2025-08-02 08:41:40 - price_service - WARNING - No price record found for 8 in USD, using default values
2025-08-02 08:41:40 - price_service - WARNING - No price record found for 2 in USD, using default values
2025-08-02 08:41:40 - price_service - WARNING - No price record found for 4 in USD, using default values
2025-08-02 08:41:40 - price_service - WARNING - No price record found for 5 in USD, using default values
2025-08-02 08:41:40 - price_service - WARNING - No price record found for 6 in USD, using default values
2025-08-02 08:41:40 - price_service - WARNING - No price record found for 7 in USD, using default values
2025-08-02 08:41:40 - price_service - WARNING - No price record found for 8 in USD, using default values
2025-08-02 08:41:40 - price_service - WARNING - No price record found for 2 in USD, using default values
2025-08-02 08:41:40 - price_service - WARNING - No price record found for 4 in USD, using default values
2025-08-02 08:41:40 - price_service - WARNING - No price record found for 5 in USD, using default values
2025-08-02 08:41:40 - price_service - WARNING - No price record found for 6 in USD, using default values
2025-08-02 08:41:40 - price_service - WARNING - No price record found for 7 in USD, using default values
2025-08-02 08:41:40 - price_service - WARNING - No price record found for 8 in USD, using default values
2025-08-02 09:02:23 - price_service - WARNING - No price record found for 2 in USD, using default values
2025-08-02 09:02:23 - price_service - WARNING - No price record found for 4 in USD, using default values
2025-08-02 09:02:23 - price_service - WARNING - No price record found for 5 in USD, using default values
2025-08-02 09:02:23 - price_service - WARNING - No price record found for 6 in USD, using default values
2025-08-02 09:02:23 - price_service - WARNING - No price record found for 7 in USD, using default values
2025-08-02 09:02:23 - price_service - WARNING - No price record found for 8 in USD, using default values
2025-08-02 09:02:23 - price_service - WARNING - No price record found for 2 in USD, using default values
2025-08-02 09:02:23 - price_service - WARNING - No price record found for 4 in USD, using default values
2025-08-02 09:02:23 - price_service - WARNING - No price record found for 5 in USD, using default values
2025-08-02 09:02:23 - price_service - WARNING - No price record found for 6 in USD, using default values
2025-08-02 09:02:23 - price_service - WARNING - No price record found for 7 in USD, using default values
2025-08-02 09:02:23 - price_service - WARNING - No price record found for 8 in USD, using default values
2025-08-02 09:02:23 - price_service - WARNING - No price record found for 2 in USD, using default values
2025-08-02 09:02:23 - price_service - WARNING - No price record found for 4 in USD, using default values
2025-08-02 09:02:23 - price_service - WARNING - No price record found for 5 in USD, using default values
2025-08-02 09:02:23 - price_service - WARNING - No price record found for 6 in USD, using default values
2025-08-02 09:02:23 - price_service - WARNING - No price record found for 7 in USD, using default values
2025-08-02 09:02:23 - price_service - WARNING - No price record found for 8 in USD, using default values
2025-08-02 09:02:27 - price_service - WARNING - No price record found for 2 in USD, using default values
2025-08-02 09:02:27 - price_service - WARNING - No price record found for 4 in USD, using default values
2025-08-02 09:02:27 - price_service - WARNING - No price record found for 5 in USD, using default values
2025-08-02 09:02:27 - price_service - WARNING - No price record found for 6 in USD, using default values
2025-08-02 09:02:27 - price_service - WARNING - No price record found for 7 in USD, using default values
2025-08-02 09:02:27 - price_service - WARNING - No price record found for 8 in USD, using default values
2025-08-02 09:20:21 - price_service - DEBUG - Logger initialized for price_service at level DEBUG
2025-08-02 09:20:21 - price_service - INFO - Initializing price service module
2025-08-02 09:20:21 - price_service - DEBUG - Logger initialized for price_service at level DEBUG
2025-08-02 09:20:21 - price_service - INFO - Initializing price service module
2025-08-02 09:20:21 - price_service - DEBUG - Logger initialized for price_service at level DEBUG
2025-08-02 09:20:21 - price_service - INFO - Initializing price service module
2025-08-02 09:20:22 - price_service - INFO - Initializing price service module
2025-08-02 09:20:23 - price_service - INFO - Initializing price service module
2025-08-02 09:20:23 - price_service - INFO - Initializing price service module
2025-08-02 09:24:47 - price_service - DEBUG - Logger initialized for price_service at level DEBUG
2025-08-02 09:24:47 - price_service - INFO - Initializing price service module
2025-08-02 09:24:48 - price_service - DEBUG - Logger initialized for price_service at level DEBUG
2025-08-02 09:24:48 - price_service - INFO - Initializing price service module
2025-08-02 09:24:48 - price_service - DEBUG - Logger initialized for price_service at level DEBUG
2025-08-02 09:24:48 - price_service - INFO - Initializing price service module
2025-08-02 09:24:48 - price_service - INFO - Initializing price service module
2025-08-02 09:24:49 - price_service - INFO - Initializing price service module
2025-08-02 09:24:49 - price_service - INFO - Initializing price service module
2025-08-02 09:44:35 - price_service - WARNING - No price record found for 2 in USD, using default values
2025-08-02 09:44:35 - price_service - WARNING - No price record found for 4 in USD, using default values
2025-08-02 09:44:35 - price_service - WARNING - No price record found for 5 in USD, using default values
2025-08-02 09:44:35 - price_service - WARNING - No price record found for 6 in USD, using default values
2025-08-02 09:44:35 - price_service - WARNING - No price record found for 7 in USD, using default values
2025-08-02 09:44:35 - price_service - WARNING - No price record found for 8 in USD, using default values
2025-08-02 09:44:35 - price_service - WARNING - No price record found for 2 in USD, using default values
2025-08-02 09:44:35 - price_service - WARNING - No price record found for 4 in USD, using default values
2025-08-02 09:44:35 - price_service - WARNING - No price record found for 5 in USD, using default values
2025-08-02 09:44:35 - price_service - WARNING - No price record found for 6 in USD, using default values
2025-08-02 09:44:35 - price_service - WARNING - No price record found for 7 in USD, using default values
2025-08-02 09:44:35 - price_service - WARNING - No price record found for 8 in USD, using default values
2025-08-02 09:44:35 - price_service - WARNING - No price record found for 2 in USD, using default values
2025-08-02 09:44:35 - price_service - WARNING - No price record found for 4 in USD, using default values
2025-08-02 09:44:35 - price_service - WARNING - No price record found for 5 in USD, using default values
2025-08-02 09:44:35 - price_service - WARNING - No price record found for 6 in USD, using default values
2025-08-02 09:44:35 - price_service - WARNING - No price record found for 7 in USD, using default values
2025-08-02 09:44:35 - price_service - WARNING - No price record found for 8 in USD, using default values
2025-08-02 09:44:39 - price_service - WARNING - No price record found for 2 in USD, using default values
2025-08-02 09:44:39 - price_service - WARNING - No price record found for 4 in USD, using default values
2025-08-02 09:44:39 - price_service - WARNING - No price record found for 5 in USD, using default values
2025-08-02 09:44:39 - price_service - WARNING - No price record found for 6 in USD, using default values
2025-08-02 09:44:39 - price_service - WARNING - No price record found for 7 in USD, using default values
2025-08-02 09:44:39 - price_service - WARNING - No price record found for 8 in USD, using default values
2025-08-02 09:44:40 - price_service - WARNING - No price record found for 2 in USD, using default values
2025-08-02 09:44:40 - price_service - WARNING - No price record found for 4 in USD, using default values
2025-08-02 09:44:40 - price_service - WARNING - No price record found for 5 in USD, using default values
2025-08-02 09:44:40 - price_service - WARNING - No price record found for 6 in USD, using default values
2025-08-02 09:44:40 - price_service - WARNING - No price record found for 7 in USD, using default values
2025-08-02 09:44:40 - price_service - WARNING - No price record found for 8 in USD, using default values
2025-08-02 09:44:41 - price_service - WARNING - No price record found for 2 in USD, using default values
2025-08-02 09:44:41 - price_service - WARNING - No price record found for 4 in USD, using default values
2025-08-02 09:44:41 - price_service - WARNING - No price record found for 5 in USD, using default values
2025-08-02 09:44:41 - price_service - WARNING - No price record found for 6 in USD, using default values
2025-08-02 09:44:41 - price_service - WARNING - No price record found for 7 in USD, using default values
2025-08-02 09:44:41 - price_service - WARNING - No price record found for 8 in USD, using default values
2025-08-02 09:44:45 - price_service - WARNING - No price record found for 2 in USD, using default values
2025-08-02 09:44:45 - price_service - WARNING - No price record found for 4 in USD, using default values
2025-08-02 09:44:45 - price_service - WARNING - No price record found for 5 in USD, using default values
2025-08-02 09:44:45 - price_service - WARNING - No price record found for 6 in USD, using default values
2025-08-02 09:44:45 - price_service - WARNING - No price record found for 7 in USD, using default values
2025-08-02 09:44:45 - price_service - WARNING - No price record found for 8 in USD, using default values
2025-08-02 09:45:07 - price_service - WARNING - No price record found for 2 in USD, using default values
2025-08-02 09:45:07 - price_service - WARNING - No price record found for 4 in USD, using default values
2025-08-02 09:45:07 - price_service - WARNING - No price record found for 5 in USD, using default values
2025-08-02 09:45:07 - price_service - WARNING - No price record found for 6 in USD, using default values
2025-08-02 09:45:07 - price_service - WARNING - No price record found for 7 in USD, using default values
2025-08-02 09:45:07 - price_service - WARNING - No price record found for 8 in USD, using default values
2025-08-02 09:53:35 - price_service - WARNING - No price record found for 2 in USD, using default values
2025-08-02 09:53:35 - price_service - WARNING - No price record found for 4 in USD, using default values
2025-08-02 09:53:35 - price_service - WARNING - No price record found for 5 in USD, using default values
2025-08-02 09:53:35 - price_service - WARNING - No price record found for 6 in USD, using default values
2025-08-02 09:53:35 - price_service - WARNING - No price record found for 7 in USD, using default values
2025-08-02 09:53:35 - price_service - WARNING - No price record found for 8 in USD, using default values
2025-08-02 09:53:35 - price_service - WARNING - No price record found for 2 in USD, using default values
2025-08-02 09:53:35 - price_service - WARNING - No price record found for 4 in USD, using default values
2025-08-02 09:53:35 - price_service - WARNING - No price record found for 5 in USD, using default values
2025-08-02 09:53:35 - price_service - WARNING - No price record found for 6 in USD, using default values
2025-08-02 09:53:35 - price_service - WARNING - No price record found for 7 in USD, using default values
2025-08-02 09:53:35 - price_service - WARNING - No price record found for 8 in USD, using default values
2025-08-02 09:53:35 - price_service - WARNING - No price record found for 2 in USD, using default values
2025-08-02 09:53:35 - price_service - WARNING - No price record found for 4 in USD, using default values
2025-08-02 09:53:35 - price_service - WARNING - No price record found for 5 in USD, using default values
2025-08-02 09:53:35 - price_service - WARNING - No price record found for 6 in USD, using default values
2025-08-02 09:53:35 - price_service - WARNING - No price record found for 7 in USD, using default values
2025-08-02 09:53:35 - price_service - WARNING - No price record found for 8 in USD, using default values
2025-08-02 09:53:41 - price_service - WARNING - No price record found for 2 in USD, using default values
2025-08-02 09:53:41 - price_service - WARNING - No price record found for 4 in USD, using default values
2025-08-02 09:53:41 - price_service - WARNING - No price record found for 5 in USD, using default values
2025-08-02 09:53:41 - price_service - WARNING - No price record found for 6 in USD, using default values
2025-08-02 09:53:41 - price_service - WARNING - No price record found for 7 in USD, using default values
2025-08-02 09:53:41 - price_service - WARNING - No price record found for 8 in USD, using default values
2025-08-02 09:53:43 - price_service - WARNING - No price record found for 2 in USD, using default values
2025-08-02 09:53:43 - price_service - WARNING - No price record found for 4 in USD, using default values
2025-08-02 09:53:43 - price_service - WARNING - No price record found for 5 in USD, using default values
2025-08-02 09:53:43 - price_service - WARNING - No price record found for 6 in USD, using default values
2025-08-02 09:53:43 - price_service - WARNING - No price record found for 7 in USD, using default values
2025-08-02 09:53:43 - price_service - WARNING - No price record found for 8 in USD, using default values
2025-08-02 09:53:46 - price_service - WARNING - No price record found for 2 in USD, using default values
2025-08-02 09:53:46 - price_service - WARNING - No price record found for 4 in USD, using default values
2025-08-02 09:53:46 - price_service - WARNING - No price record found for 5 in USD, using default values
2025-08-02 09:53:46 - price_service - WARNING - No price record found for 6 in USD, using default values
2025-08-02 09:53:46 - price_service - WARNING - No price record found for 7 in USD, using default values
2025-08-02 09:53:46 - price_service - WARNING - No price record found for 8 in USD, using default values
2025-08-02 09:53:54 - price_service - WARNING - No price record found for 2 in USD, using default values
2025-08-02 09:53:54 - price_service - WARNING - No price record found for 4 in USD, using default values
2025-08-02 09:53:54 - price_service - WARNING - No price record found for 5 in USD, using default values
2025-08-02 09:53:54 - price_service - WARNING - No price record found for 6 in USD, using default values
2025-08-02 09:53:54 - price_service - WARNING - No price record found for 7 in USD, using default values
2025-08-02 09:53:54 - price_service - WARNING - No price record found for 8 in USD, using default values
2025-08-02 09:53:59 - price_service - WARNING - No price record found for 2 in USD, using default values
2025-08-02 09:53:59 - price_service - WARNING - No price record found for 4 in USD, using default values
2025-08-02 09:53:59 - price_service - WARNING - No price record found for 5 in USD, using default values
2025-08-02 09:53:59 - price_service - WARNING - No price record found for 6 in USD, using default values
2025-08-02 09:53:59 - price_service - WARNING - No price record found for 7 in USD, using default values
2025-08-02 09:53:59 - price_service - WARNING - No price record found for 8 in USD, using default values
2025-08-02 09:54:06 - price_service - WARNING - No price record found for 2 in USD, using default values
2025-08-02 09:54:06 - price_service - WARNING - No price record found for 4 in USD, using default values
2025-08-02 09:54:06 - price_service - WARNING - No price record found for 5 in USD, using default values
2025-08-02 09:54:06 - price_service - WARNING - No price record found for 6 in USD, using default values
2025-08-02 09:54:06 - price_service - WARNING - No price record found for 7 in USD, using default values
2025-08-02 09:54:06 - price_service - WARNING - No price record found for 8 in USD, using default values
2025-08-02 09:54:10 - price_service - WARNING - No price record found for 2 in USD, using default values
2025-08-02 09:54:10 - price_service - WARNING - No price record found for 4 in USD, using default values
2025-08-02 09:54:10 - price_service - WARNING - No price record found for 5 in USD, using default values
2025-08-02 09:54:10 - price_service - WARNING - No price record found for 6 in USD, using default values
2025-08-02 09:54:10 - price_service - WARNING - No price record found for 7 in USD, using default values
2025-08-02 09:54:10 - price_service - WARNING - No price record found for 8 in USD, using default values
2025-08-02 09:54:15 - price_service - WARNING - No price record found for 2 in USD, using default values
2025-08-02 09:54:15 - price_service - WARNING - No price record found for 4 in USD, using default values
2025-08-02 09:54:15 - price_service - WARNING - No price record found for 5 in USD, using default values
2025-08-02 09:54:15 - price_service - WARNING - No price record found for 6 in USD, using default values
2025-08-02 09:54:15 - price_service - WARNING - No price record found for 7 in USD, using default values
2025-08-02 09:54:15 - price_service - WARNING - No price record found for 8 in USD, using default values
2025-08-02 09:54:16 - price_service - WARNING - No price record found for 2 in USD, using default values
2025-08-02 09:54:16 - price_service - WARNING - No price record found for 4 in USD, using default values
2025-08-02 09:54:16 - price_service - WARNING - No price record found for 5 in USD, using default values
2025-08-02 09:54:16 - price_service - WARNING - No price record found for 6 in USD, using default values
2025-08-02 09:54:16 - price_service - WARNING - No price record found for 7 in USD, using default values
2025-08-02 09:54:16 - price_service - WARNING - No price record found for 8 in USD, using default values
2025-08-02 09:54:18 - price_service - WARNING - No price record found for 2 in USD, using default values
2025-08-02 09:54:18 - price_service - WARNING - No price record found for 4 in USD, using default values
2025-08-02 09:54:18 - price_service - WARNING - No price record found for 5 in USD, using default values
2025-08-02 09:54:18 - price_service - WARNING - No price record found for 6 in USD, using default values
2025-08-02 09:54:18 - price_service - WARNING - No price record found for 7 in USD, using default values
2025-08-02 09:54:18 - price_service - WARNING - No price record found for 8 in USD, using default values
2025-08-02 09:54:24 - price_service - WARNING - No price record found for 2 in USD, using default values
2025-08-02 09:54:24 - price_service - WARNING - No price record found for 4 in USD, using default values
2025-08-02 09:54:24 - price_service - WARNING - No price record found for 5 in USD, using default values
2025-08-02 09:54:24 - price_service - WARNING - No price record found for 6 in USD, using default values
2025-08-02 09:54:24 - price_service - WARNING - No price record found for 7 in USD, using default values
2025-08-02 09:54:24 - price_service - WARNING - No price record found for 8 in USD, using default values
2025-08-02 09:55:15 - price_service - WARNING - No price record found for 2 in USD, using default values
2025-08-02 09:55:15 - price_service - WARNING - No price record found for 4 in USD, using default values
2025-08-02 09:55:15 - price_service - WARNING - No price record found for 5 in USD, using default values
2025-08-02 09:55:15 - price_service - WARNING - No price record found for 6 in USD, using default values
2025-08-02 09:55:15 - price_service - WARNING - No price record found for 7 in USD, using default values
2025-08-02 09:55:15 - price_service - WARNING - No price record found for 8 in USD, using default values
2025-08-02 09:55:23 - price_service - WARNING - No price record found for 2 in USD, using default values
2025-08-02 09:55:23 - price_service - WARNING - No price record found for 4 in USD, using default values
2025-08-02 09:55:23 - price_service - WARNING - No price record found for 5 in USD, using default values
2025-08-02 09:55:23 - price_service - WARNING - No price record found for 6 in USD, using default values
2025-08-02 09:55:23 - price_service - WARNING - No price record found for 7 in USD, using default values
2025-08-02 09:55:23 - price_service - WARNING - No price record found for 8 in USD, using default values
2025-08-02 12:11:17 - price_service - WARNING - No price record found for 2 in USD, using default values
2025-08-02 12:11:17 - price_service - WARNING - No price record found for 4 in USD, using default values
2025-08-02 12:11:17 - price_service - WARNING - No price record found for 5 in USD, using default values
2025-08-02 12:11:17 - price_service - WARNING - No price record found for 6 in USD, using default values
2025-08-02 12:11:17 - price_service - WARNING - No price record found for 7 in USD, using default values
2025-08-02 12:11:17 - price_service - WARNING - No price record found for 8 in USD, using default values
2025-08-02 12:50:18 - price_service - ERROR - Price update failed after 0.01 seconds
2025-08-02 16:05:52 - price_service - WARNING - No price record found for 2 in USD, using default values
2025-08-02 16:05:52 - price_service - WARNING - No price record found for 4 in USD, using default values
2025-08-02 16:05:52 - price_service - WARNING - No price record found for 5 in USD, using default values
2025-08-02 16:05:52 - price_service - WARNING - No price record found for 6 in USD, using default values
2025-08-02 16:05:52 - price_service - WARNING - No price record found for 7 in USD, using default values
2025-08-02 16:05:52 - price_service - WARNING - No price record found for 8 in USD, using default values
2025-08-02 16:05:53 - price_service - WARNING - No price record found for 2 in USD, using default values
2025-08-02 16:05:53 - price_service - WARNING - No price record found for 4 in USD, using default values
2025-08-02 16:05:53 - price_service - WARNING - No price record found for 5 in USD, using default values
2025-08-02 16:05:53 - price_service - WARNING - No price record found for 6 in USD, using default values
2025-08-02 16:05:53 - price_service - WARNING - No price record found for 7 in USD, using default values
2025-08-02 16:05:53 - price_service - WARNING - No price record found for 8 in USD, using default values
2025-08-02 16:05:53 - price_service - WARNING - No price record found for 2 in USD, using default values
2025-08-02 16:05:53 - price_service - WARNING - No price record found for 4 in USD, using default values
2025-08-02 16:05:53 - price_service - WARNING - No price record found for 5 in USD, using default values
2025-08-02 16:05:53 - price_service - WARNING - No price record found for 6 in USD, using default values
2025-08-02 16:05:53 - price_service - WARNING - No price record found for 7 in USD, using default values
2025-08-02 16:05:53 - price_service - WARNING - No price record found for 8 in USD, using default values
2025-08-02 16:05:55 - price_service - WARNING - No price record found for 2 in USD, using default values
2025-08-02 16:05:55 - price_service - WARNING - No price record found for 4 in USD, using default values
2025-08-02 16:05:55 - price_service - WARNING - No price record found for 5 in USD, using default values
2025-08-02 16:05:55 - price_service - WARNING - No price record found for 6 in USD, using default values
2025-08-02 16:05:55 - price_service - WARNING - No price record found for 7 in USD, using default values
2025-08-02 16:05:55 - price_service - WARNING - No price record found for 8 in USD, using default values
2025-08-02 16:06:02 - price_service - WARNING - No price record found for 2 in USD, using default values
2025-08-02 16:06:02 - price_service - WARNING - No price record found for 4 in USD, using default values
2025-08-02 16:06:02 - price_service - WARNING - No price record found for 5 in USD, using default values
2025-08-02 16:06:02 - price_service - WARNING - No price record found for 6 in USD, using default values
2025-08-02 16:06:02 - price_service - WARNING - No price record found for 7 in USD, using default values
2025-08-02 16:06:02 - price_service - WARNING - No price record found for 8 in USD, using default values
2025-08-02 16:06:07 - price_service - WARNING - No price record found for 2 in USD, using default values
2025-08-02 16:06:07 - price_service - WARNING - No price record found for 4 in USD, using default values
2025-08-02 16:06:07 - price_service - WARNING - No price record found for 5 in USD, using default values
2025-08-02 16:06:07 - price_service - WARNING - No price record found for 6 in USD, using default values
2025-08-02 16:06:07 - price_service - WARNING - No price record found for 7 in USD, using default values
2025-08-02 16:06:07 - price_service - WARNING - No price record found for 8 in USD, using default values
2025-08-02 17:18:03 - price_service - ERROR - Price update failed after 0.00 seconds
2025-08-02 17:30:45 - price_service - WARNING - No price record found for 2 in USD, using default values
2025-08-02 17:30:45 - price_service - WARNING - No price record found for 4 in USD, using default values
2025-08-02 17:30:45 - price_service - WARNING - No price record found for 5 in USD, using default values
2025-08-02 17:30:45 - price_service - WARNING - No price record found for 6 in USD, using default values
2025-08-02 17:30:45 - price_service - WARNING - No price record found for 7 in USD, using default values
2025-08-02 17:30:45 - price_service - WARNING - No price record found for 8 in USD, using default values
2025-08-02 17:30:47 - price_service - WARNING - No price record found for 2 in USD, using default values
2025-08-02 17:30:47 - price_service - WARNING - No price record found for 4 in USD, using default values
2025-08-02 17:30:47 - price_service - WARNING - No price record found for 5 in USD, using default values
2025-08-02 17:30:47 - price_service - WARNING - No price record found for 6 in USD, using default values
2025-08-02 17:30:47 - price_service - WARNING - No price record found for 7 in USD, using default values
2025-08-02 17:30:47 - price_service - WARNING - No price record found for 8 in USD, using default values
2025-08-02 17:30:58 - price_service - WARNING - No price record found for 2 in USD, using default values
2025-08-02 17:30:58 - price_service - WARNING - No price record found for 4 in USD, using default values
2025-08-02 17:30:58 - price_service - WARNING - No price record found for 5 in USD, using default values
2025-08-02 17:30:58 - price_service - WARNING - No price record found for 6 in USD, using default values
2025-08-02 17:30:58 - price_service - WARNING - No price record found for 7 in USD, using default values
2025-08-02 17:30:58 - price_service - WARNING - No price record found for 8 in USD, using default values
2025-08-02 17:31:06 - price_service - WARNING - No price record found for 2 in USD, using default values
2025-08-02 17:31:06 - price_service - WARNING - No price record found for 4 in USD, using default values
2025-08-02 17:31:06 - price_service - WARNING - No price record found for 5 in USD, using default values
2025-08-02 17:31:06 - price_service - WARNING - No price record found for 6 in USD, using default values
2025-08-02 17:31:06 - price_service - WARNING - No price record found for 7 in USD, using default values
2025-08-02 17:31:06 - price_service - WARNING - No price record found for 8 in USD, using default values
2025-08-02 17:31:12 - price_service - WARNING - No price record found for 2 in USD, using default values
2025-08-02 17:31:12 - price_service - WARNING - No price record found for 4 in USD, using default values
2025-08-02 17:31:12 - price_service - WARNING - No price record found for 5 in USD, using default values
2025-08-02 17:31:12 - price_service - WARNING - No price record found for 6 in USD, using default values
2025-08-02 17:31:12 - price_service - WARNING - No price record found for 7 in USD, using default values
2025-08-02 17:31:12 - price_service - WARNING - No price record found for 8 in USD, using default values
2025-08-02 17:31:12 - price_service - WARNING - No price record found for 2 in USD, using default values
2025-08-02 17:31:12 - price_service - WARNING - No price record found for 4 in USD, using default values
2025-08-02 17:31:12 - price_service - WARNING - No price record found for 5 in USD, using default values
2025-08-02 17:31:12 - price_service - WARNING - No price record found for 6 in USD, using default values
2025-08-02 17:31:12 - price_service - WARNING - No price record found for 7 in USD, using default values
2025-08-02 17:31:12 - price_service - WARNING - No price record found for 8 in USD, using default values
2025-08-02 17:31:15 - price_service - WARNING - No price record found for 2 in USD, using default values
2025-08-02 17:31:15 - price_service - WARNING - No price record found for 4 in USD, using default values
2025-08-02 17:31:15 - price_service - WARNING - No price record found for 5 in USD, using default values
2025-08-02 17:31:15 - price_service - WARNING - No price record found for 6 in USD, using default values
2025-08-02 17:31:15 - price_service - WARNING - No price record found for 7 in USD, using default values
2025-08-02 17:31:15 - price_service - WARNING - No price record found for 8 in USD, using default values
2025-08-02 17:31:25 - price_service - WARNING - No price record found for 2 in USD, using default values
2025-08-02 17:31:25 - price_service - WARNING - No price record found for 4 in USD, using default values
2025-08-02 17:31:25 - price_service - WARNING - No price record found for 5 in USD, using default values
2025-08-02 17:31:25 - price_service - WARNING - No price record found for 6 in USD, using default values
2025-08-02 17:31:25 - price_service - WARNING - No price record found for 7 in USD, using default values
2025-08-02 17:31:25 - price_service - WARNING - No price record found for 8 in USD, using default values
2025-08-02 17:31:25 - price_service - WARNING - No price record found for 2 in USD, using default values
2025-08-02 17:31:25 - price_service - WARNING - No price record found for 4 in USD, using default values
2025-08-02 17:31:25 - price_service - WARNING - No price record found for 5 in USD, using default values
2025-08-02 17:31:25 - price_service - WARNING - No price record found for 6 in USD, using default values
2025-08-02 17:31:25 - price_service - WARNING - No price record found for 7 in USD, using default values
2025-08-02 17:31:25 - price_service - WARNING - No price record found for 8 in USD, using default values
2025-08-02 17:31:26 - price_service - WARNING - No price record found for 2 in USD, using default values
2025-08-02 17:31:26 - price_service - WARNING - No price record found for 4 in USD, using default values
2025-08-02 17:31:26 - price_service - WARNING - No price record found for 5 in USD, using default values
2025-08-02 17:31:26 - price_service - WARNING - No price record found for 6 in USD, using default values
2025-08-02 17:31:26 - price_service - WARNING - No price record found for 7 in USD, using default values
2025-08-02 17:31:26 - price_service - WARNING - No price record found for 8 in USD, using default values
2025-08-02 17:31:30 - price_service - WARNING - No price record found for 2 in USD, using default values
2025-08-02 17:31:30 - price_service - WARNING - No price record found for 4 in USD, using default values
2025-08-02 17:31:30 - price_service - WARNING - No price record found for 5 in USD, using default values
2025-08-02 17:31:30 - price_service - WARNING - No price record found for 6 in USD, using default values
2025-08-02 17:31:30 - price_service - WARNING - No price record found for 7 in USD, using default values
2025-08-02 17:31:30 - price_service - WARNING - No price record found for 8 in USD, using default values
2025-08-02 17:31:31 - price_service - WARNING - No price record found for 2 in USD, using default values
2025-08-02 17:31:31 - price_service - WARNING - No price record found for 4 in USD, using default values
2025-08-02 17:31:31 - price_service - WARNING - No price record found for 5 in USD, using default values
2025-08-02 17:31:31 - price_service - WARNING - No price record found for 6 in USD, using default values
2025-08-02 17:31:31 - price_service - WARNING - No price record found for 7 in USD, using default values
2025-08-02 17:31:31 - price_service - WARNING - No price record found for 8 in USD, using default values
2025-08-02 17:31:34 - price_service - WARNING - No price record found for 2 in USD, using default values
2025-08-02 17:31:34 - price_service - WARNING - No price record found for 4 in USD, using default values
2025-08-02 17:31:34 - price_service - WARNING - No price record found for 5 in USD, using default values
2025-08-02 17:31:34 - price_service - WARNING - No price record found for 6 in USD, using default values
2025-08-02 17:31:34 - price_service - WARNING - No price record found for 7 in USD, using default values
2025-08-02 17:31:34 - price_service - WARNING - No price record found for 8 in USD, using default values
2025-08-02 17:31:36 - price_service - WARNING - No price record found for 2 in USD, using default values
2025-08-02 17:31:36 - price_service - WARNING - No price record found for 4 in USD, using default values
2025-08-02 17:31:36 - price_service - WARNING - No price record found for 5 in USD, using default values
2025-08-02 17:31:36 - price_service - WARNING - No price record found for 6 in USD, using default values
2025-08-02 17:31:36 - price_service - WARNING - No price record found for 7 in USD, using default values
2025-08-02 17:31:36 - price_service - WARNING - No price record found for 8 in USD, using default values
2025-08-02 17:31:38 - price_service - WARNING - No price record found for 2 in USD, using default values
2025-08-02 17:31:38 - price_service - WARNING - No price record found for 4 in USD, using default values
2025-08-02 17:31:38 - price_service - WARNING - No price record found for 5 in USD, using default values
2025-08-02 17:31:38 - price_service - WARNING - No price record found for 6 in USD, using default values
2025-08-02 17:31:38 - price_service - WARNING - No price record found for 7 in USD, using default values
2025-08-02 17:31:38 - price_service - WARNING - No price record found for 8 in USD, using default values
2025-08-02 17:31:38 - price_service - WARNING - No price record found for 2 in USD, using default values
2025-08-02 17:31:38 - price_service - WARNING - No price record found for 4 in USD, using default values
2025-08-02 17:31:38 - price_service - WARNING - No price record found for 5 in USD, using default values
2025-08-02 17:31:38 - price_service - WARNING - No price record found for 6 in USD, using default values
2025-08-02 17:31:38 - price_service - WARNING - No price record found for 7 in USD, using default values
2025-08-02 17:31:38 - price_service - WARNING - No price record found for 8 in USD, using default values
2025-08-02 17:31:38 - price_service - WARNING - No price record found for 2 in USD, using default values
2025-08-02 17:31:38 - price_service - WARNING - No price record found for 4 in USD, using default values
2025-08-02 17:31:38 - price_service - WARNING - No price record found for 5 in USD, using default values
2025-08-02 17:31:38 - price_service - WARNING - No price record found for 6 in USD, using default values
2025-08-02 17:31:38 - price_service - WARNING - No price record found for 7 in USD, using default values
2025-08-02 17:31:38 - price_service - WARNING - No price record found for 8 in USD, using default values
2025-08-02 17:31:38 - price_service - WARNING - No price record found for 2 in USD, using default values
2025-08-02 17:31:38 - price_service - WARNING - No price record found for 4 in USD, using default values
2025-08-02 17:31:38 - price_service - WARNING - No price record found for 5 in USD, using default values
2025-08-02 17:31:38 - price_service - WARNING - No price record found for 6 in USD, using default values
2025-08-02 17:31:38 - price_service - WARNING - No price record found for 7 in USD, using default values
2025-08-02 17:31:38 - price_service - WARNING - No price record found for 8 in USD, using default values
2025-08-02 17:31:41 - price_service - WARNING - No price record found for 2 in USD, using default values
2025-08-02 17:31:41 - price_service - WARNING - No price record found for 4 in USD, using default values
2025-08-02 17:31:41 - price_service - WARNING - No price record found for 5 in USD, using default values
2025-08-02 17:31:41 - price_service - WARNING - No price record found for 6 in USD, using default values
2025-08-02 17:31:41 - price_service - WARNING - No price record found for 7 in USD, using default values
2025-08-02 17:31:41 - price_service - WARNING - No price record found for 8 in USD, using default values
2025-08-02 17:31:42 - price_service - WARNING - No price record found for 2 in USD, using default values
2025-08-02 17:31:42 - price_service - WARNING - No price record found for 4 in USD, using default values
2025-08-02 17:31:42 - price_service - WARNING - No price record found for 5 in USD, using default values
2025-08-02 17:31:42 - price_service - WARNING - No price record found for 6 in USD, using default values
2025-08-02 17:31:42 - price_service - WARNING - No price record found for 7 in USD, using default values
2025-08-02 17:31:42 - price_service - WARNING - No price record found for 8 in USD, using default values
2025-08-02 17:31:47 - price_service - WARNING - No price record found for 2 in USD, using default values
2025-08-02 17:31:47 - price_service - WARNING - No price record found for 4 in USD, using default values
2025-08-02 17:31:47 - price_service - WARNING - No price record found for 5 in USD, using default values
2025-08-02 17:31:47 - price_service - WARNING - No price record found for 6 in USD, using default values
2025-08-02 17:31:47 - price_service - WARNING - No price record found for 7 in USD, using default values
2025-08-02 17:31:47 - price_service - WARNING - No price record found for 8 in USD, using default values
2025-08-02 17:31:47 - price_service - WARNING - No price record found for 2 in USD, using default values
2025-08-02 17:31:47 - price_service - WARNING - No price record found for 4 in USD, using default values
2025-08-02 17:31:47 - price_service - WARNING - No price record found for 5 in USD, using default values
2025-08-02 17:31:47 - price_service - WARNING - No price record found for 6 in USD, using default values
2025-08-02 17:31:47 - price_service - WARNING - No price record found for 7 in USD, using default values
2025-08-02 17:31:47 - price_service - WARNING - No price record found for 8 in USD, using default values
2025-08-02 17:31:53 - price_service - WARNING - No price record found for 2 in USD, using default values
2025-08-02 17:31:53 - price_service - WARNING - No price record found for 4 in USD, using default values
2025-08-02 17:31:53 - price_service - WARNING - No price record found for 5 in USD, using default values
2025-08-02 17:31:53 - price_service - WARNING - No price record found for 6 in USD, using default values
2025-08-02 17:31:53 - price_service - WARNING - No price record found for 7 in USD, using default values
2025-08-02 17:31:53 - price_service - WARNING - No price record found for 8 in USD, using default values
2025-08-02 17:31:58 - price_service - WARNING - No price record found for 2 in USD, using default values
2025-08-02 17:31:58 - price_service - WARNING - No price record found for 4 in USD, using default values
2025-08-02 17:31:58 - price_service - WARNING - No price record found for 5 in USD, using default values
2025-08-02 17:31:58 - price_service - WARNING - No price record found for 6 in USD, using default values
2025-08-02 17:31:58 - price_service - WARNING - No price record found for 7 in USD, using default values
2025-08-02 17:31:58 - price_service - WARNING - No price record found for 8 in USD, using default values
2025-08-02 18:01:00 - price_service - WARNING - No price record found for 2 in USD, using default values
2025-08-02 18:01:00 - price_service - WARNING - No price record found for 4 in USD, using default values
2025-08-02 18:01:00 - price_service - WARNING - No price record found for 5 in USD, using default values
2025-08-02 18:01:00 - price_service - WARNING - No price record found for 6 in USD, using default values
2025-08-02 18:01:00 - price_service - WARNING - No price record found for 7 in USD, using default values
2025-08-02 18:01:00 - price_service - WARNING - No price record found for 8 in USD, using default values
2025-08-02 18:01:00 - price_service - WARNING - No price record found for 2 in USD, using default values
2025-08-02 18:01:00 - price_service - WARNING - No price record found for 4 in USD, using default values
2025-08-02 18:01:00 - price_service - WARNING - No price record found for 5 in USD, using default values
2025-08-02 18:01:00 - price_service - WARNING - No price record found for 6 in USD, using default values
2025-08-02 18:01:00 - price_service - WARNING - No price record found for 7 in USD, using default values
2025-08-02 18:01:00 - price_service - WARNING - No price record found for 8 in USD, using default values
2025-08-02 18:01:00 - price_service - WARNING - No price record found for 2 in USD, using default values
2025-08-02 18:01:00 - price_service - WARNING - No price record found for 4 in USD, using default values
2025-08-02 18:01:00 - price_service - WARNING - No price record found for 5 in USD, using default values
2025-08-02 18:01:00 - price_service - WARNING - No price record found for 6 in USD, using default values
2025-08-02 18:01:00 - price_service - WARNING - No price record found for 7 in USD, using default values
2025-08-02 18:01:00 - price_service - WARNING - No price record found for 8 in USD, using default values
2025-08-02 18:40:11 - price_service - WARNING - No price record found for 2 in USD, using default values
2025-08-02 18:40:11 - price_service - WARNING - No price record found for 4 in USD, using default values
2025-08-02 18:40:11 - price_service - WARNING - No price record found for 5 in USD, using default values
2025-08-02 18:40:11 - price_service - WARNING - No price record found for 6 in USD, using default values
2025-08-02 18:40:11 - price_service - WARNING - No price record found for 7 in USD, using default values
2025-08-02 18:40:11 - price_service - WARNING - No price record found for 8 in USD, using default values
2025-08-02 18:40:11 - price_service - WARNING - No price record found for 2 in USD, using default values
2025-08-02 18:40:11 - price_service - WARNING - No price record found for 4 in USD, using default values
2025-08-02 18:40:11 - price_service - WARNING - No price record found for 5 in USD, using default values
2025-08-02 18:40:11 - price_service - WARNING - No price record found for 6 in USD, using default values
2025-08-02 18:40:11 - price_service - WARNING - No price record found for 7 in USD, using default values
2025-08-02 18:40:11 - price_service - WARNING - No price record found for 8 in USD, using default values
2025-08-02 18:40:11 - price_service - WARNING - No price record found for 2 in USD, using default values
2025-08-02 18:40:11 - price_service - WARNING - No price record found for 4 in USD, using default values
2025-08-02 18:40:11 - price_service - WARNING - No price record found for 5 in USD, using default values
2025-08-02 18:40:11 - price_service - WARNING - No price record found for 6 in USD, using default values
2025-08-02 18:40:11 - price_service - WARNING - No price record found for 7 in USD, using default values
2025-08-02 18:40:11 - price_service - WARNING - No price record found for 8 in USD, using default values
2025-08-02 18:40:13 - price_service - WARNING - No price record found for 2 in USD, using default values
2025-08-02 18:40:13 - price_service - WARNING - No price record found for 4 in USD, using default values
2025-08-02 18:40:13 - price_service - WARNING - No price record found for 5 in USD, using default values
2025-08-02 18:40:13 - price_service - WARNING - No price record found for 6 in USD, using default values
2025-08-02 18:40:13 - price_service - WARNING - No price record found for 7 in USD, using default values
2025-08-02 18:40:13 - price_service - WARNING - No price record found for 8 in USD, using default values
2025-08-02 18:40:20 - price_service - WARNING - No price record found for 2 in USD, using default values
2025-08-02 18:40:20 - price_service - WARNING - No price record found for 4 in USD, using default values
2025-08-02 18:40:20 - price_service - WARNING - No price record found for 5 in USD, using default values
2025-08-02 18:40:20 - price_service - WARNING - No price record found for 6 in USD, using default values
2025-08-02 18:40:20 - price_service - WARNING - No price record found for 7 in USD, using default values
2025-08-02 18:40:20 - price_service - WARNING - No price record found for 8 in USD, using default values
2025-08-02 18:40:20 - price_service - WARNING - No price record found for 2 in USD, using default values
2025-08-02 18:40:20 - price_service - WARNING - No price record found for 4 in USD, using default values
2025-08-02 18:40:20 - price_service - WARNING - No price record found for 5 in USD, using default values
2025-08-02 18:40:20 - price_service - WARNING - No price record found for 6 in USD, using default values
2025-08-02 18:40:20 - price_service - WARNING - No price record found for 7 in USD, using default values
2025-08-02 18:40:20 - price_service - WARNING - No price record found for 8 in USD, using default values
2025-08-02 18:40:22 - price_service - WARNING - No price record found for 2 in USD, using default values
2025-08-02 18:40:22 - price_service - WARNING - No price record found for 4 in USD, using default values
2025-08-02 18:40:22 - price_service - WARNING - No price record found for 5 in USD, using default values
2025-08-02 18:40:22 - price_service - WARNING - No price record found for 6 in USD, using default values
2025-08-02 18:40:22 - price_service - WARNING - No price record found for 7 in USD, using default values
2025-08-02 18:40:22 - price_service - WARNING - No price record found for 8 in USD, using default values
2025-08-02 18:40:22 - price_service - WARNING - No price record found for 2 in USD, using default values
2025-08-02 18:40:22 - price_service - WARNING - No price record found for 4 in USD, using default values
2025-08-02 18:40:22 - price_service - WARNING - No price record found for 5 in USD, using default values
2025-08-02 18:40:22 - price_service - WARNING - No price record found for 6 in USD, using default values
2025-08-02 18:40:22 - price_service - WARNING - No price record found for 7 in USD, using default values
2025-08-02 18:40:22 - price_service - WARNING - No price record found for 8 in USD, using default values
2025-08-02 18:40:25 - price_service - WARNING - No price record found for 2 in USD, using default values
2025-08-02 18:40:25 - price_service - WARNING - No price record found for 4 in USD, using default values
2025-08-02 18:40:25 - price_service - WARNING - No price record found for 5 in USD, using default values
2025-08-02 18:40:25 - price_service - WARNING - No price record found for 6 in USD, using default values
2025-08-02 18:40:25 - price_service - WARNING - No price record found for 7 in USD, using default values
2025-08-02 18:40:25 - price_service - WARNING - No price record found for 8 in USD, using default values
2025-08-02 18:40:26 - price_service - WARNING - No price record found for 2 in USD, using default values
2025-08-02 18:40:26 - price_service - WARNING - No price record found for 4 in USD, using default values
2025-08-02 18:40:26 - price_service - WARNING - No price record found for 5 in USD, using default values
2025-08-02 18:40:26 - price_service - WARNING - No price record found for 6 in USD, using default values
2025-08-02 18:40:26 - price_service - WARNING - No price record found for 7 in USD, using default values
2025-08-02 18:40:26 - price_service - WARNING - No price record found for 8 in USD, using default values
2025-08-02 18:40:26 - price_service - WARNING - No price record found for 2 in USD, using default values
2025-08-02 18:40:26 - price_service - WARNING - No price record found for 4 in USD, using default values
2025-08-02 18:40:26 - price_service - WARNING - No price record found for 5 in USD, using default values
2025-08-02 18:40:26 - price_service - WARNING - No price record found for 6 in USD, using default values
2025-08-02 18:40:26 - price_service - WARNING - No price record found for 7 in USD, using default values
2025-08-02 18:40:26 - price_service - WARNING - No price record found for 8 in USD, using default values
2025-08-02 18:40:26 - price_service - WARNING - No price record found for 2 in USD, using default values
2025-08-02 18:40:26 - price_service - WARNING - No price record found for 4 in USD, using default values
2025-08-02 18:40:26 - price_service - WARNING - No price record found for 5 in USD, using default values
2025-08-02 18:40:26 - price_service - WARNING - No price record found for 6 in USD, using default values
2025-08-02 18:40:26 - price_service - WARNING - No price record found for 7 in USD, using default values
2025-08-02 18:40:26 - price_service - WARNING - No price record found for 8 in USD, using default values
2025-08-02 18:40:26 - price_service - WARNING - No price record found for 2 in USD, using default values
2025-08-02 18:40:26 - price_service - WARNING - No price record found for 4 in USD, using default values
2025-08-02 18:40:26 - price_service - WARNING - No price record found for 5 in USD, using default values
2025-08-02 18:40:26 - price_service - WARNING - No price record found for 6 in USD, using default values
2025-08-02 18:40:26 - price_service - WARNING - No price record found for 7 in USD, using default values
2025-08-02 18:40:26 - price_service - WARNING - No price record found for 8 in USD, using default values
2025-08-02 18:41:00 - price_service - WARNING - No price record found for 2 in USD, using default values
2025-08-02 18:41:00 - price_service - WARNING - No price record found for 4 in USD, using default values
2025-08-02 18:41:00 - price_service - WARNING - No price record found for 5 in USD, using default values
2025-08-02 18:41:00 - price_service - WARNING - No price record found for 6 in USD, using default values
2025-08-02 18:41:00 - price_service - WARNING - No price record found for 7 in USD, using default values
2025-08-02 18:41:00 - price_service - WARNING - No price record found for 8 in USD, using default values
2025-08-02 18:41:00 - price_service - WARNING - No price record found for 2 in USD, using default values
2025-08-02 18:41:00 - price_service - WARNING - No price record found for 4 in USD, using default values
2025-08-02 18:41:00 - price_service - WARNING - No price record found for 5 in USD, using default values
2025-08-02 18:41:00 - price_service - WARNING - No price record found for 6 in USD, using default values
2025-08-02 18:41:00 - price_service - WARNING - No price record found for 7 in USD, using default values
2025-08-02 18:41:00 - price_service - WARNING - No price record found for 2 in USD, using default values
2025-08-02 18:41:00 - price_service - WARNING - No price record found for 8 in USD, using default values
2025-08-02 18:41:00 - price_service - WARNING - No price record found for 4 in USD, using default values
2025-08-02 18:41:00 - price_service - WARNING - No price record found for 5 in USD, using default values
2025-08-02 18:41:00 - price_service - WARNING - No price record found for 6 in USD, using default values
2025-08-02 18:41:00 - price_service - WARNING - No price record found for 7 in USD, using default values
2025-08-02 18:41:00 - price_service - WARNING - No price record found for 8 in USD, using default values
2025-08-02 18:41:08 - price_service - WARNING - No price record found for 2 in USD, using default values
2025-08-02 18:41:08 - price_service - WARNING - No price record found for 4 in USD, using default values
2025-08-02 18:41:08 - price_service - WARNING - No price record found for 5 in USD, using default values
2025-08-02 18:41:08 - price_service - WARNING - No price record found for 6 in USD, using default values
2025-08-02 18:41:08 - price_service - WARNING - No price record found for 7 in USD, using default values
2025-08-02 18:41:08 - price_service - WARNING - No price record found for 8 in USD, using default values
2025-08-02 18:41:08 - price_service - WARNING - No price record found for 2 in USD, using default values
2025-08-02 18:41:08 - price_service - WARNING - No price record found for 4 in USD, using default values
2025-08-02 18:41:08 - price_service - WARNING - No price record found for 5 in USD, using default values
2025-08-02 18:41:08 - price_service - WARNING - No price record found for 6 in USD, using default values
2025-08-02 18:41:08 - price_service - WARNING - No price record found for 7 in USD, using default values
2025-08-02 18:41:08 - price_service - WARNING - No price record found for 8 in USD, using default values
2025-08-02 18:41:08 - price_service - WARNING - No price record found for 2 in USD, using default values
2025-08-02 18:41:08 - price_service - WARNING - No price record found for 4 in USD, using default values
2025-08-02 18:41:08 - price_service - WARNING - No price record found for 5 in USD, using default values
2025-08-02 18:41:08 - price_service - WARNING - No price record found for 6 in USD, using default values
2025-08-02 18:41:08 - price_service - WARNING - No price record found for 7 in USD, using default values
2025-08-02 18:41:08 - price_service - WARNING - No price record found for 8 in USD, using default values
2025-08-02 18:41:20 - price_service - WARNING - No price record found for 2 in USD, using default values
2025-08-02 18:41:20 - price_service - WARNING - No price record found for 4 in USD, using default values
2025-08-02 18:41:20 - price_service - WARNING - No price record found for 5 in USD, using default values
2025-08-02 18:41:20 - price_service - WARNING - No price record found for 2 in USD, using default values
2025-08-02 18:41:20 - price_service - WARNING - No price record found for 4 in USD, using default values
2025-08-02 18:41:20 - price_service - WARNING - No price record found for 5 in USD, using default values
2025-08-02 18:41:20 - price_service - WARNING - No price record found for 6 in USD, using default values
2025-08-02 18:41:20 - price_service - WARNING - No price record found for 7 in USD, using default values
2025-08-02 18:41:20 - price_service - WARNING - No price record found for 8 in USD, using default values
2025-08-02 18:41:20 - price_service - WARNING - No price record found for 6 in USD, using default values
2025-08-02 18:41:20 - price_service - WARNING - No price record found for 7 in USD, using default values
2025-08-02 18:41:20 - price_service - WARNING - No price record found for 8 in USD, using default values
2025-08-02 18:41:21 - price_service - WARNING - No price record found for 2 in USD, using default values
2025-08-02 18:41:21 - price_service - WARNING - No price record found for 4 in USD, using default values
2025-08-02 18:41:21 - price_service - WARNING - No price record found for 5 in USD, using default values
2025-08-02 18:41:21 - price_service - WARNING - No price record found for 6 in USD, using default values
2025-08-02 18:41:21 - price_service - WARNING - No price record found for 7 in USD, using default values
2025-08-02 18:41:21 - price_service - WARNING - No price record found for 8 in USD, using default values
2025-08-02 18:41:21 - price_service - WARNING - No price record found for 2 in USD, using default values
2025-08-02 18:41:21 - price_service - WARNING - No price record found for 4 in USD, using default values
2025-08-02 18:41:21 - price_service - WARNING - No price record found for 5 in USD, using default values
2025-08-02 18:41:21 - price_service - WARNING - No price record found for 6 in USD, using default values
2025-08-02 18:41:21 - price_service - WARNING - No price record found for 7 in USD, using default values
2025-08-02 18:41:21 - price_service - WARNING - No price record found for 8 in USD, using default values
2025-08-02 18:41:26 - price_service - WARNING - No price record found for 2 in USD, using default values
2025-08-02 18:41:26 - price_service - WARNING - No price record found for 4 in USD, using default values
2025-08-02 18:41:26 - price_service - WARNING - No price record found for 5 in USD, using default values
2025-08-02 18:41:26 - price_service - WARNING - No price record found for 6 in USD, using default values
2025-08-02 18:41:26 - price_service - WARNING - No price record found for 7 in USD, using default values
2025-08-02 18:41:26 - price_service - WARNING - No price record found for 8 in USD, using default values
2025-08-02 18:41:29 - price_service - WARNING - No price record found for 2 in USD, using default values
2025-08-02 18:41:29 - price_service - WARNING - No price record found for 4 in USD, using default values
2025-08-02 18:41:29 - price_service - WARNING - No price record found for 5 in USD, using default values
2025-08-02 18:41:29 - price_service - WARNING - No price record found for 6 in USD, using default values
2025-08-02 18:41:29 - price_service - WARNING - No price record found for 7 in USD, using default values
2025-08-02 18:41:29 - price_service - WARNING - No price record found for 8 in USD, using default values
2025-08-02 18:41:31 - price_service - WARNING - No price record found for 2 in USD, using default values
2025-08-02 18:41:31 - price_service - WARNING - No price record found for 4 in USD, using default values
2025-08-02 18:41:31 - price_service - WARNING - No price record found for 5 in USD, using default values
2025-08-02 18:41:31 - price_service - WARNING - No price record found for 6 in USD, using default values
2025-08-02 18:41:31 - price_service - WARNING - No price record found for 7 in USD, using default values
2025-08-02 18:41:31 - price_service - WARNING - No price record found for 8 in USD, using default values
2025-08-02 18:41:36 - price_service - WARNING - No price record found for 2 in USD, using default values
2025-08-02 18:41:36 - price_service - WARNING - No price record found for 4 in USD, using default values
2025-08-02 18:41:36 - price_service - WARNING - No price record found for 5 in USD, using default values
2025-08-02 18:41:36 - price_service - WARNING - No price record found for 6 in USD, using default values
2025-08-02 18:41:36 - price_service - WARNING - No price record found for 7 in USD, using default values
2025-08-02 18:41:36 - price_service - WARNING - No price record found for 8 in USD, using default values
2025-08-02 18:41:59 - price_service - WARNING - No price record found for 2 in USD, using default values
2025-08-02 18:41:59 - price_service - WARNING - No price record found for 4 in USD, using default values
2025-08-02 18:41:59 - price_service - WARNING - No price record found for 5 in USD, using default values
2025-08-02 18:41:59 - price_service - WARNING - No price record found for 6 in USD, using default values
2025-08-02 18:41:59 - price_service - WARNING - No price record found for 7 in USD, using default values
2025-08-02 18:41:59 - price_service - WARNING - No price record found for 8 in USD, using default values
2025-08-02 18:42:05 - price_service - WARNING - No price record found for 2 in USD, using default values
2025-08-02 18:42:05 - price_service - WARNING - No price record found for 4 in USD, using default values
2025-08-02 18:42:05 - price_service - WARNING - No price record found for 5 in USD, using default values
2025-08-02 18:42:05 - price_service - WARNING - No price record found for 6 in USD, using default values
2025-08-02 18:42:05 - price_service - WARNING - No price record found for 7 in USD, using default values
2025-08-02 18:42:05 - price_service - WARNING - No price record found for 8 in USD, using default values
2025-08-02 18:42:07 - price_service - WARNING - No price record found for 2 in USD, using default values
2025-08-02 18:42:07 - price_service - WARNING - No price record found for 4 in USD, using default values
2025-08-02 18:42:07 - price_service - WARNING - No price record found for 5 in USD, using default values
2025-08-02 18:42:07 - price_service - WARNING - No price record found for 6 in USD, using default values
2025-08-02 18:42:07 - price_service - WARNING - No price record found for 7 in USD, using default values
2025-08-02 18:42:07 - price_service - WARNING - No price record found for 8 in USD, using default values
2025-08-02 19:45:11 - price_service - ERROR - Price update failed after 0.00 seconds
2025-08-02 20:47:46 - price_service - WARNING - No price record found for 2 in USD, using default values
2025-08-02 20:47:46 - price_service - WARNING - No price record found for 4 in USD, using default values
2025-08-02 20:47:46 - price_service - WARNING - No price record found for 5 in USD, using default values
2025-08-02 20:47:46 - price_service - WARNING - No price record found for 6 in USD, using default values
2025-08-02 20:47:46 - price_service - WARNING - No price record found for 7 in USD, using default values
2025-08-02 20:47:46 - price_service - WARNING - No price record found for 8 in USD, using default values
2025-08-02 20:47:46 - price_service - WARNING - No price record found for 2 in USD, using default values
2025-08-02 20:47:46 - price_service - WARNING - No price record found for 4 in USD, using default values
2025-08-02 20:47:46 - price_service - WARNING - No price record found for 5 in USD, using default values
2025-08-02 20:47:46 - price_service - WARNING - No price record found for 6 in USD, using default values
2025-08-02 20:47:46 - price_service - WARNING - No price record found for 7 in USD, using default values
2025-08-02 20:47:46 - price_service - WARNING - No price record found for 8 in USD, using default values
2025-08-02 20:47:46 - price_service - WARNING - No price record found for 2 in USD, using default values
2025-08-02 20:47:46 - price_service - WARNING - No price record found for 4 in USD, using default values
2025-08-02 20:47:46 - price_service - WARNING - No price record found for 5 in USD, using default values
2025-08-02 20:47:46 - price_service - WARNING - No price record found for 6 in USD, using default values
2025-08-02 20:47:46 - price_service - WARNING - No price record found for 7 in USD, using default values
2025-08-02 20:47:46 - price_service - WARNING - No price record found for 8 in USD, using default values
2025-08-02 20:56:56 - price_service - WARNING - No price record found for 2 in USD, using default values
2025-08-02 20:56:56 - price_service - WARNING - No price record found for 4 in USD, using default values
2025-08-02 20:56:56 - price_service - WARNING - No price record found for 5 in USD, using default values
2025-08-02 20:56:56 - price_service - WARNING - No price record found for 6 in USD, using default values
2025-08-02 20:56:56 - price_service - WARNING - No price record found for 7 in USD, using default values
2025-08-02 20:56:56 - price_service - WARNING - No price record found for 8 in USD, using default values
2025-08-02 20:56:59 - price_service - WARNING - No price record found for 2 in USD, using default values
2025-08-02 20:56:59 - price_service - WARNING - No price record found for 4 in USD, using default values
2025-08-02 20:56:59 - price_service - WARNING - No price record found for 5 in USD, using default values
2025-08-02 20:56:59 - price_service - WARNING - No price record found for 6 in USD, using default values
2025-08-02 20:56:59 - price_service - WARNING - No price record found for 7 in USD, using default values
2025-08-02 20:56:59 - price_service - WARNING - No price record found for 8 in USD, using default values
2025-08-02 23:03:37 - price_service - ERROR - Price update failed after 0.00 seconds
2025-08-03 00:07:26 - price_service - ERROR - Price update failed after 0.00 seconds
2025-08-03 05:14:59 - price_service - ERROR - Price update failed after 0.00 seconds
2025-08-03 06:21:13 - price_service - ERROR - Price update failed after 0.00 seconds
2025-08-03 07:17:10 - price_service - WARNING - No price record found for 2 in USD, using default values
2025-08-03 07:17:10 - price_service - WARNING - No price record found for 4 in USD, using default values
2025-08-03 07:17:10 - price_service - WARNING - No price record found for 5 in USD, using default values
2025-08-03 07:17:10 - price_service - WARNING - No price record found for 6 in USD, using default values
2025-08-03 07:17:10 - price_service - WARNING - No price record found for 7 in USD, using default values
2025-08-03 07:17:10 - price_service - WARNING - No price record found for 8 in USD, using default values
2025-08-03 07:17:11 - price_service - WARNING - No price record found for 2 in USD, using default values
2025-08-03 07:17:11 - price_service - WARNING - No price record found for 4 in USD, using default values
2025-08-03 07:17:11 - price_service - WARNING - No price record found for 5 in USD, using default values
2025-08-03 07:17:11 - price_service - WARNING - No price record found for 6 in USD, using default values
2025-08-03 07:17:11 - price_service - WARNING - No price record found for 7 in USD, using default values
2025-08-03 07:17:11 - price_service - WARNING - No price record found for 8 in USD, using default values
2025-08-03 07:17:22 - price_service - WARNING - No price record found for 2 in USD, using default values
2025-08-03 07:17:22 - price_service - WARNING - No price record found for 4 in USD, using default values
2025-08-03 07:17:22 - price_service - WARNING - No price record found for 5 in USD, using default values
2025-08-03 07:17:22 - price_service - WARNING - No price record found for 6 in USD, using default values
2025-08-03 07:17:22 - price_service - WARNING - No price record found for 7 in USD, using default values
2025-08-03 07:17:22 - price_service - WARNING - No price record found for 8 in USD, using default values
2025-08-03 07:17:22 - price_service - WARNING - No price record found for 2 in USD, using default values
2025-08-03 07:17:22 - price_service - WARNING - No price record found for 4 in USD, using default values
2025-08-03 07:17:22 - price_service - WARNING - No price record found for 5 in USD, using default values
2025-08-03 07:17:22 - price_service - WARNING - No price record found for 6 in USD, using default values
2025-08-03 07:17:22 - price_service - WARNING - No price record found for 7 in USD, using default values
2025-08-03 07:17:22 - price_service - WARNING - No price record found for 8 in USD, using default values
2025-08-03 07:17:23 - price_service - WARNING - No price record found for 2 in USD, using default values
2025-08-03 07:17:23 - price_service - WARNING - No price record found for 4 in USD, using default values
2025-08-03 07:17:23 - price_service - WARNING - No price record found for 5 in USD, using default values
2025-08-03 07:17:23 - price_service - WARNING - No price record found for 6 in USD, using default values
2025-08-03 07:17:23 - price_service - WARNING - No price record found for 7 in USD, using default values
2025-08-03 07:17:23 - price_service - WARNING - No price record found for 8 in USD, using default values
2025-08-03 07:17:26 - price_service - WARNING - No price record found for 2 in USD, using default values
2025-08-03 07:17:26 - price_service - WARNING - No price record found for 4 in USD, using default values
2025-08-03 07:17:26 - price_service - WARNING - No price record found for 5 in USD, using default values
2025-08-03 07:17:26 - price_service - WARNING - No price record found for 6 in USD, using default values
2025-08-03 07:17:26 - price_service - WARNING - No price record found for 7 in USD, using default values
2025-08-03 07:17:26 - price_service - WARNING - No price record found for 8 in USD, using default values
2025-08-03 07:17:29 - price_service - WARNING - No price record found for 2 in USD, using default values
2025-08-03 07:17:29 - price_service - WARNING - No price record found for 4 in USD, using default values
2025-08-03 07:17:29 - price_service - WARNING - No price record found for 5 in USD, using default values
2025-08-03 07:17:29 - price_service - WARNING - No price record found for 6 in USD, using default values
2025-08-03 07:17:29 - price_service - WARNING - No price record found for 7 in USD, using default values
2025-08-03 07:17:29 - price_service - WARNING - No price record found for 8 in USD, using default values
2025-08-03 07:17:29 - price_service - WARNING - No price record found for 2 in USD, using default values
2025-08-03 07:17:29 - price_service - WARNING - No price record found for 4 in USD, using default values
2025-08-03 07:17:29 - price_service - WARNING - No price record found for 5 in USD, using default values
2025-08-03 07:17:29 - price_service - WARNING - No price record found for 6 in USD, using default values
2025-08-03 07:17:29 - price_service - WARNING - No price record found for 7 in USD, using default values
2025-08-03 07:17:29 - price_service - WARNING - No price record found for 8 in USD, using default values
2025-08-03 07:17:29 - price_service - WARNING - No price record found for 2 in USD, using default values
2025-08-03 07:17:29 - price_service - WARNING - No price record found for 4 in USD, using default values
2025-08-03 07:17:29 - price_service - WARNING - No price record found for 5 in USD, using default values
2025-08-03 07:17:29 - price_service - WARNING - No price record found for 6 in USD, using default values
2025-08-03 07:17:29 - price_service - WARNING - No price record found for 7 in USD, using default values
2025-08-03 07:17:29 - price_service - WARNING - No price record found for 8 in USD, using default values
2025-08-03 07:17:31 - price_service - WARNING - No price record found for 2 in USD, using default values
2025-08-03 07:17:31 - price_service - WARNING - No price record found for 4 in USD, using default values
2025-08-03 07:17:31 - price_service - WARNING - No price record found for 5 in USD, using default values
2025-08-03 07:17:31 - price_service - WARNING - No price record found for 6 in USD, using default values
2025-08-03 07:17:31 - price_service - WARNING - No price record found for 7 in USD, using default values
2025-08-03 07:17:31 - price_service - WARNING - No price record found for 8 in USD, using default values
2025-08-03 07:18:16 - price_service - WARNING - No price record found for 2 in USD, using default values
2025-08-03 07:18:16 - price_service - WARNING - No price record found for 4 in USD, using default values
2025-08-03 07:18:16 - price_service - WARNING - No price record found for 5 in USD, using default values
2025-08-03 07:18:16 - price_service - WARNING - No price record found for 6 in USD, using default values
2025-08-03 07:18:16 - price_service - WARNING - No price record found for 7 in USD, using default values
2025-08-03 07:18:16 - price_service - WARNING - No price record found for 8 in USD, using default values
2025-08-03 07:18:16 - price_service - WARNING - No price record found for 2 in USD, using default values
2025-08-03 07:18:16 - price_service - WARNING - No price record found for 4 in USD, using default values
2025-08-03 07:18:16 - price_service - WARNING - No price record found for 5 in USD, using default values
2025-08-03 07:18:16 - price_service - WARNING - No price record found for 6 in USD, using default values
2025-08-03 07:18:16 - price_service - WARNING - No price record found for 7 in USD, using default values
2025-08-03 07:18:16 - price_service - WARNING - No price record found for 8 in USD, using default values
2025-08-03 07:18:16 - price_service - WARNING - No price record found for 2 in USD, using default values
2025-08-03 07:18:16 - price_service - WARNING - No price record found for 4 in USD, using default values
2025-08-03 07:18:16 - price_service - WARNING - No price record found for 5 in USD, using default values
2025-08-03 07:18:16 - price_service - WARNING - No price record found for 6 in USD, using default values
2025-08-03 07:18:16 - price_service - WARNING - No price record found for 7 in USD, using default values
2025-08-03 07:18:16 - price_service - WARNING - No price record found for 8 in USD, using default values
2025-08-03 07:53:02 - price_service - WARNING - No price record found for 2 in USD, using default values
2025-08-03 07:53:02 - price_service - WARNING - No price record found for 4 in USD, using default values
2025-08-03 07:53:02 - price_service - WARNING - No price record found for 5 in USD, using default values
2025-08-03 07:53:02 - price_service - WARNING - No price record found for 6 in USD, using default values
2025-08-03 07:53:02 - price_service - WARNING - No price record found for 7 in USD, using default values
2025-08-03 07:53:02 - price_service - WARNING - No price record found for 8 in USD, using default values
2025-08-03 07:53:06 - price_service - WARNING - No price record found for 2 in USD, using default values
2025-08-03 07:53:06 - price_service - WARNING - No price record found for 4 in USD, using default values
2025-08-03 07:53:06 - price_service - WARNING - No price record found for 5 in USD, using default values
2025-08-03 07:53:06 - price_service - WARNING - No price record found for 6 in USD, using default values
2025-08-03 07:53:06 - price_service - WARNING - No price record found for 7 in USD, using default values
2025-08-03 07:53:06 - price_service - WARNING - No price record found for 8 in USD, using default values
2025-08-03 08:44:13 - price_service - ERROR - Price update failed after 0.01 seconds
2025-08-03 10:12:01 - price_service - ERROR - Price update failed after 0.01 seconds
2025-08-03 11:09:05 - price_service - WARNING - No price record found for 2 in USD, using default values
2025-08-03 11:09:05 - price_service - WARNING - No price record found for 4 in USD, using default values
2025-08-03 11:09:05 - price_service - WARNING - No price record found for 5 in USD, using default values
2025-08-03 11:09:05 - price_service - WARNING - No price record found for 6 in USD, using default values
2025-08-03 11:09:05 - price_service - WARNING - No price record found for 7 in USD, using default values
2025-08-03 11:09:05 - price_service - WARNING - No price record found for 8 in USD, using default values
2025-08-03 11:09:05 - price_service - WARNING - No price record found for 2 in USD, using default values
2025-08-03 11:09:05 - price_service - WARNING - No price record found for 4 in USD, using default values
2025-08-03 11:09:05 - price_service - WARNING - No price record found for 5 in USD, using default values
2025-08-03 11:09:05 - price_service - WARNING - No price record found for 6 in USD, using default values
2025-08-03 11:09:05 - price_service - WARNING - No price record found for 7 in USD, using default values
2025-08-03 11:09:05 - price_service - WARNING - No price record found for 2 in USD, using default values
2025-08-03 11:09:05 - price_service - WARNING - No price record found for 4 in USD, using default values
2025-08-03 11:09:05 - price_service - WARNING - No price record found for 5 in USD, using default values
2025-08-03 11:09:05 - price_service - WARNING - No price record found for 6 in USD, using default values
2025-08-03 11:09:05 - price_service - WARNING - No price record found for 7 in USD, using default values
2025-08-03 11:09:05 - price_service - WARNING - No price record found for 8 in USD, using default values
2025-08-03 11:09:05 - price_service - WARNING - No price record found for 8 in USD, using default values
2025-08-03 11:09:09 - price_service - WARNING - No price record found for 2 in USD, using default values
2025-08-03 11:09:09 - price_service - WARNING - No price record found for 4 in USD, using default values
2025-08-03 11:09:09 - price_service - WARNING - No price record found for 5 in USD, using default values
2025-08-03 11:09:09 - price_service - WARNING - No price record found for 6 in USD, using default values
2025-08-03 11:09:09 - price_service - WARNING - No price record found for 7 in USD, using default values
2025-08-03 11:09:09 - price_service - WARNING - No price record found for 8 in USD, using default values
2025-08-03 12:37:20 - price_service - ERROR - Price update failed after 0.00 seconds
2025-08-03 13:40:03 - price_service - ERROR - Error fetching prices: (mysql.connector.errors.OperationalError) 2013 (HY000): Lost connection to MySQL server during query
[SQL: SELECT prices.id AS prices_id, prices.crypto_id AS prices_crypto_id, prices.currency AS prices_currency, prices.price AS prices_price, prices.market_cap AS prices_market_cap, prices.volume_24h AS prices_volume_24h, prices.change_1h AS prices_change_1h, prices.change_24h AS prices_change_24h, prices.change_7d AS prices_change_7d, prices.last_updated AS prices_last_updated 
FROM prices 
WHERE prices.crypto_id IN (%(crypto_id_1_1)s, %(crypto_id_1_2)s, %(crypto_id_1_3)s, %(crypto_id_1_4)s) AND prices.currency IN (%(currency_1_1)s)]
[parameters: {'crypto_id_1_1': '8517', 'crypto_id_1_2': '8519', 'crypto_id_1_3': '1', 'crypto_id_1_4': '16', 'currency_1_1': 'USD'}]
(Background on this error at: https://sqlalche.me/e/20/e3q8)
Traceback (most recent call last):
  File "/www/wwwroot/coinceeper.com/CC/venv/lib64/python3.9/site-packages/mysql/connector/connection_cext.py", line 772, in cmd_query
    self._cmysql.query(
_mysql_connector.MySQLInterfaceError: Lost connection to MySQL server during query

The above exception was the direct cause of the following exception:

Traceback (most recent call last):
  File "/www/wwwroot/coinceeper.com/CC/venv/lib64/python3.9/site-packages/sqlalchemy/engine/base.py", line 1961, in _exec_single_context
    self.dialect.do_execute(
  File "/www/wwwroot/coinceeper.com/CC/venv/lib64/python3.9/site-packages/sqlalchemy/engine/default.py", line 944, in do_execute
    cursor.execute(statement, parameters)
  File "/www/wwwroot/coinceeper.com/CC/venv/lib64/python3.9/site-packages/mysql/connector/cursor_cext.py", line 353, in execute
    self._connection.cmd_query(
  File "/www/wwwroot/coinceeper.com/CC/venv/lib64/python3.9/site-packages/mysql/connector/opentelemetry/context_propagation.py", line 97, in wrapper
    return method(cnx, *args, **kwargs)
  File "/www/wwwroot/coinceeper.com/CC/venv/lib64/python3.9/site-packages/mysql/connector/connection_cext.py", line 781, in cmd_query
    raise get_mysql_exception(
mysql.connector.errors.OperationalError: 2013 (HY000): Lost connection to MySQL server during query

The above exception was the direct cause of the following exception:

Traceback (most recent call last):
  File "/www/wwwroot/coinceeper.com/CC/Currencies/price_service.py", line 50, in get_prices
    results = query.all()
  File "/www/wwwroot/coinceeper.com/CC/venv/lib64/python3.9/site-packages/sqlalchemy/orm/query.py", line 2704, in all
    return self._iter().all()  # type: ignore
  File "/www/wwwroot/coinceeper.com/CC/venv/lib64/python3.9/site-packages/sqlalchemy/orm/query.py", line 2857, in _iter
    result: Union[ScalarResult[_T], Result[_T]] = self.session.execute(
  File "/www/wwwroot/coinceeper.com/CC/venv/lib64/python3.9/site-packages/sqlalchemy/orm/session.py", line 2365, in execute
    return self._execute_internal(
  File "/www/wwwroot/coinceeper.com/CC/venv/lib64/python3.9/site-packages/sqlalchemy/orm/session.py", line 2251, in _execute_internal
    result: Result[Any] = compile_state_cls.orm_execute_statement(
  File "/www/wwwroot/coinceeper.com/CC/venv/lib64/python3.9/site-packages/sqlalchemy/orm/context.py", line 306, in orm_execute_statement
    result = conn.execute(
  File "/www/wwwroot/coinceeper.com/CC/venv/lib64/python3.9/site-packages/sqlalchemy/engine/base.py", line 1413, in execute
    return meth(
  File "/www/wwwroot/coinceeper.com/CC/venv/lib64/python3.9/site-packages/sqlalchemy/sql/elements.py", line 526, in _execute_on_connection
    return connection._execute_clauseelement(
  File "/www/wwwroot/coinceeper.com/CC/venv/lib64/python3.9/site-packages/sqlalchemy/engine/base.py", line 1635, in _execute_clauseelement
    ret = self._execute_context(
  File "/www/wwwroot/coinceeper.com/CC/venv/lib64/python3.9/site-packages/sqlalchemy/engine/base.py", line 1840, in _execute_context
    return self._exec_single_context(
  File "/www/wwwroot/coinceeper.com/CC/venv/lib64/python3.9/site-packages/sqlalchemy/engine/base.py", line 1980, in _exec_single_context
    self._handle_dbapi_exception(
  File "/www/wwwroot/coinceeper.com/CC/venv/lib64/python3.9/site-packages/sqlalchemy/engine/base.py", line 2349, in _handle_dbapi_exception
    raise sqlalchemy_exception.with_traceback(exc_info[2]) from e
  File "/www/wwwroot/coinceeper.com/CC/venv/lib64/python3.9/site-packages/sqlalchemy/engine/base.py", line 1961, in _exec_single_context
    self.dialect.do_execute(
  File "/www/wwwroot/coinceeper.com/CC/venv/lib64/python3.9/site-packages/sqlalchemy/engine/default.py", line 944, in do_execute
    cursor.execute(statement, parameters)
  File "/www/wwwroot/coinceeper.com/CC/venv/lib64/python3.9/site-packages/mysql/connector/cursor_cext.py", line 353, in execute
    self._connection.cmd_query(
  File "/www/wwwroot/coinceeper.com/CC/venv/lib64/python3.9/site-packages/mysql/connector/opentelemetry/context_propagation.py", line 97, in wrapper
    return method(cnx, *args, **kwargs)
  File "/www/wwwroot/coinceeper.com/CC/venv/lib64/python3.9/site-packages/mysql/connector/connection_cext.py", line 781, in cmd_query
    raise get_mysql_exception(
sqlalchemy.exc.OperationalError: (mysql.connector.errors.OperationalError) 2013 (HY000): Lost connection to MySQL server during query
[SQL: SELECT prices.id AS prices_id, prices.crypto_id AS prices_crypto_id, prices.currency AS prices_currency, prices.price AS prices_price, prices.market_cap AS prices_market_cap, prices.volume_24h AS prices_volume_24h, prices.change_1h AS prices_change_1h, prices.change_24h AS prices_change_24h, prices.change_7d AS prices_change_7d, prices.last_updated AS prices_last_updated 
FROM prices 
WHERE prices.crypto_id IN (%(crypto_id_1_1)s, %(crypto_id_1_2)s, %(crypto_id_1_3)s, %(crypto_id_1_4)s) AND prices.currency IN (%(currency_1_1)s)]
[parameters: {'crypto_id_1_1': '8517', 'crypto_id_1_2': '8519', 'crypto_id_1_3': '1', 'crypto_id_1_4': '16', 'currency_1_1': 'USD'}]
(Background on this error at: https://sqlalche.me/e/20/e3q8)
2025-08-03 14:46:58 - price_service - WARNING - No price record found for 2 in USD, using default values
2025-08-03 14:46:58 - price_service - WARNING - No price record found for 4 in USD, using default values
2025-08-03 14:46:58 - price_service - WARNING - No price record found for 5 in USD, using default values
2025-08-03 14:46:58 - price_service - WARNING - No price record found for 6 in USD, using default values
2025-08-03 14:46:58 - price_service - WARNING - No price record found for 7 in USD, using default values
2025-08-03 14:46:58 - price_service - WARNING - No price record found for 8 in USD, using default values
2025-08-03 14:46:59 - price_service - WARNING - No price record found for 2 in USD, using default values
2025-08-03 14:46:59 - price_service - WARNING - No price record found for 4 in USD, using default values
2025-08-03 14:46:59 - price_service - WARNING - No price record found for 5 in USD, using default values
2025-08-03 14:46:59 - price_service - WARNING - No price record found for 6 in USD, using default values
2025-08-03 14:46:59 - price_service - WARNING - No price record found for 7 in USD, using default values
2025-08-03 14:46:59 - price_service - WARNING - No price record found for 8 in USD, using default values
2025-08-03 15:21:54 - price_service - ERROR - Price update failed after 0.01 seconds
2025-08-03 15:46:33 - price_service - WARNING - No price record found for 2 in USD, using default values
2025-08-03 15:46:33 - price_service - WARNING - No price record found for 4 in USD, using default values
2025-08-03 15:46:33 - price_service - WARNING - No price record found for 5 in USD, using default values
2025-08-03 15:46:33 - price_service - WARNING - No price record found for 6 in USD, using default values
2025-08-03 15:46:33 - price_service - WARNING - No price record found for 7 in USD, using default values
2025-08-03 15:46:33 - price_service - WARNING - No price record found for 8 in USD, using default values
2025-08-03 15:46:35 - price_service - WARNING - No price record found for 2 in USD, using default values
2025-08-03 15:46:35 - price_service - WARNING - No price record found for 4 in USD, using default values
2025-08-03 15:46:35 - price_service - WARNING - No price record found for 5 in USD, using default values
2025-08-03 15:46:35 - price_service - WARNING - No price record found for 6 in USD, using default values
2025-08-03 15:46:35 - price_service - WARNING - No price record found for 7 in USD, using default values
2025-08-03 15:46:35 - price_service - WARNING - No price record found for 8 in USD, using default values
2025-08-03 15:46:35 - price_service - WARNING - No price record found for 2 in USD, using default values
2025-08-03 15:46:35 - price_service - WARNING - No price record found for 4 in USD, using default values
2025-08-03 15:46:35 - price_service - WARNING - No price record found for 5 in USD, using default values
2025-08-03 15:46:35 - price_service - WARNING - No price record found for 6 in USD, using default values
2025-08-03 15:46:35 - price_service - WARNING - No price record found for 7 in USD, using default values
2025-08-03 15:46:35 - price_service - WARNING - No price record found for 8 in USD, using default values
2025-08-03 15:46:35 - price_service - WARNING - No price record found for 2 in USD, using default values
2025-08-03 15:46:35 - price_service - WARNING - No price record found for 4 in USD, using default values
2025-08-03 15:46:35 - price_service - WARNING - No price record found for 5 in USD, using default values
2025-08-03 15:46:35 - price_service - WARNING - No price record found for 6 in USD, using default values
2025-08-03 15:46:35 - price_service - WARNING - No price record found for 7 in USD, using default values
2025-08-03 15:46:35 - price_service - WARNING - No price record found for 8 in USD, using default values
2025-08-03 15:46:35 - price_service - WARNING - No price record found for 2 in USD, using default values
2025-08-03 15:46:35 - price_service - WARNING - No price record found for 4 in USD, using default values
2025-08-03 15:46:35 - price_service - WARNING - No price record found for 5 in USD, using default values
2025-08-03 15:46:35 - price_service - WARNING - No price record found for 6 in USD, using default values
2025-08-03 15:46:35 - price_service - WARNING - No price record found for 7 in USD, using default values
2025-08-03 15:46:35 - price_service - WARNING - No price record found for 8 in USD, using default values
2025-08-03 15:46:36 - price_service - WARNING - No price record found for 2 in USD, using default values
2025-08-03 15:46:36 - price_service - WARNING - No price record found for 4 in USD, using default values
2025-08-03 15:46:36 - price_service - WARNING - No price record found for 5 in USD, using default values
2025-08-03 15:46:36 - price_service - WARNING - No price record found for 6 in USD, using default values
2025-08-03 15:46:36 - price_service - WARNING - No price record found for 7 in USD, using default values
2025-08-03 15:46:36 - price_service - WARNING - No price record found for 8 in USD, using default values
2025-08-03 15:46:37 - price_service - WARNING - No price record found for 2 in USD, using default values
2025-08-03 15:46:37 - price_service - WARNING - No price record found for 4 in USD, using default values
2025-08-03 15:46:37 - price_service - WARNING - No price record found for 5 in USD, using default values
2025-08-03 15:46:37 - price_service - WARNING - No price record found for 6 in USD, using default values
2025-08-03 15:46:37 - price_service - WARNING - No price record found for 7 in USD, using default values
2025-08-03 15:46:37 - price_service - WARNING - No price record found for 8 in USD, using default values
2025-08-03 15:46:50 - price_service - WARNING - No price record found for 2 in USD, using default values
2025-08-03 15:46:50 - price_service - WARNING - No price record found for 4 in USD, using default values
2025-08-03 15:46:50 - price_service - WARNING - No price record found for 5 in USD, using default values
2025-08-03 15:46:50 - price_service - WARNING - No price record found for 6 in USD, using default values
2025-08-03 15:46:50 - price_service - WARNING - No price record found for 7 in USD, using default values
2025-08-03 15:46:50 - price_service - WARNING - No price record found for 8 in USD, using default values
2025-08-03 15:46:50 - price_service - WARNING - No price record found for 2 in USD, using default values
2025-08-03 15:46:50 - price_service - WARNING - No price record found for 4 in USD, using default values
2025-08-03 15:46:50 - price_service - WARNING - No price record found for 5 in USD, using default values
2025-08-03 15:46:50 - price_service - WARNING - No price record found for 6 in USD, using default values
2025-08-03 15:46:50 - price_service - WARNING - No price record found for 7 in USD, using default values
2025-08-03 15:46:50 - price_service - WARNING - No price record found for 8 in USD, using default values
2025-08-03 15:46:50 - price_service - WARNING - No price record found for 2 in USD, using default values
2025-08-03 15:46:50 - price_service - WARNING - No price record found for 4 in USD, using default values
2025-08-03 15:46:50 - price_service - WARNING - No price record found for 5 in USD, using default values
2025-08-03 15:46:50 - price_service - WARNING - No price record found for 6 in USD, using default values
2025-08-03 15:46:50 - price_service - WARNING - No price record found for 7 in USD, using default values
2025-08-03 15:46:50 - price_service - WARNING - No price record found for 8 in USD, using default values
2025-08-03 15:46:50 - price_service - WARNING - No price record found for 2 in USD, using default values
2025-08-03 15:46:50 - price_service - WARNING - No price record found for 4 in USD, using default values
2025-08-03 15:46:50 - price_service - WARNING - No price record found for 5 in USD, using default values
2025-08-03 15:46:50 - price_service - WARNING - No price record found for 6 in USD, using default values
2025-08-03 15:46:50 - price_service - WARNING - No price record found for 7 in USD, using default values
2025-08-03 15:46:50 - price_service - WARNING - No price record found for 8 in USD, using default values
2025-08-03 15:46:50 - price_service - WARNING - No price record found for 2 in USD, using default values
2025-08-03 15:46:50 - price_service - WARNING - No price record found for 4 in USD, using default values
2025-08-03 15:46:50 - price_service - WARNING - No price record found for 5 in USD, using default values
2025-08-03 15:46:50 - price_service - WARNING - No price record found for 6 in USD, using default values
2025-08-03 15:46:50 - price_service - WARNING - No price record found for 7 in USD, using default values
2025-08-03 15:46:50 - price_service - WARNING - No price record found for 8 in USD, using default values
2025-08-03 15:46:50 - price_service - WARNING - No price record found for 2 in USD, using default values
2025-08-03 15:46:50 - price_service - WARNING - No price record found for 4 in USD, using default values
2025-08-03 15:46:50 - price_service - WARNING - No price record found for 5 in USD, using default values
2025-08-03 15:46:50 - price_service - WARNING - No price record found for 6 in USD, using default values
2025-08-03 15:46:50 - price_service - WARNING - No price record found for 7 in USD, using default values
2025-08-03 15:46:50 - price_service - WARNING - No price record found for 8 in USD, using default values
2025-08-03 15:46:52 - price_service - WARNING - No price record found for 2 in USD, using default values
2025-08-03 15:46:52 - price_service - WARNING - No price record found for 4 in USD, using default values
2025-08-03 15:46:52 - price_service - WARNING - No price record found for 5 in USD, using default values
2025-08-03 15:46:52 - price_service - WARNING - No price record found for 6 in USD, using default values
2025-08-03 15:46:52 - price_service - WARNING - No price record found for 7 in USD, using default values
2025-08-03 15:46:52 - price_service - WARNING - No price record found for 8 in USD, using default values
2025-08-03 15:51:53 - price_service - WARNING - No price record found for 2 in USD, using default values
2025-08-03 15:51:53 - price_service - WARNING - No price record found for 4 in USD, using default values
2025-08-03 15:51:53 - price_service - WARNING - No price record found for 5 in USD, using default values
2025-08-03 15:51:53 - price_service - WARNING - No price record found for 6 in USD, using default values
2025-08-03 15:51:53 - price_service - WARNING - No price record found for 7 in USD, using default values
2025-08-03 15:51:53 - price_service - WARNING - No price record found for 8 in USD, using default values
2025-08-03 15:51:53 - price_service - WARNING - No price record found for 2 in USD, using default values
2025-08-03 15:51:53 - price_service - WARNING - No price record found for 4 in USD, using default values
2025-08-03 15:51:53 - price_service - WARNING - No price record found for 5 in USD, using default values
2025-08-03 15:51:53 - price_service - WARNING - No price record found for 6 in USD, using default values
2025-08-03 15:51:53 - price_service - WARNING - No price record found for 7 in USD, using default values
2025-08-03 15:51:53 - price_service - WARNING - No price record found for 8 in USD, using default values
2025-08-03 15:51:53 - price_service - WARNING - No price record found for 2 in USD, using default values
2025-08-03 15:51:53 - price_service - WARNING - No price record found for 4 in USD, using default values
2025-08-03 15:51:53 - price_service - WARNING - No price record found for 5 in USD, using default values
2025-08-03 15:51:53 - price_service - WARNING - No price record found for 6 in USD, using default values
2025-08-03 15:51:53 - price_service - WARNING - No price record found for 7 in USD, using default values
2025-08-03 15:51:53 - price_service - WARNING - No price record found for 8 in USD, using default values
2025-08-03 15:51:56 - price_service - WARNING - No price record found for 2 in USD, using default values
2025-08-03 15:51:56 - price_service - WARNING - No price record found for 4 in USD, using default values
2025-08-03 15:51:56 - price_service - WARNING - No price record found for 5 in USD, using default values
2025-08-03 15:51:56 - price_service - WARNING - No price record found for 6 in USD, using default values
2025-08-03 15:51:56 - price_service - WARNING - No price record found for 7 in USD, using default values
2025-08-03 15:51:56 - price_service - WARNING - No price record found for 8 in USD, using default values
2025-08-03 16:18:23 - price_service - WARNING - No price record found for 2 in USD, using default values
2025-08-03 16:18:23 - price_service - WARNING - No price record found for 4 in USD, using default values
2025-08-03 16:18:23 - price_service - WARNING - No price record found for 5 in USD, using default values
2025-08-03 16:18:23 - price_service - WARNING - No price record found for 6 in USD, using default values
2025-08-03 16:18:23 - price_service - WARNING - No price record found for 7 in USD, using default values
2025-08-03 16:18:23 - price_service - WARNING - No price record found for 8 in USD, using default values
2025-08-03 16:18:23 - price_service - WARNING - No price record found for 2 in USD, using default values
2025-08-03 16:18:23 - price_service - WARNING - No price record found for 4 in USD, using default values
2025-08-03 16:18:23 - price_service - WARNING - No price record found for 5 in USD, using default values
2025-08-03 16:18:23 - price_service - WARNING - No price record found for 6 in USD, using default values
2025-08-03 16:18:23 - price_service - WARNING - No price record found for 7 in USD, using default values
2025-08-03 16:18:23 - price_service - WARNING - No price record found for 8 in USD, using default values
2025-08-03 16:18:23 - price_service - WARNING - No price record found for 2 in USD, using default values
2025-08-03 16:18:23 - price_service - WARNING - No price record found for 4 in USD, using default values
2025-08-03 16:18:23 - price_service - WARNING - No price record found for 5 in USD, using default values
2025-08-03 16:18:23 - price_service - WARNING - No price record found for 6 in USD, using default values
2025-08-03 16:18:23 - price_service - WARNING - No price record found for 7 in USD, using default values
2025-08-03 16:18:23 - price_service - WARNING - No price record found for 8 in USD, using default values
2025-08-03 16:18:26 - price_service - WARNING - No price record found for 2 in USD, using default values
2025-08-03 16:18:26 - price_service - WARNING - No price record found for 4 in USD, using default values
2025-08-03 16:18:26 - price_service - WARNING - No price record found for 5 in USD, using default values
2025-08-03 16:18:26 - price_service - WARNING - No price record found for 6 in USD, using default values
2025-08-03 16:18:26 - price_service - WARNING - No price record found for 7 in USD, using default values
2025-08-03 16:18:26 - price_service - WARNING - No price record found for 8 in USD, using default values
2025-08-03 16:21:36 - price_service - WARNING - No price record found for 2 in USD, using default values
2025-08-03 16:21:36 - price_service - WARNING - No price record found for 4 in USD, using default values
2025-08-03 16:21:36 - price_service - WARNING - No price record found for 5 in USD, using default values
2025-08-03 16:21:36 - price_service - WARNING - No price record found for 6 in USD, using default values
2025-08-03 16:21:36 - price_service - WARNING - No price record found for 7 in USD, using default values
2025-08-03 16:21:36 - price_service - WARNING - No price record found for 8 in USD, using default values
2025-08-03 16:21:36 - price_service - WARNING - No price record found for 2 in USD, using default values
2025-08-03 16:21:36 - price_service - WARNING - No price record found for 4 in USD, using default values
2025-08-03 16:21:36 - price_service - WARNING - No price record found for 5 in USD, using default values
2025-08-03 16:21:36 - price_service - WARNING - No price record found for 6 in USD, using default values
2025-08-03 16:21:36 - price_service - WARNING - No price record found for 7 in USD, using default values
2025-08-03 16:21:36 - price_service - WARNING - No price record found for 8 in USD, using default values
2025-08-03 16:38:05 - price_service - ERROR - Price update failed after 0.00 seconds
2025-08-03 17:18:09 - price_service - WARNING - No price record found for 2 in USD, using default values
2025-08-03 17:18:09 - price_service - WARNING - No price record found for 4 in USD, using default values
2025-08-03 17:18:09 - price_service - WARNING - No price record found for 5 in USD, using default values
2025-08-03 17:18:09 - price_service - WARNING - No price record found for 6 in USD, using default values
2025-08-03 17:18:09 - price_service - WARNING - No price record found for 7 in USD, using default values
2025-08-03 17:18:09 - price_service - WARNING - No price record found for 8 in USD, using default values
2025-08-03 17:18:11 - price_service - WARNING - No price record found for 2 in USD, using default values
2025-08-03 17:18:11 - price_service - WARNING - No price record found for 4 in USD, using default values
2025-08-03 17:18:11 - price_service - WARNING - No price record found for 5 in USD, using default values
2025-08-03 17:18:11 - price_service - WARNING - No price record found for 6 in USD, using default values
2025-08-03 17:18:11 - price_service - WARNING - No price record found for 7 in USD, using default values
2025-08-03 17:18:11 - price_service - WARNING - No price record found for 8 in USD, using default values
2025-08-03 17:18:16 - price_service - WARNING - No price record found for 2 in USD, using default values
2025-08-03 17:18:16 - price_service - WARNING - No price record found for 4 in USD, using default values
2025-08-03 17:18:16 - price_service - WARNING - No price record found for 5 in USD, using default values
2025-08-03 17:18:16 - price_service - WARNING - No price record found for 6 in USD, using default values
2025-08-03 17:18:16 - price_service - WARNING - No price record found for 7 in USD, using default values
2025-08-03 17:18:16 - price_service - WARNING - No price record found for 8 in USD, using default values
2025-08-03 17:18:16 - price_service - WARNING - No price record found for 2 in USD, using default values
2025-08-03 17:18:16 - price_service - WARNING - No price record found for 4 in USD, using default values
2025-08-03 17:18:16 - price_service - WARNING - No price record found for 5 in USD, using default values
2025-08-03 17:18:16 - price_service - WARNING - No price record found for 6 in USD, using default values
2025-08-03 17:18:16 - price_service - WARNING - No price record found for 7 in USD, using default values
2025-08-03 17:18:16 - price_service - WARNING - No price record found for 8 in USD, using default values
2025-08-03 17:56:48 - price_service - WARNING - No price record found for 2 in USD, using default values
2025-08-03 17:56:48 - price_service - WARNING - No price record found for 4 in USD, using default values
2025-08-03 17:56:48 - price_service - WARNING - No price record found for 5 in USD, using default values
2025-08-03 17:56:48 - price_service - WARNING - No price record found for 6 in USD, using default values
2025-08-03 17:56:48 - price_service - WARNING - No price record found for 7 in USD, using default values
2025-08-03 17:56:48 - price_service - WARNING - No price record found for 8 in USD, using default values
2025-08-03 17:56:48 - price_service - WARNING - No price record found for 2 in USD, using default values
2025-08-03 17:56:48 - price_service - WARNING - No price record found for 4 in USD, using default values
2025-08-03 17:56:48 - price_service - WARNING - No price record found for 5 in USD, using default values
2025-08-03 17:56:48 - price_service - WARNING - No price record found for 6 in USD, using default values
2025-08-03 17:56:48 - price_service - WARNING - No price record found for 7 in USD, using default values
2025-08-03 17:56:48 - price_service - WARNING - No price record found for 8 in USD, using default values
2025-08-03 17:56:58 - price_service - WARNING - No price record found for 2 in USD, using default values
2025-08-03 17:56:58 - price_service - WARNING - No price record found for 4 in USD, using default values
2025-08-03 17:56:58 - price_service - WARNING - No price record found for 5 in USD, using default values
2025-08-03 17:56:58 - price_service - WARNING - No price record found for 6 in USD, using default values
2025-08-03 17:56:58 - price_service - WARNING - No price record found for 7 in USD, using default values
2025-08-03 17:56:58 - price_service - WARNING - No price record found for 8 in USD, using default values
2025-08-03 17:57:02 - price_service - WARNING - No price record found for 2 in USD, using default values
2025-08-03 17:57:02 - price_service - WARNING - No price record found for 4 in USD, using default values
2025-08-03 17:57:02 - price_service - WARNING - No price record found for 5 in USD, using default values
2025-08-03 17:57:02 - price_service - WARNING - No price record found for 6 in USD, using default values
2025-08-03 17:57:02 - price_service - WARNING - No price record found for 7 in USD, using default values
2025-08-03 17:57:02 - price_service - WARNING - No price record found for 8 in USD, using default values
2025-08-03 17:57:04 - price_service - WARNING - No price record found for 2 in USD, using default values
2025-08-03 17:57:04 - price_service - WARNING - No price record found for 4 in USD, using default values
2025-08-03 17:57:04 - price_service - WARNING - No price record found for 5 in USD, using default values
2025-08-03 17:57:04 - price_service - WARNING - No price record found for 6 in USD, using default values
2025-08-03 17:57:04 - price_service - WARNING - No price record found for 7 in USD, using default values
2025-08-03 17:57:04 - price_service - WARNING - No price record found for 8 in USD, using default values
2025-08-03 19:46:10 - price_service - WARNING - No price record found for 2 in USD, using default values
2025-08-03 19:46:10 - price_service - WARNING - No price record found for 4 in USD, using default values
2025-08-03 19:46:10 - price_service - WARNING - No price record found for 5 in USD, using default values
2025-08-03 19:46:10 - price_service - WARNING - No price record found for 6 in USD, using default values
2025-08-03 19:46:10 - price_service - WARNING - No price record found for 7 in USD, using default values
2025-08-03 19:46:10 - price_service - WARNING - No price record found for 8 in USD, using default values
2025-08-03 21:21:02 - price_service - ERROR - Price update failed after 0.00 seconds
2025-08-03 22:05:46 - price_service - WARNING - No price record found for 2 in USD, using default values
2025-08-03 22:05:46 - price_service - WARNING - No price record found for 4 in USD, using default values
2025-08-03 22:05:46 - price_service - WARNING - No price record found for 5 in USD, using default values
2025-08-03 22:05:46 - price_service - WARNING - No price record found for 6 in USD, using default values
2025-08-03 22:05:46 - price_service - WARNING - No price record found for 7 in USD, using default values
2025-08-03 22:05:46 - price_service - WARNING - No price record found for 8 in USD, using default values
2025-08-03 22:05:46 - price_service - WARNING - No price record found for 2 in USD, using default values
2025-08-03 22:05:46 - price_service - WARNING - No price record found for 4 in USD, using default values
2025-08-03 22:05:46 - price_service - WARNING - No price record found for 5 in USD, using default values
2025-08-03 22:05:46 - price_service - WARNING - No price record found for 6 in USD, using default values
2025-08-03 22:05:46 - price_service - WARNING - No price record found for 7 in USD, using default values
2025-08-03 22:05:46 - price_service - WARNING - No price record found for 8 in USD, using default values
2025-08-03 22:05:46 - price_service - WARNING - No price record found for 2 in USD, using default values
2025-08-03 22:05:46 - price_service - WARNING - No price record found for 4 in USD, using default values
2025-08-03 22:05:46 - price_service - WARNING - No price record found for 5 in USD, using default values
2025-08-03 22:05:46 - price_service - WARNING - No price record found for 6 in USD, using default values
2025-08-03 22:05:46 - price_service - WARNING - No price record found for 7 in USD, using default values
2025-08-03 22:05:46 - price_service - WARNING - No price record found for 8 in USD, using default values
2025-08-03 22:05:49 - price_service - WARNING - No price record found for 2 in USD, using default values
2025-08-03 22:05:49 - price_service - WARNING - No price record found for 4 in USD, using default values
2025-08-03 22:05:49 - price_service - WARNING - No price record found for 5 in USD, using default values
2025-08-03 22:05:49 - price_service - WARNING - No price record found for 6 in USD, using default values
2025-08-03 22:05:49 - price_service - WARNING - No price record found for 7 in USD, using default values
2025-08-03 22:05:49 - price_service - WARNING - No price record found for 8 in USD, using default values
2025-08-03 22:06:09 - price_service - WARNING - No price record found for 2 in USD, using default values
2025-08-03 22:06:09 - price_service - WARNING - No price record found for 4 in USD, using default values
2025-08-03 22:06:09 - price_service - WARNING - No price record found for 5 in USD, using default values
2025-08-03 22:06:09 - price_service - WARNING - No price record found for 6 in USD, using default values
2025-08-03 22:06:09 - price_service - WARNING - No price record found for 7 in USD, using default values
2025-08-03 22:06:09 - price_service - WARNING - No price record found for 8 in USD, using default values
2025-08-03 22:06:14 - price_service - WARNING - No price record found for 2 in USD, using default values
2025-08-03 22:06:14 - price_service - WARNING - No price record found for 4 in USD, using default values
2025-08-03 22:06:14 - price_service - WARNING - No price record found for 5 in USD, using default values
2025-08-03 22:06:14 - price_service - WARNING - No price record found for 6 in USD, using default values
2025-08-03 22:06:14 - price_service - WARNING - No price record found for 7 in USD, using default values
2025-08-03 22:06:14 - price_service - WARNING - No price record found for 8 in USD, using default values
2025-08-03 22:06:14 - price_service - WARNING - No price record found for 2 in USD, using default values
2025-08-03 22:06:14 - price_service - WARNING - No price record found for 4 in USD, using default values
2025-08-03 22:06:14 - price_service - WARNING - No price record found for 5 in USD, using default values
2025-08-03 22:06:14 - price_service - WARNING - No price record found for 6 in USD, using default values
2025-08-03 22:06:14 - price_service - WARNING - No price record found for 7 in USD, using default values
2025-08-03 22:06:14 - price_service - WARNING - No price record found for 8 in USD, using default values
2025-08-03 22:06:15 - price_service - WARNING - No price record found for 2 in USD, using default values
2025-08-03 22:06:15 - price_service - WARNING - No price record found for 4 in USD, using default values
2025-08-03 22:06:15 - price_service - WARNING - No price record found for 5 in USD, using default values
2025-08-03 22:06:15 - price_service - WARNING - No price record found for 6 in USD, using default values
2025-08-03 22:06:15 - price_service - WARNING - No price record found for 7 in USD, using default values
2025-08-03 22:06:15 - price_service - WARNING - No price record found for 8 in USD, using default values
2025-08-04 01:02:22 - price_service - ERROR - Price update failed after 0.00 seconds
2025-08-04 01:29:07 - price_service - ERROR - Price update failed after 0.00 seconds
2025-08-04 07:46:41 - price_service - WARNING - No price record found for 2 in USD, using default values
2025-08-04 07:46:41 - price_service - WARNING - No price record found for 4 in USD, using default values
2025-08-04 07:46:41 - price_service - WARNING - No price record found for 5 in USD, using default values
2025-08-04 07:46:41 - price_service - WARNING - No price record found for 6 in USD, using default values
2025-08-04 07:46:41 - price_service - WARNING - No price record found for 7 in USD, using default values
2025-08-04 07:46:41 - price_service - WARNING - No price record found for 8 in USD, using default values
2025-08-04 07:46:41 - price_service - WARNING - No price record found for 2 in USD, using default values
2025-08-04 07:46:41 - price_service - WARNING - No price record found for 4 in USD, using default values
2025-08-04 07:46:41 - price_service - WARNING - No price record found for 5 in USD, using default values
2025-08-04 07:46:41 - price_service - WARNING - No price record found for 6 in USD, using default values
2025-08-04 07:46:41 - price_service - WARNING - No price record found for 7 in USD, using default values
2025-08-04 07:46:41 - price_service - WARNING - No price record found for 8 in USD, using default values
2025-08-04 07:46:41 - price_service - WARNING - No price record found for 2 in USD, using default values
2025-08-04 07:46:41 - price_service - WARNING - No price record found for 4 in USD, using default values
2025-08-04 07:46:41 - price_service - WARNING - No price record found for 5 in USD, using default values
2025-08-04 07:46:41 - price_service - WARNING - No price record found for 6 in USD, using default values
2025-08-04 07:46:41 - price_service - WARNING - No price record found for 7 in USD, using default values
2025-08-04 07:46:41 - price_service - WARNING - No price record found for 8 in USD, using default values
2025-08-04 07:46:43 - price_service - WARNING - No price record found for 2 in USD, using default values
2025-08-04 07:46:43 - price_service - WARNING - No price record found for 4 in USD, using default values
2025-08-04 07:46:43 - price_service - WARNING - No price record found for 5 in USD, using default values
2025-08-04 07:46:43 - price_service - WARNING - No price record found for 6 in USD, using default values
2025-08-04 07:46:43 - price_service - WARNING - No price record found for 7 in USD, using default values
2025-08-04 07:46:43 - price_service - WARNING - No price record found for 8 in USD, using default values
2025-08-04 10:05:26 - price_service - ERROR - Price update failed after 0.00 seconds
2025-08-04 11:20:21 - price_service - WARNING - No price record found for 2 in USD, using default values
2025-08-04 11:20:21 - price_service - WARNING - No price record found for 4 in USD, using default values
2025-08-04 11:20:21 - price_service - WARNING - No price record found for 5 in USD, using default values
2025-08-04 11:20:21 - price_service - WARNING - No price record found for 6 in USD, using default values
2025-08-04 11:20:21 - price_service - WARNING - No price record found for 7 in USD, using default values
2025-08-04 11:20:21 - price_service - WARNING - No price record found for 8 in USD, using default values
2025-08-04 11:20:26 - price_service - WARNING - No price record found for 2 in USD, using default values
2025-08-04 11:20:26 - price_service - WARNING - No price record found for 4 in USD, using default values
2025-08-04 11:20:26 - price_service - WARNING - No price record found for 5 in USD, using default values
2025-08-04 11:20:26 - price_service - WARNING - No price record found for 6 in USD, using default values
2025-08-04 11:20:26 - price_service - WARNING - No price record found for 7 in USD, using default values
2025-08-04 11:20:26 - price_service - WARNING - No price record found for 8 in USD, using default values
2025-08-04 11:20:28 - price_service - WARNING - No price record found for 2 in USD, using default values
2025-08-04 11:20:28 - price_service - WARNING - No price record found for 4 in USD, using default values
2025-08-04 11:20:28 - price_service - WARNING - No price record found for 5 in USD, using default values
2025-08-04 11:20:28 - price_service - WARNING - No price record found for 6 in USD, using default values
2025-08-04 11:20:28 - price_service - WARNING - No price record found for 7 in USD, using default values
2025-08-04 11:20:28 - price_service - WARNING - No price record found for 8 in USD, using default values
2025-08-04 11:20:28 - price_service - WARNING - No price record found for 2 in USD, using default values
2025-08-04 11:20:28 - price_service - WARNING - No price record found for 4 in USD, using default values
2025-08-04 11:20:28 - price_service - WARNING - No price record found for 5 in USD, using default values
2025-08-04 11:20:28 - price_service - WARNING - No price record found for 6 in USD, using default values
2025-08-04 11:20:28 - price_service - WARNING - No price record found for 7 in USD, using default values
2025-08-04 11:20:28 - price_service - WARNING - No price record found for 8 in USD, using default values
2025-08-04 11:20:28 - price_service - WARNING - No price record found for 2 in USD, using default values
2025-08-04 11:20:28 - price_service - WARNING - No price record found for 4 in USD, using default values
2025-08-04 11:20:28 - price_service - WARNING - No price record found for 5 in USD, using default values
2025-08-04 11:20:28 - price_service - WARNING - No price record found for 6 in USD, using default values
2025-08-04 11:20:28 - price_service - WARNING - No price record found for 7 in USD, using default values
2025-08-04 11:20:28 - price_service - WARNING - No price record found for 8 in USD, using default values
2025-08-04 12:40:45 - price_service - WARNING - No price record found for 2 in USD, using default values
2025-08-04 12:40:45 - price_service - WARNING - No price record found for 4 in USD, using default values
2025-08-04 12:40:45 - price_service - WARNING - No price record found for 5 in USD, using default values
2025-08-04 12:40:45 - price_service - WARNING - No price record found for 6 in USD, using default values
2025-08-04 12:40:45 - price_service - WARNING - No price record found for 7 in USD, using default values
2025-08-04 12:40:45 - price_service - WARNING - No price record found for 8 in USD, using default values
2025-08-04 12:40:45 - price_service - WARNING - No price record found for 2 in USD, using default values
2025-08-04 12:40:45 - price_service - WARNING - No price record found for 4 in USD, using default values
2025-08-04 12:40:45 - price_service - WARNING - No price record found for 5 in USD, using default values
2025-08-04 12:40:45 - price_service - WARNING - No price record found for 6 in USD, using default values
2025-08-04 12:40:45 - price_service - WARNING - No price record found for 7 in USD, using default values
2025-08-04 12:40:45 - price_service - WARNING - No price record found for 8 in USD, using default values
2025-08-04 12:40:45 - price_service - WARNING - No price record found for 2 in USD, using default values
2025-08-04 12:40:45 - price_service - WARNING - No price record found for 4 in USD, using default values
2025-08-04 12:40:45 - price_service - WARNING - No price record found for 5 in USD, using default values
2025-08-04 12:40:45 - price_service - WARNING - No price record found for 6 in USD, using default values
2025-08-04 12:40:45 - price_service - WARNING - No price record found for 7 in USD, using default values
2025-08-04 12:40:45 - price_service - WARNING - No price record found for 8 in USD, using default values
2025-08-04 12:40:50 - price_service - WARNING - No price record found for 2 in USD, using default values
2025-08-04 12:40:50 - price_service - WARNING - No price record found for 4 in USD, using default values
2025-08-04 12:40:50 - price_service - WARNING - No price record found for 5 in USD, using default values
2025-08-04 12:40:50 - price_service - WARNING - No price record found for 6 in USD, using default values
2025-08-04 12:40:50 - price_service - WARNING - No price record found for 7 in USD, using default values
2025-08-04 12:40:50 - price_service - WARNING - No price record found for 8 in USD, using default values
2025-08-04 12:40:51 - price_service - WARNING - No price record found for 2 in USD, using default values
2025-08-04 12:40:51 - price_service - WARNING - No price record found for 4 in USD, using default values
2025-08-04 12:40:51 - price_service - WARNING - No price record found for 5 in USD, using default values
2025-08-04 12:40:51 - price_service - WARNING - No price record found for 6 in USD, using default values
2025-08-04 12:40:51 - price_service - WARNING - No price record found for 7 in USD, using default values
2025-08-04 12:40:51 - price_service - WARNING - No price record found for 8 in USD, using default values
2025-08-04 12:40:51 - price_service - WARNING - No price record found for 2 in USD, using default values
2025-08-04 12:40:51 - price_service - WARNING - No price record found for 4 in USD, using default values
2025-08-04 12:40:51 - price_service - WARNING - No price record found for 5 in USD, using default values
2025-08-04 12:40:51 - price_service - WARNING - No price record found for 6 in USD, using default values
2025-08-04 12:40:51 - price_service - WARNING - No price record found for 7 in USD, using default values
2025-08-04 12:40:51 - price_service - WARNING - No price record found for 8 in USD, using default values
2025-08-04 12:40:54 - price_service - WARNING - No price record found for 2 in USD, using default values
2025-08-04 12:40:54 - price_service - WARNING - No price record found for 4 in USD, using default values
2025-08-04 12:40:54 - price_service - WARNING - No price record found for 5 in USD, using default values
2025-08-04 12:40:54 - price_service - WARNING - No price record found for 6 in USD, using default values
2025-08-04 12:40:54 - price_service - WARNING - No price record found for 7 in USD, using default values
2025-08-04 12:40:54 - price_service - WARNING - No price record found for 8 in USD, using default values
2025-08-04 12:41:00 - price_service - WARNING - No price record found for 2 in USD, using default values
2025-08-04 12:41:00 - price_service - WARNING - No price record found for 4 in USD, using default values
2025-08-04 12:41:00 - price_service - WARNING - No price record found for 5 in USD, using default values
2025-08-04 12:41:00 - price_service - WARNING - No price record found for 6 in USD, using default values
2025-08-04 12:41:00 - price_service - WARNING - No price record found for 7 in USD, using default values
2025-08-04 12:41:00 - price_service - WARNING - No price record found for 8 in USD, using default values
2025-08-04 12:41:00 - price_service - WARNING - No price record found for 2 in USD, using default values
2025-08-04 12:41:00 - price_service - WARNING - No price record found for 4 in USD, using default values
2025-08-04 12:41:00 - price_service - WARNING - No price record found for 5 in USD, using default values
2025-08-04 12:41:00 - price_service - WARNING - No price record found for 6 in USD, using default values
2025-08-04 12:41:00 - price_service - WARNING - No price record found for 7 in USD, using default values
2025-08-04 12:41:00 - price_service - WARNING - No price record found for 8 in USD, using default values
2025-08-04 12:41:02 - price_service - WARNING - No price record found for 2 in USD, using default values
2025-08-04 12:41:02 - price_service - WARNING - No price record found for 4 in USD, using default values
2025-08-04 12:41:02 - price_service - WARNING - No price record found for 5 in USD, using default values
2025-08-04 12:41:02 - price_service - WARNING - No price record found for 6 in USD, using default values
2025-08-04 12:41:02 - price_service - WARNING - No price record found for 7 in USD, using default values
2025-08-04 12:41:02 - price_service - WARNING - No price record found for 8 in USD, using default values
2025-08-04 12:41:04 - price_service - WARNING - No price record found for 2 in USD, using default values
2025-08-04 12:41:04 - price_service - WARNING - No price record found for 4 in USD, using default values
2025-08-04 12:41:04 - price_service - WARNING - No price record found for 5 in USD, using default values
2025-08-04 12:41:04 - price_service - WARNING - No price record found for 6 in USD, using default values
2025-08-04 12:41:04 - price_service - WARNING - No price record found for 7 in USD, using default values
2025-08-04 12:41:04 - price_service - WARNING - No price record found for 8 in USD, using default values
2025-08-04 12:41:04 - price_service - WARNING - No price record found for 2 in USD, using default values
2025-08-04 12:41:04 - price_service - WARNING - No price record found for 4 in USD, using default values
2025-08-04 12:41:04 - price_service - WARNING - No price record found for 5 in USD, using default values
2025-08-04 12:41:04 - price_service - WARNING - No price record found for 6 in USD, using default values
2025-08-04 12:41:04 - price_service - WARNING - No price record found for 7 in USD, using default values
2025-08-04 12:41:04 - price_service - WARNING - No price record found for 8 in USD, using default values
2025-08-04 12:41:04 - price_service - WARNING - No price record found for 2 in USD, using default values
2025-08-04 12:41:04 - price_service - WARNING - No price record found for 4 in USD, using default values
2025-08-04 12:41:04 - price_service - WARNING - No price record found for 5 in USD, using default values
2025-08-04 12:41:04 - price_service - WARNING - No price record found for 6 in USD, using default values
2025-08-04 12:41:04 - price_service - WARNING - No price record found for 7 in USD, using default values
2025-08-04 12:41:04 - price_service - WARNING - No price record found for 8 in USD, using default values
2025-08-04 14:24:09 - price_service - ERROR - Price update failed after 0.01 seconds
2025-08-04 15:51:10 - price_service - ERROR - Price update failed after 0.01 seconds
2025-08-04 16:30:46 - price_service - ERROR - Price update failed after 0.01 seconds
2025-08-04 16:41:25 - price_service - WARNING - No price record found for 2 in USD, using default values
2025-08-04 16:41:25 - price_service - WARNING - No price record found for 4 in USD, using default values
2025-08-04 16:41:25 - price_service - WARNING - No price record found for 5 in USD, using default values
2025-08-04 16:41:25 - price_service - WARNING - No price record found for 6 in USD, using default values
2025-08-04 16:41:25 - price_service - WARNING - No price record found for 7 in USD, using default values
2025-08-04 16:41:25 - price_service - WARNING - No price record found for 8 in USD, using default values
2025-08-04 16:41:26 - price_service - WARNING - No price record found for 2 in USD, using default values
2025-08-04 16:41:26 - price_service - WARNING - No price record found for 4 in USD, using default values
2025-08-04 16:41:26 - price_service - WARNING - No price record found for 5 in USD, using default values
2025-08-04 16:41:26 - price_service - WARNING - No price record found for 6 in USD, using default values
2025-08-04 16:41:26 - price_service - WARNING - No price record found for 7 in USD, using default values
2025-08-04 16:41:26 - price_service - WARNING - No price record found for 8 in USD, using default values
2025-08-04 16:41:26 - price_service - WARNING - No price record found for 2 in USD, using default values
2025-08-04 16:41:26 - price_service - WARNING - No price record found for 4 in USD, using default values
2025-08-04 16:41:26 - price_service - WARNING - No price record found for 5 in USD, using default values
2025-08-04 16:41:26 - price_service - WARNING - No price record found for 6 in USD, using default values
2025-08-04 16:41:26 - price_service - WARNING - No price record found for 7 in USD, using default values
2025-08-04 16:41:26 - price_service - WARNING - No price record found for 8 in USD, using default values
2025-08-04 16:41:26 - price_service - WARNING - No price record found for 2 in USD, using default values
2025-08-04 16:41:26 - price_service - WARNING - No price record found for 4 in USD, using default values
2025-08-04 16:41:26 - price_service - WARNING - No price record found for 5 in USD, using default values
2025-08-04 16:41:26 - price_service - WARNING - No price record found for 6 in USD, using default values
2025-08-04 16:41:26 - price_service - WARNING - No price record found for 7 in USD, using default values
2025-08-04 16:41:26 - price_service - WARNING - No price record found for 8 in USD, using default values
2025-08-04 16:41:26 - price_service - WARNING - No price record found for 2 in USD, using default values
2025-08-04 16:41:26 - price_service - WARNING - No price record found for 4 in USD, using default values
2025-08-04 16:41:26 - price_service - WARNING - No price record found for 5 in USD, using default values
2025-08-04 16:41:26 - price_service - WARNING - No price record found for 6 in USD, using default values
2025-08-04 16:41:26 - price_service - WARNING - No price record found for 7 in USD, using default values
2025-08-04 16:41:26 - price_service - WARNING - No price record found for 8 in USD, using default values
2025-08-04 16:41:27 - price_service - WARNING - No price record found for 2 in USD, using default values
2025-08-04 16:41:27 - price_service - WARNING - No price record found for 4 in USD, using default values
2025-08-04 16:41:27 - price_service - WARNING - No price record found for 5 in USD, using default values
2025-08-04 16:41:27 - price_service - WARNING - No price record found for 6 in USD, using default values
2025-08-04 16:41:27 - price_service - WARNING - No price record found for 7 in USD, using default values
2025-08-04 16:41:27 - price_service - WARNING - No price record found for 8 in USD, using default values
2025-08-04 16:41:28 - price_service - WARNING - No price record found for 2 in USD, using default values
2025-08-04 16:41:28 - price_service - WARNING - No price record found for 4 in USD, using default values
2025-08-04 16:41:28 - price_service - WARNING - No price record found for 5 in USD, using default values
2025-08-04 16:41:28 - price_service - WARNING - No price record found for 6 in USD, using default values
2025-08-04 16:41:28 - price_service - WARNING - No price record found for 7 in USD, using default values
2025-08-04 16:41:28 - price_service - WARNING - No price record found for 8 in USD, using default values
2025-08-04 17:05:24 - price_service - WARNING - No price record found for 2 in USD, using default values
2025-08-04 17:05:24 - price_service - WARNING - No price record found for 4 in USD, using default values
2025-08-04 17:05:24 - price_service - WARNING - No price record found for 5 in USD, using default values
2025-08-04 17:05:24 - price_service - WARNING - No price record found for 6 in USD, using default values
2025-08-04 17:05:24 - price_service - WARNING - No price record found for 7 in USD, using default values
2025-08-04 17:05:24 - price_service - WARNING - No price record found for 8 in USD, using default values
2025-08-04 17:05:24 - price_service - WARNING - No price record found for 2 in USD, using default values
2025-08-04 17:05:24 - price_service - WARNING - No price record found for 4 in USD, using default values
2025-08-04 17:05:24 - price_service - WARNING - No price record found for 5 in USD, using default values
2025-08-04 17:05:24 - price_service - WARNING - No price record found for 6 in USD, using default values
2025-08-04 17:05:24 - price_service - WARNING - No price record found for 7 in USD, using default values
2025-08-04 17:05:24 - price_service - WARNING - No price record found for 8 in USD, using default values
2025-08-04 17:17:10 - price_service - WARNING - No price record found for 2 in USD, using default values
2025-08-04 17:17:10 - price_service - WARNING - No price record found for 4 in USD, using default values
2025-08-04 17:17:10 - price_service - WARNING - No price record found for 5 in USD, using default values
2025-08-04 17:17:10 - price_service - WARNING - No price record found for 6 in USD, using default values
2025-08-04 17:17:10 - price_service - WARNING - No price record found for 7 in USD, using default values
2025-08-04 17:17:10 - price_service - WARNING - No price record found for 8 in USD, using default values
2025-08-04 17:17:10 - price_service - WARNING - No price record found for 2 in USD, using default values
2025-08-04 17:17:10 - price_service - WARNING - No price record found for 4 in USD, using default values
2025-08-04 17:17:10 - price_service - WARNING - No price record found for 5 in USD, using default values
2025-08-04 17:17:10 - price_service - WARNING - No price record found for 6 in USD, using default values
2025-08-04 17:17:10 - price_service - WARNING - No price record found for 7 in USD, using default values
2025-08-04 17:17:10 - price_service - WARNING - No price record found for 8 in USD, using default values
2025-08-04 17:17:10 - price_service - WARNING - No price record found for 2 in USD, using default values
2025-08-04 17:17:10 - price_service - WARNING - No price record found for 4 in USD, using default values
2025-08-04 17:17:10 - price_service - WARNING - No price record found for 5 in USD, using default values
2025-08-04 17:17:10 - price_service - WARNING - No price record found for 6 in USD, using default values
2025-08-04 17:17:10 - price_service - WARNING - No price record found for 7 in USD, using default values
2025-08-04 17:17:10 - price_service - WARNING - No price record found for 8 in USD, using default values
2025-08-04 17:17:13 - price_service - WARNING - No price record found for 2 in USD, using default values
2025-08-04 17:17:13 - price_service - WARNING - No price record found for 4 in USD, using default values
2025-08-04 17:17:13 - price_service - WARNING - No price record found for 5 in USD, using default values
2025-08-04 17:17:13 - price_service - WARNING - No price record found for 6 in USD, using default values
2025-08-04 17:17:13 - price_service - WARNING - No price record found for 7 in USD, using default values
2025-08-04 17:17:13 - price_service - WARNING - No price record found for 8 in USD, using default values
2025-08-04 17:58:47 - price_service - WARNING - No price record found for 2 in USD, using default values
2025-08-04 17:58:47 - price_service - WARNING - No price record found for 4 in USD, using default values
2025-08-04 17:58:47 - price_service - WARNING - No price record found for 5 in USD, using default values
2025-08-04 17:58:47 - price_service - WARNING - No price record found for 6 in USD, using default values
2025-08-04 17:58:47 - price_service - WARNING - No price record found for 7 in USD, using default values
2025-08-04 17:58:47 - price_service - WARNING - No price record found for 8 in USD, using default values
2025-08-04 17:58:47 - price_service - WARNING - No price record found for 2 in USD, using default values
2025-08-04 17:58:47 - price_service - WARNING - No price record found for 4 in USD, using default values
2025-08-04 17:58:47 - price_service - WARNING - No price record found for 5 in USD, using default values
2025-08-04 17:58:47 - price_service - WARNING - No price record found for 6 in USD, using default values
2025-08-04 17:58:47 - price_service - WARNING - No price record found for 7 in USD, using default values
2025-08-04 17:58:47 - price_service - WARNING - No price record found for 8 in USD, using default values
2025-08-04 17:58:47 - price_service - WARNING - No price record found for 2 in USD, using default values
2025-08-04 17:58:47 - price_service - WARNING - No price record found for 4 in USD, using default values
2025-08-04 17:58:47 - price_service - WARNING - No price record found for 5 in USD, using default values
2025-08-04 17:58:47 - price_service - WARNING - No price record found for 6 in USD, using default values
2025-08-04 17:58:47 - price_service - WARNING - No price record found for 7 in USD, using default values
2025-08-04 17:58:47 - price_service - WARNING - No price record found for 8 in USD, using default values
2025-08-04 17:58:49 - price_service - WARNING - No price record found for 2 in USD, using default values
2025-08-04 17:58:49 - price_service - WARNING - No price record found for 4 in USD, using default values
2025-08-04 17:58:49 - price_service - WARNING - No price record found for 5 in USD, using default values
2025-08-04 17:58:49 - price_service - WARNING - No price record found for 6 in USD, using default values
2025-08-04 17:58:49 - price_service - WARNING - No price record found for 7 in USD, using default values
2025-08-04 17:58:49 - price_service - WARNING - No price record found for 8 in USD, using default values
2025-08-04 17:58:54 - price_service - WARNING - No price record found for 2 in USD, using default values
2025-08-04 17:58:54 - price_service - WARNING - No price record found for 4 in USD, using default values
2025-08-04 17:58:54 - price_service - WARNING - No price record found for 5 in USD, using default values
2025-08-04 17:58:54 - price_service - WARNING - No price record found for 6 in USD, using default values
2025-08-04 17:58:54 - price_service - WARNING - No price record found for 7 in USD, using default values
2025-08-04 17:58:54 - price_service - WARNING - No price record found for 8 in USD, using default values
2025-08-04 17:58:54 - price_service - WARNING - No price record found for 2 in USD, using default values
2025-08-04 17:58:54 - price_service - WARNING - No price record found for 4 in USD, using default values
2025-08-04 17:58:54 - price_service - WARNING - No price record found for 5 in USD, using default values
2025-08-04 17:58:54 - price_service - WARNING - No price record found for 6 in USD, using default values
2025-08-04 17:58:54 - price_service - WARNING - No price record found for 7 in USD, using default values
2025-08-04 17:58:54 - price_service - WARNING - No price record found for 8 in USD, using default values
2025-08-04 17:58:54 - price_service - WARNING - No price record found for 2 in USD, using default values
2025-08-04 17:58:54 - price_service - WARNING - No price record found for 4 in USD, using default values
2025-08-04 17:58:54 - price_service - WARNING - No price record found for 5 in USD, using default values
2025-08-04 17:58:54 - price_service - WARNING - No price record found for 6 in USD, using default values
2025-08-04 17:58:54 - price_service - WARNING - No price record found for 7 in USD, using default values
2025-08-04 17:58:54 - price_service - WARNING - No price record found for 8 in USD, using default values
2025-08-04 17:58:55 - price_service - WARNING - No price record found for 2 in USD, using default values
2025-08-04 17:58:55 - price_service - WARNING - No price record found for 4 in USD, using default values
2025-08-04 17:58:55 - price_service - WARNING - No price record found for 5 in USD, using default values
2025-08-04 17:58:55 - price_service - WARNING - No price record found for 6 in USD, using default values
2025-08-04 17:58:55 - price_service - WARNING - No price record found for 7 in USD, using default values
2025-08-04 17:58:55 - price_service - WARNING - No price record found for 8 in USD, using default values
2025-08-04 17:58:55 - price_service - WARNING - No price record found for 2 in USD, using default values
2025-08-04 17:58:55 - price_service - WARNING - No price record found for 4 in USD, using default values
2025-08-04 17:58:55 - price_service - WARNING - No price record found for 5 in USD, using default values
2025-08-04 17:58:55 - price_service - WARNING - No price record found for 6 in USD, using default values
2025-08-04 17:58:55 - price_service - WARNING - No price record found for 7 in USD, using default values
2025-08-04 17:58:55 - price_service - WARNING - No price record found for 8 in USD, using default values
2025-08-04 17:58:56 - price_service - WARNING - No price record found for 2 in USD, using default values
2025-08-04 17:58:56 - price_service - WARNING - No price record found for 4 in USD, using default values
2025-08-04 17:58:56 - price_service - WARNING - No price record found for 5 in USD, using default values
2025-08-04 17:58:56 - price_service - WARNING - No price record found for 6 in USD, using default values
2025-08-04 17:58:56 - price_service - WARNING - No price record found for 7 in USD, using default values
2025-08-04 17:58:56 - price_service - WARNING - No price record found for 8 in USD, using default values
2025-08-04 17:58:56 - price_service - WARNING - No price record found for 2 in USD, using default values
2025-08-04 17:58:56 - price_service - WARNING - No price record found for 4 in USD, using default values
2025-08-04 17:58:56 - price_service - WARNING - No price record found for 5 in USD, using default values
2025-08-04 17:58:56 - price_service - WARNING - No price record found for 6 in USD, using default values
2025-08-04 17:58:56 - price_service - WARNING - No price record found for 7 in USD, using default values
2025-08-04 17:58:56 - price_service - WARNING - No price record found for 8 in USD, using default values
2025-08-04 17:58:56 - price_service - WARNING - No price record found for 2 in USD, using default values
2025-08-04 17:58:56 - price_service - WARNING - No price record found for 4 in USD, using default values
2025-08-04 17:58:56 - price_service - WARNING - No price record found for 5 in USD, using default values
2025-08-04 17:58:56 - price_service - WARNING - No price record found for 6 in USD, using default values
2025-08-04 17:58:56 - price_service - WARNING - No price record found for 7 in USD, using default values
2025-08-04 17:58:56 - price_service - WARNING - No price record found for 8 in USD, using default values
2025-08-04 18:23:06 - price_service - ERROR - Price update failed after 0.00 seconds
2025-08-04 19:39:25 - price_service - ERROR - Price update failed after 0.00 seconds
2025-08-04 20:52:22 - price_service - WARNING - No price record found for 2 in USD, using default values
2025-08-04 20:52:22 - price_service - WARNING - No price record found for 4 in USD, using default values
2025-08-04 20:52:22 - price_service - WARNING - No price record found for 5 in USD, using default values
2025-08-04 20:52:22 - price_service - WARNING - No price record found for 6 in USD, using default values
2025-08-04 20:52:22 - price_service - WARNING - No price record found for 7 in USD, using default values
2025-08-04 20:52:22 - price_service - WARNING - No price record found for 8 in USD, using default values
2025-08-04 23:06:45 - price_service - WARNING - No price record found for 2 in USD, using default values
2025-08-04 23:06:45 - price_service - WARNING - No price record found for 4 in USD, using default values
2025-08-04 23:06:45 - price_service - WARNING - No price record found for 5 in USD, using default values
2025-08-04 23:06:45 - price_service - WARNING - No price record found for 6 in USD, using default values
2025-08-04 23:06:45 - price_service - WARNING - No price record found for 7 in USD, using default values
2025-08-04 23:06:45 - price_service - WARNING - No price record found for 8 in USD, using default values
2025-08-04 23:06:45 - price_service - WARNING - No price record found for 2 in USD, using default values
2025-08-04 23:06:45 - price_service - WARNING - No price record found for 4 in USD, using default values
2025-08-04 23:06:45 - price_service - WARNING - No price record found for 5 in USD, using default values
2025-08-04 23:06:45 - price_service - WARNING - No price record found for 6 in USD, using default values
2025-08-04 23:06:45 - price_service - WARNING - No price record found for 7 in USD, using default values
2025-08-04 23:06:45 - price_service - WARNING - No price record found for 8 in USD, using default values
2025-08-04 23:06:45 - price_service - WARNING - No price record found for 2 in USD, using default values
2025-08-04 23:06:45 - price_service - WARNING - No price record found for 4 in USD, using default values
2025-08-04 23:06:45 - price_service - WARNING - No price record found for 5 in USD, using default values
2025-08-04 23:06:45 - price_service - WARNING - No price record found for 6 in USD, using default values
2025-08-04 23:06:45 - price_service - WARNING - No price record found for 7 in USD, using default values
2025-08-04 23:06:45 - price_service - WARNING - No price record found for 8 in USD, using default values
2025-08-04 23:06:48 - price_service - WARNING - No price record found for 2 in USD, using default values
2025-08-04 23:06:48 - price_service - WARNING - No price record found for 4 in USD, using default values
2025-08-04 23:06:48 - price_service - WARNING - No price record found for 5 in USD, using default values
2025-08-04 23:06:48 - price_service - WARNING - No price record found for 6 in USD, using default values
2025-08-04 23:06:48 - price_service - WARNING - No price record found for 7 in USD, using default values
2025-08-04 23:06:48 - price_service - WARNING - No price record found for 8 in USD, using default values
2025-08-04 23:27:04 - price_service - ERROR - Price update failed after 0.00 seconds
2025-08-04 23:27:25 - price_service - ERROR - Price update failed after 0.00 seconds
2025-08-05 07:24:26 - price_service - WARNING - No price record found for 1 in IRR, using default values
2025-08-05 07:24:26 - price_service - WARNING - No price record found for 16 in IRR, using default values
2025-08-05 07:24:26 - price_service - WARNING - No price record found for 18 in IRR, using default values
2025-08-05 07:24:27 - price_service - WARNING - No price record found for 1 in IRR, using default values
2025-08-05 07:24:27 - price_service - WARNING - No price record found for 16 in IRR, using default values
2025-08-05 07:24:27 - price_service - WARNING - No price record found for 18 in IRR, using default values
2025-08-05 07:24:27 - price_service - WARNING - No price record found for 1 in IRR, using default values
2025-08-05 07:24:27 - price_service - WARNING - No price record found for 16 in IRR, using default values
2025-08-05 07:24:27 - price_service - WARNING - No price record found for 18 in IRR, using default values
2025-08-05 07:24:33 - price_service - WARNING - No price record found for 1 in IRR, using default values
2025-08-05 07:24:33 - price_service - WARNING - No price record found for 16 in IRR, using default values
2025-08-05 07:24:33 - price_service - WARNING - No price record found for 18 in IRR, using default values
2025-08-05 07:24:33 - price_service - WARNING - No price record found for 1 in IRR, using default values
2025-08-05 07:24:33 - price_service - WARNING - No price record found for 16 in IRR, using default values
2025-08-05 07:24:33 - price_service - WARNING - No price record found for 18 in IRR, using default values
2025-08-05 07:25:26 - price_service - WARNING - No price record found for 1 in IRR, using default values
2025-08-05 07:25:26 - price_service - WARNING - No price record found for 16 in IRR, using default values
2025-08-05 07:25:26 - price_service - WARNING - No price record found for 18 in IRR, using default values
2025-08-05 07:25:26 - price_service - WARNING - No price record found for 1 in IRR, using default values
2025-08-05 07:25:26 - price_service - WARNING - No price record found for 16 in IRR, using default values
2025-08-05 07:25:26 - price_service - WARNING - No price record found for 18 in IRR, using default values
2025-08-05 07:25:26 - price_service - WARNING - No price record found for 1 in IRR, using default values
2025-08-05 07:25:26 - price_service - WARNING - No price record found for 16 in IRR, using default values
2025-08-05 07:25:26 - price_service - WARNING - No price record found for 18 in IRR, using default values
2025-08-05 07:26:14 - price_service - WARNING - No price record found for 1 in IRR, using default values
2025-08-05 07:26:14 - price_service - WARNING - No price record found for 16 in IRR, using default values
2025-08-05 07:26:14 - price_service - WARNING - No price record found for 18 in IRR, using default values
2025-08-05 07:26:40 - price_service - WARNING - No price record found for 1 in IRR, using default values
2025-08-05 07:26:40 - price_service - WARNING - No price record found for 16 in IRR, using default values
2025-08-05 07:26:40 - price_service - WARNING - No price record found for 18 in IRR, using default values
2025-08-05 07:55:28 - price_service - WARNING - No price record found for 1 in IRR, using default values
2025-08-05 07:55:28 - price_service - WARNING - No price record found for 16 in IRR, using default values
2025-08-05 07:55:28 - price_service - WARNING - No price record found for 18 in IRR, using default values
2025-08-05 07:55:29 - price_service - WARNING - No price record found for 1 in IRR, using default values
2025-08-05 07:55:29 - price_service - WARNING - No price record found for 16 in IRR, using default values
2025-08-05 07:55:29 - price_service - WARNING - No price record found for 18 in IRR, using default values
2025-08-05 07:55:54 - price_service - WARNING - No price record found for 1 in IRR, using default values
2025-08-05 07:55:54 - price_service - WARNING - No price record found for 16 in IRR, using default values
2025-08-05 07:55:54 - price_service - WARNING - No price record found for 18 in IRR, using default values
2025-08-05 07:55:54 - price_service - WARNING - No price record found for 1 in IRR, using default values
2025-08-05 07:55:54 - price_service - WARNING - No price record found for 16 in IRR, using default values
2025-08-05 07:55:54 - price_service - WARNING - No price record found for 18 in IRR, using default values
2025-08-05 07:55:54 - price_service - WARNING - No price record found for 1 in IRR, using default values
2025-08-05 07:55:54 - price_service - WARNING - No price record found for 16 in IRR, using default values
2025-08-05 07:55:54 - price_service - WARNING - No price record found for 18 in IRR, using default values
2025-08-05 08:00:26 - price_service - WARNING - No price record found for 1 in IRR, using default values
2025-08-05 08:00:26 - price_service - WARNING - No price record found for 10 in IRR, using default values
2025-08-05 08:00:26 - price_service - WARNING - No price record found for 11 in IRR, using default values
2025-08-05 08:00:26 - price_service - WARNING - No price record found for 16 in IRR, using default values
2025-08-05 08:00:26 - price_service - WARNING - No price record found for 18 in IRR, using default values
2025-08-05 08:01:56 - price_service - WARNING - No price record found for 1 in IRR, using default values
2025-08-05 08:01:56 - price_service - WARNING - No price record found for 10 in IRR, using default values
2025-08-05 08:01:56 - price_service - WARNING - No price record found for 11 in IRR, using default values
2025-08-05 08:01:56 - price_service - WARNING - No price record found for 16 in IRR, using default values
2025-08-05 08:01:56 - price_service - WARNING - No price record found for 18 in IRR, using default values
2025-08-05 08:02:08 - price_service - WARNING - No price record found for 2 in USD, using default values
2025-08-05 08:02:08 - price_service - WARNING - No price record found for 4 in USD, using default values
2025-08-05 08:02:08 - price_service - WARNING - No price record found for 5 in USD, using default values
2025-08-05 08:02:08 - price_service - WARNING - No price record found for 6 in USD, using default values
2025-08-05 08:02:08 - price_service - WARNING - No price record found for 7 in USD, using default values
2025-08-05 08:02:08 - price_service - WARNING - No price record found for 8 in USD, using default values
2025-08-05 09:21:05 - price_service - WARNING - No price record found for 1 in IRR, using default values
2025-08-05 09:21:05 - price_service - WARNING - No price record found for 10 in IRR, using default values
2025-08-05 09:21:05 - price_service - WARNING - No price record found for 11 in IRR, using default values
2025-08-05 09:21:05 - price_service - WARNING - No price record found for 16 in IRR, using default values
2025-08-05 09:21:05 - price_service - WARNING - No price record found for 18 in IRR, using default values
2025-08-05 09:21:05 - price_service - WARNING - No price record found for 1 in IRR, using default values
2025-08-05 09:21:05 - price_service - WARNING - No price record found for 10 in IRR, using default values
2025-08-05 09:21:05 - price_service - WARNING - No price record found for 11 in IRR, using default values
2025-08-05 09:21:05 - price_service - WARNING - No price record found for 16 in IRR, using default values
2025-08-05 09:21:05 - price_service - WARNING - No price record found for 18 in IRR, using default values
2025-08-05 10:40:23 - price_service - WARNING - No price record found for 2 in USD, using default values
2025-08-05 10:40:23 - price_service - WARNING - No price record found for 4 in USD, using default values
2025-08-05 10:40:23 - price_service - WARNING - No price record found for 5 in USD, using default values
2025-08-05 10:40:23 - price_service - WARNING - No price record found for 6 in USD, using default values
2025-08-05 10:40:23 - price_service - WARNING - No price record found for 7 in USD, using default values
2025-08-05 10:40:23 - price_service - WARNING - No price record found for 8 in USD, using default values
2025-08-05 10:40:23 - price_service - WARNING - No price record found for 2 in USD, using default values
2025-08-05 10:40:23 - price_service - WARNING - No price record found for 4 in USD, using default values
2025-08-05 10:40:23 - price_service - WARNING - No price record found for 5 in USD, using default values
2025-08-05 10:40:23 - price_service - WARNING - No price record found for 6 in USD, using default values
2025-08-05 10:40:23 - price_service - WARNING - No price record found for 7 in USD, using default values
2025-08-05 10:40:23 - price_service - WARNING - No price record found for 8 in USD, using default values
2025-08-05 10:40:24 - price_service - WARNING - No price record found for 2 in USD, using default values
2025-08-05 10:40:24 - price_service - WARNING - No price record found for 4 in USD, using default values
2025-08-05 10:40:24 - price_service - WARNING - No price record found for 5 in USD, using default values
2025-08-05 10:40:24 - price_service - WARNING - No price record found for 6 in USD, using default values
2025-08-05 10:40:24 - price_service - WARNING - No price record found for 7 in USD, using default values
2025-08-05 10:40:24 - price_service - WARNING - No price record found for 8 in USD, using default values
2025-08-05 10:40:26 - price_service - WARNING - No price record found for 2 in USD, using default values
2025-08-05 10:40:26 - price_service - WARNING - No price record found for 4 in USD, using default values
2025-08-05 10:40:26 - price_service - WARNING - No price record found for 5 in USD, using default values
2025-08-05 10:40:26 - price_service - WARNING - No price record found for 6 in USD, using default values
2025-08-05 10:40:26 - price_service - WARNING - No price record found for 7 in USD, using default values
2025-08-05 10:40:26 - price_service - WARNING - No price record found for 8 in USD, using default values
2025-08-05 10:40:51 - price_service - WARNING - No price record found for 2 in USD, using default values
2025-08-05 10:40:51 - price_service - WARNING - No price record found for 4 in USD, using default values
2025-08-05 10:40:51 - price_service - WARNING - No price record found for 5 in USD, using default values
2025-08-05 10:40:51 - price_service - WARNING - No price record found for 6 in USD, using default values
2025-08-05 10:40:51 - price_service - WARNING - No price record found for 7 in USD, using default values
2025-08-05 10:40:51 - price_service - WARNING - No price record found for 8 in USD, using default values
2025-08-05 10:42:53 - price_service - WARNING - No price record found for 2 in USD, using default values
2025-08-05 10:42:53 - price_service - WARNING - No price record found for 4 in USD, using default values
2025-08-05 10:42:53 - price_service - WARNING - No price record found for 5 in USD, using default values
2025-08-05 10:42:53 - price_service - WARNING - No price record found for 6 in USD, using default values
2025-08-05 10:42:53 - price_service - WARNING - No price record found for 7 in USD, using default values
2025-08-05 10:42:53 - price_service - WARNING - No price record found for 8 in USD, using default values
2025-08-05 10:54:08 - price_service - WARNING - No price record found for 2 in USD, using default values
2025-08-05 10:54:08 - price_service - WARNING - No price record found for 4 in USD, using default values
2025-08-05 10:54:08 - price_service - WARNING - No price record found for 5 in USD, using default values
2025-08-05 10:54:08 - price_service - WARNING - No price record found for 6 in USD, using default values
2025-08-05 10:54:08 - price_service - WARNING - No price record found for 7 in USD, using default values
2025-08-05 10:54:08 - price_service - WARNING - No price record found for 8 in USD, using default values
2025-08-05 10:54:33 - price_service - WARNING - No price record found for 2 in USD, using default values
2025-08-05 10:54:33 - price_service - WARNING - No price record found for 4 in USD, using default values
2025-08-05 10:54:33 - price_service - WARNING - No price record found for 5 in USD, using default values
2025-08-05 10:54:33 - price_service - WARNING - No price record found for 6 in USD, using default values
2025-08-05 10:54:33 - price_service - WARNING - No price record found for 7 in USD, using default values
2025-08-05 10:54:33 - price_service - WARNING - No price record found for 8 in USD, using default values
2025-08-05 10:54:35 - price_service - WARNING - No price record found for 2 in USD, using default values
2025-08-05 10:54:35 - price_service - WARNING - No price record found for 4 in USD, using default values
2025-08-05 10:54:35 - price_service - WARNING - No price record found for 5 in USD, using default values
2025-08-05 10:54:35 - price_service - WARNING - No price record found for 6 in USD, using default values
2025-08-05 10:54:35 - price_service - WARNING - No price record found for 7 in USD, using default values
2025-08-05 10:54:35 - price_service - WARNING - No price record found for 8 in USD, using default values
