2025-07-31 10:29:04 - error_handlers - DEBUG - Logger initialized for error_handlers at level DEBUG
2025-07-31 10:29:04 - error_handlers - INFO - Initializing error handling module
2025-07-31 10:29:25 - error_handlers - DEBUG - Logger initialized for error_handlers at level DEBUG
2025-07-31 10:29:25 - error_handlers - INFO - Initializing error handling module
2025-07-31 10:29:47 - error_handlers - DEBUG - Logger initialized for error_handlers at level DEBUG
2025-07-31 10:29:47 - error_handlers - INFO - Initializing error handling module
2025-07-31 10:30:41 - error_handlers - DEBUG - Logger initialized for error_handlers at level DEBUG
2025-07-31 10:30:41 - error_handlers - INFO - Initializing error handling module
2025-07-31 10:31:20 - error_handlers - DEBUG - Logger initialized for error_handlers at level DEBUG
2025-07-31 10:31:20 - error_handlers - INFO - Initializing error handling module
2025-07-31 10:31:50 - error_handlers - DEBUG - Logger initialized for error_handlers at level DEBUG
2025-07-31 10:31:50 - error_handlers - INFO - Initializing error handling module
2025-07-31 10:32:24 - error_handlers - DEBUG - Logger initialized for error_handlers at level DEBUG
2025-07-31 10:32:24 - error_handlers - INFO - Initializing error handling module
2025-07-31 10:33:16 - error_handlers - DEBUG - Logger initialized for error_handlers at level DEBUG
2025-07-31 10:33:16 - error_handlers - INFO - Initializing error handling module
2025-07-31 10:33:53 - error_handlers - DEBUG - Logger initialized for error_handlers at level DEBUG
2025-07-31 10:33:53 - error_handlers - INFO - Initializing error handling module
2025-07-31 10:34:24 - error_handlers - DEBUG - Logger initialized for error_handlers at level DEBUG
2025-07-31 10:34:24 - error_handlers - INFO - Initializing error handling module
2025-07-31 10:34:44 - error_handlers - DEBUG - Logger initialized for error_handlers at level DEBUG
2025-07-31 10:34:44 - error_handlers - INFO - Initializing error handling module
2025-07-31 10:35:00 - error_handlers - DEBUG - Logger initialized for error_handlers at level DEBUG
2025-07-31 10:35:00 - error_handlers - INFO - Initializing error handling module
2025-07-31 10:35:38 - error_handlers - DEBUG - Logger initialized for error_handlers at level DEBUG
2025-07-31 10:35:38 - error_handlers - INFO - Initializing error handling module
2025-07-31 10:37:09 - error_handlers - DEBUG - Logger initialized for error_handlers at level DEBUG
2025-07-31 10:37:09 - error_handlers - INFO - Initializing error handling module
2025-07-31 10:38:07 - error_handlers - DEBUG - Logger initialized for error_handlers at level DEBUG
2025-07-31 10:38:07 - error_handlers - INFO - Initializing error handling module
2025-07-31 10:38:38 - error_handlers - DEBUG - Logger initialized for error_handlers at level DEBUG
2025-07-31 10:38:38 - error_handlers - INFO - Initializing error handling module
2025-07-31 10:38:40 - error_handlers - INFO - Initializing error handling module
2025-07-31 10:40:05 - error_handlers - DEBUG - Logger initialized for error_handlers at level DEBUG
2025-07-31 10:40:05 - error_handlers - INFO - Initializing error handling module
2025-07-31 10:40:08 - error_handlers - DEBUG - Logger initialized for error_handlers at level DEBUG
2025-07-31 10:40:08 - error_handlers - INFO - Initializing error handling module
2025-07-31 10:40:10 - error_handlers - DEBUG - Logger initialized for error_handlers at level DEBUG
2025-07-31 10:40:10 - error_handlers - INFO - Initializing error handling module
2025-07-31 10:40:13 - error_handlers - DEBUG - Logger initialized for error_handlers at level DEBUG
2025-07-31 10:40:13 - error_handlers - INFO - Initializing error handling module
2025-07-31 10:40:15 - error_handlers - DEBUG - Logger initialized for error_handlers at level DEBUG
2025-07-31 10:40:15 - error_handlers - INFO - Initializing error handling module
2025-07-31 10:40:18 - error_handlers - DEBUG - Logger initialized for error_handlers at level DEBUG
2025-07-31 10:40:18 - error_handlers - INFO - Initializing error handling module
2025-07-31 10:40:21 - error_handlers - DEBUG - Logger initialized for error_handlers at level DEBUG
2025-07-31 10:40:21 - error_handlers - INFO - Initializing error handling module
2025-07-31 10:40:23 - error_handlers - DEBUG - Logger initialized for error_handlers at level DEBUG
2025-07-31 10:40:23 - error_handlers - INFO - Initializing error handling module
2025-07-31 10:40:26 - error_handlers - DEBUG - Logger initialized for error_handlers at level DEBUG
2025-07-31 10:40:26 - error_handlers - INFO - Initializing error handling module
2025-07-31 10:40:29 - error_handlers - DEBUG - Logger initialized for error_handlers at level DEBUG
2025-07-31 10:40:29 - error_handlers - INFO - Initializing error handling module
2025-07-31 10:40:31 - error_handlers - DEBUG - Logger initialized for error_handlers at level DEBUG
2025-07-31 10:40:31 - error_handlers - INFO - Initializing error handling module
2025-07-31 10:40:34 - error_handlers - DEBUG - Logger initialized for error_handlers at level DEBUG
2025-07-31 10:40:34 - error_handlers - INFO - Initializing error handling module
2025-07-31 10:40:36 - error_handlers - DEBUG - Logger initialized for error_handlers at level DEBUG
2025-07-31 10:40:36 - error_handlers - INFO - Initializing error handling module
2025-07-31 10:40:39 - error_handlers - DEBUG - Logger initialized for error_handlers at level DEBUG
2025-07-31 10:40:39 - error_handlers - INFO - Initializing error handling module
2025-07-31 10:40:41 - error_handlers - DEBUG - Logger initialized for error_handlers at level DEBUG
2025-07-31 10:40:41 - error_handlers - INFO - Initializing error handling module
2025-07-31 10:40:44 - error_handlers - DEBUG - Logger initialized for error_handlers at level DEBUG
2025-07-31 10:40:44 - error_handlers - INFO - Initializing error handling module
2025-07-31 10:40:47 - error_handlers - DEBUG - Logger initialized for error_handlers at level DEBUG
2025-07-31 10:40:47 - error_handlers - INFO - Initializing error handling module
2025-07-31 10:40:49 - error_handlers - DEBUG - Logger initialized for error_handlers at level DEBUG
2025-07-31 10:40:49 - error_handlers - INFO - Initializing error handling module
2025-07-31 10:40:52 - error_handlers - DEBUG - Logger initialized for error_handlers at level DEBUG
2025-07-31 10:40:52 - error_handlers - INFO - Initializing error handling module
2025-07-31 10:40:54 - error_handlers - DEBUG - Logger initialized for error_handlers at level DEBUG
2025-07-31 10:40:54 - error_handlers - INFO - Initializing error handling module
2025-07-31 10:40:57 - error_handlers - DEBUG - Logger initialized for error_handlers at level DEBUG
2025-07-31 10:40:57 - error_handlers - INFO - Initializing error handling module
2025-07-31 10:40:59 - error_handlers - DEBUG - Logger initialized for error_handlers at level DEBUG
2025-07-31 10:40:59 - error_handlers - INFO - Initializing error handling module
2025-07-31 10:41:02 - error_handlers - DEBUG - Logger initialized for error_handlers at level DEBUG
2025-07-31 10:41:02 - error_handlers - INFO - Initializing error handling module
2025-07-31 10:41:04 - error_handlers - DEBUG - Logger initialized for error_handlers at level DEBUG
2025-07-31 10:41:04 - error_handlers - INFO - Initializing error handling module
2025-07-31 10:41:07 - error_handlers - DEBUG - Logger initialized for error_handlers at level DEBUG
2025-07-31 10:41:07 - error_handlers - INFO - Initializing error handling module
2025-07-31 10:41:09 - error_handlers - DEBUG - Logger initialized for error_handlers at level DEBUG
2025-07-31 10:41:09 - error_handlers - INFO - Initializing error handling module
2025-07-31 10:41:12 - error_handlers - DEBUG - Logger initialized for error_handlers at level DEBUG
2025-07-31 10:41:12 - error_handlers - INFO - Initializing error handling module
2025-07-31 10:41:14 - error_handlers - DEBUG - Logger initialized for error_handlers at level DEBUG
2025-07-31 10:41:14 - error_handlers - INFO - Initializing error handling module
2025-07-31 10:41:17 - error_handlers - DEBUG - Logger initialized for error_handlers at level DEBUG
2025-07-31 10:41:17 - error_handlers - INFO - Initializing error handling module
2025-07-31 10:41:19 - error_handlers - DEBUG - Logger initialized for error_handlers at level DEBUG
2025-07-31 10:41:19 - error_handlers - INFO - Initializing error handling module
2025-07-31 10:41:22 - error_handlers - DEBUG - Logger initialized for error_handlers at level DEBUG
2025-07-31 10:41:22 - error_handlers - INFO - Initializing error handling module
2025-07-31 10:41:25 - error_handlers - DEBUG - Logger initialized for error_handlers at level DEBUG
2025-07-31 10:41:25 - error_handlers - INFO - Initializing error handling module
2025-07-31 10:41:27 - error_handlers - DEBUG - Logger initialized for error_handlers at level DEBUG
2025-07-31 10:41:27 - error_handlers - INFO - Initializing error handling module
2025-07-31 10:41:29 - error_handlers - DEBUG - Logger initialized for error_handlers at level DEBUG
2025-07-31 10:41:29 - error_handlers - INFO - Initializing error handling module
2025-07-31 10:41:32 - error_handlers - DEBUG - Logger initialized for error_handlers at level DEBUG
2025-07-31 10:41:32 - error_handlers - INFO - Initializing error handling module
2025-07-31 10:41:34 - error_handlers - DEBUG - Logger initialized for error_handlers at level DEBUG
2025-07-31 10:41:34 - error_handlers - INFO - Initializing error handling module
2025-07-31 10:41:37 - error_handlers - DEBUG - Logger initialized for error_handlers at level DEBUG
2025-07-31 10:41:37 - error_handlers - INFO - Initializing error handling module
2025-07-31 10:41:39 - error_handlers - DEBUG - Logger initialized for error_handlers at level DEBUG
2025-07-31 10:41:39 - error_handlers - INFO - Initializing error handling module
2025-07-31 10:41:42 - error_handlers - DEBUG - Logger initialized for error_handlers at level DEBUG
2025-07-31 10:41:42 - error_handlers - INFO - Initializing error handling module
2025-07-31 10:41:44 - error_handlers - DEBUG - Logger initialized for error_handlers at level DEBUG
2025-07-31 10:41:44 - error_handlers - INFO - Initializing error handling module
2025-07-31 10:41:47 - error_handlers - DEBUG - Logger initialized for error_handlers at level DEBUG
2025-07-31 10:41:47 - error_handlers - INFO - Initializing error handling module
2025-07-31 10:41:49 - error_handlers - DEBUG - Logger initialized for error_handlers at level DEBUG
2025-07-31 10:41:49 - error_handlers - INFO - Initializing error handling module
2025-07-31 10:41:52 - error_handlers - DEBUG - Logger initialized for error_handlers at level DEBUG
2025-07-31 10:41:52 - error_handlers - INFO - Initializing error handling module
2025-07-31 10:41:54 - error_handlers - DEBUG - Logger initialized for error_handlers at level DEBUG
2025-07-31 10:41:54 - error_handlers - INFO - Initializing error handling module
2025-07-31 10:41:58 - error_handlers - DEBUG - Logger initialized for error_handlers at level DEBUG
2025-07-31 10:41:58 - error_handlers - INFO - Initializing error handling module
2025-07-31 10:41:58 - error_handlers - DEBUG - Logger initialized for error_handlers at level DEBUG
2025-07-31 10:41:58 - error_handlers - INFO - Initializing error handling module
2025-07-31 10:41:58 - error_handlers - DEBUG - Logger initialized for error_handlers at level DEBUG
2025-07-31 10:41:58 - error_handlers - INFO - Initializing error handling module
2025-07-31 10:42:01 - error_handlers - INFO - Initializing error handling module
2025-07-31 10:42:01 - error_handlers - INFO - Initializing error handling module
2025-07-31 10:42:02 - error_handlers - INFO - Initializing error handling module
2025-07-31 10:42:06 - error_handlers - DEBUG - Logger initialized for error_handlers at level DEBUG
2025-07-31 10:42:06 - error_handlers - INFO - Initializing error handling module
2025-07-31 10:42:07 - error_handlers - DEBUG - Logger initialized for error_handlers at level DEBUG
2025-07-31 10:42:07 - error_handlers - INFO - Initializing error handling module
2025-07-31 10:42:07 - error_handlers - DEBUG - Logger initialized for error_handlers at level DEBUG
2025-07-31 10:42:07 - error_handlers - INFO - Initializing error handling module
2025-07-31 10:42:10 - error_handlers - INFO - Initializing error handling module
2025-07-31 10:42:10 - error_handlers - INFO - Initializing error handling module
2025-07-31 10:42:11 - error_handlers - INFO - Initializing error handling module
2025-07-31 10:45:16 - error_handlers - ERROR - Unexpected error: 404 Not Found: The requested URL was not found on the server. If you entered the URL manually please check your spelling and try again.
Traceback (most recent call last):
  File "/www/wwwroot/coinceeper.com/CC/venv/lib64/python3.9/site-packages/flask/app.py", line 917, in full_dispatch_request
    rv = self.dispatch_request()
  File "/www/wwwroot/coinceeper.com/CC/venv/lib64/python3.9/site-packages/flask/app.py", line 891, in dispatch_request
    self.raise_routing_exception(req)
  File "/www/wwwroot/coinceeper.com/CC/venv/lib64/python3.9/site-packages/flask/app.py", line 500, in raise_routing_exception
    raise request.routing_exception  # type: ignore[misc]
  File "/www/wwwroot/coinceeper.com/CC/venv/lib64/python3.9/site-packages/flask/ctx.py", line 362, in match_request
    result = self.url_adapter.match(return_rule=True)  # type: ignore
  File "/www/wwwroot/coinceeper.com/CC/venv/lib64/python3.9/site-packages/werkzeug/routing/map.py", line 629, in match
    raise NotFound() from None
werkzeug.exceptions.NotFound: 404 Not Found: The requested URL was not found on the server. If you entered the URL manually please check your spelling and try again.
2025-07-31 10:45:16 - error_handlers - ERROR - Error traceback: Traceback (most recent call last):
  File "/www/wwwroot/coinceeper.com/CC/venv/lib64/python3.9/site-packages/flask/app.py", line 917, in full_dispatch_request
    rv = self.dispatch_request()
  File "/www/wwwroot/coinceeper.com/CC/venv/lib64/python3.9/site-packages/flask/app.py", line 891, in dispatch_request
    self.raise_routing_exception(req)
  File "/www/wwwroot/coinceeper.com/CC/venv/lib64/python3.9/site-packages/flask/app.py", line 500, in raise_routing_exception
    raise request.routing_exception  # type: ignore[misc]
  File "/www/wwwroot/coinceeper.com/CC/venv/lib64/python3.9/site-packages/flask/ctx.py", line 362, in match_request
    result = self.url_adapter.match(return_rule=True)  # type: ignore
  File "/www/wwwroot/coinceeper.com/CC/venv/lib64/python3.9/site-packages/werkzeug/routing/map.py", line 629, in match
    raise NotFound() from None
werkzeug.exceptions.NotFound: 404 Not Found: The requested URL was not found on the server. If you entered the URL manually please check your spelling and try again.

2025-07-31 10:48:16 - error_handlers - ERROR - Unexpected error: 404 Not Found: The requested URL was not found on the server. If you entered the URL manually please check your spelling and try again.
Traceback (most recent call last):
  File "/www/wwwroot/coinceeper.com/CC/venv/lib64/python3.9/site-packages/flask/app.py", line 917, in full_dispatch_request
    rv = self.dispatch_request()
  File "/www/wwwroot/coinceeper.com/CC/venv/lib64/python3.9/site-packages/flask/app.py", line 891, in dispatch_request
    self.raise_routing_exception(req)
  File "/www/wwwroot/coinceeper.com/CC/venv/lib64/python3.9/site-packages/flask/app.py", line 500, in raise_routing_exception
    raise request.routing_exception  # type: ignore[misc]
  File "/www/wwwroot/coinceeper.com/CC/venv/lib64/python3.9/site-packages/flask/ctx.py", line 362, in match_request
    result = self.url_adapter.match(return_rule=True)  # type: ignore
  File "/www/wwwroot/coinceeper.com/CC/venv/lib64/python3.9/site-packages/werkzeug/routing/map.py", line 629, in match
    raise NotFound() from None
werkzeug.exceptions.NotFound: 404 Not Found: The requested URL was not found on the server. If you entered the URL manually please check your spelling and try again.
2025-07-31 10:48:16 - error_handlers - ERROR - Error traceback: Traceback (most recent call last):
  File "/www/wwwroot/coinceeper.com/CC/venv/lib64/python3.9/site-packages/flask/app.py", line 917, in full_dispatch_request
    rv = self.dispatch_request()
  File "/www/wwwroot/coinceeper.com/CC/venv/lib64/python3.9/site-packages/flask/app.py", line 891, in dispatch_request
    self.raise_routing_exception(req)
  File "/www/wwwroot/coinceeper.com/CC/venv/lib64/python3.9/site-packages/flask/app.py", line 500, in raise_routing_exception
    raise request.routing_exception  # type: ignore[misc]
  File "/www/wwwroot/coinceeper.com/CC/venv/lib64/python3.9/site-packages/flask/ctx.py", line 362, in match_request
    result = self.url_adapter.match(return_rule=True)  # type: ignore
  File "/www/wwwroot/coinceeper.com/CC/venv/lib64/python3.9/site-packages/werkzeug/routing/map.py", line 629, in match
    raise NotFound() from None
werkzeug.exceptions.NotFound: 404 Not Found: The requested URL was not found on the server. If you entered the URL manually please check your spelling and try again.

2025-07-31 10:48:30 - error_handlers - ERROR - Unexpected error: 404 Not Found: The requested URL was not found on the server. If you entered the URL manually please check your spelling and try again.
Traceback (most recent call last):
  File "/www/wwwroot/coinceeper.com/CC/venv/lib64/python3.9/site-packages/flask/app.py", line 917, in full_dispatch_request
    rv = self.dispatch_request()
  File "/www/wwwroot/coinceeper.com/CC/venv/lib64/python3.9/site-packages/flask/app.py", line 891, in dispatch_request
    self.raise_routing_exception(req)
  File "/www/wwwroot/coinceeper.com/CC/venv/lib64/python3.9/site-packages/flask/app.py", line 500, in raise_routing_exception
    raise request.routing_exception  # type: ignore[misc]
  File "/www/wwwroot/coinceeper.com/CC/venv/lib64/python3.9/site-packages/flask/ctx.py", line 362, in match_request
    result = self.url_adapter.match(return_rule=True)  # type: ignore
  File "/www/wwwroot/coinceeper.com/CC/venv/lib64/python3.9/site-packages/werkzeug/routing/map.py", line 629, in match
    raise NotFound() from None
werkzeug.exceptions.NotFound: 404 Not Found: The requested URL was not found on the server. If you entered the URL manually please check your spelling and try again.
2025-07-31 10:48:30 - error_handlers - ERROR - Error traceback: Traceback (most recent call last):
  File "/www/wwwroot/coinceeper.com/CC/venv/lib64/python3.9/site-packages/flask/app.py", line 917, in full_dispatch_request
    rv = self.dispatch_request()
  File "/www/wwwroot/coinceeper.com/CC/venv/lib64/python3.9/site-packages/flask/app.py", line 891, in dispatch_request
    self.raise_routing_exception(req)
  File "/www/wwwroot/coinceeper.com/CC/venv/lib64/python3.9/site-packages/flask/app.py", line 500, in raise_routing_exception
    raise request.routing_exception  # type: ignore[misc]
  File "/www/wwwroot/coinceeper.com/CC/venv/lib64/python3.9/site-packages/flask/ctx.py", line 362, in match_request
    result = self.url_adapter.match(return_rule=True)  # type: ignore
  File "/www/wwwroot/coinceeper.com/CC/venv/lib64/python3.9/site-packages/werkzeug/routing/map.py", line 629, in match
    raise NotFound() from None
werkzeug.exceptions.NotFound: 404 Not Found: The requested URL was not found on the server. If you entered the URL manually please check your spelling and try again.

2025-07-31 10:49:04 - error_handlers - ERROR - Unexpected error: 404 Not Found: The requested URL was not found on the server. If you entered the URL manually please check your spelling and try again.
Traceback (most recent call last):
  File "/www/wwwroot/coinceeper.com/CC/venv/lib64/python3.9/site-packages/flask/app.py", line 917, in full_dispatch_request
    rv = self.dispatch_request()
  File "/www/wwwroot/coinceeper.com/CC/venv/lib64/python3.9/site-packages/flask/app.py", line 891, in dispatch_request
    self.raise_routing_exception(req)
  File "/www/wwwroot/coinceeper.com/CC/venv/lib64/python3.9/site-packages/flask/app.py", line 500, in raise_routing_exception
    raise request.routing_exception  # type: ignore[misc]
  File "/www/wwwroot/coinceeper.com/CC/venv/lib64/python3.9/site-packages/flask/ctx.py", line 362, in match_request
    result = self.url_adapter.match(return_rule=True)  # type: ignore
  File "/www/wwwroot/coinceeper.com/CC/venv/lib64/python3.9/site-packages/werkzeug/routing/map.py", line 629, in match
    raise NotFound() from None
werkzeug.exceptions.NotFound: 404 Not Found: The requested URL was not found on the server. If you entered the URL manually please check your spelling and try again.
2025-07-31 10:49:04 - error_handlers - ERROR - Error traceback: Traceback (most recent call last):
  File "/www/wwwroot/coinceeper.com/CC/venv/lib64/python3.9/site-packages/flask/app.py", line 917, in full_dispatch_request
    rv = self.dispatch_request()
  File "/www/wwwroot/coinceeper.com/CC/venv/lib64/python3.9/site-packages/flask/app.py", line 891, in dispatch_request
    self.raise_routing_exception(req)
  File "/www/wwwroot/coinceeper.com/CC/venv/lib64/python3.9/site-packages/flask/app.py", line 500, in raise_routing_exception
    raise request.routing_exception  # type: ignore[misc]
  File "/www/wwwroot/coinceeper.com/CC/venv/lib64/python3.9/site-packages/flask/ctx.py", line 362, in match_request
    result = self.url_adapter.match(return_rule=True)  # type: ignore
  File "/www/wwwroot/coinceeper.com/CC/venv/lib64/python3.9/site-packages/werkzeug/routing/map.py", line 629, in match
    raise NotFound() from None
werkzeug.exceptions.NotFound: 404 Not Found: The requested URL was not found on the server. If you entered the URL manually please check your spelling and try again.

2025-07-31 10:49:06 - error_handlers - ERROR - Unexpected error: 404 Not Found: The requested URL was not found on the server. If you entered the URL manually please check your spelling and try again.
Traceback (most recent call last):
  File "/www/wwwroot/coinceeper.com/CC/venv/lib64/python3.9/site-packages/flask/app.py", line 917, in full_dispatch_request
    rv = self.dispatch_request()
  File "/www/wwwroot/coinceeper.com/CC/venv/lib64/python3.9/site-packages/flask/app.py", line 891, in dispatch_request
    self.raise_routing_exception(req)
  File "/www/wwwroot/coinceeper.com/CC/venv/lib64/python3.9/site-packages/flask/app.py", line 500, in raise_routing_exception
    raise request.routing_exception  # type: ignore[misc]
  File "/www/wwwroot/coinceeper.com/CC/venv/lib64/python3.9/site-packages/flask/ctx.py", line 362, in match_request
    result = self.url_adapter.match(return_rule=True)  # type: ignore
  File "/www/wwwroot/coinceeper.com/CC/venv/lib64/python3.9/site-packages/werkzeug/routing/map.py", line 629, in match
    raise NotFound() from None
werkzeug.exceptions.NotFound: 404 Not Found: The requested URL was not found on the server. If you entered the URL manually please check your spelling and try again.
2025-07-31 10:49:06 - error_handlers - ERROR - Error traceback: Traceback (most recent call last):
  File "/www/wwwroot/coinceeper.com/CC/venv/lib64/python3.9/site-packages/flask/app.py", line 917, in full_dispatch_request
    rv = self.dispatch_request()
  File "/www/wwwroot/coinceeper.com/CC/venv/lib64/python3.9/site-packages/flask/app.py", line 891, in dispatch_request
    self.raise_routing_exception(req)
  File "/www/wwwroot/coinceeper.com/CC/venv/lib64/python3.9/site-packages/flask/app.py", line 500, in raise_routing_exception
    raise request.routing_exception  # type: ignore[misc]
  File "/www/wwwroot/coinceeper.com/CC/venv/lib64/python3.9/site-packages/flask/ctx.py", line 362, in match_request
    result = self.url_adapter.match(return_rule=True)  # type: ignore
  File "/www/wwwroot/coinceeper.com/CC/venv/lib64/python3.9/site-packages/werkzeug/routing/map.py", line 629, in match
    raise NotFound() from None
werkzeug.exceptions.NotFound: 404 Not Found: The requested URL was not found on the server. If you entered the URL manually please check your spelling and try again.

2025-07-31 11:00:28 - error_handlers - ERROR - Unexpected error: 404 Not Found: The requested URL was not found on the server. If you entered the URL manually please check your spelling and try again.
Traceback (most recent call last):
  File "/www/wwwroot/coinceeper.com/CC/venv/lib64/python3.9/site-packages/flask/app.py", line 917, in full_dispatch_request
    rv = self.dispatch_request()
  File "/www/wwwroot/coinceeper.com/CC/venv/lib64/python3.9/site-packages/flask/app.py", line 891, in dispatch_request
    self.raise_routing_exception(req)
  File "/www/wwwroot/coinceeper.com/CC/venv/lib64/python3.9/site-packages/flask/app.py", line 500, in raise_routing_exception
    raise request.routing_exception  # type: ignore[misc]
  File "/www/wwwroot/coinceeper.com/CC/venv/lib64/python3.9/site-packages/flask/ctx.py", line 362, in match_request
    result = self.url_adapter.match(return_rule=True)  # type: ignore
  File "/www/wwwroot/coinceeper.com/CC/venv/lib64/python3.9/site-packages/werkzeug/routing/map.py", line 629, in match
    raise NotFound() from None
werkzeug.exceptions.NotFound: 404 Not Found: The requested URL was not found on the server. If you entered the URL manually please check your spelling and try again.
2025-07-31 11:00:28 - error_handlers - ERROR - Error traceback: Traceback (most recent call last):
  File "/www/wwwroot/coinceeper.com/CC/venv/lib64/python3.9/site-packages/flask/app.py", line 917, in full_dispatch_request
    rv = self.dispatch_request()
  File "/www/wwwroot/coinceeper.com/CC/venv/lib64/python3.9/site-packages/flask/app.py", line 891, in dispatch_request
    self.raise_routing_exception(req)
  File "/www/wwwroot/coinceeper.com/CC/venv/lib64/python3.9/site-packages/flask/app.py", line 500, in raise_routing_exception
    raise request.routing_exception  # type: ignore[misc]
  File "/www/wwwroot/coinceeper.com/CC/venv/lib64/python3.9/site-packages/flask/ctx.py", line 362, in match_request
    result = self.url_adapter.match(return_rule=True)  # type: ignore
  File "/www/wwwroot/coinceeper.com/CC/venv/lib64/python3.9/site-packages/werkzeug/routing/map.py", line 629, in match
    raise NotFound() from None
werkzeug.exceptions.NotFound: 404 Not Found: The requested URL was not found on the server. If you entered the URL manually please check your spelling and try again.

2025-07-31 11:04:40 - error_handlers - ERROR - Unexpected error: 404 Not Found: The requested URL was not found on the server. If you entered the URL manually please check your spelling and try again.
Traceback (most recent call last):
  File "/www/wwwroot/coinceeper.com/CC/venv/lib64/python3.9/site-packages/flask/app.py", line 917, in full_dispatch_request
    rv = self.dispatch_request()
  File "/www/wwwroot/coinceeper.com/CC/venv/lib64/python3.9/site-packages/flask/app.py", line 891, in dispatch_request
    self.raise_routing_exception(req)
  File "/www/wwwroot/coinceeper.com/CC/venv/lib64/python3.9/site-packages/flask/app.py", line 500, in raise_routing_exception
    raise request.routing_exception  # type: ignore[misc]
  File "/www/wwwroot/coinceeper.com/CC/venv/lib64/python3.9/site-packages/flask/ctx.py", line 362, in match_request
    result = self.url_adapter.match(return_rule=True)  # type: ignore
  File "/www/wwwroot/coinceeper.com/CC/venv/lib64/python3.9/site-packages/werkzeug/routing/map.py", line 629, in match
    raise NotFound() from None
werkzeug.exceptions.NotFound: 404 Not Found: The requested URL was not found on the server. If you entered the URL manually please check your spelling and try again.
2025-07-31 11:04:40 - error_handlers - ERROR - Error traceback: Traceback (most recent call last):
  File "/www/wwwroot/coinceeper.com/CC/venv/lib64/python3.9/site-packages/flask/app.py", line 917, in full_dispatch_request
    rv = self.dispatch_request()
  File "/www/wwwroot/coinceeper.com/CC/venv/lib64/python3.9/site-packages/flask/app.py", line 891, in dispatch_request
    self.raise_routing_exception(req)
  File "/www/wwwroot/coinceeper.com/CC/venv/lib64/python3.9/site-packages/flask/app.py", line 500, in raise_routing_exception
    raise request.routing_exception  # type: ignore[misc]
  File "/www/wwwroot/coinceeper.com/CC/venv/lib64/python3.9/site-packages/flask/ctx.py", line 362, in match_request
    result = self.url_adapter.match(return_rule=True)  # type: ignore
  File "/www/wwwroot/coinceeper.com/CC/venv/lib64/python3.9/site-packages/werkzeug/routing/map.py", line 629, in match
    raise NotFound() from None
werkzeug.exceptions.NotFound: 404 Not Found: The requested URL was not found on the server. If you entered the URL manually please check your spelling and try again.

2025-07-31 11:34:57 - error_handlers - ERROR - Unexpected error: 404 Not Found: The requested URL was not found on the server. If you entered the URL manually please check your spelling and try again.
Traceback (most recent call last):
  File "/www/wwwroot/coinceeper.com/CC/venv/lib64/python3.9/site-packages/flask/app.py", line 917, in full_dispatch_request
    rv = self.dispatch_request()
  File "/www/wwwroot/coinceeper.com/CC/venv/lib64/python3.9/site-packages/flask/app.py", line 891, in dispatch_request
    self.raise_routing_exception(req)
  File "/www/wwwroot/coinceeper.com/CC/venv/lib64/python3.9/site-packages/flask/app.py", line 500, in raise_routing_exception
    raise request.routing_exception  # type: ignore[misc]
  File "/www/wwwroot/coinceeper.com/CC/venv/lib64/python3.9/site-packages/flask/ctx.py", line 362, in match_request
    result = self.url_adapter.match(return_rule=True)  # type: ignore
  File "/www/wwwroot/coinceeper.com/CC/venv/lib64/python3.9/site-packages/werkzeug/routing/map.py", line 629, in match
    raise NotFound() from None
werkzeug.exceptions.NotFound: 404 Not Found: The requested URL was not found on the server. If you entered the URL manually please check your spelling and try again.
2025-07-31 11:34:57 - error_handlers - ERROR - Error traceback: Traceback (most recent call last):
  File "/www/wwwroot/coinceeper.com/CC/venv/lib64/python3.9/site-packages/flask/app.py", line 917, in full_dispatch_request
    rv = self.dispatch_request()
  File "/www/wwwroot/coinceeper.com/CC/venv/lib64/python3.9/site-packages/flask/app.py", line 891, in dispatch_request
    self.raise_routing_exception(req)
  File "/www/wwwroot/coinceeper.com/CC/venv/lib64/python3.9/site-packages/flask/app.py", line 500, in raise_routing_exception
    raise request.routing_exception  # type: ignore[misc]
  File "/www/wwwroot/coinceeper.com/CC/venv/lib64/python3.9/site-packages/flask/ctx.py", line 362, in match_request
    result = self.url_adapter.match(return_rule=True)  # type: ignore
  File "/www/wwwroot/coinceeper.com/CC/venv/lib64/python3.9/site-packages/werkzeug/routing/map.py", line 629, in match
    raise NotFound() from None
werkzeug.exceptions.NotFound: 404 Not Found: The requested URL was not found on the server. If you entered the URL manually please check your spelling and try again.

2025-07-31 11:35:03 - error_handlers - ERROR - Unexpected error: 404 Not Found: The requested URL was not found on the server. If you entered the URL manually please check your spelling and try again.
Traceback (most recent call last):
  File "/www/wwwroot/coinceeper.com/CC/venv/lib64/python3.9/site-packages/flask/app.py", line 917, in full_dispatch_request
    rv = self.dispatch_request()
  File "/www/wwwroot/coinceeper.com/CC/venv/lib64/python3.9/site-packages/flask/app.py", line 891, in dispatch_request
    self.raise_routing_exception(req)
  File "/www/wwwroot/coinceeper.com/CC/venv/lib64/python3.9/site-packages/flask/app.py", line 500, in raise_routing_exception
    raise request.routing_exception  # type: ignore[misc]
  File "/www/wwwroot/coinceeper.com/CC/venv/lib64/python3.9/site-packages/flask/ctx.py", line 362, in match_request
    result = self.url_adapter.match(return_rule=True)  # type: ignore
  File "/www/wwwroot/coinceeper.com/CC/venv/lib64/python3.9/site-packages/werkzeug/routing/map.py", line 629, in match
    raise NotFound() from None
werkzeug.exceptions.NotFound: 404 Not Found: The requested URL was not found on the server. If you entered the URL manually please check your spelling and try again.
2025-07-31 11:35:03 - error_handlers - ERROR - Error traceback: Traceback (most recent call last):
  File "/www/wwwroot/coinceeper.com/CC/venv/lib64/python3.9/site-packages/flask/app.py", line 917, in full_dispatch_request
    rv = self.dispatch_request()
  File "/www/wwwroot/coinceeper.com/CC/venv/lib64/python3.9/site-packages/flask/app.py", line 891, in dispatch_request
    self.raise_routing_exception(req)
  File "/www/wwwroot/coinceeper.com/CC/venv/lib64/python3.9/site-packages/flask/app.py", line 500, in raise_routing_exception
    raise request.routing_exception  # type: ignore[misc]
  File "/www/wwwroot/coinceeper.com/CC/venv/lib64/python3.9/site-packages/flask/ctx.py", line 362, in match_request
    result = self.url_adapter.match(return_rule=True)  # type: ignore
  File "/www/wwwroot/coinceeper.com/CC/venv/lib64/python3.9/site-packages/werkzeug/routing/map.py", line 629, in match
    raise NotFound() from None
werkzeug.exceptions.NotFound: 404 Not Found: The requested URL was not found on the server. If you entered the URL manually please check your spelling and try again.

2025-07-31 12:21:26 - error_handlers - ERROR - Unexpected error: 404 Not Found: The requested URL was not found on the server. If you entered the URL manually please check your spelling and try again.
Traceback (most recent call last):
  File "/www/wwwroot/coinceeper.com/CC/venv/lib64/python3.9/site-packages/flask/app.py", line 917, in full_dispatch_request
    rv = self.dispatch_request()
  File "/www/wwwroot/coinceeper.com/CC/venv/lib64/python3.9/site-packages/flask/app.py", line 891, in dispatch_request
    self.raise_routing_exception(req)
  File "/www/wwwroot/coinceeper.com/CC/venv/lib64/python3.9/site-packages/flask/app.py", line 500, in raise_routing_exception
    raise request.routing_exception  # type: ignore[misc]
  File "/www/wwwroot/coinceeper.com/CC/venv/lib64/python3.9/site-packages/flask/ctx.py", line 362, in match_request
    result = self.url_adapter.match(return_rule=True)  # type: ignore
  File "/www/wwwroot/coinceeper.com/CC/venv/lib64/python3.9/site-packages/werkzeug/routing/map.py", line 629, in match
    raise NotFound() from None
werkzeug.exceptions.NotFound: 404 Not Found: The requested URL was not found on the server. If you entered the URL manually please check your spelling and try again.
2025-07-31 12:21:26 - error_handlers - ERROR - Error traceback: Traceback (most recent call last):
  File "/www/wwwroot/coinceeper.com/CC/venv/lib64/python3.9/site-packages/flask/app.py", line 917, in full_dispatch_request
    rv = self.dispatch_request()
  File "/www/wwwroot/coinceeper.com/CC/venv/lib64/python3.9/site-packages/flask/app.py", line 891, in dispatch_request
    self.raise_routing_exception(req)
  File "/www/wwwroot/coinceeper.com/CC/venv/lib64/python3.9/site-packages/flask/app.py", line 500, in raise_routing_exception
    raise request.routing_exception  # type: ignore[misc]
  File "/www/wwwroot/coinceeper.com/CC/venv/lib64/python3.9/site-packages/flask/ctx.py", line 362, in match_request
    result = self.url_adapter.match(return_rule=True)  # type: ignore
  File "/www/wwwroot/coinceeper.com/CC/venv/lib64/python3.9/site-packages/werkzeug/routing/map.py", line 629, in match
    raise NotFound() from None
werkzeug.exceptions.NotFound: 404 Not Found: The requested URL was not found on the server. If you entered the URL manually please check your spelling and try again.

2025-07-31 14:28:27 - error_handlers - ERROR - Unexpected error: 404 Not Found: The requested URL was not found on the server. If you entered the URL manually please check your spelling and try again.
Traceback (most recent call last):
  File "/www/wwwroot/coinceeper.com/CC/venv/lib64/python3.9/site-packages/flask/app.py", line 917, in full_dispatch_request
    rv = self.dispatch_request()
  File "/www/wwwroot/coinceeper.com/CC/venv/lib64/python3.9/site-packages/flask/app.py", line 891, in dispatch_request
    self.raise_routing_exception(req)
  File "/www/wwwroot/coinceeper.com/CC/venv/lib64/python3.9/site-packages/flask/app.py", line 500, in raise_routing_exception
    raise request.routing_exception  # type: ignore[misc]
  File "/www/wwwroot/coinceeper.com/CC/venv/lib64/python3.9/site-packages/flask/ctx.py", line 362, in match_request
    result = self.url_adapter.match(return_rule=True)  # type: ignore
  File "/www/wwwroot/coinceeper.com/CC/venv/lib64/python3.9/site-packages/werkzeug/routing/map.py", line 629, in match
    raise NotFound() from None
werkzeug.exceptions.NotFound: 404 Not Found: The requested URL was not found on the server. If you entered the URL manually please check your spelling and try again.
2025-07-31 14:28:27 - error_handlers - ERROR - Error traceback: Traceback (most recent call last):
  File "/www/wwwroot/coinceeper.com/CC/venv/lib64/python3.9/site-packages/flask/app.py", line 917, in full_dispatch_request
    rv = self.dispatch_request()
  File "/www/wwwroot/coinceeper.com/CC/venv/lib64/python3.9/site-packages/flask/app.py", line 891, in dispatch_request
    self.raise_routing_exception(req)
  File "/www/wwwroot/coinceeper.com/CC/venv/lib64/python3.9/site-packages/flask/app.py", line 500, in raise_routing_exception
    raise request.routing_exception  # type: ignore[misc]
  File "/www/wwwroot/coinceeper.com/CC/venv/lib64/python3.9/site-packages/flask/ctx.py", line 362, in match_request
    result = self.url_adapter.match(return_rule=True)  # type: ignore
  File "/www/wwwroot/coinceeper.com/CC/venv/lib64/python3.9/site-packages/werkzeug/routing/map.py", line 629, in match
    raise NotFound() from None
werkzeug.exceptions.NotFound: 404 Not Found: The requested URL was not found on the server. If you entered the URL manually please check your spelling and try again.

2025-07-31 14:28:28 - error_handlers - ERROR - Unexpected error: 404 Not Found: The requested URL was not found on the server. If you entered the URL manually please check your spelling and try again.
Traceback (most recent call last):
  File "/www/wwwroot/coinceeper.com/CC/venv/lib64/python3.9/site-packages/flask/app.py", line 917, in full_dispatch_request
    rv = self.dispatch_request()
  File "/www/wwwroot/coinceeper.com/CC/venv/lib64/python3.9/site-packages/flask/app.py", line 891, in dispatch_request
    self.raise_routing_exception(req)
  File "/www/wwwroot/coinceeper.com/CC/venv/lib64/python3.9/site-packages/flask/app.py", line 500, in raise_routing_exception
    raise request.routing_exception  # type: ignore[misc]
  File "/www/wwwroot/coinceeper.com/CC/venv/lib64/python3.9/site-packages/flask/ctx.py", line 362, in match_request
    result = self.url_adapter.match(return_rule=True)  # type: ignore
  File "/www/wwwroot/coinceeper.com/CC/venv/lib64/python3.9/site-packages/werkzeug/routing/map.py", line 629, in match
    raise NotFound() from None
werkzeug.exceptions.NotFound: 404 Not Found: The requested URL was not found on the server. If you entered the URL manually please check your spelling and try again.
2025-07-31 14:28:28 - error_handlers - ERROR - Error traceback: Traceback (most recent call last):
  File "/www/wwwroot/coinceeper.com/CC/venv/lib64/python3.9/site-packages/flask/app.py", line 917, in full_dispatch_request
    rv = self.dispatch_request()
  File "/www/wwwroot/coinceeper.com/CC/venv/lib64/python3.9/site-packages/flask/app.py", line 891, in dispatch_request
    self.raise_routing_exception(req)
  File "/www/wwwroot/coinceeper.com/CC/venv/lib64/python3.9/site-packages/flask/app.py", line 500, in raise_routing_exception
    raise request.routing_exception  # type: ignore[misc]
  File "/www/wwwroot/coinceeper.com/CC/venv/lib64/python3.9/site-packages/flask/ctx.py", line 362, in match_request
    result = self.url_adapter.match(return_rule=True)  # type: ignore
  File "/www/wwwroot/coinceeper.com/CC/venv/lib64/python3.9/site-packages/werkzeug/routing/map.py", line 629, in match
    raise NotFound() from None
werkzeug.exceptions.NotFound: 404 Not Found: The requested URL was not found on the server. If you entered the URL manually please check your spelling and try again.

2025-07-31 14:28:30 - error_handlers - ERROR - Unexpected error: 404 Not Found: The requested URL was not found on the server. If you entered the URL manually please check your spelling and try again.
Traceback (most recent call last):
  File "/www/wwwroot/coinceeper.com/CC/venv/lib64/python3.9/site-packages/flask/app.py", line 917, in full_dispatch_request
    rv = self.dispatch_request()
  File "/www/wwwroot/coinceeper.com/CC/venv/lib64/python3.9/site-packages/flask/app.py", line 891, in dispatch_request
    self.raise_routing_exception(req)
  File "/www/wwwroot/coinceeper.com/CC/venv/lib64/python3.9/site-packages/flask/app.py", line 500, in raise_routing_exception
    raise request.routing_exception  # type: ignore[misc]
  File "/www/wwwroot/coinceeper.com/CC/venv/lib64/python3.9/site-packages/flask/ctx.py", line 362, in match_request
    result = self.url_adapter.match(return_rule=True)  # type: ignore
  File "/www/wwwroot/coinceeper.com/CC/venv/lib64/python3.9/site-packages/werkzeug/routing/map.py", line 629, in match
    raise NotFound() from None
werkzeug.exceptions.NotFound: 404 Not Found: The requested URL was not found on the server. If you entered the URL manually please check your spelling and try again.
2025-07-31 14:28:30 - error_handlers - ERROR - Error traceback: Traceback (most recent call last):
  File "/www/wwwroot/coinceeper.com/CC/venv/lib64/python3.9/site-packages/flask/app.py", line 917, in full_dispatch_request
    rv = self.dispatch_request()
  File "/www/wwwroot/coinceeper.com/CC/venv/lib64/python3.9/site-packages/flask/app.py", line 891, in dispatch_request
    self.raise_routing_exception(req)
  File "/www/wwwroot/coinceeper.com/CC/venv/lib64/python3.9/site-packages/flask/app.py", line 500, in raise_routing_exception
    raise request.routing_exception  # type: ignore[misc]
  File "/www/wwwroot/coinceeper.com/CC/venv/lib64/python3.9/site-packages/flask/ctx.py", line 362, in match_request
    result = self.url_adapter.match(return_rule=True)  # type: ignore
  File "/www/wwwroot/coinceeper.com/CC/venv/lib64/python3.9/site-packages/werkzeug/routing/map.py", line 629, in match
    raise NotFound() from None
werkzeug.exceptions.NotFound: 404 Not Found: The requested URL was not found on the server. If you entered the URL manually please check your spelling and try again.

2025-07-31 14:28:32 - error_handlers - ERROR - Unexpected error: 404 Not Found: The requested URL was not found on the server. If you entered the URL manually please check your spelling and try again.
Traceback (most recent call last):
  File "/www/wwwroot/coinceeper.com/CC/venv/lib64/python3.9/site-packages/flask/app.py", line 917, in full_dispatch_request
    rv = self.dispatch_request()
  File "/www/wwwroot/coinceeper.com/CC/venv/lib64/python3.9/site-packages/flask/app.py", line 891, in dispatch_request
    self.raise_routing_exception(req)
  File "/www/wwwroot/coinceeper.com/CC/venv/lib64/python3.9/site-packages/flask/app.py", line 500, in raise_routing_exception
    raise request.routing_exception  # type: ignore[misc]
  File "/www/wwwroot/coinceeper.com/CC/venv/lib64/python3.9/site-packages/flask/ctx.py", line 362, in match_request
    result = self.url_adapter.match(return_rule=True)  # type: ignore
  File "/www/wwwroot/coinceeper.com/CC/venv/lib64/python3.9/site-packages/werkzeug/routing/map.py", line 629, in match
    raise NotFound() from None
werkzeug.exceptions.NotFound: 404 Not Found: The requested URL was not found on the server. If you entered the URL manually please check your spelling and try again.
2025-07-31 14:28:32 - error_handlers - ERROR - Error traceback: Traceback (most recent call last):
  File "/www/wwwroot/coinceeper.com/CC/venv/lib64/python3.9/site-packages/flask/app.py", line 917, in full_dispatch_request
    rv = self.dispatch_request()
  File "/www/wwwroot/coinceeper.com/CC/venv/lib64/python3.9/site-packages/flask/app.py", line 891, in dispatch_request
    self.raise_routing_exception(req)
  File "/www/wwwroot/coinceeper.com/CC/venv/lib64/python3.9/site-packages/flask/app.py", line 500, in raise_routing_exception
    raise request.routing_exception  # type: ignore[misc]
  File "/www/wwwroot/coinceeper.com/CC/venv/lib64/python3.9/site-packages/flask/ctx.py", line 362, in match_request
    result = self.url_adapter.match(return_rule=True)  # type: ignore
  File "/www/wwwroot/coinceeper.com/CC/venv/lib64/python3.9/site-packages/werkzeug/routing/map.py", line 629, in match
    raise NotFound() from None
werkzeug.exceptions.NotFound: 404 Not Found: The requested URL was not found on the server. If you entered the URL manually please check your spelling and try again.

2025-07-31 14:49:36 - error_handlers - ERROR - Unexpected error: 404 Not Found: The requested URL was not found on the server. If you entered the URL manually please check your spelling and try again.
Traceback (most recent call last):
  File "/www/wwwroot/coinceeper.com/CC/venv/lib64/python3.9/site-packages/flask/app.py", line 917, in full_dispatch_request
    rv = self.dispatch_request()
  File "/www/wwwroot/coinceeper.com/CC/venv/lib64/python3.9/site-packages/flask/app.py", line 891, in dispatch_request
    self.raise_routing_exception(req)
  File "/www/wwwroot/coinceeper.com/CC/venv/lib64/python3.9/site-packages/flask/app.py", line 500, in raise_routing_exception
    raise request.routing_exception  # type: ignore[misc]
  File "/www/wwwroot/coinceeper.com/CC/venv/lib64/python3.9/site-packages/flask/ctx.py", line 362, in match_request
    result = self.url_adapter.match(return_rule=True)  # type: ignore
  File "/www/wwwroot/coinceeper.com/CC/venv/lib64/python3.9/site-packages/werkzeug/routing/map.py", line 629, in match
    raise NotFound() from None
werkzeug.exceptions.NotFound: 404 Not Found: The requested URL was not found on the server. If you entered the URL manually please check your spelling and try again.
2025-07-31 14:49:36 - error_handlers - ERROR - Error traceback: Traceback (most recent call last):
  File "/www/wwwroot/coinceeper.com/CC/venv/lib64/python3.9/site-packages/flask/app.py", line 917, in full_dispatch_request
    rv = self.dispatch_request()
  File "/www/wwwroot/coinceeper.com/CC/venv/lib64/python3.9/site-packages/flask/app.py", line 891, in dispatch_request
    self.raise_routing_exception(req)
  File "/www/wwwroot/coinceeper.com/CC/venv/lib64/python3.9/site-packages/flask/app.py", line 500, in raise_routing_exception
    raise request.routing_exception  # type: ignore[misc]
  File "/www/wwwroot/coinceeper.com/CC/venv/lib64/python3.9/site-packages/flask/ctx.py", line 362, in match_request
    result = self.url_adapter.match(return_rule=True)  # type: ignore
  File "/www/wwwroot/coinceeper.com/CC/venv/lib64/python3.9/site-packages/werkzeug/routing/map.py", line 629, in match
    raise NotFound() from None
werkzeug.exceptions.NotFound: 404 Not Found: The requested URL was not found on the server. If you entered the URL manually please check your spelling and try again.

2025-07-31 14:49:36 - error_handlers - ERROR - Unexpected error: 404 Not Found: The requested URL was not found on the server. If you entered the URL manually please check your spelling and try again.
Traceback (most recent call last):
  File "/www/wwwroot/coinceeper.com/CC/venv/lib64/python3.9/site-packages/flask/app.py", line 917, in full_dispatch_request
    rv = self.dispatch_request()
  File "/www/wwwroot/coinceeper.com/CC/venv/lib64/python3.9/site-packages/flask/app.py", line 891, in dispatch_request
    self.raise_routing_exception(req)
  File "/www/wwwroot/coinceeper.com/CC/venv/lib64/python3.9/site-packages/flask/app.py", line 500, in raise_routing_exception
    raise request.routing_exception  # type: ignore[misc]
  File "/www/wwwroot/coinceeper.com/CC/venv/lib64/python3.9/site-packages/flask/ctx.py", line 362, in match_request
    result = self.url_adapter.match(return_rule=True)  # type: ignore
  File "/www/wwwroot/coinceeper.com/CC/venv/lib64/python3.9/site-packages/werkzeug/routing/map.py", line 629, in match
    raise NotFound() from None
werkzeug.exceptions.NotFound: 404 Not Found: The requested URL was not found on the server. If you entered the URL manually please check your spelling and try again.
2025-07-31 14:49:36 - error_handlers - ERROR - Error traceback: Traceback (most recent call last):
  File "/www/wwwroot/coinceeper.com/CC/venv/lib64/python3.9/site-packages/flask/app.py", line 917, in full_dispatch_request
    rv = self.dispatch_request()
  File "/www/wwwroot/coinceeper.com/CC/venv/lib64/python3.9/site-packages/flask/app.py", line 891, in dispatch_request
    self.raise_routing_exception(req)
  File "/www/wwwroot/coinceeper.com/CC/venv/lib64/python3.9/site-packages/flask/app.py", line 500, in raise_routing_exception
    raise request.routing_exception  # type: ignore[misc]
  File "/www/wwwroot/coinceeper.com/CC/venv/lib64/python3.9/site-packages/flask/ctx.py", line 362, in match_request
    result = self.url_adapter.match(return_rule=True)  # type: ignore
  File "/www/wwwroot/coinceeper.com/CC/venv/lib64/python3.9/site-packages/werkzeug/routing/map.py", line 629, in match
    raise NotFound() from None
werkzeug.exceptions.NotFound: 404 Not Found: The requested URL was not found on the server. If you entered the URL manually please check your spelling and try again.

2025-07-31 14:56:40 - error_handlers - ERROR - Unexpected error: 404 Not Found: The requested URL was not found on the server. If you entered the URL manually please check your spelling and try again.
Traceback (most recent call last):
  File "/www/wwwroot/coinceeper.com/CC/venv/lib64/python3.9/site-packages/flask/app.py", line 917, in full_dispatch_request
    rv = self.dispatch_request()
  File "/www/wwwroot/coinceeper.com/CC/venv/lib64/python3.9/site-packages/flask/app.py", line 891, in dispatch_request
    self.raise_routing_exception(req)
  File "/www/wwwroot/coinceeper.com/CC/venv/lib64/python3.9/site-packages/flask/app.py", line 500, in raise_routing_exception
    raise request.routing_exception  # type: ignore[misc]
  File "/www/wwwroot/coinceeper.com/CC/venv/lib64/python3.9/site-packages/flask/ctx.py", line 362, in match_request
    result = self.url_adapter.match(return_rule=True)  # type: ignore
  File "/www/wwwroot/coinceeper.com/CC/venv/lib64/python3.9/site-packages/werkzeug/routing/map.py", line 629, in match
    raise NotFound() from None
werkzeug.exceptions.NotFound: 404 Not Found: The requested URL was not found on the server. If you entered the URL manually please check your spelling and try again.
2025-07-31 14:56:40 - error_handlers - ERROR - Error traceback: Traceback (most recent call last):
  File "/www/wwwroot/coinceeper.com/CC/venv/lib64/python3.9/site-packages/flask/app.py", line 917, in full_dispatch_request
    rv = self.dispatch_request()
  File "/www/wwwroot/coinceeper.com/CC/venv/lib64/python3.9/site-packages/flask/app.py", line 891, in dispatch_request
    self.raise_routing_exception(req)
  File "/www/wwwroot/coinceeper.com/CC/venv/lib64/python3.9/site-packages/flask/app.py", line 500, in raise_routing_exception
    raise request.routing_exception  # type: ignore[misc]
  File "/www/wwwroot/coinceeper.com/CC/venv/lib64/python3.9/site-packages/flask/ctx.py", line 362, in match_request
    result = self.url_adapter.match(return_rule=True)  # type: ignore
  File "/www/wwwroot/coinceeper.com/CC/venv/lib64/python3.9/site-packages/werkzeug/routing/map.py", line 629, in match
    raise NotFound() from None
werkzeug.exceptions.NotFound: 404 Not Found: The requested URL was not found on the server. If you entered the URL manually please check your spelling and try again.

2025-07-31 15:05:41 - error_handlers - ERROR - Error in get_all_currencies: (mysql.connector.errors.DatabaseError) 2003 (HY000): Can't connect to MySQL server on 'localhost:3306' (111)
(Background on this error at: https://sqlalche.me/e/20/4xp6)
Traceback (most recent call last):
  File "/www/wwwroot/coinceeper.com/CC/venv/lib64/python3.9/site-packages/sqlalchemy/pool/base.py", line 1311, in _checkout
    raise exc.InvalidatePoolError()
sqlalchemy.exc.InvalidatePoolError: ()

During handling of the above exception, another exception occurred:

Traceback (most recent call last):
  File "/www/wwwroot/coinceeper.com/CC/venv/lib64/python3.9/site-packages/mysql/connector/connection_cext.py", line 354, in _open_connection
    self._cmysql.connect(**cnx_kwargs)
_mysql_connector.MySQLInterfaceError: Can't connect to MySQL server on 'localhost:3306' (111)

The above exception was the direct cause of the following exception:

Traceback (most recent call last):
  File "/www/wwwroot/coinceeper.com/CC/venv/lib64/python3.9/site-packages/sqlalchemy/engine/base.py", line 143, in __init__
    self._dbapi_connection = engine.raw_connection()
  File "/www/wwwroot/coinceeper.com/CC/venv/lib64/python3.9/site-packages/sqlalchemy/engine/base.py", line 3295, in raw_connection
    return self.pool.connect()
  File "/www/wwwroot/coinceeper.com/CC/venv/lib64/python3.9/site-packages/sqlalchemy/pool/base.py", line 447, in connect
    return _ConnectionFairy._checkout(self)
  File "/www/wwwroot/coinceeper.com/CC/venv/lib64/python3.9/site-packages/sqlalchemy/pool/base.py", line 1356, in _checkout
    del fairy
  File "/www/wwwroot/coinceeper.com/CC/venv/lib64/python3.9/site-packages/sqlalchemy/util/langhelpers.py", line 224, in __exit__
    raise exc_value.with_traceback(exc_tb)
  File "/www/wwwroot/coinceeper.com/CC/venv/lib64/python3.9/site-packages/sqlalchemy/pool/base.py", line 1342, in _checkout
    fairy._connection_record.get_connection()
  File "/www/wwwroot/coinceeper.com/CC/venv/lib64/python3.9/site-packages/sqlalchemy/pool/base.py", line 836, in get_connection
    self.__connect()
  File "/www/wwwroot/coinceeper.com/CC/venv/lib64/python3.9/site-packages/sqlalchemy/pool/base.py", line 900, in __connect
    pool.logger.debug("Error on connect(): %s", e)
  File "/www/wwwroot/coinceeper.com/CC/venv/lib64/python3.9/site-packages/sqlalchemy/util/langhelpers.py", line 224, in __exit__
    raise exc_value.with_traceback(exc_tb)
  File "/www/wwwroot/coinceeper.com/CC/venv/lib64/python3.9/site-packages/sqlalchemy/pool/base.py", line 895, in __connect
    self.dbapi_connection = connection = pool._invoke_creator(self)
  File "/www/wwwroot/coinceeper.com/CC/venv/lib64/python3.9/site-packages/sqlalchemy/engine/create.py", line 646, in connect
    return dialect.connect(*cargs, **cparams)
  File "/www/wwwroot/coinceeper.com/CC/venv/lib64/python3.9/site-packages/sqlalchemy/engine/default.py", line 626, in connect
    return self.loaded_dbapi.connect(*cargs, **cparams)  # type: ignore[no-any-return]  # NOQA: E501
  File "/www/wwwroot/coinceeper.com/CC/venv/lib64/python3.9/site-packages/mysql/connector/pooling.py", line 322, in connect
    return CMySQLConnection(*args, **kwargs)
  File "/www/wwwroot/coinceeper.com/CC/venv/lib64/python3.9/site-packages/mysql/connector/connection_cext.py", line 142, in __init__
    self.connect(**kwargs)
  File "/www/wwwroot/coinceeper.com/CC/venv/lib64/python3.9/site-packages/mysql/connector/abstracts.py", line 1604, in connect
    self._open_connection()
  File "/www/wwwroot/coinceeper.com/CC/venv/lib64/python3.9/site-packages/mysql/connector/connection_cext.py", line 360, in _open_connection
    raise get_mysql_exception(
mysql.connector.errors.DatabaseError: 2003 (HY000): Can't connect to MySQL server on 'localhost:3306' (111)

The above exception was the direct cause of the following exception:

Traceback (most recent call last):
  File "/www/wwwroot/coinceeper.com/CC/utils/error_handlers.py", line 119, in decorated_function
    return f(*args, **kwargs)
  File "/www/wwwroot/coinceeper.com/CC/Currencies/All_Currencies.py", line 46, in get_all_currencies
    currencies_query = session.query(
  File "/www/wwwroot/coinceeper.com/CC/venv/lib64/python3.9/site-packages/sqlalchemy/orm/query.py", line 2704, in all
    return self._iter().all()  # type: ignore
  File "/www/wwwroot/coinceeper.com/CC/venv/lib64/python3.9/site-packages/sqlalchemy/orm/query.py", line 2857, in _iter
    result: Union[ScalarResult[_T], Result[_T]] = self.session.execute(
  File "/www/wwwroot/coinceeper.com/CC/venv/lib64/python3.9/site-packages/sqlalchemy/orm/session.py", line 2365, in execute
    return self._execute_internal(
  File "/www/wwwroot/coinceeper.com/CC/venv/lib64/python3.9/site-packages/sqlalchemy/orm/session.py", line 2241, in _execute_internal
    conn = self._connection_for_bind(bind)
  File "/www/wwwroot/coinceeper.com/CC/venv/lib64/python3.9/site-packages/sqlalchemy/orm/session.py", line 2110, in _connection_for_bind
    return trans._connection_for_bind(engine, execution_options)
  File "<string>", line 2, in _connection_for_bind
  File "/www/wwwroot/coinceeper.com/CC/venv/lib64/python3.9/site-packages/sqlalchemy/orm/state_changes.py", line 137, in _go
    ret_value = fn(self, *arg, **kw)
  File "/www/wwwroot/coinceeper.com/CC/venv/lib64/python3.9/site-packages/sqlalchemy/orm/session.py", line 1189, in _connection_for_bind
    conn = bind.connect()
  File "/www/wwwroot/coinceeper.com/CC/venv/lib64/python3.9/site-packages/sqlalchemy/engine/base.py", line 3271, in connect
    return self._connection_cls(self)
  File "/www/wwwroot/coinceeper.com/CC/venv/lib64/python3.9/site-packages/sqlalchemy/engine/base.py", line 145, in __init__
    Connection._handle_dbapi_exception_noconnection(
  File "/www/wwwroot/coinceeper.com/CC/venv/lib64/python3.9/site-packages/sqlalchemy/engine/base.py", line 2434, in _handle_dbapi_exception_noconnection
    raise sqlalchemy_exception.with_traceback(exc_info[2]) from e
  File "/www/wwwroot/coinceeper.com/CC/venv/lib64/python3.9/site-packages/sqlalchemy/engine/base.py", line 143, in __init__
    self._dbapi_connection = engine.raw_connection()
  File "/www/wwwroot/coinceeper.com/CC/venv/lib64/python3.9/site-packages/sqlalchemy/engine/base.py", line 3295, in raw_connection
    return self.pool.connect()
  File "/www/wwwroot/coinceeper.com/CC/venv/lib64/python3.9/site-packages/sqlalchemy/pool/base.py", line 447, in connect
    return _ConnectionFairy._checkout(self)
  File "/www/wwwroot/coinceeper.com/CC/venv/lib64/python3.9/site-packages/sqlalchemy/pool/base.py", line 1356, in _checkout
    del fairy
  File "/www/wwwroot/coinceeper.com/CC/venv/lib64/python3.9/site-packages/sqlalchemy/util/langhelpers.py", line 224, in __exit__
    raise exc_value.with_traceback(exc_tb)
  File "/www/wwwroot/coinceeper.com/CC/venv/lib64/python3.9/site-packages/sqlalchemy/pool/base.py", line 1342, in _checkout
    fairy._connection_record.get_connection()
  File "/www/wwwroot/coinceeper.com/CC/venv/lib64/python3.9/site-packages/sqlalchemy/pool/base.py", line 836, in get_connection
    self.__connect()
  File "/www/wwwroot/coinceeper.com/CC/venv/lib64/python3.9/site-packages/sqlalchemy/pool/base.py", line 900, in __connect
    pool.logger.debug("Error on connect(): %s", e)
  File "/www/wwwroot/coinceeper.com/CC/venv/lib64/python3.9/site-packages/sqlalchemy/util/langhelpers.py", line 224, in __exit__
    raise exc_value.with_traceback(exc_tb)
  File "/www/wwwroot/coinceeper.com/CC/venv/lib64/python3.9/site-packages/sqlalchemy/pool/base.py", line 895, in __connect
    self.dbapi_connection = connection = pool._invoke_creator(self)
  File "/www/wwwroot/coinceeper.com/CC/venv/lib64/python3.9/site-packages/sqlalchemy/engine/create.py", line 646, in connect
    return dialect.connect(*cargs, **cparams)
  File "/www/wwwroot/coinceeper.com/CC/venv/lib64/python3.9/site-packages/sqlalchemy/engine/default.py", line 626, in connect
    return self.loaded_dbapi.connect(*cargs, **cparams)  # type: ignore[no-any-return]  # NOQA: E501
  File "/www/wwwroot/coinceeper.com/CC/venv/lib64/python3.9/site-packages/mysql/connector/pooling.py", line 322, in connect
    return CMySQLConnection(*args, **kwargs)
  File "/www/wwwroot/coinceeper.com/CC/venv/lib64/python3.9/site-packages/mysql/connector/connection_cext.py", line 142, in __init__
    self.connect(**kwargs)
  File "/www/wwwroot/coinceeper.com/CC/venv/lib64/python3.9/site-packages/mysql/connector/abstracts.py", line 1604, in connect
    self._open_connection()
  File "/www/wwwroot/coinceeper.com/CC/venv/lib64/python3.9/site-packages/mysql/connector/connection_cext.py", line 360, in _open_connection
    raise get_mysql_exception(
sqlalchemy.exc.DatabaseError: (mysql.connector.errors.DatabaseError) 2003 (HY000): Can't connect to MySQL server on 'localhost:3306' (111)
(Background on this error at: https://sqlalche.me/e/20/4xp6)
2025-07-31 15:05:41 - error_handlers - ERROR - Database error: (mysql.connector.errors.DatabaseError) 2003 (HY000): Can't connect to MySQL server on 'localhost:3306' (111)
(Background on this error at: https://sqlalche.me/e/20/4xp6)
Traceback (most recent call last):
  File "/www/wwwroot/coinceeper.com/CC/venv/lib64/python3.9/site-packages/sqlalchemy/pool/base.py", line 1311, in _checkout
    raise exc.InvalidatePoolError()
sqlalchemy.exc.InvalidatePoolError: ()

During handling of the above exception, another exception occurred:

Traceback (most recent call last):
  File "/www/wwwroot/coinceeper.com/CC/venv/lib64/python3.9/site-packages/mysql/connector/connection_cext.py", line 354, in _open_connection
    self._cmysql.connect(**cnx_kwargs)
_mysql_connector.MySQLInterfaceError: Can't connect to MySQL server on 'localhost:3306' (111)

The above exception was the direct cause of the following exception:

Traceback (most recent call last):
  File "/www/wwwroot/coinceeper.com/CC/venv/lib64/python3.9/site-packages/sqlalchemy/engine/base.py", line 143, in __init__
    self._dbapi_connection = engine.raw_connection()
  File "/www/wwwroot/coinceeper.com/CC/venv/lib64/python3.9/site-packages/sqlalchemy/engine/base.py", line 3295, in raw_connection
    return self.pool.connect()
  File "/www/wwwroot/coinceeper.com/CC/venv/lib64/python3.9/site-packages/sqlalchemy/pool/base.py", line 447, in connect
    return _ConnectionFairy._checkout(self)
  File "/www/wwwroot/coinceeper.com/CC/venv/lib64/python3.9/site-packages/sqlalchemy/pool/base.py", line 1356, in _checkout
    del fairy
  File "/www/wwwroot/coinceeper.com/CC/venv/lib64/python3.9/site-packages/sqlalchemy/util/langhelpers.py", line 224, in __exit__
    raise exc_value.with_traceback(exc_tb)
  File "/www/wwwroot/coinceeper.com/CC/venv/lib64/python3.9/site-packages/sqlalchemy/pool/base.py", line 1342, in _checkout
    fairy._connection_record.get_connection()
  File "/www/wwwroot/coinceeper.com/CC/venv/lib64/python3.9/site-packages/sqlalchemy/pool/base.py", line 836, in get_connection
    self.__connect()
  File "/www/wwwroot/coinceeper.com/CC/venv/lib64/python3.9/site-packages/sqlalchemy/pool/base.py", line 900, in __connect
    pool.logger.debug("Error on connect(): %s", e)
  File "/www/wwwroot/coinceeper.com/CC/venv/lib64/python3.9/site-packages/sqlalchemy/util/langhelpers.py", line 224, in __exit__
    raise exc_value.with_traceback(exc_tb)
  File "/www/wwwroot/coinceeper.com/CC/venv/lib64/python3.9/site-packages/sqlalchemy/pool/base.py", line 895, in __connect
    self.dbapi_connection = connection = pool._invoke_creator(self)
  File "/www/wwwroot/coinceeper.com/CC/venv/lib64/python3.9/site-packages/sqlalchemy/engine/create.py", line 646, in connect
    return dialect.connect(*cargs, **cparams)
  File "/www/wwwroot/coinceeper.com/CC/venv/lib64/python3.9/site-packages/sqlalchemy/engine/default.py", line 626, in connect
    return self.loaded_dbapi.connect(*cargs, **cparams)  # type: ignore[no-any-return]  # NOQA: E501
  File "/www/wwwroot/coinceeper.com/CC/venv/lib64/python3.9/site-packages/mysql/connector/pooling.py", line 322, in connect
    return CMySQLConnection(*args, **kwargs)
  File "/www/wwwroot/coinceeper.com/CC/venv/lib64/python3.9/site-packages/mysql/connector/connection_cext.py", line 142, in __init__
    self.connect(**kwargs)
  File "/www/wwwroot/coinceeper.com/CC/venv/lib64/python3.9/site-packages/mysql/connector/abstracts.py", line 1604, in connect
    self._open_connection()
  File "/www/wwwroot/coinceeper.com/CC/venv/lib64/python3.9/site-packages/mysql/connector/connection_cext.py", line 360, in _open_connection
    raise get_mysql_exception(
mysql.connector.errors.DatabaseError: 2003 (HY000): Can't connect to MySQL server on 'localhost:3306' (111)

The above exception was the direct cause of the following exception:

Traceback (most recent call last):
  File "/www/wwwroot/coinceeper.com/CC/utils/error_handlers.py", line 119, in decorated_function
    return f(*args, **kwargs)
  File "/www/wwwroot/coinceeper.com/CC/Currencies/All_Currencies.py", line 46, in get_all_currencies
    currencies_query = session.query(
  File "/www/wwwroot/coinceeper.com/CC/venv/lib64/python3.9/site-packages/sqlalchemy/orm/query.py", line 2704, in all
    return self._iter().all()  # type: ignore
  File "/www/wwwroot/coinceeper.com/CC/venv/lib64/python3.9/site-packages/sqlalchemy/orm/query.py", line 2857, in _iter
    result: Union[ScalarResult[_T], Result[_T]] = self.session.execute(
  File "/www/wwwroot/coinceeper.com/CC/venv/lib64/python3.9/site-packages/sqlalchemy/orm/session.py", line 2365, in execute
    return self._execute_internal(
  File "/www/wwwroot/coinceeper.com/CC/venv/lib64/python3.9/site-packages/sqlalchemy/orm/session.py", line 2241, in _execute_internal
    conn = self._connection_for_bind(bind)
  File "/www/wwwroot/coinceeper.com/CC/venv/lib64/python3.9/site-packages/sqlalchemy/orm/session.py", line 2110, in _connection_for_bind
    return trans._connection_for_bind(engine, execution_options)
  File "<string>", line 2, in _connection_for_bind
  File "/www/wwwroot/coinceeper.com/CC/venv/lib64/python3.9/site-packages/sqlalchemy/orm/state_changes.py", line 137, in _go
    ret_value = fn(self, *arg, **kw)
  File "/www/wwwroot/coinceeper.com/CC/venv/lib64/python3.9/site-packages/sqlalchemy/orm/session.py", line 1189, in _connection_for_bind
    conn = bind.connect()
  File "/www/wwwroot/coinceeper.com/CC/venv/lib64/python3.9/site-packages/sqlalchemy/engine/base.py", line 3271, in connect
    return self._connection_cls(self)
  File "/www/wwwroot/coinceeper.com/CC/venv/lib64/python3.9/site-packages/sqlalchemy/engine/base.py", line 145, in __init__
    Connection._handle_dbapi_exception_noconnection(
  File "/www/wwwroot/coinceeper.com/CC/venv/lib64/python3.9/site-packages/sqlalchemy/engine/base.py", line 2434, in _handle_dbapi_exception_noconnection
    raise sqlalchemy_exception.with_traceback(exc_info[2]) from e
  File "/www/wwwroot/coinceeper.com/CC/venv/lib64/python3.9/site-packages/sqlalchemy/engine/base.py", line 143, in __init__
    self._dbapi_connection = engine.raw_connection()
  File "/www/wwwroot/coinceeper.com/CC/venv/lib64/python3.9/site-packages/sqlalchemy/engine/base.py", line 3295, in raw_connection
    return self.pool.connect()
  File "/www/wwwroot/coinceeper.com/CC/venv/lib64/python3.9/site-packages/sqlalchemy/pool/base.py", line 447, in connect
    return _ConnectionFairy._checkout(self)
  File "/www/wwwroot/coinceeper.com/CC/venv/lib64/python3.9/site-packages/sqlalchemy/pool/base.py", line 1356, in _checkout
    del fairy
  File "/www/wwwroot/coinceeper.com/CC/venv/lib64/python3.9/site-packages/sqlalchemy/util/langhelpers.py", line 224, in __exit__
    raise exc_value.with_traceback(exc_tb)
  File "/www/wwwroot/coinceeper.com/CC/venv/lib64/python3.9/site-packages/sqlalchemy/pool/base.py", line 1342, in _checkout
    fairy._connection_record.get_connection()
  File "/www/wwwroot/coinceeper.com/CC/venv/lib64/python3.9/site-packages/sqlalchemy/pool/base.py", line 836, in get_connection
    self.__connect()
  File "/www/wwwroot/coinceeper.com/CC/venv/lib64/python3.9/site-packages/sqlalchemy/pool/base.py", line 900, in __connect
    pool.logger.debug("Error on connect(): %s", e)
  File "/www/wwwroot/coinceeper.com/CC/venv/lib64/python3.9/site-packages/sqlalchemy/util/langhelpers.py", line 224, in __exit__
    raise exc_value.with_traceback(exc_tb)
  File "/www/wwwroot/coinceeper.com/CC/venv/lib64/python3.9/site-packages/sqlalchemy/pool/base.py", line 895, in __connect
    self.dbapi_connection = connection = pool._invoke_creator(self)
  File "/www/wwwroot/coinceeper.com/CC/venv/lib64/python3.9/site-packages/sqlalchemy/engine/create.py", line 646, in connect
    return dialect.connect(*cargs, **cparams)
  File "/www/wwwroot/coinceeper.com/CC/venv/lib64/python3.9/site-packages/sqlalchemy/engine/default.py", line 626, in connect
    return self.loaded_dbapi.connect(*cargs, **cparams)  # type: ignore[no-any-return]  # NOQA: E501
  File "/www/wwwroot/coinceeper.com/CC/venv/lib64/python3.9/site-packages/mysql/connector/pooling.py", line 322, in connect
    return CMySQLConnection(*args, **kwargs)
  File "/www/wwwroot/coinceeper.com/CC/venv/lib64/python3.9/site-packages/mysql/connector/connection_cext.py", line 142, in __init__
    self.connect(**kwargs)
  File "/www/wwwroot/coinceeper.com/CC/venv/lib64/python3.9/site-packages/mysql/connector/abstracts.py", line 1604, in connect
    self._open_connection()
  File "/www/wwwroot/coinceeper.com/CC/venv/lib64/python3.9/site-packages/mysql/connector/connection_cext.py", line 360, in _open_connection
    raise get_mysql_exception(
sqlalchemy.exc.DatabaseError: (mysql.connector.errors.DatabaseError) 2003 (HY000): Can't connect to MySQL server on 'localhost:3306' (111)
(Background on this error at: https://sqlalche.me/e/20/4xp6)
2025-07-31 15:05:43 - error_handlers - ERROR - Error in get_all_currencies: (mysql.connector.errors.DatabaseError) 2003 (HY000): Can't connect to MySQL server on 'localhost:3306' (111)
(Background on this error at: https://sqlalche.me/e/20/4xp6)
Traceback (most recent call last):
  File "/www/wwwroot/coinceeper.com/CC/venv/lib64/python3.9/site-packages/sqlalchemy/pool/base.py", line 1311, in _checkout
    raise exc.InvalidatePoolError()
sqlalchemy.exc.InvalidatePoolError: ()

During handling of the above exception, another exception occurred:

Traceback (most recent call last):
  File "/www/wwwroot/coinceeper.com/CC/venv/lib64/python3.9/site-packages/mysql/connector/connection_cext.py", line 354, in _open_connection
    self._cmysql.connect(**cnx_kwargs)
_mysql_connector.MySQLInterfaceError: Can't connect to MySQL server on 'localhost:3306' (111)

The above exception was the direct cause of the following exception:

Traceback (most recent call last):
  File "/www/wwwroot/coinceeper.com/CC/venv/lib64/python3.9/site-packages/sqlalchemy/engine/base.py", line 143, in __init__
    self._dbapi_connection = engine.raw_connection()
  File "/www/wwwroot/coinceeper.com/CC/venv/lib64/python3.9/site-packages/sqlalchemy/engine/base.py", line 3295, in raw_connection
    return self.pool.connect()
  File "/www/wwwroot/coinceeper.com/CC/venv/lib64/python3.9/site-packages/sqlalchemy/pool/base.py", line 447, in connect
    return _ConnectionFairy._checkout(self)
  File "/www/wwwroot/coinceeper.com/CC/venv/lib64/python3.9/site-packages/sqlalchemy/pool/base.py", line 1356, in _checkout
    del fairy
  File "/www/wwwroot/coinceeper.com/CC/venv/lib64/python3.9/site-packages/sqlalchemy/util/langhelpers.py", line 224, in __exit__
    raise exc_value.with_traceback(exc_tb)
  File "/www/wwwroot/coinceeper.com/CC/venv/lib64/python3.9/site-packages/sqlalchemy/pool/base.py", line 1342, in _checkout
    fairy._connection_record.get_connection()
  File "/www/wwwroot/coinceeper.com/CC/venv/lib64/python3.9/site-packages/sqlalchemy/pool/base.py", line 836, in get_connection
    self.__connect()
  File "/www/wwwroot/coinceeper.com/CC/venv/lib64/python3.9/site-packages/sqlalchemy/pool/base.py", line 900, in __connect
    pool.logger.debug("Error on connect(): %s", e)
  File "/www/wwwroot/coinceeper.com/CC/venv/lib64/python3.9/site-packages/sqlalchemy/util/langhelpers.py", line 224, in __exit__
    raise exc_value.with_traceback(exc_tb)
  File "/www/wwwroot/coinceeper.com/CC/venv/lib64/python3.9/site-packages/sqlalchemy/pool/base.py", line 895, in __connect
    self.dbapi_connection = connection = pool._invoke_creator(self)
  File "/www/wwwroot/coinceeper.com/CC/venv/lib64/python3.9/site-packages/sqlalchemy/engine/create.py", line 646, in connect
    return dialect.connect(*cargs, **cparams)
  File "/www/wwwroot/coinceeper.com/CC/venv/lib64/python3.9/site-packages/sqlalchemy/engine/default.py", line 626, in connect
    return self.loaded_dbapi.connect(*cargs, **cparams)  # type: ignore[no-any-return]  # NOQA: E501
  File "/www/wwwroot/coinceeper.com/CC/venv/lib64/python3.9/site-packages/mysql/connector/pooling.py", line 322, in connect
    return CMySQLConnection(*args, **kwargs)
  File "/www/wwwroot/coinceeper.com/CC/venv/lib64/python3.9/site-packages/mysql/connector/connection_cext.py", line 142, in __init__
    self.connect(**kwargs)
  File "/www/wwwroot/coinceeper.com/CC/venv/lib64/python3.9/site-packages/mysql/connector/abstracts.py", line 1604, in connect
    self._open_connection()
  File "/www/wwwroot/coinceeper.com/CC/venv/lib64/python3.9/site-packages/mysql/connector/connection_cext.py", line 360, in _open_connection
    raise get_mysql_exception(
mysql.connector.errors.DatabaseError: 2003 (HY000): Can't connect to MySQL server on 'localhost:3306' (111)

The above exception was the direct cause of the following exception:

Traceback (most recent call last):
  File "/www/wwwroot/coinceeper.com/CC/utils/error_handlers.py", line 119, in decorated_function
    return f(*args, **kwargs)
  File "/www/wwwroot/coinceeper.com/CC/Currencies/All_Currencies.py", line 46, in get_all_currencies
    currencies_query = session.query(
  File "/www/wwwroot/coinceeper.com/CC/venv/lib64/python3.9/site-packages/sqlalchemy/orm/query.py", line 2704, in all
    return self._iter().all()  # type: ignore
  File "/www/wwwroot/coinceeper.com/CC/venv/lib64/python3.9/site-packages/sqlalchemy/orm/query.py", line 2857, in _iter
    result: Union[ScalarResult[_T], Result[_T]] = self.session.execute(
  File "/www/wwwroot/coinceeper.com/CC/venv/lib64/python3.9/site-packages/sqlalchemy/orm/session.py", line 2365, in execute
    return self._execute_internal(
  File "/www/wwwroot/coinceeper.com/CC/venv/lib64/python3.9/site-packages/sqlalchemy/orm/session.py", line 2241, in _execute_internal
    conn = self._connection_for_bind(bind)
  File "/www/wwwroot/coinceeper.com/CC/venv/lib64/python3.9/site-packages/sqlalchemy/orm/session.py", line 2110, in _connection_for_bind
    return trans._connection_for_bind(engine, execution_options)
  File "<string>", line 2, in _connection_for_bind
  File "/www/wwwroot/coinceeper.com/CC/venv/lib64/python3.9/site-packages/sqlalchemy/orm/state_changes.py", line 137, in _go
    ret_value = fn(self, *arg, **kw)
  File "/www/wwwroot/coinceeper.com/CC/venv/lib64/python3.9/site-packages/sqlalchemy/orm/session.py", line 1189, in _connection_for_bind
    conn = bind.connect()
  File "/www/wwwroot/coinceeper.com/CC/venv/lib64/python3.9/site-packages/sqlalchemy/engine/base.py", line 3271, in connect
    return self._connection_cls(self)
  File "/www/wwwroot/coinceeper.com/CC/venv/lib64/python3.9/site-packages/sqlalchemy/engine/base.py", line 145, in __init__
    Connection._handle_dbapi_exception_noconnection(
  File "/www/wwwroot/coinceeper.com/CC/venv/lib64/python3.9/site-packages/sqlalchemy/engine/base.py", line 2434, in _handle_dbapi_exception_noconnection
    raise sqlalchemy_exception.with_traceback(exc_info[2]) from e
  File "/www/wwwroot/coinceeper.com/CC/venv/lib64/python3.9/site-packages/sqlalchemy/engine/base.py", line 143, in __init__
    self._dbapi_connection = engine.raw_connection()
  File "/www/wwwroot/coinceeper.com/CC/venv/lib64/python3.9/site-packages/sqlalchemy/engine/base.py", line 3295, in raw_connection
    return self.pool.connect()
  File "/www/wwwroot/coinceeper.com/CC/venv/lib64/python3.9/site-packages/sqlalchemy/pool/base.py", line 447, in connect
    return _ConnectionFairy._checkout(self)
  File "/www/wwwroot/coinceeper.com/CC/venv/lib64/python3.9/site-packages/sqlalchemy/pool/base.py", line 1356, in _checkout
    del fairy
  File "/www/wwwroot/coinceeper.com/CC/venv/lib64/python3.9/site-packages/sqlalchemy/util/langhelpers.py", line 224, in __exit__
    raise exc_value.with_traceback(exc_tb)
  File "/www/wwwroot/coinceeper.com/CC/venv/lib64/python3.9/site-packages/sqlalchemy/pool/base.py", line 1342, in _checkout
    fairy._connection_record.get_connection()
  File "/www/wwwroot/coinceeper.com/CC/venv/lib64/python3.9/site-packages/sqlalchemy/pool/base.py", line 836, in get_connection
    self.__connect()
  File "/www/wwwroot/coinceeper.com/CC/venv/lib64/python3.9/site-packages/sqlalchemy/pool/base.py", line 900, in __connect
    pool.logger.debug("Error on connect(): %s", e)
  File "/www/wwwroot/coinceeper.com/CC/venv/lib64/python3.9/site-packages/sqlalchemy/util/langhelpers.py", line 224, in __exit__
    raise exc_value.with_traceback(exc_tb)
  File "/www/wwwroot/coinceeper.com/CC/venv/lib64/python3.9/site-packages/sqlalchemy/pool/base.py", line 895, in __connect
    self.dbapi_connection = connection = pool._invoke_creator(self)
  File "/www/wwwroot/coinceeper.com/CC/venv/lib64/python3.9/site-packages/sqlalchemy/engine/create.py", line 646, in connect
    return dialect.connect(*cargs, **cparams)
  File "/www/wwwroot/coinceeper.com/CC/venv/lib64/python3.9/site-packages/sqlalchemy/engine/default.py", line 626, in connect
    return self.loaded_dbapi.connect(*cargs, **cparams)  # type: ignore[no-any-return]  # NOQA: E501
  File "/www/wwwroot/coinceeper.com/CC/venv/lib64/python3.9/site-packages/mysql/connector/pooling.py", line 322, in connect
    return CMySQLConnection(*args, **kwargs)
  File "/www/wwwroot/coinceeper.com/CC/venv/lib64/python3.9/site-packages/mysql/connector/connection_cext.py", line 142, in __init__
    self.connect(**kwargs)
  File "/www/wwwroot/coinceeper.com/CC/venv/lib64/python3.9/site-packages/mysql/connector/abstracts.py", line 1604, in connect
    self._open_connection()
  File "/www/wwwroot/coinceeper.com/CC/venv/lib64/python3.9/site-packages/mysql/connector/connection_cext.py", line 360, in _open_connection
    raise get_mysql_exception(
sqlalchemy.exc.DatabaseError: (mysql.connector.errors.DatabaseError) 2003 (HY000): Can't connect to MySQL server on 'localhost:3306' (111)
(Background on this error at: https://sqlalche.me/e/20/4xp6)
2025-07-31 15:05:43 - error_handlers - ERROR - Database error: (mysql.connector.errors.DatabaseError) 2003 (HY000): Can't connect to MySQL server on 'localhost:3306' (111)
(Background on this error at: https://sqlalche.me/e/20/4xp6)
Traceback (most recent call last):
  File "/www/wwwroot/coinceeper.com/CC/venv/lib64/python3.9/site-packages/sqlalchemy/pool/base.py", line 1311, in _checkout
    raise exc.InvalidatePoolError()
sqlalchemy.exc.InvalidatePoolError: ()

During handling of the above exception, another exception occurred:

Traceback (most recent call last):
  File "/www/wwwroot/coinceeper.com/CC/venv/lib64/python3.9/site-packages/mysql/connector/connection_cext.py", line 354, in _open_connection
    self._cmysql.connect(**cnx_kwargs)
_mysql_connector.MySQLInterfaceError: Can't connect to MySQL server on 'localhost:3306' (111)

The above exception was the direct cause of the following exception:

Traceback (most recent call last):
  File "/www/wwwroot/coinceeper.com/CC/venv/lib64/python3.9/site-packages/sqlalchemy/engine/base.py", line 143, in __init__
    self._dbapi_connection = engine.raw_connection()
  File "/www/wwwroot/coinceeper.com/CC/venv/lib64/python3.9/site-packages/sqlalchemy/engine/base.py", line 3295, in raw_connection
    return self.pool.connect()
  File "/www/wwwroot/coinceeper.com/CC/venv/lib64/python3.9/site-packages/sqlalchemy/pool/base.py", line 447, in connect
    return _ConnectionFairy._checkout(self)
  File "/www/wwwroot/coinceeper.com/CC/venv/lib64/python3.9/site-packages/sqlalchemy/pool/base.py", line 1356, in _checkout
    del fairy
  File "/www/wwwroot/coinceeper.com/CC/venv/lib64/python3.9/site-packages/sqlalchemy/util/langhelpers.py", line 224, in __exit__
    raise exc_value.with_traceback(exc_tb)
  File "/www/wwwroot/coinceeper.com/CC/venv/lib64/python3.9/site-packages/sqlalchemy/pool/base.py", line 1342, in _checkout
    fairy._connection_record.get_connection()
  File "/www/wwwroot/coinceeper.com/CC/venv/lib64/python3.9/site-packages/sqlalchemy/pool/base.py", line 836, in get_connection
    self.__connect()
  File "/www/wwwroot/coinceeper.com/CC/venv/lib64/python3.9/site-packages/sqlalchemy/pool/base.py", line 900, in __connect
    pool.logger.debug("Error on connect(): %s", e)
  File "/www/wwwroot/coinceeper.com/CC/venv/lib64/python3.9/site-packages/sqlalchemy/util/langhelpers.py", line 224, in __exit__
    raise exc_value.with_traceback(exc_tb)
  File "/www/wwwroot/coinceeper.com/CC/venv/lib64/python3.9/site-packages/sqlalchemy/pool/base.py", line 895, in __connect
    self.dbapi_connection = connection = pool._invoke_creator(self)
  File "/www/wwwroot/coinceeper.com/CC/venv/lib64/python3.9/site-packages/sqlalchemy/engine/create.py", line 646, in connect
    return dialect.connect(*cargs, **cparams)
  File "/www/wwwroot/coinceeper.com/CC/venv/lib64/python3.9/site-packages/sqlalchemy/engine/default.py", line 626, in connect
    return self.loaded_dbapi.connect(*cargs, **cparams)  # type: ignore[no-any-return]  # NOQA: E501
  File "/www/wwwroot/coinceeper.com/CC/venv/lib64/python3.9/site-packages/mysql/connector/pooling.py", line 322, in connect
    return CMySQLConnection(*args, **kwargs)
  File "/www/wwwroot/coinceeper.com/CC/venv/lib64/python3.9/site-packages/mysql/connector/connection_cext.py", line 142, in __init__
    self.connect(**kwargs)
  File "/www/wwwroot/coinceeper.com/CC/venv/lib64/python3.9/site-packages/mysql/connector/abstracts.py", line 1604, in connect
    self._open_connection()
  File "/www/wwwroot/coinceeper.com/CC/venv/lib64/python3.9/site-packages/mysql/connector/connection_cext.py", line 360, in _open_connection
    raise get_mysql_exception(
mysql.connector.errors.DatabaseError: 2003 (HY000): Can't connect to MySQL server on 'localhost:3306' (111)

The above exception was the direct cause of the following exception:

Traceback (most recent call last):
  File "/www/wwwroot/coinceeper.com/CC/utils/error_handlers.py", line 119, in decorated_function
    return f(*args, **kwargs)
  File "/www/wwwroot/coinceeper.com/CC/Currencies/All_Currencies.py", line 46, in get_all_currencies
    currencies_query = session.query(
  File "/www/wwwroot/coinceeper.com/CC/venv/lib64/python3.9/site-packages/sqlalchemy/orm/query.py", line 2704, in all
    return self._iter().all()  # type: ignore
  File "/www/wwwroot/coinceeper.com/CC/venv/lib64/python3.9/site-packages/sqlalchemy/orm/query.py", line 2857, in _iter
    result: Union[ScalarResult[_T], Result[_T]] = self.session.execute(
  File "/www/wwwroot/coinceeper.com/CC/venv/lib64/python3.9/site-packages/sqlalchemy/orm/session.py", line 2365, in execute
    return self._execute_internal(
  File "/www/wwwroot/coinceeper.com/CC/venv/lib64/python3.9/site-packages/sqlalchemy/orm/session.py", line 2241, in _execute_internal
    conn = self._connection_for_bind(bind)
  File "/www/wwwroot/coinceeper.com/CC/venv/lib64/python3.9/site-packages/sqlalchemy/orm/session.py", line 2110, in _connection_for_bind
    return trans._connection_for_bind(engine, execution_options)
  File "<string>", line 2, in _connection_for_bind
  File "/www/wwwroot/coinceeper.com/CC/venv/lib64/python3.9/site-packages/sqlalchemy/orm/state_changes.py", line 137, in _go
    ret_value = fn(self, *arg, **kw)
  File "/www/wwwroot/coinceeper.com/CC/venv/lib64/python3.9/site-packages/sqlalchemy/orm/session.py", line 1189, in _connection_for_bind
    conn = bind.connect()
  File "/www/wwwroot/coinceeper.com/CC/venv/lib64/python3.9/site-packages/sqlalchemy/engine/base.py", line 3271, in connect
    return self._connection_cls(self)
  File "/www/wwwroot/coinceeper.com/CC/venv/lib64/python3.9/site-packages/sqlalchemy/engine/base.py", line 145, in __init__
    Connection._handle_dbapi_exception_noconnection(
  File "/www/wwwroot/coinceeper.com/CC/venv/lib64/python3.9/site-packages/sqlalchemy/engine/base.py", line 2434, in _handle_dbapi_exception_noconnection
    raise sqlalchemy_exception.with_traceback(exc_info[2]) from e
  File "/www/wwwroot/coinceeper.com/CC/venv/lib64/python3.9/site-packages/sqlalchemy/engine/base.py", line 143, in __init__
    self._dbapi_connection = engine.raw_connection()
  File "/www/wwwroot/coinceeper.com/CC/venv/lib64/python3.9/site-packages/sqlalchemy/engine/base.py", line 3295, in raw_connection
    return self.pool.connect()
  File "/www/wwwroot/coinceeper.com/CC/venv/lib64/python3.9/site-packages/sqlalchemy/pool/base.py", line 447, in connect
    return _ConnectionFairy._checkout(self)
  File "/www/wwwroot/coinceeper.com/CC/venv/lib64/python3.9/site-packages/sqlalchemy/pool/base.py", line 1356, in _checkout
    del fairy
  File "/www/wwwroot/coinceeper.com/CC/venv/lib64/python3.9/site-packages/sqlalchemy/util/langhelpers.py", line 224, in __exit__
    raise exc_value.with_traceback(exc_tb)
  File "/www/wwwroot/coinceeper.com/CC/venv/lib64/python3.9/site-packages/sqlalchemy/pool/base.py", line 1342, in _checkout
    fairy._connection_record.get_connection()
  File "/www/wwwroot/coinceeper.com/CC/venv/lib64/python3.9/site-packages/sqlalchemy/pool/base.py", line 836, in get_connection
    self.__connect()
  File "/www/wwwroot/coinceeper.com/CC/venv/lib64/python3.9/site-packages/sqlalchemy/pool/base.py", line 900, in __connect
    pool.logger.debug("Error on connect(): %s", e)
  File "/www/wwwroot/coinceeper.com/CC/venv/lib64/python3.9/site-packages/sqlalchemy/util/langhelpers.py", line 224, in __exit__
    raise exc_value.with_traceback(exc_tb)
  File "/www/wwwroot/coinceeper.com/CC/venv/lib64/python3.9/site-packages/sqlalchemy/pool/base.py", line 895, in __connect
    self.dbapi_connection = connection = pool._invoke_creator(self)
  File "/www/wwwroot/coinceeper.com/CC/venv/lib64/python3.9/site-packages/sqlalchemy/engine/create.py", line 646, in connect
    return dialect.connect(*cargs, **cparams)
  File "/www/wwwroot/coinceeper.com/CC/venv/lib64/python3.9/site-packages/sqlalchemy/engine/default.py", line 626, in connect
    return self.loaded_dbapi.connect(*cargs, **cparams)  # type: ignore[no-any-return]  # NOQA: E501
  File "/www/wwwroot/coinceeper.com/CC/venv/lib64/python3.9/site-packages/mysql/connector/pooling.py", line 322, in connect
    return CMySQLConnection(*args, **kwargs)
  File "/www/wwwroot/coinceeper.com/CC/venv/lib64/python3.9/site-packages/mysql/connector/connection_cext.py", line 142, in __init__
    self.connect(**kwargs)
  File "/www/wwwroot/coinceeper.com/CC/venv/lib64/python3.9/site-packages/mysql/connector/abstracts.py", line 1604, in connect
    self._open_connection()
  File "/www/wwwroot/coinceeper.com/CC/venv/lib64/python3.9/site-packages/mysql/connector/connection_cext.py", line 360, in _open_connection
    raise get_mysql_exception(
sqlalchemy.exc.DatabaseError: (mysql.connector.errors.DatabaseError) 2003 (HY000): Can't connect to MySQL server on 'localhost:3306' (111)
(Background on this error at: https://sqlalche.me/e/20/4xp6)
2025-07-31 15:17:10 - error_handlers - ERROR - Unexpected error: 404 Not Found: The requested URL was not found on the server. If you entered the URL manually please check your spelling and try again.
Traceback (most recent call last):
  File "/www/wwwroot/coinceeper.com/CC/venv/lib64/python3.9/site-packages/flask/app.py", line 917, in full_dispatch_request
    rv = self.dispatch_request()
  File "/www/wwwroot/coinceeper.com/CC/venv/lib64/python3.9/site-packages/flask/app.py", line 891, in dispatch_request
    self.raise_routing_exception(req)
  File "/www/wwwroot/coinceeper.com/CC/venv/lib64/python3.9/site-packages/flask/app.py", line 500, in raise_routing_exception
    raise request.routing_exception  # type: ignore[misc]
  File "/www/wwwroot/coinceeper.com/CC/venv/lib64/python3.9/site-packages/flask/ctx.py", line 362, in match_request
    result = self.url_adapter.match(return_rule=True)  # type: ignore
  File "/www/wwwroot/coinceeper.com/CC/venv/lib64/python3.9/site-packages/werkzeug/routing/map.py", line 629, in match
    raise NotFound() from None
werkzeug.exceptions.NotFound: 404 Not Found: The requested URL was not found on the server. If you entered the URL manually please check your spelling and try again.
2025-07-31 15:17:10 - error_handlers - ERROR - Error traceback: Traceback (most recent call last):
  File "/www/wwwroot/coinceeper.com/CC/venv/lib64/python3.9/site-packages/flask/app.py", line 917, in full_dispatch_request
    rv = self.dispatch_request()
  File "/www/wwwroot/coinceeper.com/CC/venv/lib64/python3.9/site-packages/flask/app.py", line 891, in dispatch_request
    self.raise_routing_exception(req)
  File "/www/wwwroot/coinceeper.com/CC/venv/lib64/python3.9/site-packages/flask/app.py", line 500, in raise_routing_exception
    raise request.routing_exception  # type: ignore[misc]
  File "/www/wwwroot/coinceeper.com/CC/venv/lib64/python3.9/site-packages/flask/ctx.py", line 362, in match_request
    result = self.url_adapter.match(return_rule=True)  # type: ignore
  File "/www/wwwroot/coinceeper.com/CC/venv/lib64/python3.9/site-packages/werkzeug/routing/map.py", line 629, in match
    raise NotFound() from None
werkzeug.exceptions.NotFound: 404 Not Found: The requested URL was not found on the server. If you entered the URL manually please check your spelling and try again.

2025-07-31 15:20:59 - error_handlers - ERROR - Unexpected error: 404 Not Found: The requested URL was not found on the server. If you entered the URL manually please check your spelling and try again.
Traceback (most recent call last):
  File "/www/wwwroot/coinceeper.com/CC/venv/lib64/python3.9/site-packages/flask/app.py", line 917, in full_dispatch_request
    rv = self.dispatch_request()
  File "/www/wwwroot/coinceeper.com/CC/venv/lib64/python3.9/site-packages/flask/app.py", line 891, in dispatch_request
    self.raise_routing_exception(req)
  File "/www/wwwroot/coinceeper.com/CC/venv/lib64/python3.9/site-packages/flask/app.py", line 500, in raise_routing_exception
    raise request.routing_exception  # type: ignore[misc]
  File "/www/wwwroot/coinceeper.com/CC/venv/lib64/python3.9/site-packages/flask/ctx.py", line 362, in match_request
    result = self.url_adapter.match(return_rule=True)  # type: ignore
  File "/www/wwwroot/coinceeper.com/CC/venv/lib64/python3.9/site-packages/werkzeug/routing/map.py", line 629, in match
    raise NotFound() from None
werkzeug.exceptions.NotFound: 404 Not Found: The requested URL was not found on the server. If you entered the URL manually please check your spelling and try again.
2025-07-31 15:20:59 - error_handlers - ERROR - Error traceback: Traceback (most recent call last):
  File "/www/wwwroot/coinceeper.com/CC/venv/lib64/python3.9/site-packages/flask/app.py", line 917, in full_dispatch_request
    rv = self.dispatch_request()
  File "/www/wwwroot/coinceeper.com/CC/venv/lib64/python3.9/site-packages/flask/app.py", line 891, in dispatch_request
    self.raise_routing_exception(req)
  File "/www/wwwroot/coinceeper.com/CC/venv/lib64/python3.9/site-packages/flask/app.py", line 500, in raise_routing_exception
    raise request.routing_exception  # type: ignore[misc]
  File "/www/wwwroot/coinceeper.com/CC/venv/lib64/python3.9/site-packages/flask/ctx.py", line 362, in match_request
    result = self.url_adapter.match(return_rule=True)  # type: ignore
  File "/www/wwwroot/coinceeper.com/CC/venv/lib64/python3.9/site-packages/werkzeug/routing/map.py", line 629, in match
    raise NotFound() from None
werkzeug.exceptions.NotFound: 404 Not Found: The requested URL was not found on the server. If you entered the URL manually please check your spelling and try again.

2025-07-31 15:24:15 - error_handlers - ERROR - Unexpected error: 404 Not Found: The requested URL was not found on the server. If you entered the URL manually please check your spelling and try again.
Traceback (most recent call last):
  File "/www/wwwroot/coinceeper.com/CC/venv/lib64/python3.9/site-packages/flask/app.py", line 917, in full_dispatch_request
    rv = self.dispatch_request()
  File "/www/wwwroot/coinceeper.com/CC/venv/lib64/python3.9/site-packages/flask/app.py", line 891, in dispatch_request
    self.raise_routing_exception(req)
  File "/www/wwwroot/coinceeper.com/CC/venv/lib64/python3.9/site-packages/flask/app.py", line 500, in raise_routing_exception
    raise request.routing_exception  # type: ignore[misc]
  File "/www/wwwroot/coinceeper.com/CC/venv/lib64/python3.9/site-packages/flask/ctx.py", line 362, in match_request
    result = self.url_adapter.match(return_rule=True)  # type: ignore
  File "/www/wwwroot/coinceeper.com/CC/venv/lib64/python3.9/site-packages/werkzeug/routing/map.py", line 629, in match
    raise NotFound() from None
werkzeug.exceptions.NotFound: 404 Not Found: The requested URL was not found on the server. If you entered the URL manually please check your spelling and try again.
2025-07-31 15:24:15 - error_handlers - ERROR - Error traceback: Traceback (most recent call last):
  File "/www/wwwroot/coinceeper.com/CC/venv/lib64/python3.9/site-packages/flask/app.py", line 917, in full_dispatch_request
    rv = self.dispatch_request()
  File "/www/wwwroot/coinceeper.com/CC/venv/lib64/python3.9/site-packages/flask/app.py", line 891, in dispatch_request
    self.raise_routing_exception(req)
  File "/www/wwwroot/coinceeper.com/CC/venv/lib64/python3.9/site-packages/flask/app.py", line 500, in raise_routing_exception
    raise request.routing_exception  # type: ignore[misc]
  File "/www/wwwroot/coinceeper.com/CC/venv/lib64/python3.9/site-packages/flask/ctx.py", line 362, in match_request
    result = self.url_adapter.match(return_rule=True)  # type: ignore
  File "/www/wwwroot/coinceeper.com/CC/venv/lib64/python3.9/site-packages/werkzeug/routing/map.py", line 629, in match
    raise NotFound() from None
werkzeug.exceptions.NotFound: 404 Not Found: The requested URL was not found on the server. If you entered the URL manually please check your spelling and try again.

2025-07-31 16:02:06 - error_handlers - ERROR - Unexpected error: 404 Not Found: The requested URL was not found on the server. If you entered the URL manually please check your spelling and try again.
Traceback (most recent call last):
  File "/www/wwwroot/coinceeper.com/CC/venv/lib64/python3.9/site-packages/flask/app.py", line 917, in full_dispatch_request
    rv = self.dispatch_request()
  File "/www/wwwroot/coinceeper.com/CC/venv/lib64/python3.9/site-packages/flask/app.py", line 891, in dispatch_request
    self.raise_routing_exception(req)
  File "/www/wwwroot/coinceeper.com/CC/venv/lib64/python3.9/site-packages/flask/app.py", line 500, in raise_routing_exception
    raise request.routing_exception  # type: ignore[misc]
  File "/www/wwwroot/coinceeper.com/CC/venv/lib64/python3.9/site-packages/flask/ctx.py", line 362, in match_request
    result = self.url_adapter.match(return_rule=True)  # type: ignore
  File "/www/wwwroot/coinceeper.com/CC/venv/lib64/python3.9/site-packages/werkzeug/routing/map.py", line 629, in match
    raise NotFound() from None
werkzeug.exceptions.NotFound: 404 Not Found: The requested URL was not found on the server. If you entered the URL manually please check your spelling and try again.
2025-07-31 16:02:06 - error_handlers - ERROR - Error traceback: Traceback (most recent call last):
  File "/www/wwwroot/coinceeper.com/CC/venv/lib64/python3.9/site-packages/flask/app.py", line 917, in full_dispatch_request
    rv = self.dispatch_request()
  File "/www/wwwroot/coinceeper.com/CC/venv/lib64/python3.9/site-packages/flask/app.py", line 891, in dispatch_request
    self.raise_routing_exception(req)
  File "/www/wwwroot/coinceeper.com/CC/venv/lib64/python3.9/site-packages/flask/app.py", line 500, in raise_routing_exception
    raise request.routing_exception  # type: ignore[misc]
  File "/www/wwwroot/coinceeper.com/CC/venv/lib64/python3.9/site-packages/flask/ctx.py", line 362, in match_request
    result = self.url_adapter.match(return_rule=True)  # type: ignore
  File "/www/wwwroot/coinceeper.com/CC/venv/lib64/python3.9/site-packages/werkzeug/routing/map.py", line 629, in match
    raise NotFound() from None
werkzeug.exceptions.NotFound: 404 Not Found: The requested URL was not found on the server. If you entered the URL manually please check your spelling and try again.

2025-07-31 16:11:55 - error_handlers - ERROR - Error in get_all_currencies: (mysql.connector.errors.OperationalError) MySQL Connection not available.
[SQL: SELECT currencies.`CurrencyID` AS `currencies_CurrencyID`, currencies.`CurrencyName` AS `currencies_CurrencyName`, currencies.`Icon` AS `currencies_Icon`, currencies.`Symbol` AS `currencies_Symbol`, currencies.`BlockchainID` AS `currencies_BlockchainID`, currencies.`DecimalPlaces` AS `currencies_DecimalPlaces`, currencies.`IsToken` AS `currencies_IsToken`, currencies.`SmartContractAddress` AS `currencies_SmartContractAddress`, currencies.`CreatedAt` AS `currencies_CreatedAt`, currencies.`UpdatedAt` AS `currencies_UpdatedAt`, currencies.`CMC_ID` AS `currencies_CMC_ID`, blockchains.`BlockchainName` AS `blockchains_BlockchainName` 
FROM currencies INNER JOIN blockchains ON currencies.`BlockchainID` = blockchains.`BlockchainID`]
[parameters: [{}]]
(Background on this error at: https://sqlalche.me/e/20/e3q8)
Traceback (most recent call last):
  File "/www/wwwroot/coinceeper.com/CC/venv/lib64/python3.9/site-packages/sqlalchemy/engine/base.py", line 1809, in _execute_context
    context = constructor(
  File "/www/wwwroot/coinceeper.com/CC/venv/lib64/python3.9/site-packages/sqlalchemy/engine/default.py", line 1428, in _init_compiled
    self.cursor = self.create_cursor()
  File "/www/wwwroot/coinceeper.com/CC/venv/lib64/python3.9/site-packages/sqlalchemy/engine/default.py", line 1767, in create_cursor
    return self.create_default_cursor()
  File "/www/wwwroot/coinceeper.com/CC/venv/lib64/python3.9/site-packages/sqlalchemy/dialects/mysql/mysqlconnector.py", line 88, in create_default_cursor
    return self._dbapi_connection.cursor(buffered=True)
  File "/www/wwwroot/coinceeper.com/CC/venv/lib64/python3.9/site-packages/sqlalchemy/pool/base.py", line 1486, in cursor
    return self.dbapi_connection.cursor(*args, **kwargs)
  File "/www/wwwroot/coinceeper.com/CC/venv/lib64/python3.9/site-packages/mysql/connector/connection_cext.py", line 841, in cursor
    raise OperationalError("MySQL Connection not available.")
mysql.connector.errors.OperationalError: MySQL Connection not available.

The above exception was the direct cause of the following exception:

Traceback (most recent call last):
  File "/www/wwwroot/coinceeper.com/CC/utils/error_handlers.py", line 119, in decorated_function
    return f(*args, **kwargs)
  File "/www/wwwroot/coinceeper.com/CC/Currencies/All_Currencies.py", line 46, in get_all_currencies
    currencies_query = session.query(
  File "/www/wwwroot/coinceeper.com/CC/venv/lib64/python3.9/site-packages/sqlalchemy/orm/query.py", line 2704, in all
    return self._iter().all()  # type: ignore
  File "/www/wwwroot/coinceeper.com/CC/venv/lib64/python3.9/site-packages/sqlalchemy/orm/query.py", line 2857, in _iter
    result: Union[ScalarResult[_T], Result[_T]] = self.session.execute(
  File "/www/wwwroot/coinceeper.com/CC/venv/lib64/python3.9/site-packages/sqlalchemy/orm/session.py", line 2365, in execute
    return self._execute_internal(
  File "/www/wwwroot/coinceeper.com/CC/venv/lib64/python3.9/site-packages/sqlalchemy/orm/session.py", line 2251, in _execute_internal
    result: Result[Any] = compile_state_cls.orm_execute_statement(
  File "/www/wwwroot/coinceeper.com/CC/venv/lib64/python3.9/site-packages/sqlalchemy/orm/context.py", line 306, in orm_execute_statement
    result = conn.execute(
  File "/www/wwwroot/coinceeper.com/CC/venv/lib64/python3.9/site-packages/sqlalchemy/engine/base.py", line 1413, in execute
    return meth(
  File "/www/wwwroot/coinceeper.com/CC/venv/lib64/python3.9/site-packages/sqlalchemy/sql/elements.py", line 526, in _execute_on_connection
    return connection._execute_clauseelement(
  File "/www/wwwroot/coinceeper.com/CC/venv/lib64/python3.9/site-packages/sqlalchemy/engine/base.py", line 1635, in _execute_clauseelement
    ret = self._execute_context(
  File "/www/wwwroot/coinceeper.com/CC/venv/lib64/python3.9/site-packages/sqlalchemy/engine/base.py", line 1815, in _execute_context
    self._handle_dbapi_exception(
  File "/www/wwwroot/coinceeper.com/CC/venv/lib64/python3.9/site-packages/sqlalchemy/engine/base.py", line 2349, in _handle_dbapi_exception
    raise sqlalchemy_exception.with_traceback(exc_info[2]) from e
  File "/www/wwwroot/coinceeper.com/CC/venv/lib64/python3.9/site-packages/sqlalchemy/engine/base.py", line 1809, in _execute_context
    context = constructor(
  File "/www/wwwroot/coinceeper.com/CC/venv/lib64/python3.9/site-packages/sqlalchemy/engine/default.py", line 1428, in _init_compiled
    self.cursor = self.create_cursor()
  File "/www/wwwroot/coinceeper.com/CC/venv/lib64/python3.9/site-packages/sqlalchemy/engine/default.py", line 1767, in create_cursor
    return self.create_default_cursor()
  File "/www/wwwroot/coinceeper.com/CC/venv/lib64/python3.9/site-packages/sqlalchemy/dialects/mysql/mysqlconnector.py", line 88, in create_default_cursor
    return self._dbapi_connection.cursor(buffered=True)
  File "/www/wwwroot/coinceeper.com/CC/venv/lib64/python3.9/site-packages/sqlalchemy/pool/base.py", line 1486, in cursor
    return self.dbapi_connection.cursor(*args, **kwargs)
  File "/www/wwwroot/coinceeper.com/CC/venv/lib64/python3.9/site-packages/mysql/connector/connection_cext.py", line 841, in cursor
    raise OperationalError("MySQL Connection not available.")
sqlalchemy.exc.OperationalError: (mysql.connector.errors.OperationalError) MySQL Connection not available.
[SQL: SELECT currencies.`CurrencyID` AS `currencies_CurrencyID`, currencies.`CurrencyName` AS `currencies_CurrencyName`, currencies.`Icon` AS `currencies_Icon`, currencies.`Symbol` AS `currencies_Symbol`, currencies.`BlockchainID` AS `currencies_BlockchainID`, currencies.`DecimalPlaces` AS `currencies_DecimalPlaces`, currencies.`IsToken` AS `currencies_IsToken`, currencies.`SmartContractAddress` AS `currencies_SmartContractAddress`, currencies.`CreatedAt` AS `currencies_CreatedAt`, currencies.`UpdatedAt` AS `currencies_UpdatedAt`, currencies.`CMC_ID` AS `currencies_CMC_ID`, blockchains.`BlockchainName` AS `blockchains_BlockchainName` 
FROM currencies INNER JOIN blockchains ON currencies.`BlockchainID` = blockchains.`BlockchainID`]
[parameters: [{}]]
(Background on this error at: https://sqlalche.me/e/20/e3q8)
2025-07-31 16:11:55 - error_handlers - ERROR - Database connection error: (mysql.connector.errors.OperationalError) MySQL Connection not available.
[SQL: SELECT currencies.`CurrencyID` AS `currencies_CurrencyID`, currencies.`CurrencyName` AS `currencies_CurrencyName`, currencies.`Icon` AS `currencies_Icon`, currencies.`Symbol` AS `currencies_Symbol`, currencies.`BlockchainID` AS `currencies_BlockchainID`, currencies.`DecimalPlaces` AS `currencies_DecimalPlaces`, currencies.`IsToken` AS `currencies_IsToken`, currencies.`SmartContractAddress` AS `currencies_SmartContractAddress`, currencies.`CreatedAt` AS `currencies_CreatedAt`, currencies.`UpdatedAt` AS `currencies_UpdatedAt`, currencies.`CMC_ID` AS `currencies_CMC_ID`, blockchains.`BlockchainName` AS `blockchains_BlockchainName` 
FROM currencies INNER JOIN blockchains ON currencies.`BlockchainID` = blockchains.`BlockchainID`]
[parameters: [{}]]
(Background on this error at: https://sqlalche.me/e/20/e3q8)
Traceback (most recent call last):
  File "/www/wwwroot/coinceeper.com/CC/venv/lib64/python3.9/site-packages/sqlalchemy/engine/base.py", line 1809, in _execute_context
    context = constructor(
  File "/www/wwwroot/coinceeper.com/CC/venv/lib64/python3.9/site-packages/sqlalchemy/engine/default.py", line 1428, in _init_compiled
    self.cursor = self.create_cursor()
  File "/www/wwwroot/coinceeper.com/CC/venv/lib64/python3.9/site-packages/sqlalchemy/engine/default.py", line 1767, in create_cursor
    return self.create_default_cursor()
  File "/www/wwwroot/coinceeper.com/CC/venv/lib64/python3.9/site-packages/sqlalchemy/dialects/mysql/mysqlconnector.py", line 88, in create_default_cursor
    return self._dbapi_connection.cursor(buffered=True)
  File "/www/wwwroot/coinceeper.com/CC/venv/lib64/python3.9/site-packages/sqlalchemy/pool/base.py", line 1486, in cursor
    return self.dbapi_connection.cursor(*args, **kwargs)
  File "/www/wwwroot/coinceeper.com/CC/venv/lib64/python3.9/site-packages/mysql/connector/connection_cext.py", line 841, in cursor
    raise OperationalError("MySQL Connection not available.")
mysql.connector.errors.OperationalError: MySQL Connection not available.

The above exception was the direct cause of the following exception:

Traceback (most recent call last):
  File "/www/wwwroot/coinceeper.com/CC/utils/error_handlers.py", line 119, in decorated_function
    return f(*args, **kwargs)
  File "/www/wwwroot/coinceeper.com/CC/Currencies/All_Currencies.py", line 46, in get_all_currencies
    currencies_query = session.query(
  File "/www/wwwroot/coinceeper.com/CC/venv/lib64/python3.9/site-packages/sqlalchemy/orm/query.py", line 2704, in all
    return self._iter().all()  # type: ignore
  File "/www/wwwroot/coinceeper.com/CC/venv/lib64/python3.9/site-packages/sqlalchemy/orm/query.py", line 2857, in _iter
    result: Union[ScalarResult[_T], Result[_T]] = self.session.execute(
  File "/www/wwwroot/coinceeper.com/CC/venv/lib64/python3.9/site-packages/sqlalchemy/orm/session.py", line 2365, in execute
    return self._execute_internal(
  File "/www/wwwroot/coinceeper.com/CC/venv/lib64/python3.9/site-packages/sqlalchemy/orm/session.py", line 2251, in _execute_internal
    result: Result[Any] = compile_state_cls.orm_execute_statement(
  File "/www/wwwroot/coinceeper.com/CC/venv/lib64/python3.9/site-packages/sqlalchemy/orm/context.py", line 306, in orm_execute_statement
    result = conn.execute(
  File "/www/wwwroot/coinceeper.com/CC/venv/lib64/python3.9/site-packages/sqlalchemy/engine/base.py", line 1413, in execute
    return meth(
  File "/www/wwwroot/coinceeper.com/CC/venv/lib64/python3.9/site-packages/sqlalchemy/sql/elements.py", line 526, in _execute_on_connection
    return connection._execute_clauseelement(
  File "/www/wwwroot/coinceeper.com/CC/venv/lib64/python3.9/site-packages/sqlalchemy/engine/base.py", line 1635, in _execute_clauseelement
    ret = self._execute_context(
  File "/www/wwwroot/coinceeper.com/CC/venv/lib64/python3.9/site-packages/sqlalchemy/engine/base.py", line 1815, in _execute_context
    self._handle_dbapi_exception(
  File "/www/wwwroot/coinceeper.com/CC/venv/lib64/python3.9/site-packages/sqlalchemy/engine/base.py", line 2349, in _handle_dbapi_exception
    raise sqlalchemy_exception.with_traceback(exc_info[2]) from e
  File "/www/wwwroot/coinceeper.com/CC/venv/lib64/python3.9/site-packages/sqlalchemy/engine/base.py", line 1809, in _execute_context
    context = constructor(
  File "/www/wwwroot/coinceeper.com/CC/venv/lib64/python3.9/site-packages/sqlalchemy/engine/default.py", line 1428, in _init_compiled
    self.cursor = self.create_cursor()
  File "/www/wwwroot/coinceeper.com/CC/venv/lib64/python3.9/site-packages/sqlalchemy/engine/default.py", line 1767, in create_cursor
    return self.create_default_cursor()
  File "/www/wwwroot/coinceeper.com/CC/venv/lib64/python3.9/site-packages/sqlalchemy/dialects/mysql/mysqlconnector.py", line 88, in create_default_cursor
    return self._dbapi_connection.cursor(buffered=True)
  File "/www/wwwroot/coinceeper.com/CC/venv/lib64/python3.9/site-packages/sqlalchemy/pool/base.py", line 1486, in cursor
    return self.dbapi_connection.cursor(*args, **kwargs)
  File "/www/wwwroot/coinceeper.com/CC/venv/lib64/python3.9/site-packages/mysql/connector/connection_cext.py", line 841, in cursor
    raise OperationalError("MySQL Connection not available.")
sqlalchemy.exc.OperationalError: (mysql.connector.errors.OperationalError) MySQL Connection not available.
[SQL: SELECT currencies.`CurrencyID` AS `currencies_CurrencyID`, currencies.`CurrencyName` AS `currencies_CurrencyName`, currencies.`Icon` AS `currencies_Icon`, currencies.`Symbol` AS `currencies_Symbol`, currencies.`BlockchainID` AS `currencies_BlockchainID`, currencies.`DecimalPlaces` AS `currencies_DecimalPlaces`, currencies.`IsToken` AS `currencies_IsToken`, currencies.`SmartContractAddress` AS `currencies_SmartContractAddress`, currencies.`CreatedAt` AS `currencies_CreatedAt`, currencies.`UpdatedAt` AS `currencies_UpdatedAt`, currencies.`CMC_ID` AS `currencies_CMC_ID`, blockchains.`BlockchainName` AS `blockchains_BlockchainName` 
FROM currencies INNER JOIN blockchains ON currencies.`BlockchainID` = blockchains.`BlockchainID`]
[parameters: [{}]]
(Background on this error at: https://sqlalche.me/e/20/e3q8)
2025-07-31 16:38:15 - error_handlers - ERROR - Unexpected error: 404 Not Found: The requested URL was not found on the server. If you entered the URL manually please check your spelling and try again.
Traceback (most recent call last):
  File "/www/wwwroot/coinceeper.com/CC/venv/lib64/python3.9/site-packages/flask/app.py", line 917, in full_dispatch_request
    rv = self.dispatch_request()
  File "/www/wwwroot/coinceeper.com/CC/venv/lib64/python3.9/site-packages/flask/app.py", line 891, in dispatch_request
    self.raise_routing_exception(req)
  File "/www/wwwroot/coinceeper.com/CC/venv/lib64/python3.9/site-packages/flask/app.py", line 500, in raise_routing_exception
    raise request.routing_exception  # type: ignore[misc]
  File "/www/wwwroot/coinceeper.com/CC/venv/lib64/python3.9/site-packages/flask/ctx.py", line 362, in match_request
    result = self.url_adapter.match(return_rule=True)  # type: ignore
  File "/www/wwwroot/coinceeper.com/CC/venv/lib64/python3.9/site-packages/werkzeug/routing/map.py", line 629, in match
    raise NotFound() from None
werkzeug.exceptions.NotFound: 404 Not Found: The requested URL was not found on the server. If you entered the URL manually please check your spelling and try again.
2025-07-31 16:38:15 - error_handlers - ERROR - Error traceback: Traceback (most recent call last):
  File "/www/wwwroot/coinceeper.com/CC/venv/lib64/python3.9/site-packages/flask/app.py", line 917, in full_dispatch_request
    rv = self.dispatch_request()
  File "/www/wwwroot/coinceeper.com/CC/venv/lib64/python3.9/site-packages/flask/app.py", line 891, in dispatch_request
    self.raise_routing_exception(req)
  File "/www/wwwroot/coinceeper.com/CC/venv/lib64/python3.9/site-packages/flask/app.py", line 500, in raise_routing_exception
    raise request.routing_exception  # type: ignore[misc]
  File "/www/wwwroot/coinceeper.com/CC/venv/lib64/python3.9/site-packages/flask/ctx.py", line 362, in match_request
    result = self.url_adapter.match(return_rule=True)  # type: ignore
  File "/www/wwwroot/coinceeper.com/CC/venv/lib64/python3.9/site-packages/werkzeug/routing/map.py", line 629, in match
    raise NotFound() from None
werkzeug.exceptions.NotFound: 404 Not Found: The requested URL was not found on the server. If you entered the URL manually please check your spelling and try again.

2025-07-31 16:38:16 - error_handlers - ERROR - Unexpected error: 404 Not Found: The requested URL was not found on the server. If you entered the URL manually please check your spelling and try again.
Traceback (most recent call last):
  File "/www/wwwroot/coinceeper.com/CC/venv/lib64/python3.9/site-packages/flask/app.py", line 917, in full_dispatch_request
    rv = self.dispatch_request()
  File "/www/wwwroot/coinceeper.com/CC/venv/lib64/python3.9/site-packages/flask/app.py", line 891, in dispatch_request
    self.raise_routing_exception(req)
  File "/www/wwwroot/coinceeper.com/CC/venv/lib64/python3.9/site-packages/flask/app.py", line 500, in raise_routing_exception
    raise request.routing_exception  # type: ignore[misc]
  File "/www/wwwroot/coinceeper.com/CC/venv/lib64/python3.9/site-packages/flask/ctx.py", line 362, in match_request
    result = self.url_adapter.match(return_rule=True)  # type: ignore
  File "/www/wwwroot/coinceeper.com/CC/venv/lib64/python3.9/site-packages/werkzeug/routing/map.py", line 629, in match
    raise NotFound() from None
werkzeug.exceptions.NotFound: 404 Not Found: The requested URL was not found on the server. If you entered the URL manually please check your spelling and try again.
2025-07-31 16:38:16 - error_handlers - ERROR - Error traceback: Traceback (most recent call last):
  File "/www/wwwroot/coinceeper.com/CC/venv/lib64/python3.9/site-packages/flask/app.py", line 917, in full_dispatch_request
    rv = self.dispatch_request()
  File "/www/wwwroot/coinceeper.com/CC/venv/lib64/python3.9/site-packages/flask/app.py", line 891, in dispatch_request
    self.raise_routing_exception(req)
  File "/www/wwwroot/coinceeper.com/CC/venv/lib64/python3.9/site-packages/flask/app.py", line 500, in raise_routing_exception
    raise request.routing_exception  # type: ignore[misc]
  File "/www/wwwroot/coinceeper.com/CC/venv/lib64/python3.9/site-packages/flask/ctx.py", line 362, in match_request
    result = self.url_adapter.match(return_rule=True)  # type: ignore
  File "/www/wwwroot/coinceeper.com/CC/venv/lib64/python3.9/site-packages/werkzeug/routing/map.py", line 629, in match
    raise NotFound() from None
werkzeug.exceptions.NotFound: 404 Not Found: The requested URL was not found on the server. If you entered the URL manually please check your spelling and try again.

2025-07-31 16:38:16 - error_handlers - ERROR - Unexpected error: 404 Not Found: The requested URL was not found on the server. If you entered the URL manually please check your spelling and try again.
Traceback (most recent call last):
  File "/www/wwwroot/coinceeper.com/CC/venv/lib64/python3.9/site-packages/flask/app.py", line 917, in full_dispatch_request
    rv = self.dispatch_request()
  File "/www/wwwroot/coinceeper.com/CC/venv/lib64/python3.9/site-packages/flask/app.py", line 891, in dispatch_request
    self.raise_routing_exception(req)
  File "/www/wwwroot/coinceeper.com/CC/venv/lib64/python3.9/site-packages/flask/app.py", line 500, in raise_routing_exception
    raise request.routing_exception  # type: ignore[misc]
  File "/www/wwwroot/coinceeper.com/CC/venv/lib64/python3.9/site-packages/flask/ctx.py", line 362, in match_request
    result = self.url_adapter.match(return_rule=True)  # type: ignore
  File "/www/wwwroot/coinceeper.com/CC/venv/lib64/python3.9/site-packages/werkzeug/routing/map.py", line 629, in match
    raise NotFound() from None
werkzeug.exceptions.NotFound: 404 Not Found: The requested URL was not found on the server. If you entered the URL manually please check your spelling and try again.
2025-07-31 16:38:16 - error_handlers - ERROR - Error traceback: Traceback (most recent call last):
  File "/www/wwwroot/coinceeper.com/CC/venv/lib64/python3.9/site-packages/flask/app.py", line 917, in full_dispatch_request
    rv = self.dispatch_request()
  File "/www/wwwroot/coinceeper.com/CC/venv/lib64/python3.9/site-packages/flask/app.py", line 891, in dispatch_request
    self.raise_routing_exception(req)
  File "/www/wwwroot/coinceeper.com/CC/venv/lib64/python3.9/site-packages/flask/app.py", line 500, in raise_routing_exception
    raise request.routing_exception  # type: ignore[misc]
  File "/www/wwwroot/coinceeper.com/CC/venv/lib64/python3.9/site-packages/flask/ctx.py", line 362, in match_request
    result = self.url_adapter.match(return_rule=True)  # type: ignore
  File "/www/wwwroot/coinceeper.com/CC/venv/lib64/python3.9/site-packages/werkzeug/routing/map.py", line 629, in match
    raise NotFound() from None
werkzeug.exceptions.NotFound: 404 Not Found: The requested URL was not found on the server. If you entered the URL manually please check your spelling and try again.

2025-07-31 16:38:22 - error_handlers - ERROR - Unexpected error: 404 Not Found: The requested URL was not found on the server. If you entered the URL manually please check your spelling and try again.
Traceback (most recent call last):
  File "/www/wwwroot/coinceeper.com/CC/venv/lib64/python3.9/site-packages/flask/app.py", line 917, in full_dispatch_request
    rv = self.dispatch_request()
  File "/www/wwwroot/coinceeper.com/CC/venv/lib64/python3.9/site-packages/flask/app.py", line 891, in dispatch_request
    self.raise_routing_exception(req)
  File "/www/wwwroot/coinceeper.com/CC/venv/lib64/python3.9/site-packages/flask/app.py", line 500, in raise_routing_exception
    raise request.routing_exception  # type: ignore[misc]
  File "/www/wwwroot/coinceeper.com/CC/venv/lib64/python3.9/site-packages/flask/ctx.py", line 362, in match_request
    result = self.url_adapter.match(return_rule=True)  # type: ignore
  File "/www/wwwroot/coinceeper.com/CC/venv/lib64/python3.9/site-packages/werkzeug/routing/map.py", line 629, in match
    raise NotFound() from None
werkzeug.exceptions.NotFound: 404 Not Found: The requested URL was not found on the server. If you entered the URL manually please check your spelling and try again.
2025-07-31 16:38:22 - error_handlers - ERROR - Error traceback: Traceback (most recent call last):
  File "/www/wwwroot/coinceeper.com/CC/venv/lib64/python3.9/site-packages/flask/app.py", line 917, in full_dispatch_request
    rv = self.dispatch_request()
  File "/www/wwwroot/coinceeper.com/CC/venv/lib64/python3.9/site-packages/flask/app.py", line 891, in dispatch_request
    self.raise_routing_exception(req)
  File "/www/wwwroot/coinceeper.com/CC/venv/lib64/python3.9/site-packages/flask/app.py", line 500, in raise_routing_exception
    raise request.routing_exception  # type: ignore[misc]
  File "/www/wwwroot/coinceeper.com/CC/venv/lib64/python3.9/site-packages/flask/ctx.py", line 362, in match_request
    result = self.url_adapter.match(return_rule=True)  # type: ignore
  File "/www/wwwroot/coinceeper.com/CC/venv/lib64/python3.9/site-packages/werkzeug/routing/map.py", line 629, in match
    raise NotFound() from None
werkzeug.exceptions.NotFound: 404 Not Found: The requested URL was not found on the server. If you entered the URL manually please check your spelling and try again.

2025-07-31 17:28:40 - error_handlers - ERROR - Error in get_all_currencies: (mysql.connector.errors.DatabaseError) 2003 (HY000): Can't connect to MySQL server on 'localhost:3306' (111)
(Background on this error at: https://sqlalche.me/e/20/4xp6)
Traceback (most recent call last):
  File "/www/wwwroot/coinceeper.com/CC/venv/lib64/python3.9/site-packages/mysql/connector/connection_cext.py", line 354, in _open_connection
    self._cmysql.connect(**cnx_kwargs)
_mysql_connector.MySQLInterfaceError: Can't connect to MySQL server on 'localhost:3306' (111)

The above exception was the direct cause of the following exception:

Traceback (most recent call last):
  File "/www/wwwroot/coinceeper.com/CC/venv/lib64/python3.9/site-packages/sqlalchemy/engine/base.py", line 143, in __init__
    self._dbapi_connection = engine.raw_connection()
  File "/www/wwwroot/coinceeper.com/CC/venv/lib64/python3.9/site-packages/sqlalchemy/engine/base.py", line 3295, in raw_connection
    return self.pool.connect()
  File "/www/wwwroot/coinceeper.com/CC/venv/lib64/python3.9/site-packages/sqlalchemy/pool/base.py", line 447, in connect
    return _ConnectionFairy._checkout(self)
  File "/www/wwwroot/coinceeper.com/CC/venv/lib64/python3.9/site-packages/sqlalchemy/pool/base.py", line 1264, in _checkout
    fairy = _ConnectionRecord.checkout(pool)
  File "/www/wwwroot/coinceeper.com/CC/venv/lib64/python3.9/site-packages/sqlalchemy/pool/base.py", line 717, in checkout
    rec._checkin_failed(err, _fairy_was_created=False)
  File "/www/wwwroot/coinceeper.com/CC/venv/lib64/python3.9/site-packages/sqlalchemy/util/langhelpers.py", line 224, in __exit__
    raise exc_value.with_traceback(exc_tb)
  File "/www/wwwroot/coinceeper.com/CC/venv/lib64/python3.9/site-packages/sqlalchemy/pool/base.py", line 714, in checkout
    dbapi_connection = rec.get_connection()
  File "/www/wwwroot/coinceeper.com/CC/venv/lib64/python3.9/site-packages/sqlalchemy/pool/base.py", line 865, in get_connection
    self.__connect()
  File "/www/wwwroot/coinceeper.com/CC/venv/lib64/python3.9/site-packages/sqlalchemy/pool/base.py", line 900, in __connect
    pool.logger.debug("Error on connect(): %s", e)
  File "/www/wwwroot/coinceeper.com/CC/venv/lib64/python3.9/site-packages/sqlalchemy/util/langhelpers.py", line 224, in __exit__
    raise exc_value.with_traceback(exc_tb)
  File "/www/wwwroot/coinceeper.com/CC/venv/lib64/python3.9/site-packages/sqlalchemy/pool/base.py", line 895, in __connect
    self.dbapi_connection = connection = pool._invoke_creator(self)
  File "/www/wwwroot/coinceeper.com/CC/venv/lib64/python3.9/site-packages/sqlalchemy/engine/create.py", line 646, in connect
    return dialect.connect(*cargs, **cparams)
  File "/www/wwwroot/coinceeper.com/CC/venv/lib64/python3.9/site-packages/sqlalchemy/engine/default.py", line 626, in connect
    return self.loaded_dbapi.connect(*cargs, **cparams)  # type: ignore[no-any-return]  # NOQA: E501
  File "/www/wwwroot/coinceeper.com/CC/venv/lib64/python3.9/site-packages/mysql/connector/pooling.py", line 322, in connect
    return CMySQLConnection(*args, **kwargs)
  File "/www/wwwroot/coinceeper.com/CC/venv/lib64/python3.9/site-packages/mysql/connector/connection_cext.py", line 142, in __init__
    self.connect(**kwargs)
  File "/www/wwwroot/coinceeper.com/CC/venv/lib64/python3.9/site-packages/mysql/connector/abstracts.py", line 1604, in connect
    self._open_connection()
  File "/www/wwwroot/coinceeper.com/CC/venv/lib64/python3.9/site-packages/mysql/connector/connection_cext.py", line 360, in _open_connection
    raise get_mysql_exception(
mysql.connector.errors.DatabaseError: 2003 (HY000): Can't connect to MySQL server on 'localhost:3306' (111)

The above exception was the direct cause of the following exception:

Traceback (most recent call last):
  File "/www/wwwroot/coinceeper.com/CC/utils/error_handlers.py", line 119, in decorated_function
    return f(*args, **kwargs)
  File "/www/wwwroot/coinceeper.com/CC/Currencies/All_Currencies.py", line 46, in get_all_currencies
    currencies_query = session.query(
  File "/www/wwwroot/coinceeper.com/CC/venv/lib64/python3.9/site-packages/sqlalchemy/orm/query.py", line 2704, in all
    return self._iter().all()  # type: ignore
  File "/www/wwwroot/coinceeper.com/CC/venv/lib64/python3.9/site-packages/sqlalchemy/orm/query.py", line 2857, in _iter
    result: Union[ScalarResult[_T], Result[_T]] = self.session.execute(
  File "/www/wwwroot/coinceeper.com/CC/venv/lib64/python3.9/site-packages/sqlalchemy/orm/session.py", line 2365, in execute
    return self._execute_internal(
  File "/www/wwwroot/coinceeper.com/CC/venv/lib64/python3.9/site-packages/sqlalchemy/orm/session.py", line 2241, in _execute_internal
    conn = self._connection_for_bind(bind)
  File "/www/wwwroot/coinceeper.com/CC/venv/lib64/python3.9/site-packages/sqlalchemy/orm/session.py", line 2110, in _connection_for_bind
    return trans._connection_for_bind(engine, execution_options)
  File "<string>", line 2, in _connection_for_bind
  File "/www/wwwroot/coinceeper.com/CC/venv/lib64/python3.9/site-packages/sqlalchemy/orm/state_changes.py", line 137, in _go
    ret_value = fn(self, *arg, **kw)
  File "/www/wwwroot/coinceeper.com/CC/venv/lib64/python3.9/site-packages/sqlalchemy/orm/session.py", line 1189, in _connection_for_bind
    conn = bind.connect()
  File "/www/wwwroot/coinceeper.com/CC/venv/lib64/python3.9/site-packages/sqlalchemy/engine/base.py", line 3271, in connect
    return self._connection_cls(self)
  File "/www/wwwroot/coinceeper.com/CC/venv/lib64/python3.9/site-packages/sqlalchemy/engine/base.py", line 145, in __init__
    Connection._handle_dbapi_exception_noconnection(
  File "/www/wwwroot/coinceeper.com/CC/venv/lib64/python3.9/site-packages/sqlalchemy/engine/base.py", line 2434, in _handle_dbapi_exception_noconnection
    raise sqlalchemy_exception.with_traceback(exc_info[2]) from e
  File "/www/wwwroot/coinceeper.com/CC/venv/lib64/python3.9/site-packages/sqlalchemy/engine/base.py", line 143, in __init__
    self._dbapi_connection = engine.raw_connection()
  File "/www/wwwroot/coinceeper.com/CC/venv/lib64/python3.9/site-packages/sqlalchemy/engine/base.py", line 3295, in raw_connection
    return self.pool.connect()
  File "/www/wwwroot/coinceeper.com/CC/venv/lib64/python3.9/site-packages/sqlalchemy/pool/base.py", line 447, in connect
    return _ConnectionFairy._checkout(self)
  File "/www/wwwroot/coinceeper.com/CC/venv/lib64/python3.9/site-packages/sqlalchemy/pool/base.py", line 1264, in _checkout
    fairy = _ConnectionRecord.checkout(pool)
  File "/www/wwwroot/coinceeper.com/CC/venv/lib64/python3.9/site-packages/sqlalchemy/pool/base.py", line 717, in checkout
    rec._checkin_failed(err, _fairy_was_created=False)
  File "/www/wwwroot/coinceeper.com/CC/venv/lib64/python3.9/site-packages/sqlalchemy/util/langhelpers.py", line 224, in __exit__
    raise exc_value.with_traceback(exc_tb)
  File "/www/wwwroot/coinceeper.com/CC/venv/lib64/python3.9/site-packages/sqlalchemy/pool/base.py", line 714, in checkout
    dbapi_connection = rec.get_connection()
  File "/www/wwwroot/coinceeper.com/CC/venv/lib64/python3.9/site-packages/sqlalchemy/pool/base.py", line 865, in get_connection
    self.__connect()
  File "/www/wwwroot/coinceeper.com/CC/venv/lib64/python3.9/site-packages/sqlalchemy/pool/base.py", line 900, in __connect
    pool.logger.debug("Error on connect(): %s", e)
  File "/www/wwwroot/coinceeper.com/CC/venv/lib64/python3.9/site-packages/sqlalchemy/util/langhelpers.py", line 224, in __exit__
    raise exc_value.with_traceback(exc_tb)
  File "/www/wwwroot/coinceeper.com/CC/venv/lib64/python3.9/site-packages/sqlalchemy/pool/base.py", line 895, in __connect
    self.dbapi_connection = connection = pool._invoke_creator(self)
  File "/www/wwwroot/coinceeper.com/CC/venv/lib64/python3.9/site-packages/sqlalchemy/engine/create.py", line 646, in connect
    return dialect.connect(*cargs, **cparams)
  File "/www/wwwroot/coinceeper.com/CC/venv/lib64/python3.9/site-packages/sqlalchemy/engine/default.py", line 626, in connect
    return self.loaded_dbapi.connect(*cargs, **cparams)  # type: ignore[no-any-return]  # NOQA: E501
  File "/www/wwwroot/coinceeper.com/CC/venv/lib64/python3.9/site-packages/mysql/connector/pooling.py", line 322, in connect
    return CMySQLConnection(*args, **kwargs)
  File "/www/wwwroot/coinceeper.com/CC/venv/lib64/python3.9/site-packages/mysql/connector/connection_cext.py", line 142, in __init__
    self.connect(**kwargs)
  File "/www/wwwroot/coinceeper.com/CC/venv/lib64/python3.9/site-packages/mysql/connector/abstracts.py", line 1604, in connect
    self._open_connection()
  File "/www/wwwroot/coinceeper.com/CC/venv/lib64/python3.9/site-packages/mysql/connector/connection_cext.py", line 360, in _open_connection
    raise get_mysql_exception(
sqlalchemy.exc.DatabaseError: (mysql.connector.errors.DatabaseError) 2003 (HY000): Can't connect to MySQL server on 'localhost:3306' (111)
(Background on this error at: https://sqlalche.me/e/20/4xp6)
2025-07-31 17:28:40 - error_handlers - ERROR - Database error: (mysql.connector.errors.DatabaseError) 2003 (HY000): Can't connect to MySQL server on 'localhost:3306' (111)
(Background on this error at: https://sqlalche.me/e/20/4xp6)
Traceback (most recent call last):
  File "/www/wwwroot/coinceeper.com/CC/venv/lib64/python3.9/site-packages/mysql/connector/connection_cext.py", line 354, in _open_connection
    self._cmysql.connect(**cnx_kwargs)
_mysql_connector.MySQLInterfaceError: Can't connect to MySQL server on 'localhost:3306' (111)

The above exception was the direct cause of the following exception:

Traceback (most recent call last):
  File "/www/wwwroot/coinceeper.com/CC/venv/lib64/python3.9/site-packages/sqlalchemy/engine/base.py", line 143, in __init__
    self._dbapi_connection = engine.raw_connection()
  File "/www/wwwroot/coinceeper.com/CC/venv/lib64/python3.9/site-packages/sqlalchemy/engine/base.py", line 3295, in raw_connection
    return self.pool.connect()
  File "/www/wwwroot/coinceeper.com/CC/venv/lib64/python3.9/site-packages/sqlalchemy/pool/base.py", line 447, in connect
    return _ConnectionFairy._checkout(self)
  File "/www/wwwroot/coinceeper.com/CC/venv/lib64/python3.9/site-packages/sqlalchemy/pool/base.py", line 1264, in _checkout
    fairy = _ConnectionRecord.checkout(pool)
  File "/www/wwwroot/coinceeper.com/CC/venv/lib64/python3.9/site-packages/sqlalchemy/pool/base.py", line 717, in checkout
    rec._checkin_failed(err, _fairy_was_created=False)
  File "/www/wwwroot/coinceeper.com/CC/venv/lib64/python3.9/site-packages/sqlalchemy/util/langhelpers.py", line 224, in __exit__
    raise exc_value.with_traceback(exc_tb)
  File "/www/wwwroot/coinceeper.com/CC/venv/lib64/python3.9/site-packages/sqlalchemy/pool/base.py", line 714, in checkout
    dbapi_connection = rec.get_connection()
  File "/www/wwwroot/coinceeper.com/CC/venv/lib64/python3.9/site-packages/sqlalchemy/pool/base.py", line 865, in get_connection
    self.__connect()
  File "/www/wwwroot/coinceeper.com/CC/venv/lib64/python3.9/site-packages/sqlalchemy/pool/base.py", line 900, in __connect
    pool.logger.debug("Error on connect(): %s", e)
  File "/www/wwwroot/coinceeper.com/CC/venv/lib64/python3.9/site-packages/sqlalchemy/util/langhelpers.py", line 224, in __exit__
    raise exc_value.with_traceback(exc_tb)
  File "/www/wwwroot/coinceeper.com/CC/venv/lib64/python3.9/site-packages/sqlalchemy/pool/base.py", line 895, in __connect
    self.dbapi_connection = connection = pool._invoke_creator(self)
  File "/www/wwwroot/coinceeper.com/CC/venv/lib64/python3.9/site-packages/sqlalchemy/engine/create.py", line 646, in connect
    return dialect.connect(*cargs, **cparams)
  File "/www/wwwroot/coinceeper.com/CC/venv/lib64/python3.9/site-packages/sqlalchemy/engine/default.py", line 626, in connect
    return self.loaded_dbapi.connect(*cargs, **cparams)  # type: ignore[no-any-return]  # NOQA: E501
  File "/www/wwwroot/coinceeper.com/CC/venv/lib64/python3.9/site-packages/mysql/connector/pooling.py", line 322, in connect
    return CMySQLConnection(*args, **kwargs)
  File "/www/wwwroot/coinceeper.com/CC/venv/lib64/python3.9/site-packages/mysql/connector/connection_cext.py", line 142, in __init__
    self.connect(**kwargs)
  File "/www/wwwroot/coinceeper.com/CC/venv/lib64/python3.9/site-packages/mysql/connector/abstracts.py", line 1604, in connect
    self._open_connection()
  File "/www/wwwroot/coinceeper.com/CC/venv/lib64/python3.9/site-packages/mysql/connector/connection_cext.py", line 360, in _open_connection
    raise get_mysql_exception(
mysql.connector.errors.DatabaseError: 2003 (HY000): Can't connect to MySQL server on 'localhost:3306' (111)

The above exception was the direct cause of the following exception:

Traceback (most recent call last):
  File "/www/wwwroot/coinceeper.com/CC/utils/error_handlers.py", line 119, in decorated_function
    return f(*args, **kwargs)
  File "/www/wwwroot/coinceeper.com/CC/Currencies/All_Currencies.py", line 46, in get_all_currencies
    currencies_query = session.query(
  File "/www/wwwroot/coinceeper.com/CC/venv/lib64/python3.9/site-packages/sqlalchemy/orm/query.py", line 2704, in all
    return self._iter().all()  # type: ignore
  File "/www/wwwroot/coinceeper.com/CC/venv/lib64/python3.9/site-packages/sqlalchemy/orm/query.py", line 2857, in _iter
    result: Union[ScalarResult[_T], Result[_T]] = self.session.execute(
  File "/www/wwwroot/coinceeper.com/CC/venv/lib64/python3.9/site-packages/sqlalchemy/orm/session.py", line 2365, in execute
    return self._execute_internal(
  File "/www/wwwroot/coinceeper.com/CC/venv/lib64/python3.9/site-packages/sqlalchemy/orm/session.py", line 2241, in _execute_internal
    conn = self._connection_for_bind(bind)
  File "/www/wwwroot/coinceeper.com/CC/venv/lib64/python3.9/site-packages/sqlalchemy/orm/session.py", line 2110, in _connection_for_bind
    return trans._connection_for_bind(engine, execution_options)
  File "<string>", line 2, in _connection_for_bind
  File "/www/wwwroot/coinceeper.com/CC/venv/lib64/python3.9/site-packages/sqlalchemy/orm/state_changes.py", line 137, in _go
    ret_value = fn(self, *arg, **kw)
  File "/www/wwwroot/coinceeper.com/CC/venv/lib64/python3.9/site-packages/sqlalchemy/orm/session.py", line 1189, in _connection_for_bind
    conn = bind.connect()
  File "/www/wwwroot/coinceeper.com/CC/venv/lib64/python3.9/site-packages/sqlalchemy/engine/base.py", line 3271, in connect
    return self._connection_cls(self)
  File "/www/wwwroot/coinceeper.com/CC/venv/lib64/python3.9/site-packages/sqlalchemy/engine/base.py", line 145, in __init__
    Connection._handle_dbapi_exception_noconnection(
  File "/www/wwwroot/coinceeper.com/CC/venv/lib64/python3.9/site-packages/sqlalchemy/engine/base.py", line 2434, in _handle_dbapi_exception_noconnection
    raise sqlalchemy_exception.with_traceback(exc_info[2]) from e
  File "/www/wwwroot/coinceeper.com/CC/venv/lib64/python3.9/site-packages/sqlalchemy/engine/base.py", line 143, in __init__
    self._dbapi_connection = engine.raw_connection()
  File "/www/wwwroot/coinceeper.com/CC/venv/lib64/python3.9/site-packages/sqlalchemy/engine/base.py", line 3295, in raw_connection
    return self.pool.connect()
  File "/www/wwwroot/coinceeper.com/CC/venv/lib64/python3.9/site-packages/sqlalchemy/pool/base.py", line 447, in connect
    return _ConnectionFairy._checkout(self)
  File "/www/wwwroot/coinceeper.com/CC/venv/lib64/python3.9/site-packages/sqlalchemy/pool/base.py", line 1264, in _checkout
    fairy = _ConnectionRecord.checkout(pool)
  File "/www/wwwroot/coinceeper.com/CC/venv/lib64/python3.9/site-packages/sqlalchemy/pool/base.py", line 717, in checkout
    rec._checkin_failed(err, _fairy_was_created=False)
  File "/www/wwwroot/coinceeper.com/CC/venv/lib64/python3.9/site-packages/sqlalchemy/util/langhelpers.py", line 224, in __exit__
    raise exc_value.with_traceback(exc_tb)
  File "/www/wwwroot/coinceeper.com/CC/venv/lib64/python3.9/site-packages/sqlalchemy/pool/base.py", line 714, in checkout
    dbapi_connection = rec.get_connection()
  File "/www/wwwroot/coinceeper.com/CC/venv/lib64/python3.9/site-packages/sqlalchemy/pool/base.py", line 865, in get_connection
    self.__connect()
  File "/www/wwwroot/coinceeper.com/CC/venv/lib64/python3.9/site-packages/sqlalchemy/pool/base.py", line 900, in __connect
    pool.logger.debug("Error on connect(): %s", e)
  File "/www/wwwroot/coinceeper.com/CC/venv/lib64/python3.9/site-packages/sqlalchemy/util/langhelpers.py", line 224, in __exit__
    raise exc_value.with_traceback(exc_tb)
  File "/www/wwwroot/coinceeper.com/CC/venv/lib64/python3.9/site-packages/sqlalchemy/pool/base.py", line 895, in __connect
    self.dbapi_connection = connection = pool._invoke_creator(self)
  File "/www/wwwroot/coinceeper.com/CC/venv/lib64/python3.9/site-packages/sqlalchemy/engine/create.py", line 646, in connect
    return dialect.connect(*cargs, **cparams)
  File "/www/wwwroot/coinceeper.com/CC/venv/lib64/python3.9/site-packages/sqlalchemy/engine/default.py", line 626, in connect
    return self.loaded_dbapi.connect(*cargs, **cparams)  # type: ignore[no-any-return]  # NOQA: E501
  File "/www/wwwroot/coinceeper.com/CC/venv/lib64/python3.9/site-packages/mysql/connector/pooling.py", line 322, in connect
    return CMySQLConnection(*args, **kwargs)
  File "/www/wwwroot/coinceeper.com/CC/venv/lib64/python3.9/site-packages/mysql/connector/connection_cext.py", line 142, in __init__
    self.connect(**kwargs)
  File "/www/wwwroot/coinceeper.com/CC/venv/lib64/python3.9/site-packages/mysql/connector/abstracts.py", line 1604, in connect
    self._open_connection()
  File "/www/wwwroot/coinceeper.com/CC/venv/lib64/python3.9/site-packages/mysql/connector/connection_cext.py", line 360, in _open_connection
    raise get_mysql_exception(
sqlalchemy.exc.DatabaseError: (mysql.connector.errors.DatabaseError) 2003 (HY000): Can't connect to MySQL server on 'localhost:3306' (111)
(Background on this error at: https://sqlalche.me/e/20/4xp6)
2025-07-31 17:28:42 - error_handlers - ERROR - Error in get_all_currencies: (mysql.connector.errors.DatabaseError) 2003 (HY000): Can't connect to MySQL server on 'localhost:3306' (111)
(Background on this error at: https://sqlalche.me/e/20/4xp6)
Traceback (most recent call last):
  File "/www/wwwroot/coinceeper.com/CC/venv/lib64/python3.9/site-packages/mysql/connector/connection_cext.py", line 354, in _open_connection
    self._cmysql.connect(**cnx_kwargs)
_mysql_connector.MySQLInterfaceError: Can't connect to MySQL server on 'localhost:3306' (111)

The above exception was the direct cause of the following exception:

Traceback (most recent call last):
  File "/www/wwwroot/coinceeper.com/CC/venv/lib64/python3.9/site-packages/sqlalchemy/engine/base.py", line 143, in __init__
    self._dbapi_connection = engine.raw_connection()
  File "/www/wwwroot/coinceeper.com/CC/venv/lib64/python3.9/site-packages/sqlalchemy/engine/base.py", line 3295, in raw_connection
    return self.pool.connect()
  File "/www/wwwroot/coinceeper.com/CC/venv/lib64/python3.9/site-packages/sqlalchemy/pool/base.py", line 447, in connect
    return _ConnectionFairy._checkout(self)
  File "/www/wwwroot/coinceeper.com/CC/venv/lib64/python3.9/site-packages/sqlalchemy/pool/base.py", line 1264, in _checkout
    fairy = _ConnectionRecord.checkout(pool)
  File "/www/wwwroot/coinceeper.com/CC/venv/lib64/python3.9/site-packages/sqlalchemy/pool/base.py", line 717, in checkout
    rec._checkin_failed(err, _fairy_was_created=False)
  File "/www/wwwroot/coinceeper.com/CC/venv/lib64/python3.9/site-packages/sqlalchemy/util/langhelpers.py", line 224, in __exit__
    raise exc_value.with_traceback(exc_tb)
  File "/www/wwwroot/coinceeper.com/CC/venv/lib64/python3.9/site-packages/sqlalchemy/pool/base.py", line 714, in checkout
    dbapi_connection = rec.get_connection()
  File "/www/wwwroot/coinceeper.com/CC/venv/lib64/python3.9/site-packages/sqlalchemy/pool/base.py", line 836, in get_connection
    self.__connect()
  File "/www/wwwroot/coinceeper.com/CC/venv/lib64/python3.9/site-packages/sqlalchemy/pool/base.py", line 900, in __connect
    pool.logger.debug("Error on connect(): %s", e)
  File "/www/wwwroot/coinceeper.com/CC/venv/lib64/python3.9/site-packages/sqlalchemy/util/langhelpers.py", line 224, in __exit__
    raise exc_value.with_traceback(exc_tb)
  File "/www/wwwroot/coinceeper.com/CC/venv/lib64/python3.9/site-packages/sqlalchemy/pool/base.py", line 895, in __connect
    self.dbapi_connection = connection = pool._invoke_creator(self)
  File "/www/wwwroot/coinceeper.com/CC/venv/lib64/python3.9/site-packages/sqlalchemy/engine/create.py", line 646, in connect
    return dialect.connect(*cargs, **cparams)
  File "/www/wwwroot/coinceeper.com/CC/venv/lib64/python3.9/site-packages/sqlalchemy/engine/default.py", line 626, in connect
    return self.loaded_dbapi.connect(*cargs, **cparams)  # type: ignore[no-any-return]  # NOQA: E501
  File "/www/wwwroot/coinceeper.com/CC/venv/lib64/python3.9/site-packages/mysql/connector/pooling.py", line 322, in connect
    return CMySQLConnection(*args, **kwargs)
  File "/www/wwwroot/coinceeper.com/CC/venv/lib64/python3.9/site-packages/mysql/connector/connection_cext.py", line 142, in __init__
    self.connect(**kwargs)
  File "/www/wwwroot/coinceeper.com/CC/venv/lib64/python3.9/site-packages/mysql/connector/abstracts.py", line 1604, in connect
    self._open_connection()
  File "/www/wwwroot/coinceeper.com/CC/venv/lib64/python3.9/site-packages/mysql/connector/connection_cext.py", line 360, in _open_connection
    raise get_mysql_exception(
mysql.connector.errors.DatabaseError: 2003 (HY000): Can't connect to MySQL server on 'localhost:3306' (111)

The above exception was the direct cause of the following exception:

Traceback (most recent call last):
  File "/www/wwwroot/coinceeper.com/CC/utils/error_handlers.py", line 119, in decorated_function
    return f(*args, **kwargs)
  File "/www/wwwroot/coinceeper.com/CC/Currencies/All_Currencies.py", line 46, in get_all_currencies
    currencies_query = session.query(
  File "/www/wwwroot/coinceeper.com/CC/venv/lib64/python3.9/site-packages/sqlalchemy/orm/query.py", line 2704, in all
    return self._iter().all()  # type: ignore
  File "/www/wwwroot/coinceeper.com/CC/venv/lib64/python3.9/site-packages/sqlalchemy/orm/query.py", line 2857, in _iter
    result: Union[ScalarResult[_T], Result[_T]] = self.session.execute(
  File "/www/wwwroot/coinceeper.com/CC/venv/lib64/python3.9/site-packages/sqlalchemy/orm/session.py", line 2365, in execute
    return self._execute_internal(
  File "/www/wwwroot/coinceeper.com/CC/venv/lib64/python3.9/site-packages/sqlalchemy/orm/session.py", line 2241, in _execute_internal
    conn = self._connection_for_bind(bind)
  File "/www/wwwroot/coinceeper.com/CC/venv/lib64/python3.9/site-packages/sqlalchemy/orm/session.py", line 2110, in _connection_for_bind
    return trans._connection_for_bind(engine, execution_options)
  File "<string>", line 2, in _connection_for_bind
  File "/www/wwwroot/coinceeper.com/CC/venv/lib64/python3.9/site-packages/sqlalchemy/orm/state_changes.py", line 137, in _go
    ret_value = fn(self, *arg, **kw)
  File "/www/wwwroot/coinceeper.com/CC/venv/lib64/python3.9/site-packages/sqlalchemy/orm/session.py", line 1189, in _connection_for_bind
    conn = bind.connect()
  File "/www/wwwroot/coinceeper.com/CC/venv/lib64/python3.9/site-packages/sqlalchemy/engine/base.py", line 3271, in connect
    return self._connection_cls(self)
  File "/www/wwwroot/coinceeper.com/CC/venv/lib64/python3.9/site-packages/sqlalchemy/engine/base.py", line 145, in __init__
    Connection._handle_dbapi_exception_noconnection(
  File "/www/wwwroot/coinceeper.com/CC/venv/lib64/python3.9/site-packages/sqlalchemy/engine/base.py", line 2434, in _handle_dbapi_exception_noconnection
    raise sqlalchemy_exception.with_traceback(exc_info[2]) from e
  File "/www/wwwroot/coinceeper.com/CC/venv/lib64/python3.9/site-packages/sqlalchemy/engine/base.py", line 143, in __init__
    self._dbapi_connection = engine.raw_connection()
  File "/www/wwwroot/coinceeper.com/CC/venv/lib64/python3.9/site-packages/sqlalchemy/engine/base.py", line 3295, in raw_connection
    return self.pool.connect()
  File "/www/wwwroot/coinceeper.com/CC/venv/lib64/python3.9/site-packages/sqlalchemy/pool/base.py", line 447, in connect
    return _ConnectionFairy._checkout(self)
  File "/www/wwwroot/coinceeper.com/CC/venv/lib64/python3.9/site-packages/sqlalchemy/pool/base.py", line 1264, in _checkout
    fairy = _ConnectionRecord.checkout(pool)
  File "/www/wwwroot/coinceeper.com/CC/venv/lib64/python3.9/site-packages/sqlalchemy/pool/base.py", line 717, in checkout
    rec._checkin_failed(err, _fairy_was_created=False)
  File "/www/wwwroot/coinceeper.com/CC/venv/lib64/python3.9/site-packages/sqlalchemy/util/langhelpers.py", line 224, in __exit__
    raise exc_value.with_traceback(exc_tb)
  File "/www/wwwroot/coinceeper.com/CC/venv/lib64/python3.9/site-packages/sqlalchemy/pool/base.py", line 714, in checkout
    dbapi_connection = rec.get_connection()
  File "/www/wwwroot/coinceeper.com/CC/venv/lib64/python3.9/site-packages/sqlalchemy/pool/base.py", line 836, in get_connection
    self.__connect()
  File "/www/wwwroot/coinceeper.com/CC/venv/lib64/python3.9/site-packages/sqlalchemy/pool/base.py", line 900, in __connect
    pool.logger.debug("Error on connect(): %s", e)
  File "/www/wwwroot/coinceeper.com/CC/venv/lib64/python3.9/site-packages/sqlalchemy/util/langhelpers.py", line 224, in __exit__
    raise exc_value.with_traceback(exc_tb)
  File "/www/wwwroot/coinceeper.com/CC/venv/lib64/python3.9/site-packages/sqlalchemy/pool/base.py", line 895, in __connect
    self.dbapi_connection = connection = pool._invoke_creator(self)
  File "/www/wwwroot/coinceeper.com/CC/venv/lib64/python3.9/site-packages/sqlalchemy/engine/create.py", line 646, in connect
    return dialect.connect(*cargs, **cparams)
  File "/www/wwwroot/coinceeper.com/CC/venv/lib64/python3.9/site-packages/sqlalchemy/engine/default.py", line 626, in connect
    return self.loaded_dbapi.connect(*cargs, **cparams)  # type: ignore[no-any-return]  # NOQA: E501
  File "/www/wwwroot/coinceeper.com/CC/venv/lib64/python3.9/site-packages/mysql/connector/pooling.py", line 322, in connect
    return CMySQLConnection(*args, **kwargs)
  File "/www/wwwroot/coinceeper.com/CC/venv/lib64/python3.9/site-packages/mysql/connector/connection_cext.py", line 142, in __init__
    self.connect(**kwargs)
  File "/www/wwwroot/coinceeper.com/CC/venv/lib64/python3.9/site-packages/mysql/connector/abstracts.py", line 1604, in connect
    self._open_connection()
  File "/www/wwwroot/coinceeper.com/CC/venv/lib64/python3.9/site-packages/mysql/connector/connection_cext.py", line 360, in _open_connection
    raise get_mysql_exception(
sqlalchemy.exc.DatabaseError: (mysql.connector.errors.DatabaseError) 2003 (HY000): Can't connect to MySQL server on 'localhost:3306' (111)
(Background on this error at: https://sqlalche.me/e/20/4xp6)
2025-07-31 17:28:42 - error_handlers - ERROR - Database error: (mysql.connector.errors.DatabaseError) 2003 (HY000): Can't connect to MySQL server on 'localhost:3306' (111)
(Background on this error at: https://sqlalche.me/e/20/4xp6)
Traceback (most recent call last):
  File "/www/wwwroot/coinceeper.com/CC/venv/lib64/python3.9/site-packages/mysql/connector/connection_cext.py", line 354, in _open_connection
    self._cmysql.connect(**cnx_kwargs)
_mysql_connector.MySQLInterfaceError: Can't connect to MySQL server on 'localhost:3306' (111)

The above exception was the direct cause of the following exception:

Traceback (most recent call last):
  File "/www/wwwroot/coinceeper.com/CC/venv/lib64/python3.9/site-packages/sqlalchemy/engine/base.py", line 143, in __init__
    self._dbapi_connection = engine.raw_connection()
  File "/www/wwwroot/coinceeper.com/CC/venv/lib64/python3.9/site-packages/sqlalchemy/engine/base.py", line 3295, in raw_connection
    return self.pool.connect()
  File "/www/wwwroot/coinceeper.com/CC/venv/lib64/python3.9/site-packages/sqlalchemy/pool/base.py", line 447, in connect
    return _ConnectionFairy._checkout(self)
  File "/www/wwwroot/coinceeper.com/CC/venv/lib64/python3.9/site-packages/sqlalchemy/pool/base.py", line 1264, in _checkout
    fairy = _ConnectionRecord.checkout(pool)
  File "/www/wwwroot/coinceeper.com/CC/venv/lib64/python3.9/site-packages/sqlalchemy/pool/base.py", line 717, in checkout
    rec._checkin_failed(err, _fairy_was_created=False)
  File "/www/wwwroot/coinceeper.com/CC/venv/lib64/python3.9/site-packages/sqlalchemy/util/langhelpers.py", line 224, in __exit__
    raise exc_value.with_traceback(exc_tb)
  File "/www/wwwroot/coinceeper.com/CC/venv/lib64/python3.9/site-packages/sqlalchemy/pool/base.py", line 714, in checkout
    dbapi_connection = rec.get_connection()
  File "/www/wwwroot/coinceeper.com/CC/venv/lib64/python3.9/site-packages/sqlalchemy/pool/base.py", line 836, in get_connection
    self.__connect()
  File "/www/wwwroot/coinceeper.com/CC/venv/lib64/python3.9/site-packages/sqlalchemy/pool/base.py", line 900, in __connect
    pool.logger.debug("Error on connect(): %s", e)
  File "/www/wwwroot/coinceeper.com/CC/venv/lib64/python3.9/site-packages/sqlalchemy/util/langhelpers.py", line 224, in __exit__
    raise exc_value.with_traceback(exc_tb)
  File "/www/wwwroot/coinceeper.com/CC/venv/lib64/python3.9/site-packages/sqlalchemy/pool/base.py", line 895, in __connect
    self.dbapi_connection = connection = pool._invoke_creator(self)
  File "/www/wwwroot/coinceeper.com/CC/venv/lib64/python3.9/site-packages/sqlalchemy/engine/create.py", line 646, in connect
    return dialect.connect(*cargs, **cparams)
  File "/www/wwwroot/coinceeper.com/CC/venv/lib64/python3.9/site-packages/sqlalchemy/engine/default.py", line 626, in connect
    return self.loaded_dbapi.connect(*cargs, **cparams)  # type: ignore[no-any-return]  # NOQA: E501
  File "/www/wwwroot/coinceeper.com/CC/venv/lib64/python3.9/site-packages/mysql/connector/pooling.py", line 322, in connect
    return CMySQLConnection(*args, **kwargs)
  File "/www/wwwroot/coinceeper.com/CC/venv/lib64/python3.9/site-packages/mysql/connector/connection_cext.py", line 142, in __init__
    self.connect(**kwargs)
  File "/www/wwwroot/coinceeper.com/CC/venv/lib64/python3.9/site-packages/mysql/connector/abstracts.py", line 1604, in connect
    self._open_connection()
  File "/www/wwwroot/coinceeper.com/CC/venv/lib64/python3.9/site-packages/mysql/connector/connection_cext.py", line 360, in _open_connection
    raise get_mysql_exception(
mysql.connector.errors.DatabaseError: 2003 (HY000): Can't connect to MySQL server on 'localhost:3306' (111)

The above exception was the direct cause of the following exception:

Traceback (most recent call last):
  File "/www/wwwroot/coinceeper.com/CC/utils/error_handlers.py", line 119, in decorated_function
    return f(*args, **kwargs)
  File "/www/wwwroot/coinceeper.com/CC/Currencies/All_Currencies.py", line 46, in get_all_currencies
    currencies_query = session.query(
  File "/www/wwwroot/coinceeper.com/CC/venv/lib64/python3.9/site-packages/sqlalchemy/orm/query.py", line 2704, in all
    return self._iter().all()  # type: ignore
  File "/www/wwwroot/coinceeper.com/CC/venv/lib64/python3.9/site-packages/sqlalchemy/orm/query.py", line 2857, in _iter
    result: Union[ScalarResult[_T], Result[_T]] = self.session.execute(
  File "/www/wwwroot/coinceeper.com/CC/venv/lib64/python3.9/site-packages/sqlalchemy/orm/session.py", line 2365, in execute
    return self._execute_internal(
  File "/www/wwwroot/coinceeper.com/CC/venv/lib64/python3.9/site-packages/sqlalchemy/orm/session.py", line 2241, in _execute_internal
    conn = self._connection_for_bind(bind)
  File "/www/wwwroot/coinceeper.com/CC/venv/lib64/python3.9/site-packages/sqlalchemy/orm/session.py", line 2110, in _connection_for_bind
    return trans._connection_for_bind(engine, execution_options)
  File "<string>", line 2, in _connection_for_bind
  File "/www/wwwroot/coinceeper.com/CC/venv/lib64/python3.9/site-packages/sqlalchemy/orm/state_changes.py", line 137, in _go
    ret_value = fn(self, *arg, **kw)
  File "/www/wwwroot/coinceeper.com/CC/venv/lib64/python3.9/site-packages/sqlalchemy/orm/session.py", line 1189, in _connection_for_bind
    conn = bind.connect()
  File "/www/wwwroot/coinceeper.com/CC/venv/lib64/python3.9/site-packages/sqlalchemy/engine/base.py", line 3271, in connect
    return self._connection_cls(self)
  File "/www/wwwroot/coinceeper.com/CC/venv/lib64/python3.9/site-packages/sqlalchemy/engine/base.py", line 145, in __init__
    Connection._handle_dbapi_exception_noconnection(
  File "/www/wwwroot/coinceeper.com/CC/venv/lib64/python3.9/site-packages/sqlalchemy/engine/base.py", line 2434, in _handle_dbapi_exception_noconnection
    raise sqlalchemy_exception.with_traceback(exc_info[2]) from e
  File "/www/wwwroot/coinceeper.com/CC/venv/lib64/python3.9/site-packages/sqlalchemy/engine/base.py", line 143, in __init__
    self._dbapi_connection = engine.raw_connection()
  File "/www/wwwroot/coinceeper.com/CC/venv/lib64/python3.9/site-packages/sqlalchemy/engine/base.py", line 3295, in raw_connection
    return self.pool.connect()
  File "/www/wwwroot/coinceeper.com/CC/venv/lib64/python3.9/site-packages/sqlalchemy/pool/base.py", line 447, in connect
    return _ConnectionFairy._checkout(self)
  File "/www/wwwroot/coinceeper.com/CC/venv/lib64/python3.9/site-packages/sqlalchemy/pool/base.py", line 1264, in _checkout
    fairy = _ConnectionRecord.checkout(pool)
  File "/www/wwwroot/coinceeper.com/CC/venv/lib64/python3.9/site-packages/sqlalchemy/pool/base.py", line 717, in checkout
    rec._checkin_failed(err, _fairy_was_created=False)
  File "/www/wwwroot/coinceeper.com/CC/venv/lib64/python3.9/site-packages/sqlalchemy/util/langhelpers.py", line 224, in __exit__
    raise exc_value.with_traceback(exc_tb)
  File "/www/wwwroot/coinceeper.com/CC/venv/lib64/python3.9/site-packages/sqlalchemy/pool/base.py", line 714, in checkout
    dbapi_connection = rec.get_connection()
  File "/www/wwwroot/coinceeper.com/CC/venv/lib64/python3.9/site-packages/sqlalchemy/pool/base.py", line 836, in get_connection
    self.__connect()
  File "/www/wwwroot/coinceeper.com/CC/venv/lib64/python3.9/site-packages/sqlalchemy/pool/base.py", line 900, in __connect
    pool.logger.debug("Error on connect(): %s", e)
  File "/www/wwwroot/coinceeper.com/CC/venv/lib64/python3.9/site-packages/sqlalchemy/util/langhelpers.py", line 224, in __exit__
    raise exc_value.with_traceback(exc_tb)
  File "/www/wwwroot/coinceeper.com/CC/venv/lib64/python3.9/site-packages/sqlalchemy/pool/base.py", line 895, in __connect
    self.dbapi_connection = connection = pool._invoke_creator(self)
  File "/www/wwwroot/coinceeper.com/CC/venv/lib64/python3.9/site-packages/sqlalchemy/engine/create.py", line 646, in connect
    return dialect.connect(*cargs, **cparams)
  File "/www/wwwroot/coinceeper.com/CC/venv/lib64/python3.9/site-packages/sqlalchemy/engine/default.py", line 626, in connect
    return self.loaded_dbapi.connect(*cargs, **cparams)  # type: ignore[no-any-return]  # NOQA: E501
  File "/www/wwwroot/coinceeper.com/CC/venv/lib64/python3.9/site-packages/mysql/connector/pooling.py", line 322, in connect
    return CMySQLConnection(*args, **kwargs)
  File "/www/wwwroot/coinceeper.com/CC/venv/lib64/python3.9/site-packages/mysql/connector/connection_cext.py", line 142, in __init__
    self.connect(**kwargs)
  File "/www/wwwroot/coinceeper.com/CC/venv/lib64/python3.9/site-packages/mysql/connector/abstracts.py", line 1604, in connect
    self._open_connection()
  File "/www/wwwroot/coinceeper.com/CC/venv/lib64/python3.9/site-packages/mysql/connector/connection_cext.py", line 360, in _open_connection
    raise get_mysql_exception(
sqlalchemy.exc.DatabaseError: (mysql.connector.errors.DatabaseError) 2003 (HY000): Can't connect to MySQL server on 'localhost:3306' (111)
(Background on this error at: https://sqlalche.me/e/20/4xp6)
2025-07-31 17:28:42 - error_handlers - ERROR - Error in get_all_currencies: (mysql.connector.errors.DatabaseError) 2003 (HY000): Can't connect to MySQL server on 'localhost:3306' (111)
(Background on this error at: https://sqlalche.me/e/20/4xp6)
Traceback (most recent call last):
  File "/www/wwwroot/coinceeper.com/CC/venv/lib64/python3.9/site-packages/mysql/connector/connection_cext.py", line 354, in _open_connection
    self._cmysql.connect(**cnx_kwargs)
_mysql_connector.MySQLInterfaceError: Can't connect to MySQL server on 'localhost:3306' (111)

The above exception was the direct cause of the following exception:

Traceback (most recent call last):
  File "/www/wwwroot/coinceeper.com/CC/venv/lib64/python3.9/site-packages/sqlalchemy/engine/base.py", line 143, in __init__
    self._dbapi_connection = engine.raw_connection()
  File "/www/wwwroot/coinceeper.com/CC/venv/lib64/python3.9/site-packages/sqlalchemy/engine/base.py", line 3295, in raw_connection
    return self.pool.connect()
  File "/www/wwwroot/coinceeper.com/CC/venv/lib64/python3.9/site-packages/sqlalchemy/pool/base.py", line 447, in connect
    return _ConnectionFairy._checkout(self)
  File "/www/wwwroot/coinceeper.com/CC/venv/lib64/python3.9/site-packages/sqlalchemy/pool/base.py", line 1264, in _checkout
    fairy = _ConnectionRecord.checkout(pool)
  File "/www/wwwroot/coinceeper.com/CC/venv/lib64/python3.9/site-packages/sqlalchemy/pool/base.py", line 717, in checkout
    rec._checkin_failed(err, _fairy_was_created=False)
  File "/www/wwwroot/coinceeper.com/CC/venv/lib64/python3.9/site-packages/sqlalchemy/util/langhelpers.py", line 224, in __exit__
    raise exc_value.with_traceback(exc_tb)
  File "/www/wwwroot/coinceeper.com/CC/venv/lib64/python3.9/site-packages/sqlalchemy/pool/base.py", line 714, in checkout
    dbapi_connection = rec.get_connection()
  File "/www/wwwroot/coinceeper.com/CC/venv/lib64/python3.9/site-packages/sqlalchemy/pool/base.py", line 836, in get_connection
    self.__connect()
  File "/www/wwwroot/coinceeper.com/CC/venv/lib64/python3.9/site-packages/sqlalchemy/pool/base.py", line 900, in __connect
    pool.logger.debug("Error on connect(): %s", e)
  File "/www/wwwroot/coinceeper.com/CC/venv/lib64/python3.9/site-packages/sqlalchemy/util/langhelpers.py", line 224, in __exit__
    raise exc_value.with_traceback(exc_tb)
  File "/www/wwwroot/coinceeper.com/CC/venv/lib64/python3.9/site-packages/sqlalchemy/pool/base.py", line 895, in __connect
    self.dbapi_connection = connection = pool._invoke_creator(self)
  File "/www/wwwroot/coinceeper.com/CC/venv/lib64/python3.9/site-packages/sqlalchemy/engine/create.py", line 646, in connect
    return dialect.connect(*cargs, **cparams)
  File "/www/wwwroot/coinceeper.com/CC/venv/lib64/python3.9/site-packages/sqlalchemy/engine/default.py", line 626, in connect
    return self.loaded_dbapi.connect(*cargs, **cparams)  # type: ignore[no-any-return]  # NOQA: E501
  File "/www/wwwroot/coinceeper.com/CC/venv/lib64/python3.9/site-packages/mysql/connector/pooling.py", line 322, in connect
    return CMySQLConnection(*args, **kwargs)
  File "/www/wwwroot/coinceeper.com/CC/venv/lib64/python3.9/site-packages/mysql/connector/connection_cext.py", line 142, in __init__
    self.connect(**kwargs)
  File "/www/wwwroot/coinceeper.com/CC/venv/lib64/python3.9/site-packages/mysql/connector/abstracts.py", line 1604, in connect
    self._open_connection()
  File "/www/wwwroot/coinceeper.com/CC/venv/lib64/python3.9/site-packages/mysql/connector/connection_cext.py", line 360, in _open_connection
    raise get_mysql_exception(
mysql.connector.errors.DatabaseError: 2003 (HY000): Can't connect to MySQL server on 'localhost:3306' (111)

The above exception was the direct cause of the following exception:

Traceback (most recent call last):
  File "/www/wwwroot/coinceeper.com/CC/utils/error_handlers.py", line 119, in decorated_function
    return f(*args, **kwargs)
  File "/www/wwwroot/coinceeper.com/CC/Currencies/All_Currencies.py", line 46, in get_all_currencies
    currencies_query = session.query(
  File "/www/wwwroot/coinceeper.com/CC/venv/lib64/python3.9/site-packages/sqlalchemy/orm/query.py", line 2704, in all
    return self._iter().all()  # type: ignore
  File "/www/wwwroot/coinceeper.com/CC/venv/lib64/python3.9/site-packages/sqlalchemy/orm/query.py", line 2857, in _iter
    result: Union[ScalarResult[_T], Result[_T]] = self.session.execute(
  File "/www/wwwroot/coinceeper.com/CC/venv/lib64/python3.9/site-packages/sqlalchemy/orm/session.py", line 2365, in execute
    return self._execute_internal(
  File "/www/wwwroot/coinceeper.com/CC/venv/lib64/python3.9/site-packages/sqlalchemy/orm/session.py", line 2241, in _execute_internal
    conn = self._connection_for_bind(bind)
  File "/www/wwwroot/coinceeper.com/CC/venv/lib64/python3.9/site-packages/sqlalchemy/orm/session.py", line 2110, in _connection_for_bind
    return trans._connection_for_bind(engine, execution_options)
  File "<string>", line 2, in _connection_for_bind
  File "/www/wwwroot/coinceeper.com/CC/venv/lib64/python3.9/site-packages/sqlalchemy/orm/state_changes.py", line 137, in _go
    ret_value = fn(self, *arg, **kw)
  File "/www/wwwroot/coinceeper.com/CC/venv/lib64/python3.9/site-packages/sqlalchemy/orm/session.py", line 1189, in _connection_for_bind
    conn = bind.connect()
  File "/www/wwwroot/coinceeper.com/CC/venv/lib64/python3.9/site-packages/sqlalchemy/engine/base.py", line 3271, in connect
    return self._connection_cls(self)
  File "/www/wwwroot/coinceeper.com/CC/venv/lib64/python3.9/site-packages/sqlalchemy/engine/base.py", line 145, in __init__
    Connection._handle_dbapi_exception_noconnection(
  File "/www/wwwroot/coinceeper.com/CC/venv/lib64/python3.9/site-packages/sqlalchemy/engine/base.py", line 2434, in _handle_dbapi_exception_noconnection
    raise sqlalchemy_exception.with_traceback(exc_info[2]) from e
  File "/www/wwwroot/coinceeper.com/CC/venv/lib64/python3.9/site-packages/sqlalchemy/engine/base.py", line 143, in __init__
    self._dbapi_connection = engine.raw_connection()
  File "/www/wwwroot/coinceeper.com/CC/venv/lib64/python3.9/site-packages/sqlalchemy/engine/base.py", line 3295, in raw_connection
    return self.pool.connect()
  File "/www/wwwroot/coinceeper.com/CC/venv/lib64/python3.9/site-packages/sqlalchemy/pool/base.py", line 447, in connect
    return _ConnectionFairy._checkout(self)
  File "/www/wwwroot/coinceeper.com/CC/venv/lib64/python3.9/site-packages/sqlalchemy/pool/base.py", line 1264, in _checkout
    fairy = _ConnectionRecord.checkout(pool)
  File "/www/wwwroot/coinceeper.com/CC/venv/lib64/python3.9/site-packages/sqlalchemy/pool/base.py", line 717, in checkout
    rec._checkin_failed(err, _fairy_was_created=False)
  File "/www/wwwroot/coinceeper.com/CC/venv/lib64/python3.9/site-packages/sqlalchemy/util/langhelpers.py", line 224, in __exit__
    raise exc_value.with_traceback(exc_tb)
  File "/www/wwwroot/coinceeper.com/CC/venv/lib64/python3.9/site-packages/sqlalchemy/pool/base.py", line 714, in checkout
    dbapi_connection = rec.get_connection()
  File "/www/wwwroot/coinceeper.com/CC/venv/lib64/python3.9/site-packages/sqlalchemy/pool/base.py", line 836, in get_connection
    self.__connect()
  File "/www/wwwroot/coinceeper.com/CC/venv/lib64/python3.9/site-packages/sqlalchemy/pool/base.py", line 900, in __connect
    pool.logger.debug("Error on connect(): %s", e)
  File "/www/wwwroot/coinceeper.com/CC/venv/lib64/python3.9/site-packages/sqlalchemy/util/langhelpers.py", line 224, in __exit__
    raise exc_value.with_traceback(exc_tb)
  File "/www/wwwroot/coinceeper.com/CC/venv/lib64/python3.9/site-packages/sqlalchemy/pool/base.py", line 895, in __connect
    self.dbapi_connection = connection = pool._invoke_creator(self)
  File "/www/wwwroot/coinceeper.com/CC/venv/lib64/python3.9/site-packages/sqlalchemy/engine/create.py", line 646, in connect
    return dialect.connect(*cargs, **cparams)
  File "/www/wwwroot/coinceeper.com/CC/venv/lib64/python3.9/site-packages/sqlalchemy/engine/default.py", line 626, in connect
    return self.loaded_dbapi.connect(*cargs, **cparams)  # type: ignore[no-any-return]  # NOQA: E501
  File "/www/wwwroot/coinceeper.com/CC/venv/lib64/python3.9/site-packages/mysql/connector/pooling.py", line 322, in connect
    return CMySQLConnection(*args, **kwargs)
  File "/www/wwwroot/coinceeper.com/CC/venv/lib64/python3.9/site-packages/mysql/connector/connection_cext.py", line 142, in __init__
    self.connect(**kwargs)
  File "/www/wwwroot/coinceeper.com/CC/venv/lib64/python3.9/site-packages/mysql/connector/abstracts.py", line 1604, in connect
    self._open_connection()
  File "/www/wwwroot/coinceeper.com/CC/venv/lib64/python3.9/site-packages/mysql/connector/connection_cext.py", line 360, in _open_connection
    raise get_mysql_exception(
sqlalchemy.exc.DatabaseError: (mysql.connector.errors.DatabaseError) 2003 (HY000): Can't connect to MySQL server on 'localhost:3306' (111)
(Background on this error at: https://sqlalche.me/e/20/4xp6)
2025-07-31 17:28:42 - error_handlers - ERROR - Database error: (mysql.connector.errors.DatabaseError) 2003 (HY000): Can't connect to MySQL server on 'localhost:3306' (111)
(Background on this error at: https://sqlalche.me/e/20/4xp6)
Traceback (most recent call last):
  File "/www/wwwroot/coinceeper.com/CC/venv/lib64/python3.9/site-packages/mysql/connector/connection_cext.py", line 354, in _open_connection
    self._cmysql.connect(**cnx_kwargs)
_mysql_connector.MySQLInterfaceError: Can't connect to MySQL server on 'localhost:3306' (111)

The above exception was the direct cause of the following exception:

Traceback (most recent call last):
  File "/www/wwwroot/coinceeper.com/CC/venv/lib64/python3.9/site-packages/sqlalchemy/engine/base.py", line 143, in __init__
    self._dbapi_connection = engine.raw_connection()
  File "/www/wwwroot/coinceeper.com/CC/venv/lib64/python3.9/site-packages/sqlalchemy/engine/base.py", line 3295, in raw_connection
    return self.pool.connect()
  File "/www/wwwroot/coinceeper.com/CC/venv/lib64/python3.9/site-packages/sqlalchemy/pool/base.py", line 447, in connect
    return _ConnectionFairy._checkout(self)
  File "/www/wwwroot/coinceeper.com/CC/venv/lib64/python3.9/site-packages/sqlalchemy/pool/base.py", line 1264, in _checkout
    fairy = _ConnectionRecord.checkout(pool)
  File "/www/wwwroot/coinceeper.com/CC/venv/lib64/python3.9/site-packages/sqlalchemy/pool/base.py", line 717, in checkout
    rec._checkin_failed(err, _fairy_was_created=False)
  File "/www/wwwroot/coinceeper.com/CC/venv/lib64/python3.9/site-packages/sqlalchemy/util/langhelpers.py", line 224, in __exit__
    raise exc_value.with_traceback(exc_tb)
  File "/www/wwwroot/coinceeper.com/CC/venv/lib64/python3.9/site-packages/sqlalchemy/pool/base.py", line 714, in checkout
    dbapi_connection = rec.get_connection()
  File "/www/wwwroot/coinceeper.com/CC/venv/lib64/python3.9/site-packages/sqlalchemy/pool/base.py", line 836, in get_connection
    self.__connect()
  File "/www/wwwroot/coinceeper.com/CC/venv/lib64/python3.9/site-packages/sqlalchemy/pool/base.py", line 900, in __connect
    pool.logger.debug("Error on connect(): %s", e)
  File "/www/wwwroot/coinceeper.com/CC/venv/lib64/python3.9/site-packages/sqlalchemy/util/langhelpers.py", line 224, in __exit__
    raise exc_value.with_traceback(exc_tb)
  File "/www/wwwroot/coinceeper.com/CC/venv/lib64/python3.9/site-packages/sqlalchemy/pool/base.py", line 895, in __connect
    self.dbapi_connection = connection = pool._invoke_creator(self)
  File "/www/wwwroot/coinceeper.com/CC/venv/lib64/python3.9/site-packages/sqlalchemy/engine/create.py", line 646, in connect
    return dialect.connect(*cargs, **cparams)
  File "/www/wwwroot/coinceeper.com/CC/venv/lib64/python3.9/site-packages/sqlalchemy/engine/default.py", line 626, in connect
    return self.loaded_dbapi.connect(*cargs, **cparams)  # type: ignore[no-any-return]  # NOQA: E501
  File "/www/wwwroot/coinceeper.com/CC/venv/lib64/python3.9/site-packages/mysql/connector/pooling.py", line 322, in connect
    return CMySQLConnection(*args, **kwargs)
  File "/www/wwwroot/coinceeper.com/CC/venv/lib64/python3.9/site-packages/mysql/connector/connection_cext.py", line 142, in __init__
    self.connect(**kwargs)
  File "/www/wwwroot/coinceeper.com/CC/venv/lib64/python3.9/site-packages/mysql/connector/abstracts.py", line 1604, in connect
    self._open_connection()
  File "/www/wwwroot/coinceeper.com/CC/venv/lib64/python3.9/site-packages/mysql/connector/connection_cext.py", line 360, in _open_connection
    raise get_mysql_exception(
mysql.connector.errors.DatabaseError: 2003 (HY000): Can't connect to MySQL server on 'localhost:3306' (111)

The above exception was the direct cause of the following exception:

Traceback (most recent call last):
  File "/www/wwwroot/coinceeper.com/CC/utils/error_handlers.py", line 119, in decorated_function
    return f(*args, **kwargs)
  File "/www/wwwroot/coinceeper.com/CC/Currencies/All_Currencies.py", line 46, in get_all_currencies
    currencies_query = session.query(
  File "/www/wwwroot/coinceeper.com/CC/venv/lib64/python3.9/site-packages/sqlalchemy/orm/query.py", line 2704, in all
    return self._iter().all()  # type: ignore
  File "/www/wwwroot/coinceeper.com/CC/venv/lib64/python3.9/site-packages/sqlalchemy/orm/query.py", line 2857, in _iter
    result: Union[ScalarResult[_T], Result[_T]] = self.session.execute(
  File "/www/wwwroot/coinceeper.com/CC/venv/lib64/python3.9/site-packages/sqlalchemy/orm/session.py", line 2365, in execute
    return self._execute_internal(
  File "/www/wwwroot/coinceeper.com/CC/venv/lib64/python3.9/site-packages/sqlalchemy/orm/session.py", line 2241, in _execute_internal
    conn = self._connection_for_bind(bind)
  File "/www/wwwroot/coinceeper.com/CC/venv/lib64/python3.9/site-packages/sqlalchemy/orm/session.py", line 2110, in _connection_for_bind
    return trans._connection_for_bind(engine, execution_options)
  File "<string>", line 2, in _connection_for_bind
  File "/www/wwwroot/coinceeper.com/CC/venv/lib64/python3.9/site-packages/sqlalchemy/orm/state_changes.py", line 137, in _go
    ret_value = fn(self, *arg, **kw)
  File "/www/wwwroot/coinceeper.com/CC/venv/lib64/python3.9/site-packages/sqlalchemy/orm/session.py", line 1189, in _connection_for_bind
    conn = bind.connect()
  File "/www/wwwroot/coinceeper.com/CC/venv/lib64/python3.9/site-packages/sqlalchemy/engine/base.py", line 3271, in connect
    return self._connection_cls(self)
  File "/www/wwwroot/coinceeper.com/CC/venv/lib64/python3.9/site-packages/sqlalchemy/engine/base.py", line 145, in __init__
    Connection._handle_dbapi_exception_noconnection(
  File "/www/wwwroot/coinceeper.com/CC/venv/lib64/python3.9/site-packages/sqlalchemy/engine/base.py", line 2434, in _handle_dbapi_exception_noconnection
    raise sqlalchemy_exception.with_traceback(exc_info[2]) from e
  File "/www/wwwroot/coinceeper.com/CC/venv/lib64/python3.9/site-packages/sqlalchemy/engine/base.py", line 143, in __init__
    self._dbapi_connection = engine.raw_connection()
  File "/www/wwwroot/coinceeper.com/CC/venv/lib64/python3.9/site-packages/sqlalchemy/engine/base.py", line 3295, in raw_connection
    return self.pool.connect()
  File "/www/wwwroot/coinceeper.com/CC/venv/lib64/python3.9/site-packages/sqlalchemy/pool/base.py", line 447, in connect
    return _ConnectionFairy._checkout(self)
  File "/www/wwwroot/coinceeper.com/CC/venv/lib64/python3.9/site-packages/sqlalchemy/pool/base.py", line 1264, in _checkout
    fairy = _ConnectionRecord.checkout(pool)
  File "/www/wwwroot/coinceeper.com/CC/venv/lib64/python3.9/site-packages/sqlalchemy/pool/base.py", line 717, in checkout
    rec._checkin_failed(err, _fairy_was_created=False)
  File "/www/wwwroot/coinceeper.com/CC/venv/lib64/python3.9/site-packages/sqlalchemy/util/langhelpers.py", line 224, in __exit__
    raise exc_value.with_traceback(exc_tb)
  File "/www/wwwroot/coinceeper.com/CC/venv/lib64/python3.9/site-packages/sqlalchemy/pool/base.py", line 714, in checkout
    dbapi_connection = rec.get_connection()
  File "/www/wwwroot/coinceeper.com/CC/venv/lib64/python3.9/site-packages/sqlalchemy/pool/base.py", line 836, in get_connection
    self.__connect()
  File "/www/wwwroot/coinceeper.com/CC/venv/lib64/python3.9/site-packages/sqlalchemy/pool/base.py", line 900, in __connect
    pool.logger.debug("Error on connect(): %s", e)
  File "/www/wwwroot/coinceeper.com/CC/venv/lib64/python3.9/site-packages/sqlalchemy/util/langhelpers.py", line 224, in __exit__
    raise exc_value.with_traceback(exc_tb)
  File "/www/wwwroot/coinceeper.com/CC/venv/lib64/python3.9/site-packages/sqlalchemy/pool/base.py", line 895, in __connect
    self.dbapi_connection = connection = pool._invoke_creator(self)
  File "/www/wwwroot/coinceeper.com/CC/venv/lib64/python3.9/site-packages/sqlalchemy/engine/create.py", line 646, in connect
    return dialect.connect(*cargs, **cparams)
  File "/www/wwwroot/coinceeper.com/CC/venv/lib64/python3.9/site-packages/sqlalchemy/engine/default.py", line 626, in connect
    return self.loaded_dbapi.connect(*cargs, **cparams)  # type: ignore[no-any-return]  # NOQA: E501
  File "/www/wwwroot/coinceeper.com/CC/venv/lib64/python3.9/site-packages/mysql/connector/pooling.py", line 322, in connect
    return CMySQLConnection(*args, **kwargs)
  File "/www/wwwroot/coinceeper.com/CC/venv/lib64/python3.9/site-packages/mysql/connector/connection_cext.py", line 142, in __init__
    self.connect(**kwargs)
  File "/www/wwwroot/coinceeper.com/CC/venv/lib64/python3.9/site-packages/mysql/connector/abstracts.py", line 1604, in connect
    self._open_connection()
  File "/www/wwwroot/coinceeper.com/CC/venv/lib64/python3.9/site-packages/mysql/connector/connection_cext.py", line 360, in _open_connection
    raise get_mysql_exception(
sqlalchemy.exc.DatabaseError: (mysql.connector.errors.DatabaseError) 2003 (HY000): Can't connect to MySQL server on 'localhost:3306' (111)
(Background on this error at: https://sqlalche.me/e/20/4xp6)
2025-07-31 17:28:56 - error_handlers - ERROR - Error in get_all_currencies: (mysql.connector.errors.DatabaseError) 2003 (HY000): Can't connect to MySQL server on 'localhost:3306' (111)
(Background on this error at: https://sqlalche.me/e/20/4xp6)
Traceback (most recent call last):
  File "/www/wwwroot/coinceeper.com/CC/venv/lib64/python3.9/site-packages/mysql/connector/connection_cext.py", line 354, in _open_connection
    self._cmysql.connect(**cnx_kwargs)
_mysql_connector.MySQLInterfaceError: Can't connect to MySQL server on 'localhost:3306' (111)

The above exception was the direct cause of the following exception:

Traceback (most recent call last):
  File "/www/wwwroot/coinceeper.com/CC/venv/lib64/python3.9/site-packages/sqlalchemy/engine/base.py", line 143, in __init__
    self._dbapi_connection = engine.raw_connection()
  File "/www/wwwroot/coinceeper.com/CC/venv/lib64/python3.9/site-packages/sqlalchemy/engine/base.py", line 3295, in raw_connection
    return self.pool.connect()
  File "/www/wwwroot/coinceeper.com/CC/venv/lib64/python3.9/site-packages/sqlalchemy/pool/base.py", line 447, in connect
    return _ConnectionFairy._checkout(self)
  File "/www/wwwroot/coinceeper.com/CC/venv/lib64/python3.9/site-packages/sqlalchemy/pool/base.py", line 1264, in _checkout
    fairy = _ConnectionRecord.checkout(pool)
  File "/www/wwwroot/coinceeper.com/CC/venv/lib64/python3.9/site-packages/sqlalchemy/pool/base.py", line 717, in checkout
    rec._checkin_failed(err, _fairy_was_created=False)
  File "/www/wwwroot/coinceeper.com/CC/venv/lib64/python3.9/site-packages/sqlalchemy/util/langhelpers.py", line 224, in __exit__
    raise exc_value.with_traceback(exc_tb)
  File "/www/wwwroot/coinceeper.com/CC/venv/lib64/python3.9/site-packages/sqlalchemy/pool/base.py", line 714, in checkout
    dbapi_connection = rec.get_connection()
  File "/www/wwwroot/coinceeper.com/CC/venv/lib64/python3.9/site-packages/sqlalchemy/pool/base.py", line 865, in get_connection
    self.__connect()
  File "/www/wwwroot/coinceeper.com/CC/venv/lib64/python3.9/site-packages/sqlalchemy/pool/base.py", line 900, in __connect
    pool.logger.debug("Error on connect(): %s", e)
  File "/www/wwwroot/coinceeper.com/CC/venv/lib64/python3.9/site-packages/sqlalchemy/util/langhelpers.py", line 224, in __exit__
    raise exc_value.with_traceback(exc_tb)
  File "/www/wwwroot/coinceeper.com/CC/venv/lib64/python3.9/site-packages/sqlalchemy/pool/base.py", line 895, in __connect
    self.dbapi_connection = connection = pool._invoke_creator(self)
  File "/www/wwwroot/coinceeper.com/CC/venv/lib64/python3.9/site-packages/sqlalchemy/engine/create.py", line 646, in connect
    return dialect.connect(*cargs, **cparams)
  File "/www/wwwroot/coinceeper.com/CC/venv/lib64/python3.9/site-packages/sqlalchemy/engine/default.py", line 626, in connect
    return self.loaded_dbapi.connect(*cargs, **cparams)  # type: ignore[no-any-return]  # NOQA: E501
  File "/www/wwwroot/coinceeper.com/CC/venv/lib64/python3.9/site-packages/mysql/connector/pooling.py", line 322, in connect
    return CMySQLConnection(*args, **kwargs)
  File "/www/wwwroot/coinceeper.com/CC/venv/lib64/python3.9/site-packages/mysql/connector/connection_cext.py", line 142, in __init__
    self.connect(**kwargs)
  File "/www/wwwroot/coinceeper.com/CC/venv/lib64/python3.9/site-packages/mysql/connector/abstracts.py", line 1604, in connect
    self._open_connection()
  File "/www/wwwroot/coinceeper.com/CC/venv/lib64/python3.9/site-packages/mysql/connector/connection_cext.py", line 360, in _open_connection
    raise get_mysql_exception(
mysql.connector.errors.DatabaseError: 2003 (HY000): Can't connect to MySQL server on 'localhost:3306' (111)

The above exception was the direct cause of the following exception:

Traceback (most recent call last):
  File "/www/wwwroot/coinceeper.com/CC/utils/error_handlers.py", line 119, in decorated_function
    return f(*args, **kwargs)
  File "/www/wwwroot/coinceeper.com/CC/Currencies/All_Currencies.py", line 46, in get_all_currencies
    currencies_query = session.query(
  File "/www/wwwroot/coinceeper.com/CC/venv/lib64/python3.9/site-packages/sqlalchemy/orm/query.py", line 2704, in all
    return self._iter().all()  # type: ignore
  File "/www/wwwroot/coinceeper.com/CC/venv/lib64/python3.9/site-packages/sqlalchemy/orm/query.py", line 2857, in _iter
    result: Union[ScalarResult[_T], Result[_T]] = self.session.execute(
  File "/www/wwwroot/coinceeper.com/CC/venv/lib64/python3.9/site-packages/sqlalchemy/orm/session.py", line 2365, in execute
    return self._execute_internal(
  File "/www/wwwroot/coinceeper.com/CC/venv/lib64/python3.9/site-packages/sqlalchemy/orm/session.py", line 2241, in _execute_internal
    conn = self._connection_for_bind(bind)
  File "/www/wwwroot/coinceeper.com/CC/venv/lib64/python3.9/site-packages/sqlalchemy/orm/session.py", line 2110, in _connection_for_bind
    return trans._connection_for_bind(engine, execution_options)
  File "<string>", line 2, in _connection_for_bind
  File "/www/wwwroot/coinceeper.com/CC/venv/lib64/python3.9/site-packages/sqlalchemy/orm/state_changes.py", line 137, in _go
    ret_value = fn(self, *arg, **kw)
  File "/www/wwwroot/coinceeper.com/CC/venv/lib64/python3.9/site-packages/sqlalchemy/orm/session.py", line 1189, in _connection_for_bind
    conn = bind.connect()
  File "/www/wwwroot/coinceeper.com/CC/venv/lib64/python3.9/site-packages/sqlalchemy/engine/base.py", line 3271, in connect
    return self._connection_cls(self)
  File "/www/wwwroot/coinceeper.com/CC/venv/lib64/python3.9/site-packages/sqlalchemy/engine/base.py", line 145, in __init__
    Connection._handle_dbapi_exception_noconnection(
  File "/www/wwwroot/coinceeper.com/CC/venv/lib64/python3.9/site-packages/sqlalchemy/engine/base.py", line 2434, in _handle_dbapi_exception_noconnection
    raise sqlalchemy_exception.with_traceback(exc_info[2]) from e
  File "/www/wwwroot/coinceeper.com/CC/venv/lib64/python3.9/site-packages/sqlalchemy/engine/base.py", line 143, in __init__
    self._dbapi_connection = engine.raw_connection()
  File "/www/wwwroot/coinceeper.com/CC/venv/lib64/python3.9/site-packages/sqlalchemy/engine/base.py", line 3295, in raw_connection
    return self.pool.connect()
  File "/www/wwwroot/coinceeper.com/CC/venv/lib64/python3.9/site-packages/sqlalchemy/pool/base.py", line 447, in connect
    return _ConnectionFairy._checkout(self)
  File "/www/wwwroot/coinceeper.com/CC/venv/lib64/python3.9/site-packages/sqlalchemy/pool/base.py", line 1264, in _checkout
    fairy = _ConnectionRecord.checkout(pool)
  File "/www/wwwroot/coinceeper.com/CC/venv/lib64/python3.9/site-packages/sqlalchemy/pool/base.py", line 717, in checkout
    rec._checkin_failed(err, _fairy_was_created=False)
  File "/www/wwwroot/coinceeper.com/CC/venv/lib64/python3.9/site-packages/sqlalchemy/util/langhelpers.py", line 224, in __exit__
    raise exc_value.with_traceback(exc_tb)
  File "/www/wwwroot/coinceeper.com/CC/venv/lib64/python3.9/site-packages/sqlalchemy/pool/base.py", line 714, in checkout
    dbapi_connection = rec.get_connection()
  File "/www/wwwroot/coinceeper.com/CC/venv/lib64/python3.9/site-packages/sqlalchemy/pool/base.py", line 865, in get_connection
    self.__connect()
  File "/www/wwwroot/coinceeper.com/CC/venv/lib64/python3.9/site-packages/sqlalchemy/pool/base.py", line 900, in __connect
    pool.logger.debug("Error on connect(): %s", e)
  File "/www/wwwroot/coinceeper.com/CC/venv/lib64/python3.9/site-packages/sqlalchemy/util/langhelpers.py", line 224, in __exit__
    raise exc_value.with_traceback(exc_tb)
  File "/www/wwwroot/coinceeper.com/CC/venv/lib64/python3.9/site-packages/sqlalchemy/pool/base.py", line 895, in __connect
    self.dbapi_connection = connection = pool._invoke_creator(self)
  File "/www/wwwroot/coinceeper.com/CC/venv/lib64/python3.9/site-packages/sqlalchemy/engine/create.py", line 646, in connect
    return dialect.connect(*cargs, **cparams)
  File "/www/wwwroot/coinceeper.com/CC/venv/lib64/python3.9/site-packages/sqlalchemy/engine/default.py", line 626, in connect
    return self.loaded_dbapi.connect(*cargs, **cparams)  # type: ignore[no-any-return]  # NOQA: E501
  File "/www/wwwroot/coinceeper.com/CC/venv/lib64/python3.9/site-packages/mysql/connector/pooling.py", line 322, in connect
    return CMySQLConnection(*args, **kwargs)
  File "/www/wwwroot/coinceeper.com/CC/venv/lib64/python3.9/site-packages/mysql/connector/connection_cext.py", line 142, in __init__
    self.connect(**kwargs)
  File "/www/wwwroot/coinceeper.com/CC/venv/lib64/python3.9/site-packages/mysql/connector/abstracts.py", line 1604, in connect
    self._open_connection()
  File "/www/wwwroot/coinceeper.com/CC/venv/lib64/python3.9/site-packages/mysql/connector/connection_cext.py", line 360, in _open_connection
    raise get_mysql_exception(
sqlalchemy.exc.DatabaseError: (mysql.connector.errors.DatabaseError) 2003 (HY000): Can't connect to MySQL server on 'localhost:3306' (111)
(Background on this error at: https://sqlalche.me/e/20/4xp6)
2025-07-31 17:28:56 - error_handlers - ERROR - Database error: (mysql.connector.errors.DatabaseError) 2003 (HY000): Can't connect to MySQL server on 'localhost:3306' (111)
(Background on this error at: https://sqlalche.me/e/20/4xp6)
Traceback (most recent call last):
  File "/www/wwwroot/coinceeper.com/CC/venv/lib64/python3.9/site-packages/mysql/connector/connection_cext.py", line 354, in _open_connection
    self._cmysql.connect(**cnx_kwargs)
_mysql_connector.MySQLInterfaceError: Can't connect to MySQL server on 'localhost:3306' (111)

The above exception was the direct cause of the following exception:

Traceback (most recent call last):
  File "/www/wwwroot/coinceeper.com/CC/venv/lib64/python3.9/site-packages/sqlalchemy/engine/base.py", line 143, in __init__
    self._dbapi_connection = engine.raw_connection()
  File "/www/wwwroot/coinceeper.com/CC/venv/lib64/python3.9/site-packages/sqlalchemy/engine/base.py", line 3295, in raw_connection
    return self.pool.connect()
  File "/www/wwwroot/coinceeper.com/CC/venv/lib64/python3.9/site-packages/sqlalchemy/pool/base.py", line 447, in connect
    return _ConnectionFairy._checkout(self)
  File "/www/wwwroot/coinceeper.com/CC/venv/lib64/python3.9/site-packages/sqlalchemy/pool/base.py", line 1264, in _checkout
    fairy = _ConnectionRecord.checkout(pool)
  File "/www/wwwroot/coinceeper.com/CC/venv/lib64/python3.9/site-packages/sqlalchemy/pool/base.py", line 717, in checkout
    rec._checkin_failed(err, _fairy_was_created=False)
  File "/www/wwwroot/coinceeper.com/CC/venv/lib64/python3.9/site-packages/sqlalchemy/util/langhelpers.py", line 224, in __exit__
    raise exc_value.with_traceback(exc_tb)
  File "/www/wwwroot/coinceeper.com/CC/venv/lib64/python3.9/site-packages/sqlalchemy/pool/base.py", line 714, in checkout
    dbapi_connection = rec.get_connection()
  File "/www/wwwroot/coinceeper.com/CC/venv/lib64/python3.9/site-packages/sqlalchemy/pool/base.py", line 865, in get_connection
    self.__connect()
  File "/www/wwwroot/coinceeper.com/CC/venv/lib64/python3.9/site-packages/sqlalchemy/pool/base.py", line 900, in __connect
    pool.logger.debug("Error on connect(): %s", e)
  File "/www/wwwroot/coinceeper.com/CC/venv/lib64/python3.9/site-packages/sqlalchemy/util/langhelpers.py", line 224, in __exit__
    raise exc_value.with_traceback(exc_tb)
  File "/www/wwwroot/coinceeper.com/CC/venv/lib64/python3.9/site-packages/sqlalchemy/pool/base.py", line 895, in __connect
    self.dbapi_connection = connection = pool._invoke_creator(self)
  File "/www/wwwroot/coinceeper.com/CC/venv/lib64/python3.9/site-packages/sqlalchemy/engine/create.py", line 646, in connect
    return dialect.connect(*cargs, **cparams)
  File "/www/wwwroot/coinceeper.com/CC/venv/lib64/python3.9/site-packages/sqlalchemy/engine/default.py", line 626, in connect
    return self.loaded_dbapi.connect(*cargs, **cparams)  # type: ignore[no-any-return]  # NOQA: E501
  File "/www/wwwroot/coinceeper.com/CC/venv/lib64/python3.9/site-packages/mysql/connector/pooling.py", line 322, in connect
    return CMySQLConnection(*args, **kwargs)
  File "/www/wwwroot/coinceeper.com/CC/venv/lib64/python3.9/site-packages/mysql/connector/connection_cext.py", line 142, in __init__
    self.connect(**kwargs)
  File "/www/wwwroot/coinceeper.com/CC/venv/lib64/python3.9/site-packages/mysql/connector/abstracts.py", line 1604, in connect
    self._open_connection()
  File "/www/wwwroot/coinceeper.com/CC/venv/lib64/python3.9/site-packages/mysql/connector/connection_cext.py", line 360, in _open_connection
    raise get_mysql_exception(
mysql.connector.errors.DatabaseError: 2003 (HY000): Can't connect to MySQL server on 'localhost:3306' (111)

The above exception was the direct cause of the following exception:

Traceback (most recent call last):
  File "/www/wwwroot/coinceeper.com/CC/utils/error_handlers.py", line 119, in decorated_function
    return f(*args, **kwargs)
  File "/www/wwwroot/coinceeper.com/CC/Currencies/All_Currencies.py", line 46, in get_all_currencies
    currencies_query = session.query(
  File "/www/wwwroot/coinceeper.com/CC/venv/lib64/python3.9/site-packages/sqlalchemy/orm/query.py", line 2704, in all
    return self._iter().all()  # type: ignore
  File "/www/wwwroot/coinceeper.com/CC/venv/lib64/python3.9/site-packages/sqlalchemy/orm/query.py", line 2857, in _iter
    result: Union[ScalarResult[_T], Result[_T]] = self.session.execute(
  File "/www/wwwroot/coinceeper.com/CC/venv/lib64/python3.9/site-packages/sqlalchemy/orm/session.py", line 2365, in execute
    return self._execute_internal(
  File "/www/wwwroot/coinceeper.com/CC/venv/lib64/python3.9/site-packages/sqlalchemy/orm/session.py", line 2241, in _execute_internal
    conn = self._connection_for_bind(bind)
  File "/www/wwwroot/coinceeper.com/CC/venv/lib64/python3.9/site-packages/sqlalchemy/orm/session.py", line 2110, in _connection_for_bind
    return trans._connection_for_bind(engine, execution_options)
  File "<string>", line 2, in _connection_for_bind
  File "/www/wwwroot/coinceeper.com/CC/venv/lib64/python3.9/site-packages/sqlalchemy/orm/state_changes.py", line 137, in _go
    ret_value = fn(self, *arg, **kw)
  File "/www/wwwroot/coinceeper.com/CC/venv/lib64/python3.9/site-packages/sqlalchemy/orm/session.py", line 1189, in _connection_for_bind
    conn = bind.connect()
  File "/www/wwwroot/coinceeper.com/CC/venv/lib64/python3.9/site-packages/sqlalchemy/engine/base.py", line 3271, in connect
    return self._connection_cls(self)
  File "/www/wwwroot/coinceeper.com/CC/venv/lib64/python3.9/site-packages/sqlalchemy/engine/base.py", line 145, in __init__
    Connection._handle_dbapi_exception_noconnection(
  File "/www/wwwroot/coinceeper.com/CC/venv/lib64/python3.9/site-packages/sqlalchemy/engine/base.py", line 2434, in _handle_dbapi_exception_noconnection
    raise sqlalchemy_exception.with_traceback(exc_info[2]) from e
  File "/www/wwwroot/coinceeper.com/CC/venv/lib64/python3.9/site-packages/sqlalchemy/engine/base.py", line 143, in __init__
    self._dbapi_connection = engine.raw_connection()
  File "/www/wwwroot/coinceeper.com/CC/venv/lib64/python3.9/site-packages/sqlalchemy/engine/base.py", line 3295, in raw_connection
    return self.pool.connect()
  File "/www/wwwroot/coinceeper.com/CC/venv/lib64/python3.9/site-packages/sqlalchemy/pool/base.py", line 447, in connect
    return _ConnectionFairy._checkout(self)
  File "/www/wwwroot/coinceeper.com/CC/venv/lib64/python3.9/site-packages/sqlalchemy/pool/base.py", line 1264, in _checkout
    fairy = _ConnectionRecord.checkout(pool)
  File "/www/wwwroot/coinceeper.com/CC/venv/lib64/python3.9/site-packages/sqlalchemy/pool/base.py", line 717, in checkout
    rec._checkin_failed(err, _fairy_was_created=False)
  File "/www/wwwroot/coinceeper.com/CC/venv/lib64/python3.9/site-packages/sqlalchemy/util/langhelpers.py", line 224, in __exit__
    raise exc_value.with_traceback(exc_tb)
  File "/www/wwwroot/coinceeper.com/CC/venv/lib64/python3.9/site-packages/sqlalchemy/pool/base.py", line 714, in checkout
    dbapi_connection = rec.get_connection()
  File "/www/wwwroot/coinceeper.com/CC/venv/lib64/python3.9/site-packages/sqlalchemy/pool/base.py", line 865, in get_connection
    self.__connect()
  File "/www/wwwroot/coinceeper.com/CC/venv/lib64/python3.9/site-packages/sqlalchemy/pool/base.py", line 900, in __connect
    pool.logger.debug("Error on connect(): %s", e)
  File "/www/wwwroot/coinceeper.com/CC/venv/lib64/python3.9/site-packages/sqlalchemy/util/langhelpers.py", line 224, in __exit__
    raise exc_value.with_traceback(exc_tb)
  File "/www/wwwroot/coinceeper.com/CC/venv/lib64/python3.9/site-packages/sqlalchemy/pool/base.py", line 895, in __connect
    self.dbapi_connection = connection = pool._invoke_creator(self)
  File "/www/wwwroot/coinceeper.com/CC/venv/lib64/python3.9/site-packages/sqlalchemy/engine/create.py", line 646, in connect
    return dialect.connect(*cargs, **cparams)
  File "/www/wwwroot/coinceeper.com/CC/venv/lib64/python3.9/site-packages/sqlalchemy/engine/default.py", line 626, in connect
    return self.loaded_dbapi.connect(*cargs, **cparams)  # type: ignore[no-any-return]  # NOQA: E501
  File "/www/wwwroot/coinceeper.com/CC/venv/lib64/python3.9/site-packages/mysql/connector/pooling.py", line 322, in connect
    return CMySQLConnection(*args, **kwargs)
  File "/www/wwwroot/coinceeper.com/CC/venv/lib64/python3.9/site-packages/mysql/connector/connection_cext.py", line 142, in __init__
    self.connect(**kwargs)
  File "/www/wwwroot/coinceeper.com/CC/venv/lib64/python3.9/site-packages/mysql/connector/abstracts.py", line 1604, in connect
    self._open_connection()
  File "/www/wwwroot/coinceeper.com/CC/venv/lib64/python3.9/site-packages/mysql/connector/connection_cext.py", line 360, in _open_connection
    raise get_mysql_exception(
sqlalchemy.exc.DatabaseError: (mysql.connector.errors.DatabaseError) 2003 (HY000): Can't connect to MySQL server on 'localhost:3306' (111)
(Background on this error at: https://sqlalche.me/e/20/4xp6)
2025-07-31 17:28:59 - error_handlers - ERROR - Error in get_all_currencies: (mysql.connector.errors.DatabaseError) 2003 (HY000): Can't connect to MySQL server on 'localhost:3306' (111)
(Background on this error at: https://sqlalche.me/e/20/4xp6)
Traceback (most recent call last):
  File "/www/wwwroot/coinceeper.com/CC/venv/lib64/python3.9/site-packages/mysql/connector/connection_cext.py", line 354, in _open_connection
    self._cmysql.connect(**cnx_kwargs)
_mysql_connector.MySQLInterfaceError: Can't connect to MySQL server on 'localhost:3306' (111)

The above exception was the direct cause of the following exception:

Traceback (most recent call last):
  File "/www/wwwroot/coinceeper.com/CC/venv/lib64/python3.9/site-packages/sqlalchemy/engine/base.py", line 143, in __init__
    self._dbapi_connection = engine.raw_connection()
  File "/www/wwwroot/coinceeper.com/CC/venv/lib64/python3.9/site-packages/sqlalchemy/engine/base.py", line 3295, in raw_connection
    return self.pool.connect()
  File "/www/wwwroot/coinceeper.com/CC/venv/lib64/python3.9/site-packages/sqlalchemy/pool/base.py", line 447, in connect
    return _ConnectionFairy._checkout(self)
  File "/www/wwwroot/coinceeper.com/CC/venv/lib64/python3.9/site-packages/sqlalchemy/pool/base.py", line 1264, in _checkout
    fairy = _ConnectionRecord.checkout(pool)
  File "/www/wwwroot/coinceeper.com/CC/venv/lib64/python3.9/site-packages/sqlalchemy/pool/base.py", line 717, in checkout
    rec._checkin_failed(err, _fairy_was_created=False)
  File "/www/wwwroot/coinceeper.com/CC/venv/lib64/python3.9/site-packages/sqlalchemy/util/langhelpers.py", line 224, in __exit__
    raise exc_value.with_traceback(exc_tb)
  File "/www/wwwroot/coinceeper.com/CC/venv/lib64/python3.9/site-packages/sqlalchemy/pool/base.py", line 714, in checkout
    dbapi_connection = rec.get_connection()
  File "/www/wwwroot/coinceeper.com/CC/venv/lib64/python3.9/site-packages/sqlalchemy/pool/base.py", line 836, in get_connection
    self.__connect()
  File "/www/wwwroot/coinceeper.com/CC/venv/lib64/python3.9/site-packages/sqlalchemy/pool/base.py", line 900, in __connect
    pool.logger.debug("Error on connect(): %s", e)
  File "/www/wwwroot/coinceeper.com/CC/venv/lib64/python3.9/site-packages/sqlalchemy/util/langhelpers.py", line 224, in __exit__
    raise exc_value.with_traceback(exc_tb)
  File "/www/wwwroot/coinceeper.com/CC/venv/lib64/python3.9/site-packages/sqlalchemy/pool/base.py", line 895, in __connect
    self.dbapi_connection = connection = pool._invoke_creator(self)
  File "/www/wwwroot/coinceeper.com/CC/venv/lib64/python3.9/site-packages/sqlalchemy/engine/create.py", line 646, in connect
    return dialect.connect(*cargs, **cparams)
  File "/www/wwwroot/coinceeper.com/CC/venv/lib64/python3.9/site-packages/sqlalchemy/engine/default.py", line 626, in connect
    return self.loaded_dbapi.connect(*cargs, **cparams)  # type: ignore[no-any-return]  # NOQA: E501
  File "/www/wwwroot/coinceeper.com/CC/venv/lib64/python3.9/site-packages/mysql/connector/pooling.py", line 322, in connect
    return CMySQLConnection(*args, **kwargs)
  File "/www/wwwroot/coinceeper.com/CC/venv/lib64/python3.9/site-packages/mysql/connector/connection_cext.py", line 142, in __init__
    self.connect(**kwargs)
  File "/www/wwwroot/coinceeper.com/CC/venv/lib64/python3.9/site-packages/mysql/connector/abstracts.py", line 1604, in connect
    self._open_connection()
  File "/www/wwwroot/coinceeper.com/CC/venv/lib64/python3.9/site-packages/mysql/connector/connection_cext.py", line 360, in _open_connection
    raise get_mysql_exception(
mysql.connector.errors.DatabaseError: 2003 (HY000): Can't connect to MySQL server on 'localhost:3306' (111)

The above exception was the direct cause of the following exception:

Traceback (most recent call last):
  File "/www/wwwroot/coinceeper.com/CC/utils/error_handlers.py", line 119, in decorated_function
    return f(*args, **kwargs)
  File "/www/wwwroot/coinceeper.com/CC/Currencies/All_Currencies.py", line 46, in get_all_currencies
    currencies_query = session.query(
  File "/www/wwwroot/coinceeper.com/CC/venv/lib64/python3.9/site-packages/sqlalchemy/orm/query.py", line 2704, in all
    return self._iter().all()  # type: ignore
  File "/www/wwwroot/coinceeper.com/CC/venv/lib64/python3.9/site-packages/sqlalchemy/orm/query.py", line 2857, in _iter
    result: Union[ScalarResult[_T], Result[_T]] = self.session.execute(
  File "/www/wwwroot/coinceeper.com/CC/venv/lib64/python3.9/site-packages/sqlalchemy/orm/session.py", line 2365, in execute
    return self._execute_internal(
  File "/www/wwwroot/coinceeper.com/CC/venv/lib64/python3.9/site-packages/sqlalchemy/orm/session.py", line 2241, in _execute_internal
    conn = self._connection_for_bind(bind)
  File "/www/wwwroot/coinceeper.com/CC/venv/lib64/python3.9/site-packages/sqlalchemy/orm/session.py", line 2110, in _connection_for_bind
    return trans._connection_for_bind(engine, execution_options)
  File "<string>", line 2, in _connection_for_bind
  File "/www/wwwroot/coinceeper.com/CC/venv/lib64/python3.9/site-packages/sqlalchemy/orm/state_changes.py", line 137, in _go
    ret_value = fn(self, *arg, **kw)
  File "/www/wwwroot/coinceeper.com/CC/venv/lib64/python3.9/site-packages/sqlalchemy/orm/session.py", line 1189, in _connection_for_bind
    conn = bind.connect()
  File "/www/wwwroot/coinceeper.com/CC/venv/lib64/python3.9/site-packages/sqlalchemy/engine/base.py", line 3271, in connect
    return self._connection_cls(self)
  File "/www/wwwroot/coinceeper.com/CC/venv/lib64/python3.9/site-packages/sqlalchemy/engine/base.py", line 145, in __init__
    Connection._handle_dbapi_exception_noconnection(
  File "/www/wwwroot/coinceeper.com/CC/venv/lib64/python3.9/site-packages/sqlalchemy/engine/base.py", line 2434, in _handle_dbapi_exception_noconnection
    raise sqlalchemy_exception.with_traceback(exc_info[2]) from e
  File "/www/wwwroot/coinceeper.com/CC/venv/lib64/python3.9/site-packages/sqlalchemy/engine/base.py", line 143, in __init__
    self._dbapi_connection = engine.raw_connection()
  File "/www/wwwroot/coinceeper.com/CC/venv/lib64/python3.9/site-packages/sqlalchemy/engine/base.py", line 3295, in raw_connection
    return self.pool.connect()
  File "/www/wwwroot/coinceeper.com/CC/venv/lib64/python3.9/site-packages/sqlalchemy/pool/base.py", line 447, in connect
    return _ConnectionFairy._checkout(self)
  File "/www/wwwroot/coinceeper.com/CC/venv/lib64/python3.9/site-packages/sqlalchemy/pool/base.py", line 1264, in _checkout
    fairy = _ConnectionRecord.checkout(pool)
  File "/www/wwwroot/coinceeper.com/CC/venv/lib64/python3.9/site-packages/sqlalchemy/pool/base.py", line 717, in checkout
    rec._checkin_failed(err, _fairy_was_created=False)
  File "/www/wwwroot/coinceeper.com/CC/venv/lib64/python3.9/site-packages/sqlalchemy/util/langhelpers.py", line 224, in __exit__
    raise exc_value.with_traceback(exc_tb)
  File "/www/wwwroot/coinceeper.com/CC/venv/lib64/python3.9/site-packages/sqlalchemy/pool/base.py", line 714, in checkout
    dbapi_connection = rec.get_connection()
  File "/www/wwwroot/coinceeper.com/CC/venv/lib64/python3.9/site-packages/sqlalchemy/pool/base.py", line 836, in get_connection
    self.__connect()
  File "/www/wwwroot/coinceeper.com/CC/venv/lib64/python3.9/site-packages/sqlalchemy/pool/base.py", line 900, in __connect
    pool.logger.debug("Error on connect(): %s", e)
  File "/www/wwwroot/coinceeper.com/CC/venv/lib64/python3.9/site-packages/sqlalchemy/util/langhelpers.py", line 224, in __exit__
    raise exc_value.with_traceback(exc_tb)
  File "/www/wwwroot/coinceeper.com/CC/venv/lib64/python3.9/site-packages/sqlalchemy/pool/base.py", line 895, in __connect
    self.dbapi_connection = connection = pool._invoke_creator(self)
  File "/www/wwwroot/coinceeper.com/CC/venv/lib64/python3.9/site-packages/sqlalchemy/engine/create.py", line 646, in connect
    return dialect.connect(*cargs, **cparams)
  File "/www/wwwroot/coinceeper.com/CC/venv/lib64/python3.9/site-packages/sqlalchemy/engine/default.py", line 626, in connect
    return self.loaded_dbapi.connect(*cargs, **cparams)  # type: ignore[no-any-return]  # NOQA: E501
  File "/www/wwwroot/coinceeper.com/CC/venv/lib64/python3.9/site-packages/mysql/connector/pooling.py", line 322, in connect
    return CMySQLConnection(*args, **kwargs)
  File "/www/wwwroot/coinceeper.com/CC/venv/lib64/python3.9/site-packages/mysql/connector/connection_cext.py", line 142, in __init__
    self.connect(**kwargs)
  File "/www/wwwroot/coinceeper.com/CC/venv/lib64/python3.9/site-packages/mysql/connector/abstracts.py", line 1604, in connect
    self._open_connection()
  File "/www/wwwroot/coinceeper.com/CC/venv/lib64/python3.9/site-packages/mysql/connector/connection_cext.py", line 360, in _open_connection
    raise get_mysql_exception(
sqlalchemy.exc.DatabaseError: (mysql.connector.errors.DatabaseError) 2003 (HY000): Can't connect to MySQL server on 'localhost:3306' (111)
(Background on this error at: https://sqlalche.me/e/20/4xp6)
2025-07-31 17:28:59 - error_handlers - ERROR - Database error: (mysql.connector.errors.DatabaseError) 2003 (HY000): Can't connect to MySQL server on 'localhost:3306' (111)
(Background on this error at: https://sqlalche.me/e/20/4xp6)
Traceback (most recent call last):
  File "/www/wwwroot/coinceeper.com/CC/venv/lib64/python3.9/site-packages/mysql/connector/connection_cext.py", line 354, in _open_connection
    self._cmysql.connect(**cnx_kwargs)
_mysql_connector.MySQLInterfaceError: Can't connect to MySQL server on 'localhost:3306' (111)

The above exception was the direct cause of the following exception:

Traceback (most recent call last):
  File "/www/wwwroot/coinceeper.com/CC/venv/lib64/python3.9/site-packages/sqlalchemy/engine/base.py", line 143, in __init__
    self._dbapi_connection = engine.raw_connection()
  File "/www/wwwroot/coinceeper.com/CC/venv/lib64/python3.9/site-packages/sqlalchemy/engine/base.py", line 3295, in raw_connection
    return self.pool.connect()
  File "/www/wwwroot/coinceeper.com/CC/venv/lib64/python3.9/site-packages/sqlalchemy/pool/base.py", line 447, in connect
    return _ConnectionFairy._checkout(self)
  File "/www/wwwroot/coinceeper.com/CC/venv/lib64/python3.9/site-packages/sqlalchemy/pool/base.py", line 1264, in _checkout
    fairy = _ConnectionRecord.checkout(pool)
  File "/www/wwwroot/coinceeper.com/CC/venv/lib64/python3.9/site-packages/sqlalchemy/pool/base.py", line 717, in checkout
    rec._checkin_failed(err, _fairy_was_created=False)
  File "/www/wwwroot/coinceeper.com/CC/venv/lib64/python3.9/site-packages/sqlalchemy/util/langhelpers.py", line 224, in __exit__
    raise exc_value.with_traceback(exc_tb)
  File "/www/wwwroot/coinceeper.com/CC/venv/lib64/python3.9/site-packages/sqlalchemy/pool/base.py", line 714, in checkout
    dbapi_connection = rec.get_connection()
  File "/www/wwwroot/coinceeper.com/CC/venv/lib64/python3.9/site-packages/sqlalchemy/pool/base.py", line 836, in get_connection
    self.__connect()
  File "/www/wwwroot/coinceeper.com/CC/venv/lib64/python3.9/site-packages/sqlalchemy/pool/base.py", line 900, in __connect
    pool.logger.debug("Error on connect(): %s", e)
  File "/www/wwwroot/coinceeper.com/CC/venv/lib64/python3.9/site-packages/sqlalchemy/util/langhelpers.py", line 224, in __exit__
    raise exc_value.with_traceback(exc_tb)
  File "/www/wwwroot/coinceeper.com/CC/venv/lib64/python3.9/site-packages/sqlalchemy/pool/base.py", line 895, in __connect
    self.dbapi_connection = connection = pool._invoke_creator(self)
  File "/www/wwwroot/coinceeper.com/CC/venv/lib64/python3.9/site-packages/sqlalchemy/engine/create.py", line 646, in connect
    return dialect.connect(*cargs, **cparams)
  File "/www/wwwroot/coinceeper.com/CC/venv/lib64/python3.9/site-packages/sqlalchemy/engine/default.py", line 626, in connect
    return self.loaded_dbapi.connect(*cargs, **cparams)  # type: ignore[no-any-return]  # NOQA: E501
  File "/www/wwwroot/coinceeper.com/CC/venv/lib64/python3.9/site-packages/mysql/connector/pooling.py", line 322, in connect
    return CMySQLConnection(*args, **kwargs)
  File "/www/wwwroot/coinceeper.com/CC/venv/lib64/python3.9/site-packages/mysql/connector/connection_cext.py", line 142, in __init__
    self.connect(**kwargs)
  File "/www/wwwroot/coinceeper.com/CC/venv/lib64/python3.9/site-packages/mysql/connector/abstracts.py", line 1604, in connect
    self._open_connection()
  File "/www/wwwroot/coinceeper.com/CC/venv/lib64/python3.9/site-packages/mysql/connector/connection_cext.py", line 360, in _open_connection
    raise get_mysql_exception(
mysql.connector.errors.DatabaseError: 2003 (HY000): Can't connect to MySQL server on 'localhost:3306' (111)

The above exception was the direct cause of the following exception:

Traceback (most recent call last):
  File "/www/wwwroot/coinceeper.com/CC/utils/error_handlers.py", line 119, in decorated_function
    return f(*args, **kwargs)
  File "/www/wwwroot/coinceeper.com/CC/Currencies/All_Currencies.py", line 46, in get_all_currencies
    currencies_query = session.query(
  File "/www/wwwroot/coinceeper.com/CC/venv/lib64/python3.9/site-packages/sqlalchemy/orm/query.py", line 2704, in all
    return self._iter().all()  # type: ignore
  File "/www/wwwroot/coinceeper.com/CC/venv/lib64/python3.9/site-packages/sqlalchemy/orm/query.py", line 2857, in _iter
    result: Union[ScalarResult[_T], Result[_T]] = self.session.execute(
  File "/www/wwwroot/coinceeper.com/CC/venv/lib64/python3.9/site-packages/sqlalchemy/orm/session.py", line 2365, in execute
    return self._execute_internal(
  File "/www/wwwroot/coinceeper.com/CC/venv/lib64/python3.9/site-packages/sqlalchemy/orm/session.py", line 2241, in _execute_internal
    conn = self._connection_for_bind(bind)
  File "/www/wwwroot/coinceeper.com/CC/venv/lib64/python3.9/site-packages/sqlalchemy/orm/session.py", line 2110, in _connection_for_bind
    return trans._connection_for_bind(engine, execution_options)
  File "<string>", line 2, in _connection_for_bind
  File "/www/wwwroot/coinceeper.com/CC/venv/lib64/python3.9/site-packages/sqlalchemy/orm/state_changes.py", line 137, in _go
    ret_value = fn(self, *arg, **kw)
  File "/www/wwwroot/coinceeper.com/CC/venv/lib64/python3.9/site-packages/sqlalchemy/orm/session.py", line 1189, in _connection_for_bind
    conn = bind.connect()
  File "/www/wwwroot/coinceeper.com/CC/venv/lib64/python3.9/site-packages/sqlalchemy/engine/base.py", line 3271, in connect
    return self._connection_cls(self)
  File "/www/wwwroot/coinceeper.com/CC/venv/lib64/python3.9/site-packages/sqlalchemy/engine/base.py", line 145, in __init__
    Connection._handle_dbapi_exception_noconnection(
  File "/www/wwwroot/coinceeper.com/CC/venv/lib64/python3.9/site-packages/sqlalchemy/engine/base.py", line 2434, in _handle_dbapi_exception_noconnection
    raise sqlalchemy_exception.with_traceback(exc_info[2]) from e
  File "/www/wwwroot/coinceeper.com/CC/venv/lib64/python3.9/site-packages/sqlalchemy/engine/base.py", line 143, in __init__
    self._dbapi_connection = engine.raw_connection()
  File "/www/wwwroot/coinceeper.com/CC/venv/lib64/python3.9/site-packages/sqlalchemy/engine/base.py", line 3295, in raw_connection
    return self.pool.connect()
  File "/www/wwwroot/coinceeper.com/CC/venv/lib64/python3.9/site-packages/sqlalchemy/pool/base.py", line 447, in connect
    return _ConnectionFairy._checkout(self)
  File "/www/wwwroot/coinceeper.com/CC/venv/lib64/python3.9/site-packages/sqlalchemy/pool/base.py", line 1264, in _checkout
    fairy = _ConnectionRecord.checkout(pool)
  File "/www/wwwroot/coinceeper.com/CC/venv/lib64/python3.9/site-packages/sqlalchemy/pool/base.py", line 717, in checkout
    rec._checkin_failed(err, _fairy_was_created=False)
  File "/www/wwwroot/coinceeper.com/CC/venv/lib64/python3.9/site-packages/sqlalchemy/util/langhelpers.py", line 224, in __exit__
    raise exc_value.with_traceback(exc_tb)
  File "/www/wwwroot/coinceeper.com/CC/venv/lib64/python3.9/site-packages/sqlalchemy/pool/base.py", line 714, in checkout
    dbapi_connection = rec.get_connection()
  File "/www/wwwroot/coinceeper.com/CC/venv/lib64/python3.9/site-packages/sqlalchemy/pool/base.py", line 836, in get_connection
    self.__connect()
  File "/www/wwwroot/coinceeper.com/CC/venv/lib64/python3.9/site-packages/sqlalchemy/pool/base.py", line 900, in __connect
    pool.logger.debug("Error on connect(): %s", e)
  File "/www/wwwroot/coinceeper.com/CC/venv/lib64/python3.9/site-packages/sqlalchemy/util/langhelpers.py", line 224, in __exit__
    raise exc_value.with_traceback(exc_tb)
  File "/www/wwwroot/coinceeper.com/CC/venv/lib64/python3.9/site-packages/sqlalchemy/pool/base.py", line 895, in __connect
    self.dbapi_connection = connection = pool._invoke_creator(self)
  File "/www/wwwroot/coinceeper.com/CC/venv/lib64/python3.9/site-packages/sqlalchemy/engine/create.py", line 646, in connect
    return dialect.connect(*cargs, **cparams)
  File "/www/wwwroot/coinceeper.com/CC/venv/lib64/python3.9/site-packages/sqlalchemy/engine/default.py", line 626, in connect
    return self.loaded_dbapi.connect(*cargs, **cparams)  # type: ignore[no-any-return]  # NOQA: E501
  File "/www/wwwroot/coinceeper.com/CC/venv/lib64/python3.9/site-packages/mysql/connector/pooling.py", line 322, in connect
    return CMySQLConnection(*args, **kwargs)
  File "/www/wwwroot/coinceeper.com/CC/venv/lib64/python3.9/site-packages/mysql/connector/connection_cext.py", line 142, in __init__
    self.connect(**kwargs)
  File "/www/wwwroot/coinceeper.com/CC/venv/lib64/python3.9/site-packages/mysql/connector/abstracts.py", line 1604, in connect
    self._open_connection()
  File "/www/wwwroot/coinceeper.com/CC/venv/lib64/python3.9/site-packages/mysql/connector/connection_cext.py", line 360, in _open_connection
    raise get_mysql_exception(
sqlalchemy.exc.DatabaseError: (mysql.connector.errors.DatabaseError) 2003 (HY000): Can't connect to MySQL server on 'localhost:3306' (111)
(Background on this error at: https://sqlalche.me/e/20/4xp6)
2025-07-31 18:02:10 - error_handlers - ERROR - Unexpected error: 404 Not Found: The requested URL was not found on the server. If you entered the URL manually please check your spelling and try again.
Traceback (most recent call last):
  File "/www/wwwroot/coinceeper.com/CC/venv/lib64/python3.9/site-packages/flask/app.py", line 917, in full_dispatch_request
    rv = self.dispatch_request()
  File "/www/wwwroot/coinceeper.com/CC/venv/lib64/python3.9/site-packages/flask/app.py", line 891, in dispatch_request
    self.raise_routing_exception(req)
  File "/www/wwwroot/coinceeper.com/CC/venv/lib64/python3.9/site-packages/flask/app.py", line 500, in raise_routing_exception
    raise request.routing_exception  # type: ignore[misc]
  File "/www/wwwroot/coinceeper.com/CC/venv/lib64/python3.9/site-packages/flask/ctx.py", line 362, in match_request
    result = self.url_adapter.match(return_rule=True)  # type: ignore
  File "/www/wwwroot/coinceeper.com/CC/venv/lib64/python3.9/site-packages/werkzeug/routing/map.py", line 629, in match
    raise NotFound() from None
werkzeug.exceptions.NotFound: 404 Not Found: The requested URL was not found on the server. If you entered the URL manually please check your spelling and try again.
2025-07-31 18:02:10 - error_handlers - ERROR - Error traceback: Traceback (most recent call last):
  File "/www/wwwroot/coinceeper.com/CC/venv/lib64/python3.9/site-packages/flask/app.py", line 917, in full_dispatch_request
    rv = self.dispatch_request()
  File "/www/wwwroot/coinceeper.com/CC/venv/lib64/python3.9/site-packages/flask/app.py", line 891, in dispatch_request
    self.raise_routing_exception(req)
  File "/www/wwwroot/coinceeper.com/CC/venv/lib64/python3.9/site-packages/flask/app.py", line 500, in raise_routing_exception
    raise request.routing_exception  # type: ignore[misc]
  File "/www/wwwroot/coinceeper.com/CC/venv/lib64/python3.9/site-packages/flask/ctx.py", line 362, in match_request
    result = self.url_adapter.match(return_rule=True)  # type: ignore
  File "/www/wwwroot/coinceeper.com/CC/venv/lib64/python3.9/site-packages/werkzeug/routing/map.py", line 629, in match
    raise NotFound() from None
werkzeug.exceptions.NotFound: 404 Not Found: The requested URL was not found on the server. If you entered the URL manually please check your spelling and try again.

2025-07-31 18:24:04 - error_handlers - ERROR - Unexpected error: 404 Not Found: The requested URL was not found on the server. If you entered the URL manually please check your spelling and try again.
Traceback (most recent call last):
  File "/www/wwwroot/coinceeper.com/CC/venv/lib64/python3.9/site-packages/flask/app.py", line 917, in full_dispatch_request
    rv = self.dispatch_request()
  File "/www/wwwroot/coinceeper.com/CC/venv/lib64/python3.9/site-packages/flask/app.py", line 891, in dispatch_request
    self.raise_routing_exception(req)
  File "/www/wwwroot/coinceeper.com/CC/venv/lib64/python3.9/site-packages/flask/app.py", line 500, in raise_routing_exception
    raise request.routing_exception  # type: ignore[misc]
  File "/www/wwwroot/coinceeper.com/CC/venv/lib64/python3.9/site-packages/flask/ctx.py", line 362, in match_request
    result = self.url_adapter.match(return_rule=True)  # type: ignore
  File "/www/wwwroot/coinceeper.com/CC/venv/lib64/python3.9/site-packages/werkzeug/routing/map.py", line 629, in match
    raise NotFound() from None
werkzeug.exceptions.NotFound: 404 Not Found: The requested URL was not found on the server. If you entered the URL manually please check your spelling and try again.
2025-07-31 18:24:04 - error_handlers - ERROR - Error traceback: Traceback (most recent call last):
  File "/www/wwwroot/coinceeper.com/CC/venv/lib64/python3.9/site-packages/flask/app.py", line 917, in full_dispatch_request
    rv = self.dispatch_request()
  File "/www/wwwroot/coinceeper.com/CC/venv/lib64/python3.9/site-packages/flask/app.py", line 891, in dispatch_request
    self.raise_routing_exception(req)
  File "/www/wwwroot/coinceeper.com/CC/venv/lib64/python3.9/site-packages/flask/app.py", line 500, in raise_routing_exception
    raise request.routing_exception  # type: ignore[misc]
  File "/www/wwwroot/coinceeper.com/CC/venv/lib64/python3.9/site-packages/flask/ctx.py", line 362, in match_request
    result = self.url_adapter.match(return_rule=True)  # type: ignore
  File "/www/wwwroot/coinceeper.com/CC/venv/lib64/python3.9/site-packages/werkzeug/routing/map.py", line 629, in match
    raise NotFound() from None
werkzeug.exceptions.NotFound: 404 Not Found: The requested URL was not found on the server. If you entered the URL manually please check your spelling and try again.

2025-07-31 18:26:05 - error_handlers - ERROR - Unexpected error: 404 Not Found: The requested URL was not found on the server. If you entered the URL manually please check your spelling and try again.
Traceback (most recent call last):
  File "/www/wwwroot/coinceeper.com/CC/venv/lib64/python3.9/site-packages/flask/app.py", line 917, in full_dispatch_request
    rv = self.dispatch_request()
  File "/www/wwwroot/coinceeper.com/CC/venv/lib64/python3.9/site-packages/flask/app.py", line 891, in dispatch_request
    self.raise_routing_exception(req)
  File "/www/wwwroot/coinceeper.com/CC/venv/lib64/python3.9/site-packages/flask/app.py", line 500, in raise_routing_exception
    raise request.routing_exception  # type: ignore[misc]
  File "/www/wwwroot/coinceeper.com/CC/venv/lib64/python3.9/site-packages/flask/ctx.py", line 362, in match_request
    result = self.url_adapter.match(return_rule=True)  # type: ignore
  File "/www/wwwroot/coinceeper.com/CC/venv/lib64/python3.9/site-packages/werkzeug/routing/map.py", line 629, in match
    raise NotFound() from None
werkzeug.exceptions.NotFound: 404 Not Found: The requested URL was not found on the server. If you entered the URL manually please check your spelling and try again.
2025-07-31 18:26:05 - error_handlers - ERROR - Error traceback: Traceback (most recent call last):
  File "/www/wwwroot/coinceeper.com/CC/venv/lib64/python3.9/site-packages/flask/app.py", line 917, in full_dispatch_request
    rv = self.dispatch_request()
  File "/www/wwwroot/coinceeper.com/CC/venv/lib64/python3.9/site-packages/flask/app.py", line 891, in dispatch_request
    self.raise_routing_exception(req)
  File "/www/wwwroot/coinceeper.com/CC/venv/lib64/python3.9/site-packages/flask/app.py", line 500, in raise_routing_exception
    raise request.routing_exception  # type: ignore[misc]
  File "/www/wwwroot/coinceeper.com/CC/venv/lib64/python3.9/site-packages/flask/ctx.py", line 362, in match_request
    result = self.url_adapter.match(return_rule=True)  # type: ignore
  File "/www/wwwroot/coinceeper.com/CC/venv/lib64/python3.9/site-packages/werkzeug/routing/map.py", line 629, in match
    raise NotFound() from None
werkzeug.exceptions.NotFound: 404 Not Found: The requested URL was not found on the server. If you entered the URL manually please check your spelling and try again.

2025-07-31 18:34:20 - error_handlers - ERROR - Unexpected error: 404 Not Found: The requested URL was not found on the server. If you entered the URL manually please check your spelling and try again.
Traceback (most recent call last):
  File "/www/wwwroot/coinceeper.com/CC/venv/lib64/python3.9/site-packages/flask/app.py", line 917, in full_dispatch_request
    rv = self.dispatch_request()
  File "/www/wwwroot/coinceeper.com/CC/venv/lib64/python3.9/site-packages/flask/app.py", line 891, in dispatch_request
    self.raise_routing_exception(req)
  File "/www/wwwroot/coinceeper.com/CC/venv/lib64/python3.9/site-packages/flask/app.py", line 500, in raise_routing_exception
    raise request.routing_exception  # type: ignore[misc]
  File "/www/wwwroot/coinceeper.com/CC/venv/lib64/python3.9/site-packages/flask/ctx.py", line 362, in match_request
    result = self.url_adapter.match(return_rule=True)  # type: ignore
  File "/www/wwwroot/coinceeper.com/CC/venv/lib64/python3.9/site-packages/werkzeug/routing/map.py", line 629, in match
    raise NotFound() from None
werkzeug.exceptions.NotFound: 404 Not Found: The requested URL was not found on the server. If you entered the URL manually please check your spelling and try again.
2025-07-31 18:34:20 - error_handlers - ERROR - Error traceback: Traceback (most recent call last):
  File "/www/wwwroot/coinceeper.com/CC/venv/lib64/python3.9/site-packages/flask/app.py", line 917, in full_dispatch_request
    rv = self.dispatch_request()
  File "/www/wwwroot/coinceeper.com/CC/venv/lib64/python3.9/site-packages/flask/app.py", line 891, in dispatch_request
    self.raise_routing_exception(req)
  File "/www/wwwroot/coinceeper.com/CC/venv/lib64/python3.9/site-packages/flask/app.py", line 500, in raise_routing_exception
    raise request.routing_exception  # type: ignore[misc]
  File "/www/wwwroot/coinceeper.com/CC/venv/lib64/python3.9/site-packages/flask/ctx.py", line 362, in match_request
    result = self.url_adapter.match(return_rule=True)  # type: ignore
  File "/www/wwwroot/coinceeper.com/CC/venv/lib64/python3.9/site-packages/werkzeug/routing/map.py", line 629, in match
    raise NotFound() from None
werkzeug.exceptions.NotFound: 404 Not Found: The requested URL was not found on the server. If you entered the URL manually please check your spelling and try again.

2025-07-31 19:02:43 - error_handlers - ERROR - Unexpected error: 404 Not Found: The requested URL was not found on the server. If you entered the URL manually please check your spelling and try again.
Traceback (most recent call last):
  File "/www/wwwroot/coinceeper.com/CC/venv/lib64/python3.9/site-packages/flask/app.py", line 917, in full_dispatch_request
    rv = self.dispatch_request()
  File "/www/wwwroot/coinceeper.com/CC/venv/lib64/python3.9/site-packages/flask/app.py", line 891, in dispatch_request
    self.raise_routing_exception(req)
  File "/www/wwwroot/coinceeper.com/CC/venv/lib64/python3.9/site-packages/flask/app.py", line 500, in raise_routing_exception
    raise request.routing_exception  # type: ignore[misc]
  File "/www/wwwroot/coinceeper.com/CC/venv/lib64/python3.9/site-packages/flask/ctx.py", line 362, in match_request
    result = self.url_adapter.match(return_rule=True)  # type: ignore
  File "/www/wwwroot/coinceeper.com/CC/venv/lib64/python3.9/site-packages/werkzeug/routing/map.py", line 629, in match
    raise NotFound() from None
werkzeug.exceptions.NotFound: 404 Not Found: The requested URL was not found on the server. If you entered the URL manually please check your spelling and try again.
2025-07-31 19:02:43 - error_handlers - ERROR - Error traceback: Traceback (most recent call last):
  File "/www/wwwroot/coinceeper.com/CC/venv/lib64/python3.9/site-packages/flask/app.py", line 917, in full_dispatch_request
    rv = self.dispatch_request()
  File "/www/wwwroot/coinceeper.com/CC/venv/lib64/python3.9/site-packages/flask/app.py", line 891, in dispatch_request
    self.raise_routing_exception(req)
  File "/www/wwwroot/coinceeper.com/CC/venv/lib64/python3.9/site-packages/flask/app.py", line 500, in raise_routing_exception
    raise request.routing_exception  # type: ignore[misc]
  File "/www/wwwroot/coinceeper.com/CC/venv/lib64/python3.9/site-packages/flask/ctx.py", line 362, in match_request
    result = self.url_adapter.match(return_rule=True)  # type: ignore
  File "/www/wwwroot/coinceeper.com/CC/venv/lib64/python3.9/site-packages/werkzeug/routing/map.py", line 629, in match
    raise NotFound() from None
werkzeug.exceptions.NotFound: 404 Not Found: The requested URL was not found on the server. If you entered the URL manually please check your spelling and try again.

2025-07-31 19:02:44 - error_handlers - ERROR - Unexpected error: 405 Method Not Allowed: The method is not allowed for the requested URL.
Traceback (most recent call last):
  File "/www/wwwroot/coinceeper.com/CC/venv/lib64/python3.9/site-packages/flask/app.py", line 917, in full_dispatch_request
    rv = self.dispatch_request()
  File "/www/wwwroot/coinceeper.com/CC/venv/lib64/python3.9/site-packages/flask/app.py", line 891, in dispatch_request
    self.raise_routing_exception(req)
  File "/www/wwwroot/coinceeper.com/CC/venv/lib64/python3.9/site-packages/flask/app.py", line 500, in raise_routing_exception
    raise request.routing_exception  # type: ignore[misc]
  File "/www/wwwroot/coinceeper.com/CC/venv/lib64/python3.9/site-packages/flask/ctx.py", line 362, in match_request
    result = self.url_adapter.match(return_rule=True)  # type: ignore
  File "/www/wwwroot/coinceeper.com/CC/venv/lib64/python3.9/site-packages/werkzeug/routing/map.py", line 624, in match
    raise MethodNotAllowed(valid_methods=list(e.have_match_for)) from None
werkzeug.exceptions.MethodNotAllowed: 405 Method Not Allowed: The method is not allowed for the requested URL.
2025-07-31 19:02:44 - error_handlers - ERROR - Error traceback: Traceback (most recent call last):
  File "/www/wwwroot/coinceeper.com/CC/venv/lib64/python3.9/site-packages/flask/app.py", line 917, in full_dispatch_request
    rv = self.dispatch_request()
  File "/www/wwwroot/coinceeper.com/CC/venv/lib64/python3.9/site-packages/flask/app.py", line 891, in dispatch_request
    self.raise_routing_exception(req)
  File "/www/wwwroot/coinceeper.com/CC/venv/lib64/python3.9/site-packages/flask/app.py", line 500, in raise_routing_exception
    raise request.routing_exception  # type: ignore[misc]
  File "/www/wwwroot/coinceeper.com/CC/venv/lib64/python3.9/site-packages/flask/ctx.py", line 362, in match_request
    result = self.url_adapter.match(return_rule=True)  # type: ignore
  File "/www/wwwroot/coinceeper.com/CC/venv/lib64/python3.9/site-packages/werkzeug/routing/map.py", line 624, in match
    raise MethodNotAllowed(valid_methods=list(e.have_match_for)) from None
werkzeug.exceptions.MethodNotAllowed: 405 Method Not Allowed: The method is not allowed for the requested URL.

2025-07-31 19:49:16 - error_handlers - ERROR - Unexpected error: 404 Not Found: The requested URL was not found on the server. If you entered the URL manually please check your spelling and try again.
Traceback (most recent call last):
  File "/www/wwwroot/coinceeper.com/CC/venv/lib64/python3.9/site-packages/flask/app.py", line 917, in full_dispatch_request
    rv = self.dispatch_request()
  File "/www/wwwroot/coinceeper.com/CC/venv/lib64/python3.9/site-packages/flask/app.py", line 891, in dispatch_request
    self.raise_routing_exception(req)
  File "/www/wwwroot/coinceeper.com/CC/venv/lib64/python3.9/site-packages/flask/app.py", line 500, in raise_routing_exception
    raise request.routing_exception  # type: ignore[misc]
  File "/www/wwwroot/coinceeper.com/CC/venv/lib64/python3.9/site-packages/flask/ctx.py", line 362, in match_request
    result = self.url_adapter.match(return_rule=True)  # type: ignore
  File "/www/wwwroot/coinceeper.com/CC/venv/lib64/python3.9/site-packages/werkzeug/routing/map.py", line 629, in match
    raise NotFound() from None
werkzeug.exceptions.NotFound: 404 Not Found: The requested URL was not found on the server. If you entered the URL manually please check your spelling and try again.
2025-07-31 19:49:16 - error_handlers - ERROR - Error traceback: Traceback (most recent call last):
  File "/www/wwwroot/coinceeper.com/CC/venv/lib64/python3.9/site-packages/flask/app.py", line 917, in full_dispatch_request
    rv = self.dispatch_request()
  File "/www/wwwroot/coinceeper.com/CC/venv/lib64/python3.9/site-packages/flask/app.py", line 891, in dispatch_request
    self.raise_routing_exception(req)
  File "/www/wwwroot/coinceeper.com/CC/venv/lib64/python3.9/site-packages/flask/app.py", line 500, in raise_routing_exception
    raise request.routing_exception  # type: ignore[misc]
  File "/www/wwwroot/coinceeper.com/CC/venv/lib64/python3.9/site-packages/flask/ctx.py", line 362, in match_request
    result = self.url_adapter.match(return_rule=True)  # type: ignore
  File "/www/wwwroot/coinceeper.com/CC/venv/lib64/python3.9/site-packages/werkzeug/routing/map.py", line 629, in match
    raise NotFound() from None
werkzeug.exceptions.NotFound: 404 Not Found: The requested URL was not found on the server. If you entered the URL manually please check your spelling and try again.

2025-07-31 19:51:20 - error_handlers - ERROR - Unexpected error: 404 Not Found: The requested URL was not found on the server. If you entered the URL manually please check your spelling and try again.
Traceback (most recent call last):
  File "/www/wwwroot/coinceeper.com/CC/venv/lib64/python3.9/site-packages/flask/app.py", line 917, in full_dispatch_request
    rv = self.dispatch_request()
  File "/www/wwwroot/coinceeper.com/CC/venv/lib64/python3.9/site-packages/flask/app.py", line 891, in dispatch_request
    self.raise_routing_exception(req)
  File "/www/wwwroot/coinceeper.com/CC/venv/lib64/python3.9/site-packages/flask/app.py", line 500, in raise_routing_exception
    raise request.routing_exception  # type: ignore[misc]
  File "/www/wwwroot/coinceeper.com/CC/venv/lib64/python3.9/site-packages/flask/ctx.py", line 362, in match_request
    result = self.url_adapter.match(return_rule=True)  # type: ignore
  File "/www/wwwroot/coinceeper.com/CC/venv/lib64/python3.9/site-packages/werkzeug/routing/map.py", line 629, in match
    raise NotFound() from None
werkzeug.exceptions.NotFound: 404 Not Found: The requested URL was not found on the server. If you entered the URL manually please check your spelling and try again.
2025-07-31 19:51:20 - error_handlers - ERROR - Error traceback: Traceback (most recent call last):
  File "/www/wwwroot/coinceeper.com/CC/venv/lib64/python3.9/site-packages/flask/app.py", line 917, in full_dispatch_request
    rv = self.dispatch_request()
  File "/www/wwwroot/coinceeper.com/CC/venv/lib64/python3.9/site-packages/flask/app.py", line 891, in dispatch_request
    self.raise_routing_exception(req)
  File "/www/wwwroot/coinceeper.com/CC/venv/lib64/python3.9/site-packages/flask/app.py", line 500, in raise_routing_exception
    raise request.routing_exception  # type: ignore[misc]
  File "/www/wwwroot/coinceeper.com/CC/venv/lib64/python3.9/site-packages/flask/ctx.py", line 362, in match_request
    result = self.url_adapter.match(return_rule=True)  # type: ignore
  File "/www/wwwroot/coinceeper.com/CC/venv/lib64/python3.9/site-packages/werkzeug/routing/map.py", line 629, in match
    raise NotFound() from None
werkzeug.exceptions.NotFound: 404 Not Found: The requested URL was not found on the server. If you entered the URL manually please check your spelling and try again.

2025-07-31 20:11:56 - error_handlers - ERROR - Unexpected error: 404 Not Found: The requested URL was not found on the server. If you entered the URL manually please check your spelling and try again.
Traceback (most recent call last):
  File "/www/wwwroot/coinceeper.com/CC/venv/lib64/python3.9/site-packages/flask/app.py", line 917, in full_dispatch_request
    rv = self.dispatch_request()
  File "/www/wwwroot/coinceeper.com/CC/venv/lib64/python3.9/site-packages/flask/app.py", line 891, in dispatch_request
    self.raise_routing_exception(req)
  File "/www/wwwroot/coinceeper.com/CC/venv/lib64/python3.9/site-packages/flask/app.py", line 500, in raise_routing_exception
    raise request.routing_exception  # type: ignore[misc]
  File "/www/wwwroot/coinceeper.com/CC/venv/lib64/python3.9/site-packages/flask/ctx.py", line 362, in match_request
    result = self.url_adapter.match(return_rule=True)  # type: ignore
  File "/www/wwwroot/coinceeper.com/CC/venv/lib64/python3.9/site-packages/werkzeug/routing/map.py", line 629, in match
    raise NotFound() from None
werkzeug.exceptions.NotFound: 404 Not Found: The requested URL was not found on the server. If you entered the URL manually please check your spelling and try again.
2025-07-31 20:11:56 - error_handlers - ERROR - Error traceback: Traceback (most recent call last):
  File "/www/wwwroot/coinceeper.com/CC/venv/lib64/python3.9/site-packages/flask/app.py", line 917, in full_dispatch_request
    rv = self.dispatch_request()
  File "/www/wwwroot/coinceeper.com/CC/venv/lib64/python3.9/site-packages/flask/app.py", line 891, in dispatch_request
    self.raise_routing_exception(req)
  File "/www/wwwroot/coinceeper.com/CC/venv/lib64/python3.9/site-packages/flask/app.py", line 500, in raise_routing_exception
    raise request.routing_exception  # type: ignore[misc]
  File "/www/wwwroot/coinceeper.com/CC/venv/lib64/python3.9/site-packages/flask/ctx.py", line 362, in match_request
    result = self.url_adapter.match(return_rule=True)  # type: ignore
  File "/www/wwwroot/coinceeper.com/CC/venv/lib64/python3.9/site-packages/werkzeug/routing/map.py", line 629, in match
    raise NotFound() from None
werkzeug.exceptions.NotFound: 404 Not Found: The requested URL was not found on the server. If you entered the URL manually please check your spelling and try again.

2025-07-31 20:22:07 - error_handlers - ERROR - Unexpected error: 404 Not Found: The requested URL was not found on the server. If you entered the URL manually please check your spelling and try again.
Traceback (most recent call last):
  File "/www/wwwroot/coinceeper.com/CC/venv/lib64/python3.9/site-packages/flask/app.py", line 917, in full_dispatch_request
    rv = self.dispatch_request()
  File "/www/wwwroot/coinceeper.com/CC/venv/lib64/python3.9/site-packages/flask/app.py", line 891, in dispatch_request
    self.raise_routing_exception(req)
  File "/www/wwwroot/coinceeper.com/CC/venv/lib64/python3.9/site-packages/flask/app.py", line 500, in raise_routing_exception
    raise request.routing_exception  # type: ignore[misc]
  File "/www/wwwroot/coinceeper.com/CC/venv/lib64/python3.9/site-packages/flask/ctx.py", line 362, in match_request
    result = self.url_adapter.match(return_rule=True)  # type: ignore
  File "/www/wwwroot/coinceeper.com/CC/venv/lib64/python3.9/site-packages/werkzeug/routing/map.py", line 629, in match
    raise NotFound() from None
werkzeug.exceptions.NotFound: 404 Not Found: The requested URL was not found on the server. If you entered the URL manually please check your spelling and try again.
2025-07-31 20:22:07 - error_handlers - ERROR - Error traceback: Traceback (most recent call last):
  File "/www/wwwroot/coinceeper.com/CC/venv/lib64/python3.9/site-packages/flask/app.py", line 917, in full_dispatch_request
    rv = self.dispatch_request()
  File "/www/wwwroot/coinceeper.com/CC/venv/lib64/python3.9/site-packages/flask/app.py", line 891, in dispatch_request
    self.raise_routing_exception(req)
  File "/www/wwwroot/coinceeper.com/CC/venv/lib64/python3.9/site-packages/flask/app.py", line 500, in raise_routing_exception
    raise request.routing_exception  # type: ignore[misc]
  File "/www/wwwroot/coinceeper.com/CC/venv/lib64/python3.9/site-packages/flask/ctx.py", line 362, in match_request
    result = self.url_adapter.match(return_rule=True)  # type: ignore
  File "/www/wwwroot/coinceeper.com/CC/venv/lib64/python3.9/site-packages/werkzeug/routing/map.py", line 629, in match
    raise NotFound() from None
werkzeug.exceptions.NotFound: 404 Not Found: The requested URL was not found on the server. If you entered the URL manually please check your spelling and try again.

2025-07-31 20:24:43 - error_handlers - ERROR - Error in get_all_currencies: (mysql.connector.errors.DatabaseError) 2003 (HY000): Can't connect to MySQL server on 'localhost:3306' (111)
(Background on this error at: https://sqlalche.me/e/20/4xp6)
Traceback (most recent call last):
  File "/www/wwwroot/coinceeper.com/CC/venv/lib64/python3.9/site-packages/mysql/connector/connection_cext.py", line 354, in _open_connection
    self._cmysql.connect(**cnx_kwargs)
_mysql_connector.MySQLInterfaceError: Can't connect to MySQL server on 'localhost:3306' (111)

The above exception was the direct cause of the following exception:

Traceback (most recent call last):
  File "/www/wwwroot/coinceeper.com/CC/venv/lib64/python3.9/site-packages/sqlalchemy/engine/base.py", line 143, in __init__
    self._dbapi_connection = engine.raw_connection()
  File "/www/wwwroot/coinceeper.com/CC/venv/lib64/python3.9/site-packages/sqlalchemy/engine/base.py", line 3295, in raw_connection
    return self.pool.connect()
  File "/www/wwwroot/coinceeper.com/CC/venv/lib64/python3.9/site-packages/sqlalchemy/pool/base.py", line 447, in connect
    return _ConnectionFairy._checkout(self)
  File "/www/wwwroot/coinceeper.com/CC/venv/lib64/python3.9/site-packages/sqlalchemy/pool/base.py", line 1264, in _checkout
    fairy = _ConnectionRecord.checkout(pool)
  File "/www/wwwroot/coinceeper.com/CC/venv/lib64/python3.9/site-packages/sqlalchemy/pool/base.py", line 717, in checkout
    rec._checkin_failed(err, _fairy_was_created=False)
  File "/www/wwwroot/coinceeper.com/CC/venv/lib64/python3.9/site-packages/sqlalchemy/util/langhelpers.py", line 224, in __exit__
    raise exc_value.with_traceback(exc_tb)
  File "/www/wwwroot/coinceeper.com/CC/venv/lib64/python3.9/site-packages/sqlalchemy/pool/base.py", line 714, in checkout
    dbapi_connection = rec.get_connection()
  File "/www/wwwroot/coinceeper.com/CC/venv/lib64/python3.9/site-packages/sqlalchemy/pool/base.py", line 865, in get_connection
    self.__connect()
  File "/www/wwwroot/coinceeper.com/CC/venv/lib64/python3.9/site-packages/sqlalchemy/pool/base.py", line 900, in __connect
    pool.logger.debug("Error on connect(): %s", e)
  File "/www/wwwroot/coinceeper.com/CC/venv/lib64/python3.9/site-packages/sqlalchemy/util/langhelpers.py", line 224, in __exit__
    raise exc_value.with_traceback(exc_tb)
  File "/www/wwwroot/coinceeper.com/CC/venv/lib64/python3.9/site-packages/sqlalchemy/pool/base.py", line 895, in __connect
    self.dbapi_connection = connection = pool._invoke_creator(self)
  File "/www/wwwroot/coinceeper.com/CC/venv/lib64/python3.9/site-packages/sqlalchemy/engine/create.py", line 646, in connect
    return dialect.connect(*cargs, **cparams)
  File "/www/wwwroot/coinceeper.com/CC/venv/lib64/python3.9/site-packages/sqlalchemy/engine/default.py", line 626, in connect
    return self.loaded_dbapi.connect(*cargs, **cparams)  # type: ignore[no-any-return]  # NOQA: E501
  File "/www/wwwroot/coinceeper.com/CC/venv/lib64/python3.9/site-packages/mysql/connector/pooling.py", line 322, in connect
    return CMySQLConnection(*args, **kwargs)
  File "/www/wwwroot/coinceeper.com/CC/venv/lib64/python3.9/site-packages/mysql/connector/connection_cext.py", line 142, in __init__
    self.connect(**kwargs)
  File "/www/wwwroot/coinceeper.com/CC/venv/lib64/python3.9/site-packages/mysql/connector/abstracts.py", line 1604, in connect
    self._open_connection()
  File "/www/wwwroot/coinceeper.com/CC/venv/lib64/python3.9/site-packages/mysql/connector/connection_cext.py", line 360, in _open_connection
    raise get_mysql_exception(
mysql.connector.errors.DatabaseError: 2003 (HY000): Can't connect to MySQL server on 'localhost:3306' (111)

The above exception was the direct cause of the following exception:

Traceback (most recent call last):
  File "/www/wwwroot/coinceeper.com/CC/utils/error_handlers.py", line 119, in decorated_function
    return f(*args, **kwargs)
  File "/www/wwwroot/coinceeper.com/CC/Currencies/All_Currencies.py", line 46, in get_all_currencies
    currencies_query = session.query(
  File "/www/wwwroot/coinceeper.com/CC/venv/lib64/python3.9/site-packages/sqlalchemy/orm/query.py", line 2704, in all
    return self._iter().all()  # type: ignore
  File "/www/wwwroot/coinceeper.com/CC/venv/lib64/python3.9/site-packages/sqlalchemy/orm/query.py", line 2857, in _iter
    result: Union[ScalarResult[_T], Result[_T]] = self.session.execute(
  File "/www/wwwroot/coinceeper.com/CC/venv/lib64/python3.9/site-packages/sqlalchemy/orm/session.py", line 2365, in execute
    return self._execute_internal(
  File "/www/wwwroot/coinceeper.com/CC/venv/lib64/python3.9/site-packages/sqlalchemy/orm/session.py", line 2241, in _execute_internal
    conn = self._connection_for_bind(bind)
  File "/www/wwwroot/coinceeper.com/CC/venv/lib64/python3.9/site-packages/sqlalchemy/orm/session.py", line 2110, in _connection_for_bind
    return trans._connection_for_bind(engine, execution_options)
  File "<string>", line 2, in _connection_for_bind
  File "/www/wwwroot/coinceeper.com/CC/venv/lib64/python3.9/site-packages/sqlalchemy/orm/state_changes.py", line 137, in _go
    ret_value = fn(self, *arg, **kw)
  File "/www/wwwroot/coinceeper.com/CC/venv/lib64/python3.9/site-packages/sqlalchemy/orm/session.py", line 1189, in _connection_for_bind
    conn = bind.connect()
  File "/www/wwwroot/coinceeper.com/CC/venv/lib64/python3.9/site-packages/sqlalchemy/engine/base.py", line 3271, in connect
    return self._connection_cls(self)
  File "/www/wwwroot/coinceeper.com/CC/venv/lib64/python3.9/site-packages/sqlalchemy/engine/base.py", line 145, in __init__
    Connection._handle_dbapi_exception_noconnection(
  File "/www/wwwroot/coinceeper.com/CC/venv/lib64/python3.9/site-packages/sqlalchemy/engine/base.py", line 2434, in _handle_dbapi_exception_noconnection
    raise sqlalchemy_exception.with_traceback(exc_info[2]) from e
  File "/www/wwwroot/coinceeper.com/CC/venv/lib64/python3.9/site-packages/sqlalchemy/engine/base.py", line 143, in __init__
    self._dbapi_connection = engine.raw_connection()
  File "/www/wwwroot/coinceeper.com/CC/venv/lib64/python3.9/site-packages/sqlalchemy/engine/base.py", line 3295, in raw_connection
    return self.pool.connect()
  File "/www/wwwroot/coinceeper.com/CC/venv/lib64/python3.9/site-packages/sqlalchemy/pool/base.py", line 447, in connect
    return _ConnectionFairy._checkout(self)
  File "/www/wwwroot/coinceeper.com/CC/venv/lib64/python3.9/site-packages/sqlalchemy/pool/base.py", line 1264, in _checkout
    fairy = _ConnectionRecord.checkout(pool)
  File "/www/wwwroot/coinceeper.com/CC/venv/lib64/python3.9/site-packages/sqlalchemy/pool/base.py", line 717, in checkout
    rec._checkin_failed(err, _fairy_was_created=False)
  File "/www/wwwroot/coinceeper.com/CC/venv/lib64/python3.9/site-packages/sqlalchemy/util/langhelpers.py", line 224, in __exit__
    raise exc_value.with_traceback(exc_tb)
  File "/www/wwwroot/coinceeper.com/CC/venv/lib64/python3.9/site-packages/sqlalchemy/pool/base.py", line 714, in checkout
    dbapi_connection = rec.get_connection()
  File "/www/wwwroot/coinceeper.com/CC/venv/lib64/python3.9/site-packages/sqlalchemy/pool/base.py", line 865, in get_connection
    self.__connect()
  File "/www/wwwroot/coinceeper.com/CC/venv/lib64/python3.9/site-packages/sqlalchemy/pool/base.py", line 900, in __connect
    pool.logger.debug("Error on connect(): %s", e)
  File "/www/wwwroot/coinceeper.com/CC/venv/lib64/python3.9/site-packages/sqlalchemy/util/langhelpers.py", line 224, in __exit__
    raise exc_value.with_traceback(exc_tb)
  File "/www/wwwroot/coinceeper.com/CC/venv/lib64/python3.9/site-packages/sqlalchemy/pool/base.py", line 895, in __connect
    self.dbapi_connection = connection = pool._invoke_creator(self)
  File "/www/wwwroot/coinceeper.com/CC/venv/lib64/python3.9/site-packages/sqlalchemy/engine/create.py", line 646, in connect
    return dialect.connect(*cargs, **cparams)
  File "/www/wwwroot/coinceeper.com/CC/venv/lib64/python3.9/site-packages/sqlalchemy/engine/default.py", line 626, in connect
    return self.loaded_dbapi.connect(*cargs, **cparams)  # type: ignore[no-any-return]  # NOQA: E501
  File "/www/wwwroot/coinceeper.com/CC/venv/lib64/python3.9/site-packages/mysql/connector/pooling.py", line 322, in connect
    return CMySQLConnection(*args, **kwargs)
  File "/www/wwwroot/coinceeper.com/CC/venv/lib64/python3.9/site-packages/mysql/connector/connection_cext.py", line 142, in __init__
    self.connect(**kwargs)
  File "/www/wwwroot/coinceeper.com/CC/venv/lib64/python3.9/site-packages/mysql/connector/abstracts.py", line 1604, in connect
    self._open_connection()
  File "/www/wwwroot/coinceeper.com/CC/venv/lib64/python3.9/site-packages/mysql/connector/connection_cext.py", line 360, in _open_connection
    raise get_mysql_exception(
sqlalchemy.exc.DatabaseError: (mysql.connector.errors.DatabaseError) 2003 (HY000): Can't connect to MySQL server on 'localhost:3306' (111)
(Background on this error at: https://sqlalche.me/e/20/4xp6)
2025-07-31 20:24:43 - error_handlers - ERROR - Database error: (mysql.connector.errors.DatabaseError) 2003 (HY000): Can't connect to MySQL server on 'localhost:3306' (111)
(Background on this error at: https://sqlalche.me/e/20/4xp6)
Traceback (most recent call last):
  File "/www/wwwroot/coinceeper.com/CC/venv/lib64/python3.9/site-packages/mysql/connector/connection_cext.py", line 354, in _open_connection
    self._cmysql.connect(**cnx_kwargs)
_mysql_connector.MySQLInterfaceError: Can't connect to MySQL server on 'localhost:3306' (111)

The above exception was the direct cause of the following exception:

Traceback (most recent call last):
  File "/www/wwwroot/coinceeper.com/CC/venv/lib64/python3.9/site-packages/sqlalchemy/engine/base.py", line 143, in __init__
    self._dbapi_connection = engine.raw_connection()
  File "/www/wwwroot/coinceeper.com/CC/venv/lib64/python3.9/site-packages/sqlalchemy/engine/base.py", line 3295, in raw_connection
    return self.pool.connect()
  File "/www/wwwroot/coinceeper.com/CC/venv/lib64/python3.9/site-packages/sqlalchemy/pool/base.py", line 447, in connect
    return _ConnectionFairy._checkout(self)
  File "/www/wwwroot/coinceeper.com/CC/venv/lib64/python3.9/site-packages/sqlalchemy/pool/base.py", line 1264, in _checkout
    fairy = _ConnectionRecord.checkout(pool)
  File "/www/wwwroot/coinceeper.com/CC/venv/lib64/python3.9/site-packages/sqlalchemy/pool/base.py", line 717, in checkout
    rec._checkin_failed(err, _fairy_was_created=False)
  File "/www/wwwroot/coinceeper.com/CC/venv/lib64/python3.9/site-packages/sqlalchemy/util/langhelpers.py", line 224, in __exit__
    raise exc_value.with_traceback(exc_tb)
  File "/www/wwwroot/coinceeper.com/CC/venv/lib64/python3.9/site-packages/sqlalchemy/pool/base.py", line 714, in checkout
    dbapi_connection = rec.get_connection()
  File "/www/wwwroot/coinceeper.com/CC/venv/lib64/python3.9/site-packages/sqlalchemy/pool/base.py", line 865, in get_connection
    self.__connect()
  File "/www/wwwroot/coinceeper.com/CC/venv/lib64/python3.9/site-packages/sqlalchemy/pool/base.py", line 900, in __connect
    pool.logger.debug("Error on connect(): %s", e)
  File "/www/wwwroot/coinceeper.com/CC/venv/lib64/python3.9/site-packages/sqlalchemy/util/langhelpers.py", line 224, in __exit__
    raise exc_value.with_traceback(exc_tb)
  File "/www/wwwroot/coinceeper.com/CC/venv/lib64/python3.9/site-packages/sqlalchemy/pool/base.py", line 895, in __connect
    self.dbapi_connection = connection = pool._invoke_creator(self)
  File "/www/wwwroot/coinceeper.com/CC/venv/lib64/python3.9/site-packages/sqlalchemy/engine/create.py", line 646, in connect
    return dialect.connect(*cargs, **cparams)
  File "/www/wwwroot/coinceeper.com/CC/venv/lib64/python3.9/site-packages/sqlalchemy/engine/default.py", line 626, in connect
    return self.loaded_dbapi.connect(*cargs, **cparams)  # type: ignore[no-any-return]  # NOQA: E501
  File "/www/wwwroot/coinceeper.com/CC/venv/lib64/python3.9/site-packages/mysql/connector/pooling.py", line 322, in connect
    return CMySQLConnection(*args, **kwargs)
  File "/www/wwwroot/coinceeper.com/CC/venv/lib64/python3.9/site-packages/mysql/connector/connection_cext.py", line 142, in __init__
    self.connect(**kwargs)
  File "/www/wwwroot/coinceeper.com/CC/venv/lib64/python3.9/site-packages/mysql/connector/abstracts.py", line 1604, in connect
    self._open_connection()
  File "/www/wwwroot/coinceeper.com/CC/venv/lib64/python3.9/site-packages/mysql/connector/connection_cext.py", line 360, in _open_connection
    raise get_mysql_exception(
mysql.connector.errors.DatabaseError: 2003 (HY000): Can't connect to MySQL server on 'localhost:3306' (111)

The above exception was the direct cause of the following exception:

Traceback (most recent call last):
  File "/www/wwwroot/coinceeper.com/CC/utils/error_handlers.py", line 119, in decorated_function
    return f(*args, **kwargs)
  File "/www/wwwroot/coinceeper.com/CC/Currencies/All_Currencies.py", line 46, in get_all_currencies
    currencies_query = session.query(
  File "/www/wwwroot/coinceeper.com/CC/venv/lib64/python3.9/site-packages/sqlalchemy/orm/query.py", line 2704, in all
    return self._iter().all()  # type: ignore
  File "/www/wwwroot/coinceeper.com/CC/venv/lib64/python3.9/site-packages/sqlalchemy/orm/query.py", line 2857, in _iter
    result: Union[ScalarResult[_T], Result[_T]] = self.session.execute(
  File "/www/wwwroot/coinceeper.com/CC/venv/lib64/python3.9/site-packages/sqlalchemy/orm/session.py", line 2365, in execute
    return self._execute_internal(
  File "/www/wwwroot/coinceeper.com/CC/venv/lib64/python3.9/site-packages/sqlalchemy/orm/session.py", line 2241, in _execute_internal
    conn = self._connection_for_bind(bind)
  File "/www/wwwroot/coinceeper.com/CC/venv/lib64/python3.9/site-packages/sqlalchemy/orm/session.py", line 2110, in _connection_for_bind
    return trans._connection_for_bind(engine, execution_options)
  File "<string>", line 2, in _connection_for_bind
  File "/www/wwwroot/coinceeper.com/CC/venv/lib64/python3.9/site-packages/sqlalchemy/orm/state_changes.py", line 137, in _go
    ret_value = fn(self, *arg, **kw)
  File "/www/wwwroot/coinceeper.com/CC/venv/lib64/python3.9/site-packages/sqlalchemy/orm/session.py", line 1189, in _connection_for_bind
    conn = bind.connect()
  File "/www/wwwroot/coinceeper.com/CC/venv/lib64/python3.9/site-packages/sqlalchemy/engine/base.py", line 3271, in connect
    return self._connection_cls(self)
  File "/www/wwwroot/coinceeper.com/CC/venv/lib64/python3.9/site-packages/sqlalchemy/engine/base.py", line 145, in __init__
    Connection._handle_dbapi_exception_noconnection(
  File "/www/wwwroot/coinceeper.com/CC/venv/lib64/python3.9/site-packages/sqlalchemy/engine/base.py", line 2434, in _handle_dbapi_exception_noconnection
    raise sqlalchemy_exception.with_traceback(exc_info[2]) from e
  File "/www/wwwroot/coinceeper.com/CC/venv/lib64/python3.9/site-packages/sqlalchemy/engine/base.py", line 143, in __init__
    self._dbapi_connection = engine.raw_connection()
  File "/www/wwwroot/coinceeper.com/CC/venv/lib64/python3.9/site-packages/sqlalchemy/engine/base.py", line 3295, in raw_connection
    return self.pool.connect()
  File "/www/wwwroot/coinceeper.com/CC/venv/lib64/python3.9/site-packages/sqlalchemy/pool/base.py", line 447, in connect
    return _ConnectionFairy._checkout(self)
  File "/www/wwwroot/coinceeper.com/CC/venv/lib64/python3.9/site-packages/sqlalchemy/pool/base.py", line 1264, in _checkout
    fairy = _ConnectionRecord.checkout(pool)
  File "/www/wwwroot/coinceeper.com/CC/venv/lib64/python3.9/site-packages/sqlalchemy/pool/base.py", line 717, in checkout
    rec._checkin_failed(err, _fairy_was_created=False)
  File "/www/wwwroot/coinceeper.com/CC/venv/lib64/python3.9/site-packages/sqlalchemy/util/langhelpers.py", line 224, in __exit__
    raise exc_value.with_traceback(exc_tb)
  File "/www/wwwroot/coinceeper.com/CC/venv/lib64/python3.9/site-packages/sqlalchemy/pool/base.py", line 714, in checkout
    dbapi_connection = rec.get_connection()
  File "/www/wwwroot/coinceeper.com/CC/venv/lib64/python3.9/site-packages/sqlalchemy/pool/base.py", line 865, in get_connection
    self.__connect()
  File "/www/wwwroot/coinceeper.com/CC/venv/lib64/python3.9/site-packages/sqlalchemy/pool/base.py", line 900, in __connect
    pool.logger.debug("Error on connect(): %s", e)
  File "/www/wwwroot/coinceeper.com/CC/venv/lib64/python3.9/site-packages/sqlalchemy/util/langhelpers.py", line 224, in __exit__
    raise exc_value.with_traceback(exc_tb)
  File "/www/wwwroot/coinceeper.com/CC/venv/lib64/python3.9/site-packages/sqlalchemy/pool/base.py", line 895, in __connect
    self.dbapi_connection = connection = pool._invoke_creator(self)
  File "/www/wwwroot/coinceeper.com/CC/venv/lib64/python3.9/site-packages/sqlalchemy/engine/create.py", line 646, in connect
    return dialect.connect(*cargs, **cparams)
  File "/www/wwwroot/coinceeper.com/CC/venv/lib64/python3.9/site-packages/sqlalchemy/engine/default.py", line 626, in connect
    return self.loaded_dbapi.connect(*cargs, **cparams)  # type: ignore[no-any-return]  # NOQA: E501
  File "/www/wwwroot/coinceeper.com/CC/venv/lib64/python3.9/site-packages/mysql/connector/pooling.py", line 322, in connect
    return CMySQLConnection(*args, **kwargs)
  File "/www/wwwroot/coinceeper.com/CC/venv/lib64/python3.9/site-packages/mysql/connector/connection_cext.py", line 142, in __init__
    self.connect(**kwargs)
  File "/www/wwwroot/coinceeper.com/CC/venv/lib64/python3.9/site-packages/mysql/connector/abstracts.py", line 1604, in connect
    self._open_connection()
  File "/www/wwwroot/coinceeper.com/CC/venv/lib64/python3.9/site-packages/mysql/connector/connection_cext.py", line 360, in _open_connection
    raise get_mysql_exception(
sqlalchemy.exc.DatabaseError: (mysql.connector.errors.DatabaseError) 2003 (HY000): Can't connect to MySQL server on 'localhost:3306' (111)
(Background on this error at: https://sqlalche.me/e/20/4xp6)
2025-07-31 20:27:47 - error_handlers - ERROR - Unexpected error: 404 Not Found: The requested URL was not found on the server. If you entered the URL manually please check your spelling and try again.
Traceback (most recent call last):
  File "/www/wwwroot/coinceeper.com/CC/venv/lib64/python3.9/site-packages/flask/app.py", line 917, in full_dispatch_request
    rv = self.dispatch_request()
  File "/www/wwwroot/coinceeper.com/CC/venv/lib64/python3.9/site-packages/flask/app.py", line 891, in dispatch_request
    self.raise_routing_exception(req)
  File "/www/wwwroot/coinceeper.com/CC/venv/lib64/python3.9/site-packages/flask/app.py", line 500, in raise_routing_exception
    raise request.routing_exception  # type: ignore[misc]
  File "/www/wwwroot/coinceeper.com/CC/venv/lib64/python3.9/site-packages/flask/ctx.py", line 362, in match_request
    result = self.url_adapter.match(return_rule=True)  # type: ignore
  File "/www/wwwroot/coinceeper.com/CC/venv/lib64/python3.9/site-packages/werkzeug/routing/map.py", line 629, in match
    raise NotFound() from None
werkzeug.exceptions.NotFound: 404 Not Found: The requested URL was not found on the server. If you entered the URL manually please check your spelling and try again.
2025-07-31 20:27:47 - error_handlers - ERROR - Error traceback: Traceback (most recent call last):
  File "/www/wwwroot/coinceeper.com/CC/venv/lib64/python3.9/site-packages/flask/app.py", line 917, in full_dispatch_request
    rv = self.dispatch_request()
  File "/www/wwwroot/coinceeper.com/CC/venv/lib64/python3.9/site-packages/flask/app.py", line 891, in dispatch_request
    self.raise_routing_exception(req)
  File "/www/wwwroot/coinceeper.com/CC/venv/lib64/python3.9/site-packages/flask/app.py", line 500, in raise_routing_exception
    raise request.routing_exception  # type: ignore[misc]
  File "/www/wwwroot/coinceeper.com/CC/venv/lib64/python3.9/site-packages/flask/ctx.py", line 362, in match_request
    result = self.url_adapter.match(return_rule=True)  # type: ignore
  File "/www/wwwroot/coinceeper.com/CC/venv/lib64/python3.9/site-packages/werkzeug/routing/map.py", line 629, in match
    raise NotFound() from None
werkzeug.exceptions.NotFound: 404 Not Found: The requested URL was not found on the server. If you entered the URL manually please check your spelling and try again.

2025-07-31 20:30:30 - error_handlers - ERROR - Unexpected error: 404 Not Found: The requested URL was not found on the server. If you entered the URL manually please check your spelling and try again.
Traceback (most recent call last):
  File "/www/wwwroot/coinceeper.com/CC/venv/lib64/python3.9/site-packages/flask/app.py", line 917, in full_dispatch_request
    rv = self.dispatch_request()
  File "/www/wwwroot/coinceeper.com/CC/venv/lib64/python3.9/site-packages/flask/app.py", line 891, in dispatch_request
    self.raise_routing_exception(req)
  File "/www/wwwroot/coinceeper.com/CC/venv/lib64/python3.9/site-packages/flask/app.py", line 500, in raise_routing_exception
    raise request.routing_exception  # type: ignore[misc]
  File "/www/wwwroot/coinceeper.com/CC/venv/lib64/python3.9/site-packages/flask/ctx.py", line 362, in match_request
    result = self.url_adapter.match(return_rule=True)  # type: ignore
  File "/www/wwwroot/coinceeper.com/CC/venv/lib64/python3.9/site-packages/werkzeug/routing/map.py", line 629, in match
    raise NotFound() from None
werkzeug.exceptions.NotFound: 404 Not Found: The requested URL was not found on the server. If you entered the URL manually please check your spelling and try again.
2025-07-31 20:30:30 - error_handlers - ERROR - Error traceback: Traceback (most recent call last):
  File "/www/wwwroot/coinceeper.com/CC/venv/lib64/python3.9/site-packages/flask/app.py", line 917, in full_dispatch_request
    rv = self.dispatch_request()
  File "/www/wwwroot/coinceeper.com/CC/venv/lib64/python3.9/site-packages/flask/app.py", line 891, in dispatch_request
    self.raise_routing_exception(req)
  File "/www/wwwroot/coinceeper.com/CC/venv/lib64/python3.9/site-packages/flask/app.py", line 500, in raise_routing_exception
    raise request.routing_exception  # type: ignore[misc]
  File "/www/wwwroot/coinceeper.com/CC/venv/lib64/python3.9/site-packages/flask/ctx.py", line 362, in match_request
    result = self.url_adapter.match(return_rule=True)  # type: ignore
  File "/www/wwwroot/coinceeper.com/CC/venv/lib64/python3.9/site-packages/werkzeug/routing/map.py", line 629, in match
    raise NotFound() from None
werkzeug.exceptions.NotFound: 404 Not Found: The requested URL was not found on the server. If you entered the URL manually please check your spelling and try again.

2025-07-31 20:56:58 - error_handlers - ERROR - Unexpected error: 404 Not Found: The requested URL was not found on the server. If you entered the URL manually please check your spelling and try again.
Traceback (most recent call last):
  File "/www/wwwroot/coinceeper.com/CC/venv/lib64/python3.9/site-packages/flask/app.py", line 917, in full_dispatch_request
    rv = self.dispatch_request()
  File "/www/wwwroot/coinceeper.com/CC/venv/lib64/python3.9/site-packages/flask/app.py", line 891, in dispatch_request
    self.raise_routing_exception(req)
  File "/www/wwwroot/coinceeper.com/CC/venv/lib64/python3.9/site-packages/flask/app.py", line 500, in raise_routing_exception
    raise request.routing_exception  # type: ignore[misc]
  File "/www/wwwroot/coinceeper.com/CC/venv/lib64/python3.9/site-packages/flask/ctx.py", line 362, in match_request
    result = self.url_adapter.match(return_rule=True)  # type: ignore
  File "/www/wwwroot/coinceeper.com/CC/venv/lib64/python3.9/site-packages/werkzeug/routing/map.py", line 629, in match
    raise NotFound() from None
werkzeug.exceptions.NotFound: 404 Not Found: The requested URL was not found on the server. If you entered the URL manually please check your spelling and try again.
2025-07-31 20:56:58 - error_handlers - ERROR - Error traceback: Traceback (most recent call last):
  File "/www/wwwroot/coinceeper.com/CC/venv/lib64/python3.9/site-packages/flask/app.py", line 917, in full_dispatch_request
    rv = self.dispatch_request()
  File "/www/wwwroot/coinceeper.com/CC/venv/lib64/python3.9/site-packages/flask/app.py", line 891, in dispatch_request
    self.raise_routing_exception(req)
  File "/www/wwwroot/coinceeper.com/CC/venv/lib64/python3.9/site-packages/flask/app.py", line 500, in raise_routing_exception
    raise request.routing_exception  # type: ignore[misc]
  File "/www/wwwroot/coinceeper.com/CC/venv/lib64/python3.9/site-packages/flask/ctx.py", line 362, in match_request
    result = self.url_adapter.match(return_rule=True)  # type: ignore
  File "/www/wwwroot/coinceeper.com/CC/venv/lib64/python3.9/site-packages/werkzeug/routing/map.py", line 629, in match
    raise NotFound() from None
werkzeug.exceptions.NotFound: 404 Not Found: The requested URL was not found on the server. If you entered the URL manually please check your spelling and try again.

2025-07-31 21:12:12 - error_handlers - ERROR - Unexpected error: 404 Not Found: The requested URL was not found on the server. If you entered the URL manually please check your spelling and try again.
Traceback (most recent call last):
  File "/www/wwwroot/coinceeper.com/CC/venv/lib64/python3.9/site-packages/flask/app.py", line 917, in full_dispatch_request
    rv = self.dispatch_request()
  File "/www/wwwroot/coinceeper.com/CC/venv/lib64/python3.9/site-packages/flask/app.py", line 891, in dispatch_request
    self.raise_routing_exception(req)
  File "/www/wwwroot/coinceeper.com/CC/venv/lib64/python3.9/site-packages/flask/app.py", line 500, in raise_routing_exception
    raise request.routing_exception  # type: ignore[misc]
  File "/www/wwwroot/coinceeper.com/CC/venv/lib64/python3.9/site-packages/flask/ctx.py", line 362, in match_request
    result = self.url_adapter.match(return_rule=True)  # type: ignore
  File "/www/wwwroot/coinceeper.com/CC/venv/lib64/python3.9/site-packages/werkzeug/routing/map.py", line 629, in match
    raise NotFound() from None
werkzeug.exceptions.NotFound: 404 Not Found: The requested URL was not found on the server. If you entered the URL manually please check your spelling and try again.
2025-07-31 21:12:12 - error_handlers - ERROR - Error traceback: Traceback (most recent call last):
  File "/www/wwwroot/coinceeper.com/CC/venv/lib64/python3.9/site-packages/flask/app.py", line 917, in full_dispatch_request
    rv = self.dispatch_request()
  File "/www/wwwroot/coinceeper.com/CC/venv/lib64/python3.9/site-packages/flask/app.py", line 891, in dispatch_request
    self.raise_routing_exception(req)
  File "/www/wwwroot/coinceeper.com/CC/venv/lib64/python3.9/site-packages/flask/app.py", line 500, in raise_routing_exception
    raise request.routing_exception  # type: ignore[misc]
  File "/www/wwwroot/coinceeper.com/CC/venv/lib64/python3.9/site-packages/flask/ctx.py", line 362, in match_request
    result = self.url_adapter.match(return_rule=True)  # type: ignore
  File "/www/wwwroot/coinceeper.com/CC/venv/lib64/python3.9/site-packages/werkzeug/routing/map.py", line 629, in match
    raise NotFound() from None
werkzeug.exceptions.NotFound: 404 Not Found: The requested URL was not found on the server. If you entered the URL manually please check your spelling and try again.

2025-07-31 21:48:46 - error_handlers - ERROR - Unexpected error: 404 Not Found: The requested URL was not found on the server. If you entered the URL manually please check your spelling and try again.
Traceback (most recent call last):
  File "/www/wwwroot/coinceeper.com/CC/venv/lib64/python3.9/site-packages/flask/app.py", line 917, in full_dispatch_request
    rv = self.dispatch_request()
  File "/www/wwwroot/coinceeper.com/CC/venv/lib64/python3.9/site-packages/flask/app.py", line 891, in dispatch_request
    self.raise_routing_exception(req)
  File "/www/wwwroot/coinceeper.com/CC/venv/lib64/python3.9/site-packages/flask/app.py", line 500, in raise_routing_exception
    raise request.routing_exception  # type: ignore[misc]
  File "/www/wwwroot/coinceeper.com/CC/venv/lib64/python3.9/site-packages/flask/ctx.py", line 362, in match_request
    result = self.url_adapter.match(return_rule=True)  # type: ignore
  File "/www/wwwroot/coinceeper.com/CC/venv/lib64/python3.9/site-packages/werkzeug/routing/map.py", line 629, in match
    raise NotFound() from None
werkzeug.exceptions.NotFound: 404 Not Found: The requested URL was not found on the server. If you entered the URL manually please check your spelling and try again.
2025-07-31 21:48:46 - error_handlers - ERROR - Error traceback: Traceback (most recent call last):
  File "/www/wwwroot/coinceeper.com/CC/venv/lib64/python3.9/site-packages/flask/app.py", line 917, in full_dispatch_request
    rv = self.dispatch_request()
  File "/www/wwwroot/coinceeper.com/CC/venv/lib64/python3.9/site-packages/flask/app.py", line 891, in dispatch_request
    self.raise_routing_exception(req)
  File "/www/wwwroot/coinceeper.com/CC/venv/lib64/python3.9/site-packages/flask/app.py", line 500, in raise_routing_exception
    raise request.routing_exception  # type: ignore[misc]
  File "/www/wwwroot/coinceeper.com/CC/venv/lib64/python3.9/site-packages/flask/ctx.py", line 362, in match_request
    result = self.url_adapter.match(return_rule=True)  # type: ignore
  File "/www/wwwroot/coinceeper.com/CC/venv/lib64/python3.9/site-packages/werkzeug/routing/map.py", line 629, in match
    raise NotFound() from None
werkzeug.exceptions.NotFound: 404 Not Found: The requested URL was not found on the server. If you entered the URL manually please check your spelling and try again.

2025-07-31 21:51:28 - error_handlers - ERROR - Unexpected error: 404 Not Found: The requested URL was not found on the server. If you entered the URL manually please check your spelling and try again.
Traceback (most recent call last):
  File "/www/wwwroot/coinceeper.com/CC/venv/lib64/python3.9/site-packages/flask/app.py", line 917, in full_dispatch_request
    rv = self.dispatch_request()
  File "/www/wwwroot/coinceeper.com/CC/venv/lib64/python3.9/site-packages/flask/app.py", line 891, in dispatch_request
    self.raise_routing_exception(req)
  File "/www/wwwroot/coinceeper.com/CC/venv/lib64/python3.9/site-packages/flask/app.py", line 500, in raise_routing_exception
    raise request.routing_exception  # type: ignore[misc]
  File "/www/wwwroot/coinceeper.com/CC/venv/lib64/python3.9/site-packages/flask/ctx.py", line 362, in match_request
    result = self.url_adapter.match(return_rule=True)  # type: ignore
  File "/www/wwwroot/coinceeper.com/CC/venv/lib64/python3.9/site-packages/werkzeug/routing/map.py", line 629, in match
    raise NotFound() from None
werkzeug.exceptions.NotFound: 404 Not Found: The requested URL was not found on the server. If you entered the URL manually please check your spelling and try again.
2025-07-31 21:51:28 - error_handlers - ERROR - Error traceback: Traceback (most recent call last):
  File "/www/wwwroot/coinceeper.com/CC/venv/lib64/python3.9/site-packages/flask/app.py", line 917, in full_dispatch_request
    rv = self.dispatch_request()
  File "/www/wwwroot/coinceeper.com/CC/venv/lib64/python3.9/site-packages/flask/app.py", line 891, in dispatch_request
    self.raise_routing_exception(req)
  File "/www/wwwroot/coinceeper.com/CC/venv/lib64/python3.9/site-packages/flask/app.py", line 500, in raise_routing_exception
    raise request.routing_exception  # type: ignore[misc]
  File "/www/wwwroot/coinceeper.com/CC/venv/lib64/python3.9/site-packages/flask/ctx.py", line 362, in match_request
    result = self.url_adapter.match(return_rule=True)  # type: ignore
  File "/www/wwwroot/coinceeper.com/CC/venv/lib64/python3.9/site-packages/werkzeug/routing/map.py", line 629, in match
    raise NotFound() from None
werkzeug.exceptions.NotFound: 404 Not Found: The requested URL was not found on the server. If you entered the URL manually please check your spelling and try again.

2025-07-31 21:52:43 - error_handlers - ERROR - Error in get_all_currencies: (mysql.connector.errors.DatabaseError) 2003 (HY000): Can't connect to MySQL server on 'localhost:3306' (111)
(Background on this error at: https://sqlalche.me/e/20/4xp6)
Traceback (most recent call last):
  File "/www/wwwroot/coinceeper.com/CC/venv/lib64/python3.9/site-packages/sqlalchemy/pool/base.py", line 1311, in _checkout
    raise exc.InvalidatePoolError()
sqlalchemy.exc.InvalidatePoolError: ()

During handling of the above exception, another exception occurred:

Traceback (most recent call last):
  File "/www/wwwroot/coinceeper.com/CC/venv/lib64/python3.9/site-packages/mysql/connector/connection_cext.py", line 354, in _open_connection
    self._cmysql.connect(**cnx_kwargs)
_mysql_connector.MySQLInterfaceError: Can't connect to MySQL server on 'localhost:3306' (111)

The above exception was the direct cause of the following exception:

Traceback (most recent call last):
  File "/www/wwwroot/coinceeper.com/CC/venv/lib64/python3.9/site-packages/sqlalchemy/engine/base.py", line 143, in __init__
    self._dbapi_connection = engine.raw_connection()
  File "/www/wwwroot/coinceeper.com/CC/venv/lib64/python3.9/site-packages/sqlalchemy/engine/base.py", line 3295, in raw_connection
    return self.pool.connect()
  File "/www/wwwroot/coinceeper.com/CC/venv/lib64/python3.9/site-packages/sqlalchemy/pool/base.py", line 447, in connect
    return _ConnectionFairy._checkout(self)
  File "/www/wwwroot/coinceeper.com/CC/venv/lib64/python3.9/site-packages/sqlalchemy/pool/base.py", line 1356, in _checkout
    del fairy
  File "/www/wwwroot/coinceeper.com/CC/venv/lib64/python3.9/site-packages/sqlalchemy/util/langhelpers.py", line 224, in __exit__
    raise exc_value.with_traceback(exc_tb)
  File "/www/wwwroot/coinceeper.com/CC/venv/lib64/python3.9/site-packages/sqlalchemy/pool/base.py", line 1342, in _checkout
    fairy._connection_record.get_connection()
  File "/www/wwwroot/coinceeper.com/CC/venv/lib64/python3.9/site-packages/sqlalchemy/pool/base.py", line 836, in get_connection
    self.__connect()
  File "/www/wwwroot/coinceeper.com/CC/venv/lib64/python3.9/site-packages/sqlalchemy/pool/base.py", line 900, in __connect
    pool.logger.debug("Error on connect(): %s", e)
  File "/www/wwwroot/coinceeper.com/CC/venv/lib64/python3.9/site-packages/sqlalchemy/util/langhelpers.py", line 224, in __exit__
    raise exc_value.with_traceback(exc_tb)
  File "/www/wwwroot/coinceeper.com/CC/venv/lib64/python3.9/site-packages/sqlalchemy/pool/base.py", line 895, in __connect
    self.dbapi_connection = connection = pool._invoke_creator(self)
  File "/www/wwwroot/coinceeper.com/CC/venv/lib64/python3.9/site-packages/sqlalchemy/engine/create.py", line 646, in connect
    return dialect.connect(*cargs, **cparams)
  File "/www/wwwroot/coinceeper.com/CC/venv/lib64/python3.9/site-packages/sqlalchemy/engine/default.py", line 626, in connect
    return self.loaded_dbapi.connect(*cargs, **cparams)  # type: ignore[no-any-return]  # NOQA: E501
  File "/www/wwwroot/coinceeper.com/CC/venv/lib64/python3.9/site-packages/mysql/connector/pooling.py", line 322, in connect
    return CMySQLConnection(*args, **kwargs)
  File "/www/wwwroot/coinceeper.com/CC/venv/lib64/python3.9/site-packages/mysql/connector/connection_cext.py", line 142, in __init__
    self.connect(**kwargs)
  File "/www/wwwroot/coinceeper.com/CC/venv/lib64/python3.9/site-packages/mysql/connector/abstracts.py", line 1604, in connect
    self._open_connection()
  File "/www/wwwroot/coinceeper.com/CC/venv/lib64/python3.9/site-packages/mysql/connector/connection_cext.py", line 360, in _open_connection
    raise get_mysql_exception(
mysql.connector.errors.DatabaseError: 2003 (HY000): Can't connect to MySQL server on 'localhost:3306' (111)

The above exception was the direct cause of the following exception:

Traceback (most recent call last):
  File "/www/wwwroot/coinceeper.com/CC/utils/error_handlers.py", line 119, in decorated_function
    return f(*args, **kwargs)
  File "/www/wwwroot/coinceeper.com/CC/Currencies/All_Currencies.py", line 46, in get_all_currencies
    currencies_query = session.query(
  File "/www/wwwroot/coinceeper.com/CC/venv/lib64/python3.9/site-packages/sqlalchemy/orm/query.py", line 2704, in all
    return self._iter().all()  # type: ignore
  File "/www/wwwroot/coinceeper.com/CC/venv/lib64/python3.9/site-packages/sqlalchemy/orm/query.py", line 2857, in _iter
    result: Union[ScalarResult[_T], Result[_T]] = self.session.execute(
  File "/www/wwwroot/coinceeper.com/CC/venv/lib64/python3.9/site-packages/sqlalchemy/orm/session.py", line 2365, in execute
    return self._execute_internal(
  File "/www/wwwroot/coinceeper.com/CC/venv/lib64/python3.9/site-packages/sqlalchemy/orm/session.py", line 2241, in _execute_internal
    conn = self._connection_for_bind(bind)
  File "/www/wwwroot/coinceeper.com/CC/venv/lib64/python3.9/site-packages/sqlalchemy/orm/session.py", line 2110, in _connection_for_bind
    return trans._connection_for_bind(engine, execution_options)
  File "<string>", line 2, in _connection_for_bind
  File "/www/wwwroot/coinceeper.com/CC/venv/lib64/python3.9/site-packages/sqlalchemy/orm/state_changes.py", line 137, in _go
    ret_value = fn(self, *arg, **kw)
  File "/www/wwwroot/coinceeper.com/CC/venv/lib64/python3.9/site-packages/sqlalchemy/orm/session.py", line 1189, in _connection_for_bind
    conn = bind.connect()
  File "/www/wwwroot/coinceeper.com/CC/venv/lib64/python3.9/site-packages/sqlalchemy/engine/base.py", line 3271, in connect
    return self._connection_cls(self)
  File "/www/wwwroot/coinceeper.com/CC/venv/lib64/python3.9/site-packages/sqlalchemy/engine/base.py", line 145, in __init__
    Connection._handle_dbapi_exception_noconnection(
  File "/www/wwwroot/coinceeper.com/CC/venv/lib64/python3.9/site-packages/sqlalchemy/engine/base.py", line 2434, in _handle_dbapi_exception_noconnection
    raise sqlalchemy_exception.with_traceback(exc_info[2]) from e
  File "/www/wwwroot/coinceeper.com/CC/venv/lib64/python3.9/site-packages/sqlalchemy/engine/base.py", line 143, in __init__
    self._dbapi_connection = engine.raw_connection()
  File "/www/wwwroot/coinceeper.com/CC/venv/lib64/python3.9/site-packages/sqlalchemy/engine/base.py", line 3295, in raw_connection
    return self.pool.connect()
  File "/www/wwwroot/coinceeper.com/CC/venv/lib64/python3.9/site-packages/sqlalchemy/pool/base.py", line 447, in connect
    return _ConnectionFairy._checkout(self)
  File "/www/wwwroot/coinceeper.com/CC/venv/lib64/python3.9/site-packages/sqlalchemy/pool/base.py", line 1356, in _checkout
    del fairy
  File "/www/wwwroot/coinceeper.com/CC/venv/lib64/python3.9/site-packages/sqlalchemy/util/langhelpers.py", line 224, in __exit__
    raise exc_value.with_traceback(exc_tb)
  File "/www/wwwroot/coinceeper.com/CC/venv/lib64/python3.9/site-packages/sqlalchemy/pool/base.py", line 1342, in _checkout
    fairy._connection_record.get_connection()
  File "/www/wwwroot/coinceeper.com/CC/venv/lib64/python3.9/site-packages/sqlalchemy/pool/base.py", line 836, in get_connection
    self.__connect()
  File "/www/wwwroot/coinceeper.com/CC/venv/lib64/python3.9/site-packages/sqlalchemy/pool/base.py", line 900, in __connect
    pool.logger.debug("Error on connect(): %s", e)
  File "/www/wwwroot/coinceeper.com/CC/venv/lib64/python3.9/site-packages/sqlalchemy/util/langhelpers.py", line 224, in __exit__
    raise exc_value.with_traceback(exc_tb)
  File "/www/wwwroot/coinceeper.com/CC/venv/lib64/python3.9/site-packages/sqlalchemy/pool/base.py", line 895, in __connect
    self.dbapi_connection = connection = pool._invoke_creator(self)
  File "/www/wwwroot/coinceeper.com/CC/venv/lib64/python3.9/site-packages/sqlalchemy/engine/create.py", line 646, in connect
    return dialect.connect(*cargs, **cparams)
  File "/www/wwwroot/coinceeper.com/CC/venv/lib64/python3.9/site-packages/sqlalchemy/engine/default.py", line 626, in connect
    return self.loaded_dbapi.connect(*cargs, **cparams)  # type: ignore[no-any-return]  # NOQA: E501
  File "/www/wwwroot/coinceeper.com/CC/venv/lib64/python3.9/site-packages/mysql/connector/pooling.py", line 322, in connect
    return CMySQLConnection(*args, **kwargs)
  File "/www/wwwroot/coinceeper.com/CC/venv/lib64/python3.9/site-packages/mysql/connector/connection_cext.py", line 142, in __init__
    self.connect(**kwargs)
  File "/www/wwwroot/coinceeper.com/CC/venv/lib64/python3.9/site-packages/mysql/connector/abstracts.py", line 1604, in connect
    self._open_connection()
  File "/www/wwwroot/coinceeper.com/CC/venv/lib64/python3.9/site-packages/mysql/connector/connection_cext.py", line 360, in _open_connection
    raise get_mysql_exception(
sqlalchemy.exc.DatabaseError: (mysql.connector.errors.DatabaseError) 2003 (HY000): Can't connect to MySQL server on 'localhost:3306' (111)
(Background on this error at: https://sqlalche.me/e/20/4xp6)
2025-07-31 21:52:43 - error_handlers - ERROR - Database error: (mysql.connector.errors.DatabaseError) 2003 (HY000): Can't connect to MySQL server on 'localhost:3306' (111)
(Background on this error at: https://sqlalche.me/e/20/4xp6)
Traceback (most recent call last):
  File "/www/wwwroot/coinceeper.com/CC/venv/lib64/python3.9/site-packages/sqlalchemy/pool/base.py", line 1311, in _checkout
    raise exc.InvalidatePoolError()
sqlalchemy.exc.InvalidatePoolError: ()

During handling of the above exception, another exception occurred:

Traceback (most recent call last):
  File "/www/wwwroot/coinceeper.com/CC/venv/lib64/python3.9/site-packages/mysql/connector/connection_cext.py", line 354, in _open_connection
    self._cmysql.connect(**cnx_kwargs)
_mysql_connector.MySQLInterfaceError: Can't connect to MySQL server on 'localhost:3306' (111)

The above exception was the direct cause of the following exception:

Traceback (most recent call last):
  File "/www/wwwroot/coinceeper.com/CC/venv/lib64/python3.9/site-packages/sqlalchemy/engine/base.py", line 143, in __init__
    self._dbapi_connection = engine.raw_connection()
  File "/www/wwwroot/coinceeper.com/CC/venv/lib64/python3.9/site-packages/sqlalchemy/engine/base.py", line 3295, in raw_connection
    return self.pool.connect()
  File "/www/wwwroot/coinceeper.com/CC/venv/lib64/python3.9/site-packages/sqlalchemy/pool/base.py", line 447, in connect
    return _ConnectionFairy._checkout(self)
  File "/www/wwwroot/coinceeper.com/CC/venv/lib64/python3.9/site-packages/sqlalchemy/pool/base.py", line 1356, in _checkout
    del fairy
  File "/www/wwwroot/coinceeper.com/CC/venv/lib64/python3.9/site-packages/sqlalchemy/util/langhelpers.py", line 224, in __exit__
    raise exc_value.with_traceback(exc_tb)
  File "/www/wwwroot/coinceeper.com/CC/venv/lib64/python3.9/site-packages/sqlalchemy/pool/base.py", line 1342, in _checkout
    fairy._connection_record.get_connection()
  File "/www/wwwroot/coinceeper.com/CC/venv/lib64/python3.9/site-packages/sqlalchemy/pool/base.py", line 836, in get_connection
    self.__connect()
  File "/www/wwwroot/coinceeper.com/CC/venv/lib64/python3.9/site-packages/sqlalchemy/pool/base.py", line 900, in __connect
    pool.logger.debug("Error on connect(): %s", e)
  File "/www/wwwroot/coinceeper.com/CC/venv/lib64/python3.9/site-packages/sqlalchemy/util/langhelpers.py", line 224, in __exit__
    raise exc_value.with_traceback(exc_tb)
  File "/www/wwwroot/coinceeper.com/CC/venv/lib64/python3.9/site-packages/sqlalchemy/pool/base.py", line 895, in __connect
    self.dbapi_connection = connection = pool._invoke_creator(self)
  File "/www/wwwroot/coinceeper.com/CC/venv/lib64/python3.9/site-packages/sqlalchemy/engine/create.py", line 646, in connect
    return dialect.connect(*cargs, **cparams)
  File "/www/wwwroot/coinceeper.com/CC/venv/lib64/python3.9/site-packages/sqlalchemy/engine/default.py", line 626, in connect
    return self.loaded_dbapi.connect(*cargs, **cparams)  # type: ignore[no-any-return]  # NOQA: E501
  File "/www/wwwroot/coinceeper.com/CC/venv/lib64/python3.9/site-packages/mysql/connector/pooling.py", line 322, in connect
    return CMySQLConnection(*args, **kwargs)
  File "/www/wwwroot/coinceeper.com/CC/venv/lib64/python3.9/site-packages/mysql/connector/connection_cext.py", line 142, in __init__
    self.connect(**kwargs)
  File "/www/wwwroot/coinceeper.com/CC/venv/lib64/python3.9/site-packages/mysql/connector/abstracts.py", line 1604, in connect
    self._open_connection()
  File "/www/wwwroot/coinceeper.com/CC/venv/lib64/python3.9/site-packages/mysql/connector/connection_cext.py", line 360, in _open_connection
    raise get_mysql_exception(
mysql.connector.errors.DatabaseError: 2003 (HY000): Can't connect to MySQL server on 'localhost:3306' (111)

The above exception was the direct cause of the following exception:

Traceback (most recent call last):
  File "/www/wwwroot/coinceeper.com/CC/utils/error_handlers.py", line 119, in decorated_function
    return f(*args, **kwargs)
  File "/www/wwwroot/coinceeper.com/CC/Currencies/All_Currencies.py", line 46, in get_all_currencies
    currencies_query = session.query(
  File "/www/wwwroot/coinceeper.com/CC/venv/lib64/python3.9/site-packages/sqlalchemy/orm/query.py", line 2704, in all
    return self._iter().all()  # type: ignore
  File "/www/wwwroot/coinceeper.com/CC/venv/lib64/python3.9/site-packages/sqlalchemy/orm/query.py", line 2857, in _iter
    result: Union[ScalarResult[_T], Result[_T]] = self.session.execute(
  File "/www/wwwroot/coinceeper.com/CC/venv/lib64/python3.9/site-packages/sqlalchemy/orm/session.py", line 2365, in execute
    return self._execute_internal(
  File "/www/wwwroot/coinceeper.com/CC/venv/lib64/python3.9/site-packages/sqlalchemy/orm/session.py", line 2241, in _execute_internal
    conn = self._connection_for_bind(bind)
  File "/www/wwwroot/coinceeper.com/CC/venv/lib64/python3.9/site-packages/sqlalchemy/orm/session.py", line 2110, in _connection_for_bind
    return trans._connection_for_bind(engine, execution_options)
  File "<string>", line 2, in _connection_for_bind
  File "/www/wwwroot/coinceeper.com/CC/venv/lib64/python3.9/site-packages/sqlalchemy/orm/state_changes.py", line 137, in _go
    ret_value = fn(self, *arg, **kw)
  File "/www/wwwroot/coinceeper.com/CC/venv/lib64/python3.9/site-packages/sqlalchemy/orm/session.py", line 1189, in _connection_for_bind
    conn = bind.connect()
  File "/www/wwwroot/coinceeper.com/CC/venv/lib64/python3.9/site-packages/sqlalchemy/engine/base.py", line 3271, in connect
    return self._connection_cls(self)
  File "/www/wwwroot/coinceeper.com/CC/venv/lib64/python3.9/site-packages/sqlalchemy/engine/base.py", line 145, in __init__
    Connection._handle_dbapi_exception_noconnection(
  File "/www/wwwroot/coinceeper.com/CC/venv/lib64/python3.9/site-packages/sqlalchemy/engine/base.py", line 2434, in _handle_dbapi_exception_noconnection
    raise sqlalchemy_exception.with_traceback(exc_info[2]) from e
  File "/www/wwwroot/coinceeper.com/CC/venv/lib64/python3.9/site-packages/sqlalchemy/engine/base.py", line 143, in __init__
    self._dbapi_connection = engine.raw_connection()
  File "/www/wwwroot/coinceeper.com/CC/venv/lib64/python3.9/site-packages/sqlalchemy/engine/base.py", line 3295, in raw_connection
    return self.pool.connect()
  File "/www/wwwroot/coinceeper.com/CC/venv/lib64/python3.9/site-packages/sqlalchemy/pool/base.py", line 447, in connect
    return _ConnectionFairy._checkout(self)
  File "/www/wwwroot/coinceeper.com/CC/venv/lib64/python3.9/site-packages/sqlalchemy/pool/base.py", line 1356, in _checkout
    del fairy
  File "/www/wwwroot/coinceeper.com/CC/venv/lib64/python3.9/site-packages/sqlalchemy/util/langhelpers.py", line 224, in __exit__
    raise exc_value.with_traceback(exc_tb)
  File "/www/wwwroot/coinceeper.com/CC/venv/lib64/python3.9/site-packages/sqlalchemy/pool/base.py", line 1342, in _checkout
    fairy._connection_record.get_connection()
  File "/www/wwwroot/coinceeper.com/CC/venv/lib64/python3.9/site-packages/sqlalchemy/pool/base.py", line 836, in get_connection
    self.__connect()
  File "/www/wwwroot/coinceeper.com/CC/venv/lib64/python3.9/site-packages/sqlalchemy/pool/base.py", line 900, in __connect
    pool.logger.debug("Error on connect(): %s", e)
  File "/www/wwwroot/coinceeper.com/CC/venv/lib64/python3.9/site-packages/sqlalchemy/util/langhelpers.py", line 224, in __exit__
    raise exc_value.with_traceback(exc_tb)
  File "/www/wwwroot/coinceeper.com/CC/venv/lib64/python3.9/site-packages/sqlalchemy/pool/base.py", line 895, in __connect
    self.dbapi_connection = connection = pool._invoke_creator(self)
  File "/www/wwwroot/coinceeper.com/CC/venv/lib64/python3.9/site-packages/sqlalchemy/engine/create.py", line 646, in connect
    return dialect.connect(*cargs, **cparams)
  File "/www/wwwroot/coinceeper.com/CC/venv/lib64/python3.9/site-packages/sqlalchemy/engine/default.py", line 626, in connect
    return self.loaded_dbapi.connect(*cargs, **cparams)  # type: ignore[no-any-return]  # NOQA: E501
  File "/www/wwwroot/coinceeper.com/CC/venv/lib64/python3.9/site-packages/mysql/connector/pooling.py", line 322, in connect
    return CMySQLConnection(*args, **kwargs)
  File "/www/wwwroot/coinceeper.com/CC/venv/lib64/python3.9/site-packages/mysql/connector/connection_cext.py", line 142, in __init__
    self.connect(**kwargs)
  File "/www/wwwroot/coinceeper.com/CC/venv/lib64/python3.9/site-packages/mysql/connector/abstracts.py", line 1604, in connect
    self._open_connection()
  File "/www/wwwroot/coinceeper.com/CC/venv/lib64/python3.9/site-packages/mysql/connector/connection_cext.py", line 360, in _open_connection
    raise get_mysql_exception(
sqlalchemy.exc.DatabaseError: (mysql.connector.errors.DatabaseError) 2003 (HY000): Can't connect to MySQL server on 'localhost:3306' (111)
(Background on this error at: https://sqlalche.me/e/20/4xp6)
2025-07-31 22:14:43 - error_handlers - ERROR - Error in get_all_currencies: (mysql.connector.errors.DatabaseError) 2003 (HY000): Can't connect to MySQL server on 'localhost:3306' (111)
(Background on this error at: https://sqlalche.me/e/20/4xp6)
Traceback (most recent call last):
  File "/www/wwwroot/coinceeper.com/CC/venv/lib64/python3.9/site-packages/sqlalchemy/pool/base.py", line 1311, in _checkout
    raise exc.InvalidatePoolError()
sqlalchemy.exc.InvalidatePoolError: ()

During handling of the above exception, another exception occurred:

Traceback (most recent call last):
  File "/www/wwwroot/coinceeper.com/CC/venv/lib64/python3.9/site-packages/mysql/connector/connection_cext.py", line 354, in _open_connection
    self._cmysql.connect(**cnx_kwargs)
_mysql_connector.MySQLInterfaceError: Can't connect to MySQL server on 'localhost:3306' (111)

The above exception was the direct cause of the following exception:

Traceback (most recent call last):
  File "/www/wwwroot/coinceeper.com/CC/venv/lib64/python3.9/site-packages/sqlalchemy/engine/base.py", line 143, in __init__
    self._dbapi_connection = engine.raw_connection()
  File "/www/wwwroot/coinceeper.com/CC/venv/lib64/python3.9/site-packages/sqlalchemy/engine/base.py", line 3295, in raw_connection
    return self.pool.connect()
  File "/www/wwwroot/coinceeper.com/CC/venv/lib64/python3.9/site-packages/sqlalchemy/pool/base.py", line 447, in connect
    return _ConnectionFairy._checkout(self)
  File "/www/wwwroot/coinceeper.com/CC/venv/lib64/python3.9/site-packages/sqlalchemy/pool/base.py", line 1356, in _checkout
    del fairy
  File "/www/wwwroot/coinceeper.com/CC/venv/lib64/python3.9/site-packages/sqlalchemy/util/langhelpers.py", line 224, in __exit__
    raise exc_value.with_traceback(exc_tb)
  File "/www/wwwroot/coinceeper.com/CC/venv/lib64/python3.9/site-packages/sqlalchemy/pool/base.py", line 1342, in _checkout
    fairy._connection_record.get_connection()
  File "/www/wwwroot/coinceeper.com/CC/venv/lib64/python3.9/site-packages/sqlalchemy/pool/base.py", line 836, in get_connection
    self.__connect()
  File "/www/wwwroot/coinceeper.com/CC/venv/lib64/python3.9/site-packages/sqlalchemy/pool/base.py", line 900, in __connect
    pool.logger.debug("Error on connect(): %s", e)
  File "/www/wwwroot/coinceeper.com/CC/venv/lib64/python3.9/site-packages/sqlalchemy/util/langhelpers.py", line 224, in __exit__
    raise exc_value.with_traceback(exc_tb)
  File "/www/wwwroot/coinceeper.com/CC/venv/lib64/python3.9/site-packages/sqlalchemy/pool/base.py", line 895, in __connect
    self.dbapi_connection = connection = pool._invoke_creator(self)
  File "/www/wwwroot/coinceeper.com/CC/venv/lib64/python3.9/site-packages/sqlalchemy/engine/create.py", line 646, in connect
    return dialect.connect(*cargs, **cparams)
  File "/www/wwwroot/coinceeper.com/CC/venv/lib64/python3.9/site-packages/sqlalchemy/engine/default.py", line 626, in connect
    return self.loaded_dbapi.connect(*cargs, **cparams)  # type: ignore[no-any-return]  # NOQA: E501
  File "/www/wwwroot/coinceeper.com/CC/venv/lib64/python3.9/site-packages/mysql/connector/pooling.py", line 322, in connect
    return CMySQLConnection(*args, **kwargs)
  File "/www/wwwroot/coinceeper.com/CC/venv/lib64/python3.9/site-packages/mysql/connector/connection_cext.py", line 142, in __init__
    self.connect(**kwargs)
  File "/www/wwwroot/coinceeper.com/CC/venv/lib64/python3.9/site-packages/mysql/connector/abstracts.py", line 1604, in connect
    self._open_connection()
  File "/www/wwwroot/coinceeper.com/CC/venv/lib64/python3.9/site-packages/mysql/connector/connection_cext.py", line 360, in _open_connection
    raise get_mysql_exception(
mysql.connector.errors.DatabaseError: 2003 (HY000): Can't connect to MySQL server on 'localhost:3306' (111)

The above exception was the direct cause of the following exception:

Traceback (most recent call last):
  File "/www/wwwroot/coinceeper.com/CC/utils/error_handlers.py", line 119, in decorated_function
    return f(*args, **kwargs)
  File "/www/wwwroot/coinceeper.com/CC/Currencies/All_Currencies.py", line 46, in get_all_currencies
    currencies_query = session.query(
  File "/www/wwwroot/coinceeper.com/CC/venv/lib64/python3.9/site-packages/sqlalchemy/orm/query.py", line 2704, in all
    return self._iter().all()  # type: ignore
  File "/www/wwwroot/coinceeper.com/CC/venv/lib64/python3.9/site-packages/sqlalchemy/orm/query.py", line 2857, in _iter
    result: Union[ScalarResult[_T], Result[_T]] = self.session.execute(
  File "/www/wwwroot/coinceeper.com/CC/venv/lib64/python3.9/site-packages/sqlalchemy/orm/session.py", line 2365, in execute
    return self._execute_internal(
  File "/www/wwwroot/coinceeper.com/CC/venv/lib64/python3.9/site-packages/sqlalchemy/orm/session.py", line 2241, in _execute_internal
    conn = self._connection_for_bind(bind)
  File "/www/wwwroot/coinceeper.com/CC/venv/lib64/python3.9/site-packages/sqlalchemy/orm/session.py", line 2110, in _connection_for_bind
    return trans._connection_for_bind(engine, execution_options)
  File "<string>", line 2, in _connection_for_bind
  File "/www/wwwroot/coinceeper.com/CC/venv/lib64/python3.9/site-packages/sqlalchemy/orm/state_changes.py", line 137, in _go
    ret_value = fn(self, *arg, **kw)
  File "/www/wwwroot/coinceeper.com/CC/venv/lib64/python3.9/site-packages/sqlalchemy/orm/session.py", line 1189, in _connection_for_bind
    conn = bind.connect()
  File "/www/wwwroot/coinceeper.com/CC/venv/lib64/python3.9/site-packages/sqlalchemy/engine/base.py", line 3271, in connect
    return self._connection_cls(self)
  File "/www/wwwroot/coinceeper.com/CC/venv/lib64/python3.9/site-packages/sqlalchemy/engine/base.py", line 145, in __init__
    Connection._handle_dbapi_exception_noconnection(
  File "/www/wwwroot/coinceeper.com/CC/venv/lib64/python3.9/site-packages/sqlalchemy/engine/base.py", line 2434, in _handle_dbapi_exception_noconnection
    raise sqlalchemy_exception.with_traceback(exc_info[2]) from e
  File "/www/wwwroot/coinceeper.com/CC/venv/lib64/python3.9/site-packages/sqlalchemy/engine/base.py", line 143, in __init__
    self._dbapi_connection = engine.raw_connection()
  File "/www/wwwroot/coinceeper.com/CC/venv/lib64/python3.9/site-packages/sqlalchemy/engine/base.py", line 3295, in raw_connection
    return self.pool.connect()
  File "/www/wwwroot/coinceeper.com/CC/venv/lib64/python3.9/site-packages/sqlalchemy/pool/base.py", line 447, in connect
    return _ConnectionFairy._checkout(self)
  File "/www/wwwroot/coinceeper.com/CC/venv/lib64/python3.9/site-packages/sqlalchemy/pool/base.py", line 1356, in _checkout
    del fairy
  File "/www/wwwroot/coinceeper.com/CC/venv/lib64/python3.9/site-packages/sqlalchemy/util/langhelpers.py", line 224, in __exit__
    raise exc_value.with_traceback(exc_tb)
  File "/www/wwwroot/coinceeper.com/CC/venv/lib64/python3.9/site-packages/sqlalchemy/pool/base.py", line 1342, in _checkout
    fairy._connection_record.get_connection()
  File "/www/wwwroot/coinceeper.com/CC/venv/lib64/python3.9/site-packages/sqlalchemy/pool/base.py", line 836, in get_connection
    self.__connect()
  File "/www/wwwroot/coinceeper.com/CC/venv/lib64/python3.9/site-packages/sqlalchemy/pool/base.py", line 900, in __connect
    pool.logger.debug("Error on connect(): %s", e)
  File "/www/wwwroot/coinceeper.com/CC/venv/lib64/python3.9/site-packages/sqlalchemy/util/langhelpers.py", line 224, in __exit__
    raise exc_value.with_traceback(exc_tb)
  File "/www/wwwroot/coinceeper.com/CC/venv/lib64/python3.9/site-packages/sqlalchemy/pool/base.py", line 895, in __connect
    self.dbapi_connection = connection = pool._invoke_creator(self)
  File "/www/wwwroot/coinceeper.com/CC/venv/lib64/python3.9/site-packages/sqlalchemy/engine/create.py", line 646, in connect
    return dialect.connect(*cargs, **cparams)
  File "/www/wwwroot/coinceeper.com/CC/venv/lib64/python3.9/site-packages/sqlalchemy/engine/default.py", line 626, in connect
    return self.loaded_dbapi.connect(*cargs, **cparams)  # type: ignore[no-any-return]  # NOQA: E501
  File "/www/wwwroot/coinceeper.com/CC/venv/lib64/python3.9/site-packages/mysql/connector/pooling.py", line 322, in connect
    return CMySQLConnection(*args, **kwargs)
  File "/www/wwwroot/coinceeper.com/CC/venv/lib64/python3.9/site-packages/mysql/connector/connection_cext.py", line 142, in __init__
    self.connect(**kwargs)
  File "/www/wwwroot/coinceeper.com/CC/venv/lib64/python3.9/site-packages/mysql/connector/abstracts.py", line 1604, in connect
    self._open_connection()
  File "/www/wwwroot/coinceeper.com/CC/venv/lib64/python3.9/site-packages/mysql/connector/connection_cext.py", line 360, in _open_connection
    raise get_mysql_exception(
sqlalchemy.exc.DatabaseError: (mysql.connector.errors.DatabaseError) 2003 (HY000): Can't connect to MySQL server on 'localhost:3306' (111)
(Background on this error at: https://sqlalche.me/e/20/4xp6)
2025-07-31 22:14:43 - error_handlers - ERROR - Database error: (mysql.connector.errors.DatabaseError) 2003 (HY000): Can't connect to MySQL server on 'localhost:3306' (111)
(Background on this error at: https://sqlalche.me/e/20/4xp6)
Traceback (most recent call last):
  File "/www/wwwroot/coinceeper.com/CC/venv/lib64/python3.9/site-packages/sqlalchemy/pool/base.py", line 1311, in _checkout
    raise exc.InvalidatePoolError()
sqlalchemy.exc.InvalidatePoolError: ()

During handling of the above exception, another exception occurred:

Traceback (most recent call last):
  File "/www/wwwroot/coinceeper.com/CC/venv/lib64/python3.9/site-packages/mysql/connector/connection_cext.py", line 354, in _open_connection
    self._cmysql.connect(**cnx_kwargs)
_mysql_connector.MySQLInterfaceError: Can't connect to MySQL server on 'localhost:3306' (111)

The above exception was the direct cause of the following exception:

Traceback (most recent call last):
  File "/www/wwwroot/coinceeper.com/CC/venv/lib64/python3.9/site-packages/sqlalchemy/engine/base.py", line 143, in __init__
    self._dbapi_connection = engine.raw_connection()
  File "/www/wwwroot/coinceeper.com/CC/venv/lib64/python3.9/site-packages/sqlalchemy/engine/base.py", line 3295, in raw_connection
    return self.pool.connect()
  File "/www/wwwroot/coinceeper.com/CC/venv/lib64/python3.9/site-packages/sqlalchemy/pool/base.py", line 447, in connect
    return _ConnectionFairy._checkout(self)
  File "/www/wwwroot/coinceeper.com/CC/venv/lib64/python3.9/site-packages/sqlalchemy/pool/base.py", line 1356, in _checkout
    del fairy
  File "/www/wwwroot/coinceeper.com/CC/venv/lib64/python3.9/site-packages/sqlalchemy/util/langhelpers.py", line 224, in __exit__
    raise exc_value.with_traceback(exc_tb)
  File "/www/wwwroot/coinceeper.com/CC/venv/lib64/python3.9/site-packages/sqlalchemy/pool/base.py", line 1342, in _checkout
    fairy._connection_record.get_connection()
  File "/www/wwwroot/coinceeper.com/CC/venv/lib64/python3.9/site-packages/sqlalchemy/pool/base.py", line 836, in get_connection
    self.__connect()
  File "/www/wwwroot/coinceeper.com/CC/venv/lib64/python3.9/site-packages/sqlalchemy/pool/base.py", line 900, in __connect
    pool.logger.debug("Error on connect(): %s", e)
  File "/www/wwwroot/coinceeper.com/CC/venv/lib64/python3.9/site-packages/sqlalchemy/util/langhelpers.py", line 224, in __exit__
    raise exc_value.with_traceback(exc_tb)
  File "/www/wwwroot/coinceeper.com/CC/venv/lib64/python3.9/site-packages/sqlalchemy/pool/base.py", line 895, in __connect
    self.dbapi_connection = connection = pool._invoke_creator(self)
  File "/www/wwwroot/coinceeper.com/CC/venv/lib64/python3.9/site-packages/sqlalchemy/engine/create.py", line 646, in connect
    return dialect.connect(*cargs, **cparams)
  File "/www/wwwroot/coinceeper.com/CC/venv/lib64/python3.9/site-packages/sqlalchemy/engine/default.py", line 626, in connect
    return self.loaded_dbapi.connect(*cargs, **cparams)  # type: ignore[no-any-return]  # NOQA: E501
  File "/www/wwwroot/coinceeper.com/CC/venv/lib64/python3.9/site-packages/mysql/connector/pooling.py", line 322, in connect
    return CMySQLConnection(*args, **kwargs)
  File "/www/wwwroot/coinceeper.com/CC/venv/lib64/python3.9/site-packages/mysql/connector/connection_cext.py", line 142, in __init__
    self.connect(**kwargs)
  File "/www/wwwroot/coinceeper.com/CC/venv/lib64/python3.9/site-packages/mysql/connector/abstracts.py", line 1604, in connect
    self._open_connection()
  File "/www/wwwroot/coinceeper.com/CC/venv/lib64/python3.9/site-packages/mysql/connector/connection_cext.py", line 360, in _open_connection
    raise get_mysql_exception(
mysql.connector.errors.DatabaseError: 2003 (HY000): Can't connect to MySQL server on 'localhost:3306' (111)

The above exception was the direct cause of the following exception:

Traceback (most recent call last):
  File "/www/wwwroot/coinceeper.com/CC/utils/error_handlers.py", line 119, in decorated_function
    return f(*args, **kwargs)
  File "/www/wwwroot/coinceeper.com/CC/Currencies/All_Currencies.py", line 46, in get_all_currencies
    currencies_query = session.query(
  File "/www/wwwroot/coinceeper.com/CC/venv/lib64/python3.9/site-packages/sqlalchemy/orm/query.py", line 2704, in all
    return self._iter().all()  # type: ignore
  File "/www/wwwroot/coinceeper.com/CC/venv/lib64/python3.9/site-packages/sqlalchemy/orm/query.py", line 2857, in _iter
    result: Union[ScalarResult[_T], Result[_T]] = self.session.execute(
  File "/www/wwwroot/coinceeper.com/CC/venv/lib64/python3.9/site-packages/sqlalchemy/orm/session.py", line 2365, in execute
    return self._execute_internal(
  File "/www/wwwroot/coinceeper.com/CC/venv/lib64/python3.9/site-packages/sqlalchemy/orm/session.py", line 2241, in _execute_internal
    conn = self._connection_for_bind(bind)
  File "/www/wwwroot/coinceeper.com/CC/venv/lib64/python3.9/site-packages/sqlalchemy/orm/session.py", line 2110, in _connection_for_bind
    return trans._connection_for_bind(engine, execution_options)
  File "<string>", line 2, in _connection_for_bind
  File "/www/wwwroot/coinceeper.com/CC/venv/lib64/python3.9/site-packages/sqlalchemy/orm/state_changes.py", line 137, in _go
    ret_value = fn(self, *arg, **kw)
  File "/www/wwwroot/coinceeper.com/CC/venv/lib64/python3.9/site-packages/sqlalchemy/orm/session.py", line 1189, in _connection_for_bind
    conn = bind.connect()
  File "/www/wwwroot/coinceeper.com/CC/venv/lib64/python3.9/site-packages/sqlalchemy/engine/base.py", line 3271, in connect
    return self._connection_cls(self)
  File "/www/wwwroot/coinceeper.com/CC/venv/lib64/python3.9/site-packages/sqlalchemy/engine/base.py", line 145, in __init__
    Connection._handle_dbapi_exception_noconnection(
  File "/www/wwwroot/coinceeper.com/CC/venv/lib64/python3.9/site-packages/sqlalchemy/engine/base.py", line 2434, in _handle_dbapi_exception_noconnection
    raise sqlalchemy_exception.with_traceback(exc_info[2]) from e
  File "/www/wwwroot/coinceeper.com/CC/venv/lib64/python3.9/site-packages/sqlalchemy/engine/base.py", line 143, in __init__
    self._dbapi_connection = engine.raw_connection()
  File "/www/wwwroot/coinceeper.com/CC/venv/lib64/python3.9/site-packages/sqlalchemy/engine/base.py", line 3295, in raw_connection
    return self.pool.connect()
  File "/www/wwwroot/coinceeper.com/CC/venv/lib64/python3.9/site-packages/sqlalchemy/pool/base.py", line 447, in connect
    return _ConnectionFairy._checkout(self)
  File "/www/wwwroot/coinceeper.com/CC/venv/lib64/python3.9/site-packages/sqlalchemy/pool/base.py", line 1356, in _checkout
    del fairy
  File "/www/wwwroot/coinceeper.com/CC/venv/lib64/python3.9/site-packages/sqlalchemy/util/langhelpers.py", line 224, in __exit__
    raise exc_value.with_traceback(exc_tb)
  File "/www/wwwroot/coinceeper.com/CC/venv/lib64/python3.9/site-packages/sqlalchemy/pool/base.py", line 1342, in _checkout
    fairy._connection_record.get_connection()
  File "/www/wwwroot/coinceeper.com/CC/venv/lib64/python3.9/site-packages/sqlalchemy/pool/base.py", line 836, in get_connection
    self.__connect()
  File "/www/wwwroot/coinceeper.com/CC/venv/lib64/python3.9/site-packages/sqlalchemy/pool/base.py", line 900, in __connect
    pool.logger.debug("Error on connect(): %s", e)
  File "/www/wwwroot/coinceeper.com/CC/venv/lib64/python3.9/site-packages/sqlalchemy/util/langhelpers.py", line 224, in __exit__
    raise exc_value.with_traceback(exc_tb)
  File "/www/wwwroot/coinceeper.com/CC/venv/lib64/python3.9/site-packages/sqlalchemy/pool/base.py", line 895, in __connect
    self.dbapi_connection = connection = pool._invoke_creator(self)
  File "/www/wwwroot/coinceeper.com/CC/venv/lib64/python3.9/site-packages/sqlalchemy/engine/create.py", line 646, in connect
    return dialect.connect(*cargs, **cparams)
  File "/www/wwwroot/coinceeper.com/CC/venv/lib64/python3.9/site-packages/sqlalchemy/engine/default.py", line 626, in connect
    return self.loaded_dbapi.connect(*cargs, **cparams)  # type: ignore[no-any-return]  # NOQA: E501
  File "/www/wwwroot/coinceeper.com/CC/venv/lib64/python3.9/site-packages/mysql/connector/pooling.py", line 322, in connect
    return CMySQLConnection(*args, **kwargs)
  File "/www/wwwroot/coinceeper.com/CC/venv/lib64/python3.9/site-packages/mysql/connector/connection_cext.py", line 142, in __init__
    self.connect(**kwargs)
  File "/www/wwwroot/coinceeper.com/CC/venv/lib64/python3.9/site-packages/mysql/connector/abstracts.py", line 1604, in connect
    self._open_connection()
  File "/www/wwwroot/coinceeper.com/CC/venv/lib64/python3.9/site-packages/mysql/connector/connection_cext.py", line 360, in _open_connection
    raise get_mysql_exception(
sqlalchemy.exc.DatabaseError: (mysql.connector.errors.DatabaseError) 2003 (HY000): Can't connect to MySQL server on 'localhost:3306' (111)
(Background on this error at: https://sqlalche.me/e/20/4xp6)
2025-07-31 22:29:42 - error_handlers - ERROR - Unexpected error: 404 Not Found: The requested URL was not found on the server. If you entered the URL manually please check your spelling and try again.
Traceback (most recent call last):
  File "/www/wwwroot/coinceeper.com/CC/venv/lib64/python3.9/site-packages/flask/app.py", line 917, in full_dispatch_request
    rv = self.dispatch_request()
  File "/www/wwwroot/coinceeper.com/CC/venv/lib64/python3.9/site-packages/flask/app.py", line 891, in dispatch_request
    self.raise_routing_exception(req)
  File "/www/wwwroot/coinceeper.com/CC/venv/lib64/python3.9/site-packages/flask/app.py", line 500, in raise_routing_exception
    raise request.routing_exception  # type: ignore[misc]
  File "/www/wwwroot/coinceeper.com/CC/venv/lib64/python3.9/site-packages/flask/ctx.py", line 362, in match_request
    result = self.url_adapter.match(return_rule=True)  # type: ignore
  File "/www/wwwroot/coinceeper.com/CC/venv/lib64/python3.9/site-packages/werkzeug/routing/map.py", line 629, in match
    raise NotFound() from None
werkzeug.exceptions.NotFound: 404 Not Found: The requested URL was not found on the server. If you entered the URL manually please check your spelling and try again.
2025-07-31 22:29:42 - error_handlers - ERROR - Error traceback: Traceback (most recent call last):
  File "/www/wwwroot/coinceeper.com/CC/venv/lib64/python3.9/site-packages/flask/app.py", line 917, in full_dispatch_request
    rv = self.dispatch_request()
  File "/www/wwwroot/coinceeper.com/CC/venv/lib64/python3.9/site-packages/flask/app.py", line 891, in dispatch_request
    self.raise_routing_exception(req)
  File "/www/wwwroot/coinceeper.com/CC/venv/lib64/python3.9/site-packages/flask/app.py", line 500, in raise_routing_exception
    raise request.routing_exception  # type: ignore[misc]
  File "/www/wwwroot/coinceeper.com/CC/venv/lib64/python3.9/site-packages/flask/ctx.py", line 362, in match_request
    result = self.url_adapter.match(return_rule=True)  # type: ignore
  File "/www/wwwroot/coinceeper.com/CC/venv/lib64/python3.9/site-packages/werkzeug/routing/map.py", line 629, in match
    raise NotFound() from None
werkzeug.exceptions.NotFound: 404 Not Found: The requested URL was not found on the server. If you entered the URL manually please check your spelling and try again.

2025-07-31 22:29:43 - error_handlers - ERROR - Unexpected error: 405 Method Not Allowed: The method is not allowed for the requested URL.
Traceback (most recent call last):
  File "/www/wwwroot/coinceeper.com/CC/venv/lib64/python3.9/site-packages/flask/app.py", line 917, in full_dispatch_request
    rv = self.dispatch_request()
  File "/www/wwwroot/coinceeper.com/CC/venv/lib64/python3.9/site-packages/flask/app.py", line 891, in dispatch_request
    self.raise_routing_exception(req)
  File "/www/wwwroot/coinceeper.com/CC/venv/lib64/python3.9/site-packages/flask/app.py", line 500, in raise_routing_exception
    raise request.routing_exception  # type: ignore[misc]
  File "/www/wwwroot/coinceeper.com/CC/venv/lib64/python3.9/site-packages/flask/ctx.py", line 362, in match_request
    result = self.url_adapter.match(return_rule=True)  # type: ignore
  File "/www/wwwroot/coinceeper.com/CC/venv/lib64/python3.9/site-packages/werkzeug/routing/map.py", line 624, in match
    raise MethodNotAllowed(valid_methods=list(e.have_match_for)) from None
werkzeug.exceptions.MethodNotAllowed: 405 Method Not Allowed: The method is not allowed for the requested URL.
2025-07-31 22:29:43 - error_handlers - ERROR - Error traceback: Traceback (most recent call last):
  File "/www/wwwroot/coinceeper.com/CC/venv/lib64/python3.9/site-packages/flask/app.py", line 917, in full_dispatch_request
    rv = self.dispatch_request()
  File "/www/wwwroot/coinceeper.com/CC/venv/lib64/python3.9/site-packages/flask/app.py", line 891, in dispatch_request
    self.raise_routing_exception(req)
  File "/www/wwwroot/coinceeper.com/CC/venv/lib64/python3.9/site-packages/flask/app.py", line 500, in raise_routing_exception
    raise request.routing_exception  # type: ignore[misc]
  File "/www/wwwroot/coinceeper.com/CC/venv/lib64/python3.9/site-packages/flask/ctx.py", line 362, in match_request
    result = self.url_adapter.match(return_rule=True)  # type: ignore
  File "/www/wwwroot/coinceeper.com/CC/venv/lib64/python3.9/site-packages/werkzeug/routing/map.py", line 624, in match
    raise MethodNotAllowed(valid_methods=list(e.have_match_for)) from None
werkzeug.exceptions.MethodNotAllowed: 405 Method Not Allowed: The method is not allowed for the requested URL.

2025-07-31 23:34:37 - error_handlers - ERROR - Unexpected error: 404 Not Found: The requested URL was not found on the server. If you entered the URL manually please check your spelling and try again.
Traceback (most recent call last):
  File "/www/wwwroot/coinceeper.com/CC/venv/lib64/python3.9/site-packages/flask/app.py", line 917, in full_dispatch_request
    rv = self.dispatch_request()
  File "/www/wwwroot/coinceeper.com/CC/venv/lib64/python3.9/site-packages/flask/app.py", line 891, in dispatch_request
    self.raise_routing_exception(req)
  File "/www/wwwroot/coinceeper.com/CC/venv/lib64/python3.9/site-packages/flask/app.py", line 500, in raise_routing_exception
    raise request.routing_exception  # type: ignore[misc]
  File "/www/wwwroot/coinceeper.com/CC/venv/lib64/python3.9/site-packages/flask/ctx.py", line 362, in match_request
    result = self.url_adapter.match(return_rule=True)  # type: ignore
  File "/www/wwwroot/coinceeper.com/CC/venv/lib64/python3.9/site-packages/werkzeug/routing/map.py", line 629, in match
    raise NotFound() from None
werkzeug.exceptions.NotFound: 404 Not Found: The requested URL was not found on the server. If you entered the URL manually please check your spelling and try again.
2025-07-31 23:34:37 - error_handlers - ERROR - Error traceback: Traceback (most recent call last):
  File "/www/wwwroot/coinceeper.com/CC/venv/lib64/python3.9/site-packages/flask/app.py", line 917, in full_dispatch_request
    rv = self.dispatch_request()
  File "/www/wwwroot/coinceeper.com/CC/venv/lib64/python3.9/site-packages/flask/app.py", line 891, in dispatch_request
    self.raise_routing_exception(req)
  File "/www/wwwroot/coinceeper.com/CC/venv/lib64/python3.9/site-packages/flask/app.py", line 500, in raise_routing_exception
    raise request.routing_exception  # type: ignore[misc]
  File "/www/wwwroot/coinceeper.com/CC/venv/lib64/python3.9/site-packages/flask/ctx.py", line 362, in match_request
    result = self.url_adapter.match(return_rule=True)  # type: ignore
  File "/www/wwwroot/coinceeper.com/CC/venv/lib64/python3.9/site-packages/werkzeug/routing/map.py", line 629, in match
    raise NotFound() from None
werkzeug.exceptions.NotFound: 404 Not Found: The requested URL was not found on the server. If you entered the URL manually please check your spelling and try again.

2025-07-31 23:34:39 - error_handlers - ERROR - Unexpected error: 404 Not Found: The requested URL was not found on the server. If you entered the URL manually please check your spelling and try again.
Traceback (most recent call last):
  File "/www/wwwroot/coinceeper.com/CC/venv/lib64/python3.9/site-packages/flask/app.py", line 917, in full_dispatch_request
    rv = self.dispatch_request()
  File "/www/wwwroot/coinceeper.com/CC/venv/lib64/python3.9/site-packages/flask/app.py", line 891, in dispatch_request
    self.raise_routing_exception(req)
  File "/www/wwwroot/coinceeper.com/CC/venv/lib64/python3.9/site-packages/flask/app.py", line 500, in raise_routing_exception
    raise request.routing_exception  # type: ignore[misc]
  File "/www/wwwroot/coinceeper.com/CC/venv/lib64/python3.9/site-packages/flask/ctx.py", line 362, in match_request
    result = self.url_adapter.match(return_rule=True)  # type: ignore
  File "/www/wwwroot/coinceeper.com/CC/venv/lib64/python3.9/site-packages/werkzeug/routing/map.py", line 629, in match
    raise NotFound() from None
werkzeug.exceptions.NotFound: 404 Not Found: The requested URL was not found on the server. If you entered the URL manually please check your spelling and try again.
2025-07-31 23:34:39 - error_handlers - ERROR - Error traceback: Traceback (most recent call last):
  File "/www/wwwroot/coinceeper.com/CC/venv/lib64/python3.9/site-packages/flask/app.py", line 917, in full_dispatch_request
    rv = self.dispatch_request()
  File "/www/wwwroot/coinceeper.com/CC/venv/lib64/python3.9/site-packages/flask/app.py", line 891, in dispatch_request
    self.raise_routing_exception(req)
  File "/www/wwwroot/coinceeper.com/CC/venv/lib64/python3.9/site-packages/flask/app.py", line 500, in raise_routing_exception
    raise request.routing_exception  # type: ignore[misc]
  File "/www/wwwroot/coinceeper.com/CC/venv/lib64/python3.9/site-packages/flask/ctx.py", line 362, in match_request
    result = self.url_adapter.match(return_rule=True)  # type: ignore
  File "/www/wwwroot/coinceeper.com/CC/venv/lib64/python3.9/site-packages/werkzeug/routing/map.py", line 629, in match
    raise NotFound() from None
werkzeug.exceptions.NotFound: 404 Not Found: The requested URL was not found on the server. If you entered the URL manually please check your spelling and try again.

2025-07-31 23:34:40 - error_handlers - ERROR - Unexpected error: 404 Not Found: The requested URL was not found on the server. If you entered the URL manually please check your spelling and try again.
Traceback (most recent call last):
  File "/www/wwwroot/coinceeper.com/CC/venv/lib64/python3.9/site-packages/flask/app.py", line 917, in full_dispatch_request
    rv = self.dispatch_request()
  File "/www/wwwroot/coinceeper.com/CC/venv/lib64/python3.9/site-packages/flask/app.py", line 891, in dispatch_request
    self.raise_routing_exception(req)
  File "/www/wwwroot/coinceeper.com/CC/venv/lib64/python3.9/site-packages/flask/app.py", line 500, in raise_routing_exception
    raise request.routing_exception  # type: ignore[misc]
  File "/www/wwwroot/coinceeper.com/CC/venv/lib64/python3.9/site-packages/flask/ctx.py", line 362, in match_request
    result = self.url_adapter.match(return_rule=True)  # type: ignore
  File "/www/wwwroot/coinceeper.com/CC/venv/lib64/python3.9/site-packages/werkzeug/routing/map.py", line 629, in match
    raise NotFound() from None
werkzeug.exceptions.NotFound: 404 Not Found: The requested URL was not found on the server. If you entered the URL manually please check your spelling and try again.
2025-07-31 23:34:40 - error_handlers - ERROR - Error traceback: Traceback (most recent call last):
  File "/www/wwwroot/coinceeper.com/CC/venv/lib64/python3.9/site-packages/flask/app.py", line 917, in full_dispatch_request
    rv = self.dispatch_request()
  File "/www/wwwroot/coinceeper.com/CC/venv/lib64/python3.9/site-packages/flask/app.py", line 891, in dispatch_request
    self.raise_routing_exception(req)
  File "/www/wwwroot/coinceeper.com/CC/venv/lib64/python3.9/site-packages/flask/app.py", line 500, in raise_routing_exception
    raise request.routing_exception  # type: ignore[misc]
  File "/www/wwwroot/coinceeper.com/CC/venv/lib64/python3.9/site-packages/flask/ctx.py", line 362, in match_request
    result = self.url_adapter.match(return_rule=True)  # type: ignore
  File "/www/wwwroot/coinceeper.com/CC/venv/lib64/python3.9/site-packages/werkzeug/routing/map.py", line 629, in match
    raise NotFound() from None
werkzeug.exceptions.NotFound: 404 Not Found: The requested URL was not found on the server. If you entered the URL manually please check your spelling and try again.

2025-07-31 23:34:40 - error_handlers - ERROR - Unexpected error: 404 Not Found: The requested URL was not found on the server. If you entered the URL manually please check your spelling and try again.
Traceback (most recent call last):
  File "/www/wwwroot/coinceeper.com/CC/venv/lib64/python3.9/site-packages/flask/app.py", line 917, in full_dispatch_request
    rv = self.dispatch_request()
  File "/www/wwwroot/coinceeper.com/CC/venv/lib64/python3.9/site-packages/flask/app.py", line 891, in dispatch_request
    self.raise_routing_exception(req)
  File "/www/wwwroot/coinceeper.com/CC/venv/lib64/python3.9/site-packages/flask/app.py", line 500, in raise_routing_exception
    raise request.routing_exception  # type: ignore[misc]
  File "/www/wwwroot/coinceeper.com/CC/venv/lib64/python3.9/site-packages/flask/ctx.py", line 362, in match_request
    result = self.url_adapter.match(return_rule=True)  # type: ignore
  File "/www/wwwroot/coinceeper.com/CC/venv/lib64/python3.9/site-packages/werkzeug/routing/map.py", line 629, in match
    raise NotFound() from None
werkzeug.exceptions.NotFound: 404 Not Found: The requested URL was not found on the server. If you entered the URL manually please check your spelling and try again.
2025-07-31 23:34:40 - error_handlers - ERROR - Error traceback: Traceback (most recent call last):
  File "/www/wwwroot/coinceeper.com/CC/venv/lib64/python3.9/site-packages/flask/app.py", line 917, in full_dispatch_request
    rv = self.dispatch_request()
  File "/www/wwwroot/coinceeper.com/CC/venv/lib64/python3.9/site-packages/flask/app.py", line 891, in dispatch_request
    self.raise_routing_exception(req)
  File "/www/wwwroot/coinceeper.com/CC/venv/lib64/python3.9/site-packages/flask/app.py", line 500, in raise_routing_exception
    raise request.routing_exception  # type: ignore[misc]
  File "/www/wwwroot/coinceeper.com/CC/venv/lib64/python3.9/site-packages/flask/ctx.py", line 362, in match_request
    result = self.url_adapter.match(return_rule=True)  # type: ignore
  File "/www/wwwroot/coinceeper.com/CC/venv/lib64/python3.9/site-packages/werkzeug/routing/map.py", line 629, in match
    raise NotFound() from None
werkzeug.exceptions.NotFound: 404 Not Found: The requested URL was not found on the server. If you entered the URL manually please check your spelling and try again.

2025-07-31 23:34:42 - error_handlers - ERROR - Unexpected error: 404 Not Found: The requested URL was not found on the server. If you entered the URL manually please check your spelling and try again.
Traceback (most recent call last):
  File "/www/wwwroot/coinceeper.com/CC/venv/lib64/python3.9/site-packages/flask/app.py", line 917, in full_dispatch_request
    rv = self.dispatch_request()
  File "/www/wwwroot/coinceeper.com/CC/venv/lib64/python3.9/site-packages/flask/app.py", line 891, in dispatch_request
    self.raise_routing_exception(req)
  File "/www/wwwroot/coinceeper.com/CC/venv/lib64/python3.9/site-packages/flask/app.py", line 500, in raise_routing_exception
    raise request.routing_exception  # type: ignore[misc]
  File "/www/wwwroot/coinceeper.com/CC/venv/lib64/python3.9/site-packages/flask/ctx.py", line 362, in match_request
    result = self.url_adapter.match(return_rule=True)  # type: ignore
  File "/www/wwwroot/coinceeper.com/CC/venv/lib64/python3.9/site-packages/werkzeug/routing/map.py", line 629, in match
    raise NotFound() from None
werkzeug.exceptions.NotFound: 404 Not Found: The requested URL was not found on the server. If you entered the URL manually please check your spelling and try again.
2025-07-31 23:34:42 - error_handlers - ERROR - Error traceback: Traceback (most recent call last):
  File "/www/wwwroot/coinceeper.com/CC/venv/lib64/python3.9/site-packages/flask/app.py", line 917, in full_dispatch_request
    rv = self.dispatch_request()
  File "/www/wwwroot/coinceeper.com/CC/venv/lib64/python3.9/site-packages/flask/app.py", line 891, in dispatch_request
    self.raise_routing_exception(req)
  File "/www/wwwroot/coinceeper.com/CC/venv/lib64/python3.9/site-packages/flask/app.py", line 500, in raise_routing_exception
    raise request.routing_exception  # type: ignore[misc]
  File "/www/wwwroot/coinceeper.com/CC/venv/lib64/python3.9/site-packages/flask/ctx.py", line 362, in match_request
    result = self.url_adapter.match(return_rule=True)  # type: ignore
  File "/www/wwwroot/coinceeper.com/CC/venv/lib64/python3.9/site-packages/werkzeug/routing/map.py", line 629, in match
    raise NotFound() from None
werkzeug.exceptions.NotFound: 404 Not Found: The requested URL was not found on the server. If you entered the URL manually please check your spelling and try again.

2025-07-31 23:34:44 - error_handlers - ERROR - Unexpected error: 404 Not Found: The requested URL was not found on the server. If you entered the URL manually please check your spelling and try again.
Traceback (most recent call last):
  File "/www/wwwroot/coinceeper.com/CC/venv/lib64/python3.9/site-packages/flask/app.py", line 917, in full_dispatch_request
    rv = self.dispatch_request()
  File "/www/wwwroot/coinceeper.com/CC/venv/lib64/python3.9/site-packages/flask/app.py", line 891, in dispatch_request
    self.raise_routing_exception(req)
  File "/www/wwwroot/coinceeper.com/CC/venv/lib64/python3.9/site-packages/flask/app.py", line 500, in raise_routing_exception
    raise request.routing_exception  # type: ignore[misc]
  File "/www/wwwroot/coinceeper.com/CC/venv/lib64/python3.9/site-packages/flask/ctx.py", line 362, in match_request
    result = self.url_adapter.match(return_rule=True)  # type: ignore
  File "/www/wwwroot/coinceeper.com/CC/venv/lib64/python3.9/site-packages/werkzeug/routing/map.py", line 629, in match
    raise NotFound() from None
werkzeug.exceptions.NotFound: 404 Not Found: The requested URL was not found on the server. If you entered the URL manually please check your spelling and try again.
2025-07-31 23:34:44 - error_handlers - ERROR - Error traceback: Traceback (most recent call last):
  File "/www/wwwroot/coinceeper.com/CC/venv/lib64/python3.9/site-packages/flask/app.py", line 917, in full_dispatch_request
    rv = self.dispatch_request()
  File "/www/wwwroot/coinceeper.com/CC/venv/lib64/python3.9/site-packages/flask/app.py", line 891, in dispatch_request
    self.raise_routing_exception(req)
  File "/www/wwwroot/coinceeper.com/CC/venv/lib64/python3.9/site-packages/flask/app.py", line 500, in raise_routing_exception
    raise request.routing_exception  # type: ignore[misc]
  File "/www/wwwroot/coinceeper.com/CC/venv/lib64/python3.9/site-packages/flask/ctx.py", line 362, in match_request
    result = self.url_adapter.match(return_rule=True)  # type: ignore
  File "/www/wwwroot/coinceeper.com/CC/venv/lib64/python3.9/site-packages/werkzeug/routing/map.py", line 629, in match
    raise NotFound() from None
werkzeug.exceptions.NotFound: 404 Not Found: The requested URL was not found on the server. If you entered the URL manually please check your spelling and try again.

2025-07-31 23:34:45 - error_handlers - ERROR - Unexpected error: 404 Not Found: The requested URL was not found on the server. If you entered the URL manually please check your spelling and try again.
Traceback (most recent call last):
  File "/www/wwwroot/coinceeper.com/CC/venv/lib64/python3.9/site-packages/flask/app.py", line 917, in full_dispatch_request
    rv = self.dispatch_request()
  File "/www/wwwroot/coinceeper.com/CC/venv/lib64/python3.9/site-packages/flask/app.py", line 891, in dispatch_request
    self.raise_routing_exception(req)
  File "/www/wwwroot/coinceeper.com/CC/venv/lib64/python3.9/site-packages/flask/app.py", line 500, in raise_routing_exception
    raise request.routing_exception  # type: ignore[misc]
  File "/www/wwwroot/coinceeper.com/CC/venv/lib64/python3.9/site-packages/flask/ctx.py", line 362, in match_request
    result = self.url_adapter.match(return_rule=True)  # type: ignore
  File "/www/wwwroot/coinceeper.com/CC/venv/lib64/python3.9/site-packages/werkzeug/routing/map.py", line 629, in match
    raise NotFound() from None
werkzeug.exceptions.NotFound: 404 Not Found: The requested URL was not found on the server. If you entered the URL manually please check your spelling and try again.
2025-07-31 23:34:45 - error_handlers - ERROR - Error traceback: Traceback (most recent call last):
  File "/www/wwwroot/coinceeper.com/CC/venv/lib64/python3.9/site-packages/flask/app.py", line 917, in full_dispatch_request
    rv = self.dispatch_request()
  File "/www/wwwroot/coinceeper.com/CC/venv/lib64/python3.9/site-packages/flask/app.py", line 891, in dispatch_request
    self.raise_routing_exception(req)
  File "/www/wwwroot/coinceeper.com/CC/venv/lib64/python3.9/site-packages/flask/app.py", line 500, in raise_routing_exception
    raise request.routing_exception  # type: ignore[misc]
  File "/www/wwwroot/coinceeper.com/CC/venv/lib64/python3.9/site-packages/flask/ctx.py", line 362, in match_request
    result = self.url_adapter.match(return_rule=True)  # type: ignore
  File "/www/wwwroot/coinceeper.com/CC/venv/lib64/python3.9/site-packages/werkzeug/routing/map.py", line 629, in match
    raise NotFound() from None
werkzeug.exceptions.NotFound: 404 Not Found: The requested URL was not found on the server. If you entered the URL manually please check your spelling and try again.

2025-07-31 23:34:46 - error_handlers - ERROR - Unexpected error: 404 Not Found: The requested URL was not found on the server. If you entered the URL manually please check your spelling and try again.
Traceback (most recent call last):
  File "/www/wwwroot/coinceeper.com/CC/venv/lib64/python3.9/site-packages/flask/app.py", line 917, in full_dispatch_request
    rv = self.dispatch_request()
  File "/www/wwwroot/coinceeper.com/CC/venv/lib64/python3.9/site-packages/flask/app.py", line 891, in dispatch_request
    self.raise_routing_exception(req)
  File "/www/wwwroot/coinceeper.com/CC/venv/lib64/python3.9/site-packages/flask/app.py", line 500, in raise_routing_exception
    raise request.routing_exception  # type: ignore[misc]
  File "/www/wwwroot/coinceeper.com/CC/venv/lib64/python3.9/site-packages/flask/ctx.py", line 362, in match_request
    result = self.url_adapter.match(return_rule=True)  # type: ignore
  File "/www/wwwroot/coinceeper.com/CC/venv/lib64/python3.9/site-packages/werkzeug/routing/map.py", line 629, in match
    raise NotFound() from None
werkzeug.exceptions.NotFound: 404 Not Found: The requested URL was not found on the server. If you entered the URL manually please check your spelling and try again.
2025-07-31 23:34:46 - error_handlers - ERROR - Error traceback: Traceback (most recent call last):
  File "/www/wwwroot/coinceeper.com/CC/venv/lib64/python3.9/site-packages/flask/app.py", line 917, in full_dispatch_request
    rv = self.dispatch_request()
  File "/www/wwwroot/coinceeper.com/CC/venv/lib64/python3.9/site-packages/flask/app.py", line 891, in dispatch_request
    self.raise_routing_exception(req)
  File "/www/wwwroot/coinceeper.com/CC/venv/lib64/python3.9/site-packages/flask/app.py", line 500, in raise_routing_exception
    raise request.routing_exception  # type: ignore[misc]
  File "/www/wwwroot/coinceeper.com/CC/venv/lib64/python3.9/site-packages/flask/ctx.py", line 362, in match_request
    result = self.url_adapter.match(return_rule=True)  # type: ignore
  File "/www/wwwroot/coinceeper.com/CC/venv/lib64/python3.9/site-packages/werkzeug/routing/map.py", line 629, in match
    raise NotFound() from None
werkzeug.exceptions.NotFound: 404 Not Found: The requested URL was not found on the server. If you entered the URL manually please check your spelling and try again.

2025-07-31 23:34:47 - error_handlers - ERROR - Unexpected error: 404 Not Found: The requested URL was not found on the server. If you entered the URL manually please check your spelling and try again.
Traceback (most recent call last):
  File "/www/wwwroot/coinceeper.com/CC/venv/lib64/python3.9/site-packages/flask/app.py", line 917, in full_dispatch_request
    rv = self.dispatch_request()
  File "/www/wwwroot/coinceeper.com/CC/venv/lib64/python3.9/site-packages/flask/app.py", line 891, in dispatch_request
    self.raise_routing_exception(req)
  File "/www/wwwroot/coinceeper.com/CC/venv/lib64/python3.9/site-packages/flask/app.py", line 500, in raise_routing_exception
    raise request.routing_exception  # type: ignore[misc]
  File "/www/wwwroot/coinceeper.com/CC/venv/lib64/python3.9/site-packages/flask/ctx.py", line 362, in match_request
    result = self.url_adapter.match(return_rule=True)  # type: ignore
  File "/www/wwwroot/coinceeper.com/CC/venv/lib64/python3.9/site-packages/werkzeug/routing/map.py", line 629, in match
    raise NotFound() from None
werkzeug.exceptions.NotFound: 404 Not Found: The requested URL was not found on the server. If you entered the URL manually please check your spelling and try again.
2025-07-31 23:34:47 - error_handlers - ERROR - Error traceback: Traceback (most recent call last):
  File "/www/wwwroot/coinceeper.com/CC/venv/lib64/python3.9/site-packages/flask/app.py", line 917, in full_dispatch_request
    rv = self.dispatch_request()
  File "/www/wwwroot/coinceeper.com/CC/venv/lib64/python3.9/site-packages/flask/app.py", line 891, in dispatch_request
    self.raise_routing_exception(req)
  File "/www/wwwroot/coinceeper.com/CC/venv/lib64/python3.9/site-packages/flask/app.py", line 500, in raise_routing_exception
    raise request.routing_exception  # type: ignore[misc]
  File "/www/wwwroot/coinceeper.com/CC/venv/lib64/python3.9/site-packages/flask/ctx.py", line 362, in match_request
    result = self.url_adapter.match(return_rule=True)  # type: ignore
  File "/www/wwwroot/coinceeper.com/CC/venv/lib64/python3.9/site-packages/werkzeug/routing/map.py", line 629, in match
    raise NotFound() from None
werkzeug.exceptions.NotFound: 404 Not Found: The requested URL was not found on the server. If you entered the URL manually please check your spelling and try again.

2025-07-31 23:34:48 - error_handlers - ERROR - Unexpected error: 404 Not Found: The requested URL was not found on the server. If you entered the URL manually please check your spelling and try again.
Traceback (most recent call last):
  File "/www/wwwroot/coinceeper.com/CC/venv/lib64/python3.9/site-packages/flask/app.py", line 917, in full_dispatch_request
    rv = self.dispatch_request()
  File "/www/wwwroot/coinceeper.com/CC/venv/lib64/python3.9/site-packages/flask/app.py", line 891, in dispatch_request
    self.raise_routing_exception(req)
  File "/www/wwwroot/coinceeper.com/CC/venv/lib64/python3.9/site-packages/flask/app.py", line 500, in raise_routing_exception
    raise request.routing_exception  # type: ignore[misc]
  File "/www/wwwroot/coinceeper.com/CC/venv/lib64/python3.9/site-packages/flask/ctx.py", line 362, in match_request
    result = self.url_adapter.match(return_rule=True)  # type: ignore
  File "/www/wwwroot/coinceeper.com/CC/venv/lib64/python3.9/site-packages/werkzeug/routing/map.py", line 629, in match
    raise NotFound() from None
werkzeug.exceptions.NotFound: 404 Not Found: The requested URL was not found on the server. If you entered the URL manually please check your spelling and try again.
2025-07-31 23:34:48 - error_handlers - ERROR - Error traceback: Traceback (most recent call last):
  File "/www/wwwroot/coinceeper.com/CC/venv/lib64/python3.9/site-packages/flask/app.py", line 917, in full_dispatch_request
    rv = self.dispatch_request()
  File "/www/wwwroot/coinceeper.com/CC/venv/lib64/python3.9/site-packages/flask/app.py", line 891, in dispatch_request
    self.raise_routing_exception(req)
  File "/www/wwwroot/coinceeper.com/CC/venv/lib64/python3.9/site-packages/flask/app.py", line 500, in raise_routing_exception
    raise request.routing_exception  # type: ignore[misc]
  File "/www/wwwroot/coinceeper.com/CC/venv/lib64/python3.9/site-packages/flask/ctx.py", line 362, in match_request
    result = self.url_adapter.match(return_rule=True)  # type: ignore
  File "/www/wwwroot/coinceeper.com/CC/venv/lib64/python3.9/site-packages/werkzeug/routing/map.py", line 629, in match
    raise NotFound() from None
werkzeug.exceptions.NotFound: 404 Not Found: The requested URL was not found on the server. If you entered the URL manually please check your spelling and try again.

2025-07-31 23:34:50 - error_handlers - ERROR - Unexpected error: 404 Not Found: The requested URL was not found on the server. If you entered the URL manually please check your spelling and try again.
Traceback (most recent call last):
  File "/www/wwwroot/coinceeper.com/CC/venv/lib64/python3.9/site-packages/flask/app.py", line 917, in full_dispatch_request
    rv = self.dispatch_request()
  File "/www/wwwroot/coinceeper.com/CC/venv/lib64/python3.9/site-packages/flask/app.py", line 891, in dispatch_request
    self.raise_routing_exception(req)
  File "/www/wwwroot/coinceeper.com/CC/venv/lib64/python3.9/site-packages/flask/app.py", line 500, in raise_routing_exception
    raise request.routing_exception  # type: ignore[misc]
  File "/www/wwwroot/coinceeper.com/CC/venv/lib64/python3.9/site-packages/flask/ctx.py", line 362, in match_request
    result = self.url_adapter.match(return_rule=True)  # type: ignore
  File "/www/wwwroot/coinceeper.com/CC/venv/lib64/python3.9/site-packages/werkzeug/routing/map.py", line 629, in match
    raise NotFound() from None
werkzeug.exceptions.NotFound: 404 Not Found: The requested URL was not found on the server. If you entered the URL manually please check your spelling and try again.
2025-07-31 23:34:50 - error_handlers - ERROR - Error traceback: Traceback (most recent call last):
  File "/www/wwwroot/coinceeper.com/CC/venv/lib64/python3.9/site-packages/flask/app.py", line 917, in full_dispatch_request
    rv = self.dispatch_request()
  File "/www/wwwroot/coinceeper.com/CC/venv/lib64/python3.9/site-packages/flask/app.py", line 891, in dispatch_request
    self.raise_routing_exception(req)
  File "/www/wwwroot/coinceeper.com/CC/venv/lib64/python3.9/site-packages/flask/app.py", line 500, in raise_routing_exception
    raise request.routing_exception  # type: ignore[misc]
  File "/www/wwwroot/coinceeper.com/CC/venv/lib64/python3.9/site-packages/flask/ctx.py", line 362, in match_request
    result = self.url_adapter.match(return_rule=True)  # type: ignore
  File "/www/wwwroot/coinceeper.com/CC/venv/lib64/python3.9/site-packages/werkzeug/routing/map.py", line 629, in match
    raise NotFound() from None
werkzeug.exceptions.NotFound: 404 Not Found: The requested URL was not found on the server. If you entered the URL manually please check your spelling and try again.

2025-07-31 23:34:51 - error_handlers - ERROR - Unexpected error: 404 Not Found: The requested URL was not found on the server. If you entered the URL manually please check your spelling and try again.
Traceback (most recent call last):
  File "/www/wwwroot/coinceeper.com/CC/venv/lib64/python3.9/site-packages/flask/app.py", line 917, in full_dispatch_request
    rv = self.dispatch_request()
  File "/www/wwwroot/coinceeper.com/CC/venv/lib64/python3.9/site-packages/flask/app.py", line 891, in dispatch_request
    self.raise_routing_exception(req)
  File "/www/wwwroot/coinceeper.com/CC/venv/lib64/python3.9/site-packages/flask/app.py", line 500, in raise_routing_exception
    raise request.routing_exception  # type: ignore[misc]
  File "/www/wwwroot/coinceeper.com/CC/venv/lib64/python3.9/site-packages/flask/ctx.py", line 362, in match_request
    result = self.url_adapter.match(return_rule=True)  # type: ignore
  File "/www/wwwroot/coinceeper.com/CC/venv/lib64/python3.9/site-packages/werkzeug/routing/map.py", line 629, in match
    raise NotFound() from None
werkzeug.exceptions.NotFound: 404 Not Found: The requested URL was not found on the server. If you entered the URL manually please check your spelling and try again.
2025-07-31 23:34:51 - error_handlers - ERROR - Error traceback: Traceback (most recent call last):
  File "/www/wwwroot/coinceeper.com/CC/venv/lib64/python3.9/site-packages/flask/app.py", line 917, in full_dispatch_request
    rv = self.dispatch_request()
  File "/www/wwwroot/coinceeper.com/CC/venv/lib64/python3.9/site-packages/flask/app.py", line 891, in dispatch_request
    self.raise_routing_exception(req)
  File "/www/wwwroot/coinceeper.com/CC/venv/lib64/python3.9/site-packages/flask/app.py", line 500, in raise_routing_exception
    raise request.routing_exception  # type: ignore[misc]
  File "/www/wwwroot/coinceeper.com/CC/venv/lib64/python3.9/site-packages/flask/ctx.py", line 362, in match_request
    result = self.url_adapter.match(return_rule=True)  # type: ignore
  File "/www/wwwroot/coinceeper.com/CC/venv/lib64/python3.9/site-packages/werkzeug/routing/map.py", line 629, in match
    raise NotFound() from None
werkzeug.exceptions.NotFound: 404 Not Found: The requested URL was not found on the server. If you entered the URL manually please check your spelling and try again.

2025-07-31 23:34:52 - error_handlers - ERROR - Unexpected error: 404 Not Found: The requested URL was not found on the server. If you entered the URL manually please check your spelling and try again.
Traceback (most recent call last):
  File "/www/wwwroot/coinceeper.com/CC/venv/lib64/python3.9/site-packages/flask/app.py", line 917, in full_dispatch_request
    rv = self.dispatch_request()
  File "/www/wwwroot/coinceeper.com/CC/venv/lib64/python3.9/site-packages/flask/app.py", line 891, in dispatch_request
    self.raise_routing_exception(req)
  File "/www/wwwroot/coinceeper.com/CC/venv/lib64/python3.9/site-packages/flask/app.py", line 500, in raise_routing_exception
    raise request.routing_exception  # type: ignore[misc]
  File "/www/wwwroot/coinceeper.com/CC/venv/lib64/python3.9/site-packages/flask/ctx.py", line 362, in match_request
    result = self.url_adapter.match(return_rule=True)  # type: ignore
  File "/www/wwwroot/coinceeper.com/CC/venv/lib64/python3.9/site-packages/werkzeug/routing/map.py", line 629, in match
    raise NotFound() from None
werkzeug.exceptions.NotFound: 404 Not Found: The requested URL was not found on the server. If you entered the URL manually please check your spelling and try again.
2025-07-31 23:34:52 - error_handlers - ERROR - Error traceback: Traceback (most recent call last):
  File "/www/wwwroot/coinceeper.com/CC/venv/lib64/python3.9/site-packages/flask/app.py", line 917, in full_dispatch_request
    rv = self.dispatch_request()
  File "/www/wwwroot/coinceeper.com/CC/venv/lib64/python3.9/site-packages/flask/app.py", line 891, in dispatch_request
    self.raise_routing_exception(req)
  File "/www/wwwroot/coinceeper.com/CC/venv/lib64/python3.9/site-packages/flask/app.py", line 500, in raise_routing_exception
    raise request.routing_exception  # type: ignore[misc]
  File "/www/wwwroot/coinceeper.com/CC/venv/lib64/python3.9/site-packages/flask/ctx.py", line 362, in match_request
    result = self.url_adapter.match(return_rule=True)  # type: ignore
  File "/www/wwwroot/coinceeper.com/CC/venv/lib64/python3.9/site-packages/werkzeug/routing/map.py", line 629, in match
    raise NotFound() from None
werkzeug.exceptions.NotFound: 404 Not Found: The requested URL was not found on the server. If you entered the URL manually please check your spelling and try again.

2025-07-31 23:34:53 - error_handlers - ERROR - Unexpected error: 404 Not Found: The requested URL was not found on the server. If you entered the URL manually please check your spelling and try again.
Traceback (most recent call last):
  File "/www/wwwroot/coinceeper.com/CC/venv/lib64/python3.9/site-packages/flask/app.py", line 917, in full_dispatch_request
    rv = self.dispatch_request()
  File "/www/wwwroot/coinceeper.com/CC/venv/lib64/python3.9/site-packages/flask/app.py", line 891, in dispatch_request
    self.raise_routing_exception(req)
  File "/www/wwwroot/coinceeper.com/CC/venv/lib64/python3.9/site-packages/flask/app.py", line 500, in raise_routing_exception
    raise request.routing_exception  # type: ignore[misc]
  File "/www/wwwroot/coinceeper.com/CC/venv/lib64/python3.9/site-packages/flask/ctx.py", line 362, in match_request
    result = self.url_adapter.match(return_rule=True)  # type: ignore
  File "/www/wwwroot/coinceeper.com/CC/venv/lib64/python3.9/site-packages/werkzeug/routing/map.py", line 629, in match
    raise NotFound() from None
werkzeug.exceptions.NotFound: 404 Not Found: The requested URL was not found on the server. If you entered the URL manually please check your spelling and try again.
2025-07-31 23:34:53 - error_handlers - ERROR - Error traceback: Traceback (most recent call last):
  File "/www/wwwroot/coinceeper.com/CC/venv/lib64/python3.9/site-packages/flask/app.py", line 917, in full_dispatch_request
    rv = self.dispatch_request()
  File "/www/wwwroot/coinceeper.com/CC/venv/lib64/python3.9/site-packages/flask/app.py", line 891, in dispatch_request
    self.raise_routing_exception(req)
  File "/www/wwwroot/coinceeper.com/CC/venv/lib64/python3.9/site-packages/flask/app.py", line 500, in raise_routing_exception
    raise request.routing_exception  # type: ignore[misc]
  File "/www/wwwroot/coinceeper.com/CC/venv/lib64/python3.9/site-packages/flask/ctx.py", line 362, in match_request
    result = self.url_adapter.match(return_rule=True)  # type: ignore
  File "/www/wwwroot/coinceeper.com/CC/venv/lib64/python3.9/site-packages/werkzeug/routing/map.py", line 629, in match
    raise NotFound() from None
werkzeug.exceptions.NotFound: 404 Not Found: The requested URL was not found on the server. If you entered the URL manually please check your spelling and try again.

2025-07-31 23:34:54 - error_handlers - ERROR - Unexpected error: 404 Not Found: The requested URL was not found on the server. If you entered the URL manually please check your spelling and try again.
Traceback (most recent call last):
  File "/www/wwwroot/coinceeper.com/CC/venv/lib64/python3.9/site-packages/flask/app.py", line 917, in full_dispatch_request
    rv = self.dispatch_request()
  File "/www/wwwroot/coinceeper.com/CC/venv/lib64/python3.9/site-packages/flask/app.py", line 891, in dispatch_request
    self.raise_routing_exception(req)
  File "/www/wwwroot/coinceeper.com/CC/venv/lib64/python3.9/site-packages/flask/app.py", line 500, in raise_routing_exception
    raise request.routing_exception  # type: ignore[misc]
  File "/www/wwwroot/coinceeper.com/CC/venv/lib64/python3.9/site-packages/flask/ctx.py", line 362, in match_request
    result = self.url_adapter.match(return_rule=True)  # type: ignore
  File "/www/wwwroot/coinceeper.com/CC/venv/lib64/python3.9/site-packages/werkzeug/routing/map.py", line 629, in match
    raise NotFound() from None
werkzeug.exceptions.NotFound: 404 Not Found: The requested URL was not found on the server. If you entered the URL manually please check your spelling and try again.
2025-07-31 23:34:54 - error_handlers - ERROR - Error traceback: Traceback (most recent call last):
  File "/www/wwwroot/coinceeper.com/CC/venv/lib64/python3.9/site-packages/flask/app.py", line 917, in full_dispatch_request
    rv = self.dispatch_request()
  File "/www/wwwroot/coinceeper.com/CC/venv/lib64/python3.9/site-packages/flask/app.py", line 891, in dispatch_request
    self.raise_routing_exception(req)
  File "/www/wwwroot/coinceeper.com/CC/venv/lib64/python3.9/site-packages/flask/app.py", line 500, in raise_routing_exception
    raise request.routing_exception  # type: ignore[misc]
  File "/www/wwwroot/coinceeper.com/CC/venv/lib64/python3.9/site-packages/flask/ctx.py", line 362, in match_request
    result = self.url_adapter.match(return_rule=True)  # type: ignore
  File "/www/wwwroot/coinceeper.com/CC/venv/lib64/python3.9/site-packages/werkzeug/routing/map.py", line 629, in match
    raise NotFound() from None
werkzeug.exceptions.NotFound: 404 Not Found: The requested URL was not found on the server. If you entered the URL manually please check your spelling and try again.

2025-07-31 23:34:55 - error_handlers - ERROR - Unexpected error: 404 Not Found: The requested URL was not found on the server. If you entered the URL manually please check your spelling and try again.
Traceback (most recent call last):
  File "/www/wwwroot/coinceeper.com/CC/venv/lib64/python3.9/site-packages/flask/app.py", line 917, in full_dispatch_request
    rv = self.dispatch_request()
  File "/www/wwwroot/coinceeper.com/CC/venv/lib64/python3.9/site-packages/flask/app.py", line 891, in dispatch_request
    self.raise_routing_exception(req)
  File "/www/wwwroot/coinceeper.com/CC/venv/lib64/python3.9/site-packages/flask/app.py", line 500, in raise_routing_exception
    raise request.routing_exception  # type: ignore[misc]
  File "/www/wwwroot/coinceeper.com/CC/venv/lib64/python3.9/site-packages/flask/ctx.py", line 362, in match_request
    result = self.url_adapter.match(return_rule=True)  # type: ignore
  File "/www/wwwroot/coinceeper.com/CC/venv/lib64/python3.9/site-packages/werkzeug/routing/map.py", line 629, in match
    raise NotFound() from None
werkzeug.exceptions.NotFound: 404 Not Found: The requested URL was not found on the server. If you entered the URL manually please check your spelling and try again.
2025-07-31 23:34:55 - error_handlers - ERROR - Error traceback: Traceback (most recent call last):
  File "/www/wwwroot/coinceeper.com/CC/venv/lib64/python3.9/site-packages/flask/app.py", line 917, in full_dispatch_request
    rv = self.dispatch_request()
  File "/www/wwwroot/coinceeper.com/CC/venv/lib64/python3.9/site-packages/flask/app.py", line 891, in dispatch_request
    self.raise_routing_exception(req)
  File "/www/wwwroot/coinceeper.com/CC/venv/lib64/python3.9/site-packages/flask/app.py", line 500, in raise_routing_exception
    raise request.routing_exception  # type: ignore[misc]
  File "/www/wwwroot/coinceeper.com/CC/venv/lib64/python3.9/site-packages/flask/ctx.py", line 362, in match_request
    result = self.url_adapter.match(return_rule=True)  # type: ignore
  File "/www/wwwroot/coinceeper.com/CC/venv/lib64/python3.9/site-packages/werkzeug/routing/map.py", line 629, in match
    raise NotFound() from None
werkzeug.exceptions.NotFound: 404 Not Found: The requested URL was not found on the server. If you entered the URL manually please check your spelling and try again.

2025-07-31 23:34:56 - error_handlers - ERROR - Unexpected error: 404 Not Found: The requested URL was not found on the server. If you entered the URL manually please check your spelling and try again.
Traceback (most recent call last):
  File "/www/wwwroot/coinceeper.com/CC/venv/lib64/python3.9/site-packages/flask/app.py", line 917, in full_dispatch_request
    rv = self.dispatch_request()
  File "/www/wwwroot/coinceeper.com/CC/venv/lib64/python3.9/site-packages/flask/app.py", line 891, in dispatch_request
    self.raise_routing_exception(req)
  File "/www/wwwroot/coinceeper.com/CC/venv/lib64/python3.9/site-packages/flask/app.py", line 500, in raise_routing_exception
    raise request.routing_exception  # type: ignore[misc]
  File "/www/wwwroot/coinceeper.com/CC/venv/lib64/python3.9/site-packages/flask/ctx.py", line 362, in match_request
    result = self.url_adapter.match(return_rule=True)  # type: ignore
  File "/www/wwwroot/coinceeper.com/CC/venv/lib64/python3.9/site-packages/werkzeug/routing/map.py", line 629, in match
    raise NotFound() from None
werkzeug.exceptions.NotFound: 404 Not Found: The requested URL was not found on the server. If you entered the URL manually please check your spelling and try again.
2025-07-31 23:34:56 - error_handlers - ERROR - Error traceback: Traceback (most recent call last):
  File "/www/wwwroot/coinceeper.com/CC/venv/lib64/python3.9/site-packages/flask/app.py", line 917, in full_dispatch_request
    rv = self.dispatch_request()
  File "/www/wwwroot/coinceeper.com/CC/venv/lib64/python3.9/site-packages/flask/app.py", line 891, in dispatch_request
    self.raise_routing_exception(req)
  File "/www/wwwroot/coinceeper.com/CC/venv/lib64/python3.9/site-packages/flask/app.py", line 500, in raise_routing_exception
    raise request.routing_exception  # type: ignore[misc]
  File "/www/wwwroot/coinceeper.com/CC/venv/lib64/python3.9/site-packages/flask/ctx.py", line 362, in match_request
    result = self.url_adapter.match(return_rule=True)  # type: ignore
  File "/www/wwwroot/coinceeper.com/CC/venv/lib64/python3.9/site-packages/werkzeug/routing/map.py", line 629, in match
    raise NotFound() from None
werkzeug.exceptions.NotFound: 404 Not Found: The requested URL was not found on the server. If you entered the URL manually please check your spelling and try again.

2025-07-31 23:34:57 - error_handlers - ERROR - Unexpected error: 404 Not Found: The requested URL was not found on the server. If you entered the URL manually please check your spelling and try again.
Traceback (most recent call last):
  File "/www/wwwroot/coinceeper.com/CC/venv/lib64/python3.9/site-packages/flask/app.py", line 917, in full_dispatch_request
    rv = self.dispatch_request()
  File "/www/wwwroot/coinceeper.com/CC/venv/lib64/python3.9/site-packages/flask/app.py", line 891, in dispatch_request
    self.raise_routing_exception(req)
  File "/www/wwwroot/coinceeper.com/CC/venv/lib64/python3.9/site-packages/flask/app.py", line 500, in raise_routing_exception
    raise request.routing_exception  # type: ignore[misc]
  File "/www/wwwroot/coinceeper.com/CC/venv/lib64/python3.9/site-packages/flask/ctx.py", line 362, in match_request
    result = self.url_adapter.match(return_rule=True)  # type: ignore
  File "/www/wwwroot/coinceeper.com/CC/venv/lib64/python3.9/site-packages/werkzeug/routing/map.py", line 629, in match
    raise NotFound() from None
werkzeug.exceptions.NotFound: 404 Not Found: The requested URL was not found on the server. If you entered the URL manually please check your spelling and try again.
2025-07-31 23:34:57 - error_handlers - ERROR - Error traceback: Traceback (most recent call last):
  File "/www/wwwroot/coinceeper.com/CC/venv/lib64/python3.9/site-packages/flask/app.py", line 917, in full_dispatch_request
    rv = self.dispatch_request()
  File "/www/wwwroot/coinceeper.com/CC/venv/lib64/python3.9/site-packages/flask/app.py", line 891, in dispatch_request
    self.raise_routing_exception(req)
  File "/www/wwwroot/coinceeper.com/CC/venv/lib64/python3.9/site-packages/flask/app.py", line 500, in raise_routing_exception
    raise request.routing_exception  # type: ignore[misc]
  File "/www/wwwroot/coinceeper.com/CC/venv/lib64/python3.9/site-packages/flask/ctx.py", line 362, in match_request
    result = self.url_adapter.match(return_rule=True)  # type: ignore
  File "/www/wwwroot/coinceeper.com/CC/venv/lib64/python3.9/site-packages/werkzeug/routing/map.py", line 629, in match
    raise NotFound() from None
werkzeug.exceptions.NotFound: 404 Not Found: The requested URL was not found on the server. If you entered the URL manually please check your spelling and try again.

2025-07-31 23:34:59 - error_handlers - ERROR - Unexpected error: 404 Not Found: The requested URL was not found on the server. If you entered the URL manually please check your spelling and try again.
Traceback (most recent call last):
  File "/www/wwwroot/coinceeper.com/CC/venv/lib64/python3.9/site-packages/flask/app.py", line 917, in full_dispatch_request
    rv = self.dispatch_request()
  File "/www/wwwroot/coinceeper.com/CC/venv/lib64/python3.9/site-packages/flask/app.py", line 891, in dispatch_request
    self.raise_routing_exception(req)
  File "/www/wwwroot/coinceeper.com/CC/venv/lib64/python3.9/site-packages/flask/app.py", line 500, in raise_routing_exception
    raise request.routing_exception  # type: ignore[misc]
  File "/www/wwwroot/coinceeper.com/CC/venv/lib64/python3.9/site-packages/flask/ctx.py", line 362, in match_request
    result = self.url_adapter.match(return_rule=True)  # type: ignore
  File "/www/wwwroot/coinceeper.com/CC/venv/lib64/python3.9/site-packages/werkzeug/routing/map.py", line 629, in match
    raise NotFound() from None
werkzeug.exceptions.NotFound: 404 Not Found: The requested URL was not found on the server. If you entered the URL manually please check your spelling and try again.
2025-07-31 23:34:59 - error_handlers - ERROR - Error traceback: Traceback (most recent call last):
  File "/www/wwwroot/coinceeper.com/CC/venv/lib64/python3.9/site-packages/flask/app.py", line 917, in full_dispatch_request
    rv = self.dispatch_request()
  File "/www/wwwroot/coinceeper.com/CC/venv/lib64/python3.9/site-packages/flask/app.py", line 891, in dispatch_request
    self.raise_routing_exception(req)
  File "/www/wwwroot/coinceeper.com/CC/venv/lib64/python3.9/site-packages/flask/app.py", line 500, in raise_routing_exception
    raise request.routing_exception  # type: ignore[misc]
  File "/www/wwwroot/coinceeper.com/CC/venv/lib64/python3.9/site-packages/flask/ctx.py", line 362, in match_request
    result = self.url_adapter.match(return_rule=True)  # type: ignore
  File "/www/wwwroot/coinceeper.com/CC/venv/lib64/python3.9/site-packages/werkzeug/routing/map.py", line 629, in match
    raise NotFound() from None
werkzeug.exceptions.NotFound: 404 Not Found: The requested URL was not found on the server. If you entered the URL manually please check your spelling and try again.

2025-07-31 23:35:00 - error_handlers - ERROR - Unexpected error: 404 Not Found: The requested URL was not found on the server. If you entered the URL manually please check your spelling and try again.
Traceback (most recent call last):
  File "/www/wwwroot/coinceeper.com/CC/venv/lib64/python3.9/site-packages/flask/app.py", line 917, in full_dispatch_request
    rv = self.dispatch_request()
  File "/www/wwwroot/coinceeper.com/CC/venv/lib64/python3.9/site-packages/flask/app.py", line 891, in dispatch_request
    self.raise_routing_exception(req)
  File "/www/wwwroot/coinceeper.com/CC/venv/lib64/python3.9/site-packages/flask/app.py", line 500, in raise_routing_exception
    raise request.routing_exception  # type: ignore[misc]
  File "/www/wwwroot/coinceeper.com/CC/venv/lib64/python3.9/site-packages/flask/ctx.py", line 362, in match_request
    result = self.url_adapter.match(return_rule=True)  # type: ignore
  File "/www/wwwroot/coinceeper.com/CC/venv/lib64/python3.9/site-packages/werkzeug/routing/map.py", line 629, in match
    raise NotFound() from None
werkzeug.exceptions.NotFound: 404 Not Found: The requested URL was not found on the server. If you entered the URL manually please check your spelling and try again.
2025-07-31 23:35:00 - error_handlers - ERROR - Error traceback: Traceback (most recent call last):
  File "/www/wwwroot/coinceeper.com/CC/venv/lib64/python3.9/site-packages/flask/app.py", line 917, in full_dispatch_request
    rv = self.dispatch_request()
  File "/www/wwwroot/coinceeper.com/CC/venv/lib64/python3.9/site-packages/flask/app.py", line 891, in dispatch_request
    self.raise_routing_exception(req)
  File "/www/wwwroot/coinceeper.com/CC/venv/lib64/python3.9/site-packages/flask/app.py", line 500, in raise_routing_exception
    raise request.routing_exception  # type: ignore[misc]
  File "/www/wwwroot/coinceeper.com/CC/venv/lib64/python3.9/site-packages/flask/ctx.py", line 362, in match_request
    result = self.url_adapter.match(return_rule=True)  # type: ignore
  File "/www/wwwroot/coinceeper.com/CC/venv/lib64/python3.9/site-packages/werkzeug/routing/map.py", line 629, in match
    raise NotFound() from None
werkzeug.exceptions.NotFound: 404 Not Found: The requested URL was not found on the server. If you entered the URL manually please check your spelling and try again.

2025-07-31 23:35:01 - error_handlers - ERROR - Unexpected error: 404 Not Found: The requested URL was not found on the server. If you entered the URL manually please check your spelling and try again.
Traceback (most recent call last):
  File "/www/wwwroot/coinceeper.com/CC/venv/lib64/python3.9/site-packages/flask/app.py", line 917, in full_dispatch_request
    rv = self.dispatch_request()
  File "/www/wwwroot/coinceeper.com/CC/venv/lib64/python3.9/site-packages/flask/app.py", line 891, in dispatch_request
    self.raise_routing_exception(req)
  File "/www/wwwroot/coinceeper.com/CC/venv/lib64/python3.9/site-packages/flask/app.py", line 500, in raise_routing_exception
    raise request.routing_exception  # type: ignore[misc]
  File "/www/wwwroot/coinceeper.com/CC/venv/lib64/python3.9/site-packages/flask/ctx.py", line 362, in match_request
    result = self.url_adapter.match(return_rule=True)  # type: ignore
  File "/www/wwwroot/coinceeper.com/CC/venv/lib64/python3.9/site-packages/werkzeug/routing/map.py", line 629, in match
    raise NotFound() from None
werkzeug.exceptions.NotFound: 404 Not Found: The requested URL was not found on the server. If you entered the URL manually please check your spelling and try again.
2025-07-31 23:35:01 - error_handlers - ERROR - Error traceback: Traceback (most recent call last):
  File "/www/wwwroot/coinceeper.com/CC/venv/lib64/python3.9/site-packages/flask/app.py", line 917, in full_dispatch_request
    rv = self.dispatch_request()
  File "/www/wwwroot/coinceeper.com/CC/venv/lib64/python3.9/site-packages/flask/app.py", line 891, in dispatch_request
    self.raise_routing_exception(req)
  File "/www/wwwroot/coinceeper.com/CC/venv/lib64/python3.9/site-packages/flask/app.py", line 500, in raise_routing_exception
    raise request.routing_exception  # type: ignore[misc]
  File "/www/wwwroot/coinceeper.com/CC/venv/lib64/python3.9/site-packages/flask/ctx.py", line 362, in match_request
    result = self.url_adapter.match(return_rule=True)  # type: ignore
  File "/www/wwwroot/coinceeper.com/CC/venv/lib64/python3.9/site-packages/werkzeug/routing/map.py", line 629, in match
    raise NotFound() from None
werkzeug.exceptions.NotFound: 404 Not Found: The requested URL was not found on the server. If you entered the URL manually please check your spelling and try again.

2025-07-31 23:35:02 - error_handlers - ERROR - Unexpected error: 404 Not Found: The requested URL was not found on the server. If you entered the URL manually please check your spelling and try again.
Traceback (most recent call last):
  File "/www/wwwroot/coinceeper.com/CC/venv/lib64/python3.9/site-packages/flask/app.py", line 917, in full_dispatch_request
    rv = self.dispatch_request()
  File "/www/wwwroot/coinceeper.com/CC/venv/lib64/python3.9/site-packages/flask/app.py", line 891, in dispatch_request
    self.raise_routing_exception(req)
  File "/www/wwwroot/coinceeper.com/CC/venv/lib64/python3.9/site-packages/flask/app.py", line 500, in raise_routing_exception
    raise request.routing_exception  # type: ignore[misc]
  File "/www/wwwroot/coinceeper.com/CC/venv/lib64/python3.9/site-packages/flask/ctx.py", line 362, in match_request
    result = self.url_adapter.match(return_rule=True)  # type: ignore
  File "/www/wwwroot/coinceeper.com/CC/venv/lib64/python3.9/site-packages/werkzeug/routing/map.py", line 629, in match
    raise NotFound() from None
werkzeug.exceptions.NotFound: 404 Not Found: The requested URL was not found on the server. If you entered the URL manually please check your spelling and try again.
2025-07-31 23:35:02 - error_handlers - ERROR - Error traceback: Traceback (most recent call last):
  File "/www/wwwroot/coinceeper.com/CC/venv/lib64/python3.9/site-packages/flask/app.py", line 917, in full_dispatch_request
    rv = self.dispatch_request()
  File "/www/wwwroot/coinceeper.com/CC/venv/lib64/python3.9/site-packages/flask/app.py", line 891, in dispatch_request
    self.raise_routing_exception(req)
  File "/www/wwwroot/coinceeper.com/CC/venv/lib64/python3.9/site-packages/flask/app.py", line 500, in raise_routing_exception
    raise request.routing_exception  # type: ignore[misc]
  File "/www/wwwroot/coinceeper.com/CC/venv/lib64/python3.9/site-packages/flask/ctx.py", line 362, in match_request
    result = self.url_adapter.match(return_rule=True)  # type: ignore
  File "/www/wwwroot/coinceeper.com/CC/venv/lib64/python3.9/site-packages/werkzeug/routing/map.py", line 629, in match
    raise NotFound() from None
werkzeug.exceptions.NotFound: 404 Not Found: The requested URL was not found on the server. If you entered the URL manually please check your spelling and try again.

2025-07-31 23:35:03 - error_handlers - ERROR - Unexpected error: 404 Not Found: The requested URL was not found on the server. If you entered the URL manually please check your spelling and try again.
Traceback (most recent call last):
  File "/www/wwwroot/coinceeper.com/CC/venv/lib64/python3.9/site-packages/flask/app.py", line 917, in full_dispatch_request
    rv = self.dispatch_request()
  File "/www/wwwroot/coinceeper.com/CC/venv/lib64/python3.9/site-packages/flask/app.py", line 891, in dispatch_request
    self.raise_routing_exception(req)
  File "/www/wwwroot/coinceeper.com/CC/venv/lib64/python3.9/site-packages/flask/app.py", line 500, in raise_routing_exception
    raise request.routing_exception  # type: ignore[misc]
  File "/www/wwwroot/coinceeper.com/CC/venv/lib64/python3.9/site-packages/flask/ctx.py", line 362, in match_request
    result = self.url_adapter.match(return_rule=True)  # type: ignore
  File "/www/wwwroot/coinceeper.com/CC/venv/lib64/python3.9/site-packages/werkzeug/routing/map.py", line 629, in match
    raise NotFound() from None
werkzeug.exceptions.NotFound: 404 Not Found: The requested URL was not found on the server. If you entered the URL manually please check your spelling and try again.
2025-07-31 23:35:03 - error_handlers - ERROR - Error traceback: Traceback (most recent call last):
  File "/www/wwwroot/coinceeper.com/CC/venv/lib64/python3.9/site-packages/flask/app.py", line 917, in full_dispatch_request
    rv = self.dispatch_request()
  File "/www/wwwroot/coinceeper.com/CC/venv/lib64/python3.9/site-packages/flask/app.py", line 891, in dispatch_request
    self.raise_routing_exception(req)
  File "/www/wwwroot/coinceeper.com/CC/venv/lib64/python3.9/site-packages/flask/app.py", line 500, in raise_routing_exception
    raise request.routing_exception  # type: ignore[misc]
  File "/www/wwwroot/coinceeper.com/CC/venv/lib64/python3.9/site-packages/flask/ctx.py", line 362, in match_request
    result = self.url_adapter.match(return_rule=True)  # type: ignore
  File "/www/wwwroot/coinceeper.com/CC/venv/lib64/python3.9/site-packages/werkzeug/routing/map.py", line 629, in match
    raise NotFound() from None
werkzeug.exceptions.NotFound: 404 Not Found: The requested URL was not found on the server. If you entered the URL manually please check your spelling and try again.

2025-07-31 23:35:04 - error_handlers - ERROR - Unexpected error: 404 Not Found: The requested URL was not found on the server. If you entered the URL manually please check your spelling and try again.
Traceback (most recent call last):
  File "/www/wwwroot/coinceeper.com/CC/venv/lib64/python3.9/site-packages/flask/app.py", line 917, in full_dispatch_request
    rv = self.dispatch_request()
  File "/www/wwwroot/coinceeper.com/CC/venv/lib64/python3.9/site-packages/flask/app.py", line 891, in dispatch_request
    self.raise_routing_exception(req)
  File "/www/wwwroot/coinceeper.com/CC/venv/lib64/python3.9/site-packages/flask/app.py", line 500, in raise_routing_exception
    raise request.routing_exception  # type: ignore[misc]
  File "/www/wwwroot/coinceeper.com/CC/venv/lib64/python3.9/site-packages/flask/ctx.py", line 362, in match_request
    result = self.url_adapter.match(return_rule=True)  # type: ignore
  File "/www/wwwroot/coinceeper.com/CC/venv/lib64/python3.9/site-packages/werkzeug/routing/map.py", line 629, in match
    raise NotFound() from None
werkzeug.exceptions.NotFound: 404 Not Found: The requested URL was not found on the server. If you entered the URL manually please check your spelling and try again.
2025-07-31 23:35:04 - error_handlers - ERROR - Error traceback: Traceback (most recent call last):
  File "/www/wwwroot/coinceeper.com/CC/venv/lib64/python3.9/site-packages/flask/app.py", line 917, in full_dispatch_request
    rv = self.dispatch_request()
  File "/www/wwwroot/coinceeper.com/CC/venv/lib64/python3.9/site-packages/flask/app.py", line 891, in dispatch_request
    self.raise_routing_exception(req)
  File "/www/wwwroot/coinceeper.com/CC/venv/lib64/python3.9/site-packages/flask/app.py", line 500, in raise_routing_exception
    raise request.routing_exception  # type: ignore[misc]
  File "/www/wwwroot/coinceeper.com/CC/venv/lib64/python3.9/site-packages/flask/ctx.py", line 362, in match_request
    result = self.url_adapter.match(return_rule=True)  # type: ignore
  File "/www/wwwroot/coinceeper.com/CC/venv/lib64/python3.9/site-packages/werkzeug/routing/map.py", line 629, in match
    raise NotFound() from None
werkzeug.exceptions.NotFound: 404 Not Found: The requested URL was not found on the server. If you entered the URL manually please check your spelling and try again.

2025-07-31 23:35:05 - error_handlers - ERROR - Unexpected error: 404 Not Found: The requested URL was not found on the server. If you entered the URL manually please check your spelling and try again.
Traceback (most recent call last):
  File "/www/wwwroot/coinceeper.com/CC/venv/lib64/python3.9/site-packages/flask/app.py", line 917, in full_dispatch_request
    rv = self.dispatch_request()
  File "/www/wwwroot/coinceeper.com/CC/venv/lib64/python3.9/site-packages/flask/app.py", line 891, in dispatch_request
    self.raise_routing_exception(req)
  File "/www/wwwroot/coinceeper.com/CC/venv/lib64/python3.9/site-packages/flask/app.py", line 500, in raise_routing_exception
    raise request.routing_exception  # type: ignore[misc]
  File "/www/wwwroot/coinceeper.com/CC/venv/lib64/python3.9/site-packages/flask/ctx.py", line 362, in match_request
    result = self.url_adapter.match(return_rule=True)  # type: ignore
  File "/www/wwwroot/coinceeper.com/CC/venv/lib64/python3.9/site-packages/werkzeug/routing/map.py", line 629, in match
    raise NotFound() from None
werkzeug.exceptions.NotFound: 404 Not Found: The requested URL was not found on the server. If you entered the URL manually please check your spelling and try again.
2025-07-31 23:35:05 - error_handlers - ERROR - Error traceback: Traceback (most recent call last):
  File "/www/wwwroot/coinceeper.com/CC/venv/lib64/python3.9/site-packages/flask/app.py", line 917, in full_dispatch_request
    rv = self.dispatch_request()
  File "/www/wwwroot/coinceeper.com/CC/venv/lib64/python3.9/site-packages/flask/app.py", line 891, in dispatch_request
    self.raise_routing_exception(req)
  File "/www/wwwroot/coinceeper.com/CC/venv/lib64/python3.9/site-packages/flask/app.py", line 500, in raise_routing_exception
    raise request.routing_exception  # type: ignore[misc]
  File "/www/wwwroot/coinceeper.com/CC/venv/lib64/python3.9/site-packages/flask/ctx.py", line 362, in match_request
    result = self.url_adapter.match(return_rule=True)  # type: ignore
  File "/www/wwwroot/coinceeper.com/CC/venv/lib64/python3.9/site-packages/werkzeug/routing/map.py", line 629, in match
    raise NotFound() from None
werkzeug.exceptions.NotFound: 404 Not Found: The requested URL was not found on the server. If you entered the URL manually please check your spelling and try again.

2025-07-31 23:35:07 - error_handlers - ERROR - Unexpected error: 404 Not Found: The requested URL was not found on the server. If you entered the URL manually please check your spelling and try again.
Traceback (most recent call last):
  File "/www/wwwroot/coinceeper.com/CC/venv/lib64/python3.9/site-packages/flask/app.py", line 917, in full_dispatch_request
    rv = self.dispatch_request()
  File "/www/wwwroot/coinceeper.com/CC/venv/lib64/python3.9/site-packages/flask/app.py", line 891, in dispatch_request
    self.raise_routing_exception(req)
  File "/www/wwwroot/coinceeper.com/CC/venv/lib64/python3.9/site-packages/flask/app.py", line 500, in raise_routing_exception
    raise request.routing_exception  # type: ignore[misc]
  File "/www/wwwroot/coinceeper.com/CC/venv/lib64/python3.9/site-packages/flask/ctx.py", line 362, in match_request
    result = self.url_adapter.match(return_rule=True)  # type: ignore
  File "/www/wwwroot/coinceeper.com/CC/venv/lib64/python3.9/site-packages/werkzeug/routing/map.py", line 629, in match
    raise NotFound() from None
werkzeug.exceptions.NotFound: 404 Not Found: The requested URL was not found on the server. If you entered the URL manually please check your spelling and try again.
2025-07-31 23:35:07 - error_handlers - ERROR - Error traceback: Traceback (most recent call last):
  File "/www/wwwroot/coinceeper.com/CC/venv/lib64/python3.9/site-packages/flask/app.py", line 917, in full_dispatch_request
    rv = self.dispatch_request()
  File "/www/wwwroot/coinceeper.com/CC/venv/lib64/python3.9/site-packages/flask/app.py", line 891, in dispatch_request
    self.raise_routing_exception(req)
  File "/www/wwwroot/coinceeper.com/CC/venv/lib64/python3.9/site-packages/flask/app.py", line 500, in raise_routing_exception
    raise request.routing_exception  # type: ignore[misc]
  File "/www/wwwroot/coinceeper.com/CC/venv/lib64/python3.9/site-packages/flask/ctx.py", line 362, in match_request
    result = self.url_adapter.match(return_rule=True)  # type: ignore
  File "/www/wwwroot/coinceeper.com/CC/venv/lib64/python3.9/site-packages/werkzeug/routing/map.py", line 629, in match
    raise NotFound() from None
werkzeug.exceptions.NotFound: 404 Not Found: The requested URL was not found on the server. If you entered the URL manually please check your spelling and try again.

2025-07-31 23:35:09 - error_handlers - ERROR - Unexpected error: 404 Not Found: The requested URL was not found on the server. If you entered the URL manually please check your spelling and try again.
Traceback (most recent call last):
  File "/www/wwwroot/coinceeper.com/CC/venv/lib64/python3.9/site-packages/flask/app.py", line 917, in full_dispatch_request
    rv = self.dispatch_request()
  File "/www/wwwroot/coinceeper.com/CC/venv/lib64/python3.9/site-packages/flask/app.py", line 891, in dispatch_request
    self.raise_routing_exception(req)
  File "/www/wwwroot/coinceeper.com/CC/venv/lib64/python3.9/site-packages/flask/app.py", line 500, in raise_routing_exception
    raise request.routing_exception  # type: ignore[misc]
  File "/www/wwwroot/coinceeper.com/CC/venv/lib64/python3.9/site-packages/flask/ctx.py", line 362, in match_request
    result = self.url_adapter.match(return_rule=True)  # type: ignore
  File "/www/wwwroot/coinceeper.com/CC/venv/lib64/python3.9/site-packages/werkzeug/routing/map.py", line 629, in match
    raise NotFound() from None
werkzeug.exceptions.NotFound: 404 Not Found: The requested URL was not found on the server. If you entered the URL manually please check your spelling and try again.
2025-07-31 23:35:09 - error_handlers - ERROR - Error traceback: Traceback (most recent call last):
  File "/www/wwwroot/coinceeper.com/CC/venv/lib64/python3.9/site-packages/flask/app.py", line 917, in full_dispatch_request
    rv = self.dispatch_request()
  File "/www/wwwroot/coinceeper.com/CC/venv/lib64/python3.9/site-packages/flask/app.py", line 891, in dispatch_request
    self.raise_routing_exception(req)
  File "/www/wwwroot/coinceeper.com/CC/venv/lib64/python3.9/site-packages/flask/app.py", line 500, in raise_routing_exception
    raise request.routing_exception  # type: ignore[misc]
  File "/www/wwwroot/coinceeper.com/CC/venv/lib64/python3.9/site-packages/flask/ctx.py", line 362, in match_request
    result = self.url_adapter.match(return_rule=True)  # type: ignore
  File "/www/wwwroot/coinceeper.com/CC/venv/lib64/python3.9/site-packages/werkzeug/routing/map.py", line 629, in match
    raise NotFound() from None
werkzeug.exceptions.NotFound: 404 Not Found: The requested URL was not found on the server. If you entered the URL manually please check your spelling and try again.

2025-07-31 23:35:10 - error_handlers - ERROR - Unexpected error: 404 Not Found: The requested URL was not found on the server. If you entered the URL manually please check your spelling and try again.
Traceback (most recent call last):
  File "/www/wwwroot/coinceeper.com/CC/venv/lib64/python3.9/site-packages/flask/app.py", line 917, in full_dispatch_request
    rv = self.dispatch_request()
  File "/www/wwwroot/coinceeper.com/CC/venv/lib64/python3.9/site-packages/flask/app.py", line 891, in dispatch_request
    self.raise_routing_exception(req)
  File "/www/wwwroot/coinceeper.com/CC/venv/lib64/python3.9/site-packages/flask/app.py", line 500, in raise_routing_exception
    raise request.routing_exception  # type: ignore[misc]
  File "/www/wwwroot/coinceeper.com/CC/venv/lib64/python3.9/site-packages/flask/ctx.py", line 362, in match_request
    result = self.url_adapter.match(return_rule=True)  # type: ignore
  File "/www/wwwroot/coinceeper.com/CC/venv/lib64/python3.9/site-packages/werkzeug/routing/map.py", line 629, in match
    raise NotFound() from None
werkzeug.exceptions.NotFound: 404 Not Found: The requested URL was not found on the server. If you entered the URL manually please check your spelling and try again.
2025-07-31 23:35:10 - error_handlers - ERROR - Error traceback: Traceback (most recent call last):
  File "/www/wwwroot/coinceeper.com/CC/venv/lib64/python3.9/site-packages/flask/app.py", line 917, in full_dispatch_request
    rv = self.dispatch_request()
  File "/www/wwwroot/coinceeper.com/CC/venv/lib64/python3.9/site-packages/flask/app.py", line 891, in dispatch_request
    self.raise_routing_exception(req)
  File "/www/wwwroot/coinceeper.com/CC/venv/lib64/python3.9/site-packages/flask/app.py", line 500, in raise_routing_exception
    raise request.routing_exception  # type: ignore[misc]
  File "/www/wwwroot/coinceeper.com/CC/venv/lib64/python3.9/site-packages/flask/ctx.py", line 362, in match_request
    result = self.url_adapter.match(return_rule=True)  # type: ignore
  File "/www/wwwroot/coinceeper.com/CC/venv/lib64/python3.9/site-packages/werkzeug/routing/map.py", line 629, in match
    raise NotFound() from None
werkzeug.exceptions.NotFound: 404 Not Found: The requested URL was not found on the server. If you entered the URL manually please check your spelling and try again.

2025-07-31 23:35:11 - error_handlers - ERROR - Unexpected error: 404 Not Found: The requested URL was not found on the server. If you entered the URL manually please check your spelling and try again.
Traceback (most recent call last):
  File "/www/wwwroot/coinceeper.com/CC/venv/lib64/python3.9/site-packages/flask/app.py", line 917, in full_dispatch_request
    rv = self.dispatch_request()
  File "/www/wwwroot/coinceeper.com/CC/venv/lib64/python3.9/site-packages/flask/app.py", line 891, in dispatch_request
    self.raise_routing_exception(req)
  File "/www/wwwroot/coinceeper.com/CC/venv/lib64/python3.9/site-packages/flask/app.py", line 500, in raise_routing_exception
    raise request.routing_exception  # type: ignore[misc]
  File "/www/wwwroot/coinceeper.com/CC/venv/lib64/python3.9/site-packages/flask/ctx.py", line 362, in match_request
    result = self.url_adapter.match(return_rule=True)  # type: ignore
  File "/www/wwwroot/coinceeper.com/CC/venv/lib64/python3.9/site-packages/werkzeug/routing/map.py", line 629, in match
    raise NotFound() from None
werkzeug.exceptions.NotFound: 404 Not Found: The requested URL was not found on the server. If you entered the URL manually please check your spelling and try again.
2025-07-31 23:35:11 - error_handlers - ERROR - Error traceback: Traceback (most recent call last):
  File "/www/wwwroot/coinceeper.com/CC/venv/lib64/python3.9/site-packages/flask/app.py", line 917, in full_dispatch_request
    rv = self.dispatch_request()
  File "/www/wwwroot/coinceeper.com/CC/venv/lib64/python3.9/site-packages/flask/app.py", line 891, in dispatch_request
    self.raise_routing_exception(req)
  File "/www/wwwroot/coinceeper.com/CC/venv/lib64/python3.9/site-packages/flask/app.py", line 500, in raise_routing_exception
    raise request.routing_exception  # type: ignore[misc]
  File "/www/wwwroot/coinceeper.com/CC/venv/lib64/python3.9/site-packages/flask/ctx.py", line 362, in match_request
    result = self.url_adapter.match(return_rule=True)  # type: ignore
  File "/www/wwwroot/coinceeper.com/CC/venv/lib64/python3.9/site-packages/werkzeug/routing/map.py", line 629, in match
    raise NotFound() from None
werkzeug.exceptions.NotFound: 404 Not Found: The requested URL was not found on the server. If you entered the URL manually please check your spelling and try again.

2025-07-31 23:35:12 - error_handlers - ERROR - Unexpected error: 404 Not Found: The requested URL was not found on the server. If you entered the URL manually please check your spelling and try again.
Traceback (most recent call last):
  File "/www/wwwroot/coinceeper.com/CC/venv/lib64/python3.9/site-packages/flask/app.py", line 917, in full_dispatch_request
    rv = self.dispatch_request()
  File "/www/wwwroot/coinceeper.com/CC/venv/lib64/python3.9/site-packages/flask/app.py", line 891, in dispatch_request
    self.raise_routing_exception(req)
  File "/www/wwwroot/coinceeper.com/CC/venv/lib64/python3.9/site-packages/flask/app.py", line 500, in raise_routing_exception
    raise request.routing_exception  # type: ignore[misc]
  File "/www/wwwroot/coinceeper.com/CC/venv/lib64/python3.9/site-packages/flask/ctx.py", line 362, in match_request
    result = self.url_adapter.match(return_rule=True)  # type: ignore
  File "/www/wwwroot/coinceeper.com/CC/venv/lib64/python3.9/site-packages/werkzeug/routing/map.py", line 629, in match
    raise NotFound() from None
werkzeug.exceptions.NotFound: 404 Not Found: The requested URL was not found on the server. If you entered the URL manually please check your spelling and try again.
2025-07-31 23:35:12 - error_handlers - ERROR - Error traceback: Traceback (most recent call last):
  File "/www/wwwroot/coinceeper.com/CC/venv/lib64/python3.9/site-packages/flask/app.py", line 917, in full_dispatch_request
    rv = self.dispatch_request()
  File "/www/wwwroot/coinceeper.com/CC/venv/lib64/python3.9/site-packages/flask/app.py", line 891, in dispatch_request
    self.raise_routing_exception(req)
  File "/www/wwwroot/coinceeper.com/CC/venv/lib64/python3.9/site-packages/flask/app.py", line 500, in raise_routing_exception
    raise request.routing_exception  # type: ignore[misc]
  File "/www/wwwroot/coinceeper.com/CC/venv/lib64/python3.9/site-packages/flask/ctx.py", line 362, in match_request
    result = self.url_adapter.match(return_rule=True)  # type: ignore
  File "/www/wwwroot/coinceeper.com/CC/venv/lib64/python3.9/site-packages/werkzeug/routing/map.py", line 629, in match
    raise NotFound() from None
werkzeug.exceptions.NotFound: 404 Not Found: The requested URL was not found on the server. If you entered the URL manually please check your spelling and try again.

2025-07-31 23:35:13 - error_handlers - ERROR - Unexpected error: 404 Not Found: The requested URL was not found on the server. If you entered the URL manually please check your spelling and try again.
Traceback (most recent call last):
  File "/www/wwwroot/coinceeper.com/CC/venv/lib64/python3.9/site-packages/flask/app.py", line 917, in full_dispatch_request
    rv = self.dispatch_request()
  File "/www/wwwroot/coinceeper.com/CC/venv/lib64/python3.9/site-packages/flask/app.py", line 891, in dispatch_request
    self.raise_routing_exception(req)
  File "/www/wwwroot/coinceeper.com/CC/venv/lib64/python3.9/site-packages/flask/app.py", line 500, in raise_routing_exception
    raise request.routing_exception  # type: ignore[misc]
  File "/www/wwwroot/coinceeper.com/CC/venv/lib64/python3.9/site-packages/flask/ctx.py", line 362, in match_request
    result = self.url_adapter.match(return_rule=True)  # type: ignore
  File "/www/wwwroot/coinceeper.com/CC/venv/lib64/python3.9/site-packages/werkzeug/routing/map.py", line 629, in match
    raise NotFound() from None
werkzeug.exceptions.NotFound: 404 Not Found: The requested URL was not found on the server. If you entered the URL manually please check your spelling and try again.
2025-07-31 23:35:13 - error_handlers - ERROR - Error traceback: Traceback (most recent call last):
  File "/www/wwwroot/coinceeper.com/CC/venv/lib64/python3.9/site-packages/flask/app.py", line 917, in full_dispatch_request
    rv = self.dispatch_request()
  File "/www/wwwroot/coinceeper.com/CC/venv/lib64/python3.9/site-packages/flask/app.py", line 891, in dispatch_request
    self.raise_routing_exception(req)
  File "/www/wwwroot/coinceeper.com/CC/venv/lib64/python3.9/site-packages/flask/app.py", line 500, in raise_routing_exception
    raise request.routing_exception  # type: ignore[misc]
  File "/www/wwwroot/coinceeper.com/CC/venv/lib64/python3.9/site-packages/flask/ctx.py", line 362, in match_request
    result = self.url_adapter.match(return_rule=True)  # type: ignore
  File "/www/wwwroot/coinceeper.com/CC/venv/lib64/python3.9/site-packages/werkzeug/routing/map.py", line 629, in match
    raise NotFound() from None
werkzeug.exceptions.NotFound: 404 Not Found: The requested URL was not found on the server. If you entered the URL manually please check your spelling and try again.

2025-07-31 23:41:06 - error_handlers - ERROR - Unexpected error: 404 Not Found: The requested URL was not found on the server. If you entered the URL manually please check your spelling and try again.
Traceback (most recent call last):
  File "/www/wwwroot/coinceeper.com/CC/venv/lib64/python3.9/site-packages/flask/app.py", line 917, in full_dispatch_request
    rv = self.dispatch_request()
  File "/www/wwwroot/coinceeper.com/CC/venv/lib64/python3.9/site-packages/flask/app.py", line 891, in dispatch_request
    self.raise_routing_exception(req)
  File "/www/wwwroot/coinceeper.com/CC/venv/lib64/python3.9/site-packages/flask/app.py", line 500, in raise_routing_exception
    raise request.routing_exception  # type: ignore[misc]
  File "/www/wwwroot/coinceeper.com/CC/venv/lib64/python3.9/site-packages/flask/ctx.py", line 362, in match_request
    result = self.url_adapter.match(return_rule=True)  # type: ignore
  File "/www/wwwroot/coinceeper.com/CC/venv/lib64/python3.9/site-packages/werkzeug/routing/map.py", line 629, in match
    raise NotFound() from None
werkzeug.exceptions.NotFound: 404 Not Found: The requested URL was not found on the server. If you entered the URL manually please check your spelling and try again.
2025-07-31 23:41:06 - error_handlers - ERROR - Error traceback: Traceback (most recent call last):
  File "/www/wwwroot/coinceeper.com/CC/venv/lib64/python3.9/site-packages/flask/app.py", line 917, in full_dispatch_request
    rv = self.dispatch_request()
  File "/www/wwwroot/coinceeper.com/CC/venv/lib64/python3.9/site-packages/flask/app.py", line 891, in dispatch_request
    self.raise_routing_exception(req)
  File "/www/wwwroot/coinceeper.com/CC/venv/lib64/python3.9/site-packages/flask/app.py", line 500, in raise_routing_exception
    raise request.routing_exception  # type: ignore[misc]
  File "/www/wwwroot/coinceeper.com/CC/venv/lib64/python3.9/site-packages/flask/ctx.py", line 362, in match_request
    result = self.url_adapter.match(return_rule=True)  # type: ignore
  File "/www/wwwroot/coinceeper.com/CC/venv/lib64/python3.9/site-packages/werkzeug/routing/map.py", line 629, in match
    raise NotFound() from None
werkzeug.exceptions.NotFound: 404 Not Found: The requested URL was not found on the server. If you entered the URL manually please check your spelling and try again.

2025-08-01 00:24:12 - error_handlers - ERROR - Unexpected error: 404 Not Found: The requested URL was not found on the server. If you entered the URL manually please check your spelling and try again.
Traceback (most recent call last):
  File "/www/wwwroot/coinceeper.com/CC/venv/lib64/python3.9/site-packages/flask/app.py", line 917, in full_dispatch_request
    rv = self.dispatch_request()
  File "/www/wwwroot/coinceeper.com/CC/venv/lib64/python3.9/site-packages/flask/app.py", line 891, in dispatch_request
    self.raise_routing_exception(req)
  File "/www/wwwroot/coinceeper.com/CC/venv/lib64/python3.9/site-packages/flask/app.py", line 500, in raise_routing_exception
    raise request.routing_exception  # type: ignore[misc]
  File "/www/wwwroot/coinceeper.com/CC/venv/lib64/python3.9/site-packages/flask/ctx.py", line 362, in match_request
    result = self.url_adapter.match(return_rule=True)  # type: ignore
  File "/www/wwwroot/coinceeper.com/CC/venv/lib64/python3.9/site-packages/werkzeug/routing/map.py", line 629, in match
    raise NotFound() from None
werkzeug.exceptions.NotFound: 404 Not Found: The requested URL was not found on the server. If you entered the URL manually please check your spelling and try again.
2025-08-01 00:24:12 - error_handlers - ERROR - Error traceback: Traceback (most recent call last):
  File "/www/wwwroot/coinceeper.com/CC/venv/lib64/python3.9/site-packages/flask/app.py", line 917, in full_dispatch_request
    rv = self.dispatch_request()
  File "/www/wwwroot/coinceeper.com/CC/venv/lib64/python3.9/site-packages/flask/app.py", line 891, in dispatch_request
    self.raise_routing_exception(req)
  File "/www/wwwroot/coinceeper.com/CC/venv/lib64/python3.9/site-packages/flask/app.py", line 500, in raise_routing_exception
    raise request.routing_exception  # type: ignore[misc]
  File "/www/wwwroot/coinceeper.com/CC/venv/lib64/python3.9/site-packages/flask/ctx.py", line 362, in match_request
    result = self.url_adapter.match(return_rule=True)  # type: ignore
  File "/www/wwwroot/coinceeper.com/CC/venv/lib64/python3.9/site-packages/werkzeug/routing/map.py", line 629, in match
    raise NotFound() from None
werkzeug.exceptions.NotFound: 404 Not Found: The requested URL was not found on the server. If you entered the URL manually please check your spelling and try again.

2025-08-01 00:31:57 - error_handlers - ERROR - Unexpected error: 404 Not Found: The requested URL was not found on the server. If you entered the URL manually please check your spelling and try again.
Traceback (most recent call last):
  File "/www/wwwroot/coinceeper.com/CC/venv/lib64/python3.9/site-packages/flask/app.py", line 917, in full_dispatch_request
    rv = self.dispatch_request()
  File "/www/wwwroot/coinceeper.com/CC/venv/lib64/python3.9/site-packages/flask/app.py", line 891, in dispatch_request
    self.raise_routing_exception(req)
  File "/www/wwwroot/coinceeper.com/CC/venv/lib64/python3.9/site-packages/flask/app.py", line 500, in raise_routing_exception
    raise request.routing_exception  # type: ignore[misc]
  File "/www/wwwroot/coinceeper.com/CC/venv/lib64/python3.9/site-packages/flask/ctx.py", line 362, in match_request
    result = self.url_adapter.match(return_rule=True)  # type: ignore
  File "/www/wwwroot/coinceeper.com/CC/venv/lib64/python3.9/site-packages/werkzeug/routing/map.py", line 629, in match
    raise NotFound() from None
werkzeug.exceptions.NotFound: 404 Not Found: The requested URL was not found on the server. If you entered the URL manually please check your spelling and try again.
2025-08-01 00:31:57 - error_handlers - ERROR - Error traceback: Traceback (most recent call last):
  File "/www/wwwroot/coinceeper.com/CC/venv/lib64/python3.9/site-packages/flask/app.py", line 917, in full_dispatch_request
    rv = self.dispatch_request()
  File "/www/wwwroot/coinceeper.com/CC/venv/lib64/python3.9/site-packages/flask/app.py", line 891, in dispatch_request
    self.raise_routing_exception(req)
  File "/www/wwwroot/coinceeper.com/CC/venv/lib64/python3.9/site-packages/flask/app.py", line 500, in raise_routing_exception
    raise request.routing_exception  # type: ignore[misc]
  File "/www/wwwroot/coinceeper.com/CC/venv/lib64/python3.9/site-packages/flask/ctx.py", line 362, in match_request
    result = self.url_adapter.match(return_rule=True)  # type: ignore
  File "/www/wwwroot/coinceeper.com/CC/venv/lib64/python3.9/site-packages/werkzeug/routing/map.py", line 629, in match
    raise NotFound() from None
werkzeug.exceptions.NotFound: 404 Not Found: The requested URL was not found on the server. If you entered the URL manually please check your spelling and try again.

2025-08-01 01:10:10 - error_handlers - ERROR - Unexpected error: 404 Not Found: The requested URL was not found on the server. If you entered the URL manually please check your spelling and try again.
Traceback (most recent call last):
  File "/www/wwwroot/coinceeper.com/CC/venv/lib64/python3.9/site-packages/flask/app.py", line 917, in full_dispatch_request
    rv = self.dispatch_request()
  File "/www/wwwroot/coinceeper.com/CC/venv/lib64/python3.9/site-packages/flask/app.py", line 891, in dispatch_request
    self.raise_routing_exception(req)
  File "/www/wwwroot/coinceeper.com/CC/venv/lib64/python3.9/site-packages/flask/app.py", line 500, in raise_routing_exception
    raise request.routing_exception  # type: ignore[misc]
  File "/www/wwwroot/coinceeper.com/CC/venv/lib64/python3.9/site-packages/flask/ctx.py", line 362, in match_request
    result = self.url_adapter.match(return_rule=True)  # type: ignore
  File "/www/wwwroot/coinceeper.com/CC/venv/lib64/python3.9/site-packages/werkzeug/routing/map.py", line 629, in match
    raise NotFound() from None
werkzeug.exceptions.NotFound: 404 Not Found: The requested URL was not found on the server. If you entered the URL manually please check your spelling and try again.
2025-08-01 01:10:10 - error_handlers - ERROR - Error traceback: Traceback (most recent call last):
  File "/www/wwwroot/coinceeper.com/CC/venv/lib64/python3.9/site-packages/flask/app.py", line 917, in full_dispatch_request
    rv = self.dispatch_request()
  File "/www/wwwroot/coinceeper.com/CC/venv/lib64/python3.9/site-packages/flask/app.py", line 891, in dispatch_request
    self.raise_routing_exception(req)
  File "/www/wwwroot/coinceeper.com/CC/venv/lib64/python3.9/site-packages/flask/app.py", line 500, in raise_routing_exception
    raise request.routing_exception  # type: ignore[misc]
  File "/www/wwwroot/coinceeper.com/CC/venv/lib64/python3.9/site-packages/flask/ctx.py", line 362, in match_request
    result = self.url_adapter.match(return_rule=True)  # type: ignore
  File "/www/wwwroot/coinceeper.com/CC/venv/lib64/python3.9/site-packages/werkzeug/routing/map.py", line 629, in match
    raise NotFound() from None
werkzeug.exceptions.NotFound: 404 Not Found: The requested URL was not found on the server. If you entered the URL manually please check your spelling and try again.

2025-08-01 01:20:58 - error_handlers - ERROR - Unexpected error: 404 Not Found: The requested URL was not found on the server. If you entered the URL manually please check your spelling and try again.
Traceback (most recent call last):
  File "/www/wwwroot/coinceeper.com/CC/venv/lib64/python3.9/site-packages/flask/app.py", line 917, in full_dispatch_request
    rv = self.dispatch_request()
  File "/www/wwwroot/coinceeper.com/CC/venv/lib64/python3.9/site-packages/flask/app.py", line 891, in dispatch_request
    self.raise_routing_exception(req)
  File "/www/wwwroot/coinceeper.com/CC/venv/lib64/python3.9/site-packages/flask/app.py", line 500, in raise_routing_exception
    raise request.routing_exception  # type: ignore[misc]
  File "/www/wwwroot/coinceeper.com/CC/venv/lib64/python3.9/site-packages/flask/ctx.py", line 362, in match_request
    result = self.url_adapter.match(return_rule=True)  # type: ignore
  File "/www/wwwroot/coinceeper.com/CC/venv/lib64/python3.9/site-packages/werkzeug/routing/map.py", line 629, in match
    raise NotFound() from None
werkzeug.exceptions.NotFound: 404 Not Found: The requested URL was not found on the server. If you entered the URL manually please check your spelling and try again.
2025-08-01 01:20:58 - error_handlers - ERROR - Error traceback: Traceback (most recent call last):
  File "/www/wwwroot/coinceeper.com/CC/venv/lib64/python3.9/site-packages/flask/app.py", line 917, in full_dispatch_request
    rv = self.dispatch_request()
  File "/www/wwwroot/coinceeper.com/CC/venv/lib64/python3.9/site-packages/flask/app.py", line 891, in dispatch_request
    self.raise_routing_exception(req)
  File "/www/wwwroot/coinceeper.com/CC/venv/lib64/python3.9/site-packages/flask/app.py", line 500, in raise_routing_exception
    raise request.routing_exception  # type: ignore[misc]
  File "/www/wwwroot/coinceeper.com/CC/venv/lib64/python3.9/site-packages/flask/ctx.py", line 362, in match_request
    result = self.url_adapter.match(return_rule=True)  # type: ignore
  File "/www/wwwroot/coinceeper.com/CC/venv/lib64/python3.9/site-packages/werkzeug/routing/map.py", line 629, in match
    raise NotFound() from None
werkzeug.exceptions.NotFound: 404 Not Found: The requested URL was not found on the server. If you entered the URL manually please check your spelling and try again.

2025-08-01 01:20:59 - error_handlers - ERROR - Unexpected error: 405 Method Not Allowed: The method is not allowed for the requested URL.
Traceback (most recent call last):
  File "/www/wwwroot/coinceeper.com/CC/venv/lib64/python3.9/site-packages/flask/app.py", line 917, in full_dispatch_request
    rv = self.dispatch_request()
  File "/www/wwwroot/coinceeper.com/CC/venv/lib64/python3.9/site-packages/flask/app.py", line 891, in dispatch_request
    self.raise_routing_exception(req)
  File "/www/wwwroot/coinceeper.com/CC/venv/lib64/python3.9/site-packages/flask/app.py", line 500, in raise_routing_exception
    raise request.routing_exception  # type: ignore[misc]
  File "/www/wwwroot/coinceeper.com/CC/venv/lib64/python3.9/site-packages/flask/ctx.py", line 362, in match_request
    result = self.url_adapter.match(return_rule=True)  # type: ignore
  File "/www/wwwroot/coinceeper.com/CC/venv/lib64/python3.9/site-packages/werkzeug/routing/map.py", line 624, in match
    raise MethodNotAllowed(valid_methods=list(e.have_match_for)) from None
werkzeug.exceptions.MethodNotAllowed: 405 Method Not Allowed: The method is not allowed for the requested URL.
2025-08-01 01:20:59 - error_handlers - ERROR - Error traceback: Traceback (most recent call last):
  File "/www/wwwroot/coinceeper.com/CC/venv/lib64/python3.9/site-packages/flask/app.py", line 917, in full_dispatch_request
    rv = self.dispatch_request()
  File "/www/wwwroot/coinceeper.com/CC/venv/lib64/python3.9/site-packages/flask/app.py", line 891, in dispatch_request
    self.raise_routing_exception(req)
  File "/www/wwwroot/coinceeper.com/CC/venv/lib64/python3.9/site-packages/flask/app.py", line 500, in raise_routing_exception
    raise request.routing_exception  # type: ignore[misc]
  File "/www/wwwroot/coinceeper.com/CC/venv/lib64/python3.9/site-packages/flask/ctx.py", line 362, in match_request
    result = self.url_adapter.match(return_rule=True)  # type: ignore
  File "/www/wwwroot/coinceeper.com/CC/venv/lib64/python3.9/site-packages/werkzeug/routing/map.py", line 624, in match
    raise MethodNotAllowed(valid_methods=list(e.have_match_for)) from None
werkzeug.exceptions.MethodNotAllowed: 405 Method Not Allowed: The method is not allowed for the requested URL.

2025-08-01 01:53:40 - error_handlers - ERROR - Unexpected error: 404 Not Found: The requested URL was not found on the server. If you entered the URL manually please check your spelling and try again.
Traceback (most recent call last):
  File "/www/wwwroot/coinceeper.com/CC/venv/lib64/python3.9/site-packages/flask/app.py", line 917, in full_dispatch_request
    rv = self.dispatch_request()
  File "/www/wwwroot/coinceeper.com/CC/venv/lib64/python3.9/site-packages/flask/app.py", line 891, in dispatch_request
    self.raise_routing_exception(req)
  File "/www/wwwroot/coinceeper.com/CC/venv/lib64/python3.9/site-packages/flask/app.py", line 500, in raise_routing_exception
    raise request.routing_exception  # type: ignore[misc]
  File "/www/wwwroot/coinceeper.com/CC/venv/lib64/python3.9/site-packages/flask/ctx.py", line 362, in match_request
    result = self.url_adapter.match(return_rule=True)  # type: ignore
  File "/www/wwwroot/coinceeper.com/CC/venv/lib64/python3.9/site-packages/werkzeug/routing/map.py", line 629, in match
    raise NotFound() from None
werkzeug.exceptions.NotFound: 404 Not Found: The requested URL was not found on the server. If you entered the URL manually please check your spelling and try again.
2025-08-01 01:53:40 - error_handlers - ERROR - Error traceback: Traceback (most recent call last):
  File "/www/wwwroot/coinceeper.com/CC/venv/lib64/python3.9/site-packages/flask/app.py", line 917, in full_dispatch_request
    rv = self.dispatch_request()
  File "/www/wwwroot/coinceeper.com/CC/venv/lib64/python3.9/site-packages/flask/app.py", line 891, in dispatch_request
    self.raise_routing_exception(req)
  File "/www/wwwroot/coinceeper.com/CC/venv/lib64/python3.9/site-packages/flask/app.py", line 500, in raise_routing_exception
    raise request.routing_exception  # type: ignore[misc]
  File "/www/wwwroot/coinceeper.com/CC/venv/lib64/python3.9/site-packages/flask/ctx.py", line 362, in match_request
    result = self.url_adapter.match(return_rule=True)  # type: ignore
  File "/www/wwwroot/coinceeper.com/CC/venv/lib64/python3.9/site-packages/werkzeug/routing/map.py", line 629, in match
    raise NotFound() from None
werkzeug.exceptions.NotFound: 404 Not Found: The requested URL was not found on the server. If you entered the URL manually please check your spelling and try again.

2025-08-01 02:25:57 - error_handlers - ERROR - Unexpected error: 404 Not Found: The requested URL was not found on the server. If you entered the URL manually please check your spelling and try again.
Traceback (most recent call last):
  File "/www/wwwroot/coinceeper.com/CC/venv/lib64/python3.9/site-packages/flask/app.py", line 917, in full_dispatch_request
    rv = self.dispatch_request()
  File "/www/wwwroot/coinceeper.com/CC/venv/lib64/python3.9/site-packages/flask/app.py", line 891, in dispatch_request
    self.raise_routing_exception(req)
  File "/www/wwwroot/coinceeper.com/CC/venv/lib64/python3.9/site-packages/flask/app.py", line 500, in raise_routing_exception
    raise request.routing_exception  # type: ignore[misc]
  File "/www/wwwroot/coinceeper.com/CC/venv/lib64/python3.9/site-packages/flask/ctx.py", line 362, in match_request
    result = self.url_adapter.match(return_rule=True)  # type: ignore
  File "/www/wwwroot/coinceeper.com/CC/venv/lib64/python3.9/site-packages/werkzeug/routing/map.py", line 629, in match
    raise NotFound() from None
werkzeug.exceptions.NotFound: 404 Not Found: The requested URL was not found on the server. If you entered the URL manually please check your spelling and try again.
2025-08-01 02:25:57 - error_handlers - ERROR - Error traceback: Traceback (most recent call last):
  File "/www/wwwroot/coinceeper.com/CC/venv/lib64/python3.9/site-packages/flask/app.py", line 917, in full_dispatch_request
    rv = self.dispatch_request()
  File "/www/wwwroot/coinceeper.com/CC/venv/lib64/python3.9/site-packages/flask/app.py", line 891, in dispatch_request
    self.raise_routing_exception(req)
  File "/www/wwwroot/coinceeper.com/CC/venv/lib64/python3.9/site-packages/flask/app.py", line 500, in raise_routing_exception
    raise request.routing_exception  # type: ignore[misc]
  File "/www/wwwroot/coinceeper.com/CC/venv/lib64/python3.9/site-packages/flask/ctx.py", line 362, in match_request
    result = self.url_adapter.match(return_rule=True)  # type: ignore
  File "/www/wwwroot/coinceeper.com/CC/venv/lib64/python3.9/site-packages/werkzeug/routing/map.py", line 629, in match
    raise NotFound() from None
werkzeug.exceptions.NotFound: 404 Not Found: The requested URL was not found on the server. If you entered the URL manually please check your spelling and try again.

2025-08-01 02:46:28 - error_handlers - ERROR - Unexpected error: 404 Not Found: The requested URL was not found on the server. If you entered the URL manually please check your spelling and try again.
Traceback (most recent call last):
  File "/www/wwwroot/coinceeper.com/CC/venv/lib64/python3.9/site-packages/flask/app.py", line 917, in full_dispatch_request
    rv = self.dispatch_request()
  File "/www/wwwroot/coinceeper.com/CC/venv/lib64/python3.9/site-packages/flask/app.py", line 891, in dispatch_request
    self.raise_routing_exception(req)
  File "/www/wwwroot/coinceeper.com/CC/venv/lib64/python3.9/site-packages/flask/app.py", line 500, in raise_routing_exception
    raise request.routing_exception  # type: ignore[misc]
  File "/www/wwwroot/coinceeper.com/CC/venv/lib64/python3.9/site-packages/flask/ctx.py", line 362, in match_request
    result = self.url_adapter.match(return_rule=True)  # type: ignore
  File "/www/wwwroot/coinceeper.com/CC/venv/lib64/python3.9/site-packages/werkzeug/routing/map.py", line 629, in match
    raise NotFound() from None
werkzeug.exceptions.NotFound: 404 Not Found: The requested URL was not found on the server. If you entered the URL manually please check your spelling and try again.
2025-08-01 02:46:28 - error_handlers - ERROR - Error traceback: Traceback (most recent call last):
  File "/www/wwwroot/coinceeper.com/CC/venv/lib64/python3.9/site-packages/flask/app.py", line 917, in full_dispatch_request
    rv = self.dispatch_request()
  File "/www/wwwroot/coinceeper.com/CC/venv/lib64/python3.9/site-packages/flask/app.py", line 891, in dispatch_request
    self.raise_routing_exception(req)
  File "/www/wwwroot/coinceeper.com/CC/venv/lib64/python3.9/site-packages/flask/app.py", line 500, in raise_routing_exception
    raise request.routing_exception  # type: ignore[misc]
  File "/www/wwwroot/coinceeper.com/CC/venv/lib64/python3.9/site-packages/flask/ctx.py", line 362, in match_request
    result = self.url_adapter.match(return_rule=True)  # type: ignore
  File "/www/wwwroot/coinceeper.com/CC/venv/lib64/python3.9/site-packages/werkzeug/routing/map.py", line 629, in match
    raise NotFound() from None
werkzeug.exceptions.NotFound: 404 Not Found: The requested URL was not found on the server. If you entered the URL manually please check your spelling and try again.

2025-08-01 02:46:29 - error_handlers - ERROR - Unexpected error: 404 Not Found: The requested URL was not found on the server. If you entered the URL manually please check your spelling and try again.
Traceback (most recent call last):
  File "/www/wwwroot/coinceeper.com/CC/venv/lib64/python3.9/site-packages/flask/app.py", line 917, in full_dispatch_request
    rv = self.dispatch_request()
  File "/www/wwwroot/coinceeper.com/CC/venv/lib64/python3.9/site-packages/flask/app.py", line 891, in dispatch_request
    self.raise_routing_exception(req)
  File "/www/wwwroot/coinceeper.com/CC/venv/lib64/python3.9/site-packages/flask/app.py", line 500, in raise_routing_exception
    raise request.routing_exception  # type: ignore[misc]
  File "/www/wwwroot/coinceeper.com/CC/venv/lib64/python3.9/site-packages/flask/ctx.py", line 362, in match_request
    result = self.url_adapter.match(return_rule=True)  # type: ignore
  File "/www/wwwroot/coinceeper.com/CC/venv/lib64/python3.9/site-packages/werkzeug/routing/map.py", line 629, in match
    raise NotFound() from None
werkzeug.exceptions.NotFound: 404 Not Found: The requested URL was not found on the server. If you entered the URL manually please check your spelling and try again.
2025-08-01 02:46:29 - error_handlers - ERROR - Error traceback: Traceback (most recent call last):
  File "/www/wwwroot/coinceeper.com/CC/venv/lib64/python3.9/site-packages/flask/app.py", line 917, in full_dispatch_request
    rv = self.dispatch_request()
  File "/www/wwwroot/coinceeper.com/CC/venv/lib64/python3.9/site-packages/flask/app.py", line 891, in dispatch_request
    self.raise_routing_exception(req)
  File "/www/wwwroot/coinceeper.com/CC/venv/lib64/python3.9/site-packages/flask/app.py", line 500, in raise_routing_exception
    raise request.routing_exception  # type: ignore[misc]
  File "/www/wwwroot/coinceeper.com/CC/venv/lib64/python3.9/site-packages/flask/ctx.py", line 362, in match_request
    result = self.url_adapter.match(return_rule=True)  # type: ignore
  File "/www/wwwroot/coinceeper.com/CC/venv/lib64/python3.9/site-packages/werkzeug/routing/map.py", line 629, in match
    raise NotFound() from None
werkzeug.exceptions.NotFound: 404 Not Found: The requested URL was not found on the server. If you entered the URL manually please check your spelling and try again.

2025-08-01 02:46:31 - error_handlers - ERROR - Unexpected error: 404 Not Found: The requested URL was not found on the server. If you entered the URL manually please check your spelling and try again.
Traceback (most recent call last):
  File "/www/wwwroot/coinceeper.com/CC/venv/lib64/python3.9/site-packages/flask/app.py", line 917, in full_dispatch_request
    rv = self.dispatch_request()
  File "/www/wwwroot/coinceeper.com/CC/venv/lib64/python3.9/site-packages/flask/app.py", line 891, in dispatch_request
    self.raise_routing_exception(req)
  File "/www/wwwroot/coinceeper.com/CC/venv/lib64/python3.9/site-packages/flask/app.py", line 500, in raise_routing_exception
    raise request.routing_exception  # type: ignore[misc]
  File "/www/wwwroot/coinceeper.com/CC/venv/lib64/python3.9/site-packages/flask/ctx.py", line 362, in match_request
    result = self.url_adapter.match(return_rule=True)  # type: ignore
  File "/www/wwwroot/coinceeper.com/CC/venv/lib64/python3.9/site-packages/werkzeug/routing/map.py", line 629, in match
    raise NotFound() from None
werkzeug.exceptions.NotFound: 404 Not Found: The requested URL was not found on the server. If you entered the URL manually please check your spelling and try again.
2025-08-01 02:46:31 - error_handlers - ERROR - Error traceback: Traceback (most recent call last):
  File "/www/wwwroot/coinceeper.com/CC/venv/lib64/python3.9/site-packages/flask/app.py", line 917, in full_dispatch_request
    rv = self.dispatch_request()
  File "/www/wwwroot/coinceeper.com/CC/venv/lib64/python3.9/site-packages/flask/app.py", line 891, in dispatch_request
    self.raise_routing_exception(req)
  File "/www/wwwroot/coinceeper.com/CC/venv/lib64/python3.9/site-packages/flask/app.py", line 500, in raise_routing_exception
    raise request.routing_exception  # type: ignore[misc]
  File "/www/wwwroot/coinceeper.com/CC/venv/lib64/python3.9/site-packages/flask/ctx.py", line 362, in match_request
    result = self.url_adapter.match(return_rule=True)  # type: ignore
  File "/www/wwwroot/coinceeper.com/CC/venv/lib64/python3.9/site-packages/werkzeug/routing/map.py", line 629, in match
    raise NotFound() from None
werkzeug.exceptions.NotFound: 404 Not Found: The requested URL was not found on the server. If you entered the URL manually please check your spelling and try again.

2025-08-01 02:50:47 - error_handlers - ERROR - Unexpected error: 404 Not Found: The requested URL was not found on the server. If you entered the URL manually please check your spelling and try again.
Traceback (most recent call last):
  File "/www/wwwroot/coinceeper.com/CC/venv/lib64/python3.9/site-packages/flask/app.py", line 917, in full_dispatch_request
    rv = self.dispatch_request()
  File "/www/wwwroot/coinceeper.com/CC/venv/lib64/python3.9/site-packages/flask/app.py", line 891, in dispatch_request
    self.raise_routing_exception(req)
  File "/www/wwwroot/coinceeper.com/CC/venv/lib64/python3.9/site-packages/flask/app.py", line 500, in raise_routing_exception
    raise request.routing_exception  # type: ignore[misc]
  File "/www/wwwroot/coinceeper.com/CC/venv/lib64/python3.9/site-packages/flask/ctx.py", line 362, in match_request
    result = self.url_adapter.match(return_rule=True)  # type: ignore
  File "/www/wwwroot/coinceeper.com/CC/venv/lib64/python3.9/site-packages/werkzeug/routing/map.py", line 629, in match
    raise NotFound() from None
werkzeug.exceptions.NotFound: 404 Not Found: The requested URL was not found on the server. If you entered the URL manually please check your spelling and try again.
2025-08-01 02:50:47 - error_handlers - ERROR - Error traceback: Traceback (most recent call last):
  File "/www/wwwroot/coinceeper.com/CC/venv/lib64/python3.9/site-packages/flask/app.py", line 917, in full_dispatch_request
    rv = self.dispatch_request()
  File "/www/wwwroot/coinceeper.com/CC/venv/lib64/python3.9/site-packages/flask/app.py", line 891, in dispatch_request
    self.raise_routing_exception(req)
  File "/www/wwwroot/coinceeper.com/CC/venv/lib64/python3.9/site-packages/flask/app.py", line 500, in raise_routing_exception
    raise request.routing_exception  # type: ignore[misc]
  File "/www/wwwroot/coinceeper.com/CC/venv/lib64/python3.9/site-packages/flask/ctx.py", line 362, in match_request
    result = self.url_adapter.match(return_rule=True)  # type: ignore
  File "/www/wwwroot/coinceeper.com/CC/venv/lib64/python3.9/site-packages/werkzeug/routing/map.py", line 629, in match
    raise NotFound() from None
werkzeug.exceptions.NotFound: 404 Not Found: The requested URL was not found on the server. If you entered the URL manually please check your spelling and try again.

2025-08-01 03:02:41 - error_handlers - ERROR - Unexpected error: 404 Not Found: The requested URL was not found on the server. If you entered the URL manually please check your spelling and try again.
Traceback (most recent call last):
  File "/www/wwwroot/coinceeper.com/CC/venv/lib64/python3.9/site-packages/flask/app.py", line 917, in full_dispatch_request
    rv = self.dispatch_request()
  File "/www/wwwroot/coinceeper.com/CC/venv/lib64/python3.9/site-packages/flask/app.py", line 891, in dispatch_request
    self.raise_routing_exception(req)
  File "/www/wwwroot/coinceeper.com/CC/venv/lib64/python3.9/site-packages/flask/app.py", line 500, in raise_routing_exception
    raise request.routing_exception  # type: ignore[misc]
  File "/www/wwwroot/coinceeper.com/CC/venv/lib64/python3.9/site-packages/flask/ctx.py", line 362, in match_request
    result = self.url_adapter.match(return_rule=True)  # type: ignore
  File "/www/wwwroot/coinceeper.com/CC/venv/lib64/python3.9/site-packages/werkzeug/routing/map.py", line 629, in match
    raise NotFound() from None
werkzeug.exceptions.NotFound: 404 Not Found: The requested URL was not found on the server. If you entered the URL manually please check your spelling and try again.
2025-08-01 03:02:41 - error_handlers - ERROR - Error traceback: Traceback (most recent call last):
  File "/www/wwwroot/coinceeper.com/CC/venv/lib64/python3.9/site-packages/flask/app.py", line 917, in full_dispatch_request
    rv = self.dispatch_request()
  File "/www/wwwroot/coinceeper.com/CC/venv/lib64/python3.9/site-packages/flask/app.py", line 891, in dispatch_request
    self.raise_routing_exception(req)
  File "/www/wwwroot/coinceeper.com/CC/venv/lib64/python3.9/site-packages/flask/app.py", line 500, in raise_routing_exception
    raise request.routing_exception  # type: ignore[misc]
  File "/www/wwwroot/coinceeper.com/CC/venv/lib64/python3.9/site-packages/flask/ctx.py", line 362, in match_request
    result = self.url_adapter.match(return_rule=True)  # type: ignore
  File "/www/wwwroot/coinceeper.com/CC/venv/lib64/python3.9/site-packages/werkzeug/routing/map.py", line 629, in match
    raise NotFound() from None
werkzeug.exceptions.NotFound: 404 Not Found: The requested URL was not found on the server. If you entered the URL manually please check your spelling and try again.

2025-08-01 03:02:42 - error_handlers - ERROR - Unexpected error: 404 Not Found: The requested URL was not found on the server. If you entered the URL manually please check your spelling and try again.
Traceback (most recent call last):
  File "/www/wwwroot/coinceeper.com/CC/venv/lib64/python3.9/site-packages/flask/app.py", line 917, in full_dispatch_request
    rv = self.dispatch_request()
  File "/www/wwwroot/coinceeper.com/CC/venv/lib64/python3.9/site-packages/flask/app.py", line 891, in dispatch_request
    self.raise_routing_exception(req)
  File "/www/wwwroot/coinceeper.com/CC/venv/lib64/python3.9/site-packages/flask/app.py", line 500, in raise_routing_exception
    raise request.routing_exception  # type: ignore[misc]
  File "/www/wwwroot/coinceeper.com/CC/venv/lib64/python3.9/site-packages/flask/ctx.py", line 362, in match_request
    result = self.url_adapter.match(return_rule=True)  # type: ignore
  File "/www/wwwroot/coinceeper.com/CC/venv/lib64/python3.9/site-packages/werkzeug/routing/map.py", line 629, in match
    raise NotFound() from None
werkzeug.exceptions.NotFound: 404 Not Found: The requested URL was not found on the server. If you entered the URL manually please check your spelling and try again.
2025-08-01 03:02:42 - error_handlers - ERROR - Error traceback: Traceback (most recent call last):
  File "/www/wwwroot/coinceeper.com/CC/venv/lib64/python3.9/site-packages/flask/app.py", line 917, in full_dispatch_request
    rv = self.dispatch_request()
  File "/www/wwwroot/coinceeper.com/CC/venv/lib64/python3.9/site-packages/flask/app.py", line 891, in dispatch_request
    self.raise_routing_exception(req)
  File "/www/wwwroot/coinceeper.com/CC/venv/lib64/python3.9/site-packages/flask/app.py", line 500, in raise_routing_exception
    raise request.routing_exception  # type: ignore[misc]
  File "/www/wwwroot/coinceeper.com/CC/venv/lib64/python3.9/site-packages/flask/ctx.py", line 362, in match_request
    result = self.url_adapter.match(return_rule=True)  # type: ignore
  File "/www/wwwroot/coinceeper.com/CC/venv/lib64/python3.9/site-packages/werkzeug/routing/map.py", line 629, in match
    raise NotFound() from None
werkzeug.exceptions.NotFound: 404 Not Found: The requested URL was not found on the server. If you entered the URL manually please check your spelling and try again.

2025-08-01 03:14:14 - error_handlers - ERROR - Unexpected error: 404 Not Found: The requested URL was not found on the server. If you entered the URL manually please check your spelling and try again.
Traceback (most recent call last):
  File "/www/wwwroot/coinceeper.com/CC/venv/lib64/python3.9/site-packages/flask/app.py", line 917, in full_dispatch_request
    rv = self.dispatch_request()
  File "/www/wwwroot/coinceeper.com/CC/venv/lib64/python3.9/site-packages/flask/app.py", line 891, in dispatch_request
    self.raise_routing_exception(req)
  File "/www/wwwroot/coinceeper.com/CC/venv/lib64/python3.9/site-packages/flask/app.py", line 500, in raise_routing_exception
    raise request.routing_exception  # type: ignore[misc]
  File "/www/wwwroot/coinceeper.com/CC/venv/lib64/python3.9/site-packages/flask/ctx.py", line 362, in match_request
    result = self.url_adapter.match(return_rule=True)  # type: ignore
  File "/www/wwwroot/coinceeper.com/CC/venv/lib64/python3.9/site-packages/werkzeug/routing/map.py", line 629, in match
    raise NotFound() from None
werkzeug.exceptions.NotFound: 404 Not Found: The requested URL was not found on the server. If you entered the URL manually please check your spelling and try again.
2025-08-01 03:14:14 - error_handlers - ERROR - Error traceback: Traceback (most recent call last):
  File "/www/wwwroot/coinceeper.com/CC/venv/lib64/python3.9/site-packages/flask/app.py", line 917, in full_dispatch_request
    rv = self.dispatch_request()
  File "/www/wwwroot/coinceeper.com/CC/venv/lib64/python3.9/site-packages/flask/app.py", line 891, in dispatch_request
    self.raise_routing_exception(req)
  File "/www/wwwroot/coinceeper.com/CC/venv/lib64/python3.9/site-packages/flask/app.py", line 500, in raise_routing_exception
    raise request.routing_exception  # type: ignore[misc]
  File "/www/wwwroot/coinceeper.com/CC/venv/lib64/python3.9/site-packages/flask/ctx.py", line 362, in match_request
    result = self.url_adapter.match(return_rule=True)  # type: ignore
  File "/www/wwwroot/coinceeper.com/CC/venv/lib64/python3.9/site-packages/werkzeug/routing/map.py", line 629, in match
    raise NotFound() from None
werkzeug.exceptions.NotFound: 404 Not Found: The requested URL was not found on the server. If you entered the URL manually please check your spelling and try again.

2025-08-01 03:34:40 - error_handlers - ERROR - Unexpected error: 404 Not Found: The requested URL was not found on the server. If you entered the URL manually please check your spelling and try again.
Traceback (most recent call last):
  File "/www/wwwroot/coinceeper.com/CC/venv/lib64/python3.9/site-packages/flask/app.py", line 917, in full_dispatch_request
    rv = self.dispatch_request()
  File "/www/wwwroot/coinceeper.com/CC/venv/lib64/python3.9/site-packages/flask/app.py", line 891, in dispatch_request
    self.raise_routing_exception(req)
  File "/www/wwwroot/coinceeper.com/CC/venv/lib64/python3.9/site-packages/flask/app.py", line 500, in raise_routing_exception
    raise request.routing_exception  # type: ignore[misc]
  File "/www/wwwroot/coinceeper.com/CC/venv/lib64/python3.9/site-packages/flask/ctx.py", line 362, in match_request
    result = self.url_adapter.match(return_rule=True)  # type: ignore
  File "/www/wwwroot/coinceeper.com/CC/venv/lib64/python3.9/site-packages/werkzeug/routing/map.py", line 629, in match
    raise NotFound() from None
werkzeug.exceptions.NotFound: 404 Not Found: The requested URL was not found on the server. If you entered the URL manually please check your spelling and try again.
2025-08-01 03:34:40 - error_handlers - ERROR - Error traceback: Traceback (most recent call last):
  File "/www/wwwroot/coinceeper.com/CC/venv/lib64/python3.9/site-packages/flask/app.py", line 917, in full_dispatch_request
    rv = self.dispatch_request()
  File "/www/wwwroot/coinceeper.com/CC/venv/lib64/python3.9/site-packages/flask/app.py", line 891, in dispatch_request
    self.raise_routing_exception(req)
  File "/www/wwwroot/coinceeper.com/CC/venv/lib64/python3.9/site-packages/flask/app.py", line 500, in raise_routing_exception
    raise request.routing_exception  # type: ignore[misc]
  File "/www/wwwroot/coinceeper.com/CC/venv/lib64/python3.9/site-packages/flask/ctx.py", line 362, in match_request
    result = self.url_adapter.match(return_rule=True)  # type: ignore
  File "/www/wwwroot/coinceeper.com/CC/venv/lib64/python3.9/site-packages/werkzeug/routing/map.py", line 629, in match
    raise NotFound() from None
werkzeug.exceptions.NotFound: 404 Not Found: The requested URL was not found on the server. If you entered the URL manually please check your spelling and try again.

2025-08-01 03:34:41 - error_handlers - ERROR - Unexpected error: 404 Not Found: The requested URL was not found on the server. If you entered the URL manually please check your spelling and try again.
Traceback (most recent call last):
  File "/www/wwwroot/coinceeper.com/CC/venv/lib64/python3.9/site-packages/flask/app.py", line 917, in full_dispatch_request
    rv = self.dispatch_request()
  File "/www/wwwroot/coinceeper.com/CC/venv/lib64/python3.9/site-packages/flask/app.py", line 891, in dispatch_request
    self.raise_routing_exception(req)
  File "/www/wwwroot/coinceeper.com/CC/venv/lib64/python3.9/site-packages/flask/app.py", line 500, in raise_routing_exception
    raise request.routing_exception  # type: ignore[misc]
  File "/www/wwwroot/coinceeper.com/CC/venv/lib64/python3.9/site-packages/flask/ctx.py", line 362, in match_request
    result = self.url_adapter.match(return_rule=True)  # type: ignore
  File "/www/wwwroot/coinceeper.com/CC/venv/lib64/python3.9/site-packages/werkzeug/routing/map.py", line 629, in match
    raise NotFound() from None
werkzeug.exceptions.NotFound: 404 Not Found: The requested URL was not found on the server. If you entered the URL manually please check your spelling and try again.
2025-08-01 03:34:41 - error_handlers - ERROR - Error traceback: Traceback (most recent call last):
  File "/www/wwwroot/coinceeper.com/CC/venv/lib64/python3.9/site-packages/flask/app.py", line 917, in full_dispatch_request
    rv = self.dispatch_request()
  File "/www/wwwroot/coinceeper.com/CC/venv/lib64/python3.9/site-packages/flask/app.py", line 891, in dispatch_request
    self.raise_routing_exception(req)
  File "/www/wwwroot/coinceeper.com/CC/venv/lib64/python3.9/site-packages/flask/app.py", line 500, in raise_routing_exception
    raise request.routing_exception  # type: ignore[misc]
  File "/www/wwwroot/coinceeper.com/CC/venv/lib64/python3.9/site-packages/flask/ctx.py", line 362, in match_request
    result = self.url_adapter.match(return_rule=True)  # type: ignore
  File "/www/wwwroot/coinceeper.com/CC/venv/lib64/python3.9/site-packages/werkzeug/routing/map.py", line 629, in match
    raise NotFound() from None
werkzeug.exceptions.NotFound: 404 Not Found: The requested URL was not found on the server. If you entered the URL manually please check your spelling and try again.

2025-08-01 03:34:43 - error_handlers - ERROR - Unexpected error: 404 Not Found: The requested URL was not found on the server. If you entered the URL manually please check your spelling and try again.
Traceback (most recent call last):
  File "/www/wwwroot/coinceeper.com/CC/venv/lib64/python3.9/site-packages/flask/app.py", line 917, in full_dispatch_request
    rv = self.dispatch_request()
  File "/www/wwwroot/coinceeper.com/CC/venv/lib64/python3.9/site-packages/flask/app.py", line 891, in dispatch_request
    self.raise_routing_exception(req)
  File "/www/wwwroot/coinceeper.com/CC/venv/lib64/python3.9/site-packages/flask/app.py", line 500, in raise_routing_exception
    raise request.routing_exception  # type: ignore[misc]
  File "/www/wwwroot/coinceeper.com/CC/venv/lib64/python3.9/site-packages/flask/ctx.py", line 362, in match_request
    result = self.url_adapter.match(return_rule=True)  # type: ignore
  File "/www/wwwroot/coinceeper.com/CC/venv/lib64/python3.9/site-packages/werkzeug/routing/map.py", line 629, in match
    raise NotFound() from None
werkzeug.exceptions.NotFound: 404 Not Found: The requested URL was not found on the server. If you entered the URL manually please check your spelling and try again.
2025-08-01 03:34:43 - error_handlers - ERROR - Error traceback: Traceback (most recent call last):
  File "/www/wwwroot/coinceeper.com/CC/venv/lib64/python3.9/site-packages/flask/app.py", line 917, in full_dispatch_request
    rv = self.dispatch_request()
  File "/www/wwwroot/coinceeper.com/CC/venv/lib64/python3.9/site-packages/flask/app.py", line 891, in dispatch_request
    self.raise_routing_exception(req)
  File "/www/wwwroot/coinceeper.com/CC/venv/lib64/python3.9/site-packages/flask/app.py", line 500, in raise_routing_exception
    raise request.routing_exception  # type: ignore[misc]
  File "/www/wwwroot/coinceeper.com/CC/venv/lib64/python3.9/site-packages/flask/ctx.py", line 362, in match_request
    result = self.url_adapter.match(return_rule=True)  # type: ignore
  File "/www/wwwroot/coinceeper.com/CC/venv/lib64/python3.9/site-packages/werkzeug/routing/map.py", line 629, in match
    raise NotFound() from None
werkzeug.exceptions.NotFound: 404 Not Found: The requested URL was not found on the server. If you entered the URL manually please check your spelling and try again.

2025-08-01 03:34:45 - error_handlers - ERROR - Unexpected error: 404 Not Found: The requested URL was not found on the server. If you entered the URL manually please check your spelling and try again.
Traceback (most recent call last):
  File "/www/wwwroot/coinceeper.com/CC/venv/lib64/python3.9/site-packages/flask/app.py", line 917, in full_dispatch_request
    rv = self.dispatch_request()
  File "/www/wwwroot/coinceeper.com/CC/venv/lib64/python3.9/site-packages/flask/app.py", line 891, in dispatch_request
    self.raise_routing_exception(req)
  File "/www/wwwroot/coinceeper.com/CC/venv/lib64/python3.9/site-packages/flask/app.py", line 500, in raise_routing_exception
    raise request.routing_exception  # type: ignore[misc]
  File "/www/wwwroot/coinceeper.com/CC/venv/lib64/python3.9/site-packages/flask/ctx.py", line 362, in match_request
    result = self.url_adapter.match(return_rule=True)  # type: ignore
  File "/www/wwwroot/coinceeper.com/CC/venv/lib64/python3.9/site-packages/werkzeug/routing/map.py", line 629, in match
    raise NotFound() from None
werkzeug.exceptions.NotFound: 404 Not Found: The requested URL was not found on the server. If you entered the URL manually please check your spelling and try again.
2025-08-01 03:34:45 - error_handlers - ERROR - Error traceback: Traceback (most recent call last):
  File "/www/wwwroot/coinceeper.com/CC/venv/lib64/python3.9/site-packages/flask/app.py", line 917, in full_dispatch_request
    rv = self.dispatch_request()
  File "/www/wwwroot/coinceeper.com/CC/venv/lib64/python3.9/site-packages/flask/app.py", line 891, in dispatch_request
    self.raise_routing_exception(req)
  File "/www/wwwroot/coinceeper.com/CC/venv/lib64/python3.9/site-packages/flask/app.py", line 500, in raise_routing_exception
    raise request.routing_exception  # type: ignore[misc]
  File "/www/wwwroot/coinceeper.com/CC/venv/lib64/python3.9/site-packages/flask/ctx.py", line 362, in match_request
    result = self.url_adapter.match(return_rule=True)  # type: ignore
  File "/www/wwwroot/coinceeper.com/CC/venv/lib64/python3.9/site-packages/werkzeug/routing/map.py", line 629, in match
    raise NotFound() from None
werkzeug.exceptions.NotFound: 404 Not Found: The requested URL was not found on the server. If you entered the URL manually please check your spelling and try again.

2025-08-01 03:34:47 - error_handlers - ERROR - Unexpected error: 404 Not Found: The requested URL was not found on the server. If you entered the URL manually please check your spelling and try again.
Traceback (most recent call last):
  File "/www/wwwroot/coinceeper.com/CC/venv/lib64/python3.9/site-packages/flask/app.py", line 917, in full_dispatch_request
    rv = self.dispatch_request()
  File "/www/wwwroot/coinceeper.com/CC/venv/lib64/python3.9/site-packages/flask/app.py", line 891, in dispatch_request
    self.raise_routing_exception(req)
  File "/www/wwwroot/coinceeper.com/CC/venv/lib64/python3.9/site-packages/flask/app.py", line 500, in raise_routing_exception
    raise request.routing_exception  # type: ignore[misc]
  File "/www/wwwroot/coinceeper.com/CC/venv/lib64/python3.9/site-packages/flask/ctx.py", line 362, in match_request
    result = self.url_adapter.match(return_rule=True)  # type: ignore
  File "/www/wwwroot/coinceeper.com/CC/venv/lib64/python3.9/site-packages/werkzeug/routing/map.py", line 629, in match
    raise NotFound() from None
werkzeug.exceptions.NotFound: 404 Not Found: The requested URL was not found on the server. If you entered the URL manually please check your spelling and try again.
2025-08-01 03:34:47 - error_handlers - ERROR - Error traceback: Traceback (most recent call last):
  File "/www/wwwroot/coinceeper.com/CC/venv/lib64/python3.9/site-packages/flask/app.py", line 917, in full_dispatch_request
    rv = self.dispatch_request()
  File "/www/wwwroot/coinceeper.com/CC/venv/lib64/python3.9/site-packages/flask/app.py", line 891, in dispatch_request
    self.raise_routing_exception(req)
  File "/www/wwwroot/coinceeper.com/CC/venv/lib64/python3.9/site-packages/flask/app.py", line 500, in raise_routing_exception
    raise request.routing_exception  # type: ignore[misc]
  File "/www/wwwroot/coinceeper.com/CC/venv/lib64/python3.9/site-packages/flask/ctx.py", line 362, in match_request
    result = self.url_adapter.match(return_rule=True)  # type: ignore
  File "/www/wwwroot/coinceeper.com/CC/venv/lib64/python3.9/site-packages/werkzeug/routing/map.py", line 629, in match
    raise NotFound() from None
werkzeug.exceptions.NotFound: 404 Not Found: The requested URL was not found on the server. If you entered the URL manually please check your spelling and try again.

2025-08-01 03:34:48 - error_handlers - ERROR - Unexpected error: 404 Not Found: The requested URL was not found on the server. If you entered the URL manually please check your spelling and try again.
Traceback (most recent call last):
  File "/www/wwwroot/coinceeper.com/CC/venv/lib64/python3.9/site-packages/flask/app.py", line 917, in full_dispatch_request
    rv = self.dispatch_request()
  File "/www/wwwroot/coinceeper.com/CC/venv/lib64/python3.9/site-packages/flask/app.py", line 891, in dispatch_request
    self.raise_routing_exception(req)
  File "/www/wwwroot/coinceeper.com/CC/venv/lib64/python3.9/site-packages/flask/app.py", line 500, in raise_routing_exception
    raise request.routing_exception  # type: ignore[misc]
  File "/www/wwwroot/coinceeper.com/CC/venv/lib64/python3.9/site-packages/flask/ctx.py", line 362, in match_request
    result = self.url_adapter.match(return_rule=True)  # type: ignore
  File "/www/wwwroot/coinceeper.com/CC/venv/lib64/python3.9/site-packages/werkzeug/routing/map.py", line 629, in match
    raise NotFound() from None
werkzeug.exceptions.NotFound: 404 Not Found: The requested URL was not found on the server. If you entered the URL manually please check your spelling and try again.
2025-08-01 03:34:48 - error_handlers - ERROR - Error traceback: Traceback (most recent call last):
  File "/www/wwwroot/coinceeper.com/CC/venv/lib64/python3.9/site-packages/flask/app.py", line 917, in full_dispatch_request
    rv = self.dispatch_request()
  File "/www/wwwroot/coinceeper.com/CC/venv/lib64/python3.9/site-packages/flask/app.py", line 891, in dispatch_request
    self.raise_routing_exception(req)
  File "/www/wwwroot/coinceeper.com/CC/venv/lib64/python3.9/site-packages/flask/app.py", line 500, in raise_routing_exception
    raise request.routing_exception  # type: ignore[misc]
  File "/www/wwwroot/coinceeper.com/CC/venv/lib64/python3.9/site-packages/flask/ctx.py", line 362, in match_request
    result = self.url_adapter.match(return_rule=True)  # type: ignore
  File "/www/wwwroot/coinceeper.com/CC/venv/lib64/python3.9/site-packages/werkzeug/routing/map.py", line 629, in match
    raise NotFound() from None
werkzeug.exceptions.NotFound: 404 Not Found: The requested URL was not found on the server. If you entered the URL manually please check your spelling and try again.

2025-08-01 03:34:50 - error_handlers - ERROR - Unexpected error: 404 Not Found: The requested URL was not found on the server. If you entered the URL manually please check your spelling and try again.
Traceback (most recent call last):
  File "/www/wwwroot/coinceeper.com/CC/venv/lib64/python3.9/site-packages/flask/app.py", line 917, in full_dispatch_request
    rv = self.dispatch_request()
  File "/www/wwwroot/coinceeper.com/CC/venv/lib64/python3.9/site-packages/flask/app.py", line 891, in dispatch_request
    self.raise_routing_exception(req)
  File "/www/wwwroot/coinceeper.com/CC/venv/lib64/python3.9/site-packages/flask/app.py", line 500, in raise_routing_exception
    raise request.routing_exception  # type: ignore[misc]
  File "/www/wwwroot/coinceeper.com/CC/venv/lib64/python3.9/site-packages/flask/ctx.py", line 362, in match_request
    result = self.url_adapter.match(return_rule=True)  # type: ignore
  File "/www/wwwroot/coinceeper.com/CC/venv/lib64/python3.9/site-packages/werkzeug/routing/map.py", line 629, in match
    raise NotFound() from None
werkzeug.exceptions.NotFound: 404 Not Found: The requested URL was not found on the server. If you entered the URL manually please check your spelling and try again.
2025-08-01 03:34:50 - error_handlers - ERROR - Error traceback: Traceback (most recent call last):
  File "/www/wwwroot/coinceeper.com/CC/venv/lib64/python3.9/site-packages/flask/app.py", line 917, in full_dispatch_request
    rv = self.dispatch_request()
  File "/www/wwwroot/coinceeper.com/CC/venv/lib64/python3.9/site-packages/flask/app.py", line 891, in dispatch_request
    self.raise_routing_exception(req)
  File "/www/wwwroot/coinceeper.com/CC/venv/lib64/python3.9/site-packages/flask/app.py", line 500, in raise_routing_exception
    raise request.routing_exception  # type: ignore[misc]
  File "/www/wwwroot/coinceeper.com/CC/venv/lib64/python3.9/site-packages/flask/ctx.py", line 362, in match_request
    result = self.url_adapter.match(return_rule=True)  # type: ignore
  File "/www/wwwroot/coinceeper.com/CC/venv/lib64/python3.9/site-packages/werkzeug/routing/map.py", line 629, in match
    raise NotFound() from None
werkzeug.exceptions.NotFound: 404 Not Found: The requested URL was not found on the server. If you entered the URL manually please check your spelling and try again.

2025-08-01 03:34:51 - error_handlers - ERROR - Unexpected error: 404 Not Found: The requested URL was not found on the server. If you entered the URL manually please check your spelling and try again.
Traceback (most recent call last):
  File "/www/wwwroot/coinceeper.com/CC/venv/lib64/python3.9/site-packages/flask/app.py", line 917, in full_dispatch_request
    rv = self.dispatch_request()
  File "/www/wwwroot/coinceeper.com/CC/venv/lib64/python3.9/site-packages/flask/app.py", line 891, in dispatch_request
    self.raise_routing_exception(req)
  File "/www/wwwroot/coinceeper.com/CC/venv/lib64/python3.9/site-packages/flask/app.py", line 500, in raise_routing_exception
    raise request.routing_exception  # type: ignore[misc]
  File "/www/wwwroot/coinceeper.com/CC/venv/lib64/python3.9/site-packages/flask/ctx.py", line 362, in match_request
    result = self.url_adapter.match(return_rule=True)  # type: ignore
  File "/www/wwwroot/coinceeper.com/CC/venv/lib64/python3.9/site-packages/werkzeug/routing/map.py", line 629, in match
    raise NotFound() from None
werkzeug.exceptions.NotFound: 404 Not Found: The requested URL was not found on the server. If you entered the URL manually please check your spelling and try again.
2025-08-01 03:34:51 - error_handlers - ERROR - Error traceback: Traceback (most recent call last):
  File "/www/wwwroot/coinceeper.com/CC/venv/lib64/python3.9/site-packages/flask/app.py", line 917, in full_dispatch_request
    rv = self.dispatch_request()
  File "/www/wwwroot/coinceeper.com/CC/venv/lib64/python3.9/site-packages/flask/app.py", line 891, in dispatch_request
    self.raise_routing_exception(req)
  File "/www/wwwroot/coinceeper.com/CC/venv/lib64/python3.9/site-packages/flask/app.py", line 500, in raise_routing_exception
    raise request.routing_exception  # type: ignore[misc]
  File "/www/wwwroot/coinceeper.com/CC/venv/lib64/python3.9/site-packages/flask/ctx.py", line 362, in match_request
    result = self.url_adapter.match(return_rule=True)  # type: ignore
  File "/www/wwwroot/coinceeper.com/CC/venv/lib64/python3.9/site-packages/werkzeug/routing/map.py", line 629, in match
    raise NotFound() from None
werkzeug.exceptions.NotFound: 404 Not Found: The requested URL was not found on the server. If you entered the URL manually please check your spelling and try again.

2025-08-01 03:34:53 - error_handlers - ERROR - Unexpected error: 404 Not Found: The requested URL was not found on the server. If you entered the URL manually please check your spelling and try again.
Traceback (most recent call last):
  File "/www/wwwroot/coinceeper.com/CC/venv/lib64/python3.9/site-packages/flask/app.py", line 917, in full_dispatch_request
    rv = self.dispatch_request()
  File "/www/wwwroot/coinceeper.com/CC/venv/lib64/python3.9/site-packages/flask/app.py", line 891, in dispatch_request
    self.raise_routing_exception(req)
  File "/www/wwwroot/coinceeper.com/CC/venv/lib64/python3.9/site-packages/flask/app.py", line 500, in raise_routing_exception
    raise request.routing_exception  # type: ignore[misc]
  File "/www/wwwroot/coinceeper.com/CC/venv/lib64/python3.9/site-packages/flask/ctx.py", line 362, in match_request
    result = self.url_adapter.match(return_rule=True)  # type: ignore
  File "/www/wwwroot/coinceeper.com/CC/venv/lib64/python3.9/site-packages/werkzeug/routing/map.py", line 629, in match
    raise NotFound() from None
werkzeug.exceptions.NotFound: 404 Not Found: The requested URL was not found on the server. If you entered the URL manually please check your spelling and try again.
2025-08-01 03:34:53 - error_handlers - ERROR - Error traceback: Traceback (most recent call last):
  File "/www/wwwroot/coinceeper.com/CC/venv/lib64/python3.9/site-packages/flask/app.py", line 917, in full_dispatch_request
    rv = self.dispatch_request()
  File "/www/wwwroot/coinceeper.com/CC/venv/lib64/python3.9/site-packages/flask/app.py", line 891, in dispatch_request
    self.raise_routing_exception(req)
  File "/www/wwwroot/coinceeper.com/CC/venv/lib64/python3.9/site-packages/flask/app.py", line 500, in raise_routing_exception
    raise request.routing_exception  # type: ignore[misc]
  File "/www/wwwroot/coinceeper.com/CC/venv/lib64/python3.9/site-packages/flask/ctx.py", line 362, in match_request
    result = self.url_adapter.match(return_rule=True)  # type: ignore
  File "/www/wwwroot/coinceeper.com/CC/venv/lib64/python3.9/site-packages/werkzeug/routing/map.py", line 629, in match
    raise NotFound() from None
werkzeug.exceptions.NotFound: 404 Not Found: The requested URL was not found on the server. If you entered the URL manually please check your spelling and try again.

2025-08-01 03:34:55 - error_handlers - ERROR - Unexpected error: 404 Not Found: The requested URL was not found on the server. If you entered the URL manually please check your spelling and try again.
Traceback (most recent call last):
  File "/www/wwwroot/coinceeper.com/CC/venv/lib64/python3.9/site-packages/flask/app.py", line 917, in full_dispatch_request
    rv = self.dispatch_request()
  File "/www/wwwroot/coinceeper.com/CC/venv/lib64/python3.9/site-packages/flask/app.py", line 891, in dispatch_request
    self.raise_routing_exception(req)
  File "/www/wwwroot/coinceeper.com/CC/venv/lib64/python3.9/site-packages/flask/app.py", line 500, in raise_routing_exception
    raise request.routing_exception  # type: ignore[misc]
  File "/www/wwwroot/coinceeper.com/CC/venv/lib64/python3.9/site-packages/flask/ctx.py", line 362, in match_request
    result = self.url_adapter.match(return_rule=True)  # type: ignore
  File "/www/wwwroot/coinceeper.com/CC/venv/lib64/python3.9/site-packages/werkzeug/routing/map.py", line 629, in match
    raise NotFound() from None
werkzeug.exceptions.NotFound: 404 Not Found: The requested URL was not found on the server. If you entered the URL manually please check your spelling and try again.
2025-08-01 03:34:55 - error_handlers - ERROR - Error traceback: Traceback (most recent call last):
  File "/www/wwwroot/coinceeper.com/CC/venv/lib64/python3.9/site-packages/flask/app.py", line 917, in full_dispatch_request
    rv = self.dispatch_request()
  File "/www/wwwroot/coinceeper.com/CC/venv/lib64/python3.9/site-packages/flask/app.py", line 891, in dispatch_request
    self.raise_routing_exception(req)
  File "/www/wwwroot/coinceeper.com/CC/venv/lib64/python3.9/site-packages/flask/app.py", line 500, in raise_routing_exception
    raise request.routing_exception  # type: ignore[misc]
  File "/www/wwwroot/coinceeper.com/CC/venv/lib64/python3.9/site-packages/flask/ctx.py", line 362, in match_request
    result = self.url_adapter.match(return_rule=True)  # type: ignore
  File "/www/wwwroot/coinceeper.com/CC/venv/lib64/python3.9/site-packages/werkzeug/routing/map.py", line 629, in match
    raise NotFound() from None
werkzeug.exceptions.NotFound: 404 Not Found: The requested URL was not found on the server. If you entered the URL manually please check your spelling and try again.

2025-08-01 03:34:56 - error_handlers - ERROR - Unexpected error: 404 Not Found: The requested URL was not found on the server. If you entered the URL manually please check your spelling and try again.
Traceback (most recent call last):
  File "/www/wwwroot/coinceeper.com/CC/venv/lib64/python3.9/site-packages/flask/app.py", line 917, in full_dispatch_request
    rv = self.dispatch_request()
  File "/www/wwwroot/coinceeper.com/CC/venv/lib64/python3.9/site-packages/flask/app.py", line 891, in dispatch_request
    self.raise_routing_exception(req)
  File "/www/wwwroot/coinceeper.com/CC/venv/lib64/python3.9/site-packages/flask/app.py", line 500, in raise_routing_exception
    raise request.routing_exception  # type: ignore[misc]
  File "/www/wwwroot/coinceeper.com/CC/venv/lib64/python3.9/site-packages/flask/ctx.py", line 362, in match_request
    result = self.url_adapter.match(return_rule=True)  # type: ignore
  File "/www/wwwroot/coinceeper.com/CC/venv/lib64/python3.9/site-packages/werkzeug/routing/map.py", line 629, in match
    raise NotFound() from None
werkzeug.exceptions.NotFound: 404 Not Found: The requested URL was not found on the server. If you entered the URL manually please check your spelling and try again.
2025-08-01 03:34:56 - error_handlers - ERROR - Error traceback: Traceback (most recent call last):
  File "/www/wwwroot/coinceeper.com/CC/venv/lib64/python3.9/site-packages/flask/app.py", line 917, in full_dispatch_request
    rv = self.dispatch_request()
  File "/www/wwwroot/coinceeper.com/CC/venv/lib64/python3.9/site-packages/flask/app.py", line 891, in dispatch_request
    self.raise_routing_exception(req)
  File "/www/wwwroot/coinceeper.com/CC/venv/lib64/python3.9/site-packages/flask/app.py", line 500, in raise_routing_exception
    raise request.routing_exception  # type: ignore[misc]
  File "/www/wwwroot/coinceeper.com/CC/venv/lib64/python3.9/site-packages/flask/ctx.py", line 362, in match_request
    result = self.url_adapter.match(return_rule=True)  # type: ignore
  File "/www/wwwroot/coinceeper.com/CC/venv/lib64/python3.9/site-packages/werkzeug/routing/map.py", line 629, in match
    raise NotFound() from None
werkzeug.exceptions.NotFound: 404 Not Found: The requested URL was not found on the server. If you entered the URL manually please check your spelling and try again.

2025-08-01 03:34:58 - error_handlers - ERROR - Unexpected error: 404 Not Found: The requested URL was not found on the server. If you entered the URL manually please check your spelling and try again.
Traceback (most recent call last):
  File "/www/wwwroot/coinceeper.com/CC/venv/lib64/python3.9/site-packages/flask/app.py", line 917, in full_dispatch_request
    rv = self.dispatch_request()
  File "/www/wwwroot/coinceeper.com/CC/venv/lib64/python3.9/site-packages/flask/app.py", line 891, in dispatch_request
    self.raise_routing_exception(req)
  File "/www/wwwroot/coinceeper.com/CC/venv/lib64/python3.9/site-packages/flask/app.py", line 500, in raise_routing_exception
    raise request.routing_exception  # type: ignore[misc]
  File "/www/wwwroot/coinceeper.com/CC/venv/lib64/python3.9/site-packages/flask/ctx.py", line 362, in match_request
    result = self.url_adapter.match(return_rule=True)  # type: ignore
  File "/www/wwwroot/coinceeper.com/CC/venv/lib64/python3.9/site-packages/werkzeug/routing/map.py", line 629, in match
    raise NotFound() from None
werkzeug.exceptions.NotFound: 404 Not Found: The requested URL was not found on the server. If you entered the URL manually please check your spelling and try again.
2025-08-01 03:34:58 - error_handlers - ERROR - Error traceback: Traceback (most recent call last):
  File "/www/wwwroot/coinceeper.com/CC/venv/lib64/python3.9/site-packages/flask/app.py", line 917, in full_dispatch_request
    rv = self.dispatch_request()
  File "/www/wwwroot/coinceeper.com/CC/venv/lib64/python3.9/site-packages/flask/app.py", line 891, in dispatch_request
    self.raise_routing_exception(req)
  File "/www/wwwroot/coinceeper.com/CC/venv/lib64/python3.9/site-packages/flask/app.py", line 500, in raise_routing_exception
    raise request.routing_exception  # type: ignore[misc]
  File "/www/wwwroot/coinceeper.com/CC/venv/lib64/python3.9/site-packages/flask/ctx.py", line 362, in match_request
    result = self.url_adapter.match(return_rule=True)  # type: ignore
  File "/www/wwwroot/coinceeper.com/CC/venv/lib64/python3.9/site-packages/werkzeug/routing/map.py", line 629, in match
    raise NotFound() from None
werkzeug.exceptions.NotFound: 404 Not Found: The requested URL was not found on the server. If you entered the URL manually please check your spelling and try again.

2025-08-01 03:35:01 - error_handlers - ERROR - Unexpected error: 404 Not Found: The requested URL was not found on the server. If you entered the URL manually please check your spelling and try again.
Traceback (most recent call last):
  File "/www/wwwroot/coinceeper.com/CC/venv/lib64/python3.9/site-packages/flask/app.py", line 917, in full_dispatch_request
    rv = self.dispatch_request()
  File "/www/wwwroot/coinceeper.com/CC/venv/lib64/python3.9/site-packages/flask/app.py", line 891, in dispatch_request
    self.raise_routing_exception(req)
  File "/www/wwwroot/coinceeper.com/CC/venv/lib64/python3.9/site-packages/flask/app.py", line 500, in raise_routing_exception
    raise request.routing_exception  # type: ignore[misc]
  File "/www/wwwroot/coinceeper.com/CC/venv/lib64/python3.9/site-packages/flask/ctx.py", line 362, in match_request
    result = self.url_adapter.match(return_rule=True)  # type: ignore
  File "/www/wwwroot/coinceeper.com/CC/venv/lib64/python3.9/site-packages/werkzeug/routing/map.py", line 629, in match
    raise NotFound() from None
werkzeug.exceptions.NotFound: 404 Not Found: The requested URL was not found on the server. If you entered the URL manually please check your spelling and try again.
2025-08-01 03:35:01 - error_handlers - ERROR - Error traceback: Traceback (most recent call last):
  File "/www/wwwroot/coinceeper.com/CC/venv/lib64/python3.9/site-packages/flask/app.py", line 917, in full_dispatch_request
    rv = self.dispatch_request()
  File "/www/wwwroot/coinceeper.com/CC/venv/lib64/python3.9/site-packages/flask/app.py", line 891, in dispatch_request
    self.raise_routing_exception(req)
  File "/www/wwwroot/coinceeper.com/CC/venv/lib64/python3.9/site-packages/flask/app.py", line 500, in raise_routing_exception
    raise request.routing_exception  # type: ignore[misc]
  File "/www/wwwroot/coinceeper.com/CC/venv/lib64/python3.9/site-packages/flask/ctx.py", line 362, in match_request
    result = self.url_adapter.match(return_rule=True)  # type: ignore
  File "/www/wwwroot/coinceeper.com/CC/venv/lib64/python3.9/site-packages/werkzeug/routing/map.py", line 629, in match
    raise NotFound() from None
werkzeug.exceptions.NotFound: 404 Not Found: The requested URL was not found on the server. If you entered the URL manually please check your spelling and try again.

2025-08-01 03:35:02 - error_handlers - ERROR - Unexpected error: 404 Not Found: The requested URL was not found on the server. If you entered the URL manually please check your spelling and try again.
Traceback (most recent call last):
  File "/www/wwwroot/coinceeper.com/CC/venv/lib64/python3.9/site-packages/flask/app.py", line 917, in full_dispatch_request
    rv = self.dispatch_request()
  File "/www/wwwroot/coinceeper.com/CC/venv/lib64/python3.9/site-packages/flask/app.py", line 891, in dispatch_request
    self.raise_routing_exception(req)
  File "/www/wwwroot/coinceeper.com/CC/venv/lib64/python3.9/site-packages/flask/app.py", line 500, in raise_routing_exception
    raise request.routing_exception  # type: ignore[misc]
  File "/www/wwwroot/coinceeper.com/CC/venv/lib64/python3.9/site-packages/flask/ctx.py", line 362, in match_request
    result = self.url_adapter.match(return_rule=True)  # type: ignore
  File "/www/wwwroot/coinceeper.com/CC/venv/lib64/python3.9/site-packages/werkzeug/routing/map.py", line 629, in match
    raise NotFound() from None
werkzeug.exceptions.NotFound: 404 Not Found: The requested URL was not found on the server. If you entered the URL manually please check your spelling and try again.
2025-08-01 03:35:02 - error_handlers - ERROR - Error traceback: Traceback (most recent call last):
  File "/www/wwwroot/coinceeper.com/CC/venv/lib64/python3.9/site-packages/flask/app.py", line 917, in full_dispatch_request
    rv = self.dispatch_request()
  File "/www/wwwroot/coinceeper.com/CC/venv/lib64/python3.9/site-packages/flask/app.py", line 891, in dispatch_request
    self.raise_routing_exception(req)
  File "/www/wwwroot/coinceeper.com/CC/venv/lib64/python3.9/site-packages/flask/app.py", line 500, in raise_routing_exception
    raise request.routing_exception  # type: ignore[misc]
  File "/www/wwwroot/coinceeper.com/CC/venv/lib64/python3.9/site-packages/flask/ctx.py", line 362, in match_request
    result = self.url_adapter.match(return_rule=True)  # type: ignore
  File "/www/wwwroot/coinceeper.com/CC/venv/lib64/python3.9/site-packages/werkzeug/routing/map.py", line 629, in match
    raise NotFound() from None
werkzeug.exceptions.NotFound: 404 Not Found: The requested URL was not found on the server. If you entered the URL manually please check your spelling and try again.

2025-08-01 03:35:04 - error_handlers - ERROR - Unexpected error: 404 Not Found: The requested URL was not found on the server. If you entered the URL manually please check your spelling and try again.
Traceback (most recent call last):
  File "/www/wwwroot/coinceeper.com/CC/venv/lib64/python3.9/site-packages/flask/app.py", line 917, in full_dispatch_request
    rv = self.dispatch_request()
  File "/www/wwwroot/coinceeper.com/CC/venv/lib64/python3.9/site-packages/flask/app.py", line 891, in dispatch_request
    self.raise_routing_exception(req)
  File "/www/wwwroot/coinceeper.com/CC/venv/lib64/python3.9/site-packages/flask/app.py", line 500, in raise_routing_exception
    raise request.routing_exception  # type: ignore[misc]
  File "/www/wwwroot/coinceeper.com/CC/venv/lib64/python3.9/site-packages/flask/ctx.py", line 362, in match_request
    result = self.url_adapter.match(return_rule=True)  # type: ignore
  File "/www/wwwroot/coinceeper.com/CC/venv/lib64/python3.9/site-packages/werkzeug/routing/map.py", line 629, in match
    raise NotFound() from None
werkzeug.exceptions.NotFound: 404 Not Found: The requested URL was not found on the server. If you entered the URL manually please check your spelling and try again.
2025-08-01 03:35:04 - error_handlers - ERROR - Error traceback: Traceback (most recent call last):
  File "/www/wwwroot/coinceeper.com/CC/venv/lib64/python3.9/site-packages/flask/app.py", line 917, in full_dispatch_request
    rv = self.dispatch_request()
  File "/www/wwwroot/coinceeper.com/CC/venv/lib64/python3.9/site-packages/flask/app.py", line 891, in dispatch_request
    self.raise_routing_exception(req)
  File "/www/wwwroot/coinceeper.com/CC/venv/lib64/python3.9/site-packages/flask/app.py", line 500, in raise_routing_exception
    raise request.routing_exception  # type: ignore[misc]
  File "/www/wwwroot/coinceeper.com/CC/venv/lib64/python3.9/site-packages/flask/ctx.py", line 362, in match_request
    result = self.url_adapter.match(return_rule=True)  # type: ignore
  File "/www/wwwroot/coinceeper.com/CC/venv/lib64/python3.9/site-packages/werkzeug/routing/map.py", line 629, in match
    raise NotFound() from None
werkzeug.exceptions.NotFound: 404 Not Found: The requested URL was not found on the server. If you entered the URL manually please check your spelling and try again.

2025-08-01 03:35:05 - error_handlers - ERROR - Unexpected error: 404 Not Found: The requested URL was not found on the server. If you entered the URL manually please check your spelling and try again.
Traceback (most recent call last):
  File "/www/wwwroot/coinceeper.com/CC/venv/lib64/python3.9/site-packages/flask/app.py", line 917, in full_dispatch_request
    rv = self.dispatch_request()
  File "/www/wwwroot/coinceeper.com/CC/venv/lib64/python3.9/site-packages/flask/app.py", line 891, in dispatch_request
    self.raise_routing_exception(req)
  File "/www/wwwroot/coinceeper.com/CC/venv/lib64/python3.9/site-packages/flask/app.py", line 500, in raise_routing_exception
    raise request.routing_exception  # type: ignore[misc]
  File "/www/wwwroot/coinceeper.com/CC/venv/lib64/python3.9/site-packages/flask/ctx.py", line 362, in match_request
    result = self.url_adapter.match(return_rule=True)  # type: ignore
  File "/www/wwwroot/coinceeper.com/CC/venv/lib64/python3.9/site-packages/werkzeug/routing/map.py", line 629, in match
    raise NotFound() from None
werkzeug.exceptions.NotFound: 404 Not Found: The requested URL was not found on the server. If you entered the URL manually please check your spelling and try again.
2025-08-01 03:35:05 - error_handlers - ERROR - Error traceback: Traceback (most recent call last):
  File "/www/wwwroot/coinceeper.com/CC/venv/lib64/python3.9/site-packages/flask/app.py", line 917, in full_dispatch_request
    rv = self.dispatch_request()
  File "/www/wwwroot/coinceeper.com/CC/venv/lib64/python3.9/site-packages/flask/app.py", line 891, in dispatch_request
    self.raise_routing_exception(req)
  File "/www/wwwroot/coinceeper.com/CC/venv/lib64/python3.9/site-packages/flask/app.py", line 500, in raise_routing_exception
    raise request.routing_exception  # type: ignore[misc]
  File "/www/wwwroot/coinceeper.com/CC/venv/lib64/python3.9/site-packages/flask/ctx.py", line 362, in match_request
    result = self.url_adapter.match(return_rule=True)  # type: ignore
  File "/www/wwwroot/coinceeper.com/CC/venv/lib64/python3.9/site-packages/werkzeug/routing/map.py", line 629, in match
    raise NotFound() from None
werkzeug.exceptions.NotFound: 404 Not Found: The requested URL was not found on the server. If you entered the URL manually please check your spelling and try again.

2025-08-01 03:35:06 - error_handlers - ERROR - Unexpected error: 404 Not Found: The requested URL was not found on the server. If you entered the URL manually please check your spelling and try again.
Traceback (most recent call last):
  File "/www/wwwroot/coinceeper.com/CC/venv/lib64/python3.9/site-packages/flask/app.py", line 917, in full_dispatch_request
    rv = self.dispatch_request()
  File "/www/wwwroot/coinceeper.com/CC/venv/lib64/python3.9/site-packages/flask/app.py", line 891, in dispatch_request
    self.raise_routing_exception(req)
  File "/www/wwwroot/coinceeper.com/CC/venv/lib64/python3.9/site-packages/flask/app.py", line 500, in raise_routing_exception
    raise request.routing_exception  # type: ignore[misc]
  File "/www/wwwroot/coinceeper.com/CC/venv/lib64/python3.9/site-packages/flask/ctx.py", line 362, in match_request
    result = self.url_adapter.match(return_rule=True)  # type: ignore
  File "/www/wwwroot/coinceeper.com/CC/venv/lib64/python3.9/site-packages/werkzeug/routing/map.py", line 629, in match
    raise NotFound() from None
werkzeug.exceptions.NotFound: 404 Not Found: The requested URL was not found on the server. If you entered the URL manually please check your spelling and try again.
2025-08-01 03:35:06 - error_handlers - ERROR - Error traceback: Traceback (most recent call last):
  File "/www/wwwroot/coinceeper.com/CC/venv/lib64/python3.9/site-packages/flask/app.py", line 917, in full_dispatch_request
    rv = self.dispatch_request()
  File "/www/wwwroot/coinceeper.com/CC/venv/lib64/python3.9/site-packages/flask/app.py", line 891, in dispatch_request
    self.raise_routing_exception(req)
  File "/www/wwwroot/coinceeper.com/CC/venv/lib64/python3.9/site-packages/flask/app.py", line 500, in raise_routing_exception
    raise request.routing_exception  # type: ignore[misc]
  File "/www/wwwroot/coinceeper.com/CC/venv/lib64/python3.9/site-packages/flask/ctx.py", line 362, in match_request
    result = self.url_adapter.match(return_rule=True)  # type: ignore
  File "/www/wwwroot/coinceeper.com/CC/venv/lib64/python3.9/site-packages/werkzeug/routing/map.py", line 629, in match
    raise NotFound() from None
werkzeug.exceptions.NotFound: 404 Not Found: The requested URL was not found on the server. If you entered the URL manually please check your spelling and try again.

2025-08-01 03:35:07 - error_handlers - ERROR - Unexpected error: 404 Not Found: The requested URL was not found on the server. If you entered the URL manually please check your spelling and try again.
Traceback (most recent call last):
  File "/www/wwwroot/coinceeper.com/CC/venv/lib64/python3.9/site-packages/flask/app.py", line 917, in full_dispatch_request
    rv = self.dispatch_request()
  File "/www/wwwroot/coinceeper.com/CC/venv/lib64/python3.9/site-packages/flask/app.py", line 891, in dispatch_request
    self.raise_routing_exception(req)
  File "/www/wwwroot/coinceeper.com/CC/venv/lib64/python3.9/site-packages/flask/app.py", line 500, in raise_routing_exception
    raise request.routing_exception  # type: ignore[misc]
  File "/www/wwwroot/coinceeper.com/CC/venv/lib64/python3.9/site-packages/flask/ctx.py", line 362, in match_request
    result = self.url_adapter.match(return_rule=True)  # type: ignore
  File "/www/wwwroot/coinceeper.com/CC/venv/lib64/python3.9/site-packages/werkzeug/routing/map.py", line 629, in match
    raise NotFound() from None
werkzeug.exceptions.NotFound: 404 Not Found: The requested URL was not found on the server. If you entered the URL manually please check your spelling and try again.
2025-08-01 03:35:07 - error_handlers - ERROR - Error traceback: Traceback (most recent call last):
  File "/www/wwwroot/coinceeper.com/CC/venv/lib64/python3.9/site-packages/flask/app.py", line 917, in full_dispatch_request
    rv = self.dispatch_request()
  File "/www/wwwroot/coinceeper.com/CC/venv/lib64/python3.9/site-packages/flask/app.py", line 891, in dispatch_request
    self.raise_routing_exception(req)
  File "/www/wwwroot/coinceeper.com/CC/venv/lib64/python3.9/site-packages/flask/app.py", line 500, in raise_routing_exception
    raise request.routing_exception  # type: ignore[misc]
  File "/www/wwwroot/coinceeper.com/CC/venv/lib64/python3.9/site-packages/flask/ctx.py", line 362, in match_request
    result = self.url_adapter.match(return_rule=True)  # type: ignore
  File "/www/wwwroot/coinceeper.com/CC/venv/lib64/python3.9/site-packages/werkzeug/routing/map.py", line 629, in match
    raise NotFound() from None
werkzeug.exceptions.NotFound: 404 Not Found: The requested URL was not found on the server. If you entered the URL manually please check your spelling and try again.

2025-08-01 03:35:09 - error_handlers - ERROR - Unexpected error: 404 Not Found: The requested URL was not found on the server. If you entered the URL manually please check your spelling and try again.
Traceback (most recent call last):
  File "/www/wwwroot/coinceeper.com/CC/venv/lib64/python3.9/site-packages/flask/app.py", line 917, in full_dispatch_request
    rv = self.dispatch_request()
  File "/www/wwwroot/coinceeper.com/CC/venv/lib64/python3.9/site-packages/flask/app.py", line 891, in dispatch_request
    self.raise_routing_exception(req)
  File "/www/wwwroot/coinceeper.com/CC/venv/lib64/python3.9/site-packages/flask/app.py", line 500, in raise_routing_exception
    raise request.routing_exception  # type: ignore[misc]
  File "/www/wwwroot/coinceeper.com/CC/venv/lib64/python3.9/site-packages/flask/ctx.py", line 362, in match_request
    result = self.url_adapter.match(return_rule=True)  # type: ignore
  File "/www/wwwroot/coinceeper.com/CC/venv/lib64/python3.9/site-packages/werkzeug/routing/map.py", line 629, in match
    raise NotFound() from None
werkzeug.exceptions.NotFound: 404 Not Found: The requested URL was not found on the server. If you entered the URL manually please check your spelling and try again.
2025-08-01 03:35:09 - error_handlers - ERROR - Error traceback: Traceback (most recent call last):
  File "/www/wwwroot/coinceeper.com/CC/venv/lib64/python3.9/site-packages/flask/app.py", line 917, in full_dispatch_request
    rv = self.dispatch_request()
  File "/www/wwwroot/coinceeper.com/CC/venv/lib64/python3.9/site-packages/flask/app.py", line 891, in dispatch_request
    self.raise_routing_exception(req)
  File "/www/wwwroot/coinceeper.com/CC/venv/lib64/python3.9/site-packages/flask/app.py", line 500, in raise_routing_exception
    raise request.routing_exception  # type: ignore[misc]
  File "/www/wwwroot/coinceeper.com/CC/venv/lib64/python3.9/site-packages/flask/ctx.py", line 362, in match_request
    result = self.url_adapter.match(return_rule=True)  # type: ignore
  File "/www/wwwroot/coinceeper.com/CC/venv/lib64/python3.9/site-packages/werkzeug/routing/map.py", line 629, in match
    raise NotFound() from None
werkzeug.exceptions.NotFound: 404 Not Found: The requested URL was not found on the server. If you entered the URL manually please check your spelling and try again.

2025-08-01 03:35:10 - error_handlers - ERROR - Unexpected error: 404 Not Found: The requested URL was not found on the server. If you entered the URL manually please check your spelling and try again.
Traceback (most recent call last):
  File "/www/wwwroot/coinceeper.com/CC/venv/lib64/python3.9/site-packages/flask/app.py", line 917, in full_dispatch_request
    rv = self.dispatch_request()
  File "/www/wwwroot/coinceeper.com/CC/venv/lib64/python3.9/site-packages/flask/app.py", line 891, in dispatch_request
    self.raise_routing_exception(req)
  File "/www/wwwroot/coinceeper.com/CC/venv/lib64/python3.9/site-packages/flask/app.py", line 500, in raise_routing_exception
    raise request.routing_exception  # type: ignore[misc]
  File "/www/wwwroot/coinceeper.com/CC/venv/lib64/python3.9/site-packages/flask/ctx.py", line 362, in match_request
    result = self.url_adapter.match(return_rule=True)  # type: ignore
  File "/www/wwwroot/coinceeper.com/CC/venv/lib64/python3.9/site-packages/werkzeug/routing/map.py", line 629, in match
    raise NotFound() from None
werkzeug.exceptions.NotFound: 404 Not Found: The requested URL was not found on the server. If you entered the URL manually please check your spelling and try again.
2025-08-01 03:35:10 - error_handlers - ERROR - Error traceback: Traceback (most recent call last):
  File "/www/wwwroot/coinceeper.com/CC/venv/lib64/python3.9/site-packages/flask/app.py", line 917, in full_dispatch_request
    rv = self.dispatch_request()
  File "/www/wwwroot/coinceeper.com/CC/venv/lib64/python3.9/site-packages/flask/app.py", line 891, in dispatch_request
    self.raise_routing_exception(req)
  File "/www/wwwroot/coinceeper.com/CC/venv/lib64/python3.9/site-packages/flask/app.py", line 500, in raise_routing_exception
    raise request.routing_exception  # type: ignore[misc]
  File "/www/wwwroot/coinceeper.com/CC/venv/lib64/python3.9/site-packages/flask/ctx.py", line 362, in match_request
    result = self.url_adapter.match(return_rule=True)  # type: ignore
  File "/www/wwwroot/coinceeper.com/CC/venv/lib64/python3.9/site-packages/werkzeug/routing/map.py", line 629, in match
    raise NotFound() from None
werkzeug.exceptions.NotFound: 404 Not Found: The requested URL was not found on the server. If you entered the URL manually please check your spelling and try again.

2025-08-01 03:35:12 - error_handlers - ERROR - Unexpected error: 404 Not Found: The requested URL was not found on the server. If you entered the URL manually please check your spelling and try again.
Traceback (most recent call last):
  File "/www/wwwroot/coinceeper.com/CC/venv/lib64/python3.9/site-packages/flask/app.py", line 917, in full_dispatch_request
    rv = self.dispatch_request()
  File "/www/wwwroot/coinceeper.com/CC/venv/lib64/python3.9/site-packages/flask/app.py", line 891, in dispatch_request
    self.raise_routing_exception(req)
  File "/www/wwwroot/coinceeper.com/CC/venv/lib64/python3.9/site-packages/flask/app.py", line 500, in raise_routing_exception
    raise request.routing_exception  # type: ignore[misc]
  File "/www/wwwroot/coinceeper.com/CC/venv/lib64/python3.9/site-packages/flask/ctx.py", line 362, in match_request
    result = self.url_adapter.match(return_rule=True)  # type: ignore
  File "/www/wwwroot/coinceeper.com/CC/venv/lib64/python3.9/site-packages/werkzeug/routing/map.py", line 629, in match
    raise NotFound() from None
werkzeug.exceptions.NotFound: 404 Not Found: The requested URL was not found on the server. If you entered the URL manually please check your spelling and try again.
2025-08-01 03:35:12 - error_handlers - ERROR - Error traceback: Traceback (most recent call last):
  File "/www/wwwroot/coinceeper.com/CC/venv/lib64/python3.9/site-packages/flask/app.py", line 917, in full_dispatch_request
    rv = self.dispatch_request()
  File "/www/wwwroot/coinceeper.com/CC/venv/lib64/python3.9/site-packages/flask/app.py", line 891, in dispatch_request
    self.raise_routing_exception(req)
  File "/www/wwwroot/coinceeper.com/CC/venv/lib64/python3.9/site-packages/flask/app.py", line 500, in raise_routing_exception
    raise request.routing_exception  # type: ignore[misc]
  File "/www/wwwroot/coinceeper.com/CC/venv/lib64/python3.9/site-packages/flask/ctx.py", line 362, in match_request
    result = self.url_adapter.match(return_rule=True)  # type: ignore
  File "/www/wwwroot/coinceeper.com/CC/venv/lib64/python3.9/site-packages/werkzeug/routing/map.py", line 629, in match
    raise NotFound() from None
werkzeug.exceptions.NotFound: 404 Not Found: The requested URL was not found on the server. If you entered the URL manually please check your spelling and try again.

2025-08-01 03:35:13 - error_handlers - ERROR - Unexpected error: 404 Not Found: The requested URL was not found on the server. If you entered the URL manually please check your spelling and try again.
Traceback (most recent call last):
  File "/www/wwwroot/coinceeper.com/CC/venv/lib64/python3.9/site-packages/flask/app.py", line 917, in full_dispatch_request
    rv = self.dispatch_request()
  File "/www/wwwroot/coinceeper.com/CC/venv/lib64/python3.9/site-packages/flask/app.py", line 891, in dispatch_request
    self.raise_routing_exception(req)
  File "/www/wwwroot/coinceeper.com/CC/venv/lib64/python3.9/site-packages/flask/app.py", line 500, in raise_routing_exception
    raise request.routing_exception  # type: ignore[misc]
  File "/www/wwwroot/coinceeper.com/CC/venv/lib64/python3.9/site-packages/flask/ctx.py", line 362, in match_request
    result = self.url_adapter.match(return_rule=True)  # type: ignore
  File "/www/wwwroot/coinceeper.com/CC/venv/lib64/python3.9/site-packages/werkzeug/routing/map.py", line 629, in match
    raise NotFound() from None
werkzeug.exceptions.NotFound: 404 Not Found: The requested URL was not found on the server. If you entered the URL manually please check your spelling and try again.
2025-08-01 03:35:13 - error_handlers - ERROR - Error traceback: Traceback (most recent call last):
  File "/www/wwwroot/coinceeper.com/CC/venv/lib64/python3.9/site-packages/flask/app.py", line 917, in full_dispatch_request
    rv = self.dispatch_request()
  File "/www/wwwroot/coinceeper.com/CC/venv/lib64/python3.9/site-packages/flask/app.py", line 891, in dispatch_request
    self.raise_routing_exception(req)
  File "/www/wwwroot/coinceeper.com/CC/venv/lib64/python3.9/site-packages/flask/app.py", line 500, in raise_routing_exception
    raise request.routing_exception  # type: ignore[misc]
  File "/www/wwwroot/coinceeper.com/CC/venv/lib64/python3.9/site-packages/flask/ctx.py", line 362, in match_request
    result = self.url_adapter.match(return_rule=True)  # type: ignore
  File "/www/wwwroot/coinceeper.com/CC/venv/lib64/python3.9/site-packages/werkzeug/routing/map.py", line 629, in match
    raise NotFound() from None
werkzeug.exceptions.NotFound: 404 Not Found: The requested URL was not found on the server. If you entered the URL manually please check your spelling and try again.

2025-08-01 03:35:15 - error_handlers - ERROR - Unexpected error: 404 Not Found: The requested URL was not found on the server. If you entered the URL manually please check your spelling and try again.
Traceback (most recent call last):
  File "/www/wwwroot/coinceeper.com/CC/venv/lib64/python3.9/site-packages/flask/app.py", line 917, in full_dispatch_request
    rv = self.dispatch_request()
  File "/www/wwwroot/coinceeper.com/CC/venv/lib64/python3.9/site-packages/flask/app.py", line 891, in dispatch_request
    self.raise_routing_exception(req)
  File "/www/wwwroot/coinceeper.com/CC/venv/lib64/python3.9/site-packages/flask/app.py", line 500, in raise_routing_exception
    raise request.routing_exception  # type: ignore[misc]
  File "/www/wwwroot/coinceeper.com/CC/venv/lib64/python3.9/site-packages/flask/ctx.py", line 362, in match_request
    result = self.url_adapter.match(return_rule=True)  # type: ignore
  File "/www/wwwroot/coinceeper.com/CC/venv/lib64/python3.9/site-packages/werkzeug/routing/map.py", line 629, in match
    raise NotFound() from None
werkzeug.exceptions.NotFound: 404 Not Found: The requested URL was not found on the server. If you entered the URL manually please check your spelling and try again.
2025-08-01 03:35:15 - error_handlers - ERROR - Error traceback: Traceback (most recent call last):
  File "/www/wwwroot/coinceeper.com/CC/venv/lib64/python3.9/site-packages/flask/app.py", line 917, in full_dispatch_request
    rv = self.dispatch_request()
  File "/www/wwwroot/coinceeper.com/CC/venv/lib64/python3.9/site-packages/flask/app.py", line 891, in dispatch_request
    self.raise_routing_exception(req)
  File "/www/wwwroot/coinceeper.com/CC/venv/lib64/python3.9/site-packages/flask/app.py", line 500, in raise_routing_exception
    raise request.routing_exception  # type: ignore[misc]
  File "/www/wwwroot/coinceeper.com/CC/venv/lib64/python3.9/site-packages/flask/ctx.py", line 362, in match_request
    result = self.url_adapter.match(return_rule=True)  # type: ignore
  File "/www/wwwroot/coinceeper.com/CC/venv/lib64/python3.9/site-packages/werkzeug/routing/map.py", line 629, in match
    raise NotFound() from None
werkzeug.exceptions.NotFound: 404 Not Found: The requested URL was not found on the server. If you entered the URL manually please check your spelling and try again.

2025-08-01 03:35:16 - error_handlers - ERROR - Unexpected error: 404 Not Found: The requested URL was not found on the server. If you entered the URL manually please check your spelling and try again.
Traceback (most recent call last):
  File "/www/wwwroot/coinceeper.com/CC/venv/lib64/python3.9/site-packages/flask/app.py", line 917, in full_dispatch_request
    rv = self.dispatch_request()
  File "/www/wwwroot/coinceeper.com/CC/venv/lib64/python3.9/site-packages/flask/app.py", line 891, in dispatch_request
    self.raise_routing_exception(req)
  File "/www/wwwroot/coinceeper.com/CC/venv/lib64/python3.9/site-packages/flask/app.py", line 500, in raise_routing_exception
    raise request.routing_exception  # type: ignore[misc]
  File "/www/wwwroot/coinceeper.com/CC/venv/lib64/python3.9/site-packages/flask/ctx.py", line 362, in match_request
    result = self.url_adapter.match(return_rule=True)  # type: ignore
  File "/www/wwwroot/coinceeper.com/CC/venv/lib64/python3.9/site-packages/werkzeug/routing/map.py", line 629, in match
    raise NotFound() from None
werkzeug.exceptions.NotFound: 404 Not Found: The requested URL was not found on the server. If you entered the URL manually please check your spelling and try again.
2025-08-01 03:35:16 - error_handlers - ERROR - Error traceback: Traceback (most recent call last):
  File "/www/wwwroot/coinceeper.com/CC/venv/lib64/python3.9/site-packages/flask/app.py", line 917, in full_dispatch_request
    rv = self.dispatch_request()
  File "/www/wwwroot/coinceeper.com/CC/venv/lib64/python3.9/site-packages/flask/app.py", line 891, in dispatch_request
    self.raise_routing_exception(req)
  File "/www/wwwroot/coinceeper.com/CC/venv/lib64/python3.9/site-packages/flask/app.py", line 500, in raise_routing_exception
    raise request.routing_exception  # type: ignore[misc]
  File "/www/wwwroot/coinceeper.com/CC/venv/lib64/python3.9/site-packages/flask/ctx.py", line 362, in match_request
    result = self.url_adapter.match(return_rule=True)  # type: ignore
  File "/www/wwwroot/coinceeper.com/CC/venv/lib64/python3.9/site-packages/werkzeug/routing/map.py", line 629, in match
    raise NotFound() from None
werkzeug.exceptions.NotFound: 404 Not Found: The requested URL was not found on the server. If you entered the URL manually please check your spelling and try again.

2025-08-01 03:35:18 - error_handlers - ERROR - Unexpected error: 404 Not Found: The requested URL was not found on the server. If you entered the URL manually please check your spelling and try again.
Traceback (most recent call last):
  File "/www/wwwroot/coinceeper.com/CC/venv/lib64/python3.9/site-packages/flask/app.py", line 917, in full_dispatch_request
    rv = self.dispatch_request()
  File "/www/wwwroot/coinceeper.com/CC/venv/lib64/python3.9/site-packages/flask/app.py", line 891, in dispatch_request
    self.raise_routing_exception(req)
  File "/www/wwwroot/coinceeper.com/CC/venv/lib64/python3.9/site-packages/flask/app.py", line 500, in raise_routing_exception
    raise request.routing_exception  # type: ignore[misc]
  File "/www/wwwroot/coinceeper.com/CC/venv/lib64/python3.9/site-packages/flask/ctx.py", line 362, in match_request
    result = self.url_adapter.match(return_rule=True)  # type: ignore
  File "/www/wwwroot/coinceeper.com/CC/venv/lib64/python3.9/site-packages/werkzeug/routing/map.py", line 629, in match
    raise NotFound() from None
werkzeug.exceptions.NotFound: 404 Not Found: The requested URL was not found on the server. If you entered the URL manually please check your spelling and try again.
2025-08-01 03:35:18 - error_handlers - ERROR - Error traceback: Traceback (most recent call last):
  File "/www/wwwroot/coinceeper.com/CC/venv/lib64/python3.9/site-packages/flask/app.py", line 917, in full_dispatch_request
    rv = self.dispatch_request()
  File "/www/wwwroot/coinceeper.com/CC/venv/lib64/python3.9/site-packages/flask/app.py", line 891, in dispatch_request
    self.raise_routing_exception(req)
  File "/www/wwwroot/coinceeper.com/CC/venv/lib64/python3.9/site-packages/flask/app.py", line 500, in raise_routing_exception
    raise request.routing_exception  # type: ignore[misc]
  File "/www/wwwroot/coinceeper.com/CC/venv/lib64/python3.9/site-packages/flask/ctx.py", line 362, in match_request
    result = self.url_adapter.match(return_rule=True)  # type: ignore
  File "/www/wwwroot/coinceeper.com/CC/venv/lib64/python3.9/site-packages/werkzeug/routing/map.py", line 629, in match
    raise NotFound() from None
werkzeug.exceptions.NotFound: 404 Not Found: The requested URL was not found on the server. If you entered the URL manually please check your spelling and try again.

2025-08-01 03:35:19 - error_handlers - ERROR - Unexpected error: 404 Not Found: The requested URL was not found on the server. If you entered the URL manually please check your spelling and try again.
Traceback (most recent call last):
  File "/www/wwwroot/coinceeper.com/CC/venv/lib64/python3.9/site-packages/flask/app.py", line 917, in full_dispatch_request
    rv = self.dispatch_request()
  File "/www/wwwroot/coinceeper.com/CC/venv/lib64/python3.9/site-packages/flask/app.py", line 891, in dispatch_request
    self.raise_routing_exception(req)
  File "/www/wwwroot/coinceeper.com/CC/venv/lib64/python3.9/site-packages/flask/app.py", line 500, in raise_routing_exception
    raise request.routing_exception  # type: ignore[misc]
  File "/www/wwwroot/coinceeper.com/CC/venv/lib64/python3.9/site-packages/flask/ctx.py", line 362, in match_request
    result = self.url_adapter.match(return_rule=True)  # type: ignore
  File "/www/wwwroot/coinceeper.com/CC/venv/lib64/python3.9/site-packages/werkzeug/routing/map.py", line 629, in match
    raise NotFound() from None
werkzeug.exceptions.NotFound: 404 Not Found: The requested URL was not found on the server. If you entered the URL manually please check your spelling and try again.
2025-08-01 03:35:19 - error_handlers - ERROR - Error traceback: Traceback (most recent call last):
  File "/www/wwwroot/coinceeper.com/CC/venv/lib64/python3.9/site-packages/flask/app.py", line 917, in full_dispatch_request
    rv = self.dispatch_request()
  File "/www/wwwroot/coinceeper.com/CC/venv/lib64/python3.9/site-packages/flask/app.py", line 891, in dispatch_request
    self.raise_routing_exception(req)
  File "/www/wwwroot/coinceeper.com/CC/venv/lib64/python3.9/site-packages/flask/app.py", line 500, in raise_routing_exception
    raise request.routing_exception  # type: ignore[misc]
  File "/www/wwwroot/coinceeper.com/CC/venv/lib64/python3.9/site-packages/flask/ctx.py", line 362, in match_request
    result = self.url_adapter.match(return_rule=True)  # type: ignore
  File "/www/wwwroot/coinceeper.com/CC/venv/lib64/python3.9/site-packages/werkzeug/routing/map.py", line 629, in match
    raise NotFound() from None
werkzeug.exceptions.NotFound: 404 Not Found: The requested URL was not found on the server. If you entered the URL manually please check your spelling and try again.

2025-08-01 03:35:21 - error_handlers - ERROR - Unexpected error: 404 Not Found: The requested URL was not found on the server. If you entered the URL manually please check your spelling and try again.
Traceback (most recent call last):
  File "/www/wwwroot/coinceeper.com/CC/venv/lib64/python3.9/site-packages/flask/app.py", line 917, in full_dispatch_request
    rv = self.dispatch_request()
  File "/www/wwwroot/coinceeper.com/CC/venv/lib64/python3.9/site-packages/flask/app.py", line 891, in dispatch_request
    self.raise_routing_exception(req)
  File "/www/wwwroot/coinceeper.com/CC/venv/lib64/python3.9/site-packages/flask/app.py", line 500, in raise_routing_exception
    raise request.routing_exception  # type: ignore[misc]
  File "/www/wwwroot/coinceeper.com/CC/venv/lib64/python3.9/site-packages/flask/ctx.py", line 362, in match_request
    result = self.url_adapter.match(return_rule=True)  # type: ignore
  File "/www/wwwroot/coinceeper.com/CC/venv/lib64/python3.9/site-packages/werkzeug/routing/map.py", line 629, in match
    raise NotFound() from None
werkzeug.exceptions.NotFound: 404 Not Found: The requested URL was not found on the server. If you entered the URL manually please check your spelling and try again.
2025-08-01 03:35:21 - error_handlers - ERROR - Error traceback: Traceback (most recent call last):
  File "/www/wwwroot/coinceeper.com/CC/venv/lib64/python3.9/site-packages/flask/app.py", line 917, in full_dispatch_request
    rv = self.dispatch_request()
  File "/www/wwwroot/coinceeper.com/CC/venv/lib64/python3.9/site-packages/flask/app.py", line 891, in dispatch_request
    self.raise_routing_exception(req)
  File "/www/wwwroot/coinceeper.com/CC/venv/lib64/python3.9/site-packages/flask/app.py", line 500, in raise_routing_exception
    raise request.routing_exception  # type: ignore[misc]
  File "/www/wwwroot/coinceeper.com/CC/venv/lib64/python3.9/site-packages/flask/ctx.py", line 362, in match_request
    result = self.url_adapter.match(return_rule=True)  # type: ignore
  File "/www/wwwroot/coinceeper.com/CC/venv/lib64/python3.9/site-packages/werkzeug/routing/map.py", line 629, in match
    raise NotFound() from None
werkzeug.exceptions.NotFound: 404 Not Found: The requested URL was not found on the server. If you entered the URL manually please check your spelling and try again.

2025-08-01 03:35:22 - error_handlers - ERROR - Unexpected error: 404 Not Found: The requested URL was not found on the server. If you entered the URL manually please check your spelling and try again.
Traceback (most recent call last):
  File "/www/wwwroot/coinceeper.com/CC/venv/lib64/python3.9/site-packages/flask/app.py", line 917, in full_dispatch_request
    rv = self.dispatch_request()
  File "/www/wwwroot/coinceeper.com/CC/venv/lib64/python3.9/site-packages/flask/app.py", line 891, in dispatch_request
    self.raise_routing_exception(req)
  File "/www/wwwroot/coinceeper.com/CC/venv/lib64/python3.9/site-packages/flask/app.py", line 500, in raise_routing_exception
    raise request.routing_exception  # type: ignore[misc]
  File "/www/wwwroot/coinceeper.com/CC/venv/lib64/python3.9/site-packages/flask/ctx.py", line 362, in match_request
    result = self.url_adapter.match(return_rule=True)  # type: ignore
  File "/www/wwwroot/coinceeper.com/CC/venv/lib64/python3.9/site-packages/werkzeug/routing/map.py", line 629, in match
    raise NotFound() from None
werkzeug.exceptions.NotFound: 404 Not Found: The requested URL was not found on the server. If you entered the URL manually please check your spelling and try again.
2025-08-01 03:35:22 - error_handlers - ERROR - Error traceback: Traceback (most recent call last):
  File "/www/wwwroot/coinceeper.com/CC/venv/lib64/python3.9/site-packages/flask/app.py", line 917, in full_dispatch_request
    rv = self.dispatch_request()
  File "/www/wwwroot/coinceeper.com/CC/venv/lib64/python3.9/site-packages/flask/app.py", line 891, in dispatch_request
    self.raise_routing_exception(req)
  File "/www/wwwroot/coinceeper.com/CC/venv/lib64/python3.9/site-packages/flask/app.py", line 500, in raise_routing_exception
    raise request.routing_exception  # type: ignore[misc]
  File "/www/wwwroot/coinceeper.com/CC/venv/lib64/python3.9/site-packages/flask/ctx.py", line 362, in match_request
    result = self.url_adapter.match(return_rule=True)  # type: ignore
  File "/www/wwwroot/coinceeper.com/CC/venv/lib64/python3.9/site-packages/werkzeug/routing/map.py", line 629, in match
    raise NotFound() from None
werkzeug.exceptions.NotFound: 404 Not Found: The requested URL was not found on the server. If you entered the URL manually please check your spelling and try again.

2025-08-01 03:35:24 - error_handlers - ERROR - Unexpected error: 404 Not Found: The requested URL was not found on the server. If you entered the URL manually please check your spelling and try again.
Traceback (most recent call last):
  File "/www/wwwroot/coinceeper.com/CC/venv/lib64/python3.9/site-packages/flask/app.py", line 917, in full_dispatch_request
    rv = self.dispatch_request()
  File "/www/wwwroot/coinceeper.com/CC/venv/lib64/python3.9/site-packages/flask/app.py", line 891, in dispatch_request
    self.raise_routing_exception(req)
  File "/www/wwwroot/coinceeper.com/CC/venv/lib64/python3.9/site-packages/flask/app.py", line 500, in raise_routing_exception
    raise request.routing_exception  # type: ignore[misc]
  File "/www/wwwroot/coinceeper.com/CC/venv/lib64/python3.9/site-packages/flask/ctx.py", line 362, in match_request
    result = self.url_adapter.match(return_rule=True)  # type: ignore
  File "/www/wwwroot/coinceeper.com/CC/venv/lib64/python3.9/site-packages/werkzeug/routing/map.py", line 629, in match
    raise NotFound() from None
werkzeug.exceptions.NotFound: 404 Not Found: The requested URL was not found on the server. If you entered the URL manually please check your spelling and try again.
2025-08-01 03:35:24 - error_handlers - ERROR - Error traceback: Traceback (most recent call last):
  File "/www/wwwroot/coinceeper.com/CC/venv/lib64/python3.9/site-packages/flask/app.py", line 917, in full_dispatch_request
    rv = self.dispatch_request()
  File "/www/wwwroot/coinceeper.com/CC/venv/lib64/python3.9/site-packages/flask/app.py", line 891, in dispatch_request
    self.raise_routing_exception(req)
  File "/www/wwwroot/coinceeper.com/CC/venv/lib64/python3.9/site-packages/flask/app.py", line 500, in raise_routing_exception
    raise request.routing_exception  # type: ignore[misc]
  File "/www/wwwroot/coinceeper.com/CC/venv/lib64/python3.9/site-packages/flask/ctx.py", line 362, in match_request
    result = self.url_adapter.match(return_rule=True)  # type: ignore
  File "/www/wwwroot/coinceeper.com/CC/venv/lib64/python3.9/site-packages/werkzeug/routing/map.py", line 629, in match
    raise NotFound() from None
werkzeug.exceptions.NotFound: 404 Not Found: The requested URL was not found on the server. If you entered the URL manually please check your spelling and try again.

2025-08-01 03:35:25 - error_handlers - ERROR - Unexpected error: 404 Not Found: The requested URL was not found on the server. If you entered the URL manually please check your spelling and try again.
Traceback (most recent call last):
  File "/www/wwwroot/coinceeper.com/CC/venv/lib64/python3.9/site-packages/flask/app.py", line 917, in full_dispatch_request
    rv = self.dispatch_request()
  File "/www/wwwroot/coinceeper.com/CC/venv/lib64/python3.9/site-packages/flask/app.py", line 891, in dispatch_request
    self.raise_routing_exception(req)
  File "/www/wwwroot/coinceeper.com/CC/venv/lib64/python3.9/site-packages/flask/app.py", line 500, in raise_routing_exception
    raise request.routing_exception  # type: ignore[misc]
  File "/www/wwwroot/coinceeper.com/CC/venv/lib64/python3.9/site-packages/flask/ctx.py", line 362, in match_request
    result = self.url_adapter.match(return_rule=True)  # type: ignore
  File "/www/wwwroot/coinceeper.com/CC/venv/lib64/python3.9/site-packages/werkzeug/routing/map.py", line 629, in match
    raise NotFound() from None
werkzeug.exceptions.NotFound: 404 Not Found: The requested URL was not found on the server. If you entered the URL manually please check your spelling and try again.
2025-08-01 03:35:25 - error_handlers - ERROR - Error traceback: Traceback (most recent call last):
  File "/www/wwwroot/coinceeper.com/CC/venv/lib64/python3.9/site-packages/flask/app.py", line 917, in full_dispatch_request
    rv = self.dispatch_request()
  File "/www/wwwroot/coinceeper.com/CC/venv/lib64/python3.9/site-packages/flask/app.py", line 891, in dispatch_request
    self.raise_routing_exception(req)
  File "/www/wwwroot/coinceeper.com/CC/venv/lib64/python3.9/site-packages/flask/app.py", line 500, in raise_routing_exception
    raise request.routing_exception  # type: ignore[misc]
  File "/www/wwwroot/coinceeper.com/CC/venv/lib64/python3.9/site-packages/flask/ctx.py", line 362, in match_request
    result = self.url_adapter.match(return_rule=True)  # type: ignore
  File "/www/wwwroot/coinceeper.com/CC/venv/lib64/python3.9/site-packages/werkzeug/routing/map.py", line 629, in match
    raise NotFound() from None
werkzeug.exceptions.NotFound: 404 Not Found: The requested URL was not found on the server. If you entered the URL manually please check your spelling and try again.

2025-08-01 03:35:27 - error_handlers - ERROR - Unexpected error: 404 Not Found: The requested URL was not found on the server. If you entered the URL manually please check your spelling and try again.
Traceback (most recent call last):
  File "/www/wwwroot/coinceeper.com/CC/venv/lib64/python3.9/site-packages/flask/app.py", line 917, in full_dispatch_request
    rv = self.dispatch_request()
  File "/www/wwwroot/coinceeper.com/CC/venv/lib64/python3.9/site-packages/flask/app.py", line 891, in dispatch_request
    self.raise_routing_exception(req)
  File "/www/wwwroot/coinceeper.com/CC/venv/lib64/python3.9/site-packages/flask/app.py", line 500, in raise_routing_exception
    raise request.routing_exception  # type: ignore[misc]
  File "/www/wwwroot/coinceeper.com/CC/venv/lib64/python3.9/site-packages/flask/ctx.py", line 362, in match_request
    result = self.url_adapter.match(return_rule=True)  # type: ignore
  File "/www/wwwroot/coinceeper.com/CC/venv/lib64/python3.9/site-packages/werkzeug/routing/map.py", line 629, in match
    raise NotFound() from None
werkzeug.exceptions.NotFound: 404 Not Found: The requested URL was not found on the server. If you entered the URL manually please check your spelling and try again.
2025-08-01 03:35:27 - error_handlers - ERROR - Error traceback: Traceback (most recent call last):
  File "/www/wwwroot/coinceeper.com/CC/venv/lib64/python3.9/site-packages/flask/app.py", line 917, in full_dispatch_request
    rv = self.dispatch_request()
  File "/www/wwwroot/coinceeper.com/CC/venv/lib64/python3.9/site-packages/flask/app.py", line 891, in dispatch_request
    self.raise_routing_exception(req)
  File "/www/wwwroot/coinceeper.com/CC/venv/lib64/python3.9/site-packages/flask/app.py", line 500, in raise_routing_exception
    raise request.routing_exception  # type: ignore[misc]
  File "/www/wwwroot/coinceeper.com/CC/venv/lib64/python3.9/site-packages/flask/ctx.py", line 362, in match_request
    result = self.url_adapter.match(return_rule=True)  # type: ignore
  File "/www/wwwroot/coinceeper.com/CC/venv/lib64/python3.9/site-packages/werkzeug/routing/map.py", line 629, in match
    raise NotFound() from None
werkzeug.exceptions.NotFound: 404 Not Found: The requested URL was not found on the server. If you entered the URL manually please check your spelling and try again.

2025-08-01 03:35:28 - error_handlers - ERROR - Unexpected error: 404 Not Found: The requested URL was not found on the server. If you entered the URL manually please check your spelling and try again.
Traceback (most recent call last):
  File "/www/wwwroot/coinceeper.com/CC/venv/lib64/python3.9/site-packages/flask/app.py", line 917, in full_dispatch_request
    rv = self.dispatch_request()
  File "/www/wwwroot/coinceeper.com/CC/venv/lib64/python3.9/site-packages/flask/app.py", line 891, in dispatch_request
    self.raise_routing_exception(req)
  File "/www/wwwroot/coinceeper.com/CC/venv/lib64/python3.9/site-packages/flask/app.py", line 500, in raise_routing_exception
    raise request.routing_exception  # type: ignore[misc]
  File "/www/wwwroot/coinceeper.com/CC/venv/lib64/python3.9/site-packages/flask/ctx.py", line 362, in match_request
    result = self.url_adapter.match(return_rule=True)  # type: ignore
  File "/www/wwwroot/coinceeper.com/CC/venv/lib64/python3.9/site-packages/werkzeug/routing/map.py", line 629, in match
    raise NotFound() from None
werkzeug.exceptions.NotFound: 404 Not Found: The requested URL was not found on the server. If you entered the URL manually please check your spelling and try again.
2025-08-01 03:35:28 - error_handlers - ERROR - Error traceback: Traceback (most recent call last):
  File "/www/wwwroot/coinceeper.com/CC/venv/lib64/python3.9/site-packages/flask/app.py", line 917, in full_dispatch_request
    rv = self.dispatch_request()
  File "/www/wwwroot/coinceeper.com/CC/venv/lib64/python3.9/site-packages/flask/app.py", line 891, in dispatch_request
    self.raise_routing_exception(req)
  File "/www/wwwroot/coinceeper.com/CC/venv/lib64/python3.9/site-packages/flask/app.py", line 500, in raise_routing_exception
    raise request.routing_exception  # type: ignore[misc]
  File "/www/wwwroot/coinceeper.com/CC/venv/lib64/python3.9/site-packages/flask/ctx.py", line 362, in match_request
    result = self.url_adapter.match(return_rule=True)  # type: ignore
  File "/www/wwwroot/coinceeper.com/CC/venv/lib64/python3.9/site-packages/werkzeug/routing/map.py", line 629, in match
    raise NotFound() from None
werkzeug.exceptions.NotFound: 404 Not Found: The requested URL was not found on the server. If you entered the URL manually please check your spelling and try again.

2025-08-01 03:35:30 - error_handlers - ERROR - Unexpected error: 404 Not Found: The requested URL was not found on the server. If you entered the URL manually please check your spelling and try again.
Traceback (most recent call last):
  File "/www/wwwroot/coinceeper.com/CC/venv/lib64/python3.9/site-packages/flask/app.py", line 917, in full_dispatch_request
    rv = self.dispatch_request()
  File "/www/wwwroot/coinceeper.com/CC/venv/lib64/python3.9/site-packages/flask/app.py", line 891, in dispatch_request
    self.raise_routing_exception(req)
  File "/www/wwwroot/coinceeper.com/CC/venv/lib64/python3.9/site-packages/flask/app.py", line 500, in raise_routing_exception
    raise request.routing_exception  # type: ignore[misc]
  File "/www/wwwroot/coinceeper.com/CC/venv/lib64/python3.9/site-packages/flask/ctx.py", line 362, in match_request
    result = self.url_adapter.match(return_rule=True)  # type: ignore
  File "/www/wwwroot/coinceeper.com/CC/venv/lib64/python3.9/site-packages/werkzeug/routing/map.py", line 629, in match
    raise NotFound() from None
werkzeug.exceptions.NotFound: 404 Not Found: The requested URL was not found on the server. If you entered the URL manually please check your spelling and try again.
2025-08-01 03:35:30 - error_handlers - ERROR - Error traceback: Traceback (most recent call last):
  File "/www/wwwroot/coinceeper.com/CC/venv/lib64/python3.9/site-packages/flask/app.py", line 917, in full_dispatch_request
    rv = self.dispatch_request()
  File "/www/wwwroot/coinceeper.com/CC/venv/lib64/python3.9/site-packages/flask/app.py", line 891, in dispatch_request
    self.raise_routing_exception(req)
  File "/www/wwwroot/coinceeper.com/CC/venv/lib64/python3.9/site-packages/flask/app.py", line 500, in raise_routing_exception
    raise request.routing_exception  # type: ignore[misc]
  File "/www/wwwroot/coinceeper.com/CC/venv/lib64/python3.9/site-packages/flask/ctx.py", line 362, in match_request
    result = self.url_adapter.match(return_rule=True)  # type: ignore
  File "/www/wwwroot/coinceeper.com/CC/venv/lib64/python3.9/site-packages/werkzeug/routing/map.py", line 629, in match
    raise NotFound() from None
werkzeug.exceptions.NotFound: 404 Not Found: The requested URL was not found on the server. If you entered the URL manually please check your spelling and try again.

2025-08-01 03:35:31 - error_handlers - ERROR - Unexpected error: 404 Not Found: The requested URL was not found on the server. If you entered the URL manually please check your spelling and try again.
Traceback (most recent call last):
  File "/www/wwwroot/coinceeper.com/CC/venv/lib64/python3.9/site-packages/flask/app.py", line 917, in full_dispatch_request
    rv = self.dispatch_request()
  File "/www/wwwroot/coinceeper.com/CC/venv/lib64/python3.9/site-packages/flask/app.py", line 891, in dispatch_request
    self.raise_routing_exception(req)
  File "/www/wwwroot/coinceeper.com/CC/venv/lib64/python3.9/site-packages/flask/app.py", line 500, in raise_routing_exception
    raise request.routing_exception  # type: ignore[misc]
  File "/www/wwwroot/coinceeper.com/CC/venv/lib64/python3.9/site-packages/flask/ctx.py", line 362, in match_request
    result = self.url_adapter.match(return_rule=True)  # type: ignore
  File "/www/wwwroot/coinceeper.com/CC/venv/lib64/python3.9/site-packages/werkzeug/routing/map.py", line 629, in match
    raise NotFound() from None
werkzeug.exceptions.NotFound: 404 Not Found: The requested URL was not found on the server. If you entered the URL manually please check your spelling and try again.
2025-08-01 03:35:31 - error_handlers - ERROR - Error traceback: Traceback (most recent call last):
  File "/www/wwwroot/coinceeper.com/CC/venv/lib64/python3.9/site-packages/flask/app.py", line 917, in full_dispatch_request
    rv = self.dispatch_request()
  File "/www/wwwroot/coinceeper.com/CC/venv/lib64/python3.9/site-packages/flask/app.py", line 891, in dispatch_request
    self.raise_routing_exception(req)
  File "/www/wwwroot/coinceeper.com/CC/venv/lib64/python3.9/site-packages/flask/app.py", line 500, in raise_routing_exception
    raise request.routing_exception  # type: ignore[misc]
  File "/www/wwwroot/coinceeper.com/CC/venv/lib64/python3.9/site-packages/flask/ctx.py", line 362, in match_request
    result = self.url_adapter.match(return_rule=True)  # type: ignore
  File "/www/wwwroot/coinceeper.com/CC/venv/lib64/python3.9/site-packages/werkzeug/routing/map.py", line 629, in match
    raise NotFound() from None
werkzeug.exceptions.NotFound: 404 Not Found: The requested URL was not found on the server. If you entered the URL manually please check your spelling and try again.

2025-08-01 03:35:32 - error_handlers - ERROR - Unexpected error: 404 Not Found: The requested URL was not found on the server. If you entered the URL manually please check your spelling and try again.
Traceback (most recent call last):
  File "/www/wwwroot/coinceeper.com/CC/venv/lib64/python3.9/site-packages/flask/app.py", line 917, in full_dispatch_request
    rv = self.dispatch_request()
  File "/www/wwwroot/coinceeper.com/CC/venv/lib64/python3.9/site-packages/flask/app.py", line 891, in dispatch_request
    self.raise_routing_exception(req)
  File "/www/wwwroot/coinceeper.com/CC/venv/lib64/python3.9/site-packages/flask/app.py", line 500, in raise_routing_exception
    raise request.routing_exception  # type: ignore[misc]
  File "/www/wwwroot/coinceeper.com/CC/venv/lib64/python3.9/site-packages/flask/ctx.py", line 362, in match_request
    result = self.url_adapter.match(return_rule=True)  # type: ignore
  File "/www/wwwroot/coinceeper.com/CC/venv/lib64/python3.9/site-packages/werkzeug/routing/map.py", line 629, in match
    raise NotFound() from None
werkzeug.exceptions.NotFound: 404 Not Found: The requested URL was not found on the server. If you entered the URL manually please check your spelling and try again.
2025-08-01 03:35:32 - error_handlers - ERROR - Error traceback: Traceback (most recent call last):
  File "/www/wwwroot/coinceeper.com/CC/venv/lib64/python3.9/site-packages/flask/app.py", line 917, in full_dispatch_request
    rv = self.dispatch_request()
  File "/www/wwwroot/coinceeper.com/CC/venv/lib64/python3.9/site-packages/flask/app.py", line 891, in dispatch_request
    self.raise_routing_exception(req)
  File "/www/wwwroot/coinceeper.com/CC/venv/lib64/python3.9/site-packages/flask/app.py", line 500, in raise_routing_exception
    raise request.routing_exception  # type: ignore[misc]
  File "/www/wwwroot/coinceeper.com/CC/venv/lib64/python3.9/site-packages/flask/ctx.py", line 362, in match_request
    result = self.url_adapter.match(return_rule=True)  # type: ignore
  File "/www/wwwroot/coinceeper.com/CC/venv/lib64/python3.9/site-packages/werkzeug/routing/map.py", line 629, in match
    raise NotFound() from None
werkzeug.exceptions.NotFound: 404 Not Found: The requested URL was not found on the server. If you entered the URL manually please check your spelling and try again.

2025-08-01 03:35:34 - error_handlers - ERROR - Unexpected error: 404 Not Found: The requested URL was not found on the server. If you entered the URL manually please check your spelling and try again.
Traceback (most recent call last):
  File "/www/wwwroot/coinceeper.com/CC/venv/lib64/python3.9/site-packages/flask/app.py", line 917, in full_dispatch_request
    rv = self.dispatch_request()
  File "/www/wwwroot/coinceeper.com/CC/venv/lib64/python3.9/site-packages/flask/app.py", line 891, in dispatch_request
    self.raise_routing_exception(req)
  File "/www/wwwroot/coinceeper.com/CC/venv/lib64/python3.9/site-packages/flask/app.py", line 500, in raise_routing_exception
    raise request.routing_exception  # type: ignore[misc]
  File "/www/wwwroot/coinceeper.com/CC/venv/lib64/python3.9/site-packages/flask/ctx.py", line 362, in match_request
    result = self.url_adapter.match(return_rule=True)  # type: ignore
  File "/www/wwwroot/coinceeper.com/CC/venv/lib64/python3.9/site-packages/werkzeug/routing/map.py", line 629, in match
    raise NotFound() from None
werkzeug.exceptions.NotFound: 404 Not Found: The requested URL was not found on the server. If you entered the URL manually please check your spelling and try again.
2025-08-01 03:35:34 - error_handlers - ERROR - Error traceback: Traceback (most recent call last):
  File "/www/wwwroot/coinceeper.com/CC/venv/lib64/python3.9/site-packages/flask/app.py", line 917, in full_dispatch_request
    rv = self.dispatch_request()
  File "/www/wwwroot/coinceeper.com/CC/venv/lib64/python3.9/site-packages/flask/app.py", line 891, in dispatch_request
    self.raise_routing_exception(req)
  File "/www/wwwroot/coinceeper.com/CC/venv/lib64/python3.9/site-packages/flask/app.py", line 500, in raise_routing_exception
    raise request.routing_exception  # type: ignore[misc]
  File "/www/wwwroot/coinceeper.com/CC/venv/lib64/python3.9/site-packages/flask/ctx.py", line 362, in match_request
    result = self.url_adapter.match(return_rule=True)  # type: ignore
  File "/www/wwwroot/coinceeper.com/CC/venv/lib64/python3.9/site-packages/werkzeug/routing/map.py", line 629, in match
    raise NotFound() from None
werkzeug.exceptions.NotFound: 404 Not Found: The requested URL was not found on the server. If you entered the URL manually please check your spelling and try again.

2025-08-01 03:35:35 - error_handlers - ERROR - Unexpected error: 404 Not Found: The requested URL was not found on the server. If you entered the URL manually please check your spelling and try again.
Traceback (most recent call last):
  File "/www/wwwroot/coinceeper.com/CC/venv/lib64/python3.9/site-packages/flask/app.py", line 917, in full_dispatch_request
    rv = self.dispatch_request()
  File "/www/wwwroot/coinceeper.com/CC/venv/lib64/python3.9/site-packages/flask/app.py", line 891, in dispatch_request
    self.raise_routing_exception(req)
  File "/www/wwwroot/coinceeper.com/CC/venv/lib64/python3.9/site-packages/flask/app.py", line 500, in raise_routing_exception
    raise request.routing_exception  # type: ignore[misc]
  File "/www/wwwroot/coinceeper.com/CC/venv/lib64/python3.9/site-packages/flask/ctx.py", line 362, in match_request
    result = self.url_adapter.match(return_rule=True)  # type: ignore
  File "/www/wwwroot/coinceeper.com/CC/venv/lib64/python3.9/site-packages/werkzeug/routing/map.py", line 629, in match
    raise NotFound() from None
werkzeug.exceptions.NotFound: 404 Not Found: The requested URL was not found on the server. If you entered the URL manually please check your spelling and try again.
2025-08-01 03:35:35 - error_handlers - ERROR - Error traceback: Traceback (most recent call last):
  File "/www/wwwroot/coinceeper.com/CC/venv/lib64/python3.9/site-packages/flask/app.py", line 917, in full_dispatch_request
    rv = self.dispatch_request()
  File "/www/wwwroot/coinceeper.com/CC/venv/lib64/python3.9/site-packages/flask/app.py", line 891, in dispatch_request
    self.raise_routing_exception(req)
  File "/www/wwwroot/coinceeper.com/CC/venv/lib64/python3.9/site-packages/flask/app.py", line 500, in raise_routing_exception
    raise request.routing_exception  # type: ignore[misc]
  File "/www/wwwroot/coinceeper.com/CC/venv/lib64/python3.9/site-packages/flask/ctx.py", line 362, in match_request
    result = self.url_adapter.match(return_rule=True)  # type: ignore
  File "/www/wwwroot/coinceeper.com/CC/venv/lib64/python3.9/site-packages/werkzeug/routing/map.py", line 629, in match
    raise NotFound() from None
werkzeug.exceptions.NotFound: 404 Not Found: The requested URL was not found on the server. If you entered the URL manually please check your spelling and try again.

2025-08-01 03:35:38 - error_handlers - ERROR - Unexpected error: 404 Not Found: The requested URL was not found on the server. If you entered the URL manually please check your spelling and try again.
Traceback (most recent call last):
  File "/www/wwwroot/coinceeper.com/CC/venv/lib64/python3.9/site-packages/flask/app.py", line 917, in full_dispatch_request
    rv = self.dispatch_request()
  File "/www/wwwroot/coinceeper.com/CC/venv/lib64/python3.9/site-packages/flask/app.py", line 891, in dispatch_request
    self.raise_routing_exception(req)
  File "/www/wwwroot/coinceeper.com/CC/venv/lib64/python3.9/site-packages/flask/app.py", line 500, in raise_routing_exception
    raise request.routing_exception  # type: ignore[misc]
  File "/www/wwwroot/coinceeper.com/CC/venv/lib64/python3.9/site-packages/flask/ctx.py", line 362, in match_request
    result = self.url_adapter.match(return_rule=True)  # type: ignore
  File "/www/wwwroot/coinceeper.com/CC/venv/lib64/python3.9/site-packages/werkzeug/routing/map.py", line 629, in match
    raise NotFound() from None
werkzeug.exceptions.NotFound: 404 Not Found: The requested URL was not found on the server. If you entered the URL manually please check your spelling and try again.
2025-08-01 03:35:38 - error_handlers - ERROR - Error traceback: Traceback (most recent call last):
  File "/www/wwwroot/coinceeper.com/CC/venv/lib64/python3.9/site-packages/flask/app.py", line 917, in full_dispatch_request
    rv = self.dispatch_request()
  File "/www/wwwroot/coinceeper.com/CC/venv/lib64/python3.9/site-packages/flask/app.py", line 891, in dispatch_request
    self.raise_routing_exception(req)
  File "/www/wwwroot/coinceeper.com/CC/venv/lib64/python3.9/site-packages/flask/app.py", line 500, in raise_routing_exception
    raise request.routing_exception  # type: ignore[misc]
  File "/www/wwwroot/coinceeper.com/CC/venv/lib64/python3.9/site-packages/flask/ctx.py", line 362, in match_request
    result = self.url_adapter.match(return_rule=True)  # type: ignore
  File "/www/wwwroot/coinceeper.com/CC/venv/lib64/python3.9/site-packages/werkzeug/routing/map.py", line 629, in match
    raise NotFound() from None
werkzeug.exceptions.NotFound: 404 Not Found: The requested URL was not found on the server. If you entered the URL manually please check your spelling and try again.

2025-08-01 03:35:39 - error_handlers - ERROR - Unexpected error: 404 Not Found: The requested URL was not found on the server. If you entered the URL manually please check your spelling and try again.
Traceback (most recent call last):
  File "/www/wwwroot/coinceeper.com/CC/venv/lib64/python3.9/site-packages/flask/app.py", line 917, in full_dispatch_request
    rv = self.dispatch_request()
  File "/www/wwwroot/coinceeper.com/CC/venv/lib64/python3.9/site-packages/flask/app.py", line 891, in dispatch_request
    self.raise_routing_exception(req)
  File "/www/wwwroot/coinceeper.com/CC/venv/lib64/python3.9/site-packages/flask/app.py", line 500, in raise_routing_exception
    raise request.routing_exception  # type: ignore[misc]
  File "/www/wwwroot/coinceeper.com/CC/venv/lib64/python3.9/site-packages/flask/ctx.py", line 362, in match_request
    result = self.url_adapter.match(return_rule=True)  # type: ignore
  File "/www/wwwroot/coinceeper.com/CC/venv/lib64/python3.9/site-packages/werkzeug/routing/map.py", line 629, in match
    raise NotFound() from None
werkzeug.exceptions.NotFound: 404 Not Found: The requested URL was not found on the server. If you entered the URL manually please check your spelling and try again.
2025-08-01 03:35:39 - error_handlers - ERROR - Error traceback: Traceback (most recent call last):
  File "/www/wwwroot/coinceeper.com/CC/venv/lib64/python3.9/site-packages/flask/app.py", line 917, in full_dispatch_request
    rv = self.dispatch_request()
  File "/www/wwwroot/coinceeper.com/CC/venv/lib64/python3.9/site-packages/flask/app.py", line 891, in dispatch_request
    self.raise_routing_exception(req)
  File "/www/wwwroot/coinceeper.com/CC/venv/lib64/python3.9/site-packages/flask/app.py", line 500, in raise_routing_exception
    raise request.routing_exception  # type: ignore[misc]
  File "/www/wwwroot/coinceeper.com/CC/venv/lib64/python3.9/site-packages/flask/ctx.py", line 362, in match_request
    result = self.url_adapter.match(return_rule=True)  # type: ignore
  File "/www/wwwroot/coinceeper.com/CC/venv/lib64/python3.9/site-packages/werkzeug/routing/map.py", line 629, in match
    raise NotFound() from None
werkzeug.exceptions.NotFound: 404 Not Found: The requested URL was not found on the server. If you entered the URL manually please check your spelling and try again.

2025-08-01 03:35:40 - error_handlers - ERROR - Unexpected error: 404 Not Found: The requested URL was not found on the server. If you entered the URL manually please check your spelling and try again.
Traceback (most recent call last):
  File "/www/wwwroot/coinceeper.com/CC/venv/lib64/python3.9/site-packages/flask/app.py", line 917, in full_dispatch_request
    rv = self.dispatch_request()
  File "/www/wwwroot/coinceeper.com/CC/venv/lib64/python3.9/site-packages/flask/app.py", line 891, in dispatch_request
    self.raise_routing_exception(req)
  File "/www/wwwroot/coinceeper.com/CC/venv/lib64/python3.9/site-packages/flask/app.py", line 500, in raise_routing_exception
    raise request.routing_exception  # type: ignore[misc]
  File "/www/wwwroot/coinceeper.com/CC/venv/lib64/python3.9/site-packages/flask/ctx.py", line 362, in match_request
    result = self.url_adapter.match(return_rule=True)  # type: ignore
  File "/www/wwwroot/coinceeper.com/CC/venv/lib64/python3.9/site-packages/werkzeug/routing/map.py", line 629, in match
    raise NotFound() from None
werkzeug.exceptions.NotFound: 404 Not Found: The requested URL was not found on the server. If you entered the URL manually please check your spelling and try again.
2025-08-01 03:35:40 - error_handlers - ERROR - Error traceback: Traceback (most recent call last):
  File "/www/wwwroot/coinceeper.com/CC/venv/lib64/python3.9/site-packages/flask/app.py", line 917, in full_dispatch_request
    rv = self.dispatch_request()
  File "/www/wwwroot/coinceeper.com/CC/venv/lib64/python3.9/site-packages/flask/app.py", line 891, in dispatch_request
    self.raise_routing_exception(req)
  File "/www/wwwroot/coinceeper.com/CC/venv/lib64/python3.9/site-packages/flask/app.py", line 500, in raise_routing_exception
    raise request.routing_exception  # type: ignore[misc]
  File "/www/wwwroot/coinceeper.com/CC/venv/lib64/python3.9/site-packages/flask/ctx.py", line 362, in match_request
    result = self.url_adapter.match(return_rule=True)  # type: ignore
  File "/www/wwwroot/coinceeper.com/CC/venv/lib64/python3.9/site-packages/werkzeug/routing/map.py", line 629, in match
    raise NotFound() from None
werkzeug.exceptions.NotFound: 404 Not Found: The requested URL was not found on the server. If you entered the URL manually please check your spelling and try again.

2025-08-01 03:35:42 - error_handlers - ERROR - Unexpected error: 404 Not Found: The requested URL was not found on the server. If you entered the URL manually please check your spelling and try again.
Traceback (most recent call last):
  File "/www/wwwroot/coinceeper.com/CC/venv/lib64/python3.9/site-packages/flask/app.py", line 917, in full_dispatch_request
    rv = self.dispatch_request()
  File "/www/wwwroot/coinceeper.com/CC/venv/lib64/python3.9/site-packages/flask/app.py", line 891, in dispatch_request
    self.raise_routing_exception(req)
  File "/www/wwwroot/coinceeper.com/CC/venv/lib64/python3.9/site-packages/flask/app.py", line 500, in raise_routing_exception
    raise request.routing_exception  # type: ignore[misc]
  File "/www/wwwroot/coinceeper.com/CC/venv/lib64/python3.9/site-packages/flask/ctx.py", line 362, in match_request
    result = self.url_adapter.match(return_rule=True)  # type: ignore
  File "/www/wwwroot/coinceeper.com/CC/venv/lib64/python3.9/site-packages/werkzeug/routing/map.py", line 629, in match
    raise NotFound() from None
werkzeug.exceptions.NotFound: 404 Not Found: The requested URL was not found on the server. If you entered the URL manually please check your spelling and try again.
2025-08-01 03:35:42 - error_handlers - ERROR - Error traceback: Traceback (most recent call last):
  File "/www/wwwroot/coinceeper.com/CC/venv/lib64/python3.9/site-packages/flask/app.py", line 917, in full_dispatch_request
    rv = self.dispatch_request()
  File "/www/wwwroot/coinceeper.com/CC/venv/lib64/python3.9/site-packages/flask/app.py", line 891, in dispatch_request
    self.raise_routing_exception(req)
  File "/www/wwwroot/coinceeper.com/CC/venv/lib64/python3.9/site-packages/flask/app.py", line 500, in raise_routing_exception
    raise request.routing_exception  # type: ignore[misc]
  File "/www/wwwroot/coinceeper.com/CC/venv/lib64/python3.9/site-packages/flask/ctx.py", line 362, in match_request
    result = self.url_adapter.match(return_rule=True)  # type: ignore
  File "/www/wwwroot/coinceeper.com/CC/venv/lib64/python3.9/site-packages/werkzeug/routing/map.py", line 629, in match
    raise NotFound() from None
werkzeug.exceptions.NotFound: 404 Not Found: The requested URL was not found on the server. If you entered the URL manually please check your spelling and try again.

2025-08-01 03:35:43 - error_handlers - ERROR - Unexpected error: 404 Not Found: The requested URL was not found on the server. If you entered the URL manually please check your spelling and try again.
Traceback (most recent call last):
  File "/www/wwwroot/coinceeper.com/CC/venv/lib64/python3.9/site-packages/flask/app.py", line 917, in full_dispatch_request
    rv = self.dispatch_request()
  File "/www/wwwroot/coinceeper.com/CC/venv/lib64/python3.9/site-packages/flask/app.py", line 891, in dispatch_request
    self.raise_routing_exception(req)
  File "/www/wwwroot/coinceeper.com/CC/venv/lib64/python3.9/site-packages/flask/app.py", line 500, in raise_routing_exception
    raise request.routing_exception  # type: ignore[misc]
  File "/www/wwwroot/coinceeper.com/CC/venv/lib64/python3.9/site-packages/flask/ctx.py", line 362, in match_request
    result = self.url_adapter.match(return_rule=True)  # type: ignore
  File "/www/wwwroot/coinceeper.com/CC/venv/lib64/python3.9/site-packages/werkzeug/routing/map.py", line 629, in match
    raise NotFound() from None
werkzeug.exceptions.NotFound: 404 Not Found: The requested URL was not found on the server. If you entered the URL manually please check your spelling and try again.
2025-08-01 03:35:43 - error_handlers - ERROR - Error traceback: Traceback (most recent call last):
  File "/www/wwwroot/coinceeper.com/CC/venv/lib64/python3.9/site-packages/flask/app.py", line 917, in full_dispatch_request
    rv = self.dispatch_request()
  File "/www/wwwroot/coinceeper.com/CC/venv/lib64/python3.9/site-packages/flask/app.py", line 891, in dispatch_request
    self.raise_routing_exception(req)
  File "/www/wwwroot/coinceeper.com/CC/venv/lib64/python3.9/site-packages/flask/app.py", line 500, in raise_routing_exception
    raise request.routing_exception  # type: ignore[misc]
  File "/www/wwwroot/coinceeper.com/CC/venv/lib64/python3.9/site-packages/flask/ctx.py", line 362, in match_request
    result = self.url_adapter.match(return_rule=True)  # type: ignore
  File "/www/wwwroot/coinceeper.com/CC/venv/lib64/python3.9/site-packages/werkzeug/routing/map.py", line 629, in match
    raise NotFound() from None
werkzeug.exceptions.NotFound: 404 Not Found: The requested URL was not found on the server. If you entered the URL manually please check your spelling and try again.

2025-08-01 03:35:45 - error_handlers - ERROR - Unexpected error: 404 Not Found: The requested URL was not found on the server. If you entered the URL manually please check your spelling and try again.
Traceback (most recent call last):
  File "/www/wwwroot/coinceeper.com/CC/venv/lib64/python3.9/site-packages/flask/app.py", line 917, in full_dispatch_request
    rv = self.dispatch_request()
  File "/www/wwwroot/coinceeper.com/CC/venv/lib64/python3.9/site-packages/flask/app.py", line 891, in dispatch_request
    self.raise_routing_exception(req)
  File "/www/wwwroot/coinceeper.com/CC/venv/lib64/python3.9/site-packages/flask/app.py", line 500, in raise_routing_exception
    raise request.routing_exception  # type: ignore[misc]
  File "/www/wwwroot/coinceeper.com/CC/venv/lib64/python3.9/site-packages/flask/ctx.py", line 362, in match_request
    result = self.url_adapter.match(return_rule=True)  # type: ignore
  File "/www/wwwroot/coinceeper.com/CC/venv/lib64/python3.9/site-packages/werkzeug/routing/map.py", line 629, in match
    raise NotFound() from None
werkzeug.exceptions.NotFound: 404 Not Found: The requested URL was not found on the server. If you entered the URL manually please check your spelling and try again.
2025-08-01 03:35:45 - error_handlers - ERROR - Error traceback: Traceback (most recent call last):
  File "/www/wwwroot/coinceeper.com/CC/venv/lib64/python3.9/site-packages/flask/app.py", line 917, in full_dispatch_request
    rv = self.dispatch_request()
  File "/www/wwwroot/coinceeper.com/CC/venv/lib64/python3.9/site-packages/flask/app.py", line 891, in dispatch_request
    self.raise_routing_exception(req)
  File "/www/wwwroot/coinceeper.com/CC/venv/lib64/python3.9/site-packages/flask/app.py", line 500, in raise_routing_exception
    raise request.routing_exception  # type: ignore[misc]
  File "/www/wwwroot/coinceeper.com/CC/venv/lib64/python3.9/site-packages/flask/ctx.py", line 362, in match_request
    result = self.url_adapter.match(return_rule=True)  # type: ignore
  File "/www/wwwroot/coinceeper.com/CC/venv/lib64/python3.9/site-packages/werkzeug/routing/map.py", line 629, in match
    raise NotFound() from None
werkzeug.exceptions.NotFound: 404 Not Found: The requested URL was not found on the server. If you entered the URL manually please check your spelling and try again.

2025-08-01 03:51:06 - error_handlers - ERROR - Unexpected error: 404 Not Found: The requested URL was not found on the server. If you entered the URL manually please check your spelling and try again.
Traceback (most recent call last):
  File "/www/wwwroot/coinceeper.com/CC/venv/lib64/python3.9/site-packages/flask/app.py", line 917, in full_dispatch_request
    rv = self.dispatch_request()
  File "/www/wwwroot/coinceeper.com/CC/venv/lib64/python3.9/site-packages/flask/app.py", line 891, in dispatch_request
    self.raise_routing_exception(req)
  File "/www/wwwroot/coinceeper.com/CC/venv/lib64/python3.9/site-packages/flask/app.py", line 500, in raise_routing_exception
    raise request.routing_exception  # type: ignore[misc]
  File "/www/wwwroot/coinceeper.com/CC/venv/lib64/python3.9/site-packages/flask/ctx.py", line 362, in match_request
    result = self.url_adapter.match(return_rule=True)  # type: ignore
  File "/www/wwwroot/coinceeper.com/CC/venv/lib64/python3.9/site-packages/werkzeug/routing/map.py", line 629, in match
    raise NotFound() from None
werkzeug.exceptions.NotFound: 404 Not Found: The requested URL was not found on the server. If you entered the URL manually please check your spelling and try again.
2025-08-01 03:51:06 - error_handlers - ERROR - Error traceback: Traceback (most recent call last):
  File "/www/wwwroot/coinceeper.com/CC/venv/lib64/python3.9/site-packages/flask/app.py", line 917, in full_dispatch_request
    rv = self.dispatch_request()
  File "/www/wwwroot/coinceeper.com/CC/venv/lib64/python3.9/site-packages/flask/app.py", line 891, in dispatch_request
    self.raise_routing_exception(req)
  File "/www/wwwroot/coinceeper.com/CC/venv/lib64/python3.9/site-packages/flask/app.py", line 500, in raise_routing_exception
    raise request.routing_exception  # type: ignore[misc]
  File "/www/wwwroot/coinceeper.com/CC/venv/lib64/python3.9/site-packages/flask/ctx.py", line 362, in match_request
    result = self.url_adapter.match(return_rule=True)  # type: ignore
  File "/www/wwwroot/coinceeper.com/CC/venv/lib64/python3.9/site-packages/werkzeug/routing/map.py", line 629, in match
    raise NotFound() from None
werkzeug.exceptions.NotFound: 404 Not Found: The requested URL was not found on the server. If you entered the URL manually please check your spelling and try again.

2025-08-01 04:17:58 - error_handlers - ERROR - Error in get_all_currencies: (mysql.connector.errors.DatabaseError) 2003 (HY000): Can't connect to MySQL server on 'localhost:3306' (111)
(Background on this error at: https://sqlalche.me/e/20/4xp6)
Traceback (most recent call last):
  File "/www/wwwroot/coinceeper.com/CC/venv/lib64/python3.9/site-packages/mysql/connector/connection_cext.py", line 354, in _open_connection
    self._cmysql.connect(**cnx_kwargs)
_mysql_connector.MySQLInterfaceError: Can't connect to MySQL server on 'localhost:3306' (111)

The above exception was the direct cause of the following exception:

Traceback (most recent call last):
  File "/www/wwwroot/coinceeper.com/CC/venv/lib64/python3.9/site-packages/sqlalchemy/engine/base.py", line 143, in __init__
    self._dbapi_connection = engine.raw_connection()
  File "/www/wwwroot/coinceeper.com/CC/venv/lib64/python3.9/site-packages/sqlalchemy/engine/base.py", line 3295, in raw_connection
    return self.pool.connect()
  File "/www/wwwroot/coinceeper.com/CC/venv/lib64/python3.9/site-packages/sqlalchemy/pool/base.py", line 447, in connect
    return _ConnectionFairy._checkout(self)
  File "/www/wwwroot/coinceeper.com/CC/venv/lib64/python3.9/site-packages/sqlalchemy/pool/base.py", line 1264, in _checkout
    fairy = _ConnectionRecord.checkout(pool)
  File "/www/wwwroot/coinceeper.com/CC/venv/lib64/python3.9/site-packages/sqlalchemy/pool/base.py", line 717, in checkout
    rec._checkin_failed(err, _fairy_was_created=False)
  File "/www/wwwroot/coinceeper.com/CC/venv/lib64/python3.9/site-packages/sqlalchemy/util/langhelpers.py", line 224, in __exit__
    raise exc_value.with_traceback(exc_tb)
  File "/www/wwwroot/coinceeper.com/CC/venv/lib64/python3.9/site-packages/sqlalchemy/pool/base.py", line 714, in checkout
    dbapi_connection = rec.get_connection()
  File "/www/wwwroot/coinceeper.com/CC/venv/lib64/python3.9/site-packages/sqlalchemy/pool/base.py", line 865, in get_connection
    self.__connect()
  File "/www/wwwroot/coinceeper.com/CC/venv/lib64/python3.9/site-packages/sqlalchemy/pool/base.py", line 900, in __connect
    pool.logger.debug("Error on connect(): %s", e)
  File "/www/wwwroot/coinceeper.com/CC/venv/lib64/python3.9/site-packages/sqlalchemy/util/langhelpers.py", line 224, in __exit__
    raise exc_value.with_traceback(exc_tb)
  File "/www/wwwroot/coinceeper.com/CC/venv/lib64/python3.9/site-packages/sqlalchemy/pool/base.py", line 895, in __connect
    self.dbapi_connection = connection = pool._invoke_creator(self)
  File "/www/wwwroot/coinceeper.com/CC/venv/lib64/python3.9/site-packages/sqlalchemy/engine/create.py", line 646, in connect
    return dialect.connect(*cargs, **cparams)
  File "/www/wwwroot/coinceeper.com/CC/venv/lib64/python3.9/site-packages/sqlalchemy/engine/default.py", line 626, in connect
    return self.loaded_dbapi.connect(*cargs, **cparams)  # type: ignore[no-any-return]  # NOQA: E501
  File "/www/wwwroot/coinceeper.com/CC/venv/lib64/python3.9/site-packages/mysql/connector/pooling.py", line 322, in connect
    return CMySQLConnection(*args, **kwargs)
  File "/www/wwwroot/coinceeper.com/CC/venv/lib64/python3.9/site-packages/mysql/connector/connection_cext.py", line 142, in __init__
    self.connect(**kwargs)
  File "/www/wwwroot/coinceeper.com/CC/venv/lib64/python3.9/site-packages/mysql/connector/abstracts.py", line 1604, in connect
    self._open_connection()
  File "/www/wwwroot/coinceeper.com/CC/venv/lib64/python3.9/site-packages/mysql/connector/connection_cext.py", line 360, in _open_connection
    raise get_mysql_exception(
mysql.connector.errors.DatabaseError: 2003 (HY000): Can't connect to MySQL server on 'localhost:3306' (111)

The above exception was the direct cause of the following exception:

Traceback (most recent call last):
  File "/www/wwwroot/coinceeper.com/CC/utils/error_handlers.py", line 119, in decorated_function
    return f(*args, **kwargs)
  File "/www/wwwroot/coinceeper.com/CC/Currencies/All_Currencies.py", line 46, in get_all_currencies
    currencies_query = session.query(
  File "/www/wwwroot/coinceeper.com/CC/venv/lib64/python3.9/site-packages/sqlalchemy/orm/query.py", line 2704, in all
    return self._iter().all()  # type: ignore
  File "/www/wwwroot/coinceeper.com/CC/venv/lib64/python3.9/site-packages/sqlalchemy/orm/query.py", line 2857, in _iter
    result: Union[ScalarResult[_T], Result[_T]] = self.session.execute(
  File "/www/wwwroot/coinceeper.com/CC/venv/lib64/python3.9/site-packages/sqlalchemy/orm/session.py", line 2365, in execute
    return self._execute_internal(
  File "/www/wwwroot/coinceeper.com/CC/venv/lib64/python3.9/site-packages/sqlalchemy/orm/session.py", line 2241, in _execute_internal
    conn = self._connection_for_bind(bind)
  File "/www/wwwroot/coinceeper.com/CC/venv/lib64/python3.9/site-packages/sqlalchemy/orm/session.py", line 2110, in _connection_for_bind
    return trans._connection_for_bind(engine, execution_options)
  File "<string>", line 2, in _connection_for_bind
  File "/www/wwwroot/coinceeper.com/CC/venv/lib64/python3.9/site-packages/sqlalchemy/orm/state_changes.py", line 137, in _go
    ret_value = fn(self, *arg, **kw)
  File "/www/wwwroot/coinceeper.com/CC/venv/lib64/python3.9/site-packages/sqlalchemy/orm/session.py", line 1189, in _connection_for_bind
    conn = bind.connect()
  File "/www/wwwroot/coinceeper.com/CC/venv/lib64/python3.9/site-packages/sqlalchemy/engine/base.py", line 3271, in connect
    return self._connection_cls(self)
  File "/www/wwwroot/coinceeper.com/CC/venv/lib64/python3.9/site-packages/sqlalchemy/engine/base.py", line 145, in __init__
    Connection._handle_dbapi_exception_noconnection(
  File "/www/wwwroot/coinceeper.com/CC/venv/lib64/python3.9/site-packages/sqlalchemy/engine/base.py", line 2434, in _handle_dbapi_exception_noconnection
    raise sqlalchemy_exception.with_traceback(exc_info[2]) from e
  File "/www/wwwroot/coinceeper.com/CC/venv/lib64/python3.9/site-packages/sqlalchemy/engine/base.py", line 143, in __init__
    self._dbapi_connection = engine.raw_connection()
  File "/www/wwwroot/coinceeper.com/CC/venv/lib64/python3.9/site-packages/sqlalchemy/engine/base.py", line 3295, in raw_connection
    return self.pool.connect()
  File "/www/wwwroot/coinceeper.com/CC/venv/lib64/python3.9/site-packages/sqlalchemy/pool/base.py", line 447, in connect
    return _ConnectionFairy._checkout(self)
  File "/www/wwwroot/coinceeper.com/CC/venv/lib64/python3.9/site-packages/sqlalchemy/pool/base.py", line 1264, in _checkout
    fairy = _ConnectionRecord.checkout(pool)
  File "/www/wwwroot/coinceeper.com/CC/venv/lib64/python3.9/site-packages/sqlalchemy/pool/base.py", line 717, in checkout
    rec._checkin_failed(err, _fairy_was_created=False)
  File "/www/wwwroot/coinceeper.com/CC/venv/lib64/python3.9/site-packages/sqlalchemy/util/langhelpers.py", line 224, in __exit__
    raise exc_value.with_traceback(exc_tb)
  File "/www/wwwroot/coinceeper.com/CC/venv/lib64/python3.9/site-packages/sqlalchemy/pool/base.py", line 714, in checkout
    dbapi_connection = rec.get_connection()
  File "/www/wwwroot/coinceeper.com/CC/venv/lib64/python3.9/site-packages/sqlalchemy/pool/base.py", line 865, in get_connection
    self.__connect()
  File "/www/wwwroot/coinceeper.com/CC/venv/lib64/python3.9/site-packages/sqlalchemy/pool/base.py", line 900, in __connect
    pool.logger.debug("Error on connect(): %s", e)
  File "/www/wwwroot/coinceeper.com/CC/venv/lib64/python3.9/site-packages/sqlalchemy/util/langhelpers.py", line 224, in __exit__
    raise exc_value.with_traceback(exc_tb)
  File "/www/wwwroot/coinceeper.com/CC/venv/lib64/python3.9/site-packages/sqlalchemy/pool/base.py", line 895, in __connect
    self.dbapi_connection = connection = pool._invoke_creator(self)
  File "/www/wwwroot/coinceeper.com/CC/venv/lib64/python3.9/site-packages/sqlalchemy/engine/create.py", line 646, in connect
    return dialect.connect(*cargs, **cparams)
  File "/www/wwwroot/coinceeper.com/CC/venv/lib64/python3.9/site-packages/sqlalchemy/engine/default.py", line 626, in connect
    return self.loaded_dbapi.connect(*cargs, **cparams)  # type: ignore[no-any-return]  # NOQA: E501
  File "/www/wwwroot/coinceeper.com/CC/venv/lib64/python3.9/site-packages/mysql/connector/pooling.py", line 322, in connect
    return CMySQLConnection(*args, **kwargs)
  File "/www/wwwroot/coinceeper.com/CC/venv/lib64/python3.9/site-packages/mysql/connector/connection_cext.py", line 142, in __init__
    self.connect(**kwargs)
  File "/www/wwwroot/coinceeper.com/CC/venv/lib64/python3.9/site-packages/mysql/connector/abstracts.py", line 1604, in connect
    self._open_connection()
  File "/www/wwwroot/coinceeper.com/CC/venv/lib64/python3.9/site-packages/mysql/connector/connection_cext.py", line 360, in _open_connection
    raise get_mysql_exception(
sqlalchemy.exc.DatabaseError: (mysql.connector.errors.DatabaseError) 2003 (HY000): Can't connect to MySQL server on 'localhost:3306' (111)
(Background on this error at: https://sqlalche.me/e/20/4xp6)
2025-08-01 04:17:58 - error_handlers - ERROR - Database error: (mysql.connector.errors.DatabaseError) 2003 (HY000): Can't connect to MySQL server on 'localhost:3306' (111)
(Background on this error at: https://sqlalche.me/e/20/4xp6)
Traceback (most recent call last):
  File "/www/wwwroot/coinceeper.com/CC/venv/lib64/python3.9/site-packages/mysql/connector/connection_cext.py", line 354, in _open_connection
    self._cmysql.connect(**cnx_kwargs)
_mysql_connector.MySQLInterfaceError: Can't connect to MySQL server on 'localhost:3306' (111)

The above exception was the direct cause of the following exception:

Traceback (most recent call last):
  File "/www/wwwroot/coinceeper.com/CC/venv/lib64/python3.9/site-packages/sqlalchemy/engine/base.py", line 143, in __init__
    self._dbapi_connection = engine.raw_connection()
  File "/www/wwwroot/coinceeper.com/CC/venv/lib64/python3.9/site-packages/sqlalchemy/engine/base.py", line 3295, in raw_connection
    return self.pool.connect()
  File "/www/wwwroot/coinceeper.com/CC/venv/lib64/python3.9/site-packages/sqlalchemy/pool/base.py", line 447, in connect
    return _ConnectionFairy._checkout(self)
  File "/www/wwwroot/coinceeper.com/CC/venv/lib64/python3.9/site-packages/sqlalchemy/pool/base.py", line 1264, in _checkout
    fairy = _ConnectionRecord.checkout(pool)
  File "/www/wwwroot/coinceeper.com/CC/venv/lib64/python3.9/site-packages/sqlalchemy/pool/base.py", line 717, in checkout
    rec._checkin_failed(err, _fairy_was_created=False)
  File "/www/wwwroot/coinceeper.com/CC/venv/lib64/python3.9/site-packages/sqlalchemy/util/langhelpers.py", line 224, in __exit__
    raise exc_value.with_traceback(exc_tb)
  File "/www/wwwroot/coinceeper.com/CC/venv/lib64/python3.9/site-packages/sqlalchemy/pool/base.py", line 714, in checkout
    dbapi_connection = rec.get_connection()
  File "/www/wwwroot/coinceeper.com/CC/venv/lib64/python3.9/site-packages/sqlalchemy/pool/base.py", line 865, in get_connection
    self.__connect()
  File "/www/wwwroot/coinceeper.com/CC/venv/lib64/python3.9/site-packages/sqlalchemy/pool/base.py", line 900, in __connect
    pool.logger.debug("Error on connect(): %s", e)
  File "/www/wwwroot/coinceeper.com/CC/venv/lib64/python3.9/site-packages/sqlalchemy/util/langhelpers.py", line 224, in __exit__
    raise exc_value.with_traceback(exc_tb)
  File "/www/wwwroot/coinceeper.com/CC/venv/lib64/python3.9/site-packages/sqlalchemy/pool/base.py", line 895, in __connect
    self.dbapi_connection = connection = pool._invoke_creator(self)
  File "/www/wwwroot/coinceeper.com/CC/venv/lib64/python3.9/site-packages/sqlalchemy/engine/create.py", line 646, in connect
    return dialect.connect(*cargs, **cparams)
  File "/www/wwwroot/coinceeper.com/CC/venv/lib64/python3.9/site-packages/sqlalchemy/engine/default.py", line 626, in connect
    return self.loaded_dbapi.connect(*cargs, **cparams)  # type: ignore[no-any-return]  # NOQA: E501
  File "/www/wwwroot/coinceeper.com/CC/venv/lib64/python3.9/site-packages/mysql/connector/pooling.py", line 322, in connect
    return CMySQLConnection(*args, **kwargs)
  File "/www/wwwroot/coinceeper.com/CC/venv/lib64/python3.9/site-packages/mysql/connector/connection_cext.py", line 142, in __init__
    self.connect(**kwargs)
  File "/www/wwwroot/coinceeper.com/CC/venv/lib64/python3.9/site-packages/mysql/connector/abstracts.py", line 1604, in connect
    self._open_connection()
  File "/www/wwwroot/coinceeper.com/CC/venv/lib64/python3.9/site-packages/mysql/connector/connection_cext.py", line 360, in _open_connection
    raise get_mysql_exception(
mysql.connector.errors.DatabaseError: 2003 (HY000): Can't connect to MySQL server on 'localhost:3306' (111)

The above exception was the direct cause of the following exception:

Traceback (most recent call last):
  File "/www/wwwroot/coinceeper.com/CC/utils/error_handlers.py", line 119, in decorated_function
    return f(*args, **kwargs)
  File "/www/wwwroot/coinceeper.com/CC/Currencies/All_Currencies.py", line 46, in get_all_currencies
    currencies_query = session.query(
  File "/www/wwwroot/coinceeper.com/CC/venv/lib64/python3.9/site-packages/sqlalchemy/orm/query.py", line 2704, in all
    return self._iter().all()  # type: ignore
  File "/www/wwwroot/coinceeper.com/CC/venv/lib64/python3.9/site-packages/sqlalchemy/orm/query.py", line 2857, in _iter
    result: Union[ScalarResult[_T], Result[_T]] = self.session.execute(
  File "/www/wwwroot/coinceeper.com/CC/venv/lib64/python3.9/site-packages/sqlalchemy/orm/session.py", line 2365, in execute
    return self._execute_internal(
  File "/www/wwwroot/coinceeper.com/CC/venv/lib64/python3.9/site-packages/sqlalchemy/orm/session.py", line 2241, in _execute_internal
    conn = self._connection_for_bind(bind)
  File "/www/wwwroot/coinceeper.com/CC/venv/lib64/python3.9/site-packages/sqlalchemy/orm/session.py", line 2110, in _connection_for_bind
    return trans._connection_for_bind(engine, execution_options)
  File "<string>", line 2, in _connection_for_bind
  File "/www/wwwroot/coinceeper.com/CC/venv/lib64/python3.9/site-packages/sqlalchemy/orm/state_changes.py", line 137, in _go
    ret_value = fn(self, *arg, **kw)
  File "/www/wwwroot/coinceeper.com/CC/venv/lib64/python3.9/site-packages/sqlalchemy/orm/session.py", line 1189, in _connection_for_bind
    conn = bind.connect()
  File "/www/wwwroot/coinceeper.com/CC/venv/lib64/python3.9/site-packages/sqlalchemy/engine/base.py", line 3271, in connect
    return self._connection_cls(self)
  File "/www/wwwroot/coinceeper.com/CC/venv/lib64/python3.9/site-packages/sqlalchemy/engine/base.py", line 145, in __init__
    Connection._handle_dbapi_exception_noconnection(
  File "/www/wwwroot/coinceeper.com/CC/venv/lib64/python3.9/site-packages/sqlalchemy/engine/base.py", line 2434, in _handle_dbapi_exception_noconnection
    raise sqlalchemy_exception.with_traceback(exc_info[2]) from e
  File "/www/wwwroot/coinceeper.com/CC/venv/lib64/python3.9/site-packages/sqlalchemy/engine/base.py", line 143, in __init__
    self._dbapi_connection = engine.raw_connection()
  File "/www/wwwroot/coinceeper.com/CC/venv/lib64/python3.9/site-packages/sqlalchemy/engine/base.py", line 3295, in raw_connection
    return self.pool.connect()
  File "/www/wwwroot/coinceeper.com/CC/venv/lib64/python3.9/site-packages/sqlalchemy/pool/base.py", line 447, in connect
    return _ConnectionFairy._checkout(self)
  File "/www/wwwroot/coinceeper.com/CC/venv/lib64/python3.9/site-packages/sqlalchemy/pool/base.py", line 1264, in _checkout
    fairy = _ConnectionRecord.checkout(pool)
  File "/www/wwwroot/coinceeper.com/CC/venv/lib64/python3.9/site-packages/sqlalchemy/pool/base.py", line 717, in checkout
    rec._checkin_failed(err, _fairy_was_created=False)
  File "/www/wwwroot/coinceeper.com/CC/venv/lib64/python3.9/site-packages/sqlalchemy/util/langhelpers.py", line 224, in __exit__
    raise exc_value.with_traceback(exc_tb)
  File "/www/wwwroot/coinceeper.com/CC/venv/lib64/python3.9/site-packages/sqlalchemy/pool/base.py", line 714, in checkout
    dbapi_connection = rec.get_connection()
  File "/www/wwwroot/coinceeper.com/CC/venv/lib64/python3.9/site-packages/sqlalchemy/pool/base.py", line 865, in get_connection
    self.__connect()
  File "/www/wwwroot/coinceeper.com/CC/venv/lib64/python3.9/site-packages/sqlalchemy/pool/base.py", line 900, in __connect
    pool.logger.debug("Error on connect(): %s", e)
  File "/www/wwwroot/coinceeper.com/CC/venv/lib64/python3.9/site-packages/sqlalchemy/util/langhelpers.py", line 224, in __exit__
    raise exc_value.with_traceback(exc_tb)
  File "/www/wwwroot/coinceeper.com/CC/venv/lib64/python3.9/site-packages/sqlalchemy/pool/base.py", line 895, in __connect
    self.dbapi_connection = connection = pool._invoke_creator(self)
  File "/www/wwwroot/coinceeper.com/CC/venv/lib64/python3.9/site-packages/sqlalchemy/engine/create.py", line 646, in connect
    return dialect.connect(*cargs, **cparams)
  File "/www/wwwroot/coinceeper.com/CC/venv/lib64/python3.9/site-packages/sqlalchemy/engine/default.py", line 626, in connect
    return self.loaded_dbapi.connect(*cargs, **cparams)  # type: ignore[no-any-return]  # NOQA: E501
  File "/www/wwwroot/coinceeper.com/CC/venv/lib64/python3.9/site-packages/mysql/connector/pooling.py", line 322, in connect
    return CMySQLConnection(*args, **kwargs)
  File "/www/wwwroot/coinceeper.com/CC/venv/lib64/python3.9/site-packages/mysql/connector/connection_cext.py", line 142, in __init__
    self.connect(**kwargs)
  File "/www/wwwroot/coinceeper.com/CC/venv/lib64/python3.9/site-packages/mysql/connector/abstracts.py", line 1604, in connect
    self._open_connection()
  File "/www/wwwroot/coinceeper.com/CC/venv/lib64/python3.9/site-packages/mysql/connector/connection_cext.py", line 360, in _open_connection
    raise get_mysql_exception(
sqlalchemy.exc.DatabaseError: (mysql.connector.errors.DatabaseError) 2003 (HY000): Can't connect to MySQL server on 'localhost:3306' (111)
(Background on this error at: https://sqlalche.me/e/20/4xp6)
2025-08-01 04:44:46 - error_handlers - ERROR - Unexpected error: 404 Not Found: The requested URL was not found on the server. If you entered the URL manually please check your spelling and try again.
Traceback (most recent call last):
  File "/www/wwwroot/coinceeper.com/CC/venv/lib64/python3.9/site-packages/flask/app.py", line 917, in full_dispatch_request
    rv = self.dispatch_request()
  File "/www/wwwroot/coinceeper.com/CC/venv/lib64/python3.9/site-packages/flask/app.py", line 891, in dispatch_request
    self.raise_routing_exception(req)
  File "/www/wwwroot/coinceeper.com/CC/venv/lib64/python3.9/site-packages/flask/app.py", line 500, in raise_routing_exception
    raise request.routing_exception  # type: ignore[misc]
  File "/www/wwwroot/coinceeper.com/CC/venv/lib64/python3.9/site-packages/flask/ctx.py", line 362, in match_request
    result = self.url_adapter.match(return_rule=True)  # type: ignore
  File "/www/wwwroot/coinceeper.com/CC/venv/lib64/python3.9/site-packages/werkzeug/routing/map.py", line 629, in match
    raise NotFound() from None
werkzeug.exceptions.NotFound: 404 Not Found: The requested URL was not found on the server. If you entered the URL manually please check your spelling and try again.
2025-08-01 04:44:46 - error_handlers - ERROR - Error traceback: Traceback (most recent call last):
  File "/www/wwwroot/coinceeper.com/CC/venv/lib64/python3.9/site-packages/flask/app.py", line 917, in full_dispatch_request
    rv = self.dispatch_request()
  File "/www/wwwroot/coinceeper.com/CC/venv/lib64/python3.9/site-packages/flask/app.py", line 891, in dispatch_request
    self.raise_routing_exception(req)
  File "/www/wwwroot/coinceeper.com/CC/venv/lib64/python3.9/site-packages/flask/app.py", line 500, in raise_routing_exception
    raise request.routing_exception  # type: ignore[misc]
  File "/www/wwwroot/coinceeper.com/CC/venv/lib64/python3.9/site-packages/flask/ctx.py", line 362, in match_request
    result = self.url_adapter.match(return_rule=True)  # type: ignore
  File "/www/wwwroot/coinceeper.com/CC/venv/lib64/python3.9/site-packages/werkzeug/routing/map.py", line 629, in match
    raise NotFound() from None
werkzeug.exceptions.NotFound: 404 Not Found: The requested URL was not found on the server. If you entered the URL manually please check your spelling and try again.

2025-08-01 04:50:45 - error_handlers - ERROR - Error in get_all_currencies: (mysql.connector.errors.DatabaseError) 2003 (HY000): Can't connect to MySQL server on 'localhost:3306' (111)
(Background on this error at: https://sqlalche.me/e/20/4xp6)
Traceback (most recent call last):
  File "/www/wwwroot/coinceeper.com/CC/venv/lib64/python3.9/site-packages/mysql/connector/connection_cext.py", line 354, in _open_connection
    self._cmysql.connect(**cnx_kwargs)
_mysql_connector.MySQLInterfaceError: Can't connect to MySQL server on 'localhost:3306' (111)

The above exception was the direct cause of the following exception:

Traceback (most recent call last):
  File "/www/wwwroot/coinceeper.com/CC/venv/lib64/python3.9/site-packages/sqlalchemy/engine/base.py", line 143, in __init__
    self._dbapi_connection = engine.raw_connection()
  File "/www/wwwroot/coinceeper.com/CC/venv/lib64/python3.9/site-packages/sqlalchemy/engine/base.py", line 3295, in raw_connection
    return self.pool.connect()
  File "/www/wwwroot/coinceeper.com/CC/venv/lib64/python3.9/site-packages/sqlalchemy/pool/base.py", line 447, in connect
    return _ConnectionFairy._checkout(self)
  File "/www/wwwroot/coinceeper.com/CC/venv/lib64/python3.9/site-packages/sqlalchemy/pool/base.py", line 1264, in _checkout
    fairy = _ConnectionRecord.checkout(pool)
  File "/www/wwwroot/coinceeper.com/CC/venv/lib64/python3.9/site-packages/sqlalchemy/pool/base.py", line 717, in checkout
    rec._checkin_failed(err, _fairy_was_created=False)
  File "/www/wwwroot/coinceeper.com/CC/venv/lib64/python3.9/site-packages/sqlalchemy/util/langhelpers.py", line 224, in __exit__
    raise exc_value.with_traceback(exc_tb)
  File "/www/wwwroot/coinceeper.com/CC/venv/lib64/python3.9/site-packages/sqlalchemy/pool/base.py", line 714, in checkout
    dbapi_connection = rec.get_connection()
  File "/www/wwwroot/coinceeper.com/CC/venv/lib64/python3.9/site-packages/sqlalchemy/pool/base.py", line 836, in get_connection
    self.__connect()
  File "/www/wwwroot/coinceeper.com/CC/venv/lib64/python3.9/site-packages/sqlalchemy/pool/base.py", line 900, in __connect
    pool.logger.debug("Error on connect(): %s", e)
  File "/www/wwwroot/coinceeper.com/CC/venv/lib64/python3.9/site-packages/sqlalchemy/util/langhelpers.py", line 224, in __exit__
    raise exc_value.with_traceback(exc_tb)
  File "/www/wwwroot/coinceeper.com/CC/venv/lib64/python3.9/site-packages/sqlalchemy/pool/base.py", line 895, in __connect
    self.dbapi_connection = connection = pool._invoke_creator(self)
  File "/www/wwwroot/coinceeper.com/CC/venv/lib64/python3.9/site-packages/sqlalchemy/engine/create.py", line 646, in connect
    return dialect.connect(*cargs, **cparams)
  File "/www/wwwroot/coinceeper.com/CC/venv/lib64/python3.9/site-packages/sqlalchemy/engine/default.py", line 626, in connect
    return self.loaded_dbapi.connect(*cargs, **cparams)  # type: ignore[no-any-return]  # NOQA: E501
  File "/www/wwwroot/coinceeper.com/CC/venv/lib64/python3.9/site-packages/mysql/connector/pooling.py", line 322, in connect
    return CMySQLConnection(*args, **kwargs)
  File "/www/wwwroot/coinceeper.com/CC/venv/lib64/python3.9/site-packages/mysql/connector/connection_cext.py", line 142, in __init__
    self.connect(**kwargs)
  File "/www/wwwroot/coinceeper.com/CC/venv/lib64/python3.9/site-packages/mysql/connector/abstracts.py", line 1604, in connect
    self._open_connection()
  File "/www/wwwroot/coinceeper.com/CC/venv/lib64/python3.9/site-packages/mysql/connector/connection_cext.py", line 360, in _open_connection
    raise get_mysql_exception(
mysql.connector.errors.DatabaseError: 2003 (HY000): Can't connect to MySQL server on 'localhost:3306' (111)

The above exception was the direct cause of the following exception:

Traceback (most recent call last):
  File "/www/wwwroot/coinceeper.com/CC/utils/error_handlers.py", line 119, in decorated_function
    return f(*args, **kwargs)
  File "/www/wwwroot/coinceeper.com/CC/Currencies/All_Currencies.py", line 46, in get_all_currencies
    currencies_query = session.query(
  File "/www/wwwroot/coinceeper.com/CC/venv/lib64/python3.9/site-packages/sqlalchemy/orm/query.py", line 2704, in all
    return self._iter().all()  # type: ignore
  File "/www/wwwroot/coinceeper.com/CC/venv/lib64/python3.9/site-packages/sqlalchemy/orm/query.py", line 2857, in _iter
    result: Union[ScalarResult[_T], Result[_T]] = self.session.execute(
  File "/www/wwwroot/coinceeper.com/CC/venv/lib64/python3.9/site-packages/sqlalchemy/orm/session.py", line 2365, in execute
    return self._execute_internal(
  File "/www/wwwroot/coinceeper.com/CC/venv/lib64/python3.9/site-packages/sqlalchemy/orm/session.py", line 2241, in _execute_internal
    conn = self._connection_for_bind(bind)
  File "/www/wwwroot/coinceeper.com/CC/venv/lib64/python3.9/site-packages/sqlalchemy/orm/session.py", line 2110, in _connection_for_bind
    return trans._connection_for_bind(engine, execution_options)
  File "<string>", line 2, in _connection_for_bind
  File "/www/wwwroot/coinceeper.com/CC/venv/lib64/python3.9/site-packages/sqlalchemy/orm/state_changes.py", line 137, in _go
    ret_value = fn(self, *arg, **kw)
  File "/www/wwwroot/coinceeper.com/CC/venv/lib64/python3.9/site-packages/sqlalchemy/orm/session.py", line 1189, in _connection_for_bind
    conn = bind.connect()
  File "/www/wwwroot/coinceeper.com/CC/venv/lib64/python3.9/site-packages/sqlalchemy/engine/base.py", line 3271, in connect
    return self._connection_cls(self)
  File "/www/wwwroot/coinceeper.com/CC/venv/lib64/python3.9/site-packages/sqlalchemy/engine/base.py", line 145, in __init__
    Connection._handle_dbapi_exception_noconnection(
  File "/www/wwwroot/coinceeper.com/CC/venv/lib64/python3.9/site-packages/sqlalchemy/engine/base.py", line 2434, in _handle_dbapi_exception_noconnection
    raise sqlalchemy_exception.with_traceback(exc_info[2]) from e
  File "/www/wwwroot/coinceeper.com/CC/venv/lib64/python3.9/site-packages/sqlalchemy/engine/base.py", line 143, in __init__
    self._dbapi_connection = engine.raw_connection()
  File "/www/wwwroot/coinceeper.com/CC/venv/lib64/python3.9/site-packages/sqlalchemy/engine/base.py", line 3295, in raw_connection
    return self.pool.connect()
  File "/www/wwwroot/coinceeper.com/CC/venv/lib64/python3.9/site-packages/sqlalchemy/pool/base.py", line 447, in connect
    return _ConnectionFairy._checkout(self)
  File "/www/wwwroot/coinceeper.com/CC/venv/lib64/python3.9/site-packages/sqlalchemy/pool/base.py", line 1264, in _checkout
    fairy = _ConnectionRecord.checkout(pool)
  File "/www/wwwroot/coinceeper.com/CC/venv/lib64/python3.9/site-packages/sqlalchemy/pool/base.py", line 717, in checkout
    rec._checkin_failed(err, _fairy_was_created=False)
  File "/www/wwwroot/coinceeper.com/CC/venv/lib64/python3.9/site-packages/sqlalchemy/util/langhelpers.py", line 224, in __exit__
    raise exc_value.with_traceback(exc_tb)
  File "/www/wwwroot/coinceeper.com/CC/venv/lib64/python3.9/site-packages/sqlalchemy/pool/base.py", line 714, in checkout
    dbapi_connection = rec.get_connection()
  File "/www/wwwroot/coinceeper.com/CC/venv/lib64/python3.9/site-packages/sqlalchemy/pool/base.py", line 836, in get_connection
    self.__connect()
  File "/www/wwwroot/coinceeper.com/CC/venv/lib64/python3.9/site-packages/sqlalchemy/pool/base.py", line 900, in __connect
    pool.logger.debug("Error on connect(): %s", e)
  File "/www/wwwroot/coinceeper.com/CC/venv/lib64/python3.9/site-packages/sqlalchemy/util/langhelpers.py", line 224, in __exit__
    raise exc_value.with_traceback(exc_tb)
  File "/www/wwwroot/coinceeper.com/CC/venv/lib64/python3.9/site-packages/sqlalchemy/pool/base.py", line 895, in __connect
    self.dbapi_connection = connection = pool._invoke_creator(self)
  File "/www/wwwroot/coinceeper.com/CC/venv/lib64/python3.9/site-packages/sqlalchemy/engine/create.py", line 646, in connect
    return dialect.connect(*cargs, **cparams)
  File "/www/wwwroot/coinceeper.com/CC/venv/lib64/python3.9/site-packages/sqlalchemy/engine/default.py", line 626, in connect
    return self.loaded_dbapi.connect(*cargs, **cparams)  # type: ignore[no-any-return]  # NOQA: E501
  File "/www/wwwroot/coinceeper.com/CC/venv/lib64/python3.9/site-packages/mysql/connector/pooling.py", line 322, in connect
    return CMySQLConnection(*args, **kwargs)
  File "/www/wwwroot/coinceeper.com/CC/venv/lib64/python3.9/site-packages/mysql/connector/connection_cext.py", line 142, in __init__
    self.connect(**kwargs)
  File "/www/wwwroot/coinceeper.com/CC/venv/lib64/python3.9/site-packages/mysql/connector/abstracts.py", line 1604, in connect
    self._open_connection()
  File "/www/wwwroot/coinceeper.com/CC/venv/lib64/python3.9/site-packages/mysql/connector/connection_cext.py", line 360, in _open_connection
    raise get_mysql_exception(
sqlalchemy.exc.DatabaseError: (mysql.connector.errors.DatabaseError) 2003 (HY000): Can't connect to MySQL server on 'localhost:3306' (111)
(Background on this error at: https://sqlalche.me/e/20/4xp6)
2025-08-01 04:50:45 - error_handlers - ERROR - Database error: (mysql.connector.errors.DatabaseError) 2003 (HY000): Can't connect to MySQL server on 'localhost:3306' (111)
(Background on this error at: https://sqlalche.me/e/20/4xp6)
Traceback (most recent call last):
  File "/www/wwwroot/coinceeper.com/CC/venv/lib64/python3.9/site-packages/mysql/connector/connection_cext.py", line 354, in _open_connection
    self._cmysql.connect(**cnx_kwargs)
_mysql_connector.MySQLInterfaceError: Can't connect to MySQL server on 'localhost:3306' (111)

The above exception was the direct cause of the following exception:

Traceback (most recent call last):
  File "/www/wwwroot/coinceeper.com/CC/venv/lib64/python3.9/site-packages/sqlalchemy/engine/base.py", line 143, in __init__
    self._dbapi_connection = engine.raw_connection()
  File "/www/wwwroot/coinceeper.com/CC/venv/lib64/python3.9/site-packages/sqlalchemy/engine/base.py", line 3295, in raw_connection
    return self.pool.connect()
  File "/www/wwwroot/coinceeper.com/CC/venv/lib64/python3.9/site-packages/sqlalchemy/pool/base.py", line 447, in connect
    return _ConnectionFairy._checkout(self)
  File "/www/wwwroot/coinceeper.com/CC/venv/lib64/python3.9/site-packages/sqlalchemy/pool/base.py", line 1264, in _checkout
    fairy = _ConnectionRecord.checkout(pool)
  File "/www/wwwroot/coinceeper.com/CC/venv/lib64/python3.9/site-packages/sqlalchemy/pool/base.py", line 717, in checkout
    rec._checkin_failed(err, _fairy_was_created=False)
  File "/www/wwwroot/coinceeper.com/CC/venv/lib64/python3.9/site-packages/sqlalchemy/util/langhelpers.py", line 224, in __exit__
    raise exc_value.with_traceback(exc_tb)
  File "/www/wwwroot/coinceeper.com/CC/venv/lib64/python3.9/site-packages/sqlalchemy/pool/base.py", line 714, in checkout
    dbapi_connection = rec.get_connection()
  File "/www/wwwroot/coinceeper.com/CC/venv/lib64/python3.9/site-packages/sqlalchemy/pool/base.py", line 836, in get_connection
    self.__connect()
  File "/www/wwwroot/coinceeper.com/CC/venv/lib64/python3.9/site-packages/sqlalchemy/pool/base.py", line 900, in __connect
    pool.logger.debug("Error on connect(): %s", e)
  File "/www/wwwroot/coinceeper.com/CC/venv/lib64/python3.9/site-packages/sqlalchemy/util/langhelpers.py", line 224, in __exit__
    raise exc_value.with_traceback(exc_tb)
  File "/www/wwwroot/coinceeper.com/CC/venv/lib64/python3.9/site-packages/sqlalchemy/pool/base.py", line 895, in __connect
    self.dbapi_connection = connection = pool._invoke_creator(self)
  File "/www/wwwroot/coinceeper.com/CC/venv/lib64/python3.9/site-packages/sqlalchemy/engine/create.py", line 646, in connect
    return dialect.connect(*cargs, **cparams)
  File "/www/wwwroot/coinceeper.com/CC/venv/lib64/python3.9/site-packages/sqlalchemy/engine/default.py", line 626, in connect
    return self.loaded_dbapi.connect(*cargs, **cparams)  # type: ignore[no-any-return]  # NOQA: E501
  File "/www/wwwroot/coinceeper.com/CC/venv/lib64/python3.9/site-packages/mysql/connector/pooling.py", line 322, in connect
    return CMySQLConnection(*args, **kwargs)
  File "/www/wwwroot/coinceeper.com/CC/venv/lib64/python3.9/site-packages/mysql/connector/connection_cext.py", line 142, in __init__
    self.connect(**kwargs)
  File "/www/wwwroot/coinceeper.com/CC/venv/lib64/python3.9/site-packages/mysql/connector/abstracts.py", line 1604, in connect
    self._open_connection()
  File "/www/wwwroot/coinceeper.com/CC/venv/lib64/python3.9/site-packages/mysql/connector/connection_cext.py", line 360, in _open_connection
    raise get_mysql_exception(
mysql.connector.errors.DatabaseError: 2003 (HY000): Can't connect to MySQL server on 'localhost:3306' (111)

The above exception was the direct cause of the following exception:

Traceback (most recent call last):
  File "/www/wwwroot/coinceeper.com/CC/utils/error_handlers.py", line 119, in decorated_function
    return f(*args, **kwargs)
  File "/www/wwwroot/coinceeper.com/CC/Currencies/All_Currencies.py", line 46, in get_all_currencies
    currencies_query = session.query(
  File "/www/wwwroot/coinceeper.com/CC/venv/lib64/python3.9/site-packages/sqlalchemy/orm/query.py", line 2704, in all
    return self._iter().all()  # type: ignore
  File "/www/wwwroot/coinceeper.com/CC/venv/lib64/python3.9/site-packages/sqlalchemy/orm/query.py", line 2857, in _iter
    result: Union[ScalarResult[_T], Result[_T]] = self.session.execute(
  File "/www/wwwroot/coinceeper.com/CC/venv/lib64/python3.9/site-packages/sqlalchemy/orm/session.py", line 2365, in execute
    return self._execute_internal(
  File "/www/wwwroot/coinceeper.com/CC/venv/lib64/python3.9/site-packages/sqlalchemy/orm/session.py", line 2241, in _execute_internal
    conn = self._connection_for_bind(bind)
  File "/www/wwwroot/coinceeper.com/CC/venv/lib64/python3.9/site-packages/sqlalchemy/orm/session.py", line 2110, in _connection_for_bind
    return trans._connection_for_bind(engine, execution_options)
  File "<string>", line 2, in _connection_for_bind
  File "/www/wwwroot/coinceeper.com/CC/venv/lib64/python3.9/site-packages/sqlalchemy/orm/state_changes.py", line 137, in _go
    ret_value = fn(self, *arg, **kw)
  File "/www/wwwroot/coinceeper.com/CC/venv/lib64/python3.9/site-packages/sqlalchemy/orm/session.py", line 1189, in _connection_for_bind
    conn = bind.connect()
  File "/www/wwwroot/coinceeper.com/CC/venv/lib64/python3.9/site-packages/sqlalchemy/engine/base.py", line 3271, in connect
    return self._connection_cls(self)
  File "/www/wwwroot/coinceeper.com/CC/venv/lib64/python3.9/site-packages/sqlalchemy/engine/base.py", line 145, in __init__
    Connection._handle_dbapi_exception_noconnection(
  File "/www/wwwroot/coinceeper.com/CC/venv/lib64/python3.9/site-packages/sqlalchemy/engine/base.py", line 2434, in _handle_dbapi_exception_noconnection
    raise sqlalchemy_exception.with_traceback(exc_info[2]) from e
  File "/www/wwwroot/coinceeper.com/CC/venv/lib64/python3.9/site-packages/sqlalchemy/engine/base.py", line 143, in __init__
    self._dbapi_connection = engine.raw_connection()
  File "/www/wwwroot/coinceeper.com/CC/venv/lib64/python3.9/site-packages/sqlalchemy/engine/base.py", line 3295, in raw_connection
    return self.pool.connect()
  File "/www/wwwroot/coinceeper.com/CC/venv/lib64/python3.9/site-packages/sqlalchemy/pool/base.py", line 447, in connect
    return _ConnectionFairy._checkout(self)
  File "/www/wwwroot/coinceeper.com/CC/venv/lib64/python3.9/site-packages/sqlalchemy/pool/base.py", line 1264, in _checkout
    fairy = _ConnectionRecord.checkout(pool)
  File "/www/wwwroot/coinceeper.com/CC/venv/lib64/python3.9/site-packages/sqlalchemy/pool/base.py", line 717, in checkout
    rec._checkin_failed(err, _fairy_was_created=False)
  File "/www/wwwroot/coinceeper.com/CC/venv/lib64/python3.9/site-packages/sqlalchemy/util/langhelpers.py", line 224, in __exit__
    raise exc_value.with_traceback(exc_tb)
  File "/www/wwwroot/coinceeper.com/CC/venv/lib64/python3.9/site-packages/sqlalchemy/pool/base.py", line 714, in checkout
    dbapi_connection = rec.get_connection()
  File "/www/wwwroot/coinceeper.com/CC/venv/lib64/python3.9/site-packages/sqlalchemy/pool/base.py", line 836, in get_connection
    self.__connect()
  File "/www/wwwroot/coinceeper.com/CC/venv/lib64/python3.9/site-packages/sqlalchemy/pool/base.py", line 900, in __connect
    pool.logger.debug("Error on connect(): %s", e)
  File "/www/wwwroot/coinceeper.com/CC/venv/lib64/python3.9/site-packages/sqlalchemy/util/langhelpers.py", line 224, in __exit__
    raise exc_value.with_traceback(exc_tb)
  File "/www/wwwroot/coinceeper.com/CC/venv/lib64/python3.9/site-packages/sqlalchemy/pool/base.py", line 895, in __connect
    self.dbapi_connection = connection = pool._invoke_creator(self)
  File "/www/wwwroot/coinceeper.com/CC/venv/lib64/python3.9/site-packages/sqlalchemy/engine/create.py", line 646, in connect
    return dialect.connect(*cargs, **cparams)
  File "/www/wwwroot/coinceeper.com/CC/venv/lib64/python3.9/site-packages/sqlalchemy/engine/default.py", line 626, in connect
    return self.loaded_dbapi.connect(*cargs, **cparams)  # type: ignore[no-any-return]  # NOQA: E501
  File "/www/wwwroot/coinceeper.com/CC/venv/lib64/python3.9/site-packages/mysql/connector/pooling.py", line 322, in connect
    return CMySQLConnection(*args, **kwargs)
  File "/www/wwwroot/coinceeper.com/CC/venv/lib64/python3.9/site-packages/mysql/connector/connection_cext.py", line 142, in __init__
    self.connect(**kwargs)
  File "/www/wwwroot/coinceeper.com/CC/venv/lib64/python3.9/site-packages/mysql/connector/abstracts.py", line 1604, in connect
    self._open_connection()
  File "/www/wwwroot/coinceeper.com/CC/venv/lib64/python3.9/site-packages/mysql/connector/connection_cext.py", line 360, in _open_connection
    raise get_mysql_exception(
sqlalchemy.exc.DatabaseError: (mysql.connector.errors.DatabaseError) 2003 (HY000): Can't connect to MySQL server on 'localhost:3306' (111)
(Background on this error at: https://sqlalche.me/e/20/4xp6)
2025-08-01 05:08:21 - error_handlers - ERROR - Unexpected error: 404 Not Found: The requested URL was not found on the server. If you entered the URL manually please check your spelling and try again.
Traceback (most recent call last):
  File "/www/wwwroot/coinceeper.com/CC/venv/lib64/python3.9/site-packages/flask/app.py", line 917, in full_dispatch_request
    rv = self.dispatch_request()
  File "/www/wwwroot/coinceeper.com/CC/venv/lib64/python3.9/site-packages/flask/app.py", line 891, in dispatch_request
    self.raise_routing_exception(req)
  File "/www/wwwroot/coinceeper.com/CC/venv/lib64/python3.9/site-packages/flask/app.py", line 500, in raise_routing_exception
    raise request.routing_exception  # type: ignore[misc]
  File "/www/wwwroot/coinceeper.com/CC/venv/lib64/python3.9/site-packages/flask/ctx.py", line 362, in match_request
    result = self.url_adapter.match(return_rule=True)  # type: ignore
  File "/www/wwwroot/coinceeper.com/CC/venv/lib64/python3.9/site-packages/werkzeug/routing/map.py", line 629, in match
    raise NotFound() from None
werkzeug.exceptions.NotFound: 404 Not Found: The requested URL was not found on the server. If you entered the URL manually please check your spelling and try again.
2025-08-01 05:08:21 - error_handlers - ERROR - Error traceback: Traceback (most recent call last):
  File "/www/wwwroot/coinceeper.com/CC/venv/lib64/python3.9/site-packages/flask/app.py", line 917, in full_dispatch_request
    rv = self.dispatch_request()
  File "/www/wwwroot/coinceeper.com/CC/venv/lib64/python3.9/site-packages/flask/app.py", line 891, in dispatch_request
    self.raise_routing_exception(req)
  File "/www/wwwroot/coinceeper.com/CC/venv/lib64/python3.9/site-packages/flask/app.py", line 500, in raise_routing_exception
    raise request.routing_exception  # type: ignore[misc]
  File "/www/wwwroot/coinceeper.com/CC/venv/lib64/python3.9/site-packages/flask/ctx.py", line 362, in match_request
    result = self.url_adapter.match(return_rule=True)  # type: ignore
  File "/www/wwwroot/coinceeper.com/CC/venv/lib64/python3.9/site-packages/werkzeug/routing/map.py", line 629, in match
    raise NotFound() from None
werkzeug.exceptions.NotFound: 404 Not Found: The requested URL was not found on the server. If you entered the URL manually please check your spelling and try again.

2025-08-01 05:08:22 - error_handlers - ERROR - Unexpected error: 404 Not Found: The requested URL was not found on the server. If you entered the URL manually please check your spelling and try again.
Traceback (most recent call last):
  File "/www/wwwroot/coinceeper.com/CC/venv/lib64/python3.9/site-packages/flask/app.py", line 917, in full_dispatch_request
    rv = self.dispatch_request()
  File "/www/wwwroot/coinceeper.com/CC/venv/lib64/python3.9/site-packages/flask/app.py", line 891, in dispatch_request
    self.raise_routing_exception(req)
  File "/www/wwwroot/coinceeper.com/CC/venv/lib64/python3.9/site-packages/flask/app.py", line 500, in raise_routing_exception
    raise request.routing_exception  # type: ignore[misc]
  File "/www/wwwroot/coinceeper.com/CC/venv/lib64/python3.9/site-packages/flask/ctx.py", line 362, in match_request
    result = self.url_adapter.match(return_rule=True)  # type: ignore
  File "/www/wwwroot/coinceeper.com/CC/venv/lib64/python3.9/site-packages/werkzeug/routing/map.py", line 629, in match
    raise NotFound() from None
werkzeug.exceptions.NotFound: 404 Not Found: The requested URL was not found on the server. If you entered the URL manually please check your spelling and try again.
2025-08-01 05:08:22 - error_handlers - ERROR - Error traceback: Traceback (most recent call last):
  File "/www/wwwroot/coinceeper.com/CC/venv/lib64/python3.9/site-packages/flask/app.py", line 917, in full_dispatch_request
    rv = self.dispatch_request()
  File "/www/wwwroot/coinceeper.com/CC/venv/lib64/python3.9/site-packages/flask/app.py", line 891, in dispatch_request
    self.raise_routing_exception(req)
  File "/www/wwwroot/coinceeper.com/CC/venv/lib64/python3.9/site-packages/flask/app.py", line 500, in raise_routing_exception
    raise request.routing_exception  # type: ignore[misc]
  File "/www/wwwroot/coinceeper.com/CC/venv/lib64/python3.9/site-packages/flask/ctx.py", line 362, in match_request
    result = self.url_adapter.match(return_rule=True)  # type: ignore
  File "/www/wwwroot/coinceeper.com/CC/venv/lib64/python3.9/site-packages/werkzeug/routing/map.py", line 629, in match
    raise NotFound() from None
werkzeug.exceptions.NotFound: 404 Not Found: The requested URL was not found on the server. If you entered the URL manually please check your spelling and try again.

2025-08-01 05:08:23 - error_handlers - ERROR - Unexpected error: 404 Not Found: The requested URL was not found on the server. If you entered the URL manually please check your spelling and try again.
Traceback (most recent call last):
  File "/www/wwwroot/coinceeper.com/CC/venv/lib64/python3.9/site-packages/flask/app.py", line 917, in full_dispatch_request
    rv = self.dispatch_request()
  File "/www/wwwroot/coinceeper.com/CC/venv/lib64/python3.9/site-packages/flask/app.py", line 891, in dispatch_request
    self.raise_routing_exception(req)
  File "/www/wwwroot/coinceeper.com/CC/venv/lib64/python3.9/site-packages/flask/app.py", line 500, in raise_routing_exception
    raise request.routing_exception  # type: ignore[misc]
  File "/www/wwwroot/coinceeper.com/CC/venv/lib64/python3.9/site-packages/flask/ctx.py", line 362, in match_request
    result = self.url_adapter.match(return_rule=True)  # type: ignore
  File "/www/wwwroot/coinceeper.com/CC/venv/lib64/python3.9/site-packages/werkzeug/routing/map.py", line 629, in match
    raise NotFound() from None
werkzeug.exceptions.NotFound: 404 Not Found: The requested URL was not found on the server. If you entered the URL manually please check your spelling and try again.
2025-08-01 05:08:23 - error_handlers - ERROR - Error traceback: Traceback (most recent call last):
  File "/www/wwwroot/coinceeper.com/CC/venv/lib64/python3.9/site-packages/flask/app.py", line 917, in full_dispatch_request
    rv = self.dispatch_request()
  File "/www/wwwroot/coinceeper.com/CC/venv/lib64/python3.9/site-packages/flask/app.py", line 891, in dispatch_request
    self.raise_routing_exception(req)
  File "/www/wwwroot/coinceeper.com/CC/venv/lib64/python3.9/site-packages/flask/app.py", line 500, in raise_routing_exception
    raise request.routing_exception  # type: ignore[misc]
  File "/www/wwwroot/coinceeper.com/CC/venv/lib64/python3.9/site-packages/flask/ctx.py", line 362, in match_request
    result = self.url_adapter.match(return_rule=True)  # type: ignore
  File "/www/wwwroot/coinceeper.com/CC/venv/lib64/python3.9/site-packages/werkzeug/routing/map.py", line 629, in match
    raise NotFound() from None
werkzeug.exceptions.NotFound: 404 Not Found: The requested URL was not found on the server. If you entered the URL manually please check your spelling and try again.

2025-08-01 05:08:23 - error_handlers - ERROR - Unexpected error: 404 Not Found: The requested URL was not found on the server. If you entered the URL manually please check your spelling and try again.
Traceback (most recent call last):
  File "/www/wwwroot/coinceeper.com/CC/venv/lib64/python3.9/site-packages/flask/app.py", line 917, in full_dispatch_request
    rv = self.dispatch_request()
  File "/www/wwwroot/coinceeper.com/CC/venv/lib64/python3.9/site-packages/flask/app.py", line 891, in dispatch_request
    self.raise_routing_exception(req)
  File "/www/wwwroot/coinceeper.com/CC/venv/lib64/python3.9/site-packages/flask/app.py", line 500, in raise_routing_exception
    raise request.routing_exception  # type: ignore[misc]
  File "/www/wwwroot/coinceeper.com/CC/venv/lib64/python3.9/site-packages/flask/ctx.py", line 362, in match_request
    result = self.url_adapter.match(return_rule=True)  # type: ignore
  File "/www/wwwroot/coinceeper.com/CC/venv/lib64/python3.9/site-packages/werkzeug/routing/map.py", line 629, in match
    raise NotFound() from None
werkzeug.exceptions.NotFound: 404 Not Found: The requested URL was not found on the server. If you entered the URL manually please check your spelling and try again.
2025-08-01 05:08:23 - error_handlers - ERROR - Error traceback: Traceback (most recent call last):
  File "/www/wwwroot/coinceeper.com/CC/venv/lib64/python3.9/site-packages/flask/app.py", line 917, in full_dispatch_request
    rv = self.dispatch_request()
  File "/www/wwwroot/coinceeper.com/CC/venv/lib64/python3.9/site-packages/flask/app.py", line 891, in dispatch_request
    self.raise_routing_exception(req)
  File "/www/wwwroot/coinceeper.com/CC/venv/lib64/python3.9/site-packages/flask/app.py", line 500, in raise_routing_exception
    raise request.routing_exception  # type: ignore[misc]
  File "/www/wwwroot/coinceeper.com/CC/venv/lib64/python3.9/site-packages/flask/ctx.py", line 362, in match_request
    result = self.url_adapter.match(return_rule=True)  # type: ignore
  File "/www/wwwroot/coinceeper.com/CC/venv/lib64/python3.9/site-packages/werkzeug/routing/map.py", line 629, in match
    raise NotFound() from None
werkzeug.exceptions.NotFound: 404 Not Found: The requested URL was not found on the server. If you entered the URL manually please check your spelling and try again.

2025-08-01 05:08:24 - error_handlers - ERROR - Unexpected error: 404 Not Found: The requested URL was not found on the server. If you entered the URL manually please check your spelling and try again.
Traceback (most recent call last):
  File "/www/wwwroot/coinceeper.com/CC/venv/lib64/python3.9/site-packages/flask/app.py", line 917, in full_dispatch_request
    rv = self.dispatch_request()
  File "/www/wwwroot/coinceeper.com/CC/venv/lib64/python3.9/site-packages/flask/app.py", line 891, in dispatch_request
    self.raise_routing_exception(req)
  File "/www/wwwroot/coinceeper.com/CC/venv/lib64/python3.9/site-packages/flask/app.py", line 500, in raise_routing_exception
    raise request.routing_exception  # type: ignore[misc]
  File "/www/wwwroot/coinceeper.com/CC/venv/lib64/python3.9/site-packages/flask/ctx.py", line 362, in match_request
    result = self.url_adapter.match(return_rule=True)  # type: ignore
  File "/www/wwwroot/coinceeper.com/CC/venv/lib64/python3.9/site-packages/werkzeug/routing/map.py", line 629, in match
    raise NotFound() from None
werkzeug.exceptions.NotFound: 404 Not Found: The requested URL was not found on the server. If you entered the URL manually please check your spelling and try again.
2025-08-01 05:08:24 - error_handlers - ERROR - Error traceback: Traceback (most recent call last):
  File "/www/wwwroot/coinceeper.com/CC/venv/lib64/python3.9/site-packages/flask/app.py", line 917, in full_dispatch_request
    rv = self.dispatch_request()
  File "/www/wwwroot/coinceeper.com/CC/venv/lib64/python3.9/site-packages/flask/app.py", line 891, in dispatch_request
    self.raise_routing_exception(req)
  File "/www/wwwroot/coinceeper.com/CC/venv/lib64/python3.9/site-packages/flask/app.py", line 500, in raise_routing_exception
    raise request.routing_exception  # type: ignore[misc]
  File "/www/wwwroot/coinceeper.com/CC/venv/lib64/python3.9/site-packages/flask/ctx.py", line 362, in match_request
    result = self.url_adapter.match(return_rule=True)  # type: ignore
  File "/www/wwwroot/coinceeper.com/CC/venv/lib64/python3.9/site-packages/werkzeug/routing/map.py", line 629, in match
    raise NotFound() from None
werkzeug.exceptions.NotFound: 404 Not Found: The requested URL was not found on the server. If you entered the URL manually please check your spelling and try again.

2025-08-01 05:08:25 - error_handlers - ERROR - Unexpected error: 404 Not Found: The requested URL was not found on the server. If you entered the URL manually please check your spelling and try again.
Traceback (most recent call last):
  File "/www/wwwroot/coinceeper.com/CC/venv/lib64/python3.9/site-packages/flask/app.py", line 917, in full_dispatch_request
    rv = self.dispatch_request()
  File "/www/wwwroot/coinceeper.com/CC/venv/lib64/python3.9/site-packages/flask/app.py", line 891, in dispatch_request
    self.raise_routing_exception(req)
  File "/www/wwwroot/coinceeper.com/CC/venv/lib64/python3.9/site-packages/flask/app.py", line 500, in raise_routing_exception
    raise request.routing_exception  # type: ignore[misc]
  File "/www/wwwroot/coinceeper.com/CC/venv/lib64/python3.9/site-packages/flask/ctx.py", line 362, in match_request
    result = self.url_adapter.match(return_rule=True)  # type: ignore
  File "/www/wwwroot/coinceeper.com/CC/venv/lib64/python3.9/site-packages/werkzeug/routing/map.py", line 629, in match
    raise NotFound() from None
werkzeug.exceptions.NotFound: 404 Not Found: The requested URL was not found on the server. If you entered the URL manually please check your spelling and try again.
2025-08-01 05:08:25 - error_handlers - ERROR - Error traceback: Traceback (most recent call last):
  File "/www/wwwroot/coinceeper.com/CC/venv/lib64/python3.9/site-packages/flask/app.py", line 917, in full_dispatch_request
    rv = self.dispatch_request()
  File "/www/wwwroot/coinceeper.com/CC/venv/lib64/python3.9/site-packages/flask/app.py", line 891, in dispatch_request
    self.raise_routing_exception(req)
  File "/www/wwwroot/coinceeper.com/CC/venv/lib64/python3.9/site-packages/flask/app.py", line 500, in raise_routing_exception
    raise request.routing_exception  # type: ignore[misc]
  File "/www/wwwroot/coinceeper.com/CC/venv/lib64/python3.9/site-packages/flask/ctx.py", line 362, in match_request
    result = self.url_adapter.match(return_rule=True)  # type: ignore
  File "/www/wwwroot/coinceeper.com/CC/venv/lib64/python3.9/site-packages/werkzeug/routing/map.py", line 629, in match
    raise NotFound() from None
werkzeug.exceptions.NotFound: 404 Not Found: The requested URL was not found on the server. If you entered the URL manually please check your spelling and try again.

2025-08-01 05:08:25 - error_handlers - ERROR - Unexpected error: 404 Not Found: The requested URL was not found on the server. If you entered the URL manually please check your spelling and try again.
Traceback (most recent call last):
  File "/www/wwwroot/coinceeper.com/CC/venv/lib64/python3.9/site-packages/flask/app.py", line 917, in full_dispatch_request
    rv = self.dispatch_request()
  File "/www/wwwroot/coinceeper.com/CC/venv/lib64/python3.9/site-packages/flask/app.py", line 891, in dispatch_request
    self.raise_routing_exception(req)
  File "/www/wwwroot/coinceeper.com/CC/venv/lib64/python3.9/site-packages/flask/app.py", line 500, in raise_routing_exception
    raise request.routing_exception  # type: ignore[misc]
  File "/www/wwwroot/coinceeper.com/CC/venv/lib64/python3.9/site-packages/flask/ctx.py", line 362, in match_request
    result = self.url_adapter.match(return_rule=True)  # type: ignore
  File "/www/wwwroot/coinceeper.com/CC/venv/lib64/python3.9/site-packages/werkzeug/routing/map.py", line 629, in match
    raise NotFound() from None
werkzeug.exceptions.NotFound: 404 Not Found: The requested URL was not found on the server. If you entered the URL manually please check your spelling and try again.
2025-08-01 05:08:25 - error_handlers - ERROR - Error traceback: Traceback (most recent call last):
  File "/www/wwwroot/coinceeper.com/CC/venv/lib64/python3.9/site-packages/flask/app.py", line 917, in full_dispatch_request
    rv = self.dispatch_request()
  File "/www/wwwroot/coinceeper.com/CC/venv/lib64/python3.9/site-packages/flask/app.py", line 891, in dispatch_request
    self.raise_routing_exception(req)
  File "/www/wwwroot/coinceeper.com/CC/venv/lib64/python3.9/site-packages/flask/app.py", line 500, in raise_routing_exception
    raise request.routing_exception  # type: ignore[misc]
  File "/www/wwwroot/coinceeper.com/CC/venv/lib64/python3.9/site-packages/flask/ctx.py", line 362, in match_request
    result = self.url_adapter.match(return_rule=True)  # type: ignore
  File "/www/wwwroot/coinceeper.com/CC/venv/lib64/python3.9/site-packages/werkzeug/routing/map.py", line 629, in match
    raise NotFound() from None
werkzeug.exceptions.NotFound: 404 Not Found: The requested URL was not found on the server. If you entered the URL manually please check your spelling and try again.

2025-08-01 05:08:26 - error_handlers - ERROR - Unexpected error: 404 Not Found: The requested URL was not found on the server. If you entered the URL manually please check your spelling and try again.
Traceback (most recent call last):
  File "/www/wwwroot/coinceeper.com/CC/venv/lib64/python3.9/site-packages/flask/app.py", line 917, in full_dispatch_request
    rv = self.dispatch_request()
  File "/www/wwwroot/coinceeper.com/CC/venv/lib64/python3.9/site-packages/flask/app.py", line 891, in dispatch_request
    self.raise_routing_exception(req)
  File "/www/wwwroot/coinceeper.com/CC/venv/lib64/python3.9/site-packages/flask/app.py", line 500, in raise_routing_exception
    raise request.routing_exception  # type: ignore[misc]
  File "/www/wwwroot/coinceeper.com/CC/venv/lib64/python3.9/site-packages/flask/ctx.py", line 362, in match_request
    result = self.url_adapter.match(return_rule=True)  # type: ignore
  File "/www/wwwroot/coinceeper.com/CC/venv/lib64/python3.9/site-packages/werkzeug/routing/map.py", line 629, in match
    raise NotFound() from None
werkzeug.exceptions.NotFound: 404 Not Found: The requested URL was not found on the server. If you entered the URL manually please check your spelling and try again.
2025-08-01 05:08:26 - error_handlers - ERROR - Error traceback: Traceback (most recent call last):
  File "/www/wwwroot/coinceeper.com/CC/venv/lib64/python3.9/site-packages/flask/app.py", line 917, in full_dispatch_request
    rv = self.dispatch_request()
  File "/www/wwwroot/coinceeper.com/CC/venv/lib64/python3.9/site-packages/flask/app.py", line 891, in dispatch_request
    self.raise_routing_exception(req)
  File "/www/wwwroot/coinceeper.com/CC/venv/lib64/python3.9/site-packages/flask/app.py", line 500, in raise_routing_exception
    raise request.routing_exception  # type: ignore[misc]
  File "/www/wwwroot/coinceeper.com/CC/venv/lib64/python3.9/site-packages/flask/ctx.py", line 362, in match_request
    result = self.url_adapter.match(return_rule=True)  # type: ignore
  File "/www/wwwroot/coinceeper.com/CC/venv/lib64/python3.9/site-packages/werkzeug/routing/map.py", line 629, in match
    raise NotFound() from None
werkzeug.exceptions.NotFound: 404 Not Found: The requested URL was not found on the server. If you entered the URL manually please check your spelling and try again.

2025-08-01 05:08:27 - error_handlers - ERROR - Unexpected error: 404 Not Found: The requested URL was not found on the server. If you entered the URL manually please check your spelling and try again.
Traceback (most recent call last):
  File "/www/wwwroot/coinceeper.com/CC/venv/lib64/python3.9/site-packages/flask/app.py", line 917, in full_dispatch_request
    rv = self.dispatch_request()
  File "/www/wwwroot/coinceeper.com/CC/venv/lib64/python3.9/site-packages/flask/app.py", line 891, in dispatch_request
    self.raise_routing_exception(req)
  File "/www/wwwroot/coinceeper.com/CC/venv/lib64/python3.9/site-packages/flask/app.py", line 500, in raise_routing_exception
    raise request.routing_exception  # type: ignore[misc]
  File "/www/wwwroot/coinceeper.com/CC/venv/lib64/python3.9/site-packages/flask/ctx.py", line 362, in match_request
    result = self.url_adapter.match(return_rule=True)  # type: ignore
  File "/www/wwwroot/coinceeper.com/CC/venv/lib64/python3.9/site-packages/werkzeug/routing/map.py", line 629, in match
    raise NotFound() from None
werkzeug.exceptions.NotFound: 404 Not Found: The requested URL was not found on the server. If you entered the URL manually please check your spelling and try again.
2025-08-01 05:08:27 - error_handlers - ERROR - Error traceback: Traceback (most recent call last):
  File "/www/wwwroot/coinceeper.com/CC/venv/lib64/python3.9/site-packages/flask/app.py", line 917, in full_dispatch_request
    rv = self.dispatch_request()
  File "/www/wwwroot/coinceeper.com/CC/venv/lib64/python3.9/site-packages/flask/app.py", line 891, in dispatch_request
    self.raise_routing_exception(req)
  File "/www/wwwroot/coinceeper.com/CC/venv/lib64/python3.9/site-packages/flask/app.py", line 500, in raise_routing_exception
    raise request.routing_exception  # type: ignore[misc]
  File "/www/wwwroot/coinceeper.com/CC/venv/lib64/python3.9/site-packages/flask/ctx.py", line 362, in match_request
    result = self.url_adapter.match(return_rule=True)  # type: ignore
  File "/www/wwwroot/coinceeper.com/CC/venv/lib64/python3.9/site-packages/werkzeug/routing/map.py", line 629, in match
    raise NotFound() from None
werkzeug.exceptions.NotFound: 404 Not Found: The requested URL was not found on the server. If you entered the URL manually please check your spelling and try again.

2025-08-01 05:08:27 - error_handlers - ERROR - Unexpected error: 404 Not Found: The requested URL was not found on the server. If you entered the URL manually please check your spelling and try again.
Traceback (most recent call last):
  File "/www/wwwroot/coinceeper.com/CC/venv/lib64/python3.9/site-packages/flask/app.py", line 917, in full_dispatch_request
    rv = self.dispatch_request()
  File "/www/wwwroot/coinceeper.com/CC/venv/lib64/python3.9/site-packages/flask/app.py", line 891, in dispatch_request
    self.raise_routing_exception(req)
  File "/www/wwwroot/coinceeper.com/CC/venv/lib64/python3.9/site-packages/flask/app.py", line 500, in raise_routing_exception
    raise request.routing_exception  # type: ignore[misc]
  File "/www/wwwroot/coinceeper.com/CC/venv/lib64/python3.9/site-packages/flask/ctx.py", line 362, in match_request
    result = self.url_adapter.match(return_rule=True)  # type: ignore
  File "/www/wwwroot/coinceeper.com/CC/venv/lib64/python3.9/site-packages/werkzeug/routing/map.py", line 629, in match
    raise NotFound() from None
werkzeug.exceptions.NotFound: 404 Not Found: The requested URL was not found on the server. If you entered the URL manually please check your spelling and try again.
2025-08-01 05:08:27 - error_handlers - ERROR - Error traceback: Traceback (most recent call last):
  File "/www/wwwroot/coinceeper.com/CC/venv/lib64/python3.9/site-packages/flask/app.py", line 917, in full_dispatch_request
    rv = self.dispatch_request()
  File "/www/wwwroot/coinceeper.com/CC/venv/lib64/python3.9/site-packages/flask/app.py", line 891, in dispatch_request
    self.raise_routing_exception(req)
  File "/www/wwwroot/coinceeper.com/CC/venv/lib64/python3.9/site-packages/flask/app.py", line 500, in raise_routing_exception
    raise request.routing_exception  # type: ignore[misc]
  File "/www/wwwroot/coinceeper.com/CC/venv/lib64/python3.9/site-packages/flask/ctx.py", line 362, in match_request
    result = self.url_adapter.match(return_rule=True)  # type: ignore
  File "/www/wwwroot/coinceeper.com/CC/venv/lib64/python3.9/site-packages/werkzeug/routing/map.py", line 629, in match
    raise NotFound() from None
werkzeug.exceptions.NotFound: 404 Not Found: The requested URL was not found on the server. If you entered the URL manually please check your spelling and try again.

2025-08-01 05:08:28 - error_handlers - ERROR - Unexpected error: 404 Not Found: The requested URL was not found on the server. If you entered the URL manually please check your spelling and try again.
Traceback (most recent call last):
  File "/www/wwwroot/coinceeper.com/CC/venv/lib64/python3.9/site-packages/flask/app.py", line 917, in full_dispatch_request
    rv = self.dispatch_request()
  File "/www/wwwroot/coinceeper.com/CC/venv/lib64/python3.9/site-packages/flask/app.py", line 891, in dispatch_request
    self.raise_routing_exception(req)
  File "/www/wwwroot/coinceeper.com/CC/venv/lib64/python3.9/site-packages/flask/app.py", line 500, in raise_routing_exception
    raise request.routing_exception  # type: ignore[misc]
  File "/www/wwwroot/coinceeper.com/CC/venv/lib64/python3.9/site-packages/flask/ctx.py", line 362, in match_request
    result = self.url_adapter.match(return_rule=True)  # type: ignore
  File "/www/wwwroot/coinceeper.com/CC/venv/lib64/python3.9/site-packages/werkzeug/routing/map.py", line 629, in match
    raise NotFound() from None
werkzeug.exceptions.NotFound: 404 Not Found: The requested URL was not found on the server. If you entered the URL manually please check your spelling and try again.
2025-08-01 05:08:28 - error_handlers - ERROR - Error traceback: Traceback (most recent call last):
  File "/www/wwwroot/coinceeper.com/CC/venv/lib64/python3.9/site-packages/flask/app.py", line 917, in full_dispatch_request
    rv = self.dispatch_request()
  File "/www/wwwroot/coinceeper.com/CC/venv/lib64/python3.9/site-packages/flask/app.py", line 891, in dispatch_request
    self.raise_routing_exception(req)
  File "/www/wwwroot/coinceeper.com/CC/venv/lib64/python3.9/site-packages/flask/app.py", line 500, in raise_routing_exception
    raise request.routing_exception  # type: ignore[misc]
  File "/www/wwwroot/coinceeper.com/CC/venv/lib64/python3.9/site-packages/flask/ctx.py", line 362, in match_request
    result = self.url_adapter.match(return_rule=True)  # type: ignore
  File "/www/wwwroot/coinceeper.com/CC/venv/lib64/python3.9/site-packages/werkzeug/routing/map.py", line 629, in match
    raise NotFound() from None
werkzeug.exceptions.NotFound: 404 Not Found: The requested URL was not found on the server. If you entered the URL manually please check your spelling and try again.

2025-08-01 05:08:29 - error_handlers - ERROR - Unexpected error: 404 Not Found: The requested URL was not found on the server. If you entered the URL manually please check your spelling and try again.
Traceback (most recent call last):
  File "/www/wwwroot/coinceeper.com/CC/venv/lib64/python3.9/site-packages/flask/app.py", line 917, in full_dispatch_request
    rv = self.dispatch_request()
  File "/www/wwwroot/coinceeper.com/CC/venv/lib64/python3.9/site-packages/flask/app.py", line 891, in dispatch_request
    self.raise_routing_exception(req)
  File "/www/wwwroot/coinceeper.com/CC/venv/lib64/python3.9/site-packages/flask/app.py", line 500, in raise_routing_exception
    raise request.routing_exception  # type: ignore[misc]
  File "/www/wwwroot/coinceeper.com/CC/venv/lib64/python3.9/site-packages/flask/ctx.py", line 362, in match_request
    result = self.url_adapter.match(return_rule=True)  # type: ignore
  File "/www/wwwroot/coinceeper.com/CC/venv/lib64/python3.9/site-packages/werkzeug/routing/map.py", line 629, in match
    raise NotFound() from None
werkzeug.exceptions.NotFound: 404 Not Found: The requested URL was not found on the server. If you entered the URL manually please check your spelling and try again.
2025-08-01 05:08:29 - error_handlers - ERROR - Error traceback: Traceback (most recent call last):
  File "/www/wwwroot/coinceeper.com/CC/venv/lib64/python3.9/site-packages/flask/app.py", line 917, in full_dispatch_request
    rv = self.dispatch_request()
  File "/www/wwwroot/coinceeper.com/CC/venv/lib64/python3.9/site-packages/flask/app.py", line 891, in dispatch_request
    self.raise_routing_exception(req)
  File "/www/wwwroot/coinceeper.com/CC/venv/lib64/python3.9/site-packages/flask/app.py", line 500, in raise_routing_exception
    raise request.routing_exception  # type: ignore[misc]
  File "/www/wwwroot/coinceeper.com/CC/venv/lib64/python3.9/site-packages/flask/ctx.py", line 362, in match_request
    result = self.url_adapter.match(return_rule=True)  # type: ignore
  File "/www/wwwroot/coinceeper.com/CC/venv/lib64/python3.9/site-packages/werkzeug/routing/map.py", line 629, in match
    raise NotFound() from None
werkzeug.exceptions.NotFound: 404 Not Found: The requested URL was not found on the server. If you entered the URL manually please check your spelling and try again.

2025-08-01 05:08:30 - error_handlers - ERROR - Unexpected error: 404 Not Found: The requested URL was not found on the server. If you entered the URL manually please check your spelling and try again.
Traceback (most recent call last):
  File "/www/wwwroot/coinceeper.com/CC/venv/lib64/python3.9/site-packages/flask/app.py", line 917, in full_dispatch_request
    rv = self.dispatch_request()
  File "/www/wwwroot/coinceeper.com/CC/venv/lib64/python3.9/site-packages/flask/app.py", line 891, in dispatch_request
    self.raise_routing_exception(req)
  File "/www/wwwroot/coinceeper.com/CC/venv/lib64/python3.9/site-packages/flask/app.py", line 500, in raise_routing_exception
    raise request.routing_exception  # type: ignore[misc]
  File "/www/wwwroot/coinceeper.com/CC/venv/lib64/python3.9/site-packages/flask/ctx.py", line 362, in match_request
    result = self.url_adapter.match(return_rule=True)  # type: ignore
  File "/www/wwwroot/coinceeper.com/CC/venv/lib64/python3.9/site-packages/werkzeug/routing/map.py", line 629, in match
    raise NotFound() from None
werkzeug.exceptions.NotFound: 404 Not Found: The requested URL was not found on the server. If you entered the URL manually please check your spelling and try again.
2025-08-01 05:08:30 - error_handlers - ERROR - Error traceback: Traceback (most recent call last):
  File "/www/wwwroot/coinceeper.com/CC/venv/lib64/python3.9/site-packages/flask/app.py", line 917, in full_dispatch_request
    rv = self.dispatch_request()
  File "/www/wwwroot/coinceeper.com/CC/venv/lib64/python3.9/site-packages/flask/app.py", line 891, in dispatch_request
    self.raise_routing_exception(req)
  File "/www/wwwroot/coinceeper.com/CC/venv/lib64/python3.9/site-packages/flask/app.py", line 500, in raise_routing_exception
    raise request.routing_exception  # type: ignore[misc]
  File "/www/wwwroot/coinceeper.com/CC/venv/lib64/python3.9/site-packages/flask/ctx.py", line 362, in match_request
    result = self.url_adapter.match(return_rule=True)  # type: ignore
  File "/www/wwwroot/coinceeper.com/CC/venv/lib64/python3.9/site-packages/werkzeug/routing/map.py", line 629, in match
    raise NotFound() from None
werkzeug.exceptions.NotFound: 404 Not Found: The requested URL was not found on the server. If you entered the URL manually please check your spelling and try again.

2025-08-01 05:08:30 - error_handlers - ERROR - Unexpected error: 404 Not Found: The requested URL was not found on the server. If you entered the URL manually please check your spelling and try again.
Traceback (most recent call last):
  File "/www/wwwroot/coinceeper.com/CC/venv/lib64/python3.9/site-packages/flask/app.py", line 917, in full_dispatch_request
    rv = self.dispatch_request()
  File "/www/wwwroot/coinceeper.com/CC/venv/lib64/python3.9/site-packages/flask/app.py", line 891, in dispatch_request
    self.raise_routing_exception(req)
  File "/www/wwwroot/coinceeper.com/CC/venv/lib64/python3.9/site-packages/flask/app.py", line 500, in raise_routing_exception
    raise request.routing_exception  # type: ignore[misc]
  File "/www/wwwroot/coinceeper.com/CC/venv/lib64/python3.9/site-packages/flask/ctx.py", line 362, in match_request
    result = self.url_adapter.match(return_rule=True)  # type: ignore
  File "/www/wwwroot/coinceeper.com/CC/venv/lib64/python3.9/site-packages/werkzeug/routing/map.py", line 629, in match
    raise NotFound() from None
werkzeug.exceptions.NotFound: 404 Not Found: The requested URL was not found on the server. If you entered the URL manually please check your spelling and try again.
2025-08-01 05:08:30 - error_handlers - ERROR - Error traceback: Traceback (most recent call last):
  File "/www/wwwroot/coinceeper.com/CC/venv/lib64/python3.9/site-packages/flask/app.py", line 917, in full_dispatch_request
    rv = self.dispatch_request()
  File "/www/wwwroot/coinceeper.com/CC/venv/lib64/python3.9/site-packages/flask/app.py", line 891, in dispatch_request
    self.raise_routing_exception(req)
  File "/www/wwwroot/coinceeper.com/CC/venv/lib64/python3.9/site-packages/flask/app.py", line 500, in raise_routing_exception
    raise request.routing_exception  # type: ignore[misc]
  File "/www/wwwroot/coinceeper.com/CC/venv/lib64/python3.9/site-packages/flask/ctx.py", line 362, in match_request
    result = self.url_adapter.match(return_rule=True)  # type: ignore
  File "/www/wwwroot/coinceeper.com/CC/venv/lib64/python3.9/site-packages/werkzeug/routing/map.py", line 629, in match
    raise NotFound() from None
werkzeug.exceptions.NotFound: 404 Not Found: The requested URL was not found on the server. If you entered the URL manually please check your spelling and try again.

2025-08-01 05:08:31 - error_handlers - ERROR - Unexpected error: 404 Not Found: The requested URL was not found on the server. If you entered the URL manually please check your spelling and try again.
Traceback (most recent call last):
  File "/www/wwwroot/coinceeper.com/CC/venv/lib64/python3.9/site-packages/flask/app.py", line 917, in full_dispatch_request
    rv = self.dispatch_request()
  File "/www/wwwroot/coinceeper.com/CC/venv/lib64/python3.9/site-packages/flask/app.py", line 891, in dispatch_request
    self.raise_routing_exception(req)
  File "/www/wwwroot/coinceeper.com/CC/venv/lib64/python3.9/site-packages/flask/app.py", line 500, in raise_routing_exception
    raise request.routing_exception  # type: ignore[misc]
  File "/www/wwwroot/coinceeper.com/CC/venv/lib64/python3.9/site-packages/flask/ctx.py", line 362, in match_request
    result = self.url_adapter.match(return_rule=True)  # type: ignore
  File "/www/wwwroot/coinceeper.com/CC/venv/lib64/python3.9/site-packages/werkzeug/routing/map.py", line 629, in match
    raise NotFound() from None
werkzeug.exceptions.NotFound: 404 Not Found: The requested URL was not found on the server. If you entered the URL manually please check your spelling and try again.
2025-08-01 05:08:31 - error_handlers - ERROR - Error traceback: Traceback (most recent call last):
  File "/www/wwwroot/coinceeper.com/CC/venv/lib64/python3.9/site-packages/flask/app.py", line 917, in full_dispatch_request
    rv = self.dispatch_request()
  File "/www/wwwroot/coinceeper.com/CC/venv/lib64/python3.9/site-packages/flask/app.py", line 891, in dispatch_request
    self.raise_routing_exception(req)
  File "/www/wwwroot/coinceeper.com/CC/venv/lib64/python3.9/site-packages/flask/app.py", line 500, in raise_routing_exception
    raise request.routing_exception  # type: ignore[misc]
  File "/www/wwwroot/coinceeper.com/CC/venv/lib64/python3.9/site-packages/flask/ctx.py", line 362, in match_request
    result = self.url_adapter.match(return_rule=True)  # type: ignore
  File "/www/wwwroot/coinceeper.com/CC/venv/lib64/python3.9/site-packages/werkzeug/routing/map.py", line 629, in match
    raise NotFound() from None
werkzeug.exceptions.NotFound: 404 Not Found: The requested URL was not found on the server. If you entered the URL manually please check your spelling and try again.

2025-08-01 05:08:32 - error_handlers - ERROR - Unexpected error: 404 Not Found: The requested URL was not found on the server. If you entered the URL manually please check your spelling and try again.
Traceback (most recent call last):
  File "/www/wwwroot/coinceeper.com/CC/venv/lib64/python3.9/site-packages/flask/app.py", line 917, in full_dispatch_request
    rv = self.dispatch_request()
  File "/www/wwwroot/coinceeper.com/CC/venv/lib64/python3.9/site-packages/flask/app.py", line 891, in dispatch_request
    self.raise_routing_exception(req)
  File "/www/wwwroot/coinceeper.com/CC/venv/lib64/python3.9/site-packages/flask/app.py", line 500, in raise_routing_exception
    raise request.routing_exception  # type: ignore[misc]
  File "/www/wwwroot/coinceeper.com/CC/venv/lib64/python3.9/site-packages/flask/ctx.py", line 362, in match_request
    result = self.url_adapter.match(return_rule=True)  # type: ignore
  File "/www/wwwroot/coinceeper.com/CC/venv/lib64/python3.9/site-packages/werkzeug/routing/map.py", line 629, in match
    raise NotFound() from None
werkzeug.exceptions.NotFound: 404 Not Found: The requested URL was not found on the server. If you entered the URL manually please check your spelling and try again.
2025-08-01 05:08:32 - error_handlers - ERROR - Error traceback: Traceback (most recent call last):
  File "/www/wwwroot/coinceeper.com/CC/venv/lib64/python3.9/site-packages/flask/app.py", line 917, in full_dispatch_request
    rv = self.dispatch_request()
  File "/www/wwwroot/coinceeper.com/CC/venv/lib64/python3.9/site-packages/flask/app.py", line 891, in dispatch_request
    self.raise_routing_exception(req)
  File "/www/wwwroot/coinceeper.com/CC/venv/lib64/python3.9/site-packages/flask/app.py", line 500, in raise_routing_exception
    raise request.routing_exception  # type: ignore[misc]
  File "/www/wwwroot/coinceeper.com/CC/venv/lib64/python3.9/site-packages/flask/ctx.py", line 362, in match_request
    result = self.url_adapter.match(return_rule=True)  # type: ignore
  File "/www/wwwroot/coinceeper.com/CC/venv/lib64/python3.9/site-packages/werkzeug/routing/map.py", line 629, in match
    raise NotFound() from None
werkzeug.exceptions.NotFound: 404 Not Found: The requested URL was not found on the server. If you entered the URL manually please check your spelling and try again.

2025-08-01 05:08:32 - error_handlers - ERROR - Unexpected error: 404 Not Found: The requested URL was not found on the server. If you entered the URL manually please check your spelling and try again.
Traceback (most recent call last):
  File "/www/wwwroot/coinceeper.com/CC/venv/lib64/python3.9/site-packages/flask/app.py", line 917, in full_dispatch_request
    rv = self.dispatch_request()
  File "/www/wwwroot/coinceeper.com/CC/venv/lib64/python3.9/site-packages/flask/app.py", line 891, in dispatch_request
    self.raise_routing_exception(req)
  File "/www/wwwroot/coinceeper.com/CC/venv/lib64/python3.9/site-packages/flask/app.py", line 500, in raise_routing_exception
    raise request.routing_exception  # type: ignore[misc]
  File "/www/wwwroot/coinceeper.com/CC/venv/lib64/python3.9/site-packages/flask/ctx.py", line 362, in match_request
    result = self.url_adapter.match(return_rule=True)  # type: ignore
  File "/www/wwwroot/coinceeper.com/CC/venv/lib64/python3.9/site-packages/werkzeug/routing/map.py", line 629, in match
    raise NotFound() from None
werkzeug.exceptions.NotFound: 404 Not Found: The requested URL was not found on the server. If you entered the URL manually please check your spelling and try again.
2025-08-01 05:08:32 - error_handlers - ERROR - Error traceback: Traceback (most recent call last):
  File "/www/wwwroot/coinceeper.com/CC/venv/lib64/python3.9/site-packages/flask/app.py", line 917, in full_dispatch_request
    rv = self.dispatch_request()
  File "/www/wwwroot/coinceeper.com/CC/venv/lib64/python3.9/site-packages/flask/app.py", line 891, in dispatch_request
    self.raise_routing_exception(req)
  File "/www/wwwroot/coinceeper.com/CC/venv/lib64/python3.9/site-packages/flask/app.py", line 500, in raise_routing_exception
    raise request.routing_exception  # type: ignore[misc]
  File "/www/wwwroot/coinceeper.com/CC/venv/lib64/python3.9/site-packages/flask/ctx.py", line 362, in match_request
    result = self.url_adapter.match(return_rule=True)  # type: ignore
  File "/www/wwwroot/coinceeper.com/CC/venv/lib64/python3.9/site-packages/werkzeug/routing/map.py", line 629, in match
    raise NotFound() from None
werkzeug.exceptions.NotFound: 404 Not Found: The requested URL was not found on the server. If you entered the URL manually please check your spelling and try again.

2025-08-01 05:08:33 - error_handlers - ERROR - Unexpected error: 404 Not Found: The requested URL was not found on the server. If you entered the URL manually please check your spelling and try again.
Traceback (most recent call last):
  File "/www/wwwroot/coinceeper.com/CC/venv/lib64/python3.9/site-packages/flask/app.py", line 917, in full_dispatch_request
    rv = self.dispatch_request()
  File "/www/wwwroot/coinceeper.com/CC/venv/lib64/python3.9/site-packages/flask/app.py", line 891, in dispatch_request
    self.raise_routing_exception(req)
  File "/www/wwwroot/coinceeper.com/CC/venv/lib64/python3.9/site-packages/flask/app.py", line 500, in raise_routing_exception
    raise request.routing_exception  # type: ignore[misc]
  File "/www/wwwroot/coinceeper.com/CC/venv/lib64/python3.9/site-packages/flask/ctx.py", line 362, in match_request
    result = self.url_adapter.match(return_rule=True)  # type: ignore
  File "/www/wwwroot/coinceeper.com/CC/venv/lib64/python3.9/site-packages/werkzeug/routing/map.py", line 629, in match
    raise NotFound() from None
werkzeug.exceptions.NotFound: 404 Not Found: The requested URL was not found on the server. If you entered the URL manually please check your spelling and try again.
2025-08-01 05:08:33 - error_handlers - ERROR - Error traceback: Traceback (most recent call last):
  File "/www/wwwroot/coinceeper.com/CC/venv/lib64/python3.9/site-packages/flask/app.py", line 917, in full_dispatch_request
    rv = self.dispatch_request()
  File "/www/wwwroot/coinceeper.com/CC/venv/lib64/python3.9/site-packages/flask/app.py", line 891, in dispatch_request
    self.raise_routing_exception(req)
  File "/www/wwwroot/coinceeper.com/CC/venv/lib64/python3.9/site-packages/flask/app.py", line 500, in raise_routing_exception
    raise request.routing_exception  # type: ignore[misc]
  File "/www/wwwroot/coinceeper.com/CC/venv/lib64/python3.9/site-packages/flask/ctx.py", line 362, in match_request
    result = self.url_adapter.match(return_rule=True)  # type: ignore
  File "/www/wwwroot/coinceeper.com/CC/venv/lib64/python3.9/site-packages/werkzeug/routing/map.py", line 629, in match
    raise NotFound() from None
werkzeug.exceptions.NotFound: 404 Not Found: The requested URL was not found on the server. If you entered the URL manually please check your spelling and try again.

2025-08-01 05:08:34 - error_handlers - ERROR - Unexpected error: 404 Not Found: The requested URL was not found on the server. If you entered the URL manually please check your spelling and try again.
Traceback (most recent call last):
  File "/www/wwwroot/coinceeper.com/CC/venv/lib64/python3.9/site-packages/flask/app.py", line 917, in full_dispatch_request
    rv = self.dispatch_request()
  File "/www/wwwroot/coinceeper.com/CC/venv/lib64/python3.9/site-packages/flask/app.py", line 891, in dispatch_request
    self.raise_routing_exception(req)
  File "/www/wwwroot/coinceeper.com/CC/venv/lib64/python3.9/site-packages/flask/app.py", line 500, in raise_routing_exception
    raise request.routing_exception  # type: ignore[misc]
  File "/www/wwwroot/coinceeper.com/CC/venv/lib64/python3.9/site-packages/flask/ctx.py", line 362, in match_request
    result = self.url_adapter.match(return_rule=True)  # type: ignore
  File "/www/wwwroot/coinceeper.com/CC/venv/lib64/python3.9/site-packages/werkzeug/routing/map.py", line 629, in match
    raise NotFound() from None
werkzeug.exceptions.NotFound: 404 Not Found: The requested URL was not found on the server. If you entered the URL manually please check your spelling and try again.
2025-08-01 05:08:34 - error_handlers - ERROR - Error traceback: Traceback (most recent call last):
  File "/www/wwwroot/coinceeper.com/CC/venv/lib64/python3.9/site-packages/flask/app.py", line 917, in full_dispatch_request
    rv = self.dispatch_request()
  File "/www/wwwroot/coinceeper.com/CC/venv/lib64/python3.9/site-packages/flask/app.py", line 891, in dispatch_request
    self.raise_routing_exception(req)
  File "/www/wwwroot/coinceeper.com/CC/venv/lib64/python3.9/site-packages/flask/app.py", line 500, in raise_routing_exception
    raise request.routing_exception  # type: ignore[misc]
  File "/www/wwwroot/coinceeper.com/CC/venv/lib64/python3.9/site-packages/flask/ctx.py", line 362, in match_request
    result = self.url_adapter.match(return_rule=True)  # type: ignore
  File "/www/wwwroot/coinceeper.com/CC/venv/lib64/python3.9/site-packages/werkzeug/routing/map.py", line 629, in match
    raise NotFound() from None
werkzeug.exceptions.NotFound: 404 Not Found: The requested URL was not found on the server. If you entered the URL manually please check your spelling and try again.

2025-08-01 05:08:34 - error_handlers - ERROR - Unexpected error: 404 Not Found: The requested URL was not found on the server. If you entered the URL manually please check your spelling and try again.
Traceback (most recent call last):
  File "/www/wwwroot/coinceeper.com/CC/venv/lib64/python3.9/site-packages/flask/app.py", line 917, in full_dispatch_request
    rv = self.dispatch_request()
  File "/www/wwwroot/coinceeper.com/CC/venv/lib64/python3.9/site-packages/flask/app.py", line 891, in dispatch_request
    self.raise_routing_exception(req)
  File "/www/wwwroot/coinceeper.com/CC/venv/lib64/python3.9/site-packages/flask/app.py", line 500, in raise_routing_exception
    raise request.routing_exception  # type: ignore[misc]
  File "/www/wwwroot/coinceeper.com/CC/venv/lib64/python3.9/site-packages/flask/ctx.py", line 362, in match_request
    result = self.url_adapter.match(return_rule=True)  # type: ignore
  File "/www/wwwroot/coinceeper.com/CC/venv/lib64/python3.9/site-packages/werkzeug/routing/map.py", line 629, in match
    raise NotFound() from None
werkzeug.exceptions.NotFound: 404 Not Found: The requested URL was not found on the server. If you entered the URL manually please check your spelling and try again.
2025-08-01 05:08:34 - error_handlers - ERROR - Error traceback: Traceback (most recent call last):
  File "/www/wwwroot/coinceeper.com/CC/venv/lib64/python3.9/site-packages/flask/app.py", line 917, in full_dispatch_request
    rv = self.dispatch_request()
  File "/www/wwwroot/coinceeper.com/CC/venv/lib64/python3.9/site-packages/flask/app.py", line 891, in dispatch_request
    self.raise_routing_exception(req)
  File "/www/wwwroot/coinceeper.com/CC/venv/lib64/python3.9/site-packages/flask/app.py", line 500, in raise_routing_exception
    raise request.routing_exception  # type: ignore[misc]
  File "/www/wwwroot/coinceeper.com/CC/venv/lib64/python3.9/site-packages/flask/ctx.py", line 362, in match_request
    result = self.url_adapter.match(return_rule=True)  # type: ignore
  File "/www/wwwroot/coinceeper.com/CC/venv/lib64/python3.9/site-packages/werkzeug/routing/map.py", line 629, in match
    raise NotFound() from None
werkzeug.exceptions.NotFound: 404 Not Found: The requested URL was not found on the server. If you entered the URL manually please check your spelling and try again.

2025-08-01 05:08:35 - error_handlers - ERROR - Unexpected error: 404 Not Found: The requested URL was not found on the server. If you entered the URL manually please check your spelling and try again.
Traceback (most recent call last):
  File "/www/wwwroot/coinceeper.com/CC/venv/lib64/python3.9/site-packages/flask/app.py", line 917, in full_dispatch_request
    rv = self.dispatch_request()
  File "/www/wwwroot/coinceeper.com/CC/venv/lib64/python3.9/site-packages/flask/app.py", line 891, in dispatch_request
    self.raise_routing_exception(req)
  File "/www/wwwroot/coinceeper.com/CC/venv/lib64/python3.9/site-packages/flask/app.py", line 500, in raise_routing_exception
    raise request.routing_exception  # type: ignore[misc]
  File "/www/wwwroot/coinceeper.com/CC/venv/lib64/python3.9/site-packages/flask/ctx.py", line 362, in match_request
    result = self.url_adapter.match(return_rule=True)  # type: ignore
  File "/www/wwwroot/coinceeper.com/CC/venv/lib64/python3.9/site-packages/werkzeug/routing/map.py", line 629, in match
    raise NotFound() from None
werkzeug.exceptions.NotFound: 404 Not Found: The requested URL was not found on the server. If you entered the URL manually please check your spelling and try again.
2025-08-01 05:08:35 - error_handlers - ERROR - Error traceback: Traceback (most recent call last):
  File "/www/wwwroot/coinceeper.com/CC/venv/lib64/python3.9/site-packages/flask/app.py", line 917, in full_dispatch_request
    rv = self.dispatch_request()
  File "/www/wwwroot/coinceeper.com/CC/venv/lib64/python3.9/site-packages/flask/app.py", line 891, in dispatch_request
    self.raise_routing_exception(req)
  File "/www/wwwroot/coinceeper.com/CC/venv/lib64/python3.9/site-packages/flask/app.py", line 500, in raise_routing_exception
    raise request.routing_exception  # type: ignore[misc]
  File "/www/wwwroot/coinceeper.com/CC/venv/lib64/python3.9/site-packages/flask/ctx.py", line 362, in match_request
    result = self.url_adapter.match(return_rule=True)  # type: ignore
  File "/www/wwwroot/coinceeper.com/CC/venv/lib64/python3.9/site-packages/werkzeug/routing/map.py", line 629, in match
    raise NotFound() from None
werkzeug.exceptions.NotFound: 404 Not Found: The requested URL was not found on the server. If you entered the URL manually please check your spelling and try again.

2025-08-01 05:08:36 - error_handlers - ERROR - Unexpected error: 404 Not Found: The requested URL was not found on the server. If you entered the URL manually please check your spelling and try again.
Traceback (most recent call last):
  File "/www/wwwroot/coinceeper.com/CC/venv/lib64/python3.9/site-packages/flask/app.py", line 917, in full_dispatch_request
    rv = self.dispatch_request()
  File "/www/wwwroot/coinceeper.com/CC/venv/lib64/python3.9/site-packages/flask/app.py", line 891, in dispatch_request
    self.raise_routing_exception(req)
  File "/www/wwwroot/coinceeper.com/CC/venv/lib64/python3.9/site-packages/flask/app.py", line 500, in raise_routing_exception
    raise request.routing_exception  # type: ignore[misc]
  File "/www/wwwroot/coinceeper.com/CC/venv/lib64/python3.9/site-packages/flask/ctx.py", line 362, in match_request
    result = self.url_adapter.match(return_rule=True)  # type: ignore
  File "/www/wwwroot/coinceeper.com/CC/venv/lib64/python3.9/site-packages/werkzeug/routing/map.py", line 629, in match
    raise NotFound() from None
werkzeug.exceptions.NotFound: 404 Not Found: The requested URL was not found on the server. If you entered the URL manually please check your spelling and try again.
2025-08-01 05:08:36 - error_handlers - ERROR - Error traceback: Traceback (most recent call last):
  File "/www/wwwroot/coinceeper.com/CC/venv/lib64/python3.9/site-packages/flask/app.py", line 917, in full_dispatch_request
    rv = self.dispatch_request()
  File "/www/wwwroot/coinceeper.com/CC/venv/lib64/python3.9/site-packages/flask/app.py", line 891, in dispatch_request
    self.raise_routing_exception(req)
  File "/www/wwwroot/coinceeper.com/CC/venv/lib64/python3.9/site-packages/flask/app.py", line 500, in raise_routing_exception
    raise request.routing_exception  # type: ignore[misc]
  File "/www/wwwroot/coinceeper.com/CC/venv/lib64/python3.9/site-packages/flask/ctx.py", line 362, in match_request
    result = self.url_adapter.match(return_rule=True)  # type: ignore
  File "/www/wwwroot/coinceeper.com/CC/venv/lib64/python3.9/site-packages/werkzeug/routing/map.py", line 629, in match
    raise NotFound() from None
werkzeug.exceptions.NotFound: 404 Not Found: The requested URL was not found on the server. If you entered the URL manually please check your spelling and try again.

2025-08-01 05:08:36 - error_handlers - ERROR - Unexpected error: 404 Not Found: The requested URL was not found on the server. If you entered the URL manually please check your spelling and try again.
Traceback (most recent call last):
  File "/www/wwwroot/coinceeper.com/CC/venv/lib64/python3.9/site-packages/flask/app.py", line 917, in full_dispatch_request
    rv = self.dispatch_request()
  File "/www/wwwroot/coinceeper.com/CC/venv/lib64/python3.9/site-packages/flask/app.py", line 891, in dispatch_request
    self.raise_routing_exception(req)
  File "/www/wwwroot/coinceeper.com/CC/venv/lib64/python3.9/site-packages/flask/app.py", line 500, in raise_routing_exception
    raise request.routing_exception  # type: ignore[misc]
  File "/www/wwwroot/coinceeper.com/CC/venv/lib64/python3.9/site-packages/flask/ctx.py", line 362, in match_request
    result = self.url_adapter.match(return_rule=True)  # type: ignore
  File "/www/wwwroot/coinceeper.com/CC/venv/lib64/python3.9/site-packages/werkzeug/routing/map.py", line 629, in match
    raise NotFound() from None
werkzeug.exceptions.NotFound: 404 Not Found: The requested URL was not found on the server. If you entered the URL manually please check your spelling and try again.
2025-08-01 05:08:36 - error_handlers - ERROR - Error traceback: Traceback (most recent call last):
  File "/www/wwwroot/coinceeper.com/CC/venv/lib64/python3.9/site-packages/flask/app.py", line 917, in full_dispatch_request
    rv = self.dispatch_request()
  File "/www/wwwroot/coinceeper.com/CC/venv/lib64/python3.9/site-packages/flask/app.py", line 891, in dispatch_request
    self.raise_routing_exception(req)
  File "/www/wwwroot/coinceeper.com/CC/venv/lib64/python3.9/site-packages/flask/app.py", line 500, in raise_routing_exception
    raise request.routing_exception  # type: ignore[misc]
  File "/www/wwwroot/coinceeper.com/CC/venv/lib64/python3.9/site-packages/flask/ctx.py", line 362, in match_request
    result = self.url_adapter.match(return_rule=True)  # type: ignore
  File "/www/wwwroot/coinceeper.com/CC/venv/lib64/python3.9/site-packages/werkzeug/routing/map.py", line 629, in match
    raise NotFound() from None
werkzeug.exceptions.NotFound: 404 Not Found: The requested URL was not found on the server. If you entered the URL manually please check your spelling and try again.

2025-08-01 05:08:37 - error_handlers - ERROR - Unexpected error: 404 Not Found: The requested URL was not found on the server. If you entered the URL manually please check your spelling and try again.
Traceback (most recent call last):
  File "/www/wwwroot/coinceeper.com/CC/venv/lib64/python3.9/site-packages/flask/app.py", line 917, in full_dispatch_request
    rv = self.dispatch_request()
  File "/www/wwwroot/coinceeper.com/CC/venv/lib64/python3.9/site-packages/flask/app.py", line 891, in dispatch_request
    self.raise_routing_exception(req)
  File "/www/wwwroot/coinceeper.com/CC/venv/lib64/python3.9/site-packages/flask/app.py", line 500, in raise_routing_exception
    raise request.routing_exception  # type: ignore[misc]
  File "/www/wwwroot/coinceeper.com/CC/venv/lib64/python3.9/site-packages/flask/ctx.py", line 362, in match_request
    result = self.url_adapter.match(return_rule=True)  # type: ignore
  File "/www/wwwroot/coinceeper.com/CC/venv/lib64/python3.9/site-packages/werkzeug/routing/map.py", line 629, in match
    raise NotFound() from None
werkzeug.exceptions.NotFound: 404 Not Found: The requested URL was not found on the server. If you entered the URL manually please check your spelling and try again.
2025-08-01 05:08:37 - error_handlers - ERROR - Error traceback: Traceback (most recent call last):
  File "/www/wwwroot/coinceeper.com/CC/venv/lib64/python3.9/site-packages/flask/app.py", line 917, in full_dispatch_request
    rv = self.dispatch_request()
  File "/www/wwwroot/coinceeper.com/CC/venv/lib64/python3.9/site-packages/flask/app.py", line 891, in dispatch_request
    self.raise_routing_exception(req)
  File "/www/wwwroot/coinceeper.com/CC/venv/lib64/python3.9/site-packages/flask/app.py", line 500, in raise_routing_exception
    raise request.routing_exception  # type: ignore[misc]
  File "/www/wwwroot/coinceeper.com/CC/venv/lib64/python3.9/site-packages/flask/ctx.py", line 362, in match_request
    result = self.url_adapter.match(return_rule=True)  # type: ignore
  File "/www/wwwroot/coinceeper.com/CC/venv/lib64/python3.9/site-packages/werkzeug/routing/map.py", line 629, in match
    raise NotFound() from None
werkzeug.exceptions.NotFound: 404 Not Found: The requested URL was not found on the server. If you entered the URL manually please check your spelling and try again.

2025-08-01 05:08:38 - error_handlers - ERROR - Unexpected error: 404 Not Found: The requested URL was not found on the server. If you entered the URL manually please check your spelling and try again.
Traceback (most recent call last):
  File "/www/wwwroot/coinceeper.com/CC/venv/lib64/python3.9/site-packages/flask/app.py", line 917, in full_dispatch_request
    rv = self.dispatch_request()
  File "/www/wwwroot/coinceeper.com/CC/venv/lib64/python3.9/site-packages/flask/app.py", line 891, in dispatch_request
    self.raise_routing_exception(req)
  File "/www/wwwroot/coinceeper.com/CC/venv/lib64/python3.9/site-packages/flask/app.py", line 500, in raise_routing_exception
    raise request.routing_exception  # type: ignore[misc]
  File "/www/wwwroot/coinceeper.com/CC/venv/lib64/python3.9/site-packages/flask/ctx.py", line 362, in match_request
    result = self.url_adapter.match(return_rule=True)  # type: ignore
  File "/www/wwwroot/coinceeper.com/CC/venv/lib64/python3.9/site-packages/werkzeug/routing/map.py", line 629, in match
    raise NotFound() from None
werkzeug.exceptions.NotFound: 404 Not Found: The requested URL was not found on the server. If you entered the URL manually please check your spelling and try again.
2025-08-01 05:08:38 - error_handlers - ERROR - Error traceback: Traceback (most recent call last):
  File "/www/wwwroot/coinceeper.com/CC/venv/lib64/python3.9/site-packages/flask/app.py", line 917, in full_dispatch_request
    rv = self.dispatch_request()
  File "/www/wwwroot/coinceeper.com/CC/venv/lib64/python3.9/site-packages/flask/app.py", line 891, in dispatch_request
    self.raise_routing_exception(req)
  File "/www/wwwroot/coinceeper.com/CC/venv/lib64/python3.9/site-packages/flask/app.py", line 500, in raise_routing_exception
    raise request.routing_exception  # type: ignore[misc]
  File "/www/wwwroot/coinceeper.com/CC/venv/lib64/python3.9/site-packages/flask/ctx.py", line 362, in match_request
    result = self.url_adapter.match(return_rule=True)  # type: ignore
  File "/www/wwwroot/coinceeper.com/CC/venv/lib64/python3.9/site-packages/werkzeug/routing/map.py", line 629, in match
    raise NotFound() from None
werkzeug.exceptions.NotFound: 404 Not Found: The requested URL was not found on the server. If you entered the URL manually please check your spelling and try again.

2025-08-01 05:08:38 - error_handlers - ERROR - Unexpected error: 404 Not Found: The requested URL was not found on the server. If you entered the URL manually please check your spelling and try again.
Traceback (most recent call last):
  File "/www/wwwroot/coinceeper.com/CC/venv/lib64/python3.9/site-packages/flask/app.py", line 917, in full_dispatch_request
    rv = self.dispatch_request()
  File "/www/wwwroot/coinceeper.com/CC/venv/lib64/python3.9/site-packages/flask/app.py", line 891, in dispatch_request
    self.raise_routing_exception(req)
  File "/www/wwwroot/coinceeper.com/CC/venv/lib64/python3.9/site-packages/flask/app.py", line 500, in raise_routing_exception
    raise request.routing_exception  # type: ignore[misc]
  File "/www/wwwroot/coinceeper.com/CC/venv/lib64/python3.9/site-packages/flask/ctx.py", line 362, in match_request
    result = self.url_adapter.match(return_rule=True)  # type: ignore
  File "/www/wwwroot/coinceeper.com/CC/venv/lib64/python3.9/site-packages/werkzeug/routing/map.py", line 629, in match
    raise NotFound() from None
werkzeug.exceptions.NotFound: 404 Not Found: The requested URL was not found on the server. If you entered the URL manually please check your spelling and try again.
2025-08-01 05:08:38 - error_handlers - ERROR - Error traceback: Traceback (most recent call last):
  File "/www/wwwroot/coinceeper.com/CC/venv/lib64/python3.9/site-packages/flask/app.py", line 917, in full_dispatch_request
    rv = self.dispatch_request()
  File "/www/wwwroot/coinceeper.com/CC/venv/lib64/python3.9/site-packages/flask/app.py", line 891, in dispatch_request
    self.raise_routing_exception(req)
  File "/www/wwwroot/coinceeper.com/CC/venv/lib64/python3.9/site-packages/flask/app.py", line 500, in raise_routing_exception
    raise request.routing_exception  # type: ignore[misc]
  File "/www/wwwroot/coinceeper.com/CC/venv/lib64/python3.9/site-packages/flask/ctx.py", line 362, in match_request
    result = self.url_adapter.match(return_rule=True)  # type: ignore
  File "/www/wwwroot/coinceeper.com/CC/venv/lib64/python3.9/site-packages/werkzeug/routing/map.py", line 629, in match
    raise NotFound() from None
werkzeug.exceptions.NotFound: 404 Not Found: The requested URL was not found on the server. If you entered the URL manually please check your spelling and try again.

2025-08-01 05:08:39 - error_handlers - ERROR - Unexpected error: 404 Not Found: The requested URL was not found on the server. If you entered the URL manually please check your spelling and try again.
Traceback (most recent call last):
  File "/www/wwwroot/coinceeper.com/CC/venv/lib64/python3.9/site-packages/flask/app.py", line 917, in full_dispatch_request
    rv = self.dispatch_request()
  File "/www/wwwroot/coinceeper.com/CC/venv/lib64/python3.9/site-packages/flask/app.py", line 891, in dispatch_request
    self.raise_routing_exception(req)
  File "/www/wwwroot/coinceeper.com/CC/venv/lib64/python3.9/site-packages/flask/app.py", line 500, in raise_routing_exception
    raise request.routing_exception  # type: ignore[misc]
  File "/www/wwwroot/coinceeper.com/CC/venv/lib64/python3.9/site-packages/flask/ctx.py", line 362, in match_request
    result = self.url_adapter.match(return_rule=True)  # type: ignore
  File "/www/wwwroot/coinceeper.com/CC/venv/lib64/python3.9/site-packages/werkzeug/routing/map.py", line 629, in match
    raise NotFound() from None
werkzeug.exceptions.NotFound: 404 Not Found: The requested URL was not found on the server. If you entered the URL manually please check your spelling and try again.
2025-08-01 05:08:39 - error_handlers - ERROR - Error traceback: Traceback (most recent call last):
  File "/www/wwwroot/coinceeper.com/CC/venv/lib64/python3.9/site-packages/flask/app.py", line 917, in full_dispatch_request
    rv = self.dispatch_request()
  File "/www/wwwroot/coinceeper.com/CC/venv/lib64/python3.9/site-packages/flask/app.py", line 891, in dispatch_request
    self.raise_routing_exception(req)
  File "/www/wwwroot/coinceeper.com/CC/venv/lib64/python3.9/site-packages/flask/app.py", line 500, in raise_routing_exception
    raise request.routing_exception  # type: ignore[misc]
  File "/www/wwwroot/coinceeper.com/CC/venv/lib64/python3.9/site-packages/flask/ctx.py", line 362, in match_request
    result = self.url_adapter.match(return_rule=True)  # type: ignore
  File "/www/wwwroot/coinceeper.com/CC/venv/lib64/python3.9/site-packages/werkzeug/routing/map.py", line 629, in match
    raise NotFound() from None
werkzeug.exceptions.NotFound: 404 Not Found: The requested URL was not found on the server. If you entered the URL manually please check your spelling and try again.

2025-08-01 05:08:40 - error_handlers - ERROR - Unexpected error: 404 Not Found: The requested URL was not found on the server. If you entered the URL manually please check your spelling and try again.
Traceback (most recent call last):
  File "/www/wwwroot/coinceeper.com/CC/venv/lib64/python3.9/site-packages/flask/app.py", line 917, in full_dispatch_request
    rv = self.dispatch_request()
  File "/www/wwwroot/coinceeper.com/CC/venv/lib64/python3.9/site-packages/flask/app.py", line 891, in dispatch_request
    self.raise_routing_exception(req)
  File "/www/wwwroot/coinceeper.com/CC/venv/lib64/python3.9/site-packages/flask/app.py", line 500, in raise_routing_exception
    raise request.routing_exception  # type: ignore[misc]
  File "/www/wwwroot/coinceeper.com/CC/venv/lib64/python3.9/site-packages/flask/ctx.py", line 362, in match_request
    result = self.url_adapter.match(return_rule=True)  # type: ignore
  File "/www/wwwroot/coinceeper.com/CC/venv/lib64/python3.9/site-packages/werkzeug/routing/map.py", line 629, in match
    raise NotFound() from None
werkzeug.exceptions.NotFound: 404 Not Found: The requested URL was not found on the server. If you entered the URL manually please check your spelling and try again.
2025-08-01 05:08:40 - error_handlers - ERROR - Error traceback: Traceback (most recent call last):
  File "/www/wwwroot/coinceeper.com/CC/venv/lib64/python3.9/site-packages/flask/app.py", line 917, in full_dispatch_request
    rv = self.dispatch_request()
  File "/www/wwwroot/coinceeper.com/CC/venv/lib64/python3.9/site-packages/flask/app.py", line 891, in dispatch_request
    self.raise_routing_exception(req)
  File "/www/wwwroot/coinceeper.com/CC/venv/lib64/python3.9/site-packages/flask/app.py", line 500, in raise_routing_exception
    raise request.routing_exception  # type: ignore[misc]
  File "/www/wwwroot/coinceeper.com/CC/venv/lib64/python3.9/site-packages/flask/ctx.py", line 362, in match_request
    result = self.url_adapter.match(return_rule=True)  # type: ignore
  File "/www/wwwroot/coinceeper.com/CC/venv/lib64/python3.9/site-packages/werkzeug/routing/map.py", line 629, in match
    raise NotFound() from None
werkzeug.exceptions.NotFound: 404 Not Found: The requested URL was not found on the server. If you entered the URL manually please check your spelling and try again.

2025-08-01 05:08:41 - error_handlers - ERROR - Unexpected error: 404 Not Found: The requested URL was not found on the server. If you entered the URL manually please check your spelling and try again.
Traceback (most recent call last):
  File "/www/wwwroot/coinceeper.com/CC/venv/lib64/python3.9/site-packages/flask/app.py", line 917, in full_dispatch_request
    rv = self.dispatch_request()
  File "/www/wwwroot/coinceeper.com/CC/venv/lib64/python3.9/site-packages/flask/app.py", line 891, in dispatch_request
    self.raise_routing_exception(req)
  File "/www/wwwroot/coinceeper.com/CC/venv/lib64/python3.9/site-packages/flask/app.py", line 500, in raise_routing_exception
    raise request.routing_exception  # type: ignore[misc]
  File "/www/wwwroot/coinceeper.com/CC/venv/lib64/python3.9/site-packages/flask/ctx.py", line 362, in match_request
    result = self.url_adapter.match(return_rule=True)  # type: ignore
  File "/www/wwwroot/coinceeper.com/CC/venv/lib64/python3.9/site-packages/werkzeug/routing/map.py", line 629, in match
    raise NotFound() from None
werkzeug.exceptions.NotFound: 404 Not Found: The requested URL was not found on the server. If you entered the URL manually please check your spelling and try again.
2025-08-01 05:08:41 - error_handlers - ERROR - Error traceback: Traceback (most recent call last):
  File "/www/wwwroot/coinceeper.com/CC/venv/lib64/python3.9/site-packages/flask/app.py", line 917, in full_dispatch_request
    rv = self.dispatch_request()
  File "/www/wwwroot/coinceeper.com/CC/venv/lib64/python3.9/site-packages/flask/app.py", line 891, in dispatch_request
    self.raise_routing_exception(req)
  File "/www/wwwroot/coinceeper.com/CC/venv/lib64/python3.9/site-packages/flask/app.py", line 500, in raise_routing_exception
    raise request.routing_exception  # type: ignore[misc]
  File "/www/wwwroot/coinceeper.com/CC/venv/lib64/python3.9/site-packages/flask/ctx.py", line 362, in match_request
    result = self.url_adapter.match(return_rule=True)  # type: ignore
  File "/www/wwwroot/coinceeper.com/CC/venv/lib64/python3.9/site-packages/werkzeug/routing/map.py", line 629, in match
    raise NotFound() from None
werkzeug.exceptions.NotFound: 404 Not Found: The requested URL was not found on the server. If you entered the URL manually please check your spelling and try again.

2025-08-01 05:08:42 - error_handlers - ERROR - Unexpected error: 404 Not Found: The requested URL was not found on the server. If you entered the URL manually please check your spelling and try again.
Traceback (most recent call last):
  File "/www/wwwroot/coinceeper.com/CC/venv/lib64/python3.9/site-packages/flask/app.py", line 917, in full_dispatch_request
    rv = self.dispatch_request()
  File "/www/wwwroot/coinceeper.com/CC/venv/lib64/python3.9/site-packages/flask/app.py", line 891, in dispatch_request
    self.raise_routing_exception(req)
  File "/www/wwwroot/coinceeper.com/CC/venv/lib64/python3.9/site-packages/flask/app.py", line 500, in raise_routing_exception
    raise request.routing_exception  # type: ignore[misc]
  File "/www/wwwroot/coinceeper.com/CC/venv/lib64/python3.9/site-packages/flask/ctx.py", line 362, in match_request
    result = self.url_adapter.match(return_rule=True)  # type: ignore
  File "/www/wwwroot/coinceeper.com/CC/venv/lib64/python3.9/site-packages/werkzeug/routing/map.py", line 629, in match
    raise NotFound() from None
werkzeug.exceptions.NotFound: 404 Not Found: The requested URL was not found on the server. If you entered the URL manually please check your spelling and try again.
2025-08-01 05:08:42 - error_handlers - ERROR - Error traceback: Traceback (most recent call last):
  File "/www/wwwroot/coinceeper.com/CC/venv/lib64/python3.9/site-packages/flask/app.py", line 917, in full_dispatch_request
    rv = self.dispatch_request()
  File "/www/wwwroot/coinceeper.com/CC/venv/lib64/python3.9/site-packages/flask/app.py", line 891, in dispatch_request
    self.raise_routing_exception(req)
  File "/www/wwwroot/coinceeper.com/CC/venv/lib64/python3.9/site-packages/flask/app.py", line 500, in raise_routing_exception
    raise request.routing_exception  # type: ignore[misc]
  File "/www/wwwroot/coinceeper.com/CC/venv/lib64/python3.9/site-packages/flask/ctx.py", line 362, in match_request
    result = self.url_adapter.match(return_rule=True)  # type: ignore
  File "/www/wwwroot/coinceeper.com/CC/venv/lib64/python3.9/site-packages/werkzeug/routing/map.py", line 629, in match
    raise NotFound() from None
werkzeug.exceptions.NotFound: 404 Not Found: The requested URL was not found on the server. If you entered the URL manually please check your spelling and try again.

2025-08-01 05:08:42 - error_handlers - ERROR - Unexpected error: 404 Not Found: The requested URL was not found on the server. If you entered the URL manually please check your spelling and try again.
Traceback (most recent call last):
  File "/www/wwwroot/coinceeper.com/CC/venv/lib64/python3.9/site-packages/flask/app.py", line 917, in full_dispatch_request
    rv = self.dispatch_request()
  File "/www/wwwroot/coinceeper.com/CC/venv/lib64/python3.9/site-packages/flask/app.py", line 891, in dispatch_request
    self.raise_routing_exception(req)
  File "/www/wwwroot/coinceeper.com/CC/venv/lib64/python3.9/site-packages/flask/app.py", line 500, in raise_routing_exception
    raise request.routing_exception  # type: ignore[misc]
  File "/www/wwwroot/coinceeper.com/CC/venv/lib64/python3.9/site-packages/flask/ctx.py", line 362, in match_request
    result = self.url_adapter.match(return_rule=True)  # type: ignore
  File "/www/wwwroot/coinceeper.com/CC/venv/lib64/python3.9/site-packages/werkzeug/routing/map.py", line 629, in match
    raise NotFound() from None
werkzeug.exceptions.NotFound: 404 Not Found: The requested URL was not found on the server. If you entered the URL manually please check your spelling and try again.
2025-08-01 05:08:42 - error_handlers - ERROR - Error traceback: Traceback (most recent call last):
  File "/www/wwwroot/coinceeper.com/CC/venv/lib64/python3.9/site-packages/flask/app.py", line 917, in full_dispatch_request
    rv = self.dispatch_request()
  File "/www/wwwroot/coinceeper.com/CC/venv/lib64/python3.9/site-packages/flask/app.py", line 891, in dispatch_request
    self.raise_routing_exception(req)
  File "/www/wwwroot/coinceeper.com/CC/venv/lib64/python3.9/site-packages/flask/app.py", line 500, in raise_routing_exception
    raise request.routing_exception  # type: ignore[misc]
  File "/www/wwwroot/coinceeper.com/CC/venv/lib64/python3.9/site-packages/flask/ctx.py", line 362, in match_request
    result = self.url_adapter.match(return_rule=True)  # type: ignore
  File "/www/wwwroot/coinceeper.com/CC/venv/lib64/python3.9/site-packages/werkzeug/routing/map.py", line 629, in match
    raise NotFound() from None
werkzeug.exceptions.NotFound: 404 Not Found: The requested URL was not found on the server. If you entered the URL manually please check your spelling and try again.

2025-08-01 05:08:43 - error_handlers - ERROR - Unexpected error: 404 Not Found: The requested URL was not found on the server. If you entered the URL manually please check your spelling and try again.
Traceback (most recent call last):
  File "/www/wwwroot/coinceeper.com/CC/venv/lib64/python3.9/site-packages/flask/app.py", line 917, in full_dispatch_request
    rv = self.dispatch_request()
  File "/www/wwwroot/coinceeper.com/CC/venv/lib64/python3.9/site-packages/flask/app.py", line 891, in dispatch_request
    self.raise_routing_exception(req)
  File "/www/wwwroot/coinceeper.com/CC/venv/lib64/python3.9/site-packages/flask/app.py", line 500, in raise_routing_exception
    raise request.routing_exception  # type: ignore[misc]
  File "/www/wwwroot/coinceeper.com/CC/venv/lib64/python3.9/site-packages/flask/ctx.py", line 362, in match_request
    result = self.url_adapter.match(return_rule=True)  # type: ignore
  File "/www/wwwroot/coinceeper.com/CC/venv/lib64/python3.9/site-packages/werkzeug/routing/map.py", line 629, in match
    raise NotFound() from None
werkzeug.exceptions.NotFound: 404 Not Found: The requested URL was not found on the server. If you entered the URL manually please check your spelling and try again.
2025-08-01 05:08:43 - error_handlers - ERROR - Error traceback: Traceback (most recent call last):
  File "/www/wwwroot/coinceeper.com/CC/venv/lib64/python3.9/site-packages/flask/app.py", line 917, in full_dispatch_request
    rv = self.dispatch_request()
  File "/www/wwwroot/coinceeper.com/CC/venv/lib64/python3.9/site-packages/flask/app.py", line 891, in dispatch_request
    self.raise_routing_exception(req)
  File "/www/wwwroot/coinceeper.com/CC/venv/lib64/python3.9/site-packages/flask/app.py", line 500, in raise_routing_exception
    raise request.routing_exception  # type: ignore[misc]
  File "/www/wwwroot/coinceeper.com/CC/venv/lib64/python3.9/site-packages/flask/ctx.py", line 362, in match_request
    result = self.url_adapter.match(return_rule=True)  # type: ignore
  File "/www/wwwroot/coinceeper.com/CC/venv/lib64/python3.9/site-packages/werkzeug/routing/map.py", line 629, in match
    raise NotFound() from None
werkzeug.exceptions.NotFound: 404 Not Found: The requested URL was not found on the server. If you entered the URL manually please check your spelling and try again.

2025-08-01 05:08:44 - error_handlers - ERROR - Unexpected error: 404 Not Found: The requested URL was not found on the server. If you entered the URL manually please check your spelling and try again.
Traceback (most recent call last):
  File "/www/wwwroot/coinceeper.com/CC/venv/lib64/python3.9/site-packages/flask/app.py", line 917, in full_dispatch_request
    rv = self.dispatch_request()
  File "/www/wwwroot/coinceeper.com/CC/venv/lib64/python3.9/site-packages/flask/app.py", line 891, in dispatch_request
    self.raise_routing_exception(req)
  File "/www/wwwroot/coinceeper.com/CC/venv/lib64/python3.9/site-packages/flask/app.py", line 500, in raise_routing_exception
    raise request.routing_exception  # type: ignore[misc]
  File "/www/wwwroot/coinceeper.com/CC/venv/lib64/python3.9/site-packages/flask/ctx.py", line 362, in match_request
    result = self.url_adapter.match(return_rule=True)  # type: ignore
  File "/www/wwwroot/coinceeper.com/CC/venv/lib64/python3.9/site-packages/werkzeug/routing/map.py", line 629, in match
    raise NotFound() from None
werkzeug.exceptions.NotFound: 404 Not Found: The requested URL was not found on the server. If you entered the URL manually please check your spelling and try again.
2025-08-01 05:08:44 - error_handlers - ERROR - Error traceback: Traceback (most recent call last):
  File "/www/wwwroot/coinceeper.com/CC/venv/lib64/python3.9/site-packages/flask/app.py", line 917, in full_dispatch_request
    rv = self.dispatch_request()
  File "/www/wwwroot/coinceeper.com/CC/venv/lib64/python3.9/site-packages/flask/app.py", line 891, in dispatch_request
    self.raise_routing_exception(req)
  File "/www/wwwroot/coinceeper.com/CC/venv/lib64/python3.9/site-packages/flask/app.py", line 500, in raise_routing_exception
    raise request.routing_exception  # type: ignore[misc]
  File "/www/wwwroot/coinceeper.com/CC/venv/lib64/python3.9/site-packages/flask/ctx.py", line 362, in match_request
    result = self.url_adapter.match(return_rule=True)  # type: ignore
  File "/www/wwwroot/coinceeper.com/CC/venv/lib64/python3.9/site-packages/werkzeug/routing/map.py", line 629, in match
    raise NotFound() from None
werkzeug.exceptions.NotFound: 404 Not Found: The requested URL was not found on the server. If you entered the URL manually please check your spelling and try again.

2025-08-01 05:08:44 - error_handlers - ERROR - Unexpected error: 404 Not Found: The requested URL was not found on the server. If you entered the URL manually please check your spelling and try again.
Traceback (most recent call last):
  File "/www/wwwroot/coinceeper.com/CC/venv/lib64/python3.9/site-packages/flask/app.py", line 917, in full_dispatch_request
    rv = self.dispatch_request()
  File "/www/wwwroot/coinceeper.com/CC/venv/lib64/python3.9/site-packages/flask/app.py", line 891, in dispatch_request
    self.raise_routing_exception(req)
  File "/www/wwwroot/coinceeper.com/CC/venv/lib64/python3.9/site-packages/flask/app.py", line 500, in raise_routing_exception
    raise request.routing_exception  # type: ignore[misc]
  File "/www/wwwroot/coinceeper.com/CC/venv/lib64/python3.9/site-packages/flask/ctx.py", line 362, in match_request
    result = self.url_adapter.match(return_rule=True)  # type: ignore
  File "/www/wwwroot/coinceeper.com/CC/venv/lib64/python3.9/site-packages/werkzeug/routing/map.py", line 629, in match
    raise NotFound() from None
werkzeug.exceptions.NotFound: 404 Not Found: The requested URL was not found on the server. If you entered the URL manually please check your spelling and try again.
2025-08-01 05:08:44 - error_handlers - ERROR - Error traceback: Traceback (most recent call last):
  File "/www/wwwroot/coinceeper.com/CC/venv/lib64/python3.9/site-packages/flask/app.py", line 917, in full_dispatch_request
    rv = self.dispatch_request()
  File "/www/wwwroot/coinceeper.com/CC/venv/lib64/python3.9/site-packages/flask/app.py", line 891, in dispatch_request
    self.raise_routing_exception(req)
  File "/www/wwwroot/coinceeper.com/CC/venv/lib64/python3.9/site-packages/flask/app.py", line 500, in raise_routing_exception
    raise request.routing_exception  # type: ignore[misc]
  File "/www/wwwroot/coinceeper.com/CC/venv/lib64/python3.9/site-packages/flask/ctx.py", line 362, in match_request
    result = self.url_adapter.match(return_rule=True)  # type: ignore
  File "/www/wwwroot/coinceeper.com/CC/venv/lib64/python3.9/site-packages/werkzeug/routing/map.py", line 629, in match
    raise NotFound() from None
werkzeug.exceptions.NotFound: 404 Not Found: The requested URL was not found on the server. If you entered the URL manually please check your spelling and try again.

2025-08-01 05:08:45 - error_handlers - ERROR - Unexpected error: 404 Not Found: The requested URL was not found on the server. If you entered the URL manually please check your spelling and try again.
Traceback (most recent call last):
  File "/www/wwwroot/coinceeper.com/CC/venv/lib64/python3.9/site-packages/flask/app.py", line 917, in full_dispatch_request
    rv = self.dispatch_request()
  File "/www/wwwroot/coinceeper.com/CC/venv/lib64/python3.9/site-packages/flask/app.py", line 891, in dispatch_request
    self.raise_routing_exception(req)
  File "/www/wwwroot/coinceeper.com/CC/venv/lib64/python3.9/site-packages/flask/app.py", line 500, in raise_routing_exception
    raise request.routing_exception  # type: ignore[misc]
  File "/www/wwwroot/coinceeper.com/CC/venv/lib64/python3.9/site-packages/flask/ctx.py", line 362, in match_request
    result = self.url_adapter.match(return_rule=True)  # type: ignore
  File "/www/wwwroot/coinceeper.com/CC/venv/lib64/python3.9/site-packages/werkzeug/routing/map.py", line 629, in match
    raise NotFound() from None
werkzeug.exceptions.NotFound: 404 Not Found: The requested URL was not found on the server. If you entered the URL manually please check your spelling and try again.
2025-08-01 05:08:45 - error_handlers - ERROR - Error traceback: Traceback (most recent call last):
  File "/www/wwwroot/coinceeper.com/CC/venv/lib64/python3.9/site-packages/flask/app.py", line 917, in full_dispatch_request
    rv = self.dispatch_request()
  File "/www/wwwroot/coinceeper.com/CC/venv/lib64/python3.9/site-packages/flask/app.py", line 891, in dispatch_request
    self.raise_routing_exception(req)
  File "/www/wwwroot/coinceeper.com/CC/venv/lib64/python3.9/site-packages/flask/app.py", line 500, in raise_routing_exception
    raise request.routing_exception  # type: ignore[misc]
  File "/www/wwwroot/coinceeper.com/CC/venv/lib64/python3.9/site-packages/flask/ctx.py", line 362, in match_request
    result = self.url_adapter.match(return_rule=True)  # type: ignore
  File "/www/wwwroot/coinceeper.com/CC/venv/lib64/python3.9/site-packages/werkzeug/routing/map.py", line 629, in match
    raise NotFound() from None
werkzeug.exceptions.NotFound: 404 Not Found: The requested URL was not found on the server. If you entered the URL manually please check your spelling and try again.

2025-08-01 05:08:46 - error_handlers - ERROR - Unexpected error: 404 Not Found: The requested URL was not found on the server. If you entered the URL manually please check your spelling and try again.
Traceback (most recent call last):
  File "/www/wwwroot/coinceeper.com/CC/venv/lib64/python3.9/site-packages/flask/app.py", line 917, in full_dispatch_request
    rv = self.dispatch_request()
  File "/www/wwwroot/coinceeper.com/CC/venv/lib64/python3.9/site-packages/flask/app.py", line 891, in dispatch_request
    self.raise_routing_exception(req)
  File "/www/wwwroot/coinceeper.com/CC/venv/lib64/python3.9/site-packages/flask/app.py", line 500, in raise_routing_exception
    raise request.routing_exception  # type: ignore[misc]
  File "/www/wwwroot/coinceeper.com/CC/venv/lib64/python3.9/site-packages/flask/ctx.py", line 362, in match_request
    result = self.url_adapter.match(return_rule=True)  # type: ignore
  File "/www/wwwroot/coinceeper.com/CC/venv/lib64/python3.9/site-packages/werkzeug/routing/map.py", line 629, in match
    raise NotFound() from None
werkzeug.exceptions.NotFound: 404 Not Found: The requested URL was not found on the server. If you entered the URL manually please check your spelling and try again.
2025-08-01 05:08:46 - error_handlers - ERROR - Error traceback: Traceback (most recent call last):
  File "/www/wwwroot/coinceeper.com/CC/venv/lib64/python3.9/site-packages/flask/app.py", line 917, in full_dispatch_request
    rv = self.dispatch_request()
  File "/www/wwwroot/coinceeper.com/CC/venv/lib64/python3.9/site-packages/flask/app.py", line 891, in dispatch_request
    self.raise_routing_exception(req)
  File "/www/wwwroot/coinceeper.com/CC/venv/lib64/python3.9/site-packages/flask/app.py", line 500, in raise_routing_exception
    raise request.routing_exception  # type: ignore[misc]
  File "/www/wwwroot/coinceeper.com/CC/venv/lib64/python3.9/site-packages/flask/ctx.py", line 362, in match_request
    result = self.url_adapter.match(return_rule=True)  # type: ignore
  File "/www/wwwroot/coinceeper.com/CC/venv/lib64/python3.9/site-packages/werkzeug/routing/map.py", line 629, in match
    raise NotFound() from None
werkzeug.exceptions.NotFound: 404 Not Found: The requested URL was not found on the server. If you entered the URL manually please check your spelling and try again.

2025-08-01 05:08:46 - error_handlers - ERROR - Unexpected error: 404 Not Found: The requested URL was not found on the server. If you entered the URL manually please check your spelling and try again.
Traceback (most recent call last):
  File "/www/wwwroot/coinceeper.com/CC/venv/lib64/python3.9/site-packages/flask/app.py", line 917, in full_dispatch_request
    rv = self.dispatch_request()
  File "/www/wwwroot/coinceeper.com/CC/venv/lib64/python3.9/site-packages/flask/app.py", line 891, in dispatch_request
    self.raise_routing_exception(req)
  File "/www/wwwroot/coinceeper.com/CC/venv/lib64/python3.9/site-packages/flask/app.py", line 500, in raise_routing_exception
    raise request.routing_exception  # type: ignore[misc]
  File "/www/wwwroot/coinceeper.com/CC/venv/lib64/python3.9/site-packages/flask/ctx.py", line 362, in match_request
    result = self.url_adapter.match(return_rule=True)  # type: ignore
  File "/www/wwwroot/coinceeper.com/CC/venv/lib64/python3.9/site-packages/werkzeug/routing/map.py", line 629, in match
    raise NotFound() from None
werkzeug.exceptions.NotFound: 404 Not Found: The requested URL was not found on the server. If you entered the URL manually please check your spelling and try again.
2025-08-01 05:08:46 - error_handlers - ERROR - Error traceback: Traceback (most recent call last):
  File "/www/wwwroot/coinceeper.com/CC/venv/lib64/python3.9/site-packages/flask/app.py", line 917, in full_dispatch_request
    rv = self.dispatch_request()
  File "/www/wwwroot/coinceeper.com/CC/venv/lib64/python3.9/site-packages/flask/app.py", line 891, in dispatch_request
    self.raise_routing_exception(req)
  File "/www/wwwroot/coinceeper.com/CC/venv/lib64/python3.9/site-packages/flask/app.py", line 500, in raise_routing_exception
    raise request.routing_exception  # type: ignore[misc]
  File "/www/wwwroot/coinceeper.com/CC/venv/lib64/python3.9/site-packages/flask/ctx.py", line 362, in match_request
    result = self.url_adapter.match(return_rule=True)  # type: ignore
  File "/www/wwwroot/coinceeper.com/CC/venv/lib64/python3.9/site-packages/werkzeug/routing/map.py", line 629, in match
    raise NotFound() from None
werkzeug.exceptions.NotFound: 404 Not Found: The requested URL was not found on the server. If you entered the URL manually please check your spelling and try again.

2025-08-01 05:08:47 - error_handlers - ERROR - Unexpected error: 404 Not Found: The requested URL was not found on the server. If you entered the URL manually please check your spelling and try again.
Traceback (most recent call last):
  File "/www/wwwroot/coinceeper.com/CC/venv/lib64/python3.9/site-packages/flask/app.py", line 917, in full_dispatch_request
    rv = self.dispatch_request()
  File "/www/wwwroot/coinceeper.com/CC/venv/lib64/python3.9/site-packages/flask/app.py", line 891, in dispatch_request
    self.raise_routing_exception(req)
  File "/www/wwwroot/coinceeper.com/CC/venv/lib64/python3.9/site-packages/flask/app.py", line 500, in raise_routing_exception
    raise request.routing_exception  # type: ignore[misc]
  File "/www/wwwroot/coinceeper.com/CC/venv/lib64/python3.9/site-packages/flask/ctx.py", line 362, in match_request
    result = self.url_adapter.match(return_rule=True)  # type: ignore
  File "/www/wwwroot/coinceeper.com/CC/venv/lib64/python3.9/site-packages/werkzeug/routing/map.py", line 629, in match
    raise NotFound() from None
werkzeug.exceptions.NotFound: 404 Not Found: The requested URL was not found on the server. If you entered the URL manually please check your spelling and try again.
2025-08-01 05:08:47 - error_handlers - ERROR - Error traceback: Traceback (most recent call last):
  File "/www/wwwroot/coinceeper.com/CC/venv/lib64/python3.9/site-packages/flask/app.py", line 917, in full_dispatch_request
    rv = self.dispatch_request()
  File "/www/wwwroot/coinceeper.com/CC/venv/lib64/python3.9/site-packages/flask/app.py", line 891, in dispatch_request
    self.raise_routing_exception(req)
  File "/www/wwwroot/coinceeper.com/CC/venv/lib64/python3.9/site-packages/flask/app.py", line 500, in raise_routing_exception
    raise request.routing_exception  # type: ignore[misc]
  File "/www/wwwroot/coinceeper.com/CC/venv/lib64/python3.9/site-packages/flask/ctx.py", line 362, in match_request
    result = self.url_adapter.match(return_rule=True)  # type: ignore
  File "/www/wwwroot/coinceeper.com/CC/venv/lib64/python3.9/site-packages/werkzeug/routing/map.py", line 629, in match
    raise NotFound() from None
werkzeug.exceptions.NotFound: 404 Not Found: The requested URL was not found on the server. If you entered the URL manually please check your spelling and try again.

2025-08-01 05:08:48 - error_handlers - ERROR - Unexpected error: 404 Not Found: The requested URL was not found on the server. If you entered the URL manually please check your spelling and try again.
Traceback (most recent call last):
  File "/www/wwwroot/coinceeper.com/CC/venv/lib64/python3.9/site-packages/flask/app.py", line 917, in full_dispatch_request
    rv = self.dispatch_request()
  File "/www/wwwroot/coinceeper.com/CC/venv/lib64/python3.9/site-packages/flask/app.py", line 891, in dispatch_request
    self.raise_routing_exception(req)
  File "/www/wwwroot/coinceeper.com/CC/venv/lib64/python3.9/site-packages/flask/app.py", line 500, in raise_routing_exception
    raise request.routing_exception  # type: ignore[misc]
  File "/www/wwwroot/coinceeper.com/CC/venv/lib64/python3.9/site-packages/flask/ctx.py", line 362, in match_request
    result = self.url_adapter.match(return_rule=True)  # type: ignore
  File "/www/wwwroot/coinceeper.com/CC/venv/lib64/python3.9/site-packages/werkzeug/routing/map.py", line 629, in match
    raise NotFound() from None
werkzeug.exceptions.NotFound: 404 Not Found: The requested URL was not found on the server. If you entered the URL manually please check your spelling and try again.
2025-08-01 05:08:48 - error_handlers - ERROR - Error traceback: Traceback (most recent call last):
  File "/www/wwwroot/coinceeper.com/CC/venv/lib64/python3.9/site-packages/flask/app.py", line 917, in full_dispatch_request
    rv = self.dispatch_request()
  File "/www/wwwroot/coinceeper.com/CC/venv/lib64/python3.9/site-packages/flask/app.py", line 891, in dispatch_request
    self.raise_routing_exception(req)
  File "/www/wwwroot/coinceeper.com/CC/venv/lib64/python3.9/site-packages/flask/app.py", line 500, in raise_routing_exception
    raise request.routing_exception  # type: ignore[misc]
  File "/www/wwwroot/coinceeper.com/CC/venv/lib64/python3.9/site-packages/flask/ctx.py", line 362, in match_request
    result = self.url_adapter.match(return_rule=True)  # type: ignore
  File "/www/wwwroot/coinceeper.com/CC/venv/lib64/python3.9/site-packages/werkzeug/routing/map.py", line 629, in match
    raise NotFound() from None
werkzeug.exceptions.NotFound: 404 Not Found: The requested URL was not found on the server. If you entered the URL manually please check your spelling and try again.

2025-08-01 05:08:49 - error_handlers - ERROR - Unexpected error: 404 Not Found: The requested URL was not found on the server. If you entered the URL manually please check your spelling and try again.
Traceback (most recent call last):
  File "/www/wwwroot/coinceeper.com/CC/venv/lib64/python3.9/site-packages/flask/app.py", line 917, in full_dispatch_request
    rv = self.dispatch_request()
  File "/www/wwwroot/coinceeper.com/CC/venv/lib64/python3.9/site-packages/flask/app.py", line 891, in dispatch_request
    self.raise_routing_exception(req)
  File "/www/wwwroot/coinceeper.com/CC/venv/lib64/python3.9/site-packages/flask/app.py", line 500, in raise_routing_exception
    raise request.routing_exception  # type: ignore[misc]
  File "/www/wwwroot/coinceeper.com/CC/venv/lib64/python3.9/site-packages/flask/ctx.py", line 362, in match_request
    result = self.url_adapter.match(return_rule=True)  # type: ignore
  File "/www/wwwroot/coinceeper.com/CC/venv/lib64/python3.9/site-packages/werkzeug/routing/map.py", line 629, in match
    raise NotFound() from None
werkzeug.exceptions.NotFound: 404 Not Found: The requested URL was not found on the server. If you entered the URL manually please check your spelling and try again.
2025-08-01 05:08:49 - error_handlers - ERROR - Error traceback: Traceback (most recent call last):
  File "/www/wwwroot/coinceeper.com/CC/venv/lib64/python3.9/site-packages/flask/app.py", line 917, in full_dispatch_request
    rv = self.dispatch_request()
  File "/www/wwwroot/coinceeper.com/CC/venv/lib64/python3.9/site-packages/flask/app.py", line 891, in dispatch_request
    self.raise_routing_exception(req)
  File "/www/wwwroot/coinceeper.com/CC/venv/lib64/python3.9/site-packages/flask/app.py", line 500, in raise_routing_exception
    raise request.routing_exception  # type: ignore[misc]
  File "/www/wwwroot/coinceeper.com/CC/venv/lib64/python3.9/site-packages/flask/ctx.py", line 362, in match_request
    result = self.url_adapter.match(return_rule=True)  # type: ignore
  File "/www/wwwroot/coinceeper.com/CC/venv/lib64/python3.9/site-packages/werkzeug/routing/map.py", line 629, in match
    raise NotFound() from None
werkzeug.exceptions.NotFound: 404 Not Found: The requested URL was not found on the server. If you entered the URL manually please check your spelling and try again.

2025-08-01 05:08:49 - error_handlers - ERROR - Unexpected error: 404 Not Found: The requested URL was not found on the server. If you entered the URL manually please check your spelling and try again.
Traceback (most recent call last):
  File "/www/wwwroot/coinceeper.com/CC/venv/lib64/python3.9/site-packages/flask/app.py", line 917, in full_dispatch_request
    rv = self.dispatch_request()
  File "/www/wwwroot/coinceeper.com/CC/venv/lib64/python3.9/site-packages/flask/app.py", line 891, in dispatch_request
    self.raise_routing_exception(req)
  File "/www/wwwroot/coinceeper.com/CC/venv/lib64/python3.9/site-packages/flask/app.py", line 500, in raise_routing_exception
    raise request.routing_exception  # type: ignore[misc]
  File "/www/wwwroot/coinceeper.com/CC/venv/lib64/python3.9/site-packages/flask/ctx.py", line 362, in match_request
    result = self.url_adapter.match(return_rule=True)  # type: ignore
  File "/www/wwwroot/coinceeper.com/CC/venv/lib64/python3.9/site-packages/werkzeug/routing/map.py", line 629, in match
    raise NotFound() from None
werkzeug.exceptions.NotFound: 404 Not Found: The requested URL was not found on the server. If you entered the URL manually please check your spelling and try again.
2025-08-01 05:08:49 - error_handlers - ERROR - Error traceback: Traceback (most recent call last):
  File "/www/wwwroot/coinceeper.com/CC/venv/lib64/python3.9/site-packages/flask/app.py", line 917, in full_dispatch_request
    rv = self.dispatch_request()
  File "/www/wwwroot/coinceeper.com/CC/venv/lib64/python3.9/site-packages/flask/app.py", line 891, in dispatch_request
    self.raise_routing_exception(req)
  File "/www/wwwroot/coinceeper.com/CC/venv/lib64/python3.9/site-packages/flask/app.py", line 500, in raise_routing_exception
    raise request.routing_exception  # type: ignore[misc]
  File "/www/wwwroot/coinceeper.com/CC/venv/lib64/python3.9/site-packages/flask/ctx.py", line 362, in match_request
    result = self.url_adapter.match(return_rule=True)  # type: ignore
  File "/www/wwwroot/coinceeper.com/CC/venv/lib64/python3.9/site-packages/werkzeug/routing/map.py", line 629, in match
    raise NotFound() from None
werkzeug.exceptions.NotFound: 404 Not Found: The requested URL was not found on the server. If you entered the URL manually please check your spelling and try again.

2025-08-01 05:08:50 - error_handlers - ERROR - Unexpected error: 404 Not Found: The requested URL was not found on the server. If you entered the URL manually please check your spelling and try again.
Traceback (most recent call last):
  File "/www/wwwroot/coinceeper.com/CC/venv/lib64/python3.9/site-packages/flask/app.py", line 917, in full_dispatch_request
    rv = self.dispatch_request()
  File "/www/wwwroot/coinceeper.com/CC/venv/lib64/python3.9/site-packages/flask/app.py", line 891, in dispatch_request
    self.raise_routing_exception(req)
  File "/www/wwwroot/coinceeper.com/CC/venv/lib64/python3.9/site-packages/flask/app.py", line 500, in raise_routing_exception
    raise request.routing_exception  # type: ignore[misc]
  File "/www/wwwroot/coinceeper.com/CC/venv/lib64/python3.9/site-packages/flask/ctx.py", line 362, in match_request
    result = self.url_adapter.match(return_rule=True)  # type: ignore
  File "/www/wwwroot/coinceeper.com/CC/venv/lib64/python3.9/site-packages/werkzeug/routing/map.py", line 629, in match
    raise NotFound() from None
werkzeug.exceptions.NotFound: 404 Not Found: The requested URL was not found on the server. If you entered the URL manually please check your spelling and try again.
2025-08-01 05:08:50 - error_handlers - ERROR - Error traceback: Traceback (most recent call last):
  File "/www/wwwroot/coinceeper.com/CC/venv/lib64/python3.9/site-packages/flask/app.py", line 917, in full_dispatch_request
    rv = self.dispatch_request()
  File "/www/wwwroot/coinceeper.com/CC/venv/lib64/python3.9/site-packages/flask/app.py", line 891, in dispatch_request
    self.raise_routing_exception(req)
  File "/www/wwwroot/coinceeper.com/CC/venv/lib64/python3.9/site-packages/flask/app.py", line 500, in raise_routing_exception
    raise request.routing_exception  # type: ignore[misc]
  File "/www/wwwroot/coinceeper.com/CC/venv/lib64/python3.9/site-packages/flask/ctx.py", line 362, in match_request
    result = self.url_adapter.match(return_rule=True)  # type: ignore
  File "/www/wwwroot/coinceeper.com/CC/venv/lib64/python3.9/site-packages/werkzeug/routing/map.py", line 629, in match
    raise NotFound() from None
werkzeug.exceptions.NotFound: 404 Not Found: The requested URL was not found on the server. If you entered the URL manually please check your spelling and try again.

2025-08-01 05:08:51 - error_handlers - ERROR - Unexpected error: 404 Not Found: The requested URL was not found on the server. If you entered the URL manually please check your spelling and try again.
Traceback (most recent call last):
  File "/www/wwwroot/coinceeper.com/CC/venv/lib64/python3.9/site-packages/flask/app.py", line 917, in full_dispatch_request
    rv = self.dispatch_request()
  File "/www/wwwroot/coinceeper.com/CC/venv/lib64/python3.9/site-packages/flask/app.py", line 891, in dispatch_request
    self.raise_routing_exception(req)
  File "/www/wwwroot/coinceeper.com/CC/venv/lib64/python3.9/site-packages/flask/app.py", line 500, in raise_routing_exception
    raise request.routing_exception  # type: ignore[misc]
  File "/www/wwwroot/coinceeper.com/CC/venv/lib64/python3.9/site-packages/flask/ctx.py", line 362, in match_request
    result = self.url_adapter.match(return_rule=True)  # type: ignore
  File "/www/wwwroot/coinceeper.com/CC/venv/lib64/python3.9/site-packages/werkzeug/routing/map.py", line 629, in match
    raise NotFound() from None
werkzeug.exceptions.NotFound: 404 Not Found: The requested URL was not found on the server. If you entered the URL manually please check your spelling and try again.
2025-08-01 05:08:51 - error_handlers - ERROR - Error traceback: Traceback (most recent call last):
  File "/www/wwwroot/coinceeper.com/CC/venv/lib64/python3.9/site-packages/flask/app.py", line 917, in full_dispatch_request
    rv = self.dispatch_request()
  File "/www/wwwroot/coinceeper.com/CC/venv/lib64/python3.9/site-packages/flask/app.py", line 891, in dispatch_request
    self.raise_routing_exception(req)
  File "/www/wwwroot/coinceeper.com/CC/venv/lib64/python3.9/site-packages/flask/app.py", line 500, in raise_routing_exception
    raise request.routing_exception  # type: ignore[misc]
  File "/www/wwwroot/coinceeper.com/CC/venv/lib64/python3.9/site-packages/flask/ctx.py", line 362, in match_request
    result = self.url_adapter.match(return_rule=True)  # type: ignore
  File "/www/wwwroot/coinceeper.com/CC/venv/lib64/python3.9/site-packages/werkzeug/routing/map.py", line 629, in match
    raise NotFound() from None
werkzeug.exceptions.NotFound: 404 Not Found: The requested URL was not found on the server. If you entered the URL manually please check your spelling and try again.

2025-08-01 05:33:20 - error_handlers - ERROR - Unexpected error: 404 Not Found: The requested URL was not found on the server. If you entered the URL manually please check your spelling and try again.
Traceback (most recent call last):
  File "/www/wwwroot/coinceeper.com/CC/venv/lib64/python3.9/site-packages/flask/app.py", line 917, in full_dispatch_request
    rv = self.dispatch_request()
  File "/www/wwwroot/coinceeper.com/CC/venv/lib64/python3.9/site-packages/flask/app.py", line 891, in dispatch_request
    self.raise_routing_exception(req)
  File "/www/wwwroot/coinceeper.com/CC/venv/lib64/python3.9/site-packages/flask/app.py", line 500, in raise_routing_exception
    raise request.routing_exception  # type: ignore[misc]
  File "/www/wwwroot/coinceeper.com/CC/venv/lib64/python3.9/site-packages/flask/ctx.py", line 362, in match_request
    result = self.url_adapter.match(return_rule=True)  # type: ignore
  File "/www/wwwroot/coinceeper.com/CC/venv/lib64/python3.9/site-packages/werkzeug/routing/map.py", line 629, in match
    raise NotFound() from None
werkzeug.exceptions.NotFound: 404 Not Found: The requested URL was not found on the server. If you entered the URL manually please check your spelling and try again.
2025-08-01 05:33:20 - error_handlers - ERROR - Error traceback: Traceback (most recent call last):
  File "/www/wwwroot/coinceeper.com/CC/venv/lib64/python3.9/site-packages/flask/app.py", line 917, in full_dispatch_request
    rv = self.dispatch_request()
  File "/www/wwwroot/coinceeper.com/CC/venv/lib64/python3.9/site-packages/flask/app.py", line 891, in dispatch_request
    self.raise_routing_exception(req)
  File "/www/wwwroot/coinceeper.com/CC/venv/lib64/python3.9/site-packages/flask/app.py", line 500, in raise_routing_exception
    raise request.routing_exception  # type: ignore[misc]
  File "/www/wwwroot/coinceeper.com/CC/venv/lib64/python3.9/site-packages/flask/ctx.py", line 362, in match_request
    result = self.url_adapter.match(return_rule=True)  # type: ignore
  File "/www/wwwroot/coinceeper.com/CC/venv/lib64/python3.9/site-packages/werkzeug/routing/map.py", line 629, in match
    raise NotFound() from None
werkzeug.exceptions.NotFound: 404 Not Found: The requested URL was not found on the server. If you entered the URL manually please check your spelling and try again.

2025-08-01 05:33:22 - error_handlers - ERROR - Unexpected error: 405 Method Not Allowed: The method is not allowed for the requested URL.
Traceback (most recent call last):
  File "/www/wwwroot/coinceeper.com/CC/venv/lib64/python3.9/site-packages/flask/app.py", line 917, in full_dispatch_request
    rv = self.dispatch_request()
  File "/www/wwwroot/coinceeper.com/CC/venv/lib64/python3.9/site-packages/flask/app.py", line 891, in dispatch_request
    self.raise_routing_exception(req)
  File "/www/wwwroot/coinceeper.com/CC/venv/lib64/python3.9/site-packages/flask/app.py", line 500, in raise_routing_exception
    raise request.routing_exception  # type: ignore[misc]
  File "/www/wwwroot/coinceeper.com/CC/venv/lib64/python3.9/site-packages/flask/ctx.py", line 362, in match_request
    result = self.url_adapter.match(return_rule=True)  # type: ignore
  File "/www/wwwroot/coinceeper.com/CC/venv/lib64/python3.9/site-packages/werkzeug/routing/map.py", line 624, in match
    raise MethodNotAllowed(valid_methods=list(e.have_match_for)) from None
werkzeug.exceptions.MethodNotAllowed: 405 Method Not Allowed: The method is not allowed for the requested URL.
2025-08-01 05:33:22 - error_handlers - ERROR - Error traceback: Traceback (most recent call last):
  File "/www/wwwroot/coinceeper.com/CC/venv/lib64/python3.9/site-packages/flask/app.py", line 917, in full_dispatch_request
    rv = self.dispatch_request()
  File "/www/wwwroot/coinceeper.com/CC/venv/lib64/python3.9/site-packages/flask/app.py", line 891, in dispatch_request
    self.raise_routing_exception(req)
  File "/www/wwwroot/coinceeper.com/CC/venv/lib64/python3.9/site-packages/flask/app.py", line 500, in raise_routing_exception
    raise request.routing_exception  # type: ignore[misc]
  File "/www/wwwroot/coinceeper.com/CC/venv/lib64/python3.9/site-packages/flask/ctx.py", line 362, in match_request
    result = self.url_adapter.match(return_rule=True)  # type: ignore
  File "/www/wwwroot/coinceeper.com/CC/venv/lib64/python3.9/site-packages/werkzeug/routing/map.py", line 624, in match
    raise MethodNotAllowed(valid_methods=list(e.have_match_for)) from None
werkzeug.exceptions.MethodNotAllowed: 405 Method Not Allowed: The method is not allowed for the requested URL.

2025-08-01 06:31:10 - error_handlers - ERROR - Unexpected error: 404 Not Found: The requested URL was not found on the server. If you entered the URL manually please check your spelling and try again.
Traceback (most recent call last):
  File "/www/wwwroot/coinceeper.com/CC/venv/lib64/python3.9/site-packages/flask/app.py", line 917, in full_dispatch_request
    rv = self.dispatch_request()
  File "/www/wwwroot/coinceeper.com/CC/venv/lib64/python3.9/site-packages/flask/app.py", line 891, in dispatch_request
    self.raise_routing_exception(req)
  File "/www/wwwroot/coinceeper.com/CC/venv/lib64/python3.9/site-packages/flask/app.py", line 500, in raise_routing_exception
    raise request.routing_exception  # type: ignore[misc]
  File "/www/wwwroot/coinceeper.com/CC/venv/lib64/python3.9/site-packages/flask/ctx.py", line 362, in match_request
    result = self.url_adapter.match(return_rule=True)  # type: ignore
  File "/www/wwwroot/coinceeper.com/CC/venv/lib64/python3.9/site-packages/werkzeug/routing/map.py", line 629, in match
    raise NotFound() from None
werkzeug.exceptions.NotFound: 404 Not Found: The requested URL was not found on the server. If you entered the URL manually please check your spelling and try again.
2025-08-01 06:31:10 - error_handlers - ERROR - Error traceback: Traceback (most recent call last):
  File "/www/wwwroot/coinceeper.com/CC/venv/lib64/python3.9/site-packages/flask/app.py", line 917, in full_dispatch_request
    rv = self.dispatch_request()
  File "/www/wwwroot/coinceeper.com/CC/venv/lib64/python3.9/site-packages/flask/app.py", line 891, in dispatch_request
    self.raise_routing_exception(req)
  File "/www/wwwroot/coinceeper.com/CC/venv/lib64/python3.9/site-packages/flask/app.py", line 500, in raise_routing_exception
    raise request.routing_exception  # type: ignore[misc]
  File "/www/wwwroot/coinceeper.com/CC/venv/lib64/python3.9/site-packages/flask/ctx.py", line 362, in match_request
    result = self.url_adapter.match(return_rule=True)  # type: ignore
  File "/www/wwwroot/coinceeper.com/CC/venv/lib64/python3.9/site-packages/werkzeug/routing/map.py", line 629, in match
    raise NotFound() from None
werkzeug.exceptions.NotFound: 404 Not Found: The requested URL was not found on the server. If you entered the URL manually please check your spelling and try again.

2025-08-01 06:31:14 - error_handlers - ERROR - Unexpected error: 404 Not Found: The requested URL was not found on the server. If you entered the URL manually please check your spelling and try again.
Traceback (most recent call last):
  File "/www/wwwroot/coinceeper.com/CC/venv/lib64/python3.9/site-packages/flask/app.py", line 917, in full_dispatch_request
    rv = self.dispatch_request()
  File "/www/wwwroot/coinceeper.com/CC/venv/lib64/python3.9/site-packages/flask/app.py", line 891, in dispatch_request
    self.raise_routing_exception(req)
  File "/www/wwwroot/coinceeper.com/CC/venv/lib64/python3.9/site-packages/flask/app.py", line 500, in raise_routing_exception
    raise request.routing_exception  # type: ignore[misc]
  File "/www/wwwroot/coinceeper.com/CC/venv/lib64/python3.9/site-packages/flask/ctx.py", line 362, in match_request
    result = self.url_adapter.match(return_rule=True)  # type: ignore
  File "/www/wwwroot/coinceeper.com/CC/venv/lib64/python3.9/site-packages/werkzeug/routing/map.py", line 629, in match
    raise NotFound() from None
werkzeug.exceptions.NotFound: 404 Not Found: The requested URL was not found on the server. If you entered the URL manually please check your spelling and try again.
2025-08-01 06:31:14 - error_handlers - ERROR - Error traceback: Traceback (most recent call last):
  File "/www/wwwroot/coinceeper.com/CC/venv/lib64/python3.9/site-packages/flask/app.py", line 917, in full_dispatch_request
    rv = self.dispatch_request()
  File "/www/wwwroot/coinceeper.com/CC/venv/lib64/python3.9/site-packages/flask/app.py", line 891, in dispatch_request
    self.raise_routing_exception(req)
  File "/www/wwwroot/coinceeper.com/CC/venv/lib64/python3.9/site-packages/flask/app.py", line 500, in raise_routing_exception
    raise request.routing_exception  # type: ignore[misc]
  File "/www/wwwroot/coinceeper.com/CC/venv/lib64/python3.9/site-packages/flask/ctx.py", line 362, in match_request
    result = self.url_adapter.match(return_rule=True)  # type: ignore
  File "/www/wwwroot/coinceeper.com/CC/venv/lib64/python3.9/site-packages/werkzeug/routing/map.py", line 629, in match
    raise NotFound() from None
werkzeug.exceptions.NotFound: 404 Not Found: The requested URL was not found on the server. If you entered the URL manually please check your spelling and try again.

2025-08-01 06:31:16 - error_handlers - ERROR - Unexpected error: 404 Not Found: The requested URL was not found on the server. If you entered the URL manually please check your spelling and try again.
Traceback (most recent call last):
  File "/www/wwwroot/coinceeper.com/CC/venv/lib64/python3.9/site-packages/flask/app.py", line 917, in full_dispatch_request
    rv = self.dispatch_request()
  File "/www/wwwroot/coinceeper.com/CC/venv/lib64/python3.9/site-packages/flask/app.py", line 891, in dispatch_request
    self.raise_routing_exception(req)
  File "/www/wwwroot/coinceeper.com/CC/venv/lib64/python3.9/site-packages/flask/app.py", line 500, in raise_routing_exception
    raise request.routing_exception  # type: ignore[misc]
  File "/www/wwwroot/coinceeper.com/CC/venv/lib64/python3.9/site-packages/flask/ctx.py", line 362, in match_request
    result = self.url_adapter.match(return_rule=True)  # type: ignore
  File "/www/wwwroot/coinceeper.com/CC/venv/lib64/python3.9/site-packages/werkzeug/routing/map.py", line 629, in match
    raise NotFound() from None
werkzeug.exceptions.NotFound: 404 Not Found: The requested URL was not found on the server. If you entered the URL manually please check your spelling and try again.
2025-08-01 06:31:16 - error_handlers - ERROR - Error traceback: Traceback (most recent call last):
  File "/www/wwwroot/coinceeper.com/CC/venv/lib64/python3.9/site-packages/flask/app.py", line 917, in full_dispatch_request
    rv = self.dispatch_request()
  File "/www/wwwroot/coinceeper.com/CC/venv/lib64/python3.9/site-packages/flask/app.py", line 891, in dispatch_request
    self.raise_routing_exception(req)
  File "/www/wwwroot/coinceeper.com/CC/venv/lib64/python3.9/site-packages/flask/app.py", line 500, in raise_routing_exception
    raise request.routing_exception  # type: ignore[misc]
  File "/www/wwwroot/coinceeper.com/CC/venv/lib64/python3.9/site-packages/flask/ctx.py", line 362, in match_request
    result = self.url_adapter.match(return_rule=True)  # type: ignore
  File "/www/wwwroot/coinceeper.com/CC/venv/lib64/python3.9/site-packages/werkzeug/routing/map.py", line 629, in match
    raise NotFound() from None
werkzeug.exceptions.NotFound: 404 Not Found: The requested URL was not found on the server. If you entered the URL manually please check your spelling and try again.

2025-08-01 06:48:18 - error_handlers - ERROR - Unexpected error: 404 Not Found: The requested URL was not found on the server. If you entered the URL manually please check your spelling and try again.
Traceback (most recent call last):
  File "/www/wwwroot/coinceeper.com/CC/venv/lib64/python3.9/site-packages/flask/app.py", line 917, in full_dispatch_request
    rv = self.dispatch_request()
  File "/www/wwwroot/coinceeper.com/CC/venv/lib64/python3.9/site-packages/flask/app.py", line 891, in dispatch_request
    self.raise_routing_exception(req)
  File "/www/wwwroot/coinceeper.com/CC/venv/lib64/python3.9/site-packages/flask/app.py", line 500, in raise_routing_exception
    raise request.routing_exception  # type: ignore[misc]
  File "/www/wwwroot/coinceeper.com/CC/venv/lib64/python3.9/site-packages/flask/ctx.py", line 362, in match_request
    result = self.url_adapter.match(return_rule=True)  # type: ignore
  File "/www/wwwroot/coinceeper.com/CC/venv/lib64/python3.9/site-packages/werkzeug/routing/map.py", line 629, in match
    raise NotFound() from None
werkzeug.exceptions.NotFound: 404 Not Found: The requested URL was not found on the server. If you entered the URL manually please check your spelling and try again.
2025-08-01 06:48:18 - error_handlers - ERROR - Error traceback: Traceback (most recent call last):
  File "/www/wwwroot/coinceeper.com/CC/venv/lib64/python3.9/site-packages/flask/app.py", line 917, in full_dispatch_request
    rv = self.dispatch_request()
  File "/www/wwwroot/coinceeper.com/CC/venv/lib64/python3.9/site-packages/flask/app.py", line 891, in dispatch_request
    self.raise_routing_exception(req)
  File "/www/wwwroot/coinceeper.com/CC/venv/lib64/python3.9/site-packages/flask/app.py", line 500, in raise_routing_exception
    raise request.routing_exception  # type: ignore[misc]
  File "/www/wwwroot/coinceeper.com/CC/venv/lib64/python3.9/site-packages/flask/ctx.py", line 362, in match_request
    result = self.url_adapter.match(return_rule=True)  # type: ignore
  File "/www/wwwroot/coinceeper.com/CC/venv/lib64/python3.9/site-packages/werkzeug/routing/map.py", line 629, in match
    raise NotFound() from None
werkzeug.exceptions.NotFound: 404 Not Found: The requested URL was not found on the server. If you entered the URL manually please check your spelling and try again.

2025-08-01 06:53:01 - error_handlers - ERROR - Unexpected error: 404 Not Found: The requested URL was not found on the server. If you entered the URL manually please check your spelling and try again.
Traceback (most recent call last):
  File "/www/wwwroot/coinceeper.com/CC/venv/lib64/python3.9/site-packages/flask/app.py", line 917, in full_dispatch_request
    rv = self.dispatch_request()
  File "/www/wwwroot/coinceeper.com/CC/venv/lib64/python3.9/site-packages/flask/app.py", line 891, in dispatch_request
    self.raise_routing_exception(req)
  File "/www/wwwroot/coinceeper.com/CC/venv/lib64/python3.9/site-packages/flask/app.py", line 500, in raise_routing_exception
    raise request.routing_exception  # type: ignore[misc]
  File "/www/wwwroot/coinceeper.com/CC/venv/lib64/python3.9/site-packages/flask/ctx.py", line 362, in match_request
    result = self.url_adapter.match(return_rule=True)  # type: ignore
  File "/www/wwwroot/coinceeper.com/CC/venv/lib64/python3.9/site-packages/werkzeug/routing/map.py", line 629, in match
    raise NotFound() from None
werkzeug.exceptions.NotFound: 404 Not Found: The requested URL was not found on the server. If you entered the URL manually please check your spelling and try again.
2025-08-01 06:53:01 - error_handlers - ERROR - Error traceback: Traceback (most recent call last):
  File "/www/wwwroot/coinceeper.com/CC/venv/lib64/python3.9/site-packages/flask/app.py", line 917, in full_dispatch_request
    rv = self.dispatch_request()
  File "/www/wwwroot/coinceeper.com/CC/venv/lib64/python3.9/site-packages/flask/app.py", line 891, in dispatch_request
    self.raise_routing_exception(req)
  File "/www/wwwroot/coinceeper.com/CC/venv/lib64/python3.9/site-packages/flask/app.py", line 500, in raise_routing_exception
    raise request.routing_exception  # type: ignore[misc]
  File "/www/wwwroot/coinceeper.com/CC/venv/lib64/python3.9/site-packages/flask/ctx.py", line 362, in match_request
    result = self.url_adapter.match(return_rule=True)  # type: ignore
  File "/www/wwwroot/coinceeper.com/CC/venv/lib64/python3.9/site-packages/werkzeug/routing/map.py", line 629, in match
    raise NotFound() from None
werkzeug.exceptions.NotFound: 404 Not Found: The requested URL was not found on the server. If you entered the URL manually please check your spelling and try again.

2025-08-01 07:25:35 - error_handlers - ERROR - Unexpected error: 404 Not Found: The requested URL was not found on the server. If you entered the URL manually please check your spelling and try again.
Traceback (most recent call last):
  File "/www/wwwroot/coinceeper.com/CC/venv/lib64/python3.9/site-packages/flask/app.py", line 917, in full_dispatch_request
    rv = self.dispatch_request()
  File "/www/wwwroot/coinceeper.com/CC/venv/lib64/python3.9/site-packages/flask/app.py", line 891, in dispatch_request
    self.raise_routing_exception(req)
  File "/www/wwwroot/coinceeper.com/CC/venv/lib64/python3.9/site-packages/flask/app.py", line 500, in raise_routing_exception
    raise request.routing_exception  # type: ignore[misc]
  File "/www/wwwroot/coinceeper.com/CC/venv/lib64/python3.9/site-packages/flask/ctx.py", line 362, in match_request
    result = self.url_adapter.match(return_rule=True)  # type: ignore
  File "/www/wwwroot/coinceeper.com/CC/venv/lib64/python3.9/site-packages/werkzeug/routing/map.py", line 629, in match
    raise NotFound() from None
werkzeug.exceptions.NotFound: 404 Not Found: The requested URL was not found on the server. If you entered the URL manually please check your spelling and try again.
2025-08-01 07:25:35 - error_handlers - ERROR - Error traceback: Traceback (most recent call last):
  File "/www/wwwroot/coinceeper.com/CC/venv/lib64/python3.9/site-packages/flask/app.py", line 917, in full_dispatch_request
    rv = self.dispatch_request()
  File "/www/wwwroot/coinceeper.com/CC/venv/lib64/python3.9/site-packages/flask/app.py", line 891, in dispatch_request
    self.raise_routing_exception(req)
  File "/www/wwwroot/coinceeper.com/CC/venv/lib64/python3.9/site-packages/flask/app.py", line 500, in raise_routing_exception
    raise request.routing_exception  # type: ignore[misc]
  File "/www/wwwroot/coinceeper.com/CC/venv/lib64/python3.9/site-packages/flask/ctx.py", line 362, in match_request
    result = self.url_adapter.match(return_rule=True)  # type: ignore
  File "/www/wwwroot/coinceeper.com/CC/venv/lib64/python3.9/site-packages/werkzeug/routing/map.py", line 629, in match
    raise NotFound() from None
werkzeug.exceptions.NotFound: 404 Not Found: The requested URL was not found on the server. If you entered the URL manually please check your spelling and try again.

2025-08-01 07:25:35 - error_handlers - ERROR - Unexpected error: 404 Not Found: The requested URL was not found on the server. If you entered the URL manually please check your spelling and try again.
Traceback (most recent call last):
  File "/www/wwwroot/coinceeper.com/CC/venv/lib64/python3.9/site-packages/flask/app.py", line 917, in full_dispatch_request
    rv = self.dispatch_request()
  File "/www/wwwroot/coinceeper.com/CC/venv/lib64/python3.9/site-packages/flask/app.py", line 891, in dispatch_request
    self.raise_routing_exception(req)
  File "/www/wwwroot/coinceeper.com/CC/venv/lib64/python3.9/site-packages/flask/app.py", line 500, in raise_routing_exception
    raise request.routing_exception  # type: ignore[misc]
  File "/www/wwwroot/coinceeper.com/CC/venv/lib64/python3.9/site-packages/flask/ctx.py", line 362, in match_request
    result = self.url_adapter.match(return_rule=True)  # type: ignore
  File "/www/wwwroot/coinceeper.com/CC/venv/lib64/python3.9/site-packages/werkzeug/routing/map.py", line 629, in match
    raise NotFound() from None
werkzeug.exceptions.NotFound: 404 Not Found: The requested URL was not found on the server. If you entered the URL manually please check your spelling and try again.
2025-08-01 07:25:35 - error_handlers - ERROR - Error traceback: Traceback (most recent call last):
  File "/www/wwwroot/coinceeper.com/CC/venv/lib64/python3.9/site-packages/flask/app.py", line 917, in full_dispatch_request
    rv = self.dispatch_request()
  File "/www/wwwroot/coinceeper.com/CC/venv/lib64/python3.9/site-packages/flask/app.py", line 891, in dispatch_request
    self.raise_routing_exception(req)
  File "/www/wwwroot/coinceeper.com/CC/venv/lib64/python3.9/site-packages/flask/app.py", line 500, in raise_routing_exception
    raise request.routing_exception  # type: ignore[misc]
  File "/www/wwwroot/coinceeper.com/CC/venv/lib64/python3.9/site-packages/flask/ctx.py", line 362, in match_request
    result = self.url_adapter.match(return_rule=True)  # type: ignore
  File "/www/wwwroot/coinceeper.com/CC/venv/lib64/python3.9/site-packages/werkzeug/routing/map.py", line 629, in match
    raise NotFound() from None
werkzeug.exceptions.NotFound: 404 Not Found: The requested URL was not found on the server. If you entered the URL manually please check your spelling and try again.

2025-08-01 08:11:09 - error_handlers - ERROR - Unexpected error: 404 Not Found: The requested URL was not found on the server. If you entered the URL manually please check your spelling and try again.
Traceback (most recent call last):
  File "/www/wwwroot/coinceeper.com/CC/venv/lib64/python3.9/site-packages/flask/app.py", line 917, in full_dispatch_request
    rv = self.dispatch_request()
  File "/www/wwwroot/coinceeper.com/CC/venv/lib64/python3.9/site-packages/flask/app.py", line 891, in dispatch_request
    self.raise_routing_exception(req)
  File "/www/wwwroot/coinceeper.com/CC/venv/lib64/python3.9/site-packages/flask/app.py", line 500, in raise_routing_exception
    raise request.routing_exception  # type: ignore[misc]
  File "/www/wwwroot/coinceeper.com/CC/venv/lib64/python3.9/site-packages/flask/ctx.py", line 362, in match_request
    result = self.url_adapter.match(return_rule=True)  # type: ignore
  File "/www/wwwroot/coinceeper.com/CC/venv/lib64/python3.9/site-packages/werkzeug/routing/map.py", line 629, in match
    raise NotFound() from None
werkzeug.exceptions.NotFound: 404 Not Found: The requested URL was not found on the server. If you entered the URL manually please check your spelling and try again.
2025-08-01 08:11:09 - error_handlers - ERROR - Error traceback: Traceback (most recent call last):
  File "/www/wwwroot/coinceeper.com/CC/venv/lib64/python3.9/site-packages/flask/app.py", line 917, in full_dispatch_request
    rv = self.dispatch_request()
  File "/www/wwwroot/coinceeper.com/CC/venv/lib64/python3.9/site-packages/flask/app.py", line 891, in dispatch_request
    self.raise_routing_exception(req)
  File "/www/wwwroot/coinceeper.com/CC/venv/lib64/python3.9/site-packages/flask/app.py", line 500, in raise_routing_exception
    raise request.routing_exception  # type: ignore[misc]
  File "/www/wwwroot/coinceeper.com/CC/venv/lib64/python3.9/site-packages/flask/ctx.py", line 362, in match_request
    result = self.url_adapter.match(return_rule=True)  # type: ignore
  File "/www/wwwroot/coinceeper.com/CC/venv/lib64/python3.9/site-packages/werkzeug/routing/map.py", line 629, in match
    raise NotFound() from None
werkzeug.exceptions.NotFound: 404 Not Found: The requested URL was not found on the server. If you entered the URL manually please check your spelling and try again.

2025-08-01 08:13:29 - error_handlers - ERROR - Unexpected error: 404 Not Found: The requested URL was not found on the server. If you entered the URL manually please check your spelling and try again.
Traceback (most recent call last):
  File "/www/wwwroot/coinceeper.com/CC/venv/lib64/python3.9/site-packages/flask/app.py", line 917, in full_dispatch_request
    rv = self.dispatch_request()
  File "/www/wwwroot/coinceeper.com/CC/venv/lib64/python3.9/site-packages/flask/app.py", line 891, in dispatch_request
    self.raise_routing_exception(req)
  File "/www/wwwroot/coinceeper.com/CC/venv/lib64/python3.9/site-packages/flask/app.py", line 500, in raise_routing_exception
    raise request.routing_exception  # type: ignore[misc]
  File "/www/wwwroot/coinceeper.com/CC/venv/lib64/python3.9/site-packages/flask/ctx.py", line 362, in match_request
    result = self.url_adapter.match(return_rule=True)  # type: ignore
  File "/www/wwwroot/coinceeper.com/CC/venv/lib64/python3.9/site-packages/werkzeug/routing/map.py", line 629, in match
    raise NotFound() from None
werkzeug.exceptions.NotFound: 404 Not Found: The requested URL was not found on the server. If you entered the URL manually please check your spelling and try again.
2025-08-01 08:13:29 - error_handlers - ERROR - Error traceback: Traceback (most recent call last):
  File "/www/wwwroot/coinceeper.com/CC/venv/lib64/python3.9/site-packages/flask/app.py", line 917, in full_dispatch_request
    rv = self.dispatch_request()
  File "/www/wwwroot/coinceeper.com/CC/venv/lib64/python3.9/site-packages/flask/app.py", line 891, in dispatch_request
    self.raise_routing_exception(req)
  File "/www/wwwroot/coinceeper.com/CC/venv/lib64/python3.9/site-packages/flask/app.py", line 500, in raise_routing_exception
    raise request.routing_exception  # type: ignore[misc]
  File "/www/wwwroot/coinceeper.com/CC/venv/lib64/python3.9/site-packages/flask/ctx.py", line 362, in match_request
    result = self.url_adapter.match(return_rule=True)  # type: ignore
  File "/www/wwwroot/coinceeper.com/CC/venv/lib64/python3.9/site-packages/werkzeug/routing/map.py", line 629, in match
    raise NotFound() from None
werkzeug.exceptions.NotFound: 404 Not Found: The requested URL was not found on the server. If you entered the URL manually please check your spelling and try again.

2025-08-01 08:57:38 - error_handlers - ERROR - Unexpected error: 404 Not Found: The requested URL was not found on the server. If you entered the URL manually please check your spelling and try again.
Traceback (most recent call last):
  File "/www/wwwroot/coinceeper.com/CC/venv/lib64/python3.9/site-packages/flask/app.py", line 917, in full_dispatch_request
    rv = self.dispatch_request()
  File "/www/wwwroot/coinceeper.com/CC/venv/lib64/python3.9/site-packages/flask/app.py", line 891, in dispatch_request
    self.raise_routing_exception(req)
  File "/www/wwwroot/coinceeper.com/CC/venv/lib64/python3.9/site-packages/flask/app.py", line 500, in raise_routing_exception
    raise request.routing_exception  # type: ignore[misc]
  File "/www/wwwroot/coinceeper.com/CC/venv/lib64/python3.9/site-packages/flask/ctx.py", line 362, in match_request
    result = self.url_adapter.match(return_rule=True)  # type: ignore
  File "/www/wwwroot/coinceeper.com/CC/venv/lib64/python3.9/site-packages/werkzeug/routing/map.py", line 629, in match
    raise NotFound() from None
werkzeug.exceptions.NotFound: 404 Not Found: The requested URL was not found on the server. If you entered the URL manually please check your spelling and try again.
2025-08-01 08:57:38 - error_handlers - ERROR - Error traceback: Traceback (most recent call last):
  File "/www/wwwroot/coinceeper.com/CC/venv/lib64/python3.9/site-packages/flask/app.py", line 917, in full_dispatch_request
    rv = self.dispatch_request()
  File "/www/wwwroot/coinceeper.com/CC/venv/lib64/python3.9/site-packages/flask/app.py", line 891, in dispatch_request
    self.raise_routing_exception(req)
  File "/www/wwwroot/coinceeper.com/CC/venv/lib64/python3.9/site-packages/flask/app.py", line 500, in raise_routing_exception
    raise request.routing_exception  # type: ignore[misc]
  File "/www/wwwroot/coinceeper.com/CC/venv/lib64/python3.9/site-packages/flask/ctx.py", line 362, in match_request
    result = self.url_adapter.match(return_rule=True)  # type: ignore
  File "/www/wwwroot/coinceeper.com/CC/venv/lib64/python3.9/site-packages/werkzeug/routing/map.py", line 629, in match
    raise NotFound() from None
werkzeug.exceptions.NotFound: 404 Not Found: The requested URL was not found on the server. If you entered the URL manually please check your spelling and try again.

2025-08-01 08:58:41 - error_handlers - ERROR - Unexpected error: 404 Not Found: The requested URL was not found on the server. If you entered the URL manually please check your spelling and try again.
Traceback (most recent call last):
  File "/www/wwwroot/coinceeper.com/CC/venv/lib64/python3.9/site-packages/flask/app.py", line 917, in full_dispatch_request
    rv = self.dispatch_request()
  File "/www/wwwroot/coinceeper.com/CC/venv/lib64/python3.9/site-packages/flask/app.py", line 891, in dispatch_request
    self.raise_routing_exception(req)
  File "/www/wwwroot/coinceeper.com/CC/venv/lib64/python3.9/site-packages/flask/app.py", line 500, in raise_routing_exception
    raise request.routing_exception  # type: ignore[misc]
  File "/www/wwwroot/coinceeper.com/CC/venv/lib64/python3.9/site-packages/flask/ctx.py", line 362, in match_request
    result = self.url_adapter.match(return_rule=True)  # type: ignore
  File "/www/wwwroot/coinceeper.com/CC/venv/lib64/python3.9/site-packages/werkzeug/routing/map.py", line 629, in match
    raise NotFound() from None
werkzeug.exceptions.NotFound: 404 Not Found: The requested URL was not found on the server. If you entered the URL manually please check your spelling and try again.
2025-08-01 08:58:41 - error_handlers - ERROR - Error traceback: Traceback (most recent call last):
  File "/www/wwwroot/coinceeper.com/CC/venv/lib64/python3.9/site-packages/flask/app.py", line 917, in full_dispatch_request
    rv = self.dispatch_request()
  File "/www/wwwroot/coinceeper.com/CC/venv/lib64/python3.9/site-packages/flask/app.py", line 891, in dispatch_request
    self.raise_routing_exception(req)
  File "/www/wwwroot/coinceeper.com/CC/venv/lib64/python3.9/site-packages/flask/app.py", line 500, in raise_routing_exception
    raise request.routing_exception  # type: ignore[misc]
  File "/www/wwwroot/coinceeper.com/CC/venv/lib64/python3.9/site-packages/flask/ctx.py", line 362, in match_request
    result = self.url_adapter.match(return_rule=True)  # type: ignore
  File "/www/wwwroot/coinceeper.com/CC/venv/lib64/python3.9/site-packages/werkzeug/routing/map.py", line 629, in match
    raise NotFound() from None
werkzeug.exceptions.NotFound: 404 Not Found: The requested URL was not found on the server. If you entered the URL manually please check your spelling and try again.

2025-08-01 08:58:42 - error_handlers - ERROR - Unexpected error: 404 Not Found: The requested URL was not found on the server. If you entered the URL manually please check your spelling and try again.
Traceback (most recent call last):
  File "/www/wwwroot/coinceeper.com/CC/venv/lib64/python3.9/site-packages/flask/app.py", line 917, in full_dispatch_request
    rv = self.dispatch_request()
  File "/www/wwwroot/coinceeper.com/CC/venv/lib64/python3.9/site-packages/flask/app.py", line 891, in dispatch_request
    self.raise_routing_exception(req)
  File "/www/wwwroot/coinceeper.com/CC/venv/lib64/python3.9/site-packages/flask/app.py", line 500, in raise_routing_exception
    raise request.routing_exception  # type: ignore[misc]
  File "/www/wwwroot/coinceeper.com/CC/venv/lib64/python3.9/site-packages/flask/ctx.py", line 362, in match_request
    result = self.url_adapter.match(return_rule=True)  # type: ignore
  File "/www/wwwroot/coinceeper.com/CC/venv/lib64/python3.9/site-packages/werkzeug/routing/map.py", line 629, in match
    raise NotFound() from None
werkzeug.exceptions.NotFound: 404 Not Found: The requested URL was not found on the server. If you entered the URL manually please check your spelling and try again.
2025-08-01 08:58:42 - error_handlers - ERROR - Error traceback: Traceback (most recent call last):
  File "/www/wwwroot/coinceeper.com/CC/venv/lib64/python3.9/site-packages/flask/app.py", line 917, in full_dispatch_request
    rv = self.dispatch_request()
  File "/www/wwwroot/coinceeper.com/CC/venv/lib64/python3.9/site-packages/flask/app.py", line 891, in dispatch_request
    self.raise_routing_exception(req)
  File "/www/wwwroot/coinceeper.com/CC/venv/lib64/python3.9/site-packages/flask/app.py", line 500, in raise_routing_exception
    raise request.routing_exception  # type: ignore[misc]
  File "/www/wwwroot/coinceeper.com/CC/venv/lib64/python3.9/site-packages/flask/ctx.py", line 362, in match_request
    result = self.url_adapter.match(return_rule=True)  # type: ignore
  File "/www/wwwroot/coinceeper.com/CC/venv/lib64/python3.9/site-packages/werkzeug/routing/map.py", line 629, in match
    raise NotFound() from None
werkzeug.exceptions.NotFound: 404 Not Found: The requested URL was not found on the server. If you entered the URL manually please check your spelling and try again.

2025-08-01 08:58:42 - error_handlers - ERROR - Unexpected error: 404 Not Found: The requested URL was not found on the server. If you entered the URL manually please check your spelling and try again.
Traceback (most recent call last):
  File "/www/wwwroot/coinceeper.com/CC/venv/lib64/python3.9/site-packages/flask/app.py", line 917, in full_dispatch_request
    rv = self.dispatch_request()
  File "/www/wwwroot/coinceeper.com/CC/venv/lib64/python3.9/site-packages/flask/app.py", line 891, in dispatch_request
    self.raise_routing_exception(req)
  File "/www/wwwroot/coinceeper.com/CC/venv/lib64/python3.9/site-packages/flask/app.py", line 500, in raise_routing_exception
    raise request.routing_exception  # type: ignore[misc]
  File "/www/wwwroot/coinceeper.com/CC/venv/lib64/python3.9/site-packages/flask/ctx.py", line 362, in match_request
    result = self.url_adapter.match(return_rule=True)  # type: ignore
  File "/www/wwwroot/coinceeper.com/CC/venv/lib64/python3.9/site-packages/werkzeug/routing/map.py", line 629, in match
    raise NotFound() from None
werkzeug.exceptions.NotFound: 404 Not Found: The requested URL was not found on the server. If you entered the URL manually please check your spelling and try again.
2025-08-01 08:58:42 - error_handlers - ERROR - Error traceback: Traceback (most recent call last):
  File "/www/wwwroot/coinceeper.com/CC/venv/lib64/python3.9/site-packages/flask/app.py", line 917, in full_dispatch_request
    rv = self.dispatch_request()
  File "/www/wwwroot/coinceeper.com/CC/venv/lib64/python3.9/site-packages/flask/app.py", line 891, in dispatch_request
    self.raise_routing_exception(req)
  File "/www/wwwroot/coinceeper.com/CC/venv/lib64/python3.9/site-packages/flask/app.py", line 500, in raise_routing_exception
    raise request.routing_exception  # type: ignore[misc]
  File "/www/wwwroot/coinceeper.com/CC/venv/lib64/python3.9/site-packages/flask/ctx.py", line 362, in match_request
    result = self.url_adapter.match(return_rule=True)  # type: ignore
  File "/www/wwwroot/coinceeper.com/CC/venv/lib64/python3.9/site-packages/werkzeug/routing/map.py", line 629, in match
    raise NotFound() from None
werkzeug.exceptions.NotFound: 404 Not Found: The requested URL was not found on the server. If you entered the URL manually please check your spelling and try again.

2025-08-01 08:58:42 - error_handlers - ERROR - Unexpected error: 404 Not Found: The requested URL was not found on the server. If you entered the URL manually please check your spelling and try again.
Traceback (most recent call last):
  File "/www/wwwroot/coinceeper.com/CC/venv/lib64/python3.9/site-packages/flask/app.py", line 917, in full_dispatch_request
    rv = self.dispatch_request()
  File "/www/wwwroot/coinceeper.com/CC/venv/lib64/python3.9/site-packages/flask/app.py", line 891, in dispatch_request
    self.raise_routing_exception(req)
  File "/www/wwwroot/coinceeper.com/CC/venv/lib64/python3.9/site-packages/flask/app.py", line 500, in raise_routing_exception
    raise request.routing_exception  # type: ignore[misc]
  File "/www/wwwroot/coinceeper.com/CC/venv/lib64/python3.9/site-packages/flask/ctx.py", line 362, in match_request
    result = self.url_adapter.match(return_rule=True)  # type: ignore
  File "/www/wwwroot/coinceeper.com/CC/venv/lib64/python3.9/site-packages/werkzeug/routing/map.py", line 629, in match
    raise NotFound() from None
werkzeug.exceptions.NotFound: 404 Not Found: The requested URL was not found on the server. If you entered the URL manually please check your spelling and try again.
2025-08-01 08:58:42 - error_handlers - ERROR - Error traceback: Traceback (most recent call last):
  File "/www/wwwroot/coinceeper.com/CC/venv/lib64/python3.9/site-packages/flask/app.py", line 917, in full_dispatch_request
    rv = self.dispatch_request()
  File "/www/wwwroot/coinceeper.com/CC/venv/lib64/python3.9/site-packages/flask/app.py", line 891, in dispatch_request
    self.raise_routing_exception(req)
  File "/www/wwwroot/coinceeper.com/CC/venv/lib64/python3.9/site-packages/flask/app.py", line 500, in raise_routing_exception
    raise request.routing_exception  # type: ignore[misc]
  File "/www/wwwroot/coinceeper.com/CC/venv/lib64/python3.9/site-packages/flask/ctx.py", line 362, in match_request
    result = self.url_adapter.match(return_rule=True)  # type: ignore
  File "/www/wwwroot/coinceeper.com/CC/venv/lib64/python3.9/site-packages/werkzeug/routing/map.py", line 629, in match
    raise NotFound() from None
werkzeug.exceptions.NotFound: 404 Not Found: The requested URL was not found on the server. If you entered the URL manually please check your spelling and try again.

2025-08-01 08:58:42 - error_handlers - ERROR - Unexpected error: 404 Not Found: The requested URL was not found on the server. If you entered the URL manually please check your spelling and try again.
Traceback (most recent call last):
  File "/www/wwwroot/coinceeper.com/CC/venv/lib64/python3.9/site-packages/flask/app.py", line 917, in full_dispatch_request
    rv = self.dispatch_request()
  File "/www/wwwroot/coinceeper.com/CC/venv/lib64/python3.9/site-packages/flask/app.py", line 891, in dispatch_request
    self.raise_routing_exception(req)
  File "/www/wwwroot/coinceeper.com/CC/venv/lib64/python3.9/site-packages/flask/app.py", line 500, in raise_routing_exception
    raise request.routing_exception  # type: ignore[misc]
  File "/www/wwwroot/coinceeper.com/CC/venv/lib64/python3.9/site-packages/flask/ctx.py", line 362, in match_request
    result = self.url_adapter.match(return_rule=True)  # type: ignore
  File "/www/wwwroot/coinceeper.com/CC/venv/lib64/python3.9/site-packages/werkzeug/routing/map.py", line 629, in match
    raise NotFound() from None
werkzeug.exceptions.NotFound: 404 Not Found: The requested URL was not found on the server. If you entered the URL manually please check your spelling and try again.
2025-08-01 08:58:42 - error_handlers - ERROR - Error traceback: Traceback (most recent call last):
  File "/www/wwwroot/coinceeper.com/CC/venv/lib64/python3.9/site-packages/flask/app.py", line 917, in full_dispatch_request
    rv = self.dispatch_request()
  File "/www/wwwroot/coinceeper.com/CC/venv/lib64/python3.9/site-packages/flask/app.py", line 891, in dispatch_request
    self.raise_routing_exception(req)
  File "/www/wwwroot/coinceeper.com/CC/venv/lib64/python3.9/site-packages/flask/app.py", line 500, in raise_routing_exception
    raise request.routing_exception  # type: ignore[misc]
  File "/www/wwwroot/coinceeper.com/CC/venv/lib64/python3.9/site-packages/flask/ctx.py", line 362, in match_request
    result = self.url_adapter.match(return_rule=True)  # type: ignore
  File "/www/wwwroot/coinceeper.com/CC/venv/lib64/python3.9/site-packages/werkzeug/routing/map.py", line 629, in match
    raise NotFound() from None
werkzeug.exceptions.NotFound: 404 Not Found: The requested URL was not found on the server. If you entered the URL manually please check your spelling and try again.

2025-08-01 08:58:43 - error_handlers - ERROR - Unexpected error: 404 Not Found: The requested URL was not found on the server. If you entered the URL manually please check your spelling and try again.
Traceback (most recent call last):
  File "/www/wwwroot/coinceeper.com/CC/venv/lib64/python3.9/site-packages/flask/app.py", line 917, in full_dispatch_request
    rv = self.dispatch_request()
  File "/www/wwwroot/coinceeper.com/CC/venv/lib64/python3.9/site-packages/flask/app.py", line 891, in dispatch_request
    self.raise_routing_exception(req)
  File "/www/wwwroot/coinceeper.com/CC/venv/lib64/python3.9/site-packages/flask/app.py", line 500, in raise_routing_exception
    raise request.routing_exception  # type: ignore[misc]
  File "/www/wwwroot/coinceeper.com/CC/venv/lib64/python3.9/site-packages/flask/ctx.py", line 362, in match_request
    result = self.url_adapter.match(return_rule=True)  # type: ignore
  File "/www/wwwroot/coinceeper.com/CC/venv/lib64/python3.9/site-packages/werkzeug/routing/map.py", line 629, in match
    raise NotFound() from None
werkzeug.exceptions.NotFound: 404 Not Found: The requested URL was not found on the server. If you entered the URL manually please check your spelling and try again.
2025-08-01 08:58:43 - error_handlers - ERROR - Error traceback: Traceback (most recent call last):
  File "/www/wwwroot/coinceeper.com/CC/venv/lib64/python3.9/site-packages/flask/app.py", line 917, in full_dispatch_request
    rv = self.dispatch_request()
  File "/www/wwwroot/coinceeper.com/CC/venv/lib64/python3.9/site-packages/flask/app.py", line 891, in dispatch_request
    self.raise_routing_exception(req)
  File "/www/wwwroot/coinceeper.com/CC/venv/lib64/python3.9/site-packages/flask/app.py", line 500, in raise_routing_exception
    raise request.routing_exception  # type: ignore[misc]
  File "/www/wwwroot/coinceeper.com/CC/venv/lib64/python3.9/site-packages/flask/ctx.py", line 362, in match_request
    result = self.url_adapter.match(return_rule=True)  # type: ignore
  File "/www/wwwroot/coinceeper.com/CC/venv/lib64/python3.9/site-packages/werkzeug/routing/map.py", line 629, in match
    raise NotFound() from None
werkzeug.exceptions.NotFound: 404 Not Found: The requested URL was not found on the server. If you entered the URL manually please check your spelling and try again.

2025-08-01 09:00:48 - error_handlers - ERROR - Unexpected error: 404 Not Found: The requested URL was not found on the server. If you entered the URL manually please check your spelling and try again.
Traceback (most recent call last):
  File "/www/wwwroot/coinceeper.com/CC/venv/lib64/python3.9/site-packages/flask/app.py", line 917, in full_dispatch_request
    rv = self.dispatch_request()
  File "/www/wwwroot/coinceeper.com/CC/venv/lib64/python3.9/site-packages/flask/app.py", line 891, in dispatch_request
    self.raise_routing_exception(req)
  File "/www/wwwroot/coinceeper.com/CC/venv/lib64/python3.9/site-packages/flask/app.py", line 500, in raise_routing_exception
    raise request.routing_exception  # type: ignore[misc]
  File "/www/wwwroot/coinceeper.com/CC/venv/lib64/python3.9/site-packages/flask/ctx.py", line 362, in match_request
    result = self.url_adapter.match(return_rule=True)  # type: ignore
  File "/www/wwwroot/coinceeper.com/CC/venv/lib64/python3.9/site-packages/werkzeug/routing/map.py", line 629, in match
    raise NotFound() from None
werkzeug.exceptions.NotFound: 404 Not Found: The requested URL was not found on the server. If you entered the URL manually please check your spelling and try again.
2025-08-01 09:00:48 - error_handlers - ERROR - Error traceback: Traceback (most recent call last):
  File "/www/wwwroot/coinceeper.com/CC/venv/lib64/python3.9/site-packages/flask/app.py", line 917, in full_dispatch_request
    rv = self.dispatch_request()
  File "/www/wwwroot/coinceeper.com/CC/venv/lib64/python3.9/site-packages/flask/app.py", line 891, in dispatch_request
    self.raise_routing_exception(req)
  File "/www/wwwroot/coinceeper.com/CC/venv/lib64/python3.9/site-packages/flask/app.py", line 500, in raise_routing_exception
    raise request.routing_exception  # type: ignore[misc]
  File "/www/wwwroot/coinceeper.com/CC/venv/lib64/python3.9/site-packages/flask/ctx.py", line 362, in match_request
    result = self.url_adapter.match(return_rule=True)  # type: ignore
  File "/www/wwwroot/coinceeper.com/CC/venv/lib64/python3.9/site-packages/werkzeug/routing/map.py", line 629, in match
    raise NotFound() from None
werkzeug.exceptions.NotFound: 404 Not Found: The requested URL was not found on the server. If you entered the URL manually please check your spelling and try again.

2025-08-01 09:26:37 - error_handlers - ERROR - Unexpected error: 404 Not Found: The requested URL was not found on the server. If you entered the URL manually please check your spelling and try again.
Traceback (most recent call last):
  File "/www/wwwroot/coinceeper.com/CC/venv/lib64/python3.9/site-packages/flask/app.py", line 917, in full_dispatch_request
    rv = self.dispatch_request()
  File "/www/wwwroot/coinceeper.com/CC/venv/lib64/python3.9/site-packages/flask/app.py", line 891, in dispatch_request
    self.raise_routing_exception(req)
  File "/www/wwwroot/coinceeper.com/CC/venv/lib64/python3.9/site-packages/flask/app.py", line 500, in raise_routing_exception
    raise request.routing_exception  # type: ignore[misc]
  File "/www/wwwroot/coinceeper.com/CC/venv/lib64/python3.9/site-packages/flask/ctx.py", line 362, in match_request
    result = self.url_adapter.match(return_rule=True)  # type: ignore
  File "/www/wwwroot/coinceeper.com/CC/venv/lib64/python3.9/site-packages/werkzeug/routing/map.py", line 629, in match
    raise NotFound() from None
werkzeug.exceptions.NotFound: 404 Not Found: The requested URL was not found on the server. If you entered the URL manually please check your spelling and try again.
2025-08-01 09:26:37 - error_handlers - ERROR - Error traceback: Traceback (most recent call last):
  File "/www/wwwroot/coinceeper.com/CC/venv/lib64/python3.9/site-packages/flask/app.py", line 917, in full_dispatch_request
    rv = self.dispatch_request()
  File "/www/wwwroot/coinceeper.com/CC/venv/lib64/python3.9/site-packages/flask/app.py", line 891, in dispatch_request
    self.raise_routing_exception(req)
  File "/www/wwwroot/coinceeper.com/CC/venv/lib64/python3.9/site-packages/flask/app.py", line 500, in raise_routing_exception
    raise request.routing_exception  # type: ignore[misc]
  File "/www/wwwroot/coinceeper.com/CC/venv/lib64/python3.9/site-packages/flask/ctx.py", line 362, in match_request
    result = self.url_adapter.match(return_rule=True)  # type: ignore
  File "/www/wwwroot/coinceeper.com/CC/venv/lib64/python3.9/site-packages/werkzeug/routing/map.py", line 629, in match
    raise NotFound() from None
werkzeug.exceptions.NotFound: 404 Not Found: The requested URL was not found on the server. If you entered the URL manually please check your spelling and try again.

2025-08-01 09:38:02 - error_handlers - ERROR - Unexpected error: 404 Not Found: The requested URL was not found on the server. If you entered the URL manually please check your spelling and try again.
Traceback (most recent call last):
  File "/www/wwwroot/coinceeper.com/CC/venv/lib64/python3.9/site-packages/flask/app.py", line 917, in full_dispatch_request
    rv = self.dispatch_request()
  File "/www/wwwroot/coinceeper.com/CC/venv/lib64/python3.9/site-packages/flask/app.py", line 891, in dispatch_request
    self.raise_routing_exception(req)
  File "/www/wwwroot/coinceeper.com/CC/venv/lib64/python3.9/site-packages/flask/app.py", line 500, in raise_routing_exception
    raise request.routing_exception  # type: ignore[misc]
  File "/www/wwwroot/coinceeper.com/CC/venv/lib64/python3.9/site-packages/flask/ctx.py", line 362, in match_request
    result = self.url_adapter.match(return_rule=True)  # type: ignore
  File "/www/wwwroot/coinceeper.com/CC/venv/lib64/python3.9/site-packages/werkzeug/routing/map.py", line 629, in match
    raise NotFound() from None
werkzeug.exceptions.NotFound: 404 Not Found: The requested URL was not found on the server. If you entered the URL manually please check your spelling and try again.
2025-08-01 09:38:02 - error_handlers - ERROR - Error traceback: Traceback (most recent call last):
  File "/www/wwwroot/coinceeper.com/CC/venv/lib64/python3.9/site-packages/flask/app.py", line 917, in full_dispatch_request
    rv = self.dispatch_request()
  File "/www/wwwroot/coinceeper.com/CC/venv/lib64/python3.9/site-packages/flask/app.py", line 891, in dispatch_request
    self.raise_routing_exception(req)
  File "/www/wwwroot/coinceeper.com/CC/venv/lib64/python3.9/site-packages/flask/app.py", line 500, in raise_routing_exception
    raise request.routing_exception  # type: ignore[misc]
  File "/www/wwwroot/coinceeper.com/CC/venv/lib64/python3.9/site-packages/flask/ctx.py", line 362, in match_request
    result = self.url_adapter.match(return_rule=True)  # type: ignore
  File "/www/wwwroot/coinceeper.com/CC/venv/lib64/python3.9/site-packages/werkzeug/routing/map.py", line 629, in match
    raise NotFound() from None
werkzeug.exceptions.NotFound: 404 Not Found: The requested URL was not found on the server. If you entered the URL manually please check your spelling and try again.

2025-08-01 09:38:03 - error_handlers - ERROR - Unexpected error: 404 Not Found: The requested URL was not found on the server. If you entered the URL manually please check your spelling and try again.
Traceback (most recent call last):
  File "/www/wwwroot/coinceeper.com/CC/venv/lib64/python3.9/site-packages/flask/app.py", line 917, in full_dispatch_request
    rv = self.dispatch_request()
  File "/www/wwwroot/coinceeper.com/CC/venv/lib64/python3.9/site-packages/flask/app.py", line 891, in dispatch_request
    self.raise_routing_exception(req)
  File "/www/wwwroot/coinceeper.com/CC/venv/lib64/python3.9/site-packages/flask/app.py", line 500, in raise_routing_exception
    raise request.routing_exception  # type: ignore[misc]
  File "/www/wwwroot/coinceeper.com/CC/venv/lib64/python3.9/site-packages/flask/ctx.py", line 362, in match_request
    result = self.url_adapter.match(return_rule=True)  # type: ignore
  File "/www/wwwroot/coinceeper.com/CC/venv/lib64/python3.9/site-packages/werkzeug/routing/map.py", line 629, in match
    raise NotFound() from None
werkzeug.exceptions.NotFound: 404 Not Found: The requested URL was not found on the server. If you entered the URL manually please check your spelling and try again.
2025-08-01 09:38:03 - error_handlers - ERROR - Error traceback: Traceback (most recent call last):
  File "/www/wwwroot/coinceeper.com/CC/venv/lib64/python3.9/site-packages/flask/app.py", line 917, in full_dispatch_request
    rv = self.dispatch_request()
  File "/www/wwwroot/coinceeper.com/CC/venv/lib64/python3.9/site-packages/flask/app.py", line 891, in dispatch_request
    self.raise_routing_exception(req)
  File "/www/wwwroot/coinceeper.com/CC/venv/lib64/python3.9/site-packages/flask/app.py", line 500, in raise_routing_exception
    raise request.routing_exception  # type: ignore[misc]
  File "/www/wwwroot/coinceeper.com/CC/venv/lib64/python3.9/site-packages/flask/ctx.py", line 362, in match_request
    result = self.url_adapter.match(return_rule=True)  # type: ignore
  File "/www/wwwroot/coinceeper.com/CC/venv/lib64/python3.9/site-packages/werkzeug/routing/map.py", line 629, in match
    raise NotFound() from None
werkzeug.exceptions.NotFound: 404 Not Found: The requested URL was not found on the server. If you entered the URL manually please check your spelling and try again.

2025-08-01 10:24:25 - error_handlers - ERROR - Unexpected error: 404 Not Found: The requested URL was not found on the server. If you entered the URL manually please check your spelling and try again.
Traceback (most recent call last):
  File "/www/wwwroot/coinceeper.com/CC/venv/lib64/python3.9/site-packages/flask/app.py", line 917, in full_dispatch_request
    rv = self.dispatch_request()
  File "/www/wwwroot/coinceeper.com/CC/venv/lib64/python3.9/site-packages/flask/app.py", line 891, in dispatch_request
    self.raise_routing_exception(req)
  File "/www/wwwroot/coinceeper.com/CC/venv/lib64/python3.9/site-packages/flask/app.py", line 500, in raise_routing_exception
    raise request.routing_exception  # type: ignore[misc]
  File "/www/wwwroot/coinceeper.com/CC/venv/lib64/python3.9/site-packages/flask/ctx.py", line 362, in match_request
    result = self.url_adapter.match(return_rule=True)  # type: ignore
  File "/www/wwwroot/coinceeper.com/CC/venv/lib64/python3.9/site-packages/werkzeug/routing/map.py", line 629, in match
    raise NotFound() from None
werkzeug.exceptions.NotFound: 404 Not Found: The requested URL was not found on the server. If you entered the URL manually please check your spelling and try again.
2025-08-01 10:24:25 - error_handlers - ERROR - Error traceback: Traceback (most recent call last):
  File "/www/wwwroot/coinceeper.com/CC/venv/lib64/python3.9/site-packages/flask/app.py", line 917, in full_dispatch_request
    rv = self.dispatch_request()
  File "/www/wwwroot/coinceeper.com/CC/venv/lib64/python3.9/site-packages/flask/app.py", line 891, in dispatch_request
    self.raise_routing_exception(req)
  File "/www/wwwroot/coinceeper.com/CC/venv/lib64/python3.9/site-packages/flask/app.py", line 500, in raise_routing_exception
    raise request.routing_exception  # type: ignore[misc]
  File "/www/wwwroot/coinceeper.com/CC/venv/lib64/python3.9/site-packages/flask/ctx.py", line 362, in match_request
    result = self.url_adapter.match(return_rule=True)  # type: ignore
  File "/www/wwwroot/coinceeper.com/CC/venv/lib64/python3.9/site-packages/werkzeug/routing/map.py", line 629, in match
    raise NotFound() from None
werkzeug.exceptions.NotFound: 404 Not Found: The requested URL was not found on the server. If you entered the URL manually please check your spelling and try again.

